# https://github.com/mikedh/trimesh
v 0.42388198 -0.47260585 -0.88345557
v 0.42840022 -0.45737550 -0.85447419
v 0.42953825 -0.44334829 -0.84717453
v 0.42968449 -0.42966017 -0.84623653
v 0.42823151 -0.41646859 -0.85555619
v 0.42626065 -0.40340224 -0.86819834
v 0.42625335 -0.38965026 -0.86754483
v 0.42499778 -0.37640437 -0.87629890
v 0.42420018 -0.36275318 -0.88101530
v 0.41011605 -0.48645031 -0.88301307
v 0.41521630 -0.47098437 -0.85062939
v 0.41783285 -0.45645434 -0.83401537
v 0.41933432 -0.44233987 -0.82448202
v 0.41946015 -0.42868966 -0.82368290
v 0.41870493 -0.41531128 -0.82847822
v 0.41648382 -0.40235108 -0.84258127
v 0.41569158 -0.38893834 -0.84761167
v 0.41558352 -0.37532115 -0.84829777
v 0.41501960 -0.36182284 -0.85187846
v 0.41368401 -0.34851044 -0.86035883
v 0.41142648 -0.33539754 -0.87469250
v 0.39444599 -0.50098974 -0.89448720
v 0.40070713 -0.48505834 -0.85513085
v 0.40374428 -0.47035503 -0.83603996
v 0.40580696 -0.45603585 -0.82307434
v 0.40735641 -0.44192311 -0.81333476
v 0.40796736 -0.42813447 -0.80949420
v 0.40719095 -0.41477787 -0.81437474
v 0.40575382 -0.40159932 -0.82340825
v 0.40441728 -0.38836378 -0.83180946
v 0.40416786 -0.37480506 -0.83337736
v 0.40391237 -0.36124295 -0.83498329
v 0.40314195 -0.34780613 -0.83982629
v 0.40162054 -0.33453655 -0.84938926
v 0.39866385 -0.32157147 -0.86797452
v 0.37944105 -0.51531339 -0.90153360
v 0.38628757 -0.49911568 -0.85892504
v 0.38944939 -0.48433816 -0.83924788
v 0.39215684 -0.46977687 -0.82239836
v 0.39369276 -0.45565441 -0.81283975
v 0.39468411 -0.44173607 -0.80666995
v 0.39528292 -0.42795888 -0.80294371
v 0.39519924 -0.41439795 -0.80346441
v 0.39428687 -0.40107566 -0.80914241
v 0.39317396 -0.38779163 -0.81606853
v 0.39244333 -0.37435207 -0.82053530
v 0.39181602 -0.36093178 -0.82451898
v 0.39109987 -0.34749120 -0.82897586
v 0.38983557 -0.33416855 -0.83684444
v 0.38808024 -0.32093444 -0.84776837
v 0.38457996 -0.30805168 -0.86955208
v 0.37120613 -0.51342851 -0.86666352
v 0.37583947 -0.49809080 -0.83811235
v 0.37878558 -0.48342636 -0.81995791
v 0.38050753 -0.46923038 -0.80934697
v 0.38188025 -0.45518187 -0.80088812
v 0.38243854 -0.44141763 -0.79744756
v 0.38249108 -0.42781946 -0.79712391
v 0.38242161 -0.41425851 -0.79755187
v 0.38237470 -0.40068978 -0.79784113
v 0.38160580 -0.38732040 -0.80257916
v 0.38048109 -0.37403134 -0.80950993
v 0.37952170 -0.36067763 -0.81542164
v 0.37880057 -0.34724617 -0.81986541
v 0.37767592 -0.33389691 -0.82679564
v 0.37601617 -0.32064819 -0.83702344
v 0.37411788 -0.30741936 -0.84872091
v 0.37092170 -0.29442525 -0.86841631
v 0.36080572 -0.51236224 -0.84562778
v 0.36471409 -0.49732357 -0.82177889
v 0.36694160 -0.48293570 -0.80818635
v 0.36901733 -0.46864131 -0.79551995
v 0.36954212 -0.45488799 -0.79231775
v 0.36985049 -0.44121256 -0.79043609
v 0.36973423 -0.42767212 -0.79114550
v 0.36947519 -0.41417140 -0.79272610
v 0.36946568 -0.40059471 -0.79278421
v 0.36910254 -0.38711506 -0.79500014
v 0.36835855 -0.37372935 -0.79954010
v 0.36722907 -0.36042783 -0.80643219
v 0.36645204 -0.34701785 -0.81117368
v 0.36527565 -0.33368725 -0.81835210
v 0.36397359 -0.32036248 -0.82629758
v 0.36221337 -0.30711192 -0.83703834
v 0.36007288 -0.29390630 -0.85009968
v 0.35649598 -0.28094333 -0.87192637
v 0.34665087 -0.51266080 -0.84762830
v 0.35241026 -0.49698156 -0.81282395
v 0.35470083 -0.48258874 -0.79898143
v 0.35617951 -0.46850732 -0.79004574
v 0.35689569 -0.45469820 -0.78571790
v 0.35707688 -0.44106892 -0.78462303
v 0.35681561 -0.42757618 -0.78620183
v 0.35655427 -0.41407847 -0.78778118
v 0.35651556 -0.40051302 -0.78801495
v 0.35602754 -0.38706920 -0.79096419
v 0.35546762 -0.37363490 -0.79434782
v 0.35490730 -0.36019006 -0.79773408
v 0.35410967 -0.34679225 -0.80255401
v 0.35294166 -0.33346599 -0.80961263
v 0.35182661 -0.32010549 -0.81635100
v 0.35019040 -0.30683565 -0.82623875
v 0.34824941 -0.29359719 -0.83796811
v 0.34566408 -0.28044784 -0.85359156
v 0.33925521 -0.26796138 -0.89232117
v 0.32965854 -0.51396108 -0.86651564
v 0.33765706 -0.49749199 -0.81864214
v 0.34090784 -0.48276979 -0.79918575
v 0.34252968 -0.46864104 -0.78947872
v 0.34325087 -0.45482859 -0.78516227
v 0.34327611 -0.44124383 -0.78501117
v 0.34390280 -0.42748025 -0.78126031
v 0.34363914 -0.41398558 -0.78283840
v 0.34343949 -0.40046802 -0.78403330
v 0.34295565 -0.38702336 -0.78692919
v 0.34239066 -0.37359065 -0.79031086
v 0.34182522 -0.36014736 -0.79369515
v 0.34150127 -0.34663507 -0.79563409
v 0.34077248 -0.33321056 -0.79999614
v 0.33964875 -0.31986007 -0.80672181
v 0.33814624 -0.30656901 -0.81571466
v 0.33640203 -0.29329869 -0.82615417
v 0.33398914 -0.28012508 -0.84059578
v 0.32932085 -0.26732209 -0.86853689
v 0.32018080 -0.49892542 -0.84043658
v 0.32542935 -0.48350871 -0.80932099
v 0.32757583 -0.46919420 -0.79659569
v 0.32875958 -0.45522249 -0.78957802
v 0.32912061 -0.44152370 -0.78743774
v 0.32960868 -0.42779419 -0.78454441
v 0.33052385 -0.41395161 -0.77911878
v 0.33035973 -0.40042484 -0.78009176
v 0.32987660 -0.38698027 -0.78295594
v 0.32931679 -0.37354639 -0.78627479
v 0.32894149 -0.36005613 -0.78849965
v 0.32876852 -0.34651050 -0.78952497
v 0.32844967 -0.33299512 -0.79141527
v 0.32748953 -0.31961510 -0.79710740
v 0.32608199 -0.30631149 -0.80545205
v 0.32438189 -0.29304045 -0.81553096
v 0.32228765 -0.27981329 -0.82794625
v 0.31784371 -0.26697662 -0.85429215
v 0.49156538 -0.71117449 0.24734873
v 0.49674204 -0.69640750 0.27774921
v 0.49674201 -0.68450308 0.27774906
v 0.49543133 -0.67328691 0.27005193
v 0.49389637 -0.66216207 0.26103771
v 0.49216688 -0.65110725 0.25088117
v 0.49079394 -0.63984299 0.24281816
v 0.48599485 -0.63022488 0.21463476
v 0.48416942 -0.61909431 0.20391494
v 0.30457708 -0.49969757 -0.85076708
v 0.30886707 -0.48455560 -0.82514238
v 0.31211218 -0.46990085 -0.80651587
v 0.31329530 -0.45591220 -0.79956794
v 0.31449136 -0.44194159 -0.79254389
v 0.31476057 -0.42826459 -0.79096311
v 0.31601965 -0.41431201 -0.78356910
v 0.31665024 -0.40055510 -0.77986574
v 0.31679535 -0.38693854 -0.77901369
v 0.31639379 -0.37346441 -0.78137207
v 0.31621939 -0.35992679 -0.78239602
v 0.31604496 -0.34638599 -0.78342026
v 0.31576449 -0.33286607 -0.78506750
v 0.31534892 -0.31937045 -0.78750771
v 0.31403798 -0.30605438 -0.79520655
v 0.31232521 -0.29279420 -0.80526501
v 0.31071106 -0.27948341 -0.81474447
v 0.30637532 -0.26663581 -0.84020650
v 0.30202261 -0.25371057 -0.86576849
v 0.48704794 -0.71915042 0.29152226
v 0.49053037 -0.70535523 0.31178269
v 0.49027997 -0.69357383 0.30975315
v 0.48881936 -0.68255204 0.30182803
v 0.48776579 -0.67122978 0.29569858
v 0.48605156 -0.66022593 0.28572533
v 0.48487061 -0.64892274 0.27885473
v 0.48405385 -0.63741839 0.27410302
v 0.48323607 -0.62589943 0.26934531
v 0.48186448 -0.61462808 0.26136577
v 0.48062176 -0.60327160 0.25413564
v 0.47686151 -0.59303993 0.23225905
v 0.29039448 -0.49997810 -0.85258013
v 0.29418325 -0.48504129 -0.83053750
v 0.29677290 -0.47055522 -0.81547099
v 0.29842144 -0.45640731 -0.80588013
v 0.29923546 -0.44253957 -0.80114454
v 0.29995048 -0.42871550 -0.79698431
v 0.30075866 -0.41487849 -0.79228276
v 0.30220392 -0.40088320 -0.78387439
v 0.30251637 -0.38721195 -0.78205657
v 0.30344117 -0.37339133 -0.77667636
v 0.30350637 -0.35979754 -0.77629673
v 0.30333054 -0.34626156 -0.77731991
v 0.30308905 -0.33273715 -0.77872473
v 0.30269673 -0.31924096 -0.78100711
v 0.30201417 -0.30579770 -0.78497827
v 0.30054432 -0.29249775 -0.79352969
v 0.29926836 -0.27913412 -0.80095297
v 0.29799023 -0.26574740 -0.80838913
v 0.29088783 -0.25332949 -0.84970969
v 0.47729674 -0.78935522 0.30476040
v 0.47915965 -0.77637136 0.31549808
v 0.47978342 -0.76415110 0.31909359
v 0.48005214 -0.75214797 0.32064259
v 0.48014891 -0.74024796 0.32120031
v 0.48017672 -0.72816324 0.32181641
v 0.47988468 -0.71608394 0.32148755
v 0.48000205 -0.70479578 0.32035398
v 0.47983864 -0.69303775 0.31941193
v 0.47948572 -0.68137622 0.31737781
v 0.47845721 -0.67005670 0.31144923
v 0.47731575 -0.65877557 0.30486983
v 0.47630817 -0.64740700 0.29906201
v 0.47529903 -0.63602084 0.29324517
v 0.47417566 -0.62467092 0.28677005
v 0.47285828 -0.61339176 0.27917656
v 0.47153819 -0.60208976 0.27156773
v 0.46949562 -0.59109008 0.25979441
v 0.46533385 -0.58099139 0.23580556
v 0.27189842 -0.50224054 -0.88281828
v 0.27965349 -0.48543277 -0.83446550
v 0.28204966 -0.47100404 -0.82065409
v 0.28364602 -0.45686355 -0.81145257
v 0.28397059 -0.44312957 -0.80958152
v 0.28531447 -0.42910835 -0.80183524
v 0.28594047 -0.41531155 -0.79822689
v 0.28685579 -0.40144834 -0.79295123
v 0.28792441 -0.38756192 -0.78679162
v 0.28926221 -0.37362742 -0.77908051
v 0.29024902 -0.35980225 -0.77339238
v 0.29062524 -0.34613726 -0.77122396
v 0.29042348 -0.33260837 -0.77238685
v 0.29002795 -0.31911737 -0.77466673
v 0.28955790 -0.30563441 -0.77737600
v 0.28889459 -0.29218087 -0.78119934
v 0.28785425 -0.27878574 -0.78719586
v 0.28656784 -0.26541540 -0.79461086
v 0.28527921 -0.25202197 -0.80203867
v 0.46551499 -0.80135250 0.30620709
v 0.46705624 -0.78855336 0.31500936
v 0.46799749 -0.77613759 0.32038525
v 0.46867010 -0.76389557 0.32422650
v 0.46936736 -0.75165164 0.32820880
v 0.46937722 -0.73952216 0.32883993
v 0.46925285 -0.72804135 0.32755458
v 0.46964216 -0.71599013 0.32977808
v 0.46996740 -0.70398051 0.33163568
v 0.46966472 -0.69230908 0.32990700
v 0.46937785 -0.68062395 0.32826880
v 0.46895680 -0.66900229 0.32586402
v 0.46810523 -0.65758914 0.32100049
v 0.46687877 -0.64634544 0.31399608
v 0.46586314 -0.63497764 0.30819541
v 0.46475711 -0.62363422 0.30187875
v 0.46318355 -0.61248869 0.29289177
v 0.46158364 -0.60132670 0.28375429
v 0.46025252 -0.59001541 0.27615201
v 0.45837843 -0.57891834 0.26544869
v 0.45380884 -0.56894571 0.23935123
v 0.44801667 -0.55940479 0.20627090
v 0.26636776 -0.47174409 -0.83116084
v 0.26734176 -0.45777512 -0.82559830
v 0.26805097 -0.44390172 -0.82154822
v 0.26843214 -0.43013453 -0.81937104
v 0.26979196 -0.41610420 -0.81160480
v 0.27191657 -0.40189433 -0.79947078
v 0.27327481 -0.38792056 -0.79171354
v 0.27487972 -0.37390998 -0.78254753
v 0.27625853 -0.35998267 -0.77467310
v 0.27705774 -0.34621403 -0.77010864
v 0.27775025 -0.33248350 -0.76615351
v 0.27729043 -0.31901050 -0.76877970
v 0.27678552 -0.30553839 -0.77166319
v 0.27628028 -0.29205716 -0.77454865
v 0.27569997 -0.27858075 -0.77786297
v 0.27463478 -0.26517940 -0.78394657
v 0.27356806 -0.25175902 -0.79003882
v 0.27249986 -0.23831956 -0.79613966
v 0.45328015 -0.81362975 0.30511150
v 0.45458180 -0.80096400 0.31247762
v 0.45570144 -0.78843009 0.31881389
v 0.45688081 -0.77588117 0.32548824
v 0.45791948 -0.76343471 0.33136651
v 0.45859042 -0.75086766 0.33585522
v 0.45841810 -0.73948288 0.33418831
v 0.45836243 -0.72768188 0.33387330
v 0.45878622 -0.71561968 0.33627161
v 0.45939398 -0.70346695 0.33971113
v 0.45998573 -0.69133353 0.34305984
v 0.45970806 -0.67965901 0.34148857
v 0.45939732 -0.66799629 0.33973008
v 0.45911199 -0.65616596 0.33782342
v 0.45797440 -0.64504594 0.33167732
v 0.45652157 -0.63390732 0.32345554
v 0.45543405 -0.62257069 0.31730080
v 0.45410973 -0.61132389 0.30980617
v 0.45270419 -0.60009009 0.30185199
v 0.45078504 -0.58905917 0.29099089
v 0.44897261 -0.57794732 0.28073397
v 0.44703668 -0.56685561 0.26977801
v 0.44238764 -0.55686069 0.24346782
v 0.46251070 -0.52487838 0.35734954
v 0.46386424 -0.51255530 0.36500967
v 0.46521729 -0.50025666 0.37266698
v 0.46678632 -0.48790196 0.38154638
v 0.46613359 -0.47638237 0.37785238
v 0.46458039 -0.46517009 0.36906236
v 0.46400046 -0.45359391 0.36578038
v 0.46511611 -0.44143698 0.37209412
v 0.46622989 -0.42930076 0.37839720
v 0.46592420 -0.41763639 0.37666735
v 0.46607190 -0.40582627 0.37750331
v 0.46495208 -0.39439967 0.37116572
v 0.46383029 -0.38295352 0.36481726
v 0.46290490 -0.37143177 0.35958025
v 0.46146876 -0.36003315 0.35145274
v 0.45973459 -0.34868759 0.34163859
v 0.45675430 -0.33762947 0.32477248
v 0.26029861 -0.37423661 -0.78702098
v 0.26184335 -0.36026087 -0.77827889
v 0.26308495 -0.34638217 -0.77125239
v 0.26392868 -0.33261317 -0.76647753
v 0.26458612 -0.31889856 -0.76275671
v 0.26420224 -0.30540586 -0.76492923
v 0.26354885 -0.29195824 -0.76862687
v 0.26300210 -0.27847931 -0.77172112
v 0.26249203 -0.26498416 -0.77460766
v 0.26143181 -0.25157112 -0.78060776
v 0.26049900 -0.23811911 -0.78588676
v 0.25982335 -0.22461231 -0.78971058
v 0.25914708 -0.21109344 -0.79353780
v 0.44213313 -0.81336552 0.31018385
v 0.44329959 -0.80079156 0.31672543
v 0.44465306 -0.78812772 0.32431608
v 0.44583151 -0.77558994 0.33092493
v 0.44675833 -0.76321733 0.33612296
v 0.44691497 -0.75129604 0.33700135
v 0.44707155 -0.73937762 0.33787954
v 0.44756883 -0.72727567 0.34066856
v 0.44820133 -0.71510988 0.34421563
v 0.44883320 -0.70295554 0.34775931
v 0.44946447 -0.69081289 0.35129964
v 0.44999680 -0.67870969 0.35476431
v 0.44988036 -0.66698641 0.35363200
v 0.44970244 -0.65526915 0.35263401
v 0.44952616 -0.64354789 0.35164547
v 0.44834715 -0.63230050 0.34503335
v 0.44659072 -0.62130165 0.33518296
v 0.44482705 -0.61027539 0.32528818
v 0.44347736 -0.59903097 0.31772241
v 0.44212544 -0.58776391 0.31014055
v 0.44030979 -0.57667279 0.29995817
v 0.44543716 -0.56261730 0.32871357
v 0.44964057 -0.54903483 0.35228705
v 0.45263502 -0.53601623 0.36908075
v 0.45504081 -0.52328384 0.38257295
v 0.45635161 -0.51101768 0.38992420
v 0.45765984 -0.49877581 0.39726096
v 0.45972365 -0.48627841 0.40883541
v 0.45999855 -0.47446185 0.41037714
v 0.45930979 -0.46298867 0.40651423
v 0.45862210 -0.45163628 0.40272394
v 0.45930311 -0.43954840 0.40647691
v 0.46030113 -0.42750323 0.41207403
v 0.46077418 -0.41564152 0.41472700
v 0.46088102 -0.40390053 0.41532618
v 0.45815715 -0.39302090 0.39996943
v 0.45702419 -0.38160047 0.39369616
v 0.45589867 -0.37017414 0.38738394
v 0.45446047 -0.35881260 0.37931815
v 0.45328668 -0.34735611 0.37273523
v 0.45282608 -0.33569807 0.37015200
v 0.45236513 -0.32403189 0.36756694
v 0.45158541 -0.31243262 0.36319417
v 0.45114657 -0.30074218 0.36073318
v 0.45010179 -0.28917596 0.35487372
v 0.44669822 -0.27808401 0.33578575
v 0.25134867 -0.30532968 -0.75977808
v 0.25132430 -0.29176414 -0.75991499
v 0.25066549 -0.27831379 -0.76360959
v 0.25000611 -0.26485184 -0.76730752
v 0.24963395 -0.25133088 -0.76939470
v 0.24921407 -0.23781076 -0.77174950
v 0.24843067 -0.22433652 -0.77614301
v 0.24764647 -0.21084844 -0.78054106
v 0.24686146 -0.19734651 -0.78494352
v 0.42937869 -0.82596076 0.30627862
v 0.43068856 -0.81328559 0.31355885
v 0.43209177 -0.80057788 0.32135785
v 0.43359864 -0.78783417 0.32973316
v 0.43448946 -0.77547276 0.33468437
v 0.43428090 -0.76375204 0.33352527
v 0.43408236 -0.75202203 0.33242178
v 0.43507892 -0.73963016 0.33796078
v 0.43607402 -0.72725660 0.34349161
v 0.43683195 -0.71502715 0.34770423
v 0.43756741 -0.70282274 0.35179213
v 0.43867376 -0.69044006 0.35794109
v 0.43977827 -0.67807794 0.36407989
v 0.44088095 -0.66573620 0.37020859
v 0.44106194 -0.65386462 0.37121475
v 0.44088614 -0.64216775 0.37023765
v 0.44071272 -0.63046664 0.36927378
v 0.44031644 -0.61886561 0.36707130
v 0.43894783 -0.60769892 0.35946453
v 0.43757647 -0.59650940 0.35184216
v 0.43785572 -0.58457547 0.35339427
v 0.43996495 -0.57186419 0.36511770
v 0.44212008 -0.55917084 0.37709597
v 0.44382945 -0.54669821 0.38659677
v 0.44516546 -0.53440541 0.39402238
v 0.44668201 -0.52206540 0.40245134
v 0.44769007 -0.50994706 0.40805435
v 0.44874486 -0.49782896 0.41391695
v 0.45103094 -0.48527908 0.42662311
v 0.45427498 -0.47242755 0.44465375
v 0.45484933 -0.46056268 0.44784603
v 0.45413733 -0.44914445 0.44388863
v 0.45342857 -0.43771267 0.43994924
v 0.45395917 -0.42586958 0.44289845
v 0.45461553 -0.41399652 0.44654682
v 0.45455134 -0.40235421 0.44618997
v 0.45348346 -0.39100710 0.44025457
v 0.45189336 -0.37979072 0.43141672
v 0.44940549 -0.36879569 0.41758868
v 0.44800949 -0.35746315 0.40982980
v 0.44651052 -0.34613287 0.40149829
v 0.44495422 -0.33479053 0.39284804
v 0.44369566 -0.32334855 0.38585296
v 0.44323236 -0.31169865 0.38327795
v 0.44215578 -0.30017844 0.37729430
v 0.44110534 -0.28863358 0.37145582
v 0.44066337 -0.27694416 0.36899945
v 0.44022116 -0.26524702 0.36654148
v 0.43839854 -0.25380367 0.35641140
v 0.23842438 -0.27817205 -0.75486946
v 0.23817828 -0.26460865 -0.75642616
v 0.23807301 -0.25105616 -0.75701141
v 0.23796771 -0.23750179 -0.75759667
v 0.23786239 -0.22394557 -0.75818199
v 0.23766266 -0.21040040 -0.75929219
v 0.23686294 -0.19692841 -0.76373708
v 0.23582201 -0.18347099 -0.76952255
v 0.23477967 -0.16999540 -0.77531594
v 0.41729844 -0.82626021 0.30620322
v 0.41928077 -0.81318486 0.31712338
v 0.42081738 -0.80040705 0.32558826
v 0.42197058 -0.78787899 0.33194101
v 0.42137459 -0.77637237 0.32865760
v 0.42140982 -0.76449949 0.32885176
v 0.42247188 -0.75205737 0.33470246
v 0.42353228 -0.73963475 0.34054402
v 0.42459103 -0.72723150 0.34637639
v 0.42610642 -0.71460533 0.35472441
v 0.42723253 -0.70220816 0.36092797
v 0.42834905 -0.68983555 0.36707845
v 0.42946371 -0.67748332 0.37321877
v 0.43057650 -0.66515154 0.37934896
v 0.43186513 -0.65275389 0.38644755
v 0.43219081 -0.64083749 0.38824180
v 0.43195900 -0.62918729 0.38696492
v 0.43172470 -0.61753434 0.38567409
v 0.43161991 -0.60581893 0.38509697
v 0.43087977 -0.59438205 0.38101962
v 0.43296099 -0.58171183 0.39248449
v 0.44796911 -0.54035747 0.47516063
v 0.44816133 -0.52866048 0.47621953
v 0.44664702 -0.50599837 0.46787772
v 0.44509497 -0.49494264 0.45932779
v 0.44177899 -0.48449877 0.44118407
v 0.44670609 -0.47108099 0.46820301
v 0.45019078 -0.45824638 0.48739961
v 0.44937670 -0.44691911 0.48291504
v 0.44854444 -0.43558359 0.47833034
v 0.44812122 -0.42410305 0.47599882
v 0.44766998 -0.41262376 0.47351313
v 0.44721851 -0.40113673 0.47102576
v 0.44633809 -0.38976735 0.46617562
v 0.44474447 -0.37858510 0.45739686
v 0.44314703 -0.36737609 0.44859707
v 0.44139603 -0.35618007 0.43895119
v 0.43951765 -0.34498635 0.42860353
v 0.43809214 -0.33364689 0.42075089
v 0.43674162 -0.32226461 0.41331109
v 0.43538836 -0.31085929 0.40585628
v 0.43401942 -0.29943386 0.39831525
v 0.43285251 -0.28794119 0.39188698
v 0.43168360 -0.27642858 0.38544756
v 0.43064114 -0.26487061 0.37970498
v 0.42952216 -0.25330886 0.37354070
v 0.42728475 -0.24192788 0.36121556
v 0.22611830 -0.26440918 -0.74696320
v 0.22674051 -0.25074914 -0.74353564
v 0.22662450 -0.23721287 -0.74417460
v 0.22650850 -0.22367457 -0.74481374
v 0.22639246 -0.21013428 -0.74545294
v 0.22641852 -0.19657391 -0.74530947
v 0.22606267 -0.18305908 -0.74726981
v 0.22494714 -0.16962102 -0.75341493
v 0.22383000 -0.15616362 -0.75956893
v 0.22271127 -0.14268683 -0.76573175
v 0.40535140 -0.82647437 0.30690327
v 0.40778807 -0.81313628 0.32020801
v 0.40921679 -0.80042988 0.32800922
v 0.40935200 -0.78849387 0.32874757
v 0.40902853 -0.77682036 0.32698143
v 0.41011652 -0.76435238 0.33292210
v 0.41122296 -0.75189322 0.33896342
v 0.41229188 -0.73947334 0.34480035
v 0.41388521 -0.72679269 0.35350022
v 0.41549295 -0.71413201 0.36227903
v 0.41688743 -0.70160913 0.36989337
v 0.41801155 -0.68924761 0.37603122
v 0.41945758 -0.67674506 0.38392699
v 0.42127299 -0.66408676 0.39383969
v 0.42291933 -0.65154123 0.40282914
v 0.42369542 -0.63943517 0.40706679
v 0.42360592 -0.62774390 0.40657833
v 0.42298105 -0.61629462 0.40316650
v 0.42311132 -0.60449755 0.40387776
v 0.42337433 -0.59264463 0.40531376
v 0.44641262 -0.55949104 0.53110957
v 0.44626576 -0.54801559 0.53030759
v 0.44616744 -0.53651804 0.52977085
v 0.48895282 -0.50811034 0.76339161
v 0.49064103 -0.49629208 0.77260971
v 0.49211249 -0.48458475 0.78064442
v 0.49196920 -0.47349766 0.77986193
v 0.49064949 -0.46283117 0.77265596
v 0.48890993 -0.45228907 0.76315749
v 0.48686305 -0.44182208 0.75198072
v 0.44297847 -0.44527775 0.51235807
v 0.44216135 -0.43397763 0.50789630
v 0.44151703 -0.42260867 0.50437808
v 0.44062907 -0.41130355 0.49952945
v 0.43973988 -0.39998335 0.49467432
v 0.43838510 -0.38878292 0.48727688
v 0.43669415 -0.37765366 0.47804379
v 0.43487653 -0.36652973 0.46811908
v 0.43305397 -0.35537556 0.45816740
v 0.43111166 -0.34422043 0.44756186
v 0.42908597 -0.33305222 0.43650094
v 0.42748541 -0.32174760 0.42776132
v 0.42606032 -0.31037492 0.41997999
v 0.42469704 -0.29896390 0.41253600
v 0.42323571 -0.28755009 0.40455678
v 0.42191321 -0.27608266 0.39733535
v 0.42105836 -0.26450115 0.39266768
v 0.42020243 -0.25290501 0.38799411
v 0.41853830 -0.24143761 0.37890759
v 0.41617751 -0.23005910 0.36601689
v 0.41396782 -0.21861546 0.35395128
v 0.21475355 -0.23700887 -0.73381740
v 0.21525174 -0.22339427 -0.73109722
v 0.21523419 -0.20985760 -0.73119318
v 0.21528822 -0.19631161 -0.73089808
v 0.21523543 -0.18277906 -0.73118645
v 0.21488829 -0.16927747 -0.73308200
v 0.21446195 -0.15577775 -0.73540980
v 0.21331379 -0.14233635 -0.74167919
v 0.21215327 -0.12887603 -0.74801582
v 0.21036369 -0.11544196 -0.75778747
v 0.39280373 -0.82704365 0.30438599
v 0.39544097 -0.81359142 0.31866032
v 0.39685771 -0.80089247 0.32632864
v 0.39675966 -0.78908336 0.32579798
v 0.39753169 -0.77678293 0.32997662
v 0.39876345 -0.76424098 0.33664370
v 0.40002447 -0.75170416 0.34346926
v 0.40166014 -0.73898786 0.35232243
v 0.40329188 -0.72630173 0.36115459
v 0.40491977 -0.71364564 0.36996582
v 0.40701669 -0.70077777 0.38131556
v 0.40885001 -0.68807834 0.39123878
v 0.41067848 -0.67541289 0.40113544
v 0.41265023 -0.66270930 0.41180778
v 0.41492730 -0.64989400 0.42413288
v 0.41581532 -0.63776833 0.42893934
v 0.43702054 -0.61631745 0.54371578
v 0.43861651 -0.60407752 0.55235416
v 0.43859509 -0.59258080 0.55223823
v 0.43881342 -0.58097965 0.55341971
v 0.43940067 -0.56922531 0.55659860
v 0.43911245 -0.55784595 0.55503833
v 0.43871686 -0.54650539 0.55289710
v 0.43832719 -0.53515577 0.55078781
v 0.47961044 -0.50750595 0.77423954
v 0.48268852 -0.49517497 0.79089993
v 0.48288152 -0.48397535 0.79194444
v 0.48287293 -0.47285259 0.79189807
v 0.48277533 -0.46196747 0.79099458
v 0.48256421 -0.45070818 0.79022700
v 0.48209140 -0.43974006 0.78766787
v 0.48083493 -0.42902306 0.78086710
v 0.47957602 -0.41828528 0.77405316
v 0.43332568 -0.42163718 0.52371657
v 0.43247643 -0.41034454 0.51911992
v 0.43138301 -0.39910969 0.51320171
v 0.42976704 -0.38800645 0.50445497
v 0.42814717 -0.37687659 0.49568725
v 0.42652342 -0.36571988 0.48689842
v 0.42474955 -0.35457465 0.47729701
v 0.42274296 -0.34345791 0.46643618
v 0.42070919 -0.33231333 0.45542815
v 0.41866931 -0.32113525 0.44438699
v 0.41699788 -0.30983824 0.43534017
v 0.41547242 -0.29848048 0.42708340
v 0.41401750 -0.28708166 0.41920838
v 0.41254097 -0.27566221 0.41121647
v 0.41061947 -0.26430339 0.40081617
v 0.40967217 -0.25273159 0.39568877
v 0.40854138 -0.24117586 0.38956797
v 0.40663218 -0.22973105 0.37923452
v 0.40488330 -0.21822803 0.36976823
v 0.40249082 -0.20679167 0.35681885
v 0.20268683 -0.22330414 -0.72464812
v 0.20376401 -0.20962709 -0.71881777
v 0.20418757 -0.19605000 -0.71652514
v 0.20424193 -0.18252301 -0.71623105
v 0.20404793 -0.16902362 -0.71728098
v 0.20375821 -0.15553038 -0.71884924
v 0.20362966 -0.14201759 -0.71954513
v 0.20277593 -0.12856179 -0.72416604
v 0.20162737 -0.11511286 -0.73038256
v 0.19974294 -0.10169162 -0.74058235
v 0.19739823 -0.08826370 -0.75327343
v 0.40472072 0.64296407 0.36888844
v 0.40732270 0.65352070 0.38297194
v 0.40826848 0.66483659 0.38809127
v 0.40709609 0.67718297 0.38174537
v 0.40501049 0.69000846 0.37045684
v 0.40312624 0.70191544 0.35773766
v 0.38019758 -0.82763815 0.30164444
v 0.38229078 -0.81450778 0.31287614
v 0.38437775 -0.80141675 0.32407424
v 0.38526535 -0.78904092 0.32883686
v 0.38617197 -0.77666962 0.33370143
v 0.38746738 -0.76409996 0.34065256
v 0.38938490 -0.75121588 0.35094133
v 0.39117584 -0.73843187 0.36055127
v 0.39281884 -0.72575593 0.36936709
v 0.39534989 -0.71265006 0.38294819
v 0.39821470 -0.69941813 0.39832035
v 0.40110266 -0.68622351 0.41381645
v 0.40679115 -0.67170596 0.44433951
v 0.40922689 -0.65885139 0.45740902
v 0.42530835 -0.63958454 0.54369855
v 0.42897233 -0.62635875 0.56335890
v 0.42986885 -0.61445725 0.56816924
v 0.43020606 -0.60282123 0.56997871
v 0.43041226 -0.59124845 0.57108498
v 0.43061838 -0.57967919 0.57219088
v 0.43055916 -0.56822538 0.57187313
v 0.43018299 -0.55690151 0.56985486
v 0.42979285 -0.54557693 0.56776142
v 0.46857730 -0.51872265 0.77586985
v 0.47269636 -0.50597018 0.79797184
v 0.47347957 -0.49455294 0.80217457
v 0.47367370 -0.48336744 0.80321610
v 0.47380143 -0.47220927 0.80390155
v 0.47364706 -0.46115309 0.80307311
v 0.47356680 -0.45006865 0.80264235
v 0.47347531 -0.43898666 0.80215156
v 0.47300655 -0.42802685 0.79963630
v 0.47158164 -0.41736463 0.79199046
v 0.46946737 -0.40689248 0.78064603
v 0.42385685 -0.40954274 0.53591007
v 0.42281148 -0.39831367 0.53030074
v 0.42120767 -0.38722613 0.52169538
v 0.41958192 -0.37611744 0.51297182
v 0.41795224 -0.36498207 0.50422728
v 0.41613853 -0.35386673 0.49449533
v 0.41419181 -0.34275392 0.48404965
v 0.41229874 -0.33159488 0.47389200
v 0.41032162 -0.32042333 0.46328315
v 0.40826759 -0.30923542 0.45226172
v 0.40652451 -0.29794490 0.44290873
v 0.40498835 -0.28658152 0.43466604
v 0.40344876 -0.27519262 0.42640486
v 0.40185788 -0.26378733 0.41786882
v 0.39992249 -0.25241804 0.40748361
v 0.39828730 -0.24096334 0.39870957
v 0.39664099 -0.22948259 0.38987601
v 0.39466366 -0.21802597 0.37926605
v 0.39280725 -0.20651765 0.36930487
v 0.19139066 -0.20951973 -0.71145093
v 0.19214749 -0.19590881 -0.70739001
v 0.19277965 -0.18232514 -0.70399803
v 0.19322582 -0.16877206 -0.70160401
v 0.19307545 -0.15528503 -0.70241076
v 0.19299920 -0.14178881 -0.70281988
v 0.19277667 -0.12830313 -0.70401406
v 0.19191830 -0.11485970 -0.70861977
v 0.19105901 -0.10140171 -0.71323037
v 0.18967380 -0.08795821 -0.72066313
v 0.18820676 -0.07449494 -0.72853494
v 0.16249320 0.64001006 -0.86650825
v 0.16583686 0.65242028 -0.84856701
v 0.16769515 0.66539824 -0.83805245
v 0.16645055 0.67963165 -0.84527397
v 0.39301869 0.61945832 0.37043953
v 0.39581501 0.62998265 0.38544399
v 0.39625999 0.64155138 0.38783178
v 0.39911973 0.65197039 0.40317649
v 0.39794150 0.66428494 0.39685416
v 0.39676118 0.67662048 0.39052102
v 0.39557889 0.68897724 0.38417703
v 0.39423421 0.70143646 0.37696165
v 0.39178514 0.71448797 0.36382055
v 0.38920552 0.72764957 0.34997898
v 0.36721525 -0.82844371 0.29699421
v 0.37024927 -0.81476724 0.31313416
v 0.37264666 -0.80150521 0.32588735
v 0.37377226 -0.78899843 0.33187538
v 0.37487227 -0.77652490 0.33772695
v 0.37674275 -0.76364994 0.34767735
v 0.37872490 -0.75074661 0.35822186
v 0.38070732 -0.73787671 0.36876777
v 0.38372743 -0.72450089 0.38483390
v 0.38673091 -0.71118474 0.40081131
v 0.39747357 -0.69402754 0.45795885
v 0.40197909 -0.68013573 0.48192674
v 0.41118890 -0.66403389 0.53091985
v 0.41433659 -0.65098250 0.54766452
v 0.41798604 -0.63774884 0.56707853
v 0.41901350 -0.62578464 0.57254446
v 0.41990522 -0.61389911 0.57728809
v 0.42079577 -0.60202920 0.58202565
v 0.42110321 -0.59042823 0.58366090
v 0.42131045 -0.57887518 0.58476335
v 0.42108923 -0.56750482 0.58358651
v 0.42085263 -0.55613708 0.58232790
v 0.42053470 -0.54479796 0.58063662
v 0.46105140 -0.51740587 0.79617256
v 0.46404862 -0.50512630 0.81211674
v 0.46415985 -0.49398279 0.81270832
v 0.46427101 -0.48284119 0.81329978
v 0.46438214 -0.47170147 0.81389111
v 0.46446785 -0.46057257 0.81434709
v 0.46448669 -0.44946799 0.81444722
v 0.46438399 -0.43840429 0.81390089
v 0.46386898 -0.42747304 0.81116110
v 0.46301523 -0.41611344 0.80876386
v 0.46288744 -0.40556943 0.80593973
v 0.46050957 -0.39517134 0.79329020
v 0.45764753 -0.38487422 0.77806509
v 0.41247657 -0.38650733 0.53776997
v 0.41107374 -0.37535509 0.53030747
v 0.40928701 -0.36428142 0.52080250
v 0.40731004 -0.35322651 0.51028568
v 0.40532741 -0.34213963 0.49973848
v 0.40334666 -0.33101875 0.48920166
v 0.40143922 -0.31984738 0.47905472
v 0.39952651 -0.30864495 0.46887961
v 0.39754760 -0.29742444 0.45835260
v 0.39562362 -0.28615913 0.44811764
v 0.39395115 -0.27481130 0.43922064
v 0.39227462 -0.26343602 0.43030214
v 0.39040846 -0.25206682 0.42037463
v 0.38863721 -0.24064967 0.41095218
v 0.38659471 -0.22924726 0.40008667
v 0.38469249 -0.21778841 0.38996747
v 0.38268673 -0.20631272 0.37929755
v 0.38049072 -0.19482964 0.36761534
v 0.17872889 -0.20945193 -0.70569336
v 0.17991729 -0.19579326 -0.69937140
v 0.18055394 -0.18221764 -0.69598466
v 0.18119030 -0.16865282 -0.69259948
v 0.18171655 -0.15510944 -0.68979990
v 0.18224247 -0.14157501 -0.68700218
v 0.18227305 -0.12808920 -0.68683940
v 0.18195553 -0.11462894 -0.68852860
v 0.18121554 -0.10119008 -0.69246507
v 0.18135546 -0.08769039 -0.69172072
v 0.18073764 -0.07422827 -0.69500726
v 0.17951177 -0.06077885 -0.70152861
v 0.17725606 -0.04733916 -0.71352834
v 0.15502280 0.63767201 -0.83180219
v 0.15762109 0.65034240 -0.81798023
v 0.15911067 0.66342324 -0.81005621
v 0.40771163 0.57310128 0.51242208
v 0.40503153 0.58582294 0.49816462
v 0.40234086 0.59859449 0.48385122
v 0.38409504 0.61831331 0.38678920
v 0.38550341 0.62945390 0.39428136
v 0.39016384 0.63907278 0.41907337
v 0.38966364 0.65103346 0.41641262
v 0.38795727 0.66357863 0.40733513
v 0.38665161 0.67595792 0.40038931
v 0.38534343 0.68836045 0.39343041
v 0.38406110 0.70077211 0.38660881
v 0.38286689 0.71316040 0.38025588
v 0.38085914 0.72599179 0.36957520
v 0.37695116 0.73986077 0.34878615
v 0.37429464 0.75312418 0.33465424
v 0.35410216 -0.82931238 0.29177862
v 0.35833085 -0.81495178 0.31408209
v 0.36084533 -0.80163193 0.32734433
v 0.36205345 -0.78908247 0.33371654
v 0.36414704 -0.77606714 0.34475866
v 0.36603248 -0.76319939 0.35470319
v 0.36807826 -0.75027788 0.36549333
v 0.37230524 -0.73624802 0.38778782
v 0.38695103 -0.71691793 0.46503475
v 0.39245236 -0.70247084 0.49405083
v 0.39588699 -0.68914676 0.51216602
v 0.40043408 -0.67533475 0.53614891
v 0.40360537 -0.66226208 0.55287534
v 0.40700325 -0.64913523 0.57079703
v 0.40816364 -0.63710624 0.57691741
v 0.40906224 -0.62521631 0.58165699
v 0.40995970 -0.61334199 0.58639044
v 0.41085598 -0.60148317 0.59111762
v 0.41175103 -0.58964002 0.59583867
v 0.41183776 -0.57815397 0.59629607
v 0.41159990 -0.56680405 0.59504139
v 0.41136196 -0.55545020 0.59378636
v 0.44864419 -0.52915335 0.79042536
v 0.45162931 -0.51684970 0.80617023
v 0.45415288 -0.50477225 0.81948024
v 0.45453367 -0.49353626 0.82148886
v 0.45464557 -0.48240474 0.82207900
v 0.45475745 -0.47127512 0.82266903
v 0.45485550 -0.46015218 0.82318634
v 0.45493573 -0.44903696 0.82360947
v 0.45501599 -0.43792307 0.82403266
v 0.45493197 -0.42686352 0.82358962
v 0.45441383 -0.41593903 0.82085657
v 0.45386192 -0.40501618 0.81794566
v 0.45312315 -0.39413971 0.81404912
v 0.45092824 -0.38367191 0.80247247
v 0.44757012 -0.37349394 0.78476065
v 0.40206304 -0.37474218 0.54474068
v 0.40043855 -0.36364058 0.53617257
v 0.39849570 -0.35259315 0.52592534
v 0.39652169 -0.34152088 0.51551360
v 0.39452413 -0.33042109 0.50497782
v 0.39252076 -0.31928915 0.49441144
v 0.39058733 -0.30810815 0.48421386
v 0.38835546 -0.29695848 0.47244227
v 0.38595062 -0.28580689 0.45975828
v 0.38423085 -0.27448010 0.45068771
v 0.38254458 -0.26311812 0.44179380
v 0.38077649 -0.25174263 0.43246832
v 0.37877077 -0.24037831 0.42188939
v 0.37698442 -0.22894453 0.41246751
v 0.37425631 -0.21762685 0.39807844
v 0.37233603 -0.20614493 0.38795021
v 0.36860782 -0.19488086 0.36828643
v 0.16607532 -0.20938414 -0.69993943
v 0.16747847 -0.19570495 -0.69253874
v 0.16834265 -0.18211026 -0.68798077
v 0.16895367 -0.16855660 -0.68475801
v 0.16948366 -0.15502098 -0.68196261
v 0.17001331 -0.14149427 -0.67916918
v 0.17054260 -0.12797649 -0.67637748
v 0.17107154 -0.11446760 -0.67358768
v 0.17180361 -0.10095479 -0.66972655
v 0.17194401 -0.08748651 -0.66898590
v 0.17208441 -0.07402056 -0.66824538
v 0.17154890 -0.06058248 -0.67106986
v 0.17046854 -0.04715140 -0.67676806
v 0.16975465 -0.03369454 -0.68053341
v 0.16758262 -0.02024403 -0.69198948
v 0.13784800 0.62540960 -0.84881985
v 0.14324248 0.63705218 -0.82036752
v 0.14633337 0.64952159 -0.80406529
v 0.40376386 0.55853915 0.55371135
v 0.40361854 0.57011575 0.55294496
v 0.40110442 0.58269745 0.53968459
v 0.39934328 0.59499633 0.53039575
v 0.39763507 0.60730141 0.52138615
v 0.39592263 0.61963701 0.51235420
v 0.39420599 0.63200325 0.50329977
v 0.38161710 0.64945620 0.43690193
v 0.37957034 0.66212744 0.42610651
v 0.37751755 0.67483592 0.41527942
v 0.37598199 0.68732512 0.40718043
v 0.37466455 0.69973135 0.40023184
v 0.37334466 0.71216094 0.39327022
v 0.37153828 0.72486341 0.38374254
v 0.36845118 0.73826706 0.36746016
v 0.36505851 0.75188524 0.34956619
v 0.36213210 0.76530820 0.33413121
v 0.35581663 0.78064090 0.30082110
v 0.33982220 -0.83084118 0.28059366
v 0.34610468 -0.81499076 0.31632242
v 0.34904030 -0.80175871 0.32880178
v 0.35089573 -0.78885496 0.33850527
v 0.35343444 -0.77560991 0.35178211
v 0.35538495 -0.76272255 0.36198285
v 0.35897920 -0.74899977 0.38077962
v 0.37683901 -0.72792369 0.47418180
v 0.38190004 -0.71368903 0.50064969
v 0.38608253 -0.69998044 0.52252299
v 0.38950711 -0.68671632 0.54043281
v 0.39281613 -0.67356545 0.55773795
v 0.39606220 -0.66049963 0.57471400
v 0.39732102 -0.64842135 0.58129734
v 0.39821795 -0.63653094 0.58598816
v 0.39911371 -0.62465602 0.59067285
v 0.40000835 -0.61279643 0.59535146
v 0.40090179 -0.60095233 0.60002404
v 0.40179411 -0.58912355 0.60469055
v 0.40221393 -0.57750797 0.60688621
v 0.40195969 -0.56617677 0.60555655
v 0.40172365 -0.55483413 0.60432202
v 0.40148750 -0.54348755 0.60308707
v 0.44043183 -0.51698905 0.80675554
v 0.44403329 -0.50450855 0.82559043
v 0.44450253 -0.49324682 0.82804441
v 0.44491890 -0.48201200 0.83022201
v 0.44515011 -0.47084957 0.83143109
v 0.44526067 -0.45973259 0.83200949
v 0.44534144 -0.44862753 0.83243173
v 0.44542217 -0.43752378 0.83285397
v 0.44550291 -0.42642140 0.83327615
v 0.44531906 -0.41540286 0.83231455
v 0.44458723 -0.40454751 0.82848728
v 0.44385460 -0.39368027 0.82465583
v 0.44285852 -0.38287646 0.81944656
v 0.44078705 -0.37235552 0.80861342
v 0.43718463 -0.36221385 0.78977382
v 0.39113504 -0.36312938 0.54894632
v 0.38952568 -0.35200953 0.54052985
v 0.38756794 -0.34094843 0.53029132
v 0.38560468 -0.32985610 0.52002388
v 0.38363582 -0.31873235 0.50972742
v 0.38161242 -0.30758789 0.49914554
v 0.37919211 -0.29649398 0.48648790
v 0.37669984 -0.28537440 0.47345406
v 0.37458044 -0.27414060 0.46237025
v 0.37283802 -0.26280099 0.45325780
v 0.37113798 -0.25142485 0.44436699
v 0.36914295 -0.24007072 0.43393350
v 0.36712965 -0.22868635 0.42340463
v 0.36445194 -0.21737073 0.40940076
v 0.36190251 -0.20599191 0.39606774
v 0.35639039 -0.19478539 0.36952746
v 0.15283270 -0.20939338 -0.69731259
v 0.15480341 -0.19564654 -0.68700624
v 0.15614574 -0.18200302 -0.67998624
v 0.15673099 -0.16846049 -0.67692548
v 0.15726471 -0.15493262 -0.67413431
v 0.15858144 -0.14134528 -0.66724819
v 0.16017903 -0.12775762 -0.65889311
v 0.16172761 -0.11420001 -0.65079457
v 0.16199780 -0.10074786 -0.64938158
v 0.16226788 -0.08730023 -0.64796907
v 0.16253789 -0.07385708 -0.64655697
v 0.16280779 -0.06041841 -0.64514542
v 0.16293755 -0.04698832 -0.64446682
v 0.16328685 -0.03355583 -0.64264005
v 0.16363601 -0.02012914 -0.64081407
v 0.16352500 -0.00671017 -0.64139462
v 0.16244592 0.00671466 -0.64703798
v 0.16060670 0.02016692 -0.65665662
v 0.12326047 0.61210304 -0.85196763
v 0.12797360 0.62407523 -0.82731932
v 0.13153981 0.63641238 -0.80866885
v 0.40088636 0.55517173 0.59994322
v 0.39838269 0.56764895 0.58684975
v 0.39586994 0.58017170 0.57370865
v 0.39334795 0.59274006 0.56051946
v 0.39085385 0.60533828 0.54747593
v 0.38913861 0.61763155 0.53850543
v 0.38741907 0.62995523 0.52951276
v 0.38569528 0.64230949 0.52049780
v 0.38146341 0.65587062 0.49836627
v 0.36978310 0.67306298 0.43728143
v 0.36746222 0.68589729 0.42514378
v 0.36535910 0.69866246 0.41414502
v 0.36399776 0.71108943 0.40702561
v 0.36169091 0.72402257 0.39496142
v 0.35897341 0.73720747 0.38074949
v 0.35602736 0.75055820 0.36534244
v 0.35297239 0.76401639 0.34936562
v 0.34969297 0.77764750 0.33221519
v 0.34601492 0.79155350 0.31298006
v 0.33288553 -0.81622064 0.30772200
v 0.33723152 -0.80188555 0.33025971
v 0.33986101 -0.78856361 0.34389579
v 0.34245816 -0.77530253 0.35736436
v 0.34599584 -0.76158386 0.37571022
v 0.36675313 -0.73890543 0.48335439
v 0.37114984 -0.72500277 0.50615519
v 0.37500018 -0.71144974 0.52612245
v 0.37835154 -0.69820923 0.54350203
v 0.38168436 -0.68503308 0.56078571
v 0.38458383 -0.67212093 0.57582182
v 0.38660294 -0.65967429 0.58629239
v 0.38752034 -0.64777416 0.59105021
v 0.38827887 -0.63596189 0.59498370
v 0.38913113 -0.62412000 0.59940332
v 0.39003140 -0.61227101 0.60407227
v 0.39093056 -0.60043734 0.60873514
v 0.39182857 -0.58861899 0.61339200
v 0.39255142 -0.57688850 0.61714053
v 0.39228767 -0.56557268 0.61577278
v 0.39202380 -0.55425251 0.61440450
v 0.39177001 -0.54292405 0.61308813
v 0.42922825 -0.51712847 0.80734116
v 0.43260291 -0.50474101 0.82484162
v 0.43444979 -0.49296996 0.83441931
v 0.43486908 -0.48174158 0.83659363
v 0.43528810 -0.47052014 0.83876669
v 0.43567339 -0.45931721 0.84076476
v 0.43576461 -0.44821888 0.84123796
v 0.43569905 -0.43717310 0.84089792
v 0.43560371 -0.42613569 0.84040350
v 0.43550837 -0.41509673 0.83990890
v 0.43533400 -0.40408000 0.83900464
v 0.43459713 -0.39322504 0.83518332
v 0.43365708 -0.38241577 0.83030844
v 0.43260247 -0.37162265 0.82483935
v 0.43061805 -0.36106133 0.81454849
v 0.42680666 -0.35094193 0.79478323
v 0.38021198 -0.35152179 0.55315000
v 0.37861821 -0.34038424 0.54488504
v 0.37664557 -0.32930949 0.53465515
v 0.37465975 -0.31820518 0.52435702
v 0.37221691 -0.30716795 0.51168889
v 0.36986068 -0.29607224 0.49946979
v 0.36755273 -0.28492793 0.48750108
v 0.36503920 -0.27378541 0.47446629
v 0.36321035 -0.26247433 0.46498221
v 0.36144495 -0.25112185 0.45582721
v 0.35961658 -0.23975089 0.44634545
v 0.35750577 -0.22839516 0.43539912
v 0.35519895 -0.21703458 0.42343619
v 0.35163575 -0.20581730 0.40495792
v 0.34746113 -0.19462439 0.38330889
v 0.13926494 -0.20944405 -0.69636571
v 0.14125259 -0.19569382 -0.68605804
v 0.14335392 -0.18196373 -0.67516077
v 0.14585567 -0.16822702 -0.66218710
v 0.14751548 -0.15461144 -0.65357953
v 0.14917190 -0.14102352 -0.64498955
v 0.15082496 -0.12746319 -0.63641697
v 0.15419859 -0.11380950 -0.61892182
v 0.15768005 -0.10020480 -0.60086739
v 0.16262600 -0.01997977 -0.57521856
v 0.16119161 -0.00666584 -0.58265710
v 0.15975466 0.00667176 -0.59010887
v 0.15838298 0.02003226 -0.59722215
v 0.11398949 0.61058354 -0.82744044
v 0.39230722 0.54271358 0.61587411
v 0.39381519 0.55353588 0.62369442
v 0.39201391 0.56568438 0.61435306
v 0.38989621 0.57799435 0.60337126
v 0.38777211 0.59034193 0.59235579
v 0.38563049 0.60273224 0.58124977
v 0.38309160 0.61533308 0.56808347
v 0.38067597 0.62792045 0.55555642
v 0.37885791 0.64027417 0.54612797
v 0.37437001 0.65390193 0.52285439
v 0.36987907 0.66760522 0.49956501
v 0.36569950 0.68123227 0.47789040
v 0.35799038 0.69666028 0.43791226
v 0.35564944 0.70953697 0.42577237
v 0.35179549 0.72321963 0.40578645
v 0.34905982 0.73638946 0.39159954
v 0.34631360 0.74960995 0.37735805
v 0.34363317 0.76284075 0.36345789
v 0.34074226 0.77622950 0.34846595
v 0.33718407 0.79003185 0.33001372
v 0.33344343 0.80399442 0.31061539
v 0.31569344 -0.82008511 0.27817994
v 0.32612672 -0.80162156 0.33535764
v 0.32882854 -0.78827572 0.34925216
v 0.33192578 -0.77476209 0.36518022
v 0.35462150 -0.75095671 0.48189667
v 0.36009166 -0.73647195 0.51002795
v 0.36381966 -0.72296762 0.52919978
v 0.36711743 -0.70974076 0.54615927
v 0.37027043 -0.69663960 0.56237411
v 0.37275219 -0.68391675 0.57513672
v 0.37478930 -0.67144728 0.58561295
v 0.37682053 -0.65901405 0.59605891
v 0.37794858 -0.64703137 0.60186017
v 0.37871146 -0.63523310 0.60578328
v 0.37947351 -0.62344772 0.60970217
v 0.38023469 -0.61167508 0.61361676
v 0.38099504 -0.59991527 0.61752713
v 0.38188010 -0.58811539 0.62207866
v 0.38278261 -0.57632279 0.62671995
v 0.38264427 -0.56496650 0.62600851
v 0.38237888 -0.55365843 0.62464362
v 0.38211337 -0.54234594 0.62327820
v 0.38184777 -0.53102916 0.62191230
v 0.42116201 -0.50497371 0.82409221
v 0.42440832 -0.49269342 0.84078699
v 0.42483047 -0.48147142 0.84295821
v 0.42525238 -0.47025636 0.84512800
v 0.42564127 -0.45905948 0.84712785
v 0.42601353 -0.44787443 0.84904230
v 0.42586547 -0.43686366 0.84828079
v 0.42571738 -0.42585048 0.84751922
v 0.42560652 -0.41482347 0.84694898
v 0.42551050 -0.40379018 0.84645510
v 0.42536104 -0.39277086 0.84568644
v 0.42447782 -0.38195619 0.84114432
v 0.42341724 -0.37117568 0.83569026
v 0.42231676 -0.36038843 0.83003098
v 0.42006660 -0.34987944 0.81845921
v 0.41613418 -0.33975351 0.79823589
v 0.36937219 -0.33990058 0.55775458
v 0.36771613 -0.32876471 0.54923803
v 0.36530280 -0.31777206 0.53682727
v 0.36284706 -0.30674917 0.52419806
v 0.36038274 -0.29568785 0.51152492
v 0.35817882 -0.28453404 0.50019079
v 0.35590836 -0.27335694 0.48851478
v 0.35361546 -0.26214683 0.47672307
v 0.35184029 -0.25080812 0.46759415
v 0.35006073 -0.23944110 0.45844245
v 0.34779060 -0.22812325 0.44676778
v 0.34540984 -0.21678495 0.43452436
v 0.34212649 -0.20553698 0.41763911
v 0.33787635 -0.19436578 0.39578196
v 0.12569059 -0.20949472 -0.69541830
v 0.12815857 -0.19568615 -0.68272632
v 0.13231611 -0.18173133 -0.66134542
v 0.13550924 -0.16794318 -0.64492422
v 0.13717675 -0.15435083 -0.63634878
v 0.13884088 -0.14078607 -0.62779075
v 0.37589741 0.52182430 0.59131163
v 0.38098970 0.53135556 0.61749971
v 0.38523445 0.54113293 0.63932896
v 0.38607624 0.55219114 0.64365792
v 0.38431352 0.56429040 0.63459283
v 0.38254631 0.57642043 0.62550467
v 0.38054675 0.58867723 0.61522162
v 0.37841108 0.60102522 0.60423857
v 0.37626886 0.61341095 0.59322184
v 0.37412009 0.62583476 0.58217144
v 0.37124306 0.63862437 0.56737614
v 0.36731902 0.65194505 0.54719597
v 0.36279318 0.66561311 0.52392101
v 0.35830066 0.67933929 0.50081742
v 0.35408592 0.69300365 0.47914252
v 0.34854463 0.70739371 0.45064557
v 0.34379488 0.72147608 0.42621917
v 0.33907184 0.73562258 0.40193009
v 0.33630931 0.74882782 0.38772336
v 0.33344004 0.76213455 0.37296763
v 0.33091322 0.77530473 0.35997295
v 0.32842404 0.78849578 0.34717211
v 0.32461065 0.80245894 0.32756102
v 0.32084271 0.81645894 0.30818373
v 0.31509992 -0.80131894 0.34081283
v 0.31780416 -0.78798801 0.35460463
v 0.33986679 -0.76440865 0.46712777
v 0.34808737 -0.74843442 0.50905406
v 0.35248116 -0.73456603 0.53146321
v 0.35567445 -0.72137815 0.54774946
v 0.35884866 -0.70825160 0.56393856
v 0.36090988 -0.69572312 0.57445103
v 0.36296508 -0.68323094 0.58493292
v 0.36501437 -0.67077500 0.59538454
v 0.36705771 -0.65835506 0.60580587
v 0.36839873 -0.64629042 0.61264539
v 0.36916593 -0.63450605 0.61655813
v 0.36993229 -0.62273449 0.62046671
v 0.37069780 -0.61097568 0.62437093
v 0.37146249 -0.59922975 0.62827098
v 0.37222636 -0.58749658 0.63216680
v 0.37284619 -0.57583475 0.63532805
v 0.37288314 -0.56441724 0.63551658
v 0.37259960 -0.55312651 0.63407052
v 0.37231597 -0.54183125 0.63262385
v 0.37203220 -0.53053135 0.63117665
v 0.40987855 -0.50514454 0.82419920
v 0.41437811 -0.49241719 0.84714758
v 0.41476923 -0.48121348 0.84914255
v 0.41515347 -0.47001857 0.85110211
v 0.41553748 -0.45882994 0.85306066
v 0.41592127 -0.44764766 0.85501802
v 0.41621581 -0.43650019 0.85652035
v 0.41606683 -0.42549613 0.85576034
v 0.41591772 -0.41448963 0.85500002
v 0.41576865 -0.40348077 0.85423964
v 0.41561952 -0.39246950 0.85347903
v 0.41526833 -0.38151234 0.85168779
v 0.41413975 -0.37076089 0.84593183
v 0.41300926 -0.35999164 0.84016639
v 0.41190144 -0.34919822 0.83451635
v 0.40927646 -0.33876243 0.82112843
v 0.40592152 -0.32845879 0.80401766
v 0.36020634 -0.32790008 0.57086283
v 0.35603836 -0.31732520 0.54960543
v 0.35350269 -0.30633149 0.53667319
v 0.35102549 -0.29528454 0.52403897
v 0.34860924 -0.28418529 0.51171577
v 0.34649098 -0.27298996 0.50091225
v 0.34425899 -0.26178098 0.48952889
v 0.34225965 -0.25049520 0.47933170
v 0.34018010 -0.23919027 0.46872589
v 0.33773187 -0.22790997 0.45623949
v 0.33533335 -0.21658245 0.44400659
v 0.33254835 -0.20527089 0.42980257
v 0.32887721 -0.19403280 0.41107911
v 0.32230386 -0.18310024 0.37755415
v 0.20044163 -0.17282796 -0.24396317
v 0.20319045 -0.15974699 -0.22994381
v 0.20528848 -0.14677140 -0.21924345
v 0.20738094 -0.13383032 -0.20857155
v 0.20946784 -0.12092367 -0.19792803
v 0.21154919 -0.10805125 -0.18731274
v 0.21298879 -0.09525170 -0.17997064
v 0.21230420 -0.08258760 -0.18346214
v 0.21012557 -0.06997907 -0.19457360
v 0.20794082 -0.05733540 -0.20571603
v 0.20575000 -0.04465644 -0.21688956
v 0.20356187 -0.03194186 -0.22804943
v 0.20133032 -0.01919229 -0.23943076
v 0.36536351 0.51012152 0.59716517
v 0.36966938 0.51999468 0.61912578
v 0.37394905 0.52980781 0.64095283
v 0.37820280 0.53956145 0.66264760
v 0.37837476 0.55085295 0.66352475
v 0.37660658 0.56292117 0.65450674
v 0.37483394 0.57501996 0.64546591
v 0.37305677 0.58714938 0.63640207
v 0.37122139 0.59933251 0.62704134
v 0.36907426 0.61168075 0.61609054
v 0.36692053 0.62406677 0.60510629
v 0.36295781 0.63730276 0.58489567
v 0.35856071 0.65080220 0.56246996
v 0.35549250 0.66375279 0.54682153
v 0.35121158 0.67732912 0.52498806
v 0.34671804 0.69107765 0.50207025
v 0.34246814 0.70477939 0.48039517
v 0.33759829 0.71885961 0.45555836
v 0.33107388 0.73385829 0.42228258
v 0.32632589 0.74804729 0.39806700
v 0.32342944 0.76134396 0.38329458
v 0.32053456 0.77468681 0.36853036
v 0.31817228 0.78778929 0.35648227
v 0.31516850 0.80128157 0.34116241
v 0.31192258 0.81495714 0.32460794
v 0.30778843 0.82918656 0.30352291
v 0.29614422 0.84778053 0.24413569
v 0.30326778 -0.80145901 0.34214786
v 0.30742139 -0.78736115 0.36315826
v 0.33487019 -0.76104224 0.50200319
v 0.34036225 -0.74657041 0.52978396
v 0.34422839 -0.73301864 0.54934007
v 0.34697759 -0.72009140 0.56324649
v 0.34905696 -0.70754004 0.57376462
v 0.35113031 -0.69502515 0.58425230
v 0.35319766 -0.68254650 0.59470952
v 0.35525900 -0.67010403 0.60513657
v 0.35731441 -0.65769750 0.61553341
v 0.35887074 -0.64555109 0.62340587
v 0.35957947 -0.63380867 0.62699085
v 0.36014003 -0.62214261 0.62982637
v 0.36070013 -0.61048585 0.63265961
v 0.36125985 -0.59883827 0.63549072
v 0.36181909 -0.58719993 0.63831961
v 0.36237788 -0.57557070 0.64114618
v 0.36284700 -0.56398624 0.64351910
v 0.36246109 -0.55274332 0.64156711
v 0.36211994 -0.54147708 0.63984138
v 0.36183429 -0.53018451 0.63839650
v 0.39868286 -0.50528061 0.82478863
v 0.40279278 -0.49270260 0.84557796
v 0.40466836 -0.48097357 0.85506541
v 0.40505576 -0.46978414 0.85702485
v 0.40544292 -0.45860103 0.85898322
v 0.40582985 -0.44742417 0.86094046
v 0.40621641 -0.43625364 0.86289591
v 0.40643224 -0.42514235 0.86398768
v 0.40620071 -0.41416961 0.86281657
v 0.40591469 -0.40320921 0.86136949
v 0.40562847 -0.39224419 0.85992175
v 0.40534216 -0.38127461 0.85847348
v 0.40485916 -0.37035346 0.85603034
v 0.40372226 -0.35959572 0.85027951
v 0.40259129 -0.34881812 0.84455878
v 0.40151498 -0.33800891 0.83911455
v 0.39848691 -0.32764605 0.82379740
v 0.39572543 -0.31717321 0.80982888
v 0.34914488 -0.31636021 0.57420939
v 0.34446836 -0.30585426 0.55055398
v 0.34169373 -0.29488236 0.53651899
v 0.33919504 -0.28381133 0.52387983
v 0.33693331 -0.27265525 0.51243919
v 0.33479717 -0.26143998 0.50163406
v 0.33261439 -0.25019833 0.49059284
v 0.33021614 -0.23895712 0.47846168
v 0.32780993 -0.22767855 0.46629018
v 0.32527569 -0.21638031 0.45347112
v 0.32285795 -0.20502481 0.44124135
v 0.31938139 -0.19377105 0.42365587
v 0.31455177 -0.18263021 0.39922595
v 0.19608359 -0.18468139 -0.20002472
v 0.19813655 -0.17172155 -0.18964018
v 0.19897319 -0.15891720 -0.18540813
v 0.20036077 -0.14607532 -0.17838928
v 0.20174591 -0.13325599 -0.17138278
v 0.20312864 -0.12045917 -0.16438858
v 0.20450893 -0.10768476 -0.15740663
v 0.20588680 -0.09493275 -0.15043692
v 0.20493847 -0.08232469 -0.15523387
v 0.20396852 -0.06970231 -0.16014014
v 0.20299739 -0.05706436 -0.16505247
v 0.20202504 -0.04441079 -0.16997086
v 0.20105150 -0.03174160 -0.17489532
v 0.19911982 -0.01906829 -0.18466644
v 0.19692169 -0.00636495 -0.19578519
v 0.18967715 0.00639412 -0.23243059
v 0.35818115 0.50869006 0.61991769
v 0.36252934 0.51852804 0.64191222
v 0.36685097 0.52830589 0.66377234
v 0.37099847 0.53808075 0.68475187
v 0.37081456 0.54948062 0.68382162
v 0.36900201 0.56153268 0.67465317
v 0.36718479 0.57361573 0.66546112
v 0.36537641 0.58572453 0.65631360
v 0.36358938 0.59785342 0.64727420
v 0.36179778 0.61001295 0.63821173
v 0.35932019 0.62250245 0.62567937
v 0.35470670 0.63598657 0.60234278
v 0.35006309 0.64955866 0.57885396
v 0.34615412 0.66286534 0.55908114
v 0.34305653 0.67585278 0.54341251
v 0.33962518 0.68905002 0.52605557
v 0.33513123 0.70282024 0.50332361
v 0.33010140 0.71692824 0.47788125
v 0.32473099 0.73128867 0.45071599
v 0.31810156 0.74637949 0.41718218
v 0.31343955 0.76055509 0.39360014
v 0.31047028 0.77391291 0.37858051
v 0.30779529 0.78716093 0.36504954
v 0.30492592 0.80055773 0.35053533
v 0.30182496 0.81412852 0.33484960
v 0.29832628 0.82797188 0.31715205
v 0.29418960 0.84223360 0.29622757
v 0.28527585 0.85931277 0.25113884
v 0.28872171 -0.80306065 0.32988805
v 0.32124221 -0.77388310 0.49304822
v 0.32748568 -0.75897795 0.52437270
v 0.33197564 -0.74507648 0.54689950
v 0.33546394 -0.73175496 0.56440073
v 0.33761978 -0.71915466 0.57521695
v 0.33976924 -0.70659196 0.58600092
v 0.34191224 -0.69406664 0.59675270
v 0.34404886 -0.68157864 0.60747248
v 0.34603718 -0.66919410 0.61744803
v 0.34725350 -0.65719604 0.62355053
v 0.34846777 -0.64521837 0.62964272
v 0.34909731 -0.63351935 0.63280123
v 0.34966585 -0.62185705 0.63565350
v 0.35022983 -0.61020571 0.63848317
v 0.35079339 -0.59856361 0.64131063
v 0.35135651 -0.58693063 0.64413589
v 0.35191917 -0.57530689 0.64695889
v 0.35248140 -0.56369227 0.64977968
v 0.35246709 -0.55231011 0.64970791
v 0.35207856 -0.54106975 0.64775854
v 0.35168982 -0.52982324 0.64580816
v 0.35136211 -0.51854837 0.64416397
v 0.39090580 -0.49309084 0.84256047
v 0.39407289 -0.48090932 0.85845011
v 0.39496687 -0.46955031 0.86293536
v 0.39535666 -0.45837280 0.86489105
v 0.39574626 -0.44720161 0.86684561
v 0.39606082 -0.43606031 0.86842394
v 0.39629102 -0.42494997 0.86957878
v 0.39625958 -0.41392174 0.86942112
v 0.39592990 -0.40298000 0.86776704
v 0.39564177 -0.39202118 0.86632144
v 0.39535356 -0.38105780 0.86487538
v 0.39506519 -0.37008980 0.86342859
v 0.39445564 -0.35920063 0.86037052
v 0.39331046 -0.34843656 0.85462493
v 0.39221901 -0.33764109 0.84914887
v 0.39113489 -0.32682645 0.84370989
v 0.38817772 -0.31642100 0.82887328
v 0.38548270 -0.30617726 0.81632841
v 0.33289319 -0.29437819 0.55150288
v 0.32987589 -0.28342462 0.53636467
v 0.32739902 -0.27232137 0.52393788
v 0.32525143 -0.26111934 0.51316303
v 0.32275462 -0.24994297 0.50063616
v 0.32027161 -0.23872446 0.48817855
v 0.31785119 -0.22745648 0.47603503
v 0.31536266 -0.21615992 0.46354976
v 0.31280458 -0.20483331 0.45071536
v 0.30979684 -0.19352509 0.43562514
v 0.30572197 -0.18230098 0.41518092
v 0.19159490 -0.18376265 -0.15741105
v 0.19252260 -0.17098930 -0.15275659
v 0.19333437 -0.15824234 -0.14868383
v 0.19414531 -0.14550844 -0.14461526
v 0.19495539 -0.13278757 -0.14055087
v 0.19607094 -0.12005645 -0.13495405
v 0.19745278 -0.10732508 -0.12802115
v 0.19833769 -0.09464556 -0.12358144
v 0.19736721 -0.08207656 -0.12845044
v 0.19639553 -0.06949210 -0.13332546
v 0.19542266 -0.05689215 -0.13820647
v 0.19444861 -0.04427669 -0.14309345
v 0.19356391 -0.03164388 -0.14753211
v 0.19270575 -0.01899662 -0.15183757
v 0.19184667 -0.00633564 -0.15614769
v 0.18850364 0.00634899 -0.17292020
v 0.18105569 0.01913624 -0.21028766
v 0.17563184 0.03200210 -0.23749994
v 0.17190118 0.04490727 -0.25621709
v 0.16357033 0.05803747 -0.29801428
v 0.35099256 0.50728309 0.64230996
v 0.35535070 0.51709825 0.66417539
v 0.35923070 0.52702135 0.68364191
v 0.36178398 0.53738606 0.69645190
v 0.36297485 0.54823792 0.70242691
v 0.36161509 0.56007963 0.69560474
v 0.36003032 0.57203388 0.68765360
v 0.35820422 0.58411276 0.67849177
v 0.35637340 0.59622270 0.66930634
v 0.35453787 0.60836405 0.66009724
v 0.35073036 0.62139344 0.64099431
v 0.34648964 0.63467586 0.61971807
v 0.34182885 0.64821553 0.59633434
v 0.33713761 0.66184378 0.57279778
v 0.33372712 0.67494839 0.55568677
v 0.33060005 0.68797266 0.53999794
v 0.32745945 0.70105350 0.52424091
v 0.32290372 0.71487987 0.50138420
v 0.31629738 0.72980320 0.46823928
v 0.31166846 0.74382877 0.44501531
v 0.30563068 0.75865442 0.41472289
v 0.30116022 0.77275622 0.39229396
v 0.29748541 0.78650665 0.37385708
v 0.29463220 0.79987276 0.35954198
v 0.29163149 0.81336516 0.34448704
v 0.28831691 0.82707983 0.32785723
v 0.28465861 0.84104115 0.30950290
v 0.27750850 0.85705578 0.27362990
v 0.27318341 0.87154812 0.25193036
v 0.31438220 -0.77151757 0.51796103
v 0.31925514 -0.75738513 0.54221171
v 0.32279882 -0.74400973 0.55984718
v 0.32663941 -0.73054111 0.57896024
v 0.32884914 -0.71794146 0.58995724
v 0.33100802 -0.70540172 0.60070103
v 0.33270428 -0.69311810 0.60914260
v 0.33393380 -0.68108159 0.61526144
v 0.33516121 -0.66906554 0.62136984
v 0.33638656 -0.65706986 0.62746787
v 0.33760983 -0.64509457 0.63355553
v 0.33861598 -0.63323420 0.63856286
v 0.33918864 -0.62157708 0.64141268
v 0.33976084 -0.60992932 0.64426023
v 0.34033260 -0.59829080 0.64710552
v 0.34090352 -0.58666164 0.64994693
v 0.34147006 -0.57504326 0.65276629
v 0.34203616 -0.56343412 0.65558350
v 0.34248874 -0.55187756 0.65783590
v 0.34209779 -0.54064590 0.65589035
v 0.34170660 -0.52940810 0.65394366
v 0.34131524 -0.51816416 0.65199596
v 0.34092367 -0.50691408 0.65004712
v 0.38249543 -0.48118469 0.85693312
v 0.38488802 -0.46931675 0.86883998
v 0.38525817 -0.45815220 0.87068212
v 0.38549015 -0.44703791 0.87183660
v 0.38572207 -0.43592730 0.87299067
v 0.38595387 -0.42482036 0.87414443
v 0.38618565 -0.41371718 0.87529773
v 0.38607597 -0.40271646 0.87475204
v 0.38572964 -0.39178061 0.87302846
v 0.38538316 -0.38083932 0.87130404
v 0.38508600 -0.36987942 0.86982530
v 0.38479564 -0.35891309 0.86838019
v 0.38405776 -0.34805390 0.86470836
v 0.38294315 -0.33727407 0.85916132
v 0.38185304 -0.32647091 0.85373616
v 0.38076118 -0.31565082 0.84830242
v 0.37801909 -0.30517325 0.83465612
v 0.37490538 -0.29473028 0.81916034
v 0.36868221 -0.28486657 0.78819025
v 0.31824929 -0.27192104 0.53720587
v 0.31551671 -0.26083738 0.52360719
v 0.31293571 -0.24968459 0.51076251
v 0.31035841 -0.23849027 0.49793625
v 0.30791187 -0.22723486 0.48576093
v 0.30546927 -0.21594007 0.47360507
v 0.30287370 -0.20462778 0.46068797
v 0.30022404 -0.19328141 0.44750148
v 0.29650879 -0.18202396 0.42901239
v 0.28965837 -0.17106806 0.39492053
v 0.18651989 -0.17031001 -0.11835822
v 0.18734552 -0.15761259 -0.11424927
v 0.18817033 -0.14492840 -0.11014458
v 0.18899427 -0.13225731 -0.10604414
v 0.18981737 -0.11959939 -0.10194796
v 0.19063960 -0.10695457 -0.09785601
v 0.19087733 -0.09435754 -0.09667288
v 0.19010116 -0.08181654 -0.10053554
v 0.18924592 -0.06926667 -0.10479173
v 0.18838975 -0.05670327 -0.10905249
v 0.18753266 -0.04412633 -0.11331787
v 0.18667465 -0.03153582 -0.11758784
v 0.18581569 -0.01893170 -0.12186242
v 0.18495585 -0.00631398 -0.12614162
v 0.18186612 0.00632623 -0.14151789
v 0.17791623 0.01902565 -0.16117488
v 0.17247558 0.03181726 -0.18825094
v 0.16578804 0.04472976 -0.22153223
v 0.16204061 0.05764339 -0.24018161
v 0.15791555 0.07063292 -0.26071036
v 0.34384364 0.50588387 0.66457868
v 0.34745094 0.51595074 0.68253082
v 0.35002673 0.52634060 0.69534940
v 0.35261214 0.53668606 0.70821595
v 0.35483021 0.54713178 0.71925431
v 0.35374159 0.55884010 0.71383673
v 0.35233390 0.57069337 0.70683134
v 0.35092345 0.58257020 0.69981211
v 0.34925005 0.59457880 0.69148421
v 0.34607959 0.60724902 0.67570603
v 0.34187657 0.62041569 0.65478945
v 0.33774644 0.63361686 0.63423532
v 0.33362859 0.64687806 0.61374259
v 0.32892033 0.66047364 0.59031153
v 0.32442263 0.67404634 0.56792819
v 0.32127964 0.68705130 0.55228686
v 0.31812304 0.70011258 0.53657764
v 0.31459123 0.71340686 0.51900131
v 0.30912721 0.72771466 0.49180904
v 0.30329677 0.74229348 0.46279335
v 0.29859141 0.75638956 0.43937674
v 0.29388848 0.77055889 0.41597208
v 0.28864610 0.78508723 0.38988283
v 0.28438723 0.79917234 0.36868829
v 0.28133720 0.81266844 0.35350943
v 0.27828535 0.82621396 0.33832169
v 0.27465025 0.84013385 0.32023105
v 0.27095327 0.85414648 0.30183265
v 0.26591477 0.86898887 0.27675807
v 0.26059765 0.88407356 0.25029701
v 0.25524300 0.89926469 0.22364917
v 0.30124626 -0.78408813 0.51153344
v 0.30650914 -0.76971835 0.53751451
v 0.31042525 -0.75612551 0.55684716
v 0.31314045 -0.74320370 0.57025117
v 0.31737781 -0.72956419 0.59116954
v 0.31933102 -0.71711457 0.60081208
v 0.32057381 -0.70503932 0.60694718
v 0.32181445 -0.69298470 0.61307192
v 0.32305300 -0.68095064 0.61918622
v 0.32428941 -0.66893697 0.62529010
v 0.32552376 -0.65694368 0.63138360
v 0.32675603 -0.64497083 0.63746679
v 0.32798618 -0.63301820 0.64353967
v 0.32872066 -0.62129760 0.64716554
v 0.32929674 -0.60965508 0.65000951
v 0.32987237 -0.59802186 0.65285122
v 0.33044758 -0.58639795 0.65569079
v 0.33102229 -0.57478321 0.65852791
v 0.33159655 -0.56317770 0.66136289
v 0.33216992 -0.55158156 0.66419345
v 0.33213264 -0.54022270 0.66400939
v 0.33173907 -0.52899361 0.66206646
v 0.33134529 -0.51775837 0.66012245
v 0.33095130 -0.50651699 0.65817744
v 0.37090471 -0.48146039 0.85541439
v 0.37365255 -0.46947351 0.86897945
v 0.37492895 -0.45801032 0.87528074
v 0.37515602 -0.44690153 0.87640166
v 0.37538958 -0.43579438 0.87755460
v 0.37562305 -0.42469084 0.87870717
v 0.37585643 -0.41359106 0.87985939
v 0.37608975 -0.40249494 0.88101119
v 0.37590083 -0.39152047 0.88007855
v 0.37555209 -0.38058639 0.87835699
v 0.37520319 -0.36964688 0.87663466
v 0.37485415 -0.35870188 0.87491137
v 0.37453344 -0.34774438 0.87332815
v 0.37368751 -0.33690789 0.86915207
v 0.37259132 -0.32611617 0.86374056
v 0.37131095 -0.31534845 0.85741997
v 0.37016678 -0.30453119 0.85177141
v 0.36724839 -0.29406580 0.83736432
v 0.36541101 -0.28333762 0.82829380
v 0.36099401 -0.27307779 0.80648845
v 0.30313706 -0.24942674 0.52086794
v 0.30053231 -0.23824564 0.50800902
v 0.29800394 -0.22701180 0.49552721
v 0.29553521 -0.21572950 0.48333997
v 0.29300636 -0.20441665 0.47085586
v 0.29036614 -0.19307846 0.45782191
v 0.28653389 -0.18184409 0.43890333
v 0.28122199 -0.17071821 0.41268030
v 0.17869297 -0.16983485 -0.09347203
v 0.17942278 -0.15718272 -0.08986920
v 0.18024942 -0.14453331 -0.08578832
v 0.18107522 -0.13189697 -0.08171164
v 0.18190014 -0.11927369 -0.07763919
v 0.18272424 -0.10666346 -0.07357094
v 0.18255308 -0.09412491 -0.07441583
v 0.18220840 -0.08159255 -0.07611739
v 0.18162037 -0.06906529 -0.07902024
v 0.18103191 -0.05652881 -0.08192522
v 0.18044305 -0.04398306 -0.08483234
v 0.17983228 -0.03142849 -0.08784740
v 0.17897259 -0.01886724 -0.09209143
v 0.17811197 -0.00629246 -0.09634001
v 0.17502716 0.00630460 -0.11156867
v 0.17129882 0.01895780 -0.12997432
v 0.16735253 0.03167396 -0.14945585
v 0.16247074 0.04447797 -0.17355569
v 0.15597633 0.05741591 -0.20561656
v 0.15221225 0.07033788 -0.22419854
v 0.14720240 0.08338280 -0.24893051
v 0.14188395 0.09652475 -0.27518597
v 0.13459274 0.10988235 -0.31118035
v 0.33546591 0.50493640 0.68046468
v 0.33825746 0.51528388 0.69424570
v 0.34084648 0.52566159 0.70702672
v 0.34346676 0.53598690 0.71996218
v 0.34616134 0.54624254 0.73326439
v 0.34572142 0.55767661 0.73109275
v 0.34449050 0.56943190 0.72501618
v 0.34307542 0.58128113 0.71803045
v 0.34140560 0.59325790 0.70978695
v 0.33727285 0.60629767 0.68938488
v 0.33305064 0.61944085 0.66854125
v 0.32880363 0.63266134 0.64757502
v 0.32474315 0.64586562 0.62752992
v 0.32066429 0.65914214 0.60739386
v 0.31598109 0.67276102 0.58427447
v 0.31198412 0.68613231 0.56454283
v 0.30881163 0.69917417 0.54888129
v 0.30513036 0.71251202 0.53070796
v 0.30095989 0.72614843 0.51011968
v 0.29530469 0.74059218 0.48220184
v 0.29039371 0.75474727 0.45795798
v 0.28456590 0.76945210 0.42918804
v 0.27900398 0.78410959 0.40173072
v 0.27425191 0.79842442 0.37827122
v 0.27117053 0.81191361 0.36305946
v 0.26807648 0.82545829 0.34778526
v 0.26444134 0.83935177 0.32983965
v 0.26066670 0.85338086 0.31120545
v 0.25672030 0.86756742 0.29172331
v 0.25272912 0.88184196 0.27202007
v 0.24799751 0.89661324 0.24866183
v 0.24259530 0.91185737 0.22199294
v 0.29345927 -0.78222311 0.53144497
v 0.29803264 -0.76825994 0.55384248
v 0.30052501 -0.75543255 0.56604838
v 0.30388245 -0.74220836 0.58249104
v 0.30718812 -0.72906226 0.59868014
v 0.30883440 -0.71677756 0.60674250
v 0.31002802 -0.70473605 0.61258805
v 0.31121966 -0.69271398 0.61842400
v 0.31240940 -0.68071145 0.62425047
v 0.31359717 -0.66872835 0.63006753
v 0.31478304 -0.65676469 0.63587511
v 0.31596699 -0.64482039 0.64167333
v 0.31714553 -0.63289690 0.64744496
v 0.31826210 -0.62101823 0.65291327
v 0.31880531 -0.60939646 0.65557361
v 0.31927648 -0.59781271 0.65788114
v 0.31974736 -0.58623648 0.66018718
v 0.32021797 -0.57466775 0.66249186
v 0.32068825 -0.56310636 0.66479492
v 0.32115820 -0.55155253 0.66709656
v 0.32152003 -0.54004610 0.66886860
v 0.32108611 -0.52883422 0.66674346
v 0.32065192 -0.51761574 0.66461706
v 0.32021746 -0.50639057 0.66248941
v 0.31978273 -0.49515861 0.66036040
v 0.36228547 -0.46967155 0.86851126
v 0.36427754 -0.45797497 0.87826717
v 0.36484927 -0.44675863 0.88106716
v 0.36507756 -0.43565717 0.88218516
v 0.36530578 -0.42455924 0.88330275
v 0.36553392 -0.41346493 0.88442004
v 0.36576852 -0.40237233 0.88556910
v 0.36600345 -0.39128333 0.88671947
v 0.36573413 -0.38033381 0.88540059
v 0.36538303 -0.36940145 0.88368112
v 0.36503175 -0.35846367 0.88196075
v 0.36459950 -0.34754038 0.87984383
v 0.36406305 -0.33663511 0.87721664
v 0.36288765 -0.32586861 0.87146044
v 0.36157686 -0.31511390 0.86504096
v 0.36029083 -0.30433342 0.85874289
v 0.35938442 -0.29345429 0.85430390
v 0.35650808 -0.28295323 0.84021735
v 0.35529107 -0.27208984 0.83425736
v 0.35215610 -0.26155937 0.81890416
v 0.34798139 -0.25116259 0.79845929
v 0.28811729 -0.22678891 0.50528353
v 0.28563255 -0.21551763 0.49311486
v 0.28314158 -0.20420839 0.48091573
v 0.28020337 -0.19291788 0.46652621
v 0.27657479 -0.18166503 0.44875562
v 0.27194348 -0.17046906 0.42607453
v 0.17205733 -0.16924138 -0.06310345
v 0.17188106 -0.15672219 -0.06396673
v 0.17237158 -0.14414038 -0.06156448
v 0.17319918 -0.13153857 -0.05751137
v 0.17402594 -0.11894976 -0.05346244
v 0.17440309 -0.10640370 -0.05161536
v 0.17417610 -0.09389891 -0.05272704
v 0.17394905 -0.08139058 -0.05383903
v 0.17357840 -0.06888487 -0.05565419
v 0.17298852 -0.05638107 -0.05854300
v 0.17239821 -0.04386808 -0.06143393
v 0.17180745 -0.03134587 -0.06432696
v 0.17121629 -0.01881445 -0.06722216
v 0.17056872 -0.00627400 -0.07039351
v 0.16809301 0.00628368 -0.08251792
v 0.16450344 0.01889306 -0.10009736
v 0.16075473 0.03156163 -0.11845613
v 0.15681243 0.04429400 -0.13776298
v 0.15190418 0.05712189 -0.16180041
v 0.14696613 0.07002770 -0.18598387
v 0.14182574 0.08302090 -0.21115826
v 0.13651298 0.09610447 -0.23717675
v 0.13037187 0.10932597 -0.26725188
v 0.12442347 0.12262907 -0.29638329
v 0.32102096 0.49473807 0.66642445
v 0.32557169 0.50453019 0.68871093
v 0.32908773 0.51461881 0.70593035
v 0.33168989 0.52498436 0.71867388
v 0.33434516 0.53528953 0.73167777
v 0.33705336 0.54553324 0.74494076
v 0.33763853 0.55655515 0.74780649
v 0.33663663 0.56819373 0.74290001
v 0.33526209 0.57999784 0.73616832
v 0.33274865 0.59229022 0.72385907
v 0.32891500 0.60517335 0.70508444
v 0.32425240 0.61846912 0.68224984
v 0.31998622 0.63166595 0.66135687
v 0.31580406 0.64489228 0.64087534
v 0.31170630 0.65814602 0.62080717
v 0.30758551 0.67147434 0.60062617
v 0.30301094 0.68507767 0.57822293
v 0.29952517 0.69823819 0.56115192
v 0.29569319 0.71161944 0.54238534
v 0.29150125 0.72523618 0.52185589
v 0.28728554 0.73893017 0.50121003
v 0.28190264 0.75327778 0.47484812
v 0.27596739 0.76799196 0.44578102
v 0.26938587 0.78313434 0.41354913
v 0.26413554 0.79767793 0.38783625
v 0.26103634 0.81115299 0.37265831
v 0.25762674 0.82484484 0.35596034
v 0.25400907 0.83870453 0.33824334
v 0.25021133 0.85272121 0.31964454
v 0.24616681 0.86693692 0.29983702
v 0.24207409 0.88124341 0.27979353
v 0.23803660 0.89558172 0.26002052
v 0.23397782 0.90999562 0.24014327
v 0.22989759 0.92448574 0.22016093
v 0.28014460 -0.79488164 0.52422559
v 0.28543597 -0.78050983 0.54993445
v 0.28813615 -0.76755530 0.56305361
v 0.29064289 -0.75474077 0.57523286
v 0.29464924 -0.74121565 0.59469825
v 0.29629001 -0.72891659 0.60267019
v 0.29808816 -0.71656668 0.61140662
v 0.29957396 -0.70439357 0.61862564
v 0.30077353 -0.69237769 0.62445390
v 0.30197114 -0.68038118 0.63027269
v 0.30300653 -0.66847688 0.63530332
v 0.30399770 -0.65660822 0.64011908
v 0.30498755 -0.64475554 0.64492828
v 0.30597606 -0.63291883 0.64973116
v 0.30694163 -0.62110716 0.65442246
v 0.30757710 -0.60944718 0.65751004
v 0.30805197 -0.59786248 0.65981722
v 0.30852652 -0.58628529 0.66212285
v 0.30900076 -0.57471550 0.66442698
v 0.30947468 -0.56315321 0.66672963
v 0.30996975 -0.55159032 0.66913497
v 0.31053326 -0.54000992 0.67187285
v 0.31034556 -0.52870893 0.67096090
v 0.30990824 -0.51749295 0.66883618
v 0.30947071 -0.50627041 0.66671032
v 0.30903289 -0.49504113 0.66458309
v 0.35090879 -0.46986976 0.86804271
v 0.35342765 -0.45800397 0.88028085
v 0.35427415 -0.44670209 0.88439393
v 0.35477930 -0.43551779 0.88684803
v 0.35500908 -0.42442346 0.88796449
v 0.35523883 -0.41333270 0.88908070
v 0.35546848 -0.40224555 0.89019650
v 0.35569808 -0.39116198 0.89131194
v 0.35588944 -0.38009217 0.89224172
v 0.35534912 -0.36921525 0.88961673
v 0.35480976 -0.35832974 0.88699597
v 0.35426992 -0.34743598 0.88437319
v 0.35372972 -0.33653396 0.88174850
v 0.35317600 -0.32562661 0.87905824
v 0.35185719 -0.31487969 0.87265050
v 0.35053590 -0.30411282 0.86623096
v 0.34968162 -0.29322964 0.86208028
v 0.34860229 -0.28237760 0.85683632
v 0.34640631 -0.27172092 0.84616685
v 0.34518129 -0.26085332 0.84021491
v 0.34241503 -0.25023550 0.82677466
v 0.33830282 -0.23979902 0.80679494
v 0.33227947 -0.22960241 0.77752978
v 0.27575132 -0.21530586 0.50288022
v 0.27324420 -0.20400769 0.49069920
v 0.27000195 -0.19276465 0.47494626
v 0.26667920 -0.18147026 0.45813030
v 0.26244333 -0.17024854 0.43822160
v 0.25470635 -0.15931664 0.40063038
v 0.16529152 -0.15617637 -0.03380335
v 0.16511509 -0.14369799 -0.03466052
v 0.16536584 -0.13118210 -0.03344227
v 0.16619438 -0.11862759 -0.02941668
v 0.16606687 -0.10614887 -0.03003618
v 0.16583924 -0.09367400 -0.03114214
v 0.16561155 -0.08119560 -0.03224842
v 0.16538379 -0.06871367 -0.03335500
v 0.16498703 -0.05623411 -0.03528266
v 0.16439533 -0.04375369 -0.03815752
v 0.16380319 -0.03126411 -0.04103448
v 0.16321062 -0.01876535 -0.04391355
v 0.16161908 -0.00626129 -0.05164627
v 0.15913464 0.00627091 -0.06371723
v 0.15664256 0.01884170 -0.07582536
v 0.15400276 0.03145397 -0.08865117
v 0.15023379 0.04413778 -0.10696322
v 0.14629585 0.05688588 -0.12609622
v 0.14136130 0.06973750 -0.15007146
v 0.13661070 0.08265632 -0.17315282
v 0.12838066 0.09585100 -0.21313959
v 0.12220847 0.10903768 -0.24312805
v 0.11598990 0.12232342 -0.27334177
v 0.11172716 0.13554642 -0.29405296
v 0.30496797 0.48499957 0.64483309
v 0.31150177 0.49420893 0.67657852
v 0.31569335 0.50412470 0.69694394
v 0.31986105 0.51398385 0.71719325
v 0.32255685 0.52430880 0.73029107
v 0.32524729 0.53459400 0.74336284
v 0.32791772 0.54486096 0.75671792
v 0.32833651 0.55602437 0.76098537
v 0.32836661 0.56713712 0.75851858
v 0.32737488 0.57876331 0.75370014
v 0.32411993 0.59132564 0.73788548
v 0.32044917 0.60411078 0.72005063
v 0.31586832 0.61733717 0.69779396
v 0.31119654 0.63067371 0.67509550
v 0.30689186 0.64392185 0.65418065
v 0.30277532 0.65715289 0.63417995
v 0.29863569 0.67045820 0.61406702
v 0.29447275 0.68383837 0.59384078
v 0.29026356 0.69730484 0.57338989
v 0.28627965 0.71072912 0.55403340
v 0.28206635 0.72432619 0.53356266
v 0.27782920 0.73800039 0.51297593
v 0.27356797 0.75175232 0.49227220
v 0.26770276 0.76638436 0.46377516
v 0.26068288 0.78170228 0.42966813
v 0.25413045 0.79688448 0.39783251
v 0.25073081 0.81049478 0.38131481
v 0.24717267 0.82424307 0.36402711
v 0.24359286 0.83805829 0.34663412
v 0.23977214 0.85206252 0.32807058
v 0.23563446 0.86630410 0.30796710
v 0.23143356 0.88064575 0.28755644
v 0.22737084 0.89497274 0.26781729
v 0.22328673 0.90937519 0.24797411
v 0.21914144 0.92387718 0.22783366
v 0.26626945 -0.80785471 0.51445806
v 0.27258414 -0.79290414 0.54489815
v 0.27572823 -0.77969670 0.56005412
v 0.27825779 -0.76685190 0.57224786
v 0.28111553 -0.75388080 0.58602345
v 0.28413796 -0.74087179 0.60059309
v 0.28543967 -0.72874975 0.60686791
v 0.28727087 -0.71639311 0.61569518
v 0.28856987 -0.70431638 0.62195694
v 0.28951079 -0.69242632 0.62649256
v 0.29051259 -0.68052274 0.63132185
v 0.29151309 -0.66863531 0.63614464
v 0.29251221 -0.65676379 0.64096105
v 0.29350999 -0.64490819 0.64577085
v 0.29450646 -0.63306862 0.65057427
v 0.29546499 -0.62126011 0.65519506
v 0.29634705 -0.60949796 0.65944690
v 0.29682556 -0.59791231 0.66175359
v 0.29730380 -0.58633405 0.66405880
v 0.29778168 -0.57476330 0.66636252
v 0.29825929 -0.56320006 0.66866475
v 0.29879338 -0.55162299 0.67123932
v 0.29936120 -0.54004192 0.67397648
v 0.29961011 -0.52858365 0.67517626
v 0.29916969 -0.51737034 0.67305338
v 0.29872903 -0.50615031 0.67092919
v 0.29834864 -0.49490345 0.66909552
v 0.29814321 -0.48359352 0.66810524
v 0.34258276 -0.45803094 0.88232565
v 0.34342942 -0.44673038 0.88640696
v 0.34428144 -0.43544117 0.89051408
v 0.34471899 -0.42428777 0.89262325
v 0.34495029 -0.41320059 0.89373833
v 0.34515837 -0.40212351 0.89474124
v 0.34521618 -0.39109060 0.89502013
v 0.34527406 -0.38005862 0.89529902
v 0.34505147 -0.36909980 0.89422601
v 0.34449014 -0.35822219 0.89152014
v 0.34394658 -0.34733164 0.88889992
v 0.34340262 -0.33643287 0.88627774
v 0.34285823 -0.32552579 0.88365346
v 0.34215194 -0.31464583 0.88024884
v 0.34082267 -0.30388677 0.87384111
v 0.33974272 -0.29305643 0.86863530
v 0.33907506 -0.28212863 0.86541688
v 0.33782041 -0.27130118 0.85936868
v 0.33631465 -0.26049981 0.85211033
v 0.33441013 -0.24974427 0.84292966
v 0.33212295 -0.23902270 0.83190411
v 0.32829130 -0.22850950 0.81343371
v 0.32299834 -0.21815649 0.78791928
v 0.26308352 -0.20384544 0.49910039
v 0.25985280 -0.19260712 0.48352668
v 0.25636321 -0.18134996 0.46670523
v 0.25247169 -0.17008393 0.44794613
v 0.24635522 -0.15898909 0.41846174
v 0.15810327 -0.15569632 -0.00695595
v 0.15812570 -0.14323862 -0.00684777
v 0.15814815 -0.13078129 -0.00673960
v 0.15797691 -0.11833844 -0.00756505
v 0.15777048 -0.10589525 -0.00856011
v 0.15754223 -0.09345016 -0.00966041
v 0.15731391 -0.08100155 -0.01076101
v 0.15708552 -0.06854942 -0.01186192
v 0.15685707 -0.05609380 -0.01296314
v 0.15643409 -0.04363990 -0.01500219
v 0.15584056 -0.03118277 -0.01786319
v 0.15519112 -0.01871716 -0.02099387
v 0.15270567 -0.00624861 -0.03297495
v 0.15021260 0.00625820 -0.04499279
v 0.14771186 0.01880343 -0.05704756
v 0.14520343 0.03138730 -0.06913944
v 0.14268726 0.04400994 -0.08126859
v 0.13973591 0.05668635 -0.09549551
v 0.13580272 0.06944969 -0.11445546
v 0.13084197 0.08232491 -0.13836873
v 0.12798892 0.09515484 -0.15212177
v 0.12209229 0.10822763 -0.18054646
v 0.10785542 0.12200049 -0.24917518
v 0.10286142 0.13524595 -0.27324870
v 0.09902914 0.14846547 -0.29172224
v 0.29737374 0.48384503 0.66439593
v 0.30161443 0.49381089 0.68483824
v 0.30583093 0.50371975 0.70516372
v 0.31002337 0.51357222 0.72537345
v 0.31344730 0.52363503 0.74187845
v 0.31617212 0.53390062 0.75501347
v 0.31763822 0.54459375 0.76208073
v 0.31910136 0.55526549 0.76913381
v 0.31843945 0.56673998 0.76594317
v 0.31798837 0.57814127 0.76376861
v 0.31551924 0.59036422 0.75186622
v 0.31198385 0.60306400 0.73482388
v 0.30776528 0.61610442 0.71448827
v 0.30278552 0.62953466 0.69048333
v 0.29810509 0.64291149 0.66792154
v 0.29387128 0.65616274 0.64751244
v 0.28971294 0.66944516 0.62746722
v 0.28553122 0.68280226 0.60730934
v 0.27961549 0.69703048 0.57879257
v 0.27603647 0.71024454 0.56153989
v 0.27171302 0.72387147 0.54069877
v 0.26736462 0.73757702 0.51973730
v 0.26299104 0.75136209 0.49865445
v 0.25838849 0.76532960 0.47646803
v 0.25167343 0.78044850 0.44409814
v 0.24472818 0.79579008 0.41061857
v 0.24031366 0.80990517 0.38933852
v 0.23673387 0.82364208 0.37208211
v 0.23313734 0.83744305 0.35474515
v 0.22934903 0.85140491 0.33648363
v 0.22511746 0.86567217 0.31608525
v 0.22083029 0.88003594 0.29541901
v 0.21671958 0.89436454 0.27560344
v 0.21261021 0.90875560 0.25579429
v 0.20778403 0.92363155 0.23252971
v 0.20219664 0.93903548 0.20559575
v 0.25263053 -0.82071936 0.50601304
v 0.25903538 -0.80567992 0.53664696
v 0.26330122 -0.79185677 0.55705011
v 0.26585367 -0.77898163 0.56925821
v 0.26839754 -0.76614982 0.58142525
v 0.27149051 -0.75289428 0.59865755
v 0.27323964 -0.74072367 0.60458457
v 0.27461478 -0.72857296 0.61116183
v 0.27645883 -0.71621954 0.61998171
v 0.27735552 -0.70433915 0.62427050
v 0.27799585 -0.69259071 0.62733316
v 0.27900568 -0.68068427 0.63216305
v 0.28001416 -0.66879386 0.63698643
v 0.28102124 -0.65691936 0.64180332
v 0.28202701 -0.64506096 0.64661378
v 0.28303137 -0.63321835 0.65141773
v 0.28398275 -0.62141323 0.65596801
v 0.28491238 -0.60963148 0.66041440
v 0.28559729 -0.59796208 0.66369033
v 0.28607917 -0.58638287 0.66599506
v 0.28656074 -0.57481110 0.66829836
v 0.28704306 -0.56324649 0.67060518
v 0.28761566 -0.55165577 0.67334384
v 0.28818777 -0.54007393 0.67608035
v 0.28875950 -0.52850103 0.67881483
v 0.28843620 -0.51724774 0.67726856
v 0.28799248 -0.50603038 0.67514610
v 0.28770286 -0.49475509 0.67376101
v 0.28749603 -0.48344851 0.67277163
v 0.33121243 -0.45822400 0.88186353
v 0.33258328 -0.44675866 0.88842016
v 0.33344179 -0.43546870 0.89252639
v 0.33429661 -0.42419299 0.89661491
v 0.33447683 -0.41312340 0.89747685
v 0.33453509 -0.40209052 0.89775556
v 0.33459339 -0.39105856 0.89803427
v 0.33465165 -0.38002744 0.89831299
v 0.33455217 -0.36903763 0.89783710
v 0.33421206 -0.35810596 0.89621055
v 0.33364433 -0.34722382 0.89349508
v 0.33308169 -0.33633184 0.89080411
v 0.33253360 -0.32542801 0.88818246
v 0.33198503 -0.31451586 0.88555872
v 0.33112386 -0.30366102 0.88143992
v 0.32981557 -0.29288343 0.87518257
v 0.32914373 -0.28196204 0.87196910
v 0.32847121 -0.27103046 0.86875260
v 0.32745391 -0.26015049 0.86388683
v 0.32522678 -0.24946277 0.85323477
v 0.32299072 -0.23874255 0.84253985
v 0.32066503 -0.22800218 0.83141625
v 0.31817672 -0.21725051 0.81951487
v 0.31233814 -0.20693402 0.79158956
v 0.24970701 -0.19245149 0.49203008
v 0.24619152 -0.18120372 0.47521585
v 0.24248436 -0.16992350 0.45748472
v 0.23697478 -0.15877244 0.43113288
v 0.14983675 -0.15532631 0.01435891
v 0.14944342 -0.14293472 0.01247772
v 0.14911672 -0.13053180 0.01091512
v 0.14905500 -0.11810468 0.01061997
v 0.14899331 -0.10567662 0.01032481
v 0.14893158 -0.09324760 0.01002963
v 0.14886986 -0.08081765 0.00973442
v 0.14880814 -0.06838676 0.00943919
v 0.14859778 -0.05596003 0.00843307
v 0.14836866 -0.04353060 0.00733717
v 0.14791928 -0.03110185 0.00518786
v 0.14632227 -0.01867940 -0.00245053
v 0.14382827 -0.00623599 -0.01437904
v 0.14132665 0.00624554 -0.02634411
v 0.13881736 0.01876534 -0.03834585
v 0.13630036 0.03132359 -0.05038447
v 0.13377561 0.04392048 -0.06246011
v 0.13124308 0.05655619 -0.07457297
v 0.12870273 0.06923088 -0.08672320
v 0.12533295 0.08198553 -0.10284062
v 0.12186541 0.09479722 -0.11942557
v 0.11940645 0.10759639 -0.13118657
v 0.11694018 0.12043364 -0.14298256
v 0.09987093 0.13447903 -0.22462335
v 0.29180920 0.49339148 0.69340128
v 0.29602778 0.50330079 0.71357834
v 0.30022249 0.51315397 0.73364133
v 0.30434769 0.52296776 0.75337178
v 0.30582651 0.53367817 0.76044494
v 0.30730239 0.54436713 0.76750380
v 0.30877525 0.55503458 0.77454853
v 0.31024522 0.56568074 0.78157914
v 0.30807239 0.57773656 0.77118671
v 0.30694649 0.58940595 0.76580161
v 0.30354780 0.60202074 0.74954593
v 0.29931229 0.61503559 0.72928792
v 0.29469961 0.62827492 0.70722592
v 0.28966641 0.64176601 0.68315244
v 0.28499401 0.65517563 0.66080481
v 0.28081712 0.66843522 0.64082706
v 0.27462915 0.68267208 0.61123043
v 0.26720941 0.69757223 0.57574254
v 0.26411316 0.71055591 0.56093347
v 0.26086521 0.72365934 0.54539877
v 0.25648677 0.73736030 0.52445710
v 0.25208297 0.75114059 0.50339407
v 0.24739929 0.76512802 0.48099235
v 0.24218060 0.77945864 0.45603186
v 0.23520105 0.79477620 0.42264923
v 0.23035368 0.80908531 0.39946476
v 0.22642265 0.82298237 0.38066286
v 0.22269207 0.83683157 0.36281982
v 0.21890512 0.85076839 0.34470713
v 0.21461578 0.86504120 0.32419160
v 0.21030277 0.87939274 0.30356282
v 0.20608279 0.89375722 0.28337902
v 0.20194823 0.90813679 0.26360381
v 0.19643265 0.92338610 0.23722327
v 0.19053334 0.93894660 0.20900731
v 0.24573612 -0.81833899 0.52974731
v 0.24940172 -0.80480099 0.54714388
v 0.25294706 -0.79138094 0.56396955
v 0.25599721 -0.77826792 0.57844537
v 0.25855532 -0.76544905 0.59058583
v 0.26106736 -0.75269181 0.60250771
v 0.26234564 -0.74057555 0.60857439
v 0.26379517 -0.72839630 0.61545360
v 0.26551107 -0.71611291 0.62359709
v 0.26614043 -0.70436174 0.62658405
v 0.26676932 -0.69262052 0.62956864
v 0.26749331 -0.68084574 0.63300461
v 0.26850975 -0.66895247 0.63782859
v 0.26952484 -0.65707511 0.64264613
v 0.27053854 -0.64521366 0.64745706
v 0.27155089 -0.63336819 0.65226161
v 0.27249482 -0.62156636 0.65674138
v 0.27343184 -0.60978168 0.66118830
v 0.27436715 -0.59801179 0.66562730
v 0.27485272 -0.58643162 0.66793168
v 0.27533796 -0.57485896 0.67023450
v 0.27585971 -0.56327987 0.67271060
v 0.27643660 -0.55168849 0.67544866
v 0.27701306 -0.54010600 0.67818451
v 0.27758911 -0.52853239 0.68091828
v 0.27770782 -0.51712513 0.68148172
v 0.27727169 -0.50590682 0.67941171
v 0.27706346 -0.49460679 0.67842358
v 0.27685520 -0.48330361 0.67743522
v 0.27664685 -0.47199723 0.67644650
v 0.32173574 -0.44678694 0.89043361
v 0.32256851 -0.43550590 0.89438581
v 0.32337388 -0.42424554 0.89820808
v 0.32385486 -0.41308951 0.90049082
v 0.32391357 -0.40205753 0.90076941
v 0.32397225 -0.39102647 0.90104795
v 0.32403097 -0.37999627 0.90132654
v 0.32395995 -0.36899993 0.90098953
v 0.32380974 -0.35802200 0.90027654
v 0.32337120 -0.34711063 0.89819527
v 0.32279918 -0.33622342 0.89548045
v 0.32222667 -0.32532769 0.89276356
v 0.32166281 -0.31442142 0.89008749
v 0.32111010 -0.30350423 0.88746428
v 0.32009175 -0.29267219 0.88263136
v 0.31922409 -0.28179559 0.87851351
v 0.31854740 -0.27087042 0.87530202
v 0.31723040 -0.26004899 0.86905181
v 0.31581181 -0.24922493 0.86231923
v 0.31381857 -0.23847298 0.85285956
v 0.31154239 -0.22773479 0.84205699
v 0.30911961 -0.21698377 0.83055884
v 0.30617046 -0.20626980 0.81656235
v 0.30168161 -0.19571532 0.79525870
v 0.23607577 -0.18105309 0.48390031
v 0.23249038 -0.16976617 0.46688443
v 0.22669663 -0.15865085 0.43938780
v 0.14069246 -0.15504488 0.03122090
v 0.14029764 -0.14267570 0.02934718
v 0.14023022 -0.13027449 0.02902717
v 0.14016829 -0.11787184 0.02873330
v 0.14010637 -0.10546827 0.02843940
v 0.14004444 -0.09306376 0.02814548
v 0.13998251 -0.08065831 0.02785155
v 0.13992056 -0.06825192 0.02755758
v 0.13985862 -0.05584459 0.02726360
v 0.13979666 -0.04343632 0.02696959
v 0.13976209 -0.03102660 0.02680548
v 0.13777804 -0.01863851 0.01738946
v 0.13529052 -0.00622226 0.00558395
v 0.13279545 0.00623171 -0.00625744
v 0.13029279 0.01872359 -0.01813485
v 0.12778248 0.03125353 -0.03004847
v 0.12526451 0.04382172 -0.04199845
v 0.12273885 0.05642834 -0.05398497
v 0.12020548 0.06907354 -0.06600818
v 0.11766431 0.08175753 -0.07806826
v 0.11628795 0.09441382 -0.08460030
v 0.11377737 0.10716403 -0.09651526
v 0.11124466 0.11995388 -0.10853525
v 0.10870423 0.13278273 -0.12059189
v 0.10813890 0.14547797 -0.12327491
v 0.10838569 0.15810485 -0.12210363
v 0.10863242 0.17072800 -0.12093271
v 0.10887907 0.18334743 -0.11976214
v 0.10912564 0.19596311 -0.11859190
v 0.10937214 0.20857507 -0.11742201
v 0.10940133 0.22121213 -0.11728351
v 0.28630719 0.50286013 0.72229338
v 0.29052573 0.51270598 0.74231410
v 0.29339346 0.52296382 0.75592417
v 0.29580522 0.53334230 0.76737010
v 0.29705787 0.54411024 0.77331495
v 0.29845777 0.55480397 0.77995867
v 0.29993740 0.56544590 0.78698099
v 0.29938608 0.57685798 0.78436440
v 0.29771340 0.58872449 0.77642602
v 0.29509026 0.60100168 0.76397693
v 0.29088861 0.61397046 0.74403638
v 0.28661188 0.62703454 0.72373939
v 0.28159562 0.64047998 0.69993281
v 0.27651086 0.65403128 0.67580116
v 0.26968387 0.66843200 0.64340091
v 0.26146436 0.68356389 0.60439187
v 0.25500479 0.69801360 0.57373548
v 0.25188157 0.71100640 0.55891293
v 0.24874550 0.72405273 0.54402947
v 0.24556406 0.73733395 0.52887923
v 0.24118137 0.75091934 0.50813091
v 0.23641588 0.76492667 0.48551431
v 0.23158985 0.77903664 0.46261054
v 0.22569817 0.79376495 0.43464929
v 0.22047482 0.80823553 0.40985984
v 0.21652284 0.82211572 0.39110410
v 0.21255074 0.83606660 0.37225291
v 0.20844437 0.85015041 0.35276458
v 0.20412941 0.86441112 0.33228612
v 0.19979063 0.87875044 0.31169474
v 0.19546044 0.89315069 0.29114407
v 0.19130076 0.90751892 0.27140275
v 0.18508731 0.92314070 0.24191433
v 0.17887223 0.93885767 0.21241821
v 0.17420807 0.95374620 0.19028263
v 0.23210712 -0.83118987 0.52144045
v 0.23528254 -0.81788093 0.53639495
v 0.23844494 -0.80462652 0.55128801
v 0.24193919 -0.79124886 0.56774390
v 0.24638365 -0.77736962 0.58763200
v 0.24887939 -0.76467532 0.60042822
v 0.25016880 -0.75254118 0.60650051
v 0.25145602 -0.74042755 0.61256266
v 0.25298077 -0.72821981 0.61974335
v 0.25429058 -0.71613604 0.62591177
v 0.25492463 -0.70438445 0.62889785
v 0.25555819 -0.69264275 0.63188154
v 0.25619122 -0.68091083 0.63486272
v 0.25699991 -0.66911113 0.63867122
v 0.25802299 -0.65723079 0.64348924
v 0.25904468 -0.64536655 0.64830083
v 0.26005566 -0.63352203 0.65306199
v 0.26100126 -0.62171966 0.65751511
v 0.26194564 -0.60993189 0.66196269
v 0.26288885 -0.59815884 0.66640466
v 0.26362437 -0.58648044 0.66986859
v 0.26411328 -0.57490677 0.67217094
v 0.26467499 -0.56331331 0.67481631
v 0.26525623 -0.55172122 0.67755365
v 0.26583704 -0.54013801 0.68028891
v 0.26641741 -0.52856374 0.68302208
v 0.26696619 -0.51713091 0.68572640
v 0.26664007 -0.50575525 0.68407065
v 0.26643041 -0.49445856 0.68308347
v 0.26622075 -0.48315871 0.68209600
v 0.26601100 -0.47185573 0.68110824
v 0.31082451 -0.44683424 0.89215380
v 0.31163695 -0.43555993 0.89597982
v 0.31244847 -0.42429811 0.89980167
v 0.31300104 -0.41312152 0.90240401
v 0.31329381 -0.40202457 0.90378273
v 0.31335291 -0.39099440 0.90406114
v 0.31341204 -0.37996513 0.90433955
v 0.31336996 -0.36896223 0.90414131
v 0.31321865 -0.35798544 0.90342867
v 0.31306729 -0.34700638 0.90271598
v 0.31252888 -0.33611381 0.90018034
v 0.31195253 -0.32522157 0.89746612
v 0.31137574 -0.31432074 0.89474982
v 0.31079850 -0.30341136 0.89203125
v 0.31023344 -0.29249084 0.88937014
v 0.30931616 -0.28162938 0.88505030
v 0.30819383 -0.27079192 0.87976480
v 0.30658144 -0.26002419 0.87217146
v 0.30503586 -0.24922091 0.86489272
v 0.30366737 -0.23836574 0.85844791
v 0.30229634 -0.22749037 0.85199100
v 0.29997703 -0.21673344 0.84106857
v 0.29721048 -0.20600387 0.82803965
v 0.29408243 -0.19528028 0.81330836
v 0.28855151 -0.18480785 0.78726089
v 0.22597681 -0.18090272 0.49257037
v 0.22211899 -0.16965231 0.47440228
v 0.21635799 -0.15853716 0.44727129
v 0.13158125 -0.15476447 0.04802189
v 0.13144082 -0.14239547 0.04736056
v 0.13137868 -0.13001817 0.04706797
v 0.13131656 -0.11763992 0.04677535
v 0.13125442 -0.10526074 0.04648271
v 0.13119227 -0.09288064 0.04619005
v 0.13115375 -0.08049843 0.04600863
v 0.13112298 -0.06811533 0.04586375
v 0.13109221 -0.05573177 0.04571887
v 0.13106145 -0.04334774 0.04557399
v 0.13046108 -0.03097396 0.04274665
v 0.12872306 -0.01860398 0.03456149
v 0.12698133 -0.00620788 0.02635903
v 0.12509499 0.00621497 0.01747544
v 0.12258737 0.01867322 0.00566599
v 0.12007212 0.03116932 -0.00617936
v 0.11754922 0.04370346 -0.01806076
v 0.11501864 0.05627582 -0.02997839
v 0.11248031 0.06888656 -0.04193240
v 0.10993423 0.08153588 -0.05392297
v 0.10929339 0.09411601 -0.05694095
v 0.10876274 0.10669874 -0.05944002
v 0.10669084 0.11939958 -0.06919746
v 0.10415525 0.13216820 -0.08113860
v 0.10294742 0.14486013 -0.08682683
v 0.10205572 0.15754052 -0.09102618
v 0.10176805 0.17017297 -0.09238101
v 0.10201490 0.18275145 -0.09121843
v 0.10226168 0.19532622 -0.09005620
v 0.10250840 0.20789731 -0.08889433
v 0.10270847 0.22047080 -0.08795208
v 0.10075558 0.23334089 -0.09714908
v 0.08764816 0.43855056 -0.15887745
v 0.09097711 0.45037326 -0.14320001
v 0.09145849 0.46292770 -0.14093299
v 0.09193961 0.47547492 -0.13866726
v 0.09242043 0.48801500 -0.13640282
v 0.09290099 0.50054795 -0.13413967
v 0.09338126 0.51307374 -0.13187782
v 0.09386127 0.52559239 -0.12961726
v 0.09434101 0.53810388 -0.12735797
v 0.09481691 0.54992390 -0.12535149
v 0.27660358 0.50242025 0.73099309
v 0.28011721 0.51250809 0.74754030
v 0.28242046 0.52296644 0.75838721
v 0.28516465 0.53323263 0.77131081
v 0.28729856 0.54368013 0.78136015
v 0.28855631 0.55442172 0.78728348
v 0.28981197 0.56514519 0.79319686
v 0.29112452 0.57582778 0.79937834
v 0.28844300 0.58806783 0.78674990
v 0.28655928 0.60002708 0.77787858
v 0.28249407 0.61290902 0.75873387
v 0.27820063 0.62594742 0.73851424
v 0.27345511 0.63924247 0.71616566
v 0.26304790 0.65505761 0.66715366
v 0.25641224 0.66936970 0.63590360
v 0.24826513 0.68445814 0.59753543
v 0.24278474 0.69845551 0.57172590
v 0.23963444 0.71145749 0.55688983
v 0.23647119 0.72451299 0.54199272
v 0.23329489 0.73762232 0.52703422
v 0.23009045 0.75079304 0.51194316
v 0.22543821 0.76472527 0.49003386
v 0.22057912 0.77883101 0.46715033
v 0.21568950 0.79302526 0.44412306
v 0.21061669 0.80738747 0.42023310
v 0.20641786 0.82136911 0.40045896
v 0.20194189 0.83556086 0.37937984
v 0.19718535 0.84997082 0.35697928
v 0.19338033 0.86393350 0.33905974
v 0.18929383 0.87810898 0.31981474
v 0.18490526 0.89251536 0.29914710
v 0.18066776 0.90690184 0.27919102
v 0.17374800 0.92289543 0.24660289
v 0.16721335 0.93876880 0.21582846
v 0.16251563 0.95365560 0.19370493
v 0.22111137 -0.83100903 0.52560639
v 0.22430870 -0.81770337 0.54054904
v 0.22746019 -0.80446929 0.55527747
v 0.23093502 -0.79111689 0.57151705
v 0.23513764 -0.77744955 0.59115779
v 0.23797628 -0.76452225 0.60442400
v 0.23927461 -0.75239068 0.61049175
v 0.24057075 -0.74027956 0.61654925
v 0.24217165 -0.72804332 0.62403107
v 0.24306938 -0.71615911 0.62822658
v 0.24370813 -0.70440716 0.63121182
v 0.24434638 -0.69266516 0.63419461
v 0.24498408 -0.68093276 0.63717490
v 0.24562126 -0.66921020 0.64015275
v 0.24651568 -0.65738666 0.64433277
v 0.24754535 -0.64551950 0.64914489
v 0.24854901 -0.63367844 0.65383548
v 0.24950199 -0.62187296 0.65828919
v 0.25045377 -0.61008221 0.66273743
v 0.25140437 -0.59830618 0.66718006
v 0.25235382 -0.58654475 0.67161715
v 0.25290293 -0.57494849 0.67418349
v 0.25348896 -0.56334674 0.67692226
v 0.25407454 -0.55175394 0.67965895
v 0.25465968 -0.54017007 0.68239355
v 0.25524294 -0.52859551 0.68511957
v 0.25582293 -0.51703084 0.68782997
v 0.25596848 -0.50561917 0.68851024
v 0.25580376 -0.49431047 0.68774045
v 0.25559267 -0.48301396 0.68675399
v 0.25538152 -0.47171438 0.68576717
v 0.29392979 -0.44869030 0.86592144
v 0.30070263 -0.43561393 0.89757419
v 0.30152032 -0.42435068 0.90139562
v 0.30212066 -0.41316050 0.90420121
v 0.30253702 -0.40202940 0.90614706
v 0.30273530 -0.39096233 0.90707380
v 0.30279484 -0.37993395 0.90735203
v 0.30278209 -0.36892456 0.90729243
v 0.30262971 -0.35794890 0.90658027
v 0.30247730 -0.34697092 0.90586793
v 0.30226529 -0.33600426 0.90487719
v 0.30168509 -0.32511553 0.90216571
v 0.30110446 -0.31421822 0.89945203
v 0.30052337 -0.30331233 0.89673626
v 0.29994181 -0.29239789 0.89401841
v 0.29910281 -0.28152373 0.89009750
v 0.29755840 -0.27076611 0.88287967
v 0.29593453 -0.25999939 0.87529051
v 0.29430708 -0.24920900 0.86768466
v 0.29288182 -0.23836188 0.86102372
v 0.29150075 -0.22748667 0.85456938
v 0.28976002 -0.21664321 0.84643424
v 0.28767896 -0.20582078 0.83670837
v 0.28528428 -0.19500825 0.82551682
v 0.27850774 -0.18469983 0.79384685
v 0.21589462 -0.18075258 0.50122607
v 0.21141291 -0.16957636 0.48028091
v 0.20516472 -0.15851130 0.45108002
v 0.12268658 -0.15446797 0.06562057
v 0.12262425 -0.14211588 0.06532925
v 0.12258176 -0.12976129 0.06513067
v 0.12255090 -0.11740527 0.06498645
v 0.12252004 -0.10504878 0.06484223
v 0.12248918 -0.09269182 0.06469800
v 0.12245832 -0.08033442 0.06455377
v 0.12242746 -0.06797654 0.06440955
v 0.12239660 -0.05561821 0.06426532
v 0.12236572 -0.04325942 0.06412107
v 0.12117457 -0.03092182 0.05855422
v 0.11942969 -0.01857263 0.05039950
v 0.11768110 -0.00619741 0.04222758
v 0.11592884 0.00620395 0.03403841
v 0.11417287 0.01863151 0.02583193
v 0.11236765 0.03106345 0.01770559
v 0.10987546 0.04358584 0.00574809
v 0.10734002 0.05612413 -0.00610122
v 0.10479686 0.06870060 -0.01798661
v 0.10287366 0.08128496 -0.02697461
v 0.10234281 0.09382007 -0.02945554
v 0.10181163 0.10636313 -0.03193804
v 0.10128010 0.11891413 -0.03442211
v 0.09964819 0.13155934 -0.04204882
v 0.09834334 0.14420086 -0.04814697
v 0.09745327 0.15682314 -0.05230670
v 0.09656226 0.16945882 -0.05647085
v 0.09567030 0.18210790 -0.06063940
v 0.09544221 0.19469346 -0.06170540
v 0.09568912 0.20722391 -0.06055144
v 0.09593596 0.21975069 -0.05939782
v 0.09410623 0.23256062 -0.06794900
v 0.09214760 0.24541667 -0.07710262
v 0.09018441 0.25830266 -0.08627758
v 0.08160668 0.41158578 -0.12636532
v 0.08407019 0.42363372 -0.11485222
v 0.08455198 0.43615538 -0.11260054
v 0.08503351 0.44866994 -0.11035015
v 0.08586980 0.46108061 -0.10644174
v 0.08678938 0.47345546 -0.10214413
v 0.08770796 0.48581687 -0.09785117
v 0.08862554 0.49816486 -0.09356288
v 0.08954213 0.51049942 -0.08927924
v 0.09045772 0.52282065 -0.08500025
v 0.09137231 0.53512847 -0.08072589
v 0.09169006 0.54761654 -0.07924096
v 0.08800507 0.56142986 -0.09646261
v 0.26912719 0.51251072 0.75000715
v 0.27144733 0.52296913 0.76085037
v 0.27389437 0.53334790 0.77228647
v 0.27726007 0.54335743 0.78801602
v 0.27881965 0.55398417 0.79530460
v 0.28008249 0.56469959 0.80120653
v 0.28134322 0.57539696 0.80709851
v 0.27947274 0.58730298 0.79835677
v 0.27749962 0.59927791 0.78913540
v 0.27412847 0.61185122 0.77338046
v 0.26763275 0.62576979 0.74302304
v 0.25779700 0.64119446 0.69705582
v 0.24809518 0.65670854 0.65171456
v 0.24185374 0.67085588 0.62254536
v 0.23503132 0.68535465 0.59066099
v 0.23054920 0.69889802 0.56971377
v 0.22731160 0.71193677 0.55458295
v 0.22388825 0.72511065 0.53858405
v 0.22044975 0.73834276 0.52251428
v 0.21751070 0.75138575 0.50877869
v 0.21434355 0.76458406 0.49397707
v 0.20947216 0.77867603 0.47121084
v 0.20457034 0.79285604 0.44830224
v 0.20004147 0.80691856 0.42713675
v 0.19556201 0.82102299 0.40620211
v 0.19105706 0.83520776 0.38514823
v 0.18628450 0.84960264 0.36284387
v 0.18193755 0.86383843 0.34252846
v 0.17816593 0.87782341 0.32490197
v 0.17437646 0.89187461 0.30719191
v 0.16971917 0.90647167 0.28542623
v 0.16241471 0.92265034 0.25128898
v 0.15555668 0.93867987 0.21923807
v 0.15082540 0.95356506 0.19712658
v 0.14438839 0.96953350 0.16704342
v 0.20941915 -0.83120000 0.52651793
v 0.21333963 -0.81752592 0.54470134
v 0.21647756 -0.80431312 0.55925530
v 0.21993454 -0.79098487 0.57528883
v 0.22416635 -0.77732021 0.59491611
v 0.22666910 -0.76457053 0.60652405
v 0.22838476 -0.75224024 0.61448133
v 0.22968981 -0.74013162 0.62053436
v 0.23120344 -0.72794425 0.62755460
v 0.23184744 -0.71618217 0.63054150
v 0.23249091 -0.70442986 0.63352585
v 0.23313384 -0.69268745 0.63650781
v 0.23377621 -0.68095469 0.63948727
v 0.23441808 -0.66923177 0.64246422
v 0.23505941 -0.65751851 0.64543873
v 0.23604056 -0.64567244 0.64998943
v 0.23703666 -0.63383484 0.65460938
v 0.23799706 -0.62202638 0.65906376
v 0.23895626 -0.61023265 0.66351253
v 0.23991425 -0.59845358 0.66795576
v 0.24088410 -0.58668423 0.67245394
v 0.24170448 -0.57498521 0.67625892
v 0.24229053 -0.56338435 0.67897695
v 0.24287611 -0.55179220 0.68169302
v 0.24346127 -0.54020905 0.68440700
v 0.24404596 -0.52863467 0.68711889
v 0.24460372 -0.51707804 0.68970585
v 0.24486724 -0.50562680 0.69092786
v 0.24479744 -0.49428689 0.69060421
v 0.24472766 -0.48294598 0.69028056
v 0.24465786 -0.47160399 0.68995684
v 0.24454582 -0.46027368 0.68943715
v 0.28976563 -0.43566796 0.89916897
v 0.29058945 -0.42440328 0.90298992
v 0.29123822 -0.41319951 0.90599883
v 0.29165766 -0.40206733 0.90794438
v 0.29207689 -0.39094144 0.90988880
v 0.29217941 -0.37990281 0.91036409
v 0.29219639 -0.36888692 0.91044301
v 0.29204294 -0.35791233 0.90973121
v 0.29188943 -0.34693551 0.90901929
v 0.29173589 -0.33595639 0.90830719
v 0.29142436 -0.32500955 0.90686214
v 0.29083988 -0.31411579 0.90415132
v 0.29012048 -0.30324081 0.90081477
v 0.28895244 -0.29244331 0.89539731
v 0.28778258 -0.28162888 0.88997132
v 0.28661084 -0.27079740 0.88453686
v 0.28528962 -0.25997460 0.87840897
v 0.28365064 -0.24918522 0.87080729
v 0.28209656 -0.23835801 0.86359948
v 0.28070551 -0.22748297 0.85714763
v 0.27872095 -0.21667312 0.84794319
v 0.27662414 -0.20584925 0.83821809
v 0.27408555 -0.19505158 0.82644391
v 0.26847568 -0.18459195 0.80042505
v 0.20071641 -0.16950047 0.48615426
v 0.19387223 -0.15849572 0.45441055
v 0.11398400 -0.15415791 0.08388499
v 0.11395305 -0.14182793 0.08374142
v 0.11392210 -0.12949747 0.08359785
v 0.11389115 -0.11716656 0.08345427
v 0.11386019 -0.10483519 0.08331070
v 0.11382923 -0.09250335 0.08316712
v 0.11379827 -0.08017106 0.08302353
v 0.11376730 -0.06783832 0.08287993
v 0.11373635 -0.05550512 0.08273632
v 0.11366729 -0.04317243 0.08241604
v 0.11191927 -0.03086985 0.07430866
v 0.11016759 -0.01854139 0.06618422
v 0.10841221 -0.00618697 0.05804268
v 0.10665312 0.00619349 0.04988398
v 0.10489033 0.01860006 0.04170807
v 0.10312381 0.03103285 0.03351489
v 0.10135357 0.04349192 0.02530439
v 0.09957957 0.05597737 0.01707651
v 0.09715478 0.06851564 0.00583024
v 0.09596717 0.08103024 0.00032208
v 0.09543581 0.09352598 -0.00214245
v 0.09490410 0.10602961 -0.00460852
v 0.09417471 0.11855504 -0.00799146
v 0.09338684 0.13109584 -0.01164565
v 0.09260898 0.14364748 -0.01525340
v 0.09224309 0.15617247 -0.01695047
v 0.09187703 0.16870290 -0.01864826
v 0.09111284 0.18128155 -0.02219260
v 0.09022158 0.19388615 -0.02632632
v 0.08932938 0.20650406 -0.03046442
v 0.08916091 0.21904132 -0.03124578
v 0.08750121 0.23178557 -0.03894353
v 0.08554146 0.24459782 -0.04803298
v 0.08357713 0.25743979 -0.05714354
v 0.08160827 0.27031165 -0.06627529
v 0.07310877 0.34748012 -0.10569639
v 0.07565507 0.35957780 -0.09388655
v 0.07704817 0.37188992 -0.08742529
v 0.07696293 0.38451567 -0.08782060
v 0.07687770 0.39714259 -0.08821594
v 0.07744390 0.40961388 -0.08558982
v 0.07836811 0.42198789 -0.08130328
v 0.07929132 0.43434843 -0.07702141
v 0.08021352 0.44669554 -0.07274418
v 0.08113473 0.45902926 -0.06847160
v 0.08205494 0.47134963 -0.06420365
v 0.08297414 0.48365662 -0.05994033
v 0.08389235 0.49595025 -0.05568162
v 0.08480956 0.50823057 -0.05142753
v 0.08570927 0.52050275 -0.04725466
v 0.08632023 0.53285241 -0.04442100
v 0.08450811 0.54597449 -0.05282572
v 0.08193858 0.55937332 -0.06474330
v 0.07872005 0.57302904 -0.07967097
v 0.26047409 0.52297181 0.76331341
v 0.26280400 0.53339815 0.77411956
v 0.26601091 0.54347461 0.78899336
v 0.26909834 0.55354732 0.80331302
v 0.27036840 0.56425464 0.80920351
v 0.27013126 0.57551855 0.80810374
v 0.26753283 0.58770496 0.79605222
v 0.26674607 0.59921134 0.79240304
v 0.26139209 0.61257464 0.76757091
v 0.25319463 0.62718713 0.72955078
v 0.24237414 0.64301974 0.67936486
v 0.23233125 0.65868139 0.63278538
v 0.21837698 0.67618811 0.56806481
v 0.21772887 0.68803275 0.56505883
v 0.21782054 0.69955528 0.56548399
v 0.21438020 0.71268660 0.54952753
v 0.21092466 0.72587603 0.53350049
v 0.20752326 0.73909110 0.51772475
v 0.20491105 0.75197929 0.50560915
v 0.20229013 0.76491046 0.49345320
v 0.19834523 0.77853322 0.47515652
v 0.19340952 0.79271019 0.45226452
v 0.18894336 0.80672187 0.43155023
v 0.18471532 0.82067710 0.41194043
v 0.18018138 0.83485490 0.39091176
v 0.17539307 0.84923470 0.36870334
v 0.17049728 0.86374336 0.34599641
v 0.16669905 0.87772655 0.32838005
v 0.16288283 0.89177597 0.31068018
v 0.15844119 0.90623212 0.29007959
v 0.15108743 0.92240536 0.25597256
v 0.14390218 0.93859094 0.22264703
v 0.13913739 0.95347452 0.20054761
v 0.13193320 0.96986634 0.16713423
v 0.19737227 -0.83157486 0.52582216
v 0.20237531 -0.81734854 0.54885179
v 0.20549922 -0.80415708 0.56323165
v 0.20893770 -0.79085296 0.57905948
v 0.21300451 -0.77728736 0.59777939
v 0.21516408 -0.76471508 0.60772020
v 0.21729656 -0.75218755 0.61753625
v 0.21881324 -0.73998374 0.62451774
v 0.21997608 -0.72796768 0.62987059
v 0.22062477 -0.71620524 0.63285661
v 0.22127293 -0.70445257 0.63584012
v 0.22192056 -0.69270974 0.63882118
v 0.22256763 -0.68097663 0.64179975
v 0.22321418 -0.66925329 0.64477587
v 0.22386017 -0.65753967 0.64774954
v 0.22453032 -0.64582551 0.65083432
v 0.22551866 -0.63399130 0.65538365
v 0.22653186 -0.62216163 0.66004765
v 0.22756329 -0.61033970 0.66479540
v 0.22859333 -0.59853351 0.66953677
v 0.22962199 -0.58674294 0.67427188
v 0.23048854 -0.57502782 0.67826074
v 0.23107891 -0.56342608 0.68097824
v 0.23166883 -0.55183315 0.68369371
v 0.23225829 -0.54024911 0.68640715
v 0.23284729 -0.52867383 0.68911844
v 0.23337314 -0.51712841 0.69153893
v 0.23376562 -0.50563437 0.69334561
v 0.23369534 -0.49429435 0.69302207
v 0.23362504 -0.48295322 0.69269848
v 0.23355474 -0.47161108 0.69237489
v 0.23348443 -0.46026793 0.69205123
v 0.27362135 -0.43723503 0.87680691
v 0.27965590 -0.42445588 0.90458471
v 0.28035370 -0.41323847 0.90779674
v 0.28077629 -0.40210527 0.90974194
v 0.28119862 -0.39097834 0.91168612
v 0.28156570 -0.37987167 0.91337562
v 0.28161287 -0.36884925 0.91359282
v 0.28145832 -0.35787579 0.91288143
v 0.28130373 -0.34690005 0.91216993
v 0.28114915 -0.33592212 0.91145825
v 0.28096446 -0.32494834 0.91060811
v 0.28000772 -0.31413382 0.90620410
v 0.27881041 -0.30335391 0.90069282
v 0.27763307 -0.29255250 0.89527321
v 0.27645382 -0.28173408 0.88984513
v 0.27527276 -0.27089864 0.88440847
v 0.27408984 -0.26004612 0.87896329
v 0.27290505 -0.24917656 0.87350959
v 0.27134207 -0.23834933 0.86631507
v 0.26978543 -0.22749819 0.85914963
v 0.26758051 -0.21671715 0.84900016
v 0.26477918 -0.20598486 0.83610505
v 0.26196739 -0.19521269 0.82316202
v 0.25917506 -0.18454038 0.81033713
v 0.19002950 -0.16942465 0.49202237
v 0.18287791 -0.15845075 0.45910269
v 0.10490061 -0.15388738 0.10016278
v 0.10507918 -0.14156127 0.10098481
v 0.10525772 -0.12923777 0.10180667
v 0.10526652 -0.11692881 0.10184716
v 0.10523547 -0.10462246 0.10170421
v 0.10520442 -0.09231564 0.10156126
v 0.10517336 -0.08000838 0.10141830
v 0.10514230 -0.06770065 0.10127535
v 0.10511124 -0.05539248 0.10113238
v 0.10444978 -0.04310007 0.09808756
v 0.10269503 -0.03081806 0.09001023
v 0.10093660 -0.01851025 0.08191592
v 0.09917447 -0.00617657 0.07380460
v 0.09740863 0.00618306 0.06567622
v 0.09563906 0.01856873 0.05753072
v 0.09386578 0.03098050 0.04936804
v 0.09208875 0.04341848 0.04118812
v 0.09054963 0.05587475 0.03410332
v 0.08909111 0.06835040 0.02738957
v 0.08796540 0.08083159 0.02220783
v 0.08717740 0.09331071 0.01858058
v 0.08638867 0.10580147 0.01494993
v 0.08559921 0.11830390 0.01131590
v 0.08480900 0.13081801 0.00767847
v 0.08364093 0.14337572 0.00230175
v 0.08272637 0.15592732 -0.00190814
v 0.08235882 0.16843803 -0.00360001
v 0.08199112 0.18095416 -0.00529262
v 0.08162326 0.19347572 -0.00698595
v 0.08125523 0.20600273 -0.00868003
v 0.08088703 0.21853516 -0.01037483
v 0.08058855 0.23106351 -0.01174883
v 0.07920358 0.24375220 -0.01812400
v 0.07718906 0.25655627 -0.02739713
v 0.07516975 0.26939073 -0.03669229
v 0.07314564 0.28225574 -0.04600954
v 0.07111671 0.29515135 -0.05534898
v 0.07060636 0.30780300 -0.05769818
v 0.07052109 0.32038239 -0.05809065
v 0.07043583 0.33296302 -0.05848316
v 0.07035055 0.34554493 -0.05887571
v 0.07026526 0.35812807 -0.05926828
v 0.07017997 0.37071249 -0.05966091
v 0.07009466 0.38329816 -0.06005358
v 0.07000935 0.39588511 -0.06044628
v 0.07047755 0.40834087 -0.05829111
v 0.07140266 0.42067713 -0.05403269
v 0.07232677 0.43300003 -0.04977888
v 0.07324988 0.44530955 -0.04552967
v 0.07417201 0.45760581 -0.04128506
v 0.07509311 0.46988869 -0.03704504
v 0.07592750 0.48218262 -0.03320428
v 0.07654111 0.49452850 -0.03037977
v 0.07715427 0.50686544 -0.02755728
v 0.07776699 0.51919347 -0.02473683
v 0.07837928 0.53151268 -0.02191842
v 0.07602718 0.54477191 -0.03274538
v 0.07199944 0.55861449 -0.05128568
v 0.06925468 0.57208675 -0.06392012
v 0.06677088 0.58551008 -0.07535338
v 0.25184751 0.53340089 0.77657896
v 0.25475687 0.54359186 0.78997105
v 0.25815925 0.55356038 0.80563265
v 0.26066956 0.56381047 0.81718796
v 0.25891104 0.57564151 0.80909336
v 0.25629273 0.58783072 0.79704088
v 0.25457853 0.59970248 0.78915024
v 0.24801621 0.61354405 0.75894290
v 0.23832409 0.62876076 0.71432877
v 0.00017935 0.73911685 -0.38188300
v 0.19861868 0.66822153 0.53155959
v 0.19795881 0.68012691 0.52852213
v 0.19729841 0.69204223 0.52548212
v 0.19792661 0.70339346 0.52837384
v 0.19872694 0.71465755 0.53205794
v 0.19793364 0.72664291 0.52840620
v 0.19492675 0.73967445 0.51456511
v 0.19229150 0.75257385 0.50243467
v 0.18964747 0.76551628 0.49026382
v 0.18699458 0.77850187 0.47805229
v 0.18225282 0.79256433 0.45622531
v 0.17784366 0.80652893 0.43592933
v 0.17368937 0.82042795 0.41680658
v 0.16931491 0.83450240 0.39667040
v 0.16451108 0.84886718 0.37455779
v 0.15905954 0.86364841 0.34946358
v 0.15523471 0.87762976 0.33185735
v 0.15139174 0.89167738 0.31416768
v 0.14597738 0.90665483 0.28924459
v 0.13976619 0.92216051 0.26065364
v 0.13229567 0.93847597 0.22626594
v 0.12745158 0.95338398 0.20396794
v 0.11946945 0.97019929 0.16722509
v 0.18531451 -0.83195007 0.52512568
v 0.19141574 -0.81717116 0.55300045
v 0.19452512 -0.80400103 0.56720638
v 0.19794455 -0.79072106 0.58282870
v 0.20147547 -0.77743608 0.59896052
v 0.20365471 -0.76485950 0.60891682
v 0.20580328 -0.75232947 0.61873299
v 0.20794101 -0.73983598 0.62849969
v 0.20874800 -0.72799122 0.63218665
v 0.20940019 -0.71622890 0.63516629
v 0.21004592 -0.70447904 0.63811642
v 0.21069111 -0.69273883 0.64106411
v 0.21133579 -0.68100834 0.64400941
v 0.21197991 -0.66928750 0.64695227
v 0.21262351 -0.65757620 0.64989275
v 0.21328869 -0.64586550 0.65293175
v 0.21420431 -0.63406289 0.65711486
v 0.21524471 -0.62222403 0.66186821
v 0.21628374 -0.61040092 0.66661519
v 0.21732137 -0.59859347 0.67135584
v 0.21835762 -0.58680171 0.67609018
v 0.21919909 -0.57509696 0.67993468
v 0.21986562 -0.56346786 0.68297976
v 0.22045985 -0.55187404 0.68569469
v 0.22105363 -0.54028910 0.68840754
v 0.22161883 -0.52872252 0.69098979
v 0.22214034 -0.51717877 0.69337237
v 0.22266150 -0.50564271 0.69575340
v 0.22259291 -0.49430177 0.69543999
v 0.22252211 -0.48296052 0.69511652
v 0.22245128 -0.47161818 0.69479299
v 0.22238049 -0.46027488 0.69446951
v 0.22235151 -0.44891843 0.69433713
v 0.26871964 -0.42450851 0.90617985
v 0.26946718 -0.41327751 0.90959507
v 0.26989284 -0.40214321 0.91153991
v 0.27031833 -0.39101523 0.91348374
v 0.27074352 -0.37989351 0.91542643
v 0.27101454 -0.36881575 0.91666448
v 0.27087587 -0.35783926 0.91603106
v 0.27067739 -0.34687451 0.91512424
v 0.26999509 -0.33601469 0.91200709
v 0.26931217 -0.32514504 0.90888703
v 0.26862869 -0.31426552 0.90576422
v 0.26777327 -0.30341053 0.90185618
v 0.26654929 -0.29261446 0.89626426
v 0.26532334 -0.28180084 0.89066309
v 0.26409540 -0.27096966 0.88505298
v 0.26286542 -0.26012087 0.87943363
v 0.26163349 -0.24925445 0.87380522
v 0.26039952 -0.23837036 0.86816764
v 0.25810105 -0.22762766 0.85766649
v 0.25522032 -0.21693437 0.84450537
v 0.25232869 -0.20620044 0.83129424
v 0.24942605 -0.19542566 0.81803292
v 0.24651232 -0.18460979 0.80472088
v 0.17767617 -0.16952647 0.49022838
v 0.17215566 -0.15837958 0.46500671
v 0.09581874 -0.15362051 0.11624520
v 0.09599798 -0.14131582 0.11706407
v 0.09617718 -0.12901373 0.11788280
v 0.09635635 -0.11671428 0.11870132
v 0.09653547 -0.10441744 0.11951968
v 0.09661453 -0.09212870 0.11988091
v 0.09658338 -0.07984635 0.11973859
v 0.09655222 -0.06756355 0.11959624
v 0.09652107 -0.05528030 0.11945391
v 0.09526312 -0.04302796 0.11370664
v 0.09350168 -0.03076643 0.10565919
v 0.09173656 -0.01847921 0.09759486
v 0.08996774 -0.00616620 0.08951361
v 0.08827797 0.00617237 0.08179355
v 0.08682594 0.01853303 0.07515968
v 0.08537143 0.03091495 0.06851440
v 0.08391440 0.04331820 0.06185767
v 0.08245487 0.05574283 0.05518947
v 0.08102453 0.06818762 0.04865466
v 0.07977083 0.08064491 0.04292688
v 0.07864277 0.09311365 0.03777307
v 0.07785173 0.10557792 0.03415904
v 0.07705995 0.11805382 0.03054164
v 0.07626743 0.13054134 0.02692086
v 0.07508746 0.14307301 0.02152992
v 0.07377233 0.15563427 0.01552147
v 0.07287046 0.16817397 0.01140106
v 0.07250128 0.18067043 0.00971436
v 0.07213193 0.19317229 0.00802692
v 0.07176243 0.20567958 0.00633877
v 0.07139276 0.21819229 0.00464987
v 0.07081555 0.23073845 0.00201273
v 0.07067487 0.24323085 0.00137007
v 0.07070645 0.25569949 0.00151434
v 0.06918754 0.26841128 -0.00542514
v 0.06716371 0.28122827 -0.01467144
v 0.06513508 0.29407567 -0.02393967
v 0.06329709 0.30691859 -0.03233691
v 0.06263483 0.31956929 -0.03536259
v 0.06293738 0.33204281 -0.03398035
v 0.06323982 0.34451193 -0.03259860
v 0.06344049 0.35699785 -0.03168177
v 0.06335513 0.36954248 -0.03207178
v 0.06326975 0.38208836 -0.03246183
v 0.06318437 0.39463553 -0.03285192
v 0.06355435 0.40707576 -0.03116157
v 0.06448034 0.41937450 -0.02693099
v 0.06540533 0.43165994 -0.02270497
v 0.06617378 0.44397250 -0.01919419
v 0.06679001 0.45631441 -0.01637876
v 0.06740581 0.46864742 -0.01356537
v 0.06802116 0.48097157 -0.01075400
v 0.06863607 0.49328688 -0.00794464
v 0.06925055 0.50559330 -0.00513732
v 0.06986457 0.51789087 -0.00233200
v 0.07047816 0.53017962 0.00047129
v 0.06758356 0.54357451 -0.01275329
v 0.06354473 0.55738384 -0.03120554
v 0.05948678 0.57125849 -0.04974515
v 0.05656444 0.58480662 -0.06309652
v 0.05406155 0.59825188 -0.07453145
v 0.24349797 0.54370916 0.79094923
v 0.24604028 0.55400014 0.80256432
v 0.24614075 0.56515491 0.80302334
v 0.24624120 0.57630831 0.80348229
v 0.24504782 0.58795655 0.79803014
v 0.24239105 0.60019439 0.78589207
v -0.00231714 0.72187489 -0.33210954
v -0.00784532 0.73716390 -0.35736620
v -0.01471520 0.75309765 -0.38875270
v -0.02134537 0.76902926 -0.41904405
v 0.17839091 0.70701861 0.49349368
v 0.17978622 0.71807784 0.49986851
v 0.18117912 0.72911781 0.50623226
v 0.18234849 0.74024099 0.51157480
v 0.17966956 0.75316107 0.49933550
v 0.17698474 0.76612300 0.48706934
v 0.17430858 0.77911991 0.47484273
v 0.17110020 0.79241854 0.46018460
v 0.16674924 0.80633593 0.44030631
v 0.16256715 0.82023120 0.42119956
v 0.15836328 0.83419877 0.40199327
v 0.15363851 0.84849995 0.38040715
v 0.14788133 0.86341715 0.35410428
v 0.14377289 0.87753302 0.33533391
v 0.13990320 0.89157885 0.31765446
v 0.13340722 0.90713018 0.28797618
v 0.12845092 0.92191577 0.26533228
v 0.12093081 0.93822581 0.23097506
v 0.11576802 0.95329344 0.20738767
v 0.10699712 0.97053260 0.16731602
v 0.17201154 -0.83296591 0.51883125
v 0.17963298 -0.81741738 0.55339277
v 0.18355529 -0.80384505 0.57117957
v 0.18695505 -0.79058915 0.58659679
v 0.18994202 -0.77758485 0.60014200
v 0.19213884 -0.76500517 0.61010402
v 0.19430569 -0.75247157 0.61993027
v 0.19641782 -0.73999494 0.62950832
v 0.19741987 -0.72806042 0.63405240
v 0.19810918 -0.71628237 0.63717824
v 0.19875960 -0.70453155 0.64012778
v 0.19940948 -0.69279051 0.64307487
v 0.20005883 -0.68105912 0.64601952
v 0.20070766 -0.66933739 0.64896184
v 0.20135593 -0.65762520 0.65190160
v 0.20212114 -0.64587456 0.65537167
v 0.20299181 -0.63409257 0.65931994
v 0.20395529 -0.62228650 0.66368914
v 0.20500192 -0.61046213 0.66843534
v 0.20604715 -0.59865344 0.67317522
v 0.20709197 -0.58686012 0.67791325
v 0.20790105 -0.57516831 0.68158227
v 0.20865066 -0.56350964 0.68498158
v 0.20924923 -0.55191493 0.68769598
v 0.20984733 -0.54032910 0.69040823
v 0.21038005 -0.52877402 0.69282401
v 0.21090537 -0.51722914 0.69520622
v 0.21143036 -0.50569195 0.69758683
v 0.21149014 -0.49430922 0.69785798
v 0.21141882 -0.48296779 0.69753462
v 0.21134751 -0.47162533 0.69721121
v 0.21145737 -0.46022856 0.69770932
v 0.21165271 -0.44880888 0.69859523
v 0.25300935 -0.42589399 0.88613856
v 0.25857857 -0.41331652 0.91139370
v 0.25900736 -0.40218118 0.91333824
v 0.25943592 -0.39105210 0.91528165
v 0.25986427 -0.37992933 0.91722399
v 0.26019260 -0.36883706 0.91871303
v 0.25970978 -0.35794085 0.91652340
v 0.25902241 -0.34708440 0.91340649
v 0.25833443 -0.33621809 0.91028655
v 0.25764585 -0.32534197 0.90716398
v 0.25695658 -0.31445593 0.90403843
v 0.25626674 -0.30356005 0.90091008
v 0.25551471 -0.29266608 0.89749980
v 0.25427958 -0.28185061 0.89189881
v 0.25304243 -0.27101755 0.88628858
v 0.25180328 -0.26016688 0.88066930
v 0.25037539 -0.24932908 0.87419403
v 0.24827467 -0.23857547 0.86466783
v 0.24569330 -0.22786291 0.85296184
v 0.24160857 -0.21732558 0.83443850
v 0.23868582 -0.20657299 0.82118434
v 0.23575188 -0.19577941 0.80787963
v 0.16949919 -0.18085557 0.50743824
v 0.16480514 -0.16968131 0.48615175
v 0.16008361 -0.15844163 0.46474063
v 0.08676833 -0.15335459 0.13227192
v 0.08694822 -0.14107122 0.13308768
v 0.08712807 -0.12879045 0.13390326
v 0.08730789 -0.11651230 0.13471869
v 0.08748766 -0.10423677 0.13553393
v 0.08766740 -0.09196384 0.13634899
v 0.08784710 -0.07969352 0.13716389
v 0.08799688 -0.06742700 0.13784310
v 0.08787150 -0.05517164 0.13727455
v 0.08610714 -0.04295608 0.12927355
v 0.08458688 -0.03071049 0.12237952
v 0.08313883 -0.01844206 0.11581293
v 0.08168830 -0.00615261 0.10923509
v 0.08023529 0.00615788 0.10264599
v 0.07877978 0.01848949 0.09604559
v 0.07732178 0.03084227 0.08943386
v 0.07586126 0.04321627 0.08281077
v 0.07439823 0.05561155 0.07617628
v 0.07300664 0.06802520 0.06986570
v 0.07175002 0.08045268 0.06416719
v 0.07049154 0.09289850 0.05846029
v 0.06935077 0.10535532 0.05328714
v 0.06855672 0.11780480 0.04968626
v 0.06776192 0.13026585 0.04608203
v 0.06657003 0.14277157 0.04067707
v 0.06525110 0.15530612 0.03469604
v 0.06393015 0.16786000 0.02870579
v 0.06304114 0.18038760 0.02467435
v 0.06267034 0.19286983 0.02299280
v 0.06229936 0.20535745 0.02131052
v 0.06192823 0.21785048 0.01962750
v 0.06134750 0.23037703 0.01699402
v 0.06075572 0.24291357 0.01431041
v 0.06078744 0.25536597 0.01445425
v 0.06081915 0.26781791 0.01459809
v 0.06085087 0.28026935 0.01474193
v 0.05919690 0.29300779 0.00724153
v 0.05730465 0.30581260 -0.00133939
v 0.05558452 0.31861302 -0.00913985
v 0.05444457 0.33132681 -0.01430925
v 0.05474785 0.34376919 -0.01293394
v 0.05505103 0.35620719 -0.01155911
v 0.05535409 0.36864081 -0.01018476
v 0.05565705 0.38107005 -0.00881090
v 0.05595991 0.39349496 -0.00743753
v 0.05638254 0.40588716 -0.00552098
v 0.05700432 0.41822490 -0.00270137
v 0.05762564 0.43055364 0.00011621
v 0.05824652 0.44287360 0.00293176
v 0.05886695 0.45518458 0.00574527
v 0.05948693 0.46748671 0.00855675
v 0.06010647 0.47977996 0.01136620
v 0.06072555 0.49206436 0.01417364
v 0.06134420 0.50433987 0.01697904
v 0.06196240 0.51660657 0.01978243
v 0.06257337 0.52886653 0.02255309
v 0.05917696 0.54238242 0.00715109
v 0.05512720 0.55615854 -0.01121368
v 0.05105831 0.56999981 -0.02966521
v 0.04697015 0.58390659 -0.04820413
v 0.04386782 0.59753287 -0.06227251
v 0.04134584 0.61099994 -0.07370912
v 0.03881652 0.62450629 -0.08517903
v 0.23018225 0.56700426 0.78262258
v 0.23001508 0.57829452 0.78186458
v 0.02510780 0.66757715 -0.14734507
v 0.01896329 0.68267804 -0.17520906
v 0.01230346 0.69807196 -0.20540994
v -0.00440440 0.71760863 -0.28117642
v -0.01569577 0.73516732 -0.33238029
v -0.02444191 0.75182801 -0.37204212
v -0.03301904 0.76854390 -0.41093752
v 0.16278887 0.72058254 0.47700837
v 0.16420148 0.73165876 0.48341426
v 0.16788483 0.74166828 0.50011742
v 0.16709480 0.75371784 0.49653482
v 0.16438366 0.76669180 0.48424047
v 0.16166340 0.77970952 0.47190464
v 0.15893705 0.79276967 0.45954123
v 0.15532444 0.80631000 0.44315884
v 0.15116303 0.82017934 0.42428780
v 0.14698024 0.83412009 0.40531972
v 0.14277536 0.84813303 0.38625142
v 0.13698217 0.86304241 0.35998070
v 0.13231358 0.87743622 0.33880970
v 0.12841719 0.89148027 0.32114041
v 0.12082387 0.90760612 0.28670636
v 0.11699279 0.92175388 0.26933330
v 0.10957202 0.93797576 0.23568167
v 0.10408665 0.95320296 0.21080673
v 0.09445853 0.97095954 0.16715151
v 0.15695119 -0.83487278 0.50475723
v 0.16624129 -0.81847751 0.54657495
v 0.17242622 -0.80377090 0.57441539
v 0.17596923 -0.79045737 0.59036356
v 0.17840417 -0.77773368 0.60132402
v 0.18061735 -0.76515138 0.61128628
v 0.18280375 -0.75261354 0.62112796
v 0.18468960 -0.74024689 0.62961680
v 0.18569942 -0.72830820 0.63416237
v 0.18670796 -0.71638465 0.63870209
v 0.18747160 -0.70458418 0.64213943
v 0.18812616 -0.69284219 0.64508593
v 0.18878022 -0.68110985 0.64802998
v 0.18943372 -0.66938716 0.65097165
v 0.19008669 -0.65767419 0.65391082
v 0.19095328 -0.64588362 0.65781170
v 0.19183013 -0.63410145 0.66175866
v 0.19270600 -0.62233227 0.66570127
v 0.19371785 -0.61052334 0.67025590
v 0.19477069 -0.59871346 0.67499506
v 0.19578521 -0.58693302 0.67956167
v 0.19660021 -0.57523966 0.68323028
v 0.19741438 -0.56355840 0.68689513
v 0.19803695 -0.55195588 0.68969756
v 0.19860958 -0.54037935 0.69227511
v 0.19913906 -0.52882552 0.69465852
v 0.19966821 -0.51727951 0.69704038
v 0.20019700 -0.50574118 0.69942063
v 0.20038703 -0.49431667 0.70027602
v 0.20036909 -0.48295859 0.70019519
v 0.20056581 -0.47153601 0.70108080
v 0.20076251 -0.46011630 0.70196617
v 0.20095915 -0.44869944 0.70285130
v 0.20115574 -0.43728545 0.70373625
v 0.24697670 -0.41354769 0.90999126
v 0.24776563 -0.40231228 0.91354257
v 0.24794796 -0.39124337 0.91436327
v 0.24813025 -0.38017711 0.91518384
v 0.24831250 -0.36911350 0.91600412
v 0.24814387 -0.35813469 0.91524506
v 0.24762803 -0.34723222 0.91292316
v 0.24687195 -0.33637512 0.90951973
v 0.24611506 -0.32550728 0.90611279
v 0.24535745 -0.31462869 0.90270257
v 0.24459909 -0.30373934 0.89928895
v 0.24387856 -0.29283184 0.89604557
v 0.24318172 -0.28190958 0.89290887
v 0.24198559 -0.27106547 0.88752466
v 0.24006601 -0.26032656 0.87888408
v 0.23795180 -0.24959157 0.86936730
v 0.23583180 -0.23882701 0.85982442
v 0.23359254 -0.22804952 0.84974486
v 0.22881709 -0.21759605 0.82824892
v 0.22499353 -0.20694692 0.81103790
v 0.22158605 -0.19619021 0.79569972
v 0.15664646 -0.18102044 0.50338554
v 0.15191057 -0.16983645 0.48206773
v 0.14714691 -0.15858692 0.46062499
v 0.07797251 -0.15306950 0.14924850
v 0.07792973 -0.14082748 0.14905593
v 0.07811023 -0.12856795 0.14986840
v 0.07829069 -0.11631104 0.15068072
v 0.07847112 -0.10405672 0.15149285
v 0.07865150 -0.09180501 0.15230481
v 0.07883184 -0.07955589 0.15311661
v 0.07894758 -0.06731194 0.15363757
v 0.07821333 -0.05509721 0.15033250
v 0.07728389 -0.04287682 0.14614876
v 0.07635342 -0.03064306 0.14196046
v 0.07514068 -0.01839894 0.13650152
v 0.07368672 -0.00613822 0.12995675
v 0.07223026 0.00614347 0.12340078
v 0.07077132 0.01844616 0.11683360
v 0.06930988 0.03076993 0.11025517
v 0.06784593 0.04311482 0.10366547
v 0.06637947 0.05548089 0.09706446
v 0.06502686 0.06786356 0.09097592
v 0.06376736 0.08026137 0.08530650
v 0.06250601 0.09267743 0.07962873
v 0.06124280 0.10511178 0.07394260
v 0.06008929 0.11755682 0.06875029
v 0.05929224 0.12999152 0.06516249
v 0.05808841 0.14247140 0.05974370
v 0.05676575 0.15497933 0.05378993
v 0.05544104 0.16750653 0.04782699
v 0.05411429 0.18005303 0.04185487
v 0.05323832 0.19256829 0.03791186
v 0.05286590 0.20503634 0.03623544
v 0.05249330 0.21750976 0.03455829
v 0.05190907 0.23001675 0.03192844
v 0.05128749 0.24253741 0.02913052
v 0.05089426 0.25503331 0.02736045
v 0.05092612 0.26746902 0.02750386
v 0.05095798 0.27990428 0.02764727
v 0.05098983 0.29233909 0.02779067
v 0.05107450 0.30476412 0.02817182
v 0.04963536 0.31746784 0.02169377
v 0.04791205 0.33024660 0.01393656
v 0.04629243 0.34302962 0.00664611
v 0.04659643 0.35544100 0.00801454
v 0.04690033 0.36784804 0.00938250
v 0.04720413 0.38025069 0.01074997
v 0.04750782 0.39264899 0.01211696
v 0.04796455 0.40500709 0.01417287
v 0.04858801 0.41731837 0.01697928
v 0.04921102 0.42962080 0.01978366
v 0.04983358 0.44191432 0.02258602
v 0.05045570 0.45419902 0.02538636
v 0.05107737 0.46647489 0.02818469
v 0.05169859 0.47874188 0.03098100
v 0.05231936 0.49100009 0.03377531
v 0.05276440 0.50330061 0.03577859
v 0.05300734 0.51565516 0.03687213
v 0.05325020 0.52800626 0.03796535
v 0.05004284 0.54143506 0.02352794
v 0.04688808 0.55489331 0.00932735
v 0.04266689 0.56874657 -0.00967358
v 0.03856792 0.58261979 -0.02812441
v 0.03444953 0.59655863 -0.04666262
v 0.03116484 0.61026549 -0.06144809
v 0.02862374 0.62375450 -0.07288636
v 0.02607524 0.63728285 -0.08435798
v 0.02138524 0.65164250 -0.10546924
v 0.01459668 0.66686356 -0.13602677
v 0.00834084 0.68197703 -0.16418633
v 0.00310879 0.69677860 -0.18773746
v -0.00291926 0.71197391 -0.21487164
v -0.02048021 0.73195076 -0.29391924
v -0.03262983 0.74993873 -0.34860855
v 0.14301877 0.72428066 0.44204286
v 0.14710508 0.73421752 0.46043667
v 0.15099145 0.74418706 0.47793052
v 0.15450144 0.75427544 0.49373007
v 0.15176709 0.76726002 0.48142186
v 0.14902350 0.78028834 0.46907213
v 0.14630197 0.79334545 0.45682165
v 0.14335132 0.80655503 0.44353974
v 0.13915792 0.82042927 0.42466390
v 0.13494296 0.83437490 0.40569100
v 0.13092129 0.84828168 0.38758817
v 0.12609245 0.86266804 0.36585203
v 0.12085681 0.87733948 0.34228471
v 0.11693373 0.89138180 0.32462561
v 0.10822732 0.90808249 0.28543526
v 0.10436511 0.92223883 0.26805010
v 0.09821927 0.93772584 0.24038576
v 0.09240751 0.95311248 0.21422511
v 0.08201090 0.97120893 0.16742665
v 0.14146355 -0.83697164 0.48901814
v 0.15274972 -0.81957310 0.53944856
v 0.15903506 -0.80482274 0.56753355
v 0.16462611 -0.79050255 0.59251624
v 0.16686189 -0.77788258 0.60250640
v 0.16909146 -0.76529765 0.61246896
v 0.17129748 -0.75275570 0.62232614
v 0.17295340 -0.74049914 0.62972540
v 0.17397100 -0.72855622 0.63427234
v 0.17498732 -0.71662843 0.63881361
v 0.17600235 -0.70471573 0.64334911
v 0.17684117 -0.69289380 0.64709729
v 0.17749992 -0.68116069 0.65004075
v 0.17815810 -0.66943705 0.65298182
v 0.17890112 -0.65768808 0.65630180
v 0.17978512 -0.64589268 0.66025180
v 0.18066815 -0.63411033 0.66419739
v 0.18155019 -0.62234104 0.66813874
v 0.18243152 -0.61058462 0.67207676
v 0.18349196 -0.59877348 0.67681521
v 0.18447562 -0.58700585 0.68121052
v 0.18529655 -0.57531101 0.68487877
v 0.18611665 -0.56362832 0.68854320
v 0.18682301 -0.55199677 0.69169945
v 0.18736258 -0.54043204 0.69411033
v 0.18789589 -0.52887708 0.69649345
v 0.18842886 -0.51732993 0.69887489
v 0.18894818 -0.50579464 0.70119542
v 0.18961769 -0.49425495 0.70351195
v 0.18967687 -0.48284078 0.70445144
v 0.18987489 -0.47142103 0.70533621
v 0.19007286 -0.46000412 0.70622092
v 0.19027078 -0.44859004 0.70710534
v 0.19046868 -0.43717885 0.70798951
v 0.18985309 -0.42598867 0.70523888
v 0.23586303 -0.40261412 0.91082674
v 0.23604691 -0.39153689 0.91164845
v 0.23623076 -0.38046229 0.91246986
v 0.23638348 -0.36939782 0.91315228
v 0.23619591 -0.35841459 0.91231418
v 0.23600832 -0.34742877 0.91147590
v 0.23552489 -0.33650476 0.90931588
v 0.23476213 -0.32563278 0.90590757
v 0.23399861 -0.31475008 0.90249592
v 0.23323435 -0.30385658 0.89908093
v 0.23246931 -0.29295227 0.89566243
v 0.23163870 -0.28204903 0.89195102
v 0.22974013 -0.27132106 0.88346756
v 0.22763561 -0.26060057 0.87406385
v 0.22550206 -0.24985462 0.86453044
v 0.22334476 -0.23908181 0.85489094
v 0.22107624 -0.22829445 0.84475440
v 0.21705712 -0.21771884 0.82679558
v 0.21180823 -0.20724851 0.80334181
v 0.15083744 -0.19204074 0.53090382
v 0.14377026 -0.18118560 0.49932534
v 0.13899238 -0.16999187 0.47797614
v 0.13244444 -0.15890072 0.44871777
v 0.07606141 -0.15217264 0.19677939
v 0.06894235 -0.14058456 0.16496906
v 0.06912349 -0.12834622 0.16577846
v 0.06930460 -0.11611045 0.16658770
v 0.06948566 -0.10387729 0.16739674
v 0.06966669 -0.09164672 0.16820562
v 0.06930064 -0.07944418 0.16656999
v 0.06843548 -0.06725604 0.16270415
v 0.06793458 -0.05504380 0.16046600
v 0.06700043 -0.04283524 0.15629187
v 0.06606524 -0.03061332 0.15211317
v 0.06512903 -0.01837804 0.14792989
v 0.06419181 -0.00612937 0.14374205
v 0.06325356 0.00613272 0.13954961
v 0.06231428 0.01840824 0.13535258
v 0.06133549 0.03069792 0.13097905
v 0.05986816 0.04301383 0.12442251
v 0.05839831 0.05535082 0.11785472
v 0.05708491 0.06770269 0.11198604
v 0.05582258 0.08007096 0.10634550
v 0.05455839 0.09245741 0.10069666
v 0.05329233 0.10486205 0.09503952
v 0.05202442 0.11728495 0.08937407
v 0.05085815 0.12971833 0.08416276
v 0.04964238 0.14217249 0.07873033
v 0.04831601 0.15465394 0.07280364
v 0.04698760 0.16715455 0.06686784
v 0.04565714 0.17967440 0.06092291
v 0.04432463 0.19221349 0.05496883
v 0.04346188 0.20471622 0.05111376
v 0.04308784 0.21717009 0.04944243
v 0.04250011 0.22965761 0.04681623
v 0.04187611 0.24215858 0.04402803
v 0.04125168 0.25466856 0.04123783
v 0.04105882 0.26712105 0.04037606
v 0.04109082 0.27954015 0.04051905
v 0.04112282 0.29195878 0.04066202
v 0.04119609 0.30436972 0.04098949
v 0.04140731 0.31675443 0.04193325
v 0.04161847 0.32913613 0.04287679
v 0.04027938 0.34181985 0.03689327
v 0.03854951 0.35460240 0.02916361
v 0.03848285 0.36705863 0.02886578
v 0.03878747 0.37943482 0.03022690
v 0.03909197 0.39180666 0.03158755
v 0.03958298 0.40413085 0.03378151
v 0.04020810 0.41641578 0.03657478
v 0.04083278 0.42869192 0.03936606
v 0.04145701 0.44095922 0.04215533
v 0.04208079 0.45321774 0.04494259
v 0.04270412 0.46546742 0.04772785
v 0.04298179 0.47780341 0.04896855
v 0.04322577 0.49014491 0.05005876
v 0.04346969 0.50248301 0.05114867
v 0.04371354 0.51481760 0.05223827
v 0.04395733 0.52714872 0.05332756
v 0.04080590 0.54053295 0.03924594
v 0.03738169 0.55404919 0.02394540
v 0.03478049 0.56734651 0.01232239
v 0.03041838 0.58126682 -0.00716903
v 0.02607356 0.59524375 -0.02658310
v 0.02192492 0.60921472 -0.04512062
v 0.01845548 0.62300450 -0.06062325
v 0.01589525 0.63651544 -0.07206320
v 0.01102794 0.65091312 -0.09381197
v 0.00513985 0.66576380 -0.12012196
v -0.00225983 0.68127733 -0.15318620
v -0.00759981 0.69609362 -0.17704701
v -0.01311435 0.71105564 -0.20168787
v -0.02516863 0.72874010 -0.25555044
v 0.12988871 0.73679429 0.43729782
v 0.13398297 0.74672294 0.45559236
v 0.13822961 0.75652272 0.47456783
v 0.13913180 0.76782900 0.47859910
v 0.13636883 0.78086609 0.46625322
v 0.13364854 0.79392207 0.45409811
v 0.13091925 0.80702150 0.44190261
v 0.12714550 0.82067925 0.42504027
v 0.12289833 0.83462977 0.40606248
v 0.11895511 0.84848565 0.38844287
v 0.11515398 0.86232424 0.37145817
v 0.10940257 0.87724274 0.34575897
v 0.10545280 0.89128327 0.32811004
v 0.09561755 0.90855938 0.28416282
v 0.09172409 0.92272425 0.26676556
v 0.08687259 0.93747604 0.24508734
v 0.08073059 0.95302194 0.21764289
v 0.06949645 0.97155213 0.16744493
v 0.13918470 -0.82069039 0.53213769
v 0.14562388 -0.80586976 0.56070060
v 0.15169188 -0.79132140 0.58761710
v 0.15531518 -0.77803159 0.60368931
v 0.15756118 -0.76544404 0.61365211
v 0.15978684 -0.75289786 0.62352479
v 0.16120918 -0.74075139 0.62983388
v 0.16223457 -0.72880429 0.63438243
v 0.16325869 -0.71687227 0.63892519
v 0.16428149 -0.70495534 0.64346212
v 0.16530301 -0.69305360 0.64799339
v 0.16621794 -0.68121141 0.65205181
v 0.16688082 -0.66948700 0.65499222
v 0.16772644 -0.65769732 0.65874320
v 0.16861662 -0.64590174 0.66269195
v 0.16950583 -0.63411921 0.66663629
v 0.17039406 -0.62234968 0.67057633
v 0.17128132 -0.61059320 0.67451197
v 0.17221098 -0.59883344 0.67863572
v 0.17316322 -0.58707869 0.68285978
v 0.17399010 -0.57538247 0.68652761
v 0.17480484 -0.56370217 0.69014162
v 0.17552920 -0.55206466 0.69335473
v 0.17604230 -0.54050869 0.69563079
v 0.17655508 -0.52896017 0.69790530
v 0.17706752 -0.51741898 0.70017838
v 0.17752802 -0.50590158 0.70222116
v 0.17787884 -0.49442458 0.70377731
v 0.17853928 -0.48285908 0.70670682
v 0.17918918 -0.47130606 0.70958966
v 0.17938843 -0.45989197 0.71047354
v 0.17958765 -0.44848070 0.71135718
v 0.17978680 -0.43707228 0.71224064
v 0.17908847 -0.42590579 0.70914298
v 0.22073065 -0.40374935 0.89385957
v 0.22412799 -0.39183083 0.90892947
v 0.22431341 -0.38074791 0.90975201
v 0.22441845 -0.36968669 0.91021782
v 0.22422929 -0.35869497 0.90937883
v 0.22404008 -0.34770054 0.90853953
v 0.22385083 -0.33670345 0.90770000
v 0.22340044 -0.32575840 0.90570217
v 0.22263099 -0.31487152 0.90228909
v 0.22186081 -0.30397388 0.89887267
v 0.22093102 -0.29309535 0.89474833
v 0.21908163 -0.28237021 0.88654476
v 0.21721414 -0.27162194 0.87826097
v 0.21513666 -0.26088220 0.86904573
v 0.21302605 -0.25011823 0.85968339
v 0.21082228 -0.23933849 0.84990793
v 0.20679595 -0.22879292 0.83204788
v 0.20195489 -0.21830299 0.81057394
v 0.13695054 -0.19233838 0.52222735
v 0.13087057 -0.18135108 0.49525779
v 0.12448549 -0.17030880 0.46693486
v 0.11871489 -0.15911685 0.44133762
v 0.06860512 -0.15178071 0.21906045
v 0.06321023 -0.14007905 0.19512981
v 0.06016770 -0.12812525 0.18163374
v 0.06034943 -0.11591057 0.18243991
v 0.06053114 -0.10369849 0.18324588
v 0.05967943 -0.09154405 0.17946787
v 0.05881057 -0.07937831 0.17561375
v 0.05815567 -0.06719185 0.17270876
v 0.05767574 -0.05499049 0.17057988
v 0.05673688 -0.04279373 0.16641530
v 0.05579701 -0.03058364 0.16224620
v 0.05485610 -0.01836021 0.15807252
v 0.05391416 -0.00612342 0.15389428
v 0.05297120 0.00612676 0.14971147
v 0.05202720 0.01839036 0.14552408
v 0.05108217 0.03066739 0.14133210
v 0.05013610 0.04295787 0.13713552
v 0.04906590 0.05526577 0.13238834
v 0.04742073 0.06761134 0.12509066
v 0.04610486 0.07996507 0.11925371
v 0.04478699 0.09233762 0.11340789
v 0.04346710 0.10472900 0.10755316
v 0.04214521 0.11713929 0.10168951
v 0.04082130 0.12956850 0.09581691
v 0.03965574 0.14200360 0.09064671
v 0.03896092 0.15441345 0.08756463
v 0.03826555 0.16683322 0.08448010
v 0.03723548 0.17929736 0.07991092
v 0.03589931 0.19180983 0.07398393
v 0.03456109 0.20434155 0.06804782
v 0.03371171 0.21683148 0.06428016
v 0.03312049 0.22929958 0.06165759
v 0.03249410 0.24178092 0.05887907
v 0.03186727 0.25427124 0.05609856
v 0.03123998 0.26677057 0.05331604
v 0.03124930 0.27917698 0.05335739
v 0.03128143 0.29157946 0.05349994
v 0.03134323 0.30397639 0.05377403
v 0.03155536 0.31634513 0.05471501
v 0.03176744 0.32871088 0.05565578
v 0.03197948 0.34107363 0.05659632
v 0.03219146 0.35343340 0.05753662
v 0.03095327 0.36609411 0.05204424
v 0.03040685 0.37862244 0.04962045
v 0.03071217 0.39096799 0.05097479
v 0.03123760 0.40325835 0.05330547
v 0.03186437 0.41551712 0.05608572
v 0.03249070 0.42776704 0.05886396
v 0.03298034 0.44004261 0.06103591
v 0.03322544 0.45237461 0.06212312
v 0.03347046 0.46470314 0.06321002
v 0.03371542 0.47702825 0.06429661
v 0.03396032 0.48934984 0.06538291
v 0.03420514 0.50166798 0.06646889
v 0.03444989 0.51398271 0.06755457
v 0.03469458 0.52629399 0.06863995
v 0.03231689 0.53941220 0.05809297
v 0.02673077 0.55357862 0.03331404
v 0.02471288 0.56667095 0.02436311
v 0.02267361 0.57979894 0.01531726
v 0.01828131 0.59375006 -0.00416609
v 0.01386697 0.60777122 -0.02374723
v 0.00943043 0.62186289 -0.04342686
v 0.00573975 0.63574994 -0.05979800
v 0.00069381 0.65018535 -0.08218078
v -0.00495557 0.66491753 -0.10724036
v -0.01216197 0.68032187 -0.13920651
v -0.01828737 0.69541001 -0.16637759
v -0.02344044 0.71020180 -0.18923555
v -0.03967883 0.72951669 -0.26126593
v 0.11720901 0.74911797 0.43465781
v 0.12129325 0.75904340 0.45277470
v 0.12544693 0.76887852 0.47119963
v 0.12371995 0.78143305 0.46353906
v 0.12097672 0.79449952 0.45137060
v 0.11822436 0.80760944 0.43916169
v 0.11512574 0.82092947 0.42541683
v 0.11084634 0.83488494 0.40643427
v 0.10698318 0.84868968 0.38929802
v 0.10315369 0.86253208 0.37231120
v 0.09839868 0.87691218 0.35121888
v 0.09397442 0.89118481 0.33159369
v 0.08299451 0.90903682 0.28288904
v 0.07906978 0.92321020 0.26547965
v 0.07512682 0.93744946 0.24798946
v 0.06850313 0.95323980 0.21860808
v 0.05697313 0.97189558 0.16746326
v 0.12549272 -0.82185543 0.52441078
v 0.13228031 -0.80686927 0.55430150
v 0.13848487 -0.79226083 0.58162463
v 0.14256820 -0.77875018 0.59960645
v 0.14602646 -0.76559043 0.61483574
v 0.14827186 -0.75304008 0.62472379
v 0.14945696 -0.74100393 0.62994260
v 0.15049016 -0.72905248 0.63449252
v 0.15152207 -0.71711630 0.63903677
v 0.15255266 -0.70519525 0.64357525
v 0.15358196 -0.69328922 0.64810795
v 0.15460993 -0.68139833 0.65263492
v 0.15563409 -0.66952354 0.65714496
v 0.15652791 -0.65771604 0.66108108
v 0.15742075 -0.64592159 0.66501296
v 0.15831260 -0.63414007 0.66894037
v 0.15920347 -0.62237155 0.67286354
v 0.16009338 -0.61061597 0.67678243
v 0.16098230 -0.59887332 0.68069696
v 0.16177462 -0.58717823 0.68418616
v 0.16254295 -0.57550299 0.68756968
v 0.16331054 -0.56383872 0.69094992
v 0.16406773 -0.55218893 0.69428438
v 0.16465847 -0.54060560 0.69688582
v 0.16517499 -0.52905494 0.69916040
v 0.16569118 -0.51751173 0.70143354
v 0.16592382 -0.50606477 0.70245808
v 0.16628349 -0.49458215 0.70404190
v 0.16694891 -0.48301291 0.70697230
v 0.16761379 -0.47145319 0.70990026
v 0.16827814 -0.45990306 0.71282578
v 0.16890971 -0.44837138 0.71560705
v 0.16911015 -0.43696576 0.71648973
v 0.16836299 -0.42581367 0.71319950
v 0.16750854 -0.41467872 0.70943671
v 0.21091795 -0.39244413 0.90059954
v 0.21237817 -0.38103393 0.90702987
v 0.21243468 -0.36997607 0.90727884
v 0.21224393 -0.35897580 0.90643877
v 0.21205311 -0.34797278 0.90559846
v 0.21186224 -0.33696711 0.90475792
v 0.21167132 -0.32595876 0.90391731
v 0.21125463 -0.31499311 0.90208220
v 0.21022440 -0.30414060 0.89754540
v 0.20836237 -0.29342911 0.88934547
v 0.20649591 -0.28269213 0.88112611
v 0.20462501 -0.27192962 0.87288719
v 0.20256381 -0.26117221 0.86381024
v 0.20046172 -0.25039223 0.85455328
v 0.19633391 -0.23988989 0.83637553
v 0.19169933 -0.22940260 0.81596613
v 0.18580954 -0.21902262 0.79002917
v 0.12992571 -0.20345929 0.54393244
v 0.12302053 -0.19263695 0.51352400
v 0.11794727 -0.18151684 0.49118274
v 0.10920645 -0.17070039 0.45269060
v 0.10494794 -0.15933357 0.43393737
v 0.05950344 -0.15153930 0.23381254
v 0.05477620 -0.13979973 0.21299510
v 0.05124269 -0.12790504 0.19743450
v 0.05095556 -0.11574285 0.19617006
v 0.05008389 -0.10361166 0.19233142
v 0.04921132 -0.09146824 0.18848890
v 0.04833788 -0.07931253 0.18464251
v 0.04790497 -0.06712741 0.18273608
v 0.04743675 -0.05493729 0.18067420
v 0.04649322 -0.04275230 0.17651917
v 0.04554866 -0.03055402 0.17235960
v 0.04460307 -0.01834242 0.16819549
v 0.04365645 -0.00611748 0.16402683
v 0.04270879 0.00612083 0.15985361
v 0.04176010 0.01837251 0.15567583
v 0.04081037 0.03063761 0.15149347
v 0.03969345 0.04292023 0.14657488
v 0.03819494 0.05523073 0.13997586
v 0.03610915 0.06758519 0.13079064
v 0.03478520 0.07993411 0.12496029
v 0.03345922 0.09230184 0.11912107
v 0.03213123 0.10468839 0.11327297
v 0.03080121 0.11709382 0.10741595
v 0.02945088 0.12951954 0.10146950
v 0.02805901 0.14196767 0.09534004
v 0.02700539 0.15440561 0.09070020
v 0.02630527 0.16682476 0.08761707
v 0.02560459 0.17925383 0.08453148
v 0.02490335 0.19169286 0.08144342
v 0.02420155 0.20414186 0.07835288
v 0.02349919 0.21660081 0.07525988
v 0.02377006 0.22894265 0.07645275
v 0.02314130 0.24140443 0.07368387
v 0.02251209 0.25387517 0.07091299
v 0.02188243 0.26635486 0.06814013
v 0.02143332 0.27881473 0.06616239
v 0.02146560 0.29120114 0.06630453
v 0.02151579 0.30358401 0.06652556
v 0.02172885 0.31593683 0.06746379
v 0.02194185 0.32828671 0.06840179
v 0.02215480 0.34063357 0.06933957
v 0.02236770 0.35297745 0.07027712
v 0.02258054 0.36531830 0.07121444
v 0.02279334 0.37765619 0.07215153
v 0.02236817 0.39013284 0.07027920
v 0.02292817 0.40238959 0.07274532
v 0.02324909 0.41469496 0.07415852
v 0.02349522 0.42701399 0.07524243
v 0.02374129 0.43932959 0.07632603
v 0.02398729 0.45164171 0.07740933
v 0.02423321 0.46395037 0.07849233
v 0.02447907 0.47625560 0.07957502
v 0.02472486 0.48855734 0.08065742
v 0.02497059 0.50085568 0.08173950
v 0.02521624 0.51315057 0.08282128
v 0.02546182 0.52544200 0.08390276
v 0.02386300 0.53829604 0.07686201
v 0.01826147 0.55242950 0.05219446
v 0.01358866 0.56634378 0.03161671
v 0.01203642 0.57930028 0.02478107
v 0.01048144 0.59227955 0.01793339
v 0.00614494 0.60623252 -0.00116334
v 0.00170029 0.62028462 -0.02073636
v -0.00360792 0.63470703 -0.04411223
v -0.00961723 0.64945918 -0.07057558
v -0.01529304 0.66417259 -0.09557022
v -0.02158512 0.67919874 -0.12327878
v -0.02945730 0.69492126 -0.15794565
v -0.03413253 0.70950300 -0.17853405
v -0.03960500 0.72446853 -0.20263326
v 0.10062143 0.75139648 0.41488463
v 0.10475899 0.76134646 0.43310529
v 0.10889576 0.77123833 0.45132250
v 0.11080466 0.78211731 0.45972875
v 0.10823155 0.79510397 0.44839749
v 0.10551096 0.80819827 0.43641680
v 0.10272627 0.82136232 0.42415372
v 0.09884575 0.83511090 0.40706506
v 0.09500549 0.84889382 0.39015362
v 0.09114762 0.86273998 0.37316462
v 0.08727202 0.87664986 0.35609755
v 0.08249856 0.89108634 0.33507660
v 0.07035821 0.90951467 0.28161389
v 0.06640213 0.92369670 0.26419240
v 0.06242767 0.93794459 0.24668999
v 0.05606996 0.95356864 0.21869245
v 0.04444096 0.97223926 0.16748157
v 0.11249606 -0.82266110 0.51987213
v 0.11893036 -0.80785829 0.54800344
v 0.12507468 -0.79328495 0.57486689
v 0.12908740 -0.77980602 0.59241074
v 0.13369623 -0.76610559 0.61256087
v 0.13665438 -0.75322741 0.62549412
v 0.13769671 -0.74125659 0.63005137
v 0.13873777 -0.72930098 0.63460279
v 0.13978256 -0.71735829 0.63917083
v 0.14082745 -0.70543027 0.64373910
v 0.14187101 -0.69351745 0.64830160
v 0.14291322 -0.68161976 0.65285832
v 0.14396530 -0.66973263 0.65745807
v 0.14502792 -0.65785605 0.66210383
v 0.14600848 -0.64602679 0.66639090
v 0.14690676 -0.63424337 0.67031831
v 0.14780405 -0.62247288 0.67424130
v 0.14870037 -0.61071533 0.67816007
v 0.14956941 -0.59898031 0.68195957
v 0.15028574 -0.58731264 0.68509144
v 0.15103745 -0.57564253 0.68837798
v 0.15181069 -0.56397539 0.69175869
v 0.15257670 -0.55232161 0.69510758
v 0.15327059 -0.54070258 0.69814140
v 0.15379083 -0.52914983 0.70041597
v 0.15417328 -0.51764828 0.70208806
v 0.15431212 -0.50622815 0.70269507
v 0.15468076 -0.49473983 0.70430678
v 0.15535119 -0.48316681 0.70723796
v 0.15602107 -0.47160342 0.71016675
v 0.15669040 -0.46004948 0.71309310
v 0.15735918 -0.44850513 0.71601707
v 0.15799202 -0.43697983 0.71878392
v 0.15740022 -0.42578521 0.71619654
v 0.15651509 -0.41465732 0.71232659
v 0.15562899 -0.40351731 0.70845252
v 0.20042497 -0.38132039 0.90430379
v 0.20043215 -0.37026593 0.90433526
v 0.20023978 -0.35925704 0.90349412
v 0.20004734 -0.34824547 0.90265286
v 0.19992113 -0.33722159 0.90182698
v 0.19928488 -0.32629228 0.89931929
v 0.19871645 -0.31534502 0.89683402
v 0.19741766 -0.30453059 0.89115566
v 0.19569448 -0.29377675 0.88362181
v 0.19388147 -0.28301483 0.87569517
v 0.19199340 -0.27224037 0.86744040
v 0.18989564 -0.26147395 0.85826886
v 0.18607502 -0.25094983 0.84156483
v 0.18142870 -0.24049656 0.82125080
v 0.17615727 -0.23006795 0.79820359
v 0.11596856 -0.20378079 0.53505421
v 0.10987645 -0.19284059 0.50841910
v 0.09981000 -0.18224670 0.46440777
v 0.09544291 -0.17093261 0.44531462
v 0.09114343 -0.15955091 0.42651692
v 0.05043068 -0.15129863 0.24851778
v 0.04568416 -0.13957727 0.22776558
v 0.04138921 -0.12775615 0.20898777
v 0.04051386 -0.11564717 0.20516071
v 0.03963764 -0.10352597 0.20132978
v 0.03876052 -0.09139255 0.19749501
v 0.03809262 -0.07923729 0.19457488
v 0.03767391 -0.06706308 0.19274418
v 0.03721755 -0.05488419 0.19074899
v 0.03626937 -0.04271096 0.18660346
v 0.03532015 -0.03052446 0.18245342
v 0.03436990 -0.01832466 0.17829883
v 0.03341861 -0.00611155 0.17413974
v 0.03246628 0.00611489 0.16997609
v 0.03151291 0.01835469 0.16580789
v 0.03034829 0.03061155 0.16071610
v 0.02910341 0.04288672 0.15527335
v 0.02733775 0.05519575 0.14755376
v 0.02522662 0.06754284 0.13832377
v 0.02347429 0.07990316 0.13066244
v 0.02214023 0.09226608 0.12482983
v 0.02080414 0.10464781 0.11898834
v 0.01946601 0.11704840 0.11313794
v 0.01808853 0.12947065 0.10711550
v 0.01668813 0.14191402 0.10099286
v 0.01528551 0.15437725 0.09486045
v 0.01434620 0.16681629 0.09075374
v 0.01364077 0.17924474 0.08766956
v 0.01293477 0.19168313 0.08458291
v 0.01222821 0.20413150 0.08149379
v 0.01154976 0.21658631 0.07852750
v 0.01233721 0.22886057 0.08197033
v 0.01303150 0.24113655 0.08500583
v 0.01318602 0.25348032 0.08568134
v 0.01255399 0.26594043 0.08291809
v 0.01192151 0.27840948 0.08015284
v 0.01167520 0.29082382 0.07907593
v 0.01171369 0.30319268 0.07924422
v 0.01192766 0.31552964 0.08017970
v 0.01214157 0.32786363 0.08111496
v 0.01235543 0.34019464 0.08204998
v 0.01256925 0.35252267 0.08298478
v 0.01278301 0.36484769 0.08391936
v 0.01298822 0.37717152 0.08481656
v 0.01315215 0.38950166 0.08553331
v 0.01339192 0.40181214 0.08658156
v 0.01365053 0.41411489 0.08771224
v 0.01390907 0.42641398 0.08884259
v 0.01416754 0.43870953 0.08997262
v 0.01442592 0.45100147 0.09110231
v 0.01468424 0.46328980 0.09223168
v 0.01494247 0.47557449 0.09336070
v 0.01520063 0.48785561 0.09448940
v 0.01545872 0.50013316 0.09561776
v 0.01571673 0.51240706 0.09674580
v 0.01595260 0.52468401 0.09777704
v 0.01517161 0.53726757 0.09436249
v 0.00982727 0.55128515 0.07099666
v 0.00417460 0.56547600 0.04628274
v 0.00091616 0.57896578 0.03203662
v -0.00064771 0.59193724 0.02519928
v -0.00221433 0.60493159 0.01834990
v -0.00731361 0.61917323 -0.00394454
v -0.01330089 0.63380069 -0.03012137
v -0.01941050 0.64855617 -0.05683303
v -0.02560737 0.66342926 -0.08392619
v -0.03134574 0.67821747 -0.10901480
v -0.03921002 0.69389802 -0.14339800
v -0.04552188 0.70908499 -0.17099391
v -0.05021750 0.72372037 -0.19152349
v 0.08812409 0.76366353 0.41331613
v 0.09284282 0.77333724 0.43394682
v 0.09760521 0.78292453 0.45476830
v 0.09500904 0.79592592 0.44341767
v 0.09240484 0.80896753 0.43203187
v 0.08979256 0.82204956 0.42061082
v 0.08683571 0.83533847 0.40768325
v 0.08302204 0.84909809 0.39100960
v 0.07913575 0.86294812 0.37401849
v 0.07523160 0.87686181 0.35694924
v 0.07016382 0.89143759 0.33479249
v 0.05770861 0.90999305 0.28033742
v 0.05372112 0.92418373 0.26290381
v 0.04971509 0.93844020 0.24538913
v 0.04207642 0.95475125 0.21199234
v 0.09922051 -0.82359260 0.51422471
v 0.10591437 -0.80867231 0.54328179
v 0.11161081 -0.79432076 0.56800926
v 0.11585292 -0.78073186 0.58642364
v 0.12012891 -0.76718634 0.60498512
v 0.12443977 -0.75368440 0.62369794
v 0.12594843 -0.74150050 0.63024682
v 0.12700383 -0.72953790 0.63482815
v 0.12805788 -0.71759057 0.63940364
v 0.12911059 -0.70565850 0.64397329
v 0.13016194 -0.69374162 0.64853710
v 0.13121197 -0.68183994 0.65309507
v 0.13227822 -0.66994637 0.65772355
v 0.13334878 -0.65806586 0.66237062
v 0.13441794 -0.64620078 0.66701174
v 0.13548571 -0.63435113 0.67164677
v 0.13640092 -0.62257421 0.67561960
v 0.13730365 -0.61081469 0.67953825
v 0.13809721 -0.59910762 0.68298292
v 0.13881874 -0.58743739 0.68611497
v 0.13953963 -0.57577747 0.68924427
v 0.14030527 -0.56411213 0.69256777
v 0.14108013 -0.55245435 0.69593138
v 0.14180596 -0.54082352 0.69908208
v 0.14240259 -0.52924466 0.70167196
v 0.14255305 -0.51781541 0.70232511
v 0.14269292 -0.50639153 0.70293224
v 0.14307061 -0.49489763 0.70457178
v 0.14374606 -0.48332086 0.70750380
v 0.14442095 -0.47175366 0.71043336
v 0.14509504 -0.46019611 0.71335953
v 0.14568992 -0.44866967 0.71594179
v 0.14628437 -0.43715170 0.71852219
v 0.14592050 -0.42589203 0.71694267
v 0.14502889 -0.41476145 0.71307230
v 0.14413628 -0.40361866 0.70919770
v 0.18104698 -0.38338584 0.86942178
v 0.18775105 -0.37071002 0.89852321
v 0.18718569 -0.35977197 0.89606905
v 0.18661992 -0.34882608 0.89361310
v 0.18605375 -0.33787242 0.89115548
v 0.18548718 -0.32691097 0.88869601
v 0.18482731 -0.31596017 0.88583159
v 0.18403757 -0.30502498 0.88240355
v 0.18229699 -0.29425421 0.87484795
v 0.18055259 -0.28345990 0.86727571
v 0.17880438 -0.27264193 0.85968697
v 0.17526510 -0.26209259 0.84432346
v 0.17128502 -0.25156301 0.82704645
v 0.16538161 -0.24126586 0.80142063
v 0.10687701 -0.21513413 0.54746044
v 0.10196723 -0.20410329 0.52614784
v 0.09407570 -0.19334656 0.49189186
v 0.08596048 -0.18250409 0.45666483
v 0.08164190 -0.17116545 0.43791848
v 0.07730122 -0.15976880 0.41907620
v 0.04138669 -0.15105873 0.26317638
v 0.03662099 -0.13935551 0.24248917
v 0.03096929 -0.12765066 0.21795590
v 0.03008942 -0.11555165 0.21413651
v 0.02920866 -0.10344043 0.21031328
v 0.02832702 -0.09131698 0.20648620
v 0.02788321 -0.07916147 0.20455968
v 0.02746243 -0.06699888 0.20273311
v 0.02701809 -0.05483119 0.20080434
v 0.02606527 -0.04266969 0.19666827
v 0.02511142 -0.03049495 0.19252773
v 0.02415652 -0.01830694 0.18838267
v 0.02320058 -0.00610563 0.18423307
v 0.02224360 0.00610897 0.18007897
v 0.02103098 0.01833957 0.17481516
v 0.01978133 0.03058770 0.16939056
v 0.01852989 0.04285326 0.16395825
v 0.01649430 0.05516080 0.15512206
v 0.01437144 0.06750002 0.14590704
v 0.01224347 0.07986903 0.13666980
v 0.01083001 0.09223035 0.13053417
v 0.00948583 0.10460726 0.12469928
v 0.00813960 0.11700302 0.11885550
v 0.00673475 0.12942179 0.11275724
v 0.00532585 0.14186044 0.10664140
v 0.00391471 0.15431891 0.10051581
v 0.00250131 0.16679724 0.09438046
v 0.00167816 0.17923565 0.09080731
v 0.00096742 0.19167341 0.08772208
v 0.00025610 0.20412113 0.08463436
v -0.00025377 0.21655422 0.08242109
v 0.00053884 0.22882669 0.08586168
v 0.00131970 0.24108970 0.08925129
v 0.00200193 0.25335595 0.09221276
v 0.00268364 0.26561275 0.09517196
v 0.00261971 0.27797684 0.09489445
v 0.00198444 0.29043528 0.09213682
v 0.00194269 0.30280134 0.09195558
v 0.00215170 0.31512347 0.09286287
v 0.00236653 0.32744166 0.09379539
v 0.00258130 0.33975685 0.09472768
v 0.00277208 0.35207379 0.09555585
v 0.00293679 0.36439344 0.09627085
v 0.00310148 0.37671077 0.09698571
v 0.00326613 0.38902584 0.09770044
v 0.00350209 0.40132251 0.09872471
v 0.00376184 0.41361031 0.09985223
v 0.00402151 0.42589453 0.10097944
v 0.00428110 0.43817517 0.10210630
v 0.00454062 0.45045221 0.10323285
v 0.00480007 0.46272564 0.10435905
v 0.00505944 0.47499546 0.10548493
v 0.00531873 0.48726174 0.10661049
v 0.00550429 0.49954519 0.10741598
v 0.00566804 0.51183236 0.10812677
v 0.00583175 0.52411717 0.10883744
v 0.00513895 0.53665912 0.10583010
v 0.00109784 0.55024779 0.08828820
v -0.00423982 0.56430328 0.06511821
v -0.00994385 0.57855165 0.04035777
v -0.01176400 0.59159541 0.03245679
v -0.01333951 0.60458189 0.02561775
v -0.01695518 0.61829323 0.00992264
v -0.02296622 0.63289684 -0.01617042
v -0.02901766 0.64759862 -0.04243886
v -0.03536848 0.66249394 -0.07000689
v -0.04166329 0.67745692 -0.09733175
v -0.04845406 0.69269562 -0.12680952
v -0.05692844 0.70867920 -0.16359560
v -0.06165073 0.72330523 -0.18409437
v 0.07138763 0.76599473 0.39340618
v 0.07670226 0.77544761 0.41647625
v 0.08218615 0.78474832 0.44028100
v 0.08175917 0.79674959 0.43842754
v 0.07913174 0.80980605 0.42702225
v 0.07649100 0.82290542 0.41555914
v 0.07368430 0.83612299 0.40337572
v 0.06993528 0.84984863 0.38710177
v 0.06616974 0.86363477 0.37075606
v 0.06238755 0.87748194 0.35433814
v 0.05728299 0.89206731 0.33217999
v 0.04504570 0.91047198 0.27905962
v 0.04102673 0.92467117 0.26161385
v 0.03698907 0.93893635 0.24408691
v 0.02424492 0.95801485 0.18876639
v 0.08411567 -0.82540298 0.50080979
v 0.09273374 -0.80955440 0.53795427
v 0.09827756 -0.79528081 0.56184852
v 0.10258698 -0.78165990 0.58042234
v 0.10652325 -0.76827008 0.59738791
v 0.11111256 -0.75463909 0.61716813
v 0.11328422 -0.74214947 0.62652814
v 0.11526372 -0.72977436 0.63505983
v 0.11632559 -0.71782297 0.63963664
v 0.11738613 -0.70588690 0.64420760
v 0.11844531 -0.69396603 0.64877272
v 0.11950377 -0.68206018 0.65333474
v 0.12058368 -0.67016023 0.65798920
v 0.12166218 -0.65827578 0.66263759
v 0.12273929 -0.64640677 0.66727996
v 0.12381498 -0.63455325 0.67191631
v 0.12488928 -0.62271506 0.67654663
v 0.12589277 -0.61091793 0.68087167
v 0.12662013 -0.59923494 0.68400669
v 0.12734686 -0.58756220 0.68713897
v 0.12807295 -0.57589972 0.69026840
v 0.12879840 -0.56424749 0.69339520
v 0.12957802 -0.55258715 0.69675547
v 0.13030915 -0.54095346 0.69990659
v 0.13072574 -0.52943110 0.70170212
v 0.13092530 -0.51798266 0.70256221
v 0.13106622 -0.50655508 0.70316964
v 0.13145307 -0.49505550 0.70483696
v 0.13213353 -0.48347497 0.70776975
v 0.13276933 -0.47191671 0.71051008
v 0.13336913 -0.46037728 0.71309537
v 0.13396852 -0.44884625 0.71567869
v 0.13456747 -0.43732366 0.71826017
v 0.13443503 -0.42599896 0.71768939
v 0.13353689 -0.41486558 0.71381837
v 0.13263778 -0.40372008 0.70994312
v 0.13211893 -0.39247140 0.70770687
v 0.16870825 -0.37262148 0.86540908
v 0.17335361 -0.36045474 0.88543093
v 0.17278187 -0.34948835 0.88296658
v 0.17220967 -0.33851412 0.88050044
v 0.17163409 -0.32753271 0.87801969
v 0.17088386 -0.31657767 0.87478620
v 0.17013298 -0.30561247 0.87154979
v 0.16885591 -0.29473326 0.86604548
v 0.16709393 -0.28392187 0.85845137
v 0.16395624 -0.27331913 0.84492761
v 0.16037603 -0.26274487 0.82949668
v 0.15504509 -0.25239348 0.80652004
v 0.09288026 -0.21547417 0.53858578
v 0.08673201 -0.20457076 0.51208651
v 0.07650053 -0.19404809 0.46798813
v 0.07216296 -0.18275239 0.44929293
v 0.06780323 -0.17139895 0.43050221
v 0.03606948 -0.16254002 0.29372779
v 0.03237134 -0.15081961 0.27778858
v 0.02758659 -0.13913444 0.25716600
v 0.02255362 -0.12740113 0.23547363
v 0.01968218 -0.11545628 0.22309750
v 0.01879691 -0.10335501 0.21928194
v 0.01811594 -0.09123091 0.21634689
v 0.01769331 -0.07908578 0.21452536
v 0.01727048 -0.06693481 0.21270296
v 0.01683831 -0.05477829 0.21084026
v 0.01588088 -0.04262850 0.20671366
v 0.01492240 -0.03046550 0.20258260
v 0.01396288 -0.01828924 0.19844699
v 0.01299402 -0.00609976 0.19427115
v 0.01174141 0.00610410 0.18887226
v 0.01048700 0.01832529 0.18346573
v 0.00923082 0.03056386 0.17805153
v 0.00779400 0.04282418 0.17185874
v 0.00566457 0.05512590 0.16268077
v 0.00353002 0.06745727 0.15348071
v 0.00139031 0.07981838 0.14425845
v -0.00047146 0.09219465 0.13623409
v -0.00182371 0.10456674 0.13040580
v -0.00319532 0.11695879 0.12449408
v -0.00461047 0.12937297 0.11839473
v -0.00602786 0.14180690 0.11228567
v -0.00744751 0.15426061 0.10616688
v -0.00886942 0.16673416 0.10003836
v -0.01028323 0.17922656 0.09394474
v -0.01099873 0.19166368 0.09086092
v -0.01171480 0.20411077 0.08777463
v -0.01205379 0.21652214 0.08631353
v -0.01125604 0.22879280 0.08975187
v -0.01045901 0.24105254 0.09318715
v -0.00970096 0.25330678 0.09645437
v -0.00901490 0.26556122 0.09941137
v -0.00832935 0.27780628 0.10236610
v -0.00764434 0.29004189 0.10531856
v -0.00779699 0.30241001 0.10466059
v -0.00759912 0.31471837 0.10551344
v -0.00742291 0.32702801 0.10627291
v -0.00725742 0.33933723 0.10698617
v -0.00709196 0.35164413 0.10769930
v -0.00692654 0.36394879 0.10841230
v -0.00676114 0.37625116 0.10912517
v -0.00659578 0.38855127 0.10983790
v -0.00636366 0.40083405 0.11083829
v -0.00610279 0.41310701 0.11196268
v -0.00584199 0.42537633 0.11308674
v -0.00558127 0.43764210 0.11421046
v -0.00532062 0.44990426 0.11533387
v -0.00508991 0.46217060 0.11632826
v -0.00492532 0.47445136 0.11703767
v -0.00476076 0.48672983 0.11774693
v -0.00459623 0.49900603 0.11845608
v -0.00443173 0.51128000 0.11916509
v -0.00426726 0.52355164 0.11987396
v -0.00487101 0.53605211 0.11727177
v -0.00893033 0.54962397 0.09977581
v -0.01300820 0.56325775 0.08219998
v -0.01833837 0.57735050 0.05922660
v -0.02286747 0.59125394 0.03970592
v -0.02445183 0.60423267 0.03287721
v -0.02752149 0.61774153 0.01964682
v -0.03260402 0.63199556 -0.00225920
v -0.03867916 0.64667332 -0.02844342
v -0.04496482 0.66151142 -0.05553505
v -0.05139150 0.67648864 -0.08323443
v -0.05778541 0.69154233 -0.11079258
v -0.06656045 0.70759809 -0.14861356
v -0.07307084 0.72289050 -0.17667376
v 0.06047338 0.77756959 0.39891011
v 0.06602468 0.78688872 0.42283654
v 0.06848184 0.79757494 0.43342710
v 0.06583109 0.81064618 0.42200220
v 0.06312322 0.82378155 0.41033110
v 0.06039292 0.83696526 0.39856330
v 0.05672660 0.85064936 0.38276127
v 0.05292835 0.86445028 0.36639056
v 0.04911329 0.87831229 0.34994742
v 0.04438396 0.89269781 0.32956374
v 0.03236946 0.91095138 0.27778047
v 0.02831894 0.92515922 0.26032248
v 0.02030044 0.94154900 0.22576225
v 0.00629110 0.96130079 0.16538113
v -0.01310010 0.98420417 0.08180387
v 0.06455037 -0.82934874 0.46853134
v 0.07913759 -0.81062305 0.53095990
v 0.08473349 -0.79632711 0.55490863
v 0.08910212 -0.78267694 0.57360494
v 0.09321883 -0.76920182 0.59122318
v 0.09769118 -0.75562328 0.61036336
v 0.09994340 -0.74308944 0.62000215
v 0.10212954 -0.73061544 0.62935811
v 0.10430999 -0.71817386 0.63868976
v 0.10565409 -0.70611542 0.64444208
v 0.10672110 -0.69419062 0.64900857
v 0.10779377 -0.68227810 0.65359920
v 0.10888166 -0.67037421 0.65825498
v 0.10996813 -0.65848583 0.66290468
v 0.11105318 -0.64661288 0.66754842
v 0.11211384 -0.63476419 0.67208767
v 0.11315435 -0.62293762 0.67654079
v 0.11414516 -0.61114353 0.68078107
v 0.11504515 -0.59939581 0.68463272
v 0.11581502 -0.58770651 0.68792754
v 0.11657223 -0.57603210 0.69116819
v 0.11732876 -0.56436843 0.69440591
v 0.11806716 -0.55272114 0.69756603
v 0.11849081 -0.54118657 0.69937915
v 0.11879827 -0.52969503 0.70069492
v 0.11910561 -0.51820767 0.70201021
v 0.11941282 -0.50672460 0.70332509
v 0.11981966 -0.49521598 0.70506620
v 0.12042489 -0.48365512 0.70765632
v 0.12102967 -0.47210261 0.71024460
v 0.12163401 -0.46055862 0.71283096
v 0.12223790 -0.44902298 0.71541542
v 0.12284136 -0.43749577 0.71799803
v 0.12294378 -0.42610586 0.71843636
v 0.12203915 -0.41496977 0.71456480
v 0.12113351 -0.40382153 0.71068901
v 0.12105788 -0.39246419 0.71036530
v 0.12100323 -0.38110098 0.71013147
v 0.15505534 -0.36212513 0.85586357
v 0.15889113 -0.35015312 0.87227941
v 0.15831290 -0.33915824 0.86980480
v 0.15764406 -0.32817379 0.86694241
v 0.15688585 -0.31719765 0.86369753
v 0.15612692 -0.30621123 0.86044955
v 0.15535280 -0.29517046 0.85717636
v 0.15260732 -0.28455761 0.84538686
v 0.14745617 -0.27426514 0.82334149
v 0.14214341 -0.26392800 0.80060464
v 0.13679592 -0.25352326 0.77771908
v 0.08381788 -0.22681428 0.55099010
v 0.07807814 -0.21591194 0.52642584
v 0.06942587 -0.20528081 0.48939699
v 0.06270654 -0.19431181 0.46064037
v 0.05832786 -0.18300140 0.44190100
v 0.05397819 -0.17162795 0.42328581
v 0.02577591 -0.16240603 0.30258915
v 0.02338448 -0.15058124 0.29235458
v 0.01858080 -0.13891408 0.27179638
v 0.01380746 -0.12717876 0.25136799
v 0.00929211 -0.11536107 0.23204373
v 0.00840234 -0.10326974 0.22823581
v 0.00794754 -0.09114379 0.22628942
v 0.00752288 -0.07901023 0.22447202
v 0.00709802 -0.06687086 0.22265373
v 0.00667295 -0.05472566 0.22083458
v 0.00571612 -0.04258740 0.21673968
v 0.00475304 -0.03043610 0.21261804
v 0.00373674 -0.01827213 0.20826857
v 0.00247942 -0.00609502 0.20288762
v 0.00122032 0.00609935 0.19749908
v -0.00004058 0.01831104 0.19210288
v -0.00130326 0.03054007 0.18669900
v -0.00301038 0.04279713 0.17939305
v -0.00515145 0.05509105 0.17022996
v -0.00729768 0.06741456 0.16104479
v -0.00944908 0.07976779 0.15183750
v -0.01160567 0.09215082 0.14260797
v -0.01312449 0.10452625 0.13610788
v -0.01452352 0.11691473 0.13012055
v -0.01594712 0.12932418 0.12402796
v -0.01737300 0.14175338 0.11792570
v -0.01880114 0.15420234 0.11181371
v -0.02023155 0.16667114 0.10569199
v -0.02166425 0.17915982 0.09956052
v -0.02296366 0.19165397 0.09399945
v -0.02368448 0.20410040 0.09091457
v -0.02385032 0.21649006 0.09020481
v -0.02304744 0.22875893 0.09364092
v -0.02224526 0.24101685 0.09707394
v -0.02144381 0.25326389 0.10050392
v -0.02070889 0.26550972 0.10364914
v -0.02001899 0.27775240 0.10660167
v -0.01932963 0.28998572 0.10955194
v -0.01864078 0.30220965 0.11249993
v -0.01805434 0.31444201 0.11500976
v -0.01747925 0.32666844 0.11747093
v -0.01709813 0.33892357 0.11910201
v -0.01693196 0.35121554 0.11981314
v -0.01676583 0.36350524 0.12052415
v -0.01659972 0.37579265 0.12123503
v -0.01643365 0.38807780 0.12194578
v -0.01620544 0.40034679 0.12292244
v -0.01594345 0.41260490 0.12404370
v -0.01568152 0.42485940 0.12516461
v -0.01550169 0.43713033 0.12593427
v -0.01533628 0.44940239 0.12664215
v -0.01517091 0.46167222 0.12734990
v -0.01500556 0.47393978 0.12805752
v -0.01484025 0.48620507 0.12876502
v -0.01467497 0.49846804 0.12947236
v -0.01450971 0.51072878 0.13017960
v -0.01434449 0.52298731 0.13088670
v -0.01485835 0.53544641 0.12868759
v -0.01893580 0.54900146 0.11123739
v -0.02303184 0.56261843 0.09370765
v -0.02714660 0.57629758 0.07609778
v -0.03246849 0.59042698 0.05332181
v -0.03555132 0.60388374 0.04012829
v -0.03811273 0.61720568 0.02916628
v -0.04284692 0.63131618 0.00890550
v -0.04831307 0.64575064 -0.01448792
v -0.05453274 0.66053182 -0.04110607
v -0.06098356 0.67548329 -0.06871350
v -0.06742062 0.69051826 -0.09626202
v -0.07600223 0.70645887 -0.13298859
v -0.08447788 0.72247624 -0.16926163
v 0.04476134 0.77943057 0.38384065
v 0.04994523 0.78896296 0.40602604
v 0.05535787 0.79831815 0.42919040
v 0.05247277 0.81150228 0.41684312
v 0.04972694 0.82465947 0.40509185
v 0.04697236 0.83785868 0.39330313
v 0.04349300 0.85145158 0.37841257
v 0.03966192 0.86526728 0.36201677
v 0.03547042 0.87931758 0.34407851
v 0.03036430 0.89389330 0.32222596
v 0.01967985 0.91143131 0.27649996
v 0.01559774 0.92564780 0.25902981
v 0.00198939 0.94499004 0.20079048
v -0.01904169 0.96852040 0.11078422
v -0.02599191 0.98465258 0.08103950
v 0.06428962 -0.81227094 0.51878005
v 0.07106743 -0.79741657 0.54758376
v 0.07543737 -0.78376335 0.56615466
v 0.07978500 -0.77017987 0.58463073
v 0.08405431 -0.75669068 0.60277408
v 0.08656873 -0.74403185 0.61345959
v 0.08877509 -0.73154086 0.62283593
v 0.09097569 -0.71908230 0.63218790
v 0.09317058 -0.70665616 0.64151543
v 0.09498931 -0.69441527 0.64924443
v 0.09607630 -0.68249613 0.65386385
v 0.09715527 -0.67059505 0.65844917
v 0.09820752 -0.65871918 0.66292089
v 0.09925845 -0.64685822 0.66738707
v 0.10030806 -0.63501197 0.67184758
v 0.10135635 -0.62318057 0.67630255
v 0.10231782 -0.61139524 0.68038845
v 0.10322457 -0.59964252 0.68424189
v 0.10413034 -0.58790261 0.68809110
v 0.10496529 -0.57619935 0.69163942
v 0.10572732 -0.56453222 0.69487786
v 0.10613560 -0.55299240 0.69661289
v 0.10654141 -0.54145902 0.69833750
v 0.10685132 -0.52996153 0.69965452
v 0.10716113 -0.51846838 0.70097113
v 0.10747083 -0.50697947 0.70228720
v 0.10806005 -0.49541181 0.70479125
v 0.10867129 -0.48384586 0.70738882
v 0.10928077 -0.47228873 0.70997888
v 0.10988962 -0.46074006 0.71256638
v 0.11049806 -0.44919986 0.71515197
v 0.11110602 -0.43766803 0.71773565
v 0.11144677 -0.42621288 0.71918374
v 0.11053561 -0.41507405 0.71531165
v 0.11005225 -0.40381920 0.71325743
v 0.10999724 -0.39245695 0.71302366
v 0.10994223 -0.38109398 0.71278995
v 0.11293871 -0.36905369 0.72552413
v 0.13782819 -0.35235015 0.83129686
v 0.14436314 -0.33980483 0.85906845
v 0.14359917 -0.32881743 0.85582185
v 0.14234141 -0.31791559 0.85047674
v 0.14038695 -0.30712730 0.84217089
v 0.13842782 -0.29631317 0.83384514
v 0.13573638 -0.28559968 0.82240731
v 0.13059327 -0.27525926 0.80055064
v 0.12404517 -0.26507384 0.77272320
v 0.06978151 -0.22717284 0.54211897
v 0.06072097 -0.21666634 0.50361437
v 0.05327257 -0.20584381 0.47196093
v 0.04888295 -0.19457537 0.45330635
v 0.04452817 -0.18324335 0.43479988
v 0.02011015 -0.17383637 0.33103058
v 0.01482206 -0.16202252 0.31200811
v 0.01427400 -0.15035658 0.30622873
v 0.00960349 -0.13869444 0.28638050
v 0.00481340 -0.12697713 0.26602399
v -0.00108084 -0.11526603 0.24097519
v -0.00177497 -0.10317300 0.23802540
v -0.00220146 -0.09105683 0.23621298
v -0.00262814 -0.07893483 0.23439969
v -0.00305504 -0.06680703 0.23258553
v -0.00348213 -0.05467341 0.23077050
v -0.00442905 -0.04254637 0.22674637
v -0.00549310 -0.03040841 0.22222447
v -0.00675509 -0.01825796 0.21686141
v -0.00801886 -0.00609029 0.21149074
v -0.00928443 0.00609461 0.20611247
v -0.01055179 0.01829680 0.20072657
v -0.01182095 0.03051632 0.19533302
v -0.01380113 0.04277012 0.18691786
v -0.01595381 0.05505624 0.17776959
v -0.01811168 0.06737191 0.16859929
v -0.02027475 0.07971726 0.15940695
v -0.02244302 0.09209239 0.15019239
v -0.02441654 0.10448579 0.14180557
v -0.02584318 0.11687069 0.13574277
v -0.02727524 0.12927544 0.12965694
v -0.02870957 0.14169991 0.12356146
v -0.03014619 0.15414414 0.11745626
v -0.03158510 0.16660817 0.11134135
v -0.03302629 0.17909206 0.10521670
v -0.03446979 0.19159587 0.09908228
v -0.03565295 0.20409006 0.09405420
v -0.03564336 0.21645801 0.09409495
v -0.03483533 0.22872508 0.09752880
v -0.03402803 0.24098121 0.10095960
v -0.03322145 0.25322640 0.10438733
v -0.03241559 0.26546073 0.10781202
v -0.03170410 0.27769855 0.11083559
v -0.03101039 0.28992951 0.11378367
v -0.03031721 0.30215111 0.11672948
v -0.02973374 0.31438228 0.11920904
v -0.02915502 0.32660642 0.12166841
v -0.02857668 0.33882269 0.12412620
v -0.02799870 0.35103115 0.12658241
v -0.02742110 0.36323178 0.12903707
v -0.02684386 0.37542465 0.13149014
v -0.02626700 0.38760969 0.13394165
v -0.02606110 0.39986908 0.13481660
v -0.02589486 0.41213477 0.13552311
v -0.02572864 0.42439818 0.13622947
v -0.02556246 0.43665934 0.13693571
v -0.02539631 0.44891822 0.13764182
v -0.02523018 0.46117491 0.13834779
v -0.02506409 0.47342926 0.13905363
v -0.02489803 0.48568138 0.13975935
v -0.02473200 0.49793124 0.14046495
v -0.02456600 0.51017886 0.14117040
v -0.02440003 0.52242422 0.14187571
v -0.02482314 0.53484207 0.14007764
v -0.02891862 0.54838049 0.12267307
v -0.03303275 0.56198055 0.10518923
v -0.03716567 0.57564270 0.08762559
v -0.04131750 0.58936739 0.06998157
v -0.04663029 0.60353273 0.04740377
v -0.04868562 0.61667073 0.03866925
v -0.05344323 0.63076764 0.01845083
v -0.05822570 0.64493823 -0.00187320
v -0.06408272 0.65955877 -0.02676380
v -0.07054715 0.67448097 -0.05423564
v -0.07687010 0.68943870 -0.08110629
v -0.08700472 0.70592576 -0.12417541
v -0.09472268 0.72161967 -0.15697442
v 0.02900990 0.78128445 0.36885184
v 0.03425331 0.79083389 0.39113477
v 0.03986844 0.80014068 0.41499740
v 0.03907219 0.81236666 0.41161355
v 0.03630208 0.82553935 0.39984143
v 0.03352313 0.83875406 0.38803175
v 0.03023441 0.85225523 0.37405568
v 0.02637039 0.86608583 0.35763475
v 0.02157037 0.88043845 0.33723611
v 0.01641693 0.89503610 0.31533554
v 0.00697688 0.91191173 0.27521813
v -0.00464732 0.93005598 0.22581880
v -0.01770679 0.94911754 0.17031997
v -0.03166156 0.96883661 0.11101639
v -0.03889548 0.98510140 0.08027446
v 0.04911657 -0.81405014 0.50543398
v 0.05700908 -0.79867363 0.53874129
v 0.06171199 -0.78486311 0.55858809
v 0.06610937 -0.77125394 0.57714552
v 0.07048425 -0.75771433 0.59560806
v 0.07311663 -0.74499565 0.60671699
v 0.07530947 -0.73250180 0.61597103
v 0.07749668 -0.72003996 0.62520128
v 0.07967827 -0.70761019 0.63440788
v 0.08185428 -0.69521224 0.64359087
v 0.08380961 -0.68293279 0.65184259
v 0.08531681 -0.67085743 0.65820318
v 0.08637689 -0.65897673 0.66267681
v 0.08743563 -0.64711094 0.66714483
v 0.08849304 -0.63525993 0.67160726
v 0.08954915 -0.62342381 0.67606407
v 0.09048073 -0.61164713 0.67999548
v 0.09139426 -0.59988946 0.68385071
v 0.09230680 -0.58814454 0.68770176
v 0.09311020 -0.57644928 0.69109225
v 0.09367929 -0.56484360 0.69349384
v 0.09405593 -0.55330884 0.69508326
v 0.09447984 -0.54176396 0.69687223
v 0.09489034 -0.53022909 0.69860458
v 0.09520252 -0.51873004 0.69992203
v 0.09567346 -0.50718737 0.70190948
v 0.09628970 -0.49560824 0.70451009
v 0.09690549 -0.48403761 0.70710874
v 0.09752083 -0.47247544 0.70970553
v 0.09813571 -0.46092173 0.71230042
v 0.09874893 -0.44937685 0.71488833
v 0.09936143 -0.43784043 0.71747309
v 0.09994398 -0.42631993 0.71993148
v 0.09904775 -0.41517305 0.71614933
v 0.09899238 -0.40381175 0.71591562
v 0.09893701 -0.39244974 0.71568203
v 0.09864653 -0.38114029 0.71445614
v 0.09802791 -0.36989921 0.71184546
v 0.10090437 -0.35790372 0.72398448
v 0.12244111 -0.33087447 0.81487203
v 0.12301586 -0.31954738 0.81729758
v 0.12106641 -0.30869848 0.80907065
v 0.11911237 -0.29782397 0.80082440
v 0.11669078 -0.28700376 0.79060501
v 0.07033054 -0.24873780 0.59495938
v 0.05052798 -0.22821607 0.51139027
v 0.04472400 -0.21724027 0.48689684
v 0.03947411 -0.20612010 0.46474165
v 0.03510090 -0.19483078 0.44628623
v 0.03070565 -0.18348448 0.42773771
v 0.01002482 -0.17367879 0.34046221
v 0.00358085 -0.16229042 0.31326789
v 0.00494137 -0.15015368 0.31900948
v 0.00065453 -0.13847545 0.30091852
v -0.00415219 -0.12677611 0.28063360
v -0.01143673 -0.11517113 0.24989197
v -0.01190260 -0.10307469 0.24792594
v -0.01233110 -0.09097003 0.24611761
v -0.01275980 -0.07885958 0.24430843
v -0.01318872 -0.06674332 0.24249837
v -0.01361784 -0.05462126 0.24068744
v -0.01469562 -0.04250876 0.23613909
v -0.01596224 -0.03038486 0.23079379
v -0.01723065 -0.01824380 0.22544095
v -0.01850086 -0.00608557 0.22008051
v -0.01977286 0.00608988 0.21471249
v -0.02104667 0.01828259 0.20933688
v -0.02241919 0.03049424 0.20354472
v -0.02465764 0.04274502 0.19409816
v -0.02707787 0.05503170 0.18388453
v -0.02950460 0.06735140 0.17364344
v -0.03193787 0.07970428 0.16337475
v -0.03437771 0.09209049 0.15307839
v -0.03650940 0.10449200 0.14408238
v -0.03792175 0.11687609 0.13812213
v -0.03927016 0.12927479 0.13243164
v -0.04062058 0.14169189 0.12673272
v -0.04197301 0.15412749 0.12102531
v -0.04332745 0.16658160 0.11530939
v -0.04468392 0.17905426 0.10958497
v -0.04604240 0.19154552 0.10385202
v -0.04740291 0.20405540 0.09811050
v -0.04743290 0.21642596 0.09798393
v -0.04661975 0.22869122 0.10141554
v -0.04580732 0.24094553 0.10484409
v -0.04499561 0.25318897 0.10826959
v -0.04418462 0.26542151 0.11169206
v -0.04338468 0.27764472 0.11506787
v -0.04268663 0.28987333 0.11801375
v -0.04199142 0.30209297 0.12094761
v -0.04140871 0.31432259 0.12340674
v -0.04082636 0.32654437 0.12586428
v -0.04024439 0.33875838 0.12832028
v -0.03966280 0.35096455 0.13077469
v -0.03908157 0.36316288 0.13322751
v -0.03857900 0.37536961 0.13534838
v -0.03812911 0.38758081 0.13724703
v -0.03774820 0.39980105 0.13885449
v -0.03741309 0.41202655 0.14026868
v -0.03707810 0.42424753 0.14168237
v -0.03674324 0.43646401 0.14309552
v -0.03640850 0.44867599 0.14450815
v -0.03607389 0.46088341 0.14592026
v -0.03573940 0.47308642 0.14733186
v -0.03540503 0.48528489 0.14874293
v -0.03507079 0.49747881 0.15015349
v -0.03473667 0.50966829 0.15156350
v -0.03443393 0.52186227 0.15284111
v -0.03476546 0.53423911 0.15144199
v -0.03887887 0.54776090 0.13408288
v -0.04301101 0.56134415 0.11664481
v -0.04716199 0.57498932 0.09912721
v -0.05133194 0.58869684 0.08152956
v -0.05552099 0.60246718 0.06385129
v -0.05932555 0.61616540 0.04779556
v -0.06402116 0.63022000 0.02797959
v -0.06882706 0.64437675 0.00769811
v -0.07368518 0.65861726 -0.01280374
v -0.08008239 0.67348158 -0.03980070
v -0.08629008 0.68836254 -0.06599788
v -0.09251575 0.70333439 -0.09227097
v -0.10574817 0.72107321 -0.14811331
v 0.01318335 0.78314716 0.35379156
v 0.01865713 0.79263699 0.37689152
v 0.02556230 0.80139786 0.40603217
v 0.02493018 0.81356382 0.40336460
v 0.02281819 0.82643539 0.39445174
v 0.02004512 0.83965129 0.38274905
v 0.01695077 0.85306048 0.36969054
v 0.01280544 0.86702800 0.35219675
v 0.00763484 0.88156211 0.33037624
v 0.00243386 0.89618182 0.30842745
v -0.00573951 0.91239268 0.27393493
v -0.01921271 0.93146169 0.21707642
v -0.03982510 0.95446247 0.13008976
v -0.04428967 0.96915299 0.11124872
v 0.02605863 -0.81949502 0.45926344
v 0.04185275 -0.80042058 0.52545542
v 0.04789145 -0.78599167 0.55076307
v 0.05233059 -0.77236009 0.56936723
v 0.05665614 -0.75883836 0.58749527
v 0.05950378 -0.74601662 0.59942949
v 0.06153652 -0.73358154 0.60794854
v 0.06374468 -0.72110003 0.61720276
v 0.06594715 -0.70865059 0.62643313
v 0.06814397 -0.69623303 0.63563985
v 0.07017986 -0.68390960 0.64417207
v 0.07200315 -0.67169732 0.65181333
v 0.07382254 -0.65951109 0.65943825
v 0.07560357 -0.64736390 0.66690242
v 0.07666881 -0.63550812 0.67136675
v 0.07771256 -0.62367463 0.67574102
v 0.07863387 -0.61189920 0.67960221
v 0.07940177 -0.60019046 0.68282038
v 0.08011279 -0.58851177 0.68580014
v 0.08082320 -0.57684284 0.68877751
v 0.08153302 -0.56518364 0.69175231
v 0.08196373 -0.55362523 0.69355738
v 0.08239135 -0.54207355 0.69534951
v 0.08281877 -0.53052765 0.69714075
v 0.08326796 -0.51898086 0.69902325
v 0.08388922 -0.50738859 0.70162690
v 0.08451001 -0.49580482 0.70422864
v 0.08513036 -0.48422953 0.70682847
v 0.08575026 -0.47266269 0.70942640
v 0.08636969 -0.46110436 0.71202242
v 0.08698868 -0.44955447 0.71461654
v 0.08760720 -0.43801305 0.71720874
v 0.08822417 -0.42648032 0.71979439
v 0.08798865 -0.41516539 0.71880734
v 0.08752022 -0.40390298 0.71684414
v 0.08689749 -0.39267004 0.71423435
v 0.08627431 -0.38142884 0.71162266
v 0.08565066 -0.37017930 0.70900899
v 0.08502656 -0.35892153 0.70639348
v 0.08644556 -0.34723583 0.71234041
v 0.09015220 -0.33511496 0.72787464
v 0.09384263 -0.32304710 0.74334091
v 0.08430663 -0.30207831 0.70337629
v 0.08242517 -0.29100209 0.69549119
v 0.05990110 -0.26017818 0.60109460
v 0.05266954 -0.24966134 0.57078767
v 0.04034945 -0.23974939 0.51915520
v 0.03461210 -0.22880745 0.49511039
v 0.03008783 -0.21763718 0.47614956
v 0.02569630 -0.20639037 0.45774499
v 0.02128264 -0.19508687 0.43924770
v 0.00832520 -0.18461542 0.38494402
v -0.00004225 -0.17352152 0.34987673
v -0.00614533 -0.16210915 0.32429916
v -0.00466256 -0.14990139 0.33136845
v -0.00826622 -0.13825719 0.31541073
v -0.01308943 -0.12657574 0.29519701
v -0.01812664 -0.11484304 0.27408639
v -0.02201094 -0.10297656 0.25780761
v -0.02244145 -0.09088340 0.25600338
v -0.02287217 -0.07878447 0.25419828
v -0.02376341 -0.06669677 0.25046319
v -0.02507342 -0.05460978 0.24497302
v -0.02642931 -0.04250621 0.23929060
v -0.02778723 -0.03038443 0.23359963
v -0.02914721 -0.01824440 0.22790010
v -0.03050923 -0.00608605 0.22219196
v -0.03187331 0.00609064 0.21647522
v -0.03322202 0.01828555 0.21082282
v -0.03504073 0.03050651 0.20320080
v -0.03747214 0.04276640 0.19301096
v -0.03991079 0.05505925 0.18279074
v -0.04235601 0.06738517 0.17254303
v -0.04480781 0.07974429 0.16226773
v -0.04726623 0.09213677 0.15196468
v -0.04901263 0.10452161 0.14464569
v -0.05055469 0.11691688 0.13818304
v -0.05191296 0.12931992 0.13249063
v -0.05327325 0.14174142 0.12678975
v -0.05463557 0.15418141 0.12108039
v -0.05599991 0.16663989 0.11536252
v -0.05736630 0.17911698 0.10963614
v -0.05873471 0.19161266 0.10390120
v -0.06010517 0.20412698 0.09815772
v -0.05941799 0.21641737 0.10103765
v -0.05851722 0.22867189 0.10481269
v -0.05761734 0.24091440 0.10858402
v -0.05676629 0.25315157 0.11215072
v -0.05595018 0.26538229 0.11557095
v -0.05513481 0.27760214 0.11898812
v -0.05435835 0.28981718 0.12224221
v -0.05366558 0.30203557 0.12514551
v -0.05307924 0.31426290 0.12760282
v -0.05249327 0.32648239 0.13005857
v -0.05190768 0.33869407 0.13251275
v -0.05142509 0.35091767 0.13453522
v -0.05097179 0.36314049 0.13643494
v -0.05051873 0.37535733 0.13833372
v -0.05006588 0.38756812 0.14023158
v -0.04968356 0.39978823 0.14183384
v -0.04934626 0.41201335 0.14324746
v -0.04900908 0.42423391 0.14466052
v -0.04867203 0.43645000 0.14607307
v -0.04833511 0.44866160 0.14748512
v -0.04799830 0.46086866 0.14889663
v -0.04766162 0.47307122 0.15030763
v -0.04732507 0.48526931 0.15171812
v -0.04698864 0.49746290 0.15312807
v -0.04668779 0.50966191 0.15438886
v -0.04640331 0.52186149 0.15558110
v -0.04660064 0.53419840 0.15475415
v -0.04938242 0.54731208 0.14309590
v -0.05345467 0.56085861 0.12602945
v -0.05754511 0.57446557 0.10888673
v -0.06165386 0.58813351 0.09166726
v -0.06578106 0.60186273 0.07437051
v -0.06992681 0.61565375 0.05699597
v -0.07435900 0.62959802 0.03842105
v -0.07924751 0.64376009 0.01793366
v -0.08416190 0.65799713 -0.00266216
v -0.08947483 0.67244387 -0.02492824
v -0.09568071 0.68728977 -0.05093656
v -0.10192797 0.70223463 -0.07711834
v -0.11675698 0.72052765 -0.13926561
v -0.00271885 0.78501868 0.33865926
v 0.00423840 0.79388922 0.36781654
v 0.01121113 0.80265903 0.39703873
v 0.01058979 0.81483680 0.39443478
v 0.00845718 0.82773006 0.38549715
v 0.00631941 0.84065437 0.37653792
v 0.00364201 0.85386723 0.36531717
v -0.00111825 0.86813271 0.34536728
v -0.00633631 0.88268876 0.32349882
v -0.01158507 0.89733046 0.30150169
v -0.01846931 0.91287410 0.27265036
v -0.03382220 0.93287170 0.20830758
v -0.05431252 0.95575613 0.12243428
v -0.05707924 0.96955055 0.11083913
v 0.02662998 -0.80217516 0.51211131
v 0.03296972 -0.78760260 0.53849804
v 0.03851226 -0.77346939 0.56156659
v 0.04263038 -0.76003432 0.57870668
v 0.04613314 -0.74691975 0.59328550
v 0.04798957 -0.73455119 0.60101217
v 0.04995212 -0.72216308 0.60918057
v 0.05217559 -0.70969397 0.61843491
v 0.05439334 -0.69725686 0.62766540
v 0.05651108 -0.68488926 0.63647962
v 0.05835158 -0.67265838 0.64414001
v 0.06018816 -0.66045374 0.65178406
v 0.06202082 -0.64827508 0.65941179
v 0.06384956 -0.63612241 0.66702324
v 0.06554573 -0.62404245 0.67408282
v 0.06630921 -0.61231899 0.67726052
v 0.06707200 -0.60060596 0.68043536
v 0.06780335 -0.58891398 0.68347931
v 0.06851941 -0.57723689 0.68645960
v 0.06923487 -0.56556958 0.68943745
v 0.06985812 -0.55394185 0.69203150
v 0.07023634 -0.54240012 0.69360566
v 0.07047494 -0.53090703 0.69459873
v 0.07072058 -0.51941490 0.69562107
v 0.07102612 -0.50790823 0.69689280
v 0.07171481 -0.49629420 0.69975919
v 0.07240295 -0.48468959 0.70262337
v 0.07309052 -0.47309428 0.70548511
v 0.07377754 -0.46150836 0.70834452
v 0.07446402 -0.44993171 0.71120173
v 0.07514993 -0.43836445 0.71405655
v 0.07557366 -0.42687207 0.71582013
v 0.07553700 -0.41549778 0.71566761
v 0.07492954 -0.40425849 0.71313924
v 0.07432164 -0.39301121 0.71060914
v 0.07371331 -0.38175586 0.70807719
v 0.07310454 -0.37049249 0.70554346
v 0.07249534 -0.35922107 0.70300788
v 0.07188570 -0.34794155 0.70047051
v 0.07060312 -0.33678669 0.69513226
v 0.06896456 -0.32568252 0.68831241
v 0.06732285 -0.31455702 0.68147945
v 0.06564474 -0.30341598 0.67449498
v 0.06161783 -0.29265305 0.65773451
v 0.05597355 -0.28210133 0.63424242
v 0.03080908 -0.25016174 0.52578497
v 0.02437542 -0.24037614 0.50272763
v 0.01868163 -0.22939302 0.47902945
v 0.01614891 -0.21794264 0.46848798
v 0.01188232 -0.20666130 0.45072997
v 0.00742801 -0.19534361 0.43219060
v -0.00281347 -0.18456627 0.38956448
v -0.01009109 -0.17336451 0.35927421
v -0.01584981 -0.16192827 0.33530581
v -0.01471906 -0.14983906 0.34001213
v -0.01729129 -0.13824010 0.33056664
v -0.02221469 -0.12639119 0.30881453
v -0.02740181 -0.11468348 0.28722519
v -0.03225189 -0.10288725 0.26703858
v -0.03354073 -0.09084751 0.26167428
v -0.03483140 -0.07879063 0.25630239
v -0.03613921 -0.06671709 0.25085914
v -0.03749260 -0.05462744 0.24522619
v -0.03885826 -0.04251998 0.23954214
v -0.04022599 -0.03039428 0.23384953
v -0.04159577 -0.01825031 0.22814831
v -0.04296762 -0.00608803 0.22243853
v -0.04431242 0.00609253 0.21684130
v -0.04566281 0.01829111 0.21122089
v -0.04788548 0.03052234 0.20196989
v -0.05029946 0.04278778 0.19192265
v -0.05275657 0.05508682 0.18169586
v -0.05522031 0.06741896 0.17144154
v -0.05769068 0.07978434 0.16115959
v -0.05995086 0.09217223 0.15175249
v -0.06152295 0.10455123 0.14520931
v -0.06309772 0.11695143 0.13865492
v -0.06456459 0.12936512 0.13254966
v -0.06593477 0.14179097 0.12684684
v -0.06730698 0.15423535 0.12113552
v -0.06868125 0.16669825 0.11541569
v -0.07005756 0.17917973 0.10968733
v -0.07143592 0.19167984 0.10395043
v -0.07234459 0.20414656 0.10016850
v -0.07143705 0.21641286 0.10394574
v -0.07053041 0.22866713 0.10771927
v -0.06962465 0.24090940 0.11148912
v -0.06871979 0.25313967 0.11525527
v -0.06781581 0.26535794 0.11901771
v -0.06691272 0.27756429 0.12277649
v -0.06607202 0.28976834 0.12627554
v -0.06533531 0.30197820 0.12934183
v -0.06474534 0.31420323 0.13179733
v -0.06428308 0.32644299 0.13372131
v -0.06382639 0.33867764 0.13562211
v -0.06336992 0.35090616 0.13752198
v -0.06291368 0.36312863 0.13942090
v -0.06245766 0.37534508 0.14131889
v -0.06200187 0.38755545 0.14321592
v -0.06161816 0.39977539 0.14481300
v -0.06127867 0.41200009 0.14622599
v -0.06093929 0.42422029 0.14763848
v -0.06060006 0.43643603 0.14905044
v -0.06026094 0.44864720 0.15046190
v -0.05992194 0.46085387 0.15187281
v -0.05961050 0.47306314 0.15316910
v -0.05932385 0.48527476 0.15436214
v -0.05903729 0.49748257 0.15555482
v -0.05875083 0.50968659 0.15674712
v -0.05846445 0.52188683 0.15793906
v -0.05886361 0.53428262 0.15627770
v -0.06122941 0.54726905 0.14643100
v -0.06412034 0.56044692 0.13439864
v -0.06823158 0.57404304 0.11728723
v -0.07236122 0.58769989 0.10009925
v -0.07650937 0.60141808 0.08283418
v -0.08051459 0.61514437 0.06616400
v -0.08394618 0.62873048 0.05188140
v -0.08851253 0.64275342 0.03287571
v -0.09344370 0.65696549 0.01235166
v -0.09840100 0.67125291 -0.00828115
v -0.10484672 0.68614906 -0.03510891
v -0.11131077 0.70113826 -0.06201302
v -0.12134362 0.71756244 -0.10377081
v -0.08123110 0.76456505 0.06318183
v -0.07511000 0.77443838 0.08865855
v -0.01774877 0.78648388 0.32740214
v -0.01022597 0.79514551 0.35871285
v -0.00318529 0.80392426 0.38801694
v -0.00379554 0.81611377 0.38547698
v -0.00594890 0.82902873 0.37651449
v -0.00810746 0.84197497 0.36753032
v -0.01051441 0.85506886 0.35751230
v -0.01524554 0.86932182 0.33782089
v -0.02034320 0.88381821 0.31660381
v -0.02563996 0.89848208 0.29455814
v -0.04424381 0.91993606 0.21712694
v -0.05344263 0.93682700 0.17884044
v -0.06776117 0.95649451 0.11924513
v -0.07353633 0.97186840 0.09520832
v 0.00414245 -0.80674899 0.47060257
v 0.01784387 -0.78928423 0.52559209
v 0.02400696 -0.77486789 0.55106825
v 0.02856033 -0.76123405 0.56989032
v 0.03220568 -0.74804980 0.58495903
v 0.03460315 -0.73544055 0.59486932
v 0.03647219 -0.72308260 0.60259533
v 0.03836341 -0.71074045 0.61041301
v 0.04060220 -0.69828367 0.61966747
v 0.04280308 -0.68587172 0.62876511
v 0.04466090 -0.67362231 0.63644469
v 0.04651475 -0.66139913 0.64410794
v 0.04839481 -0.64919066 0.65187949
v 0.05048502 -0.63692981 0.66051972
v 0.05257019 -0.62469846 0.66913915
v 0.05352500 -0.61289674 0.67308599
v 0.05429421 -0.60117239 0.67626566
v 0.05506274 -0.58945847 0.67944258
v 0.05583059 -0.57775503 0.68261659
v 0.05659775 -0.56606203 0.68578774
v 0.05734671 -0.55438507 0.68888366
v 0.05770048 -0.54284275 0.69034606
v 0.05794103 -0.53134018 0.69134039
v 0.05818993 -0.51983827 0.69236922
v 0.05847935 -0.50832766 0.69356561
v 0.05876866 -0.49682093 0.69476151
v 0.05944899 -0.48520765 0.69757378
v 0.06014253 -0.47359976 0.70044065
v 0.06083551 -0.46200123 0.70330518
v 0.06142471 -0.45043918 0.70574081
v 0.06171363 -0.43896174 0.70693505
v 0.06200245 -0.42748818 0.70812899
v 0.06201926 -0.41608441 0.70819843
v 0.06193430 -0.40470487 0.70784724
v 0.06145656 -0.39341426 0.70587242
v 0.06084301 -0.38214752 0.70333618
v 0.06022901 -0.37087271 0.70079815
v 0.05961458 -0.35958984 0.69825828
v 0.05821790 -0.34845734 0.69248492
v 0.05656624 -0.33735627 0.68565744
v 0.05450319 -0.32631114 0.67712951
v 0.05204292 -0.31531119 0.66695964
v 0.04790172 -0.30457449 0.64984119
v 0.04236949 -0.29401848 0.62697279
v 0.03721404 -0.28332764 0.60566193
v 0.02890886 -0.27306005 0.57133102
v 0.02203501 -0.26246816 0.54291677
v 0.01402844 -0.25194672 0.50982034
v 0.00764128 -0.24109828 0.48341796
v 0.00441794 -0.22975504 0.47009379
v 0.00186065 -0.21828708 0.45952278
v -0.00196798 -0.20693296 0.44369644
v -0.01061082 -0.19605578 0.40796983
v -0.01394621 -0.18451713 0.39418244
v -0.02012177 -0.17320779 0.36865473
v -0.02553266 -0.16174780 0.34628794
v -0.02631508 -0.14983146 0.34305367
v -0.03041674 -0.13815837 0.32609877
v -0.03561981 -0.12650761 0.30459103
v -0.04165823 -0.11469795 0.27945912
v -0.04459217 -0.10291766 0.26750222
v -0.04589017 -0.09087438 0.26213670
v -0.04720731 -0.07881469 0.25669211
v -0.04854641 -0.06673829 0.25115672
v -0.04991980 -0.05464512 0.24547955
v -0.05129527 -0.04253374 0.23979382
v -0.05267281 -0.03040413 0.23409955
v -0.05405242 -0.01825623 0.22839671
v -0.05539316 -0.00608987 0.22285452
v -0.05658572 0.00609384 0.21792480
v -0.05850407 0.01830060 0.20999500
v -0.06074357 0.03053820 0.20073770
v -0.06313961 0.04280920 0.19083324
v -0.06561522 0.05511443 0.18059988
v -0.06809751 0.06745279 0.17033894
v -0.07058650 0.07982443 0.16005033
v -0.07245712 0.09219833 0.15231781
v -0.07404035 0.10458086 0.14577325
v -0.07562629 0.11698461 0.13921748
v -0.07721496 0.12940961 0.13265048
v -0.07860514 0.14184058 0.12690397
v -0.07998727 0.15428934 0.12119068
v -0.08137146 0.16675664 0.11546889
v -0.08275772 0.17924254 0.10973856
v -0.08414605 0.19174708 0.10399969
v -0.08436902 0.20414230 0.10307799
v -0.08345561 0.21640836 0.10685372
v -0.08254310 0.22866237 0.11062575
v -0.08163147 0.24090438 0.11439408
v -0.08072075 0.25313440 0.11815873
v -0.07981091 0.26535246 0.12191968
v -0.07890197 0.27755854 0.12567696
v -0.07799391 0.28975266 0.12943056
v -0.07755686 0.30201143 0.13123716
v -0.07683260 0.31421572 0.13423103
v -0.07623302 0.32643232 0.13670948
v -0.07577338 0.33866653 0.13860948
v -0.07531396 0.35089469 0.14050855
v -0.07485478 0.36311677 0.14240667
v -0.07439582 0.37533280 0.14430386
v -0.07393709 0.38754275 0.14620009
v -0.07355199 0.39976257 0.14779195
v -0.07321031 0.41198689 0.14920436
v -0.07286875 0.42420670 0.15061626
v -0.07254656 0.43642655 0.15194806
v -0.07225775 0.44865021 0.15314193
v -0.07196902 0.46087003 0.15433541
v -0.07168039 0.47308609 0.15552852
v -0.07139185 0.48529831 0.15672126
v -0.07110339 0.49750668 0.15791363
v -0.07081503 0.50971133 0.15910561
v -0.07052676 0.52191210 0.16029724
v -0.07113046 0.53436691 0.15780175
v -0.07351243 0.54735547 0.14795545
v -0.07590056 0.56037760 0.13808376
v -0.07890234 0.57362103 0.12567537
v -0.08305278 0.58726698 0.10851881
v -0.08722184 0.60097402 0.09128536
v -0.09101388 0.61461240 0.07561035
v -0.09446185 0.62818581 0.06135754
v -0.09792259 0.64180940 0.04705205
v -0.10266510 0.65592611 0.02744807
v -0.10767044 0.67019928 0.00675764
v -0.11307196 0.68468249 -0.01557041
v -0.12016141 0.69985986 -0.04487587
v -0.12697291 0.71502715 -0.07303235
v -0.09343721 0.75216722 0.06559309
v -0.08766915 0.76224256 0.08943632
v -0.02473618 0.79640573 0.34958029
v -0.01762715 0.80519331 0.37896666
v -0.01822605 0.81739467 0.37649104
v -0.02040025 0.83033150 0.36750358
v -0.02292637 0.84346205 0.35706145
v -0.02591991 0.85684824 0.34468713
v -0.03074033 0.87115419 0.32476112
v -0.03558658 0.88553697 0.30472833
v -0.04045887 0.89999694 0.28458786
v -0.05890156 0.92132962 0.20835195
v -0.07533886 0.94188792 0.14040567
v -0.08117791 0.95724630 0.11605145
v 0.00255781 -0.79101557 0.51223892
v 0.00889116 -0.77651638 0.53824103
v 0.01449309 -0.76241702 0.56124032
v 0.01812636 -0.74922997 0.57615703
v 0.02118427 -0.73633212 0.58871156
v 0.02306999 -0.72395825 0.59645355
v 0.02495166 -0.71161097 0.60417897
v 0.02682929 -0.69929004 0.61188775
v 0.02902454 -0.68686926 0.62090051
v 0.03093092 -0.67458892 0.62872738
v 0.03293293 -0.66229761 0.63694680
v 0.03504699 -0.64999074 0.64562625
v 0.03715593 -0.63771379 0.65428472
v 0.03925978 -0.62546653 0.66292232
v 0.04071663 -0.61347550 0.66890353
v 0.04149229 -0.60173982 0.67208809
v 0.04226726 -0.59001464 0.67526978
v 0.04304155 -0.57829988 0.67844868
v 0.04379447 -0.56660241 0.68153989
v 0.04454498 -0.55491555 0.68462121
v 0.04514414 -0.54328614 0.68708104
v 0.04538664 -0.53177404 0.68807667
v 0.04563884 -0.52026230 0.68911207
v 0.04593061 -0.50874227 0.69031000
v 0.04622228 -0.49722609 0.69150746
v 0.04651384 -0.48571378 0.69270450
v 0.04716683 -0.47410634 0.69538546
v 0.04751711 -0.46258843 0.69682354
v 0.04780884 -0.45109043 0.69802123
v 0.04810048 -0.43959630 0.69921857
v 0.04839202 -0.42810604 0.70041555
v 0.04842446 -0.41668206 0.70054871
v 0.04833870 -0.40528619 0.70019656
v 0.04825294 -0.39388922 0.69984454
v 0.04794627 -0.38253996 0.69858545
v 0.04732703 -0.37125373 0.69604313
v 0.04583102 -0.36014163 0.68990111
v 0.04336193 -0.34920573 0.67976403
v 0.04088578 -0.33823860 0.66959798
v 0.03840255 -0.32724011 0.65940285
v 0.03414382 -0.31653118 0.64191824
v 0.02962444 -0.30581164 0.62336349
v 0.02447519 -0.29513842 0.60222274
v 0.01734884 -0.28471699 0.57296485
v 0.01076139 -0.27411789 0.54591942
v 0.00369416 -0.26350307 0.51690429
v -0.00272646 -0.25270316 0.49054390
v -0.00731626 -0.24157070 0.47170001
v -0.00989083 -0.23011820 0.46112987
v -0.01247285 -0.21863261 0.45052916
v -0.01585474 -0.20720536 0.43664446
v -0.02171781 -0.19600371 0.41257310
v -0.02507302 -0.18446802 0.39879796
v -0.03347027 -0.17337069 0.36432227
v -0.03763968 -0.16178569 0.34720439
v -0.03880014 -0.14989732 0.34244004
v -0.04380322 -0.13828538 0.32189941
v -0.04877780 -0.12660541 0.30147582
v -0.05563441 -0.11497776 0.27332529
v -0.05693975 -0.10294809 0.26796615
v -0.05826620 -0.09090224 0.26252025
v -0.05959838 -0.07883910 0.25705087
v -0.06097187 -0.06675988 0.25141189
v -0.06235506 -0.05466281 0.24573307
v -0.06374033 -0.04254752 0.24004571
v -0.06512769 -0.03041399 0.23434977
v -0.06646422 -0.01826162 0.22886249
v -0.06766348 -0.00609117 0.22393885
v -0.06910784 0.00609593 0.21800892
v -0.07135869 0.01831010 0.20876786
v -0.07361502 0.03055407 0.19950424
v -0.07599262 0.04283065 0.18974277
v -0.07848678 0.05514206 0.17950282
v -0.08098765 0.06748665 0.16923523
v -0.08337880 0.07985955 0.15941817
v -0.08497047 0.09222446 0.15288344
v -0.08656485 0.10461053 0.14633751
v -0.08816198 0.11701781 0.13978037
v -0.08976184 0.12944637 0.13321197
v -0.09128437 0.14189018 0.12696111
v -0.09267644 0.15434334 0.12124588
v -0.09407057 0.16681506 0.11552212
v -0.09546679 0.17930539 0.10978983
v -0.09686510 0.19181438 0.10404898
v -0.09639297 0.20413806 0.10598735
v -0.09547368 0.21640386 0.10976157
v -0.09455528 0.22865763 0.11353210
v -0.09363779 0.24089938 0.11729893
v -0.09272121 0.25312915 0.12106207
v -0.09180551 0.26534694 0.12482152
v -0.09122255 0.27760208 0.12721489
v -0.09117233 0.28993213 0.12742117
v -0.09076377 0.30220360 0.12909847
v -0.08950173 0.31432596 0.13427989
v -0.08888663 0.32654488 0.13680525
v -0.08827194 0.33875573 0.13932893
v -0.08765765 0.35095856 0.14185095
v -0.08704376 0.36315331 0.14437132
v -0.08643028 0.37534004 0.14689001
v -0.08587152 0.38753009 0.14918405
v -0.08549600 0.39975205 0.15072578
v -0.08520502 0.41198778 0.15192045
v -0.08491413 0.42421967 0.15311474
v -0.08462331 0.43644774 0.15430865
v -0.08433260 0.44867197 0.15550219
v -0.08404199 0.46089241 0.15669538
v -0.08375145 0.47310904 0.15788817
v -0.08346102 0.48532185 0.15908061
v -0.08317067 0.49753082 0.16027267
v -0.08288041 0.50973600 0.16146435
v -0.08259024 0.52193743 0.16265565
v -0.08340118 0.53445119 0.15932629
v -0.08579934 0.54744190 0.14948039
v -0.08820370 0.56046623 0.13960910
v -0.09061427 0.57352418 0.12971228
v -0.09372862 0.58683467 0.11692598
v -0.09791850 0.60053056 0.09972405
v -0.10149501 0.61408144 0.08504036
v -0.10495933 0.62764210 0.07081728
v -0.10843645 0.64125288 0.05654167
v -0.11192643 0.65491402 0.04221322
v -0.11683953 0.66912389 0.02204207
v -0.12192783 0.68346167 0.00115157
v -0.12869671 0.69848239 -0.02663868
v -0.13552532 0.71361470 -0.05467422
v -0.11685734 0.71915853 0.02196892
v -0.11125056 0.72950029 0.04498807
v -0.10664431 0.74016100 0.06389944
v -0.10145867 0.75052953 0.08518957
v -0.09630150 0.76084113 0.10636285
v -0.04006236 0.79800802 0.33725786
v -0.03211469 0.80646646 0.36988774
v -0.03270192 0.81867969 0.36747685
v -0.03534870 0.83184558 0.35661024
v -0.03815598 0.84512120 0.34508464
v -0.04142845 0.85865337 0.33164921
v -0.04630058 0.87299442 0.31164622
v -0.05119889 0.88741255 0.29153579
v -0.06931034 0.90839410 0.21717753
v -0.07360379 0.92272729 0.19955035
v -0.09189515 0.94418669 0.12445352
v -0.00621986 -0.77814168 0.52564156
v 0.00049338 -0.76355600 0.55301732
v 0.00402041 -0.75040638 0.56740010
v 0.00773283 -0.73722583 0.58253890
v 0.00963529 -0.72483599 0.59029692
v 0.01153366 -0.71247280 0.59803826
v 0.01342796 -0.70013607 0.60576296
v 0.01531820 -0.68782586 0.61347115
v 0.01739519 -0.67546868 0.62194085
v 0.01953331 -0.66311580 0.63065982
v 0.02166624 -0.65079284 0.63935763
v 0.02379399 -0.63849974 0.64803433
v 0.02591660 -0.62623644 0.65669012
v 0.02788405 -0.61405540 0.66471314
v 0.02866619 -0.60230839 0.66790259
v 0.02944638 -0.59057230 0.67108417
v 0.03020450 -0.57885373 0.67417562
v 0.03096195 -0.56714535 0.67726445
v 0.03171875 -0.55544710 0.68035054
v 0.03247488 -0.54375899 0.68343401
v 0.03281174 -0.53220868 0.68480766
v 0.03306726 -0.52068704 0.68584961
v 0.03336138 -0.50915754 0.68704903
v 0.03365541 -0.49763188 0.68824804
v 0.03390307 -0.48612303 0.68925798
v 0.03371015 -0.47473735 0.68847126
v 0.03385910 -0.46325836 0.68907869
v 0.03415356 -0.45174354 0.69027942
v 0.03444792 -0.44023266 0.69147980
v 0.03474218 -0.42872569 0.69267976
v 0.03479055 -0.41728142 0.69287699
v 0.03470399 -0.40586922 0.69252402
v 0.03461743 -0.39445585 0.69217098
v 0.03453086 -0.38304135 0.69181794
v 0.03218179 -0.37210810 0.68223882
v 0.02969051 -0.36117336 0.67207962
v 0.02719212 -0.35020742 0.66189152
v 0.02468657 -0.33921003 0.65167421
v 0.02139890 -0.32832602 0.63826752
v 0.01685743 -0.31762505 0.61974788
v 0.01154703 -0.30699816 0.59809279
v 0.00584803 -0.29636657 0.57485294
v -0.00051096 -0.28576630 0.54892176
v -0.00760928 -0.27519658 0.51997566
v -0.01334347 -0.26433241 0.49659234
v -0.01905371 -0.25338963 0.47330669
v -0.02164557 -0.24195260 0.46273741
v -0.02424492 -0.23048252 0.45213759
v -0.02685179 -0.21897924 0.44150707
v -0.03000213 -0.20750415 0.42866036
v -0.03512521 -0.19620126 0.40776908
v -0.04309677 -0.18512076 0.37526199
v -0.04951674 -0.17378813 0.34908217
v -0.04866057 -0.16172692 0.35257351
v -0.05195474 -0.15001726 0.33914033
v -0.05711503 -0.13840514 0.31809726
v -0.06619942 -0.12810414 0.30037454
v -0.06798012 -0.11501176 0.27379075
v -0.06931592 -0.10297973 0.26834354
v -0.07065555 -0.09093037 0.26288068
v -0.07201448 -0.07886427 0.25733912
v -0.07340537 -0.06678148 0.25166720
v -0.07479837 -0.05468051 0.24598673
v -0.07619347 -0.04256132 0.24029773
v -0.07752563 -0.03042278 0.23486523
v -0.07873157 -0.01826554 0.22994764
v -0.07993905 -0.00609247 0.22502366
v -0.08195895 0.00609910 0.21678677
v -0.08422664 0.01831961 0.20753941
v -0.08649986 0.03056996 0.19826947
v -0.08885851 0.04285209 0.18865120
v -0.09137124 0.05516971 0.17840463
v -0.09389073 0.06752055 0.16813041
v -0.09588809 0.07988217 0.15998550
v -0.09749091 0.09225059 0.15344939
v -0.09909647 0.10464019 0.14690208
v -0.10070479 0.11705103 0.14034358
v -0.10231587 0.12948316 0.13377380
v -0.10392971 0.14193662 0.12719275
v -0.10537449 0.15439740 0.12130112
v -0.10677858 0.16687353 0.11557540
v -0.10818477 0.17936829 0.10984113
v -0.10934247 0.19185622 0.10512015
v -0.10841640 0.20413381 0.10889658
v -0.10749123 0.21639936 0.11266930
v -0.10656697 0.22865286 0.11643833
v -0.10564361 0.24089436 0.12020365
v -0.10472116 0.25312388 0.12396529
v -0.10459738 0.26545393 0.12447006
v -0.10454674 0.27779317 0.12467656
v -0.10449609 0.29013172 0.12488306
v -0.10398750 0.30239600 0.12695707
v -0.10264166 0.31451356 0.13244525
v -0.10156026 0.32665947 0.13685501
v -0.10094120 0.33887458 0.13937958
v -0.10032251 0.35108161 0.14190246
v -0.09970424 0.36328062 0.14442368
v -0.09908637 0.37547159 0.14694324
v -0.09846891 0.38765457 0.14946117
v -0.09799897 0.39986089 0.15137754
v -0.09760498 0.41207772 0.15298423
v -0.09721113 0.42428941 0.15459023
v -0.09681746 0.43649596 0.15619557
v -0.09642396 0.44869742 0.15780023
v -0.09611612 0.46091476 0.15905558
v -0.09582369 0.47313198 0.16024806
v -0.09553135 0.48534539 0.16144018
v -0.09523911 0.49755496 0.16263193
v -0.09494695 0.50976074 0.16382331
v -0.09465489 0.52196276 0.16501431
v -0.09567577 0.53453547 0.16085128
v -0.09809013 0.54752845 0.15100580
v -0.10051073 0.56055486 0.14113492
v -0.10293758 0.57361501 0.13123851
v -0.10537071 0.58670896 0.12131651
v -0.10849024 0.60005313 0.10859545
v -0.11195806 0.61355138 0.09445411
v -0.11543865 0.62709934 0.08026066
v -0.11893210 0.64069730 0.06601484
v -0.12243845 0.65434551 0.05171635
v -0.12595780 0.66804439 0.03736489
v -0.12520310 0.68026137 0.04044245
v -0.12299923 0.69194090 0.04942958
v -0.12113405 0.70371699 0.05703555
v -0.12142551 0.71628213 0.05584697
v -0.11902707 0.72781885 0.06562752
v -0.11527326 0.73879510 0.08093510
v -0.11007345 0.74914825 0.10213926
v -0.09265939 0.76677418 0.17315169
v -0.06414372 0.79132754 0.28943512
v -0.04684309 0.80782998 0.35998499
v -0.04778141 0.82021940 0.35615861
v -0.05060913 0.83348256 0.34462753
v -0.05344562 0.84678680 0.33306065
v -0.05700247 0.86046618 0.31855628
v -0.06192672 0.87484246 0.29847580
v -0.06865387 0.89015257 0.27104324
v -0.08401649 0.90977108 0.20839642
v -0.08835071 0.92412931 0.19072200
v -0.01424960 -0.76499766 0.54192877
v -0.00998802 -0.75152677 0.55919033
v -0.00643005 -0.73840261 0.57360196
v -0.00383203 -0.72571582 0.58412528
v -0.00191688 -0.71333671 0.59188265
v 0.00046492 -0.70079851 0.60153019
v 0.00277555 -0.68831897 0.61088932
v 0.00387608 -0.67633098 0.61534709
v 0.00605070 -0.66395473 0.62415546
v 0.00821999 -0.65160882 0.63294214
v 0.01038397 -0.63929313 0.64170742
v 0.01254053 -0.62700826 0.65044254
v 0.01467680 -0.61475855 0.65909559
v 0.01581154 -0.60287946 0.66369188
v 0.01657663 -0.59113920 0.66679084
v 0.01734105 -0.57940918 0.66988719
v 0.01810481 -0.56768936 0.67298084
v 0.01886791 -0.55597967 0.67607176
v 0.01963035 -0.54428005 0.67916000
v 0.02021627 -0.53264397 0.68153334
v 0.02047513 -0.52111250 0.68258184
v 0.02077162 -0.50957346 0.68378276
v 0.02101505 -0.49805340 0.68476880
v 0.02082051 -0.48665774 0.68398076
v 0.02062593 -0.47525963 0.68319261
v 0.02043131 -0.46385896 0.68240428
v 0.02045867 -0.45239860 0.68251508
v 0.02075577 -0.44087091 0.68371856
v 0.02105278 -0.42934713 0.68492156
v 0.02111736 -0.41788250 0.68518311
v 0.02103000 -0.40645388 0.68482929
v 0.02092799 -0.39502740 0.68441606
v 0.01842052 -0.38412485 0.67425960
v 0.01590589 -0.37319112 0.66407394
v 0.01346793 -0.36220887 0.65419906
v 0.01132752 -0.35113564 0.64552921
v 0.00864680 -0.34013847 0.63467091
v 0.00406840 -0.32945883 0.61612606
v -0.00140524 -0.31887999 0.59395504
v -0.00584573 -0.30805135 0.57596874
v -0.01171388 -0.29740211 0.55219972
v -0.01884132 -0.28687742 0.52332997
v -0.02473125 -0.27607033 0.49947271
v -0.03091692 -0.26522979 0.47441754
v -0.03386126 -0.25385439 0.46249151
v -0.03657227 -0.24240944 0.45151046
v -0.03936914 -0.23080702 0.44033819
v -0.04209588 -0.21942578 0.42913699
v -0.04725475 -0.20815338 0.40824094
v -0.05270184 -0.19684470 0.38617736
v -0.05893848 -0.18554479 0.36091575
v -0.06081500 -0.17375152 0.35331497
v -0.06078531 -0.16176604 0.35343519
v -0.06534719 -0.15015504 0.33495727
v -0.07010325 -0.13849913 0.31569275
v -0.07901132 -0.12706538 0.27961048
v -0.08035645 -0.11504720 0.27416199
v -0.08170353 -0.10301160 0.26870561
v -0.08305256 -0.09095854 0.26324132
v -0.08444623 -0.07888978 0.25759625
v -0.08584693 -0.06680310 0.25192270
v -0.08724973 -0.05469823 0.24624060
v -0.08857743 -0.04257335 0.24086276
v -0.08979001 -0.03042930 0.23595122
v -0.09100416 -0.01826944 0.23103327
v -0.09254441 -0.00609483 0.22479449
v -0.09482341 0.00610226 0.21556337
v -0.09710796 0.01832912 0.20630972
v -0.09939811 0.03058586 0.19703345
v -0.10173729 0.04287357 0.18755855
v -0.10426863 0.05519740 0.17730534
v -0.10679323 0.06755399 0.16707943
v -0.10840446 0.07990479 0.16055313
v -0.11001845 0.09227674 0.15401566
v -0.11163519 0.10466988 0.14746700
v -0.11325472 0.11708427 0.14090709
v -0.11487702 0.12951995 0.13433594
v -0.11650211 0.14197700 0.12775350
v -0.11808144 0.15445149 0.12135640
v -0.11949550 0.16693205 0.11562872
v -0.12091169 0.17943121 0.10989248
v -0.12137130 0.19185223 0.10803077
v -0.12043933 0.20412956 0.11180569
v -0.11950830 0.21639484 0.11557691
v -0.11857815 0.22864811 0.11934443
v -0.11804239 0.24093939 0.12151457
v -0.11799134 0.25328842 0.12172130
v -0.11794031 0.26563680 0.12192802
v -0.11788928 0.27798453 0.12213473
v -0.11783824 0.29033157 0.12234143
v -0.11722808 0.30258864 0.12481292
v -0.11587190 0.31471381 0.13030614
v -0.11451767 0.32682163 0.13579151
v -0.11361933 0.33899352 0.13943024
v -0.11299625 0.35120481 0.14195399
v -0.11237359 0.36340803 0.14447609
v -0.11175134 0.37560326 0.14699653
v -0.11112950 0.38779044 0.14951530
v -0.11066155 0.40000212 0.15141071
v -0.11026476 0.41222325 0.15301795
v -0.10986812 0.42443922 0.15462452
v -0.10947166 0.43665010 0.15623042
v -0.10907535 0.44885576 0.15783563
v -0.10867922 0.46105641 0.15944017
v -0.10828326 0.47325185 0.16104405
v -0.10788745 0.48544219 0.16264723
v -0.10749182 0.49762744 0.16424976
v -0.10709635 0.50980759 0.16585161
v -0.10672070 0.52198803 0.16737317
v -0.10795423 0.53461987 0.16237678
v -0.11039033 0.54761654 0.15250933
v -0.11283339 0.56064701 0.14261366
v -0.11528278 0.57371134 0.13269237
v -0.11773854 0.58680952 0.12274531
v -0.11980753 0.59981745 0.11436483
v -0.12236990 0.61301148 0.10398589
v -0.12579845 0.62652409 0.09009851
v -0.12930506 0.64010763 0.07589490
v -0.13282463 0.65374130 0.06163886
v -0.13242376 0.66605371 0.06326258
v -0.13099390 0.67799538 0.06905422
v -0.13128655 0.69054157 0.06786893
v -0.13157926 0.70309150 0.06668325
v -0.12927470 0.71467191 0.07601790
v -0.12650153 0.72604358 0.08725064
v -0.12373643 0.73738223 0.09845076
v -0.11865660 0.74777204 0.11902666
v -0.10956843 0.75648892 0.15583840
v -0.10303205 0.76612681 0.18231407
v -0.08479868 0.78297752 0.25616866
v -0.07831799 0.79234999 0.28241879
v -0.06930321 0.80053955 0.31893331
v -0.06154449 0.80916423 0.35036013
v -0.06352966 0.82203817 0.34231916
v -0.06592974 0.83512592 0.33259758
v -0.06879566 0.84845906 0.32098916
v -0.07264238 0.86228657 0.30540791
v -0.07892185 0.87731397 0.27997285
v -0.09441239 0.89683580 0.21722819
v -0.09876729 0.91115230 0.19958863
v -0.02933197 -0.76656520 0.52965719
v -0.02403834 -0.75265056 0.55095607
v -0.02045906 -0.73950946 0.56535733
v -0.01702811 -0.72647476 0.57916164
v -0.01443022 -0.71381646 0.58961433
v -0.01183984 -0.70119458 0.60003674
v -0.01008289 -0.68892753 0.60710579
v -0.00914558 -0.67699379 0.61087704
v -0.00748838 -0.66480404 0.61754477
v -0.00529972 -0.65244138 0.62635088
v -0.00311642 -0.64010894 0.63513535
v -0.00093846 -0.62780660 0.64389831
v 0.00130231 -0.61551082 0.65291411
v 0.00304155 -0.60341454 0.65991193
v 0.00374624 -0.59168589 0.66274726
v 0.00445289 -0.57996577 0.66559052
v 0.00522299 -0.56823438 0.66868895
v 0.00599241 -0.55651319 0.67178470
v 0.00676116 -0.54480225 0.67487782
v 0.00752925 -0.53310138 0.67796814
v 0.00786241 -0.52153862 0.67930865
v 0.00810151 -0.51000732 0.68027067
v 0.00790535 -0.49860173 0.67948145
v 0.00770915 -0.48719364 0.67869198
v 0.00751290 -0.47578302 0.67790240
v 0.00731661 -0.46436986 0.67711264
v 0.00712027 -0.45295417 0.67632264
v 0.00702387 -0.44151098 0.67593473
v 0.00732362 -0.42997038 0.67714083
v 0.00740471 -0.41848531 0.67746705
v 0.00714937 -0.40707868 0.67643970
v 0.00461849 -0.39617723 0.66625673
v 0.00226112 -0.38520530 0.65677190
v 0.00010712 -0.37416002 0.64810526
v -0.00205212 -0.36308795 0.63941753
v -0.00421661 -0.35198888 0.63070875
v -0.00874270 -0.34131306 0.61249804
v -0.01426485 -0.33076245 0.59027964
v -0.01812951 -0.31984511 0.57473022
v -0.02261750 -0.30898464 0.55667275
v -0.02978959 -0.29850939 0.52781594
v -0.03645134 -0.28786018 0.50101238
v -0.04311895 -0.27712563 0.47418532
v -0.04631891 -0.26579937 0.46131027
v -0.04904999 -0.25436637 0.45032176
v -0.05162533 -0.24287732 0.43995988
v -0.05419672 -0.23135442 0.42961389
v -0.05922189 -0.22009219 0.40939513
v -0.06228556 -0.20854256 0.39706847
v -0.06886616 -0.19732909 0.37059149
v -0.07493006 -0.18597850 0.34619334
v -0.07155635 -0.17366306 0.35976744
v -0.07346575 -0.16185325 0.35208502
v -0.07839103 -0.15026286 0.33226818
v -0.08310911 -0.13859324 0.31328496
v -0.09138781 -0.12710465 0.27997562
v -0.09274233 -0.11508279 0.27452573
v -0.09409881 -0.10304350 0.26906791
v -0.09547763 -0.09098771 0.26352024
v -0.09688603 -0.07891530 0.25785357
v -0.09829655 -0.06682473 0.25217834
v -0.09961959 -0.05471333 0.24685507
v -0.10083883 -0.04258246 0.24194956
v -0.10205962 -0.03043580 0.23703763
v -0.10328203 -0.01827336 0.23211935
v -0.10540536 -0.00609800 0.22357608
v -0.10770122 0.00610543 0.21433869
v -0.11000269 0.01833865 0.20507872
v -0.11230978 0.03060178 0.19579613
v -0.11462900 0.04289506 0.18646479
v -0.11717898 0.05522512 0.17620495
v -0.11930554 0.06757312 0.16764876
v -0.12092792 0.07992744 0.16112110
v -0.12255307 0.09230291 0.15458225
v -0.12418103 0.10469959 0.14803220
v -0.12581177 0.11711752 0.14147094
v -0.12744531 0.12955678 0.13489839
v -0.12908165 0.14201739 0.12831457
v -0.13072081 0.15449943 0.12171942
v -0.13222136 0.16699059 0.11568207
v -0.13364752 0.17949420 0.10994385
v -0.13339962 0.19184823 0.11094127
v -0.13246179 0.20412531 0.11471470
v -0.13153212 0.21659632 0.11855328
v -0.13145594 0.22874726 0.11876164
v -0.13140450 0.24110545 0.11896859
v -0.13135307 0.25346303 0.11917554
v -0.13130164 0.26581991 0.11938248
v -0.13125020 0.27817613 0.11958940
v -0.13119879 0.29053167 0.11979631
v -0.13048553 0.30278158 0.12266605
v -0.12911899 0.31491432 0.12816431
v -0.12775442 0.32702968 0.13365468
v -0.12639178 0.33912772 0.13913722
v -0.12567888 0.35132802 0.14200556
v -0.12505184 0.36353552 0.14452852
v -0.12442520 0.37573498 0.14704983
v -0.12379896 0.38792640 0.14956947
v -0.12333308 0.40014347 0.15144390
v -0.12293348 0.41236886 0.15305170
v -0.12253404 0.42458913 0.15465882
v -0.12213478 0.43680426 0.15626529
v -0.12173568 0.44901425 0.15787107
v -0.12133674 0.46121913 0.15947616
v -0.12093798 0.47341889 0.16108060
v -0.12053938 0.48561350 0.16268435
v -0.12014095 0.49780300 0.16428742
v -0.11979203 0.51000065 0.16569130
v -0.11973180 0.52227318 0.16593368
v -0.12076867 0.53485411 0.16176182
v -0.12272715 0.54771405 0.15388188
v -0.12518662 0.56074709 0.14398624
v -0.12765245 0.57381380 0.13406493
v -0.13012470 0.58691442 0.12411788
v -0.13218790 0.59991866 0.11581656
v -0.13325977 0.61263174 0.11150390
v -0.13645619 0.62605363 0.09864315
v -0.13966331 0.63952047 0.08573930
v -0.14083023 0.65233517 0.08104421
v -0.14112401 0.66486233 0.07986216
v -0.14141789 0.67739344 0.07867973
v -0.14171186 0.68992835 0.07749695
v -0.13950214 0.70155084 0.08638781
v -0.13671684 0.71293044 0.09759444
v -0.13393961 0.72427696 0.10876854
v -0.13117045 0.73559058 0.11991027
v -0.12656660 0.74614948 0.13843386
v -0.11995403 0.75584865 0.16503951
v -0.11338724 0.76548064 0.19146100
v -0.10394675 0.77384567 0.22944474
v -0.09711461 0.78317815 0.25693387
v -0.09111771 0.79277635 0.28106236
v -0.08293825 0.80135697 0.31397247
v -0.07797861 0.81123912 0.33392748
v -0.07998666 0.82414842 0.32584813
v -0.08199906 0.83708566 0.31775126
v -0.08420642 0.85013783 0.30886987
v -0.08917282 0.86449641 0.28888762
v -0.09742844 0.88046378 0.25567114
v -0.10916705 0.89819622 0.20844091
v -0.04564434 -0.76863158 0.51266664
v -0.03813075 -0.75377762 0.54269707
v -0.03101134 -0.73918152 0.57115203
v -0.02917808 -0.72680342 0.57847929
v -0.02676820 -0.71422070 0.58811110
v -0.02415851 -0.70159113 0.59854156
v -0.02296409 -0.68953723 0.60331547
v -0.02201919 -0.67759264 0.60709208
v -0.02106214 -0.66565567 0.61091715
v -0.01885402 -0.65327603 0.61974269
v -0.01665131 -0.64092684 0.62854648
v -0.01444759 -0.62860560 0.63735431
v -0.01179697 -0.61615884 0.64794838
v -0.00961085 -0.60390317 0.65668595
v -0.00890056 -0.59216487 0.65952486
v -0.00819084 -0.58043581 0.66236150
v -0.00748168 -0.56871611 0.66519588
v -0.00677308 -0.55700576 0.66802800
v -0.00606505 -0.54530460 0.67085791
v -0.00532910 -0.53358352 0.67369920
v -0.00483762 -0.52198499 0.67576367
v -0.00503541 -0.51056945 0.67497319
v -0.00523325 -0.49915135 0.67418247
v -0.00543112 -0.48773071 0.67339152
v -0.00562905 -0.47630757 0.67260045
v -0.00582702 -0.46488187 0.67180920
v -0.00602503 -0.45345366 0.67101783
v -0.00622308 -0.44202289 0.67022622
v -0.00642118 -0.43058959 0.66943443
v -0.00667007 -0.41916567 0.66843969
v -0.00894563 -0.40820161 0.65934467
v -0.01111323 -0.39718428 0.65068120
v -0.01328609 -0.38614017 0.64199668
v -0.01546423 -0.37506920 0.63329101
v -0.01764769 -0.36397129 0.62456417
v -0.02157593 -0.35318777 0.60886365
v -0.02653313 -0.34254903 0.58905065
v -0.03028474 -0.33162540 0.57405615
v -0.03439913 -0.32071760 0.55761170
v -0.04136185 -0.31024268 0.52978295
v -0.04840369 -0.29969111 0.50163805
v -0.05533047 -0.28903076 0.47395286
v -0.05878950 -0.27775678 0.46012780
v -0.06143436 -0.26632035 0.44955683
v -0.06396615 -0.25483420 0.43943763
v -0.06650493 -0.24331643 0.42929059
v -0.07089761 -0.23199864 0.41173390
v -0.07340693 -0.22040007 0.40170455
v -0.07943455 -0.20916542 0.37761322
v -0.08476026 -0.19777870 0.35632741
v -0.08416974 -0.18573320 0.35868755
v -0.08296424 -0.17363790 0.36350575
v -0.08664807 -0.16198295 0.34878212
v -0.09137834 -0.15036477 0.32987610
v -0.09615310 -0.13868898 0.31079227
v -0.10377196 -0.12714395 0.28034100
v -0.10513589 -0.11511840 0.27488968
v -0.10650177 -0.10307539 0.26943043
v -0.10791567 -0.09101713 0.26377934
v -0.10933387 -0.07894084 0.25811100
v -0.11065216 -0.06684277 0.25284216
v -0.11187800 -0.05472504 0.24794264
v -0.11310544 -0.04259156 0.24303676
v -0.11433449 -0.03044233 0.23812453
v -0.11597252 -0.01828121 0.23157761
v -0.11827965 -0.00610116 0.22235641
v -0.12059242 0.00610860 0.21311273
v -0.12291083 0.01834819 0.20384645
v -0.12523490 0.03061772 0.19455750
v -0.12756468 0.04291728 0.18524584
v -0.13010228 0.05525286 0.17510347
v -0.13182491 0.06759226 0.16821840
v -0.13345848 0.07995009 0.16168939
v -0.13509484 0.09232909 0.15514916
v -0.13673399 0.10472931 0.14859775
v -0.13837597 0.11715080 0.14203510
v -0.14002076 0.12959361 0.13546118
v -0.14166836 0.14205781 0.12887596
v -0.14331882 0.15454344 0.12227942
v -0.14495613 0.16704917 0.11573545
v -0.14637209 0.17955534 0.11007604
v -0.14542745 0.19184422 0.11385167
v -0.14494057 0.20416957 0.11579759
v -0.14488873 0.21653765 0.11600477
v -0.14483690 0.22890507 0.11621196
v -0.14478506 0.24127179 0.11641912
v -0.14473322 0.25363785 0.11662628
v -0.14468139 0.26600328 0.11683343
v -0.14462957 0.27836803 0.11704056
v -0.14457774 0.29073209 0.11724768
v -0.14375992 0.30297473 0.12051642
v -0.14238299 0.31511506 0.12601973
v -0.14100803 0.32723799 0.13151516
v -0.13963506 0.33934358 0.13700271
v -0.13837044 0.35145140 0.14205717
v -0.13773897 0.36366311 0.14458100
v -0.13710794 0.37586680 0.14710316
v -0.13647731 0.38806245 0.14962368
v -0.13601358 0.40028492 0.15147711
v -0.13561116 0.41251460 0.15308549
v -0.13520892 0.42473915 0.15469317
v -0.13480684 0.43695855 0.15630019
v -0.13440494 0.44917285 0.15790652
v -0.13400321 0.46138200 0.15951219
v -0.13360165 0.47358599 0.16111717
v -0.13320024 0.48578489 0.16272148
v -0.13311146 0.49806008 0.16307633
v -0.13305075 0.51034164 0.16331898
v -0.13299005 0.52262241 0.16356163
v -0.13414995 0.53524417 0.15892565
v -0.13585195 0.54803610 0.15212311
v -0.13755699 0.56085086 0.14530842
v -0.14002654 0.57391632 0.13543800
v -0.14251530 0.58701944 0.12549096
v -0.14457247 0.60001993 0.11726877
v -0.14531021 0.61262649 0.11432020
v -0.14734878 0.62566537 0.10617238
v -0.15057215 0.63912320 0.09328915
v -0.15144274 0.65182751 0.08980954
v -0.15161744 0.66430348 0.08911131
v -0.15182339 0.67679262 0.08828817
v -0.14992742 0.68853354 0.09586600
v -0.14783750 0.70017958 0.10421905
v -0.14575210 0.71180040 0.11255401
v -0.14367121 0.72339600 0.12087093
v -0.14159483 0.73496658 0.12916988
v -0.13641442 0.74530184 0.14987499
v -0.13032205 0.75520939 0.17422503
v -0.12324483 0.76464236 0.20251149
v -0.11577008 0.77382177 0.23238672
v -0.10969169 0.78348470 0.25668094
v -0.10365222 0.79308563 0.28081965
v -0.09660114 0.80217600 0.30900151
v -0.09449724 0.81332475 0.31741041
v -0.09652838 0.82626951 0.30929232
v -0.09858985 0.83925390 0.30105296
v -0.10121270 0.85251957 0.29056990
v -0.10770079 0.86759776 0.26463810
v -0.11955002 0.88526112 0.21727893
v 0.04656394 -0.91343123 0.92681265
v 0.04630405 -0.90249485 0.92578083
v 0.04715418 -0.89098358 0.92915618
v 0.04549946 -0.88075686 0.92258626
v 0.04384157 -0.87051052 0.91600364
v 0.04218051 -0.86024451 0.90940839
v 0.04051626 -0.84995890 0.90280050
v 0.03614192 -0.84096062 0.88543230
v -0.04746505 -0.75292778 0.55347311
v -0.04275250 -0.73934060 0.57218415
v -0.04109010 -0.72703290 0.57878470
v -0.03912017 -0.71462542 0.58660620
v -0.03682161 -0.70211607 0.59573251
v -0.03586810 -0.69014800 0.59951848
v -0.03491559 -0.67819250 0.60330033
v -0.03396408 -0.66624957 0.60707837
v -0.03244304 -0.65411294 0.61311758
v -0.03022083 -0.64174688 0.62194079
v -0.02759674 -0.62926912 0.63235974
v -0.02492386 -0.61680830 0.64297229
v -0.02228376 -0.60439265 0.65345472
v -0.02156786 -0.59264463 0.65629721
v -0.02085252 -0.58090591 0.65913743
v -0.02013776 -0.56917650 0.66197538
v -0.01942356 -0.55745643 0.66481107
v -0.01858191 -0.54570675 0.66815287
v -0.01755036 -0.53391147 0.67224854
v -0.01749267 -0.52241272 0.67247760
v -0.01790095 -0.51104730 0.67085660
v -0.01810830 -0.49962080 0.67003334
v -0.01831570 -0.48819160 0.66920984
v -0.01852314 -0.47675979 0.66838616
v -0.01873063 -0.46532539 0.66756237
v -0.01893817 -0.45388830 0.66673833
v -0.01914576 -0.44244856 0.66591406
v -0.01985052 -0.43112540 0.66311580
v -0.02208463 -0.42015028 0.65424532
v -0.02448666 -0.40918472 0.64470810
v -0.02671180 -0.39814940 0.63587332
v -0.02890895 -0.38707960 0.62714958
v -0.03111144 -0.37598282 0.61840463
v -0.03451926 -0.36510071 0.60487401
v -0.03869611 -0.35432500 0.58828992
v -0.04202217 -0.34333539 0.57508391
v -0.04657706 -0.33252716 0.55699879
v -0.05331972 -0.32204553 0.53022730
v -0.06036255 -0.31152847 0.50226396
v -0.06755152 -0.30094519 0.47372028
v -0.07122482 -0.28971902 0.45913553
v -0.07376769 -0.27827597 0.44903913
v -0.07631756 -0.26680136 0.43891492
v -0.07887446 -0.25529513 0.42876282
v -0.08257429 -0.24390607 0.41407278
v -0.08509957 -0.23232315 0.40404621
v -0.08999053 -0.22098787 0.38462672
v -0.09427763 -0.20952244 0.36760503
v -0.09921089 -0.19807035 0.34801760
v -0.09481940 -0.18563074 0.36545390
v -0.09631001 -0.17379279 0.35953552
v -0.10048456 -0.16216753 0.34296057
v -0.10529378 -0.15053962 0.32386562
v -0.11479244 -0.13919510 0.28615144
v -0.11616378 -0.12718327 0.28070658
v -0.11753710 -0.11515404 0.27525383
v -0.11893587 -0.10310860 0.26970005
v -0.12036175 -0.09104658 0.26403859
v -0.12167510 -0.07896163 0.25882399
v -0.12290757 -0.06685704 0.25393051
v -0.12414164 -0.05473673 0.24903068
v -0.12537733 -0.04260068 0.24412446
v -0.12661462 -0.03044884 0.23921189
v -0.12884329 -0.01829069 0.23036294
v -0.13116732 -0.00610433 0.22113548
v -0.13349701 0.00611178 0.21188550
v -0.13583240 0.01835774 0.20261291
v -0.13817351 0.03063367 0.19331761
v -0.14052035 0.04293967 0.18399955
v -0.14270949 0.05527116 0.17530762
v -0.14435141 0.06761140 0.16878837
v -0.14599615 0.07997276 0.16225798
v -0.14764370 0.09235529 0.15571640
v -0.14929409 0.10475905 0.14916362
v -0.15094730 0.11718410 0.14259958
v -0.15260336 0.12963048 0.13602427
v -0.15426226 0.14209826 0.12943767
v -0.15592401 0.15458749 0.12283973
v -0.15758860 0.16709821 0.11623043
v -0.15844527 0.17955530 0.11282911
v -0.15839303 0.19193324 0.11303654
v -0.15834078 0.20431052 0.11324395
v -0.15828855 0.21668714 0.11345135
v -0.15823631 0.22906308 0.11365874
v -0.15818408 0.24143836 0.11386612
v -0.15813187 0.25381297 0.11407349
v -0.15807964 0.26618692 0.11428085
v -0.15802740 0.27856019 0.11448819
v -0.15797518 0.29093277 0.11469553
v -0.15705124 0.30316809 0.11836407
v -0.15566389 0.31531605 0.12387242
v -0.15427856 0.32744658 0.12937289
v -0.15289521 0.33955973 0.13486546
v -0.15151381 0.35165554 0.14035019
v -0.15043503 0.36379081 0.14463350
v -0.14979957 0.37599874 0.14715655
v -0.14916454 0.38819861 0.14967792
v -0.14870302 0.40042645 0.15151034
v -0.14829782 0.41266045 0.15311928
v -0.14789274 0.42488927 0.15472753
v -0.14748788 0.43711299 0.15633510
v -0.14708316 0.44933152 0.15794198
v -0.14667863 0.46154493 0.15954822
v -0.14651075 0.47381148 0.16021478
v -0.14644957 0.48610282 0.16045772
v -0.14638838 0.49839336 0.16070062
v -0.14632721 0.51068312 0.16094351
v -0.14626604 0.52297217 0.16118638
v -0.14755078 0.53563482 0.15608536
v -0.14926594 0.54843646 0.14927532
v -0.15098420 0.56126088 0.14245312
v -0.15270549 0.57410824 0.13561873
v -0.15491033 0.58712447 0.12686451
v -0.15696122 0.60012120 0.11872149
v -0.15770382 0.61272991 0.11577297
v -0.15844700 0.62534839 0.11282219
v -0.16146745 0.63872641 0.10082962
v -0.16216131 0.65136188 0.09807468
v -0.16233684 0.66382885 0.09737768
v -0.16173980 0.67602873 0.09974825
v -0.16019590 0.68788487 0.10587823
v -0.15847720 0.69965810 0.11270228
v -0.15638183 0.71127081 0.12102186
v -0.15429100 0.72285843 0.12932345
v -0.15180461 0.73426872 0.13919561
v -0.14588250 0.74431783 0.16270916
v -0.13999665 0.75430536 0.18607882
v -0.13457751 0.76440424 0.20759539
v -0.12840945 0.77412957 0.23208547
v -0.12228107 0.78379238 0.25641808
v -0.11619649 0.79339516 0.28057674
v -0.11015318 0.80293769 0.30457157
v -0.11140766 0.81555349 0.29959068
v -0.11393854 0.82874459 0.28954187
v -0.11647621 0.84197104 0.27946609
v -0.12081795 0.85604352 0.26222733
v -0.12636222 0.87072146 0.24021398
v 0.03336463 -0.93703997 0.92003292
v 0.03631151 -0.92421508 0.93141341
v 0.03599238 -0.91331398 0.93015462
v 0.03652811 -0.90196604 0.93226790
v 0.03743487 -0.89043498 0.93584454
v 0.03659558 -0.87979788 0.93253398
v 0.03493099 -0.86956173 0.92596805
v 0.03326321 -0.85930604 0.91938955
v 0.03174379 -0.84895706 0.91339630
v 0.03028704 -0.83855867 0.90765017
v 0.02880314 -0.82815462 0.90179700
v 0.02660220 -0.81806672 0.89311552
v 0.02439572 -0.80795336 0.88441217
v 0.02002220 -0.79879689 0.86716098
v 0.01586116 -0.78948951 0.85074800
v -0.05636036 -0.75190854 0.56587350
v -0.05468347 -0.73957419 0.57248789
v -0.05300964 -0.72726238 0.57909024
v -0.05133887 -0.71497309 0.58568054
v -0.04975616 -0.70273888 0.59192348
v -0.04879500 -0.69075984 0.59571475
v -0.04783484 -0.67879337 0.59950197
v -0.04687570 -0.66683954 0.60328531
v -0.04591756 -0.65489823 0.60706460
v -0.04347693 -0.64244616 0.61669159
v -0.04077368 -0.62993407 0.62735444
v -0.03807845 -0.61745912 0.63798571
v -0.03539119 -0.60502106 0.64858550
v -0.03425569 -0.59312516 0.65306437
v -0.03353473 -0.58137673 0.65590817
v -0.03251674 -0.56954396 0.65992355
v -0.03147561 -0.55771708 0.66403025
v -0.03043569 -0.54590374 0.66813213
v -0.02954930 -0.53414911 0.67162853
v -0.02995779 -0.52278018 0.67001718
v -0.03044883 -0.51142937 0.66808033
v -0.03092555 -0.50006837 0.66619998
v -0.03113461 -0.48862904 0.66537529
v -0.03134372 -0.47718704 0.66455048
v -0.03155288 -0.46574241 0.66372550
v -0.03176209 -0.45429510 0.66290021
v -0.03290759 -0.44307429 0.65838182
v -0.03472538 -0.43199918 0.65121162
v -0.03714618 -0.42104080 0.64166290
v -0.03957346 -0.41005316 0.63208860
v -0.04200724 -0.39903608 0.62248868
v -0.04444754 -0.38798946 0.61286300
v -0.04708040 -0.37695158 0.60247785
v -0.05041643 -0.36602104 0.58931905
v -0.05412244 -0.35511982 0.57470083
v -0.05835250 -0.34426972 0.55801553
v -0.06515168 -0.33383125 0.53119648
v -0.07252914 -0.32340744 0.50209647
v -0.08011171 -0.31292439 0.47218734
v -0.08366181 -0.30169135 0.45818415
v -0.08611160 -0.29024181 0.44852102
v -0.08867957 -0.27877879 0.43839180
v -0.09125464 -0.26728415 0.42823458
v -0.09425193 -0.25581446 0.41641188
v -0.09679317 -0.24424726 0.40638807
v -0.10053414 -0.23279643 0.39163199
v -0.10409586 -0.22127700 0.37758300
v -0.10902135 -0.20986396 0.35815462
v -0.10747145 -0.19770919 0.36426812
v -0.10695130 -0.18567558 0.36631986
v -0.11034822 -0.17400959 0.35292083
v -0.11450119 -0.16236529 0.33653963
v -0.11935224 -0.15072367 0.31740493
v -0.12718253 -0.13923815 0.28651866
v -0.12856327 -0.12722264 0.28107241
v -0.12994663 -0.11518972 0.27561569
v -0.13138019 -0.10314193 0.26996112
v -0.13268849 -0.09106998 0.26480070
v -0.13392754 -0.07897849 0.25991318
v -0.13516825 -0.06687135 0.25501940
v -0.13641053 -0.05474844 0.25011918
v -0.13765447 -0.04260980 0.24521264
v -0.13939220 -0.03046319 0.23835829
v -0.14172743 -0.01830018 0.22914702
v -0.14406838 -0.00610750 0.21991329
v -0.14641502 0.00611496 0.21065699
v -0.14876741 0.01836730 0.20137806
v -0.15143491 0.03059288 0.19208901
v -0.15386198 0.04297036 0.18128277
v -0.15567195 0.05529939 0.17414343
v -0.15736359 0.06764729 0.16747086
v -0.15905820 0.08001680 0.16078657
v -0.16075577 0.09240800 0.15409057
v -0.16245633 0.10482096 0.14738284
v -0.16415986 0.11725570 0.14066331
v -0.16586639 0.12971230 0.13393198
v -0.16757593 0.14219081 0.12718880
v -0.16928847 0.15469131 0.12043376
v -0.17094518 0.16720878 0.11389888
v -0.17127831 0.17962532 0.11258495
v -0.17108268 0.19199401 0.11335657
v -0.17116198 0.20438902 0.11304380
v -0.17124127 0.21678504 0.11273100
v -0.17132059 0.22918209 0.11241818
v -0.17139989 0.24158014 0.11210533
v -0.17147921 0.25397921 0.11179246
v -0.17149638 0.26637077 0.11172475
v -0.17144376 0.27875260 0.11193231
v -0.17139113 0.29113373 0.11213985
v -0.17035954 0.30336174 0.11620896
v -0.16896176 0.31551731 0.12172238
v -0.16756600 0.32765543 0.12722789
v -0.16617225 0.33977616 0.13272551
v -0.16478048 0.35187954 0.13821526
v -0.16339071 0.36396560 0.14369714
v -0.16250013 0.37613076 0.14720996
v -0.16186069 0.38833487 0.14973222
v -0.16140148 0.40056810 0.15154362
v -0.16099344 0.41280636 0.15315311
v -0.16058557 0.42503947 0.15476191
v -0.16017787 0.43726748 0.15637006
v -0.15992968 0.44952732 0.15734905
v -0.15986802 0.46182844 0.15759224
v -0.15980636 0.47412875 0.15783541
v -0.15974472 0.48642832 0.15807858
v -0.15968308 0.49872708 0.15832171
v -0.15962145 0.51102507 0.15856484
v -0.15955982 0.52332228 0.15880796
v -0.16097116 0.53602600 0.15324093
v -0.16269957 0.54883736 0.14642335
v -0.16443105 0.56167156 0.13959362
v -0.16616561 0.57452863 0.13275167
v -0.16790329 0.58740872 0.12589751
v -0.16935414 0.60022259 0.12017469
v -0.17010163 0.61283344 0.11722622
v -0.17084971 0.62545401 0.11427550
v -0.17234923 0.63833010 0.10836075
v -0.17273913 0.65085500 0.10682272
v -0.17223294 0.66308010 0.10881937
v -0.17135617 0.67517036 0.11227774
v -0.16980661 0.68701220 0.11838998
v -0.16825949 0.69883519 0.12449250
v -0.16671482 0.71063936 0.13058533
v -0.16489503 0.72232157 0.13776341
v -0.16126893 0.73329759 0.15206641
v -0.15614370 0.74365097 0.17228270
v -0.15172508 0.75421542 0.18971165
v -0.14732663 0.76473171 0.20706113
v -0.14116712 0.77448130 0.23135707
v -0.13499492 0.78414738 0.25570303
v -0.12886231 0.79375148 0.27989289
v -0.12707379 0.80511379 0.28694761
v -0.12934546 0.81819540 0.27798709
v -0.13190866 0.83143282 0.26787665
v -0.13570911 0.84524941 0.25288600
v -0.14058596 0.85959673 0.23364945
v 0.01605257 -0.97372186 0.89677322
v 0.02032644 -0.96025825 0.91352147
v 0.02332940 -0.94753504 0.92528933
v 0.02606547 -0.93499225 0.93601137
v 0.02574456 -0.92409652 0.93475378
v 0.02585135 -0.91297382 0.93517226
v 0.02676362 -0.90143788 0.93874729
v 0.02767493 -0.88991380 0.94231838
v 0.02727470 -0.87905997 0.94075006
v 0.02607097 -0.86859959 0.93603289
v 0.02486558 -0.85812473 0.93130922
v 0.02361804 -0.84765500 0.92642039
v 0.02215675 -0.83727151 0.92069399
v 0.02067970 -0.82687694 0.91490579
v 0.01841577 -0.81682914 0.90603405
v 0.01603465 -0.80680633 0.89670300
v 0.01364708 -0.79675639 0.88734674
v 0.01153265 -0.78655469 0.87906080
v 0.00960173 -0.77624559 0.87149400
v 0.00602804 -0.76662302 0.85748953
v 0.00224760 -0.75704348 0.84267497
v -0.00136062 -0.74734378 0.82853520
v -0.06608726 -0.76288778 0.57488728
v -0.06411557 -0.75043726 0.58261383
v -0.06278463 -0.73826867 0.58782947
v -0.06170141 -0.72621477 0.59207439
v -0.06175441 -0.71461588 0.59186667
v -0.06092337 -0.70267850 0.59512335
v -0.05980408 -0.69064325 0.59950954
v -0.05868615 -0.67862272 0.60389048
v -0.05756957 -0.66661674 0.60826600
v -0.05686750 -0.65477288 0.61101729
v -0.05494931 -0.64251143 0.61853427
v -0.05253616 -0.63010377 0.62799078
v -0.05012936 -0.61772883 0.63742250
v -0.04546889 -0.60463685 0.65568566
v -0.04618756 -0.59335375 0.65286940
v -0.04544303 -0.58159482 0.65578705
v -0.04439349 -0.56974989 0.65989995
v -0.04334516 -0.55791861 0.66400802
v -0.04229803 -0.54610091 0.66811144
v -0.04204256 -0.53452897 0.66911262
v -0.04245391 -0.52315199 0.66750062
v -0.04293523 -0.51178950 0.66561449
v -0.04343028 -0.50042462 0.66367447
v -0.04392560 -0.48905358 0.66173351
v -0.04418730 -0.47761503 0.66070789
v -0.04439814 -0.46616018 0.65988171
v -0.04599137 -0.45504761 0.65363824
v -0.04765530 -0.44393212 0.64711767
v -0.04982556 -0.43291554 0.63861293
v -0.05227172 -0.42193514 0.62902701
v -0.05472443 -0.41092527 0.61941540
v -0.05718372 -0.39988592 0.60977805
v -0.06061288 -0.38902074 0.59634012
v -0.06380307 -0.37806314 0.58383846
v -0.06711569 -0.36708963 0.57085717
v -0.07101804 -0.35618788 0.55556476
v -0.09439170 -0.32521349 0.46396911
v -0.09698030 -0.31382090 0.45382503
v -0.09934595 -0.30235970 0.44455460
v -0.10171758 -0.29086950 0.43526074
v -0.10409522 -0.27935022 0.42594334
v -0.10673583 -0.26783833 0.41559553
v -0.10914104 -0.25626105 0.40617004
v -0.11201391 -0.24471399 0.39491192
v -0.11511485 -0.23315871 0.38276014
v -0.11924084 -0.22168405 0.36659142
v -0.12415508 -0.21024440 0.34733373
v -0.11844495 -0.19763525 0.36971033
v -0.12053298 -0.18586181 0.36152777
v -0.12444292 -0.17422888 0.34620571
v -0.12855206 -0.16256353 0.33010301
v -0.13819212 -0.15128301 0.29232594
v -0.13958026 -0.13928121 0.28688616
v -0.14097042 -0.12726201 0.28143844
v -0.14238921 -0.11522697 0.27587858
v -0.14369227 -0.10316778 0.27077216
v -0.14493796 -0.09108942 0.26589069
v -0.14618523 -0.07899537 0.26100287
v -0.14743416 -0.06688564 0.25610870
v -0.14868470 -0.05476016 0.25120819
v -0.14993685 -0.04261893 0.24630128
v -0.15227278 -0.03047898 0.23714736
v -0.15462492 -0.01830967 0.22792983
v -0.15704310 -0.00611086 0.21845359
v -0.15980959 0.00611960 0.20761240
v -0.16258401 0.01838509 0.19674015
v -0.16536638 0.03068577 0.18583670
v -0.16745813 0.04300631 0.17763966
v -0.16923472 0.05534434 0.17067760
v -0.17093961 0.06770232 0.16399655
v -0.17264749 0.08008196 0.15730380
v -0.17435838 0.09248332 0.15059929
v -0.17607225 0.10490645 0.14388300
v -0.17778914 0.11735144 0.13715492
v -0.17950906 0.12981829 0.13041501
v -0.18123201 0.14230710 0.12366322
v -0.18289459 0.15481292 0.11714797
v -0.18427075 0.16731533 0.11175507
v -0.18442474 0.17972316 0.11115167
v -0.18339449 0.19201697 0.11518898
v -0.18342733 0.20440859 0.11506023
v -0.18350714 0.21680583 0.11474749
v -0.18358696 0.22920404 0.11443471
v -0.18366677 0.24160327 0.11412191
v -0.18374661 0.25400352 0.11380909
v -0.18382643 0.26640481 0.11349624
v -0.18390627 0.27880707 0.11318337
v -0.18398611 0.29121035 0.11287048
v -0.18310395 0.30346575 0.11632749
v -0.18202284 0.31567794 0.12056412
v -0.18087040 0.32786453 0.12508014
v -0.17946622 0.33999285 0.13058281
v -0.17806403 0.35210380 0.13607760
v -0.17666388 0.36419737 0.14156452
v -0.17526571 0.37627366 0.14704357
v -0.17456575 0.38847122 0.14978655
v -0.17410889 0.40070984 0.15157689
v -0.17369802 0.41295242 0.15318695
v -0.17336829 0.42520747 0.15447910
v -0.17330618 0.43751842 0.15472257
v -0.17324406 0.44982857 0.15496601
v -0.17318192 0.46213791 0.15520944
v -0.17311981 0.47444648 0.15545285
v -0.17305771 0.48675424 0.15569626
v -0.17299560 0.49906123 0.15593962
v -0.17293350 0.51136744 0.15618300
v -0.17287138 0.52367288 0.15642636
v -0.17441118 0.53641778 0.15039232
v -0.17615283 0.54923880 0.14356722
v -0.17789757 0.56208277 0.13672994
v -0.17964546 0.57494968 0.12988043
v -0.18095854 0.58770818 0.12473483
v -0.18129273 0.60018337 0.12342523
v -0.18209209 0.61280823 0.12029273
v -0.18294367 0.62545991 0.11695559
v -0.18375577 0.63810945 0.11377311
v -0.18292390 0.65022403 0.11703312
v -0.18208212 0.66232479 0.12033185
v -0.18094818 0.67431426 0.12477546
v -0.17943664 0.68615705 0.13069880
v -0.17803210 0.69801891 0.13620287
v -0.17662954 0.70986372 0.14169905
v -0.17522904 0.72169167 0.14718735
v -0.17270274 0.73307872 0.15708725
v -0.16846018 0.74377787 0.17371289
v -0.16401267 0.75434387 0.19114156
v -0.15958546 0.76486164 0.20849073
v -0.15393640 0.77483338 0.23062800
v -0.14772032 0.78450269 0.25498733
v -0.14557260 0.79577678 0.26340359
v -0.14514098 0.80774468 0.26509506
v -0.14739986 0.82085449 0.25624308
v -0.15064789 0.83442080 0.24351479
v -0.15557073 0.84876347 0.22422345
v -0.00371238 -0.98980361 0.86453694
v 0.00508428 -0.97378677 0.89878553
v 0.00812083 -0.96100873 0.91060799
v 0.01136072 -0.94815952 0.92322218
v 0.01550313 -0.93487227 0.93935001
v 0.01517598 -0.92398024 0.93807638
v 0.01609374 -0.91243923 0.94164950
v 0.01619377 -0.90132827 0.94203901
v 0.01587788 -0.89042860 0.94080913
v 0.01532107 -0.87964535 0.93864125
v 0.01453601 -0.86896759 0.93558472
v 0.01332217 -0.85848856 0.93085879
v 0.01210665 -0.84799504 0.92612624
v 0.01088945 -0.83748710 0.92138731
v 0.00964477 -0.82697678 0.91654122
v 0.00834276 -0.81647724 0.91147202
v 0.00705204 -0.80595624 0.90644681
v 0.00479907 -0.79585099 0.89767510
v 0.00267778 -0.78565913 0.88941616
v 0.00073939 -0.77536088 0.88186926
v -0.00120324 -0.76504016 0.87430596
v -0.00315012 -0.75469673 0.86672598
v -0.00544517 -0.74447429 0.85779053
v -0.00897734 -0.73473173 0.84403855
v -0.01252352 -0.72495055 0.83023185
v -0.01608381 -0.71513039 0.81637031
v -0.07210942 -0.72585338 0.59824187
v -0.07216268 -0.71426028 0.59803444
v -0.07117999 -0.70227301 0.60186040
v -0.07005510 -0.69024497 0.60624003
v -0.06902559 -0.67826611 0.61024833
v -0.06833641 -0.66642296 0.61293155
v -0.06764774 -0.65458876 0.61561280
v -0.06594435 -0.64240950 0.62224478
v -0.05081208 -0.62565666 0.68116033
v -0.05225950 -0.61466289 0.67552495
v -0.05370922 -0.60365176 0.66988069
v -0.05516123 -0.59262311 0.66422749
v -0.05511400 -0.58110088 0.66441131
v -0.05503184 -0.56956840 0.66473126
v -0.05494968 -0.55803698 0.66505110
v -0.05416895 -0.54629821 0.66809070
v -0.05455359 -0.53490949 0.66659313
v -0.05496807 -0.52352440 0.66497946
v -0.05543922 -0.51215005 0.66314507
v -0.05593802 -0.50077730 0.66120309
v -0.05643710 -0.48939836 0.65926003
v -0.05719486 -0.47808054 0.65630978
v -0.05910193 -0.46704543 0.64888483
v -0.06077954 -0.45592952 0.64235330
v -0.06252485 -0.44480884 0.63555813
v -0.06498994 -0.43383577 0.62596059
v -0.06746164 -0.42283323 0.61633730
v -0.07028360 -0.41187775 0.60535043
v -0.07406347 -0.40109432 0.59063393
v -0.07780299 -0.39025494 0.57607466
v -0.08091458 -0.37924045 0.56396008
v -0.08526800 -0.36843249 0.54701054
v -0.10039207 -0.34784117 0.48812696
v -0.10784370 -0.33738333 0.45911497
v -0.11030044 -0.32596949 0.44954994
v -0.11270893 -0.31451678 0.44017279
v -0.11509974 -0.30303100 0.43086448
v -0.11749659 -0.29151613 0.42153263
v -0.12080649 -0.28010586 0.40864605
v -0.12323282 -0.26852921 0.39919943
v -0.12731788 -0.25714600 0.38329476
v -0.13044997 -0.24558888 0.37110046
v -0.13517605 -0.23418753 0.35269997
v -0.13987343 -0.22272353 0.33441135
v -0.13103142 -0.20971291 0.36883655
v -0.13106433 -0.19773273 0.36870849
v -0.13462923 -0.18609586 0.35482889
v -0.13857318 -0.17444871 0.33947363
v -0.14263728 -0.16276225 0.32365066
v -0.15078712 -0.15134539 0.29192030
v -0.15198566 -0.13932429 0.28725383
v -0.15338878 -0.12730163 0.28179094
v -0.15468653 -0.11525508 0.27673846
v -0.15593877 -0.10318980 0.27186295
v -0.15719266 -0.09110887 0.26698115
v -0.15844816 -0.07901225 0.26209298
v -0.15970531 -0.06689993 0.25719848
v -0.16096409 -0.05477187 0.25229764
v -0.16295408 -0.04264408 0.24454984
v -0.16572043 -0.03050347 0.23377933
v -0.16849470 -0.01832821 0.22297807
v -0.17127691 -0.00611814 0.21214592
v -0.17406708 0.00612690 0.20128277
v -0.17686525 0.01840705 0.19038846
v -0.17912787 0.03071392 0.18157925
v -0.18102789 0.04304124 0.17418180
v -0.18281955 0.05538936 0.16720612
v -0.18453775 0.06775744 0.16051660
v -0.18625894 0.08014721 0.15381533
v -0.18798317 0.09255876 0.14710230
v -0.18971041 0.10499209 0.14037746
v -0.19144072 0.11744732 0.13364080
v -0.19317403 0.12992445 0.12689228
v -0.19484243 0.14241868 0.12039664
v -0.19622691 0.15491156 0.11500637
v -0.19761331 0.16742201 0.10960852
v -0.19758551 0.17982110 0.10971682
v -0.19654778 0.19212158 0.11375709
v -0.19569506 0.20442817 0.11707704
v -0.19577537 0.21682657 0.11676434
v -0.19585568 0.22922599 0.11645163
v -0.19593601 0.24162643 0.11613888
v -0.19601636 0.25402787 0.11582612
v -0.19609667 0.26643032 0.11551332
v -0.19617704 0.27883378 0.11520050
v -0.19625738 0.29123825 0.11488765
v -0.19523777 0.30347452 0.11885735
v -0.19414994 0.31568709 0.12309272
v -0.19306329 0.32788616 0.12732340
v -0.19197786 0.34007180 0.13154943
v -0.19089361 0.35224405 0.13577081
v -0.18981056 0.36440289 0.13998754
v -0.18854539 0.37651327 0.14491324
v -0.18727976 0.38860765 0.14984089
v -0.18682534 0.40085170 0.15161021
v -0.18676406 0.41317269 0.15184869
v -0.18670146 0.42549261 0.15209238
v -0.18663888 0.43781182 0.15233609
v -0.18657628 0.45013019 0.15257977
v -0.18651369 0.46244782 0.15282345
v -0.18645112 0.47476462 0.15306708
v -0.18638855 0.48708063 0.15331073
v -0.18632597 0.49939585 0.15355435
v -0.18626340 0.51171029 0.15379794
v -0.18620081 0.52402395 0.15404154
v -0.18787085 0.53681010 0.14753956
v -0.18962578 0.54964089 0.14070691
v -0.19138387 0.56249458 0.13386206
v -0.19267754 0.57523483 0.12882534
v -0.19301367 0.58770567 0.12751666
v -0.19334990 0.60018086 0.12620753
v -0.19396488 0.61274678 0.12381321
v -0.19482154 0.62539715 0.12047794
v -0.19537696 0.63796085 0.11831543
v -0.19480309 0.65015930 0.12054983
v -0.19378754 0.66220218 0.12450368
v -0.19208172 0.67399609 0.13114512
v -0.19016835 0.68569624 0.13859457
v -0.18875705 0.69755048 0.14408928
v -0.18734777 0.70938772 0.14957611
v -0.18594052 0.72120804 0.15505511
v -0.18401088 0.73281550 0.16256785
v -0.18001163 0.74361265 0.17813842
v -0.17602865 0.75436580 0.19364563
v -0.17184843 0.76499158 0.20992081
v -0.16671728 0.77518576 0.22989826
v -0.16420114 0.78637445 0.23969457
v -0.16376379 0.79838639 0.24139731
v -0.16332664 0.81039292 0.24309927
v -0.16563459 0.82355738 0.23411354
v -0.17322247 0.83902168 0.20457107
v -0.00854357 -0.97530317 0.89051586
v -0.00410388 -0.96176034 0.90768993
v -0.00030197 -0.94861329 0.92239690
v 0.00393938 -0.93528187 0.93880367
v 0.00483962 -0.92374444 0.94228613
v 0.00452159 -0.91284537 0.94105589
v 0.00420345 -0.90194243 0.93982518
v 0.00388519 -0.89103550 0.93859410
v 0.00327923 -0.88026732 0.93625009
v 0.00251586 -0.86956877 0.93329710
v 0.00175184 -0.85886097 0.93034166
v 0.00054497 -0.84835500 0.92567313
v -0.00068071 -0.83784282 0.92093176
v -0.00196292 -0.82734168 0.91597182
v -0.00329057 -0.81684536 0.91083604
v -0.00459036 -0.80631983 0.90580809
v -0.00589206 -0.79577899 0.90077269
v -0.00741880 -0.78532088 0.89486682
v -0.00948542 -0.77507788 0.88687253
v -0.01166674 -0.76485813 0.87843460
v -0.01385338 -0.75461340 0.86997598
v -0.01573323 -0.74421406 0.86270422
v -0.01703964 -0.73355681 0.85765070
v -0.01834819 -0.72298104 0.85263914
v -0.02183543 -0.71305847 0.83909905
v -0.02531146 -0.70318490 0.82565272
v -0.02845811 -0.69314164 0.81348062
v -0.03150470 -0.68302119 0.80169547
v -0.08050095 -0.68992382 0.61216342
v -0.07980742 -0.67807531 0.61484623
v -0.07911441 -0.66623563 0.61752695
v -0.05444907 -0.63451970 0.71293992
v -0.05832706 -0.62440574 0.69793868
v -0.06046889 -0.61366385 0.68965340
v -0.06192274 -0.60266978 0.68402952
v -0.06337889 -0.59165835 0.67839670
v -0.06410048 -0.58039725 0.67560542
v -0.06401802 -0.56887877 0.67592436
v -0.06393556 -0.55736130 0.67624331
v -0.06541099 -0.54630667 0.67053592
v -0.06708245 -0.53529048 0.66407013
v -0.06750007 -0.52389741 0.66245472
v -0.06796085 -0.51251113 0.66067225
v -0.06846341 -0.50113046 0.65872818
v -0.06932858 -0.48983967 0.65538150
v -0.07139865 -0.47885013 0.64737391
v -0.07393070 -0.46795151 0.63757908
v -0.07562514 -0.45681483 0.63102454
v -0.07772817 -0.44575512 0.62288934
v -0.08021892 -0.43475994 0.61325443
v -0.08364837 -0.42394745 0.59998828
v -0.08754507 -0.41319570 0.58491468
v -0.09145500 -0.40239817 0.56978995
v -0.09495767 -0.39146668 0.55624050
v -0.09967520 -0.38073790 0.53799176
v -0.10905503 -0.37086666 0.50170773
v -0.11520393 -0.36026344 0.47792199
v -0.12115681 -0.34954736 0.45489451
v -0.12363320 -0.33813870 0.44531503
v -0.12609746 -0.32669708 0.43578261
v -0.12850749 -0.31521574 0.42645988
v -0.13127102 -0.30376059 0.41576973
v -0.13491379 -0.29240531 0.40167844
v -0.13736133 -0.28082931 0.39221060
v -0.14268096 -0.26962605 0.37163275
v -0.14635365 -0.25813544 0.35742566
v -0.15118243 -0.24674687 0.33874655
v -0.14603494 -0.23408403 0.35865849
v -0.14420697 -0.22186869 0.36572966
v -0.14541082 -0.21000727 0.36107278
v -0.14903542 -0.19838007 0.34705177
v -0.15283822 -0.18672486 0.33234146
v -0.15711100 -0.17506470 0.31581295
v -0.16429602 -0.16359657 0.28801921
v -0.16495386 -0.15152961 0.28547445
v -0.16561216 -0.13945448 0.28292799
v -0.16640723 -0.12738010 0.27985251
v -0.16779160 -0.11533073 0.27449727
v -0.16917796 -0.10326421 0.26913446
v -0.17056629 -0.09118045 0.26376399
v -0.17195661 -0.07907944 0.25838584
v -0.17334890 -0.06696116 0.25299999
v -0.17474321 -0.05482556 0.24760647
v -0.17715095 -0.04269469 0.23829262
v -0.17994086 -0.03053973 0.22750038
v -0.18273877 -0.01835003 0.21667729
v -0.18554467 -0.00612543 0.20582321
v -0.18835860 0.00613422 0.19493802
v -0.19079392 0.01842542 0.18551759
v -0.19270495 0.03073887 0.17812514
v -0.19461969 0.04307622 0.17071833
v -0.19642651 0.05543446 0.16372901
v -0.19815803 0.06781266 0.15703097
v -0.19989260 0.08021259 0.15032117
v -0.20163020 0.09263432 0.14359958
v -0.20337087 0.10507788 0.13686618
v -0.20511460 0.11754335 0.13012092
v -0.20678873 0.13002604 0.12364489
v -0.20818149 0.14250942 0.11825724
v -0.20957622 0.15501033 0.11286202
v -0.21097289 0.16752882 0.10745922
v -0.21076062 0.17991917 0.10828041
v -0.20971538 0.19222626 0.11232363
v -0.20867127 0.20452046 0.11636260
v -0.20804594 0.21684736 0.11878160
v -0.20812677 0.22924797 0.11846894
v -0.20820761 0.24164958 0.11815625
v -0.20828845 0.25405222 0.11784353
v -0.20836928 0.26645586 0.11753079
v -0.20845014 0.27886051 0.11721802
v -0.20846808 0.29125693 0.11714862
v -0.20737231 0.30348331 0.12138737
v -0.20627774 0.31569624 0.12562145
v -0.20518440 0.32789567 0.12985088
v -0.20409225 0.34008166 0.13407564
v -0.20300131 0.35225424 0.13829574
v -0.20191154 0.36441341 0.14251122
v -0.20082299 0.37655923 0.14672205
v -0.19996479 0.38873675 0.15004186
v -0.19970505 0.40102494 0.15104668
v -0.20011559 0.41344997 0.14945851
v -0.20005253 0.42577818 0.14970247
v -0.19998947 0.43810561 0.14994641
v -0.19992641 0.45043224 0.15019034
v -0.19986336 0.46275809 0.15043424
v -0.19980030 0.47508314 0.15067813
v -0.19973725 0.48740745 0.15092200
v -0.19967422 0.49973091 0.15116587
v -0.19961119 0.51205361 0.15140972
v -0.19958510 0.52438539 0.15151061
v -0.20135023 0.53720295 0.14468260
v -0.20311850 0.55004352 0.13784240
v -0.20439243 0.56276578 0.13291441
v -0.20473050 0.57523239 0.13160665
v -0.20506868 0.58770317 0.13029845
v -0.20540698 0.60017830 0.12898980
v -0.20583530 0.61268538 0.12733299
v -0.20669702 0.62533444 0.12399957
v -0.20699276 0.63781238 0.12285563
v -0.20667991 0.65009457 0.12406583
v -0.20544513 0.66206509 0.12884234
v -0.20378803 0.67387658 0.13525248
v -0.20187733 0.68557954 0.14264366
v -0.19995518 0.69725454 0.15007904
v -0.19805162 0.70891231 0.15744263
v -0.19663765 0.72072512 0.16291232
v -0.19522569 0.73252088 0.16837417
v -0.19129004 0.74334633 0.18359835
v -0.18728556 0.75409615 0.19908892
v -0.18361302 0.76492554 0.21329542
v -0.18299268 0.77691853 0.21569502
v -0.18253613 0.78896970 0.21746114
v -0.18207975 0.80101526 0.21922648
v -0.18163194 0.81305861 0.22095878
v -0.02547816 -0.97859585 0.86967432
v -0.01626756 -0.96247023 0.90507549
v -0.01261568 -0.94940674 0.91911155
v -0.00926869 -0.93654835 0.93197584
v -0.00749305 -0.92454535 0.93880057
v -0.00770787 -0.91358286 0.93797481
v -0.00792275 -0.90261775 0.93714893
v -0.00813768 -0.89165002 0.93632281
v -0.00877964 -0.88089025 0.93385547
v -0.00954874 -0.87018430 0.93089944
v -0.01031851 -0.85946918 0.92794079
v -0.01108894 -0.84874475 0.92497963
v -0.01226072 -0.83819884 0.92047590
v -0.01358084 -0.82770681 0.91540188
v -0.01492969 -0.81721163 0.91021752
v -0.01624328 -0.80668378 0.90516877
v -0.01759961 -0.79615861 0.89995569
v -0.01904746 -0.78568351 0.89330608
v -0.02081952 -0.77527648 0.88757986
v -0.02254547 -0.76485473 0.88094616
v -0.02474540 -0.75461000 0.87249064
v -0.02650658 -0.74415708 0.86572152
v -0.02782073 -0.73350066 0.86067057
v -0.02913681 -0.72282869 0.85561228
v -0.03045479 -0.71214110 0.85054648
v -0.03177471 -0.70143801 0.84547347
v -0.03477130 -0.69135803 0.83395594
v -0.03782066 -0.68126076 0.82223564
v -0.04103767 -0.67118746 0.80987102
v -0.04440076 -0.66112733 0.79694486
v -0.04768981 -0.65099907 0.78430325
v -0.05090003 -0.64080232 0.77196473
v -0.05985270 -0.63254261 0.73755491
v -0.06015013 -0.62124598 0.73641181
v -0.06560024 -0.61165547 0.71546423
v -0.07010958 -0.60169101 0.69813234
v -0.07156984 -0.59069675 0.69251990
v -0.07303240 -0.57968503 0.68689847
v -0.07298247 -0.56819081 0.68709034
v -0.07289971 -0.55668730 0.68740845
v -0.07618404 -0.54617685 0.67478502
v -0.07817245 -0.53525186 0.66714251
v -0.08004993 -0.52427089 0.65992630
v -0.08050016 -0.51287276 0.65819591
v -0.08148675 -0.50161374 0.65440387
v -0.08323850 -0.49054417 0.64767104
v -0.08564824 -0.47962224 0.63840914
v -0.08824102 -0.46871638 0.62844366
v -0.09052851 -0.45770356 0.61965168
v -0.09352455 -0.44683158 0.60813636
v -0.09704266 -0.43604383 0.59461433
v -0.10105777 -0.42532501 0.57918221
v -0.10514060 -0.41457129 0.56348974
v -0.10921966 -0.40376610 0.54781175
v -0.12456075 -0.38345188 0.48884791
v -0.13031322 -0.37277725 0.46673810
v -0.13449478 -0.36173412 0.45066613
v -0.13699092 -0.35033074 0.44107223
v -0.13949357 -0.33889753 0.43145323
v -0.14194092 -0.32742384 0.42204681
v -0.14516848 -0.31604803 0.40964156
v -0.14905784 -0.30473679 0.39469269
v -0.15270656 -0.29334083 0.38066876
v -0.15810350 -0.28215441 0.35992560
v -0.16237873 -0.27074447 0.34349358
v -0.16725533 -0.25936171 0.32475027
v -0.15886208 -0.24623114 0.35700992
v -0.15806887 -0.23412393 0.36005858
v -0.16050038 -0.22239657 0.35071301
v -0.16440067 -0.21079850 0.33572221
v -0.16845828 -0.19916815 0.32012671
v -0.17716612 -0.18793452 0.28665787
v -0.17782868 -0.17586929 0.28411126
v -0.17849170 -0.16379589 0.28156295
v -0.17915517 -0.15171431 0.27901292
v -0.17985222 -0.13962688 0.27633375
v -0.18059745 -0.12753394 0.27346936
v -0.18169032 -0.11545225 0.26926893
v -0.18308806 -0.10337307 0.26389670
v -0.18448780 -0.09127665 0.25851682
v -0.18588953 -0.07916294 0.25312924
v -0.18729326 -0.06703191 0.24773397
v -0.18869899 -0.05488353 0.24233097
v -0.19138154 -0.04274543 0.23202053
v -0.19419512 -0.03057608 0.22120649
v -0.19701675 -0.01837189 0.21036148
v -0.19984646 -0.00613274 0.19948541
v -0.20245624 0.00614083 0.18945467
v -0.20437828 0.01844040 0.18206723
v -0.20630407 0.03076386 0.17466541
v -0.20823361 0.04311127 0.16724922
v -0.21005565 0.05547963 0.16024621
v -0.21180053 0.06786796 0.15353967
v -0.21354851 0.08027807 0.14682132
v -0.21529953 0.09270999 0.14009117
v -0.21705365 0.10516380 0.13334917
v -0.21873347 0.11763500 0.12689272
v -0.22013454 0.13010888 0.12150769
v -0.22153756 0.14260027 0.11611511
v -0.22294256 0.15510924 0.11071494
v -0.22434954 0.16763578 0.10530720
v -0.22395009 0.18001732 0.10684243
v -0.22289738 0.19233111 0.11088862
v -0.22184575 0.20463192 0.11493053
v -0.22079526 0.21691985 0.11896823
v -0.22040020 0.22926992 0.12048663
v -0.22048154 0.24167272 0.12017398
v -0.22056289 0.25407657 0.11986132
v -0.22064424 0.26648137 0.11954863
v -0.22072561 0.27888724 0.11923592
v -0.22061005 0.29126537 0.11968005
v -0.21950755 0.30349213 0.12391754
v -0.21840626 0.31570536 0.12815034
v -0.21730618 0.32790515 0.13237850
v -0.21620733 0.34009147 0.13660198
v -0.21510968 0.35226440 0.14082083
v -0.21401323 0.36442396 0.14503503
v -0.21324624 0.37663221 0.14798298
v -0.21263984 0.38886231 0.15031375
v -0.21223545 0.40112564 0.15186806
v -0.21182866 0.41338345 0.15343152
v -0.21227707 0.42581916 0.15170796
v -0.21277390 0.43827116 0.14979847
v -0.21318063 0.45091707 0.14782155
v -0.21323094 0.46306881 0.14804183
v -0.21316743 0.47540215 0.14828597
v -0.21310391 0.48773468 0.14853008
v -0.21304040 0.50006646 0.14877419
v -0.21297689 0.51239741 0.14901826
v -0.21307087 0.52476913 0.14865702
v -0.21484935 0.53759640 0.14182147
v -0.21610324 0.55030113 0.13700205
v -0.21644323 0.56276333 0.13569522
v -0.21678337 0.57522994 0.13438796
v -0.21712361 0.58770072 0.13308023
v -0.21746396 0.60017580 0.13177207
v -0.21780443 0.61265504 0.13046345
v -0.21858217 0.62527555 0.12747419
v -0.21860312 0.63766390 0.12739372
v -0.21855436 0.65002984 0.12758113
v -0.21706809 0.66191816 0.13329364
v -0.21540165 0.67372715 0.13969865
v -0.21358378 0.68546331 0.14668575
v -0.21165060 0.69713652 0.15411596
v -0.20972118 0.70878708 0.16153178
v -0.20779547 0.72041512 0.16893320
v -0.20590179 0.73203099 0.17621160
v -0.20349386 0.74343050 0.18546659
v -0.20273945 0.75543076 0.18836613
v -0.20198564 0.76742196 0.19126347
v -0.20152149 0.77951789 0.19304743
v -0.20105906 0.79160875 0.19482480
v -0.20443241 0.80525225 0.18185912
v -0.03311904 -0.96567154 0.88462281
v -0.02645278 -0.95099366 0.91008157
v -0.02317514 -0.93816340 0.92259908
v -0.02108023 -0.92598242 0.93059963
v -0.02021594 -0.91445321 0.93390036
v -0.02043188 -0.90347749 0.93307573
v -0.02060484 -0.89247769 0.93241513
v -0.02091683 -0.88154393 0.93122369
v -0.02167118 -0.87082040 0.92834276
v -0.02243692 -0.86009306 0.92541838
v -0.02320332 -0.84935653 0.92249143
v -0.02400503 -0.83862698 0.91942960
v -0.02520903 -0.82807237 0.91483152
v -0.02656724 -0.81757271 0.90964448
v -0.02790672 -0.80704802 0.90452892
v -0.02941246 -0.79658008 0.89877838
v -0.03114847 -0.78619367 0.89214844
v -0.03275303 -0.77572954 0.88602066
v -0.03425820 -0.76520360 0.88027227
v -0.03576588 -0.75466019 0.87451440
v -0.03727828 -0.74410009 0.86873847
v -0.03867382 -0.73347420 0.86340886
v -0.04008878 -0.72283882 0.85800505
v -0.04150594 -0.71218681 0.85259283
v -0.04292532 -0.70151824 0.84717220
v -0.04435224 -0.69083488 0.84172267
v -0.04599101 -0.68021309 0.83546412
v -0.04837359 -0.66984397 0.82636499
v -0.05174347 -0.65980148 0.81349522
v -0.05512581 -0.64972186 0.80057788
v -0.05837419 -0.63955390 0.78817219
v -0.06160257 -0.62933904 0.77584285
v -0.06510846 -0.61917758 0.76245368
v -0.06867191 -0.60899192 0.74884468
v -0.07284278 -0.59895891 0.73291588
v -0.07833523 -0.58929408 0.71193993
v -0.08120083 -0.57874364 0.70099604
v -0.08192526 -0.56750447 0.69822943
v -0.08358166 -0.55653507 0.69190353
v -0.08695197 -0.54604709 0.67903209
v -0.08895146 -0.53512454 0.67139596
v -0.09095524 -0.52417862 0.66374344
v -0.09365696 -0.51339942 0.65342540
v -0.09542106 -0.50233549 0.64668822
v -0.09733424 -0.49128887 0.63938171
v -0.09994386 -0.48039681 0.62941539
v -0.10256077 -0.46947441 0.61942136
v -0.10691939 -0.45894387 0.60277551
v -0.11046662 -0.44816700 0.58922851
v -0.11460168 -0.43748236 0.57343644
v -0.11997441 -0.42702520 0.55291772
v -0.12678786 -0.41681713 0.52689683
v -0.14167182 -0.39640853 0.47005418
v -0.14716780 -0.38567668 0.44906482
v -0.14885981 -0.37413833 0.44260290
v -0.15055481 -0.36257964 0.43612960
v -0.15289617 -0.35111764 0.42718783
v -0.15540010 -0.33965531 0.41762528
v -0.15909903 -0.32836470 0.40349880
v -0.16323881 -0.31710052 0.38768873
v -0.16832264 -0.30593371 0.36827341
v -0.17373647 -0.29475406 0.34759784
v -0.17674716 -0.28315949 0.33609971
v -0.17438026 -0.27078184 0.34513906
v -0.17225145 -0.25811031 0.35252428
v -0.17319992 -0.24656315 0.34964675
v -0.17698288 -0.23499048 0.33519951
v -0.18129939 -0.22343203 0.31871459
v -0.18491922 -0.21215968 0.30479899
v -0.19144806 -0.20030959 0.27995619
v -0.19138515 -0.18816361 0.28019646
v -0.19205335 -0.17608376 0.27764457
v -0.19272201 -0.16399570 0.27509096
v -0.19340220 -0.15190029 0.27249324
v -0.19415325 -0.13980152 0.26962489
v -0.19490488 -0.12769352 0.26675442
v -0.19565709 -0.11557628 0.26388171
v -0.19702753 -0.10348218 0.25864789
v -0.19843870 -0.09137306 0.25325859
v -0.19985190 -0.07924661 0.24786155
v -0.20126711 -0.06710282 0.24245679
v -0.20281678 -0.05494530 0.23653853
v -0.20564601 -0.04279628 0.22573352
v -0.20848335 -0.03061251 0.21489759
v -0.21132882 -0.01839382 0.20403062
v -0.21411486 -0.00613985 0.19339052
v -0.21604793 0.00614582 0.18600807
v -0.21798474 0.01845538 0.17861125
v -0.21992534 0.03078886 0.17120008
v -0.22186971 0.04314637 0.16377446
v -0.22370699 0.05552488 0.15675776
v -0.22546531 0.06792336 0.15004265
v -0.22722672 0.08034365 0.14331575
v -0.22899123 0.09278580 0.13657700
v -0.23067670 0.10524556 0.13014013
v -0.23208603 0.11770994 0.12475773
v -0.23349737 0.13019182 0.11936778
v -0.23491067 0.14269125 0.11397024
v -0.23632598 0.15520824 0.10856514
v -0.23774326 0.16774286 0.10315240
v -0.23715401 0.18011561 0.10540289
v -0.23609376 0.19243604 0.10945204
v -0.23503463 0.20474355 0.11349692
v -0.23397660 0.21703808 0.11753756
v -0.23291969 0.22931969 0.12157395
v -0.23275784 0.24169591 0.12219212
v -0.23283969 0.25410092 0.12187950
v -0.23292156 0.26650694 0.12156687
v -0.23300342 0.27891397 0.12125421
v -0.23275271 0.29127380 0.12221164
v -0.23164350 0.30350089 0.12644784
v -0.23053548 0.31571448 0.13067938
v -0.22942869 0.32791463 0.13490626
v -0.22832312 0.34010130 0.13912849
v -0.22721878 0.35227460 0.14334604
v -0.22654440 0.36451244 0.14592153
v -0.22593354 0.37675396 0.14825436
v -0.22534861 0.38899297 0.15048838
v -0.22493891 0.40125984 0.15205295
v -0.22452940 0.41352171 0.15361692
v -0.22412007 0.42577860 0.15518023
v -0.22435616 0.43817165 0.15427852
v -0.22485599 0.45062697 0.15236962
v -0.22535607 0.46308854 0.15045977
v -0.22585641 0.47555631 0.14854896
v -0.22635700 0.48803034 0.14663720
v -0.22642453 0.50040239 0.14637928
v -0.22636057 0.51274163 0.14662361
v -0.22657640 0.52515340 0.14579926
v -0.22780995 0.53784078 0.14108826
v -0.22815190 0.55029881 0.13978237
v -0.22849397 0.56276101 0.13847601
v -0.22883613 0.57522750 0.13716923
v -0.22917841 0.58769816 0.13586198
v -0.22952083 0.60017318 0.13455430
v -0.22986335 0.61265242 0.13324615
v -0.23018701 0.62513000 0.13201010
v -0.23050554 0.63760996 0.13079366
v -0.23104636 0.65016586 0.12872827
v -0.22990820 0.66217452 0.13307503
v -0.22777967 0.67383641 0.14120397
v -0.22578630 0.68551826 0.14881681
v -0.22435278 0.69737059 0.15429144
v -0.22292133 0.70920599 0.15975824
v -0.22149190 0.72102445 0.16521725
v -0.22113453 0.73321855 0.16658206
v -0.22146781 0.74566585 0.16530937
v -0.22124192 0.75790524 0.16617194
v -0.22064327 0.76999825 0.16845834
v -0.22466937 0.78389436 0.15308237
v -0.04307273 -0.95401978 0.89063662
v -0.03726103 -0.93985212 0.91269124
v -0.03504737 -0.92759681 0.92109179
v -0.03306057 -0.91548336 0.92863148
v -0.03296367 -0.90433818 0.92899925
v -0.03300053 -0.89326018 0.92885935
v -0.03319155 -0.88225687 0.92813444
v -0.03383017 -0.87146658 0.92571098
v -0.03460167 -0.86073148 0.92278326
v -0.03537382 -0.84998727 0.91985303
v -0.03644149 -0.83937031 0.91580135
v -0.03746168 -0.82871860 0.91192991
v -0.03834997 -0.81799501 0.90855891
v -0.03958070 -0.80741262 0.90388846
v -0.04123782 -0.79700202 0.89759988
v -0.04298612 -0.78661048 0.89096528
v -0.04470050 -0.77618313 0.88445956
v -0.04621649 -0.76565140 0.87870646
v -0.04773501 -0.75510222 0.87294394
v -0.04891920 -0.74439806 0.86845005
v -0.05018267 -0.73371130 0.86365539
v -0.05160706 -0.72307271 0.85825002
v -0.05303366 -0.71241742 0.85283625
v -0.05446250 -0.70174551 0.84741408
v -0.05592698 -0.69106954 0.84185654
v -0.05757672 -0.68044430 0.83559591
v -0.05922944 -0.66979992 0.82932407
v -0.06088513 -0.65913641 0.82304096
v -0.06254380 -0.64845359 0.81674647
v -0.06581926 -0.63831031 0.80431652
v -0.06932382 -0.62820476 0.79101723
v -0.07318986 -0.61817706 0.77634615
v -0.07707212 -0.60810721 0.76161349
v -0.08053399 -0.59785455 0.74847615
v -0.08389972 -0.58752912 0.73570359
v -0.08727767 -0.57716620 0.72288471
v -0.09081578 -0.56681049 0.70945805
v -0.09452727 -0.55646294 0.69537342
v -0.09771480 -0.54591739 0.68327725
v -0.09972534 -0.53499734 0.67564744
v -0.10268804 -0.52431816 0.66440427
v -0.10729905 -0.51405221 0.64690620
v -0.10939553 -0.50305933 0.63895029
v -0.11165193 -0.49208248 0.63038760
v -0.11454272 -0.48123926 0.61941743
v -0.12002466 -0.47100374 0.59861416
v -0.12392030 -0.46031702 0.58383071
v -0.12827252 -0.44969034 0.56731457
v -0.15415257 -0.42027998 0.46910319
v -0.16029963 -0.40974078 0.44577587
v -0.16200458 -0.39821428 0.43930587
v -0.16371252 -0.38666749 0.43282446
v -0.16542345 -0.37510031 0.42633158
v -0.16713744 -0.36351275 0.41982734
v -0.16887303 -0.35190806 0.41324097
v -0.17306279 -0.34071079 0.39734140
v -0.17745686 -0.32949653 0.38066646
v -0.18400224 -0.31857783 0.35582766
v -0.18985550 -0.30747074 0.33361527
v -0.19017352 -0.29546079 0.33240840
v -0.18928500 -0.28327325 0.33578020
v -0.19098535 -0.27145353 0.32932755
v -0.19533777 -0.25996241 0.31281072
v -0.19825627 -0.24823779 0.30173540
v -0.20117627 -0.23647757 0.29065436
v -0.20602044 -0.22489972 0.27227134
v -0.20584828 -0.21272452 0.27292466
v -0.20567615 -0.20055144 0.27357787
v -0.20563890 -0.18839327 0.27371928
v -0.20631276 -0.17629874 0.27116206
v -0.20698707 -0.16419598 0.26860312
v -0.20773266 -0.15209046 0.26577374
v -0.20849010 -0.13997659 0.26289925
v -0.20924814 -0.12785348 0.26002258
v -0.21000677 -0.11572113 0.25714374
v -0.21099648 -0.10359152 0.25338802
v -0.21241911 -0.09146966 0.24798922
v -0.21384381 -0.07933046 0.24258271
v -0.21527053 -0.06717387 0.23716846
v -0.21709143 -0.05501065 0.23025839
v -0.21994448 -0.04284726 0.21943153
v -0.22280568 -0.03064902 0.20857364
v -0.22567508 -0.01841580 0.19768463
v -0.22771387 -0.00614484 0.18994763
v -0.22966170 0.00615082 0.18255582
v -0.23161335 0.01847038 0.17514968
v -0.23356879 0.03081392 0.16772908
v -0.23552802 0.04318152 0.16029403
v -0.23738062 0.05557019 0.15326358
v -0.23915240 0.06797884 0.14653993
v -0.24092731 0.08040933 0.13980445
v -0.24261837 0.09285773 0.13338710
v -0.24403600 0.10531261 0.12800735
v -0.24545562 0.11778497 0.12262002
v -0.24687725 0.13027488 0.11722513
v -0.24830088 0.14278233 0.11182265
v -0.24972650 0.15530741 0.10641257
v -0.25115412 0.16785011 0.10099487
v -0.25037232 0.18021399 0.10396177
v -0.24930452 0.19254109 0.10801388
v -0.24823786 0.20485523 0.11206173
v -0.24717233 0.21715644 0.11610533
v -0.24610791 0.22944470 0.12014467
v -0.24504460 0.24172005 0.12417977
v -0.24511884 0.25412527 0.12389807
v -0.24520120 0.26653248 0.12358549
v -0.24528359 0.27894068 0.12327288
v -0.24489608 0.29128227 0.12474337
v -0.24378012 0.30350968 0.12897830
v -0.24266540 0.31572366 0.13320857
v -0.24155188 0.32792413 0.13743418
v -0.24047492 0.34011710 0.14152111
v -0.23985927 0.35237747 0.14385748
v -0.23924398 0.36463034 0.14619242
v -0.23862906 0.37687579 0.14852594
v -0.23806331 0.38912314 0.15067291
v -0.23765087 0.40139410 0.15223800
v -0.23723863 0.41366008 0.15380242
v -0.23682655 0.42592102 0.15536624
v -0.23641464 0.43817693 0.15692939
v -0.23643579 0.45052466 0.15684918
v -0.23693864 0.46298334 0.15494089
v -0.23744176 0.47544831 0.15303163
v -0.23794511 0.48791942 0.15112142
v -0.23844872 0.50039679 0.14921027
v -0.23895259 0.51288044 0.14729816
v -0.23959523 0.52540636 0.14485939
v -0.24011946 0.53790861 0.14287010
v -0.24053238 0.55038697 0.14130302
v -0.24094550 0.56287038 0.13973533
v -0.24135877 0.57535893 0.13816698
v -0.24177223 0.58785266 0.13659799
v -0.24218585 0.60035145 0.13502836
v -0.24259964 0.61285532 0.13345808
v -0.24320272 0.62542289 0.13116947
v -0.24403690 0.63807076 0.12800381
v -0.24458176 0.65063578 0.12593617
v -0.24430168 0.66293705 0.12699908
v -0.24308541 0.67492217 0.13161467
v -0.24094173 0.68657696 0.13974963
v -0.23939185 0.69841105 0.14563127
v -0.23794746 0.71026331 0.15111242
v -0.23781201 0.72256714 0.15162653
v -0.23814881 0.73504150 0.15034838
v -0.23911080 0.74775183 0.14669789
v -0.24235371 0.76133358 0.13439134
v -0.05637459 -0.94410884 0.88398015
v -0.04888030 -0.92912370 0.91224092
v -0.04688009 -0.91699117 0.91978377
v -0.04551935 -0.90520048 0.92491502
v -0.04578055 -0.89422190 0.92393005
v -0.04608435 -0.88326073 0.92278445
v -0.04620458 -0.87220800 0.92233098
v -0.04678449 -0.86137086 0.92014426
v -0.04763602 -0.85065329 0.91693312
v -0.04890000 -0.84011495 0.91216666
v -0.05003224 -0.82950145 0.90789694
v -0.05092753 -0.81876808 0.90452081
v -0.05194893 -0.80807948 0.90066916
v -0.05307572 -0.79742438 0.89642006
v -0.05483633 -0.78702778 0.88978088
v -0.05660033 -0.77661115 0.88312888
v -0.05818878 -0.76609975 0.87713891
v -0.05961817 -0.75550354 0.87174875
v -0.06079360 -0.74478716 0.86731619
v -0.06197052 -0.73405695 0.86287802
v -0.06314896 -0.72331303 0.85843414
v -0.06456885 -0.71264815 0.85307980
v -0.06600715 -0.70197302 0.84765601
v -0.06750958 -0.69130439 0.84199047
v -0.06917030 -0.68067569 0.83572781
v -0.07083403 -0.67002791 0.82945400
v -0.07250075 -0.65936100 0.82316887
v -0.07426174 -0.64870667 0.81652826
v -0.07625250 -0.63811004 0.80902112
v -0.07862485 -0.62761813 0.80007493
v -0.08124518 -0.61717975 0.79019380
v -0.08513804 -0.60712409 0.77551401
v -0.08902942 -0.59702057 0.76083964
v -0.09240582 -0.58670801 0.74810731
v -0.09598232 -0.57641596 0.73462039
v -0.10100840 -0.56651741 0.71566719
v -0.10547006 -0.55639088 0.69884235
v -0.10847250 -0.54578775 0.68752027
v -0.11049410 -0.53487021 0.67989689
v -0.11710455 -0.52519989 0.65496898
v -0.12071541 -0.51463598 0.64135253
v -0.12341033 -0.50378531 0.63119012
v -0.12691568 -0.49311161 0.61797154
v -0.13248627 -0.48291731 0.59696496
v -0.13740383 -0.47249398 0.57842094
v -0.14543343 -0.46275970 0.54814154
v -0.17415358 -0.43399960 0.43983856
v -0.17680508 -0.42268264 0.42983982
v -0.17946380 -0.41133487 0.41981387
v -0.18212976 -0.39995623 0.40976062
v -0.18480299 -0.38854653 0.39967990
v -0.29111505 -0.37215272 -0.00378631
v -0.28163210 -0.35753715 0.03453960
v -0.27546772 -0.34395927 0.05778538
v -0.20631543 -0.30820143 0.31855696
v -0.20871598 -0.29647341 0.30950454
v -0.21147847 -0.28476796 0.29908726
v -0.21424866 -0.27302986 0.28864098
v -0.21729802 -0.26129460 0.27714193
v -0.22278525 -0.24982665 0.25644970
v -0.22053660 -0.23737288 0.26492923
v -0.22028582 -0.22517164 0.26587489
v -0.22011222 -0.21298169 0.26652959
v -0.21993865 -0.20079386 0.26718414
v -0.21992749 -0.18862349 0.26722625
v -0.22060701 -0.17651425 0.26466373
v -0.22133569 -0.16440077 0.26191586
v -0.22209904 -0.15228108 0.25903741
v -0.22286293 -0.14015210 0.25615674
v -0.22362740 -0.12801386 0.25327390
v -0.22439247 -0.11586635 0.25038886
v -0.22515813 -0.10370953 0.24750158
v -0.22642912 -0.09156648 0.24270870
v -0.22786537 -0.07941449 0.23729268
v -0.22930367 -0.06724507 0.23186889
v -0.23140010 -0.05507617 0.22396331
v -0.23427702 -0.04289836 0.21311450
v -0.23716219 -0.03068562 0.20223461
v -0.23937610 -0.01843161 0.19388597
v -0.24133496 -0.00614983 0.18649916
v -0.24329765 0.00615581 0.17909801
v -0.24526413 0.01848541 0.17168243
v -0.24723445 0.03083903 0.16425242
v -0.24920860 0.04321673 0.15680793
v -0.25107661 0.05561559 0.14976372
v -0.25286189 0.06803442 0.14303148
v -0.25455847 0.08047149 0.13663368
v -0.25598443 0.09291688 0.13125654
v -0.25741234 0.10537973 0.12587185
v -0.25884226 0.11786012 0.12047959
v -0.26027423 0.13035803 0.11507975
v -0.26170817 0.14287353 0.10967231
v -0.26314414 0.15540668 0.10425726
v -0.26458213 0.16795747 0.09883457
v -0.26360509 0.18031247 0.10251907
v -0.26252973 0.19264627 0.10657416
v -0.26145554 0.20496708 0.11062498
v -0.26038244 0.21727493 0.11467154
v -0.25931051 0.22956984 0.11871384
v -0.25823969 0.24185179 0.12275189
v -0.25740033 0.25414962 0.12591703
v -0.25748321 0.26655802 0.12560450
v -0.25756612 0.27896744 0.12529194
v -0.25704017 0.29129070 0.12727524
v -0.25591746 0.30351847 0.13150890
v -0.25479600 0.31573278 0.13573790
v -0.25381100 0.32795542 0.13945235
v -0.25319088 0.34022722 0.14179082
v -0.25257114 0.35249153 0.14412786
v -0.25195175 0.36474833 0.14646348
v -0.25133279 0.37699765 0.14879768
v -0.25078654 0.38925344 0.15085758
v -0.25037137 0.40152848 0.15242314
v -0.24995635 0.41379848 0.15398806
v -0.24954155 0.42606351 0.15555236
v -0.24912690 0.43832350 0.15711600
v -0.24871244 0.45057848 0.15867901
v -0.24851593 0.46287820 0.15941997
v -0.24902183 0.47534028 0.15751226
v -0.24952796 0.48780856 0.15560362
v -0.25003436 0.50028312 0.15369402
v -0.25054100 0.51276386 0.15178345
v -0.25121397 0.52529383 0.14924571
v -0.25238067 0.53796285 0.14484617
v -0.25350568 0.55063480 0.14060375
v -0.25392163 0.56312388 0.13903520
v -0.25433776 0.57561815 0.13746600
v -0.25475404 0.58811748 0.13589616
v -0.25517049 0.60062200 0.13432568
v -0.25558713 0.61313152 0.13275455
v -0.25616482 0.62569582 0.13057610
v -0.25716695 0.63840026 0.12679704
v -0.25813675 0.65110654 0.12314004
v -0.25831711 0.66356736 0.12245993
v -0.25724658 0.67561507 0.12649690
v -0.25617716 0.68765008 0.13052964
v -0.25447586 0.69945461 0.13694519
v -0.25480431 0.71194935 0.13570656
v -0.25719628 0.72518349 0.12668654
v -0.25994271 0.73857534 0.11632977
v -0.07039935 -0.93451941 0.87472910
v -0.06118256 -0.91872257 0.90926778
v -0.06081874 -0.90740699 0.91063124
v -0.05888981 -0.89533269 0.91785949
v -0.05924577 -0.88438201 0.91652560
v -0.05936702 -0.87331539 0.91607124
v -0.05948829 -0.86224723 0.91561681
v -0.06010690 -0.85140800 0.91329867
v -0.06138064 -0.84086090 0.90852547
v -0.06262659 -0.83028579 0.90385646
v -0.06352890 -0.81954265 0.90047520
v -0.06484674 -0.80897105 0.89553678
v -0.06615499 -0.79837930 0.89063424
v -0.06713571 -0.78763187 0.88695914
v -0.06847548 -0.77702373 0.88193852
v -0.07017510 -0.76654857 0.87556946
v -0.07149675 -0.75589842 0.87061673
v -0.07268040 -0.74517661 0.86618119
v -0.07386556 -0.73444104 0.86173999
v -0.07505224 -0.72369170 0.85729307
v -0.07624044 -0.71292865 0.85284042
v -0.07755930 -0.70220059 0.84789819
v -0.07910005 -0.69153929 0.84212440
v -0.08077178 -0.68090719 0.83585984
v -0.08269420 -0.67034525 0.82865590
v -0.08469124 -0.65978646 0.82117218
v -0.08669260 -0.64920503 0.81367236
v -0.08872783 -0.63861084 0.80604559
v -0.09114040 -0.62811893 0.79700494
v -0.09355920 -0.61759979 0.78794074
v -0.09598428 -0.60705340 0.77885312
v -0.09841565 -0.59647965 0.76974189
v -0.10152695 -0.58608854 0.75808281
v -0.10655291 -0.57624525 0.73924857
v -0.11160585 -0.56634915 0.72031343
v -0.11641002 -0.55631888 0.70231050
v -0.11922509 -0.54565817 0.69176131
v -0.12551895 -0.53594303 0.66817594
v -0.13052173 -0.52579594 0.64942873
v -0.13416228 -0.51522112 0.63578629
v -0.13930251 -0.50499719 0.61652404
v -0.14496253 -0.49484485 0.59531379
v -0.15419745 -0.48552242 0.56070721
v -0.32724950 -0.38879415 -0.08778163
v -0.31441593 -0.37375405 -0.03968966
v -0.30172968 -0.35889482 0.00785034
v -0.29548156 -0.34526145 0.03126432
v -0.28927085 -0.33170974 0.05453801
v -0.25034410 -0.28861773 0.20041078
v -0.24636970 -0.27579457 0.21530424
v -0.24275507 -0.26306641 0.22884957
v -0.24047488 -0.25054768 0.23739429
v -0.23819984 -0.23805718 0.24591975
v -0.23592991 -0.22559479 0.25442600
v -0.23441072 -0.21323948 0.26011899
v -0.23423566 -0.20103687 0.26077491
v -0.23425102 -0.18885426 0.26071739
v -0.23496249 -0.17673260 0.25805128
v -0.23573168 -0.16460702 0.25516883
v -0.23650146 -0.15247218 0.25228414
v -0.23727182 -0.14032806 0.24939732
v -0.23804277 -0.12817463 0.24650826
v -0.23881432 -0.11601193 0.24361698
v -0.23958649 -0.10383988 0.24072351
v -0.24046881 -0.09166350 0.23741700
v -0.24191666 -0.07949870 0.23199144
v -0.24336658 -0.06731642 0.22655809
v -0.24574289 -0.05514183 0.21765320
v -0.24864380 -0.04294958 0.20678240
v -0.25103465 -0.03071447 0.19782306
v -0.25300449 -0.01844658 0.19044125
v -0.25497821 -0.00615484 0.18304510
v -0.25695574 0.00616082 0.17563455
v -0.25893715 0.01850047 0.16820955
v -0.26092240 0.03086418 0.16077010
v -0.26291153 0.04325200 0.15331614
v -0.26479498 0.05566105 0.14625813
v -0.26649708 0.06808687 0.13987982
v -0.26793128 0.08052275 0.13450532
v -0.26936749 0.09297610 0.12912324
v -0.27080572 0.10544694 0.12373362
v -0.27224600 0.11793534 0.11833642
v -0.27368826 0.13044129 0.11293162
v -0.27513260 0.14296485 0.10751921
v -0.27657896 0.15550607 0.10209918
v -0.27793637 0.16805755 0.09701245
v -0.27685231 0.18041107 0.10107479
v -0.27576944 0.19275156 0.10513286
v -0.27468765 0.20507902 0.10918666
v -0.27360702 0.21739355 0.11323618
v -0.27252752 0.22969510 0.11728144
v -0.27144915 0.24198370 0.12132245
v -0.27037194 0.25425938 0.12535921
v -0.26976761 0.26658356 0.12762390
v -0.26985100 0.27899417 0.12731139
v -0.26918498 0.29129916 0.12980728
v -0.26805550 0.30352727 0.13403966
v -0.26716387 0.31577846 0.13738100
v -0.26653928 0.32806167 0.13972157
v -0.26591507 0.34033740 0.14206071
v -0.26529124 0.35260564 0.14439844
v -0.26466778 0.36486641 0.14673473
v -0.26404473 0.37711966 0.14906959
v -0.26351827 0.38938382 0.15104237
v -0.26310036 0.40166292 0.15260842
v -0.26268265 0.41393706 0.15417384
v -0.26226506 0.42620614 0.15573861
v -0.26184767 0.43847018 0.15730272
v -0.26143044 0.45072925 0.15886623
v -0.26101339 0.46298328 0.16042908
v -0.26059768 0.47523215 0.16199128
v -0.26110557 0.48769775 0.16008376
v -0.26161471 0.50016940 0.15817571
v -0.26212412 0.51264727 0.15626670
v -0.26282769 0.52518135 0.15363017
v -0.26400083 0.53784758 0.14923409
v -0.26517531 0.55052841 0.14483292
v -0.26635110 0.56322378 0.14042671
v -0.26732841 0.57587761 0.13676441
v -0.26774755 0.58838266 0.13519371
v -0.26816687 0.60089278 0.13362238
v -0.26858637 0.61340809 0.13205040
v -0.26913828 0.62596899 0.12998222
v -0.27014723 0.63867915 0.12620121
v -0.27115721 0.65140176 0.12241648
v -0.27214578 0.66412967 0.11871201
v -0.27370593 0.67705828 0.11286552
v -0.27479145 0.68984622 0.10879767
v -0.27587810 0.70264769 0.10472552
v -0.27696595 0.71546280 0.10064907
v -0.30283767 0.73707145 0.00369835
v -0.32228312 0.75667781 -0.06917092
v -0.08327057 -0.92430067 0.86992002
v -0.07671192 -0.90987885 0.89434463
v -0.07430259 -0.89754695 0.90331709
v -0.07239690 -0.88548517 0.91041386
v -0.07258867 -0.87443763 0.90969968
v -0.07308022 -0.86352766 0.90786916
v -0.07357204 -0.85261190 0.90603757
v -0.07406411 -0.84169030 0.90420508
v -0.07516880 -0.83103758 0.90009117
v -0.07625894 -0.82036507 0.89603150
v -0.07777303 -0.80986452 0.89039296
v -0.07927769 -0.79934174 0.88478959
v -0.08026659 -0.78858185 0.88110691
v -0.08125654 -0.77781045 0.87742025
v -0.08224755 -0.76702768 0.87372977
v -0.08346073 -0.75632322 0.86921179
v -0.08469880 -0.74561411 0.86460125
v -0.08593849 -0.73489076 0.85998452
v -0.08717985 -0.72415310 0.85536176
v -0.08842285 -0.71340114 0.85073274
v -0.08966753 -0.70263481 0.84609759
v -0.09112252 -0.69193137 0.84067905
v -0.09310675 -0.68140316 0.83328980
v -0.09511437 -0.67085952 0.82581335
v -0.09712631 -0.66029316 0.81832087
v -0.09914257 -0.64970410 0.81081218
v -0.10124524 -0.63912010 0.80298179
v -0.10367592 -0.62862045 0.79392987
v -0.10611290 -0.61809361 0.78485453
v -0.10855620 -0.60753936 0.77575558
v -0.11119208 -0.59701663 0.76593947
v -0.11471552 -0.58673739 0.75281811
v -0.11849983 -0.57649493 0.73872524
v -0.12226304 -0.56620073 0.72471088
v -0.12730409 -0.55623424 0.70593798
v -0.13253944 -0.54626274 0.68644136
v -0.14031295 -0.53693873 0.65749252
v -0.14396937 -0.52639329 0.64387590
v -0.15175481 -0.51691002 0.61488277
v -0.15745351 -0.50678647 0.59366071
v -0.33563438 -0.37532866 -0.06989004
v -0.32486102 -0.36075708 -0.02976973
v -0.31604502 -0.34663931 0.00306141
v -0.30935264 -0.33296654 0.02798392
v -0.30309552 -0.31944117 0.05128558
v -0.28160691 -0.30374444 0.13130982
v -0.26810411 -0.28943628 0.18159473
v -0.26408353 -0.27657521 0.19656733
v -0.26057392 -0.26382869 0.20963734
v -0.25826696 -0.25127289 0.21822855
v -0.25596517 -0.23874544 0.22680034
v -0.25366864 -0.22624627 0.23535275
v -0.25137725 -0.21377535 0.24388586
v -0.24909104 -0.20133249 0.25239977
v -0.24861306 -0.18908593 0.25417989
v -0.24938813 -0.17695449 0.25129348
v -0.25016382 -0.16481379 0.24840482
v -0.25094008 -0.15266377 0.24551396
v -0.25171694 -0.14050446 0.24262090
v -0.25249439 -0.12833582 0.23972557
v -0.25327247 -0.11615787 0.23682807
v -0.25405112 -0.10397056 0.23392835
v -0.25483036 -0.09177392 0.23102640
v -0.25599778 -0.07958309 0.22667894
v -0.25745937 -0.06738793 0.22123601
v -0.26011992 -0.05520766 0.21132801
v -0.26268947 -0.04299343 0.20175889
v -0.26467034 -0.03073941 0.19438207
v -0.26665506 -0.01846157 0.18699093
v -0.26864365 -0.00615984 0.17958540
v -0.27063611 0.00616584 0.17216545
v -0.27263245 0.01851555 0.16473104
v -0.27463269 0.03088935 0.15728211
v -0.27663681 0.04328733 0.14981863
v -0.27843410 0.05570383 0.14312555
v -0.27987656 0.06813022 0.13775365
v -0.28152072 0.08021063 0.13249324
v -0.28295654 0.09304393 0.12628376
v -0.28462872 0.10553536 0.12005650
v -0.28630361 0.11804707 0.11381914
v -0.28798124 0.13057913 0.10757161
v -0.28966159 0.14313158 0.10131393
v -0.29119650 0.15569332 0.09559790
v -0.29181644 0.16819918 0.09328917
v -0.29055935 0.18054862 0.09797063
v -0.28930378 0.19288309 0.10264641
v -0.28804973 0.20520261 0.10731653
v -0.28684601 0.21751229 0.11179926
v -0.28575897 0.22982049 0.11584748
v -0.28467304 0.24211572 0.11989144
v -0.28358826 0.25439805 0.12393116
v -0.28250465 0.26666746 0.12796663
v -0.28213820 0.27902094 0.12933123
v -0.28133044 0.29130760 0.13233945
v -0.28053355 0.30358610 0.13530703
v -0.27990451 0.31588081 0.13764971
v -0.27927577 0.32816797 0.13999096
v -0.27864751 0.34044766 0.14233078
v -0.27801958 0.35271984 0.14466918
v -0.27739206 0.36498451 0.14700612
v -0.27676487 0.37724170 0.14934166
v -0.27625853 0.38951427 0.15122728
v -0.27583790 0.40179750 0.15279382
v -0.27541739 0.41407570 0.15435973
v -0.27499709 0.42634884 0.15592498
v -0.27457696 0.43861699 0.15748960
v -0.27415702 0.45088011 0.15905358
v -0.27373719 0.46313819 0.16061690
v -0.27331758 0.47539130 0.16217960
v -0.27289811 0.48763937 0.16374166
v -0.27318981 0.50005579 0.16265538
v -0.27370203 0.51253080 0.16074792
v -0.27443647 0.52506888 0.15801273
v -0.27561602 0.53773236 0.15362011
v -0.27679694 0.55041039 0.14922242
v -0.27797917 0.56310302 0.14481968
v -0.27916276 0.57581025 0.14041187
v -0.28034776 0.58853215 0.13599898
v -0.28117496 0.60116386 0.13291843
v -0.28159732 0.61368483 0.13134560
v -0.28212303 0.62624240 0.12938781
v -0.28313887 0.63895822 0.12560487
v -0.28399858 0.65163684 0.12240327
v -0.28523698 0.66444790 0.11779135
v -0.28876120 0.67802387 0.10466719
v -0.29081920 0.69115233 0.09700300
v -0.29880971 0.70632356 0.06724620
v -0.31037280 0.72282773 0.02418488
v -0.31778660 0.73800987 -0.00342438
v -0.09113364 -0.90041876 0.88373631
v -0.08883020 -0.88813734 0.89226121
v -0.08667400 -0.87595266 0.90024120
v -0.08711722 -0.86499965 0.89860094
v -0.08756065 -0.85404140 0.89695984
v -0.08800428 -0.84307790 0.89531791
v -0.08844812 -0.83210927 0.89367521
v -0.08920155 -0.82127142 0.89088678
v -0.09072791 -0.81076002 0.88523781
v -0.09225676 -0.80023140 0.87957960
v -0.09342918 -0.78953409 0.87524056
v -0.09442735 -0.77875030 0.87154639
v -0.09587554 -0.76813895 0.86618662
v -0.09682039 -0.75730699 0.86268973
v -0.09768223 -0.74643070 0.85950011
v -0.09893194 -0.73569602 0.85487491
v -0.10018333 -0.72494721 0.85024363
v -0.10143638 -0.71418399 0.84560609
v -0.10296150 -0.70350748 0.83996165
v -0.10517579 -0.69306642 0.83176666
v -0.10623291 -0.68217987 0.82785439
v -0.10755363 -0.67137456 0.82296646
v -0.10958049 -0.66080064 0.81546509
v -0.11161171 -0.65020394 0.80794764
v -0.11378264 -0.63963020 0.79991311
v -0.11623149 -0.62912273 0.79084992
v -0.11874440 -0.61860698 0.78154981
v -0.12143143 -0.60811681 0.77160519
v -0.12412608 -0.59759682 0.76163232
v -0.12803718 -0.58741969 0.74715751
v -0.13201272 -0.57721514 0.73244417
v -0.13580750 -0.56690937 0.71839982
v -0.14025886 -0.55674893 0.70192552
v -0.14835851 -0.54757237 0.67194897
v -0.15376139 -0.53754824 0.65195310
v -0.16429530 -0.52885681 0.61296749
v -0.16995919 -0.51874214 0.59200567
v -0.34872031 -0.36272180 -0.06958323
v -0.33975589 -0.34851921 -0.03640618
v -0.33086672 -0.33443582 -0.00350770
v -0.32324547 -0.32065243 0.02469838
v -0.31694177 -0.30715340 0.04802807
v -0.29233405 -0.29115534 0.13910033
v -0.28189796 -0.27736029 0.17772403
v -0.27849630 -0.26459542 0.19031347
v -0.27616227 -0.25200227 0.19895156
v -0.27383357 -0.23943768 0.20757005
v -0.27151012 -0.22690156 0.21616901
v -0.26933435 -0.21440871 0.22422148
v -0.26750126 -0.20197575 0.23100568
v -0.26567146 -0.18956503 0.23777772
v -0.26497987 -0.17727500 0.24033733
v -0.26527441 -0.16507295 0.23924717
v -0.26556906 -0.15286736 0.23815671
v -0.26619846 -0.14068130 0.23582739
v -0.26698247 -0.12849742 0.23292585
v -0.26776704 -0.11630417 0.23002209
v -0.26855221 -0.10410158 0.22711609
v -0.26933801 -0.09188960 0.22420786
v -0.27012444 -0.07966825 0.22129738
v -0.27159053 -0.06745986 0.21587147
v -0.27434060 -0.05526850 0.20569347
v -0.27633250 -0.04302834 0.19832166
v -0.27832821 -0.03076439 0.19093551
v -0.28032783 -0.01847659 0.18353498
v -0.28233135 -0.00616485 0.17612006
v -0.28446737 0.00617125 0.16821483
v -0.28755966 0.01854151 0.15677024
v -0.29066131 0.03094895 0.14529125
v -0.29206970 0.04335802 0.14007872
v -0.29359552 0.05578713 0.13443178
v -0.29527515 0.06823955 0.12821552
v -0.29695752 0.08071219 0.12198915
v -0.29864258 0.09320510 0.11575267
v -0.30033043 0.10571832 0.10950606
v -0.30202103 0.11825190 0.10324928
v -0.30371433 0.13080589 0.09698231
v -0.30465242 0.14332817 0.09351045
v -0.30537224 0.15584533 0.09084644
v -0.30603409 0.16836643 0.08839694
v -0.30476710 0.18072806 0.09308603
v -0.30350167 0.19307467 0.09776943
v -0.30223775 0.20540626 0.10244714
v -0.30097535 0.21772291 0.10711916
v -0.29971451 0.23002461 0.11178552
v -0.29845521 0.24231139 0.11644623
v -0.29719740 0.25458330 0.12110128
v -0.29594111 0.26684031 0.12575069
v -0.29468641 0.27908251 0.13039449
v -0.29392013 0.29137841 0.13323045
v -0.29328656 0.30368459 0.13557525
v -0.29265338 0.31598324 0.13791861
v -0.29202059 0.32827437 0.14026053
v -0.29138818 0.34055799 0.14260103
v -0.29075617 0.35283411 0.14494008
v -0.29012454 0.36510274 0.14727773
v -0.28949329 0.37736386 0.14961393
v -0.28900734 0.38964483 0.15141232
v -0.28858393 0.40193212 0.15297936
v -0.28816071 0.41421440 0.15454575
v -0.28773767 0.42649165 0.15611149
v -0.28731474 0.43876389 0.15767659
v -0.28689206 0.45103106 0.15924105
v -0.28646952 0.46329322 0.16080487
v -0.28604713 0.47555038 0.16236804
v -0.28562495 0.48780254 0.16393058
v -0.28520295 0.50004965 0.16549249
v -0.28527462 0.51241440 0.16522710
v -0.28604031 0.52495646 0.16239342
v -0.28722626 0.53761715 0.15800425
v -0.28841358 0.55029243 0.15361004
v -0.28960225 0.56298226 0.14921077
v -0.29079232 0.57568675 0.14480643
v -0.29198372 0.58840579 0.14039700
v -0.29317650 0.60113955 0.13598251
v -0.29437068 0.61388803 0.13156293
v -0.29511917 0.62651604 0.12879288
v -0.29588962 0.63915974 0.12594137
v -0.29655609 0.65178007 0.12347485
v -0.29834074 0.66476643 0.11686982
v -0.30188900 0.67834944 0.10373777
v -0.30742669 0.69263577 0.08324305
v -0.31354654 0.70718527 0.06059373
v -0.32424578 0.72338402 0.02099619
v -0.34362754 0.74275106 -0.05073508
v -0.10880823 -0.89243561 0.86132449
v -0.10557164 -0.87969810 0.87322921
v -0.10271645 -0.86717498 0.88373119
v -0.10222961 -0.85576397 0.88552183
v -0.10267645 -0.84477830 0.88387823
v -0.10311845 -0.83378512 0.88225245
v -0.10356066 -0.82278675 0.88062602
v -0.10400307 -0.81178331 0.87899870
v -0.10525266 -0.80111796 0.87440258
v -0.10662360 -0.79048866 0.86935997
v -0.10777646 -0.77975285 0.86511958
v -0.10958531 -0.76927066 0.85846627
v -0.11098234 -0.75860161 0.85332775
v -0.11138052 -0.74752063 0.85186321
v -0.11195391 -0.73650324 0.84975410
v -0.11321536 -0.72574306 0.84511429
v -0.11447849 -0.71496850 0.84046823
v -0.11663303 -0.70451051 0.83254355
v -0.11898039 -0.69409734 0.82390952
v -0.12034203 -0.68330139 0.81890124
v -0.12141002 -0.67238533 0.81497300
v -0.12247919 -0.66145694 0.81104034
v -0.12410004 -0.65070456 0.80507863
v -0.12634005 -0.64014101 0.79683948
v -0.12896135 -0.62967688 0.78719795
v -0.13166164 -0.61920702 0.77726573
v -0.13436960 -0.60870755 0.76730543
v -0.13716774 -0.59820402 0.75701350
v -0.14138986 -0.58810359 0.74148363
v -0.14555942 -0.57793713 0.72614741
v -0.14992657 -0.56777912 0.71008426
v -0.15658173 -0.55822963 0.68560547
v -0.16353831 -0.54868609 0.66001791
v -0.36317623 -0.35032970 -0.07428453
v -0.35468674 -0.33625171 -0.04305867
v -0.34572414 -0.32220298 -0.01009263
v -0.33716002 -0.30831897 0.02140770
v -0.33080962 -0.29484650 0.04476548
v -0.30304712 -0.27858275 0.14688064
v -0.29652315 -0.26536661 0.17087695
v -0.29427096 -0.25274923 0.17916092
v -0.29240382 -0.24020334 0.18602848
v -0.29054007 -0.22768006 0.19288369
v -0.28867969 -0.21517929 0.19972655
v -0.28682265 -0.20270100 0.20655712
v -0.28496891 -0.19024512 0.21337543
v -0.28311852 -0.17781156 0.22018147
v -0.28232223 -0.16548473 0.22311042
v -0.28262004 -0.15324876 0.22201489
v -0.28291798 -0.14100924 0.22091906
v -0.28321600 -0.12876619 0.21982291
v -0.28351408 -0.11651959 0.21872643
v -0.28381231 -0.10426945 0.21762966
v -0.28411055 -0.09201577 0.21653254
v -0.28467530 -0.07976885 0.21445535
v -0.28598806 -0.06753968 0.20962681
v -0.28799686 -0.05531711 0.20226057
v -0.29107362 -0.04308571 0.19092132
v -0.29416773 -0.03082154 0.17954068
v -0.29727110 -0.01852062 0.16812594
v -0.30038378 -0.00618281 0.15667695
v -0.30350581 0.00619209 0.14519358
v -0.30514416 0.01859090 0.13916746
v -0.30642280 0.03100386 0.13446438
v -0.30770302 0.04343208 0.12975554
v -0.30928895 0.05588368 0.12392221
v -0.31098419 0.06835776 0.11768664
v -0.31268227 0.08085212 0.11144091
v -0.31438309 0.09336683 0.10518503
v -0.31608665 0.10590191 0.09891896
v -0.31740090 0.11843525 0.09408493
v -0.31812534 0.13094740 0.09142037
v -0.31885028 0.14346819 0.08875395
v -0.31957573 0.15599763 0.08608569
v -0.32028002 0.16853404 0.08349498
v -0.31900311 0.18090785 0.08819171
v -0.31772774 0.19326660 0.09288274
v -0.31645396 0.20561036 0.09756807
v -0.31518167 0.21793911 0.10224770
v -0.31391096 0.23025288 0.10692165
v -0.31264177 0.24255171 0.11158992
v -0.31131735 0.25482869 0.11646124
v -0.30999023 0.26708958 0.12134270
v -0.30866480 0.27933487 0.12621796
v -0.30765834 0.29160902 0.12991980
v -0.30678096 0.30388999 0.13314693
v -0.30603239 0.31618008 0.13590035
v -0.30528432 0.32846135 0.13865180
v -0.30453682 0.34073380 0.14140128
v -0.30378985 0.35299745 0.14414877
v -0.30304343 0.36525229 0.14689431
v -0.30229750 0.37749836 0.14963786
v -0.30180559 0.38978314 0.15144721
v -0.30138248 0.40207538 0.15300347
v -0.30095956 0.41436258 0.15455908
v -0.30053681 0.42664486 0.15611406
v -0.30011421 0.43892211 0.15766841
v -0.29969180 0.45119435 0.15922213
v -0.29926956 0.46346155 0.16077521
v -0.29884747 0.47572386 0.16232768
v -0.29842559 0.48798117 0.16387950
v -0.29800385 0.50023347 0.16543069
v -0.29758233 0.51248085 0.16698126
v -0.29785511 0.52486581 0.16654250
v -0.29894033 0.53753024 0.16198620
v -0.30017322 0.55021369 0.15745135
v -0.30140761 0.56291223 0.15291114
v -0.30264345 0.57562596 0.14836551
v -0.30388075 0.58835471 0.14381449
v -0.30511954 0.60109866 0.13925806
v -0.30635977 0.61385775 0.13469619
v -0.30760151 0.62663209 0.13012888
v -0.30844846 0.63930023 0.12701362
v -0.30911911 0.65192330 0.12454689
v -0.31145707 0.66508520 0.11594740
v -0.31601426 0.67899466 0.09918529
v -0.32218629 0.69349170 0.07648363
v -0.33172113 0.70919275 0.04141283
v -0.33804503 0.72394556 0.01781190
v -0.12363858 -0.87176585 0.84961534
v -0.12036438 -0.85903537 0.86158460
v -0.11777996 -0.84665179 0.87103230
v -0.11811665 -0.83558625 0.86980152
v -0.11845345 -0.82451677 0.86857033
v -0.11879037 -0.81344342 0.86733866
v -0.11918717 -0.80239135 0.86588818
v -0.11984996 -0.79144555 0.86346525
v -0.12151082 -0.78090227 0.85739374
v -0.12333554 -0.77040577 0.85072315
v -0.12516378 -0.75988907 0.84403980
v -0.12559465 -0.74880099 0.84246463
v -0.12599668 -0.73769659 0.84099489
v -0.12639889 -0.72658753 0.83952463
v -0.12798172 -0.71591723 0.83373833
v -0.13034359 -0.70551628 0.82510418
v -0.13271132 -0.69508958 0.81644869
v -0.13449763 -0.68442667 0.80991858
v -0.13557534 -0.67349321 0.80597878
v -0.13665427 -0.66254747 0.80203462
v -0.13774671 -0.65159351 0.79804116
v -0.14013186 -0.64105868 0.78932190
v -0.14268118 -0.63054961 0.78000247
v -0.14523730 -0.62001252 0.77065825
v -0.14780022 -0.60944736 0.76128912
v -0.15134475 -0.59915680 0.74833161
v -0.15595038 -0.58914763 0.73149502
v -0.16039468 -0.57915789 0.71492207
v -0.16776246 -0.56972742 0.68831450
v -0.36907944 -0.32386792 -0.04762788
v -0.36061731 -0.30994061 -0.01669343
v -0.35165665 -0.29604414 0.01606354
v -0.34469911 -0.28252035 0.04149779
v -0.31910649 -0.26670849 0.13505521
v -0.31447458 -0.25374168 0.15198772
v -0.31193742 -0.24107131 0.16126272
v -0.31004930 -0.22850201 0.16816503
v -0.30816457 -0.21595541 0.17505489
v -0.30628327 -0.20343146 0.18193232
v -0.30440533 -0.19093007 0.18879737
v -0.30253077 -0.17845120 0.19565006
v -0.30065960 -0.16599475 0.20249037
v -0.29975635 -0.15363206 0.20579232
v -0.30005753 -0.14136198 0.20469138
v -0.30035874 -0.12908834 0.20359014
v -0.30066010 -0.11681116 0.20248857
v -0.30096149 -0.10453040 0.20138669
v -0.30126303 -0.09224608 0.20028448
v -0.30156460 -0.07995820 0.19918196
v -0.30384627 -0.06773119 0.19084106
v -0.30696061 -0.05549933 0.17945607
v -0.31008431 -0.04323084 0.16803698
v -0.31321740 -0.03092551 0.15658361
v -0.31635988 -0.01858320 0.14509580
v -0.31823111 -0.00619992 0.13825531
v -0.31951842 0.00620375 0.13354942
v -0.32080728 0.01862266 0.12883776
v -0.32209775 0.03105686 0.12412030
v -0.32338980 0.04350635 0.11939704
v -0.32503679 0.05598059 0.11337619
v -0.32674783 0.06847641 0.10712121
v -0.32846165 0.08099256 0.10085604
v -0.33017519 0.09320125 0.09471688
v -0.33088571 0.10603525 0.09199462
v -0.33161524 0.11855099 0.08932764
v -0.33234531 0.13107540 0.08665881
v -0.33307588 0.14360847 0.08398814
v -0.33380696 0.15615024 0.08131562
v -0.33455440 0.16870193 0.07858323
v -0.33326751 0.18108799 0.08328764
v -0.33198220 0.19345896 0.08798633
v -0.33069843 0.20581485 0.09267930
v -0.32935795 0.21814971 0.09757958
v -0.32801560 0.23046847 0.10248680
v -0.32667491 0.24277155 0.10738779
v -0.32533595 0.25505897 0.11228254
v -0.32399872 0.26733077 0.11717106
v -0.32266316 0.27958697 0.12205337
v -0.32167009 0.29187500 0.12568368
v -0.32069206 0.30415344 0.12925895
v -0.31972289 0.31642166 0.13280191
v -0.31896934 0.32871222 0.13555656
v -0.31821635 0.34099394 0.13830926
v -0.31746387 0.35326684 0.14105996
v -0.31671196 0.36553094 0.14380869
v -0.31596059 0.37778625 0.14655545
v -0.31543216 0.39007419 0.14848723
v -0.31493759 0.40236241 0.15029520
v -0.31447941 0.41465196 0.15197019
v -0.31405360 0.42694274 0.15352681
v -0.31362796 0.43922848 0.15508276
v -0.31320250 0.45150924 0.15663810
v -0.31277722 0.46378502 0.15819280
v -0.31235209 0.47605577 0.15974687
v -0.31192714 0.48832151 0.16130029
v -0.31150240 0.50058234 0.16285311
v -0.31107780 0.51283813 0.16440527
v -0.31115738 0.52521569 0.16411434
v -0.31204712 0.53780270 0.16086178
v -0.31293762 0.55040044 0.15760645
v -0.31382886 0.56300884 0.15434834
v -0.31482214 0.57565600 0.15071717
v -0.31606674 0.58838546 0.14616731
v -0.31731287 0.60113007 0.14161202
v -0.31856045 0.61388987 0.13705133
v -0.31980953 0.62666488 0.13248518
v -0.32101282 0.63944072 0.12808634
v -0.32168767 0.65206665 0.12561941
v -0.32456180 0.66550010 0.11493383
v -0.33079675 0.67984444 0.09231977
v -0.33684245 0.69430375 0.07021902
v -0.34558970 0.70973772 0.03824215
v -0.13900989 -0.85122460 0.83611375
v -0.13533665 -0.83834034 0.84945995
v -0.13428941 -0.82663465 0.85326487
v -0.13463004 -0.81553322 0.85202742
v -0.13498026 -0.80443180 0.85075492
v -0.13535225 -0.79333526 0.84940332
v -0.13572440 -0.78223443 0.84805113
v -0.13712640 -0.77154416 0.84295714
v -0.13897063 -0.76101303 0.83625638
v -0.13985755 -0.75008571 0.83303386
v -0.14026329 -0.73896253 0.83155960
v -0.14116275 -0.72802192 0.82829154
v -0.14285815 -0.71736807 0.82213151
v -0.14409335 -0.70652509 0.81764358
v -0.14648156 -0.69608462 0.80896634
v -0.14869992 -0.68555564 0.80090630
v -0.14978744 -0.67460477 0.79695499
v -0.15110753 -0.66372120 0.79215860
v -0.15342738 -0.65316021 0.78372979
v -0.15575281 -0.64257377 0.77528065
v -0.15829721 -0.63203144 0.76603597
v -0.16088016 -0.62147152 0.75665110
v -0.16465688 -0.61125696 0.74292886
v -0.16966830 -0.60137922 0.72472054
v -0.17512462 -0.59157741 0.70489573
v -0.18136320 -0.58194369 0.68222868
v -0.38327315 -0.31142816 -0.05138397
v -0.37494704 -0.29756582 -0.02113210
v -0.36651245 -0.28378710 0.00951393
v -0.35861033 -0.27017492 0.03822500
v -0.34289381 -0.25571343 0.09532896
v -0.33925366 -0.24282205 0.10855496
v -0.33517972 -0.22992629 0.12335697
v -0.32787737 -0.21674612 0.14988905
v -0.32588464 -0.20416722 0.15712945
v -0.32398218 -0.19161998 0.16404171
v -0.32208320 -0.17909545 0.17094150
v -0.32018760 -0.16659348 0.17782880
v -0.31829545 -0.15411410 0.18470372
v -0.31728300 -0.14171648 0.18838233
v -0.31758752 -0.12941211 0.18727596
v -0.31789210 -0.11710417 0.18616925
v -0.31819680 -0.10479265 0.18506223
v -0.31850156 -0.09247755 0.18395488
v -0.31976303 -0.08019544 0.17937143
v -0.32290709 -0.06795940 0.16794795
v -0.32606059 -0.05568662 0.15649019
v -0.32922354 -0.04337694 0.14499797
v -0.33133063 -0.03101452 0.13734230
v -0.33262655 -0.01862014 0.13263360
v -0.33392411 -0.00621053 0.12791911
v -0.33522326 0.00621436 0.12319882
v -0.33652401 0.01865453 0.11847272
v -0.33782634 0.03111003 0.11374080
v -0.33913034 0.04358090 0.10900304
v -0.34083933 0.05607783 0.10279354
v -0.34256622 0.06859544 0.09651905
v -0.34365335 0.08110891 0.09256920
v -0.34438753 0.09361959 0.08990166
v -0.34512222 0.10613894 0.08723227
v -0.34585741 0.11866696 0.08456104
v -0.34659311 0.13120365 0.08188795
v -0.34732932 0.14374904 0.07921301
v -0.34806606 0.15630314 0.07653622
v -0.34889141 0.16920163 0.07376305
v -0.34750047 0.18126339 0.07859119
v -0.34614274 0.19364052 0.08352441
v -0.34478670 0.20600183 0.08845133
v -0.34343243 0.21834740 0.09337197
v -0.34207985 0.23067720 0.09828633
v -0.34072900 0.24299127 0.10319442
v -0.33937988 0.25528967 0.10809627
v -0.33803251 0.26757243 0.11299188
v -0.33669376 0.27984047 0.11785595
v -0.33570740 0.29214147 0.12143981
v -0.33472192 0.30443099 0.12502033
v -0.33373740 0.31670904 0.12859751
v -0.33275378 0.32897568 0.13217136
v -0.33191678 0.34125447 0.13521251
v -0.33115882 0.35353670 0.13796644
v -0.33040139 0.36581004 0.14071839
v -0.32964453 0.37807459 0.14346834
v -0.32912716 0.39037460 0.14534816
v -0.32862899 0.40267220 0.14715827
v -0.32813102 0.41496399 0.14896752
v -0.32763329 0.42724997 0.15077592
v -0.32716057 0.43953529 0.15249351
v -0.32673204 0.45182458 0.15405045
v -0.32630372 0.46410885 0.15560676
v -0.32587555 0.47638810 0.15716244
v -0.32544756 0.48866236 0.15871748
v -0.32501978 0.50093162 0.16027190
v -0.32459214 0.51319599 0.16182569
v -0.32463983 0.52557403 0.16165237
v -0.32553589 0.53816980 0.15839654
v -0.32643276 0.55077624 0.15513796
v -0.32733038 0.56339353 0.15187657
v -0.32822877 0.57602149 0.14861239
v -0.32912791 0.58866030 0.14534545
v -0.33002782 0.60130990 0.14207570
v -0.33092853 0.61397034 0.13880317
v -0.33201882 0.62669766 0.13484174
v -0.33327672 0.63948858 0.13027133
v -0.33426172 0.65221000 0.12669240
v -0.33937818 0.66624326 0.10810243
v -0.34543818 0.68063921 0.08608428
v -0.35300556 0.69559848 0.05858923
v -0.15928175 -0.84399348 0.80510849
v -0.15465242 -0.83067453 0.82182658
v -0.15089519 -0.81777960 0.83539528
v -0.15101978 -0.80655205 0.83494538
v -0.15133463 -0.79540139 0.83380824
v -0.15171087 -0.78427207 0.83244956
v -0.15208726 -0.77313834 0.83109027
v -0.15281838 -0.76214033 0.82844996
v -0.15416947 -0.75137484 0.82357061
v -0.15510345 -0.74043375 0.82019776
v -0.15712711 -0.72989291 0.81288958
v -0.15910019 -0.71930951 0.80576408
v -0.16017780 -0.70837575 0.80187249
v -0.16125660 -0.69742978 0.79797661
v -0.16270609 -0.68660235 0.79274195
v -0.16450047 -0.67587799 0.78626192
v -0.16683924 -0.66531897 0.77781588
v -0.16918364 -0.65473437 0.76934940
v -0.17157292 -0.64407766 0.76079714
v -0.17466538 -0.63374048 0.74955291
v -0.17853089 -0.62355393 0.73559320
v -0.18363388 -0.61370933 0.71716452
v -0.39749071 -0.29896751 -0.05514637
v -0.38910279 -0.28514165 -0.02485471
v -0.38077930 -0.27142200 0.00520424
v -0.36694637 -0.24459574 0.05515974
v -0.35587874 -0.20589754 0.09512860
v -0.34865075 -0.19276363 0.12123144
v -0.34177729 -0.17974433 0.14605390
v -0.33985701 -0.16719654 0.15298869
v -0.33794019 -0.15467149 0.15991095
v -0.33602685 -0.14216907 0.16682068
v -0.33490288 -0.12973753 0.17087972
v -0.33521080 -0.11739866 0.16976786
v -0.33551875 -0.10505622 0.16865565
v -0.33582681 -0.09271018 0.16754313
v -0.33891332 -0.08046617 0.15639670
v -0.34209681 -0.06818917 0.14490005
v -0.34444261 -0.05585287 0.13642840
v -0.34574729 -0.04346784 0.13171689
v -0.34705353 -0.03106754 0.12699957
v -0.34836140 -0.01865200 0.12227646
v -0.34967086 -0.00622116 0.11754751
v -0.35098192 0.00622499 0.11281275
v -0.35229465 0.01868651 0.10807213
v -0.35360897 0.03116341 0.10332568
v -0.35495690 0.04365636 0.09845787
v -0.35642827 0.05616833 0.09314410
v -0.35716709 0.06867395 0.09047601
v -0.35790643 0.08118824 0.08780605
v -0.36187375 0.09385277 0.07347867
v -0.36818939 0.10668045 0.05067068
v -0.37155873 0.11941831 0.03850275
v -0.37149718 0.13198487 0.03872506
v -0.37143564 0.14455073 0.03894735
v -0.37137407 0.15711585 0.03916964
v -0.37037611 0.16960633 0.04277366
v -0.36766729 0.18194002 0.05255610
v -0.36496535 0.19424266 0.06231390
v -0.36227012 0.20651434 0.07204715
v -0.35958174 0.21875520 0.08175594
v -0.35690007 0.23096533 0.09144038
v -0.35480857 0.24321140 0.09899347
v -0.35344929 0.25552082 0.10390243
v -0.35209167 0.26781452 0.10880513
v -0.35076421 0.28009629 0.11359908
v -0.34977034 0.29240841 0.11718819
v -0.34877747 0.30470908 0.12077398
v -0.34778544 0.31699818 0.12435640
v -0.34679437 0.32927591 0.12793548
v -0.34580424 0.34154215 0.13151123
v -0.34487468 0.35380691 0.13486817
v -0.34411174 0.36608952 0.13762334
v -0.34334940 0.37836334 0.14037652
v -0.34284326 0.39067549 0.14220425
v -0.34234145 0.40298250 0.14401650
v -0.34183985 0.41528365 0.14582789
v -0.34133852 0.42757902 0.14763843
v -0.34083742 0.43986860 0.14944811
v -0.34033653 0.45215234 0.15125693
v -0.33984911 0.46443313 0.15301713
v -0.33941793 0.47672093 0.15457441
v -0.33898687 0.48900372 0.15613107
v -0.33855599 0.50128144 0.15768710
v -0.33812532 0.51355428 0.15924248
v -0.33814067 0.52593285 0.15918706
v -0.33904311 0.53853738 0.15592797
v -0.33994636 0.55115265 0.15266608
v -0.34085038 0.56377870 0.14940141
v -0.34175512 0.57641548 0.14613396
v -0.34266067 0.58906305 0.14286371
v -0.34356698 0.60172147 0.13959067
v -0.34447408 0.61439073 0.13631482
v -0.34538198 0.62707084 0.13303618
v -0.34730995 0.64006883 0.12607351
v -0.35062361 0.65351486 0.11410689
v -0.35397756 0.66685557 0.10213383
v -0.36011386 0.68143576 0.07983419
v -0.17664179 -0.82399833 0.78495950
v -0.17067562 -0.81015199 0.80637544
v -0.16873975 -0.79802746 0.81332445
v -0.16886593 -0.78675890 0.81287146
v -0.16899213 -0.77548891 0.81241852
v -0.16911834 -0.76421744 0.81196541
v -0.16958345 -0.75307560 0.81029594
v -0.17112802 -0.74233949 0.80475152
v -0.17317373 -0.73177344 0.79740828
v -0.17522372 -0.72118521 0.79004967
v -0.17652003 -0.71029907 0.78539646
v -0.17761089 -0.69932449 0.78148079
v -0.17931582 -0.68855321 0.77536082
v -0.18173803 -0.67801034 0.76666611
v -0.18416625 -0.66744131 0.75794983
v -0.18667349 -0.65687048 0.74894994
v -0.19043478 -0.64668262 0.73544848
v -0.19548206 -0.63686603 0.71733093
v -0.36959544 -0.16858332 0.09233746
v -0.36213896 -0.15555359 0.11910322
v -0.35578933 -0.14268464 0.14189564
v -0.35385460 -0.13015915 0.14884047
v -0.35261679 -0.11769465 0.15328373
v -0.35292807 -0.10532113 0.15216632
v -0.35497963 -0.09301990 0.14480208
v -0.35756725 -0.08071505 0.13551365
v -0.35888058 -0.06833936 0.13079931
v -0.36019555 -0.05594844 0.12607916
v -0.36151212 -0.04354225 0.12135320
v -0.36283034 -0.03112078 0.11662142
v -0.36415017 -0.01868398 0.11188380
v -0.36547163 -0.00623185 0.10714035
v -0.37206808 0.00625101 0.08346181
v -0.37723783 0.01879815 0.06490455
v -0.39444193 0.09474114 0.00314913
v -0.39437944 0.10737021 0.00337355
v -0.39431691 0.11999854 0.00359795
v -0.39425442 0.13262615 0.00382234
v -0.39419189 0.14525303 0.00404673
v -0.39412940 0.15787917 0.00427109
v -0.39208835 0.17034927 0.01159757
v -0.38934019 0.18273599 0.02146230
v -0.38659900 0.19509138 0.03130206
v -0.38386470 0.20741554 0.04111696
v -0.38113731 0.21970858 0.05090709
v -0.37841684 0.23197068 0.06067256
v -0.37547421 0.24417594 0.07123525
v -0.37247995 0.25634080 0.08198354
v -0.36949393 0.26847184 0.09270199
v -0.36677137 0.28060266 0.10247479
v -0.36514795 0.29285204 0.10830230
v -0.36355370 0.30508664 0.11402482
v -0.36196187 0.31730309 0.11973882
v -0.36086062 0.32957664 0.12369186
v -0.35986301 0.34185395 0.12727286
v -0.35886633 0.35411981 0.13085051
v -0.35787058 0.36637422 0.13442484
v -0.35708624 0.37865454 0.13724026
v -0.35658059 0.39097682 0.13905551
v -0.35607508 0.40329325 0.14086990
v -0.35556987 0.41560382 0.14268342
v -0.35506490 0.42790860 0.14449610
v -0.35456014 0.44020751 0.14630792
v -0.35405564 0.45250067 0.14811888
v -0.35355136 0.46478796 0.14992897
v -0.35304734 0.47706947 0.15173823
v -0.35268071 0.48934096 0.15351419
v -0.35211116 0.50163180 0.15509869
v -0.35167742 0.51391309 0.15665568
v -0.35165998 0.52629220 0.15671837
v -0.35256878 0.53890544 0.15345599
v -0.35347843 0.55152953 0.15019083
v -0.35438880 0.56416434 0.14692286
v -0.35530001 0.57681000 0.14365213
v -0.35701671 0.58968872 0.13748981
v -0.36034173 0.60304105 0.12555447
v -0.36367711 0.61643505 0.11358191
v -0.36702287 0.62987089 0.10157192
v -0.37005433 0.64325154 0.09069038
v -0.37278894 0.65657681 0.08087423
v -0.37595820 0.67006916 0.06949790
v -0.19425155 -0.80392897 0.76419133
v -0.18751422 -0.78981787 0.78823036
v -0.18752484 -0.77845782 0.78819257
v -0.18807828 -0.76730949 0.78621775
v -0.18861675 -0.75614905 0.78429651
v -0.18915550 -0.74498242 0.78237420
v -0.18969454 -0.73380965 0.78045082
v -0.19137552 -0.72305012 0.77445298
v -0.19295126 -0.71223301 0.76883072
v -0.19475345 -0.70147824 0.76240045
v -0.19720018 -0.69092804 0.75367039
v -0.19991064 -0.68044037 0.74399936
v -0.20294489 -0.67003089 0.73317301
v -0.20804039 -0.66027170 0.71499187
v -0.38315272 -0.13120426 0.09018197
v -0.37564433 -0.11829612 0.11697227
v -0.37122595 -0.10562671 0.13273726
v -0.37820023 -0.09350254 0.10785269
v -0.38521990 -0.08129939 0.08280607
v -0.40973169 0.18341553 -0.00465317
v -0.40665883 0.19578944 0.00631103
v -0.40359455 0.20812863 0.01724446
v -0.40053889 0.22043326 0.02814726
v -0.39749178 0.23270346 0.03901955
v -0.39445317 0.24493936 0.04986148
v -0.39142305 0.25714114 0.06067314
v -0.38840136 0.26930892 0.07145469
v -0.38590351 0.28150991 0.08036709
v -0.38425246 0.29379708 0.08625809
v -0.38260394 0.30606553 0.09214012
v -0.38095802 0.31831530 0.09801280
v -0.37934932 0.33055171 0.10375270
v -0.37774304 0.34276992 0.10948405
v -0.37613910 0.35496992 0.11520686
v -0.37453762 0.36715180 0.12092117
v -0.37301210 0.37932855 0.12636426
v -0.37212169 0.39160332 0.12954119
v -0.37129885 0.40388054 0.13247725
v -0.37050465 0.41615379 0.13531089
v -0.36971107 0.42841798 0.13814245
v -0.36891806 0.44067308 0.14097190
v -0.36812565 0.45291916 0.14379926
v -0.36733386 0.46515620 0.14662457
v -0.36678031 0.47743711 0.14859961
v -0.36627287 0.48972216 0.15041013
v -0.36576569 0.50200140 0.15221980
v -0.36525875 0.51427484 0.15402861
v -0.36519775 0.52665198 0.15424632
v -0.36670163 0.53942209 0.14888038
v -0.36975989 0.55260962 0.13796821
v -0.37247837 0.56574315 0.12826867
v -0.37520367 0.57890987 0.11854452
v -0.37793592 0.59211004 0.10879570
v -0.38067511 0.60534382 0.09902210
v -0.38342130 0.61861128 0.08922364
v -0.38617447 0.63191247 0.07940020
v -0.39127985 0.64594603 0.06118398
v -0.39333633 0.65911305 0.05384642
v -0.41055003 0.67699325 -0.00757299
v -0.21500696 -0.78491861 0.73254400
v -0.20694868 -0.77033204 0.76112485
v -0.20754214 -0.75914663 0.75901991
v -0.20813596 -0.74795461 0.75691384
v -0.20873013 -0.73675585 0.75480646
v -0.20996431 -0.72578394 0.75042915
v -0.21215066 -0.71514004 0.74267459
v -0.21629167 -0.70516229 0.72798753
v -0.22044992 -0.69514292 0.71323913
v -0.41970968 0.22112657 0.00651066
v -0.41662607 0.23343432 0.01744746
v -0.41355115 0.24570760 0.02835362
v -0.41048479 0.25794649 0.03922925
v -0.40742704 0.27015123 0.05007448
v -0.40515977 0.28242305 0.05811596
v -0.40348861 0.29474935 0.06404309
v -0.40182003 0.30705681 0.06996116
v -0.40015399 0.31934541 0.07587018
v -0.39849052 0.33161527 0.08177016
v -0.39682958 0.34386641 0.08766115
v -0.39519864 0.35610333 0.09344566
v -0.39357778 0.36832324 0.09919443
v -0.39208210 0.38054645 0.10449927
v -0.39118093 0.39286014 0.10769550
v -0.39028054 0.40516362 0.11088907
v -0.38938084 0.41745687 0.11407997
v -0.38848191 0.42973989 0.11726824
v -0.38762593 0.44202137 0.12030425
v -0.38682416 0.45430440 0.12314792
v -0.38602298 0.46657836 0.12598950
v -0.38522243 0.47884324 0.12882896
v -0.38442242 0.49109897 0.13166630
v -0.38362306 0.50334573 0.13450158
v -0.38282427 0.51558340 0.13733475
v -0.38304952 0.52806211 0.13653582
v -0.38578627 0.54117167 0.12682915
v -0.38852999 0.55431449 0.11709784
v -0.39128065 0.56749076 0.10734183
v -0.39403832 0.58070040 0.09756099
v -0.39680302 0.59394372 0.08775526
v -0.40098935 0.60761541 0.07290729
v -0.40664554 0.62175357 0.05284617
v -0.40852946 0.63486135 0.04616433
v -0.40995771 0.64785582 0.04109867
v -0.41633996 0.66236234 0.01846226
v -0.23083797 -0.75228757 0.71866447
v -0.23248306 -0.74140906 0.71286440
v -0.23463516 -0.73069584 0.70527661
v -0.23679189 -0.71995962 0.69767255
v -0.23992765 -0.70954305 0.68661678
v -0.42657211 0.27099884 0.02856012
v -0.42454132 0.28334212 0.03572000
v -0.42284986 0.29570782 0.04168361
v -0.42116103 0.30805451 0.04763807
v -0.41947472 0.32038227 0.05358339
v -0.41779107 0.33269113 0.05951961
v -0.41610992 0.34498116 0.06544673
v -0.41443136 0.35725236 0.07136478
v -0.41275540 0.36950481 0.07727378
v -0.41127497 0.38177216 0.08249343
v -0.41036290 0.39412501 0.08570912
v -0.40945160 0.40646756 0.08892211
v -0.40854102 0.41879982 0.09213244
v -0.40763125 0.43112183 0.09534010
v -0.40672225 0.44343358 0.09854509
v -0.40581396 0.45573506 0.10174741
v -0.40490645 0.46802634 0.10494707
v -0.40401676 0.48031119 0.10808372
v -0.40320736 0.49260396 0.11093747
v -0.40239856 0.50488764 0.11378911
v -0.40159035 0.51716220 0.11663863
v -0.40187091 0.52969211 0.11564957
v -0.40464002 0.54284430 0.10588635
v -0.40741622 0.55602992 0.09609827
v -0.41067645 0.56937325 0.08460356
v -0.41635126 0.58339596 0.06459595
v -0.42205548 0.59749150 0.04448432
v -0.42376375 0.61054403 0.03846144
v -0.42520389 0.62354022 0.03338387
v -0.42664593 0.63655341 0.02829966
v -0.43882686 0.39703855 0.03148255
v -0.43529576 0.40899032 0.04385862
v -0.43177596 0.42090413 0.05619533
v -0.42959428 0.43304041 0.06384197
v -0.42819148 0.44530910 0.06875852
v -0.42679048 0.45756221 0.07366884
v -0.42539132 0.46979979 0.07857292
v -0.42399389 0.48202184 0.08347079
v -0.42259818 0.49422833 0.08836243
v -0.42139560 0.50646353 0.09257738
v -0.42048019 0.51875275 0.09578582
v -0.42080882 0.53133225 0.09463395
v -0.42603445 0.54512686 0.07631860
v -0.43175730 0.55910671 0.05626071
v -0.43750986 0.57315940 0.03609836
v -0.43903938 0.58616072 0.03073765
v -0.45514885 0.46089298 0.02023202
v -0.45158535 0.47276446 0.03264841
v -0.44892472 0.48479220 0.04191893
v -0.44750515 0.49706712 0.04686518
v -0.44608736 0.50932634 0.05180512
v -0.44467142 0.52156997 0.05673876
v -0.44720775 0.53474754 0.04790145
v -0.45289430 0.54872876 0.02808773
f 1 11 10
f 2 11 1
f 2 12 11
f 3 12 2
f 3 13 12
f 4 13 3
f 4 14 13
f 5 14 4
f 5 15 14
f 6 15 5
f 6 16 15
f 7 16 6
f 7 17 16
f 8 17 7
f 8 18 17
f 9 18 8
f 9 19 18
f 10 23 22
f 11 23 10
f 11 24 23
f 12 24 11
f 12 25 24
f 13 25 12
f 13 26 25
f 14 26 13
f 14 27 26
f 15 27 14
f 15 28 27
f 16 28 15
f 16 29 28
f 17 29 16
f 17 30 29
f 18 30 17
f 18 31 30
f 19 31 18
f 19 32 31
f 20 32 19
f 20 33 32
f 21 33 20
f 21 34 33
f 22 37 36
f 23 37 22
f 23 38 37
f 24 38 23
f 24 39 38
f 25 39 24
f 25 40 39
f 26 40 25
f 26 41 40
f 27 41 26
f 27 42 41
f 28 42 27
f 28 43 42
f 29 43 28
f 29 44 43
f 30 44 29
f 30 45 44
f 31 45 30
f 31 46 45
f 32 46 31
f 32 47 46
f 33 47 32
f 33 48 47
f 34 48 33
f 34 49 48
f 35 49 34
f 35 50 49
f 37 52 36
f 37 53 52
f 38 53 37
f 38 54 53
f 39 54 38
f 39 55 54
f 40 55 39
f 40 56 55
f 41 56 40
f 41 57 56
f 42 57 41
f 42 58 57
f 43 58 42
f 43 59 58
f 44 59 43
f 44 60 59
f 45 60 44
f 45 61 60
f 46 61 45
f 46 62 61
f 47 62 46
f 47 63 62
f 48 63 47
f 48 64 63
f 49 64 48
f 49 65 64
f 50 65 49
f 50 66 65
f 51 66 50
f 51 67 66
f 53 69 52
f 53 70 69
f 54 70 53
f 54 71 70
f 55 71 54
f 55 72 71
f 56 72 55
f 56 73 72
f 57 73 56
f 57 74 73
f 58 74 57
f 58 75 74
f 59 75 58
f 59 76 75
f 60 76 59
f 60 77 76
f 61 77 60
f 61 78 77
f 62 78 61
f 62 79 78
f 63 79 62
f 63 80 79
f 64 80 63
f 64 81 80
f 65 81 64
f 65 82 81
f 66 82 65
f 66 83 82
f 67 83 66
f 67 84 83
f 68 84 67
f 68 85 84
f 70 87 69
f 70 88 87
f 71 88 70
f 71 89 88
f 72 89 71
f 72 90 89
f 73 90 72
f 73 91 90
f 74 91 73
f 74 92 91
f 75 92 74
f 75 93 92
f 76 93 75
f 76 94 93
f 77 94 76
f 77 95 94
f 78 95 77
f 78 96 95
f 79 96 78
f 79 97 96
f 80 97 79
f 80 98 97
f 81 98 80
f 81 99 98
f 82 99 81
f 82 100 99
f 83 100 82
f 83 101 100
f 84 101 83
f 84 102 101
f 85 102 84
f 85 103 102
f 86 103 85
f 86 104 103
f 88 106 87
f 88 107 106
f 89 107 88
f 89 108 107
f 90 108 89
f 90 109 108
f 91 109 90
f 91 110 109
f 92 110 91
f 92 111 110
f 93 111 92
f 93 112 111
f 94 112 93
f 94 113 112
f 95 113 94
f 95 114 113
f 96 114 95
f 96 115 114
f 97 115 96
f 97 116 115
f 98 116 97
f 98 117 116
f 99 117 98
f 99 118 117
f 100 118 99
f 100 119 118
f 101 119 100
f 101 120 119
f 102 120 101
f 102 121 120
f 103 121 102
f 103 122 121
f 104 122 103
f 104 123 122
f 105 123 104
f 105 124 123
f 108 125 107
f 108 126 125
f 109 126 108
f 109 127 126
f 110 127 109
f 110 128 127
f 111 128 110
f 111 129 128
f 112 129 111
f 112 130 129
f 113 130 112
f 113 131 130
f 114 131 113
f 114 132 131
f 115 132 114
f 115 133 132
f 116 133 115
f 116 134 133
f 117 134 116
f 117 135 134
f 118 135 117
f 118 136 135
f 119 136 118
f 119 137 136
f 120 137 119
f 120 138 137
f 121 138 120
f 121 139 138
f 122 139 121
f 122 140 139
f 123 140 122
f 123 141 140
f 124 141 123
f 124 142 141
f 126 152 125
f 126 153 152
f 127 153 126
f 127 154 153
f 128 154 127
f 128 155 154
f 129 155 128
f 129 156 155
f 130 156 129
f 130 157 156
f 131 157 130
f 131 158 157
f 132 158 131
f 132 159 158
f 133 159 132
f 133 160 159
f 134 160 133
f 134 161 160
f 135 161 134
f 135 162 161
f 136 162 135
f 136 163 162
f 137 163 136
f 137 164 163
f 138 164 137
f 138 165 164
f 139 165 138
f 139 166 165
f 140 166 139
f 140 167 166
f 141 167 140
f 141 168 167
f 142 168 141
f 142 169 168
f 143 172 171
f 144 172 143
f 144 173 172
f 145 173 144
f 145 174 173
f 146 174 145
f 146 175 174
f 147 175 146
f 147 176 175
f 148 176 147
f 148 177 176
f 149 177 148
f 149 178 177
f 150 178 149
f 150 179 178
f 151 179 150
f 153 183 152
f 153 184 183
f 154 184 153
f 154 185 184
f 155 185 154
f 155 186 185
f 156 186 155
f 156 187 186
f 157 187 156
f 157 188 187
f 158 188 157
f 158 189 188
f 159 189 158
f 159 190 189
f 160 190 159
f 160 191 190
f 161 191 160
f 161 192 191
f 162 192 161
f 162 193 192
f 163 193 162
f 163 194 193
f 164 194 163
f 164 195 194
f 165 195 164
f 165 196 195
f 166 196 165
f 166 197 196
f 167 197 166
f 167 198 197
f 168 198 167
f 168 199 198
f 169 199 168
f 169 200 199
f 170 200 169
f 170 201 200
f 171 208 207
f 172 208 171
f 172 209 208
f 173 209 172
f 173 210 209
f 174 210 173
f 174 211 210
f 175 211 174
f 175 212 211
f 176 212 175
f 176 213 212
f 177 213 176
f 177 214 213
f 178 214 177
f 178 215 214
f 179 215 178
f 179 216 215
f 180 216 179
f 180 217 216
f 181 217 180
f 181 218 217
f 182 218 181
f 182 219 218
f 184 221 183
f 184 222 221
f 185 222 184
f 185 223 222
f 186 223 185
f 186 224 223
f 187 224 186
f 187 225 224
f 188 225 187
f 188 226 225
f 189 226 188
f 189 227 226
f 190 227 189
f 190 228 227
f 191 228 190
f 191 229 228
f 192 229 191
f 192 230 229
f 193 230 192
f 193 231 230
f 194 231 193
f 194 232 231
f 195 232 194
f 195 233 232
f 196 233 195
f 196 234 233
f 197 234 196
f 197 235 234
f 198 235 197
f 198 236 235
f 199 236 198
f 199 237 236
f 200 237 199
f 200 238 237
f 201 238 200
f 201 239 238
f 202 241 240
f 203 241 202
f 203 242 241
f 204 242 203
f 204 243 242
f 205 243 204
f 205 244 243
f 206 244 205
f 206 245 244
f 207 245 206
f 207 246 245
f 208 246 207
f 208 247 246
f 209 247 208
f 209 248 247
f 210 248 209
f 210 249 248
f 211 249 210
f 211 250 249
f 212 250 211
f 212 251 250
f 213 251 212
f 213 252 251
f 214 252 213
f 214 253 252
f 215 253 214
f 215 254 253
f 216 254 215
f 216 255 254
f 217 255 216
f 217 256 255
f 218 256 217
f 218 257 256
f 219 257 218
f 219 258 257
f 220 258 219
f 220 259 258
f 224 262 223
f 224 263 262
f 225 263 224
f 225 264 263
f 226 264 225
f 226 265 264
f 227 265 226
f 227 266 265
f 228 266 227
f 228 267 266
f 229 267 228
f 229 268 267
f 230 268 229
f 230 269 268
f 231 269 230
f 231 270 269
f 232 270 231
f 232 271 270
f 233 271 232
f 233 272 271
f 234 272 233
f 234 273 272
f 235 273 234
f 235 274 273
f 236 274 235
f 236 275 274
f 237 275 236
f 237 276 275
f 238 276 237
f 238 277 276
f 239 277 238
f 239 278 277
f 240 281 280
f 241 281 240
f 241 282 281
f 242 282 241
f 242 283 282
f 243 283 242
f 243 284 283
f 244 284 243
f 244 285 284
f 245 285 244
f 245 286 285
f 246 286 245
f 246 287 286
f 247 287 246
f 247 288 287
f 248 288 247
f 248 289 288
f 249 289 248
f 249 290 289
f 250 290 249
f 250 291 290
f 251 291 250
f 251 292 291
f 252 292 251
f 252 293 292
f 253 293 252
f 253 294 293
f 254 294 253
f 254 295 294
f 255 295 254
f 255 296 295
f 256 296 255
f 256 297 296
f 257 297 256
f 257 298 297
f 258 298 257
f 258 299 298
f 259 299 258
f 259 300 299
f 260 300 259
f 260 301 300
f 261 302 301
f 270 320 269
f 270 321 320
f 271 321 270
f 271 322 321
f 272 322 271
f 272 323 322
f 273 323 272
f 273 324 323
f 274 324 273
f 274 325 324
f 275 325 274
f 275 326 325
f 276 326 275
f 276 327 326
f 277 327 276
f 277 328 327
f 278 328 277
f 278 329 328
f 279 329 278
f 279 330 329
f 281 333 280
f 281 334 333
f 282 334 281
f 282 335 334
f 283 335 282
f 283 336 335
f 284 336 283
f 284 337 336
f 285 337 284
f 285 338 337
f 286 338 285
f 286 339 338
f 287 339 286
f 287 340 339
f 288 340 287
f 288 341 340
f 289 341 288
f 289 342 341
f 290 342 289
f 290 343 342
f 291 343 290
f 291 344 343
f 292 344 291
f 292 345 344
f 293 345 292
f 293 346 345
f 294 346 293
f 294 347 346
f 295 347 294
f 295 348 347
f 296 348 295
f 296 349 348
f 297 349 296
f 297 350 349
f 298 350 297
f 298 351 350
f 299 351 298
f 299 352 351
f 300 352 299
f 300 353 352
f 301 353 300
f 301 354 353
f 303 357 356
f 304 357 303
f 304 358 357
f 305 358 304
f 305 359 358
f 306 359 305
f 306 360 359
f 307 360 306
f 307 361 360
f 308 361 307
f 308 362 361
f 309 362 308
f 309 363 362
f 310 363 309
f 310 364 363
f 311 364 310
f 311 365 364
f 312 365 311
f 312 366 365
f 313 366 312
f 313 367 366
f 314 367 313
f 314 368 367
f 315 368 314
f 315 369 368
f 316 369 315
f 316 370 369
f 317 370 316
f 317 371 370
f 318 371 317
f 318 372 371
f 319 372 318
f 319 373 372
f 326 379 325
f 326 380 379
f 327 380 326
f 327 381 380
f 328 381 327
f 328 382 381
f 329 382 328
f 329 383 382
f 330 383 329
f 330 384 383
f 331 384 330
f 331 385 384
f 332 385 331
f 332 386 385
f 333 389 388
f 334 389 333
f 334 390 389
f 335 390 334
f 335 391 390
f 336 391 335
f 336 392 391
f 337 392 336
f 337 393 392
f 338 393 337
f 338 394 393
f 339 394 338
f 339 395 394
f 340 395 339
f 340 396 395
f 341 396 340
f 341 397 396
f 342 397 341
f 342 398 397
f 343 398 342
f 343 399 398
f 344 399 343
f 344 400 399
f 345 400 344
f 345 401 400
f 346 401 345
f 346 402 401
f 347 402 346
f 347 403 402
f 348 403 347
f 348 404 403
f 349 404 348
f 349 405 404
f 350 405 349
f 350 406 405
f 351 406 350
f 351 407 406
f 352 407 351
f 352 408 407
f 353 408 352
f 354 410 409
f 355 410 354
f 355 411 410
f 356 411 355
f 356 412 411
f 357 412 356
f 357 413 412
f 358 413 357
f 358 414 413
f 359 414 358
f 359 415 414
f 360 415 359
f 360 416 415
f 361 416 360
f 361 417 416
f 362 417 361
f 362 418 417
f 363 418 362
f 363 419 418
f 364 419 363
f 364 420 419
f 365 420 364
f 365 421 420
f 366 421 365
f 366 422 421
f 367 422 366
f 367 423 422
f 368 423 367
f 368 424 423
f 369 424 368
f 369 425 424
f 370 425 369
f 370 426 425
f 371 426 370
f 371 427 426
f 372 427 371
f 372 428 427
f 373 428 372
f 373 429 428
f 374 429 373
f 374 430 429
f 375 430 374
f 375 431 430
f 376 431 375
f 376 432 431
f 377 432 376
f 377 433 432
f 378 433 377
f 378 434 433
f 382 437 381
f 382 438 437
f 383 438 382
f 383 439 438
f 384 439 383
f 384 440 439
f 385 440 384
f 385 441 440
f 386 441 385
f 386 442 441
f 387 442 386
f 387 443 442
f 389 446 388
f 389 447 446
f 390 447 389
f 390 448 447
f 391 448 390
f 391 449 448
f 392 449 391
f 392 450 449
f 393 450 392
f 393 451 450
f 394 451 393
f 394 452 451
f 395 452 394
f 395 453 452
f 396 453 395
f 396 454 453
f 397 454 396
f 397 455 454
f 398 455 397
f 398 456 455
f 399 456 398
f 399 457 456
f 400 457 399
f 400 458 457
f 401 458 400
f 401 459 458
f 402 459 401
f 402 460 459
f 403 460 402
f 403 461 460
f 404 461 403
f 404 462 461
f 405 462 404
f 405 463 462
f 406 463 405
f 406 464 463
f 407 464 406
f 407 465 464
f 408 465 407
f 408 466 465
f 409 466 408
f 415 470 469
f 416 470 415
f 416 471 470
f 417 471 416
f 417 472 471
f 418 472 417
f 418 473 472
f 419 473 418
f 419 474 473
f 420 474 419
f 420 475 474
f 421 475 420
f 421 476 475
f 422 476 421
f 422 477 476
f 423 477 422
f 423 478 477
f 424 478 423
f 424 479 478
f 425 479 424
f 425 480 479
f 426 480 425
f 426 481 480
f 427 481 426
f 427 482 481
f 428 482 427
f 428 483 482
f 429 483 428
f 429 484 483
f 430 484 429
f 430 485 484
f 431 485 430
f 431 486 485
f 432 486 431
f 432 487 486
f 433 487 432
f 433 488 487
f 434 488 433
f 434 489 488
f 435 489 434
f 435 490 489
f 436 490 435
f 436 491 490
f 439 493 438
f 439 494 493
f 440 494 439
f 440 495 494
f 441 495 440
f 441 496 495
f 442 496 441
f 442 497 496
f 443 497 442
f 443 498 497
f 444 498 443
f 444 499 498
f 445 499 444
f 445 500 499
f 447 503 446
f 447 504 503
f 448 504 447
f 448 505 504
f 449 505 448
f 449 506 505
f 450 506 449
f 450 507 506
f 451 507 450
f 451 508 507
f 452 508 451
f 452 509 508
f 453 509 452
f 453 510 509
f 454 510 453
f 454 511 510
f 455 511 454
f 455 512 511
f 456 512 455
f 456 513 512
f 457 513 456
f 457 514 513
f 458 514 457
f 458 515 514
f 459 515 458
f 459 516 515
f 460 516 459
f 460 517 516
f 461 517 460
f 461 518 517
f 462 518 461
f 462 519 518
f 463 519 462
f 463 520 519
f 464 520 463
f 464 521 520
f 465 521 464
f 465 522 521
f 466 522 465
f 467 525 524
f 468 525 467
f 475 533 474
f 475 534 533
f 476 534 475
f 476 535 534
f 477 535 476
f 477 536 535
f 478 536 477
f 478 537 536
f 479 537 478
f 479 538 537
f 480 538 479
f 480 539 538
f 481 539 480
f 481 540 539
f 482 540 481
f 482 541 540
f 483 541 482
f 483 542 541
f 484 542 483
f 484 543 542
f 485 543 484
f 485 544 543
f 486 544 485
f 486 545 544
f 487 545 486
f 487 546 545
f 488 546 487
f 488 547 546
f 489 547 488
f 489 548 547
f 490 548 489
f 490 549 548
f 491 549 490
f 491 550 549
f 492 550 491
f 492 551 550
f 496 554 495
f 496 555 554
f 497 555 496
f 497 556 555
f 498 556 497
f 498 557 556
f 499 557 498
f 499 558 557
f 500 558 499
f 500 559 558
f 501 559 500
f 501 560 559
f 502 560 501
f 502 561 560
f 504 564 503
f 504 565 564
f 505 565 504
f 505 566 565
f 506 566 505
f 506 567 566
f 507 567 506
f 507 568 567
f 508 568 507
f 508 569 568
f 509 569 508
f 509 570 569
f 510 570 509
f 510 571 570
f 511 571 510
f 511 572 571
f 512 572 511
f 512 573 572
f 513 573 512
f 513 574 573
f 514 574 513
f 514 575 574
f 515 575 514
f 515 576 575
f 516 576 515
f 516 577 576
f 517 577 516
f 517 578 577
f 518 578 517
f 518 579 578
f 519 579 518
f 523 585 584
f 524 585 523
f 524 586 585
f 525 586 524
f 525 587 586
f 527 588 526
f 527 589 588
f 528 589 527
f 528 590 589
f 529 590 528
f 529 591 590
f 530 591 529
f 530 592 591
f 531 592 530
f 531 593 592
f 532 593 531
f 532 594 593
f 536 597 535
f 536 598 597
f 537 598 536
f 537 599 598
f 538 599 537
f 538 600 599
f 539 600 538
f 539 601 600
f 540 601 539
f 540 602 601
f 541 602 540
f 541 603 602
f 542 603 541
f 542 604 603
f 543 604 542
f 543 605 604
f 544 605 543
f 544 606 605
f 545 606 544
f 545 607 606
f 546 607 545
f 546 608 607
f 547 608 546
f 547 609 608
f 548 609 547
f 548 610 609
f 549 610 548
f 549 611 610
f 550 611 549
f 550 612 611
f 551 612 550
f 551 613 612
f 552 613 551
f 552 614 613
f 553 614 552
f 553 615 614
f 556 617 555
f 556 618 617
f 557 618 556
f 557 619 618
f 558 619 557
f 558 620 619
f 559 620 558
f 559 621 620
f 560 621 559
f 560 622 621
f 561 622 560
f 561 623 622
f 562 623 561
f 562 624 623
f 563 624 562
f 563 625 624
f 565 634 564
f 565 635 634
f 566 635 565
f 566 636 635
f 567 636 566
f 567 637 636
f 568 637 567
f 568 638 637
f 569 638 568
f 569 639 638
f 570 639 569
f 570 640 639
f 571 640 570
f 571 641 640
f 572 641 571
f 572 642 641
f 573 642 572
f 573 643 642
f 574 643 573
f 574 644 643
f 575 644 574
f 575 645 644
f 576 645 575
f 576 646 645
f 577 646 576
f 577 647 646
f 578 647 577
f 580 650 649
f 581 650 580
f 581 651 650
f 582 651 581
f 582 652 651
f 583 652 582
f 583 653 652
f 584 653 583
f 584 654 653
f 585 654 584
f 585 655 654
f 586 655 585
f 586 656 655
f 587 656 586
f 588 658 657
f 589 658 588
f 589 659 658
f 590 659 589
f 590 660 659
f 591 660 590
f 591 661 660
f 592 661 591
f 592 662 661
f 593 662 592
f 593 663 662
f 594 663 593
f 594 664 663
f 595 664 594
f 595 665 664
f 596 665 595
f 596 666 665
f 599 668 598
f 599 669 668
f 600 669 599
f 600 670 669
f 601 670 600
f 601 671 670
f 602 671 601
f 602 672 671
f 603 672 602
f 603 673 672
f 604 673 603
f 604 674 673
f 605 674 604
f 605 675 674
f 606 675 605
f 606 676 675
f 607 676 606
f 607 677 676
f 608 677 607
f 608 678 677
f 609 678 608
f 609 679 678
f 610 679 609
f 610 680 679
f 611 680 610
f 611 681 680
f 612 681 611
f 612 682 681
f 613 682 612
f 613 683 682
f 614 683 613
f 614 684 683
f 615 684 614
f 615 685 684
f 616 685 615
f 616 686 685
f 619 687 618
f 619 688 687
f 620 688 619
f 620 689 688
f 621 689 620
f 621 690 689
f 622 690 621
f 622 691 690
f 623 691 622
f 623 692 691
f 624 692 623
f 624 693 692
f 625 693 624
f 625 694 693
f 626 694 625
f 626 695 694
f 627 695 626
f 627 696 695
f 628 704 703
f 629 704 628
f 629 705 704
f 630 705 629
f 630 706 705
f 631 706 630
f 631 707 706
f 632 707 631
f 632 708 707
f 633 708 632
f 633 709 708
f 635 712 634
f 635 713 712
f 636 713 635
f 636 714 713
f 637 714 636
f 637 715 714
f 638 715 637
f 638 716 715
f 639 716 638
f 639 717 716
f 640 717 639
f 640 718 717
f 641 718 640
f 641 719 718
f 642 719 641
f 642 720 719
f 643 720 642
f 643 721 720
f 644 721 643
f 648 726 725
f 649 726 648
f 649 727 726
f 650 727 649
f 650 728 727
f 651 728 650
f 651 729 728
f 652 729 651
f 652 730 729
f 653 730 652
f 653 731 730
f 654 731 653
f 654 732 731
f 655 732 654
f 655 733 732
f 656 733 655
f 656 734 733
f 658 735 657
f 658 736 735
f 659 736 658
f 659 737 736
f 660 737 659
f 660 738 737
f 661 738 660
f 661 739 738
f 662 739 661
f 662 740 739
f 663 740 662
f 663 741 740
f 664 741 663
f 664 742 741
f 665 742 664
f 665 743 742
f 666 743 665
f 666 744 743
f 667 744 666
f 667 745 744
f 671 748 670
f 671 749 748
f 672 749 671
f 672 750 749
f 673 750 672
f 673 751 750
f 674 751 673
f 674 752 751
f 675 752 674
f 675 753 752
f 676 753 675
f 676 754 753
f 677 754 676
f 677 755 754
f 678 755 677
f 678 756 755
f 679 756 678
f 679 757 756
f 680 757 679
f 680 758 757
f 681 758 680
f 681 759 758
f 682 759 681
f 682 760 759
f 683 760 682
f 683 761 760
f 684 761 683
f 684 762 761
f 685 762 684
f 685 763 762
f 686 763 685
f 686 764 763
f 688 766 687
f 688 767 766
f 689 767 688
f 689 768 767
f 690 768 689
f 690 769 768
f 691 769 690
f 691 770 769
f 692 770 691
f 692 771 770
f 693 771 692
f 693 772 771
f 694 772 693
f 694 773 772
f 695 773 694
f 695 774 773
f 696 774 695
f 696 775 774
f 697 775 696
f 697 776 775
f 699 779 698
f 699 780 779
f 700 780 699
f 700 781 780
f 701 781 700
f 703 785 702
f 703 786 785
f 704 786 703
f 704 787 786
f 705 787 704
f 705 788 787
f 706 788 705
f 706 789 788
f 707 789 706
f 707 790 789
f 708 790 707
f 708 791 790
f 709 791 708
f 709 792 791
f 710 792 709
f 710 793 792
f 711 793 710
f 711 794 793
f 713 797 712
f 713 798 797
f 714 798 713
f 714 799 798
f 715 799 714
f 715 800 799
f 716 800 715
f 716 801 800
f 717 801 716
f 717 802 801
f 718 802 717
f 718 803 802
f 719 803 718
f 719 804 803
f 720 804 719
f 722 807 806
f 723 807 722
f 723 808 807
f 724 809 808
f 725 809 724
f 725 810 809
f 726 810 725
f 726 811 810
f 727 811 726
f 727 812 811
f 728 812 727
f 728 813 812
f 729 813 728
f 729 814 813
f 730 814 729
f 730 815 814
f 731 815 730
f 731 816 815
f 732 816 731
f 732 817 816
f 733 817 732
f 733 818 817
f 734 818 733
f 735 820 819
f 736 820 735
f 736 821 820
f 737 821 736
f 737 822 821
f 738 822 737
f 738 823 822
f 739 823 738
f 739 824 823
f 740 824 739
f 740 825 824
f 741 825 740
f 741 826 825
f 742 826 741
f 742 827 826
f 743 827 742
f 743 828 827
f 744 828 743
f 744 829 828
f 745 829 744
f 745 830 829
f 746 830 745
f 746 831 830
f 747 831 746
f 747 832 831
f 750 834 749
f 750 835 834
f 751 835 750
f 751 836 835
f 752 836 751
f 752 837 836
f 753 837 752
f 753 838 837
f 754 838 753
f 754 839 838
f 755 839 754
f 755 840 839
f 756 840 755
f 756 841 840
f 757 841 756
f 757 842 841
f 758 842 757
f 758 843 842
f 759 843 758
f 759 844 843
f 760 844 759
f 760 845 844
f 761 845 760
f 761 846 845
f 762 846 761
f 762 847 846
f 763 847 762
f 763 848 847
f 764 848 763
f 764 849 848
f 765 849 764
f 765 850 849
f 767 851 766
f 767 852 851
f 768 852 767
f 768 853 852
f 769 853 768
f 769 854 853
f 770 854 769
f 770 855 854
f 771 855 770
f 771 856 855
f 772 856 771
f 772 857 856
f 773 857 772
f 773 858 857
f 774 858 773
f 774 859 858
f 775 859 774
f 775 860 859
f 776 860 775
f 776 861 860
f 777 861 776
f 777 862 861
f 778 862 777
f 778 863 862
f 779 867 866
f 780 867 779
f 780 868 867
f 781 868 780
f 782 870 869
f 783 870 782
f 783 871 870
f 784 871 783
f 784 872 871
f 788 876 875
f 789 876 788
f 789 877 876
f 790 877 789
f 790 878 877
f 791 878 790
f 791 879 878
f 792 879 791
f 792 880 879
f 793 880 792
f 793 881 880
f 794 881 793
f 794 882 881
f 795 882 794
f 795 883 882
f 796 883 795
f 796 884 883
f 798 887 797
f 798 888 887
f 799 888 798
f 799 889 888
f 800 889 799
f 800 890 889
f 801 890 800
f 801 891 890
f 802 891 801
f 802 892 891
f 803 892 802
f 803 893 892
f 804 893 803
f 805 895 894
f 806 895 805
f 806 896 895
f 807 896 806
f 807 897 896
f 808 897 807
f 808 898 897
f 809 898 808
f 809 899 898
f 810 899 809
f 810 900 899
f 811 900 810
f 811 901 900
f 812 901 811
f 812 902 901
f 813 902 812
f 813 903 902
f 814 903 813
f 814 904 903
f 815 904 814
f 815 905 904
f 816 905 815
f 816 906 905
f 817 906 816
f 817 907 906
f 818 907 817
f 818 908 907
f 821 910 820
f 821 911 910
f 822 911 821
f 822 912 911
f 823 912 822
f 823 913 912
f 824 913 823
f 824 914 913
f 825 914 824
f 825 915 914
f 826 915 825
f 826 916 915
f 827 916 826
f 827 917 916
f 828 917 827
f 828 918 917
f 829 918 828
f 829 919 918
f 830 919 829
f 830 920 919
f 831 920 830
f 831 921 920
f 832 921 831
f 832 922 921
f 833 922 832
f 833 923 922
f 836 925 835
f 836 926 925
f 837 926 836
f 837 927 926
f 838 927 837
f 838 928 927
f 839 928 838
f 839 929 928
f 840 929 839
f 840 930 929
f 841 930 840
f 841 931 930
f 842 931 841
f 842 932 931
f 843 932 842
f 843 933 932
f 844 933 843
f 844 934 933
f 845 934 844
f 845 935 934
f 846 935 845
f 846 936 935
f 847 936 846
f 847 937 936
f 848 937 847
f 848 938 937
f 849 938 848
f 849 939 938
f 850 939 849
f 850 940 939
f 852 941 851
f 852 942 941
f 853 942 852
f 853 943 942
f 854 943 853
f 854 944 943
f 855 944 854
f 855 945 944
f 856 945 855
f 856 946 945
f 857 946 856
f 857 947 946
f 858 947 857
f 858 948 947
f 859 948 858
f 859 949 948
f 860 949 859
f 860 950 949
f 861 950 860
f 861 951 950
f 862 951 861
f 862 952 951
f 863 952 862
f 863 953 952
f 864 953 863
f 864 954 953
f 865 954 864
f 865 955 954
f 866 960 959
f 867 960 866
f 867 961 960
f 868 961 867
f 870 962 869
f 870 963 962
f 871 963 870
f 871 964 963
f 872 964 871
f 872 965 964
f 873 965 872
f 873 966 965
f 874 966 873
f 874 967 966
f 875 967 874
f 875 968 967
f 878 971 970
f 879 971 878
f 879 972 971
f 880 972 879
f 880 973 972
f 881 973 880
f 881 974 973
f 882 974 881
f 882 975 974
f 883 975 882
f 883 976 975
f 884 976 883
f 884 977 976
f 885 977 884
f 885 978 977
f 886 978 885
f 886 979 978
f 889 981 888
f 889 982 981
f 890 982 889
f 890 983 982
f 891 983 890
f 891 984 983
f 892 984 891
f 892 985 984
f 893 985 892
f 894 987 986
f 895 987 894
f 895 988 987
f 896 988 895
f 896 989 988
f 897 989 896
f 897 990 989
f 898 990 897
f 898 991 990
f 899 991 898
f 899 992 991
f 900 992 899
f 900 993 992
f 901 993 900
f 901 994 993
f 902 994 901
f 902 995 994
f 903 995 902
f 903 996 995
f 904 996 903
f 904 997 996
f 905 997 904
f 905 998 997
f 906 998 905
f 906 999 998
f 907 999 906
f 907 1000 999
f 908 1000 907
f 908 1001 1000
f 909 1001 908
f 909 1002 1001
f 911 1003 910
f 911 1004 1003
f 912 1004 911
f 912 1005 1004
f 913 1005 912
f 913 1006 1005
f 914 1006 913
f 914 1007 1006
f 915 1007 914
f 915 1008 1007
f 916 1008 915
f 916 1009 1008
f 917 1009 916
f 917 1010 1009
f 918 1010 917
f 918 1011 1010
f 919 1011 918
f 919 1012 1011
f 920 1012 919
f 920 1013 1012
f 921 1013 920
f 921 1014 1013
f 922 1014 921
f 922 1015 1014
f 923 1015 922
f 923 1016 1015
f 924 1016 923
f 924 1017 1016
f 927 1019 926
f 927 1020 1019
f 928 1020 927
f 928 1021 1020
f 929 1021 928
f 929 1022 1021
f 930 1022 929
f 930 1023 1022
f 931 1023 930
f 931 1024 1023
f 932 1024 931
f 932 1025 1024
f 933 1025 932
f 933 1026 1025
f 934 1026 933
f 934 1027 1026
f 935 1027 934
f 935 1028 1027
f 936 1028 935
f 936 1029 1028
f 937 1029 936
f 937 1030 1029
f 938 1030 937
f 938 1031 1030
f 939 1031 938
f 939 1032 1031
f 940 1032 939
f 940 1033 1032
f 942 1034 941
f 942 1035 1034
f 943 1035 942
f 943 1036 1035
f 944 1036 943
f 944 1037 1036
f 945 1037 944
f 945 1038 1037
f 946 1038 945
f 946 1039 1038
f 947 1039 946
f 947 1040 1039
f 948 1040 947
f 948 1041 1040
f 949 1041 948
f 949 1042 1041
f 950 1042 949
f 956 1044 1043
f 957 1044 956
f 957 1045 1044
f 958 1045 957
f 958 1046 1045
f 960 1047 959
f 962 1049 1048
f 963 1049 962
f 963 1050 1049
f 964 1050 963
f 964 1051 1050
f 965 1051 964
f 965 1052 1051
f 966 1052 965
f 966 1053 1052
f 967 1053 966
f 967 1054 1053
f 968 1054 967
f 968 1055 1054
f 969 1055 968
f 969 1056 1055
f 970 1056 969
f 970 1057 1056
f 971 1057 970
f 972 1059 1058
f 973 1059 972
f 973 1060 1059
f 974 1060 973
f 974 1061 1060
f 975 1061 974
f 975 1062 1061
f 976 1062 975
f 976 1063 1062
f 977 1063 976
f 977 1064 1063
f 978 1064 977
f 978 1065 1064
f 979 1065 978
f 979 1066 1065
f 980 1066 979
f 980 1067 1066
f 982 1069 981
f 982 1070 1069
f 983 1070 982
f 983 1071 1070
f 984 1071 983
f 984 1072 1071
f 985 1072 984
f 986 1074 1073
f 987 1074 986
f 987 1075 1074
f 988 1075 987
f 988 1076 1075
f 989 1076 988
f 989 1077 1076
f 990 1077 989
f 990 1078 1077
f 991 1078 990
f 991 1079 1078
f 992 1079 991
f 992 1080 1079
f 993 1080 992
f 993 1081 1080
f 994 1081 993
f 994 1082 1081
f 995 1082 994
f 995 1083 1082
f 996 1083 995
f 996 1084 1083
f 997 1084 996
f 997 1085 1084
f 998 1085 997
f 998 1086 1085
f 999 1086 998
f 999 1087 1086
f 1000 1087 999
f 1000 1088 1087
f 1001 1088 1000
f 1001 1089 1088
f 1002 1089 1001
f 1002 1090 1089
f 1005 1092 1004
f 1005 1093 1092
f 1006 1093 1005
f 1006 1094 1093
f 1007 1094 1006
f 1007 1095 1094
f 1008 1095 1007
f 1008 1096 1095
f 1009 1096 1008
f 1009 1097 1096
f 1010 1097 1009
f 1010 1098 1097
f 1011 1098 1010
f 1011 1099 1098
f 1012 1099 1011
f 1012 1100 1099
f 1013 1100 1012
f 1013 1101 1100
f 1014 1101 1013
f 1014 1102 1101
f 1015 1102 1014
f 1015 1103 1102
f 1016 1103 1015
f 1016 1104 1103
f 1017 1104 1016
f 1017 1105 1104
f 1018 1105 1017
f 1018 1106 1105
f 1021 1108 1020
f 1021 1109 1108
f 1022 1109 1021
f 1022 1110 1109
f 1023 1110 1022
f 1023 1111 1110
f 1024 1111 1023
f 1024 1112 1111
f 1025 1112 1024
f 1025 1113 1112
f 1026 1113 1025
f 1026 1114 1113
f 1027 1114 1026
f 1027 1115 1114
f 1028 1115 1027
f 1028 1116 1115
f 1029 1116 1028
f 1029 1117 1116
f 1030 1117 1029
f 1030 1118 1117
f 1031 1118 1030
f 1031 1119 1118
f 1032 1119 1031
f 1032 1120 1119
f 1033 1120 1032
f 1033 1121 1120
f 1035 1122 1034
f 1035 1123 1122
f 1036 1123 1035
f 1036 1124 1123
f 1037 1124 1036
f 1037 1125 1124
f 1038 1125 1037
f 1038 1126 1125
f 1039 1126 1038
f 1039 1127 1126
f 1040 1127 1039
f 1048 1130 1129
f 1049 1130 1048
f 1049 1131 1130
f 1050 1131 1049
f 1050 1132 1131
f 1051 1132 1050
f 1051 1133 1132
f 1052 1133 1051
f 1052 1134 1133
f 1053 1134 1052
f 1053 1135 1134
f 1054 1135 1053
f 1054 1136 1135
f 1055 1136 1054
f 1055 1137 1136
f 1056 1137 1055
f 1056 1138 1137
f 1057 1138 1056
f 1057 1139 1138
f 1058 1139 1057
f 1058 1140 1139
f 1059 1140 1058
f 1059 1141 1140
f 1060 1141 1059
f 1060 1142 1141
f 1061 1142 1060
f 1061 1143 1142
f 1062 1143 1061
f 1062 1144 1143
f 1063 1144 1062
f 1063 1145 1144
f 1064 1145 1063
f 1064 1146 1145
f 1065 1146 1064
f 1065 1147 1146
f 1066 1147 1065
f 1066 1148 1147
f 1067 1148 1066
f 1067 1149 1148
f 1068 1149 1067
f 1068 1150 1149
f 1071 1152 1070
f 1071 1153 1152
f 1072 1153 1071
f 1073 1155 1154
f 1074 1155 1073
f 1074 1156 1155
f 1075 1156 1074
f 1075 1157 1156
f 1076 1157 1075
f 1076 1158 1157
f 1077 1158 1076
f 1077 1159 1158
f 1078 1159 1077
f 1078 1160 1159
f 1079 1160 1078
f 1079 1161 1160
f 1080 1161 1079
f 1080 1162 1161
f 1081 1162 1080
f 1081 1163 1162
f 1082 1163 1081
f 1082 1164 1163
f 1083 1164 1082
f 1083 1165 1164
f 1084 1165 1083
f 1084 1166 1165
f 1085 1166 1084
f 1085 1167 1166
f 1086 1167 1085
f 1086 1168 1167
f 1087 1168 1086
f 1087 1169 1168
f 1088 1169 1087
f 1088 1170 1169
f 1089 1170 1088
f 1089 1171 1170
f 1090 1171 1089
f 1090 1172 1171
f 1091 1172 1090
f 1091 1173 1172
f 1093 1174 1092
f 1093 1175 1174
f 1094 1175 1093
f 1094 1176 1175
f 1095 1176 1094
f 1095 1177 1176
f 1096 1177 1095
f 1096 1178 1177
f 1097 1178 1096
f 1097 1179 1178
f 1098 1179 1097
f 1098 1180 1179
f 1099 1180 1098
f 1099 1181 1180
f 1100 1181 1099
f 1100 1182 1181
f 1101 1182 1100
f 1101 1183 1182
f 1102 1183 1101
f 1102 1184 1183
f 1103 1184 1102
f 1103 1185 1184
f 1104 1185 1103
f 1104 1186 1185
f 1105 1186 1104
f 1105 1187 1186
f 1106 1187 1105
f 1106 1188 1187
f 1107 1188 1106
f 1107 1189 1188
f 1110 1191 1109
f 1110 1192 1191
f 1111 1192 1110
f 1111 1193 1192
f 1112 1193 1111
f 1112 1194 1193
f 1113 1194 1112
f 1113 1195 1194
f 1114 1195 1113
f 1114 1196 1195
f 1115 1196 1114
f 1115 1197 1196
f 1116 1197 1115
f 1116 1198 1197
f 1117 1198 1116
f 1117 1199 1198
f 1118 1199 1117
f 1118 1200 1199
f 1119 1200 1118
f 1119 1201 1200
f 1120 1201 1119
f 1120 1202 1201
f 1121 1202 1120
f 1121 1203 1202
f 1128 1219 1218
f 1129 1219 1128
f 1129 1220 1219
f 1130 1220 1129
f 1130 1221 1220
f 1131 1221 1130
f 1131 1222 1221
f 1132 1222 1131
f 1132 1223 1222
f 1133 1223 1132
f 1133 1224 1223
f 1134 1224 1133
f 1134 1225 1224
f 1135 1225 1134
f 1135 1226 1225
f 1136 1226 1135
f 1136 1227 1226
f 1137 1227 1136
f 1137 1228 1227
f 1138 1228 1137
f 1138 1229 1228
f 1139 1229 1138
f 1139 1230 1229
f 1140 1230 1139
f 1140 1231 1230
f 1141 1231 1140
f 1141 1232 1231
f 1142 1232 1141
f 1142 1233 1232
f 1143 1233 1142
f 1143 1234 1233
f 1144 1234 1143
f 1144 1235 1234
f 1145 1235 1144
f 1145 1236 1235
f 1146 1236 1145
f 1146 1237 1236
f 1147 1237 1146
f 1147 1238 1237
f 1148 1238 1147
f 1148 1239 1238
f 1149 1239 1148
f 1149 1240 1239
f 1150 1240 1149
f 1150 1241 1240
f 1151 1241 1150
f 1151 1242 1241
f 1153 1245 1152
f 1153 1246 1245
f 1155 1247 1154
f 1155 1248 1247
f 1156 1248 1155
f 1156 1249 1248
f 1157 1249 1156
f 1157 1250 1249
f 1158 1250 1157
f 1158 1251 1250
f 1159 1251 1158
f 1159 1252 1251
f 1160 1252 1159
f 1160 1253 1252
f 1161 1253 1160
f 1161 1254 1253
f 1162 1254 1161
f 1162 1255 1254
f 1163 1255 1162
f 1163 1256 1255
f 1164 1256 1163
f 1164 1257 1256
f 1165 1257 1164
f 1165 1258 1257
f 1166 1258 1165
f 1166 1259 1258
f 1167 1259 1166
f 1167 1260 1259
f 1168 1260 1167
f 1168 1261 1260
f 1169 1261 1168
f 1169 1262 1261
f 1170 1262 1169
f 1170 1263 1262
f 1171 1263 1170
f 1171 1264 1263
f 1172 1264 1171
f 1172 1265 1264
f 1173 1265 1172
f 1173 1266 1265
f 1175 1267 1174
f 1175 1268 1267
f 1176 1268 1175
f 1176 1269 1268
f 1177 1269 1176
f 1177 1270 1269
f 1178 1270 1177
f 1178 1271 1270
f 1179 1271 1178
f 1179 1272 1271
f 1180 1272 1179
f 1180 1273 1272
f 1181 1273 1180
f 1181 1274 1273
f 1182 1274 1181
f 1182 1275 1274
f 1183 1275 1182
f 1183 1276 1275
f 1184 1276 1183
f 1184 1277 1276
f 1185 1277 1184
f 1185 1278 1277
f 1186 1278 1185
f 1186 1279 1278
f 1187 1279 1186
f 1187 1280 1279
f 1188 1280 1187
f 1188 1281 1280
f 1189 1281 1188
f 1189 1282 1281
f 1190 1282 1189
f 1190 1283 1282
f 1193 1285 1192
f 1193 1286 1285
f 1194 1286 1193
f 1194 1287 1286
f 1195 1287 1194
f 1195 1288 1287
f 1196 1288 1195
f 1196 1289 1288
f 1197 1289 1196
f 1197 1290 1289
f 1198 1290 1197
f 1198 1291 1290
f 1199 1291 1198
f 1199 1292 1291
f 1200 1292 1199
f 1200 1293 1292
f 1201 1293 1200
f 1201 1294 1293
f 1202 1294 1201
f 1202 1295 1294
f 1203 1295 1202
f 1203 1296 1295
f 1204 1296 1203
f 1204 1297 1296
f 1205 1299 1298
f 1206 1299 1205
f 1206 1300 1299
f 1207 1300 1206
f 1207 1301 1300
f 1208 1301 1207
f 1208 1302 1301
f 1209 1302 1208
f 1209 1303 1302
f 1210 1303 1209
f 1210 1304 1303
f 1211 1304 1210
f 1211 1305 1304
f 1212 1305 1211
f 1212 1306 1305
f 1213 1306 1212
f 1213 1307 1306
f 1214 1307 1213
f 1214 1308 1307
f 1215 1308 1214
f 1215 1309 1308
f 1216 1309 1215
f 1216 1310 1309
f 1217 1310 1216
f 1217 1311 1310
f 1219 1314 1218
f 1219 1315 1314
f 1220 1315 1219
f 1220 1316 1315
f 1221 1316 1220
f 1221 1317 1316
f 1222 1317 1221
f 1222 1318 1317
f 1223 1318 1222
f 1223 1319 1318
f 1224 1319 1223
f 1224 1320 1319
f 1225 1320 1224
f 1225 1321 1320
f 1226 1321 1225
f 1226 1322 1321
f 1227 1322 1226
f 1227 1323 1322
f 1228 1323 1227
f 1228 1324 1323
f 1229 1324 1228
f 1229 1325 1324
f 1230 1325 1229
f 1230 1326 1325
f 1231 1326 1230
f 1231 1327 1326
f 1232 1327 1231
f 1232 1328 1327
f 1233 1328 1232
f 1233 1329 1328
f 1234 1329 1233
f 1234 1330 1329
f 1235 1330 1234
f 1235 1331 1330
f 1236 1331 1235
f 1236 1332 1331
f 1237 1332 1236
f 1237 1333 1332
f 1238 1333 1237
f 1238 1334 1333
f 1239 1334 1238
f 1239 1335 1334
f 1240 1335 1239
f 1240 1336 1335
f 1241 1336 1240
f 1241 1337 1336
f 1242 1337 1241
f 1242 1338 1337
f 1243 1338 1242
f 1243 1339 1338
f 1244 1339 1243
f 1244 1340 1339
f 1246 1342 1245
f 1247 1344 1343
f 1248 1344 1247
f 1248 1345 1344
f 1249 1345 1248
f 1249 1346 1345
f 1250 1346 1249
f 1250 1347 1346
f 1251 1347 1250
f 1251 1348 1347
f 1252 1348 1251
f 1252 1349 1348
f 1253 1349 1252
f 1253 1350 1349
f 1254 1350 1253
f 1254 1351 1350
f 1255 1351 1254
f 1255 1352 1351
f 1256 1352 1255
f 1256 1353 1352
f 1257 1353 1256
f 1257 1354 1353
f 1258 1354 1257
f 1258 1355 1354
f 1259 1355 1258
f 1259 1356 1355
f 1260 1356 1259
f 1260 1357 1356
f 1261 1357 1260
f 1261 1358 1357
f 1262 1358 1261
f 1262 1359 1358
f 1263 1359 1262
f 1263 1360 1359
f 1264 1360 1263
f 1264 1361 1360
f 1265 1361 1264
f 1265 1362 1361
f 1266 1362 1265
f 1266 1363 1362
f 1269 1365 1268
f 1269 1366 1365
f 1270 1366 1269
f 1270 1367 1366
f 1271 1367 1270
f 1271 1368 1367
f 1272 1368 1271
f 1272 1369 1368
f 1273 1369 1272
f 1273 1370 1369
f 1274 1370 1273
f 1274 1371 1370
f 1275 1371 1274
f 1275 1372 1371
f 1276 1372 1275
f 1276 1373 1372
f 1277 1373 1276
f 1277 1374 1373
f 1278 1374 1277
f 1278 1375 1374
f 1279 1375 1278
f 1279 1376 1375
f 1280 1376 1279
f 1280 1377 1376
f 1281 1377 1280
f 1281 1378 1377
f 1282 1378 1281
f 1282 1379 1378
f 1283 1379 1282
f 1283 1380 1379
f 1284 1380 1283
f 1284 1381 1380
f 1288 1383 1287
f 1288 1384 1383
f 1289 1384 1288
f 1289 1385 1384
f 1290 1385 1289
f 1290 1386 1385
f 1291 1386 1290
f 1291 1387 1386
f 1292 1387 1291
f 1292 1388 1387
f 1293 1388 1292
f 1293 1389 1388
f 1294 1389 1293
f 1294 1390 1389
f 1295 1390 1294
f 1295 1391 1390
f 1296 1391 1295
f 1296 1392 1391
f 1297 1392 1296
f 1297 1393 1392
f 1299 1394 1298
f 1299 1395 1394
f 1300 1395 1299
f 1300 1396 1395
f 1301 1396 1300
f 1301 1397 1396
f 1302 1397 1301
f 1302 1398 1397
f 1303 1398 1302
f 1303 1399 1398
f 1304 1399 1303
f 1304 1400 1399
f 1305 1400 1304
f 1305 1401 1400
f 1306 1401 1305
f 1306 1402 1401
f 1307 1402 1306
f 1307 1403 1402
f 1308 1403 1307
f 1308 1404 1403
f 1309 1404 1308
f 1309 1405 1404
f 1310 1405 1309
f 1310 1406 1405
f 1311 1406 1310
f 1311 1407 1406
f 1312 1407 1311
f 1312 1408 1407
f 1313 1408 1312
f 1315 1414 1314
f 1315 1415 1414
f 1316 1415 1315
f 1316 1416 1415
f 1317 1416 1316
f 1317 1417 1416
f 1318 1417 1317
f 1318 1418 1417
f 1319 1418 1318
f 1319 1419 1418
f 1320 1419 1319
f 1320 1420 1419
f 1321 1420 1320
f 1321 1421 1420
f 1322 1421 1321
f 1322 1422 1421
f 1323 1422 1322
f 1323 1423 1422
f 1324 1423 1323
f 1324 1424 1423
f 1325 1424 1324
f 1325 1425 1424
f 1326 1425 1325
f 1326 1426 1425
f 1327 1426 1326
f 1327 1427 1426
f 1328 1427 1327
f 1328 1428 1427
f 1329 1428 1328
f 1329 1429 1428
f 1330 1429 1329
f 1330 1430 1429
f 1331 1430 1330
f 1331 1431 1430
f 1332 1431 1331
f 1332 1432 1431
f 1333 1432 1332
f 1333 1433 1432
f 1334 1433 1333
f 1334 1434 1433
f 1335 1434 1334
f 1335 1435 1434
f 1336 1435 1335
f 1336 1436 1435
f 1337 1436 1336
f 1337 1437 1436
f 1338 1437 1337
f 1338 1438 1437
f 1339 1438 1338
f 1339 1439 1438
f 1340 1439 1339
f 1340 1440 1439
f 1341 1440 1340
f 1341 1441 1440
f 1344 1443 1343
f 1344 1444 1443
f 1345 1444 1344
f 1345 1445 1444
f 1346 1445 1345
f 1346 1446 1445
f 1347 1446 1346
f 1347 1447 1446
f 1348 1447 1347
f 1348 1448 1447
f 1349 1448 1348
f 1349 1449 1448
f 1350 1449 1349
f 1350 1450 1449
f 1351 1450 1350
f 1351 1451 1450
f 1352 1451 1351
f 1352 1452 1451
f 1353 1452 1352
f 1353 1453 1452
f 1354 1453 1353
f 1354 1454 1453
f 1355 1454 1354
f 1355 1455 1454
f 1356 1455 1355
f 1356 1456 1455
f 1357 1456 1356
f 1357 1457 1456
f 1358 1457 1357
f 1358 1458 1457
f 1359 1458 1358
f 1359 1459 1458
f 1360 1459 1359
f 1360 1460 1459
f 1361 1460 1360
f 1361 1461 1460
f 1362 1461 1361
f 1362 1462 1461
f 1363 1462 1362
f 1363 1463 1462
f 1364 1463 1363
f 1364 1464 1463
f 1367 1466 1366
f 1367 1467 1466
f 1368 1467 1367
f 1368 1468 1467
f 1369 1468 1368
f 1369 1469 1468
f 1370 1469 1369
f 1370 1470 1469
f 1371 1470 1370
f 1371 1471 1470
f 1372 1471 1371
f 1372 1472 1471
f 1373 1472 1372
f 1373 1473 1472
f 1374 1473 1373
f 1374 1474 1473
f 1375 1474 1374
f 1375 1475 1474
f 1376 1475 1375
f 1376 1476 1475
f 1377 1476 1376
f 1377 1477 1476
f 1378 1477 1377
f 1378 1478 1477
f 1379 1478 1378
f 1379 1479 1478
f 1380 1479 1379
f 1380 1480 1479
f 1381 1480 1380
f 1381 1481 1480
f 1382 1481 1381
f 1382 1482 1481
f 1386 1485 1385
f 1386 1486 1485
f 1387 1486 1386
f 1387 1487 1486
f 1388 1487 1387
f 1388 1488 1487
f 1389 1488 1388
f 1389 1489 1488
f 1390 1489 1389
f 1390 1490 1489
f 1391 1490 1390
f 1391 1491 1490
f 1392 1491 1391
f 1392 1492 1491
f 1393 1492 1392
f 1393 1493 1492
f 1396 1495 1395
f 1396 1496 1495
f 1397 1496 1396
f 1397 1497 1496
f 1398 1497 1397
f 1398 1498 1497
f 1399 1498 1398
f 1399 1499 1498
f 1400 1499 1399
f 1400 1500 1499
f 1401 1500 1400
f 1401 1501 1500
f 1402 1501 1401
f 1402 1502 1501
f 1403 1502 1402
f 1403 1503 1502
f 1404 1503 1403
f 1404 1504 1503
f 1405 1504 1404
f 1405 1505 1504
f 1406 1505 1405
f 1406 1506 1505
f 1407 1506 1406
f 1407 1507 1506
f 1408 1507 1407
f 1408 1508 1507
f 1409 1508 1408
f 1409 1509 1508
f 1410 1509 1409
f 1410 1510 1509
f 1412 1511 1411
f 1412 1512 1511
f 1413 1512 1412
f 1415 1515 1414
f 1415 1516 1515
f 1416 1516 1415
f 1416 1517 1516
f 1417 1517 1416
f 1417 1518 1517
f 1418 1518 1417
f 1418 1519 1518
f 1419 1519 1418
f 1419 1520 1519
f 1420 1520 1419
f 1420 1521 1520
f 1421 1521 1420
f 1421 1522 1521
f 1422 1522 1421
f 1422 1523 1522
f 1423 1523 1422
f 1423 1524 1523
f 1424 1524 1423
f 1424 1525 1524
f 1425 1525 1424
f 1425 1526 1525
f 1426 1526 1425
f 1426 1527 1526
f 1427 1527 1426
f 1427 1528 1527
f 1428 1528 1427
f 1428 1529 1528
f 1429 1529 1428
f 1429 1530 1529
f 1430 1530 1429
f 1430 1531 1530
f 1431 1531 1430
f 1431 1532 1531
f 1432 1532 1431
f 1432 1533 1532
f 1433 1533 1432
f 1433 1534 1533
f 1434 1534 1433
f 1434 1535 1534
f 1435 1535 1434
f 1435 1536 1535
f 1436 1536 1435
f 1436 1537 1536
f 1437 1537 1436
f 1437 1538 1537
f 1438 1538 1437
f 1438 1539 1538
f 1439 1539 1438
f 1439 1540 1539
f 1440 1540 1439
f 1440 1541 1540
f 1441 1541 1440
f 1441 1542 1541
f 1442 1542 1441
f 1442 1543 1542
f 1443 1547 1546
f 1444 1547 1443
f 1444 1548 1547
f 1445 1548 1444
f 1445 1549 1548
f 1446 1549 1445
f 1446 1550 1549
f 1447 1550 1446
f 1447 1551 1550
f 1448 1551 1447
f 1448 1552 1551
f 1449 1552 1448
f 1449 1553 1552
f 1450 1553 1449
f 1450 1554 1553
f 1451 1554 1450
f 1451 1555 1554
f 1452 1555 1451
f 1452 1556 1555
f 1453 1556 1452
f 1453 1557 1556
f 1454 1557 1453
f 1454 1558 1557
f 1455 1558 1454
f 1455 1559 1558
f 1456 1559 1455
f 1456 1560 1559
f 1457 1560 1456
f 1457 1561 1560
f 1458 1561 1457
f 1458 1562 1561
f 1459 1562 1458
f 1459 1563 1562
f 1460 1563 1459
f 1460 1564 1563
f 1461 1564 1460
f 1461 1565 1564
f 1462 1565 1461
f 1462 1566 1565
f 1463 1566 1462
f 1463 1567 1566
f 1464 1567 1463
f 1464 1568 1567
f 1465 1568 1464
f 1465 1569 1568
f 1467 1570 1466
f 1467 1571 1570
f 1468 1571 1467
f 1468 1572 1571
f 1469 1572 1468
f 1469 1573 1572
f 1470 1573 1469
f 1470 1574 1573
f 1471 1574 1470
f 1471 1575 1574
f 1472 1575 1471
f 1472 1576 1575
f 1473 1576 1472
f 1473 1577 1576
f 1474 1577 1473
f 1474 1578 1577
f 1475 1578 1474
f 1475 1579 1578
f 1476 1579 1475
f 1476 1580 1579
f 1477 1580 1476
f 1477 1581 1580
f 1478 1581 1477
f 1478 1582 1581
f 1479 1582 1478
f 1479 1583 1582
f 1480 1583 1479
f 1480 1584 1583
f 1481 1584 1480
f 1481 1585 1584
f 1482 1585 1481
f 1482 1586 1585
f 1483 1586 1482
f 1483 1587 1586
f 1484 1587 1483
f 1484 1588 1587
f 1488 1590 1487
f 1488 1591 1590
f 1489 1591 1488
f 1489 1592 1591
f 1490 1592 1489
f 1490 1593 1592
f 1491 1593 1490
f 1491 1594 1593
f 1492 1594 1491
f 1492 1595 1594
f 1493 1595 1492
f 1493 1596 1595
f 1494 1596 1493
f 1494 1597 1596
f 1496 1598 1495
f 1496 1599 1598
f 1497 1599 1496
f 1497 1600 1599
f 1498 1600 1497
f 1498 1601 1600
f 1499 1601 1498
f 1499 1602 1601
f 1500 1602 1499
f 1500 1603 1602
f 1501 1603 1500
f 1501 1604 1603
f 1502 1604 1501
f 1502 1605 1604
f 1503 1605 1502
f 1503 1606 1605
f 1504 1606 1503
f 1504 1607 1606
f 1505 1607 1504
f 1505 1608 1607
f 1506 1608 1505
f 1506 1609 1608
f 1507 1609 1506
f 1507 1610 1609
f 1508 1610 1507
f 1508 1611 1610
f 1509 1611 1508
f 1509 1612 1611
f 1510 1612 1509
f 1510 1613 1612
f 1511 1613 1510
f 1511 1614 1613
f 1512 1614 1511
f 1512 1615 1614
f 1513 1615 1512
f 1513 1616 1615
f 1514 1616 1513
f 1514 1617 1616
f 1516 1621 1515
f 1516 1622 1621
f 1517 1622 1516
f 1517 1623 1622
f 1518 1623 1517
f 1518 1624 1623
f 1519 1624 1518
f 1519 1625 1624
f 1520 1625 1519
f 1520 1626 1625
f 1521 1626 1520
f 1521 1627 1626
f 1522 1627 1521
f 1522 1628 1627
f 1523 1628 1522
f 1523 1629 1628
f 1524 1629 1523
f 1524 1630 1629
f 1525 1630 1524
f 1525 1631 1630
f 1526 1631 1525
f 1526 1632 1631
f 1527 1632 1526
f 1527 1633 1632
f 1528 1633 1527
f 1528 1634 1633
f 1529 1634 1528
f 1529 1635 1634
f 1530 1635 1529
f 1530 1636 1635
f 1531 1636 1530
f 1531 1637 1636
f 1532 1637 1531
f 1532 1638 1637
f 1533 1638 1532
f 1533 1639 1638
f 1534 1639 1533
f 1534 1640 1639
f 1535 1640 1534
f 1535 1641 1640
f 1536 1641 1535
f 1536 1642 1641
f 1537 1642 1536
f 1537 1643 1642
f 1538 1643 1537
f 1538 1644 1643
f 1539 1644 1538
f 1539 1645 1644
f 1540 1645 1539
f 1540 1646 1645
f 1541 1646 1540
f 1541 1647 1646
f 1542 1647 1541
f 1542 1648 1647
f 1543 1648 1542
f 1543 1649 1648
f 1544 1649 1543
f 1544 1650 1649
f 1545 1650 1544
f 1545 1651 1650
f 1547 1653 1546
f 1547 1654 1653
f 1548 1654 1547
f 1548 1655 1654
f 1549 1655 1548
f 1549 1656 1655
f 1550 1656 1549
f 1550 1657 1656
f 1551 1657 1550
f 1551 1658 1657
f 1552 1658 1551
f 1552 1659 1658
f 1553 1659 1552
f 1553 1660 1659
f 1554 1660 1553
f 1554 1661 1660
f 1555 1661 1554
f 1555 1662 1661
f 1556 1662 1555
f 1556 1663 1662
f 1557 1663 1556
f 1557 1664 1663
f 1558 1664 1557
f 1558 1665 1664
f 1559 1665 1558
f 1559 1666 1665
f 1560 1666 1559
f 1560 1667 1666
f 1561 1667 1560
f 1561 1668 1667
f 1562 1668 1561
f 1562 1669 1668
f 1563 1669 1562
f 1563 1670 1669
f 1564 1670 1563
f 1564 1671 1670
f 1565 1671 1564
f 1565 1672 1671
f 1566 1672 1565
f 1566 1673 1672
f 1567 1673 1566
f 1567 1674 1673
f 1568 1674 1567
f 1568 1675 1674
f 1569 1675 1568
f 1569 1676 1675
f 1572 1678 1571
f 1572 1679 1678
f 1573 1679 1572
f 1573 1680 1679
f 1574 1680 1573
f 1574 1681 1680
f 1575 1681 1574
f 1575 1682 1681
f 1576 1682 1575
f 1576 1683 1682
f 1577 1683 1576
f 1577 1684 1683
f 1578 1684 1577
f 1578 1685 1684
f 1579 1685 1578
f 1579 1686 1685
f 1580 1686 1579
f 1580 1687 1686
f 1581 1687 1580
f 1581 1688 1687
f 1582 1688 1581
f 1582 1689 1688
f 1583 1689 1582
f 1583 1690 1689
f 1584 1690 1583
f 1584 1691 1690
f 1585 1691 1584
f 1585 1692 1691
f 1586 1692 1585
f 1586 1693 1692
f 1587 1693 1586
f 1587 1694 1693
f 1588 1694 1587
f 1588 1695 1694
f 1589 1695 1588
f 1589 1696 1695
f 1593 1699 1592
f 1593 1700 1699
f 1594 1700 1593
f 1594 1701 1700
f 1595 1701 1594
f 1595 1702 1701
f 1596 1702 1595
f 1596 1703 1702
f 1597 1703 1596
f 1597 1704 1703
f 1599 1705 1598
f 1599 1706 1705
f 1600 1706 1599
f 1600 1707 1706
f 1601 1707 1600
f 1601 1708 1707
f 1602 1708 1601
f 1602 1709 1708
f 1603 1709 1602
f 1603 1710 1709
f 1604 1710 1603
f 1604 1711 1710
f 1605 1711 1604
f 1605 1712 1711
f 1606 1712 1605
f 1606 1713 1712
f 1607 1713 1606
f 1607 1714 1713
f 1608 1714 1607
f 1608 1715 1714
f 1609 1715 1608
f 1609 1716 1715
f 1610 1716 1609
f 1610 1717 1716
f 1611 1717 1610
f 1611 1718 1717
f 1612 1718 1611
f 1612 1719 1718
f 1613 1719 1612
f 1613 1720 1719
f 1614 1720 1613
f 1614 1721 1720
f 1615 1721 1614
f 1615 1722 1721
f 1616 1722 1615
f 1616 1723 1722
f 1617 1723 1616
f 1617 1724 1723
f 1618 1724 1617
f 1618 1725 1724
f 1619 1725 1618
f 1619 1726 1725
f 1620 1726 1619
f 1620 1727 1726
f 1621 1730 1729
f 1622 1730 1621
f 1622 1731 1730
f 1623 1731 1622
f 1623 1732 1731
f 1624 1732 1623
f 1624 1733 1732
f 1625 1733 1624
f 1625 1734 1733
f 1626 1734 1625
f 1626 1735 1734
f 1627 1735 1626
f 1627 1736 1735
f 1628 1736 1627
f 1628 1737 1736
f 1629 1737 1628
f 1629 1738 1737
f 1630 1738 1629
f 1630 1739 1738
f 1631 1739 1630
f 1631 1740 1739
f 1632 1740 1631
f 1632 1741 1740
f 1633 1741 1632
f 1633 1742 1741
f 1634 1742 1633
f 1634 1743 1742
f 1635 1743 1634
f 1635 1744 1743
f 1636 1744 1635
f 1636 1745 1744
f 1637 1745 1636
f 1637 1746 1745
f 1638 1746 1637
f 1638 1747 1746
f 1639 1747 1638
f 1639 1748 1747
f 1640 1748 1639
f 1640 1749 1748
f 1641 1749 1640
f 1641 1750 1749
f 1642 1750 1641
f 1642 1751 1750
f 1643 1751 1642
f 1643 1752 1751
f 1644 1752 1643
f 1644 1753 1752
f 1645 1753 1644
f 1645 1754 1753
f 1646 1754 1645
f 1646 1755 1754
f 1647 1755 1646
f 1647 1756 1755
f 1648 1756 1647
f 1648 1757 1756
f 1649 1757 1648
f 1649 1758 1757
f 1650 1758 1649
f 1650 1759 1758
f 1651 1759 1650
f 1651 1760 1759
f 1652 1760 1651
f 1652 1761 1760
f 1653 1764 1763
f 1654 1764 1653
f 1654 1765 1764
f 1655 1765 1654
f 1655 1766 1765
f 1656 1766 1655
f 1656 1767 1766
f 1657 1767 1656
f 1657 1768 1767
f 1658 1768 1657
f 1658 1769 1768
f 1659 1769 1658
f 1659 1770 1769
f 1660 1770 1659
f 1660 1771 1770
f 1661 1771 1660
f 1661 1772 1771
f 1662 1772 1661
f 1662 1773 1772
f 1663 1773 1662
f 1663 1774 1773
f 1664 1774 1663
f 1664 1775 1774
f 1665 1775 1664
f 1665 1776 1775
f 1666 1776 1665
f 1666 1777 1776
f 1667 1777 1666
f 1667 1778 1777
f 1668 1778 1667
f 1668 1779 1778
f 1669 1779 1668
f 1669 1780 1779
f 1670 1780 1669
f 1670 1781 1780
f 1671 1781 1670
f 1671 1782 1781
f 1672 1782 1671
f 1672 1783 1782
f 1673 1783 1672
f 1673 1784 1783
f 1674 1784 1673
f 1674 1785 1784
f 1675 1785 1674
f 1675 1786 1785
f 1676 1786 1675
f 1676 1787 1786
f 1677 1787 1676
f 1677 1788 1787
f 1679 1789 1678
f 1679 1790 1789
f 1680 1790 1679
f 1680 1791 1790
f 1681 1791 1680
f 1681 1792 1791
f 1682 1792 1681
f 1682 1793 1792
f 1683 1793 1682
f 1683 1794 1793
f 1684 1794 1683
f 1684 1795 1794
f 1685 1795 1684
f 1685 1796 1795
f 1686 1796 1685
f 1686 1797 1796
f 1687 1797 1686
f 1687 1798 1797
f 1688 1798 1687
f 1688 1799 1798
f 1689 1799 1688
f 1689 1800 1799
f 1690 1800 1689
f 1690 1801 1800
f 1691 1801 1690
f 1691 1802 1801
f 1692 1802 1691
f 1692 1803 1802
f 1693 1803 1692
f 1693 1804 1803
f 1694 1804 1693
f 1694 1805 1804
f 1695 1805 1694
f 1695 1806 1805
f 1696 1806 1695
f 1696 1807 1806
f 1697 1807 1696
f 1697 1808 1807
f 1698 1808 1697
f 1698 1809 1808
f 1701 1812 1700
f 1701 1813 1812
f 1702 1813 1701
f 1702 1814 1813
f 1703 1814 1702
f 1703 1815 1814
f 1704 1815 1703
f 1704 1816 1815
f 1707 1818 1706
f 1707 1819 1818
f 1708 1819 1707
f 1708 1820 1819
f 1709 1820 1708
f 1709 1821 1820
f 1710 1821 1709
f 1710 1822 1821
f 1711 1822 1710
f 1711 1823 1822
f 1712 1823 1711
f 1712 1824 1823
f 1713 1824 1712
f 1713 1825 1824
f 1714 1825 1713
f 1714 1826 1825
f 1715 1826 1714
f 1715 1827 1826
f 1716 1827 1715
f 1716 1828 1827
f 1717 1828 1716
f 1717 1829 1828
f 1718 1829 1717
f 1718 1830 1829
f 1719 1830 1718
f 1719 1831 1830
f 1720 1831 1719
f 1720 1832 1831
f 1721 1832 1720
f 1721 1833 1832
f 1722 1833 1721
f 1722 1834 1833
f 1723 1834 1722
f 1723 1835 1834
f 1724 1835 1723
f 1724 1836 1835
f 1725 1836 1724
f 1725 1837 1836
f 1726 1837 1725
f 1726 1838 1837
f 1727 1838 1726
f 1727 1839 1838
f 1728 1839 1727
f 1728 1840 1839
f 1729 1843 1842
f 1730 1843 1729
f 1730 1844 1843
f 1731 1844 1730
f 1731 1845 1844
f 1732 1845 1731
f 1732 1846 1845
f 1733 1846 1732
f 1733 1847 1846
f 1734 1847 1733
f 1734 1848 1847
f 1735 1848 1734
f 1735 1849 1848
f 1736 1849 1735
f 1736 1850 1849
f 1737 1850 1736
f 1737 1851 1850
f 1738 1851 1737
f 1738 1852 1851
f 1739 1852 1738
f 1739 1853 1852
f 1740 1853 1739
f 1740 1854 1853
f 1741 1854 1740
f 1741 1855 1854
f 1742 1855 1741
f 1742 1856 1855
f 1743 1856 1742
f 1743 1857 1856
f 1744 1857 1743
f 1744 1858 1857
f 1745 1858 1744
f 1745 1859 1858
f 1746 1859 1745
f 1746 1860 1859
f 1747 1860 1746
f 1747 1861 1860
f 1748 1861 1747
f 1748 1862 1861
f 1749 1862 1748
f 1749 1863 1862
f 1750 1863 1749
f 1750 1864 1863
f 1751 1864 1750
f 1751 1865 1864
f 1752 1865 1751
f 1752 1866 1865
f 1753 1866 1752
f 1753 1867 1866
f 1754 1867 1753
f 1754 1868 1867
f 1755 1868 1754
f 1755 1869 1868
f 1756 1869 1755
f 1756 1870 1869
f 1757 1870 1756
f 1757 1871 1870
f 1758 1871 1757
f 1758 1872 1871
f 1759 1872 1758
f 1759 1873 1872
f 1760 1873 1759
f 1760 1874 1873
f 1761 1874 1760
f 1761 1875 1874
f 1762 1875 1761
f 1762 1876 1875
f 1763 1878 1877
f 1764 1878 1763
f 1764 1879 1878
f 1765 1879 1764
f 1765 1880 1879
f 1766 1880 1765
f 1766 1881 1880
f 1767 1881 1766
f 1767 1882 1881
f 1768 1882 1767
f 1768 1883 1882
f 1769 1883 1768
f 1769 1884 1883
f 1770 1884 1769
f 1770 1885 1884
f 1771 1885 1770
f 1771 1886 1885
f 1772 1886 1771
f 1772 1887 1886
f 1773 1887 1772
f 1773 1888 1887
f 1774 1888 1773
f 1774 1889 1888
f 1775 1889 1774
f 1775 1890 1889
f 1776 1890 1775
f 1776 1891 1890
f 1777 1891 1776
f 1777 1892 1891
f 1778 1892 1777
f 1778 1893 1892
f 1779 1893 1778
f 1779 1894 1893
f 1780 1894 1779
f 1780 1895 1894
f 1781 1895 1780
f 1781 1896 1895
f 1782 1896 1781
f 1782 1897 1896
f 1783 1897 1782
f 1783 1898 1897
f 1784 1898 1783
f 1784 1899 1898
f 1785 1899 1784
f 1785 1900 1899
f 1786 1900 1785
f 1786 1901 1900
f 1787 1901 1786
f 1787 1902 1901
f 1788 1902 1787
f 1788 1903 1902
f 1791 1905 1790
f 1791 1906 1905
f 1792 1906 1791
f 1792 1907 1906
f 1793 1907 1792
f 1793 1908 1907
f 1794 1908 1793
f 1794 1909 1908
f 1795 1909 1794
f 1795 1910 1909
f 1796 1910 1795
f 1796 1911 1910
f 1797 1911 1796
f 1797 1912 1911
f 1798 1912 1797
f 1798 1913 1912
f 1799 1913 1798
f 1799 1914 1913
f 1800 1914 1799
f 1800 1915 1914
f 1801 1915 1800
f 1801 1916 1915
f 1802 1916 1801
f 1802 1917 1916
f 1803 1917 1802
f 1803 1918 1917
f 1804 1918 1803
f 1804 1919 1918
f 1805 1919 1804
f 1805 1920 1919
f 1806 1920 1805
f 1806 1921 1920
f 1807 1921 1806
f 1807 1922 1921
f 1808 1922 1807
f 1808 1923 1922
f 1809 1923 1808
f 1809 1924 1923
f 1810 1924 1809
f 1810 1925 1924
f 1811 1925 1810
f 1811 1926 1925
f 1814 1928 1813
f 1814 1929 1928
f 1815 1929 1814
f 1815 1930 1929
f 1816 1930 1815
f 1816 1931 1930
f 1817 1931 1816
f 1817 1932 1931
f 1819 1933 1818
f 1819 1934 1933
f 1820 1934 1819
f 1820 1935 1934
f 1821 1935 1820
f 1821 1936 1935
f 1822 1936 1821
f 1822 1937 1936
f 1823 1937 1822
f 1823 1938 1937
f 1824 1938 1823
f 1824 1939 1938
f 1825 1939 1824
f 1825 1940 1939
f 1826 1940 1825
f 1826 1941 1940
f 1827 1941 1826
f 1827 1942 1941
f 1828 1942 1827
f 1828 1943 1942
f 1829 1943 1828
f 1829 1944 1943
f 1830 1944 1829
f 1830 1945 1944
f 1831 1945 1830
f 1831 1946 1945
f 1832 1946 1831
f 1832 1947 1946
f 1833 1947 1832
f 1833 1948 1947
f 1834 1948 1833
f 1834 1949 1948
f 1835 1949 1834
f 1835 1950 1949
f 1836 1950 1835
f 1836 1951 1950
f 1837 1951 1836
f 1837 1952 1951
f 1838 1952 1837
f 1841 1955 1840
f 1841 1956 1955
f 1843 1958 1842
f 1843 1959 1958
f 1844 1959 1843
f 1844 1960 1959
f 1845 1960 1844
f 1845 1961 1960
f 1846 1961 1845
f 1846 1962 1961
f 1847 1962 1846
f 1847 1963 1962
f 1848 1963 1847
f 1848 1964 1963
f 1849 1964 1848
f 1849 1965 1964
f 1850 1965 1849
f 1850 1966 1965
f 1851 1966 1850
f 1851 1967 1966
f 1852 1967 1851
f 1852 1968 1967
f 1853 1968 1852
f 1853 1969 1968
f 1854 1969 1853
f 1854 1970 1969
f 1855 1970 1854
f 1855 1971 1970
f 1856 1971 1855
f 1856 1972 1971
f 1857 1972 1856
f 1857 1973 1972
f 1858 1973 1857
f 1858 1974 1973
f 1859 1974 1858
f 1859 1975 1974
f 1860 1975 1859
f 1860 1976 1975
f 1861 1976 1860
f 1861 1977 1976
f 1862 1977 1861
f 1862 1978 1977
f 1863 1978 1862
f 1863 1979 1978
f 1864 1979 1863
f 1864 1980 1979
f 1865 1980 1864
f 1865 1981 1980
f 1866 1981 1865
f 1866 1982 1981
f 1867 1982 1866
f 1867 1983 1982
f 1868 1983 1867
f 1868 1984 1983
f 1869 1984 1868
f 1869 1985 1984
f 1870 1985 1869
f 1870 1986 1985
f 1871 1986 1870
f 1871 1987 1986
f 1872 1987 1871
f 1872 1988 1987
f 1873 1988 1872
f 1873 1989 1988
f 1874 1989 1873
f 1874 1990 1989
f 1875 1990 1874
f 1875 1991 1990
f 1876 1991 1875
f 1876 1992 1991
f 1877 1995 1994
f 1878 1995 1877
f 1878 1996 1995
f 1879 1996 1878
f 1879 1997 1996
f 1880 1997 1879
f 1880 1998 1997
f 1881 1998 1880
f 1881 1999 1998
f 1882 1999 1881
f 1882 2000 1999
f 1883 2000 1882
f 1883 2001 2000
f 1884 2001 1883
f 1884 2002 2001
f 1885 2002 1884
f 1885 2003 2002
f 1886 2003 1885
f 1886 2004 2003
f 1887 2004 1886
f 1887 2005 2004
f 1888 2005 1887
f 1888 2006 2005
f 1889 2006 1888
f 1889 2007 2006
f 1890 2007 1889
f 1890 2008 2007
f 1891 2008 1890
f 1891 2009 2008
f 1892 2009 1891
f 1892 2010 2009
f 1893 2010 1892
f 1893 2011 2010
f 1894 2011 1893
f 1894 2012 2011
f 1895 2012 1894
f 1895 2013 2012
f 1896 2013 1895
f 1896 2014 2013
f 1897 2014 1896
f 1897 2015 2014
f 1898 2015 1897
f 1898 2016 2015
f 1899 2016 1898
f 1899 2017 2016
f 1900 2017 1899
f 1900 2018 2017
f 1901 2018 1900
f 1901 2019 2018
f 1902 2019 1901
f 1902 2020 2019
f 1903 2020 1902
f 1903 2021 2020
f 1904 2021 1903
f 1904 2022 2021
f 1906 2023 1905
f 1906 2024 2023
f 1907 2024 1906
f 1907 2025 2024
f 1908 2025 1907
f 1908 2026 2025
f 1909 2026 1908
f 1909 2027 2026
f 1910 2027 1909
f 1910 2028 2027
f 1911 2028 1910
f 1911 2029 2028
f 1912 2029 1911
f 1912 2030 2029
f 1913 2030 1912
f 1913 2031 2030
f 1914 2031 1913
f 1914 2032 2031
f 1915 2032 1914
f 1915 2033 2032
f 1916 2033 1915
f 1916 2034 2033
f 1917 2034 1916
f 1917 2035 2034
f 1918 2035 1917
f 1918 2036 2035
f 1919 2036 1918
f 1919 2037 2036
f 1920 2037 1919
f 1920 2038 2037
f 1921 2038 1920
f 1921 2039 2038
f 1922 2039 1921
f 1922 2040 2039
f 1923 2040 1922
f 1923 2041 2040
f 1924 2041 1923
f 1924 2042 2041
f 1925 2042 1924
f 1925 2043 2042
f 1926 2043 1925
f 1926 2044 2043
f 1927 2044 1926
f 1927 2045 2044
f 1930 2047 1929
f 1930 2048 2047
f 1931 2048 1930
f 1931 2049 2048
f 1932 2049 1931
f 1932 2050 2049
f 1934 2051 1933
f 1934 2052 2051
f 1935 2052 1934
f 1935 2053 2052
f 1936 2053 1935
f 1936 2054 2053
f 1937 2054 1936
f 1937 2055 2054
f 1938 2055 1937
f 1938 2056 2055
f 1939 2056 1938
f 1939 2057 2056
f 1940 2057 1939
f 1940 2058 2057
f 1941 2058 1940
f 1941 2059 2058
f 1942 2059 1941
f 1942 2060 2059
f 1943 2060 1942
f 1943 2061 2060
f 1944 2061 1943
f 1944 2062 2061
f 1945 2062 1944
f 1945 2063 2062
f 1946 2063 1945
f 1946 2064 2063
f 1947 2064 1946
f 1947 2065 2064
f 1948 2065 1947
f 1948 2066 2065
f 1949 2066 1948
f 1949 2067 2066
f 1950 2067 1949
f 1950 2068 2067
f 1951 2068 1950
f 1951 2069 2068
f 1952 2069 1951
f 1952 2070 2069
f 1953 2070 1952
f 1953 2071 2070
f 1954 2071 1953
f 1954 2072 2071
f 1957 2074 1956
f 1960 2075 1959
f 1960 2076 2075
f 1961 2076 1960
f 1961 2077 2076
f 1962 2077 1961
f 1962 2078 2077
f 1963 2078 1962
f 1963 2079 2078
f 1964 2079 1963
f 1964 2080 2079
f 1965 2080 1964
f 1965 2081 2080
f 1966 2081 1965
f 1966 2082 2081
f 1967 2082 1966
f 1967 2083 2082
f 1968 2083 1967
f 1968 2084 2083
f 1969 2084 1968
f 1969 2085 2084
f 1970 2085 1969
f 1970 2086 2085
f 1971 2086 1970
f 1971 2087 2086
f 1972 2087 1971
f 1972 2088 2087
f 1973 2088 1972
f 1973 2089 2088
f 1974 2089 1973
f 1974 2090 2089
f 1975 2090 1974
f 1975 2091 2090
f 1976 2091 1975
f 1976 2092 2091
f 1977 2092 1976
f 1977 2093 2092
f 1978 2093 1977
f 1978 2094 2093
f 1979 2094 1978
f 1979 2095 2094
f 1980 2095 1979
f 1980 2096 2095
f 1981 2096 1980
f 1981 2097 2096
f 1982 2097 1981
f 1982 2098 2097
f 1983 2098 1982
f 1983 2099 2098
f 1984 2099 1983
f 1984 2100 2099
f 1985 2100 1984
f 1985 2101 2100
f 1986 2101 1985
f 1986 2102 2101
f 1987 2102 1986
f 1987 2103 2102
f 1988 2103 1987
f 1988 2104 2103
f 1989 2104 1988
f 1989 2105 2104
f 1990 2105 1989
f 1990 2106 2105
f 1991 2106 1990
f 1991 2107 2106
f 1992 2107 1991
f 1992 2108 2107
f 1993 2108 1992
f 1993 2109 2108
f 1995 2110 1994
f 1995 2111 2110
f 1996 2111 1995
f 1996 2112 2111
f 1997 2112 1996
f 1997 2113 2112
f 1998 2113 1997
f 1998 2114 2113
f 1999 2114 1998
f 1999 2115 2114
f 2000 2115 1999
f 2000 2116 2115
f 2001 2116 2000
f 2001 2117 2116
f 2002 2117 2001
f 2002 2118 2117
f 2003 2118 2002
f 2003 2119 2118
f 2004 2119 2003
f 2004 2120 2119
f 2005 2120 2004
f 2005 2121 2120
f 2006 2121 2005
f 2006 2122 2121
f 2007 2122 2006
f 2007 2123 2122
f 2008 2123 2007
f 2008 2124 2123
f 2009 2124 2008
f 2009 2125 2124
f 2010 2125 2009
f 2010 2126 2125
f 2011 2126 2010
f 2011 2127 2126
f 2012 2127 2011
f 2012 2128 2127
f 2013 2128 2012
f 2013 2129 2128
f 2014 2129 2013
f 2014 2130 2129
f 2015 2130 2014
f 2015 2131 2130
f 2016 2131 2015
f 2016 2132 2131
f 2017 2132 2016
f 2017 2133 2132
f 2018 2133 2017
f 2018 2134 2133
f 2019 2134 2018
f 2019 2135 2134
f 2020 2135 2019
f 2020 2136 2135
f 2021 2136 2020
f 2021 2137 2136
f 2022 2137 2021
f 2022 2138 2137
f 2025 2140 2024
f 2025 2141 2140
f 2026 2141 2025
f 2026 2142 2141
f 2027 2142 2026
f 2027 2143 2142
f 2028 2143 2027
f 2028 2144 2143
f 2029 2144 2028
f 2029 2145 2144
f 2030 2145 2029
f 2030 2146 2145
f 2031 2146 2030
f 2031 2147 2146
f 2032 2147 2031
f 2032 2148 2147
f 2033 2148 2032
f 2033 2149 2148
f 2034 2149 2033
f 2034 2150 2149
f 2035 2150 2034
f 2035 2151 2150
f 2036 2151 2035
f 2036 2152 2151
f 2037 2152 2036
f 2037 2153 2152
f 2038 2153 2037
f 2038 2154 2153
f 2039 2154 2038
f 2039 2155 2154
f 2040 2155 2039
f 2040 2156 2155
f 2041 2156 2040
f 2041 2157 2156
f 2042 2157 2041
f 2042 2158 2157
f 2043 2158 2042
f 2043 2159 2158
f 2044 2159 2043
f 2044 2160 2159
f 2045 2160 2044
f 2045 2161 2160
f 2046 2161 2045
f 2046 2162 2161
f 2049 2164 2048
f 2049 2165 2164
f 2050 2165 2049
f 2050 2166 2165
f 2052 2167 2051
f 2052 2168 2167
f 2053 2168 2052
f 2053 2169 2168
f 2054 2169 2053
f 2054 2170 2169
f 2055 2170 2054
f 2055 2171 2170
f 2056 2171 2055
f 2056 2172 2171
f 2057 2172 2056
f 2057 2173 2172
f 2058 2173 2057
f 2058 2174 2173
f 2059 2174 2058
f 2059 2175 2174
f 2060 2175 2059
f 2060 2176 2175
f 2061 2176 2060
f 2061 2177 2176
f 2062 2177 2061
f 2062 2178 2177
f 2063 2178 2062
f 2063 2179 2178
f 2064 2179 2063
f 2064 2180 2179
f 2065 2180 2064
f 2065 2181 2180
f 2066 2181 2065
f 2066 2182 2181
f 2067 2182 2066
f 2067 2183 2182
f 2068 2183 2067
f 2068 2184 2183
f 2069 2184 2068
f 2069 2185 2184
f 2070 2185 2069
f 2070 2186 2185
f 2071 2186 2070
f 2071 2187 2186
f 2072 2187 2071
f 2072 2188 2187
f 2073 2188 2072
f 2073 2189 2188
f 2077 2198 2076
f 2077 2199 2198
f 2078 2199 2077
f 2078 2200 2199
f 2079 2200 2078
f 2079 2201 2200
f 2080 2201 2079
f 2080 2202 2201
f 2081 2202 2080
f 2081 2203 2202
f 2082 2203 2081
f 2082 2204 2203
f 2083 2204 2082
f 2083 2205 2204
f 2084 2205 2083
f 2084 2206 2205
f 2085 2206 2084
f 2085 2207 2206
f 2086 2207 2085
f 2086 2208 2207
f 2087 2208 2086
f 2087 2209 2208
f 2088 2209 2087
f 2088 2210 2209
f 2089 2210 2088
f 2089 2211 2210
f 2090 2211 2089
f 2090 2212 2211
f 2091 2212 2090
f 2091 2213 2212
f 2092 2213 2091
f 2092 2214 2213
f 2093 2214 2092
f 2093 2215 2214
f 2094 2215 2093
f 2094 2216 2215
f 2095 2216 2094
f 2095 2217 2216
f 2096 2217 2095
f 2096 2218 2217
f 2097 2218 2096
f 2097 2219 2218
f 2098 2219 2097
f 2098 2220 2219
f 2099 2220 2098
f 2099 2221 2220
f 2100 2221 2099
f 2100 2222 2221
f 2101 2222 2100
f 2101 2223 2222
f 2102 2223 2101
f 2102 2224 2223
f 2103 2224 2102
f 2103 2225 2224
f 2104 2225 2103
f 2104 2226 2225
f 2105 2226 2104
f 2105 2227 2226
f 2106 2227 2105
f 2106 2228 2227
f 2107 2228 2106
f 2107 2229 2228
f 2108 2229 2107
f 2108 2230 2229
f 2109 2230 2108
f 2109 2231 2230
f 2110 2234 2233
f 2111 2234 2110
f 2111 2235 2234
f 2112 2235 2111
f 2112 2236 2235
f 2113 2236 2112
f 2113 2237 2236
f 2114 2237 2113
f 2114 2238 2237
f 2115 2238 2114
f 2115 2239 2238
f 2116 2239 2115
f 2116 2240 2239
f 2117 2240 2116
f 2117 2241 2240
f 2118 2241 2117
f 2118 2242 2241
f 2119 2242 2118
f 2119 2243 2242
f 2120 2243 2119
f 2120 2244 2243
f 2121 2244 2120
f 2121 2245 2244
f 2122 2245 2121
f 2122 2246 2245
f 2123 2246 2122
f 2123 2247 2246
f 2124 2247 2123
f 2124 2248 2247
f 2125 2248 2124
f 2125 2249 2248
f 2126 2249 2125
f 2126 2250 2249
f 2127 2250 2126
f 2127 2251 2250
f 2128 2251 2127
f 2128 2252 2251
f 2129 2252 2128
f 2129 2253 2252
f 2130 2253 2129
f 2130 2254 2253
f 2131 2254 2130
f 2131 2255 2254
f 2132 2255 2131
f 2132 2256 2255
f 2133 2256 2132
f 2133 2257 2256
f 2134 2257 2133
f 2134 2258 2257
f 2135 2258 2134
f 2135 2259 2258
f 2136 2259 2135
f 2136 2260 2259
f 2137 2260 2136
f 2137 2261 2260
f 2138 2261 2137
f 2138 2262 2261
f 2139 2262 2138
f 2139 2263 2262
f 2141 2264 2140
f 2141 2265 2264
f 2142 2265 2141
f 2142 2266 2265
f 2143 2266 2142
f 2143 2267 2266
f 2144 2267 2143
f 2144 2268 2267
f 2145 2268 2144
f 2145 2269 2268
f 2146 2269 2145
f 2146 2270 2269
f 2147 2270 2146
f 2147 2271 2270
f 2148 2271 2147
f 2148 2272 2271
f 2149 2272 2148
f 2149 2273 2272
f 2150 2273 2149
f 2150 2274 2273
f 2151 2274 2150
f 2151 2275 2274
f 2152 2275 2151
f 2152 2276 2275
f 2153 2276 2152
f 2153 2277 2276
f 2154 2277 2153
f 2154 2278 2277
f 2155 2278 2154
f 2155 2279 2278
f 2156 2279 2155
f 2156 2280 2279
f 2157 2280 2156
f 2157 2281 2280
f 2158 2281 2157
f 2158 2282 2281
f 2159 2282 2158
f 2159 2283 2282
f 2160 2283 2159
f 2160 2284 2283
f 2161 2284 2160
f 2161 2285 2284
f 2162 2285 2161
f 2162 2286 2285
f 2163 2286 2162
f 2163 2287 2286
f 2165 2289 2164
f 2165 2290 2289
f 2166 2290 2165
f 2166 2291 2290
f 2168 2292 2167
f 2168 2293 2292
f 2169 2293 2168
f 2169 2294 2293
f 2170 2294 2169
f 2170 2295 2294
f 2171 2295 2170
f 2171 2296 2295
f 2172 2296 2171
f 2172 2297 2296
f 2173 2297 2172
f 2173 2298 2297
f 2174 2298 2173
f 2174 2299 2298
f 2175 2299 2174
f 2175 2300 2299
f 2176 2300 2175
f 2176 2301 2300
f 2177 2301 2176
f 2177 2302 2301
f 2178 2302 2177
f 2178 2303 2302
f 2179 2303 2178
f 2179 2304 2303
f 2180 2304 2179
f 2180 2305 2304
f 2181 2305 2180
f 2181 2306 2305
f 2182 2306 2181
f 2182 2307 2306
f 2183 2307 2182
f 2183 2308 2307
f 2184 2308 2183
f 2184 2309 2308
f 2185 2309 2184
f 2185 2310 2309
f 2186 2310 2185
f 2186 2311 2310
f 2187 2311 2186
f 2187 2312 2311
f 2188 2312 2187
f 2188 2313 2312
f 2189 2313 2188
f 2189 2314 2313
f 2190 2314 2189
f 2190 2315 2314
f 2191 2315 2190
f 2191 2316 2315
f 2192 2316 2191
f 2192 2317 2316
f 2193 2317 2192
f 2193 2318 2317
f 2194 2318 2193
f 2194 2319 2318
f 2195 2319 2194
f 2195 2320 2319
f 2196 2320 2195
f 2196 2321 2320
f 2197 2321 2196
f 2197 2322 2321
f 2199 2334 2198
f 2199 2335 2334
f 2200 2335 2199
f 2200 2336 2335
f 2201 2336 2200
f 2201 2337 2336
f 2202 2337 2201
f 2202 2338 2337
f 2203 2338 2202
f 2203 2339 2338
f 2204 2339 2203
f 2204 2340 2339
f 2205 2340 2204
f 2205 2341 2340
f 2206 2341 2205
f 2206 2342 2341
f 2207 2342 2206
f 2207 2343 2342
f 2208 2343 2207
f 2208 2344 2343
f 2209 2344 2208
f 2209 2345 2344
f 2210 2345 2209
f 2210 2346 2345
f 2211 2346 2210
f 2211 2347 2346
f 2212 2347 2211
f 2212 2348 2347
f 2213 2348 2212
f 2213 2349 2348
f 2214 2349 2213
f 2214 2350 2349
f 2215 2350 2214
f 2215 2351 2350
f 2216 2351 2215
f 2216 2352 2351
f 2217 2352 2216
f 2217 2353 2352
f 2218 2353 2217
f 2218 2354 2353
f 2219 2354 2218
f 2219 2355 2354
f 2220 2355 2219
f 2220 2356 2355
f 2221 2356 2220
f 2221 2357 2356
f 2222 2357 2221
f 2222 2358 2357
f 2223 2358 2222
f 2223 2359 2358
f 2224 2359 2223
f 2224 2360 2359
f 2225 2360 2224
f 2225 2361 2360
f 2226 2361 2225
f 2226 2362 2361
f 2227 2362 2226
f 2227 2363 2362
f 2228 2363 2227
f 2228 2364 2363
f 2229 2364 2228
f 2229 2365 2364
f 2230 2365 2229
f 2230 2366 2365
f 2231 2366 2230
f 2231 2367 2366
f 2232 2367 2231
f 2232 2368 2367
f 2234 2369 2233
f 2234 2370 2369
f 2235 2370 2234
f 2235 2371 2370
f 2236 2371 2235
f 2236 2372 2371
f 2237 2372 2236
f 2237 2373 2372
f 2238 2373 2237
f 2238 2374 2373
f 2239 2374 2238
f 2239 2375 2374
f 2240 2375 2239
f 2240 2376 2375
f 2241 2376 2240
f 2241 2377 2376
f 2242 2377 2241
f 2242 2378 2377
f 2243 2378 2242
f 2243 2379 2378
f 2244 2379 2243
f 2244 2380 2379
f 2245 2380 2244
f 2245 2381 2380
f 2246 2381 2245
f 2246 2382 2381
f 2247 2382 2246
f 2247 2383 2382
f 2248 2383 2247
f 2248 2384 2383
f 2249 2384 2248
f 2249 2385 2384
f 2250 2385 2249
f 2250 2386 2385
f 2251 2386 2250
f 2251 2387 2386
f 2252 2387 2251
f 2252 2388 2387
f 2253 2388 2252
f 2253 2389 2388
f 2254 2389 2253
f 2254 2390 2389
f 2255 2390 2254
f 2255 2391 2390
f 2256 2391 2255
f 2256 2392 2391
f 2257 2392 2256
f 2257 2393 2392
f 2258 2393 2257
f 2258 2394 2393
f 2259 2394 2258
f 2259 2395 2394
f 2260 2395 2259
f 2260 2396 2395
f 2261 2396 2260
f 2261 2397 2396
f 2262 2397 2261
f 2262 2398 2397
f 2263 2398 2262
f 2263 2399 2398
f 2265 2400 2264
f 2265 2401 2400
f 2266 2401 2265
f 2266 2402 2401
f 2267 2402 2266
f 2267 2403 2402
f 2268 2403 2267
f 2268 2404 2403
f 2269 2404 2268
f 2269 2405 2404
f 2270 2405 2269
f 2270 2406 2405
f 2271 2406 2270
f 2271 2407 2406
f 2272 2407 2271
f 2272 2408 2407
f 2273 2408 2272
f 2273 2409 2408
f 2274 2409 2273
f 2274 2410 2409
f 2275 2410 2274
f 2275 2411 2410
f 2276 2411 2275
f 2276 2412 2411
f 2277 2412 2276
f 2277 2413 2412
f 2278 2413 2277
f 2278 2414 2413
f 2279 2414 2278
f 2279 2415 2414
f 2280 2415 2279
f 2280 2416 2415
f 2281 2416 2280
f 2281 2417 2416
f 2282 2417 2281
f 2282 2418 2417
f 2283 2418 2282
f 2283 2419 2418
f 2284 2419 2283
f 2284 2420 2419
f 2285 2420 2284
f 2285 2421 2420
f 2286 2421 2285
f 2286 2422 2421
f 2287 2422 2286
f 2287 2423 2422
f 2288 2423 2287
f 2288 2424 2423
f 2290 2425 2289
f 2290 2426 2425
f 2291 2426 2290
f 2291 2427 2426
f 2293 2428 2292
f 2293 2429 2428
f 2294 2429 2293
f 2294 2430 2429
f 2295 2430 2294
f 2295 2431 2430
f 2296 2431 2295
f 2296 2432 2431
f 2297 2432 2296
f 2297 2433 2432
f 2298 2433 2297
f 2298 2434 2433
f 2299 2434 2298
f 2299 2435 2434
f 2300 2435 2299
f 2300 2436 2435
f 2301 2436 2300
f 2301 2437 2436
f 2302 2437 2301
f 2302 2438 2437
f 2303 2438 2302
f 2303 2439 2438
f 2304 2439 2303
f 2304 2440 2439
f 2305 2440 2304
f 2305 2441 2440
f 2306 2441 2305
f 2306 2442 2441
f 2307 2442 2306
f 2307 2443 2442
f 2308 2443 2307
f 2308 2444 2443
f 2309 2444 2308
f 2309 2445 2444
f 2310 2445 2309
f 2310 2446 2445
f 2311 2446 2310
f 2311 2447 2446
f 2312 2447 2311
f 2312 2448 2447
f 2313 2448 2312
f 2313 2449 2448
f 2314 2449 2313
f 2314 2450 2449
f 2315 2450 2314
f 2315 2451 2450
f 2316 2451 2315
f 2316 2452 2451
f 2317 2452 2316
f 2317 2453 2452
f 2318 2453 2317
f 2318 2454 2453
f 2319 2454 2318
f 2319 2455 2454
f 2320 2455 2319
f 2320 2456 2455
f 2321 2456 2320
f 2321 2457 2456
f 2322 2457 2321
f 2322 2458 2457
f 2323 2458 2322
f 2323 2459 2458
f 2324 2464 2463
f 2325 2464 2324
f 2325 2465 2464
f 2326 2465 2325
f 2326 2466 2465
f 2327 2466 2326
f 2327 2467 2466
f 2328 2467 2327
f 2328 2468 2467
f 2329 2468 2328
f 2329 2469 2468
f 2330 2469 2329
f 2330 2470 2469
f 2331 2470 2330
f 2331 2471 2470
f 2332 2471 2331
f 2332 2472 2471
f 2333 2472 2332
f 2333 2473 2472
f 2336 2475 2335
f 2336 2476 2475
f 2337 2476 2336
f 2337 2477 2476
f 2338 2477 2337
f 2338 2478 2477
f 2339 2478 2338
f 2339 2479 2478
f 2340 2479 2339
f 2340 2480 2479
f 2341 2480 2340
f 2341 2481 2480
f 2342 2481 2341
f 2342 2482 2481
f 2343 2482 2342
f 2343 2483 2482
f 2344 2483 2343
f 2344 2484 2483
f 2345 2484 2344
f 2345 2485 2484
f 2346 2485 2345
f 2346 2486 2485
f 2347 2486 2346
f 2347 2487 2486
f 2348 2487 2347
f 2348 2488 2487
f 2349 2488 2348
f 2349 2489 2488
f 2350 2489 2349
f 2350 2490 2489
f 2351 2490 2350
f 2351 2491 2490
f 2352 2491 2351
f 2352 2492 2491
f 2353 2492 2352
f 2353 2493 2492
f 2354 2493 2353
f 2354 2494 2493
f 2355 2494 2354
f 2355 2495 2494
f 2356 2495 2355
f 2356 2496 2495
f 2357 2496 2356
f 2357 2497 2496
f 2358 2497 2357
f 2358 2498 2497
f 2359 2498 2358
f 2359 2499 2498
f 2360 2499 2359
f 2360 2500 2499
f 2361 2500 2360
f 2361 2501 2500
f 2362 2501 2361
f 2362 2502 2501
f 2363 2502 2362
f 2363 2503 2502
f 2364 2503 2363
f 2364 2504 2503
f 2365 2504 2364
f 2365 2505 2504
f 2366 2505 2365
f 2366 2506 2505
f 2367 2506 2366
f 2367 2507 2506
f 2368 2507 2367
f 2368 2508 2507
f 2370 2510 2369
f 2370 2511 2510
f 2371 2511 2370
f 2371 2512 2511
f 2372 2512 2371
f 2372 2513 2512
f 2373 2513 2372
f 2373 2514 2513
f 2374 2514 2373
f 2374 2515 2514
f 2375 2515 2374
f 2375 2516 2515
f 2376 2516 2375
f 2376 2517 2516
f 2377 2517 2376
f 2377 2518 2517
f 2378 2518 2377
f 2378 2519 2518
f 2379 2519 2378
f 2379 2520 2519
f 2380 2520 2379
f 2380 2521 2520
f 2381 2521 2380
f 2381 2522 2521
f 2382 2522 2381
f 2382 2523 2522
f 2383 2523 2382
f 2383 2524 2523
f 2384 2524 2383
f 2384 2525 2524
f 2385 2525 2384
f 2385 2526 2525
f 2386 2526 2385
f 2386 2527 2526
f 2387 2527 2386
f 2387 2528 2527
f 2388 2528 2387
f 2388 2529 2528
f 2389 2529 2388
f 2389 2530 2529
f 2390 2530 2389
f 2390 2531 2530
f 2391 2531 2390
f 2391 2532 2531
f 2392 2532 2391
f 2392 2533 2532
f 2393 2533 2392
f 2393 2534 2533
f 2394 2534 2393
f 2394 2535 2534
f 2395 2535 2394
f 2395 2536 2535
f 2396 2536 2395
f 2396 2537 2536
f 2397 2537 2396
f 2397 2538 2537
f 2398 2538 2397
f 2398 2539 2538
f 2399 2539 2398
f 2399 2540 2539
f 2402 2542 2401
f 2402 2543 2542
f 2403 2543 2402
f 2403 2544 2543
f 2404 2544 2403
f 2404 2545 2544
f 2405 2545 2404
f 2405 2546 2545
f 2406 2546 2405
f 2406 2547 2546
f 2407 2547 2406
f 2407 2548 2547
f 2408 2548 2407
f 2408 2549 2548
f 2409 2549 2408
f 2409 2550 2549
f 2410 2550 2409
f 2410 2551 2550
f 2411 2551 2410
f 2411 2552 2551
f 2412 2552 2411
f 2412 2553 2552
f 2413 2553 2412
f 2413 2554 2553
f 2414 2554 2413
f 2414 2555 2554
f 2415 2555 2414
f 2415 2556 2555
f 2416 2556 2415
f 2416 2557 2556
f 2417 2557 2416
f 2417 2558 2557
f 2418 2558 2417
f 2418 2559 2558
f 2419 2559 2418
f 2419 2560 2559
f 2420 2560 2419
f 2420 2561 2560
f 2421 2561 2420
f 2421 2562 2561
f 2422 2562 2421
f 2422 2563 2562
f 2423 2563 2422
f 2423 2564 2563
f 2424 2564 2423
f 2424 2565 2564
f 2427 2566 2426
f 2427 2567 2566
f 2429 2568 2428
f 2429 2569 2568
f 2430 2569 2429
f 2430 2570 2569
f 2431 2570 2430
f 2431 2571 2570
f 2432 2571 2431
f 2432 2572 2571
f 2433 2572 2432
f 2433 2573 2572
f 2434 2573 2433
f 2434 2574 2573
f 2435 2574 2434
f 2435 2575 2574
f 2436 2575 2435
f 2436 2576 2575
f 2437 2576 2436
f 2437 2577 2576
f 2438 2577 2437
f 2438 2578 2577
f 2439 2578 2438
f 2439 2579 2578
f 2440 2579 2439
f 2440 2580 2579
f 2441 2580 2440
f 2441 2581 2580
f 2442 2581 2441
f 2442 2582 2581
f 2443 2582 2442
f 2443 2583 2582
f 2444 2583 2443
f 2444 2584 2583
f 2445 2584 2444
f 2445 2585 2584
f 2446 2585 2445
f 2446 2586 2585
f 2447 2586 2446
f 2447 2587 2586
f 2448 2587 2447
f 2448 2588 2587
f 2449 2588 2448
f 2449 2589 2588
f 2450 2589 2449
f 2450 2590 2589
f 2451 2590 2450
f 2451 2591 2590
f 2452 2591 2451
f 2452 2592 2591
f 2453 2592 2452
f 2453 2593 2592
f 2454 2593 2453
f 2454 2594 2593
f 2455 2594 2454
f 2455 2595 2594
f 2456 2595 2455
f 2456 2596 2595
f 2457 2596 2456
f 2457 2597 2596
f 2458 2597 2457
f 2458 2598 2597
f 2459 2598 2458
f 2459 2599 2598
f 2460 2599 2459
f 2460 2600 2599
f 2461 2600 2460
f 2461 2601 2600
f 2462 2608 2607
f 2463 2608 2462
f 2463 2609 2608
f 2464 2609 2463
f 2464 2610 2609
f 2465 2610 2464
f 2465 2611 2610
f 2466 2611 2465
f 2466 2612 2611
f 2467 2612 2466
f 2467 2613 2612
f 2468 2613 2467
f 2468 2614 2613
f 2469 2614 2468
f 2469 2615 2614
f 2470 2615 2469
f 2470 2616 2615
f 2471 2616 2470
f 2471 2617 2616
f 2472 2617 2471
f 2472 2618 2617
f 2473 2618 2472
f 2473 2619 2618
f 2474 2619 2473
f 2474 2620 2619
f 2477 2622 2476
f 2477 2623 2622
f 2478 2623 2477
f 2478 2624 2623
f 2479 2624 2478
f 2479 2625 2624
f 2480 2625 2479
f 2480 2626 2625
f 2481 2626 2480
f 2481 2627 2626
f 2482 2627 2481
f 2482 2628 2627
f 2483 2628 2482
f 2483 2629 2628
f 2484 2629 2483
f 2484 2630 2629
f 2485 2630 2484
f 2485 2631 2630
f 2486 2631 2485
f 2486 2632 2631
f 2487 2632 2486
f 2487 2633 2632
f 2488 2633 2487
f 2489 2635 2634
f 2490 2635 2489
f 2490 2636 2635
f 2491 2636 2490
f 2491 2637 2636
f 2492 2637 2491
f 2492 2638 2637
f 2493 2638 2492
f 2493 2639 2638
f 2494 2639 2493
f 2494 2640 2639
f 2495 2640 2494
f 2495 2641 2640
f 2496 2641 2495
f 2496 2642 2641
f 2497 2642 2496
f 2497 2643 2642
f 2498 2643 2497
f 2498 2644 2643
f 2499 2644 2498
f 2499 2645 2644
f 2500 2645 2499
f 2500 2646 2645
f 2501 2646 2500
f 2501 2647 2646
f 2502 2647 2501
f 2502 2648 2647
f 2503 2648 2502
f 2503 2649 2648
f 2504 2649 2503
f 2504 2650 2649
f 2505 2650 2504
f 2505 2651 2650
f 2506 2651 2505
f 2506 2652 2651
f 2507 2652 2506
f 2507 2653 2652
f 2508 2653 2507
f 2508 2654 2653
f 2509 2654 2508
f 2509 2655 2654
f 2511 2656 2510
f 2511 2657 2656
f 2512 2657 2511
f 2512 2658 2657
f 2513 2658 2512
f 2513 2659 2658
f 2514 2659 2513
f 2514 2660 2659
f 2515 2660 2514
f 2515 2661 2660
f 2516 2661 2515
f 2516 2662 2661
f 2517 2662 2516
f 2517 2663 2662
f 2518 2663 2517
f 2518 2664 2663
f 2519 2664 2518
f 2519 2665 2664
f 2520 2665 2519
f 2520 2666 2665
f 2521 2666 2520
f 2521 2667 2666
f 2522 2667 2521
f 2522 2668 2667
f 2523 2668 2522
f 2523 2669 2668
f 2524 2669 2523
f 2524 2670 2669
f 2525 2670 2524
f 2525 2671 2670
f 2526 2671 2525
f 2526 2672 2671
f 2527 2672 2526
f 2527 2673 2672
f 2528 2673 2527
f 2528 2674 2673
f 2529 2674 2528
f 2529 2675 2674
f 2530 2675 2529
f 2530 2676 2675
f 2531 2676 2530
f 2531 2677 2676
f 2532 2677 2531
f 2532 2678 2677
f 2533 2678 2532
f 2533 2679 2678
f 2534 2679 2533
f 2534 2680 2679
f 2535 2680 2534
f 2535 2681 2680
f 2536 2681 2535
f 2536 2682 2681
f 2537 2682 2536
f 2537 2683 2682
f 2538 2683 2537
f 2538 2684 2683
f 2539 2684 2538
f 2539 2685 2684
f 2540 2685 2539
f 2540 2686 2685
f 2541 2686 2540
f 2541 2687 2686
f 2543 2688 2542
f 2543 2689 2688
f 2544 2689 2543
f 2544 2690 2689
f 2545 2690 2544
f 2545 2691 2690
f 2546 2691 2545
f 2546 2692 2691
f 2547 2692 2546
f 2547 2693 2692
f 2548 2693 2547
f 2548 2694 2693
f 2549 2694 2548
f 2549 2695 2694
f 2550 2695 2549
f 2550 2696 2695
f 2551 2696 2550
f 2551 2697 2696
f 2552 2697 2551
f 2552 2698 2697
f 2553 2698 2552
f 2553 2699 2698
f 2554 2699 2553
f 2554 2700 2699
f 2555 2700 2554
f 2555 2701 2700
f 2556 2701 2555
f 2556 2702 2701
f 2557 2702 2556
f 2557 2703 2702
f 2558 2703 2557
f 2558 2704 2703
f 2559 2704 2558
f 2559 2705 2704
f 2560 2705 2559
f 2560 2706 2705
f 2561 2706 2560
f 2561 2707 2706
f 2562 2707 2561
f 2562 2708 2707
f 2563 2708 2562
f 2563 2709 2708
f 2564 2709 2563
f 2564 2710 2709
f 2565 2710 2564
f 2565 2711 2710
f 2567 2712 2566
f 2567 2713 2712
f 2569 2714 2568
f 2569 2715 2714
f 2570 2715 2569
f 2570 2716 2715
f 2571 2716 2570
f 2571 2717 2716
f 2572 2717 2571
f 2572 2718 2717
f 2573 2718 2572
f 2573 2719 2718
f 2574 2719 2573
f 2574 2720 2719
f 2575 2720 2574
f 2575 2721 2720
f 2576 2721 2575
f 2576 2722 2721
f 2577 2722 2576
f 2577 2723 2722
f 2578 2723 2577
f 2578 2724 2723
f 2579 2724 2578
f 2579 2725 2724
f 2580 2725 2579
f 2580 2726 2725
f 2581 2726 2580
f 2581 2727 2726
f 2582 2727 2581
f 2582 2728 2727
f 2583 2728 2582
f 2583 2729 2728
f 2584 2729 2583
f 2584 2730 2729
f 2585 2730 2584
f 2585 2731 2730
f 2586 2731 2585
f 2586 2732 2731
f 2587 2732 2586
f 2587 2733 2732
f 2588 2733 2587
f 2588 2734 2733
f 2589 2734 2588
f 2589 2735 2734
f 2590 2735 2589
f 2590 2736 2735
f 2591 2736 2590
f 2591 2737 2736
f 2592 2737 2591
f 2592 2738 2737
f 2593 2738 2592
f 2593 2739 2738
f 2594 2739 2593
f 2594 2740 2739
f 2595 2740 2594
f 2595 2741 2740
f 2596 2741 2595
f 2596 2742 2741
f 2597 2742 2596
f 2597 2743 2742
f 2598 2743 2597
f 2598 2744 2743
f 2599 2744 2598
f 2599 2745 2744
f 2600 2745 2599
f 2600 2746 2745
f 2601 2746 2600
f 2601 2747 2746
f 2602 2747 2601
f 2602 2748 2747
f 2603 2754 2753
f 2604 2754 2603
f 2604 2755 2754
f 2605 2755 2604
f 2605 2756 2755
f 2606 2756 2605
f 2606 2757 2756
f 2607 2757 2606
f 2607 2758 2757
f 2608 2758 2607
f 2608 2759 2758
f 2609 2759 2608
f 2609 2760 2759
f 2610 2760 2609
f 2610 2761 2760
f 2611 2761 2610
f 2611 2762 2761
f 2612 2762 2611
f 2612 2763 2762
f 2613 2763 2612
f 2613 2764 2763
f 2614 2764 2613
f 2614 2765 2764
f 2615 2765 2614
f 2615 2766 2765
f 2616 2766 2615
f 2616 2767 2766
f 2617 2767 2616
f 2617 2768 2767
f 2618 2768 2617
f 2618 2769 2768
f 2619 2769 2618
f 2619 2770 2769
f 2620 2770 2619
f 2620 2771 2770
f 2621 2771 2620
f 2621 2772 2771
f 2624 2774 2623
f 2624 2775 2774
f 2625 2775 2624
f 2625 2776 2775
f 2626 2776 2625
f 2626 2777 2776
f 2627 2777 2626
f 2627 2778 2777
f 2628 2778 2627
f 2628 2779 2778
f 2629 2779 2628
f 2629 2780 2779
f 2630 2780 2629
f 2630 2781 2780
f 2631 2781 2630
f 2631 2782 2781
f 2632 2782 2631
f 2634 2785 2784
f 2635 2785 2634
f 2635 2786 2785
f 2636 2787 2786
f 2637 2787 2636
f 2637 2788 2787
f 2638 2788 2637
f 2638 2789 2788
f 2639 2789 2638
f 2639 2790 2789
f 2640 2790 2639
f 2640 2791 2790
f 2641 2791 2640
f 2641 2792 2791
f 2642 2792 2641
f 2642 2793 2792
f 2643 2793 2642
f 2643 2794 2793
f 2644 2794 2643
f 2644 2795 2794
f 2645 2795 2644
f 2645 2796 2795
f 2646 2796 2645
f 2646 2797 2796
f 2647 2797 2646
f 2647 2798 2797
f 2648 2798 2647
f 2648 2799 2798
f 2649 2799 2648
f 2649 2800 2799
f 2650 2800 2649
f 2650 2801 2800
f 2651 2801 2650
f 2651 2802 2801
f 2652 2802 2651
f 2652 2803 2802
f 2653 2803 2652
f 2653 2804 2803
f 2654 2804 2653
f 2654 2805 2804
f 2655 2805 2654
f 2655 2806 2805
f 2657 2807 2656
f 2657 2808 2807
f 2658 2808 2657
f 2658 2809 2808
f 2659 2809 2658
f 2659 2810 2809
f 2660 2810 2659
f 2660 2811 2810
f 2661 2811 2660
f 2661 2812 2811
f 2662 2812 2661
f 2662 2813 2812
f 2663 2813 2662
f 2663 2814 2813
f 2664 2814 2663
f 2664 2815 2814
f 2665 2815 2664
f 2665 2816 2815
f 2666 2816 2665
f 2666 2817 2816
f 2667 2817 2666
f 2667 2818 2817
f 2668 2818 2667
f 2668 2819 2818
f 2669 2819 2668
f 2669 2820 2819
f 2670 2820 2669
f 2670 2821 2820
f 2671 2821 2670
f 2671 2822 2821
f 2672 2822 2671
f 2672 2823 2822
f 2673 2823 2672
f 2673 2824 2823
f 2674 2824 2673
f 2674 2825 2824
f 2675 2825 2674
f 2675 2826 2825
f 2676 2826 2675
f 2676 2827 2826
f 2677 2827 2676
f 2677 2828 2827
f 2678 2828 2677
f 2678 2829 2828
f 2679 2829 2678
f 2679 2830 2829
f 2680 2830 2679
f 2680 2831 2830
f 2681 2831 2680
f 2681 2832 2831
f 2682 2832 2681
f 2682 2833 2832
f 2683 2833 2682
f 2683 2834 2833
f 2684 2834 2683
f 2684 2835 2834
f 2685 2835 2684
f 2685 2836 2835
f 2686 2836 2685
f 2686 2837 2836
f 2687 2837 2686
f 2687 2838 2837
f 2690 2840 2689
f 2690 2841 2840
f 2691 2841 2690
f 2691 2842 2841
f 2692 2842 2691
f 2692 2843 2842
f 2693 2843 2692
f 2693 2844 2843
f 2694 2844 2693
f 2694 2845 2844
f 2695 2845 2694
f 2695 2846 2845
f 2696 2846 2695
f 2696 2847 2846
f 2697 2847 2696
f 2697 2848 2847
f 2698 2848 2697
f 2698 2849 2848
f 2699 2849 2698
f 2699 2850 2849
f 2700 2850 2699
f 2700 2851 2850
f 2701 2851 2700
f 2701 2852 2851
f 2702 2852 2701
f 2702 2853 2852
f 2703 2853 2702
f 2703 2854 2853
f 2704 2854 2703
f 2704 2855 2854
f 2705 2855 2704
f 2705 2856 2855
f 2706 2856 2705
f 2706 2857 2856
f 2707 2857 2706
f 2707 2858 2857
f 2708 2858 2707
f 2708 2859 2858
f 2709 2859 2708
f 2709 2860 2859
f 2710 2860 2709
f 2710 2861 2860
f 2711 2861 2710
f 2711 2862 2861
f 2713 2863 2712
f 2713 2864 2863
f 2715 2865 2714
f 2715 2866 2865
f 2716 2866 2715
f 2716 2867 2866
f 2717 2867 2716
f 2717 2868 2867
f 2718 2868 2717
f 2718 2869 2868
f 2719 2869 2718
f 2719 2870 2869
f 2720 2870 2719
f 2720 2871 2870
f 2721 2871 2720
f 2721 2872 2871
f 2722 2872 2721
f 2722 2873 2872
f 2723 2873 2722
f 2723 2874 2873
f 2724 2874 2723
f 2724 2875 2874
f 2725 2875 2724
f 2725 2876 2875
f 2726 2876 2725
f 2726 2877 2876
f 2727 2877 2726
f 2727 2878 2877
f 2728 2878 2727
f 2728 2879 2878
f 2729 2879 2728
f 2729 2880 2879
f 2730 2880 2729
f 2730 2881 2880
f 2731 2881 2730
f 2731 2882 2881
f 2732 2882 2731
f 2732 2883 2882
f 2733 2883 2732
f 2733 2884 2883
f 2734 2884 2733
f 2734 2885 2884
f 2735 2885 2734
f 2735 2886 2885
f 2736 2886 2735
f 2736 2887 2886
f 2737 2887 2736
f 2737 2888 2887
f 2738 2888 2737
f 2738 2889 2888
f 2739 2889 2738
f 2739 2890 2889
f 2740 2890 2739
f 2740 2891 2890
f 2741 2891 2740
f 2741 2892 2891
f 2742 2892 2741
f 2742 2893 2892
f 2743 2893 2742
f 2743 2894 2893
f 2744 2894 2743
f 2744 2895 2894
f 2745 2895 2744
f 2745 2896 2895
f 2746 2896 2745
f 2746 2897 2896
f 2747 2897 2746
f 2747 2898 2897
f 2748 2898 2747
f 2748 2899 2898
f 2749 2899 2748
f 2749 2900 2899
f 2750 2900 2749
f 2750 2901 2900
f 2751 2901 2750
f 2751 2902 2901
f 2752 2902 2751
f 2752 2903 2902
f 2753 2903 2752
f 2753 2904 2903
f 2754 2904 2753
f 2754 2905 2904
f 2755 2905 2754
f 2755 2906 2905
f 2756 2906 2755
f 2756 2907 2906
f 2757 2907 2756
f 2757 2908 2907
f 2758 2908 2757
f 2758 2909 2908
f 2759 2909 2758
f 2759 2910 2909
f 2760 2910 2759
f 2760 2911 2910
f 2761 2911 2760
f 2761 2912 2911
f 2762 2912 2761
f 2762 2913 2912
f 2763 2913 2762
f 2763 2914 2913
f 2764 2914 2763
f 2764 2915 2914
f 2765 2915 2764
f 2765 2916 2915
f 2766 2916 2765
f 2766 2917 2916
f 2767 2917 2766
f 2767 2918 2917
f 2768 2918 2767
f 2768 2919 2918
f 2769 2919 2768
f 2769 2920 2919
f 2770 2920 2769
f 2770 2921 2920
f 2771 2921 2770
f 2771 2922 2921
f 2772 2922 2771
f 2772 2923 2922
f 2773 2923 2772
f 2773 2924 2923
f 2776 2926 2775
f 2776 2927 2926
f 2777 2927 2776
f 2777 2928 2927
f 2778 2928 2777
f 2778 2929 2928
f 2779 2929 2778
f 2779 2930 2929
f 2780 2930 2779
f 2780 2931 2930
f 2781 2931 2780
f 2783 2933 2932
f 2788 2936 2787
f 2788 2937 2936
f 2789 2937 2788
f 2789 2938 2937
f 2790 2938 2789
f 2790 2939 2938
f 2791 2939 2790
f 2791 2940 2939
f 2792 2940 2791
f 2792 2941 2940
f 2793 2941 2792
f 2793 2942 2941
f 2794 2942 2793
f 2794 2943 2942
f 2795 2943 2794
f 2795 2944 2943
f 2796 2944 2795
f 2796 2945 2944
f 2797 2945 2796
f 2797 2946 2945
f 2798 2946 2797
f 2798 2947 2946
f 2799 2947 2798
f 2799 2948 2947
f 2800 2948 2799
f 2800 2949 2948
f 2801 2949 2800
f 2801 2950 2949
f 2802 2950 2801
f 2802 2951 2950
f 2803 2951 2802
f 2803 2952 2951
f 2804 2952 2803
f 2804 2953 2952
f 2805 2953 2804
f 2805 2954 2953
f 2806 2954 2805
f 2806 2955 2954
f 2808 2956 2807
f 2808 2957 2956
f 2809 2957 2808
f 2809 2958 2957
f 2810 2958 2809
f 2810 2959 2958
f 2811 2959 2810
f 2811 2960 2959
f 2812 2960 2811
f 2812 2961 2960
f 2813 2961 2812
f 2813 2962 2961
f 2814 2962 2813
f 2814 2963 2962
f 2815 2963 2814
f 2815 2964 2963
f 2816 2964 2815
f 2816 2965 2964
f 2817 2965 2816
f 2817 2966 2965
f 2818 2966 2817
f 2818 2967 2966
f 2819 2967 2818
f 2819 2968 2967
f 2820 2968 2819
f 2820 2969 2968
f 2821 2969 2820
f 2821 2970 2969
f 2822 2970 2821
f 2822 2971 2970
f 2823 2971 2822
f 2823 2972 2971
f 2824 2972 2823
f 2824 2973 2972
f 2825 2973 2824
f 2825 2974 2973
f 2826 2974 2825
f 2826 2975 2974
f 2827 2975 2826
f 2827 2976 2975
f 2828 2976 2827
f 2828 2977 2976
f 2829 2977 2828
f 2829 2978 2977
f 2830 2978 2829
f 2830 2979 2978
f 2831 2979 2830
f 2831 2980 2979
f 2832 2980 2831
f 2832 2981 2980
f 2833 2981 2832
f 2833 2982 2981
f 2834 2982 2833
f 2834 2983 2982
f 2835 2983 2834
f 2835 2984 2983
f 2836 2984 2835
f 2836 2985 2984
f 2837 2985 2836
f 2837 2986 2985
f 2838 2986 2837
f 2838 2987 2986
f 2839 2987 2838
f 2839 2988 2987
f 2841 2989 2840
f 2841 2990 2989
f 2842 2990 2841
f 2842 2991 2990
f 2843 2991 2842
f 2843 2992 2991
f 2844 2992 2843
f 2844 2993 2992
f 2845 2993 2844
f 2845 2994 2993
f 2846 2994 2845
f 2846 2995 2994
f 2847 2995 2846
f 2847 2996 2995
f 2848 2996 2847
f 2848 2997 2996
f 2849 2997 2848
f 2849 2998 2997
f 2850 2998 2849
f 2850 2999 2998
f 2851 2999 2850
f 2851 3000 2999
f 2852 3000 2851
f 2852 3001 3000
f 2853 3001 2852
f 2853 3002 3001
f 2854 3002 2853
f 2854 3003 3002
f 2855 3003 2854
f 2855 3004 3003
f 2856 3004 2855
f 2856 3005 3004
f 2857 3005 2856
f 2857 3006 3005
f 2858 3006 2857
f 2858 3007 3006
f 2859 3007 2858
f 2859 3008 3007
f 2860 3008 2859
f 2860 3009 3008
f 2861 3009 2860
f 2861 3010 3009
f 2862 3010 2861
f 2863 3012 3011
f 2864 3012 2863
f 2864 3013 3012
f 2866 3014 2865
f 2866 3015 3014
f 2867 3015 2866
f 2867 3016 3015
f 2868 3016 2867
f 2868 3017 3016
f 2869 3017 2868
f 2869 3018 3017
f 2870 3018 2869
f 2870 3019 3018
f 2871 3019 2870
f 2871 3020 3019
f 2872 3020 2871
f 2872 3021 3020
f 2873 3021 2872
f 2873 3022 3021
f 2874 3022 2873
f 2874 3023 3022
f 2875 3023 2874
f 2875 3024 3023
f 2876 3024 2875
f 2876 3025 3024
f 2877 3025 2876
f 2877 3026 3025
f 2878 3026 2877
f 2878 3027 3026
f 2879 3027 2878
f 2879 3028 3027
f 2880 3028 2879
f 2880 3029 3028
f 2881 3029 2880
f 2881 3030 3029
f 2882 3030 2881
f 2882 3031 3030
f 2883 3031 2882
f 2883 3032 3031
f 2884 3032 2883
f 2884 3033 3032
f 2885 3033 2884
f 2885 3034 3033
f 2886 3034 2885
f 2886 3035 3034
f 2887 3035 2886
f 2887 3036 3035
f 2888 3036 2887
f 2888 3037 3036
f 2889 3037 2888
f 2889 3038 3037
f 2890 3038 2889
f 2890 3039 3038
f 2891 3039 2890
f 2891 3040 3039
f 2892 3040 2891
f 2892 3041 3040
f 2893 3041 2892
f 2893 3042 3041
f 2894 3042 2893
f 2894 3043 3042
f 2895 3043 2894
f 2895 3044 3043
f 2896 3044 2895
f 2896 3045 3044
f 2897 3045 2896
f 2897 3046 3045
f 2898 3046 2897
f 2898 3047 3046
f 2899 3047 2898
f 2899 3048 3047
f 2900 3048 2899
f 2900 3049 3048
f 2901 3049 2900
f 2901 3050 3049
f 2902 3050 2901
f 2902 3051 3050
f 2903 3051 2902
f 2903 3052 3051
f 2904 3052 2903
f 2904 3053 3052
f 2905 3053 2904
f 2905 3054 3053
f 2906 3054 2905
f 2906 3055 3054
f 2907 3055 2906
f 2907 3056 3055
f 2908 3056 2907
f 2908 3057 3056
f 2909 3057 2908
f 2909 3058 3057
f 2910 3058 2909
f 2910 3059 3058
f 2911 3059 2910
f 2911 3060 3059
f 2912 3060 2911
f 2912 3061 3060
f 2913 3061 2912
f 2913 3062 3061
f 2914 3062 2913
f 2914 3063 3062
f 2915 3063 2914
f 2915 3064 3063
f 2916 3064 2915
f 2916 3065 3064
f 2917 3065 2916
f 2917 3066 3065
f 2918 3066 2917
f 2918 3067 3066
f 2919 3067 2918
f 2919 3068 3067
f 2920 3068 2919
f 2920 3069 3068
f 2921 3069 2920
f 2921 3070 3069
f 2922 3070 2921
f 2922 3071 3070
f 2923 3071 2922
f 2923 3072 3071
f 2924 3072 2923
f 2924 3073 3072
f 2925 3073 2924
f 2925 3074 3073
f 2929 3077 2928
f 2929 3078 3077
f 2930 3078 2929
f 2933 3082 2932
f 2933 3083 3082
f 2934 3083 2933
f 2934 3084 3083
f 2935 3084 2934
f 2935 3085 3084
f 2938 3086 2937
f 2938 3087 3086
f 2939 3087 2938
f 2939 3088 3087
f 2940 3088 2939
f 2940 3089 3088
f 2941 3089 2940
f 2941 3090 3089
f 2942 3090 2941
f 2942 3091 3090
f 2943 3091 2942
f 2943 3092 3091
f 2944 3092 2943
f 2944 3093 3092
f 2945 3093 2944
f 2945 3094 3093
f 2946 3094 2945
f 2946 3095 3094
f 2947 3095 2946
f 2947 3096 3095
f 2948 3096 2947
f 2948 3097 3096
f 2949 3097 2948
f 2949 3098 3097
f 2950 3098 2949
f 2950 3099 3098
f 2951 3099 2950
f 2951 3100 3099
f 2952 3100 2951
f 2952 3101 3100
f 2953 3101 2952
f 2953 3102 3101
f 2954 3102 2953
f 2954 3103 3102
f 2955 3103 2954
f 2955 3104 3103
f 2957 3105 2956
f 2957 3106 3105
f 2958 3106 2957
f 2958 3107 3106
f 2959 3107 2958
f 2959 3108 3107
f 2960 3108 2959
f 2960 3109 3108
f 2961 3109 2960
f 2961 3110 3109
f 2962 3110 2961
f 2962 3111 3110
f 2963 3111 2962
f 2963 3112 3111
f 2964 3112 2963
f 2964 3113 3112
f 2965 3113 2964
f 2965 3114 3113
f 2966 3114 2965
f 2966 3115 3114
f 2967 3115 2966
f 2967 3116 3115
f 2968 3116 2967
f 2968 3117 3116
f 2969 3117 2968
f 2969 3118 3117
f 2970 3118 2969
f 2970 3119 3118
f 2971 3119 2970
f 2971 3120 3119
f 2972 3120 2971
f 2972 3121 3120
f 2973 3121 2972
f 2973 3122 3121
f 2974 3122 2973
f 2974 3123 3122
f 2975 3123 2974
f 2975 3124 3123
f 2976 3124 2975
f 2976 3125 3124
f 2977 3125 2976
f 2977 3126 3125
f 2978 3126 2977
f 2978 3127 3126
f 2979 3127 2978
f 2979 3128 3127
f 2980 3128 2979
f 2980 3129 3128
f 2981 3129 2980
f 2981 3130 3129
f 2982 3130 2981
f 2982 3131 3130
f 2983 3131 2982
f 2983 3132 3131
f 2984 3132 2983
f 2984 3133 3132
f 2985 3133 2984
f 2985 3134 3133
f 2986 3134 2985
f 2986 3135 3134
f 2987 3135 2986
f 2987 3136 3135
f 2988 3136 2987
f 2988 3137 3136
f 2991 3139 2990
f 2991 3140 3139
f 2992 3140 2991
f 2992 3141 3140
f 2993 3141 2992
f 2993 3142 3141
f 2994 3142 2993
f 2994 3143 3142
f 2995 3143 2994
f 2995 3144 3143
f 2996 3144 2995
f 2996 3145 3144
f 2997 3145 2996
f 2997 3146 3145
f 2998 3146 2997
f 2998 3147 3146
f 2999 3147 2998
f 2999 3148 3147
f 3000 3148 2999
f 3000 3149 3148
f 3001 3149 3000
f 3001 3150 3149
f 3002 3150 3001
f 3002 3151 3150
f 3003 3151 3002
f 3003 3152 3151
f 3004 3152 3003
f 3004 3153 3152
f 3005 3153 3004
f 3005 3154 3153
f 3006 3154 3005
f 3006 3155 3154
f 3007 3155 3006
f 3007 3156 3155
f 3008 3156 3007
f 3008 3157 3156
f 3009 3157 3008
f 3009 3158 3157
f 3010 3158 3009
f 3010 3159 3158
f 3012 3160 3011
f 3012 3161 3160
f 3013 3161 3012
f 3013 3162 3161
f 3015 3163 3014
f 3015 3164 3163
f 3016 3164 3015
f 3016 3165 3164
f 3017 3165 3016
f 3017 3166 3165
f 3018 3166 3017
f 3018 3167 3166
f 3019 3167 3018
f 3019 3168 3167
f 3020 3168 3019
f 3020 3169 3168
f 3021 3169 3020
f 3021 3170 3169
f 3022 3170 3021
f 3022 3171 3170
f 3023 3171 3022
f 3023 3172 3171
f 3024 3172 3023
f 3024 3173 3172
f 3025 3173 3024
f 3025 3174 3173
f 3026 3174 3025
f 3026 3175 3174
f 3027 3175 3026
f 3027 3176 3175
f 3028 3176 3027
f 3028 3177 3176
f 3029 3177 3028
f 3029 3178 3177
f 3030 3178 3029
f 3030 3179 3178
f 3031 3179 3030
f 3031 3180 3179
f 3032 3180 3031
f 3032 3181 3180
f 3033 3181 3032
f 3033 3182 3181
f 3034 3182 3033
f 3034 3183 3182
f 3035 3183 3034
f 3035 3184 3183
f 3036 3184 3035
f 3036 3185 3184
f 3037 3185 3036
f 3037 3186 3185
f 3038 3186 3037
f 3038 3187 3186
f 3039 3187 3038
f 3039 3188 3187
f 3040 3188 3039
f 3040 3189 3188
f 3041 3189 3040
f 3041 3190 3189
f 3042 3190 3041
f 3042 3191 3190
f 3043 3191 3042
f 3043 3192 3191
f 3044 3192 3043
f 3044 3193 3192
f 3045 3193 3044
f 3045 3194 3193
f 3046 3194 3045
f 3046 3195 3194
f 3047 3195 3046
f 3047 3196 3195
f 3048 3196 3047
f 3048 3197 3196
f 3049 3197 3048
f 3049 3198 3197
f 3050 3198 3049
f 3050 3199 3198
f 3051 3199 3050
f 3051 3200 3199
f 3052 3200 3051
f 3052 3201 3200
f 3053 3201 3052
f 3053 3202 3201
f 3054 3202 3053
f 3054 3203 3202
f 3055 3203 3054
f 3055 3204 3203
f 3056 3204 3055
f 3056 3205 3204
f 3057 3205 3056
f 3057 3206 3205
f 3058 3206 3057
f 3058 3207 3206
f 3059 3207 3058
f 3059 3208 3207
f 3060 3208 3059
f 3060 3209 3208
f 3061 3209 3060
f 3061 3210 3209
f 3062 3210 3061
f 3062 3211 3210
f 3063 3211 3062
f 3063 3212 3211
f 3064 3212 3063
f 3064 3213 3212
f 3065 3213 3064
f 3065 3214 3213
f 3066 3214 3065
f 3066 3215 3214
f 3067 3215 3066
f 3067 3216 3215
f 3068 3216 3067
f 3068 3217 3216
f 3069 3217 3068
f 3069 3218 3217
f 3070 3218 3069
f 3070 3219 3218
f 3071 3219 3070
f 3071 3220 3219
f 3072 3220 3071
f 3072 3221 3220
f 3073 3221 3072
f 3073 3222 3221
f 3074 3222 3073
f 3074 3223 3222
f 3075 3223 3074
f 3075 3224 3223
f 3076 3224 3075
f 3076 3225 3224
f 3079 3228 3227
f 3080 3228 3079
f 3080 3229 3228
f 3081 3229 3080
f 3081 3230 3229
f 3084 3232 3083
f 3084 3233 3232
f 3085 3233 3084
f 3087 3234 3086
f 3087 3235 3234
f 3088 3235 3087
f 3088 3236 3235
f 3089 3236 3088
f 3089 3237 3236
f 3090 3237 3089
f 3090 3238 3237
f 3091 3238 3090
f 3091 3239 3238
f 3092 3239 3091
f 3092 3240 3239
f 3093 3240 3092
f 3093 3241 3240
f 3094 3241 3093
f 3094 3242 3241
f 3095 3242 3094
f 3095 3243 3242
f 3096 3243 3095
f 3096 3244 3243
f 3097 3244 3096
f 3097 3245 3244
f 3098 3245 3097
f 3098 3246 3245
f 3099 3246 3098
f 3099 3247 3246
f 3100 3247 3099
f 3100 3248 3247
f 3101 3248 3100
f 3101 3249 3248
f 3102 3249 3101
f 3102 3250 3249
f 3103 3250 3102
f 3103 3251 3250
f 3104 3251 3103
f 3104 3252 3251
f 3106 3253 3105
f 3106 3254 3253
f 3107 3254 3106
f 3107 3255 3254
f 3108 3255 3107
f 3108 3256 3255
f 3109 3256 3108
f 3109 3257 3256
f 3110 3257 3109
f 3110 3258 3257
f 3111 3258 3110
f 3111 3259 3258
f 3112 3259 3111
f 3112 3260 3259
f 3113 3260 3112
f 3113 3261 3260
f 3114 3261 3113
f 3114 3262 3261
f 3115 3262 3114
f 3115 3263 3262
f 3116 3263 3115
f 3116 3264 3263
f 3117 3264 3116
f 3117 3265 3264
f 3118 3265 3117
f 3118 3266 3265
f 3119 3266 3118
f 3119 3267 3266
f 3120 3267 3119
f 3120 3268 3267
f 3121 3268 3120
f 3121 3269 3268
f 3122 3269 3121
f 3122 3270 3269
f 3123 3270 3122
f 3123 3271 3270
f 3124 3271 3123
f 3124 3272 3271
f 3125 3272 3124
f 3125 3273 3272
f 3126 3273 3125
f 3126 3274 3273
f 3127 3274 3126
f 3127 3275 3274
f 3128 3275 3127
f 3128 3276 3275
f 3129 3276 3128
f 3129 3277 3276
f 3130 3277 3129
f 3130 3278 3277
f 3131 3278 3130
f 3131 3279 3278
f 3132 3279 3131
f 3132 3280 3279
f 3133 3280 3132
f 3133 3281 3280
f 3134 3281 3133
f 3134 3282 3281
f 3135 3282 3134
f 3135 3283 3282
f 3136 3283 3135
f 3136 3284 3283
f 3137 3284 3136
f 3137 3285 3284
f 3138 3285 3137
f 3138 3286 3285
f 3141 3288 3140
f 3141 3289 3288
f 3142 3289 3141
f 3142 3290 3289
f 3143 3290 3142
f 3143 3291 3290
f 3144 3291 3143
f 3144 3292 3291
f 3145 3292 3144
f 3145 3293 3292
f 3146 3293 3145
f 3146 3294 3293
f 3147 3294 3146
f 3147 3295 3294
f 3148 3295 3147
f 3148 3296 3295
f 3149 3296 3148
f 3149 3297 3296
f 3150 3297 3149
f 3150 3298 3297
f 3151 3298 3150
f 3151 3299 3298
f 3152 3299 3151
f 3152 3300 3299
f 3153 3300 3152
f 3153 3301 3300
f 3154 3301 3153
f 3154 3302 3301
f 3155 3302 3154
f 3155 3303 3302
f 3156 3303 3155
f 3156 3304 3303
f 3157 3304 3156
f 3157 3305 3304
f 3158 3305 3157
f 3158 3306 3305
f 3159 3306 3158
f 3160 3308 3307
f 3161 3308 3160
f 3161 3309 3308
f 3162 3309 3161
f 3162 3310 3309
f 3164 3311 3163
f 3164 3312 3311
f 3165 3312 3164
f 3165 3313 3312
f 3166 3313 3165
f 3166 3314 3313
f 3167 3314 3166
f 3167 3315 3314
f 3168 3315 3167
f 3168 3316 3315
f 3169 3316 3168
f 3169 3317 3316
f 3170 3317 3169
f 3170 3318 3317
f 3171 3318 3170
f 3171 3319 3318
f 3172 3319 3171
f 3172 3320 3319
f 3173 3320 3172
f 3173 3321 3320
f 3174 3321 3173
f 3174 3322 3321
f 3175 3322 3174
f 3175 3323 3322
f 3176 3323 3175
f 3176 3324 3323
f 3177 3324 3176
f 3177 3325 3324
f 3178 3325 3177
f 3178 3326 3325
f 3179 3326 3178
f 3179 3327 3326
f 3180 3327 3179
f 3180 3328 3327
f 3181 3328 3180
f 3181 3329 3328
f 3182 3329 3181
f 3182 3330 3329
f 3183 3330 3182
f 3183 3331 3330
f 3184 3331 3183
f 3184 3332 3331
f 3185 3332 3184
f 3185 3333 3332
f 3186 3333 3185
f 3186 3334 3333
f 3187 3334 3186
f 3187 3335 3334
f 3188 3335 3187
f 3188 3336 3335
f 3189 3336 3188
f 3189 3337 3336
f 3190 3337 3189
f 3190 3338 3337
f 3191 3338 3190
f 3191 3339 3338
f 3192 3339 3191
f 3192 3340 3339
f 3193 3340 3192
f 3193 3341 3340
f 3194 3341 3193
f 3194 3342 3341
f 3195 3342 3194
f 3195 3343 3342
f 3196 3343 3195
f 3196 3344 3343
f 3197 3344 3196
f 3197 3345 3344
f 3198 3345 3197
f 3198 3346 3345
f 3199 3346 3198
f 3199 3347 3346
f 3200 3347 3199
f 3200 3348 3347
f 3201 3348 3200
f 3201 3349 3348
f 3202 3349 3201
f 3202 3350 3349
f 3203 3350 3202
f 3203 3351 3350
f 3204 3351 3203
f 3204 3352 3351
f 3205 3352 3204
f 3205 3353 3352
f 3206 3353 3205
f 3206 3354 3353
f 3207 3354 3206
f 3207 3355 3354
f 3208 3355 3207
f 3208 3356 3355
f 3209 3356 3208
f 3209 3357 3356
f 3210 3357 3209
f 3210 3358 3357
f 3211 3358 3210
f 3211 3359 3358
f 3212 3359 3211
f 3212 3360 3359
f 3213 3360 3212
f 3213 3361 3360
f 3214 3361 3213
f 3214 3362 3361
f 3215 3362 3214
f 3215 3363 3362
f 3216 3363 3215
f 3216 3364 3363
f 3217 3364 3216
f 3217 3365 3364
f 3218 3365 3217
f 3218 3366 3365
f 3219 3366 3218
f 3219 3367 3366
f 3220 3367 3219
f 3220 3368 3367
f 3221 3368 3220
f 3221 3369 3368
f 3222 3369 3221
f 3222 3370 3369
f 3223 3370 3222
f 3223 3371 3370
f 3224 3371 3223
f 3224 3372 3371
f 3225 3372 3224
f 3225 3373 3372
f 3226 3373 3225
f 3226 3374 3373
f 3227 3374 3226
f 3227 3375 3374
f 3228 3375 3227
f 3228 3376 3375
f 3229 3376 3228
f 3229 3377 3376
f 3230 3377 3229
f 3230 3378 3377
f 3231 3378 3230
f 3231 3379 3378
f 3232 3380 3379
f 3233 3380 3232
f 3236 3381 3235
f 3236 3382 3381
f 3237 3382 3236
f 3237 3383 3382
f 3238 3383 3237
f 3238 3384 3383
f 3239 3384 3238
f 3239 3385 3384
f 3240 3385 3239
f 3240 3386 3385
f 3241 3386 3240
f 3241 3387 3386
f 3242 3387 3241
f 3242 3388 3387
f 3243 3388 3242
f 3243 3389 3388
f 3244 3389 3243
f 3244 3390 3389
f 3245 3390 3244
f 3245 3391 3390
f 3246 3391 3245
f 3246 3392 3391
f 3247 3392 3246
f 3247 3393 3392
f 3248 3393 3247
f 3248 3394 3393
f 3249 3394 3248
f 3249 3395 3394
f 3250 3395 3249
f 3250 3396 3395
f 3251 3396 3250
f 3251 3397 3396
f 3252 3397 3251
f 3252 3398 3397
f 3255 3399 3254
f 3255 3400 3399
f 3256 3400 3255
f 3256 3401 3400
f 3257 3401 3256
f 3257 3402 3401
f 3258 3402 3257
f 3258 3403 3402
f 3259 3403 3258
f 3259 3404 3403
f 3260 3404 3259
f 3260 3405 3404
f 3261 3405 3260
f 3261 3406 3405
f 3262 3406 3261
f 3262 3407 3406
f 3263 3407 3262
f 3263 3408 3407
f 3264 3408 3263
f 3264 3409 3408
f 3265 3409 3264
f 3265 3410 3409
f 3266 3410 3265
f 3266 3411 3410
f 3267 3411 3266
f 3267 3412 3411
f 3268 3412 3267
f 3268 3413 3412
f 3269 3413 3268
f 3269 3414 3413
f 3270 3414 3269
f 3270 3415 3414
f 3271 3415 3270
f 3271 3416 3415
f 3272 3416 3271
f 3272 3417 3416
f 3273 3417 3272
f 3273 3418 3417
f 3274 3418 3273
f 3274 3419 3418
f 3275 3419 3274
f 3275 3420 3419
f 3276 3420 3275
f 3276 3421 3420
f 3277 3421 3276
f 3277 3422 3421
f 3278 3422 3277
f 3278 3423 3422
f 3279 3423 3278
f 3279 3424 3423
f 3280 3424 3279
f 3280 3425 3424
f 3281 3425 3280
f 3281 3426 3425
f 3282 3426 3281
f 3282 3427 3426
f 3283 3427 3282
f 3283 3428 3427
f 3284 3428 3283
f 3284 3429 3428
f 3285 3429 3284
f 3285 3430 3429
f 3286 3430 3285
f 3286 3431 3430
f 3287 3431 3286
f 3287 3432 3431
f 3289 3433 3288
f 3289 3434 3433
f 3290 3434 3289
f 3290 3435 3434
f 3291 3435 3290
f 3291 3436 3435
f 3292 3436 3291
f 3292 3437 3436
f 3293 3437 3292
f 3293 3438 3437
f 3294 3438 3293
f 3294 3439 3438
f 3295 3439 3294
f 3295 3440 3439
f 3296 3440 3295
f 3296 3441 3440
f 3297 3441 3296
f 3297 3442 3441
f 3298 3442 3297
f 3298 3443 3442
f 3299 3443 3298
f 3299 3444 3443
f 3300 3444 3299
f 3300 3445 3444
f 3301 3445 3300
f 3301 3446 3445
f 3302 3446 3301
f 3302 3447 3446
f 3303 3447 3302
f 3303 3448 3447
f 3304 3448 3303
f 3304 3449 3448
f 3305 3449 3304
f 3305 3450 3449
f 3306 3450 3305
f 3308 3451 3307
f 3308 3452 3451
f 3309 3452 3308
f 3309 3453 3452
f 3310 3453 3309
f 3310 3454 3453
f 3312 3455 3311
f 3312 3456 3455
f 3313 3456 3312
f 3313 3457 3456
f 3314 3457 3313
f 3314 3458 3457
f 3315 3458 3314
f 3315 3459 3458
f 3316 3459 3315
f 3316 3460 3459
f 3317 3460 3316
f 3317 3461 3460
f 3318 3461 3317
f 3318 3462 3461
f 3319 3462 3318
f 3319 3463 3462
f 3320 3463 3319
f 3320 3464 3463
f 3321 3464 3320
f 3321 3465 3464
f 3322 3465 3321
f 3322 3466 3465
f 3323 3466 3322
f 3323 3467 3466
f 3324 3467 3323
f 3324 3468 3467
f 3325 3468 3324
f 3325 3469 3468
f 3326 3469 3325
f 3326 3470 3469
f 3327 3470 3326
f 3327 3471 3470
f 3328 3471 3327
f 3328 3472 3471
f 3329 3472 3328
f 3329 3473 3472
f 3330 3473 3329
f 3330 3474 3473
f 3331 3474 3330
f 3331 3475 3474
f 3332 3475 3331
f 3332 3476 3475
f 3333 3476 3332
f 3333 3477 3476
f 3334 3477 3333
f 3334 3478 3477
f 3335 3478 3334
f 3335 3479 3478
f 3336 3479 3335
f 3336 3480 3479
f 3337 3480 3336
f 3337 3481 3480
f 3338 3481 3337
f 3338 3482 3481
f 3339 3482 3338
f 3339 3483 3482
f 3340 3483 3339
f 3340 3484 3483
f 3341 3484 3340
f 3341 3485 3484
f 3342 3485 3341
f 3342 3486 3485
f 3343 3486 3342
f 3343 3487 3486
f 3344 3487 3343
f 3344 3488 3487
f 3345 3488 3344
f 3345 3489 3488
f 3346 3489 3345
f 3346 3490 3489
f 3347 3490 3346
f 3347 3491 3490
f 3348 3491 3347
f 3348 3492 3491
f 3349 3492 3348
f 3349 3493 3492
f 3350 3493 3349
f 3350 3494 3493
f 3351 3494 3350
f 3351 3495 3494
f 3352 3495 3351
f 3352 3496 3495
f 3353 3496 3352
f 3353 3497 3496
f 3354 3497 3353
f 3354 3498 3497
f 3355 3498 3354
f 3355 3499 3498
f 3356 3499 3355
f 3356 3500 3499
f 3357 3500 3356
f 3357 3501 3500
f 3358 3501 3357
f 3358 3502 3501
f 3359 3502 3358
f 3359 3503 3502
f 3360 3503 3359
f 3360 3504 3503
f 3361 3504 3360
f 3361 3505 3504
f 3362 3505 3361
f 3362 3506 3505
f 3363 3506 3362
f 3363 3507 3506
f 3364 3507 3363
f 3364 3508 3507
f 3365 3508 3364
f 3365 3509 3508
f 3366 3509 3365
f 3366 3510 3509
f 3367 3510 3366
f 3367 3511 3510
f 3368 3511 3367
f 3368 3512 3511
f 3369 3512 3368
f 3369 3513 3512
f 3370 3513 3369
f 3370 3514 3513
f 3371 3514 3370
f 3371 3515 3514
f 3372 3515 3371
f 3372 3516 3515
f 3373 3516 3372
f 3373 3517 3516
f 3374 3517 3373
f 3374 3518 3517
f 3375 3518 3374
f 3375 3519 3518
f 3376 3519 3375
f 3376 3520 3519
f 3377 3520 3376
f 3377 3521 3520
f 3378 3521 3377
f 3378 3522 3521
f 3379 3522 3378
f 3379 3523 3522
f 3380 3523 3379
f 3380 3524 3523
f 3383 3525 3382
f 3383 3526 3525
f 3384 3526 3383
f 3384 3527 3526
f 3385 3527 3384
f 3385 3528 3527
f 3386 3528 3385
f 3386 3529 3528
f 3387 3529 3386
f 3387 3530 3529
f 3388 3530 3387
f 3388 3531 3530
f 3389 3531 3388
f 3389 3532 3531
f 3390 3532 3389
f 3390 3533 3532
f 3391 3533 3390
f 3391 3534 3533
f 3392 3534 3391
f 3392 3535 3534
f 3393 3535 3392
f 3393 3536 3535
f 3394 3536 3393
f 3394 3537 3536
f 3395 3537 3394
f 3395 3538 3537
f 3396 3538 3395
f 3396 3539 3538
f 3397 3539 3396
f 3397 3540 3539
f 3398 3540 3397
f 3398 3541 3540
f 3400 3542 3399
f 3400 3543 3542
f 3401 3543 3400
f 3401 3544 3543
f 3402 3544 3401
f 3402 3545 3544
f 3403 3545 3402
f 3403 3546 3545
f 3404 3546 3403
f 3404 3547 3546
f 3405 3547 3404
f 3405 3548 3547
f 3406 3548 3405
f 3406 3549 3548
f 3407 3549 3406
f 3407 3550 3549
f 3408 3550 3407
f 3408 3551 3550
f 3409 3551 3408
f 3409 3552 3551
f 3410 3552 3409
f 3410 3553 3552
f 3411 3553 3410
f 3411 3554 3553
f 3412 3554 3411
f 3412 3555 3554
f 3413 3555 3412
f 3413 3556 3555
f 3414 3556 3413
f 3414 3557 3556
f 3415 3557 3414
f 3415 3558 3557
f 3416 3558 3415
f 3416 3559 3558
f 3417 3559 3416
f 3417 3560 3559
f 3418 3560 3417
f 3418 3561 3560
f 3419 3561 3418
f 3419 3562 3561
f 3420 3562 3419
f 3420 3563 3562
f 3421 3563 3420
f 3421 3564 3563
f 3422 3564 3421
f 3422 3565 3564
f 3423 3565 3422
f 3423 3566 3565
f 3424 3566 3423
f 3424 3567 3566
f 3425 3567 3424
f 3425 3568 3567
f 3426 3568 3425
f 3426 3569 3568
f 3427 3569 3426
f 3427 3570 3569
f 3428 3570 3427
f 3428 3571 3570
f 3429 3571 3428
f 3429 3572 3571
f 3430 3572 3429
f 3430 3573 3572
f 3431 3573 3430
f 3431 3574 3573
f 3432 3574 3431
f 3432 3575 3574
f 3435 3577 3434
f 3435 3578 3577
f 3436 3578 3435
f 3436 3579 3578
f 3437 3579 3436
f 3437 3580 3579
f 3438 3580 3437
f 3438 3581 3580
f 3439 3581 3438
f 3439 3582 3581
f 3440 3582 3439
f 3440 3583 3582
f 3441 3583 3440
f 3441 3584 3583
f 3442 3584 3441
f 3442 3585 3584
f 3443 3585 3442
f 3443 3586 3585
f 3444 3586 3443
f 3444 3587 3586
f 3445 3587 3444
f 3445 3588 3587
f 3446 3588 3445
f 3446 3589 3588
f 3447 3589 3446
f 3447 3590 3589
f 3448 3590 3447
f 3448 3591 3590
f 3449 3591 3448
f 3449 3592 3591
f 3450 3592 3449
f 3450 3593 3592
f 3451 3595 3594
f 3452 3595 3451
f 3452 3596 3595
f 3453 3596 3452
f 3454 3597 3453
f 3454 3598 3597
f 3456 3599 3455
f 3456 3600 3599
f 3457 3600 3456
f 3457 3601 3600
f 3458 3601 3457
f 3458 3602 3601
f 3459 3602 3458
f 3459 3603 3602
f 3460 3603 3459
f 3460 3604 3603
f 3461 3604 3460
f 3461 3605 3604
f 3462 3605 3461
f 3462 3606 3605
f 3463 3606 3462
f 3463 3607 3606
f 3464 3607 3463
f 3464 3608 3607
f 3465 3608 3464
f 3465 3609 3608
f 3466 3609 3465
f 3466 3610 3609
f 3467 3610 3466
f 3467 3611 3610
f 3468 3611 3467
f 3468 3612 3611
f 3469 3612 3468
f 3469 3613 3612
f 3470 3613 3469
f 3470 3614 3613
f 3471 3614 3470
f 3471 3615 3614
f 3472 3615 3471
f 3472 3616 3615
f 3473 3616 3472
f 3473 3617 3616
f 3474 3617 3473
f 3474 3618 3617
f 3475 3618 3474
f 3475 3619 3618
f 3476 3619 3475
f 3476 3620 3619
f 3477 3620 3476
f 3477 3621 3620
f 3478 3621 3477
f 3478 3622 3621
f 3479 3622 3478
f 3479 3623 3622
f 3480 3623 3479
f 3480 3624 3623
f 3481 3624 3480
f 3481 3625 3624
f 3482 3625 3481
f 3482 3626 3625
f 3483 3626 3482
f 3483 3627 3626
f 3484 3627 3483
f 3484 3628 3627
f 3485 3628 3484
f 3485 3629 3628
f 3486 3629 3485
f 3486 3630 3629
f 3487 3630 3486
f 3487 3631 3630
f 3488 3631 3487
f 3488 3632 3631
f 3489 3632 3488
f 3489 3633 3632
f 3490 3633 3489
f 3490 3634 3633
f 3491 3634 3490
f 3491 3635 3634
f 3492 3635 3491
f 3492 3636 3635
f 3493 3636 3492
f 3493 3637 3636
f 3494 3637 3493
f 3494 3638 3637
f 3495 3638 3494
f 3495 3639 3638
f 3496 3639 3495
f 3496 3640 3639
f 3497 3640 3496
f 3497 3641 3640
f 3498 3641 3497
f 3498 3642 3641
f 3499 3642 3498
f 3499 3643 3642
f 3500 3643 3499
f 3500 3644 3643
f 3501 3644 3500
f 3501 3645 3644
f 3502 3645 3501
f 3502 3646 3645
f 3503 3646 3502
f 3503 3647 3646
f 3504 3647 3503
f 3504 3648 3647
f 3505 3648 3504
f 3505 3649 3648
f 3506 3649 3505
f 3506 3650 3649
f 3507 3650 3506
f 3507 3651 3650
f 3508 3651 3507
f 3508 3652 3651
f 3509 3652 3508
f 3509 3653 3652
f 3510 3653 3509
f 3510 3654 3653
f 3511 3654 3510
f 3511 3655 3654
f 3512 3655 3511
f 3512 3656 3655
f 3513 3656 3512
f 3513 3657 3656
f 3514 3657 3513
f 3514 3658 3657
f 3515 3658 3514
f 3515 3659 3658
f 3516 3659 3515
f 3516 3660 3659
f 3517 3660 3516
f 3517 3661 3660
f 3518 3661 3517
f 3518 3662 3661
f 3519 3662 3518
f 3519 3663 3662
f 3520 3663 3519
f 3520 3664 3663
f 3521 3664 3520
f 3521 3665 3664
f 3522 3665 3521
f 3522 3666 3665
f 3523 3666 3522
f 3523 3667 3666
f 3524 3667 3523
f 3526 3669 3525
f 3526 3670 3669
f 3527 3670 3526
f 3527 3671 3670
f 3528 3671 3527
f 3528 3672 3671
f 3529 3672 3528
f 3529 3673 3672
f 3530 3673 3529
f 3530 3674 3673
f 3531 3674 3530
f 3531 3675 3674
f 3532 3675 3531
f 3532 3676 3675
f 3533 3676 3532
f 3533 3677 3676
f 3534 3677 3533
f 3534 3678 3677
f 3535 3678 3534
f 3535 3679 3678
f 3536 3679 3535
f 3536 3680 3679
f 3537 3680 3536
f 3537 3681 3680
f 3538 3681 3537
f 3538 3682 3681
f 3539 3682 3538
f 3539 3683 3682
f 3540 3683 3539
f 3540 3684 3683
f 3541 3684 3540
f 3541 3685 3684
f 3543 3686 3542
f 3543 3687 3686
f 3544 3687 3543
f 3544 3688 3687
f 3545 3688 3544
f 3545 3689 3688
f 3546 3689 3545
f 3546 3690 3689
f 3547 3690 3546
f 3547 3691 3690
f 3548 3691 3547
f 3548 3692 3691
f 3549 3692 3548
f 3549 3693 3692
f 3550 3693 3549
f 3550 3694 3693
f 3551 3694 3550
f 3551 3695 3694
f 3552 3695 3551
f 3552 3696 3695
f 3553 3696 3552
f 3553 3697 3696
f 3554 3697 3553
f 3554 3698 3697
f 3555 3698 3554
f 3555 3699 3698
f 3556 3699 3555
f 3556 3700 3699
f 3557 3700 3556
f 3557 3701 3700
f 3558 3701 3557
f 3558 3702 3701
f 3559 3702 3558
f 3559 3703 3702
f 3560 3703 3559
f 3560 3704 3703
f 3561 3704 3560
f 3561 3705 3704
f 3562 3705 3561
f 3562 3706 3705
f 3563 3706 3562
f 3563 3707 3706
f 3564 3707 3563
f 3564 3708 3707
f 3565 3708 3564
f 3565 3709 3708
f 3566 3709 3565
f 3566 3710 3709
f 3567 3710 3566
f 3567 3711 3710
f 3568 3711 3567
f 3568 3712 3711
f 3569 3712 3568
f 3569 3713 3712
f 3570 3713 3569
f 3570 3714 3713
f 3571 3714 3570
f 3571 3715 3714
f 3572 3715 3571
f 3572 3716 3715
f 3573 3716 3572
f 3573 3717 3716
f 3574 3717 3573
f 3574 3718 3717
f 3575 3718 3574
f 3575 3719 3718
f 3576 3719 3575
f 3576 3720 3719
f 3579 3722 3578
f 3579 3723 3722
f 3580 3723 3579
f 3580 3724 3723
f 3581 3724 3580
f 3581 3725 3724
f 3582 3725 3581
f 3582 3726 3725
f 3583 3726 3582
f 3583 3727 3726
f 3584 3727 3583
f 3584 3728 3727
f 3585 3728 3584
f 3585 3729 3728
f 3586 3729 3585
f 3586 3730 3729
f 3587 3730 3586
f 3587 3731 3730
f 3588 3731 3587
f 3588 3732 3731
f 3589 3732 3588
f 3589 3733 3732
f 3590 3733 3589
f 3590 3734 3733
f 3591 3734 3590
f 3591 3735 3734
f 3592 3735 3591
f 3592 3736 3735
f 3593 3736 3592
f 3595 3737 3594
f 3595 3738 3737
f 3596 3738 3595
f 3597 3740 3739
f 3598 3740 3597
f 3598 3741 3740
f 3600 3742 3599
f 3600 3743 3742
f 3601 3743 3600
f 3601 3744 3743
f 3602 3744 3601
f 3602 3745 3744
f 3603 3745 3602
f 3603 3746 3745
f 3604 3746 3603
f 3604 3747 3746
f 3605 3747 3604
f 3605 3748 3747
f 3606 3748 3605
f 3606 3749 3748
f 3607 3749 3606
f 3607 3750 3749
f 3608 3750 3607
f 3608 3751 3750
f 3609 3751 3608
f 3609 3752 3751
f 3610 3752 3609
f 3610 3753 3752
f 3611 3753 3610
f 3611 3754 3753
f 3612 3754 3611
f 3612 3755 3754
f 3613 3755 3612
f 3613 3756 3755
f 3614 3756 3613
f 3614 3757 3756
f 3615 3757 3614
f 3615 3758 3757
f 3616 3758 3615
f 3616 3759 3758
f 3617 3759 3616
f 3617 3760 3759
f 3618 3760 3617
f 3618 3761 3760
f 3619 3761 3618
f 3619 3762 3761
f 3620 3762 3619
f 3620 3763 3762
f 3621 3763 3620
f 3621 3764 3763
f 3622 3764 3621
f 3622 3765 3764
f 3623 3765 3622
f 3623 3766 3765
f 3624 3766 3623
f 3624 3767 3766
f 3625 3767 3624
f 3625 3768 3767
f 3626 3768 3625
f 3626 3769 3768
f 3627 3769 3626
f 3627 3770 3769
f 3628 3770 3627
f 3628 3771 3770
f 3629 3771 3628
f 3629 3772 3771
f 3630 3772 3629
f 3630 3773 3772
f 3631 3773 3630
f 3631 3774 3773
f 3632 3774 3631
f 3632 3775 3774
f 3633 3775 3632
f 3633 3776 3775
f 3634 3776 3633
f 3634 3777 3776
f 3635 3777 3634
f 3635 3778 3777
f 3636 3778 3635
f 3636 3779 3778
f 3637 3779 3636
f 3637 3780 3779
f 3638 3780 3637
f 3638 3781 3780
f 3639 3781 3638
f 3639 3782 3781
f 3640 3782 3639
f 3640 3783 3782
f 3641 3783 3640
f 3641 3784 3783
f 3642 3784 3641
f 3642 3785 3784
f 3643 3785 3642
f 3643 3786 3785
f 3644 3786 3643
f 3644 3787 3786
f 3645 3787 3644
f 3645 3788 3787
f 3646 3788 3645
f 3646 3789 3788
f 3647 3789 3646
f 3647 3790 3789
f 3648 3790 3647
f 3648 3791 3790
f 3649 3791 3648
f 3649 3792 3791
f 3650 3792 3649
f 3650 3793 3792
f 3651 3793 3650
f 3651 3794 3793
f 3652 3794 3651
f 3652 3795 3794
f 3653 3795 3652
f 3653 3796 3795
f 3654 3796 3653
f 3654 3797 3796
f 3655 3797 3654
f 3655 3798 3797
f 3656 3798 3655
f 3656 3799 3798
f 3657 3799 3656
f 3657 3800 3799
f 3658 3800 3657
f 3658 3801 3800
f 3659 3801 3658
f 3659 3802 3801
f 3660 3802 3659
f 3660 3803 3802
f 3661 3803 3660
f 3661 3804 3803
f 3662 3804 3661
f 3662 3805 3804
f 3663 3805 3662
f 3663 3806 3805
f 3664 3806 3663
f 3664 3807 3806
f 3665 3807 3664
f 3665 3808 3807
f 3666 3808 3665
f 3666 3809 3808
f 3667 3809 3666
f 3667 3810 3809
f 3668 3810 3667
f 3668 3811 3810
f 3671 3812 3670
f 3671 3813 3812
f 3672 3813 3671
f 3672 3814 3813
f 3673 3814 3672
f 3673 3815 3814
f 3674 3815 3673
f 3674 3816 3815
f 3675 3816 3674
f 3675 3817 3816
f 3676 3817 3675
f 3676 3818 3817
f 3677 3818 3676
f 3677 3819 3818
f 3678 3819 3677
f 3678 3820 3819
f 3679 3820 3678
f 3679 3821 3820
f 3680 3821 3679
f 3680 3822 3821
f 3681 3822 3680
f 3681 3823 3822
f 3682 3823 3681
f 3682 3824 3823
f 3683 3824 3682
f 3683 3825 3824
f 3684 3825 3683
f 3684 3826 3825
f 3685 3826 3684
f 3687 3827 3686
f 3687 3828 3827
f 3688 3828 3687
f 3688 3829 3828
f 3689 3829 3688
f 3689 3830 3829
f 3690 3830 3689
f 3690 3831 3830
f 3691 3831 3690
f 3691 3832 3831
f 3692 3832 3691
f 3692 3833 3832
f 3693 3833 3692
f 3693 3834 3833
f 3694 3834 3693
f 3694 3835 3834
f 3695 3835 3694
f 3695 3836 3835
f 3696 3836 3695
f 3696 3837 3836
f 3697 3837 3696
f 3697 3838 3837
f 3698 3838 3697
f 3698 3839 3838
f 3699 3839 3698
f 3699 3840 3839
f 3700 3840 3699
f 3700 3841 3840
f 3701 3841 3700
f 3701 3842 3841
f 3702 3842 3701
f 3702 3843 3842
f 3703 3843 3702
f 3703 3844 3843
f 3704 3844 3703
f 3704 3845 3844
f 3705 3845 3704
f 3705 3846 3845
f 3706 3846 3705
f 3706 3847 3846
f 3707 3847 3706
f 3707 3848 3847
f 3708 3848 3707
f 3708 3849 3848
f 3709 3849 3708
f 3709 3850 3849
f 3710 3850 3709
f 3710 3851 3850
f 3711 3851 3710
f 3711 3852 3851
f 3712 3852 3711
f 3712 3853 3852
f 3713 3853 3712
f 3713 3854 3853
f 3714 3854 3713
f 3714 3855 3854
f 3715 3855 3714
f 3715 3856 3855
f 3716 3856 3715
f 3716 3857 3856
f 3717 3857 3716
f 3717 3858 3857
f 3718 3858 3717
f 3718 3859 3858
f 3719 3859 3718
f 3719 3860 3859
f 3720 3860 3719
f 3720 3861 3860
f 3721 3861 3720
f 3721 3862 3861
f 3723 3863 3722
f 3723 3864 3863
f 3724 3864 3723
f 3724 3865 3864
f 3725 3865 3724
f 3725 3866 3865
f 3726 3866 3725
f 3726 3867 3866
f 3727 3867 3726
f 3727 3868 3867
f 3728 3868 3727
f 3728 3869 3868
f 3729 3869 3728
f 3729 3870 3869
f 3730 3870 3729
f 3730 3871 3870
f 3731 3871 3730
f 3731 3872 3871
f 3732 3872 3731
f 3732 3873 3872
f 3733 3873 3732
f 3733 3874 3873
f 3734 3874 3733
f 3734 3875 3874
f 3735 3875 3734
f 3735 3876 3875
f 3736 3876 3735
f 3737 3878 3877
f 3738 3878 3737
f 3738 3879 3878
f 3739 3880 3879
f 3740 3880 3739
f 3740 3881 3880
f 3741 3881 3740
f 3741 3882 3881
f 3743 3883 3742
f 3743 3884 3883
f 3744 3884 3743
f 3744 3885 3884
f 3745 3885 3744
f 3745 3886 3885
f 3746 3886 3745
f 3746 3887 3886
f 3747 3887 3746
f 3747 3888 3887
f 3748 3888 3747
f 3748 3889 3888
f 3749 3889 3748
f 3749 3890 3889
f 3750 3890 3749
f 3750 3891 3890
f 3751 3891 3750
f 3751 3892 3891
f 3752 3892 3751
f 3752 3893 3892
f 3753 3893 3752
f 3753 3894 3893
f 3754 3894 3753
f 3754 3895 3894
f 3755 3895 3754
f 3755 3896 3895
f 3756 3896 3755
f 3756 3897 3896
f 3757 3897 3756
f 3757 3898 3897
f 3758 3898 3757
f 3758 3899 3898
f 3759 3899 3758
f 3759 3900 3899
f 3760 3900 3759
f 3760 3901 3900
f 3761 3901 3760
f 3761 3902 3901
f 3762 3902 3761
f 3762 3903 3902
f 3763 3903 3762
f 3763 3904 3903
f 3764 3904 3763
f 3764 3905 3904
f 3765 3905 3764
f 3765 3906 3905
f 3766 3906 3765
f 3766 3907 3906
f 3767 3907 3766
f 3767 3908 3907
f 3768 3908 3767
f 3768 3909 3908
f 3769 3909 3768
f 3769 3910 3909
f 3770 3910 3769
f 3770 3911 3910
f 3771 3911 3770
f 3771 3912 3911
f 3772 3912 3771
f 3772 3913 3912
f 3773 3913 3772
f 3773 3914 3913
f 3774 3914 3773
f 3774 3915 3914
f 3775 3915 3774
f 3775 3916 3915
f 3776 3916 3775
f 3776 3917 3916
f 3777 3917 3776
f 3777 3918 3917
f 3778 3918 3777
f 3778 3919 3918
f 3779 3919 3778
f 3779 3920 3919
f 3780 3920 3779
f 3780 3921 3920
f 3781 3921 3780
f 3781 3922 3921
f 3782 3922 3781
f 3782 3923 3922
f 3783 3923 3782
f 3783 3924 3923
f 3784 3924 3783
f 3784 3925 3924
f 3785 3925 3784
f 3785 3926 3925
f 3786 3926 3785
f 3786 3927 3926
f 3787 3927 3786
f 3787 3928 3927
f 3788 3928 3787
f 3788 3929 3928
f 3789 3929 3788
f 3789 3930 3929
f 3790 3930 3789
f 3790 3931 3930
f 3791 3931 3790
f 3791 3932 3931
f 3792 3932 3791
f 3792 3933 3932
f 3793 3933 3792
f 3793 3934 3933
f 3794 3934 3793
f 3794 3935 3934
f 3795 3935 3794
f 3795 3936 3935
f 3796 3936 3795
f 3796 3937 3936
f 3797 3937 3796
f 3797 3938 3937
f 3798 3938 3797
f 3798 3939 3938
f 3799 3939 3798
f 3799 3940 3939
f 3800 3940 3799
f 3800 3941 3940
f 3801 3941 3800
f 3801 3942 3941
f 3802 3942 3801
f 3802 3943 3942
f 3803 3943 3802
f 3803 3944 3943
f 3804 3944 3803
f 3804 3945 3944
f 3805 3945 3804
f 3805 3946 3945
f 3806 3946 3805
f 3806 3947 3946
f 3807 3947 3806
f 3807 3948 3947
f 3808 3948 3807
f 3808 3949 3948
f 3809 3949 3808
f 3809 3950 3949
f 3810 3950 3809
f 3810 3951 3950
f 3811 3951 3810
f 3811 3952 3951
f 3813 3953 3812
f 3813 3954 3953
f 3814 3954 3813
f 3814 3955 3954
f 3815 3955 3814
f 3815 3956 3955
f 3816 3956 3815
f 3816 3957 3956
f 3817 3957 3816
f 3817 3958 3957
f 3818 3958 3817
f 3818 3959 3958
f 3819 3959 3818
f 3819 3960 3959
f 3820 3960 3819
f 3820 3961 3960
f 3821 3961 3820
f 3821 3962 3961
f 3822 3962 3821
f 3822 3963 3962
f 3823 3963 3822
f 3823 3964 3963
f 3824 3964 3823
f 3824 3965 3964
f 3825 3965 3824
f 3825 3966 3965
f 3826 3966 3825
f 3826 3967 3966
f 3828 3968 3827
f 3828 3969 3968
f 3829 3969 3828
f 3829 3970 3969
f 3830 3970 3829
f 3830 3971 3970
f 3831 3971 3830
f 3831 3972 3971
f 3832 3972 3831
f 3832 3973 3972
f 3833 3973 3832
f 3833 3974 3973
f 3834 3974 3833
f 3834 3975 3974
f 3835 3975 3834
f 3835 3976 3975
f 3836 3976 3835
f 3836 3977 3976
f 3837 3977 3836
f 3837 3978 3977
f 3838 3978 3837
f 3838 3979 3978
f 3839 3979 3838
f 3839 3980 3979
f 3840 3980 3839
f 3840 3981 3980
f 3841 3981 3840
f 3841 3982 3981
f 3842 3982 3841
f 3842 3983 3982
f 3843 3983 3842
f 3843 3984 3983
f 3844 3984 3843
f 3844 3985 3984
f 3845 3985 3844
f 3845 3986 3985
f 3846 3986 3845
f 3846 3987 3986
f 3847 3987 3846
f 3847 3988 3987
f 3848 3988 3847
f 3848 3989 3988
f 3849 3989 3848
f 3849 3990 3989
f 3850 3990 3849
f 3850 3991 3990
f 3851 3991 3850
f 3851 3992 3991
f 3852 3992 3851
f 3852 3993 3992
f 3853 3993 3852
f 3853 3994 3993
f 3854 3994 3853
f 3854 3995 3994
f 3855 3995 3854
f 3855 3996 3995
f 3856 3996 3855
f 3856 3997 3996
f 3857 3997 3856
f 3857 3998 3997
f 3858 3998 3857
f 3858 3999 3998
f 3859 3999 3858
f 3859 4000 3999
f 3860 4000 3859
f 3860 4001 4000
f 3861 4001 3860
f 3861 4002 4001
f 3862 4002 3861
f 3862 4003 4002
f 3865 4005 3864
f 3865 4006 4005
f 3866 4006 3865
f 3866 4007 4006
f 3867 4007 3866
f 3867 4008 4007
f 3868 4008 3867
f 3868 4009 4008
f 3869 4009 3868
f 3869 4010 4009
f 3870 4010 3869
f 3870 4011 4010
f 3871 4011 3870
f 3871 4012 4011
f 3872 4012 3871
f 3872 4013 4012
f 3873 4013 3872
f 3873 4014 4013
f 3874 4014 3873
f 3874 4015 4014
f 3875 4015 3874
f 3875 4016 4015
f 3876 4016 3875
f 3878 4017 3877
f 3878 4018 4017
f 3879 4018 3878
f 3880 4020 4019
f 3881 4020 3880
f 3881 4021 4020
f 3882 4021 3881
f 3883 4023 4022
f 3884 4023 3883
f 3884 4024 4023
f 3885 4024 3884
f 3885 4025 4024
f 3886 4025 3885
f 3886 4026 4025
f 3887 4026 3886
f 3887 4027 4026
f 3888 4027 3887
f 3888 4028 4027
f 3889 4028 3888
f 3889 4029 4028
f 3890 4029 3889
f 3890 4030 4029
f 3891 4030 3890
f 3891 4031 4030
f 3892 4031 3891
f 3892 4032 4031
f 3893 4032 3892
f 3893 4033 4032
f 3894 4033 3893
f 3894 4034 4033
f 3895 4034 3894
f 3895 4035 4034
f 3896 4035 3895
f 3896 4036 4035
f 3897 4036 3896
f 3897 4037 4036
f 3898 4037 3897
f 3898 4038 4037
f 3899 4038 3898
f 3899 4039 4038
f 3900 4039 3899
f 3900 4040 4039
f 3901 4040 3900
f 3901 4041 4040
f 3902 4041 3901
f 3902 4042 4041
f 3903 4042 3902
f 3903 4043 4042
f 3904 4043 3903
f 3904 4044 4043
f 3905 4044 3904
f 3905 4045 4044
f 3906 4045 3905
f 3906 4046 4045
f 3907 4046 3906
f 3907 4047 4046
f 3908 4047 3907
f 3908 4048 4047
f 3909 4048 3908
f 3909 4049 4048
f 3910 4049 3909
f 3910 4050 4049
f 3911 4050 3910
f 3911 4051 4050
f 3912 4051 3911
f 3912 4052 4051
f 3913 4052 3912
f 3913 4053 4052
f 3914 4053 3913
f 3914 4054 4053
f 3915 4054 3914
f 3915 4055 4054
f 3916 4055 3915
f 3916 4056 4055
f 3917 4056 3916
f 3917 4057 4056
f 3918 4057 3917
f 3918 4058 4057
f 3919 4058 3918
f 3919 4059 4058
f 3920 4059 3919
f 3920 4060 4059
f 3921 4060 3920
f 3921 4061 4060
f 3922 4061 3921
f 3922 4062 4061
f 3923 4062 3922
f 3923 4063 4062
f 3924 4063 3923
f 3924 4064 4063
f 3925 4064 3924
f 3925 4065 4064
f 3926 4065 3925
f 3926 4066 4065
f 3927 4066 3926
f 3927 4067 4066
f 3928 4067 3927
f 3928 4068 4067
f 3929 4068 3928
f 3929 4069 4068
f 3930 4069 3929
f 3930 4070 4069
f 3931 4070 3930
f 3931 4071 4070
f 3932 4071 3931
f 3932 4072 4071
f 3933 4072 3932
f 3933 4073 4072
f 3934 4073 3933
f 3934 4074 4073
f 3935 4074 3934
f 3935 4075 4074
f 3936 4075 3935
f 3936 4076 4075
f 3937 4076 3936
f 3937 4077 4076
f 3938 4077 3937
f 3938 4078 4077
f 3939 4078 3938
f 3939 4079 4078
f 3940 4079 3939
f 3940 4080 4079
f 3941 4080 3940
f 3941 4081 4080
f 3942 4081 3941
f 3942 4082 4081
f 3943 4082 3942
f 3943 4083 4082
f 3944 4083 3943
f 3944 4084 4083
f 3945 4084 3944
f 3945 4085 4084
f 3946 4085 3945
f 3946 4086 4085
f 3947 4086 3946
f 3947 4087 4086
f 3948 4087 3947
f 3948 4088 4087
f 3949 4088 3948
f 3949 4089 4088
f 3950 4089 3949
f 3950 4090 4089
f 3951 4090 3950
f 3951 4091 4090
f 3952 4091 3951
f 3952 4092 4091
f 3955 4093 3954
f 3955 4094 4093
f 3956 4094 3955
f 3956 4095 4094
f 3957 4095 3956
f 3957 4096 4095
f 3958 4096 3957
f 3958 4097 4096
f 3959 4097 3958
f 3959 4098 4097
f 3960 4098 3959
f 3960 4099 4098
f 3961 4099 3960
f 3961 4100 4099
f 3962 4100 3961
f 3962 4101 4100
f 3963 4101 3962
f 3963 4102 4101
f 3964 4102 3963
f 3964 4103 4102
f 3965 4103 3964
f 3965 4104 4103
f 3966 4104 3965
f 3966 4105 4104
f 3967 4105 3966
f 3967 4106 4105
f 3969 4108 3968
f 3969 4109 4108
f 3970 4109 3969
f 3970 4110 4109
f 3971 4110 3970
f 3971 4111 4110
f 3972 4111 3971
f 3972 4112 4111
f 3973 4112 3972
f 3973 4113 4112
f 3974 4113 3973
f 3974 4114 4113
f 3975 4114 3974
f 3975 4115 4114
f 3976 4115 3975
f 3976 4116 4115
f 3977 4116 3976
f 3977 4117 4116
f 3978 4117 3977
f 3978 4118 4117
f 3979 4118 3978
f 3979 4119 4118
f 3980 4119 3979
f 3980 4120 4119
f 3981 4120 3980
f 3981 4121 4120
f 3982 4121 3981
f 3982 4122 4121
f 3983 4122 3982
f 3983 4123 4122
f 3984 4123 3983
f 3984 4124 4123
f 3985 4124 3984
f 3985 4125 4124
f 3986 4125 3985
f 3986 4126 4125
f 3987 4126 3986
f 3987 4127 4126
f 3988 4127 3987
f 3988 4128 4127
f 3989 4128 3988
f 3989 4129 4128
f 3990 4129 3989
f 3990 4130 4129
f 3991 4130 3990
f 3991 4131 4130
f 3992 4131 3991
f 3992 4132 4131
f 3993 4132 3992
f 3993 4133 4132
f 3994 4133 3993
f 3994 4134 4133
f 3995 4134 3994
f 3995 4135 4134
f 3996 4135 3995
f 3996 4136 4135
f 3997 4136 3996
f 3997 4137 4136
f 3998 4137 3997
f 3998 4138 4137
f 3999 4138 3998
f 3999 4139 4138
f 4000 4139 3999
f 4000 4140 4139
f 4001 4140 4000
f 4001 4141 4140
f 4002 4141 4001
f 4002 4142 4141
f 4003 4142 4002
f 4003 4143 4142
f 4004 4143 4003
f 4004 4144 4143
f 4007 4146 4006
f 4007 4147 4146
f 4008 4147 4007
f 4008 4148 4147
f 4009 4148 4008
f 4009 4149 4148
f 4010 4149 4009
f 4010 4150 4149
f 4011 4150 4010
f 4011 4151 4150
f 4012 4151 4011
f 4012 4152 4151
f 4013 4152 4012
f 4013 4153 4152
f 4014 4153 4013
f 4014 4154 4153
f 4015 4154 4014
f 4015 4155 4154
f 4016 4155 4015
f 4016 4156 4155
f 4017 4158 4157
f 4018 4158 4017
f 4019 4160 4159
f 4020 4160 4019
f 4020 4161 4160
f 4021 4161 4020
f 4021 4162 4161
f 4023 4163 4022
f 4023 4164 4163
f 4024 4164 4023
f 4024 4165 4164
f 4025 4165 4024
f 4025 4166 4165
f 4026 4166 4025
f 4026 4167 4166
f 4027 4167 4026
f 4027 4168 4167
f 4028 4168 4027
f 4028 4169 4168
f 4029 4169 4028
f 4029 4170 4169
f 4030 4170 4029
f 4030 4171 4170
f 4031 4171 4030
f 4031 4172 4171
f 4032 4172 4031
f 4032 4173 4172
f 4033 4173 4032
f 4033 4174 4173
f 4034 4174 4033
f 4034 4175 4174
f 4035 4175 4034
f 4035 4176 4175
f 4036 4176 4035
f 4036 4177 4176
f 4037 4177 4036
f 4037 4178 4177
f 4038 4178 4037
f 4038 4179 4178
f 4039 4179 4038
f 4039 4180 4179
f 4040 4180 4039
f 4040 4181 4180
f 4041 4181 4040
f 4041 4182 4181
f 4042 4182 4041
f 4042 4183 4182
f 4043 4183 4042
f 4043 4184 4183
f 4044 4184 4043
f 4044 4185 4184
f 4045 4185 4044
f 4045 4186 4185
f 4046 4186 4045
f 4046 4187 4186
f 4047 4187 4046
f 4047 4188 4187
f 4048 4188 4047
f 4048 4189 4188
f 4049 4189 4048
f 4049 4190 4189
f 4050 4190 4049
f 4050 4191 4190
f 4051 4191 4050
f 4051 4192 4191
f 4052 4192 4051
f 4052 4193 4192
f 4053 4193 4052
f 4053 4194 4193
f 4054 4194 4053
f 4054 4195 4194
f 4055 4195 4054
f 4055 4196 4195
f 4056 4196 4055
f 4056 4197 4196
f 4057 4197 4056
f 4057 4198 4197
f 4058 4198 4057
f 4058 4199 4198
f 4059 4199 4058
f 4059 4200 4199
f 4060 4200 4059
f 4060 4201 4200
f 4061 4201 4060
f 4061 4202 4201
f 4062 4202 4061
f 4062 4203 4202
f 4063 4203 4062
f 4063 4204 4203
f 4064 4204 4063
f 4064 4205 4204
f 4065 4205 4064
f 4065 4206 4205
f 4066 4206 4065
f 4066 4207 4206
f 4067 4207 4066
f 4067 4208 4207
f 4068 4208 4067
f 4068 4209 4208
f 4069 4209 4068
f 4069 4210 4209
f 4070 4210 4069
f 4070 4211 4210
f 4071 4211 4070
f 4071 4212 4211
f 4072 4212 4071
f 4072 4213 4212
f 4073 4213 4072
f 4073 4214 4213
f 4074 4214 4073
f 4074 4215 4214
f 4075 4215 4074
f 4075 4216 4215
f 4076 4216 4075
f 4076 4217 4216
f 4077 4217 4076
f 4077 4218 4217
f 4078 4218 4077
f 4078 4219 4218
f 4079 4219 4078
f 4079 4220 4219
f 4080 4220 4079
f 4080 4221 4220
f 4081 4221 4080
f 4081 4222 4221
f 4082 4222 4081
f 4082 4223 4222
f 4083 4223 4082
f 4083 4224 4223
f 4084 4224 4083
f 4084 4225 4224
f 4085 4225 4084
f 4085 4226 4225
f 4086 4226 4085
f 4086 4227 4226
f 4087 4227 4086
f 4087 4228 4227
f 4088 4228 4087
f 4088 4229 4228
f 4089 4229 4088
f 4089 4230 4229
f 4090 4230 4089
f 4090 4231 4230
f 4091 4231 4090
f 4091 4232 4231
f 4092 4232 4091
f 4092 4233 4232
f 4094 4234 4093
f 4094 4235 4234
f 4095 4235 4094
f 4095 4236 4235
f 4096 4236 4095
f 4096 4237 4236
f 4097 4237 4096
f 4097 4238 4237
f 4098 4238 4097
f 4098 4239 4238
f 4099 4239 4098
f 4099 4240 4239
f 4100 4240 4099
f 4100 4241 4240
f 4101 4241 4100
f 4101 4242 4241
f 4102 4242 4101
f 4102 4243 4242
f 4103 4243 4102
f 4103 4244 4243
f 4104 4244 4103
f 4104 4245 4244
f 4105 4245 4104
f 4105 4246 4245
f 4106 4246 4105
f 4107 4248 4247
f 4110 4249 4109
f 4110 4250 4249
f 4111 4250 4110
f 4111 4251 4250
f 4112 4251 4111
f 4112 4252 4251
f 4113 4252 4112
f 4113 4253 4252
f 4114 4253 4113
f 4114 4254 4253
f 4115 4254 4114
f 4115 4255 4254
f 4116 4255 4115
f 4116 4256 4255
f 4117 4256 4116
f 4117 4257 4256
f 4118 4257 4117
f 4118 4258 4257
f 4119 4258 4118
f 4119 4259 4258
f 4120 4259 4119
f 4120 4260 4259
f 4121 4260 4120
f 4121 4261 4260
f 4122 4261 4121
f 4122 4262 4261
f 4123 4262 4122
f 4123 4263 4262
f 4124 4263 4123
f 4124 4264 4263
f 4125 4264 4124
f 4125 4265 4264
f 4126 4265 4125
f 4126 4266 4265
f 4127 4266 4126
f 4127 4267 4266
f 4128 4267 4127
f 4128 4268 4267
f 4129 4268 4128
f 4129 4269 4268
f 4130 4269 4129
f 4130 4270 4269
f 4131 4270 4130
f 4131 4271 4270
f 4132 4271 4131
f 4132 4272 4271
f 4133 4272 4132
f 4133 4273 4272
f 4134 4273 4133
f 4134 4274 4273
f 4135 4274 4134
f 4135 4275 4274
f 4136 4275 4135
f 4136 4276 4275
f 4137 4276 4136
f 4137 4277 4276
f 4138 4277 4137
f 4138 4278 4277
f 4139 4278 4138
f 4139 4279 4278
f 4140 4279 4139
f 4140 4280 4279
f 4141 4280 4140
f 4141 4281 4280
f 4142 4281 4141
f 4142 4282 4281
f 4143 4282 4142
f 4143 4283 4282
f 4144 4283 4143
f 4144 4284 4283
f 4145 4284 4144
f 4145 4285 4284
f 4148 4288 4287
f 4149 4288 4148
f 4149 4289 4288
f 4150 4289 4149
f 4150 4290 4289
f 4151 4290 4150
f 4151 4291 4290
f 4152 4291 4151
f 4152 4292 4291
f 4153 4292 4152
f 4153 4293 4292
f 4154 4293 4153
f 4154 4294 4293
f 4155 4294 4154
f 4156 4295 4155
f 4158 4296 4157
f 4159 4298 4297
f 4160 4298 4159
f 4160 4299 4298
f 4161 4299 4160
f 4161 4300 4299
f 4162 4300 4161
f 4163 4302 4301
f 4164 4302 4163
f 4164 4303 4302
f 4165 4303 4164
f 4165 4304 4303
f 4166 4304 4165
f 4166 4305 4304
f 4167 4305 4166
f 4167 4306 4305
f 4168 4306 4167
f 4168 4307 4306
f 4169 4307 4168
f 4169 4308 4307
f 4170 4308 4169
f 4170 4309 4308
f 4171 4309 4170
f 4171 4310 4309
f 4172 4310 4171
f 4172 4311 4310
f 4173 4311 4172
f 4173 4312 4311
f 4174 4312 4173
f 4174 4313 4312
f 4175 4313 4174
f 4175 4314 4313
f 4176 4314 4175
f 4176 4315 4314
f 4177 4315 4176
f 4177 4316 4315
f 4178 4316 4177
f 4178 4317 4316
f 4179 4317 4178
f 4179 4318 4317
f 4180 4318 4179
f 4180 4319 4318
f 4181 4319 4180
f 4181 4320 4319
f 4182 4320 4181
f 4182 4321 4320
f 4183 4321 4182
f 4183 4322 4321
f 4184 4322 4183
f 4184 4323 4322
f 4185 4323 4184
f 4185 4324 4323
f 4186 4324 4185
f 4186 4325 4324
f 4187 4325 4186
f 4187 4326 4325
f 4188 4326 4187
f 4188 4327 4326
f 4189 4327 4188
f 4189 4328 4327
f 4190 4328 4189
f 4190 4329 4328
f 4191 4329 4190
f 4191 4330 4329
f 4192 4330 4191
f 4192 4331 4330
f 4193 4331 4192
f 4193 4332 4331
f 4194 4332 4193
f 4194 4333 4332
f 4195 4333 4194
f 4195 4334 4333
f 4196 4334 4195
f 4196 4335 4334
f 4197 4335 4196
f 4197 4336 4335
f 4198 4336 4197
f 4198 4337 4336
f 4199 4337 4198
f 4199 4338 4337
f 4200 4338 4199
f 4200 4339 4338
f 4201 4339 4200
f 4201 4340 4339
f 4202 4340 4201
f 4202 4341 4340
f 4203 4341 4202
f 4203 4342 4341
f 4204 4342 4203
f 4204 4343 4342
f 4205 4343 4204
f 4205 4344 4343
f 4206 4344 4205
f 4206 4345 4344
f 4207 4345 4206
f 4207 4346 4345
f 4208 4346 4207
f 4208 4347 4346
f 4209 4347 4208
f 4209 4348 4347
f 4210 4348 4209
f 4210 4349 4348
f 4211 4349 4210
f 4211 4350 4349
f 4212 4350 4211
f 4212 4351 4350
f 4213 4351 4212
f 4213 4352 4351
f 4214 4352 4213
f 4214 4353 4352
f 4215 4353 4214
f 4215 4354 4353
f 4216 4354 4215
f 4216 4355 4354
f 4217 4355 4216
f 4217 4356 4355
f 4218 4356 4217
f 4218 4357 4356
f 4219 4357 4218
f 4219 4358 4357
f 4220 4358 4219
f 4220 4359 4358
f 4221 4359 4220
f 4221 4360 4359
f 4222 4360 4221
f 4222 4361 4360
f 4223 4361 4222
f 4223 4362 4361
f 4224 4362 4223
f 4224 4363 4362
f 4225 4363 4224
f 4225 4364 4363
f 4226 4364 4225
f 4226 4365 4364
f 4227 4365 4226
f 4227 4366 4365
f 4228 4366 4227
f 4228 4367 4366
f 4229 4367 4228
f 4229 4368 4367
f 4230 4368 4229
f 4230 4369 4368
f 4231 4369 4230
f 4231 4370 4369
f 4232 4370 4231
f 4232 4371 4370
f 4233 4371 4232
f 4233 4372 4371
f 4235 4373 4234
f 4235 4374 4373
f 4236 4374 4235
f 4236 4375 4374
f 4237 4375 4236
f 4237 4376 4375
f 4238 4376 4237
f 4238 4377 4376
f 4239 4377 4238
f 4239 4378 4377
f 4240 4378 4239
f 4240 4379 4378
f 4241 4379 4240
f 4241 4380 4379
f 4242 4380 4241
f 4242 4381 4380
f 4243 4381 4242
f 4243 4382 4381
f 4244 4382 4243
f 4244 4383 4382
f 4245 4383 4244
f 4245 4384 4383
f 4246 4384 4245
f 4246 4385 4384
f 4247 4386 4385
f 4248 4386 4247
f 4248 4387 4386
f 4250 4388 4249
f 4250 4389 4388
f 4251 4389 4250
f 4251 4390 4389
f 4252 4390 4251
f 4252 4391 4390
f 4253 4391 4252
f 4253 4392 4391
f 4254 4392 4253
f 4254 4393 4392
f 4255 4393 4254
f 4255 4394 4393
f 4256 4394 4255
f 4256 4395 4394
f 4257 4395 4256
f 4257 4396 4395
f 4258 4396 4257
f 4258 4397 4396
f 4259 4397 4258
f 4259 4398 4397
f 4260 4398 4259
f 4260 4399 4398
f 4261 4399 4260
f 4261 4400 4399
f 4262 4400 4261
f 4262 4401 4400
f 4263 4401 4262
f 4263 4402 4401
f 4264 4402 4263
f 4264 4403 4402
f 4265 4403 4264
f 4265 4404 4403
f 4266 4404 4265
f 4266 4405 4404
f 4267 4405 4266
f 4267 4406 4405
f 4268 4406 4267
f 4268 4407 4406
f 4269 4407 4268
f 4269 4408 4407
f 4270 4408 4269
f 4270 4409 4408
f 4271 4409 4270
f 4271 4410 4409
f 4272 4410 4271
f 4272 4411 4410
f 4273 4411 4272
f 4273 4412 4411
f 4274 4412 4273
f 4274 4413 4412
f 4275 4413 4274
f 4275 4414 4413
f 4276 4414 4275
f 4276 4415 4414
f 4277 4415 4276
f 4277 4416 4415
f 4278 4416 4277
f 4278 4417 4416
f 4279 4417 4278
f 4279 4418 4417
f 4280 4418 4279
f 4280 4419 4418
f 4281 4419 4280
f 4281 4420 4419
f 4282 4420 4281
f 4282 4421 4420
f 4283 4421 4282
f 4283 4422 4421
f 4284 4422 4283
f 4284 4423 4422
f 4285 4423 4284
f 4285 4424 4423
f 4286 4424 4285
f 4286 4425 4424
f 4290 4428 4427
f 4291 4428 4290
f 4291 4429 4428
f 4292 4429 4291
f 4292 4430 4429
f 4293 4430 4292
f 4293 4431 4430
f 4297 4434 4433
f 4298 4434 4297
f 4298 4435 4434
f 4299 4435 4298
f 4299 4436 4435
f 4300 4436 4299
f 4300 4437 4436
f 4302 4438 4301
f 4302 4439 4438
f 4303 4439 4302
f 4303 4440 4439
f 4304 4440 4303
f 4304 4441 4440
f 4305 4441 4304
f 4305 4442 4441
f 4306 4442 4305
f 4306 4443 4442
f 4307 4443 4306
f 4307 4444 4443
f 4308 4444 4307
f 4308 4445 4444
f 4309 4445 4308
f 4309 4446 4445
f 4310 4446 4309
f 4310 4447 4446
f 4311 4447 4310
f 4311 4448 4447
f 4312 4448 4311
f 4312 4449 4448
f 4313 4449 4312
f 4313 4450 4449
f 4314 4450 4313
f 4314 4451 4450
f 4315 4451 4314
f 4315 4452 4451
f 4316 4452 4315
f 4316 4453 4452
f 4317 4453 4316
f 4317 4454 4453
f 4318 4454 4317
f 4318 4455 4454
f 4319 4455 4318
f 4319 4456 4455
f 4320 4456 4319
f 4320 4457 4456
f 4321 4457 4320
f 4321 4458 4457
f 4322 4458 4321
f 4322 4459 4458
f 4323 4459 4322
f 4323 4460 4459
f 4324 4460 4323
f 4324 4461 4460
f 4325 4461 4324
f 4325 4462 4461
f 4326 4462 4325
f 4326 4463 4462
f 4327 4463 4326
f 4327 4464 4463
f 4328 4464 4327
f 4328 4465 4464
f 4329 4465 4328
f 4329 4466 4465
f 4330 4466 4329
f 4330 4467 4466
f 4331 4467 4330
f 4331 4468 4467
f 4332 4468 4331
f 4332 4469 4468
f 4333 4469 4332
f 4333 4470 4469
f 4334 4470 4333
f 4334 4471 4470
f 4335 4471 4334
f 4335 4472 4471
f 4336 4472 4335
f 4336 4473 4472
f 4337 4473 4336
f 4337 4474 4473
f 4338 4474 4337
f 4338 4475 4474
f 4339 4475 4338
f 4339 4476 4475
f 4340 4476 4339
f 4340 4477 4476
f 4341 4477 4340
f 4341 4478 4477
f 4342 4478 4341
f 4342 4479 4478
f 4343 4479 4342
f 4343 4480 4479
f 4344 4480 4343
f 4344 4481 4480
f 4345 4481 4344
f 4345 4482 4481
f 4346 4482 4345
f 4346 4483 4482
f 4347 4483 4346
f 4347 4484 4483
f 4348 4484 4347
f 4348 4485 4484
f 4349 4485 4348
f 4349 4486 4485
f 4350 4486 4349
f 4350 4487 4486
f 4351 4487 4350
f 4351 4488 4487
f 4352 4488 4351
f 4352 4489 4488
f 4353 4489 4352
f 4353 4490 4489
f 4354 4490 4353
f 4354 4491 4490
f 4355 4491 4354
f 4355 4492 4491
f 4356 4492 4355
f 4356 4493 4492
f 4357 4493 4356
f 4357 4494 4493
f 4358 4494 4357
f 4358 4495 4494
f 4359 4495 4358
f 4359 4496 4495
f 4360 4496 4359
f 4360 4497 4496
f 4361 4497 4360
f 4361 4498 4497
f 4362 4498 4361
f 4362 4499 4498
f 4363 4499 4362
f 4363 4500 4499
f 4364 4500 4363
f 4364 4501 4500
f 4365 4501 4364
f 4365 4502 4501
f 4366 4502 4365
f 4366 4503 4502
f 4367 4503 4366
f 4367 4504 4503
f 4368 4504 4367
f 4368 4505 4504
f 4369 4505 4368
f 4369 4506 4505
f 4370 4506 4369
f 4370 4507 4506
f 4371 4507 4370
f 4371 4508 4507
f 4372 4508 4371
f 4372 4509 4508
f 4374 4510 4373
f 4374 4511 4510
f 4375 4511 4374
f 4375 4512 4511
f 4376 4512 4375
f 4376 4513 4512
f 4377 4513 4376
f 4377 4514 4513
f 4378 4514 4377
f 4378 4515 4514
f 4379 4515 4378
f 4379 4516 4515
f 4380 4516 4379
f 4380 4517 4516
f 4381 4517 4380
f 4381 4518 4517
f 4382 4518 4381
f 4382 4519 4518
f 4383 4519 4382
f 4383 4520 4519
f 4384 4520 4383
f 4384 4521 4520
f 4385 4521 4384
f 4386 4522 4385
f 4386 4523 4522
f 4387 4523 4386
f 4389 4524 4388
f 4389 4525 4524
f 4390 4525 4389
f 4390 4526 4525
f 4391 4526 4390
f 4391 4527 4526
f 4392 4527 4391
f 4392 4528 4527
f 4393 4528 4392
f 4393 4529 4528
f 4394 4529 4393
f 4394 4530 4529
f 4395 4530 4394
f 4395 4531 4530
f 4396 4531 4395
f 4396 4532 4531
f 4397 4532 4396
f 4397 4533 4532
f 4398 4533 4397
f 4398 4534 4533
f 4399 4534 4398
f 4399 4535 4534
f 4400 4535 4399
f 4400 4536 4535
f 4401 4536 4400
f 4401 4537 4536
f 4402 4537 4401
f 4402 4538 4537
f 4403 4538 4402
f 4403 4539 4538
f 4404 4539 4403
f 4404 4540 4539
f 4405 4540 4404
f 4405 4541 4540
f 4406 4541 4405
f 4406 4542 4541
f 4407 4542 4406
f 4407 4543 4542
f 4408 4543 4407
f 4408 4544 4543
f 4409 4544 4408
f 4409 4545 4544
f 4410 4545 4409
f 4410 4546 4545
f 4411 4546 4410
f 4411 4547 4546
f 4412 4547 4411
f 4412 4548 4547
f 4413 4548 4412
f 4413 4549 4548
f 4414 4549 4413
f 4414 4550 4549
f 4415 4550 4414
f 4415 4551 4550
f 4416 4551 4415
f 4416 4552 4551
f 4417 4552 4416
f 4417 4553 4552
f 4418 4553 4417
f 4418 4554 4553
f 4419 4554 4418
f 4419 4555 4554
f 4420 4555 4419
f 4420 4556 4555
f 4421 4556 4420
f 4421 4557 4556
f 4422 4557 4421
f 4422 4558 4557
f 4423 4558 4422
f 4423 4559 4558
f 4424 4559 4423
f 4424 4560 4559
f 4425 4560 4424
f 4425 4561 4560
f 4426 4561 4425
f 4426 4562 4561
f 4432 4569 4568
f 4433 4571 4570
f 4434 4571 4433
f 4434 4572 4571
f 4435 4572 4434
f 4435 4573 4572
f 4436 4573 4435
f 4436 4574 4573
f 4437 4574 4436
f 4438 4576 4575
f 4439 4576 4438
f 4439 4577 4576
f 4440 4577 4439
f 4440 4578 4577
f 4441 4578 4440
f 4441 4579 4578
f 4442 4579 4441
f 4442 4580 4579
f 4443 4580 4442
f 4443 4581 4580
f 4444 4581 4443
f 4444 4582 4581
f 4445 4582 4444
f 4445 4583 4582
f 4446 4583 4445
f 4446 4584 4583
f 4447 4584 4446
f 4447 4585 4584
f 4448 4585 4447
f 4448 4586 4585
f 4449 4586 4448
f 4449 4587 4586
f 4450 4587 4449
f 4450 4588 4587
f 4451 4588 4450
f 4451 4589 4588
f 4452 4589 4451
f 4452 4590 4589
f 4453 4590 4452
f 4453 4591 4590
f 4454 4591 4453
f 4454 4592 4591
f 4455 4592 4454
f 4455 4593 4592
f 4456 4593 4455
f 4456 4594 4593
f 4457 4594 4456
f 4457 4595 4594
f 4458 4595 4457
f 4458 4596 4595
f 4459 4596 4458
f 4459 4597 4596
f 4460 4597 4459
f 4460 4598 4597
f 4461 4598 4460
f 4461 4599 4598
f 4462 4599 4461
f 4462 4600 4599
f 4463 4600 4462
f 4463 4601 4600
f 4464 4601 4463
f 4464 4602 4601
f 4465 4602 4464
f 4465 4603 4602
f 4466 4603 4465
f 4466 4604 4603
f 4467 4604 4466
f 4467 4605 4604
f 4468 4605 4467
f 4468 4606 4605
f 4469 4606 4468
f 4469 4607 4606
f 4470 4607 4469
f 4470 4608 4607
f 4471 4608 4470
f 4471 4609 4608
f 4472 4609 4471
f 4472 4610 4609
f 4473 4610 4472
f 4473 4611 4610
f 4474 4611 4473
f 4474 4612 4611
f 4475 4612 4474
f 4475 4613 4612
f 4476 4613 4475
f 4476 4614 4613
f 4477 4614 4476
f 4477 4615 4614
f 4478 4615 4477
f 4478 4616 4615
f 4479 4616 4478
f 4479 4617 4616
f 4480 4617 4479
f 4480 4618 4617
f 4481 4618 4480
f 4481 4619 4618
f 4482 4619 4481
f 4482 4620 4619
f 4483 4620 4482
f 4483 4621 4620
f 4484 4621 4483
f 4484 4622 4621
f 4485 4622 4484
f 4485 4623 4622
f 4486 4623 4485
f 4486 4624 4623
f 4487 4624 4486
f 4487 4625 4624
f 4488 4625 4487
f 4488 4626 4625
f 4489 4626 4488
f 4489 4627 4626
f 4490 4627 4489
f 4490 4628 4627
f 4491 4628 4490
f 4491 4629 4628
f 4492 4629 4491
f 4492 4630 4629
f 4493 4630 4492
f 4493 4631 4630
f 4494 4631 4493
f 4494 4632 4631
f 4495 4632 4494
f 4495 4633 4632
f 4496 4633 4495
f 4496 4634 4633
f 4497 4634 4496
f 4497 4635 4634
f 4498 4635 4497
f 4498 4636 4635
f 4499 4636 4498
f 4499 4637 4636
f 4500 4637 4499
f 4500 4638 4637
f 4501 4638 4500
f 4501 4639 4638
f 4502 4639 4501
f 4502 4640 4639
f 4503 4640 4502
f 4503 4641 4640
f 4504 4641 4503
f 4504 4642 4641
f 4505 4642 4504
f 4505 4643 4642
f 4506 4643 4505
f 4506 4644 4643
f 4507 4644 4506
f 4507 4645 4644
f 4508 4645 4507
f 4508 4646 4645
f 4509 4646 4508
f 4509 4647 4646
f 4511 4648 4510
f 4511 4649 4648
f 4512 4649 4511
f 4512 4650 4649
f 4513 4650 4512
f 4513 4651 4650
f 4514 4651 4513
f 4514 4652 4651
f 4515 4652 4514
f 4515 4653 4652
f 4516 4653 4515
f 4516 4654 4653
f 4517 4654 4516
f 4517 4655 4654
f 4518 4655 4517
f 4518 4656 4655
f 4519 4656 4518
f 4519 4657 4656
f 4520 4657 4519
f 4520 4658 4657
f 4521 4658 4520
f 4521 4659 4658
f 4522 4660 4659
f 4523 4660 4522
f 4523 4661 4660
f 4526 4662 4525
f 4526 4663 4662
f 4527 4663 4526
f 4527 4664 4663
f 4528 4664 4527
f 4528 4665 4664
f 4529 4665 4528
f 4529 4666 4665
f 4530 4666 4529
f 4530 4667 4666
f 4531 4667 4530
f 4531 4668 4667
f 4532 4668 4531
f 4532 4669 4668
f 4533 4669 4532
f 4533 4670 4669
f 4534 4670 4533
f 4534 4671 4670
f 4535 4671 4534
f 4535 4672 4671
f 4536 4672 4535
f 4536 4673 4672
f 4537 4673 4536
f 4537 4674 4673
f 4538 4674 4537
f 4538 4675 4674
f 4539 4675 4538
f 4539 4676 4675
f 4540 4676 4539
f 4540 4677 4676
f 4541 4677 4540
f 4541 4678 4677
f 4542 4678 4541
f 4542 4679 4678
f 4543 4679 4542
f 4543 4680 4679
f 4544 4680 4543
f 4544 4681 4680
f 4545 4681 4544
f 4545 4682 4681
f 4546 4682 4545
f 4546 4683 4682
f 4547 4683 4546
f 4547 4684 4683
f 4548 4684 4547
f 4548 4685 4684
f 4549 4685 4548
f 4549 4686 4685
f 4550 4686 4549
f 4550 4687 4686
f 4551 4687 4550
f 4551 4688 4687
f 4552 4688 4551
f 4552 4689 4688
f 4553 4689 4552
f 4553 4690 4689
f 4554 4690 4553
f 4554 4691 4690
f 4555 4691 4554
f 4555 4692 4691
f 4556 4692 4555
f 4556 4693 4692
f 4557 4693 4556
f 4557 4694 4693
f 4558 4694 4557
f 4558 4695 4694
f 4559 4695 4558
f 4559 4696 4695
f 4560 4696 4559
f 4560 4697 4696
f 4561 4697 4560
f 4561 4698 4697
f 4562 4698 4561
f 4562 4699 4698
f 4563 4699 4562
f 4563 4700 4699
f 4564 4700 4563
f 4564 4701 4700
f 4565 4701 4564
f 4566 4704 4703
f 4567 4704 4566
f 4570 4708 4707
f 4571 4708 4570
f 4571 4709 4708
f 4572 4709 4571
f 4572 4710 4709
f 4573 4710 4572
f 4573 4711 4710
f 4574 4711 4573
f 4574 4712 4711
f 4576 4713 4575
f 4576 4714 4713
f 4577 4714 4576
f 4577 4715 4714
f 4578 4715 4577
f 4578 4716 4715
f 4579 4716 4578
f 4579 4717 4716
f 4580 4717 4579
f 4580 4718 4717
f 4581 4718 4580
f 4581 4719 4718
f 4582 4719 4581
f 4582 4720 4719
f 4583 4720 4582
f 4583 4721 4720
f 4584 4721 4583
f 4584 4722 4721
f 4585 4722 4584
f 4585 4723 4722
f 4586 4723 4585
f 4586 4724 4723
f 4587 4724 4586
f 4587 4725 4724
f 4588 4725 4587
f 4588 4726 4725
f 4589 4726 4588
f 4589 4727 4726
f 4590 4727 4589
f 4590 4728 4727
f 4591 4728 4590
f 4591 4729 4728
f 4592 4729 4591
f 4592 4730 4729
f 4593 4730 4592
f 4593 4731 4730
f 4594 4731 4593
f 4594 4732 4731
f 4595 4732 4594
f 4595 4733 4732
f 4596 4733 4595
f 4596 4734 4733
f 4597 4734 4596
f 4597 4735 4734
f 4598 4735 4597
f 4598 4736 4735
f 4599 4736 4598
f 4599 4737 4736
f 4600 4737 4599
f 4600 4738 4737
f 4601 4738 4600
f 4601 4739 4738
f 4602 4739 4601
f 4602 4740 4739
f 4603 4740 4602
f 4603 4741 4740
f 4604 4741 4603
f 4604 4742 4741
f 4605 4742 4604
f 4605 4743 4742
f 4606 4743 4605
f 4606 4744 4743
f 4607 4744 4606
f 4607 4745 4744
f 4608 4745 4607
f 4608 4746 4745
f 4609 4746 4608
f 4609 4747 4746
f 4610 4747 4609
f 4610 4748 4747
f 4611 4748 4610
f 4611 4749 4748
f 4612 4749 4611
f 4612 4750 4749
f 4613 4750 4612
f 4613 4751 4750
f 4614 4751 4613
f 4614 4752 4751
f 4615 4752 4614
f 4615 4753 4752
f 4616 4753 4615
f 4616 4754 4753
f 4617 4754 4616
f 4617 4755 4754
f 4618 4755 4617
f 4618 4756 4755
f 4619 4756 4618
f 4619 4757 4756
f 4620 4757 4619
f 4620 4758 4757
f 4621 4758 4620
f 4621 4759 4758
f 4622 4759 4621
f 4622 4760 4759
f 4623 4760 4622
f 4623 4761 4760
f 4624 4761 4623
f 4624 4762 4761
f 4625 4762 4624
f 4625 4763 4762
f 4626 4763 4625
f 4626 4764 4763
f 4627 4764 4626
f 4627 4765 4764
f 4628 4765 4627
f 4628 4766 4765
f 4629 4766 4628
f 4629 4767 4766
f 4630 4767 4629
f 4630 4768 4767
f 4631 4768 4630
f 4631 4769 4768
f 4632 4769 4631
f 4632 4770 4769
f 4633 4770 4632
f 4633 4771 4770
f 4634 4771 4633
f 4634 4772 4771
f 4635 4772 4634
f 4635 4773 4772
f 4636 4773 4635
f 4636 4774 4773
f 4637 4774 4636
f 4637 4775 4774
f 4638 4775 4637
f 4638 4776 4775
f 4639 4776 4638
f 4639 4777 4776
f 4640 4777 4639
f 4640 4778 4777
f 4641 4778 4640
f 4641 4779 4778
f 4642 4779 4641
f 4642 4780 4779
f 4643 4780 4642
f 4643 4781 4780
f 4644 4781 4643
f 4644 4782 4781
f 4645 4782 4644
f 4645 4783 4782
f 4646 4783 4645
f 4646 4784 4783
f 4647 4784 4646
f 4647 4785 4784
f 4649 4788 4648
f 4650 4789 4649
f 4650 4790 4789
f 4651 4790 4650
f 4651 4791 4790
f 4652 4791 4651
f 4652 4792 4791
f 4653 4792 4652
f 4653 4793 4792
f 4654 4793 4653
f 4654 4794 4793
f 4655 4794 4654
f 4655 4795 4794
f 4656 4795 4655
f 4656 4796 4795
f 4657 4796 4656
f 4657 4797 4796
f 4658 4797 4657
f 4659 4799 4798
f 4660 4800 4799
f 4661 4800 4660
f 4661 4801 4800
f 4663 4802 4662
f 4663 4803 4802
f 4664 4803 4663
f 4664 4804 4803
f 4665 4804 4664
f 4665 4805 4804
f 4666 4805 4665
f 4666 4806 4805
f 4667 4806 4666
f 4667 4807 4806
f 4668 4807 4667
f 4668 4808 4807
f 4669 4808 4668
f 4669 4809 4808
f 4670 4809 4669
f 4670 4810 4809
f 4671 4810 4670
f 4671 4811 4810
f 4672 4811 4671
f 4672 4812 4811
f 4673 4812 4672
f 4673 4813 4812
f 4674 4813 4673
f 4674 4814 4813
f 4675 4814 4674
f 4675 4815 4814
f 4676 4815 4675
f 4676 4816 4815
f 4677 4816 4676
f 4677 4817 4816
f 4678 4817 4677
f 4678 4818 4817
f 4679 4818 4678
f 4679 4819 4818
f 4680 4819 4679
f 4680 4820 4819
f 4681 4820 4680
f 4681 4821 4820
f 4682 4821 4681
f 4682 4822 4821
f 4683 4822 4682
f 4683 4823 4822
f 4684 4823 4683
f 4684 4824 4823
f 4685 4824 4684
f 4685 4825 4824
f 4686 4825 4685
f 4686 4826 4825
f 4687 4826 4686
f 4687 4827 4826
f 4688 4827 4687
f 4688 4828 4827
f 4689 4828 4688
f 4689 4829 4828
f 4690 4829 4689
f 4690 4830 4829
f 4691 4830 4690
f 4691 4831 4830
f 4692 4831 4691
f 4692 4832 4831
f 4693 4832 4692
f 4693 4833 4832
f 4694 4833 4693
f 4694 4834 4833
f 4695 4834 4694
f 4695 4835 4834
f 4696 4835 4695
f 4696 4836 4835
f 4697 4836 4696
f 4697 4837 4836
f 4698 4837 4697
f 4698 4838 4837
f 4699 4838 4698
f 4699 4839 4838
f 4700 4839 4699
f 4700 4840 4839
f 4701 4840 4700
f 4701 4841 4840
f 4702 4841 4701
f 4702 4842 4841
f 4703 4842 4702
f 4703 4843 4842
f 4704 4843 4703
f 4704 4844 4843
f 4705 4844 4704
f 4705 4845 4844
f 4706 4845 4705
f 4706 4846 4845
f 4707 4849 4848
f 4708 4849 4707
f 4708 4850 4849
f 4709 4850 4708
f 4709 4851 4850
f 4710 4851 4709
f 4710 4852 4851
f 4711 4852 4710
f 4711 4853 4852
f 4712 4853 4711
f 4713 4855 4854
f 4714 4855 4713
f 4714 4856 4855
f 4715 4856 4714
f 4715 4857 4856
f 4716 4857 4715
f 4716 4858 4857
f 4717 4858 4716
f 4717 4859 4858
f 4718 4859 4717
f 4718 4860 4859
f 4719 4860 4718
f 4719 4861 4860
f 4720 4861 4719
f 4720 4862 4861
f 4721 4862 4720
f 4721 4863 4862
f 4722 4863 4721
f 4722 4864 4863
f 4723 4864 4722
f 4723 4865 4864
f 4724 4865 4723
f 4724 4866 4865
f 4725 4866 4724
f 4725 4867 4866
f 4726 4867 4725
f 4726 4868 4867
f 4727 4868 4726
f 4727 4869 4868
f 4728 4869 4727
f 4728 4870 4869
f 4729 4870 4728
f 4729 4871 4870
f 4730 4871 4729
f 4730 4872 4871
f 4731 4872 4730
f 4731 4873 4872
f 4732 4873 4731
f 4732 4874 4873
f 4733 4874 4732
f 4733 4875 4874
f 4734 4875 4733
f 4734 4876 4875
f 4735 4876 4734
f 4735 4877 4876
f 4736 4877 4735
f 4736 4878 4877
f 4737 4878 4736
f 4737 4879 4878
f 4738 4879 4737
f 4738 4880 4879
f 4739 4880 4738
f 4739 4881 4880
f 4740 4881 4739
f 4740 4882 4881
f 4741 4882 4740
f 4741 4883 4882
f 4742 4883 4741
f 4742 4884 4883
f 4743 4884 4742
f 4743 4885 4884
f 4744 4885 4743
f 4744 4886 4885
f 4745 4886 4744
f 4745 4887 4886
f 4746 4887 4745
f 4746 4888 4887
f 4747 4888 4746
f 4747 4889 4888
f 4748 4889 4747
f 4748 4890 4889
f 4749 4890 4748
f 4749 4891 4890
f 4750 4891 4749
f 4750 4892 4891
f 4751 4892 4750
f 4751 4893 4892
f 4752 4893 4751
f 4752 4894 4893
f 4753 4894 4752
f 4753 4895 4894
f 4754 4895 4753
f 4754 4896 4895
f 4755 4896 4754
f 4755 4897 4896
f 4756 4897 4755
f 4756 4898 4897
f 4757 4898 4756
f 4757 4899 4898
f 4758 4899 4757
f 4758 4900 4899
f 4759 4900 4758
f 4759 4901 4900
f 4760 4901 4759
f 4760 4902 4901
f 4761 4902 4760
f 4761 4903 4902
f 4762 4903 4761
f 4762 4904 4903
f 4763 4904 4762
f 4763 4905 4904
f 4764 4905 4763
f 4764 4906 4905
f 4765 4906 4764
f 4765 4907 4906
f 4766 4907 4765
f 4766 4908 4907
f 4767 4908 4766
f 4767 4909 4908
f 4768 4909 4767
f 4768 4910 4909
f 4769 4910 4768
f 4769 4911 4910
f 4770 4911 4769
f 4770 4912 4911
f 4771 4912 4770
f 4771 4913 4912
f 4772 4913 4771
f 4772 4914 4913
f 4773 4914 4772
f 4773 4915 4914
f 4774 4915 4773
f 4774 4916 4915
f 4775 4916 4774
f 4775 4917 4916
f 4776 4917 4775
f 4776 4918 4917
f 4777 4918 4776
f 4777 4919 4918
f 4778 4919 4777
f 4778 4920 4919
f 4779 4920 4778
f 4779 4921 4920
f 4780 4921 4779
f 4780 4922 4921
f 4781 4922 4780
f 4781 4923 4922
f 4782 4923 4781
f 4782 4924 4923
f 4783 4924 4782
f 4783 4925 4924
f 4784 4925 4783
f 4784 4926 4925
f 4785 4926 4784
f 4785 4927 4926
f 4786 4929 4928
f 4787 4929 4786
f 4790 4930 4789
f 4790 4931 4930
f 4791 4931 4790
f 4791 4932 4931
f 4792 4932 4791
f 4792 4933 4932
f 4793 4933 4792
f 4793 4934 4933
f 4794 4934 4793
f 4794 4935 4934
f 4795 4935 4794
f 4795 4936 4935
f 4796 4936 4795
f 4796 4937 4936
f 4797 4937 4796
f 4797 4938 4937
f 4798 4938 4797
f 4798 4939 4938
f 4799 4939 4798
f 4799 4940 4939
f 4800 4940 4799
f 4800 4941 4940
f 4801 4941 4800
f 4804 4942 4803
f 4804 4943 4942
f 4805 4943 4804
f 4805 4944 4943
f 4806 4944 4805
f 4806 4945 4944
f 4807 4945 4806
f 4807 4946 4945
f 4808 4946 4807
f 4808 4947 4946
f 4809 4947 4808
f 4809 4948 4947
f 4810 4948 4809
f 4810 4949 4948
f 4811 4949 4810
f 4811 4950 4949
f 4812 4950 4811
f 4812 4951 4950
f 4813 4951 4812
f 4813 4952 4951
f 4814 4952 4813
f 4814 4953 4952
f 4815 4953 4814
f 4815 4954 4953
f 4816 4954 4815
f 4816 4955 4954
f 4817 4955 4816
f 4817 4956 4955
f 4818 4956 4817
f 4818 4957 4956
f 4819 4957 4818
f 4819 4958 4957
f 4820 4958 4819
f 4820 4959 4958
f 4821 4959 4820
f 4821 4960 4959
f 4822 4960 4821
f 4822 4961 4960
f 4823 4961 4822
f 4823 4962 4961
f 4824 4962 4823
f 4824 4963 4962
f 4825 4963 4824
f 4825 4964 4963
f 4826 4964 4825
f 4826 4965 4964
f 4827 4965 4826
f 4827 4966 4965
f 4828 4966 4827
f 4828 4967 4966
f 4829 4967 4828
f 4829 4968 4967
f 4830 4968 4829
f 4830 4969 4968
f 4831 4969 4830
f 4831 4970 4969
f 4832 4970 4831
f 4832 4971 4970
f 4833 4971 4832
f 4833 4972 4971
f 4834 4972 4833
f 4834 4973 4972
f 4835 4973 4834
f 4835 4974 4973
f 4836 4974 4835
f 4836 4975 4974
f 4837 4975 4836
f 4837 4976 4975
f 4838 4976 4837
f 4838 4977 4976
f 4839 4977 4838
f 4839 4978 4977
f 4840 4978 4839
f 4840 4979 4978
f 4841 4979 4840
f 4841 4980 4979
f 4842 4980 4841
f 4842 4981 4980
f 4843 4981 4842
f 4843 4982 4981
f 4844 4982 4843
f 4844 4983 4982
f 4845 4983 4844
f 4845 4984 4983
f 4846 4984 4845
f 4847 4986 4985
f 4848 4986 4847
f 4848 4987 4986
f 4849 4988 4987
f 4850 4988 4849
f 4850 4989 4988
f 4851 4989 4850
f 4851 4990 4989
f 4852 4990 4851
f 4852 4991 4990
f 4853 4991 4852
f 4853 4992 4991
f 4854 4992 4853
f 4854 4993 4992
f 4855 4993 4854
f 4855 4994 4993
f 4856 4994 4855
f 4856 4995 4994
f 4857 4995 4856
f 4857 4996 4995
f 4858 4996 4857
f 4858 4997 4996
f 4859 4997 4858
f 4859 4998 4997
f 4860 4998 4859
f 4860 4999 4998
f 4861 4999 4860
f 4861 5000 4999
f 4862 5000 4861
f 4862 5001 5000
f 4863 5001 4862
f 4863 5002 5001
f 4864 5002 4863
f 4864 5003 5002
f 4865 5003 4864
f 4865 5004 5003
f 4866 5004 4865
f 4866 5005 5004
f 4867 5005 4866
f 4867 5006 5005
f 4868 5006 4867
f 4868 5007 5006
f 4869 5007 4868
f 4869 5008 5007
f 4870 5008 4869
f 4870 5009 5008
f 4871 5009 4870
f 4871 5010 5009
f 4872 5010 4871
f 4872 5011 5010
f 4873 5011 4872
f 4873 5012 5011
f 4874 5012 4873
f 4874 5013 5012
f 4875 5013 4874
f 4875 5014 5013
f 4876 5014 4875
f 4876 5015 5014
f 4877 5015 4876
f 4877 5016 5015
f 4878 5016 4877
f 4878 5017 5016
f 4879 5017 4878
f 4879 5018 5017
f 4880 5018 4879
f 4880 5019 5018
f 4881 5019 4880
f 4881 5020 5019
f 4882 5020 4881
f 4882 5021 5020
f 4883 5021 4882
f 4883 5022 5021
f 4884 5022 4883
f 4884 5023 5022
f 4885 5023 4884
f 4885 5024 5023
f 4886 5024 4885
f 4886 5025 5024
f 4887 5025 4886
f 4887 5026 5025
f 4888 5026 4887
f 4888 5027 5026
f 4889 5027 4888
f 4889 5028 5027
f 4890 5028 4889
f 4890 5029 5028
f 4891 5029 4890
f 4891 5030 5029
f 4892 5030 4891
f 4892 5031 5030
f 4893 5031 4892
f 4893 5032 5031
f 4894 5032 4893
f 4894 5033 5032
f 4895 5033 4894
f 4895 5034 5033
f 4896 5034 4895
f 4896 5035 5034
f 4897 5035 4896
f 4897 5036 5035
f 4898 5036 4897
f 4898 5037 5036
f 4899 5037 4898
f 4899 5038 5037
f 4900 5038 4899
f 4900 5039 5038
f 4901 5039 4900
f 4901 5040 5039
f 4902 5040 4901
f 4902 5041 5040
f 4903 5041 4902
f 4903 5042 5041
f 4904 5042 4903
f 4904 5043 5042
f 4905 5043 4904
f 4905 5044 5043
f 4906 5044 4905
f 4906 5045 5044
f 4907 5045 4906
f 4907 5046 5045
f 4908 5046 4907
f 4908 5047 5046
f 4909 5047 4908
f 4909 5048 5047
f 4910 5048 4909
f 4910 5049 5048
f 4911 5049 4910
f 4911 5050 5049
f 4912 5050 4911
f 4912 5051 5050
f 4913 5051 4912
f 4913 5052 5051
f 4914 5052 4913
f 4914 5053 5052
f 4915 5053 4914
f 4915 5054 5053
f 4916 5054 4915
f 4916 5055 5054
f 4917 5055 4916
f 4917 5056 5055
f 4918 5056 4917
f 4918 5057 5056
f 4919 5057 4918
f 4919 5058 5057
f 4920 5058 4919
f 4920 5059 5058
f 4921 5059 4920
f 4921 5060 5059
f 4922 5060 4921
f 4922 5061 5060
f 4923 5061 4922
f 4923 5062 5061
f 4924 5062 4923
f 4924 5063 5062
f 4925 5063 4924
f 4925 5064 5063
f 4926 5064 4925
f 4926 5065 5064
f 4927 5065 4926
f 4927 5066 5065
f 4928 5070 5069
f 4929 5070 4928
f 4929 5071 5070
f 4931 5072 4930
f 4932 5073 4931
f 4932 5074 5073
f 4933 5074 4932
f 4933 5075 5074
f 4934 5075 4933
f 4934 5076 5075
f 4935 5076 4934
f 4935 5077 5076
f 4936 5077 4935
f 4936 5078 5077
f 4937 5078 4936
f 4937 5079 5078
f 4938 5079 4937
f 4939 5081 5080
f 4940 5081 4939
f 4940 5082 5081
f 4941 5082 4940
f 4944 5083 4943
f 4944 5084 5083
f 4945 5084 4944
f 4945 5085 5084
f 4946 5085 4945
f 4946 5086 5085
f 4947 5086 4946
f 4947 5087 5086
f 4948 5087 4947
f 4948 5088 5087
f 4949 5088 4948
f 4949 5089 5088
f 4950 5089 4949
f 4950 5090 5089
f 4951 5090 4950
f 4951 5091 5090
f 4952 5091 4951
f 4952 5092 5091
f 4953 5092 4952
f 4953 5093 5092
f 4954 5093 4953
f 4954 5094 5093
f 4955 5094 4954
f 4955 5095 5094
f 4956 5095 4955
f 4956 5096 5095
f 4957 5096 4956
f 4957 5097 5096
f 4958 5097 4957
f 4958 5098 5097
f 4959 5098 4958
f 4959 5099 5098
f 4960 5099 4959
f 4960 5100 5099
f 4961 5100 4960
f 4961 5101 5100
f 4962 5101 4961
f 4962 5102 5101
f 4963 5102 4962
f 4963 5103 5102
f 4964 5103 4963
f 4964 5104 5103
f 4965 5104 4964
f 4965 5105 5104
f 4966 5105 4965
f 4966 5106 5105
f 4967 5106 4966
f 4967 5107 5106
f 4968 5107 4967
f 4968 5108 5107
f 4969 5108 4968
f 4969 5109 5108
f 4970 5109 4969
f 4970 5110 5109
f 4971 5110 4970
f 4971 5111 5110
f 4972 5111 4971
f 4972 5112 5111
f 4973 5112 4972
f 4973 5113 5112
f 4974 5113 4973
f 4974 5114 5113
f 4975 5114 4974
f 4975 5115 5114
f 4976 5115 4975
f 4976 5116 5115
f 4977 5116 4976
f 4977 5117 5116
f 4978 5117 4977
f 4978 5118 5117
f 4979 5118 4978
f 4979 5119 5118
f 4980 5119 4979
f 4980 5120 5119
f 4981 5120 4980
f 4981 5121 5120
f 4982 5121 4981
f 4982 5122 5121
f 4983 5122 4982
f 4983 5123 5122
f 4984 5123 4983
f 4984 5124 5123
f 4985 5125 5124
f 4986 5125 4985
f 4986 5126 5125
f 4987 5126 4986
f 4987 5127 5126
f 4988 5127 4987
f 4988 5128 5127
f 4989 5128 4988
f 4989 5129 5128
f 4990 5129 4989
f 4990 5130 5129
f 4991 5130 4990
f 4991 5131 5130
f 4992 5131 4991
f 4992 5132 5131
f 4993 5132 4992
f 4993 5133 5132
f 4994 5133 4993
f 4994 5134 5133
f 4995 5135 5134
f 4996 5135 4995
f 4996 5136 5135
f 4997 5136 4996
f 4997 5137 5136
f 4998 5137 4997
f 4998 5138 5137
f 4999 5138 4998
f 4999 5139 5138
f 5000 5139 4999
f 5000 5140 5139
f 5001 5140 5000
f 5001 5141 5140
f 5002 5141 5001
f 5002 5142 5141
f 5003 5142 5002
f 5003 5143 5142
f 5004 5143 5003
f 5004 5144 5143
f 5005 5144 5004
f 5005 5145 5144
f 5006 5145 5005
f 5006 5146 5145
f 5007 5146 5006
f 5007 5147 5146
f 5008 5147 5007
f 5008 5148 5147
f 5009 5148 5008
f 5009 5149 5148
f 5010 5149 5009
f 5010 5150 5149
f 5011 5150 5010
f 5011 5151 5150
f 5012 5151 5011
f 5012 5152 5151
f 5013 5152 5012
f 5013 5153 5152
f 5014 5153 5013
f 5014 5154 5153
f 5015 5154 5014
f 5015 5155 5154
f 5016 5155 5015
f 5016 5156 5155
f 5017 5156 5016
f 5017 5157 5156
f 5018 5157 5017
f 5018 5158 5157
f 5019 5158 5018
f 5019 5159 5158
f 5020 5159 5019
f 5020 5160 5159
f 5021 5160 5020
f 5021 5161 5160
f 5022 5161 5021
f 5022 5162 5161
f 5023 5162 5022
f 5023 5163 5162
f 5024 5163 5023
f 5024 5164 5163
f 5025 5164 5024
f 5025 5165 5164
f 5026 5165 5025
f 5026 5166 5165
f 5027 5166 5026
f 5027 5167 5166
f 5028 5167 5027
f 5028 5168 5167
f 5029 5168 5028
f 5029 5169 5168
f 5030 5169 5029
f 5030 5170 5169
f 5031 5170 5030
f 5031 5171 5170
f 5032 5171 5031
f 5032 5172 5171
f 5033 5172 5032
f 5033 5173 5172
f 5034 5173 5033
f 5034 5174 5173
f 5035 5174 5034
f 5035 5175 5174
f 5036 5175 5035
f 5036 5176 5175
f 5037 5176 5036
f 5037 5177 5176
f 5038 5177 5037
f 5038 5178 5177
f 5039 5178 5038
f 5039 5179 5178
f 5040 5179 5039
f 5040 5180 5179
f 5041 5180 5040
f 5041 5181 5180
f 5042 5181 5041
f 5042 5182 5181
f 5043 5182 5042
f 5043 5183 5182
f 5044 5183 5043
f 5044 5184 5183
f 5045 5184 5044
f 5045 5185 5184
f 5046 5185 5045
f 5046 5186 5185
f 5047 5186 5046
f 5047 5187 5186
f 5048 5187 5047
f 5048 5188 5187
f 5049 5188 5048
f 5049 5189 5188
f 5050 5189 5049
f 5050 5190 5189
f 5051 5190 5050
f 5051 5191 5190
f 5052 5191 5051
f 5052 5192 5191
f 5053 5192 5052
f 5053 5193 5192
f 5054 5193 5053
f 5054 5194 5193
f 5055 5194 5054
f 5055 5195 5194
f 5056 5195 5055
f 5056 5196 5195
f 5057 5196 5056
f 5057 5197 5196
f 5058 5197 5057
f 5058 5198 5197
f 5059 5198 5058
f 5059 5199 5198
f 5060 5199 5059
f 5060 5200 5199
f 5061 5200 5060
f 5061 5201 5200
f 5062 5201 5061
f 5062 5202 5201
f 5063 5202 5062
f 5063 5203 5202
f 5064 5203 5063
f 5064 5204 5203
f 5065 5204 5064
f 5067 5207 5206
f 5068 5208 5207
f 5069 5208 5068
f 5069 5209 5208
f 5070 5209 5069
f 5070 5210 5209
f 5071 5210 5070
f 5074 5213 5073
f 5074 5214 5213
f 5075 5214 5074
f 5075 5215 5214
f 5076 5215 5075
f 5076 5216 5215
f 5077 5216 5076
f 5077 5217 5216
f 5078 5217 5077
f 5078 5218 5217
f 5079 5218 5078
f 5079 5219 5218
f 5080 5219 5079
f 5080 5220 5219
f 5081 5220 5080
f 5081 5221 5220
f 5082 5221 5081
f 5085 5222 5084
f 5085 5223 5222
f 5086 5223 5085
f 5086 5224 5223
f 5087 5224 5086
f 5087 5225 5224
f 5088 5225 5087
f 5088 5226 5225
f 5089 5226 5088
f 5089 5227 5226
f 5090 5227 5089
f 5090 5228 5227
f 5091 5228 5090
f 5091 5229 5228
f 5092 5229 5091
f 5092 5230 5229
f 5093 5230 5092
f 5093 5231 5230
f 5094 5231 5093
f 5094 5232 5231
f 5095 5232 5094
f 5095 5233 5232
f 5096 5233 5095
f 5096 5234 5233
f 5097 5234 5096
f 5097 5235 5234
f 5098 5235 5097
f 5098 5236 5235
f 5099 5236 5098
f 5099 5237 5236
f 5100 5237 5099
f 5100 5238 5237
f 5101 5238 5100
f 5101 5239 5238
f 5102 5239 5101
f 5102 5240 5239
f 5103 5240 5102
f 5103 5241 5240
f 5104 5241 5103
f 5104 5242 5241
f 5105 5242 5104
f 5105 5243 5242
f 5106 5243 5105
f 5106 5244 5243
f 5107 5244 5106
f 5107 5245 5244
f 5108 5245 5107
f 5108 5246 5245
f 5109 5246 5108
f 5109 5247 5246
f 5110 5247 5109
f 5110 5248 5247
f 5111 5248 5110
f 5111 5249 5248
f 5112 5249 5111
f 5112 5250 5249
f 5113 5250 5112
f 5113 5251 5250
f 5114 5251 5113
f 5114 5252 5251
f 5115 5252 5114
f 5115 5253 5252
f 5116 5253 5115
f 5116 5254 5253
f 5117 5254 5116
f 5117 5255 5254
f 5118 5255 5117
f 5118 5256 5255
f 5119 5256 5118
f 5119 5257 5256
f 5120 5257 5119
f 5120 5258 5257
f 5121 5258 5120
f 5121 5259 5258
f 5122 5259 5121
f 5122 5260 5259
f 5123 5260 5122
f 5123 5261 5260
f 5124 5261 5123
f 5124 5262 5261
f 5125 5262 5124
f 5125 5263 5262
f 5126 5263 5125
f 5126 5264 5263
f 5127 5264 5126
f 5127 5265 5264
f 5128 5265 5127
f 5128 5266 5265
f 5129 5266 5128
f 5129 5267 5266
f 5130 5267 5129
f 5130 5268 5267
f 5131 5268 5130
f 5131 5269 5268
f 5132 5269 5131
f 5132 5270 5269
f 5133 5270 5132
f 5133 5271 5270
f 5134 5271 5133
f 5134 5272 5271
f 5135 5272 5134
f 5135 5273 5272
f 5136 5273 5135
f 5136 5274 5273
f 5137 5274 5136
f 5137 5275 5274
f 5138 5275 5137
f 5138 5276 5275
f 5139 5276 5138
f 5140 5277 5139
f 5140 5278 5277
f 5141 5278 5140
f 5141 5279 5278
f 5142 5279 5141
f 5142 5280 5279
f 5143 5280 5142
f 5143 5281 5280
f 5144 5281 5143
f 5144 5282 5281
f 5145 5282 5144
f 5145 5283 5282
f 5146 5283 5145
f 5146 5284 5283
f 5147 5284 5146
f 5147 5285 5284
f 5148 5285 5147
f 5148 5286 5285
f 5149 5286 5148
f 5149 5287 5286
f 5150 5287 5149
f 5150 5288 5287
f 5151 5288 5150
f 5151 5289 5288
f 5152 5289 5151
f 5152 5290 5289
f 5153 5290 5152
f 5153 5291 5290
f 5154 5291 5153
f 5154 5292 5291
f 5155 5292 5154
f 5155 5293 5292
f 5156 5293 5155
f 5156 5294 5293
f 5157 5294 5156
f 5157 5295 5294
f 5158 5295 5157
f 5158 5296 5295
f 5159 5296 5158
f 5159 5297 5296
f 5160 5297 5159
f 5160 5298 5297
f 5161 5298 5160
f 5161 5299 5298
f 5162 5299 5161
f 5162 5300 5299
f 5163 5300 5162
f 5163 5301 5300
f 5164 5301 5163
f 5164 5302 5301
f 5165 5302 5164
f 5165 5303 5302
f 5166 5303 5165
f 5166 5304 5303
f 5167 5304 5166
f 5167 5305 5304
f 5168 5305 5167
f 5168 5306 5305
f 5169 5306 5168
f 5169 5307 5306
f 5170 5307 5169
f 5170 5308 5307
f 5171 5308 5170
f 5171 5309 5308
f 5172 5309 5171
f 5172 5310 5309
f 5173 5310 5172
f 5173 5311 5310
f 5174 5311 5173
f 5174 5312 5311
f 5175 5312 5174
f 5175 5313 5312
f 5176 5313 5175
f 5176 5314 5313
f 5177 5314 5176
f 5177 5315 5314
f 5178 5315 5177
f 5178 5316 5315
f 5179 5316 5178
f 5179 5317 5316
f 5180 5317 5179
f 5180 5318 5317
f 5181 5318 5180
f 5181 5319 5318
f 5182 5319 5181
f 5182 5320 5319
f 5183 5320 5182
f 5183 5321 5320
f 5184 5321 5183
f 5184 5322 5321
f 5185 5322 5184
f 5185 5323 5322
f 5186 5323 5185
f 5186 5324 5323
f 5187 5324 5186
f 5187 5325 5324
f 5188 5325 5187
f 5188 5326 5325
f 5189 5326 5188
f 5189 5327 5326
f 5190 5327 5189
f 5190 5328 5327
f 5191 5328 5190
f 5191 5329 5328
f 5192 5329 5191
f 5192 5330 5329
f 5193 5330 5192
f 5193 5331 5330
f 5194 5331 5193
f 5194 5332 5331
f 5195 5332 5194
f 5195 5333 5332
f 5196 5333 5195
f 5196 5334 5333
f 5197 5334 5196
f 5197 5335 5334
f 5198 5335 5197
f 5198 5336 5335
f 5199 5336 5198
f 5199 5337 5336
f 5200 5337 5199
f 5200 5338 5337
f 5201 5338 5200
f 5201 5339 5338
f 5202 5339 5201
f 5202 5340 5339
f 5203 5340 5202
f 5203 5341 5340
f 5204 5341 5203
f 5204 5342 5341
f 5205 5342 5204
f 5205 5343 5342
f 5206 5343 5205
f 5206 5344 5343
f 5207 5344 5206
f 5207 5345 5344
f 5208 5345 5207
f 5208 5346 5345
f 5209 5346 5208
f 5209 5347 5346
f 5210 5347 5209
f 5210 5348 5347
f 5211 5350 5349
f 5212 5352 5351
f 5214 5354 5213
f 5214 5355 5354
f 5215 5355 5214
f 5215 5356 5355
f 5216 5356 5215
f 5216 5357 5356
f 5217 5357 5216
f 5217 5358 5357
f 5218 5358 5217
f 5218 5359 5358
f 5219 5359 5218
f 5220 5361 5360
f 5221 5361 5220
f 5223 5362 5222
f 5223 5363 5362
f 5224 5363 5223
f 5224 5364 5363
f 5225 5364 5224
f 5225 5365 5364
f 5226 5365 5225
f 5226 5366 5365
f 5227 5366 5226
f 5227 5367 5366
f 5228 5367 5227
f 5228 5368 5367
f 5229 5368 5228
f 5229 5369 5368
f 5230 5369 5229
f 5230 5370 5369
f 5231 5370 5230
f 5231 5371 5370
f 5232 5371 5231
f 5232 5372 5371
f 5233 5372 5232
f 5233 5373 5372
f 5234 5373 5233
f 5234 5374 5373
f 5235 5374 5234
f 5235 5375 5374
f 5236 5375 5235
f 5236 5376 5375
f 5237 5376 5236
f 5237 5377 5376
f 5238 5377 5237
f 5238 5378 5377
f 5239 5378 5238
f 5239 5379 5378
f 5240 5379 5239
f 5240 5380 5379
f 5241 5380 5240
f 5241 5381 5380
f 5242 5381 5241
f 5242 5382 5381
f 5243 5382 5242
f 5243 5383 5382
f 5244 5383 5243
f 5244 5384 5383
f 5245 5384 5244
f 5245 5385 5384
f 5246 5385 5245
f 5246 5386 5385
f 5247 5386 5246
f 5247 5387 5386
f 5248 5387 5247
f 5248 5388 5387
f 5249 5388 5248
f 5249 5389 5388
f 5250 5389 5249
f 5250 5390 5389
f 5251 5390 5250
f 5251 5391 5390
f 5252 5391 5251
f 5252 5392 5391
f 5253 5392 5252
f 5253 5393 5392
f 5254 5393 5253
f 5254 5394 5393
f 5255 5394 5254
f 5255 5395 5394
f 5256 5395 5255
f 5256 5396 5395
f 5257 5396 5256
f 5257 5397 5396
f 5258 5397 5257
f 5258 5398 5397
f 5259 5398 5258
f 5259 5399 5398
f 5260 5399 5259
f 5260 5400 5399
f 5261 5400 5260
f 5261 5401 5400
f 5262 5401 5261
f 5262 5402 5401
f 5263 5402 5262
f 5263 5403 5402
f 5264 5403 5263
f 5264 5404 5403
f 5265 5404 5264
f 5265 5405 5404
f 5266 5405 5265
f 5266 5406 5405
f 5267 5406 5266
f 5267 5407 5406
f 5268 5407 5267
f 5268 5408 5407
f 5269 5408 5268
f 5269 5409 5408
f 5270 5409 5269
f 5270 5410 5409
f 5271 5410 5270
f 5271 5411 5410
f 5272 5411 5271
f 5272 5412 5411
f 5273 5412 5272
f 5273 5413 5412
f 5274 5413 5273
f 5274 5414 5413
f 5275 5414 5274
f 5275 5415 5414
f 5276 5415 5275
f 5276 5416 5415
f 5277 5416 5276
f 5277 5417 5416
f 5278 5417 5277
f 5278 5418 5417
f 5279 5418 5278
f 5279 5419 5418
f 5280 5419 5279
f 5280 5420 5419
f 5281 5420 5280
f 5281 5421 5420
f 5282 5421 5281
f 5282 5422 5421
f 5283 5422 5282
f 5283 5423 5422
f 5284 5423 5283
f 5284 5424 5423
f 5285 5424 5284
f 5285 5425 5424
f 5286 5425 5285
f 5286 5426 5425
f 5287 5426 5286
f 5287 5427 5426
f 5288 5427 5287
f 5288 5428 5427
f 5289 5428 5288
f 5289 5429 5428
f 5290 5429 5289
f 5290 5430 5429
f 5291 5430 5290
f 5291 5431 5430
f 5292 5431 5291
f 5292 5432 5431
f 5293 5432 5292
f 5293 5433 5432
f 5294 5433 5293
f 5294 5434 5433
f 5295 5434 5294
f 5295 5435 5434
f 5296 5435 5295
f 5296 5436 5435
f 5297 5436 5296
f 5297 5437 5436
f 5298 5437 5297
f 5298 5438 5437
f 5299 5438 5298
f 5299 5439 5438
f 5300 5439 5299
f 5300 5440 5439
f 5301 5440 5300
f 5301 5441 5440
f 5302 5441 5301
f 5302 5442 5441
f 5303 5442 5302
f 5303 5443 5442
f 5304 5443 5303
f 5304 5444 5443
f 5305 5444 5304
f 5305 5445 5444
f 5306 5445 5305
f 5306 5446 5445
f 5307 5446 5306
f 5307 5447 5446
f 5308 5447 5307
f 5308 5448 5447
f 5309 5448 5308
f 5309 5449 5448
f 5310 5449 5309
f 5310 5450 5449
f 5311 5450 5310
f 5311 5451 5450
f 5312 5451 5311
f 5312 5452 5451
f 5313 5452 5312
f 5313 5453 5452
f 5314 5453 5313
f 5314 5454 5453
f 5315 5454 5314
f 5315 5455 5454
f 5316 5455 5315
f 5316 5456 5455
f 5317 5456 5316
f 5317 5457 5456
f 5318 5457 5317
f 5318 5458 5457
f 5319 5458 5318
f 5319 5459 5458
f 5320 5459 5319
f 5320 5460 5459
f 5321 5460 5320
f 5321 5461 5460
f 5322 5461 5321
f 5322 5462 5461
f 5323 5462 5322
f 5323 5463 5462
f 5324 5463 5323
f 5324 5464 5463
f 5325 5464 5324
f 5325 5465 5464
f 5326 5465 5325
f 5326 5466 5465
f 5327 5466 5326
f 5327 5467 5466
f 5328 5467 5327
f 5328 5468 5467
f 5329 5468 5328
f 5329 5469 5468
f 5330 5469 5329
f 5330 5470 5469
f 5331 5470 5330
f 5331 5471 5470
f 5332 5471 5331
f 5332 5472 5471
f 5333 5472 5332
f 5333 5473 5472
f 5334 5473 5333
f 5334 5474 5473
f 5335 5474 5334
f 5335 5475 5474
f 5336 5475 5335
f 5336 5476 5475
f 5337 5476 5336
f 5337 5477 5476
f 5338 5477 5337
f 5338 5478 5477
f 5339 5478 5338
f 5339 5479 5478
f 5340 5479 5339
f 5340 5480 5479
f 5341 5480 5340
f 5341 5481 5480
f 5342 5481 5341
f 5342 5482 5481
f 5343 5482 5342
f 5343 5483 5482
f 5344 5483 5343
f 5344 5484 5483
f 5345 5484 5344
f 5345 5485 5484
f 5346 5485 5345
f 5346 5486 5485
f 5347 5486 5346
f 5347 5487 5486
f 5348 5487 5347
f 5348 5488 5487
f 5349 5489 5488
f 5350 5489 5349
f 5350 5490 5489
f 5351 5492 5491
f 5352 5492 5351
f 5352 5493 5492
f 5354 5494 5353
f 5354 5495 5494
f 5355 5495 5354
f 5355 5496 5495
f 5356 5496 5355
f 5356 5497 5496
f 5357 5497 5356
f 5357 5498 5497
f 5358 5498 5357
f 5358 5499 5498
f 5359 5499 5358
f 5359 5500 5499
f 5360 5500 5359
f 5360 5501 5500
f 5361 5501 5360
f 5363 5502 5362
f 5363 5503 5502
f 5364 5503 5363
f 5364 5504 5503
f 5365 5504 5364
f 5365 5505 5504
f 5366 5505 5365
f 5366 5506 5505
f 5367 5506 5366
f 5367 5507 5506
f 5368 5507 5367
f 5368 5508 5507
f 5369 5508 5368
f 5369 5509 5508
f 5370 5509 5369
f 5370 5510 5509
f 5371 5510 5370
f 5371 5511 5510
f 5372 5511 5371
f 5372 5512 5511
f 5373 5512 5372
f 5373 5513 5512
f 5374 5513 5373
f 5374 5514 5513
f 5375 5514 5374
f 5375 5515 5514
f 5376 5515 5375
f 5376 5516 5515
f 5377 5516 5376
f 5377 5517 5516
f 5378 5517 5377
f 5378 5518 5517
f 5379 5518 5378
f 5379 5519 5518
f 5380 5519 5379
f 5380 5520 5519
f 5381 5520 5380
f 5381 5521 5520
f 5382 5521 5381
f 5382 5522 5521
f 5383 5522 5382
f 5383 5523 5522
f 5384 5523 5383
f 5384 5524 5523
f 5385 5524 5384
f 5385 5525 5524
f 5386 5525 5385
f 5386 5526 5525
f 5387 5526 5386
f 5387 5527 5526
f 5388 5527 5387
f 5388 5528 5527
f 5389 5528 5388
f 5389 5529 5528
f 5390 5529 5389
f 5390 5530 5529
f 5391 5530 5390
f 5391 5531 5530
f 5392 5531 5391
f 5392 5532 5531
f 5393 5532 5392
f 5393 5533 5532
f 5394 5533 5393
f 5394 5534 5533
f 5395 5534 5394
f 5395 5535 5534
f 5396 5535 5395
f 5396 5536 5535
f 5397 5536 5396
f 5397 5537 5536
f 5398 5537 5397
f 5398 5538 5537
f 5399 5538 5398
f 5399 5539 5538
f 5400 5539 5399
f 5400 5540 5539
f 5401 5540 5400
f 5401 5541 5540
f 5402 5541 5401
f 5402 5542 5541
f 5403 5542 5402
f 5403 5543 5542
f 5404 5543 5403
f 5404 5544 5543
f 5405 5544 5404
f 5405 5545 5544
f 5406 5545 5405
f 5406 5546 5545
f 5407 5546 5406
f 5407 5547 5546
f 5408 5547 5407
f 5408 5548 5547
f 5409 5548 5408
f 5409 5549 5548
f 5410 5549 5409
f 5410 5550 5549
f 5411 5550 5410
f 5411 5551 5550
f 5412 5551 5411
f 5412 5552 5551
f 5413 5552 5412
f 5413 5553 5552
f 5414 5553 5413
f 5414 5554 5553
f 5415 5554 5414
f 5415 5555 5554
f 5416 5555 5415
f 5416 5556 5555
f 5417 5556 5416
f 5417 5557 5556
f 5418 5557 5417
f 5418 5558 5557
f 5419 5558 5418
f 5419 5559 5558
f 5420 5559 5419
f 5420 5560 5559
f 5421 5560 5420
f 5421 5561 5560
f 5422 5561 5421
f 5422 5562 5561
f 5423 5562 5422
f 5423 5563 5562
f 5424 5563 5423
f 5424 5564 5563
f 5425 5564 5424
f 5425 5565 5564
f 5426 5565 5425
f 5426 5566 5565
f 5427 5566 5426
f 5427 5567 5566
f 5428 5567 5427
f 5428 5568 5567
f 5429 5568 5428
f 5429 5569 5568
f 5430 5569 5429
f 5430 5570 5569
f 5431 5570 5430
f 5431 5571 5570
f 5432 5571 5431
f 5432 5572 5571
f 5433 5572 5432
f 5433 5573 5572
f 5434 5573 5433
f 5434 5574 5573
f 5435 5574 5434
f 5435 5575 5574
f 5436 5575 5435
f 5436 5576 5575
f 5437 5576 5436
f 5437 5577 5576
f 5438 5577 5437
f 5438 5578 5577
f 5439 5578 5438
f 5439 5579 5578
f 5440 5579 5439
f 5440 5580 5579
f 5441 5580 5440
f 5441 5581 5580
f 5442 5581 5441
f 5442 5582 5581
f 5443 5582 5442
f 5443 5583 5582
f 5444 5583 5443
f 5444 5584 5583
f 5445 5584 5444
f 5445 5585 5584
f 5446 5585 5445
f 5446 5586 5585
f 5447 5586 5446
f 5447 5587 5586
f 5448 5587 5447
f 5448 5588 5587
f 5449 5588 5448
f 5449 5589 5588
f 5450 5589 5449
f 5450 5590 5589
f 5451 5590 5450
f 5451 5591 5590
f 5452 5591 5451
f 5452 5592 5591
f 5453 5592 5452
f 5453 5593 5592
f 5454 5593 5453
f 5454 5594 5593
f 5455 5594 5454
f 5455 5595 5594
f 5456 5595 5455
f 5456 5596 5595
f 5457 5596 5456
f 5457 5597 5596
f 5458 5597 5457
f 5458 5598 5597
f 5459 5598 5458
f 5459 5599 5598
f 5460 5599 5459
f 5460 5600 5599
f 5461 5600 5460
f 5461 5601 5600
f 5462 5601 5461
f 5462 5602 5601
f 5463 5602 5462
f 5463 5603 5602
f 5464 5603 5463
f 5464 5604 5603
f 5465 5604 5464
f 5465 5605 5604
f 5466 5605 5465
f 5466 5606 5605
f 5467 5606 5466
f 5467 5607 5606
f 5468 5607 5467
f 5468 5608 5607
f 5469 5608 5468
f 5469 5609 5608
f 5470 5609 5469
f 5470 5610 5609
f 5471 5610 5470
f 5471 5611 5610
f 5472 5611 5471
f 5472 5612 5611
f 5473 5612 5472
f 5473 5613 5612
f 5474 5613 5473
f 5474 5614 5613
f 5475 5614 5474
f 5475 5615 5614
f 5476 5615 5475
f 5476 5616 5615
f 5477 5616 5476
f 5477 5617 5616
f 5478 5617 5477
f 5478 5618 5617
f 5479 5618 5478
f 5479 5619 5618
f 5480 5619 5479
f 5480 5620 5619
f 5481 5620 5480
f 5481 5621 5620
f 5482 5621 5481
f 5482 5622 5621
f 5483 5622 5482
f 5483 5623 5622
f 5484 5623 5483
f 5484 5624 5623
f 5485 5624 5484
f 5485 5625 5624
f 5486 5625 5485
f 5486 5626 5625
f 5487 5626 5486
f 5487 5627 5626
f 5488 5627 5487
f 5488 5628 5627
f 5489 5628 5488
f 5489 5629 5628
f 5490 5629 5489
f 5490 5630 5629
f 5491 5631 5630
f 5492 5631 5491
f 5492 5632 5631
f 5493 5632 5492
f 5493 5633 5632
f 5494 5634 5633
f 5495 5634 5494
f 5495 5635 5634
f 5496 5635 5495
f 5496 5636 5635
f 5497 5636 5496
f 5497 5637 5636
f 5498 5637 5497
f 5498 5638 5637
f 5499 5638 5498
f 5499 5639 5638
f 5500 5639 5499
f 5500 5640 5639
f 5501 5640 5500
f 5504 5649 5503
f 5504 5650 5649
f 5505 5650 5504
f 5505 5651 5650
f 5506 5651 5505
f 5506 5652 5651
f 5507 5652 5506
f 5507 5653 5652
f 5508 5653 5507
f 5508 5654 5653
f 5509 5654 5508
f 5509 5655 5654
f 5510 5655 5509
f 5510 5656 5655
f 5511 5656 5510
f 5511 5657 5656
f 5512 5657 5511
f 5512 5658 5657
f 5513 5658 5512
f 5513 5659 5658
f 5514 5659 5513
f 5514 5660 5659
f 5515 5660 5514
f 5515 5661 5660
f 5516 5661 5515
f 5516 5662 5661
f 5517 5662 5516
f 5517 5663 5662
f 5518 5663 5517
f 5518 5664 5663
f 5519 5664 5518
f 5519 5665 5664
f 5520 5665 5519
f 5520 5666 5665
f 5521 5666 5520
f 5521 5667 5666
f 5522 5667 5521
f 5522 5668 5667
f 5523 5668 5522
f 5523 5669 5668
f 5524 5669 5523
f 5524 5670 5669
f 5525 5670 5524
f 5525 5671 5670
f 5526 5671 5525
f 5526 5672 5671
f 5527 5672 5526
f 5527 5673 5672
f 5528 5673 5527
f 5528 5674 5673
f 5529 5674 5528
f 5529 5675 5674
f 5530 5675 5529
f 5530 5676 5675
f 5531 5676 5530
f 5531 5677 5676
f 5532 5677 5531
f 5532 5678 5677
f 5533 5678 5532
f 5533 5679 5678
f 5534 5679 5533
f 5534 5680 5679
f 5535 5680 5534
f 5535 5681 5680
f 5536 5681 5535
f 5536 5682 5681
f 5537 5682 5536
f 5537 5683 5682
f 5538 5683 5537
f 5538 5684 5683
f 5539 5684 5538
f 5539 5685 5684
f 5540 5685 5539
f 5540 5686 5685
f 5541 5686 5540
f 5541 5687 5686
f 5542 5687 5541
f 5542 5688 5687
f 5543 5688 5542
f 5543 5689 5688
f 5544 5689 5543
f 5544 5690 5689
f 5545 5690 5544
f 5545 5691 5690
f 5546 5691 5545
f 5546 5692 5691
f 5547 5692 5546
f 5547 5693 5692
f 5548 5693 5547
f 5548 5694 5693
f 5549 5694 5548
f 5549 5695 5694
f 5550 5695 5549
f 5550 5696 5695
f 5551 5696 5550
f 5551 5697 5696
f 5552 5697 5551
f 5552 5698 5697
f 5553 5698 5552
f 5553 5699 5698
f 5554 5699 5553
f 5554 5700 5699
f 5555 5700 5554
f 5555 5701 5700
f 5556 5701 5555
f 5557 5702 5556
f 5557 5703 5702
f 5558 5703 5557
f 5558 5704 5703
f 5559 5704 5558
f 5559 5705 5704
f 5560 5705 5559
f 5560 5706 5705
f 5561 5706 5560
f 5561 5707 5706
f 5562 5707 5561
f 5562 5708 5707
f 5563 5708 5562
f 5563 5709 5708
f 5564 5709 5563
f 5564 5710 5709
f 5565 5710 5564
f 5565 5711 5710
f 5566 5711 5565
f 5566 5712 5711
f 5567 5712 5566
f 5567 5713 5712
f 5568 5713 5567
f 5568 5714 5713
f 5569 5714 5568
f 5569 5715 5714
f 5570 5715 5569
f 5570 5716 5715
f 5571 5716 5570
f 5571 5717 5716
f 5572 5717 5571
f 5572 5718 5717
f 5573 5718 5572
f 5573 5719 5718
f 5574 5719 5573
f 5574 5720 5719
f 5575 5720 5574
f 5575 5721 5720
f 5576 5721 5575
f 5576 5722 5721
f 5577 5722 5576
f 5577 5723 5722
f 5578 5723 5577
f 5578 5724 5723
f 5579 5724 5578
f 5579 5725 5724
f 5580 5725 5579
f 5580 5726 5725
f 5581 5726 5580
f 5581 5727 5726
f 5582 5727 5581
f 5582 5728 5727
f 5583 5728 5582
f 5583 5729 5728
f 5584 5729 5583
f 5584 5730 5729
f 5585 5730 5584
f 5585 5731 5730
f 5586 5731 5585
f 5586 5732 5731
f 5587 5732 5586
f 5587 5733 5732
f 5588 5733 5587
f 5588 5734 5733
f 5589 5734 5588
f 5589 5735 5734
f 5590 5735 5589
f 5590 5736 5735
f 5591 5736 5590
f 5591 5737 5736
f 5592 5737 5591
f 5592 5738 5737
f 5593 5738 5592
f 5593 5739 5738
f 5594 5739 5593
f 5594 5740 5739
f 5595 5740 5594
f 5595 5741 5740
f 5596 5741 5595
f 5596 5742 5741
f 5597 5742 5596
f 5597 5743 5742
f 5598 5743 5597
f 5598 5744 5743
f 5599 5744 5598
f 5599 5745 5744
f 5600 5745 5599
f 5600 5746 5745
f 5601 5746 5600
f 5601 5747 5746
f 5602 5747 5601
f 5602 5748 5747
f 5603 5748 5602
f 5603 5749 5748
f 5604 5749 5603
f 5604 5750 5749
f 5605 5750 5604
f 5605 5751 5750
f 5606 5751 5605
f 5606 5752 5751
f 5607 5752 5606
f 5607 5753 5752
f 5608 5753 5607
f 5608 5754 5753
f 5609 5754 5608
f 5609 5755 5754
f 5610 5755 5609
f 5610 5756 5755
f 5611 5756 5610
f 5611 5757 5756
f 5612 5757 5611
f 5612 5758 5757
f 5613 5758 5612
f 5613 5759 5758
f 5614 5759 5613
f 5614 5760 5759
f 5615 5760 5614
f 5615 5761 5760
f 5616 5761 5615
f 5616 5762 5761
f 5617 5762 5616
f 5617 5763 5762
f 5618 5763 5617
f 5618 5764 5763
f 5619 5764 5618
f 5619 5765 5764
f 5620 5765 5619
f 5620 5766 5765
f 5621 5766 5620
f 5621 5767 5766
f 5622 5767 5621
f 5622 5768 5767
f 5623 5768 5622
f 5623 5769 5768
f 5624 5769 5623
f 5624 5770 5769
f 5625 5770 5624
f 5625 5771 5770
f 5626 5771 5625
f 5626 5772 5771
f 5627 5772 5626
f 5627 5773 5772
f 5628 5773 5627
f 5628 5774 5773
f 5629 5774 5628
f 5629 5775 5774
f 5630 5775 5629
f 5630 5776 5775
f 5631 5776 5630
f 5631 5777 5776
f 5632 5777 5631
f 5632 5778 5777
f 5633 5778 5632
f 5633 5779 5778
f 5634 5779 5633
f 5634 5780 5779
f 5635 5780 5634
f 5635 5781 5780
f 5636 5781 5635
f 5636 5782 5781
f 5637 5782 5636
f 5637 5783 5782
f 5638 5783 5637
f 5638 5784 5783
f 5639 5784 5638
f 5639 5785 5784
f 5640 5785 5639
f 5641 5788 5787
f 5642 5788 5641
f 5642 5789 5788
f 5643 5789 5642
f 5643 5790 5789
f 5644 5790 5643
f 5644 5791 5790
f 5645 5791 5644
f 5645 5792 5791
f 5646 5792 5645
f 5646 5793 5792
f 5647 5793 5646
f 5647 5794 5793
f 5648 5794 5647
f 5648 5795 5794
f 5650 5801 5649
f 5650 5802 5801
f 5651 5802 5650
f 5651 5803 5802
f 5652 5803 5651
f 5652 5804 5803
f 5653 5804 5652
f 5653 5805 5804
f 5654 5805 5653
f 5654 5806 5805
f 5655 5806 5654
f 5655 5807 5806
f 5656 5807 5655
f 5656 5808 5807
f 5657 5808 5656
f 5657 5809 5808
f 5658 5809 5657
f 5658 5810 5809
f 5659 5810 5658
f 5659 5811 5810
f 5660 5811 5659
f 5660 5812 5811
f 5661 5812 5660
f 5661 5813 5812
f 5662 5813 5661
f 5662 5814 5813
f 5663 5814 5662
f 5663 5815 5814
f 5664 5815 5663
f 5664 5816 5815
f 5665 5816 5664
f 5665 5817 5816
f 5666 5817 5665
f 5666 5818 5817
f 5667 5818 5666
f 5667 5819 5818
f 5668 5819 5667
f 5668 5820 5819
f 5669 5820 5668
f 5669 5821 5820
f 5670 5821 5669
f 5670 5822 5821
f 5671 5822 5670
f 5671 5823 5822
f 5672 5823 5671
f 5672 5824 5823
f 5673 5824 5672
f 5673 5825 5824
f 5674 5825 5673
f 5674 5826 5825
f 5675 5826 5674
f 5675 5827 5826
f 5676 5827 5675
f 5676 5828 5827
f 5677 5828 5676
f 5677 5829 5828
f 5678 5829 5677
f 5678 5830 5829
f 5679 5830 5678
f 5679 5831 5830
f 5680 5831 5679
f 5680 5832 5831
f 5681 5832 5680
f 5681 5833 5832
f 5682 5833 5681
f 5682 5834 5833
f 5683 5834 5682
f 5683 5835 5834
f 5684 5835 5683
f 5684 5836 5835
f 5685 5836 5684
f 5685 5837 5836
f 5686 5837 5685
f 5687 5838 5686
f 5688 5840 5839
f 5689 5840 5688
f 5689 5841 5840
f 5690 5841 5689
f 5690 5842 5841
f 5691 5842 5690
f 5691 5843 5842
f 5692 5843 5691
f 5692 5844 5843
f 5693 5844 5692
f 5693 5845 5844
f 5694 5845 5693
f 5694 5846 5845
f 5695 5846 5694
f 5695 5847 5846
f 5696 5847 5695
f 5696 5848 5847
f 5697 5848 5696
f 5697 5849 5848
f 5698 5849 5697
f 5698 5850 5849
f 5699 5850 5698
f 5699 5851 5850
f 5700 5851 5699
f 5700 5852 5851
f 5701 5852 5700
f 5701 5853 5852
f 5702 5853 5701
f 5702 5854 5853
f 5703 5854 5702
f 5703 5855 5854
f 5704 5855 5703
f 5704 5856 5855
f 5705 5856 5704
f 5705 5857 5856
f 5706 5857 5705
f 5706 5858 5857
f 5707 5858 5706
f 5707 5859 5858
f 5708 5859 5707
f 5708 5860 5859
f 5709 5860 5708
f 5709 5861 5860
f 5710 5861 5709
f 5710 5862 5861
f 5711 5862 5710
f 5711 5863 5862
f 5712 5863 5711
f 5712 5864 5863
f 5713 5864 5712
f 5713 5865 5864
f 5714 5865 5713
f 5714 5866 5865
f 5715 5866 5714
f 5715 5867 5866
f 5716 5867 5715
f 5716 5868 5867
f 5717 5868 5716
f 5717 5869 5868
f 5718 5869 5717
f 5718 5870 5869
f 5719 5870 5718
f 5719 5871 5870
f 5720 5871 5719
f 5720 5872 5871
f 5721 5872 5720
f 5721 5873 5872
f 5722 5873 5721
f 5722 5874 5873
f 5723 5874 5722
f 5723 5875 5874
f 5724 5875 5723
f 5724 5876 5875
f 5725 5876 5724
f 5725 5877 5876
f 5726 5877 5725
f 5726 5878 5877
f 5727 5878 5726
f 5727 5879 5878
f 5728 5879 5727
f 5728 5880 5879
f 5729 5880 5728
f 5729 5881 5880
f 5730 5881 5729
f 5730 5882 5881
f 5731 5882 5730
f 5731 5883 5882
f 5732 5883 5731
f 5732 5884 5883
f 5733 5884 5732
f 5733 5885 5884
f 5734 5885 5733
f 5734 5886 5885
f 5735 5886 5734
f 5735 5887 5886
f 5736 5887 5735
f 5736 5888 5887
f 5737 5888 5736
f 5737 5889 5888
f 5738 5889 5737
f 5738 5890 5889
f 5739 5890 5738
f 5739 5891 5890
f 5740 5891 5739
f 5740 5892 5891
f 5741 5892 5740
f 5741 5893 5892
f 5742 5893 5741
f 5742 5894 5893
f 5743 5894 5742
f 5743 5895 5894
f 5744 5895 5743
f 5744 5896 5895
f 5745 5896 5744
f 5745 5897 5896
f 5746 5897 5745
f 5746 5898 5897
f 5747 5898 5746
f 5747 5899 5898
f 5748 5899 5747
f 5748 5900 5899
f 5749 5900 5748
f 5749 5901 5900
f 5750 5901 5749
f 5750 5902 5901
f 5751 5902 5750
f 5751 5903 5902
f 5752 5903 5751
f 5752 5904 5903
f 5753 5904 5752
f 5753 5905 5904
f 5754 5905 5753
f 5754 5906 5905
f 5755 5906 5754
f 5755 5907 5906
f 5756 5907 5755
f 5756 5908 5907
f 5757 5908 5756
f 5757 5909 5908
f 5758 5909 5757
f 5758 5910 5909
f 5759 5910 5758
f 5759 5911 5910
f 5760 5911 5759
f 5760 5912 5911
f 5761 5912 5760
f 5761 5913 5912
f 5762 5913 5761
f 5762 5914 5913
f 5763 5914 5762
f 5763 5915 5914
f 5764 5915 5763
f 5764 5916 5915
f 5765 5916 5764
f 5765 5917 5916
f 5766 5917 5765
f 5766 5918 5917
f 5767 5918 5766
f 5767 5919 5918
f 5768 5919 5767
f 5768 5920 5919
f 5769 5920 5768
f 5769 5921 5920
f 5770 5921 5769
f 5770 5922 5921
f 5771 5922 5770
f 5771 5923 5922
f 5772 5923 5771
f 5772 5924 5923
f 5773 5924 5772
f 5773 5925 5924
f 5774 5925 5773
f 5774 5926 5925
f 5775 5926 5774
f 5775 5927 5926
f 5776 5927 5775
f 5776 5928 5927
f 5777 5928 5776
f 5777 5929 5928
f 5778 5929 5777
f 5778 5930 5929
f 5779 5930 5778
f 5779 5931 5930
f 5780 5931 5779
f 5780 5932 5931
f 5781 5932 5780
f 5781 5933 5932
f 5782 5933 5781
f 5782 5934 5933
f 5783 5934 5782
f 5783 5935 5934
f 5784 5935 5783
f 5784 5936 5935
f 5785 5936 5784
f 5786 5940 5939
f 5787 5940 5786
f 5787 5941 5940
f 5788 5941 5787
f 5788 5942 5941
f 5789 5942 5788
f 5789 5943 5942
f 5790 5943 5789
f 5790 5944 5943
f 5791 5944 5790
f 5791 5945 5944
f 5792 5945 5791
f 5792 5946 5945
f 5793 5946 5792
f 5793 5947 5946
f 5794 5947 5793
f 5794 5948 5947
f 5795 5948 5794
f 5795 5949 5948
f 5796 5949 5795
f 5796 5950 5949
f 5797 5950 5796
f 5797 5951 5950
f 5798 5951 5797
f 5798 5952 5951
f 5799 5952 5798
f 5799 5953 5952
f 5800 5953 5799
f 5800 5954 5953
f 5801 5960 5959
f 5802 5960 5801
f 5802 5961 5960
f 5803 5961 5802
f 5803 5962 5961
f 5804 5962 5803
f 5804 5963 5962
f 5805 5963 5804
f 5805 5964 5963
f 5806 5964 5805
f 5806 5965 5964
f 5807 5965 5806
f 5807 5966 5965
f 5808 5966 5807
f 5808 5967 5966
f 5809 5967 5808
f 5809 5968 5967
f 5810 5968 5809
f 5810 5969 5968
f 5811 5969 5810
f 5811 5970 5969
f 5812 5970 5811
f 5812 5971 5970
f 5813 5971 5812
f 5813 5972 5971
f 5814 5972 5813
f 5814 5973 5972
f 5815 5973 5814
f 5815 5974 5973
f 5816 5974 5815
f 5816 5975 5974
f 5817 5975 5816
f 5817 5976 5975
f 5818 5976 5817
f 5818 5977 5976
f 5819 5977 5818
f 5819 5978 5977
f 5820 5978 5819
f 5820 5979 5978
f 5821 5979 5820
f 5821 5980 5979
f 5822 5980 5821
f 5822 5981 5980
f 5823 5981 5822
f 5823 5982 5981
f 5824 5982 5823
f 5824 5983 5982
f 5825 5983 5824
f 5825 5984 5983
f 5826 5984 5825
f 5826 5985 5984
f 5827 5985 5826
f 5827 5986 5985
f 5828 5986 5827
f 5828 5987 5986
f 5829 5987 5828
f 5829 5988 5987
f 5830 5988 5829
f 5830 5989 5988
f 5831 5989 5830
f 5831 5990 5989
f 5832 5990 5831
f 5832 5991 5990
f 5833 5991 5832
f 5833 5992 5991
f 5834 5992 5833
f 5834 5993 5992
f 5835 5993 5834
f 5835 5994 5993
f 5836 5994 5835
f 5839 5996 5995
f 5840 5996 5839
f 5840 5997 5996
f 5841 5997 5840
f 5841 5998 5997
f 5842 5998 5841
f 5842 5999 5998
f 5843 5999 5842
f 5843 6000 5999
f 5844 6000 5843
f 5844 6001 6000
f 5845 6001 5844
f 5845 6002 6001
f 5846 6002 5845
f 5846 6003 6002
f 5847 6003 5846
f 5847 6004 6003
f 5848 6004 5847
f 5848 6005 6004
f 5849 6005 5848
f 5849 6006 6005
f 5850 6006 5849
f 5850 6007 6006
f 5851 6007 5850
f 5851 6008 6007
f 5852 6008 5851
f 5852 6009 6008
f 5853 6009 5852
f 5854 6010 5853
f 5854 6011 6010
f 5855 6011 5854
f 5855 6012 6011
f 5856 6012 5855
f 5856 6013 6012
f 5857 6013 5856
f 5857 6014 6013
f 5858 6014 5857
f 5858 6015 6014
f 5859 6015 5858
f 5859 6016 6015
f 5860 6016 5859
f 5860 6017 6016
f 5861 6017 5860
f 5861 6018 6017
f 5862 6018 5861
f 5862 6019 6018
f 5863 6019 5862
f 5863 6020 6019
f 5864 6020 5863
f 5864 6021 6020
f 5865 6021 5864
f 5865 6022 6021
f 5866 6022 5865
f 5866 6023 6022
f 5867 6023 5866
f 5867 6024 6023
f 5868 6024 5867
f 5868 6025 6024
f 5869 6025 5868
f 5869 6026 6025
f 5870 6026 5869
f 5870 6027 6026
f 5871 6027 5870
f 5871 6028 6027
f 5872 6028 5871
f 5872 6029 6028
f 5873 6029 5872
f 5873 6030 6029
f 5874 6030 5873
f 5874 6031 6030
f 5875 6031 5874
f 5875 6032 6031
f 5876 6032 5875
f 5876 6033 6032
f 5877 6033 5876
f 5877 6034 6033
f 5878 6034 5877
f 5878 6035 6034
f 5879 6035 5878
f 5879 6036 6035
f 5880 6036 5879
f 5880 6037 6036
f 5881 6037 5880
f 5881 6038 6037
f 5882 6038 5881
f 5882 6039 6038
f 5883 6039 5882
f 5883 6040 6039
f 5884 6040 5883
f 5884 6041 6040
f 5885 6041 5884
f 5885 6042 6041
f 5886 6042 5885
f 5886 6043 6042
f 5887 6043 5886
f 5887 6044 6043
f 5888 6044 5887
f 5888 6045 6044
f 5889 6045 5888
f 5889 6046 6045
f 5890 6046 5889
f 5890 6047 6046
f 5891 6047 5890
f 5891 6048 6047
f 5892 6048 5891
f 5892 6049 6048
f 5893 6049 5892
f 5893 6050 6049
f 5894 6050 5893
f 5894 6051 6050
f 5895 6051 5894
f 5895 6052 6051
f 5896 6052 5895
f 5896 6053 6052
f 5897 6053 5896
f 5897 6054 6053
f 5898 6054 5897
f 5898 6055 6054
f 5899 6055 5898
f 5899 6056 6055
f 5900 6056 5899
f 5900 6057 6056
f 5901 6057 5900
f 5901 6058 6057
f 5902 6058 5901
f 5902 6059 6058
f 5903 6059 5902
f 5903 6060 6059
f 5904 6060 5903
f 5904 6061 6060
f 5905 6061 5904
f 5905 6062 6061
f 5906 6062 5905
f 5906 6063 6062
f 5907 6063 5906
f 5907 6064 6063
f 5908 6064 5907
f 5908 6065 6064
f 5909 6065 5908
f 5909 6066 6065
f 5910 6066 5909
f 5910 6067 6066
f 5911 6067 5910
f 5911 6068 6067
f 5912 6068 5911
f 5912 6069 6068
f 5913 6069 5912
f 5913 6070 6069
f 5914 6070 5913
f 5914 6071 6070
f 5915 6071 5914
f 5915 6072 6071
f 5916 6072 5915
f 5916 6073 6072
f 5917 6073 5916
f 5917 6074 6073
f 5918 6074 5917
f 5918 6075 6074
f 5919 6075 5918
f 5919 6076 6075
f 5920 6076 5919
f 5920 6077 6076
f 5921 6077 5920
f 5921 6078 6077
f 5922 6078 5921
f 5922 6079 6078
f 5923 6079 5922
f 5923 6080 6079
f 5924 6080 5923
f 5924 6081 6080
f 5925 6081 5924
f 5925 6082 6081
f 5926 6082 5925
f 5926 6083 6082
f 5927 6083 5926
f 5927 6084 6083
f 5928 6084 5927
f 5928 6085 6084
f 5929 6085 5928
f 5929 6086 6085
f 5930 6086 5929
f 5930 6087 6086
f 5931 6087 5930
f 5931 6088 6087
f 5932 6088 5931
f 5932 6089 6088
f 5933 6089 5932
f 5933 6090 6089
f 5934 6090 5933
f 5934 6091 6090
f 5935 6091 5934
f 5935 6092 6091
f 5936 6092 5935
f 5937 6094 6093
f 5938 6094 5937
f 5938 6095 6094
f 5939 6095 5938
f 5939 6096 6095
f 5940 6096 5939
f 5940 6097 6096
f 5941 6097 5940
f 5941 6098 6097
f 5942 6098 5941
f 5942 6099 6098
f 5943 6099 5942
f 5943 6100 6099
f 5944 6100 5943
f 5944 6101 6100
f 5945 6101 5944
f 5945 6102 6101
f 5946 6102 5945
f 5946 6103 6102
f 5947 6103 5946
f 5947 6104 6103
f 5948 6104 5947
f 5948 6105 6104
f 5949 6105 5948
f 5949 6106 6105
f 5950 6106 5949
f 5950 6107 6106
f 5951 6107 5950
f 5951 6108 6107
f 5952 6108 5951
f 5952 6109 6108
f 5953 6109 5952
f 5953 6110 6109
f 5954 6110 5953
f 5954 6111 6110
f 5955 6111 5954
f 5955 6112 6111
f 5956 6112 5955
f 5956 6113 6112
f 5957 6113 5956
f 5957 6114 6113
f 5958 6114 5957
f 5958 6115 6114
f 5963 6119 5962
f 5963 6120 6119
f 5964 6120 5963
f 5964 6121 6120
f 5965 6121 5964
f 5965 6122 6121
f 5966 6122 5965
f 5966 6123 6122
f 5967 6123 5966
f 5967 6124 6123
f 5968 6124 5967
f 5968 6125 6124
f 5969 6125 5968
f 5969 6126 6125
f 5970 6126 5969
f 5971 6128 6127
f 5972 6128 5971
f 5972 6129 6128
f 5973 6129 5972
f 5973 6130 6129
f 5974 6130 5973
f 5974 6131 6130
f 5975 6131 5974
f 5975 6132 6131
f 5976 6132 5975
f 5976 6133 6132
f 5977 6133 5976
f 5977 6134 6133
f 5978 6134 5977
f 5978 6135 6134
f 5979 6135 5978
f 5979 6136 6135
f 5980 6136 5979
f 5980 6137 6136
f 5981 6137 5980
f 5981 6138 6137
f 5982 6138 5981
f 5982 6139 6138
f 5983 6139 5982
f 5983 6140 6139
f 5984 6140 5983
f 5984 6141 6140
f 5985 6141 5984
f 5985 6142 6141
f 5986 6142 5985
f 5986 6143 6142
f 5987 6143 5986
f 5987 6144 6143
f 5988 6144 5987
f 5988 6145 6144
f 5989 6145 5988
f 5989 6146 6145
f 5990 6146 5989
f 5990 6147 6146
f 5991 6147 5990
f 5991 6148 6147
f 5992 6148 5991
f 5992 6149 6148
f 5993 6149 5992
f 5993 6150 6149
f 5994 6150 5993
f 5995 6153 6152
f 5996 6153 5995
f 5996 6154 6153
f 5997 6154 5996
f 5997 6155 6154
f 5998 6155 5997
f 5998 6156 6155
f 5999 6156 5998
f 5999 6157 6156
f 6000 6157 5999
f 6000 6158 6157
f 6001 6158 6000
f 6001 6159 6158
f 6002 6159 6001
f 6002 6160 6159
f 6003 6160 6002
f 6003 6161 6160
f 6004 6161 6003
f 6004 6162 6161
f 6005 6162 6004
f 6005 6163 6162
f 6006 6163 6005
f 6006 6164 6163
f 6007 6164 6006
f 6007 6165 6164
f 6008 6165 6007
f 6008 6166 6165
f 6009 6166 6008
f 6009 6167 6166
f 6010 6167 6009
f 6010 6168 6167
f 6011 6168 6010
f 6011 6169 6168
f 6012 6169 6011
f 6012 6170 6169
f 6013 6170 6012
f 6013 6171 6170
f 6014 6171 6013
f 6014 6172 6171
f 6015 6172 6014
f 6015 6173 6172
f 6016 6173 6015
f 6016 6174 6173
f 6017 6174 6016
f 6017 6175 6174
f 6018 6175 6017
f 6018 6176 6175
f 6019 6176 6018
f 6019 6177 6176
f 6020 6177 6019
f 6020 6178 6177
f 6021 6178 6020
f 6021 6179 6178
f 6022 6179 6021
f 6022 6180 6179
f 6023 6180 6022
f 6023 6181 6180
f 6024 6181 6023
f 6024 6182 6181
f 6025 6182 6024
f 6025 6183 6182
f 6026 6183 6025
f 6026 6184 6183
f 6027 6184 6026
f 6027 6185 6184
f 6028 6185 6027
f 6028 6186 6185
f 6029 6186 6028
f 6029 6187 6186
f 6030 6187 6029
f 6030 6188 6187
f 6031 6188 6030
f 6031 6189 6188
f 6032 6189 6031
f 6032 6190 6189
f 6033 6190 6032
f 6033 6191 6190
f 6034 6191 6033
f 6034 6192 6191
f 6035 6192 6034
f 6035 6193 6192
f 6036 6193 6035
f 6036 6194 6193
f 6037 6194 6036
f 6037 6195 6194
f 6038 6195 6037
f 6038 6196 6195
f 6039 6196 6038
f 6039 6197 6196
f 6040 6197 6039
f 6040 6198 6197
f 6041 6198 6040
f 6041 6199 6198
f 6042 6199 6041
f 6042 6200 6199
f 6043 6200 6042
f 6043 6201 6200
f 6044 6201 6043
f 6044 6202 6201
f 6045 6202 6044
f 6045 6203 6202
f 6046 6203 6045
f 6046 6204 6203
f 6047 6204 6046
f 6047 6205 6204
f 6048 6205 6047
f 6048 6206 6205
f 6049 6206 6048
f 6049 6207 6206
f 6050 6207 6049
f 6050 6208 6207
f 6051 6208 6050
f 6051 6209 6208
f 6052 6209 6051
f 6052 6210 6209
f 6053 6210 6052
f 6053 6211 6210
f 6054 6211 6053
f 6054 6212 6211
f 6055 6212 6054
f 6055 6213 6212
f 6056 6213 6055
f 6056 6214 6213
f 6057 6214 6056
f 6057 6215 6214
f 6058 6215 6057
f 6058 6216 6215
f 6059 6216 6058
f 6059 6217 6216
f 6060 6217 6059
f 6060 6218 6217
f 6061 6218 6060
f 6061 6219 6218
f 6062 6219 6061
f 6062 6220 6219
f 6063 6220 6062
f 6063 6221 6220
f 6064 6221 6063
f 6064 6222 6221
f 6065 6222 6064
f 6065 6223 6222
f 6066 6223 6065
f 6066 6224 6223
f 6067 6224 6066
f 6067 6225 6224
f 6068 6225 6067
f 6068 6226 6225
f 6069 6226 6068
f 6069 6227 6226
f 6070 6227 6069
f 6070 6228 6227
f 6071 6228 6070
f 6071 6229 6228
f 6072 6229 6071
f 6072 6230 6229
f 6073 6230 6072
f 6073 6231 6230
f 6074 6231 6073
f 6074 6232 6231
f 6075 6232 6074
f 6075 6233 6232
f 6076 6233 6075
f 6076 6234 6233
f 6077 6234 6076
f 6077 6235 6234
f 6078 6235 6077
f 6078 6236 6235
f 6079 6236 6078
f 6079 6237 6236
f 6080 6237 6079
f 6080 6238 6237
f 6081 6238 6080
f 6081 6239 6238
f 6082 6239 6081
f 6082 6240 6239
f 6083 6240 6082
f 6083 6241 6240
f 6084 6241 6083
f 6084 6242 6241
f 6085 6242 6084
f 6085 6243 6242
f 6086 6243 6085
f 6086 6244 6243
f 6087 6244 6086
f 6087 6245 6244
f 6088 6245 6087
f 6088 6246 6245
f 6089 6246 6088
f 6089 6247 6246
f 6090 6247 6089
f 6090 6248 6247
f 6091 6248 6090
f 6091 6249 6248
f 6092 6249 6091
f 6095 6250 6094
f 6095 6251 6250
f 6096 6251 6095
f 6096 6252 6251
f 6097 6252 6096
f 6097 6253 6252
f 6098 6253 6097
f 6098 6254 6253
f 6099 6254 6098
f 6099 6255 6254
f 6100 6255 6099
f 6100 6256 6255
f 6101 6256 6100
f 6101 6257 6256
f 6102 6257 6101
f 6102 6258 6257
f 6103 6258 6102
f 6103 6259 6258
f 6104 6259 6103
f 6104 6260 6259
f 6105 6260 6104
f 6105 6261 6260
f 6106 6261 6105
f 6106 6262 6261
f 6107 6262 6106
f 6107 6263 6262
f 6108 6263 6107
f 6108 6264 6263
f 6109 6264 6108
f 6109 6265 6264
f 6110 6265 6109
f 6110 6266 6265
f 6111 6266 6110
f 6111 6267 6266
f 6112 6267 6111
f 6112 6268 6267
f 6113 6268 6112
f 6113 6269 6268
f 6114 6269 6113
f 6114 6270 6269
f 6115 6270 6114
f 6115 6271 6270
f 6116 6271 6115
f 6116 6272 6271
f 6117 6272 6116
f 6117 6273 6272
f 6118 6273 6117
f 6118 6274 6273
f 6123 6278 6122
f 6123 6279 6278
f 6124 6279 6123
f 6124 6280 6279
f 6125 6280 6124
f 6127 6282 6281
f 6128 6282 6127
f 6128 6283 6282
f 6129 6283 6128
f 6129 6284 6283
f 6130 6284 6129
f 6130 6285 6284
f 6131 6285 6130
f 6131 6286 6285
f 6132 6286 6131
f 6132 6287 6286
f 6133 6287 6132
f 6133 6288 6287
f 6134 6288 6133
f 6134 6289 6288
f 6135 6289 6134
f 6135 6290 6289
f 6136 6290 6135
f 6136 6291 6290
f 6137 6291 6136
f 6137 6292 6291
f 6138 6292 6137
f 6138 6293 6292
f 6139 6293 6138
f 6139 6294 6293
f 6140 6294 6139
f 6140 6295 6294
f 6141 6295 6140
f 6141 6296 6295
f 6142 6296 6141
f 6142 6297 6296
f 6143 6297 6142
f 6143 6298 6297
f 6144 6298 6143
f 6144 6299 6298
f 6145 6299 6144
f 6145 6300 6299
f 6146 6300 6145
f 6146 6301 6300
f 6147 6301 6146
f 6147 6302 6301
f 6148 6302 6147
f 6148 6303 6302
f 6149 6303 6148
f 6149 6304 6303
f 6150 6304 6149
f 6151 6307 6306
f 6152 6308 6307
f 6153 6308 6152
f 6153 6309 6308
f 6154 6309 6153
f 6154 6310 6309
f 6155 6310 6154
f 6155 6311 6310
f 6156 6311 6155
f 6156 6312 6311
f 6157 6312 6156
f 6157 6313 6312
f 6158 6313 6157
f 6158 6314 6313
f 6159 6314 6158
f 6159 6315 6314
f 6160 6315 6159
f 6160 6316 6315
f 6161 6316 6160
f 6161 6317 6316
f 6162 6317 6161
f 6162 6318 6317
f 6163 6318 6162
f 6163 6319 6318
f 6164 6319 6163
f 6164 6320 6319
f 6165 6320 6164
f 6165 6321 6320
f 6166 6321 6165
f 6166 6322 6321
f 6167 6322 6166
f 6168 6324 6323
f 6169 6324 6168
f 6169 6325 6324
f 6170 6325 6169
f 6170 6326 6325
f 6171 6326 6170
f 6171 6327 6326
f 6172 6327 6171
f 6172 6328 6327
f 6173 6328 6172
f 6173 6329 6328
f 6174 6329 6173
f 6174 6330 6329
f 6175 6330 6174
f 6175 6331 6330
f 6176 6331 6175
f 6176 6332 6331
f 6177 6332 6176
f 6177 6333 6332
f 6178 6333 6177
f 6178 6334 6333
f 6179 6334 6178
f 6179 6335 6334
f 6180 6335 6179
f 6180 6336 6335
f 6181 6336 6180
f 6181 6337 6336
f 6182 6337 6181
f 6182 6338 6337
f 6183 6338 6182
f 6183 6339 6338
f 6184 6339 6183
f 6184 6340 6339
f 6185 6340 6184
f 6185 6341 6340
f 6186 6341 6185
f 6186 6342 6341
f 6187 6342 6186
f 6187 6343 6342
f 6188 6343 6187
f 6188 6344 6343
f 6189 6344 6188
f 6189 6345 6344
f 6190 6345 6189
f 6190 6346 6345
f 6191 6346 6190
f 6191 6347 6346
f 6192 6347 6191
f 6192 6348 6347
f 6193 6348 6192
f 6193 6349 6348
f 6194 6349 6193
f 6194 6350 6349
f 6195 6350 6194
f 6195 6351 6350
f 6196 6351 6195
f 6196 6352 6351
f 6197 6352 6196
f 6197 6353 6352
f 6198 6353 6197
f 6198 6354 6353
f 6199 6354 6198
f 6199 6355 6354
f 6200 6355 6199
f 6200 6356 6355
f 6201 6356 6200
f 6201 6357 6356
f 6202 6357 6201
f 6202 6358 6357
f 6203 6358 6202
f 6203 6359 6358
f 6204 6359 6203
f 6204 6360 6359
f 6205 6360 6204
f 6205 6361 6360
f 6206 6361 6205
f 6206 6362 6361
f 6207 6362 6206
f 6207 6363 6362
f 6208 6363 6207
f 6208 6364 6363
f 6209 6364 6208
f 6209 6365 6364
f 6210 6365 6209
f 6210 6366 6365
f 6211 6366 6210
f 6211 6367 6366
f 6212 6367 6211
f 6212 6368 6367
f 6213 6368 6212
f 6213 6369 6368
f 6214 6369 6213
f 6214 6370 6369
f 6215 6370 6214
f 6215 6371 6370
f 6216 6371 6215
f 6216 6372 6371
f 6217 6372 6216
f 6217 6373 6372
f 6218 6373 6217
f 6218 6374 6373
f 6219 6374 6218
f 6219 6375 6374
f 6220 6375 6219
f 6220 6376 6375
f 6221 6376 6220
f 6221 6377 6376
f 6222 6377 6221
f 6222 6378 6377
f 6223 6378 6222
f 6223 6379 6378
f 6224 6379 6223
f 6224 6380 6379
f 6225 6380 6224
f 6225 6381 6380
f 6226 6381 6225
f 6226 6382 6381
f 6227 6382 6226
f 6227 6383 6382
f 6228 6383 6227
f 6228 6384 6383
f 6229 6384 6228
f 6229 6385 6384
f 6230 6385 6229
f 6230 6386 6385
f 6231 6386 6230
f 6231 6387 6386
f 6232 6387 6231
f 6232 6388 6387
f 6233 6388 6232
f 6233 6389 6388
f 6234 6389 6233
f 6234 6390 6389
f 6235 6390 6234
f 6235 6391 6390
f 6236 6391 6235
f 6236 6392 6391
f 6237 6392 6236
f 6237 6393 6392
f 6238 6393 6237
f 6238 6394 6393
f 6239 6394 6238
f 6239 6395 6394
f 6240 6395 6239
f 6240 6396 6395
f 6241 6396 6240
f 6241 6397 6396
f 6242 6397 6241
f 6242 6398 6397
f 6243 6398 6242
f 6243 6399 6398
f 6244 6399 6243
f 6244 6400 6399
f 6245 6400 6244
f 6245 6401 6400
f 6246 6401 6245
f 6246 6402 6401
f 6247 6402 6246
f 6247 6403 6402
f 6248 6403 6247
f 6251 6404 6250
f 6251 6405 6404
f 6252 6405 6251
f 6252 6406 6405
f 6253 6406 6252
f 6253 6407 6406
f 6254 6407 6253
f 6254 6408 6407
f 6255 6408 6254
f 6255 6409 6408
f 6256 6409 6255
f 6256 6410 6409
f 6257 6410 6256
f 6257 6411 6410
f 6258 6411 6257
f 6258 6412 6411
f 6259 6412 6258
f 6259 6413 6412
f 6260 6413 6259
f 6260 6414 6413
f 6261 6414 6260
f 6261 6415 6414
f 6262 6415 6261
f 6262 6416 6415
f 6263 6416 6262
f 6263 6417 6416
f 6264 6417 6263
f 6264 6418 6417
f 6265 6418 6264
f 6265 6419 6418
f 6266 6419 6265
f 6266 6420 6419
f 6267 6420 6266
f 6267 6421 6420
f 6268 6421 6267
f 6268 6422 6421
f 6269 6422 6268
f 6269 6423 6422
f 6270 6423 6269
f 6270 6424 6423
f 6271 6424 6270
f 6271 6425 6424
f 6272 6425 6271
f 6272 6426 6425
f 6273 6426 6272
f 6273 6427 6426
f 6274 6427 6273
f 6274 6428 6427
f 6275 6428 6274
f 6275 6429 6428
f 6276 6429 6275
f 6276 6430 6429
f 6277 6430 6276
f 6277 6431 6430
f 6282 6436 6281
f 6282 6437 6436
f 6283 6438 6437
f 6284 6438 6283
f 6284 6439 6438
f 6285 6439 6284
f 6285 6440 6439
f 6286 6440 6285
f 6286 6441 6440
f 6287 6441 6286
f 6287 6442 6441
f 6288 6442 6287
f 6288 6443 6442
f 6289 6443 6288
f 6289 6444 6443
f 6290 6444 6289
f 6290 6445 6444
f 6291 6445 6290
f 6291 6446 6445
f 6292 6446 6291
f 6292 6447 6446
f 6293 6447 6292
f 6293 6448 6447
f 6294 6448 6293
f 6294 6449 6448
f 6295 6449 6294
f 6295 6450 6449
f 6296 6450 6295
f 6296 6451 6450
f 6297 6451 6296
f 6297 6452 6451
f 6298 6452 6297
f 6298 6453 6452
f 6299 6453 6298
f 6299 6454 6453
f 6300 6454 6299
f 6300 6455 6454
f 6301 6455 6300
f 6301 6456 6455
f 6302 6456 6301
f 6302 6457 6456
f 6303 6457 6302
f 6305 6459 6458
f 6306 6460 6459
f 6307 6460 6306
f 6307 6461 6460
f 6308 6461 6307
f 6308 6462 6461
f 6309 6462 6308
f 6309 6463 6462
f 6310 6463 6309
f 6310 6464 6463
f 6311 6464 6310
f 6311 6465 6464
f 6312 6465 6311
f 6312 6466 6465
f 6313 6466 6312
f 6313 6467 6466
f 6314 6467 6313
f 6314 6468 6467
f 6315 6468 6314
f 6315 6469 6468
f 6316 6469 6315
f 6316 6470 6469
f 6317 6470 6316
f 6317 6471 6470
f 6318 6471 6317
f 6318 6472 6471
f 6319 6472 6318
f 6319 6473 6472
f 6320 6473 6319
f 6320 6474 6473
f 6321 6474 6320
f 6322 6476 6475
f 6323 6476 6322
f 6323 6477 6476
f 6324 6477 6323
f 6324 6478 6477
f 6325 6478 6324
f 6325 6479 6478
f 6326 6479 6325
f 6326 6480 6479
f 6327 6480 6326
f 6327 6481 6480
f 6328 6481 6327
f 6328 6482 6481
f 6329 6482 6328
f 6329 6483 6482
f 6330 6483 6329
f 6330 6484 6483
f 6331 6484 6330
f 6331 6485 6484
f 6332 6485 6331
f 6332 6486 6485
f 6333 6486 6332
f 6333 6487 6486
f 6334 6487 6333
f 6334 6488 6487
f 6335 6488 6334
f 6335 6489 6488
f 6336 6489 6335
f 6336 6490 6489
f 6337 6490 6336
f 6337 6491 6490
f 6338 6491 6337
f 6338 6492 6491
f 6339 6492 6338
f 6339 6493 6492
f 6340 6493 6339
f 6340 6494 6493
f 6341 6494 6340
f 6341 6495 6494
f 6342 6495 6341
f 6342 6496 6495
f 6343 6496 6342
f 6343 6497 6496
f 6344 6497 6343
f 6344 6498 6497
f 6345 6498 6344
f 6345 6499 6498
f 6346 6499 6345
f 6346 6500 6499
f 6347 6500 6346
f 6347 6501 6500
f 6348 6501 6347
f 6348 6502 6501
f 6349 6502 6348
f 6349 6503 6502
f 6350 6503 6349
f 6350 6504 6503
f 6351 6504 6350
f 6351 6505 6504
f 6352 6505 6351
f 6352 6506 6505
f 6353 6506 6352
f 6353 6507 6506
f 6354 6507 6353
f 6354 6508 6507
f 6355 6508 6354
f 6355 6509 6508
f 6356 6509 6355
f 6356 6510 6509
f 6357 6510 6356
f 6357 6511 6510
f 6358 6511 6357
f 6358 6512 6511
f 6359 6512 6358
f 6359 6513 6512
f 6360 6513 6359
f 6360 6514 6513
f 6361 6514 6360
f 6361 6515 6514
f 6362 6515 6361
f 6362 6516 6515
f 6363 6516 6362
f 6363 6517 6516
f 6364 6517 6363
f 6364 6518 6517
f 6365 6518 6364
f 6365 6519 6518
f 6366 6519 6365
f 6366 6520 6519
f 6367 6520 6366
f 6367 6521 6520
f 6368 6521 6367
f 6368 6522 6521
f 6369 6522 6368
f 6369 6523 6522
f 6370 6523 6369
f 6370 6524 6523
f 6371 6524 6370
f 6371 6525 6524
f 6372 6525 6371
f 6372 6526 6525
f 6373 6526 6372
f 6373 6527 6526
f 6374 6527 6373
f 6374 6528 6527
f 6375 6528 6374
f 6375 6529 6528
f 6376 6529 6375
f 6376 6530 6529
f 6377 6530 6376
f 6377 6531 6530
f 6378 6531 6377
f 6378 6532 6531
f 6379 6532 6378
f 6379 6533 6532
f 6380 6533 6379
f 6380 6534 6533
f 6381 6534 6380
f 6381 6535 6534
f 6382 6535 6381
f 6382 6536 6535
f 6383 6536 6382
f 6383 6537 6536
f 6384 6537 6383
f 6384 6538 6537
f 6385 6538 6384
f 6385 6539 6538
f 6386 6539 6385
f 6386 6540 6539
f 6387 6540 6386
f 6387 6541 6540
f 6388 6541 6387
f 6388 6542 6541
f 6389 6542 6388
f 6389 6543 6542
f 6390 6543 6389
f 6390 6544 6543
f 6391 6544 6390
f 6391 6545 6544
f 6392 6545 6391
f 6392 6546 6545
f 6393 6546 6392
f 6393 6547 6546
f 6394 6547 6393
f 6394 6548 6547
f 6395 6548 6394
f 6395 6549 6548
f 6396 6549 6395
f 6396 6550 6549
f 6397 6550 6396
f 6397 6551 6550
f 6398 6551 6397
f 6398 6552 6551
f 6399 6552 6398
f 6399 6553 6552
f 6400 6553 6399
f 6400 6554 6553
f 6401 6554 6400
f 6401 6555 6554
f 6402 6555 6401
f 6402 6556 6555
f 6403 6556 6402
f 6406 6557 6405
f 6406 6558 6557
f 6407 6558 6406
f 6407 6559 6558
f 6408 6559 6407
f 6408 6560 6559
f 6409 6560 6408
f 6409 6561 6560
f 6410 6561 6409
f 6410 6562 6561
f 6411 6562 6410
f 6411 6563 6562
f 6412 6563 6411
f 6412 6564 6563
f 6413 6564 6412
f 6413 6565 6564
f 6414 6565 6413
f 6414 6566 6565
f 6415 6566 6414
f 6415 6567 6566
f 6416 6567 6415
f 6416 6568 6567
f 6417 6568 6416
f 6417 6569 6568
f 6418 6569 6417
f 6418 6570 6569
f 6419 6570 6418
f 6419 6571 6570
f 6420 6571 6419
f 6420 6572 6571
f 6421 6572 6420
f 6421 6573 6572
f 6422 6573 6421
f 6422 6574 6573
f 6423 6574 6422
f 6423 6575 6574
f 6424 6575 6423
f 6424 6576 6575
f 6425 6576 6424
f 6425 6577 6576
f 6426 6577 6425
f 6426 6578 6577
f 6427 6578 6426
f 6427 6579 6578
f 6428 6579 6427
f 6428 6580 6579
f 6429 6580 6428
f 6429 6581 6580
f 6430 6581 6429
f 6430 6582 6581
f 6431 6582 6430
f 6431 6583 6582
f 6432 6583 6431
f 6432 6584 6583
f 6433 6584 6432
f 6433 6585 6584
f 6434 6585 6433
f 6434 6586 6585
f 6435 6586 6434
f 6435 6587 6586
f 6437 6588 6436
f 6437 6589 6588
f 6438 6589 6437
f 6438 6590 6589
f 6440 6591 6439
f 6440 6592 6591
f 6441 6592 6440
f 6441 6593 6592
f 6442 6593 6441
f 6442 6594 6593
f 6443 6594 6442
f 6443 6595 6594
f 6444 6595 6443
f 6444 6596 6595
f 6445 6596 6444
f 6445 6597 6596
f 6446 6597 6445
f 6446 6598 6597
f 6447 6598 6446
f 6447 6599 6598
f 6448 6599 6447
f 6448 6600 6599
f 6449 6600 6448
f 6449 6601 6600
f 6450 6601 6449
f 6450 6602 6601
f 6451 6602 6450
f 6451 6603 6602
f 6452 6603 6451
f 6452 6604 6603
f 6453 6604 6452
f 6453 6605 6604
f 6454 6605 6453
f 6454 6606 6605
f 6455 6606 6454
f 6455 6607 6606
f 6456 6607 6455
f 6457 6608 6456
f 6459 6611 6610
f 6460 6611 6459
f 6460 6612 6611
f 6461 6612 6460
f 6461 6613 6612
f 6462 6613 6461
f 6462 6614 6613
f 6463 6614 6462
f 6463 6615 6614
f 6464 6615 6463
f 6464 6616 6615
f 6465 6616 6464
f 6465 6617 6616
f 6466 6617 6465
f 6466 6618 6617
f 6467 6618 6466
f 6467 6619 6618
f 6468 6619 6467
f 6468 6620 6619
f 6469 6620 6468
f 6469 6621 6620
f 6470 6621 6469
f 6470 6622 6621
f 6471 6622 6470
f 6471 6623 6622
f 6472 6623 6471
f 6472 6624 6623
f 6473 6624 6472
f 6473 6625 6624
f 6474 6625 6473
f 6475 6627 6626
f 6476 6627 6475
f 6476 6628 6627
f 6477 6628 6476
f 6477 6629 6628
f 6478 6629 6477
f 6478 6630 6629
f 6479 6630 6478
f 6479 6631 6630
f 6480 6631 6479
f 6480 6632 6631
f 6481 6632 6480
f 6481 6633 6632
f 6482 6633 6481
f 6482 6634 6633
f 6483 6634 6482
f 6483 6635 6634
f 6484 6635 6483
f 6484 6636 6635
f 6485 6636 6484
f 6485 6637 6636
f 6486 6637 6485
f 6486 6638 6637
f 6487 6638 6486
f 6487 6639 6638
f 6488 6639 6487
f 6488 6640 6639
f 6489 6640 6488
f 6489 6641 6640
f 6490 6641 6489
f 6490 6642 6641
f 6491 6642 6490
f 6491 6643 6642
f 6492 6643 6491
f 6492 6644 6643
f 6493 6644 6492
f 6493 6645 6644
f 6494 6645 6493
f 6494 6646 6645
f 6495 6646 6494
f 6495 6647 6646
f 6496 6647 6495
f 6496 6648 6647
f 6497 6648 6496
f 6497 6649 6648
f 6498 6649 6497
f 6498 6650 6649
f 6499 6650 6498
f 6499 6651 6650
f 6500 6651 6499
f 6500 6652 6651
f 6501 6652 6500
f 6501 6653 6652
f 6502 6653 6501
f 6502 6654 6653
f 6503 6654 6502
f 6503 6655 6654
f 6504 6655 6503
f 6504 6656 6655
f 6505 6656 6504
f 6505 6657 6656
f 6506 6657 6505
f 6506 6658 6657
f 6507 6658 6506
f 6507 6659 6658
f 6508 6659 6507
f 6508 6660 6659
f 6509 6660 6508
f 6509 6661 6660
f 6510 6661 6509
f 6510 6662 6661
f 6511 6662 6510
f 6511 6663 6662
f 6512 6663 6511
f 6512 6664 6663
f 6513 6664 6512
f 6513 6665 6664
f 6514 6665 6513
f 6514 6666 6665
f 6515 6666 6514
f 6515 6667 6666
f 6516 6667 6515
f 6516 6668 6667
f 6517 6668 6516
f 6517 6669 6668
f 6518 6669 6517
f 6518 6670 6669
f 6519 6670 6518
f 6519 6671 6670
f 6520 6671 6519
f 6520 6672 6671
f 6521 6672 6520
f 6521 6673 6672
f 6522 6673 6521
f 6522 6674 6673
f 6523 6674 6522
f 6523 6675 6674
f 6524 6675 6523
f 6524 6676 6675
f 6525 6676 6524
f 6525 6677 6676
f 6526 6677 6525
f 6526 6678 6677
f 6527 6678 6526
f 6527 6679 6678
f 6528 6679 6527
f 6528 6680 6679
f 6529 6680 6528
f 6529 6681 6680
f 6530 6681 6529
f 6530 6682 6681
f 6531 6682 6530
f 6531 6683 6682
f 6532 6683 6531
f 6532 6684 6683
f 6533 6684 6532
f 6533 6685 6684
f 6534 6685 6533
f 6534 6686 6685
f 6535 6686 6534
f 6535 6687 6686
f 6536 6687 6535
f 6536 6688 6687
f 6537 6688 6536
f 6537 6689 6688
f 6538 6689 6537
f 6538 6690 6689
f 6539 6690 6538
f 6539 6691 6690
f 6540 6691 6539
f 6540 6692 6691
f 6541 6692 6540
f 6541 6693 6692
f 6542 6693 6541
f 6542 6694 6693
f 6543 6694 6542
f 6543 6695 6694
f 6544 6695 6543
f 6544 6696 6695
f 6545 6696 6544
f 6545 6697 6696
f 6546 6697 6545
f 6546 6698 6697
f 6547 6698 6546
f 6547 6699 6698
f 6548 6699 6547
f 6548 6700 6699
f 6549 6700 6548
f 6549 6701 6700
f 6550 6701 6549
f 6550 6702 6701
f 6551 6702 6550
f 6551 6703 6702
f 6552 6703 6551
f 6552 6704 6703
f 6553 6704 6552
f 6553 6705 6704
f 6554 6705 6553
f 6554 6706 6705
f 6555 6706 6554
f 6559 6707 6558
f 6559 6708 6707
f 6560 6708 6559
f 6560 6709 6708
f 6561 6709 6560
f 6561 6710 6709
f 6562 6710 6561
f 6562 6711 6710
f 6563 6711 6562
f 6563 6712 6711
f 6564 6712 6563
f 6564 6713 6712
f 6565 6713 6564
f 6565 6714 6713
f 6566 6714 6565
f 6566 6715 6714
f 6567 6715 6566
f 6567 6716 6715
f 6568 6716 6567
f 6568 6717 6716
f 6569 6717 6568
f 6569 6718 6717
f 6570 6718 6569
f 6570 6719 6718
f 6571 6719 6570
f 6571 6720 6719
f 6572 6720 6571
f 6572 6721 6720
f 6573 6721 6572
f 6573 6722 6721
f 6574 6722 6573
f 6574 6723 6722
f 6575 6723 6574
f 6575 6724 6723
f 6576 6724 6575
f 6576 6725 6724
f 6577 6725 6576
f 6577 6726 6725
f 6578 6726 6577
f 6578 6727 6726
f 6579 6727 6578
f 6579 6728 6727
f 6580 6728 6579
f 6580 6729 6728
f 6581 6729 6580
f 6581 6730 6729
f 6582 6730 6581
f 6582 6731 6730
f 6583 6731 6582
f 6583 6732 6731
f 6584 6732 6583
f 6584 6733 6732
f 6585 6733 6584
f 6585 6734 6733
f 6586 6734 6585
f 6586 6735 6734
f 6587 6735 6586
f 6587 6736 6735
f 6588 6736 6587
f 6588 6737 6736
f 6589 6737 6588
f 6589 6738 6737
f 6590 6738 6589
f 6590 6739 6738
f 6591 6739 6590
f 6591 6740 6739
f 6592 6740 6591
f 6592 6741 6740
f 6593 6741 6592
f 6593 6742 6741
f 6594 6742 6593
f 6594 6743 6742
f 6595 6743 6594
f 6595 6744 6743
f 6596 6744 6595
f 6596 6745 6744
f 6597 6745 6596
f 6597 6746 6745
f 6598 6746 6597
f 6598 6747 6746
f 6599 6747 6598
f 6599 6748 6747
f 6600 6748 6599
f 6600 6749 6748
f 6601 6749 6600
f 6601 6750 6749
f 6602 6750 6601
f 6602 6751 6750
f 6603 6751 6602
f 6603 6752 6751
f 6604 6752 6603
f 6604 6753 6752
f 6605 6753 6604
f 6605 6754 6753
f 6606 6754 6605
f 6609 6757 6756
f 6610 6757 6609
f 6610 6758 6757
f 6611 6758 6610
f 6611 6759 6758
f 6612 6759 6611
f 6612 6760 6759
f 6613 6760 6612
f 6613 6761 6760
f 6614 6761 6613
f 6614 6762 6761
f 6615 6762 6614
f 6615 6763 6762
f 6616 6763 6615
f 6616 6764 6763
f 6617 6764 6616
f 6617 6765 6764
f 6618 6765 6617
f 6618 6766 6765
f 6619 6766 6618
f 6619 6767 6766
f 6620 6767 6619
f 6620 6768 6767
f 6621 6768 6620
f 6621 6769 6768
f 6622 6769 6621
f 6623 6771 6770
f 6625 6773 6772
f 6626 6773 6625
f 6626 6774 6773
f 6627 6774 6626
f 6627 6775 6774
f 6628 6775 6627
f 6628 6776 6775
f 6629 6776 6628
f 6629 6777 6776
f 6630 6777 6629
f 6630 6778 6777
f 6631 6778 6630
f 6631 6779 6778
f 6632 6779 6631
f 6632 6780 6779
f 6633 6780 6632
f 6633 6781 6780
f 6634 6781 6633
f 6634 6782 6781
f 6635 6782 6634
f 6635 6783 6782
f 6636 6783 6635
f 6636 6784 6783
f 6637 6784 6636
f 6637 6785 6784
f 6638 6785 6637
f 6638 6786 6785
f 6639 6786 6638
f 6639 6787 6786
f 6640 6787 6639
f 6640 6788 6787
f 6641 6788 6640
f 6641 6789 6788
f 6642 6789 6641
f 6642 6790 6789
f 6643 6790 6642
f 6643 6791 6790
f 6644 6791 6643
f 6644 6792 6791
f 6645 6792 6644
f 6645 6793 6792
f 6646 6793 6645
f 6646 6794 6793
f 6647 6794 6646
f 6647 6795 6794
f 6648 6795 6647
f 6648 6796 6795
f 6649 6796 6648
f 6649 6797 6796
f 6650 6797 6649
f 6650 6798 6797
f 6651 6798 6650
f 6651 6799 6798
f 6652 6799 6651
f 6652 6800 6799
f 6653 6800 6652
f 6653 6801 6800
f 6654 6801 6653
f 6654 6802 6801
f 6655 6802 6654
f 6655 6803 6802
f 6656 6803 6655
f 6656 6804 6803
f 6657 6804 6656
f 6657 6805 6804
f 6658 6805 6657
f 6658 6806 6805
f 6659 6806 6658
f 6659 6807 6806
f 6660 6807 6659
f 6660 6808 6807
f 6661 6808 6660
f 6661 6809 6808
f 6662 6809 6661
f 6662 6810 6809
f 6663 6810 6662
f 6663 6811 6810
f 6664 6811 6663
f 6664 6812 6811
f 6665 6812 6664
f 6665 6813 6812
f 6666 6813 6665
f 6666 6814 6813
f 6667 6814 6666
f 6667 6815 6814
f 6668 6815 6667
f 6668 6816 6815
f 6669 6816 6668
f 6669 6817 6816
f 6670 6817 6669
f 6670 6818 6817
f 6671 6818 6670
f 6671 6819 6818
f 6672 6819 6671
f 6672 6820 6819
f 6673 6820 6672
f 6673 6821 6820
f 6674 6821 6673
f 6674 6822 6821
f 6675 6822 6674
f 6675 6823 6822
f 6676 6823 6675
f 6676 6824 6823
f 6677 6824 6676
f 6677 6825 6824
f 6678 6825 6677
f 6678 6826 6825
f 6679 6826 6678
f 6679 6827 6826
f 6680 6827 6679
f 6680 6828 6827
f 6681 6828 6680
f 6681 6829 6828
f 6682 6829 6681
f 6682 6830 6829
f 6683 6830 6682
f 6683 6831 6830
f 6684 6831 6683
f 6684 6832 6831
f 6685 6832 6684
f 6685 6833 6832
f 6686 6833 6685
f 6686 6834 6833
f 6687 6834 6686
f 6687 6835 6834
f 6688 6835 6687
f 6688 6836 6835
f 6689 6836 6688
f 6689 6837 6836
f 6690 6837 6689
f 6690 6838 6837
f 6691 6838 6690
f 6691 6839 6838
f 6692 6839 6691
f 6692 6840 6839
f 6693 6840 6692
f 6693 6841 6840
f 6694 6841 6693
f 6694 6842 6841
f 6695 6842 6694
f 6695 6843 6842
f 6696 6843 6695
f 6696 6844 6843
f 6697 6844 6696
f 6697 6845 6844
f 6698 6845 6697
f 6698 6846 6845
f 6699 6846 6698
f 6699 6847 6846
f 6700 6847 6699
f 6700 6848 6847
f 6701 6848 6700
f 6701 6849 6848
f 6702 6849 6701
f 6702 6850 6849
f 6703 6850 6702
f 6703 6851 6850
f 6704 6851 6703
f 6704 6852 6851
f 6705 6852 6704
f 6709 6853 6708
f 6709 6854 6853
f 6710 6854 6709
f 6710 6855 6854
f 6711 6855 6710
f 6711 6856 6855
f 6712 6856 6711
f 6712 6857 6856
f 6713 6857 6712
f 6713 6858 6857
f 6714 6858 6713
f 6714 6859 6858
f 6715 6859 6714
f 6715 6860 6859
f 6716 6860 6715
f 6716 6861 6860
f 6717 6861 6716
f 6717 6862 6861
f 6718 6862 6717
f 6718 6863 6862
f 6719 6863 6718
f 6719 6864 6863
f 6720 6864 6719
f 6720 6865 6864
f 6721 6865 6720
f 6721 6866 6865
f 6722 6866 6721
f 6722 6867 6866
f 6723 6867 6722
f 6723 6868 6867
f 6724 6868 6723
f 6724 6869 6868
f 6725 6869 6724
f 6725 6870 6869
f 6726 6870 6725
f 6726 6871 6870
f 6727 6871 6726
f 6727 6872 6871
f 6728 6872 6727
f 6728 6873 6872
f 6729 6873 6728
f 6729 6874 6873
f 6730 6874 6729
f 6730 6875 6874
f 6731 6875 6730
f 6731 6876 6875
f 6732 6876 6731
f 6732 6877 6876
f 6733 6877 6732
f 6733 6878 6877
f 6734 6878 6733
f 6734 6879 6878
f 6735 6879 6734
f 6735 6880 6879
f 6736 6880 6735
f 6736 6881 6880
f 6737 6881 6736
f 6737 6882 6881
f 6738 6882 6737
f 6738 6883 6882
f 6739 6883 6738
f 6739 6884 6883
f 6740 6884 6739
f 6740 6885 6884
f 6741 6885 6740
f 6741 6886 6885
f 6742 6886 6741
f 6742 6887 6886
f 6743 6887 6742
f 6743 6888 6887
f 6744 6888 6743
f 6744 6889 6888
f 6745 6889 6744
f 6745 6890 6889
f 6746 6890 6745
f 6746 6891 6890
f 6747 6891 6746
f 6747 6892 6891
f 6748 6892 6747
f 6748 6893 6892
f 6749 6893 6748
f 6749 6894 6893
f 6750 6894 6749
f 6750 6895 6894
f 6751 6895 6750
f 6751 6896 6895
f 6752 6896 6751
f 6752 6897 6896
f 6753 6897 6752
f 6754 6898 6753
f 6755 6900 6899
f 6756 6901 6900
f 6757 6901 6756
f 6757 6902 6901
f 6758 6902 6757
f 6758 6903 6902
f 6759 6903 6758
f 6766 6907 6765
f 6766 6908 6907
f 6767 6908 6766
f 6767 6909 6908
f 6768 6909 6767
f 6768 6910 6909
f 6769 6910 6768
f 6769 6911 6910
f 6770 6911 6769
f 6771 6912 6770
f 6771 6913 6912
f 6772 6913 6771
f 6772 6914 6913
f 6773 6914 6772
f 6773 6915 6914
f 6774 6915 6773
f 6774 6916 6915
f 6775 6916 6774
f 6775 6917 6916
f 6776 6917 6775
f 6776 6918 6917
f 6777 6918 6776
f 6777 6919 6918
f 6778 6919 6777
f 6778 6920 6919
f 6779 6920 6778
f 6779 6921 6920
f 6780 6921 6779
f 6780 6922 6921
f 6781 6922 6780
f 6781 6923 6922
f 6782 6923 6781
f 6782 6924 6923
f 6783 6924 6782
f 6783 6925 6924
f 6784 6925 6783
f 6784 6926 6925
f 6785 6926 6784
f 6785 6927 6926
f 6786 6927 6785
f 6786 6928 6927
f 6787 6928 6786
f 6787 6929 6928
f 6788 6929 6787
f 6788 6930 6929
f 6789 6930 6788
f 6789 6931 6930
f 6790 6931 6789
f 6790 6932 6931
f 6791 6932 6790
f 6791 6933 6932
f 6792 6933 6791
f 6792 6934 6933
f 6793 6934 6792
f 6793 6935 6934
f 6794 6935 6793
f 6794 6936 6935
f 6795 6936 6794
f 6795 6937 6936
f 6796 6937 6795
f 6796 6938 6937
f 6797 6938 6796
f 6797 6939 6938
f 6798 6939 6797
f 6798 6940 6939
f 6799 6940 6798
f 6799 6941 6940
f 6800 6941 6799
f 6800 6942 6941
f 6801 6942 6800
f 6801 6943 6942
f 6802 6943 6801
f 6802 6944 6943
f 6803 6944 6802
f 6803 6945 6944
f 6804 6945 6803
f 6804 6946 6945
f 6805 6946 6804
f 6805 6947 6946
f 6806 6947 6805
f 6806 6948 6947
f 6807 6948 6806
f 6807 6949 6948
f 6808 6949 6807
f 6808 6950 6949
f 6809 6950 6808
f 6809 6951 6950
f 6810 6951 6809
f 6810 6952 6951
f 6811 6952 6810
f 6811 6953 6952
f 6812 6953 6811
f 6812 6954 6953
f 6813 6954 6812
f 6813 6955 6954
f 6814 6955 6813
f 6814 6956 6955
f 6815 6956 6814
f 6815 6957 6956
f 6816 6957 6815
f 6816 6958 6957
f 6817 6958 6816
f 6817 6959 6958
f 6818 6959 6817
f 6818 6960 6959
f 6819 6960 6818
f 6819 6961 6960
f 6820 6961 6819
f 6820 6962 6961
f 6821 6962 6820
f 6821 6963 6962
f 6822 6963 6821
f 6822 6964 6963
f 6823 6964 6822
f 6823 6965 6964
f 6824 6965 6823
f 6824 6966 6965
f 6825 6966 6824
f 6825 6967 6966
f 6826 6967 6825
f 6826 6968 6967
f 6827 6968 6826
f 6827 6969 6968
f 6828 6969 6827
f 6828 6970 6969
f 6829 6970 6828
f 6829 6971 6970
f 6830 6971 6829
f 6830 6972 6971
f 6831 6972 6830
f 6831 6973 6972
f 6832 6973 6831
f 6832 6974 6973
f 6833 6974 6832
f 6833 6975 6974
f 6834 6975 6833
f 6834 6976 6975
f 6835 6976 6834
f 6835 6977 6976
f 6836 6977 6835
f 6836 6978 6977
f 6837 6978 6836
f 6837 6979 6978
f 6838 6979 6837
f 6838 6980 6979
f 6839 6980 6838
f 6839 6981 6980
f 6840 6981 6839
f 6840 6982 6981
f 6841 6982 6840
f 6841 6983 6982
f 6842 6983 6841
f 6842 6984 6983
f 6843 6984 6842
f 6843 6985 6984
f 6844 6985 6843
f 6844 6986 6985
f 6845 6986 6844
f 6845 6987 6986
f 6846 6987 6845
f 6846 6988 6987
f 6847 6988 6846
f 6847 6989 6988
f 6848 6989 6847
f 6848 6990 6989
f 6849 6990 6848
f 6849 6991 6990
f 6850 6991 6849
f 6850 6992 6991
f 6851 6992 6850
f 6855 6993 6854
f 6855 6994 6993
f 6856 6994 6855
f 6856 6995 6994
f 6857 6995 6856
f 6857 6996 6995
f 6858 6996 6857
f 6858 6997 6996
f 6859 6997 6858
f 6859 6998 6997
f 6860 6998 6859
f 6860 6999 6998
f 6861 6999 6860
f 6861 7000 6999
f 6862 7000 6861
f 6862 7001 7000
f 6863 7001 6862
f 6863 7002 7001
f 6864 7002 6863
f 6864 7003 7002
f 6865 7003 6864
f 6865 7004 7003
f 6866 7004 6865
f 6866 7005 7004
f 6867 7005 6866
f 6867 7006 7005
f 6868 7006 6867
f 6868 7007 7006
f 6869 7007 6868
f 6869 7008 7007
f 6870 7008 6869
f 6870 7009 7008
f 6871 7009 6870
f 6871 7010 7009
f 6872 7010 6871
f 6872 7011 7010
f 6873 7011 6872
f 6873 7012 7011
f 6874 7012 6873
f 6874 7013 7012
f 6875 7013 6874
f 6875 7014 7013
f 6876 7014 6875
f 6876 7015 7014
f 6877 7015 6876
f 6877 7016 7015
f 6878 7016 6877
f 6878 7017 7016
f 6879 7017 6878
f 6879 7018 7017
f 6880 7018 6879
f 6880 7019 7018
f 6881 7019 6880
f 6881 7020 7019
f 6882 7020 6881
f 6882 7021 7020
f 6883 7021 6882
f 6883 7022 7021
f 6884 7022 6883
f 6884 7023 7022
f 6885 7023 6884
f 6885 7024 7023
f 6886 7024 6885
f 6886 7025 7024
f 6887 7025 6886
f 6887 7026 7025
f 6888 7026 6887
f 6888 7027 7026
f 6889 7027 6888
f 6889 7028 7027
f 6890 7028 6889
f 6890 7029 7028
f 6891 7029 6890
f 6891 7030 7029
f 6892 7030 6891
f 6892 7031 7030
f 6893 7031 6892
f 6893 7032 7031
f 6894 7032 6893
f 6894 7033 7032
f 6895 7033 6894
f 6895 7034 7033
f 6896 7034 6895
f 6897 7035 6896
f 6904 7037 7036
f 6905 7037 6904
f 6905 7038 7037
f 6906 7038 6905
f 6906 7039 7038
f 6911 7043 7042
f 6912 7044 7043
f 6913 7044 6912
f 6913 7045 7044
f 6914 7045 6913
f 6914 7046 7045
f 6915 7046 6914
f 6915 7047 7046
f 6916 7047 6915
f 6916 7048 7047
f 6917 7048 6916
f 6917 7049 7048
f 6918 7049 6917
f 6918 7050 7049
f 6919 7050 6918
f 6919 7051 7050
f 6920 7051 6919
f 6920 7052 7051
f 6921 7052 6920
f 6921 7053 7052
f 6922 7053 6921
f 6922 7054 7053
f 6923 7054 6922
f 6923 7055 7054
f 6924 7055 6923
f 6924 7056 7055
f 6925 7056 6924
f 6925 7057 7056
f 6926 7057 6925
f 6926 7058 7057
f 6927 7058 6926
f 6927 7059 7058
f 6928 7059 6927
f 6928 7060 7059
f 6929 7060 6928
f 6929 7061 7060
f 6930 7061 6929
f 6930 7062 7061
f 6931 7062 6930
f 6931 7063 7062
f 6932 7063 6931
f 6932 7064 7063
f 6933 7064 6932
f 6933 7065 7064
f 6934 7065 6933
f 6934 7066 7065
f 6935 7066 6934
f 6935 7067 7066
f 6936 7067 6935
f 6936 7068 7067
f 6937 7068 6936
f 6937 7069 7068
f 6938 7069 6937
f 6938 7070 7069
f 6939 7070 6938
f 6939 7071 7070
f 6940 7071 6939
f 6940 7072 7071
f 6941 7072 6940
f 6941 7073 7072
f 6942 7073 6941
f 6942 7074 7073
f 6943 7074 6942
f 6943 7075 7074
f 6944 7075 6943
f 6944 7076 7075
f 6945 7076 6944
f 6945 7077 7076
f 6946 7077 6945
f 6946 7078 7077
f 6947 7078 6946
f 6947 7079 7078
f 6948 7079 6947
f 6948 7080 7079
f 6949 7080 6948
f 6949 7081 7080
f 6950 7081 6949
f 6950 7082 7081
f 6951 7082 6950
f 6951 7083 7082
f 6952 7083 6951
f 6952 7084 7083
f 6953 7084 6952
f 6953 7085 7084
f 6954 7085 6953
f 6954 7086 7085
f 6955 7086 6954
f 6955 7087 7086
f 6956 7087 6955
f 6956 7088 7087
f 6957 7088 6956
f 6957 7089 7088
f 6958 7089 6957
f 6958 7090 7089
f 6959 7090 6958
f 6959 7091 7090
f 6960 7091 6959
f 6960 7092 7091
f 6961 7092 6960
f 6961 7093 7092
f 6962 7093 6961
f 6962 7094 7093
f 6963 7094 6962
f 6963 7095 7094
f 6964 7095 6963
f 6964 7096 7095
f 6965 7096 6964
f 6965 7097 7096
f 6966 7097 6965
f 6966 7098 7097
f 6967 7098 6966
f 6967 7099 7098
f 6968 7099 6967
f 6968 7100 7099
f 6969 7100 6968
f 6969 7101 7100
f 6970 7101 6969
f 6970 7102 7101
f 6971 7102 6970
f 6971 7103 7102
f 6972 7103 6971
f 6972 7104 7103
f 6973 7104 6972
f 6973 7105 7104
f 6974 7105 6973
f 6974 7106 7105
f 6975 7106 6974
f 6975 7107 7106
f 6976 7107 6975
f 6976 7108 7107
f 6977 7108 6976
f 6977 7109 7108
f 6978 7109 6977
f 6978 7110 7109
f 6979 7110 6978
f 6979 7111 7110
f 6980 7111 6979
f 6980 7112 7111
f 6981 7112 6980
f 6981 7113 7112
f 6982 7113 6981
f 6982 7114 7113
f 6983 7114 6982
f 6983 7115 7114
f 6984 7115 6983
f 6984 7116 7115
f 6985 7116 6984
f 6985 7117 7116
f 6986 7117 6985
f 6986 7118 7117
f 6987 7118 6986
f 6987 7119 7118
f 6988 7119 6987
f 6988 7120 7119
f 6989 7120 6988
f 6989 7121 7120
f 6990 7121 6989
f 6990 7122 7121
f 6991 7122 6990
f 6995 7125 6994
f 6995 7126 7125
f 6996 7126 6995
f 6996 7127 7126
f 6997 7127 6996
f 6997 7128 7127
f 6998 7128 6997
f 6998 7129 7128
f 6999 7129 6998
f 6999 7130 7129
f 7000 7130 6999
f 7000 7131 7130
f 7001 7131 7000
f 7001 7132 7131
f 7002 7132 7001
f 7002 7133 7132
f 7003 7133 7002
f 7003 7134 7133
f 7004 7134 7003
f 7004 7135 7134
f 7005 7135 7004
f 7005 7136 7135
f 7006 7136 7005
f 7006 7137 7136
f 7007 7137 7006
f 7007 7138 7137
f 7008 7138 7007
f 7008 7139 7138
f 7009 7139 7008
f 7009 7140 7139
f 7010 7140 7009
f 7010 7141 7140
f 7011 7141 7010
f 7011 7142 7141
f 7012 7142 7011
f 7012 7143 7142
f 7013 7143 7012
f 7013 7144 7143
f 7014 7144 7013
f 7014 7145 7144
f 7015 7145 7014
f 7015 7146 7145
f 7016 7146 7015
f 7016 7147 7146
f 7017 7147 7016
f 7017 7148 7147
f 7018 7148 7017
f 7018 7149 7148
f 7019 7149 7018
f 7019 7150 7149
f 7020 7150 7019
f 7020 7151 7150
f 7021 7151 7020
f 7021 7152 7151
f 7022 7152 7021
f 7022 7153 7152
f 7023 7153 7022
f 7023 7154 7153
f 7024 7154 7023
f 7024 7155 7154
f 7025 7155 7024
f 7025 7156 7155
f 7026 7156 7025
f 7026 7157 7156
f 7027 7157 7026
f 7027 7158 7157
f 7028 7158 7027
f 7028 7159 7158
f 7029 7159 7028
f 7029 7160 7159
f 7030 7160 7029
f 7030 7161 7160
f 7031 7161 7030
f 7031 7162 7161
f 7032 7162 7031
f 7032 7163 7162
f 7033 7163 7032
f 7033 7164 7163
f 7034 7164 7033
f 7038 7165 7037
f 7038 7166 7165
f 7039 7166 7038
f 7039 7167 7166
f 7040 7167 7039
f 7040 7168 7167
f 7041 7171 7170
f 7042 7171 7041
f 7042 7172 7171
f 7043 7172 7042
f 7043 7173 7172
f 7044 7173 7043
f 7044 7174 7173
f 7045 7174 7044
f 7045 7175 7174
f 7046 7175 7045
f 7046 7176 7175
f 7047 7176 7046
f 7047 7177 7176
f 7048 7177 7047
f 7048 7178 7177
f 7049 7178 7048
f 7049 7179 7178
f 7050 7179 7049
f 7050 7180 7179
f 7051 7180 7050
f 7051 7181 7180
f 7052 7181 7051
f 7052 7182 7181
f 7053 7182 7052
f 7053 7183 7182
f 7054 7183 7053
f 7054 7184 7183
f 7055 7184 7054
f 7055 7185 7184
f 7056 7185 7055
f 7056 7186 7185
f 7057 7186 7056
f 7057 7187 7186
f 7058 7187 7057
f 7058 7188 7187
f 7059 7188 7058
f 7059 7189 7188
f 7060 7189 7059
f 7060 7190 7189
f 7061 7190 7060
f 7061 7191 7190
f 7062 7191 7061
f 7062 7192 7191
f 7063 7192 7062
f 7063 7193 7192
f 7064 7193 7063
f 7064 7194 7193
f 7065 7194 7064
f 7065 7195 7194
f 7066 7195 7065
f 7066 7196 7195
f 7067 7196 7066
f 7067 7197 7196
f 7068 7197 7067
f 7068 7198 7197
f 7069 7198 7068
f 7069 7199 7198
f 7070 7199 7069
f 7070 7200 7199
f 7071 7200 7070
f 7071 7201 7200
f 7072 7201 7071
f 7072 7202 7201
f 7073 7202 7072
f 7073 7203 7202
f 7074 7203 7073
f 7074 7204 7203
f 7075 7204 7074
f 7075 7205 7204
f 7076 7205 7075
f 7076 7206 7205
f 7077 7206 7076
f 7077 7207 7206
f 7078 7207 7077
f 7078 7208 7207
f 7079 7208 7078
f 7079 7209 7208
f 7080 7209 7079
f 7080 7210 7209
f 7081 7210 7080
f 7081 7211 7210
f 7082 7211 7081
f 7082 7212 7211
f 7083 7212 7082
f 7083 7213 7212
f 7084 7213 7083
f 7084 7214 7213
f 7085 7214 7084
f 7085 7215 7214
f 7086 7215 7085
f 7086 7216 7215
f 7087 7216 7086
f 7087 7217 7216
f 7088 7217 7087
f 7088 7218 7217
f 7089 7218 7088
f 7089 7219 7218
f 7090 7219 7089
f 7090 7220 7219
f 7091 7220 7090
f 7091 7221 7220
f 7092 7221 7091
f 7092 7222 7221
f 7093 7222 7092
f 7093 7223 7222
f 7094 7223 7093
f 7094 7224 7223
f 7095 7224 7094
f 7095 7225 7224
f 7096 7225 7095
f 7096 7226 7225
f 7097 7226 7096
f 7097 7227 7226
f 7098 7227 7097
f 7098 7228 7227
f 7099 7228 7098
f 7099 7229 7228
f 7100 7229 7099
f 7100 7230 7229
f 7101 7230 7100
f 7101 7231 7230
f 7102 7231 7101
f 7102 7232 7231
f 7103 7232 7102
f 7103 7233 7232
f 7104 7233 7103
f 7104 7234 7233
f 7105 7234 7104
f 7105 7235 7234
f 7106 7235 7105
f 7106 7236 7235
f 7107 7236 7106
f 7107 7237 7236
f 7108 7237 7107
f 7108 7238 7237
f 7109 7238 7108
f 7109 7239 7238
f 7110 7239 7109
f 7110 7240 7239
f 7111 7240 7110
f 7111 7241 7240
f 7112 7241 7111
f 7112 7242 7241
f 7113 7242 7112
f 7113 7243 7242
f 7114 7243 7113
f 7114 7244 7243
f 7115 7244 7114
f 7115 7245 7244
f 7116 7245 7115
f 7116 7246 7245
f 7117 7246 7116
f 7117 7247 7246
f 7118 7247 7117
f 7118 7248 7247
f 7119 7248 7118
f 7119 7249 7248
f 7120 7249 7119
f 7120 7250 7249
f 7121 7250 7120
f 7121 7251 7250
f 7122 7251 7121
f 7123 7253 7252
f 7124 7253 7123
f 7128 7254 7127
f 7128 7255 7254
f 7129 7255 7128
f 7129 7256 7255
f 7130 7256 7129
f 7130 7257 7256
f 7131 7257 7130
f 7131 7258 7257
f 7132 7258 7131
f 7132 7259 7258
f 7133 7259 7132
f 7133 7260 7259
f 7134 7260 7133
f 7134 7261 7260
f 7135 7261 7134
f 7135 7262 7261
f 7136 7262 7135
f 7136 7263 7262
f 7137 7263 7136
f 7137 7264 7263
f 7138 7264 7137
f 7138 7265 7264
f 7139 7265 7138
f 7139 7266 7265
f 7140 7266 7139
f 7140 7267 7266
f 7141 7267 7140
f 7141 7268 7267
f 7142 7268 7141
f 7142 7269 7268
f 7143 7269 7142
f 7143 7270 7269
f 7144 7270 7143
f 7144 7271 7270
f 7145 7271 7144
f 7145 7272 7271
f 7146 7272 7145
f 7146 7273 7272
f 7147 7273 7146
f 7147 7274 7273
f 7148 7274 7147
f 7148 7275 7274
f 7149 7275 7148
f 7149 7276 7275
f 7150 7276 7149
f 7150 7277 7276
f 7151 7277 7150
f 7151 7278 7277
f 7152 7278 7151
f 7152 7279 7278
f 7153 7279 7152
f 7153 7280 7279
f 7154 7280 7153
f 7154 7281 7280
f 7155 7281 7154
f 7155 7282 7281
f 7156 7282 7155
f 7156 7283 7282
f 7157 7283 7156
f 7157 7284 7283
f 7158 7284 7157
f 7158 7285 7284
f 7159 7285 7158
f 7159 7286 7285
f 7160 7286 7159
f 7160 7287 7286
f 7161 7287 7160
f 7161 7288 7287
f 7162 7288 7161
f 7163 7290 7289
f 7164 7290 7163
f 7167 7291 7166
f 7167 7292 7291
f 7168 7292 7167
f 7168 7293 7292
f 7169 7293 7168
f 7169 7294 7293
f 7172 7296 7171
f 7172 7297 7296
f 7173 7297 7172
f 7173 7298 7297
f 7174 7298 7173
f 7174 7299 7298
f 7175 7299 7174
f 7175 7300 7299
f 7176 7300 7175
f 7176 7301 7300
f 7177 7301 7176
f 7177 7302 7301
f 7178 7302 7177
f 7178 7303 7302
f 7179 7303 7178
f 7179 7304 7303
f 7180 7304 7179
f 7180 7305 7304
f 7181 7305 7180
f 7181 7306 7305
f 7182 7306 7181
f 7182 7307 7306
f 7183 7307 7182
f 7183 7308 7307
f 7184 7308 7183
f 7184 7309 7308
f 7185 7309 7184
f 7185 7310 7309
f 7186 7310 7185
f 7186 7311 7310
f 7187 7311 7186
f 7187 7312 7311
f 7188 7312 7187
f 7188 7313 7312
f 7189 7313 7188
f 7189 7314 7313
f 7190 7314 7189
f 7190 7315 7314
f 7191 7315 7190
f 7191 7316 7315
f 7192 7316 7191
f 7192 7317 7316
f 7193 7317 7192
f 7193 7318 7317
f 7194 7318 7193
f 7194 7319 7318
f 7195 7319 7194
f 7195 7320 7319
f 7196 7320 7195
f 7196 7321 7320
f 7197 7321 7196
f 7197 7322 7321
f 7198 7322 7197
f 7198 7323 7322
f 7199 7323 7198
f 7199 7324 7323
f 7200 7324 7199
f 7200 7325 7324
f 7201 7325 7200
f 7201 7326 7325
f 7202 7326 7201
f 7202 7327 7326
f 7203 7327 7202
f 7203 7328 7327
f 7204 7328 7203
f 7204 7329 7328
f 7205 7329 7204
f 7205 7330 7329
f 7206 7330 7205
f 7206 7331 7330
f 7207 7331 7206
f 7207 7332 7331
f 7208 7332 7207
f 7208 7333 7332
f 7209 7333 7208
f 7209 7334 7333
f 7210 7334 7209
f 7210 7335 7334
f 7211 7335 7210
f 7211 7336 7335
f 7212 7336 7211
f 7212 7337 7336
f 7213 7337 7212
f 7213 7338 7337
f 7214 7338 7213
f 7214 7339 7338
f 7215 7339 7214
f 7215 7340 7339
f 7216 7340 7215
f 7216 7341 7340
f 7217 7341 7216
f 7217 7342 7341
f 7218 7342 7217
f 7218 7343 7342
f 7219 7343 7218
f 7219 7344 7343
f 7220 7344 7219
f 7220 7345 7344
f 7221 7345 7220
f 7221 7346 7345
f 7222 7346 7221
f 7222 7347 7346
f 7223 7347 7222
f 7223 7348 7347
f 7224 7348 7223
f 7224 7349 7348
f 7225 7349 7224
f 7225 7350 7349
f 7226 7350 7225
f 7226 7351 7350
f 7227 7351 7226
f 7227 7352 7351
f 7228 7352 7227
f 7228 7353 7352
f 7229 7353 7228
f 7229 7354 7353
f 7230 7354 7229
f 7230 7355 7354
f 7231 7355 7230
f 7231 7356 7355
f 7232 7356 7231
f 7232 7357 7356
f 7233 7357 7232
f 7233 7358 7357
f 7234 7358 7233
f 7234 7359 7358
f 7235 7359 7234
f 7235 7360 7359
f 7236 7360 7235
f 7236 7361 7360
f 7237 7361 7236
f 7237 7362 7361
f 7238 7362 7237
f 7238 7363 7362
f 7239 7363 7238
f 7239 7364 7363
f 7240 7364 7239
f 7240 7365 7364
f 7241 7365 7240
f 7241 7366 7365
f 7242 7366 7241
f 7242 7367 7366
f 7243 7367 7242
f 7243 7368 7367
f 7244 7368 7243
f 7244 7369 7368
f 7245 7369 7244
f 7245 7370 7369
f 7246 7370 7245
f 7246 7371 7370
f 7247 7371 7246
f 7247 7372 7371
f 7248 7372 7247
f 7248 7373 7372
f 7249 7373 7248
f 7249 7374 7373
f 7250 7374 7249
f 7250 7375 7374
f 7251 7375 7250
f 7251 7376 7375
f 7252 7376 7251
f 7252 7377 7376
f 7253 7377 7252
f 7256 7379 7255
f 7256 7380 7379
f 7257 7380 7256
f 7257 7381 7380
f 7258 7381 7257
f 7258 7382 7381
f 7259 7382 7258
f 7259 7383 7382
f 7260 7383 7259
f 7260 7384 7383
f 7261 7384 7260
f 7261 7385 7384
f 7262 7385 7261
f 7262 7386 7385
f 7263 7386 7262
f 7263 7387 7386
f 7264 7387 7263
f 7264 7388 7387
f 7265 7388 7264
f 7265 7389 7388
f 7266 7389 7265
f 7266 7390 7389
f 7267 7390 7266
f 7267 7391 7390
f 7268 7391 7267
f 7268 7392 7391
f 7269 7392 7268
f 7269 7393 7392
f 7270 7393 7269
f 7270 7394 7393
f 7271 7394 7270
f 7271 7395 7394
f 7272 7395 7271
f 7272 7396 7395
f 7273 7396 7272
f 7273 7397 7396
f 7274 7397 7273
f 7274 7398 7397
f 7275 7398 7274
f 7275 7399 7398
f 7276 7399 7275
f 7276 7400 7399
f 7277 7400 7276
f 7277 7401 7400
f 7278 7401 7277
f 7278 7402 7401
f 7279 7402 7278
f 7279 7403 7402
f 7280 7403 7279
f 7280 7404 7403
f 7281 7404 7280
f 7281 7405 7404
f 7282 7405 7281
f 7282 7406 7405
f 7283 7406 7282
f 7283 7407 7406
f 7284 7407 7283
f 7284 7408 7407
f 7285 7408 7284
f 7285 7409 7408
f 7286 7409 7285
f 7286 7410 7409
f 7287 7410 7286
f 7287 7411 7410
f 7288 7411 7287
f 7293 7412 7292
f 7293 7413 7412
f 7294 7413 7293
f 7294 7414 7413
f 7295 7414 7294
f 7295 7415 7414
f 7298 7417 7297
f 7298 7418 7417
f 7299 7418 7298
f 7299 7419 7418
f 7300 7419 7299
f 7300 7420 7419
f 7301 7420 7300
f 7301 7421 7420
f 7302 7421 7301
f 7302 7422 7421
f 7303 7422 7302
f 7303 7423 7422
f 7304 7423 7303
f 7304 7424 7423
f 7305 7424 7304
f 7305 7425 7424
f 7306 7425 7305
f 7306 7426 7425
f 7307 7426 7306
f 7307 7427 7426
f 7308 7427 7307
f 7308 7428 7427
f 7309 7428 7308
f 7309 7429 7428
f 7310 7429 7309
f 7310 7430 7429
f 7311 7430 7310
f 7311 7431 7430
f 7312 7431 7311
f 7312 7432 7431
f 7313 7432 7312
f 7313 7433 7432
f 7314 7433 7313
f 7314 7434 7433
f 7315 7434 7314
f 7315 7435 7434
f 7316 7435 7315
f 7316 7436 7435
f 7317 7436 7316
f 7317 7437 7436
f 7318 7437 7317
f 7318 7438 7437
f 7319 7438 7318
f 7319 7439 7438
f 7320 7439 7319
f 7320 7440 7439
f 7321 7440 7320
f 7321 7441 7440
f 7322 7441 7321
f 7322 7442 7441
f 7323 7442 7322
f 7323 7443 7442
f 7324 7443 7323
f 7324 7444 7443
f 7325 7444 7324
f 7325 7445 7444
f 7326 7445 7325
f 7326 7446 7445
f 7327 7446 7326
f 7327 7447 7446
f 7328 7447 7327
f 7328 7448 7447
f 7329 7448 7328
f 7329 7449 7448
f 7330 7449 7329
f 7330 7450 7449
f 7331 7450 7330
f 7331 7451 7450
f 7332 7451 7331
f 7332 7452 7451
f 7333 7452 7332
f 7333 7453 7452
f 7334 7453 7333
f 7334 7454 7453
f 7335 7454 7334
f 7335 7455 7454
f 7336 7455 7335
f 7336 7456 7455
f 7337 7456 7336
f 7337 7457 7456
f 7338 7457 7337
f 7338 7458 7457
f 7339 7458 7338
f 7339 7459 7458
f 7340 7459 7339
f 7340 7460 7459
f 7341 7460 7340
f 7341 7461 7460
f 7342 7461 7341
f 7342 7462 7461
f 7343 7462 7342
f 7343 7463 7462
f 7344 7463 7343
f 7344 7464 7463
f 7345 7464 7344
f 7345 7465 7464
f 7346 7465 7345
f 7346 7466 7465
f 7347 7466 7346
f 7347 7467 7466
f 7348 7467 7347
f 7348 7468 7467
f 7349 7468 7348
f 7349 7469 7468
f 7350 7469 7349
f 7350 7470 7469
f 7351 7470 7350
f 7351 7471 7470
f 7352 7471 7351
f 7352 7472 7471
f 7353 7472 7352
f 7353 7473 7472
f 7354 7473 7353
f 7354 7474 7473
f 7355 7474 7354
f 7355 7475 7474
f 7356 7475 7355
f 7356 7476 7475
f 7357 7476 7356
f 7357 7477 7476
f 7358 7477 7357
f 7358 7478 7477
f 7359 7478 7358
f 7359 7479 7478
f 7360 7479 7359
f 7360 7480 7479
f 7361 7480 7360
f 7361 7481 7480
f 7362 7481 7361
f 7362 7482 7481
f 7363 7482 7362
f 7363 7483 7482
f 7364 7483 7363
f 7364 7484 7483
f 7365 7484 7364
f 7365 7485 7484
f 7366 7485 7365
f 7366 7486 7485
f 7367 7486 7366
f 7367 7487 7486
f 7368 7487 7367
f 7368 7488 7487
f 7369 7488 7368
f 7369 7489 7488
f 7370 7489 7369
f 7370 7490 7489
f 7371 7490 7370
f 7371 7491 7490
f 7372 7491 7371
f 7372 7492 7491
f 7373 7492 7372
f 7373 7493 7492
f 7374 7493 7373
f 7374 7494 7493
f 7375 7494 7374
f 7375 7495 7494
f 7376 7495 7375
f 7376 7496 7495
f 7377 7496 7376
f 7377 7497 7496
f 7378 7497 7377
f 7382 7498 7381
f 7382 7499 7498
f 7383 7499 7382
f 7383 7500 7499
f 7384 7500 7383
f 7384 7501 7500
f 7385 7501 7384
f 7385 7502 7501
f 7386 7502 7385
f 7386 7503 7502
f 7387 7503 7386
f 7387 7504 7503
f 7388 7504 7387
f 7388 7505 7504
f 7389 7505 7388
f 7389 7506 7505
f 7390 7506 7389
f 7390 7507 7506
f 7391 7507 7390
f 7391 7508 7507
f 7392 7508 7391
f 7392 7509 7508
f 7393 7509 7392
f 7393 7510 7509
f 7394 7510 7393
f 7394 7511 7510
f 7395 7511 7394
f 7395 7512 7511
f 7396 7512 7395
f 7396 7513 7512
f 7397 7513 7396
f 7397 7514 7513
f 7398 7514 7397
f 7398 7515 7514
f 7399 7515 7398
f 7399 7516 7515
f 7400 7516 7399
f 7400 7517 7516
f 7401 7517 7400
f 7401 7518 7517
f 7402 7518 7401
f 7402 7519 7518
f 7403 7519 7402
f 7403 7520 7519
f 7404 7520 7403
f 7404 7521 7520
f 7405 7521 7404
f 7405 7522 7521
f 7406 7522 7405
f 7406 7523 7522
f 7407 7523 7406
f 7407 7524 7523
f 7408 7524 7407
f 7408 7525 7524
f 7409 7525 7408
f 7409 7526 7525
f 7410 7526 7409
f 7415 7527 7414
f 7415 7528 7527
f 7416 7528 7415
f 7416 7529 7528
f 7419 7531 7418
f 7419 7532 7531
f 7420 7532 7419
f 7420 7533 7532
f 7421 7533 7420
f 7421 7534 7533
f 7422 7534 7421
f 7422 7535 7534
f 7423 7535 7422
f 7423 7536 7535
f 7424 7536 7423
f 7424 7537 7536
f 7425 7537 7424
f 7425 7538 7537
f 7426 7538 7425
f 7426 7539 7538
f 7427 7539 7426
f 7427 7540 7539
f 7428 7540 7427
f 7428 7541 7540
f 7429 7541 7428
f 7429 7542 7541
f 7430 7542 7429
f 7430 7543 7542
f 7431 7543 7430
f 7431 7544 7543
f 7432 7544 7431
f 7432 7545 7544
f 7433 7545 7432
f 7433 7546 7545
f 7434 7546 7433
f 7434 7547 7546
f 7435 7547 7434
f 7435 7548 7547
f 7436 7548 7435
f 7436 7549 7548
f 7437 7549 7436
f 7437 7550 7549
f 7438 7550 7437
f 7438 7551 7550
f 7439 7551 7438
f 7439 7552 7551
f 7440 7552 7439
f 7440 7553 7552
f 7441 7553 7440
f 7441 7554 7553
f 7442 7554 7441
f 7442 7555 7554
f 7443 7555 7442
f 7443 7556 7555
f 7444 7556 7443
f 7444 7557 7556
f 7445 7557 7444
f 7445 7558 7557
f 7446 7558 7445
f 7446 7559 7558
f 7447 7559 7446
f 7447 7560 7559
f 7448 7560 7447
f 7448 7561 7560
f 7449 7561 7448
f 7449 7562 7561
f 7450 7562 7449
f 7450 7563 7562
f 7451 7563 7450
f 7451 7564 7563
f 7452 7564 7451
f 7452 7565 7564
f 7453 7565 7452
f 7453 7566 7565
f 7454 7566 7453
f 7454 7567 7566
f 7455 7567 7454
f 7455 7568 7567
f 7456 7568 7455
f 7456 7569 7568
f 7457 7569 7456
f 7457 7570 7569
f 7458 7570 7457
f 7458 7571 7570
f 7459 7571 7458
f 7459 7572 7571
f 7460 7572 7459
f 7460 7573 7572
f 7461 7573 7460
f 7461 7574 7573
f 7462 7574 7461
f 7462 7575 7574
f 7463 7575 7462
f 7463 7576 7575
f 7464 7576 7463
f 7464 7577 7576
f 7465 7577 7464
f 7465 7578 7577
f 7466 7578 7465
f 7466 7579 7578
f 7467 7579 7466
f 7467 7580 7579
f 7468 7580 7467
f 7468 7581 7580
f 7469 7581 7468
f 7469 7582 7581
f 7470 7582 7469
f 7470 7583 7582
f 7471 7583 7470
f 7471 7584 7583
f 7472 7584 7471
f 7472 7585 7584
f 7473 7585 7472
f 7473 7586 7585
f 7474 7586 7473
f 7474 7587 7586
f 7475 7587 7474
f 7475 7588 7587
f 7476 7588 7475
f 7476 7589 7588
f 7477 7589 7476
f 7477 7590 7589
f 7478 7590 7477
f 7478 7591 7590
f 7479 7591 7478
f 7479 7592 7591
f 7480 7592 7479
f 7480 7593 7592
f 7481 7593 7480
f 7481 7594 7593
f 7482 7594 7481
f 7482 7595 7594
f 7483 7595 7482
f 7483 7596 7595
f 7484 7596 7483
f 7484 7597 7596
f 7485 7597 7484
f 7485 7598 7597
f 7486 7598 7485
f 7486 7599 7598
f 7487 7599 7486
f 7487 7600 7599
f 7488 7600 7487
f 7488 7601 7600
f 7489 7601 7488
f 7489 7602 7601
f 7490 7602 7489
f 7490 7603 7602
f 7491 7603 7490
f 7491 7604 7603
f 7492 7604 7491
f 7492 7605 7604
f 7493 7605 7492
f 7493 7606 7605
f 7494 7606 7493
f 7494 7607 7606
f 7495 7607 7494
f 7495 7608 7607
f 7496 7608 7495
f 7496 7609 7608
f 7497 7609 7496
f 7501 7610 7500
f 7501 7611 7610
f 7502 7611 7501
f 7502 7612 7611
f 7503 7612 7502
f 7503 7613 7612
f 7504 7613 7503
f 7504 7614 7613
f 7505 7614 7504
f 7505 7615 7614
f 7506 7615 7505
f 7506 7616 7615
f 7507 7616 7506
f 7507 7617 7616
f 7508 7617 7507
f 7508 7618 7617
f 7509 7618 7508
f 7509 7619 7618
f 7510 7619 7509
f 7510 7620 7619
f 7511 7620 7510
f 7511 7621 7620
f 7512 7621 7511
f 7512 7622 7621
f 7513 7622 7512
f 7513 7623 7622
f 7514 7623 7513
f 7514 7624 7623
f 7515 7624 7514
f 7515 7625 7624
f 7516 7625 7515
f 7516 7626 7625
f 7517 7626 7516
f 7517 7627 7626
f 7518 7627 7517
f 7518 7628 7627
f 7519 7628 7518
f 7519 7629 7628
f 7520 7629 7519
f 7520 7630 7629
f 7521 7630 7520
f 7521 7631 7630
f 7522 7631 7521
f 7522 7632 7631
f 7523 7632 7522
f 7523 7633 7632
f 7524 7633 7523
f 7524 7634 7633
f 7525 7634 7524
f 7525 7635 7634
f 7529 7636 7528
f 7529 7637 7636
f 7530 7637 7529
f 7530 7638 7637
f 7533 7641 7640
f 7534 7641 7533
f 7534 7642 7641
f 7535 7642 7534
f 7535 7643 7642
f 7536 7643 7535
f 7536 7644 7643
f 7537 7644 7536
f 7537 7645 7644
f 7538 7645 7537
f 7538 7646 7645
f 7539 7646 7538
f 7539 7647 7646
f 7540 7647 7539
f 7540 7648 7647
f 7541 7648 7540
f 7541 7649 7648
f 7542 7649 7541
f 7542 7650 7649
f 7543 7650 7542
f 7543 7651 7650
f 7544 7651 7543
f 7544 7652 7651
f 7545 7652 7544
f 7545 7653 7652
f 7546 7653 7545
f 7546 7654 7653
f 7547 7654 7546
f 7547 7655 7654
f 7548 7655 7547
f 7548 7656 7655
f 7549 7656 7548
f 7549 7657 7656
f 7550 7657 7549
f 7550 7658 7657
f 7551 7658 7550
f 7551 7659 7658
f 7552 7659 7551
f 7552 7660 7659
f 7553 7660 7552
f 7553 7661 7660
f 7554 7661 7553
f 7554 7662 7661
f 7555 7662 7554
f 7555 7663 7662
f 7556 7663 7555
f 7556 7664 7663
f 7557 7664 7556
f 7557 7665 7664
f 7558 7665 7557
f 7558 7666 7665
f 7559 7666 7558
f 7559 7667 7666
f 7560 7667 7559
f 7560 7668 7667
f 7561 7668 7560
f 7561 7669 7668
f 7562 7669 7561
f 7562 7670 7669
f 7563 7670 7562
f 7563 7671 7670
f 7564 7671 7563
f 7564 7672 7671
f 7565 7672 7564
f 7565 7673 7672
f 7566 7673 7565
f 7566 7674 7673
f 7567 7674 7566
f 7567 7675 7674
f 7568 7675 7567
f 7568 7676 7675
f 7569 7676 7568
f 7569 7677 7676
f 7570 7677 7569
f 7570 7678 7677
f 7571 7678 7570
f 7571 7679 7678
f 7572 7679 7571
f 7572 7680 7679
f 7573 7680 7572
f 7573 7681 7680
f 7574 7681 7573
f 7574 7682 7681
f 7575 7682 7574
f 7575 7683 7682
f 7576 7683 7575
f 7576 7684 7683
f 7577 7684 7576
f 7577 7685 7684
f 7578 7685 7577
f 7578 7686 7685
f 7579 7686 7578
f 7579 7687 7686
f 7580 7687 7579
f 7580 7688 7687
f 7581 7688 7580
f 7581 7689 7688
f 7582 7689 7581
f 7582 7690 7689
f 7583 7690 7582
f 7583 7691 7690
f 7584 7691 7583
f 7584 7692 7691
f 7585 7692 7584
f 7585 7693 7692
f 7586 7693 7585
f 7586 7694 7693
f 7587 7694 7586
f 7587 7695 7694
f 7588 7695 7587
f 7588 7696 7695
f 7589 7696 7588
f 7589 7697 7696
f 7590 7697 7589
f 7590 7698 7697
f 7591 7698 7590
f 7591 7699 7698
f 7592 7699 7591
f 7592 7700 7699
f 7593 7700 7592
f 7593 7701 7700
f 7594 7701 7593
f 7594 7702 7701
f 7595 7702 7594
f 7595 7703 7702
f 7596 7703 7595
f 7596 7704 7703
f 7597 7704 7596
f 7597 7705 7704
f 7598 7705 7597
f 7598 7706 7705
f 7599 7706 7598
f 7599 7707 7706
f 7600 7707 7599
f 7600 7708 7707
f 7601 7708 7600
f 7601 7709 7708
f 7602 7709 7601
f 7602 7710 7709
f 7603 7710 7602
f 7603 7711 7710
f 7604 7711 7603
f 7604 7712 7711
f 7605 7712 7604
f 7605 7713 7712
f 7606 7713 7605
f 7606 7714 7713
f 7607 7714 7606
f 7607 7715 7714
f 7608 7715 7607
f 7608 7716 7715
f 7609 7716 7608
f 7612 7717 7611
f 7612 7718 7717
f 7613 7718 7612
f 7613 7719 7718
f 7614 7719 7613
f 7614 7720 7719
f 7615 7720 7614
f 7615 7721 7720
f 7616 7721 7615
f 7616 7722 7721
f 7617 7722 7616
f 7617 7723 7722
f 7618 7723 7617
f 7618 7724 7723
f 7619 7724 7618
f 7619 7725 7724
f 7620 7725 7619
f 7620 7726 7725
f 7621 7726 7620
f 7621 7727 7726
f 7622 7727 7621
f 7622 7728 7727
f 7623 7728 7622
f 7623 7729 7728
f 7624 7729 7623
f 7624 7730 7729
f 7625 7730 7624
f 7625 7731 7730
f 7626 7731 7625
f 7626 7732 7731
f 7627 7732 7626
f 7627 7733 7732
f 7628 7733 7627
f 7628 7734 7733
f 7629 7734 7628
f 7629 7735 7734
f 7630 7735 7629
f 7630 7736 7735
f 7631 7736 7630
f 7631 7737 7736
f 7632 7737 7631
f 7632 7738 7737
f 7633 7738 7632
f 7638 7739 7637
f 7638 7740 7739
f 7639 7740 7638
f 7639 7741 7740
f 7642 7742 7641
f 7645 7744 7743
f 7646 7744 7645
f 7646 7745 7744
f 7647 7745 7646
f 7647 7746 7745
f 7648 7746 7647
f 7648 7747 7746
f 7649 7747 7648
f 7649 7748 7747
f 7650 7748 7649
f 7650 7749 7748
f 7651 7749 7650
f 7651 7750 7749
f 7652 7750 7651
f 7652 7751 7750
f 7653 7751 7652
f 7653 7752 7751
f 7654 7752 7653
f 7654 7753 7752
f 7655 7753 7654
f 7655 7754 7753
f 7656 7754 7655
f 7656 7755 7754
f 7657 7755 7656
f 7657 7756 7755
f 7658 7756 7657
f 7658 7757 7756
f 7659 7757 7658
f 7659 7758 7757
f 7660 7758 7659
f 7660 7759 7758
f 7661 7759 7660
f 7661 7760 7759
f 7662 7760 7661
f 7662 7761 7760
f 7663 7761 7662
f 7663 7762 7761
f 7664 7762 7663
f 7664 7763 7762
f 7665 7763 7664
f 7665 7764 7763
f 7666 7764 7665
f 7666 7765 7764
f 7667 7765 7666
f 7667 7766 7765
f 7668 7766 7667
f 7668 7767 7766
f 7669 7767 7668
f 7669 7768 7767
f 7670 7768 7669
f 7670 7769 7768
f 7671 7769 7670
f 7671 7770 7769
f 7672 7770 7671
f 7672 7771 7770
f 7673 7771 7672
f 7673 7772 7771
f 7674 7772 7673
f 7674 7773 7772
f 7675 7773 7674
f 7675 7774 7773
f 7676 7774 7675
f 7676 7775 7774
f 7677 7775 7676
f 7677 7776 7775
f 7678 7776 7677
f 7678 7777 7776
f 7679 7777 7678
f 7679 7778 7777
f 7680 7778 7679
f 7680 7779 7778
f 7681 7779 7680
f 7681 7780 7779
f 7682 7780 7681
f 7682 7781 7780
f 7683 7781 7682
f 7683 7782 7781
f 7684 7782 7683
f 7684 7783 7782
f 7685 7783 7684
f 7685 7784 7783
f 7686 7784 7685
f 7686 7785 7784
f 7687 7785 7686
f 7687 7786 7785
f 7688 7786 7687
f 7688 7787 7786
f 7689 7787 7688
f 7689 7788 7787
f 7690 7788 7689
f 7690 7789 7788
f 7691 7789 7690
f 7691 7790 7789
f 7692 7790 7691
f 7692 7791 7790
f 7693 7791 7692
f 7693 7792 7791
f 7694 7792 7693
f 7694 7793 7792
f 7695 7793 7694
f 7695 7794 7793
f 7696 7794 7695
f 7696 7795 7794
f 7697 7795 7696
f 7697 7796 7795
f 7698 7796 7697
f 7698 7797 7796
f 7699 7797 7698
f 7699 7798 7797
f 7700 7798 7699
f 7700 7799 7798
f 7701 7799 7700
f 7701 7800 7799
f 7702 7800 7701
f 7702 7801 7800
f 7703 7801 7702
f 7703 7802 7801
f 7704 7802 7703
f 7704 7803 7802
f 7705 7803 7704
f 7705 7804 7803
f 7706 7804 7705
f 7706 7805 7804
f 7707 7805 7706
f 7707 7806 7805
f 7708 7806 7707
f 7708 7807 7806
f 7709 7807 7708
f 7709 7808 7807
f 7710 7808 7709
f 7710 7809 7808
f 7711 7809 7710
f 7711 7810 7809
f 7712 7810 7711
f 7712 7811 7810
f 7713 7811 7712
f 7713 7812 7811
f 7714 7812 7713
f 7714 7813 7812
f 7715 7813 7714
f 7715 7814 7813
f 7716 7814 7715
f 7720 7816 7815
f 7721 7816 7720
f 7721 7817 7816
f 7722 7817 7721
f 7722 7818 7817
f 7723 7818 7722
f 7723 7819 7818
f 7724 7819 7723
f 7724 7820 7819
f 7725 7820 7724
f 7725 7821 7820
f 7726 7821 7725
f 7726 7822 7821
f 7727 7822 7726
f 7727 7823 7822
f 7728 7823 7727
f 7728 7824 7823
f 7729 7824 7728
f 7729 7825 7824
f 7730 7825 7729
f 7730 7826 7825
f 7731 7826 7730
f 7731 7827 7826
f 7732 7827 7731
f 7732 7828 7827
f 7733 7828 7732
f 7733 7829 7828
f 7734 7829 7733
f 7734 7830 7829
f 7735 7830 7734
f 7735 7831 7830
f 7736 7831 7735
f 7736 7832 7831
f 7737 7832 7736
f 7747 7834 7833
f 7748 7834 7747
f 7748 7835 7834
f 7749 7835 7748
f 7749 7836 7835
f 7750 7836 7749
f 7750 7837 7836
f 7751 7837 7750
f 7751 7838 7837
f 7752 7838 7751
f 7752 7839 7838
f 7753 7839 7752
f 7753 7840 7839
f 7754 7840 7753
f 7754 7841 7840
f 7755 7841 7754
f 7755 7842 7841
f 7756 7842 7755
f 7756 7843 7842
f 7757 7843 7756
f 7757 7844 7843
f 7758 7844 7757
f 7758 7845 7844
f 7759 7845 7758
f 7759 7846 7845
f 7760 7846 7759
f 7760 7847 7846
f 7761 7847 7760
f 7761 7848 7847
f 7762 7848 7761
f 7768 7850 7849
f 7769 7850 7768
f 7769 7851 7850
f 7770 7851 7769
f 7770 7852 7851
f 7771 7852 7770
f 7771 7853 7852
f 7772 7853 7771
f 7772 7854 7853
f 7773 7854 7772
f 7773 7855 7854
f 7774 7855 7773
f 7774 7856 7855
f 7775 7856 7774
f 7775 7857 7856
f 7776 7857 7775
f 7776 7858 7857
f 7777 7858 7776
f 7777 7859 7858
f 7778 7859 7777
f 7778 7860 7859
f 7779 7860 7778
f 7779 7861 7860
f 7780 7861 7779
f 7780 7862 7861
f 7781 7862 7780
f 7781 7863 7862
f 7782 7863 7781
f 7782 7864 7863
f 7783 7864 7782
f 7783 7865 7864
f 7784 7865 7783
f 7784 7866 7865
f 7785 7866 7784
f 7785 7867 7866
f 7786 7867 7785
f 7786 7868 7867
f 7787 7868 7786
f 7787 7869 7868
f 7788 7869 7787
f 7788 7870 7869
f 7789 7870 7788
f 7789 7871 7870
f 7790 7871 7789
f 7790 7872 7871
f 7791 7872 7790
f 7791 7873 7872
f 7792 7873 7791
f 7792 7874 7873
f 7793 7874 7792
f 7793 7875 7874
f 7794 7875 7793
f 7794 7876 7875
f 7795 7876 7794
f 7795 7877 7876
f 7796 7877 7795
f 7796 7878 7877
f 7797 7878 7796
f 7797 7879 7878
f 7798 7879 7797
f 7798 7880 7879
f 7799 7880 7798
f 7799 7881 7880
f 7800 7881 7799
f 7800 7882 7881
f 7801 7882 7800
f 7801 7883 7882
f 7802 7883 7801
f 7802 7884 7883
f 7803 7884 7802
f 7803 7885 7884
f 7804 7885 7803
f 7804 7886 7885
f 7805 7886 7804
f 7805 7887 7886
f 7806 7887 7805
f 7806 7888 7887
f 7807 7888 7806
f 7807 7889 7888
f 7808 7889 7807
f 7808 7890 7889
f 7809 7890 7808
f 7809 7891 7890
f 7810 7891 7809
f 7810 7892 7891
f 7811 7892 7810
f 7811 7893 7892
f 7812 7893 7811
f 7812 7894 7893
f 7813 7894 7812
f 7813 7895 7894
f 7814 7895 7813
f 7818 7896 7817
f 7818 7897 7896
f 7819 7897 7818
f 7819 7898 7897
f 7820 7898 7819
f 7820 7899 7898
f 7821 7899 7820
f 7821 7900 7899
f 7822 7900 7821
f 7822 7901 7900
f 7823 7901 7822
f 7823 7902 7901
f 7824 7902 7823
f 7824 7903 7902
f 7825 7903 7824
f 7825 7904 7903
f 7826 7904 7825
f 7826 7905 7904
f 7827 7905 7826
f 7827 7906 7905
f 7828 7906 7827
f 7828 7907 7906
f 7829 7907 7828
f 7829 7908 7907
f 7830 7908 7829
f 7830 7909 7908
f 7831 7909 7830
f 7837 7911 7910
f 7838 7911 7837
f 7838 7912 7911
f 7839 7912 7838
f 7839 7913 7912
f 7840 7913 7839
f 7841 7914 7840
f 7857 7915 7856
f 7857 7916 7915
f 7858 7916 7857
f 7858 7917 7916
f 7859 7917 7858
f 7859 7918 7917
f 7860 7918 7859
f 7860 7919 7918
f 7861 7919 7860
f 7861 7920 7919
f 7862 7920 7861
f 7862 7921 7920
f 7863 7921 7862
f 7863 7922 7921
f 7864 7922 7863
f 7864 7923 7922
f 7865 7923 7864
f 7865 7924 7923
f 7866 7924 7865
f 7866 7925 7924
f 7867 7925 7866
f 7867 7926 7925
f 7868 7926 7867
f 7868 7927 7926
f 7869 7927 7868
f 7869 7928 7927
f 7870 7928 7869
f 7870 7929 7928
f 7871 7929 7870
f 7871 7930 7929
f 7872 7930 7871
f 7872 7931 7930
f 7873 7931 7872
f 7873 7932 7931
f 7874 7932 7873
f 7874 7933 7932
f 7875 7933 7874
f 7875 7934 7933
f 7876 7934 7875
f 7876 7935 7934
f 7877 7935 7876
f 7877 7936 7935
f 7878 7936 7877
f 7878 7937 7936
f 7879 7937 7878
f 7879 7938 7937
f 7880 7938 7879
f 7880 7939 7938
f 7881 7939 7880
f 7881 7940 7939
f 7882 7940 7881
f 7882 7941 7940
f 7883 7941 7882
f 7883 7942 7941
f 7884 7942 7883
f 7884 7943 7942
f 7885 7943 7884
f 7885 7944 7943
f 7886 7944 7885
f 7886 7945 7944
f 7887 7945 7886
f 7887 7946 7945
f 7888 7946 7887
f 7888 7947 7946
f 7889 7947 7888
f 7889 7948 7947
f 7890 7948 7889
f 7890 7949 7948
f 7891 7949 7890
f 7891 7950 7949
f 7892 7950 7891
f 7892 7951 7950
f 7893 7951 7892
f 7893 7952 7951
f 7894 7952 7893
f 7894 7953 7952
f 7895 7953 7894
f 7899 7956 7955
f 7900 7956 7899
f 7900 7957 7956
f 7901 7957 7900
f 7901 7958 7957
f 7902 7958 7901
f 7902 7959 7958
f 7903 7959 7902
f 7903 7960 7959
f 7904 7960 7903
f 7904 7961 7960
f 7905 7961 7904
f 7905 7962 7961
f 7906 7962 7905
f 7906 7963 7962
f 7907 7963 7906
f 7919 7964 7918
f 7919 7965 7964
f 7920 7965 7919
f 7920 7966 7965
f 7921 7966 7920
f 7921 7967 7966
f 7922 7967 7921
f 7922 7968 7967
f 7923 7968 7922
f 7923 7969 7968
f 7924 7969 7923
f 7924 7970 7969
f 7925 7970 7924
f 7925 7971 7970
f 7926 7971 7925
f 7926 7972 7971
f 7927 7972 7926
f 7927 7973 7972
f 7928 7973 7927
f 7928 7974 7973
f 7929 7974 7928
f 7929 7975 7974
f 7930 7975 7929
f 7930 7976 7975
f 7931 7976 7930
f 7931 7977 7976
f 7932 7977 7931
f 7932 7978 7977
f 7933 7978 7932
f 7933 7979 7978
f 7934 7979 7933
f 7934 7980 7979
f 7935 7980 7934
f 7935 7981 7980
f 7936 7981 7935
f 7936 7982 7981
f 7937 7982 7936
f 7937 7983 7982
f 7938 7983 7937
f 7938 7984 7983
f 7939 7984 7938
f 7939 7985 7984
f 7940 7985 7939
f 7940 7986 7985
f 7941 7986 7940
f 7941 7987 7986
f 7942 7987 7941
f 7942 7988 7987
f 7943 7988 7942
f 7943 7989 7988
f 7944 7989 7943
f 7944 7990 7989
f 7945 7990 7944
f 7945 7991 7990
f 7946 7991 7945
f 7946 7992 7991
f 7947 7992 7946
f 7947 7993 7992
f 7948 7993 7947
f 7948 7994 7993
f 7949 7994 7948
f 7949 7995 7994
f 7950 7995 7949
f 7950 7996 7995
f 7951 7996 7950
f 7951 7997 7996
f 7952 7997 7951
f 7952 7998 7997
f 7953 7998 7952
f 7953 7999 7998
f 7954 7999 7953
f 7959 8000 7958
f 7959 8001 8000
f 7960 8001 7959
f 7960 8002 8001
f 7961 8002 7960
f 7961 8003 8002
f 7962 8004 8003
f 7969 8005 7968
f 7969 8006 8005
f 7970 8006 7969
f 7970 8007 8006
f 7971 8007 7970
f 7971 8008 8007
f 7972 8008 7971
f 7972 8009 8008
f 7973 8009 7972
f 7973 8010 8009
f 7974 8010 7973
f 7974 8011 8010
f 7975 8011 7974
f 7975 8012 8011
f 7976 8012 7975
f 7976 8013 8012
f 7977 8013 7976
f 7977 8014 8013
f 7978 8014 7977
f 7978 8015 8014
f 7979 8015 7978
f 7979 8016 8015
f 7980 8016 7979
f 7980 8017 8016
f 7981 8017 7980
f 7981 8018 8017
f 7982 8018 7981
f 7982 8019 8018
f 7983 8019 7982
f 7983 8020 8019
f 7984 8020 7983
f 7984 8021 8020
f 7985 8021 7984
f 7985 8022 8021
f 7986 8022 7985
f 7986 8023 8022
f 7987 8023 7986
f 7987 8024 8023
f 7988 8024 7987
f 7988 8025 8024
f 7989 8025 7988
f 7989 8026 8025
f 7990 8026 7989
f 7990 8027 8026
f 7991 8027 7990
f 7991 8028 8027
f 7992 8028 7991
f 7992 8029 8028
f 7993 8029 7992
f 7993 8030 8029
f 7994 8030 7993
f 7994 8031 8030
f 7995 8031 7994
f 7995 8032 8031
f 7996 8032 7995
f 7996 8033 8032
f 7997 8033 7996
f 7997 8034 8033
f 7998 8034 7997
f 8016 8035 8015
f 8016 8036 8035
f 8017 8036 8016
f 8017 8037 8036
f 8018 8037 8017
f 8018 8038 8037
f 8019 8038 8018
f 8019 8039 8038
f 8020 8039 8019
f 8020 8040 8039
f 8021 8040 8020
f 8021 8041 8040
f 8022 8041 8021
f 8022 8042 8041
f 8023 8042 8022
f 8023 8043 8042
f 8024 8043 8023
f 8024 8044 8043
f 8025 8044 8024
f 8025 8045 8044
f 8026 8045 8025
f 8026 8046 8045
f 8027 8046 8026
f 8027 8047 8046
f 8028 8047 8027
f 8028 8048 8047
f 8029 8048 8028
f 8029 8049 8048
f 8030 8049 8029
f 8030 8050 8049
f 8031 8050 8030
f 8041 8051 8040
f 8041 8052 8051
f 8042 8052 8041
f 8042 8053 8052
f 8043 8053 8042
f 8043 8054 8053
f 8044 8054 8043
f 8044 8055 8054
f 8045 8055 8044
f 8045 8056 8055
f 8046 8056 8045
f 8046 8057 8056
f 8047 8057 8046
f 8047 8058 8057
f 8048 8058 8047