# https://github.com/mikedh/trimesh
v 0.36888030 -0.52062494 -0.90187627
v 0.38042703 -0.51385617 -0.89884871
v 0.38938832 -0.50530779 -0.89761877
v 0.39943072 -0.49752533 -0.89562964
v 0.40949404 -0.48977277 -0.89362085
v 0.41922715 -0.48180261 -0.89183813
v 0.42570955 -0.47154492 -0.89233238
v 0.42876163 -0.45884597 -0.89523846
v 0.42979425 -0.44468442 -0.89957297
v 0.35205850 -0.52360749 -0.89473391
v 0.36761600 -0.51958716 -0.88894320
v 0.37879521 -0.51256955 -0.88617963
v 0.38789320 -0.50412190 -0.88485694
v 0.39739436 -0.49596643 -0.88324994
v 0.40723661 -0.48806292 -0.88140106
v 0.41706482 -0.48016366 -0.87955707
v 0.42454034 -0.47061300 -0.87935358
v 0.42953020 -0.45929763 -0.88089019
v 0.43078938 -0.44530949 -0.88504648
v 0.43006599 -0.42986998 -0.89060563
v 0.42828768 -0.41362953 -0.89692068
v 0.42997867 -0.39984316 -0.90081024
v 0.42691153 -0.38258150 -0.90806353
v 0.31920186 -0.51560891 -0.89861113
v 0.35020038 -0.52215385 -0.88220423
v 0.36635280 -0.51855022 -0.87602109
v 0.37694979 -0.51113468 -0.87366831
v 0.38617954 -0.50278372 -0.87225741
v 0.39536864 -0.49441507 -0.87087107
v 0.40496460 -0.48634294 -0.86919838
v 0.41490358 -0.47852552 -0.86728257
v 0.42337218 -0.46968186 -0.86638647
v 0.42976582 -0.45937064 -0.86693585
v 0.43178290 -0.44593346 -0.87054443
v 0.43212822 -0.43127158 -0.87533182
v 0.42865169 -0.41382608 -0.88280880
v 0.42907068 -0.39913294 -0.88757300
v 0.42635757 -0.38213506 -0.89454937
v 0.42359886 -0.36504999 -0.90157592
v 0.31583065 -0.51311076 -0.88707370
v 0.34800950 -0.52047098 -0.86991256
v 0.36454451 -0.51713622 -0.86348647
v 0.37493101 -0.50957942 -0.86128569
v 0.38427627 -0.50131345 -0.85979849
v 0.39334404 -0.49286458 -0.85849941
v 0.40269372 -0.48462379 -0.85700178
v 0.41261113 -0.47679493 -0.85510653
v 0.42110544 -0.46797317 -0.85419452
v 0.42796654 -0.45799780 -0.85441566
v 0.43215722 -0.44611600 -0.85649657
v 0.43395311 -0.43250340 -0.86025208
v 0.42926162 -0.41419938 -0.86854547
v 0.42788973 -0.39822590 -0.87454039
v 0.42580339 -0.38168851 -0.88105100
v 0.42451620 -0.36568144 -0.88701856
v 0.28983283 -0.50991696 -0.88606113
v 0.31285882 -0.51088691 -0.87526423
v 0.34330729 -0.51705670 -0.85935009
v 0.36125410 -0.51469666 -0.85197854
v 0.37146553 -0.50701928 -0.84990549
v 0.38082382 -0.49876294 -0.84841454
v 0.38907421 -0.48974255 -0.84768325
v 0.39802337 -0.48121876 -0.84646785
v 0.40779704 -0.47328585 -0.84467965
v 0.41656560 -0.46465522 -0.84358221
v 0.42391312 -0.45502317 -0.84346640
v 0.42883584 -0.44366241 -0.84503239
v 0.43056038 -0.42999962 -0.84882385
v 0.42665920 -0.41226414 -0.85653758
v 0.42409673 -0.39543456 -0.86333925
v 0.42524943 -0.38124219 -0.86756814
v 0.42418724 -0.36540708 -0.87335449
v 0.41609517 -0.34439820 -0.88407052
v 0.28828639 -0.50866604 -0.87324572
v 0.30709824 -0.50674760 -0.86536109
v 0.33744258 -0.51284105 -0.84957683
v 0.35786268 -0.51218712 -0.84054148
v 0.36785400 -0.50435770 -0.83862644
v 0.37737164 -0.49621266 -0.83703142
v 0.38527685 -0.48695117 -0.83653963
v 0.39376432 -0.47810268 -0.83564621
v 0.40293661 -0.46974412 -0.83427900
v 0.41202435 -0.46133623 -0.83296651
v 0.41976064 -0.45197812 -0.83258355
v 0.42551491 -0.44120914 -0.83356965
v 0.42674807 -0.42719537 -0.83768719
v 0.42345056 -0.40989321 -0.84495515
v 0.41903946 -0.39173114 -0.85301489
v 0.42092276 -0.37806404 -0.85672218
v 0.42046538 -0.36266670 -0.86206758
v 0.41456461 -0.34307754 -0.87127024
v 0.39219186 -0.31171221 -0.89188355
v 0.27845117 -0.50174350 -0.86606956
v 0.30049008 -0.50202602 -0.85602415
v 0.32170394 -0.50181705 -0.84651500
v 0.35341582 -0.50894719 -0.82982516
v 0.36424255 -0.50169611 -0.82734752
v 0.37388313 -0.49363703 -0.82567418
v 0.38164839 -0.48427811 -0.82527977
v 0.38952011 -0.47499701 -0.82481140
v 0.39771181 -0.46594527 -0.82412231
v 0.40572453 -0.45677215 -0.82355440
v 0.41417196 -0.44791240 -0.82268602
v 0.42029572 -0.43740180 -0.82341582
v 0.42140248 -0.42329320 -0.82760715
v 0.41828480 -0.40611568 -0.83472645
v 0.41312996 -0.38741291 -0.84327269
v 0.41479349 -0.37358057 -0.84712094
v 0.41444936 -0.35825887 -0.85237086
v 0.40892825 -0.33911908 -0.86122769
v 0.39406738 -0.31307036 -0.87659919
v 0.29365370 -0.49714747 -0.84682775
v 0.31284428 -0.49553555 -0.83872777
v 0.34398419 -0.50225699 -0.82249087
v 0.35849437 -0.49755007 -0.81752205
v 0.36807889 -0.48944640 -0.81589478
v 0.37678087 -0.48073757 -0.81486493
v 0.38391450 -0.47093466 -0.81490320
v 0.39126855 -0.46128693 -0.81479090
v 0.39789948 -0.45112810 -0.81517333
v 0.40707389 -0.44277388 -0.81381345
v 0.41270301 -0.43190122 -0.81488311
v 0.41253576 -0.41686973 -0.81993830
v 0.40778548 -0.39850467 -0.82815987
v 0.40595287 -0.38178751 -0.83503938
v 0.40838644 -0.36889592 -0.83769906
v 0.40844452 -0.35385913 -0.84265471
v 0.40320206 -0.33491623 -0.85128909
v 0.28418553 -0.49046081 -0.83939248
v 0.30166888 -0.48765698 -0.83248061
v 0.33110070 -0.49317715 -0.81746453
v 0.35213527 -0.49297938 -0.80810040
v 0.36172929 -0.48487532 -0.80647486
v 0.37132451 -0.47678480 -0.80484420
v 0.37837642 -0.46691969 -0.80493951
v 0.38495028 -0.45671666 -0.80536056
v 0.39081690 -0.44600955 -0.80626523
v 0.39928710 -0.43714577 -0.80539423
v 0.40388039 -0.42552310 -0.80717188
v 0.40340811 -0.41025925 -0.81242234
v 0.39871615 -0.39192134 -0.82057917
v 0.39764118 -0.37612873 -0.82627434
v 0.39924568 -0.36223161 -0.83014262
v 0.39833087 -0.34647283 -0.83575487
v 0.39085802 -0.32588527 -0.84590089
v 0.36970165 -0.29519725 -0.86551529
v 0.27236202 -0.48215577 -0.83351344
v 0.29207444 -0.48086813 -0.82513219
v 0.31113648 -0.47919542 -0.81716812
v 0.34142572 -0.48538572 -0.80160302
v 0.35537362 -0.48029989 -0.79704583
v 0.36462444 -0.47196117 -0.79565662
v 0.37228647 -0.46251678 -0.79534066
v 0.37767690 -0.45147252 -0.79656553
v 0.38318735 -0.44050363 -0.79771209
v 0.38754532 -0.42870665 -0.79964572
v 0.39172807 -0.41676947 -0.80170369
v 0.39294156 -0.40268993 -0.80579275
v 0.38962916 -0.38532516 -0.81298375
v 0.38822386 -0.36927959 -0.81888902
v 0.38839659 -0.35433015 -0.82372898
v 0.38553631 -0.33713785 -0.83066136
v 0.37582421 -0.31489182 -0.84231639
v 0.35746330 -0.28621998 -0.85994804
v 0.27666166 -0.47006646 -0.82165933
v 0.29522279 -0.46801668 -0.81407070
v 0.32032719 -0.47057280 -0.80206048
v 0.34359050 -0.47193873 -0.79125977
v 0.35527810 -0.46528471 -0.78823894
v 0.36300588 -0.45587152 -0.78788459
v 0.36783141 -0.44441381 -0.78949201
v 0.37193841 -0.43243474 -0.79159009
v 0.37525091 -0.41987452 -0.79423201
v 0.37927791 -0.40780312 -0.79639596
v 0.38125908 -0.39424971 -0.79995602
v 0.37968466 -0.37811255 -0.80594522
v 0.37631157 -0.36063036 -0.81317562
v 0.37555563 -0.34498611 -0.81863904
v 0.37107414 -0.32659063 -0.82666206
v 0.36058071 -0.30374530 -0.83881897
v 0.31878853 -0.45449632 -0.79417205
v 0.33758947 -0.45276713 -0.78639996
v 0.34706351 -0.44454417 -0.78488392
v 0.35484469 -0.43513894 -0.78450465
v 0.35795110 -0.42242661 -0.78727823
v 0.36141559 -0.40994677 -0.78981698
v 0.36609218 -0.39831170 -0.79154247
v 0.36780453 -0.38454029 -0.79527998
v 0.36672109 -0.36872971 -0.80092299
v 0.36395314 -0.35165906 -0.80772442
v 0.36072609 -0.33420190 -0.81485569
v 0.35556477 -0.31528211 -0.82332218
v 0.34438246 -0.29190210 -0.83591503
v 0.30254084 -0.42809391 -0.79611671
v 0.32294425 -0.42746949 -0.78730541
v 0.34000030 -0.42455322 -0.78071880
v 0.34371346 -0.41224077 -0.78308409
v 0.34754014 -0.39999029 -0.78537899
v 0.34926689 -0.38622344 -0.78909504
v 0.35041249 -0.37201095 -0.79321265
v 0.35156065 -0.35776755 -0.79733932
v 0.35062590 -0.34198862 -0.80288589
v 0.34713089 -0.32431138 -0.81018114
v 0.34037182 -0.30420342 -0.81970930
v 0.29549927 -0.40805650 -0.79184890
v 0.31915560 -0.40973392 -0.78089178
v 0.32871139 -0.40151322 -0.77935016
v 0.33056000 -0.38782662 -0.78297287
v 0.33180588 -0.37368122 -0.78700978
v 0.33354220 -0.35985488 -0.79072726
v 0.33688477 -0.34715348 -0.79337305
v 0.33756229 -0.33250821 -0.79782218
v 0.33403635 -0.31478328 -0.80511981
v 0.32505733 -0.29303622 -0.81612170
v 0.24035928 -0.38428578 -0.80983007
v 0.27114880 -0.39081746 -0.79421681
v 0.29006386 -0.38909572 -0.78647703
v 0.30562177 -0.38505810 -0.78095758
v 0.31418678 -0.37609392 -0.78009617
v 0.31751654 -0.36340144 -0.78273517
v 0.32085088 -0.35069117 -0.78537762
v 0.32386425 -0.33772901 -0.78824240
v 0.32445508 -0.32299614 -0.79274148
v 0.31886554 -0.30375138 -0.80140841
v 0.31011403 -0.28213874 -0.81222683
v 0.22023961 -0.37006220 -0.80922079
v 0.25362408 -0.37879455 -0.79199123
v 0.27186543 -0.37614185 -0.78470528
v 0.28811297 -0.37255442 -0.77875996
v 0.30138972 -0.36690286 -0.77477688
v 0.30478826 -0.35423514 -0.77736801
v 0.30811906 -0.34149820 -0.78001106
v 0.31048933 -0.32804960 -0.78330278
v 0.31130415 -0.31345233 -0.78764397
v 0.30397737 -0.29292402 -0.79745120
v 0.30017015 -0.27487513 -0.80492270
v 0.23146935 -0.36267781 -0.79269058
v 0.25437173 -0.36368462 -0.78239679
v 0.27136585 -0.36058965 -0.77599031
v 0.28434423 -0.35469145 -0.77223092
v 0.29201940 -0.34503961 -0.77198374
v 0.29506329 -0.33207300 -0.77481562
v 0.29706860 -0.31833702 -0.77834636
v 0.29785138 -0.30369058 -0.78270125
v 0.29403543 -0.28567857 -0.79013717
v 0.29020447 -0.26759559 -0.79760236
v 0.28635836 -0.24944128 -0.80509710
v 0.21015383 -0.34756958 -0.79278141
v 0.23639756 -0.35088786 -0.78033805
v 0.25404707 -0.34821951 -0.77353460
v 0.26721841 -0.34242257 -0.76967299
v 0.27913880 -0.33576411 -0.76662922
v 0.28149647 -0.32228157 -0.76991308
v 0.28291902 -0.30810031 -0.77382576
v 0.28434452 -0.29388958 -0.77774656
v 0.28248018 -0.27726460 -0.78386557
v 0.27967551 -0.25990656 -0.79062659
v 0.27634683 -0.24211136 -0.79775447
v 0.19757350 -0.33860090 -0.78705806
v 0.22018710 -0.33933496 -0.77705175
v 0.23542552 -0.33492628 -0.77186930
v 0.25103989 -0.33082664 -0.76642609
v 0.26281786 -0.32403353 -0.76349795
v 0.26754317 -0.31221303 -0.76521748
v 0.26815337 -0.29742047 -0.76966131
v 0.26956630 -0.28317109 -0.77358550
v 0.26945081 -0.26778296 -0.77853239
v 0.26661825 -0.25037956 -0.78529489
v 0.26449051 -0.23343545 -0.79160666
v 0.18477981 -0.32948184 -0.78143120
v 0.20269085 -0.32687429 -0.77454621
v 0.21952616 -0.32356042 -0.76834840
v 0.23456728 -0.31902120 -0.76331145
v 0.24637848 -0.31221807 -0.76038301
v 0.25475675 -0.30298001 -0.75970471
v 0.25554740 -0.28829291 -0.76402086
v 0.25564316 -0.27306935 -0.76880646
v 0.25613368 -0.25809273 -0.77334362
v 0.25504380 -0.24193035 -0.77893734
v 0.25485277 -0.22637816 -0.78395051
v 0.25466129 -0.21078466 -0.78897703
v 0.16772243 -0.31736514 -0.77853650
v 0.18824720 -0.31656703 -0.76998419
v 0.20535068 -0.31341508 -0.76364315
v 0.21750186 -0.30679393 -0.76052237
v 0.22969744 -0.30022979 -0.75736439
v 0.23809764 -0.29097301 -0.75668508
v 0.24340540 -0.27949870 -0.75803274
v 0.24388830 -0.26453197 -0.76255333
v 0.24628609 -0.25091514 -0.76582605
v 0.24797954 -0.23675959 -0.76957107
v 0.24713904 -0.22072458 -0.77499676
v 0.24629612 -0.20464337 -0.78043807
v 0.24545078 -0.18851571 -0.78589511
v 0.14686698 -0.30257773 -0.77804101
v 0.17305441 -0.30573076 -0.76585710
v 0.19081904 -0.30301711 -0.75911909
v 0.20452979 -0.29747626 -0.75500339
v 0.21588516 -0.29028821 -0.75241268
v 0.22406045 -0.28084362 -0.75189114
v 0.23224449 -0.27140957 -0.75136244
v 0.23565204 -0.25853330 -0.75395840
v 0.23800212 -0.24486989 -0.75725400
v 0.24039878 -0.23121335 -0.76052755
v 0.24146475 -0.21655902 -0.76468378
v 0.24061339 -0.20046644 -0.77011204
v 0.23918197 -0.18390283 -0.77593642
v 0.23729350 -0.16695404 -0.78207731
v -0.30203184 -0.46292579 -0.90480030
v -0.29677820 -0.45093009 -0.90632433
v 0.12588845 -0.28770310 -0.77754253
v 0.15728422 -0.29448655 -0.76204824
v 0.17596054 -0.29238722 -0.75475466
v 0.19121191 -0.28791243 -0.74966407
v 0.20370761 -0.28151283 -0.74635029
v 0.21262841 -0.27257985 -0.74535280
v 0.22083436 -0.26314110 -0.74481827
v 0.22800867 -0.25296235 -0.74495506
v 0.23015729 -0.23914261 -0.74837315
v 0.23230983 -0.22529763 -0.75179750
v 0.23449184 -0.21144593 -0.75521141
v 0.23470476 -0.19612408 -0.75992465
v 0.23281124 -0.17921503 -0.76603228
v 0.23091155 -0.16225095 -0.77215987
v -0.35141176 -0.50803524 -0.89705348
v -0.33870515 -0.50065470 -0.89396894
v -0.32935494 -0.49121755 -0.89295059
v -0.32040203 -0.48154107 -0.89217556
v -0.30994481 -0.47281057 -0.89046681
v -0.29933226 -0.46419093 -0.88865763
v -0.29155862 -0.45379797 -0.88860655
v -0.28863254 -0.44034123 -0.89156866
v -0.29289356 -0.42230064 -0.89901119
v -0.29406250 -0.40617102 -0.90454537
v 0.13636087 -0.27960542 -0.76150328
v 0.16104493 -0.28171644 -0.75037342
v 0.17634583 -0.27724758 -0.74527901
v 0.19097210 -0.27233905 -0.74060810
v 0.20116584 -0.26429400 -0.73879713
v 0.20939378 -0.25485060 -0.73825675
v 0.21767524 -0.24545024 -0.73768014
v 0.22249801 -0.23354967 -0.73935169
v 0.22464502 -0.21969016 -0.74277014
v 0.22687134 -0.20586029 -0.74614573
v 0.22895736 -0.19189976 -0.74962151
v 0.22720470 -0.17508891 -0.75561595
v 0.22516982 -0.15802018 -0.76181066
v 0.22312826 -0.14089504 -0.76802576
v -0.37536749 -0.50806099 -0.89256001
v -0.35157895 -0.50745672 -0.88269538
v -0.33817473 -0.50051641 -0.87919068
v -0.32881966 -0.49109310 -0.87816966
v -0.32105064 -0.48069060 -0.87812370
v -0.31025955 -0.47217685 -0.87621295
v -0.29839975 -0.46434855 -0.87363726
v -0.28959855 -0.45461446 -0.87294710
v -0.28292754 -0.44353923 -0.87357444
v -0.28370658 -0.42773110 -0.87882298
v -0.28916734 -0.40889892 -0.88699096
v -0.28880051 -0.39372885 -0.89155662
v -0.29963711 -0.37133005 -0.90310621
v 0.11953690 -0.26761654 -0.75824302
v 0.14597504 -0.27093601 -0.74603760
v 0.16142258 -0.26654172 -0.74087715
v 0.17673153 -0.26209095 -0.73579270
v 0.18967259 -0.25598598 -0.73222381
v 0.19792260 -0.24653791 -0.73167759
v 0.20621692 -0.23712629 -0.73110127
v 0.21450865 -0.22771759 -0.73052514
v 0.21706030 -0.21414088 -0.73367178
v 0.21972348 -0.20061947 -0.73675406
v 0.22186619 -0.18669137 -0.74018288
v 0.22210823 -0.17133774 -0.74485844
v 0.22006449 -0.15425889 -0.75103682
v 0.21794304 -0.13707107 -0.75728190
v 0.21349269 -0.11810040 -0.76506597
v -0.40565205 -0.50428021 -0.89185435
v -0.37748352 -0.50627840 -0.87937599
v -0.35174593 -0.50687879 -0.86835432
v -0.33852661 -0.49983376 -0.86497307
v -0.32877904 -0.49066257 -0.86371261
v -0.32237363 -0.47942081 -0.86450106
v -0.31274581 -0.47018659 -0.86331064
v -0.30145603 -0.46200442 -0.86109424
v -0.29173055 -0.45285463 -0.85983640
v -0.28441545 -0.44219089 -0.86006272
v -0.28241438 -0.42815268 -0.86357236
v -0.28574854 -0.41068736 -0.87039059
v -0.28658319 -0.39476642 -0.87567770
v -0.28751868 -0.37873870 -0.88104039
v -0.29371491 -0.35927758 -0.88968229
v 0.09847806 -0.25263849 -0.75762945
v 0.13104610 -0.26025501 -0.74155706
v 0.14804141 -0.25693190 -0.73543221
v 0.16186261 -0.25139415 -0.73133028
v 0.17711766 -0.24691734 -0.72629577
v 0.18642072 -0.23820297 -0.72508085
v 0.19488218 -0.22889139 -0.72440535
v 0.20397910 -0.22004564 -0.72331786
v 0.20990838 -0.20890617 -0.72427511
v 0.21256723 -0.19537252 -0.72735143
v 0.21476686 -0.18147698 -0.73073328
v 0.21580334 -0.16669832 -0.73487860
v 0.21495679 -0.15049589 -0.74025798
v 0.21275239 -0.13324308 -0.74653465
v 0.20900647 -0.11479218 -0.75383180
v -0.40838689 -0.50211412 -0.87900966
v -0.37991393 -0.50430328 -0.86639154
v -0.35405976 -0.50498044 -0.85533887
v -0.34132949 -0.49763760 -0.85226744
v -0.33106470 -0.48878998 -0.85069489
v -0.32498330 -0.47735032 -0.85167736
v -0.31641552 -0.46745688 -0.85113955
v -0.30542108 -0.45909026 -0.84911233
v -0.29466176 -0.45059168 -0.84722453
v -0.28640309 -0.44052687 -0.84686923
v -0.28265905 -0.42759934 -0.84929162
v -0.28359416 -0.41167098 -0.85460335
v -0.28588948 -0.39483017 -0.86076725
v -0.28663608 -0.37893462 -0.86598974
v -0.29213089 -0.35993668 -0.87416178
v 0.11673875 -0.25001392 -0.73662609
v 0.13721192 -0.24913602 -0.72831059
v 0.15106171 -0.24360016 -0.72421145
v 0.16488108 -0.23807643 -0.72012144
v 0.17655735 -0.23104587 -0.71739566
v 0.18567084 -0.22218859 -0.71630889
v 0.19477902 -0.21333648 -0.71522278
v 0.20167033 -0.20288186 -0.71556133
v 0.20540254 -0.19011939 -0.71793765
v 0.20765930 -0.17625657 -0.72127277
v 0.20868848 -0.16146356 -0.72540992
v 0.20965278 -0.14658804 -0.72959983
v 0.20755924 -0.12941326 -0.73578227
v 0.20451918 -0.11148317 -0.74259496
v 0.19812289 -0.09099247 -0.75160623
v -0.41112065 -0.49994883 -0.86616969
v -0.38327724 -0.50175661 -0.85397971
v -0.35873407 -0.50162959 -0.84376395
v -0.34395602 -0.49555051 -0.83945972
v -0.33340752 -0.48688218 -0.83771938
v -0.32719404 -0.47552842 -0.83861655
v -0.31948867 -0.46510017 -0.83860558
v -0.30984217 -0.45588991 -0.83740890
v -0.29936093 -0.44721511 -0.83569854
v -0.29085138 -0.43730712 -0.83519155
v -0.28521711 -0.42557791 -0.83644629
v -0.28543201 -0.41011131 -0.84129494
v -0.28641003 -0.39411771 -0.84662449
v -0.28591689 -0.37902614 -0.85106194
v -0.28866547 -0.36191857 -0.85765976
v -0.31502989 -0.32925850 -0.87853879
v 0.09310951 -0.23316894 -0.73757130
v 0.12635621 -0.24132125 -0.72117162
v 0.14023471 -0.23578730 -0.71707547
v 0.15385906 -0.23010534 -0.71313101
v 0.16696686 -0.22408479 -0.70950663
v 0.17644216 -0.21547318 -0.70819718
v 0.18556160 -0.20661470 -0.70711243
v 0.19231842 -0.19604775 -0.70754051
v 0.19822945 -0.18486008 -0.70851290
v 0.20054357 -0.17103012 -0.71180129
v 0.20179015 -0.15638793 -0.71578562
v 0.20359315 -0.14212276 -0.71942151
v 0.20236357 -0.12558156 -0.72502470
v 0.20013529 -0.10825103 -0.73128802
v 0.19370693 -0.08777495 -0.74048638
v -0.41385344 -0.49778441 -0.85333478
v -0.39080247 -0.49665833 -0.84408498
v -0.36411467 -0.49784404 -0.83261287
v -0.34572926 -0.49399084 -0.82614106
v -0.33620623 -0.48469180 -0.82502747
v -0.33004868 -0.47330585 -0.82595438
v -0.32356033 -0.46211922 -0.82668251
v -0.31548467 -0.45192307 -0.82644635
v -0.30501723 -0.44323552 -0.82475221
v -0.29572666 -0.43381721 -0.82377195
v -0.28929564 -0.42259139 -0.82453597
v -0.28766870 -0.40829769 -0.82824004
v -0.29010502 -0.39137474 -0.83444136
v -0.29085043 -0.37548792 -0.83962125
v -0.29285756 -0.35911974 -0.84430456
v -0.31391403 -0.32962775 -0.86327833
v 0.11393806 -0.23239529 -0.71498954
v 0.12938146 -0.22795552 -0.70992208
v 0.14270489 -0.22203939 -0.70618969
v 0.15584016 -0.21601912 -0.70256746
v 0.16719609 -0.20874511 -0.70007020
v 0.17632683 -0.19988026 -0.69898677
v 0.18294846 -0.18920045 -0.69950408
v 0.18902734 -0.17812027 -0.70037001
v 0.19341958 -0.16579762 -0.70231891
v 0.19525592 -0.15157990 -0.70591253
v 0.19719431 -0.13740723 -0.70944995
v 0.19641362 -0.12119138 -0.71474534
v 0.19492781 -0.10440681 -0.72050858
v 0.19063400 -0.08547909 -0.72809756
v 0.18719703 -0.06712858 -0.73515302
v -0.42122242 -0.49278837 -0.84329247
v -0.39848894 -0.49146065 -0.83427101
v -0.36977091 -0.49388850 -0.82162118
v -0.35051489 -0.49056992 -0.81464970
v -0.34153143 -0.48093414 -0.81386691
v -0.33442536 -0.47013545 -0.81421769
v -0.32877037 -0.45842668 -0.81544811
v -0.32073578 -0.44820154 -0.81523865
v -0.31142819 -0.43878016 -0.81425595
v -0.30309260 -0.42875189 -0.81386161
v -0.29629529 -0.41775012 -0.81440252
v -0.29388148 -0.40395007 -0.81761551
v -0.29364482 -0.38873109 -0.82216454
v -0.29537717 -0.37221080 -0.82792747
v -0.30157670 -0.35276371 -0.83643645
v -0.31116900 -0.33105204 -0.84704387
v -0.34052926 -0.29641122 -0.86979640
v 0.09699549 -0.22025196 -0.71162456
v 0.11833380 -0.21998477 -0.70285785
v 0.13152245 -0.21395299 -0.69923073
v 0.14468528 -0.20793302 -0.69561070
v 0.15782239 -0.20192485 -0.69199789
v 0.16707465 -0.19313312 -0.69084579
v 0.17356037 -0.18233989 -0.69145215
v 0.17964293 -0.17124738 -0.69231707
v 0.18548779 -0.15997352 -0.69333589
v 0.18871547 -0.14676733 -0.69603008
v 0.19064854 -0.13258329 -0.69955969
v 0.19033501 -0.11670592 -0.70453799
v 0.18920706 -0.10018117 -0.71005160
v 0.18761416 -0.08326286 -0.71587825
v 0.18488187 -0.06544213 -0.72245288
v -0.43013519 -0.48684886 -0.83415920
v -0.40646920 -0.48608223 -0.82461613
v -0.37908679 -0.48767978 -0.81281877
v -0.35943946 -0.48459086 -0.80564225
v -0.34722736 -0.47694632 -0.80292302
v -0.33860224 -0.46708938 -0.80235851
v -0.33314174 -0.45525831 -0.80370176
v -0.32634982 -0.44425210 -0.80424404
v -0.31917760 -0.43348116 -0.80455774
v -0.31146821 -0.42304748 -0.80454695
v -0.30571577 -0.41137126 -0.80572248
v -0.30342549 -0.39747864 -0.80900246
v -0.30326191 -0.38219872 -0.81358296
v -0.30243063 -0.36731058 -0.81776839
v -0.30909836 -0.34755316 -0.82653296
v -0.31650895 -0.32724380 -0.83577210
v -0.33089682 -0.30232590 -0.84929544
v 0.08856406 -0.21416020 -0.70283967
v 0.10960797 -0.21367092 -0.69429553
v 0.12020154 -0.20578203 -0.69219750
v 0.13350214 -0.19982643 -0.68863642
v 0.14666682 -0.19381855 -0.68502575
v 0.15780500 -0.18637325 -0.68268949
v 0.16415408 -0.17546605 -0.68338466
v 0.16999069 -0.16417903 -0.68440706
v 0.17576554 -0.15283816 -0.68547136
v 0.18154375 -0.14149073 -0.68653619
v 0.18409652 -0.12775476 -0.68966007
v 0.18425158 -0.11221693 -0.69432253
v 0.18414758 -0.09644698 -0.69916260
v 0.18443383 -0.08092692 -0.70376551
v 0.18185788 -0.06322504 -0.71021438
v 0.17589286 -0.04292185 -0.71885455
v -0.41738990 -0.47889972 -0.81669956
v -0.39232457 -0.47905537 -0.80633765
v -0.36865231 -0.47843292 -0.79678476
v -0.35329300 -0.47272885 -0.79219270
v -0.34526345 -0.46249583 -0.79198939
v -0.33963677 -0.45076182 -0.79322970
v -0.33461913 -0.43863553 -0.79483956
v -0.32736808 -0.42790371 -0.79510778
v -0.32045093 -0.41695845 -0.79557806
v -0.31627557 -0.40426818 -0.79770535
v -0.31362501 -0.39058870 -0.80075997
v -0.31595865 -0.37369484 -0.80683970
v -0.31625488 -0.35806042 -0.81169939
v -0.31418207 -0.34391427 -0.81513309
v -0.32185128 -0.32343388 -0.82449538
v -0.33160716 -0.30152127 -0.83515030
v 0.08011937 -0.20805886 -0.69404095
v 0.10333785 -0.20910960 -0.68416780
v 0.11589654 -0.20260717 -0.68097019
v 0.12653013 -0.19474751 -0.67897600
v 0.13715222 -0.18689638 -0.67698407
v 0.14864950 -0.17969598 -0.67443466
v 0.15447074 -0.16839071 -0.67546505
v 0.16024537 -0.15704271 -0.67652750
v 0.16602336 -0.14568815 -0.67759061
v 0.17180467 -0.13432701 -0.67865431
v 0.17753828 -0.12292165 -0.67975104
v 0.17816335 -0.10772440 -0.68409908
v 0.17960815 -0.09309926 -0.68793643
v 0.18069544 -0.07817473 -0.69201165
v 0.17883475 -0.06100856 -0.69797927
v 0.17431904 -0.04179658 -0.70565945
v 0.16744418 -0.02073987 -0.71486938
v -0.42918873 -0.47117758 -0.80927396
v -0.40652680 -0.46983567 -0.80038893
v -0.37843731 -0.47192046 -0.78824449
v -0.36301354 -0.46624291 -0.78363562
v -0.35372749 -0.45677873 -0.78268594
v -0.34797752 -0.44511074 -0.78385097
v -0.34357324 -0.43258846 -0.78582567
v -0.34003991 -0.41950122 -0.78832787
v -0.33121929 -0.40960118 -0.78756201
v -0.32993513 -0.39519560 -0.79152280
v -0.32902741 -0.38038084 -0.79562289
v -0.32843634 -0.36533004 -0.79992408
v -0.32582578 -0.35154170 -0.80301625
v -0.32046247 -0.33950353 -0.80445158
v -0.32636240 -0.32016188 -0.81270897
v -0.33292118 -0.30032462 -0.82138604
v 0.09615520 -0.20389692 -0.67459905
v 0.11154252 -0.19941200 -0.66964507
v 0.12217948 -0.19155332 -0.66765684
v 0.13280492 -0.18370317 -0.66567075
v 0.14312415 -0.17564803 -0.66387212
v 0.14912997 -0.16447236 -0.66478378
v 0.15411845 -0.15254657 -0.66633886
v 0.15911114 -0.14061067 -0.66789532
v 0.16410808 -0.12866461 -0.66945308
v 0.16910927 -0.11670841 -0.67101210
v 0.17313734 -0.10401838 -0.67319167
v 0.17506759 -0.08975071 -0.67670745
v 0.17690957 -0.07552003 -0.68001312
v 0.17520921 -0.05834113 -0.68613112
v 0.17274645 -0.04067219 -0.69247454
v 0.16761465 -0.02093616 -0.70053607
v -0.42288083 -0.45935270 -0.79574525
v -0.39939666 -0.45849863 -0.78631860
v -0.37656200 -0.45738026 -0.77732986
v -0.36531577 -0.44911435 -0.77522290
v -0.36012411 -0.43707860 -0.77672225
v -0.35327244 -0.42607287 -0.77723390
v -0.35137418 -0.41194072 -0.78070837
v -0.34577987 -0.40011913 -0.78197885
v -0.34150690 -0.38744786 -0.78404427
v -0.34061980 -0.37260085 -0.78814685
v -0.33891124 -0.35824621 -0.79176581
v -0.33355159 -0.34620789 -0.79319721
v -0.32824072 -0.33412641 -0.79466152
v -0.32683423 -0.31950507 -0.79848409
v -0.33493814 -0.29867139 -0.80805850
v -0.34982195 -0.27333599 -0.82175541
v 0.08888633 -0.19862258 -0.66506779
v 0.10499880 -0.19464812 -0.65968311
v 0.11782800 -0.18835852 -0.65633541
v 0.12845679 -0.18050937 -0.65435535
v 0.13825718 -0.17207697 -0.65288895
v 0.14437939 -0.16098304 -0.65372497
v 0.15039633 -0.14980514 -0.65462923
v 0.15538739 -0.13786823 -0.65618068
v 0.16038267 -0.12592117 -0.65773338
v 0.16538221 -0.11396396 -0.65928751
v 0.16822612 -0.10039734 -0.66220582
v 0.17052583 -0.08640130 -0.66547555
v 0.17245567 -0.07210127 -0.66898781
v 0.17146507 -0.05558491 -0.67435902
v 0.16958302 -0.03820182 -0.67995644
v 0.16778488 -0.02113218 -0.68622249
v 0.16399699 -0.00235496 -0.69341594
v 0.11144832 0.60958493 -0.89889640
v 0.12360339 0.61679238 -0.89609998
v 0.13470650 0.62487972 -0.89399785
v 0.14745671 0.63152587 -0.89078963
v 0.15657288 0.64129162 -0.89000362
v 0.15586355 0.65959388 -0.89579707
v 0.15493535 0.67813987 -0.90175325
v 0.15610798 0.69490057 -0.90631461
v -0.42531377 -0.44200867 -0.78725064
v -0.40148667 -0.44145480 -0.77772367
v -0.38523087 -0.43626022 -0.77266699
v -0.37574461 -0.42687219 -0.77162027
v -0.36963558 -0.41537178 -0.77258015
v -0.36555672 -0.40258381 -0.77475166
v -0.36066318 -0.39029366 -0.77644259
v -0.35628432 -0.37766278 -0.77844507
v -0.35200369 -0.36495292 -0.78051108
v -0.34672210 -0.35286689 -0.78198296
v -0.34143642 -0.34077144 -0.78345615
v -0.33580917 -0.32888421 -0.78472787
v -0.32927495 -0.31757379 -0.78545797
v -0.33695388 -0.29701921 -0.79473919
v -0.35184035 -0.27168569 -0.80838388
v 0.08044802 -0.19251347 -0.65624577
v 0.09781931 -0.18942872 -0.65010315
v 0.11347570 -0.18516314 -0.64501196
v 0.12410785 -0.17731497 -0.64303780
v 0.13338841 -0.16850461 -0.64190173
v 0.13951066 -0.15740781 -0.64273530
v 0.14563571 -0.14630595 -0.64356941
v 0.15166372 -0.13512588 -0.64446634
v 0.15665737 -0.12317781 -0.64601409
v 0.16071169 -0.11052349 -0.64815551
v 0.16320519 -0.09669511 -0.65128362
v 0.16570298 -0.08284299 -0.65441710
v 0.16790868 -0.06874600 -0.65774274
v 0.16772103 -0.05282877 -0.66258729
v 0.16747007 -0.03682213 -0.66748434
v 0.16763920 -0.02108989 -0.67212832
v 0.16487858 -0.00310031 -0.67864037
v 0.15871985 0.01752661 -0.68732476
v 0.09512402 0.60543537 -0.88931072
v 0.11433244 0.60664296 -0.88185841
v 0.12590097 0.61433285 -0.87945592
v 0.13745588 0.62201250 -0.87705588
v 0.15025412 0.62859714 -0.87382209
v 0.16033125 0.63750970 -0.87239259
v 0.16304253 0.65281343 -0.87587410
v 0.16272414 0.67079234 -0.88138938
v 0.16495827 0.68658680 -0.88521194
v 0.16915232 0.70069432 -0.88773197
v -0.42261583 -0.41251656 -0.78036678
v -0.39652720 -0.41343459 -0.76952076
v -0.38955289 -0.40243685 -0.76997638
v -0.38234407 -0.39158329 -0.77029389
v -0.37599817 -0.38018098 -0.77112484
v -0.37057367 -0.36818644 -0.77250588
v -0.36221874 -0.35804951 -0.77214515
v -0.35463837 -0.34741962 -0.77224535
v -0.34935242 -0.33531445 -0.77371556
v -0.34320357 -0.32375380 -0.77467364
v -0.33657423 -0.31249648 -0.77534652
v -0.33174989 -0.30006024 -0.77710265
v -0.34279868 -0.27725229 -0.78838605
v -0.35470182 -0.25379142 -0.80021054
v 0.09063155 -0.18420328 -0.64051223
v 0.10665875 -0.18019551 -0.63521343
v 0.11975808 -0.17411996 -0.63171810
v 0.12851788 -0.16493092 -0.63091046
v 0.13464013 -0.15383127 -0.63174170
v 0.14076518 -0.14272654 -0.63257337
v 0.14689304 -0.13161671 -0.63340545
v 0.15293215 -0.12043452 -0.63429511
v 0.15569246 -0.10682578 -0.63723749
v 0.15818219 -0.09299131 -0.64035684
v 0.16067618 -0.07913311 -0.64348155
v 0.16317448 -0.06525110 -0.64661175
v 0.16386004 -0.04984108 -0.65055251
v 0.16531108 -0.03525707 -0.65469635
v 0.16646571 -0.02027255 -0.65869993
v 0.16497934 -0.00325466 -0.66438055
v 0.16043811 0.01613278 -0.67200619
v 0.09924086 0.60146511 -0.87147301
v 0.11535895 0.60528892 -0.86608249
v 0.12584281 0.61389381 -0.86440188
v 0.13645172 0.62237561 -0.86263376
v 0.14922333 0.62897438 -0.85942745
v 0.16002280 0.63725233 -0.85752136
v 0.16552640 0.65011668 -0.85912997
v 0.16559026 0.66774154 -0.86436349
v 0.16544645 0.68559611 -0.86974967
v 0.16961718 0.69970977 -0.87227124
v 0.17101590 0.71629047 -0.87665218
v 0.14002438 0.76156569 -0.90272146
v -0.45247698 -0.37799135 -0.78808135
v -0.41631079 -0.38520336 -0.77133852
v -0.39987195 -0.38011417 -0.76621538
v -0.39033514 -0.37069842 -0.76516455
v -0.38118660 -0.36104470 -0.76434124
v -0.37275976 -0.35093740 -0.76394397
v -0.36435756 -0.34081757 -0.76356041
v -0.35714203 -0.32993823 -0.76388168
v -0.35028261 -0.31882653 -0.76441580
v -0.34335169 -0.30775672 -0.76490861
v -0.33428177 -0.29807332 -0.76412576
v -0.33312759 -0.28323096 -0.76807183
v -0.34506923 -0.25977769 -0.77986395
v 0.08673408 -0.18133505 -0.62887621
v 0.09975327 -0.17516416 -0.62545514
v 0.11540751 -0.17092434 -0.62039632
v 0.12364555 -0.16135593 -0.61991519
v 0.12976781 -0.15025342 -0.62074405
v 0.13697962 -0.13993883 -0.62089896
v 0.14546154 -0.13055307 -0.62026513
v 0.15260524 -0.12018912 -0.62046212
v 0.15561114 -0.10677090 -0.62323737
v 0.15757333 -0.09255588 -0.62667078
v 0.15953922 -0.07831389 -0.63011074
v 0.16150884 -0.06404486 -0.63355720
v 0.16218916 -0.04878080 -0.63781989
v 0.16315331 -0.03369291 -0.64191562
v 0.16455951 -0.01890269 -0.64574444
v 0.16380578 -0.00244460 -0.65094095
v 0.16214003 0.01475151 -0.65672499
v 0.15536554 0.03589216 -0.66574377
v 0.09990654 0.60043365 -0.85594374
v 0.11508974 0.60504264 -0.85118479
v 0.12483690 0.61426777 -0.84999239
v 0.13466762 0.62341011 -0.84874165
v 0.14681435 0.63054186 -0.84595829
v 0.15853070 0.63802099 -0.84345210
v 0.16530667 0.64977139 -0.84420973
v 0.16698015 0.66597968 -0.84835219
v 0.16541927 0.68505740 -0.85465312
v 0.16897519 0.69969845 -0.85756993
v 0.17175286 0.71505255 -0.86101282
v 0.16485064 0.73900074 -0.87091768
v 0.14472923 0.77477437 -0.88967389
v -0.45391834 -0.36115140 -0.77897787
v -0.41789159 -0.36833319 -0.76236480
v -0.40287203 -0.36235407 -0.75809586
v -0.39263374 -0.35337198 -0.75663859
v -0.38357666 -0.34364846 -0.75587589
v -0.37504005 -0.33359799 -0.75541919
v -0.36565322 -0.32409781 -0.75445771
v -0.35706839 -0.31408808 -0.75396967
v -0.35013524 -0.30301267 -0.75446135
v -0.34057650 -0.29364017 -0.75339293
v -0.33067751 -0.28449863 -0.75211936
v -0.33306941 -0.26731607 -0.75816905
v -0.34776118 -0.24199513 -0.77157426
v 0.05624279 -0.17458403 -0.63297796
v 0.08472938 -0.17982283 -0.61607718
v 0.09774650 -0.17365529 -0.61266923
v 0.11073908 -0.16749933 -0.60926759
v 0.12190164 -0.16004704 -0.60698575
v 0.13038090 -0.15066360 -0.60635465
v 0.13885720 -0.14128345 -0.60572380
v 0.14733054 -0.13190657 -0.60509318
v 0.15267360 -0.12023427 -0.60640091
v 0.15594131 -0.10701957 -0.60899985
v 0.15876769 -0.09345558 -0.61187971
v 0.16073303 -0.07922669 -0.61530268
v 0.16235840 -0.06471448 -0.61894619
v 0.16189493 -0.04860695 -0.62390208
v 0.16143018 -0.03245524 -0.62887162
v 0.16240034 -0.01734203 -0.63295656
v 0.16263331 -0.00163527 -0.63751370
v 0.16127345 0.01532109 -0.64308137
v 0.15718934 0.03440271 -0.65037376
v 0.09715667 0.60230988 -0.84267277
v 0.11288756 0.60644776 -0.83757257
v 0.12294005 0.61540586 -0.83618295
v 0.13233529 0.62492532 -0.83496022
v 0.14383346 0.63260323 -0.83287376
v 0.15581396 0.63985068 -0.83020240
v 0.16401894 0.65035498 -0.83001351
v 0.16663992 0.66572791 -0.83351159
v 0.16619454 0.68381709 -0.83904696
v 0.16761670 0.70031697 -0.84336078
v 0.17019914 0.71583438 -0.84691715
v 0.16656463 0.73688334 -0.85461134
v 0.15568750 0.76443160 -0.86714214
v 0.13990669 0.79646379 -0.88297254
v -0.45645064 -0.34359723 -0.77049798
v -0.41862074 -0.35197529 -0.75287431
v -0.40672833 -0.34401590 -0.75045848
v -0.39555967 -0.33561486 -0.74846292
v -0.38477066 -0.32698721 -0.74668616
v -0.37540644 -0.31745842 -0.74574602
v -0.36529720 -0.30841818 -0.74436325
v -0.35654938 -0.29850760 -0.74378252
v -0.34538645 -0.29017219 -0.74176991
v -0.33330101 -0.28245565 -0.73920518
v -0.32411978 -0.27285784 -0.73835862
v -0.31553611 -0.26287416 -0.73786521
v -0.32962143 -0.23793064 -0.75086421
v 0.06968635 -0.18448745 -0.60668731
v 0.08272592 -0.17831156 -0.60328603
v 0.09594350 -0.17229298 -0.59976703
v 0.11417055 -0.16992022 -0.59316611
v 0.12329747 -0.16101258 -0.59213769
v 0.13218361 -0.15193874 -0.59125477
v 0.14073114 -0.14262548 -0.59057814
v 0.14919592 -0.13325746 -0.58995074
v 0.15274189 -0.12027937 -0.59235841
v 0.15600745 -0.10707349 -0.59494549
v 0.15927774 -0.09384856 -0.59753639
v 0.16192478 -0.08013792 -0.60052013
v 0.16206464 -0.06453134 -0.60506731
v 0.16160105 -0.04843332 -0.61000121
v 0.16113620 -0.03229117 -0.61494863
v 0.16067006 -0.01610472 -0.61990958
v 0.16146192 -0.00082668 -0.62409872
v 0.16044329 0.01586310 -0.62942946
v 0.15861517 0.03321677 -0.63528025
v 0.15205374 0.05424269 -0.64411008
v 0.05644999 0.61885345 -0.84893799
v 0.09320914 0.60520554 -0.83018881
v 0.10961318 0.60876894 -0.82466936
v 0.11961583 0.61776763 -0.82331705
v 0.12880617 0.62745237 -0.82249248
v 0.13984685 0.63553274 -0.82045358
v 0.15178964 0.64281309 -0.81781733
v 0.15972549 0.65355128 -0.81780595
v 0.16323587 0.66814888 -0.82070547
v 0.16346590 0.68564415 -0.82577366
v 0.16297795 0.70381701 -0.83132929
v 0.16584767 0.71908242 -0.83468240
v 0.16436058 0.73823202 -0.84092635
v 0.15515938 0.76428539 -0.85229641
v 0.14891526 0.78781146 -0.86173654
v -0.42397186 -0.33265725 -0.74607676
v -0.40822318 -0.32714611 -0.74141252
v -0.39619800 -0.31928909 -0.73892313
v -0.38514382 -0.31082860 -0.73699844
v -0.37524056 -0.30164137 -0.73574644
v -0.36119887 -0.29514539 -0.73205256
v -0.34800810 -0.28812703 -0.72885174
v -0.33592337 -0.28041354 -0.72629637
v -0.32684380 -0.27075249 -0.72551227
v -0.31805852 -0.26090446 -0.72490042
v -0.30874908 -0.25140762 -0.72397631
v -0.31504479 -0.23157783 -0.73231435
v 0.06768622 -0.18297380 -0.59389085
v 0.08166266 -0.17747396 -0.58993030
v 0.09992522 -0.17509049 -0.58334410
v 0.11570058 -0.17096895 -0.57826090
v 0.12458307 -0.16189831 -0.57738197
v 0.13346119 -0.15283215 -0.57650346
v 0.14233494 -0.14377043 -0.57562530
v 0.14954604 -0.13352330 -0.57578450
v 0.15298000 -0.12044931 -0.57823002
v 0.15641075 -0.10737609 -0.58070213
v 0.15984623 -0.09428480 -0.58317775
v 0.16282420 -0.08083186 -0.58594215
v 0.16228366 -0.06473058 -0.59088850
v 0.16167715 -0.04853656 -0.59588838
v 0.16106895 -0.03229737 -0.60090226
v 0.16045904 -0.01601283 -0.60593003
v 0.15990874 0.00027084 -0.61093384
v 0.15961400 0.01640455 -0.61579168
v 0.15848699 0.03321544 -0.62118047
v 0.15406236 0.05259638 -0.62864012
v 0.14648889 0.07446065 -0.63808560
v 0.05277112 0.62151933 -0.83620685
v 0.08334133 0.61313897 -0.82154757
v 0.10405985 0.61303622 -0.81325102
v 0.11479476 0.62141216 -0.81142890
v 0.12431338 0.63081712 -0.81039435
v 0.13533980 0.63891143 -0.80837321
v 0.14617045 0.64715654 -0.80647439
v 0.15454274 0.65752023 -0.80617887
v 0.15878770 0.67148036 -0.80858678
v 0.15963662 0.68843460 -0.81322926
v 0.15741870 0.70812517 -0.81989950
v 0.15969779 0.72391510 -0.82362938
v 0.15649080 0.74459100 -0.83098352
v 0.15200934 0.76646632 -0.83919871
v 0.14782967 0.78814983 -0.84723705
v -0.44026372 -0.30631271 -0.74564189
v -0.41031784 -0.30986550 -0.73270082
v -0.39752465 -0.30249849 -0.72977251
v -0.38278243 -0.29641375 -0.72569430
v -0.36665532 -0.29126033 -0.72079319
v -0.35171232 -0.28537801 -0.71657592
v -0.33854467 -0.27837226 -0.71339303
v -0.32927936 -0.26883626 -0.71250153
v -0.31908816 -0.25991675 -0.71106172
v -0.30952862 -0.25059235 -0.70999134
v -0.30236414 -0.23968978 -0.71033472
v -0.30616969 -0.22148713 -0.71717429
v -0.32453835 -0.19350289 -0.73266435
v 0.06736720 -0.18266025 -0.58008361
v 0.08566533 -0.18026604 -0.57351208
v 0.10389640 -0.17788061 -0.56696469
v 0.11699198 -0.17184550 -0.56352639
v 0.12586644 -0.16278252 -0.56265175
v 0.13492768 -0.15386297 -0.56166101
v 0.14449415 -0.14532071 -0.56035900
v 0.15080509 -0.13440555 -0.56104523
v 0.15435642 -0.12145597 -0.56342369
v 0.15778507 -0.10839505 -0.56588346
v 0.16121846 -0.09531610 -0.56834662
v 0.16346370 -0.08133262 -0.57154673
v 0.16343939 -0.06562839 -0.57615238
v 0.16269585 -0.04934529 -0.58121330
v 0.16208957 -0.03312073 -0.58620250
v 0.16148160 -0.01685091 -0.59120566
v 0.16041669 -0.00019116 -0.59650451
v 0.15878555 0.01694545 -0.60216796
v 0.15835901 0.03321410 -0.60709870
v 0.15498181 0.05178342 -0.61387533
v 0.14755028 0.07352526 -0.62319183
v 0.04458684 0.62800539 -0.82638627
v 0.06867869 0.62515122 -0.81597620
v 0.09512672 0.62018907 -0.80401284
v 0.10655081 0.62798941 -0.80175549
v 0.11762881 0.63606626 -0.79971647
v 0.12836055 0.64442307 -0.79789704
v 0.13858233 0.65320450 -0.79640466
v 0.14643700 0.66402882 -0.79645085
v 0.15135260 0.67741627 -0.79841518
v 0.15018919 0.69614083 -0.80435753
v 0.15016767 0.71391839 -0.80956888
v 0.15116748 0.73084468 -0.81412518
v 0.14912920 0.75049978 -0.82068747
v 0.14573388 0.77142042 -0.82815945
v 0.14271724 0.79207402 -0.83540285
v -0.41001889 -0.29409444 -0.72257447
v -0.38969091 -0.29159454 -0.71525598
v -0.37222868 -0.28729936 -0.70959514
v -0.35703173 -0.28157863 -0.70524687
v -0.34225008 -0.27562338 -0.70113122
v -0.33030370 -0.26784495 -0.69866949
v -0.32011688 -0.25892991 -0.69723570
v -0.31030738 -0.24977788 -0.69602036
v -0.30314657 -0.23888072 -0.69636220
v -0.29598448 -0.22798154 -0.69670421
v -0.29930919 -0.21007700 -0.70323980
v -0.31321505 -0.18502493 -0.71604782
v 0.07490213 -0.18795346 -0.56154937
v 0.09095399 -0.18397973 -0.55635321
v 0.10785710 -0.18066336 -0.55062848
v 0.11850410 -0.17288147 -0.54868215
v 0.12807292 -0.16433552 -0.54738539
v 0.13763475 -0.15579583 -0.54608959
v 0.14718962 -0.14726236 -0.54479474
v 0.15199609 -0.13526264 -0.54639006
v 0.15558712 -0.12235552 -0.54873109
v 0.15915695 -0.10941221 -0.55109107
v 0.16237199 -0.09618546 -0.55367410
v 0.16410221 -0.08183261 -0.55717325
v 0.16487736 -0.06673662 -0.56126708
v 0.16380201 -0.05021941 -0.56650782
v 0.16310850 -0.03394273 -0.57152724
v 0.16236788 -0.01758613 -0.57658863
v 0.16054168 -0.00036328 -0.58233225
v 0.15870962 0.01691497 -0.58809435
v 0.15767546 0.03363629 -0.59337831
v 0.15485588 0.05177023 -0.59978080
v 0.14860989 0.07259145 -0.60832310
v 0.05503802 0.63629228 -0.80969262
v 0.07768728 0.63460350 -0.80023408
v 0.09635052 0.63624191 -0.79332340
v 0.10899156 0.64299375 -0.79028744
v 0.12000899 0.65111816 -0.78829432
v 0.12957548 0.66048014 -0.78723633
v 0.13676471 0.67189765 -0.78771877
v 0.13893276 0.68769723 -0.79146624
v 0.14050113 0.70405644 -0.79561430
v 0.14185724 0.72064096 -0.79991210
v 0.14232168 0.73805130 -0.80480361
v 0.14091296 0.75716352 -0.81093276
v 0.13919626 0.77660662 -0.81728029
v 0.13632111 0.79714060 -0.82440442
v 0.11953476 0.83016849 -0.84067780
v -0.39785838 -0.28596038 -0.70553440
v -0.37780488 -0.28333640 -0.69839150
v -0.36235341 -0.27777758 -0.69391286
v -0.34761694 -0.27178985 -0.68984067
v -0.33295247 -0.26578939 -0.68580055
v -0.32114461 -0.25794402 -0.68342251
v -0.31108534 -0.24896422 -0.68206340
v -0.30392826 -0.23807248 -0.68240392
v -0.29467046 -0.22857538 -0.68151104
v -0.28847921 -0.21703809 -0.68241978
v -0.29698193 -0.19564386 -0.69198483
v -0.31058785 -0.17073452 -0.70458293
v 0.06034209 -0.19293773 -0.55187094
v 0.08261061 -0.19337091 -0.54296428
v 0.09861999 -0.18939702 -0.53780538
v 0.11270214 -0.18408224 -0.53379577
v 0.12142535 -0.17493461 -0.53301221
v 0.13078560 -0.16625531 -0.53184152
v 0.14033583 -0.15772438 -0.53055280
v 0.14960104 -0.14899680 -0.52943355
v 0.15318507 -0.13611826 -0.53175986
v 0.15677382 -0.12322274 -0.53408927
v 0.16040555 -0.11033838 -0.53639841
v 0.16301024 -0.09667327 -0.53933930
v 0.16473979 -0.08233185 -0.54282171
v 0.16631272 -0.06784283 -0.54640859
v 0.16524045 -0.05134216 -0.55162275
v 0.16416503 -0.03479288 -0.55685228
v 0.16249126 -0.01774607 -0.56246215
v 0.16066650 -0.00053517 -0.56817919
v 0.15883589 0.01673107 -0.57391465
v 0.15699936 0.03405290 -0.57966858
v 0.15473413 0.05175398 -0.58570170
v 0.14966770 0.07165921 -0.59347934
v 0.06047600 0.64882100 -0.79624039
v 0.08012909 0.64965165 -0.78873199
v 0.09716332 0.65266371 -0.78288966
v 0.10699575 0.66183400 -0.78167534
v 0.11612212 0.67160422 -0.78091359
v 0.12230015 0.68392849 -0.78205609
v 0.12672490 0.69779187 -0.78433692
v 0.13184458 0.71106875 -0.78617328
v 0.13424119 0.72675323 -0.78978258
v 0.13485359 0.74404335 -0.79456168
v 0.13396363 0.76270652 -0.80033183
v 0.13213736 0.78225464 -0.80672812
v 0.12939356 0.80267972 -0.81374097
v -0.41131738 -0.27691361 -0.69886440
v -0.38718715 -0.27690685 -0.68938875
v -0.36769208 -0.27396536 -0.68258250
v -0.35298625 -0.26795456 -0.67854500
v -0.33831254 -0.26195696 -0.67451632
v -0.32367101 -0.25597250 -0.67049652
v -0.31200108 -0.24805996 -0.66820145
v -0.30361649 -0.23798929 -0.66782093
v -0.29323113 -0.22925305 -0.66626871
v -0.28685784 -0.21785071 -0.66706336
v -0.28238177 -0.20516981 -0.66897297
v -0.29465359 -0.18120390 -0.68072462
v 0.06741961 -0.19787641 -0.53369159
v 0.08965946 -0.19831777 -0.52482885
v 0.10625619 -0.19479325 -0.51932955
v 0.11679467 -0.18696015 -0.51745600
v 0.12549204 -0.17781462 -0.51668507
v 0.13421127 -0.16869169 -0.51589900
v 0.14303091 -0.15964867 -0.51505041
v 0.15079026 -0.14983943 -0.51483995
v 0.15447575 -0.13704839 -0.51709193
v 0.15831274 -0.12434886 -0.51925796
v 0.16215448 -0.11163370 -0.52142668
v 0.16449966 -0.09779127 -0.52450919
v 0.16537635 -0.08283031 -0.52849191
v 0.16710860 -0.06847209 -0.53196442
v 0.16667630 -0.05246288 -0.53676450
v 0.16584797 -0.03611349 -0.54181856
v 0.16387433 -0.01885562 -0.54758525
v 0.16178867 -0.00146158 -0.55343533
v 0.15969613 0.01598992 -0.55930465
v 0.15759666 0.03349917 -0.56519336
v 0.15463641 0.05171951 -0.57162595
v 0.15002689 0.07126346 -0.57908905
v 0.13692333 0.09741790 -0.59180033
v 0.07340952 0.67258328 -0.78310090
v 0.08816541 0.67756605 -0.77874643
v 0.09841172 0.68641144 -0.77728033
v 0.10958668 0.69443643 -0.77521223
v 0.11515997 0.70732456 -0.77675086
v 0.12186636 0.71923614 -0.77756202
v 0.12734593 0.73223221 -0.77916861
v 0.12828487 0.74924266 -0.78371972
v 0.12843895 0.76698971 -0.78879213
v 0.12703857 0.78616351 -0.79488784
v 0.12425151 0.80662930 -0.80190176
v -0.40061539 -0.26785475 -0.68269962
v -0.37559500 -0.26848492 -0.67272961
v -0.35857403 -0.26397645 -0.66736948
v -0.34384483 -0.25801158 -0.66332555
v -0.32914805 -0.25205985 -0.65929055
v -0.31448364 -0.24612121 -0.65526438
v -0.30217013 -0.23865861 -0.65259701
v -0.29179430 -0.22992955 -0.65105247
v -0.28523934 -0.21866190 -0.65173417
v -0.28076643 -0.20599270 -0.65363413
v -0.27868491 -0.19169798 -0.65693790
v -0.29232413 -0.16675712 -0.66945904
v 0.05999430 -0.20790589 -0.51977080
v 0.07643384 -0.20419303 -0.51440901
v 0.09665261 -0.20322518 -0.50677782
v 0.11219966 -0.19897687 -0.50191939
v 0.12087622 -0.18983033 -0.50115997
v 0.12954900 -0.18068776 -0.50040090
v 0.13825448 -0.17157555 -0.49962026
v 0.14695726 -0.16246827 -0.49883929
v 0.15256423 -0.15110879 -0.49991822
v 0.15622652 -0.13831551 -0.50217104
v 0.16006094 -0.12562883 -0.50432587
v 0.16390011 -0.11292654 -0.50648332
v 0.16604188 -0.09894834 -0.50967240
v 0.16692610 -0.08400731 -0.51363081
v 0.16781232 -0.06903254 -0.51759809
v 0.16810422 -0.05373542 -0.52204782
v 0.16760911 -0.03749274 -0.52676386
v 0.16594975 -0.02048702 -0.53231215
v 0.16347191 -0.00281239 -0.53837335
v 0.16138414 0.01462035 -0.54421234
v 0.15917630 0.03219695 -0.55013967
v 0.15453878 0.05168508 -0.55756825
v 0.15019864 0.07101176 -0.56483400
v 0.13883609 0.09581349 -0.57642436
v 0.04479085 0.69668084 -0.78631932
v 0.06488635 0.69713247 -0.77858770
v 0.08059827 0.70130539 -0.77364308
v 0.09526018 0.70634371 -0.76935858
v 0.10575093 0.71497697 -0.76774156
v 0.11293350 0.72648823 -0.76824784
v 0.12026694 0.73787183 -0.76865828
v 0.12349547 0.75287437 -0.77171725
v 0.12449741 0.76987368 -0.77622253
v 0.12219487 0.78984612 -0.78287721
v 0.11925485 0.81044918 -0.78996289
v -0.38810071 -0.26000959 -0.66551155
v -0.36431274 -0.25989965 -0.65627360
v -0.34957305 -0.25393757 -0.65224075
v -0.33486581 -0.24798864 -0.64821678
v -0.31663796 -0.24439937 -0.64214391
v -0.30072623 -0.23932676 -0.63739908
v -0.29035991 -0.23060490 -0.63586235
v -0.28362373 -0.21947166 -0.63643211
v -0.27915394 -0.20681408 -0.63832247
v -0.27467948 -0.19414334 -0.64021474
v -0.27634296 -0.17731047 -0.64569306
v -0.29036587 -0.15294141 -0.65917516
v 0.05658204 -0.22074932 -0.50349683
v 0.07300509 -0.21702179 -0.49816674
v 0.08937825 -0.21330562 -0.49285296
v 0.10570174 -0.20960070 -0.48755527
v 0.11628280 -0.20182776 -0.48566261
v 0.12494683 -0.19269285 -0.48490772
v 0.13360712 -0.18356188 -0.48415312
v 0.14228691 -0.17445171 -0.48338500
v 0.15097715 -0.16535595 -0.48260871
v 0.15503636 -0.15288769 -0.48460466
v 0.15828152 -0.13980550 -0.48709404
v 0.16180582 -0.12690638 -0.48942214
v 0.16564240 -0.11421692 -0.49156833
v 0.16758128 -0.10010328 -0.49486271
v 0.16846643 -0.08517726 -0.49880081
v 0.16945614 -0.07029405 -0.50268584
v 0.17001957 -0.05505705 -0.50683856
v 0.16936687 -0.03886934 -0.51173794
v 0.16809300 -0.02216942 -0.51702631
v 0.16542518 -0.00436735 -0.52317423
v 0.16301855 0.01329162 -0.52917922
v 0.16062096 0.03099778 -0.53519428
v 0.15516008 0.05110096 -0.54309076
v 0.15037014 0.07076039 -0.55059850
v 0.14074506 0.09421226 -0.56107867
v 0.05347984 0.70645666 -0.77076632
v 0.07116478 0.70894486 -0.76458895
v 0.08573289 0.71408135 -0.76038611
v 0.09848471 0.72076094 -0.75733376
v 0.10580701 0.73215967 -0.75775135
v 0.11379374 0.74297929 -0.75774378
v 0.12009151 0.75528598 -0.75882113
v 0.12084077 0.77250588 -0.76347041
v 0.11772250 0.79319930 -0.77062339
v 0.11379879 0.81467760 -0.77831554
v -0.40565816 -0.24824658 -0.66115481
v -0.37556776 -0.25222000 -0.64834023
v -0.35530451 -0.24986126 -0.64114970
v -0.34058678 -0.24391513 -0.63713676
v -0.31825981 -0.24302942 -0.62872434
v -0.30204377 -0.23816468 -0.62382084
v -0.28892797 -0.23127909 -0.62069821
v -0.28201097 -0.22027998 -0.62115717
v -0.27754429 -0.20763403 -0.62303787
v -0.27307296 -0.19497494 -0.62492055
v -0.26718503 -0.18325645 -0.62598455
v -0.27492297 -0.16229047 -0.63498020
v -0.28764230 -0.13785645 -0.64690042
v 0.05317878 -0.23355885 -0.48726568
v 0.06958538 -0.22981678 -0.48196739
v 0.08610241 -0.22619964 -0.47659048
v 0.10292835 -0.22284959 -0.47101733
v 0.11675122 -0.21740472 -0.46720847
v 0.12260549 -0.20628360 -0.46811485
v 0.12900655 -0.19554769 -0.46869886
v 0.13765439 -0.18642831 -0.46794885
v 0.14630854 -0.17732020 -0.46719310
v 0.15426436 -0.16771102 -0.46685165
v 0.15750320 -0.15466276 -0.46932390
v 0.16074663 -0.14159586 -0.47179973
v 0.16399473 -0.12851030 -0.47427905
v 0.16738141 -0.11550485 -0.47668171
v 0.16912356 -0.10126034 -0.48007676
v 0.17061158 -0.08679660 -0.48363313
v 0.17210263 -0.07230325 -0.48719674
v 0.17270024 -0.05710924 -0.49130738
v 0.17136569 -0.04042691 -0.49659339
v 0.17023188 -0.02384839 -0.50177175
v 0.16776577 -0.00621521 -0.50776869
v 0.16445598 0.01211266 -0.51429164
v 0.16206299 0.02980079 -0.52027589
v 0.15610862 0.05026674 -0.52843630
v 0.15054142 0.07050938 -0.53638273
v 0.14258118 0.09266739 -0.54580522
v 0.03923706 0.71822524 -0.76470739
v 0.06225929 0.71612644 -0.75517195
v 0.07850694 0.71981972 -0.74992132
v 0.09412152 0.72401476 -0.74505991
v 0.10037100 0.73635238 -0.74616057
v 0.10835960 0.74717444 -0.74615300
v 0.11584750 0.75843740 -0.74646580
v 0.11686717 0.77541822 -0.75092334
v 0.11445069 0.79548794 -0.75759751
v 0.10930157 0.81805271 -0.76604521
v -0.39407694 -0.23980176 -0.64452690
v -0.36306915 -0.24445179 -0.63121599
v -0.34631103 -0.23983936 -0.62605065
v -0.31988046 -0.24166046 -0.61531454
v -0.30343574 -0.23695345 -0.61029726
v -0.28915882 -0.23084716 -0.60651636
v -0.27896872 -0.22204363 -0.60508317
v -0.27135491 -0.21152516 -0.60513413
v -0.26446939 -0.20051603 -0.60560632
v -0.26312721 -0.18575826 -0.60928863
v -0.26845050 -0.16644900 -0.61684340
v -0.27944013 -0.14321768 -0.62770522
v 0.04978450 -0.24633463 -0.47107735
v 0.06659182 -0.24287161 -0.46556574
v 0.08345170 -0.23949432 -0.46000940
v 0.10025761 -0.23612782 -0.45447087
v 0.11700980 -0.23277208 -0.44894999
v 0.12478364 -0.22305515 -0.44871092
v 0.13062821 -0.21195787 -0.44961062
v 0.13647583 -0.20085479 -0.45051080
v 0.14232650 -0.18974593 -0.45141146
v 0.15032253 -0.18018325 -0.45104259
v 0.15672764 -0.16946709 -0.45161709
v 0.15996476 -0.15643403 -0.45407584
v 0.16320647 -0.14338239 -0.45653811
v 0.16669376 -0.13048922 -0.45886037
v 0.17022663 -0.11760887 -0.46116135
v 0.17183580 -0.10328360 -0.46461725
v 0.17325115 -0.08878328 -0.46819800
v 0.17474326 -0.07430802 -0.47174191
v 0.17537497 -0.05915687 -0.47581086
v 0.17404594 -0.04249624 -0.48106748
v 0.17272274 -0.02579257 -0.48633412
v 0.17063645 -0.00846396 -0.49207374
v 0.16623388 0.01067532 -0.49922416
v 0.16350242 0.02860596 -0.50538450
v 0.15705560 0.04943389 -0.51380593
v 0.15071248 0.07025871 -0.52218640
v 0.14267817 0.09246238 -0.53161305
v -0.38873643 0.64343816 -0.89389861
v -0.37336752 0.64912826 -0.88957703
v -0.35755265 0.65442264 -0.88497043
v -0.34202003 0.65990061 -0.88052523
v -0.33075488 0.66876793 -0.87869459
v -0.32686323 0.68356651 -0.88140297
v -0.33109987 0.70497048 -0.88913393
v 0.03810729 0.71868563 -0.75030857
v 0.06012978 0.71744424 -0.74144167
v 0.07545194 0.72193605 -0.73679709
v 0.09156240 0.72569674 -0.73163962
v 0.09794667 0.73791176 -0.73264885
v 0.10372064 0.75067186 -0.73404920
v 0.11091337 0.76219630 -0.73454928
v 0.11332855 0.77794617 -0.73809928
v 0.11102857 0.79790998 -0.74467158
v 0.10723809 0.81926280 -0.75221550
v -0.38252383 -0.23137747 -0.62793928
v -0.34819761 -0.23828895 -0.61276257
v -0.32149991 -0.24029253 -0.60191476
v -0.30482665 -0.23574322 -0.59678471
v -0.28651205 -0.23233078 -0.59070039
v -0.26877549 -0.22858506 -0.58493310
v -0.26176620 -0.21769646 -0.58532155
v -0.26042432 -0.20299004 -0.58897471
v -0.25907972 -0.18825364 -0.59263539
v -0.26107895 -0.17121796 -0.59823543
v -0.27319854 -0.14724545 -0.60969919
v -0.28396937 -0.12409401 -0.62041080
v 0.05258063 -0.26339412 -0.45132735
v 0.06636899 -0.25782675 -0.44759682
v 0.08194560 -0.25355056 -0.44281161
v 0.09763770 -0.24933934 -0.43798494
v 0.11432691 -0.24599577 -0.43248546
v 0.12695190 -0.23975061 -0.42939508
v 0.13278379 -0.22868286 -0.43028769
v 0.13861869 -0.21760933 -0.43118078
v 0.14445664 -0.20653006 -0.43207434
v 0.15021431 -0.19538485 -0.43301755
v 0.15589991 -0.18417904 -0.43400559
v 0.15956838 -0.17149772 -0.43618876
v 0.16308512 -0.15868612 -0.43846726
v 0.16660652 -0.14585754 -0.44074878
v 0.17013259 -0.13301192 -0.44303334
v 0.17366336 -0.12014923 -0.44532093
v 0.17509343 -0.10571063 -0.44886422
v 0.17617248 -0.09097926 -0.45262563
v 0.17737806 -0.07630833 -0.45632124
v 0.17804374 -0.06119995 -0.46034878
v 0.17673093 -0.04456900 -0.46556979
v 0.17542167 -0.02789345 -0.47080213
v 0.17350052 -0.01070754 -0.47641477
v 0.16842550 0.00892403 -0.48393524
v 0.16493925 0.02741329 -0.49052000
v 0.15800102 0.04860241 -0.49919948
v 0.15086836 0.07004957 -0.50806880
v 0.14223082 0.09267684 -0.51776856
v -0.38645318 0.64139092 -0.87691724
v -0.37209880 0.64786983 -0.87322712
v -0.35743383 0.65406680 -0.86933762
v -0.34044096 0.65836316 -0.86401284
v -0.32796943 0.66624451 -0.86144537
v -0.32193398 0.67925650 -0.86287200
v -0.32205755 0.69734126 -0.86798626
v -0.32511199 0.71781790 -0.87496829
v -0.32630345 0.73671508 -0.88074630
v -0.32864964 0.75686312 -0.88740134
v -0.33180511 0.77761126 -0.89449924
v -0.33771276 0.80069321 -0.90331864
v 0.03445460 0.72132158 -0.73751307
v 0.05800166 0.71876121 -0.72772044
v 0.07332144 0.72324985 -0.72309434
v 0.08859770 0.72772813 -0.71846378
v 0.09592798 0.73911679 -0.71888882
v 0.10165270 0.75191373 -0.72031301
v 0.10738179 0.76472044 -0.72173828
v 0.11060058 0.77975827 -0.72476268
v 0.10762250 0.80031800 -0.73173892
v 0.10501426 0.82061595 -0.73849851
v -0.37485388 -0.22043639 -0.61358702
v -0.32311818 -0.23892559 -0.58852470
v -0.30621639 -0.23453395 -0.58328307
v -0.27552104 -0.23936884 -0.57014585
v -0.25907537 -0.23479824 -0.56512964
v -0.25773385 -0.22014290 -0.56875390
v -0.25638962 -0.20545776 -0.57238555
v -0.25504258 -0.19074267 -0.57602465
v -0.25373399 -0.17596969 -0.57969481
v -0.26600969 -0.15191866 -0.59119475
v -0.27771208 -0.12815833 -0.60239273
v 0.05762777 -0.28194892 -0.43035695
v 0.07137303 -0.27637678 -0.42665920
v 0.08508869 -0.27081665 -0.42296943
v 0.09951019 -0.26578584 -0.41885945
v 0.11508768 -0.26160789 -0.41406530
v 0.12925680 -0.25647432 -0.41008115
v 0.13384339 -0.24455944 -0.41168696
v 0.13969041 -0.23353016 -0.41255939
v 0.14535813 -0.22236463 -0.41353902
v 0.15102912 -0.21119270 -0.41451922
v 0.15670335 -0.20001432 -0.41549996
v 0.16055335 -0.18750559 -0.41755605
v 0.16296034 -0.17392917 -0.42046702
v 0.16651668 -0.16116536 -0.42270774
v 0.17003892 -0.14835644 -0.42497426
v 0.17356291 -0.13552839 -0.42724553
v 0.17709157 -0.12268331 -0.42951980
v 0.17834318 -0.10813177 -0.43314925
v 0.17942446 -0.09342090 -0.43688902
v 0.18050811 -0.07867793 -0.44063693
v 0.18091014 -0.06339084 -0.44479996
v 0.17941830 -0.04664342 -0.45010170
v 0.17811455 -0.02998964 -0.45530483
v 0.17579655 -0.01252120 -0.46112698
v 0.17061256 0.00717637 -0.46867785
v 0.16605437 0.02646593 -0.47587341
v 0.15901530 0.04771843 -0.48457476
v 0.15122931 0.06962373 -0.49374694
v 0.14167000 0.09297884 -0.50400853
v -0.40678698 0.63937402 -0.86864984
v -0.38624188 0.64098614 -0.86122602
v -0.37217879 0.64768445 -0.85772437
v -0.35853553 0.65468538 -0.85446930
v -0.34162942 0.65904284 -0.84921634
v -0.32813936 0.66609704 -0.84603500
v -0.32087120 0.67814028 -0.84664869
v -0.32000104 0.69536811 -0.85118026
v -0.32245791 0.71534085 -0.85776293
v -0.32318699 0.73396665 -0.86330253
v -0.32320529 0.75206280 -0.86842000
v -0.32347888 0.77041662 -0.87370819
v -0.32395190 0.78898430 -0.87913328
v -0.32686251 0.80961812 -0.88607657
v 0.03302646 0.72204000 -0.72332501
v 0.05763194 0.71855742 -0.71290511
v 0.07376248 0.72233182 -0.70778495
v 0.08984860 0.72609580 -0.70267886
v 0.09313085 0.74100274 -0.70563000
v 0.09885326 0.75379759 -0.70704871
v 0.10458004 0.76660228 -0.70846862
v 0.10749555 0.78190362 -0.71167171
v 0.10824776 0.79915315 -0.71625465
v 0.10689881 0.81831568 -0.72218359
v -0.32886380 -0.23483202 -0.57748878
v -0.29504800 -0.24165291 -0.56265366
v -0.25073713 -0.25558928 -0.54180843
v -0.24782972 -0.24204525 -0.54450750
v -0.24511521 -0.22834821 -0.54732329
v -0.24492723 -0.21292581 -0.55158943
v -0.24473879 -0.19746628 -0.55586582
v -0.24724032 -0.18014498 -0.56169337
v -0.25910416 -0.15639982 -0.57290387
v -0.27095425 -0.13256529 -0.58413428
v 0.03055234 -0.29330611 -0.42375624
v 0.06264739 -0.30040258 -0.40950093
v 0.07634982 -0.29482579 -0.40583566
v 0.09002282 -0.28926095 -0.40217829
v 0.10366648 -0.28370807 -0.39852872
v 0.11728092 -0.27816707 -0.39488703
v 0.13244081 -0.27374992 -0.39033890
v 0.13579445 -0.26100513 -0.39264268
v 0.13915266 -0.24824302 -0.39494964
v 0.14548956 -0.23758705 -0.39552638
v 0.15184061 -0.22693606 -0.39609635
v 0.15750352 -0.21578503 -0.39706984
v 0.16224097 -0.20395721 -0.39858714
v 0.16448070 -0.19030623 -0.40157133
v 0.16672437 -0.17663127 -0.40456074
v 0.16988362 -0.16359752 -0.40702006
v 0.17344247 -0.15083425 -0.40925071
v 0.17698474 -0.13803864 -0.41149676
v 0.18049428 -0.12524283 -0.41378310
v 0.18158509 -0.11054708 -0.41747224
v 0.18269226 -0.09587421 -0.42117646
v 0.18383159 -0.08119167 -0.42487112
v 0.18451296 -0.06613278 -0.42884654
v 0.18281327 -0.04924924 -0.43424466
v 0.18110822 -0.03231243 -0.43965986
v 0.17802738 -0.01428534 -0.44590724
v 0.17290905 0.00534581 -0.45338404
v 0.16714740 0.02553559 -0.46126369
v 0.16037399 0.04657128 -0.46976772
v 0.15151316 0.06928699 -0.47954163
v 0.14110982 0.09328050 -0.49026409
v -0.40641046 0.63885111 -0.85285425
v -0.38703200 0.64137524 -0.84616232
v -0.37367591 0.64862639 -0.84310025
v -0.36090836 0.65631866 -0.84038717
v -0.34419218 0.66082335 -0.83526909
v -0.33061990 0.66780710 -0.83204937
v -0.32238007 0.67906159 -0.83206755
v -0.32079780 0.69570500 -0.83614457
v -0.32191807 0.71458173 -0.84188205
v -0.32219538 0.73282516 -0.84711939
v -0.32150719 0.75032806 -0.85177970
v -0.32037631 0.76751137 -0.85618097
v -0.31963816 0.78505963 -0.86083496
v -0.32120046 0.80455339 -0.86691481
v -0.32827526 0.82867748 -0.87640256
v 0.04210876 0.71369910 -0.70258749
v 0.05981383 0.71614712 -0.69651330
v 0.07502584 0.72070080 -0.69198370
v 0.08914142 0.72616583 -0.68812913
v 0.09154184 0.74183297 -0.69161910
v 0.09605501 0.75568062 -0.69379014
v 0.10177951 0.76848328 -0.69520468
v 0.10422239 0.78419769 -0.69869161
v 0.10485009 0.80155438 -0.70333391
v 0.10559989 0.81884760 -0.70791161
v -0.28836545 -0.26129282 -0.54029214
v -0.22404830 -0.28845340 -0.50821495
v -0.23607484 -0.26481164 -0.51948613
v -0.02550512 -0.33029342 -0.42096147
v -0.01710162 -0.32091177 -0.42039272
v -0.00870091 -0.31153318 -0.41982418
v -0.00036853 -0.30211279 -0.41929337
v 0.03691597 -0.31262451 -0.40216428
v 0.06447147 -0.31656715 -0.39057681
v 0.07860329 -0.31130499 -0.38667473
v 0.09251495 -0.30592433 -0.38288969
v 0.10639554 -0.30055565 -0.37911305
v 0.12024518 -0.29519898 -0.37534487
v 0.13260022 -0.28882426 -0.37243044
v 0.13892660 -0.27821797 -0.37299496
v 0.14230917 -0.26552007 -0.37526542
v 0.14566591 -0.25278342 -0.37755650
v 0.14995746 -0.24069367 -0.37931073
v 0.15710366 -0.23063387 -0.37941027
v 0.16392119 -0.22033677 -0.37970135
v 0.16615748 -0.20673008 -0.38266245
v 0.16839769 -0.19309951 -0.38562873
v 0.17064185 -0.17944503 -0.38860020
v 0.17324236 -0.16602375 -0.39137080
v 0.17679904 -0.15327768 -0.39358848
v 0.18036038 -0.14051493 -0.39580905
v 0.18373905 -0.12759726 -0.39814249
v 0.18487567 -0.11299840 -0.40179989
v 0.18601473 -0.09836809 -0.40546513
v 0.18715625 -0.08370621 -0.40913829
v 0.18810663 -0.06886777 -0.41293365
v 0.18641475 -0.05201001 -0.41829991
v 0.18459623 -0.03500769 -0.42375490
v 0.18079270 -0.01645371 -0.43039969
v 0.17568617 0.00315051 -0.43783435
v 0.16868620 0.02426574 -0.44641271
v 0.16173023 0.04542616 -0.45498693
v 0.15179658 0.06895072 -0.46535632
v 0.14055027 0.09358183 -0.47653502
v -0.41841263 0.64810878 -0.84467220
v -0.38932541 0.64295578 -0.83202100
v -0.37571621 0.65000039 -0.82881713
v -0.36412406 0.65862477 -0.82682317
v -0.35009015 0.66527504 -0.82334727
v -0.33652741 0.67227137 -0.82014751
v -0.32760057 0.68297666 -0.81975043
v -0.32414910 0.69810981 -0.82267690
v -0.32487077 0.71665984 -0.82814813
v -0.32318380 0.73329818 -0.83216751
v -0.32085860 0.74945235 -0.83580852
v -0.31912839 0.76612926 -0.83982223
v -0.31775716 0.78313977 -0.84406590
v -0.31830454 0.80177635 -0.84949511
v -0.32225510 0.82328725 -0.85702419
v 0.04739781 0.70862985 -0.68427563
v 0.06209912 0.71364868 -0.68008876
v 0.07676704 0.71865612 -0.67591143
v 0.08828740 0.72636443 -0.67368811
v 0.09068570 0.74202317 -0.67716247
v 0.09325797 0.75756294 -0.68053728
v 0.09898017 0.77036357 -0.68194640
v 0.10096893 0.78647453 -0.68570322
v 0.10145321 0.80395514 -0.69041610
v 0.10219872 0.82124931 -0.69497740
v -0.03264630 -0.41511708 -0.38621467
v 0.00337859 -0.42421064 -0.37002763
v 0.00802262 -0.41247764 -0.37154168
v 0.00863680 -0.39802846 -0.37534052
v 0.00925237 -0.38354668 -0.37914792
v 0.00986932 -0.36903220 -0.38296393
v 0.01048768 -0.35448492 -0.38678855
v 0.01110743 -0.33990467 -0.39062184
v 0.01172858 -0.32529137 -0.39446381
v 0.04417732 -0.33247083 -0.38016582
v 0.06514698 -0.33187619 -0.37238634
v 0.07982887 -0.32700679 -0.36818203
v 0.09371022 -0.32161981 -0.36442545
v 0.10756065 -0.31624478 -0.36067724
v 0.12058357 -0.31032526 -0.35739452
v 0.12957130 -0.30160606 -0.35642189
v 0.13811636 -0.29258409 -0.35570145
v 0.14323679 -0.28114992 -0.35695162
v 0.14836104 -0.26970726 -0.35820273
v 0.15215632 -0.25730792 -0.36022434
v 0.15551613 -0.24457937 -0.36250275
v 0.16154911 -0.23374599 -0.36323959
v 0.16815297 -0.22331657 -0.36364731
v 0.16994357 -0.20940894 -0.36684933
v 0.17230441 -0.19588545 -0.36972806
v 0.17454901 -0.18225139 -0.37268171
v 0.17679758 -0.16859341 -0.37564051
v 0.18014739 -0.15571511 -0.37796453
v 0.18370655 -0.14296958 -0.38017216
v 0.18645585 -0.12960647 -0.38285896
v 0.18799596 -0.11532359 -0.38626057
v 0.18932907 -0.10085587 -0.38979220
v 0.19047277 -0.08621459 -0.39344397
v 0.19161893 -0.07154174 -0.39710364
v 0.19000708 -0.05476376 -0.40239573
v 0.18705748 -0.03692882 -0.40848956
v 0.18355177 -0.01861718 -0.41492707
v 0.17845698 0.00096018 -0.42231989
v 0.17045034 0.02282435 -0.43145409
v 0.16308409 0.04428308 -0.44023246
v 0.15207961 0.06861493 -0.45119101
v 0.13999134 0.09388281 -0.46282136
v -0.44396445 0.66805178 -0.84428394
v -0.39399114 0.64641613 -0.81931233
v -0.38088688 0.65386379 -0.81642520
v -0.36916906 0.66239065 -0.81436449
v -0.35726005 0.67074507 -0.81218314
v -0.34521270 0.67896783 -0.80991274
v -0.33616397 0.68958759 -0.80944729
v -0.33200002 0.70415622 -0.81193441
v -0.32952097 0.72011667 -0.81544834
v -0.32624695 0.73546243 -0.81848955
v -0.32385066 0.75155479 -0.82207161
v -0.32001197 0.76649719 -0.82478631
v -0.31675759 0.78194666 -0.82786387
v -0.31565192 0.79920125 -0.83225918
v -0.31773916 0.81914592 -0.83861494
v -0.32968763 0.84735882 -0.85101408
v 0.01274535 0.72020733 -0.68578917
v 0.04921507 0.70655417 -0.66816145
v 0.06375094 0.71169907 -0.66408932
v 0.07825457 0.71683252 -0.66002613
v 0.08639149 0.72747087 -0.65991139
v 0.08983049 0.74221313 -0.66272163
v 0.09223121 0.75789315 -0.66618699
v 0.09618203 0.77224296 -0.66869390
v 0.09771638 0.78875071 -0.67271841
v 0.09805709 0.80635524 -0.67750120
v 0.09879832 0.82365036 -0.68204600
v -0.11582973 -0.43454924 -0.39852250
v -0.09373385 -0.43408436 -0.39031339
v -0.06505137 -0.43801171 -0.37839821
v -0.03665766 -0.44185364 -0.36661565
v -0.02036913 -0.43780002 -0.36159536
v -0.00412912 -0.43375844 -0.35659003
v 0.01076944 -0.42886791 -0.35232678
v 0.01587138 -0.41746843 -0.35356924
v 0.02097711 -0.40606049 -0.35481262
v 0.02371268 -0.39304587 -0.35739693
v 0.02434404 -0.37858641 -0.36117682
v 0.02497681 -0.36409432 -0.36496517
v 0.02561101 -0.34956956 -0.36876211
v 0.05041588 -0.35152656 -0.35885772
v 0.06581982 -0.34712449 -0.35426804
v 0.08104935 -0.34264335 -0.34976617
v 0.09490053 -0.33725011 -0.34603786
v 0.10859277 -0.33178005 -0.34239095
v 0.11757430 -0.32306400 -0.34142369
v 0.12655064 -0.31435299 -0.34045699
v 0.13552180 -0.30564708 -0.33949086
v 0.14242014 -0.29549119 -0.33970982
v 0.14753515 -0.28407383 -0.34095234
v 0.15265395 -0.27264798 -0.34219578
v 0.15777658 -0.26121363 -0.34344015
v 0.16198236 -0.24911337 -0.34521556
v 0.16598208 -0.23684937 -0.34711418
v 0.17250989 -0.22638653 -0.34755832
v 0.17351027 -0.21192956 -0.35119820
v 0.17580827 -0.19837965 -0.35409638
v 0.17844591 -0.18505037 -0.35680509
v 0.18069492 -0.17141281 -0.35974610
v 0.18348756 -0.15814660 -0.36237878
v 0.18704458 -0.14541823 -0.36457354
v 0.18912941 -0.13158377 -0.36763120
v 0.19067049 -0.11731873 -0.37101376
v 0.19221467 -0.10302500 -0.37440309
v 0.19376193 -0.08870250 -0.37779921
v 0.19492953 -0.07406464 -0.38142633
v 0.19297315 -0.05704700 -0.38689360
v 0.18951342 -0.03884581 -0.39325708
v 0.18604068 -0.02057609 -0.39964452
v 0.18122156 -0.00122521 -0.40684050
v 0.17221113 0.02138572 -0.41652405
v 0.16443555 0.04314203 -0.42550418
v 0.15236224 0.06827961 -0.43704566
v 0.13943303 0.09418346 -0.44912311
v -0.40514451 0.65501678 -0.81047833
v -0.38797227 0.65924948 -0.80517435
v -0.37667093 0.66811687 -0.80337369
v -0.36552593 0.67709249 -0.80166209
v -0.35458457 0.68621570 -0.80006844
v -0.34568557 0.69697076 -0.79969889
v -0.34317443 0.71289182 -0.80317563
v -0.33712143 0.72596943 -0.80452549
v -0.33156726 0.73946631 -0.80618012
v -0.32633984 0.75324607 -0.80803674
v -0.32192138 0.76770747 -0.81038803
v -0.31883767 0.78329045 -0.81355464
v -0.31679201 0.79976153 -0.81735981
v -0.31781405 0.81881309 -0.82303965
v -0.32410097 0.84230071 -0.83193910
v 0.03729715 0.69862485 -0.65563315
v 0.05047910 0.70495623 -0.65241814
v 0.06451301 0.71051991 -0.64866823
v 0.07900398 0.71565050 -0.64462554
v 0.08322620 0.72968298 -0.64693165
v 0.08655608 0.74451751 -0.64979744
v 0.09013344 0.75916302 -0.65251726
v 0.09377797 0.77377594 -0.65520269
v 0.09446472 0.79102629 -0.65973717
v 0.09474888 0.80867761 -0.66453505
v 0.09428308 0.82704264 -0.66981423
v -0.10403425 -0.45673594 -0.37417823
v -0.07649115 -0.45983836 -0.36296782
v -0.06006135 -0.45577702 -0.35791692
v -0.04372445 -0.45169923 -0.35290542
v -0.02743622 -0.44763362 -0.34790888
v -0.01119647 -0.44358009 -0.34292725
v 0.00499502 -0.43953860 -0.33796039
v 0.01603229 -0.43210936 -0.33586827
v 0.02112850 -0.42072824 -0.33710280
v 0.02622848 -0.40933871 -0.33833820
v 0.03133223 -0.39794073 -0.33957455
v 0.03643977 -0.38653430 -0.34081179
v 0.03937762 -0.37364522 -0.34327486
v 0.05111748 -0.36672655 -0.34077737
v 0.06648999 -0.36231247 -0.33622140
v 0.08182064 -0.35791045 -0.33167788
v 0.09608592 -0.35281569 -0.32772645
v 0.10560308 -0.34447581 -0.32645771
v 0.11457325 -0.33576798 -0.32549638
v 0.12353823 -0.32706520 -0.32453558
v 0.13249803 -0.31836745 -0.32357538
v 0.14145267 -0.30967471 -0.32261568
v 0.14671212 -0.29839030 -0.32376209
v 0.15182170 -0.28698972 -0.32499698
v 0.15693507 -0.27558061 -0.32623276
v 0.16205226 -0.26416305 -0.32746947
v 0.16717324 -0.25273699 -0.32870713
v 0.17178731 -0.24093640 -0.33023894
v 0.17685470 -0.22944795 -0.33151397
v 0.17785841 -0.21501443 -0.33513141
v 0.17886430 -0.20054951 -0.33875668
v 0.18166837 -0.18735902 -0.34135345
v 0.18458202 -0.17422479 -0.34389341
v 0.18683542 -0.16058376 -0.34682184
v 0.19025810 -0.14777541 -0.34908035
v 0.19179706 -0.13355669 -0.35243717
v 0.19333911 -0.11930944 -0.35580069
v 0.19488424 -0.10503357 -0.35917097
v 0.19643250 -0.09072900 -0.36254808
v 0.19784650 -0.07629284 -0.36601198
v 0.19541551 -0.05893677 -0.37172917
v 0.19196410 -0.04075868 -0.37805733
v 0.18849972 -0.02251223 -0.38440934
v 0.18300000 -0.00266171 -0.39197022
v 0.17396852 0.01994985 -0.40162262
v 0.16578461 0.04200300 -0.41080198
v 0.15264449 0.06794477 -0.42292023
v 0.13915458 0.09426872 -0.43527570
v 0.12249150 0.12316031 -0.44953445
v -0.42950687 0.67408216 -0.80947143
v -0.40202403 0.67017382 -0.79806054
v -0.38681591 0.67595172 -0.79394388
v -0.37422055 0.68378288 -0.79137748
v -0.36390209 0.69341934 -0.79016638
v -0.36060679 0.70870757 -0.79315913
v -0.35238934 0.72004110 -0.79320735
v -0.34471935 0.73181969 -0.79358453
v -0.33714491 0.74367976 -0.79402024
v -0.32975081 0.75569141 -0.79456556
v -0.32363895 0.76876050 -0.79588550
v -0.32067060 0.78443098 -0.79910690
v -0.31809250 0.80045474 -0.80257273
v -0.31834295 0.81885737 -0.80776006
v -0.32331586 0.84123969 -0.81582361
v 0.03892748 0.69672871 -0.63968325
v 0.05209538 0.70305580 -0.63648534
v 0.06527383 0.70934266 -0.63327235
v 0.07742646 0.71648830 -0.63068253
v 0.08016367 0.73180580 -0.63389307
v 0.08314645 0.74694020 -0.63696063
v 0.08672088 0.76158583 -0.63967061
v 0.08996403 0.77654952 -0.64259315
v 0.09094346 0.79354000 -0.64692736
v 0.09149381 0.81095314 -0.65153974
v 0.08823899 0.83179367 -0.65853095
v -0.12968314 -0.46942696 -0.36657095
v -0.09901424 -0.47443485 -0.35371086
v -0.08335981 -0.46981680 -0.34912413
v -0.06754350 -0.46534467 -0.34443662
v -0.05104460 -0.46135995 -0.33935919
v -0.03459571 -0.45738733 -0.33429715
v -0.01825445 -0.45338866 -0.32928261
v -0.00206320 -0.44933531 -0.32433930
v 0.01408002 -0.44529396 -0.31941068
v 0.02127932 -0.43534100 -0.31945929
v 0.02636979 -0.42397821 -0.32068589
v 0.03146403 -0.41260701 -0.32191336
v 0.03647191 -0.40116674 -0.32319221
v 0.04107001 -0.38943809 -0.32470393
v 0.04567229 -0.37769878 -0.32621709
v 0.06159862 -0.37365580 -0.32137007
v 0.07802556 -0.36999831 -0.31622940
v 0.09227850 -0.36489582 -0.31230077
v 0.10253062 -0.35707447 -0.31061915
v 0.11158035 -0.34843740 -0.30961242
v 0.12053400 -0.33974281 -0.30865753
v 0.12948248 -0.33105323 -0.30770317
v 0.13842581 -0.32236865 -0.30674937
v 0.14589196 -0.31265697 -0.30663162
v 0.15099235 -0.30128151 -0.30785802
v 0.15609652 -0.28989759 -0.30908531
v 0.16120446 -0.27850521 -0.31031352
v 0.16631620 -0.26710439 -0.31154263
v 0.17143175 -0.25569507 -0.31277266
v 0.17655109 -0.24427730 -0.31400359
v 0.18118745 -0.23250090 -0.31551418
v 0.18219446 -0.21809071 -0.31910923
v 0.18320365 -0.20364925 -0.32271206
v 0.18451111 -0.18939166 -0.32615262
v 0.18752384 -0.17634703 -0.32862049
v 0.19054109 -0.16328302 -0.33109203
v 0.19291890 -0.14972629 -0.33393875
v 0.19436246 -0.13545418 -0.33733234
v 0.19574280 -0.12110399 -0.34077111
v 0.19712603 -0.10672421 -0.34421694
v 0.19851209 -0.09231474 -0.34766993
v 0.19990103 -0.07787548 -0.35113007
v 0.19729763 -0.06040561 -0.35691988
v 0.19405589 -0.04240089 -0.36309609
v 0.19080220 -0.02432979 -0.36929506
v 0.18474440 -0.00407222 -0.37714630
v 0.17572258 0.01851672 -0.38674966
v 0.16622663 0.04155770 -0.39665508
v 0.15329011 0.06733123 -0.40860155
v 0.13959523 0.09380039 -0.42102358
v 0.12253513 0.12298652 -0.43545419
v -0.42002732 0.68423909 -0.79324424
v -0.40017354 0.68648034 -0.78635812
v -0.39092192 0.69688362 -0.78583509
v -0.38203263 0.70770371 -0.78549016
v -0.37329456 0.71864241 -0.78523451
v -0.36399123 0.72912139 -0.78464055
v -0.35225168 0.73761636 -0.78258783
v -0.34139591 0.74681205 -0.78105909
v -0.33350474 0.75841725 -0.78130412
v -0.32658467 0.77082169 -0.78213298
v -0.32210708 0.78524530 -0.78443265
v -0.31957093 0.80129534 -0.78790730
v -0.31947711 0.81940389 -0.79286361
v -0.32325810 0.84078461 -0.80017221
v 0.02998328 0.68627304 -0.62536055
v 0.04158314 0.69395322 -0.62313551
v 0.05442271 0.70054364 -0.62014604
v 0.06724111 0.70712316 -0.61716157
v 0.07436810 0.71861100 -0.61766034
v 0.07710215 0.73392797 -0.62085891
v 0.07984103 0.74927193 -0.62406301
v 0.08330907 0.76400822 -0.62682682
v 0.08584907 0.77958786 -0.63017040
v 0.08696181 0.79646021 -0.63440454
v 0.08773900 0.81367141 -0.63885766
v 0.08219085 0.83654785 -0.64723998
v -0.12869763 -0.48447743 -0.34835497
v -0.10587174 -0.48440981 -0.33986434
v -0.09021886 -0.47978136 -0.33529973
v -0.07460871 -0.47516552 -0.33074757
v -0.05856740 -0.47087076 -0.32594657
v -0.04211676 -0.46688604 -0.32090783
v -0.02571589 -0.46291345 -0.31588435
v -0.00936456 -0.45895278 -0.31087604
v 0.00693745 -0.45500407 -0.30588287
v 0.02142957 -0.44989914 -0.30188176
v 0.02611112 -0.43829697 -0.30332154
v 0.03069276 -0.42661518 -0.30482036
v 0.03527855 -0.41492277 -0.30632061
v 0.03986851 -0.40321976 -0.30782214
v 0.04446264 -0.39150608 -0.30932507
v 0.05140718 -0.38137341 -0.30951783
v 0.06784764 -0.37770444 -0.30439621
v 0.08325718 -0.37337705 -0.29983968
v 0.09457707 -0.36628556 -0.29756650
v 0.10352763 -0.35758343 -0.29661870
v 0.11400358 -0.34994382 -0.29481059
v 0.12446806 -0.34231263 -0.29300445
v 0.13492106 -0.33468977 -0.29120031
v 0.14433408 -0.32635671 -0.28997880
v 0.15016587 -0.31552362 -0.29077861
v 0.15496925 -0.30395958 -0.29216254
v 0.15945165 -0.29215619 -0.29373172
v 0.16393833 -0.28034157 -0.29530242
v 0.16842930 -0.26851565 -0.29687464
v 0.17292455 -0.25667846 -0.29844835
v 0.17742410 -0.24482998 -0.30002359
v 0.18158308 -0.23272207 -0.30179697
v 0.18522044 -0.22022142 -0.30387264
v 0.18753098 -0.20674038 -0.30671203
v 0.18854566 -0.19229099 -0.31030032
v 0.19035885 -0.17839135 -0.31344002
v 0.19337477 -0.16534366 -0.31589752
v 0.19528005 -0.15145694 -0.31899938
v 0.19640993 -0.13696958 -0.32255515
v 0.19779101 -0.12263531 -0.32597527
v 0.19917494 -0.10827151 -0.32940245
v 0.20056175 -0.09387808 -0.33283666
v 0.20195138 -0.07945492 -0.33627799
v 0.19916661 -0.06186448 -0.34214494
v 0.19593146 -0.04387999 -0.34828797
v 0.19243774 -0.02564267 -0.35459679
v 0.18663163 -0.00559100 -0.36226571
v 0.17761041 0.01698185 -0.37182531
v 0.16747895 0.04049300 -0.38205636
v 0.15468304 0.06614445 -0.39386818
v 0.14003523 0.09333274 -0.40679228
v 0.12257870 0.12281295 -0.42139259
v -0.42340964 0.70462745 -0.78464651
v -0.41397932 0.71507215 -0.78399825
v -0.40187702 0.72336382 -0.78176284
v -0.38995549 0.73178005 -0.77962899
v -0.37721375 0.73951221 -0.77700168
v -0.36073795 0.74418736 -0.77214307
v -0.34781677 0.75171226 -0.76939189
v -0.33599415 0.75967628 -0.76776004
v -0.32896250 0.77241701 -0.76804709
v -0.32357740 0.78608787 -0.76979244
v -0.32133657 0.80237353 -0.77342772
v -0.32068053 0.82000840 -0.77802420
v -0.32359281 0.84065664 -0.78477818
v -0.34196049 0.87427503 -0.80085415
v 0.02373211 0.67354012 -0.60942405
v 0.03440017 0.68201149 -0.60777265
v 0.04518306 0.69036824 -0.60604697
v 0.05800313 0.69695312 -0.60307550
v 0.06930361 0.70482248 -0.60102308
v 0.07095177 0.72104448 -0.60486186
v 0.07395118 0.73612803 -0.60788435
v 0.07677738 0.75139260 -0.61102110
v 0.07989800 0.76643002 -0.61398578
v 0.08173403 0.78262627 -0.61774749
v 0.08308311 0.79940730 -0.62221712
v 0.08375257 0.81659478 -0.62631977
v 0.07613865 0.84130526 -0.63594157
v -0.14860688 -0.48611736 -0.34161723
v -0.11947011 -0.49004042 -0.32972723
v -0.09877434 -0.48863342 -0.32242832
v -0.08145973 -0.48510578 -0.31696448
v -0.06589364 -0.48049223 -0.31244668
v -0.04962900 -0.47637367 -0.30753422
v -0.03322636 -0.47238901 -0.30253386
v -0.01687324 -0.46841636 -0.29754865
v -0.00199436 -0.46351734 -0.29336402
v 0.01224237 -0.45823115 -0.28952360
v 0.02505972 -0.45203760 -0.28645828
v 0.02954175 -0.44032058 -0.28799763
v 0.03408912 -0.42863345 -0.28950453
v 0.03867098 -0.41695595 -0.29099602
v 0.04325699 -0.40526786 -0.29248881
v 0.04784716 -0.39356914 -0.29398301
v 0.05767251 -0.38540852 -0.29256630
v 0.07363826 -0.38144171 -0.28772327
v 0.08614496 -0.37515458 -0.28479883
v 0.09687094 -0.36767247 -0.28286222
v 0.10503753 -0.35844576 -0.28235281
v 0.11499008 -0.35045779 -0.28084162
v 0.12544565 -0.34283242 -0.27904460
v 0.13588978 -0.33521533 -0.27724952
v 0.14611685 -0.32746294 -0.27557206
v 0.15092689 -0.31592739 -0.27693996
v 0.15549742 -0.30421081 -0.27844632
v 0.15997684 -0.29241616 -0.28000790
v 0.16446051 -0.28061023 -0.28157091
v 0.16894847 -0.26879305 -0.28313544
v 0.17344069 -0.25696459 -0.28470147
v 0.17793722 -0.24512480 -0.28626895
v 0.18187630 -0.23286973 -0.28815699
v 0.18540159 -0.22029853 -0.29028505
v 0.18913214 -0.20785648 -0.29230163
v 0.19287169 -0.19540237 -0.29431814
v 0.19388442 -0.18093969 -0.29789612
v 0.19620202 -0.16739964 -0.30073744
v 0.19819838 -0.15359716 -0.30376977
v 0.19865575 -0.13863128 -0.30769151
v 0.19988680 -0.12420183 -0.31117937
v 0.20121978 -0.10981572 -0.31461757
v 0.20260729 -0.09543829 -0.31803313
v 0.20399766 -0.08103120 -0.32145572
v 0.20103197 -0.06332052 -0.32739872
v 0.19756240 -0.04517455 -0.33364785
v 0.19388030 -0.02680942 -0.34003577
v 0.18851520 -0.00710682 -0.34741420
v 0.17950816 0.01543961 -0.35692224
v 0.16861483 0.03951750 -0.36754927
v 0.15607347 0.06495979 -0.37916118
v 0.14069189 0.09269842 -0.39245534
v 0.12262221 0.12263961 -0.40734965
v -0.41014105 0.74775815 -0.77604836
v -0.38723740 0.74731398 -0.76742363
v -0.37083209 0.75206321 -0.76263136
v -0.35118094 0.75412190 -0.75589848
v -0.33853358 0.76184219 -0.75331360
v -0.33133897 0.77401143 -0.75396955
v -0.32482892 0.78675061 -0.75503540
v -0.32285693 0.80324954 -0.75881392
v -0.32176536 0.82051492 -0.76312894
v -0.32363626 0.84028685 -0.76922905
v -0.33804515 0.87058604 -0.78286219
v 0.01107438 0.64875543 -0.59259975
v 0.02006737 0.65864480 -0.59196466
v 0.02905717 0.66853052 -0.59132981
v 0.03880450 0.67776209 -0.59023482
v 0.04944564 0.68621564 -0.58859527
v 0.06157432 0.69337177 -0.58604872
v 0.06639788 0.70681715 -0.58793384
v 0.06804930 0.72303241 -0.59175390
v 0.07045598 0.73862791 -0.59512407
v 0.07345720 0.75373751 -0.59814066
v 0.07638634 0.76894009 -0.60120946
v 0.07761893 0.78566480 -0.60532427
v 0.07885432 0.80242783 -0.60944849
v 0.07976625 0.81951815 -0.61378235
v 0.06821590 0.84772420 -0.62578189
v -0.16857339 -0.48776197 -0.33486012
v -0.13883039 -0.49200010 -0.32270893
v -0.11032788 -0.49555016 -0.31120372
v -0.09226958 -0.49247670 -0.30536366
v -0.07427485 -0.48941401 -0.29954413
v -0.05713245 -0.48585019 -0.29417619
v -0.04179778 -0.48115689 -0.28978416
v -0.02748073 -0.47583756 -0.28593886
v -0.01319709 -0.47053063 -0.28210253
v 0.00105321 -0.46523610 -0.27827513
v 0.01527033 -0.45995387 -0.27445665
v 0.02861212 -0.45412514 -0.27111065
v 0.03309034 -0.44242340 -0.27264094
v 0.03757276 -0.43071067 -0.27417263
v 0.04205937 -0.41898701 -0.27570578
v 0.04663736 -0.40731102 -0.27719215
v 0.05122358 -0.39562723 -0.27867761
v 0.06391677 -0.38943008 -0.27567172
v 0.07653613 -0.38320979 -0.27269939
v 0.08902628 -0.37692818 -0.26979160
v 0.09916015 -0.36905655 -0.26818791
v 0.10731808 -0.35983902 -0.26768127
v 0.11597501 -0.35097092 -0.26689497
v 0.12642169 -0.34335130 -0.26510701
v 0.13685696 -0.33574006 -0.26332098
v 0.14613520 -0.32733673 -0.26217842
v 0.15104382 -0.31587970 -0.26348293
v 0.15576154 -0.30427641 -0.26489785
v 0.16046678 -0.29265136 -0.26632333
v 0.16498192 -0.28087848 -0.26785931
v 0.16946687 -0.26907000 -0.26941615
v 0.17395610 -0.25725025 -0.27097452
v 0.17844960 -0.24541926 -0.27253434
v 0.18216915 -0.23301716 -0.27453580
v 0.18569219 -0.22045474 -0.27665359
v 0.18930626 -0.20793870 -0.27872509
v 0.19304340 -0.19549300 -0.28073198
v 0.19678511 -0.18303205 -0.28274128
v 0.19921990 -0.16959527 -0.28549948
v 0.20111001 -0.15573248 -0.28857511
v 0.20157030 -0.14078632 -0.29247433
v 0.20209537 -0.12585181 -0.29634643
v 0.20338064 -0.11144608 -0.29979351
v 0.20466861 -0.09701019 -0.30324778
v 0.20603983 -0.08260432 -0.30666313
v 0.20265831 -0.06459694 -0.31281632
v 0.19899631 -0.04632050 -0.31914651
v 0.19532028 -0.02797408 -0.32550094
v 0.19039509 -0.00861967 -0.33259168
v 0.18082945 0.01433675 -0.34237891
v 0.16970876 0.03857427 -0.35308993
v 0.15746142 0.06377724 -0.36448035
v 0.14172553 0.09177404 -0.37792137
v 0.12266566 0.12246650 -0.39332533
v -0.40216795 0.75908506 -0.76071256
v -0.37321469 0.75367796 -0.74853510
v -0.35307240 0.75533181 -0.74153793
v -0.34128726 0.76375055 -0.73947269
v -0.33295757 0.77498430 -0.73945153
v -0.32654107 0.78779292 -0.74056649
v -0.32410946 0.80390447 -0.74405420
v -0.32137328 0.81979734 -0.74736971
v -0.32300216 0.83973885 -0.75379241
v -0.33467820 0.86735594 -0.76523799
v 0.00209395 0.62096590 -0.57363367
v 0.01083177 0.63104475 -0.57314718
v 0.01956721 0.64112079 -0.57266068
v 0.02830028 0.65119410 -0.57217437
v 0.03703097 0.66126466 -0.57168823
v 0.04575928 0.67133248 -0.57120222
v 0.05448522 0.68139762 -0.57071632
v 0.06184874 0.69263130 -0.57105243
v 0.06349326 0.70881110 -0.57484961
v 0.06514128 0.72502536 -0.57865500
v 0.06696144 0.74112737 -0.58236611
v 0.06995945 0.75623763 -0.58537179
v 0.07156425 0.77259845 -0.58923298
v 0.07288231 0.78924978 -0.59327936
v 0.07473443 0.80547005 -0.59701091
v 0.07578004 0.82244140 -0.60124511
v 0.06141819 0.85314286 -0.61491454
v -0.18859743 -0.48941132 -0.32808352
v -0.15645917 -0.49510109 -0.31470665
v -0.13407408 -0.49467558 -0.30657932
v -0.10380313 -0.49938208 -0.29415667
v -0.08578672 -0.49630702 -0.28835645
v -0.06843121 -0.49285644 -0.28290135
v -0.05313215 -0.48812029 -0.27855211
v -0.03869788 -0.48285973 -0.27466351
v -0.02440064 -0.47754443 -0.27084020
v -0.01013675 -0.47224152 -0.26702583
v 0.00409391 -0.46695098 -0.26322031
v 0.01829146 -0.46167272 -0.25942367
v 0.03215586 -0.45620760 -0.25580037
v 0.03663029 -0.44452107 -0.25732163
v 0.04110890 -0.43282363 -0.25884432
v 0.04559170 -0.42111519 -0.26036841
v 0.05007869 -0.40939587 -0.26189396
v 0.05459195 -0.39768046 -0.26340875
v 0.06693169 -0.39126137 -0.26060554
v 0.07942753 -0.38497397 -0.25770912
v 0.09190118 -0.37869778 -0.25481784
v 0.10144471 -0.37043780 -0.25354344
v 0.10959399 -0.36122945 -0.25303957
v 0.11774074 -0.35202393 -0.25253585
v 0.12739620 -0.34386945 -0.25119162
v 0.13782260 -0.33626395 -0.24941462
v 0.14615351 -0.32721063 -0.24880186
v 0.15105902 -0.31576085 -0.25010020
v 0.15589185 -0.30424801 -0.25144237
v 0.16059406 -0.29263058 -0.25286102
v 0.16530037 -0.28100297 -0.25428092
v 0.16998450 -0.26934657 -0.25571680
v 0.17447074 -0.25753555 -0.25726750
v 0.17894533 -0.24570185 -0.25882858
v 0.18246159 -0.23316440 -0.26093340
v 0.18598238 -0.22061071 -0.26304093
v 0.18950772 -0.20804080 -0.26515120
v 0.19321486 -0.19558351 -0.26716399
v 0.19695418 -0.18313098 -0.26916367
v 0.20069806 -0.17066318 -0.27116576
v 0.20383774 -0.15773262 -0.27351582
v 0.20447817 -0.14293641 -0.27729207
v 0.20494249 -0.12797453 -0.28117806
v 0.20558566 -0.11310920 -0.28497204
v 0.20687461 -0.09868991 -0.28840727
v 0.20816626 -0.08424041 -0.29184967
v 0.20411450 -0.06574546 -0.29835662
v 0.20042765 -0.04746439 -0.30467117
v 0.19675766 -0.02913664 -0.31099221
v 0.19227129 -0.01012958 -0.31779802
v 0.18190873 0.01341841 -0.32799894
v 0.17080082 0.03763263 -0.33865488
v 0.15884690 0.06259681 -0.34982574
v 0.14275743 0.09085119 -0.36341155
v -0.40825993 0.76370502 -0.74875605
v -0.37528741 0.75504130 -0.73426563
v -0.35584986 0.75726372 -0.72771084
v -0.34315994 0.76493889 -0.72511929
v -0.33436787 0.77578652 -0.72482324
v -0.32860029 0.78912121 -0.72631526
v -0.32460436 0.80393392 -0.72886038
v -0.32121065 0.81927055 -0.73176932
v -0.32302773 0.83897042 -0.73778009
v -0.00335505 0.59035742 -0.55265677
v 0.00838671 0.59788269 -0.55037367
v 0.02011338 0.60539830 -0.54809350
v 0.03182501 0.61290431 -0.54581630
v 0.04352161 0.62040067 -0.54354203
v 0.05201336 0.63059676 -0.54317987
v 0.05385487 0.64645755 -0.54680252
v 0.05570015 0.66235077 -0.55043256
v 0.05754920 0.67827654 -0.55407000
v 0.05927363 0.69434559 -0.55779231
v 0.06070203 0.71070719 -0.56170279
v 0.06223436 0.72701752 -0.56556118
v 0.06388248 0.74326533 -0.56935990
v 0.06646236 0.75873727 -0.57260525
v 0.06681897 0.77618945 -0.57720619
v 0.06697816 0.79386103 -0.58193928
v 0.06932233 0.80965215 -0.58535796
v 0.07016983 0.82688415 -0.59006900
v 0.05894816 0.85471672 -0.60139740
v -0.17412545 -0.49820873 -0.30668736
v -0.15178953 -0.49770111 -0.29863372
v -0.12483750 -0.50021619 -0.28807110
v -0.09730034 -0.50320101 -0.27716702
v -0.08093098 -0.49909046 -0.27227429
v -0.06557902 -0.49436596 -0.26792040
v -0.05026786 -0.48965400 -0.26357815
v -0.03572800 -0.48447862 -0.25964382
v -0.02132753 -0.47924748 -0.25577569
v -0.00708331 -0.47394857 -0.25198317
v 0.00712775 -0.46866196 -0.24819945
v 0.02130578 -0.46338767 -0.24442452
v 0.03545089 -0.45812565 -0.24065837
v 0.04016162 -0.44661364 -0.24203959
v 0.04463643 -0.43493140 -0.24355328
v 0.04911542 -0.42323825 -0.24506840
v 0.05359860 -0.41153413 -0.24658492
v 0.06343662 -0.40343618 -0.24516401
v 0.07398947 -0.39583623 -0.24334651
v 0.08445437 -0.38819286 -0.24157293
v 0.09489042 -0.38035306 -0.24007013
v 0.10372462 -0.37181625 -0.23892872
v 0.11186526 -0.36261705 -0.23842762
v 0.12000339 -0.35342067 -0.23792669
v 0.12836912 -0.34438673 -0.23729841
v 0.13878670 -0.33678702 -0.23553042
v 0.14617179 -0.32708469 -0.23544225
v 0.15107420 -0.31564215 -0.23673442
v 0.15598053 -0.30419046 -0.23802762
v 0.16072118 -0.29260981 -0.23941638
v 0.16542447 -0.28098986 -0.24082950
v 0.17013183 -0.26935974 -0.24224383
v 0.17484334 -0.25771949 -0.24365939
v 0.17923960 -0.24584016 -0.24525510
v 0.18275362 -0.23331143 -0.24734972
v 0.18627217 -0.22076648 -0.24944703
v 0.18979527 -0.20820534 -0.25154707
v 0.19338611 -0.19567390 -0.25361425
v 0.19712301 -0.18322976 -0.25560427
v 0.20086451 -0.17077041 -0.25759673
v 0.20379411 -0.15769564 -0.26005307
v 0.20593049 -0.14401272 -0.26296455
v 0.20784661 -0.13013941 -0.26600823
v 0.20831493 -0.11516180 -0.26988098
v 0.20907606 -0.10036617 -0.27359721
v 0.21036871 -0.08593331 -0.27702063
v 0.20600624 -0.06722100 -0.28367335
v 0.20202804 -0.04873557 -0.29012394
v 0.19827397 -0.03035877 -0.29646301
v 0.19401078 -0.01153553 -0.30310932
v 0.18298620 0.01250161 -0.31364301
v 0.17189108 0.03669257 -0.32424408
v 0.15990111 0.06167075 -0.33538592
v 0.14378762 0.08992986 -0.34892583
v -0.41090241 0.76553440 -0.73477215
v -0.37700966 0.75612038 -0.71980125
v -0.35559064 0.75672209 -0.71210927
v -0.34330684 0.76471668 -0.70976359
v -0.33478492 0.77577436 -0.70962447
v -0.32904688 0.78912228 -0.71112478
v -0.32506210 0.80393314 -0.71366304
v -0.01010051 0.56099242 -0.53256172
v 0.00223467 0.56800878 -0.52993304
v 0.01394484 0.57552111 -0.52766746
v 0.02563998 0.58302379 -0.52540481
v 0.03732013 0.59051687 -0.52314502
v 0.04790873 0.59890842 -0.52152818
v 0.04929923 0.61506897 -0.52538222
v 0.05065817 0.63129431 -0.52926534
v 0.05140043 0.64808357 -0.53352684
v 0.05320573 0.66400588 -0.53716439
v 0.05505175 0.67992926 -0.54078740
v 0.05677884 0.69599080 -0.54449129
v 0.05820413 0.71235013 -0.54838622
v 0.05963255 0.72874528 -0.55228972
v 0.06106412 0.74517661 -0.55620182
v 0.06265683 0.76150626 -0.56002730
v 0.06207258 0.77978128 -0.56517655
v 0.06148663 0.79810917 -0.57034063
v 0.06340957 0.81427568 -0.57400101
v 0.06249899 0.83298683 -0.57938766
v 0.04923031 0.86272830 -0.59228468
v -0.16942656 -0.50080723 -0.29060841
v -0.14713271 -0.50029391 -0.28260490
v -0.11564010 -0.50573319 -0.26964134
v -0.09343682 -0.50532752 -0.26164201
v -0.07806449 -0.50059354 -0.25730124
v -0.06273302 -0.49587217 -0.25297204
v -0.04744225 -0.49116334 -0.24865431
v -0.03280211 -0.48606956 -0.24467768
v -0.01840357 -0.48085365 -0.24082212
v -0.00403921 -0.47565013 -0.23697573
v 0.01015475 -0.47036913 -0.23321241
v 0.02431333 -0.46509883 -0.22945914
v 0.03843906 -0.45984069 -0.22571456
v 0.04368438 -0.44870114 -0.22679469
v 0.04815540 -0.43703407 -0.22829944
v 0.05263058 -0.42535609 -0.22980557
v 0.06263518 -0.41738880 -0.22829457
v 0.07351685 -0.41002819 -0.22630011
v 0.08411416 -0.40249288 -0.22445647
v 0.09454907 -0.39486381 -0.22269736
v 0.10356992 -0.38628423 -0.22171026
v 0.10552263 -0.37286445 -0.22460602
v 0.11398408 -0.36390001 -0.22392671
v 0.12226146 -0.35481453 -0.22334716
v 0.13038845 -0.34563014 -0.22284913
v 0.13974927 -0.33730924 -0.22166830
v 0.14619006 -0.32695892 -0.22209960
v 0.15108937 -0.31552359 -0.22338565
v 0.15599257 -0.30407912 -0.22467268
v 0.16084813 -0.29258910 -0.22598939
v 0.16554838 -0.28097671 -0.22739571
v 0.17025273 -0.26935425 -0.22880325
v 0.17496118 -0.25772160 -0.23021202
v 0.17872275 -0.24539723 -0.23215261
v 0.18280342 -0.23328429 -0.23391980
v 0.18656157 -0.22092204 -0.23587185
v 0.19008243 -0.20836966 -0.23796168
v 0.19360785 -0.19580105 -0.24005419
v 0.19729163 -0.18332842 -0.24206305
v 0.20103070 -0.17087747 -0.24404590
v 0.20369279 -0.15761627 -0.24663994
v 0.20600246 -0.14407071 -0.24943915
v 0.20802435 -0.13028577 -0.25240785
v 0.21001996 -0.11645334 -0.25539890
v 0.21168761 -0.10234814 -0.25858307
v 0.21256660 -0.08762269 -0.26222205
v 0.20849268 -0.06914307 -0.26867935
v 0.20372622 -0.05008036 -0.27554640
v 0.19993743 -0.03169207 -0.28187501
v 0.19617562 -0.01326421 -0.28820443
v 0.18528368 0.01065559 -0.29861462
v 0.17377816 0.03514350 -0.30940160
v 0.16099615 0.06071355 -0.32094580
v 0.14503419 0.08884216 -0.33433932
v -0.39521679 0.75253880 -0.71011585
v -0.37232107 0.75199592 -0.70160860
v -0.35473570 0.75569576 -0.69618154
v -0.34339115 0.76444376 -0.69439113
v -0.33514979 0.77571982 -0.69441378
v -0.02245451 0.53639621 -0.51586127
v -0.01070389 0.54389989 -0.51358801
v 0.00210697 0.55050260 -0.51068515
v 0.01619600 0.55601358 -0.50702202
v 0.03025566 0.56151319 -0.50336653
v 0.04279709 0.56824833 -0.50059777
v 0.04549184 0.58323193 -0.50364304
v 0.04687748 0.59934962 -0.50747138
v 0.04826616 0.61550254 -0.51130813
v 0.04965788 0.63169086 -0.51515329
v 0.05063663 0.64826912 -0.51925409
v 0.05137936 0.66508996 -0.52350634
v 0.05255559 0.68158108 -0.52751160
v 0.05428534 0.69763535 -0.53119725
v 0.05570752 0.71399212 -0.53507656
v 0.05698987 0.73050880 -0.53904992
v 0.05794473 0.74735016 -0.54323018
v 0.05794528 0.76506627 -0.54799420
v 0.05732507 0.78337395 -0.55314404
v 0.05673217 0.80170923 -0.55829132
v 0.05749311 0.81890208 -0.56263697
v 0.05497510 0.83904058 -0.56897217
v -0.16474058 -0.50339848 -0.27457356
v -0.13940962 -0.50484091 -0.26497501
v -0.11108227 -0.50828534 -0.25375053
v -0.09144284 -0.50625503 -0.24715185
v -0.07520424 -0.50209337 -0.24236077
v -0.05989320 -0.49737513 -0.23805608
v -0.04462277 -0.49266940 -0.23376282
v -0.02988267 -0.48765698 -0.22974454
v -0.01550345 -0.48244491 -0.22591095
v -0.00115833 -0.47724527 -0.22208647
v 0.01315282 -0.47205788 -0.21827105
v 0.02731411 -0.46680605 -0.21452737
v 0.04142051 -0.46155187 -0.21080428
v 0.04719859 -0.45078355 -0.21158677
v 0.05166581 -0.43913159 -0.21308261
v 0.06183648 -0.43129367 -0.21148282
v 0.07270005 -0.42393708 -0.20950213
v 0.08355021 -0.41658956 -0.20752388
v 0.09419159 -0.40911844 -0.20565465
v 0.10416704 -0.40121099 -0.20414451
v 0.11158133 -0.39156660 -0.20403092
v 0.11129428 -0.37663934 -0.20813292
v 0.11547825 -0.36475316 -0.20979452
v 0.12392835 -0.35580018 -0.20911908
v 0.13237490 -0.34685099 -0.20844392
v 0.14072937 -0.33778811 -0.20814529
v 0.14620832 -0.32683334 -0.20877388
v 0.15110451 -0.31540519 -0.21005377
v 0.15600461 -0.30396792 -0.21133468
v 0.16090864 -0.29252157 -0.21261664
v 0.16567214 -0.28096363 -0.21397951
v 0.17037345 -0.26934874 -0.21538030
v 0.17507887 -0.25772375 -0.21678230
v 0.17836364 -0.24506740 -0.21897717
v 0.18167174 -0.23240733 -0.22116452
v 0.18604507 -0.22049585 -0.22276400
v 0.19036919 -0.20853373 -0.22439496
v 0.19389237 -0.19597389 -0.22647730
v 0.19746003 -0.18342696 -0.22853996
v 0.20119669 -0.17098440 -0.23051319
v 0.20359159 -0.15753698 -0.23324355
v 0.20589975 -0.14399983 -0.23602948
v 0.20812489 -0.13037494 -0.23886909
v 0.21011928 -0.11655174 -0.24184570
v 0.21211733 -0.10270312 -0.24482779
v 0.21411905 -0.08882899 -0.24781537
v 0.21097377 -0.07106102 -0.25371763
v 0.20621768 -0.05202290 -0.26054585
v 0.20159781 -0.03302289 -0.26731434
v 0.19784272 -0.01461486 -0.27360976
v 0.18805261 0.00845060 -0.28334728
v 0.17640890 0.03302611 -0.29416329
v 0.16240971 0.05951219 -0.30634764
v 0.14628926 0.08774814 -0.31977206
v 0.09987162 0.13952251 -0.35051858
v -0.39018735 0.74816418 -0.69174010
v -0.37145215 0.75097269 -0.68567866
v -0.35426787 0.75498521 -0.68050373
v -0.34355879 0.76423949 -0.67908746
v -0.02208108 0.51858968 -0.49638671
v -0.01035469 0.52608955 -0.49413058
v 0.00135658 0.53357983 -0.49187741
v 0.01424846 0.54006946 -0.48892689
v 0.02828681 0.54557645 -0.48529628
v 0.04229597 0.55107200 -0.48167321
v 0.04409910 0.56675404 -0.48521718
v 0.04503810 0.58319736 -0.48927933
v 0.04607252 0.59960037 -0.49329597
v 0.04723413 0.61593568 -0.49724826
v 0.04862401 0.63211638 -0.50107604
v 0.04987366 0.64845455 -0.50499707
v 0.05061506 0.66526628 -0.50922972
v 0.05133000 0.68214303 -0.51348943
v 0.05155289 0.69948578 -0.51805288
v 0.05224957 0.71646500 -0.52234662
v 0.05319767 0.73326910 -0.52650207
v 0.05387306 0.75035208 -0.53083134
v 0.05324693 0.76861465 -0.53594995
v 0.05261899 0.78693020 -0.54108334
v 0.05198922 0.80529898 -0.54623163
v 0.05157295 0.82353145 -0.55126584
v 0.04528874 0.84700727 -0.55983824
v -0.21704637 -0.48459524 -0.28492251
v -0.16006744 -0.50598270 -0.25858280
v -0.13193521 -0.50923085 -0.24752797
v -0.10915167 -0.50915855 -0.23929584
v -0.08962831 -0.50706804 -0.23278268
v -0.07303746 -0.50314718 -0.22781971
v -0.05705953 -0.49887481 -0.22317247
v -0.04180939 -0.49417219 -0.21890356
v -0.02696966 -0.48924088 -0.21484424
v -0.01260971 -0.48403272 -0.21103257
v 0.00171623 -0.47883686 -0.20722990
v 0.01600828 -0.47365332 -0.20343623
v 0.03026656 -0.46848199 -0.19965151
v 0.04439529 -0.46325922 -0.19592746
v 0.05070428 -0.45286095 -0.19641572
v 0.06104050 -0.44515109 -0.19472845
v 0.07188603 -0.43779850 -0.19276145
v 0.08271821 -0.43045500 -0.19079690
v 0.09353706 -0.42312050 -0.18883473
v 0.11216163 -0.40645340 -0.18653454
v 0.11956093 -0.39682800 -0.18642183
v 0.12695970 -0.38720325 -0.18630911
v 0.11696982 -0.36560485 -0.19568725
v 0.12541214 -0.35665959 -0.19501537
v 0.13385092 -0.34771806 -0.19434378
v 0.14162669 -0.33832118 -0.19403374
v 0.14616093 -0.32666203 -0.19550103
v 0.15111963 -0.31528693 -0.19673881
v 0.15601663 -0.30385691 -0.19801362
v 0.16091754 -0.29241771 -0.19928943
v 0.16579574 -0.28095055 -0.20058092
v 0.17049403 -0.26934329 -0.20197496
v 0.17519641 -0.25772589 -0.20337018
v 0.17800492 -0.24473797 -0.20581684
v 0.18070567 -0.23164959 -0.20832931
v 0.18491188 -0.21962450 -0.21001296
v 0.18928707 -0.20770603 -0.21160701
v 0.19366659 -0.19577570 -0.21320263
v 0.19770198 -0.18357919 -0.21499388
v 0.20118785 -0.17096330 -0.21709599
v 0.20349051 -0.15745780 -0.21986388
v 0.20579714 -0.14392903 -0.22263654
v 0.20810772 -0.13037696 -0.22541398
v 0.21021844 -0.11665002 -0.22831042
v 0.21221527 -0.10281064 -0.23127811
v 0.21421577 -0.08894581 -0.23425125
v 0.21125147 -0.07132406 -0.24002443
v 0.20794253 -0.05338752 -0.24600637
v 0.20393801 -0.03486777 -0.25239575
v 0.19950669 -0.01596299 -0.25904244
v 0.19081528 0.00625060 -0.26811439
v 0.17754580 0.03205097 -0.27980092
v 0.16363204 0.05845774 -0.29188254
v 0.14763041 0.08658804 -0.30517992
v 0.13148907 0.11495421 -0.31859085
v -0.38819084 0.74624336 -0.67516190
v -0.36919627 0.74882430 -0.66897100
v -0.35288695 0.75353146 -0.66431969
v -0.01981724 0.49930951 -0.47589386
v -0.01000691 0.50835180 -0.47475246
v 0.00168030 0.51583827 -0.47251633
v 0.01335247 0.52331501 -0.47028306
v 0.02632447 0.52969253 -0.46728590
v 0.04031248 0.53519547 -0.46368751
v 0.04371811 0.54949397 -0.46626744
v 0.04449248 0.56602132 -0.47039470
v 0.04526870 0.58258826 -0.47453189
v 0.04628209 0.59899622 -0.47854081
v 0.04731840 0.61542469 -0.48254684
v 0.04835710 0.63189113 -0.48656213
v 0.04895379 0.64877415 -0.49084863
v 0.04870594 0.66642195 -0.49564499
v 0.04881191 0.68381423 -0.50024498
v 0.04903121 0.70115507 -0.50479025
v 0.04956817 0.71826708 -0.50915945
v 0.04984703 0.73564672 -0.51369345
v 0.04938643 0.75371510 -0.51867896
v 0.04876238 0.77197629 -0.52377516
v 0.04814009 0.79028732 -0.52888399
v 0.04751601 0.80865163 -0.53400767
v 0.03219113 0.84003085 -0.54792643
v -0.21385798 -0.48621839 -0.26964992
v -0.15398055 -0.50946528 -0.24188083
v -0.12986901 -0.51017666 -0.23299593
v -0.10784500 -0.50963348 -0.22519708
v -0.08816168 -0.50765836 -0.21862271
v -0.07124411 -0.50396103 -0.21350323
v -0.05472189 -0.50005448 -0.20858191
v -0.03900209 -0.49567175 -0.20407642
v -0.02406306 -0.49082136 -0.19997677
v -0.00972232 -0.48561704 -0.19618687
v 0.00458448 -0.48042500 -0.19240594
v 0.01885748 -0.47524524 -0.18863395
v 0.03309679 -0.47007769 -0.18487084
v 0.04776179 -0.46522719 -0.18087003
v 0.06096523 -0.45943964 -0.17764521
v 0.07195050 -0.45219836 -0.17560644
v 0.08292169 -0.44496635 -0.17357031
v 0.09387882 -0.43774360 -0.17153679
v 0.10482192 -0.43053013 -0.16950586
v 0.21145363 -0.48827460 -0.11571255
v 0.11931370 -0.41112271 -0.16943355
v 0.12750886 -0.40206850 -0.16888255
v 0.13489269 -0.39246264 -0.16877067
v 0.12078622 -0.36805788 -0.18033972
v 0.12689331 -0.35751745 -0.18093652
v 0.13532436 -0.34858364 -0.18026848
v 0.14188772 -0.33835566 -0.18061772
v 0.14599217 -0.32640609 -0.18231101
v 0.15098929 -0.31506681 -0.18352029
v 0.15599023 -0.30371892 -0.18473046
v 0.16092645 -0.29231399 -0.18597910
v 0.16582817 -0.28087294 -0.18724982
v 0.17061445 -0.26933780 -0.18858714
v 0.17495194 -0.25746956 -0.19017479
v 0.17764662 -0.24440891 -0.19267160
v 0.18034555 -0.23132779 -0.19517232
v 0.18377969 -0.21875392 -0.19727316
v 0.18815239 -0.20684029 -0.19886018
v 0.19252943 -0.19491480 -0.20044877
v 0.19691078 -0.18297748 -0.20203894
v 0.20067768 -0.17057502 -0.20397423
v 0.20338956 -0.15737872 -0.20650090
v 0.20569465 -0.14385833 -0.20926033
v 0.20800373 -0.13031466 -0.21202448
v 0.21031678 -0.11674763 -0.21479343
v 0.21231310 -0.10291804 -0.21774635
v 0.21429506 -0.08904953 -0.22071478
v 0.21099979 -0.07118948 -0.22664651
v 0.20769238 -0.05326352 -0.23260018
v 0.20437275 -0.03527129 -0.23857585
v 0.20104080 -0.01721241 -0.24457364
v 0.19247699 0.00488948 -0.25353208
v 0.17868078 0.03107749 -0.26546285
v 0.16478300 0.05745825 -0.27748141
v 0.14906158 0.08535890 -0.29056135
v 0.13275880 0.11383495 -0.30400378
v -0.40212137 0.73922670 -0.66300446
v -0.38287008 0.74163473 -0.65670085
v -0.36371088 0.74405563 -0.65043396
v -0.01434126 0.47749525 -0.45363796
v -0.00284164 0.48511347 -0.45151383
v 0.00509295 0.49563444 -0.45144632
v 0.01365097 0.50564164 -0.45101753
v 0.02528430 0.51310498 -0.44880402
v 0.03833555 0.51937145 -0.44576126
v 0.04333857 0.53230023 -0.44739059
v 0.04411101 0.54877543 -0.45148751
v 0.04488527 0.56528974 -0.45559415
v 0.04566139 0.58184350 -0.45971063
v 0.04649136 0.59839290 -0.46380651
v 0.04752718 0.61480892 -0.46779275
v 0.04794136 0.63179272 -0.47215399
v 0.04743425 0.64960498 -0.47706747
v 0.04700091 0.66740346 -0.48195070
v 0.04679398 0.68505669 -0.48671374
v 0.04619849 0.70309234 -0.49171844
v 0.04603116 0.72080845 -0.49648386
v 0.04588153 0.73855728 -0.50125158
v 0.04522951 0.75679117 -0.50632930
v 0.04457559 0.77507800 -0.51142180
v 0.04239348 0.79475456 -0.51743460
v 0.01300371 0.83839929 -0.53962541
v -0.15076596 -0.51112580 -0.22673583
v -0.12780674 -0.51112062 -0.21849144
v -0.10654048 -0.51010752 -0.21112162
v -0.08687606 -0.50813311 -0.20458134
v -0.06945404 -0.50477344 -0.19921280
v -0.05294955 -0.50086915 -0.19431779
v -0.03649548 -0.49697679 -0.18943776
v -0.02116284 -0.49239832 -0.18514194
v -0.00684128 -0.48719785 -0.18137376
v 0.00744644 -0.48200962 -0.17761447
v 0.02335324 -0.47792274 -0.17298242
v 0.03958974 -0.47409648 -0.16816305
v 0.05577698 -0.47028178 -0.16335830
v 0.07191521 -0.46647865 -0.15856810
v 0.11872729 -0.48323318 -0.13732451
v 0.13560101 -0.48008800 -0.13209614
v 0.15241858 -0.47695330 -0.12688518
v 0.16918030 -0.47382903 -0.12169151
v 0.20996538 -0.48705718 -0.10354514
v 0.18100807 -0.45294613 -0.12296651
v 0.18204243 -0.43915978 -0.12624112
v 0.18429528 -0.42617911 -0.12886505
v 0.18359491 -0.41114008 -0.13309400
v 0.12837188 -0.35837382 -0.16688244
v 0.13679519 -0.34944773 -0.16621794
v 0.14214842 -0.33839011 -0.16721976
v 0.14612861 -0.32636359 -0.16897094
v 0.15081768 -0.31481791 -0.17034037
v 0.15581553 -0.30347675 -0.17154483
v 0.16081718 -0.29212695 -0.17275019
v 0.16582263 -0.28076854 -0.17395647
v 0.17073648 -0.26933357 -0.17521587
v 0.17459586 -0.25713366 -0.17705633
v 0.17728873 -0.24408022 -0.17954144
v 0.17998581 -0.23100635 -0.18203045
v 0.18268713 -0.21791200 -0.18452339
v 0.18701869 -0.20597529 -0.18612461
v 0.19139324 -0.19405466 -0.18770619
v 0.19577211 -0.18212220 -0.18928933
v 0.19873969 -0.16914098 -0.19165669
v 0.20173118 -0.15615483 -0.19401677
v 0.20526934 -0.14354946 -0.19607981
v 0.20789985 -0.13025244 -0.19865175
v 0.21021137 -0.11669383 -0.20140743
v 0.21241078 -0.10302529 -0.20423247
v 0.21404217 -0.08890463 -0.20738108
v 0.21074842 -0.07105506 -0.21328473
v 0.20744255 -0.05313966 -0.21921015
v 0.20410153 -0.03514075 -0.22517027
v 0.20055267 -0.01692668 -0.23126195
v 0.19030346 0.00645000 -0.24112540
v 0.17878990 0.03088838 -0.25172377
v 0.16593203 0.05646046 -0.26310474
v 0.15049018 0.08413196 -0.27596903
v 0.13145259 0.11470611 -0.29089233
v 0.09637357 0.15786248 -0.31490451
v -0.39654896 0.73444259 -0.64442617
v -0.37736383 0.73687708 -0.63817972
v -0.01793991 0.46314502 -0.43669870
v 0.00610872 0.46053156 -0.42737046
v 0.01401562 0.47101650 -0.42730370
v 0.02192222 0.48150104 -0.42723691
v 0.02982850 0.49198514 -0.42717013
v 0.03773448 0.50246888 -0.42710334
v 0.04296051 0.51517254 -0.42858621
v 0.04373100 0.53159571 -0.43265292
v 0.04450332 0.54805791 -0.43672934
v 0.04527748 0.56455928 -0.44081545
v 0.04605349 0.58109993 -0.44491127
v 0.04683135 0.59767997 -0.44901687
v 0.04693262 0.61487347 -0.45352772
v 0.04642502 0.63262928 -0.45840591
v 0.04591598 0.65043521 -0.46329790
v 0.04540550 0.66829163 -0.46820378
v 0.04477390 0.68630135 -0.47319365
v 0.04382806 0.70463187 -0.47838128
v 0.04284237 0.72304922 -0.48360616
v 0.04131229 0.74199110 -0.48916525
v 0.04046080 0.76039922 -0.49433953
v 0.03961971 0.77879554 -0.49953571
v 0.03130355 0.80390000 -0.50913304
v -0.14868049 -0.51207042 -0.21221395
v -0.12574835 -0.51206279 -0.20401442
v -0.10523812 -0.51058078 -0.19706938
v -0.08559255 -0.50860715 -0.19056308
v -0.06766721 -0.50558430 -0.18494831
v -0.05118042 -0.50168234 -0.18007955
v -0.03474396 -0.49779227 -0.17522566
v -0.01816135 -0.49404198 -0.17028271
v -0.00187274 -0.49014473 -0.16548358
v 0.01448957 -0.48634002 -0.16063376
v 0.03080183 -0.48254690 -0.15579873
v 0.04706424 -0.47876540 -0.15097852
v 0.10852671 -0.50503576 -0.12207825
v 0.12541781 -0.50187337 -0.11687011
v 0.14225267 -0.49872157 -0.11167932
v 0.15903153 -0.49558026 -0.10650578
v 0.17575470 -0.49244931 -0.10134943
v 0.19148584 -0.48869544 -0.09671193
v 0.20518848 -0.48360786 -0.09315117
v 0.20114215 -0.46646243 -0.09911378
v 0.20044380 -0.45155060 -0.10329075
v 0.20010905 -0.43684930 -0.10728226
v 0.20237133 -0.42389938 -0.10988369
v 0.20463742 -0.41092780 -0.11248948
v 0.20509431 -0.39667663 -0.11607932
v 0.14240876 -0.33842450 -0.15383984
v 0.14638641 -0.32640612 -0.15558246
v 0.15064627 -0.31456926 -0.15717632
v 0.15564103 -0.30323485 -0.15837504
v 0.16063961 -0.29189178 -0.15957469
v 0.16564199 -0.28054014 -0.16077523
v 0.17064817 -0.26917982 -0.16197670
v 0.17424022 -0.25679815 -0.16395290
v 0.17693126 -0.24375193 -0.16642636
v 0.17962652 -0.23068529 -0.16890366
v 0.18232600 -0.21759818 -0.17138487
v 0.18588604 -0.20511109 -0.17340030
v 0.19025807 -0.19319528 -0.17497486
v 0.19463445 -0.18126765 -0.17655097
v 0.19697200 -0.16783167 -0.17925352
v 0.19924979 -0.15432596 -0.18199576
v 0.20278560 -0.14172205 -0.18405060
v 0.20632599 -0.12910190 -0.18610811
v 0.20987093 -0.11646540 -0.18816827
v 0.21242005 -0.10306657 -0.19078536
v 0.21378957 -0.08875989 -0.19406341
v 0.21049738 -0.07092081 -0.19993901
v 0.20702292 -0.05288777 -0.20593083
v 0.20348816 -0.03475131 -0.21197151
v 0.19994004 -0.01654637 -0.21803497
v 0.18899700 0.00735010 -0.22824211
v 0.17528120 0.03346496 -0.24002516
v 0.16368110 0.05807107 -0.25065422
v 0.14727208 0.08648249 -0.26400527
v 0.11643919 0.12616727 -0.28548399
v 0.09451012 0.15915787 -0.30201524
v -0.38419321 0.72419327 -0.62202966
v -0.02152872 0.44883403 -0.41980577
v 0.00382064 0.44518870 -0.40977964
v 0.02287666 0.44656861 -0.40332782
v 0.03075577 0.45701739 -0.40326175
v 0.03801861 0.46797085 -0.40354899
v 0.04163767 0.48192534 -0.40592974
v 0.04496725 0.49614260 -0.40848327
v 0.04460270 0.51344609 -0.41317070
v 0.04474538 0.53037471 -0.41757807
v 0.04553460 0.54680794 -0.42162371
v 0.04632569 0.56328011 -0.42567894
v 0.04711866 0.57979143 -0.42974383
v 0.04767378 0.59654403 -0.43395731
v 0.04615826 0.61509067 -0.43938380
v 0.04532540 0.63311249 -0.44442800
v 0.04479472 0.65092766 -0.44930962
v 0.04398290 0.66903251 -0.45436811
v 0.04208001 0.68812418 -0.46007669
v 0.04093938 0.70661771 -0.46535516
v 0.03950305 0.72542000 -0.47082070
v 0.03759660 0.74468517 -0.47657624
v 0.03552983 0.76414829 -0.48244128
v 0.02683393 0.78945506 -0.49221617
v 0.01898677 0.81411833 -0.50151807
v -0.20224394 -0.49238923 -0.22294575
v -0.14659901 -0.51301318 -0.19771963
v -0.12369388 -0.51300323 -0.18956484
v -0.10393792 -0.51105338 -0.18304032
v -0.08431114 -0.50908029 -0.17656790
v -0.06588362 -0.50639373 -0.17070970
v -0.04941449 -0.50249410 -0.16586712
v -0.03254373 -0.49889970 -0.16080141
v -0.01527275 -0.49561277 -0.15551256
v 0.00138901 -0.49197602 -0.15053241
v 0.01734644 -0.48792282 -0.14591232
v 0.05852792 -0.50053555 -0.12793821
v 0.06867410 -0.49278551 -0.12635724
v 0.13161805 -0.52010381 -0.09677604
v 0.14763768 -0.51642686 -0.09203513
v 0.16093296 -0.51097167 -0.08873082
v 0.17269370 -0.50451702 -0.08623512
v 0.18226101 -0.49660769 -0.08490209
v 0.19134116 -0.48838133 -0.08382571
v 0.20030698 -0.48008737 -0.08280776
v 0.20869905 -0.47141212 -0.08209415
v 0.21505699 -0.46135265 -0.08246799
v 0.21898177 -0.44961992 -0.08414719
v 0.21910043 -0.43524989 -0.08787354
v 0.22035646 -0.42163119 -0.09099782
v 0.21146832 -0.40094489 -0.09958833
v 0.14266874 -0.33845884 -0.14047793
v 0.14664386 -0.32644856 -0.14221197
v 0.15062338 -0.31442502 -0.14394796
v 0.15546675 -0.30299324 -0.14522107
v 0.16046228 -0.29165691 -0.14641501
v 0.16546158 -0.28031197 -0.14760984
v 0.17010431 -0.26870194 -0.14900117
v 0.17296275 -0.25580433 -0.15136564
v 0.17638676 -0.24328965 -0.15342827
v 0.17926762 -0.23036459 -0.15579194
v 0.18196528 -0.21728475 -0.15826146
v 0.18475436 -0.20424762 -0.16068722
v 0.18912390 -0.19233666 -0.16225477
v 0.19321409 -0.18020682 -0.16397923
v 0.19520548 -0.16652323 -0.16685861
v 0.19720051 -0.15281473 -0.16974324
v 0.20030291 -0.13989545 -0.17202649
v 0.20384094 -0.12727676 -0.17407580
v 0.20738354 -0.11464175 -0.17612773
v 0.21093072 -0.10199038 -0.17818233
v 0.21328519 -0.08842669 -0.18090096
v 0.20993020 -0.07054910 -0.18678431
v 0.20640944 -0.05248971 -0.19277437
v 0.20287542 -0.03436229 -0.19878697
v 0.19932809 -0.01616648 -0.20482230
v 0.18876681 0.00743048 -0.21477205
v 0.17177282 0.03604132 -0.22832762
v 0.16016172 0.06065478 -0.23891780
v 0.14365517 0.08914010 -0.25226688
v 0.10555225 0.13443995 -0.27771699
v 0.09164017 0.16123368 -0.28969842
v -0.01526878 0.42663419 -0.39737570
v 0.00629191 0.42605194 -0.38954440
v 0.02775344 0.42547238 -0.38174909
v 0.03534091 0.43611202 -0.38183719
v 0.03894787 0.45000488 -0.38419610
v 0.04255987 0.46391714 -0.38655832
v 0.04617691 0.47784886 -0.38892382
v 0.04798941 0.49329406 -0.39232892
v 0.04770594 0.51050985 -0.39694482
v 0.04680877 0.52828217 -0.40192524
v 0.04660881 0.54552281 -0.40651786
v 0.04740050 0.56197947 -0.41055176
v 0.04819407 0.57847512 -0.41459525
v 0.04738264 0.59636444 -0.41957578
v 0.04586760 0.61489916 -0.42497623
v 0.04434777 0.63349253 -0.43039373
v 0.04371738 0.65138322 -0.43531016
v 0.04199217 0.67025936 -0.44087496
v 0.04008665 0.68934655 -0.44655931
v 0.03785031 0.70877618 -0.45245129
v 0.03497051 0.72882134 -0.45873386
v 0.03237496 0.74868423 -0.46486735
v 0.02458767 0.77312344 -0.47405005
v 0.01434685 0.79979706 -0.48469251
v -0.19751117 -0.49499297 -0.20699666
v -0.14532913 -0.51344138 -0.18367316
v -0.12232783 -0.51350552 -0.17549928
v -0.10263984 -0.51152509 -0.16903436
v -0.08303186 -0.50955272 -0.16259573
v -0.06410327 -0.50720167 -0.15649693
v -0.04694273 -0.50376302 -0.15130916
v -0.02963768 -0.50046605 -0.14603314
v -0.01239047 -0.49718010 -0.14077476
v 0.00479918 -0.49390513 -0.13553393
v 0.04122657 -0.50331086 -0.12015909
v 0.05136269 -0.49553120 -0.11859611
v 0.08784983 -0.50519776 -0.10313198
v 0.13925149 -0.52491075 -0.07975497
v 0.14870442 -0.51688552 -0.07849839
v 0.15716380 -0.50820744 -0.07776467
v 0.16577289 -0.49963668 -0.07694981
v 0.17474878 -0.49132073 -0.07593832
v 0.18371877 -0.48301026 -0.07492751
v 0.19222474 -0.47439423 -0.07416105
v 0.20031844 -0.46550450 -0.07361226
v 0.21061121 -0.45812365 -0.07188958
v 0.22014695 -0.45023945 -0.07056680
v 0.22811918 -0.44129071 -0.07007651
v 0.23373955 -0.43072072 -0.07084367
v 0.20808350 -0.39844260 -0.08837169
v 0.14292836 -0.33849311 -0.12713394
v 0.14690095 -0.32649094 -0.12885948
v 0.15087795 -0.31447554 -0.13058692
v 0.15529270 -0.30275193 -0.13208291
v 0.16028513 -0.29142231 -0.13327113
v 0.16528139 -0.28008410 -0.13446026
v 0.16889654 -0.26775172 -0.13639878
v 0.17163388 -0.25477386 -0.13881716
v 0.17494868 -0.24218689 -0.14092872
v 0.17837489 -0.22965993 -0.14298505
v 0.18160497 -0.21697168 -0.14515309
v 0.18430501 -0.20387861 -0.14761479
v 0.18799074 -0.19147879 -0.14954591
v 0.19145101 -0.17889589 -0.15160479
v 0.19344014 -0.16521567 -0.15447195
v 0.19543290 -0.15151055 -0.15734434
v 0.19782127 -0.13806961 -0.16000743
v 0.20135695 -0.12545238 -0.16204853
v 0.20489720 -0.11281886 -0.16409227
v 0.20844202 -0.10016900 -0.16613865
v 0.20957834 -0.08569703 -0.16951501
v 0.20787343 -0.06905871 -0.17446475
v 0.20579663 -0.05209207 -0.17963208
v 0.20226337 -0.03397371 -0.18561672
v 0.19871679 -0.01578701 -0.19162393
v 0.18853687 0.00751076 -0.20131831
v 0.16854036 0.03840677 -0.21647832
v 0.15664266 0.06323827 -0.22718245
v 0.14003845 0.09179754 -0.24052918
v 0.09586456 0.14178586 -0.26924932
v 0.08877116 0.16330881 -0.27738562
v -0.39237669 0.67677957 -0.58211154
v -0.38186270 0.68612891 -0.58082449
v -0.00865973 0.40425685 -0.37486184
v 0.01281999 0.40372783 -0.36710617
v 0.02669435 0.40927079 -0.36363333
v 0.03561231 0.41880047 -0.36295938
v 0.03987319 0.43211520 -0.36492544
v 0.04347816 0.44598544 -0.36726916
v 0.04708816 0.45987505 -0.36961621
v 0.05049281 0.47395709 -0.37208635
v 0.05100447 0.49045226 -0.37621257
v 0.05077011 0.50760692 -0.38077563
v 0.04993975 0.52530295 -0.38569140
v 0.04901605 0.54312634 -0.39067358
v 0.04847348 0.56068099 -0.39545038
v 0.04860164 0.57772046 -0.39985478
v 0.04709186 0.59618503 -0.40521225
v 0.04557731 0.61470795 -0.41058666
v 0.04404726 0.63329852 -0.41598415
v 0.04172211 0.65262091 -0.42185479
v 0.03969604 0.67174751 -0.42756823
v 0.03766318 0.69093806 -0.43330073
v 0.03418856 0.71142757 -0.43988380
v 0.02981981 0.73275626 -0.44700316
v 0.02421194 0.75523132 -0.45486125
v 0.01290240 0.78274339 -0.46605679
v -0.20106262 -0.49235690 -0.19537298
v -0.15144821 -0.50917804 -0.17347802
v -0.12101302 -0.51397580 -0.16148256
v -0.10134391 -0.51199609 -0.15505150
v -0.08247238 -0.50956345 -0.14901984
v -0.06401131 -0.50692195 -0.14318743
v -0.04561850 -0.50429022 -0.13737662
v -0.02729357 -0.50166816 -0.13158724
v -0.00951450 -0.49874404 -0.12606920
v 0.00765158 -0.49547002 -0.12085861
v 0.03501435 -0.49894041 -0.11029331
v 0.07363199 -0.50992745 -0.09379885
v 0.11069514 -0.52003974 -0.07808080
v 0.13196142 -0.51980925 -0.07063082
v 0.14060634 -0.51123661 -0.06980725
v 0.15289624 -0.50510985 -0.06706045
v 0.16614914 -0.49965534 -0.06379876
v 0.17937391 -0.49421245 -0.06054398
v 0.19257061 -0.48878112 -0.05729613
v 0.19848749 -0.47843856 -0.05789619
v 0.20164976 -0.46621355 -0.05995855
v 0.20481627 -0.45397201 -0.06202369
v 0.20975432 -0.44292688 -0.06315211
v 0.22055225 -0.43590754 -0.06116428
v 0.23087691 -0.42857981 -0.05942383
v 0.22061922 -0.40698710 -0.06866128
v 0.20853199 -0.38403282 -0.07889889
v 0.14715773 -0.32653329 -0.11552496
v 0.15113217 -0.31452596 -0.11724387
v 0.15511884 -0.30251092 -0.11896048
v 0.16010822 -0.29118800 -0.12014303
v 0.16495876 -0.27975535 -0.12140311
v 0.16768980 -0.26680225 -0.12380708
v 0.17042506 -0.25382918 -0.12621474
v 0.17351168 -0.24108496 -0.12843882
v 0.17693566 -0.22856213 -0.13048619
v 0.18036412 -0.21602288 -0.13253625
v 0.18379705 -0.20346722 -0.13458900
v 0.18685856 -0.19062167 -0.13684826
v 0.18968911 -0.17758583 -0.13923860
v 0.19167599 -0.16390899 -0.14209357
v 0.19366646 -0.15020724 -0.14495373
v 0.19566056 -0.13648051 -0.14781910
v 0.19887400 -0.12362880 -0.15002635
v 0.20241190 -0.11099675 -0.15206189
v 0.20595436 -0.09834837 -0.15410006
v 0.20587148 -0.08296738 -0.15812908
v 0.20416079 -0.06632480 -0.16306102
v 0.20244475 -0.04963015 -0.16800839
v 0.20072332 -0.03288320 -0.17297126
v 0.19810615 -0.01540794 -0.17843984
v 0.18830723 0.00759095 -0.18788096
v 0.16832185 0.03846848 -0.20296814
v 0.15312392 0.06582153 -0.21544813
v 0.13304594 0.09705362 -0.23066017
v 0.09300245 0.14385869 -0.25697246
v 0.08590309 0.16538326 -0.26507691
v 0.07876832 0.18701524 -0.27322173
v -0.37784258 0.61208224 -0.54500496
v -0.37323719 0.62600863 -0.54700017
v -0.36862659 0.63995075 -0.54899752
v -0.35815746 0.64924175 -0.54771656
v 0.01431825 0.38554594 -0.34760851
v 0.02374999 0.39464882 -0.34664494
v 0.03317631 0.40374646 -0.34568194
v 0.03983709 0.41507810 -0.34627649
v 0.04423134 0.42826101 -0.34815291
v 0.04799553 0.44197747 -0.35039052
v 0.05160352 0.45584446 -0.35272244
v 0.05349771 0.47114471 -0.35603231
v 0.05401244 0.48761708 -0.36013409
v 0.05382701 0.50471079 -0.36464471
v 0.05303815 0.52235162 -0.36951071
v 0.05214524 0.54012847 -0.37444881
v 0.05122454 0.55797857 -0.37941575
v 0.04827345 0.57758433 -0.38555628
v 0.04675201 0.59604746 -0.39089483
v 0.04522578 0.61456895 -0.39625025
v 0.04369471 0.63314903 -0.40162262
v 0.04050945 0.65319246 -0.40795964
v 0.03723303 0.67337847 -0.41436595
v 0.03488528 0.69283360 -0.42025423
v 0.03047245 0.71412581 -0.42734951
v 0.02544255 0.73602331 -0.43482012
v 0.01252363 0.76483154 -0.44687372
v -0.20541899 -0.48921156 -0.18416511
v -0.15757209 -0.50491142 -0.16327490
v -0.12017588 -0.51414222 -0.14773464
v -0.10142964 -0.51158357 -0.14180528
v -0.08275388 -0.50903457 -0.13589819
v -0.06414823 -0.50649512 -0.13001327
v -0.04561226 -0.50396514 -0.12415040
v -0.02714562 -0.50144464 -0.11830946
v -0.00874789 -0.49893358 -0.11249031
v 0.01863548 -0.50235599 -0.10197501
v 0.05939747 -0.51466274 -0.08445476
v 0.39353195 -0.72051543 0.08634415
v 0.11211467 -0.52070868 -0.06435175
v 0.13405010 -0.52093548 -0.05657964
v 0.15942562 -0.52352798 -0.04698529
v 0.16926874 -0.51581973 -0.04552004
v 0.18079711 -0.50925684 -0.04316562
v 0.19396487 -0.50382084 -0.03994292
v 0.20710476 -0.49839637 -0.03672704
v 0.21085449 -0.48662758 -0.03845593
v 0.21401633 -0.47444186 -0.04049951
v 0.21718240 -0.46223971 -0.04254583
v 0.22100036 -0.45046565 -0.04425209
v 0.22275999 -0.43725753 -0.04705349
v 0.21919376 -0.42034069 -0.05268799
v 0.22755155 -0.41164428 -0.05200092
v 0.22107305 -0.39262217 -0.05920466
v 0.19520605 -0.35961589 -0.07630246
v 0.15336011 -0.31596112 -0.10286601
v 0.15536237 -0.30256388 -0.10563107
v 0.15993151 -0.29095396 -0.10703066
v 0.16375513 -0.27880198 -0.10883279
v 0.16648409 -0.26585361 -0.11122605
v 0.16921724 -0.25288534 -0.11362301
v 0.17207582 -0.23998392 -0.11595854
v 0.17549752 -0.22746518 -0.11799696
v 0.17892371 -0.21493007 -0.12003804
v 0.18235438 -0.20237853 -0.12208182
v 0.18578956 -0.18981051 -0.12412825
v 0.18792841 -0.17627667 -0.12688065
v 0.18991300 -0.16260317 -0.12972343
v 0.19190121 -0.14890480 -0.13257137
v 0.19389305 -0.13518149 -0.13542451
v 0.19639210 -0.12180597 -0.13800924
v 0.19992764 -0.10917541 -0.14003658
v 0.20346777 -0.09652852 -0.14206655
v 0.20216462 -0.08023772 -0.14674315
v 0.20044814 -0.06359088 -0.15165731
v 0.19872628 -0.04689196 -0.15658684
v 0.19699904 -0.03014072 -0.16153181
v 0.19515653 -0.01284968 -0.16642398
v 0.18766911 0.00798236 -0.17468427
v 0.16810358 0.03853011 -0.18947440
v 0.14960547 0.06840456 -0.20371483
v 0.11416440 0.11146136 -0.22732656
v 0.09808744 0.13979256 -0.24031599
v 0.08303596 0.16745703 -0.25277218
v 0.07589521 0.18909064 -0.26088500
v -0.36729139 0.56861109 -0.51500094
v -0.36199638 0.58188999 -0.51657748
v -0.35538816 0.59414864 -0.51742804
v -0.34860504 0.60627717 -0.51818347
v -0.34181902 0.61841100 -0.51893914
v -0.00610790 0.36831793 -0.33613011
v 0.01015619 0.37196729 -0.33135599
v 0.02081424 0.38006961 -0.32970622
v 0.03022762 0.38915813 -0.32874948
v 0.03963560 0.39824143 -0.32779336
v 0.04405028 0.41136596 -0.32963943
v 0.04844086 0.42452869 -0.33150393
v 0.05250004 0.43798089 -0.33355993
v 0.05597904 0.45192945 -0.33594844
v 0.05649557 0.46833897 -0.34001592
v 0.05701336 0.48478857 -0.34409332
v 0.05687670 0.50182152 -0.34855193
v 0.05609317 0.51943731 -0.35338891
v 0.05526695 0.53713781 -0.35826290
v 0.05435193 0.55496210 -0.36320010
v 0.05084490 0.57501352 -0.36962545
v 0.04639914 0.59592146 -0.37660271
v 0.04487329 0.61443138 -0.38193229
v 0.04276973 0.63348591 -0.38760602
v 0.03937686 0.65369630 -0.39403239
v 0.03584982 0.67408711 -0.40055269
v 0.03043872 0.69616008 -0.40817106
v 0.02541882 0.71797466 -0.41558498
v 0.01644898 0.74327523 -0.42529052
v -0.20977624 -0.48606563 -0.17295507
v -0.16370076 -0.50064141 -0.15306379
v -0.11955566 -0.51417083 -0.13411821
v -0.09813889 -0.51333213 -0.12683553
v -0.07949077 -0.51078278 -0.12096335
v -0.06091256 -0.50824291 -0.11511317
v -0.04240387 -0.50571263 -0.10928489
v -0.02396430 -0.50319171 -0.10347838
v 0.35976467 -0.73886937 0.09164917
v 0.37997055 -0.73849773 0.09862832
v 0.39206180 -0.73286188 0.10140886
v 0.40162322 -0.72558433 0.10288025
v 0.41103801 -0.71822357 0.10427888
v 0.41713646 -0.70867360 0.10395186
v 0.42192739 -0.69824898 0.10294147
v 0.42558679 -0.68705785 0.10133727
v 0.42404574 -0.67235965 0.09700787
v 0.20853183 -0.51341450 -0.01943546
v 0.21999624 -0.50690186 -0.01710050
v 0.22289050 -0.49528578 -0.01919786
v 0.22754766 -0.48346493 -0.02049941
v 0.23186441 -0.47209227 -0.02192028
v 0.23609366 -0.46091810 -0.02332881
v 0.23137568 -0.44302225 -0.02958683
v 0.22672099 -0.42538315 -0.03576471
v 0.22204725 -0.40767202 -0.04196784
v 0.22881562 -0.39787045 -0.04212519
v 0.22152734 -0.37824211 -0.04973811
v 0.16420045 -0.32343823 -0.08394144
v 0.16045092 -0.30602819 -0.08974333
v 0.15975502 -0.29072022 -0.09393401
v 0.16255252 -0.27784938 -0.09627312
v 0.16527939 -0.26490578 -0.09865570
v 0.16801047 -0.25194228 -0.10104196
v 0.17074575 -0.23895875 -0.10343187
v 0.17406051 -0.22636910 -0.10551737
v 0.17748442 -0.21383809 -0.10754951
v 0.18091282 -0.20129067 -0.10958432
v 0.18329884 -0.18796550 -0.11218463
v 0.18486142 -0.17401412 -0.11523474
v 0.18783192 -0.16106439 -0.11753359
v 0.19013713 -0.14760324 -0.12019728
v 0.19212669 -0.13388331 -0.12303820
v 0.19411989 -0.12013838 -0.12588431
v 0.19744445 -0.10735484 -0.12801634
v 0.20017467 -0.09410733 -0.13047612
v 0.19845778 -0.07750808 -0.13535725
v 0.19673550 -0.06085696 -0.14025360
v 0.19500785 -0.04415378 -0.14516529
v 0.19352803 -0.02758978 -0.14995432
v 0.19220272 -0.01109597 -0.15467113
v 0.18392178 0.01074199 -0.16320138
v 0.16613984 0.03992601 -0.17695245
v 0.14773279 0.06972524 -0.19108100
v 0.11871502 0.10783167 -0.21106678
v 0.09980772 0.13832596 -0.22554973
v 0.09397945 0.15882516 -0.23287599
v 0.07653490 0.18843344 -0.24661829
v -0.35170659 0.55620748 -0.49139148
v -0.34642106 0.56943947 -0.49295253
v -0.34103817 0.58261031 -0.49446374
v -0.33427182 0.59470099 -0.49521199
v -0.01641287 0.35965836 -0.32331213
v 0.00200946 0.36160758 -0.31736428
v 0.01493210 0.36789688 -0.31446111
v 0.02717403 0.37470350 -0.31192970
v 0.03668264 0.38368660 -0.31091654
v 0.04386991 0.39453605 -0.31119737
v 0.04825192 0.40766400 -0.31304795
v 0.05263883 0.42080662 -0.31490061
v 0.05699173 0.43399569 -0.31677717
v 0.05896685 0.44915283 -0.31999370
v 0.05948641 0.46553978 -0.32403699
v 0.06000724 0.48196667 -0.32809016
v 0.05991917 0.49893907 -0.33249715
v 0.05914097 0.51652992 -0.33730528
v 0.05836051 0.53417152 -0.34212726
v 0.05747185 0.55195290 -0.34702319
v 0.05364994 0.57224745 -0.35359418
v 0.04920169 0.59313703 -0.36053789
v 0.04473497 0.61411321 -0.36751038
v 0.04140609 0.63419545 -0.37385398
v 0.03753760 0.65480226 -0.38052180
v 0.03365378 0.67549062 -0.38721600
v 0.02716332 0.69848245 -0.39541683
v 0.02057596 0.72164208 -0.40369487
v 0.00560173 0.75212622 -0.41679806
v -0.21413434 -0.48291901 -0.16174279
v -0.16983423 -0.49636805 -0.14284468
v -0.12722978 -0.50891173 -0.12477019
v -0.09517237 -0.51487404 -0.11206263
v -0.07623514 -0.51252693 -0.10606277
v -0.05768429 -0.50998676 -0.10024720
v 0.37474203 -0.77534491 0.11864621
v 0.38595802 -0.76914626 0.12096522
v 0.39266118 -0.76002711 0.12096102
v 0.39548627 -0.74836993 0.11895313
v 0.38374582 -0.72712696 0.10940589
v 0.39881092 -0.72346604 0.11371844
v 0.41222206 -0.71875131 0.11718376
v 0.41785049 -0.70890039 0.11661700
v 0.42292151 -0.69867247 0.11575909
v 0.43516907 -0.69323808 0.11863394
v 0.43344948 -0.67845166 0.11423812
v 0.43666682 -0.66695100 0.11240718
v 0.23064412 -0.51389086 0.00128073
v 0.23516586 -0.50272208 -0.00001025
v 0.23969148 -0.49154368 -0.00130234
v 0.24462618 -0.48063272 -0.00238314
v 0.24543075 -0.46687651 -0.00563440
v 0.24244207 -0.45047602 -0.01088708
v 0.23780374 -0.43288472 -0.01702064
v 0.23314644 -0.41522157 -0.02317923
v 0.22847010 -0.39748615 -0.02936302
v 0.23008068 -0.38408604 -0.03224186
v 0.22198214 -0.36384696 -0.04026160
v 0.16426842 -0.30859792 -0.07456812
v 0.16110988 -0.29156867 -0.08004145
v 0.16135092 -0.27689758 -0.08372407
v 0.16407572 -0.26395875 -0.08609600
v 0.16680470 -0.25099999 -0.08847157
v 0.16953790 -0.23802127 -0.09085080
v 0.17262457 -0.22527382 -0.09304741
v 0.17604624 -0.21274695 -0.09507062
v 0.17947239 -0.20020367 -0.09709646
v 0.18065776 -0.18601114 -0.10032697
v 0.18151417 -0.17154706 -0.10374189
v 0.18448205 -0.15859626 -0.10603213
v 0.18745433 -0.14562632 -0.10832576
v 0.19036153 -0.13258600 -0.11066015
v 0.19235243 -0.11884447 -0.11349402
v 0.19496229 -0.10553502 -0.11600117
v 0.19647360 -0.09138191 -0.11910792
v 0.19475093 -0.07477842 -0.12397134
v 0.19313967 -0.05821077 -0.12878667
v 0.19181789 -0.04181387 -0.13345724
v 0.19049218 -0.02536794 -0.13814180
v 0.18916248 -0.00887276 -0.14284037
v 0.17943703 0.01406326 -0.15211974
v 0.16237620 0.04269767 -0.16541961
v 0.14442252 0.07214867 -0.17924042
v 0.12325269 0.10421231 -0.19485329
v 0.10126276 0.13706449 -0.21095456
v 0.10096001 0.15326589 -0.21521968
v 0.08908722 0.17850988 -0.22584026
v 0.07159627 0.20824535 -0.23957278
v -0.04521604 0.34903139 -0.31644481
v -0.02671321 0.35100272 -0.31049994
v -0.00827658 0.35296699 -0.30457634
v 0.00745495 0.35702813 -0.30013418
v 0.01969410 0.36383834 -0.29761547
v 0.03191458 0.37063816 -0.29510060
v 0.04311516 0.37823418 -0.29314572
v 0.04806372 0.39086422 -0.29466304
v 0.05244207 0.40397212 -0.29650187
v 0.05674506 0.41716003 -0.29838750
v 0.06103525 0.43037745 -0.30028516
v 0.06268606 0.44577751 -0.30366343
v 0.06345014 0.46194121 -0.30754688
v 0.06421602 0.47814298 -0.31143951
v 0.06460702 0.49469483 -0.31555274
v 0.06273188 0.51317197 -0.32095033
v 0.06140642 0.53124595 -0.32605276
v 0.06058430 0.54895085 -0.33088496
v 0.05644856 0.56948775 -0.33759952
v 0.05204552 0.59031874 -0.34448281
v 0.04765892 0.61120647 -0.35137495
v 0.03983366 0.63508254 -0.36023316
v 0.03534606 0.65620834 -0.36722159
v 0.03053042 0.67768657 -0.37441492
v 0.02367353 0.70098865 -0.38278815
v 0.01289221 0.72757268 -0.39302897
v -0.23296902 -0.47061029 -0.15789577
v -0.17597251 -0.49209136 -0.13261756
v -0.13491389 -0.50364572 -0.11540999
v 0.32269338 -0.78188378 0.11452450
v 0.35313004 -0.78801197 0.12671386
v 0.38245404 -0.79345679 0.13828582
v 0.39282891 -0.78674608 0.14017197
v 0.40311328 -0.77999419 0.14201623
v 0.40880543 -0.77026540 0.14150523
v 0.41453737 -0.76055789 0.14101346
v 0.41702807 -0.74871659 0.13885100
v 0.41982403 -0.73705614 0.13684075
v 0.42601722 -0.72762477 0.13657972
v 0.43477064 -0.71989143 0.13764158
v 0.44702792 -0.71450406 0.14051954
v 0.45523953 -0.70643699 0.14130796
v 0.46069297 -0.69652510 0.14066727
v 0.46411127 -0.68523538 0.13896786
v 0.45961598 -0.66857606 0.13314846
v 0.25005558 -0.49841070 0.01689667
v 0.25164318 -0.48524508 0.01408215
v 0.25127339 -0.47070897 0.01023774
v 0.25090265 -0.45613539 0.00638342
v 0.25053096 -0.44152415 0.00251915
v 0.24802087 -0.42539182 -0.00247634
v 0.23849364 -0.40432408 -0.01116959
v 0.22720201 -0.38193929 -0.02081203
v 0.23134668 -0.37029102 -0.02235094
v 0.16676812 -0.31024009 -0.06012139
v 0.16361736 -0.29323184 -0.06556322
v 0.16325301 -0.27814701 -0.06954601
v 0.16333352 -0.26334026 -0.07330330
v 0.16559996 -0.25005853 -0.07591183
v 0.16833107 -0.23708458 -0.07828040
v 0.17118977 -0.22417942 -0.08058707
v 0.17460917 -0.21165664 -0.08260134
v 0.17765197 -0.19884136 -0.08482113
v 0.17801762 -0.18405746 -0.08847357
v 0.17838416 -0.16923854 -0.09213466
v 0.18113257 -0.15612842 -0.09453202
v 0.18410219 -0.14315742 -0.09681702
v 0.18707620 -0.13016726 -0.09910540
v 0.19005460 -0.11715788 -0.10139715
v 0.19257845 -0.10378826 -0.10393881
v 0.19268148 -0.08825300 -0.10768293
v 0.19143546 -0.07234162 -0.11237468
v 0.19011326 -0.05599217 -0.11701328
v 0.18878715 -0.03959391 -0.12166574
v 0.18745704 -0.02314662 -0.12633210
v 0.18612295 -0.00665008 -0.13101244
v 0.17474242 0.01754434 -0.14114837
v 0.15861255 0.04546934 -0.15388677
v 0.14064242 0.07493246 -0.16765724
v 0.12777747 0.10060322 -0.17868590
v 0.10271520 0.13580529 -0.19638558
v 0.10241465 0.15199047 -0.20062751
v 0.09954339 0.17021768 -0.20628391
v 0.08418068 0.19825216 -0.21878397
v 0.05661225 0.23597293 -0.23799755
v -0.03315055 0.33930737 -0.29557598
v -0.01855801 0.34433025 -0.29179412
v -0.00017301 0.34630251 -0.28591582
v 0.01222453 0.35298824 -0.28332105
v 0.02444224 0.35979161 -0.28081882
v 0.03664556 0.36658123 -0.27831808
v 0.04733166 0.37456766 -0.27664998
v 0.05186633 0.38750935 -0.27838415
v 0.05614330 0.40067765 -0.28026572
v 0.06042518 0.41386104 -0.28214946
v 0.06462052 0.42713436 -0.28408623
v 0.06713236 0.44180712 -0.28696522
v 0.06784058 0.45799261 -0.29085705
v 0.06856478 0.47420466 -0.29475006
v 0.06933650 0.49041718 -0.29862678
v 0.06797215 0.50844449 -0.30370894
v 0.06610236 0.52694535 -0.30908763
v 0.06422804 0.54550523 -0.31448302
v 0.05934164 0.56664962 -0.32158473
v 0.05498416 0.58742154 -0.32840765
v 0.05060874 0.60827893 -0.33525860
v 0.04247693 0.63239366 -0.34424636
v 0.03404967 0.65685284 -0.35342470
v 0.02666637 0.68051529 -0.36203700
v 0.01908208 0.70443922 -0.37078586
v 0.00399161 0.73490953 -0.38381416
v -0.18211558 -0.48781133 -0.12238244
v 0.31884351 -0.79294479 0.12872726
v 0.35106418 -0.79979187 0.14133301
v 0.38222733 -0.80638474 0.15378326
v 0.39495823 -0.80120832 0.15686630
v 0.40523750 -0.79447407 0.15870537
v 0.41193613 -0.78543097 0.15871897
v 0.41627157 -0.77484691 0.15752348
v 0.42245671 -0.76546228 0.15727267
v 0.42586955 -0.75425398 0.15559939
v 0.43125084 -0.74432772 0.15493286
v 0.44193980 -0.73790783 0.15699352
v 0.45193240 -0.73104495 0.15870072
v 0.45999455 -0.72291124 0.15941715
v 0.46877101 -0.71526229 0.16050391
v 0.47285673 -0.70447350 0.15916997
v 0.47696644 -0.69368815 0.15784523
v 0.47450978 -0.67844778 0.15311669
v 0.46891454 -0.66103101 0.14674926
v 0.46402094 -0.64403147 0.14073056
v 0.45479718 -0.62401241 0.13244648
v 0.25916922 -0.47595149 0.02713631
v 0.25950536 -0.46189338 0.02367408
v 0.25984225 -0.44780242 0.02020377
v 0.25724378 -0.43164092 0.01519174
v 0.24831918 -0.41102475 0.00685909
v 0.23616792 -0.38807246 -0.00318357
v 0.22929102 -0.36872348 -0.01048587
v 0.23249684 -0.35640314 -0.01251376
v 0.16611953 -0.29489145 -0.05111567
v 0.16538435 -0.27955922 -0.05527252
v 0.16546737 -0.26476896 -0.05900861
v 0.16555059 -0.24994244 -0.06275383
v 0.16712528 -0.23614870 -0.06572064
v 0.16985850 -0.22315957 -0.06808216
v 0.17317322 -0.21056721 -0.07014168
v 0.17501597 -0.19688806 -0.07298665
v 0.17537844 -0.18210450 -0.07662442
v 0.17574176 -0.16728590 -0.08027081
v 0.17778347 -0.15366086 -0.08303323
v 0.18075044 -0.14068881 -0.08530961
v 0.18372181 -0.12769759 -0.08758936
v 0.18669756 -0.11468714 -0.08987246
v 0.18967772 -0.10165744 -0.09215896
v 0.18965596 -0.08636694 -0.09605858
v 0.18841413 -0.07012491 -0.10062215
v 0.18708761 -0.05377410 -0.10524270
v 0.18575712 -0.03737448 -0.10987703
v 0.18442264 -0.02092584 -0.11452521
v 0.18308419 -0.00442797 -0.11918731
v 0.17004625 0.02102657 -0.13017339
v 0.15484889 0.04824101 -0.14235389
v 0.13686231 0.07771627 -0.15607403
v 0.12865333 0.09980299 -0.16453363
v 0.10416504 0.13454834 -0.18184265
v 0.10386668 0.15071735 -0.18606152
v 0.10356753 0.16692927 -0.19029158
v 0.09669322 0.18831602 -0.19811167
v 0.07428876 0.22194605 -0.21441649
v 0.00883749 0.30598181 -0.25843164
v -0.01043559 0.33768463 -0.27316347
v 0.00476531 0.34215313 -0.26904646
v 0.01698758 0.34895420 -0.26655278
v 0.02919712 0.35574019 -0.26405969
v 0.04138802 0.36251584 -0.26157039
v 0.05042354 0.37180769 -0.26081231
v 0.05544638 0.38433504 -0.26226482
v 0.05981738 0.39740592 -0.26408103
v 0.06409588 0.41057056 -0.26595306
v 0.06799633 0.42406312 -0.26803926
v 0.07050804 0.43871504 -0.27090064
v 0.07240664 0.45390055 -0.27410969
v 0.07302701 0.47017375 -0.27803752
v 0.07367712 0.48646262 -0.28195903
v 0.07319616 0.50373161 -0.28652102
v 0.07134062 0.52219367 -0.29186180
v 0.06948149 0.54071385 -0.29721865
v 0.06357426 0.56268787 -0.30485395
v 0.05791595 0.58453113 -0.31236991
v 0.05347905 0.60541964 -0.31922066
v 0.04511431 0.62971079 -0.32829523
v 0.03591123 0.65480977 -0.33786523
v 0.02376171 0.68252462 -0.34911957
v 0.01330857 0.70890266 -0.35944727
v -0.00495522 0.74210513 -0.37421197
v 0.30469525 -0.79674661 0.13691121
v 0.34165338 -0.80684984 0.15219209
v 0.37294647 -0.81347060 0.16464052
v 0.39202690 -0.81236184 0.17092656
v 0.40222749 -0.80558550 0.17271994
v 0.41218635 -0.79866970 0.17439476
v 0.42003158 -0.79039639 0.17499807
v 0.42454052 -0.77995312 0.17390312
v 0.43027827 -0.77030373 0.17343232
v 0.43684456 -0.76119423 0.17338352
v 0.44411203 -0.75254661 0.17369312
v 0.45182678 -0.74419802 0.17423242
v 0.46112132 -0.73690391 0.17558272
v 0.47120112 -0.73014635 0.17733929
v 0.47805530 -0.72124696 0.17744283
v 0.48219344 -0.71052444 0.17614947
v 0.48633537 -0.69979203 0.17485492
v 0.48316714 -0.68410140 0.16978775
v 0.47968104 -0.66814631 0.16454412
v 0.47608712 -0.65180171 0.15912561
v 0.47162798 -0.63534534 0.15345909
v 0.46686408 -0.61835849 0.14751415
v 0.27071232 -0.46944645 0.04226144
v 0.26804656 -0.45331597 0.03725570
v 0.26447627 -0.43650925 0.03176726
v 0.25860280 -0.41804513 0.02506603
v 0.24707669 -0.39556447 0.01540133
v 0.23491125 -0.37254143 0.00537909
v 0.23138100 -0.35550129 -0.00015475
v 0.23220862 -0.34148693 -0.00342179
v 0.16751145 -0.28096861 -0.04102743
v 0.16759697 -0.26619476 -0.04474239
v 0.16768271 -0.25138482 -0.04846644
v 0.16776867 -0.23653859 -0.05219961
v 0.16865164 -0.22222926 -0.05552239
v 0.17173837 -0.20947860 -0.05769163
v 0.17238091 -0.19493546 -0.06115641
v 0.17274019 -0.18015224 -0.06477953
v 0.17310034 -0.16533400 -0.06841123
v 0.17443477 -0.15119360 -0.07153580
v 0.17739910 -0.13822049 -0.07380354
v 0.18036780 -0.12522818 -0.07607465
v 0.18334091 -0.11221668 -0.07834912
v 0.18537161 -0.09848248 -0.08113111
v 0.18545459 -0.08326851 -0.08495849
v 0.18489915 -0.06753882 -0.08913632
v 0.18406263 -0.05155655 -0.09347490
v 0.18272780 -0.03515558 -0.09809113
v 0.18138897 -0.01870559 -0.10272115
v 0.17905580 -0.00145480 -0.10789635
v 0.16534854 0.02450994 -0.11919481
v 0.15108521 0.05101268 -0.13082100
v 0.13308218 0.08050007 -0.14449078
v 0.12552331 0.10208613 -0.15256333
v 0.10563656 0.13345036 -0.16709594
v 0.10531611 0.14944649 -0.17152162
v 0.10501914 0.16564220 -0.17572860
v 0.10384361 0.18256606 -0.18042250
v 0.09180629 0.20804499 -0.19102308
v 0.05894203 0.25000116 -0.21296796
v 0.02667195 0.29171070 -0.23464584
v 0.01146069 0.32013765 -0.24708597
v 0.00955227 0.33812466 -0.25230160
v 0.02175900 0.34491417 -0.24982108
v 0.03394713 0.35169339 -0.24734439
v 0.04611669 0.35846227 -0.24487145
v 0.05350813 0.36905423 -0.24501197
v 0.05852642 0.38156560 -0.24645576
v 0.06348206 0.39414254 -0.24793774
v 0.06775719 0.40728849 -0.24979815
v 0.07136384 0.42099941 -0.25203180
v 0.07387539 0.43563062 -0.25487566
v 0.07639134 0.45028743 -0.25772443
v 0.07758454 0.46606511 -0.26131260
v 0.07805573 0.48247755 -0.26531014
v 0.07779831 0.49953663 -0.26972231
v 0.07656637 0.51745373 -0.27468738
v 0.07471861 0.53593737 -0.28000799
v 0.06910529 0.55763733 -0.28743976
v 0.06280363 0.57999414 -0.29527497
v 0.05594583 0.60290235 -0.30344132
v 0.04674635 0.62788171 -0.31293854
v 0.03749382 0.65300512 -0.32249054
v 0.02507159 0.68093497 -0.33384481
v 0.00599253 0.71468776 -0.34896597
v 0.29018039 -0.80063802 0.14528492
v 0.32893145 -0.81180054 0.16138150
v 0.35578743 -0.81552804 0.17152546
v 0.37900451 -0.81702167 0.17985871
v 0.39513406 -0.81403995 0.18463373
v 0.40614426 -0.80780154 0.18683255
v 0.41590443 -0.80077475 0.18840405
v 0.42518431 -0.79345089 0.18973598
v 0.43202427 -0.78454834 0.18983339
v 0.43809000 -0.77513993 0.18953782
v 0.44361356 -0.76537240 0.18896584
v 0.45264941 -0.75791568 0.19018061
v 0.46073663 -0.74984258 0.19091481
v 0.47051182 -0.74289799 0.19251218
v 0.47658452 -0.73349994 0.19222163
v 0.48223767 -0.72381842 0.19171573
v 0.48778278 -0.71405935 0.19115327
v 0.49215245 -0.70350254 0.18998668
v 0.49010211 -0.68859065 0.18552096
v 0.48618713 -0.67236942 0.18008585
v 0.48225698 -0.65608549 0.17462972
v 0.47690162 -0.63877386 0.16842584
v 0.47515088 -0.62387705 0.16406661
v 0.46605846 -0.60387927 0.15590419
v 0.27497643 -0.45794877 0.05359583
v 0.27168149 -0.44135925 0.04828026
v 0.26811808 -0.42453104 0.04281245
v 0.25739723 -0.40264589 0.03361572
v 0.24489965 -0.37942454 0.02347291
v 0.22679947 -0.35215911 0.01038960
v 0.22956273 -0.33951008 0.00814451
v 0.16963431 -0.28237519 -0.02681066
v 0.16972236 -0.26761779 -0.03050458
v 0.16981059 -0.25282434 -0.03420752
v 0.16989906 -0.23799467 -0.03791951
v 0.16957051 -0.22282845 -0.04185936
v 0.16939154 -0.20773152 -0.04573045
v 0.16974680 -0.19298354 -0.04933042
v 0.17010289 -0.17820066 -0.05293887
v 0.17045984 -0.16338278 -0.05655589
v 0.17108646 -0.14872664 -0.06003970
v 0.17404814 -0.13575244 -0.06229883
v 0.17701419 -0.12275908 -0.06456130
v 0.17998463 -0.10974651 -0.06682712
v 0.18096700 -0.09523436 -0.07015266
v 0.18125251 -0.08016955 -0.07385649
v 0.18069132 -0.06443430 -0.07801963
v 0.18012860 -0.04865638 -0.08219409
v 0.17956437 -0.03283560 -0.08637988
v 0.17835599 -0.01648585 -0.09091989
v 0.17437580 0.00201284 -0.09695207
v 0.16064928 0.02799445 -0.10821260
v 0.14682259 0.05416569 -0.11955530
v 0.12930205 0.08328389 -0.13290752
v 0.12239399 0.10436876 -0.14059569
v 0.11045752 0.12941475 -0.15100668
v 0.10676295 0.14817792 -0.15700772
v 0.10646816 0.16435744 -0.16119172
v 0.10617261 0.18057990 -0.16538680
v 0.10100037 0.20066443 -0.17222767
v 0.07656710 0.23595706 -0.18950698
v 0.04345561 0.27826989 -0.21153182
v 0.03981888 0.29747808 -0.21762535
v 0.03081835 0.32100847 -0.22664772
v 0.02651654 0.34088594 -0.23313807
v 0.03868333 0.34765834 -0.23067763
v 0.05083162 0.35442048 -0.22822097
v 0.05658546 0.36630726 -0.22924884
v 0.06159921 0.37880269 -0.23068394
v 0.06661741 0.39130920 -0.23212031
v 0.07140913 0.40401480 -0.23368451
v 0.07472306 0.41794324 -0.23606375
v 0.07723445 0.43255377 -0.23889013
v 0.07948317 0.44740948 -0.24186839
v 0.08143510 0.46254081 -0.24501792
v 0.08124787 0.47947583 -0.24935572
v 0.08073851 0.49672335 -0.25388274
v 0.08022774 0.51401907 -0.25842240
v 0.07985563 0.53123528 -0.26312706
v 0.07462815 0.55259484 -0.27007610
v 0.06836835 0.57488811 -0.27784702
v 0.06197231 0.59737748 -0.28571415
v 0.04845205 0.62599093 -0.29756817
v 0.03907345 0.65120381 -0.30714467
v 0.02485099 0.68065310 -0.31945023
v 0.00106437 0.71842629 -0.33713391
v 0.30840132 -0.81181943 0.16667882
v 0.34530699 -0.82186234 0.18179472
v 0.36476347 -0.82091796 0.18819612
v 0.38504216 -0.82056081 0.19502561
v 0.39823401 -0.81571418 0.19830902
v 0.40915129 -0.80943161 0.20045550
v 0.41909009 -0.80253607 0.20211409
v 0.42799067 -0.79498160 0.20325291
v 0.43605125 -0.78689003 0.20397018
v 0.44244018 -0.77771103 0.20384382
v 0.44969219 -0.76909804 0.20415413
v 0.45894477 -0.76180720 0.20547929
v 0.46710411 -0.75380558 0.20625283
v 0.47330830 -0.74451232 0.20603472
v 0.47935501 -0.73511207 0.20573601
v 0.48473746 -0.72526431 0.20509820
v 0.48956504 -0.71503770 0.20417584
v 0.49238881 -0.70345128 0.20222813
v 0.49167186 -0.68945020 0.19846562
v 0.49095303 -0.67541152 0.19469297
v 0.48810482 -0.65988487 0.18981990
v 0.48269752 -0.64256030 0.18362193
v 0.47756684 -0.62536556 0.17755096
v 0.47599676 -0.61056530 0.17329650
v 0.46170706 -0.58692706 0.16248141
v 0.27844262 -0.44590160 0.06451613
v 0.27522492 -0.42933986 0.05925691
v 0.26637042 -0.40878603 0.05107133
v 0.25181386 -0.38415131 0.03991481
v 0.23164043 -0.35545203 0.02582050
v 0.22463647 -0.33592167 0.01852348
v 0.16807374 -0.28116944 -0.01453318
v 0.16743243 -0.26589808 -0.01858908
v 0.16678938 -0.25058559 -0.02265592
v 0.16614459 -0.23523176 -0.02673373
v 0.16549808 -0.21983646 -0.03082255
v 0.16604033 -0.20525916 -0.03430023
v 0.16706704 -0.19099857 -0.03753303
v 0.16746654 -0.17624980 -0.04110248
v 0.16782032 -0.16143227 -0.04470483
v 0.16817492 -0.14657959 -0.04831573
v 0.17069757 -0.13328470 -0.05079546
v 0.17366098 -0.12029026 -0.05304930
v 0.17597933 -0.10679584 -0.05564887
v 0.17656134 -0.09198546 -0.05917155
v 0.17704968 -0.07707005 -0.06275256
v 0.17648277 -0.06132926 -0.06690104
v 0.17591429 -0.04554576 -0.07106078
v 0.17534429 -0.02971938 -0.07523181
v 0.17477271 -0.01384996 -0.07941417
v 0.16969429 0.00548162 -0.08600423
v 0.15594850 0.03148012 -0.09722678
v 0.14210235 0.05766840 -0.10853126
v 0.12530819 0.08634025 -0.12115769
v 0.11926537 0.10665087 -0.12863076
v 0.11307964 0.12725325 -0.13591792
v 0.10820719 0.14691161 -0.14251980
v 0.10791459 0.16307496 -0.14668085
v 0.10762122 0.17928119 -0.15085293
v 0.10732706 0.19553043 -0.15503609
v 0.09013685 0.22510162 -0.16833156
v 0.06112166 0.26413450 -0.18803918
v 0.04651427 0.29196566 -0.20001620
v 0.04807322 0.30707991 -0.20328188
v 0.04963535 0.32222503 -0.20655423
v 0.04340579 0.34363502 -0.21405928
v 0.05465079 0.35109827 -0.21209762
v 0.05965556 0.36356673 -0.21352278
v 0.06466476 0.37604621 -0.21494921
v 0.06967842 0.38853684 -0.21637690
v 0.07429672 0.40136385 -0.21802402
v 0.07752006 0.41534695 -0.22043759
v 0.07956117 0.43032363 -0.22350420
v 0.08160617 0.44532883 -0.22657663
v 0.08362757 0.46038541 -0.22967003
v 0.08532500 0.47574231 -0.23294944
v 0.08537062 0.49250549 -0.23714578
v 0.08486704 0.50977021 -0.24165554
v 0.08388822 0.52747941 -0.24643916
v 0.07951593 0.54808676 -0.25310883
v 0.07392927 0.56978661 -0.26046732
v 0.06766302 0.59213775 -0.26822135
v 0.05461374 0.62032223 -0.27975553
v 0.04036787 0.64964598 -0.29198420
v 0.02368431 0.68117952 -0.30559987
v -0.00386529 0.72216588 -0.32529825
v 0.28636396 -0.81093526 0.17128339
v 0.32163358 -0.81984460 0.18549420
v 0.35579076 -0.82818192 0.19918399
v 0.37268397 -0.82563609 0.20428614
v 0.38863537 -0.82253581 0.20892963
v 0.39878142 -0.81574863 0.21067855
v 0.40933251 -0.80923951 0.21263462
v 0.42007080 -0.80287021 0.21468931
v 0.42963761 -0.79575938 0.21616048
v 0.43705371 -0.78725970 0.21655358
v 0.44456723 -0.77882749 0.21699663
v 0.45214319 -0.77044064 0.21747224
v 0.46053511 -0.76259649 0.21836083
v 0.46824664 -0.75431055 0.21890774
v 0.47493595 -0.74535066 0.21893880
v 0.48071304 -0.73578274 0.21850783
v 0.48625228 -0.72605151 0.21795519
v 0.49107605 -0.71583426 0.21703792
v 0.49262485 -0.70340008 0.21445346
v 0.49190873 -0.68940824 0.21070985
v 0.49169859 -0.67572373 0.20721501
v 0.49181223 -0.66222584 0.20387690
v 0.48842058 -0.64629757 0.19873989
v 0.48274952 -0.62875408 0.19242449
v 0.47823268 -0.61194444 0.18668476
v 0.46739924 -0.59071010 0.17769220
v 0.28190881 -0.43385461 0.07543626
v 0.27878663 -0.41733387 0.07024261
v 0.25803411 -0.38839158 0.05595202
v 0.24213421 -0.36272597 0.04412973
v 0.21830352 -0.33133903 0.02818184
v 0.21788830 -0.31640315 0.02430430
v 0.16337602 -0.26292098 -0.00759443
v 0.16272746 -0.24760340 -0.01164674
v 0.16207714 -0.23224448 -0.01570998
v 0.16162829 -0.21699025 -0.01967859
v 0.16264918 -0.20275801 -0.02289223
v 0.16367224 -0.18849543 -0.02611271
v 0.16469745 -0.17420241 -0.02934007
v 0.16518173 -0.15948246 -0.03285803
v 0.16553314 -0.14463013 -0.03645422
v 0.16734740 -0.13081722 -0.03929342
v 0.17030816 -0.11782175 -0.04153864
v 0.17157760 -0.10355169 -0.04467729
v 0.17215459 -0.08873575 -0.04818776
v 0.17273290 -0.07388561 -0.05170631
v 0.17227346 -0.05822366 -0.05578052
v 0.17169924 -0.04243459 -0.05992553
v 0.17112345 -0.02660262 -0.06408180
v 0.17054613 -0.01072758 -0.06824937
v 0.16204770 0.01120041 -0.07662217
v 0.15092418 0.03521211 -0.08640806
v 0.13738056 0.06117225 -0.09750358
v 0.12230105 0.08842263 -0.10944363
v 0.11613744 0.10893248 -0.11666849
v 0.11014994 0.12937967 -0.12381782
v 0.10934128 0.14588594 -0.12822190
v 0.10935842 0.16179480 -0.13219595
v 0.10906723 0.17798480 -0.13634510
v 0.10877525 0.19421777 -0.14050528
v 0.10530102 0.21299419 -0.14638282
v 0.07865992 0.25010139 -0.16471651
v 0.05077541 0.28838047 -0.18376578
v 0.05233655 0.30347034 -0.18701042
v 0.05390089 0.31859097 -0.19026168
v 0.05546842 0.33374247 -0.19351958
v 0.05682208 0.34909919 -0.19690146
v 0.06107326 0.36215743 -0.19872400
v 0.06545041 0.37513274 -0.20048299
v 0.06983237 0.38812238 -0.20224391
v 0.07421916 0.40112627 -0.20400678
v 0.07861078 0.41414443 -0.20577158
v 0.08167990 0.42826453 -0.20826131
v 0.08372483 0.44325247 -0.21131611
v 0.08577366 0.45826897 -0.21437673
v 0.08751338 0.47357330 -0.21761434
v 0.08921473 0.48894325 -0.22088143
v 0.08949288 0.50553370 -0.22493735
v 0.08703499 0.52445483 -0.23050582
v 0.08267441 0.54503125 -0.23713477
v 0.07829592 0.56569225 -0.24379098
v 0.07322932 0.58700460 -0.25084391
v 0.06047153 0.61491281 -0.26215979
v 0.04617452 0.64424980 -0.27435604
v 0.02278575 0.68147755 -0.29161498
v 0.29479808 -0.81589437 0.18770173
v 0.33720398 -0.82935256 0.20539743
v 0.35854697 -0.82959139 0.21267606
v 0.37441444 -0.82640636 0.21724980
v 0.38933694 -0.82265985 0.22136408
v 0.39926440 -0.81574219 0.22299892
v 0.40951350 -0.80904770 0.22479817
v 0.42029166 -0.80271292 0.22686599
v 0.43108994 -0.79641122 0.22894882
v 0.43938911 -0.78849930 0.22978526
v 0.44744474 -0.78043586 0.23050161
v 0.45479667 -0.77191693 0.23086651
v 0.46212256 -0.76338440 0.23121917
v 0.46910790 -0.75462967 0.23140131
v 0.47451749 -0.74482983 0.23079015
v 0.48002210 -0.73508739 0.23022543
v 0.48565072 -0.72542250 0.22972195
v 0.49146333 -0.71587622 0.22931026
v 0.49443308 -0.70440930 0.22745858
v 0.49520135 -0.69143444 0.22448672
v 0.49531889 -0.67798871 0.22117743
v 0.49492815 -0.66416419 0.21760190
v 0.48940343 -0.64679235 0.21140626
v 0.48603606 -0.63084126 0.20629419
v 0.48280159 -0.61493164 0.20123743
v 0.46546972 -0.58922231 0.18897140
v 0.45057079 -0.56508130 0.17791896
v 0.28569895 -0.42203438 0.08652224
v 0.27917126 -0.40309927 0.07959798
v 0.22969025 -0.33927983 0.04696533
v 0.21504983 -0.31429201 0.03578938
v 0.15931901 -0.25994346 0.00340176
v 0.15866494 -0.24462077 -0.00063601
v 0.15800911 -0.22925675 -0.00468468
v 0.15824112 -0.21449132 -0.00828395
v 0.15925835 -0.20025709 -0.01148531
v 0.16027774 -0.18599252 -0.01469349
v 0.16129930 -0.17169753 -0.01790852
v 0.16232306 -0.15737201 -0.02113041
v 0.16289231 -0.14268138 -0.02459699
v 0.16399761 -0.12835005 -0.02779273
v 0.16660410 -0.11509411 -0.03021285
v 0.16717477 -0.10030673 -0.03370304
v 0.16774677 -0.08548524 -0.03720128
v 0.16832007 -0.07062954 -0.04070759
v 0.16806345 -0.05511754 -0.04465808
v 0.16748346 -0.03932289 -0.04878835
v 0.16690192 -0.02348532 -0.05292985
v 0.16469589 -0.00637747 -0.05793721
v 0.15360704 0.01752168 -0.06764068
v 0.14244762 0.04157299 -0.07740594
v 0.13121691 0.06577792 -0.08723357
v 0.11918039 0.09070073 -0.09751255
v 0.11360754 0.11075390 -0.10439236
v 0.10821006 0.13074175 -0.11119654
v 0.10651105 0.14793280 -0.11605313
v 0.10790341 0.16276932 -0.11927763
v 0.10929864 0.17763661 -0.12250881
v 0.11022085 0.19290744 -0.12600051
v 0.10993028 0.20916717 -0.13014872
v 0.08279724 0.24663801 -0.14865947
v 0.06322715 0.27831411 -0.16316874
v 0.05658821 0.29987067 -0.17078358
v 0.05815473 0.31496689 -0.17401384
v 0.05901140 0.33066407 -0.17763391
v 0.05945014 0.34673408 -0.18148819
v 0.06161418 0.36145467 -0.18442278
v 0.06562320 0.37471491 -0.18636958
v 0.06975779 0.38789356 -0.18825360
v 0.07414170 0.40088892 -0.19000761
v 0.07853045 0.41389862 -0.19176358
v 0.08292402 0.42692262 -0.19352147
v 0.08583917 0.44118032 -0.19608672
v 0.08788793 0.45617953 -0.19912972
v 0.08969724 0.47140875 -0.20231098
v 0.09139904 0.48676065 -0.20555916
v 0.09310640 0.50215197 -0.20880847
v 0.09035730 0.52128446 -0.21451065
v 0.08606223 0.54178423 -0.22106947
v 0.08174961 0.56236786 -0.22765511
v 0.07741931 0.58303577 -0.23426773
v 0.06572779 0.61001486 -0.24494220
v 0.05147275 0.63928765 -0.25705510
v 0.02870116 0.67595911 -0.27389148
v 0.27251318 -0.81488109 0.19224249
v 0.30780998 -0.82374322 0.20632696
v 0.34366527 -0.83309388 0.22072060
v 0.36301622 -0.83209056 0.22698852
v 0.37655386 -0.82743812 0.23039377
v 0.39003748 -0.82278377 0.23378035
v 0.40000460 -0.81590140 0.23543018
v 0.41055420 -0.80941087 0.23737332
v 0.42214447 -0.80361295 0.23983870
v 0.43414989 -0.79810852 0.24251670
v 0.44226140 -0.79008973 0.24325979
v 0.45039555 -0.78209281 0.24401593
v 0.45739102 -0.77335495 0.24420486
v 0.46458295 -0.76474851 0.24449255
v 0.46871805 -0.75412101 0.24324961
v 0.47379208 -0.74410528 0.24247459
v 0.47932994 -0.73439139 0.24193062
v 0.48535499 -0.72499841 0.24163029
v 0.49132654 -0.71556646 0.24130230
v 0.49357292 -0.70361960 0.23909609
v 0.49582294 -0.69165349 0.23688634
v 0.49807653 -0.67966825 0.23467307
v 0.49714118 -0.66548747 0.23084140
v 0.49162707 -0.64813638 0.22468157
v 0.48609784 -0.63071442 0.21849908
v 0.48364666 -0.61535299 0.21386413
v 0.48118728 -0.59994024 0.20921372
v 0.42581549 -0.53382802 0.17417136
v 0.41299668 -0.51090711 0.16417031
v 0.23156877 -0.34050101 0.06081298
v 0.20982881 -0.31049091 0.04604955
v 0.17890853 -0.27379900 0.02653750
v 0.15460187 -0.24163775 0.01037625
v 0.15394051 -0.22626862 0.00634216
v 0.15485427 -0.21199262 0.00310960
v 0.15586786 -0.19775641 -0.00007949
v 0.15688358 -0.18348986 -0.00327537
v 0.15790148 -0.16919288 -0.00647806
v 0.15892155 -0.15486537 -0.00968760
v 0.15994380 -0.14050727 -0.01290399
v 0.16064821 -0.12588316 -0.01629338
v 0.16220520 -0.11185391 -0.01924814
v 0.16277088 -0.09706099 -0.02272611
v 0.16333787 -0.08223396 -0.02621211
v 0.16390614 -0.06737268 -0.02970616
v 0.16385271 -0.05201089 -0.03353372
v 0.16326696 -0.03621064 -0.03764925
v 0.16267961 -0.02036747 -0.04177598
v 0.15627725 -0.00008533 -0.04896181
v 0.14515270 0.02385318 -0.05864465
v 0.13395728 0.04794423 -0.06838918
v 0.12269028 0.07218925 -0.07819600
v 0.11663462 0.09253800 -0.08528160
v 0.11167142 0.11211842 -0.09180875
v 0.10627140 0.13210295 -0.09858323
v 0.10446226 0.14937410 -0.10347553
v 0.10507096 0.16481516 -0.10709975
v 0.10646303 0.17968211 -0.11031778
v 0.10785799 0.19457987 -0.11354248
v 0.10925584 0.20950857 -0.11677389
v 0.08600989 0.24390434 -0.13313207
v 0.07220650 0.27099672 -0.14449917
v 0.06082822 0.29628086 -0.15460116
v 0.06162187 0.31197029 -0.15822470
v 0.06206272 0.32797942 -0.16204631
v 0.06250464 0.34402731 -0.16587718
v 0.06294763 0.36011416 -0.16971736
v 0.06640458 0.37380576 -0.17194854
v 0.07041582 0.38707119 -0.17388737
v 0.07443196 0.40035284 -0.17582858
v 0.07842820 0.41358787 -0.17784140
v 0.08284090 0.42666852 -0.17952272
v 0.08723643 0.43969834 -0.18127373
v 0.08999787 0.45409435 -0.18391381
v 0.09187660 0.46924874 -0.18703923
v 0.09357885 0.48458248 -0.19026858
v 0.09293195 0.50190806 -0.19478299
v 0.09177957 0.51970398 -0.19958425
v 0.08980105 0.53824371 -0.20484819
v 0.08550168 0.55879325 -0.21139210
v 0.08118472 0.57942688 -0.21796283
v 0.06835063 0.60735083 -0.22920972
v 0.05675443 0.63434106 -0.23980817
v 0.03373804 0.67119217 -0.25669795
v 0.01890580 -0.75213814 0.10403499
v 0.02736837 -0.74357122 0.10475720
v 0.03134766 -0.73224497 0.10329495
v 0.03752483 -0.72226602 0.10290226
v 0.27843776 -0.81823599 0.20737250
v 0.31174839 -0.82586867 0.22042567
v 0.35010397 -0.83682203 0.23599023
v 0.36679155 -0.83414954 0.24092552
v 0.37966356 -0.82908970 0.24399208
v 0.39167652 -0.82350922 0.24664205
v 0.40280738 -0.81738716 0.24886255
v 0.41346908 -0.81098384 0.25085631
v 0.42677450 -0.80631208 0.25416398
v 0.44785437 -0.80672598 0.26133400
v 0.45829943 -0.79937673 0.26290661
v 0.46100664 -0.78876680 0.26130965
v 0.46012315 -0.77488405 0.25758576
v 0.46715075 -0.76618397 0.25779399
v 0.46995014 -0.75468642 0.25589383
v 0.47442853 -0.74428606 0.25482753
v 0.47958666 -0.73432863 0.25409847
v 0.48527667 -0.72472012 0.25363392
v 0.49046892 -0.71477270 0.25291878
v 0.49271360 -0.70283055 0.25072289
v 0.49567112 -0.69134945 0.24887979
v 0.49889308 -0.68002975 0.24716522
v 0.49667987 -0.66498786 0.24270929
v 0.49384615 -0.64947766 0.23792969
v 0.48831806 -0.63207000 0.23177825
v 0.48371002 -0.61523587 0.22607686
v 0.48125231 -0.59983265 0.22144975
v 0.45062491 -0.56482875 0.20253825
v 0.43064004 -0.53705209 0.18897951
v 0.41929230 -0.51518017 0.17977452
v 0.40990785 -0.49459451 0.17154543
v 0.20466504 -0.30673039 0.05634617
v 0.20358801 -0.29127866 0.05217001
v 0.15053822 -0.23865429 0.02139006
v 0.15045998 -0.22370212 0.01767212
v 0.15146776 -0.20949417 0.01450206
v 0.15247768 -0.19525596 0.01132525
v 0.15348975 -0.18098743 0.00814167
v 0.15450399 -0.16668849 0.00495130
v 0.15552038 -0.15235899 0.00175412
v 0.15642971 -0.13791887 -0.00150627
v 0.15681887 -0.12306347 -0.00504360
v 0.15780525 -0.10861292 -0.00828074
v 0.15836592 -0.09381446 -0.01174651
v 0.15892789 -0.07898187 -0.01522027
v 0.15949115 -0.06411503 -0.01870205
v 0.15964124 -0.04890368 -0.02240742
v 0.15904972 -0.03309786 -0.02650822
v 0.15845661 -0.01724909 -0.03062017
v 0.14784503 0.00621700 -0.03997190
v 0.13668464 0.03019495 -0.04963402
v 0.12558292 0.05422697 -0.05928983
v 0.11698913 0.07644129 -0.06765595
v 0.11340337 0.09490096 -0.07341593
v 0.10973652 0.11348209 -0.07923307
v 0.10433397 0.13346329 -0.08597787
v 0.10279165 0.15052244 -0.09070690
v 0.10223945 0.16686031 -0.09492590
v 0.10362836 0.18172693 -0.09813079
v 0.10502014 0.19662435 -0.10134232
v 0.10641482 0.21155271 -0.10456052
v 0.10511372 0.22864011 -0.10921567
v 0.07543963 0.26822722 -0.12893912
v 0.06344153 0.29398328 -0.13932116
v 0.06466290 0.30931383 -0.14269677
v 0.06510691 0.32530102 -0.14649515
v 0.06555199 0.34132692 -0.15030271
v 0.06599815 0.35739163 -0.15411952
v 0.06718473 0.37289801 -0.15755022
v 0.07119328 0.38615245 -0.15947874
v 0.07520673 0.39942303 -0.16140959
v 0.07922508 0.41270989 -0.16334283
v 0.08324835 0.42601305 -0.16527843
v 0.08727656 0.43933243 -0.16721641
v 0.09154801 0.45247158 -0.16902830
v 0.09405146 0.46709311 -0.17179900
v 0.09390540 0.48394427 -0.17600854
v 0.09275693 0.50167519 -0.18077138
v 0.09160502 0.51945943 -0.18554854
v 0.09044964 0.53729713 -0.19034009
v 0.08929638 0.55508077 -0.19501580
v 0.08494030 0.57582736 -0.20170045
v 0.07046447 0.60511929 -0.21378623
v 0.05968689 0.63139409 -0.22388710
v 0.03875966 0.66643959 -0.23955652
v 0.01010514 -0.76005679 0.11578562
v 0.03593677 -0.76212817 0.12491773
v 0.04683426 -0.75510591 0.12682927
v 0.05663216 -0.74742335 0.12821144
v 0.06642065 -0.73974812 0.12959230
v 0.28087777 -0.81940120 0.22076064
v 0.31511658 -0.82763511 0.23421402
v 0.35401335 -0.83894926 0.24997944
v 0.36846039 -0.83486998 0.25379929
v 0.38064536 -0.82938403 0.25651827
v 0.39278349 -0.82389438 0.25922069
v 0.40434256 -0.81805861 0.26164472
v 0.43225124 -0.82279694 0.27212575
v 0.44823381 -0.81991243 0.27675191
v 0.45619902 -0.81186080 0.27743155
v 0.46423483 -0.80386180 0.27814776
v 0.47152370 -0.79538059 0.27849606
v 0.47843230 -0.78665292 0.27865684
v 0.47991788 -0.77434897 0.27612826
v 0.47190875 -0.75573325 0.26887870
v 0.47585157 -0.74498987 0.26755396
v 0.48108837 -0.73509657 0.26687017
v 0.48596585 -0.72495598 0.26600561
v 0.49047464 -0.71455914 0.26495504
v 0.49417061 -0.70360386 0.26349583
v 0.49738660 -0.69230938 0.26179302
v 0.49865186 -0.67967296 0.25910914
v 0.49508739 -0.66371733 0.25399715
v 0.49150959 -0.64770210 0.24886604
v 0.48886958 -0.63228005 0.24419382
v 0.48500106 -0.61596507 0.23889200
v 0.48131722 -0.59972519 0.23367029
v 0.45531890 -0.56794256 0.21717909
v 0.43615264 -0.54075593 0.20409828
v 0.42506310 -0.51908672 0.19506983
v 0.41329816 -0.49685341 0.18567729
v 0.39241090 -0.46810186 0.17163730
v 0.14647402 -0.23567043 0.03240542
v 0.14707743 -0.22120586 0.02905124
v 0.14808156 -0.20699593 0.02589343
v 0.14908782 -0.19275576 0.02272889
v 0.14973295 -0.17822197 0.01937161
v 0.14997290 -0.16335963 0.01579834
v 0.15021345 -0.14846162 0.01221649
v 0.15045457 -0.13352782 0.00862603
v 0.15159065 -0.11921550 0.00548709
v 0.15286283 -0.10497177 0.00241044
v 0.15395989 -0.09056714 -0.00076422
v 0.15451683 -0.07572898 -0.00422574
v 0.15507507 -0.06085656 -0.00769525
v 0.15542904 -0.04579595 -0.01127922
v 0.15483175 -0.02998454 -0.01536527
v 0.15052468 -0.01133613 -0.02138708
v 0.13939916 0.01252953 -0.03096745
v 0.12860465 0.03624215 -0.04039970
v 0.12003992 0.05835360 -0.04869403
v 0.11142834 0.08058601 -0.05703373
v 0.11017271 0.09726349 -0.06155245
v 0.10780284 0.11484489 -0.06666531
v 0.10243005 0.13479784 -0.07336355
v 0.10112225 0.15166993 -0.07794750
v 0.09981056 0.16859245 -0.08254518
v 0.10079462 0.18377109 -0.08594781
v 0.10218324 0.19866817 -0.08914620
v 0.10357474 0.21359617 -0.09235121
v 0.10146626 0.23131727 -0.09741116
v 0.07866503 0.26546434 -0.11341634
v 0.06481800 0.29266834 -0.12472580
v 0.06617292 0.30787778 -0.12801223
v 0.06780922 0.32289657 -0.13115783
v 0.06859223 0.33863282 -0.13476467
v 0.06904155 0.35467550 -0.13855819
v 0.06949195 0.37075704 -0.14236093
v 0.07196951 0.38523513 -0.14509280
v 0.07598027 0.39849472 -0.14701337
v 0.07999592 0.41177052 -0.14893629
v 0.08401649 0.42506257 -0.15086155
v 0.08804198 0.43837088 -0.15278916
v 0.09207240 0.45169544 -0.15471913
v 0.09462158 0.46626630 -0.15744992
v 0.09436382 0.48319700 -0.16169778
v 0.09312977 0.50098628 -0.16648258
v 0.09189197 0.51882941 -0.17128189
v 0.09065042 0.53672683 -0.17609577
v 0.08940509 0.55467862 -0.18092428
v 0.08815598 0.57268506 -0.18576752
v 0.07408077 0.60161507 -0.19757740
v 0.06114114 0.62970555 -0.20880187
v 0.04257109 0.66272134 -0.22311656
v 0.00039363 -0.76741391 0.12708874
v 0.02751017 -0.77022928 0.13678963
v 0.04855412 -0.76941788 0.14358479
v 0.06697293 -0.76705760 0.14912844
v 0.08497158 -0.76449108 0.15448201
v 0.10290278 -0.76193434 0.15981552
v 0.12076688 -0.75938702 0.16512907
v 0.13997057 -0.75772697 0.17110497
v 0.19040225 -0.77568787 0.19226094
v 0.27152288 -0.81315041 0.22838870
v 0.31072357 -0.82450390 0.24419516
v 0.35725257 -0.84065282 0.26361066
v 0.36945117 -0.83515990 0.26632047
v 0.38162565 -0.82967794 0.26902494
v 0.39377603 -0.82420677 0.27172408
v 0.42210096 -0.82916194 0.28235021
v 0.43727055 -0.82573032 0.28655183
v 0.44983116 -0.82064980 0.28948283
v 0.45815268 -0.81284165 0.29033753
v 0.46631178 -0.80493605 0.29111439
v 0.47346967 -0.79638213 0.29139984
v 0.47989619 -0.78735024 0.29132524
v 0.48229942 -0.77566320 0.28926376
v 0.48229986 -0.76236480 0.28600940
v 0.47622982 -0.74499977 0.27974236
v 0.48099166 -0.73479867 0.27882838
v 0.48562700 -0.72450387 0.27784947
v 0.49003980 -0.71404988 0.27675763
v 0.49425852 -0.70345420 0.27556658
v 0.49815822 -0.69263083 0.27421379
v 0.49665734 -0.67812532 0.27016506
v 0.49349594 -0.66244763 0.26527759
v 0.48991635 -0.64643526 0.26016927
v 0.48650256 -0.63048601 0.25513145
v 0.48391664 -0.61505729 0.25049621
v 0.48132199 -0.59957635 0.24584526
v 0.45171425 -0.56529558 0.22761591
v 0.44189909 -0.54462320 0.21929480
v 0.43059355 -0.52282560 0.21020302
v 0.41946819 -0.50106341 0.20117977
v 0.41086042 -0.48098400 0.19340505
v 0.39053065 -0.45216659 0.17976272
v 0.14331013 -0.20350094 0.03657924
v 0.14354193 -0.18869859 0.03303370
v 0.14377429 -0.17386079 0.02947967
v 0.14400722 -0.15898739 0.02591712
v 0.14424068 -0.14407825 0.02234601
v 0.14509514 -0.12958772 0.01908371
v 0.14635967 -0.11536550 0.01602336
v 0.14762680 -0.10111403 0.01295672
v 0.14889655 -0.08683322 0.00988377
v 0.15010472 -0.07247531 0.00677148
v 0.15065792 -0.05759732 0.00331424
v 0.15123798 -0.04266999 -0.00021932
v 0.15061305 -0.02687068 -0.00422038
v 0.14210087 -0.00505264 -0.01238884
v 0.13161181 0.01834400 -0.02160062
v 0.12307597 0.04035331 -0.02982374
v 0.11449355 0.06248273 -0.03809175
v 0.10739388 0.08356436 -0.04561055
v 0.10694265 0.09962558 -0.04969117
v 0.10587037 0.11620684 -0.05410545
v 0.10076387 0.13594890 -0.06063401
v 0.09945406 0.15281662 -0.06519733
v 0.09814035 0.16973470 -0.06977431
v 0.09796181 0.18581456 -0.07376885
v 0.09934727 0.20071130 -0.07695408
v 0.10073560 0.21563895 -0.08014593
v 0.09781900 0.23399426 -0.08560732
v 0.09295848 0.25394464 -0.09210511
v 0.06806397 0.28986940 -0.10917039
v 0.06726919 0.30677179 -0.11357104
v 0.06890521 0.32177687 -0.11669952
v 0.07054453 0.33681214 -0.11983429
v 0.07207783 0.35196570 -0.12303324
v 0.07253138 0.36802512 -0.12681273
v 0.07298604 0.38412350 -0.13060138
v 0.07675260 0.39756787 -0.13263984
v 0.08076555 0.41083264 -0.13455245
v 0.08478341 0.42411360 -0.13646741
v 0.08880620 0.43741083 -0.13838470
v 0.09079920 0.45240226 -0.14139120
v 0.09244389 0.46771389 -0.14459181
v 0.09409193 0.48305672 -0.14779896
v 0.09496579 0.49907875 -0.15142961
v 0.09373198 0.51690161 -0.15620142
v 0.09249444 0.53477854 -0.16098773
v 0.09125313 0.55270982 -0.16578858
v 0.08962891 0.57101583 -0.17080840
v 0.07777023 0.59803236 -0.18107055
v 0.06259273 0.62801999 -0.19374418
v 0.04488720 0.66028029 -0.20752349
v 0.01859437 -0.77802366 0.14841612
v 0.03806160 -0.77622229 0.15441827
v 0.05744705 -0.77442837 0.16039522
v 0.07621390 -0.77231157 0.16608882
v 0.09415644 -0.76974082 0.17139909
v 0.11401319 -0.76840723 0.17764410
v 0.13441296 -0.76747161 0.18416578
v 0.15647846 -0.76763874 0.19150724
v 0.19661233 -0.77919728 0.20760244
v 0.24311401 -0.79536843 0.22112377
v 0.31002140 -0.82370222 0.25596932
v 0.35643432 -0.83978653 0.27524471
v 0.37009975 -0.83523279 0.27865666
v 0.38437346 -0.83110064 0.28237256
v 0.39860818 -0.82697970 0.28607833
v 0.42518252 -0.83082980 0.29580903
v 0.43720642 -0.82538372 0.29846042
v 0.44851291 -0.81949884 0.30076754
v 0.45654845 -0.81150985 0.30147976
v 0.46453953 -0.80349874 0.30217186
v 0.47247282 -0.79545659 0.30283728
v 0.47887281 -0.78641295 0.30275139
v 0.48309812 -0.77593356 0.30159616
v 0.48646536 -0.76487452 0.30001578
v 0.48257899 -0.74897867 0.29485694
v 0.48075098 -0.73440492 0.29070130
v 0.48515779 -0.72396469 0.28961563
v 0.48956811 -0.71351600 0.28852907
v 0.49398196 -0.70305896 0.28744170
v 0.49804172 -0.69235146 0.28617606
v 0.49277946 -0.67529833 0.28028002
v 0.48932403 -0.65941858 0.27526769
v 0.48738626 -0.64452738 0.27099836
v 0.48472932 -0.62909979 0.26636037
v 0.48154700 -0.61326379 0.26144907
v 0.47430512 -0.59457034 0.25449839
v 0.44810936 -0.56264842 0.23805340
v 0.44146842 -0.54418689 0.23135805
v 0.43657020 -0.52687687 0.22551988
v 0.42503369 -0.50484949 0.21633594
v 0.41394755 -0.48304704 0.20735580
v 0.40609190 -0.46343759 0.19997886
v 0.38868797 -0.43698040 0.18777427
v 0.38546190 -0.42049366 0.18268992
v 0.37209830 -0.39671251 0.17247416
v 0.36671871 -0.37855276 0.16626967
v 0.36319476 -0.36166552 0.16098921
v 0.36280271 -0.34698638 0.15728296
v 0.13803682 -0.15461168 0.03604385
v 0.13860948 -0.13994418 0.03265964
v 0.13986641 -0.12574339 0.02961554
v 0.14112590 -0.11151344 0.02656520
v 0.14238802 -0.09725423 0.02350859
v 0.14365269 -0.08296568 0.02044568
v 0.14491999 -0.06864768 0.01737647
v 0.14618991 -0.05430016 0.01430092
v 0.14678912 -0.03941926 0.01087351
v 0.14478986 -0.02255216 0.00610242
v 0.13460453 0.00053192 -0.00289193
v 0.12609738 0.02243981 -0.01104444
v 0.11754393 0.04446698 -0.01924133
v 0.10894378 0.06661440 -0.02748299
v 0.10416870 0.08592434 -0.03376770
v 0.10371319 0.10198723 -0.03783207
v 0.10325646 0.11809321 -0.04190734
v 0.09909890 0.13709913 -0.04791366
v 0.09778708 0.15396246 -0.05245639
v 0.09647135 0.17087615 -0.05701268
v 0.09515169 0.18784040 -0.06158258
v 0.09651224 0.20275375 -0.06476600
v 0.09789740 0.21768107 -0.06794468
v 0.09417195 0.23667111 -0.07380415
v 0.08930390 0.25662655 -0.08027691
v 0.07130217 0.28707719 -0.09365228
v 0.06836364 0.30566767 -0.09915405
v 0.06999938 0.32065907 -0.10226543
v 0.07163842 0.33568057 -0.10538306
v 0.07328076 0.35073239 -0.10850696
v 0.07492640 0.36581445 -0.11163717
v 0.07602149 0.38137585 -0.11506632
v 0.07752370 0.39664248 -0.11828893
v 0.08153397 0.40989622 -0.12019128
v 0.08535147 0.42332801 -0.12220081
v 0.08698680 0.43857449 -0.12537448
v 0.08862546 0.45385200 -0.12855460
v 0.09026746 0.46916062 -0.13174120
v 0.09191281 0.48450047 -0.13493429
v 0.09356151 0.49987161 -0.13813391
v 0.09521358 0.51527417 -0.14134006
v 0.09433485 0.53283405 -0.14590922
v 0.09309755 0.55074483 -0.15068249
v 0.08958634 0.57062739 -0.15668854
v 0.07505509 0.59991395 -0.16863203
v 0.06529791 0.62526935 -0.17803809
v 0.04591453 0.65893996 -0.19265515
v 0.00893360 -0.78535986 0.15967934
v 0.02848624 -0.78358448 0.16568927
v 0.04795631 -0.78181648 0.17167385
v 0.06727327 -0.78001255 0.17759922
v 0.08797829 -0.77911925 0.18420276
v 0.10796805 -0.77784842 0.19047910
v 0.12925075 -0.77743942 0.19739035
v 0.15131016 -0.77758038 0.20469087
v 0.17895511 -0.78127915 0.21469425
v 0.20593083 -0.78465563 0.22439900
v 0.22529835 -0.78334147 0.23045987
v 0.30228075 -0.81845772 0.26433566
v 0.34742659 -0.83373129 0.28291142
v 0.36880824 -0.83407217 0.29003721
v 0.38616300 -0.83191228 0.29522991
v 0.40339139 -0.82972217 0.30037367
v 0.42119426 -0.82795179 0.30580845
v 0.43252635 -0.82205796 0.30811161
v 0.44185194 -0.81488687 0.30944398
v 0.45051697 -0.80729926 0.31045777
v 0.45922428 -0.79974931 0.31149459
v 0.46792898 -0.79220784 0.31253260
v 0.47609946 -0.78432530 0.31331193
v 0.48189116 -0.77488083 0.31292880
v 0.48403448 -0.76301628 0.31075689
v 0.48199838 -0.74835199 0.30652919
v 0.48266050 -0.73544604 0.30361679
v 0.48522162 -0.72378266 0.30163130
v 0.48895136 -0.71288496 0.30021647
v 0.49340057 -0.70245844 0.29915294
v 0.49465474 -0.68985844 0.29650977
v 0.49003321 -0.67324018 0.29095644
v 0.48458406 -0.65600216 0.28498015
v 0.48196232 -0.64063931 0.28039011
v 0.48000923 -0.62568969 0.27612051
v 0.47676155 -0.60980505 0.27119768
v 0.46678591 -0.58921659 0.26291773
v 0.44482076 -0.56022084 0.24864914
v 0.44048473 -0.54336536 0.24313231
v 0.43952426 -0.52881497 0.23928653
v 0.43122461 -0.50907499 0.23176444
v 0.41965222 -0.48695397 0.22258677
v 0.41609445 -0.46979016 0.21755387
v 0.40346149 -0.44736654 0.20765109
v 0.39580169 -0.42776945 0.20037442
v 0.39198014 -0.41084096 0.19500935
v 0.39074674 -0.39571378 0.19093376
v 0.39230990 -0.38255751 0.18825744
v 0.39387602 -0.36937618 0.18557601
v 0.39544514 -0.35616967 0.18288945
v 0.40104339 -0.34586617 0.18223423
v 0.40789855 -0.33647341 0.18221396
v 0.41095129 -0.32429519 0.18026555
v 0.41233560 -0.31087062 0.17746522
v 0.13714643 -0.09339239 0.03406605
v 0.13840605 -0.07909607 0.03101320
v 0.13966829 -0.06477029 0.02795406
v 0.14093313 -0.05041495 0.02488860
v 0.14220057 -0.03602997 0.02181682
v 0.13758288 -0.01719471 0.01572701
v 0.12910427 0.00461247 0.00764454
v 0.12057961 0.02653811 -0.00048184
v 0.11200851 0.04858316 -0.00865247
v 0.10339061 0.07074859 -0.01686773
v 0.10094411 0.08828387 -0.02192703
v 0.10048433 0.10434844 -0.02597517
v 0.10002331 0.12045611 -0.03003416
v 0.09743512 0.13824852 -0.03520250
v 0.09612130 0.15510747 -0.03972464
v 0.09480356 0.17201674 -0.04426028
v 0.09348188 0.18897656 -0.04880948
v 0.09367814 0.20479554 -0.05258194
v 0.09506014 0.21972251 -0.05574747
v 0.09052512 0.23934779 -0.06200168
v 0.08564951 0.25930828 -0.06844939
v 0.07453261 0.28429168 -0.07817134
v 0.06945624 0.30456537 -0.08476115
v 0.07109172 0.31954309 -0.08785550
v 0.07273048 0.33455098 -0.09095605
v 0.07437254 0.34958896 -0.09406283
v 0.07601789 0.36465719 -0.09717587
v 0.07766657 0.37975582 -0.10029519
v 0.07931857 0.39488488 -0.10342078
v 0.08155502 0.40957022 -0.10624623
v 0.08318436 0.42478281 -0.10939955
v 0.08481701 0.44002634 -0.11255929
v 0.08645300 0.45530087 -0.11572545
v 0.08809230 0.47060651 -0.11889806
v 0.08973496 0.48594338 -0.12207714
v 0.09138096 0.50131148 -0.12526271
v 0.09303033 0.51671100 -0.12845477
v 0.09468307 0.53214210 -0.13165338
v 0.09493836 0.54878366 -0.13560595
v 0.08954382 0.57023942 -0.14258729
v 0.07363167 0.60068345 -0.15521334
v 0.06433206 0.62564111 -0.16433044
v 0.04570115 0.65865904 -0.17847638
v -0.01945966 -0.78138602 0.16206488
v 0.02051912 -0.79191709 0.17771821
v 0.03995784 -0.79010803 0.18365590
v 0.05841982 -0.78776002 0.18914315
v 0.08108892 -0.78804308 0.19664539
v 0.10197064 -0.78726363 0.20329176
v 0.12388428 -0.78725779 0.21048966
v 0.14473976 -0.78663003 0.21717721
v 0.16359127 -0.78482085 0.22292231
v 0.18992506 -0.78773904 0.23226263
v 0.21522152 -0.79009831 0.24112783
v 0.22908042 -0.78534979 0.24452589
v 0.29396513 -0.81284952 0.27244431
v 0.33504730 -0.82553881 0.28898066
v 0.35741672 -0.82648778 0.29654542
v 0.37758738 -0.82610726 0.30306810
v 0.39475307 -0.82386518 0.30815580
v 0.41001719 -0.82045019 0.31233671
v 0.42178383 -0.81481862 0.31483543
v 0.43157783 -0.80793345 0.31638452
v 0.44085261 -0.80072600 0.31768551
v 0.44976464 -0.79329455 0.31881350
v 0.45786285 -0.78534126 0.31954855
v 0.46650207 -0.77775091 0.32054865
v 0.47243711 -0.76838589 0.32023343
v 0.47828707 -0.75896138 0.31987596
v 0.48139063 -0.74770761 0.31817615
v 0.48364165 -0.73586816 0.31605530
v 0.48642528 -0.72436428 0.31419012
v 0.48896226 -0.71267587 0.31219953
v 0.49213842 -0.70139885 0.31051788
v 0.48850894 -0.68549776 0.30548781
v 0.48425969 -0.66912520 0.30014065
v 0.48095500 -0.65334314 0.29524586
v 0.47653440 -0.63674831 0.28978881
v 0.47321633 -0.62085593 0.28486300
v 0.46666905 -0.60268795 0.27832866
v 0.45925543 -0.58385485 0.27134967
v 0.44088709 -0.55734533 0.25892451
v 0.44113955 -0.54368573 0.25570875
v 0.43854052 -0.52799946 0.25106847
v 0.43739411 -0.51328582 0.24713942
v 0.42586225 -0.49121720 0.23802859
v 0.42148954 -0.47411689 0.23246522
v 0.42104638 -0.45974770 0.22884998
v 0.42181814 -0.44620681 0.22583316
v 0.42298904 -0.43292031 0.22300868
v 0.42416230 -0.41960675 0.22017843
v 0.42533800 -0.40626600 0.21734239
v 0.41297513 -0.38311917 0.20769867
v 0.41746381 -0.37208661 0.20650648
v 0.42195627 -0.36104465 0.20531325
v 0.42645264 -0.34999323 0.20411901
v 0.42550686 -0.33494329 0.20017456
v 0.42303565 -0.31873149 0.19544929
v 0.41686895 -0.29974487 0.18884210
v 0.13317959 -0.07524141 0.04159797
v 0.13448387 -0.06094289 0.03857282
v 0.13579080 -0.04661509 0.03554148
v 0.13709323 -0.03218768 0.03251807
v 0.13055220 -0.01196971 0.02545732
v 0.12360067 0.00869551 0.01818740
v 0.11505845 0.03063890 0.01008719
v 0.10646971 0.05270185 0.00194285
v 0.09818293 0.07461967 -0.00606740
v 0.09772012 0.09064298 -0.01008855
v 0.09725606 0.10670923 -0.01412045
v 0.09679075 0.12281857 -0.01816317
v 0.09577256 0.13939710 -0.02250051
v 0.09445672 0.15625168 -0.02700209
v 0.09313697 0.17315654 -0.03151712
v 0.09181329 0.19011189 -0.03604563
v 0.09084498 0.20683666 -0.04040192
v 0.09174115 0.22214244 -0.04380413
v 0.08687849 0.24202430 -0.05019987
v 0.08199535 0.26198989 -0.05662254
v 0.07709160 0.28203973 -0.06307233
v 0.07054702 0.30346489 -0.07039232
v 0.07218223 0.31842905 -0.07346967
v 0.07382071 0.33342320 -0.07655320
v 0.07546014 0.34843287 -0.07964875
v 0.07612377 0.36429650 -0.08325333
v 0.07679021 0.38017985 -0.08687036
v 0.07745822 0.39610049 -0.09049587
v 0.07957417 0.41087827 -0.09337056
v 0.08213610 0.42532161 -0.09601824
v 0.08367503 0.44063386 -0.09921122
v 0.08521713 0.45597771 -0.10241081
v 0.08676243 0.47135329 -0.10561700
v 0.08831091 0.48676068 -0.10882983
v 0.08986261 0.50220001 -0.11204931
v 0.09141753 0.51767129 -0.11527547
v 0.09297567 0.53317475 -0.11850832
v 0.09453704 0.54871041 -0.12174788
v 0.08950136 0.56985205 -0.12850459
v 0.07359955 0.60027438 -0.14106576
v 0.06156024 0.62754887 -0.15160015
v 0.04296219 0.66053331 -0.16566420
v 0.00849665 -0.79779059 0.18782146
v 0.03109673 -0.79786581 0.19521765
v 0.04959221 -0.79551625 0.20069093
v 0.07295306 -0.79619026 0.20847943
v 0.09591147 -0.79669321 0.21609548
v 0.11687238 -0.79604167 0.22278182
v 0.13703339 -0.79496133 0.22910397
v 0.15573910 -0.79304081 0.23474900
v 0.18124738 -0.79540718 0.24364543
v 0.20482159 -0.79665273 0.25164101
v 0.21869372 -0.79189599 0.25502622
v 0.23253171 -0.78715092 0.25840312
v 0.28563511 -0.80723172 0.28056699
v 0.32571912 -0.81927902 0.29654920
v 0.34866327 -0.82058054 0.30435252
v 0.36666232 -0.81880152 0.30980092
v 0.38028550 -0.81427211 0.31315950
v 0.40059376 -0.81407565 0.31974220
v 0.41286701 -0.80875695 0.32247034
v 0.42263377 -0.80184114 0.32399625
v 0.43216926 -0.79479003 0.32541415
v 0.44110864 -0.78736383 0.32654727
v 0.44917879 -0.77937949 0.32726240
v 0.45699218 -0.77123332 0.32785481
v 0.46400845 -0.76256704 0.32806197
v 0.46993518 -0.75316328 0.32772860
v 0.47310793 -0.74196112 0.32607892
v 0.47593755 -0.73049551 0.32424632
v 0.47938567 -0.71942586 0.32271081
v 0.48056859 -0.70681828 0.32006609
v 0.48215044 -0.69445336 0.31760991
v 0.48141167 -0.68049264 0.31401256
v 0.47723728 -0.66416150 0.30872366
v 0.47381264 -0.64828831 0.30378968
v 0.47046962 -0.63242131 0.29888383
v 0.46451232 -0.61470914 0.29268092
v 0.45660743 -0.59559178 0.28550437
v 0.44994062 -0.57725841 0.27892047
v 0.44057909 -0.55698735 0.27099103
v 0.44145751 -0.54377156 0.26810068
v 0.44063687 -0.52933818 0.26436293
v 0.43659258 -0.51260436 0.25901976
v 0.43205073 -0.49546564 0.25341678
v 0.42808729 -0.47867879 0.24808724
v 0.42706889 -0.46392685 0.24420835
v 0.42667341 -0.44957888 0.24062993
v 0.42665747 -0.43546546 0.23723181
v 0.42768762 -0.42206740 0.23434719
v 0.42886540 -0.40874603 0.23152919
v 0.43004557 -0.39539748 0.22870544
v 0.43122816 -0.38202170 0.22587591
v 0.43230513 -0.36853993 0.22298644
v 0.43252686 -0.35440421 0.21966054
v 0.43087980 -0.33886534 0.21538725
v 0.42883947 -0.32299325 0.21090546
v 0.42511564 -0.30583292 0.20556433
v 0.41818669 -0.28624463 0.19859318
v 0.12943968 -0.05721969 0.04926913
v 0.13074176 -0.04288480 0.04624806
v 0.12854257 -0.02589905 0.04144667
v 0.12192602 -0.00554688 0.03439387
v 0.11527786 0.01490256 0.02730736
v 0.10859784 0.03544996 0.02018690
v 0.10092753 0.05682306 0.01254465
v 0.09496380 0.07697666 0.00575271
v 0.09449671 0.09300165 0.00174775
v 0.09349170 0.10948105 -0.00254205
v 0.09224330 0.12619273 -0.00696716
v 0.09038921 0.14341852 -0.01171360
v 0.09086788 0.15888686 -0.01527597
v 0.09134769 0.17439182 -0.01884678
v 0.09014591 0.19124642 -0.02329103
v 0.08881624 0.20824803 -0.02781236
v 0.08810224 0.22481380 -0.03202792
v 0.08323207 0.24470069 -0.03839874
v 0.07834139 0.26467130 -0.04479640
v 0.07344640 0.28471327 -0.05121259
v 0.07041825 0.30333632 -0.05667822
v 0.07107483 0.31907222 -0.06024684
v 0.07173294 0.33484489 -0.06382380
v 0.07239259 0.35065451 -0.06740912
v 0.07305378 0.36650112 -0.07100286
v 0.07371653 0.38238499 -0.07460503
v 0.07438083 0.39830610 -0.07821564
v 0.07680284 0.41283163 -0.08091693
v 0.07968862 0.42700642 -0.08338250
v 0.08257901 0.44120389 -0.08585203
v 0.08459101 0.45615220 -0.08878880
v 0.08613480 0.47151941 -0.09197914
v 0.08768179 0.48691848 -0.09517609
v 0.08923197 0.50234938 -0.09837966
v 0.09078537 0.51781225 -0.10158987
v 0.09234199 0.53330719 -0.10480673
v 0.09390185 0.54883432 -0.10803027
v 0.08644779 0.57200778 -0.11603473
v 0.07356748 0.59986579 -0.12693685
v 0.05878951 0.62945592 -0.13887492
v 0.03960069 0.66293883 -0.15318879
v -0.00880892 -0.80049348 0.19545545
v 0.02215259 -0.80556661 0.20673208
v 0.04144886 -0.80368018 0.21255191
v 0.06334873 -0.80343407 0.21961048
v 0.08491382 -0.80305237 0.22652780
v 0.10986843 -0.80481559 0.23506004
v 0.12917966 -0.80319041 0.24094725
v 0.14924692 -0.80208969 0.24720567
v 0.17971767 -0.80749846 0.25840315
v 0.19442105 -0.80320758 0.26215482
v 0.20859708 -0.79862410 0.26566511
v 0.22280833 -0.79409724 0.26920038
v 0.23569062 -0.78876913 0.27211195
v 0.27729064 -0.80160415 0.28870374
v 0.31876916 -0.81452572 0.30527672
v 0.34134319 -0.81558448 0.31286669
v 0.35703081 -0.81232095 0.31718409
v 0.36996001 -0.80733234 0.32019222
v 0.38298410 -0.80243450 0.32325289
v 0.39708403 -0.79826170 0.32683671
v 0.40901262 -0.79271734 0.32938659
v 0.42091852 -0.78718364 0.33193168
v 0.43253273 -0.78164268 0.33414680
v 0.44014451 -0.77318770 0.33483052
v 0.44784328 -0.76495260 0.33536175
v 0.45553899 -0.75672084 0.33589277
v 0.45955288 -0.74605542 0.33464479
v 0.46086407 -0.73358059 0.33208537
v 0.46511337 -0.72304058 0.33094391
v 0.47007367 -0.71296537 0.33014476
v 0.47241846 -0.70112401 0.32807288
v 0.47291136 -0.68801260 0.32509518
v 0.47327259 -0.67478198 0.32204619
v 0.47043872 -0.65934962 0.31743178
v 0.46663654 -0.64321023 0.31233352
v 0.46327707 -0.62732226 0.30743930
v 0.45813477 -0.61016017 0.30166075
v 0.45057541 -0.59127319 0.29468378
v 0.44260865 -0.57203352 0.28749007
v 0.44171593 -0.55763274 0.28375342
v 0.44114906 -0.54342103 0.28016797
v 0.44202849 -0.53018433 0.27728593
v 0.44013348 -0.51497090 0.27302906
v 0.43603724 -0.49816340 0.26767531
v 0.43466121 -0.48322421 0.26365277
v 0.43365389 -0.46850538 0.25980282
v 0.43264368 -0.45374507 0.25594199
v 0.43229589 -0.43941844 0.25240022
v 0.43228680 -0.42529830 0.24901797
v 0.43238392 -0.41121981 0.24568017
v 0.43356621 -0.39789066 0.24287440
v 0.43445477 -0.38431963 0.23991531
v 0.43516788 -0.37059054 0.23686135
v 0.43588260 -0.35683098 0.23380062
v 0.43623564 -0.34277481 0.23055136
v 0.43456277 -0.32719579 0.22627923
v 0.43144590 -0.31050724 0.22127225
v 0.42147952 -0.28869602 0.21281317
v 0.12439319 -0.05349478 0.05997037
v 0.12569039 -0.03915278 0.05695954
v 0.11992800 -0.01949780 0.05038283
v 0.11328535 0.00088674 0.04334543
v 0.10661092 0.02136878 0.03627436
v 0.09990449 0.04194904 0.02916939
v 0.09316583 0.06262817 0.02203027
v 0.09043053 0.08033422 0.01690379
v 0.08918091 0.09695901 0.01251893
v 0.08792761 0.11363275 0.00812116
v 0.08667061 0.13035564 0.00371043
v 0.08376811 0.14839549 -0.00155029
v 0.08391383 0.16412927 -0.00526843
v 0.08438565 0.17964880 -0.00882930
v 0.08485860 0.19520518 -0.01239863
v 0.08533266 0.21079847 -0.01597643
v 0.08457063 0.22740082 -0.02019746
v 0.07984267 0.24717446 -0.02646638
v 0.07509505 0.26703033 -0.03276138
v 0.07032762 0.28696898 -0.03908262
v 0.06597385 0.30664557 -0.04520671
v 0.06801666 0.32127485 -0.04804395
v 0.06867111 0.33704802 -0.05160617
v 0.06932709 0.35285810 -0.05517673
v 0.06998461 0.36870518 -0.05875565
v 0.07064367 0.38458949 -0.06234297
v 0.07130428 0.40051106 -0.06593872
v 0.07403255 0.41478422 -0.06846796
v 0.07691556 0.42895791 -0.07092311
v 0.07980321 0.44315436 -0.07338218
v 0.08269546 0.45737350 -0.07584520
v 0.08550787 0.47168538 -0.07835638
v 0.08705335 0.48707604 -0.08153748
v 0.08860203 0.50249857 -0.08472516
v 0.09015392 0.51795310 -0.08791944
v 0.09170901 0.53343952 -0.09112035
v 0.09326734 0.54895818 -0.09432790
v 0.08261403 0.57482237 -0.10398019
v 0.07080863 0.60176802 -0.11426573
v 0.05752641 0.63008147 -0.12535860
v -0.02849814 -0.80179793 0.20201394
v 0.00573233 -0.80876374 0.21474840
v 0.03227773 -0.81121343 0.22392048
v 0.05203635 -0.80963922 0.22993809
v 0.07314183 -0.80894327 0.23660071
v 0.10105191 -0.81246787 0.24647042
v 0.12332793 -0.81263560 0.25371754
v 0.14681600 -0.81362021 0.26155141
v 0.16953193 -0.81420493 0.26904020
v 0.18728372 -0.81178594 0.27420726
v 0.20153320 -0.80723870 0.27773413
v 0.21457502 -0.80197197 0.28069887
v 0.22490755 -0.79503614 0.28238937
v 0.23867321 -0.79027718 0.28570926
v 0.27588555 -0.80035841 0.30015072
v 0.31137028 -0.80948752 0.31380638
v 0.33414423 -0.81066495 0.32145515
v 0.34845555 -0.80651408 0.32509646
v 0.36058378 -0.80100018 0.32770672
v 0.37130132 -0.79460472 0.32965055
v 0.38035753 -0.78715587 0.33080590
v 0.38853449 -0.77914864 0.33154377
v 0.39768040 -0.77177912 0.33274701
v 0.40681809 -0.76441622 0.33394918
v 0.41549385 -0.75676274 0.33493271
v 0.42385495 -0.74891210 0.33576745
v 0.43343982 -0.74187768 0.33719257
v 0.44328535 -0.73503017 0.33874658
v 0.45056465 -0.72649211 0.33906752
v 0.45569068 -0.71652025 0.33835021
v 0.46081939 -0.70654303 0.33763248
v 0.46524781 -0.69608778 0.33657426
v 0.46579012 -0.68300015 0.33363163
v 0.46625158 -0.66982800 0.33064270
v 0.46454194 -0.65515029 0.32659262
v 0.45966780 -0.63827324 0.32099470
v 0.45605406 -0.62220216 0.31599662
v 0.45069784 -0.60488331 0.31013748
v 0.44453770 -0.58695054 0.30387196
v 0.43935451 -0.56962985 0.29806837
v 0.44271678 -0.55818397 0.29642922
v 0.44608310 -0.54672408 0.29478809
v 0.44337460 -0.53099883 0.29016525
v 0.44260004 -0.51658362 0.28648025
v 0.43962944 -0.50058371 0.28170717
v 0.43983027 -0.48677683 0.27848268
v 0.43984756 -0.47280663 0.27515987
v 0.43921596 -0.45834020 0.27150893
v 0.43821400 -0.44357154 0.26766613
v 0.43791366 -0.42926633 0.26416078
v 0.43791151 -0.41513956 0.26079440
v 0.43734527 -0.40057057 0.25714016
v 0.43779537 -0.38670039 0.25398123
v 0.43826243 -0.37280977 0.25082290
v 0.43873054 -0.35888717 0.24765731
v 0.43945980 -0.34512296 0.24461398
v 0.43994394 -0.33114690 0.24144082
v 0.43423077 -0.31256616 0.23516555
v 0.42469651 -0.29109120 0.22696447
v 0.11934438 -0.04976816 0.07067649
v 0.11793615 -0.03340575 0.06632256
v 0.11129899 -0.01308581 0.05933398
v 0.10463014 0.00733118 0.05231204
v 0.09792937 0.02784590 0.04525647
v 0.09139874 0.04830614 0.03826893
v 0.08757696 0.06678469 0.03262995
v 0.08488015 0.08446611 0.02754486
v 0.08362199 0.10110205 0.02317431
v 0.08236013 0.11778698 0.01879088
v 0.08103202 0.13456920 0.01436284
v 0.07760655 0.15301758 0.00885927
v 0.07695228 0.16937734 0.00474990
v 0.07741611 0.18491147 0.00119897
v 0.07788104 0.20048246 -0.00236037
v 0.07834707 0.21609049 -0.00592818
v 0.07885867 0.23170070 -0.00948177
v 0.07673645 0.24942504 -0.01439120
v 0.07198294 0.26928321 -0.02066032
v 0.06720959 0.28922415 -0.02695558
v 0.06293999 0.30883124 -0.03300833
v 0.06352172 0.32462588 -0.03658317
v 0.06561010 0.33925050 -0.03939180
v 0.06626242 0.35506105 -0.04294759
v 0.06691626 0.37090865 -0.04651172
v 0.06757163 0.38679340 -0.05008420
v 0.06838763 0.40258610 -0.05358278
v 0.07126329 0.41673607 -0.05602361
v 0.07414355 0.43090868 -0.05846835
v 0.07702843 0.44510403 -0.06091700
v 0.07991793 0.45932212 -0.06336957
v 0.08281206 0.47356299 -0.06582608
v 0.08571084 0.48782670 -0.06828654
v 0.08797278 0.50264764 -0.07108577
v 0.08952315 0.51809365 -0.07426417
v 0.09107674 0.53357172 -0.07744915
v 0.09052050 0.55085975 -0.08174796
v 0.07878037 0.57763690 -0.09192597
v 0.06696243 0.60459149 -0.10217142
v 0.05506591 0.63172525 -0.11248499
v -0.01072094 -0.81196731 0.22278082
v 0.01740242 -0.81530952 0.23263143
v 0.04072043 -0.81584638 0.24026896
v 0.06136421 -0.81483698 0.24667847
v 0.08735942 -0.81714654 0.25559872
v 0.11749783 -0.82207417 0.26647434
v 0.13876843 -0.82167256 0.27322987
v 0.15835233 -0.82029951 0.27921176
v 0.17911725 -0.81971490 0.28576103
v 0.19342880 -0.81519401 0.28929821
v 0.20378196 -0.80824494 0.29098460
v 0.21412227 -0.80130446 0.29266891
v 0.22685747 -0.79588217 0.29548460
v 0.24260862 -0.79238558 0.29972842
v 0.28044513 -0.80288023 0.31440374
v 0.30618042 -0.80584919 0.32339668
v 0.32706267 -0.80581969 0.33011538
v 0.33808368 -0.79955924 0.33218020
v 0.34908766 -0.79330844 0.33424181
v 0.36007461 -0.78706741 0.33630025
v 0.36984590 -0.78006178 0.33778584
v 0.37870753 -0.77248144 0.33884209
v 0.38756210 -0.76490718 0.33989754
v 0.39669898 -0.75752777 0.34109014
v 0.40545270 -0.74990928 0.34210262
v 0.41382697 -0.74205142 0.34293607
v 0.42219597 -0.73419845 0.34376907
v 0.43077201 -0.72649109 0.34470323
v 0.43949017 -0.71888763 0.34570780
v 0.44686657 -0.71039885 0.34607029
v 0.45268017 -0.70086706 0.34568202
v 0.45781395 -0.69087428 0.34496546
v 0.45893258 -0.67816532 0.34231153
v 0.45928708 -0.66491205 0.33928236
v 0.45863983 -0.65094715 0.33576185
v 0.45351779 -0.63389450 0.33006772
v 0.44862643 -0.61694169 0.32447153
v 0.44325009 -0.59959865 0.31862664
v 0.43819219 -0.58241546 0.31292221
v 0.44035587 -0.57017070 0.31071496
v 0.44371602 -0.55873424 0.30908474
v 0.44708028 -0.54728395 0.30745262
v 0.45044863 -0.53581971 0.30581844
v 0.44823751 -0.52042234 0.30145445
v 0.44354296 -0.50308454 0.29564354
v 0.44411719 -0.48970616 0.29284233
v 0.44468272 -0.47614431 0.28980798
v 0.44472790 -0.46218064 0.28651071
v 0.44437292 -0.44789693 0.28300866
v 0.44377983 -0.43340623 0.27938083
v 0.44352683 -0.41912261 0.27591166
v 0.44248211 -0.40423122 0.27204335
v 0.44156048 -0.38938886 0.26822630
v 0.44253546 -0.37588626 0.26533785
v 0.44306588 -0.36202908 0.26222214
v 0.44353938 -0.34809771 0.25907049
v 0.44401401 -0.33413425 0.25591159
v 0.43781218 -0.31521264 0.24942642
v 0.42762834 -0.29327527 0.24094346
v 0.11429323 -0.04603984 0.08138755
v 0.10931876 -0.02701529 0.07527326
v 0.10265549 -0.00666305 0.06830016
v 0.09596038 0.01378646 0.06129373
v 0.08979389 0.03391152 0.05453452
v 0.08597523 0.05233284 0.04893557
v 0.08233134 0.07068069 0.04341033
v 0.07938039 0.08855943 0.03821953
v 0.07805968 0.10524762 0.03383617
v 0.07678924 0.12194373 0.02946712
v 0.07487821 0.13917905 0.02476387
v 0.07144000 0.15764336 0.01927725
v 0.06998322 0.17463104 0.01477902
v 0.07043903 0.19017980 0.01123809
v 0.07089593 0.20576546 0.00768873
v 0.07127507 0.22144991 0.00409090
v 0.07139006 0.23738034 0.00034968
v 0.07360727 0.25169376 -0.00233098
v 0.06887157 0.27153552 -0.00856218
v 0.06409233 0.29147878 -0.01483147
v 0.05990697 0.31101638 -0.02081328
v 0.05888279 0.32809192 -0.02519301
v 0.06109795 0.34261686 -0.02792449
v 0.06319855 0.35726345 -0.03072171
v 0.06384871 0.37311149 -0.03427105
v 0.06450041 0.38899672 -0.03782870
v 0.06562214 0.40453830 -0.04115346
v 0.06849506 0.41868719 -0.04358390
v 0.07137258 0.43285879 -0.04601824
v 0.07425469 0.44705302 -0.04845646
v 0.07714143 0.46126997 -0.05089859
v 0.08003280 0.47550979 -0.05334464
v 0.08292881 0.48977244 -0.05579463
v 0.08582947 0.50405794 -0.05824853
v 0.08873478 0.51836646 -0.06070639
v 0.09044517 0.53370380 -0.06379312
v 0.08669941 0.55366534 -0.06973390
v 0.07494681 0.58045137 -0.07987208
v 0.05729244 0.61234802 -0.09312320
v -0.03380359 -0.81123823 0.22778451
v 0.00002157 -0.81792331 0.24020787
v 0.02811700 -0.82128280 0.25000897
v 0.04958096 -0.82073349 0.25676104
v 0.07365125 -0.82183069 0.26473746
v 0.10002086 -0.82440555 0.27380002
v 0.12774351 -0.82773405 0.28339165
v 0.14716910 -0.82639611 0.28938663
v 0.16761391 -0.82558107 0.29574919
v 0.18163691 -0.82086211 0.29913110
v 0.19204284 -0.81393397 0.30083171
v 0.20243566 -0.80701458 0.30253017
v 0.21429701 -0.80102938 0.30492005
v 0.22973765 -0.79731214 0.30899298
v 0.24819803 -0.79553586 0.31449237
v 0.28147048 -0.80317056 0.32696271
v 0.30265674 -0.80326706 0.33377820
v 0.32007441 -0.80103338 0.33883530
v 0.33110785 -0.79477268 0.34089464
v 0.34209844 -0.78850514 0.34293869
v 0.35298878 -0.78219354 0.34494019
v 0.36273938 -0.77516598 0.34640720
v 0.37160972 -0.76758260 0.34746078
v 0.38047299 -0.76000518 0.34851348
v 0.38948599 -0.75253624 0.34963980
v 0.39796919 -0.74473131 0.35051695
v 0.40599093 -0.73663181 0.35117662
v 0.41414163 -0.72862411 0.35189924
v 0.42228785 -0.72062069 0.35262150
v 0.42981485 -0.71221292 0.35304973
v 0.43614867 -0.70301312 0.35290840
v 0.44245347 -0.69379246 0.35275286
v 0.44960308 -0.68513811 0.35300186
v 0.45198739 -0.67327112 0.35096452
v 0.45231351 -0.65998960 0.34793332
v 0.45277652 -0.64677024 0.34496069
v 0.44866529 -0.63040054 0.33977768
v 0.44470382 -0.61408031 0.33465436
v 0.44063982 -0.59763724 0.32946917
v 0.43749258 -0.58177292 0.32471457
v 0.44119269 -0.57059801 0.32326248
v 0.44634458 -0.56041628 0.32251039
v 0.44911569 -0.54856759 0.32060137
v 0.45189074 -0.53670192 0.31868964
v 0.45481247 -0.52491951 0.31684455
v 0.45326799 -0.50997186 0.31282029
v 0.44910839 -0.49307635 0.30742407
v 0.44891274 -0.47903001 0.30397528
v 0.44953251 -0.46551770 0.30112699
v 0.44960555 -0.45156068 0.29785517
v 0.44925693 -0.43726727 0.29436874
v 0.44815147 -0.42239287 0.29050246
v 0.44760305 -0.40788051 0.28690028
v 0.44649526 -0.39292520 0.28301418
v 0.44607630 -0.37843028 0.27945760
v 0.44705585 -0.36491895 0.27658165
v 0.44786680 -0.35125402 0.27361539
v 0.44717360 -0.33645228 0.26989844
v 0.44363293 -0.31951106 0.26476341
v 0.43299687 -0.29726321 0.25610059
v 0.40844616 -0.26458716 0.24051437
v 0.09399747 -0.00022951 0.07728140
v 0.08819421 0.01956328 0.07074770
v 0.08437868 0.03792765 0.06518855
v 0.08054864 0.05636185 0.05960826
v 0.07715939 0.07452080 0.05423429
v 0.07419865 0.09241057 0.04906125
v 0.07249399 0.10939571 0.04450453
v 0.07121496 0.12610304 0.04014986
v 0.06871944 0.14379261 0.03517325
v 0.06526849 0.16227292 0.02970362
v 0.06300665 0.17989042 0.02481896
v 0.06345443 0.19545379 0.02128802
v 0.06390327 0.21105418 0.01774870
v 0.06390907 0.22703929 0.01397647
v 0.06391218 0.24306703 0.01019333
v 0.06612407 0.25739443 0.00751982
v 0.06576095 0.27378732 0.00353304
v 0.06097580 0.29373282 -0.00271028
v 0.05687477 0.31320086 -0.00862155
v 0.05424261 0.33155891 -0.01379978
v 0.05645388 0.34608895 -0.01652134
v 0.05866914 0.36064523 -0.01924782
v 0.06078200 0.37531379 -0.02203363
v 0.06143000 0.39119944 -0.02557646
v 0.06285768 0.40648979 -0.02872876
v 0.06572785 0.42063764 -0.03114882
v 0.06860262 0.43480808 -0.03357275
v 0.07148199 0.44900125 -0.03600056
v 0.07436597 0.46321717 -0.03843227
v 0.07725456 0.47745579 -0.04086787
v 0.08014781 0.49171737 -0.04330738
v 0.08304568 0.50600177 -0.04575080
v 0.08594823 0.52030915 -0.04819816
v 0.08873500 0.53474057 -0.05071190
v 0.07624861 0.56204802 -0.06116256
v 0.05775663 0.59454018 -0.07476282
v 0.03909960 0.62732238 -0.08848448
v -0.06260943 -0.80715889 0.23022714
v -0.02588301 -0.81547678 0.24390376
v 0.00734241 -0.82183033 0.25600132
v 0.03806322 -0.82656646 0.26674750
v 0.05992737 -0.82652014 0.27388671
v 0.08170432 -0.82625961 0.28077587
v 0.10539786 -0.82723373 0.28856689
v 0.13330735 -0.83086056 0.29832697
v 0.15182604 -0.82882571 0.30375919
v 0.16588169 -0.82409787 0.30713406
v 0.17968115 -0.81924534 0.31039786
v 0.19008562 -0.81231993 0.31209093
v 0.20175947 -0.80620158 0.31437880
v 0.21620846 -0.80183971 0.31796524
v 0.23163199 -0.79812479 0.32201475
v 0.25065103 -0.79671323 0.32775316
v 0.27795169 -0.80059087 0.33737785
v 0.29913291 -0.80068475 0.34416020
v 0.31307724 -0.79624104 0.34756631
v 0.32406023 -0.78993982 0.34959069
v 0.33497962 -0.78361821 0.35159001
v 0.34588256 -0.77730614 0.35358632
v 0.35562342 -0.77026367 0.35504007
v 0.36455092 -0.76270854 0.35611370
v 0.37362981 -0.75526285 0.35726142
v 0.38270086 -0.74782360 0.35840815
v 0.39119309 -0.74001664 0.35928369
v 0.39910278 -0.73183531 0.35988536
v 0.40707627 -0.72370225 0.36051869
v 0.41522983 -0.71569490 0.36123908
v 0.42281216 -0.70731503 0.36168957
v 0.42922506 -0.69815916 0.36158448
v 0.43558532 -0.68896705 0.36145404
v 0.44189444 -0.67973912 0.36129886
v 0.44685718 -0.66960120 0.36050013
v 0.44747204 -0.65651077 0.35761973
v 0.44809410 -0.64339566 0.35473588
v 0.44617194 -0.62851560 0.35062519
v 0.44241652 -0.61233830 0.34562451
v 0.43888661 -0.59626454 0.34072012
v 0.43793452 -0.58191770 0.33704439
v 0.44073844 -0.57013208 0.33516935
v 0.44613358 -0.56012660 0.33453971
v 0.45223230 -0.55060500 0.33424836
v 0.45533067 -0.53898174 0.33250546
v 0.45810872 -0.52711558 0.33060324
v 0.45913738 -0.51399732 0.32784840
v 0.45870197 -0.49981532 0.32437631
v 0.45465049 -0.48303160 0.31913862
v 0.45449370 -0.46896651 0.31578290
v 0.45437962 -0.45489699 0.31243974
v 0.45448038 -0.44094664 0.30919322
v 0.45260164 -0.42553777 0.30497211
v 0.45094061 -0.41024202 0.30084705
v 0.45153224 -0.39653572 0.29781455
v 0.45050746 -0.38162193 0.29398233
v 0.45059022 -0.36747631 0.29068416
v 0.45157436 -0.35395631 0.28782070
v 0.45005748 -0.33856767 0.28371984
v 0.44689754 -0.32192382 0.27879953
v 0.43846166 -0.30132234 0.27126521
v 0.42227188 -0.27488098 0.25988364
v 0.41422895 -0.25439268 0.25250134
v 0.39365676 -0.22445287 0.23889880
v 0.08278727 0.02356886 0.08138917
v 0.07896039 0.04194604 0.07584865
v 0.07511895 0.06039314 0.07028705
v 0.07198493 0.07836274 0.06506346
v 0.06901439 0.09626357 0.05990820
v 0.06692489 0.11354633 0.05517940
v 0.06563726 0.13026488 0.05083914
v 0.06255570 0.14840992 0.04559105
v 0.05909198 0.16690619 0.04013844
v 0.05602256 0.18515548 0.03486973
v 0.05646229 0.20073353 0.03134882
v 0.05690306 0.21634857 0.02781953
v 0.05653417 0.23263542 0.02387397
v 0.05642499 0.24876080 0.02004923
v 0.05863157 0.26310220 0.01738286
v 0.06084208 0.27746934 0.01471173
v 0.05786004 0.29598635 0.00940797
v 0.05384339 0.31538478 0.00356685
v 0.05003356 0.33468127 -0.00218428
v 0.05180856 0.34956193 -0.00511512
v 0.05401992 0.36412334 -0.00783166
v 0.05623528 0.37871110 -0.01055310
v 0.05836042 0.39340162 -0.01332750
v 0.06009425 0.40844053 -0.01630867
v 0.06296168 0.42258731 -0.01871837
v 0.06583370 0.43675670 -0.02113191
v 0.06860483 0.45103541 -0.02360335
v 0.07131768 0.46538928 -0.02611105
v 0.07403503 0.47976696 -0.02862292
v 0.07675688 0.49416858 -0.03113895
v 0.07948327 0.50859410 -0.03365918
v 0.08221420 0.52304363 -0.03618360
v 0.08494967 0.53751725 -0.03871221
v 0.05821893 0.57680506 -0.05647735
v 0.03960217 0.60944104 -0.07008945
v -0.05205285 -0.81293958 0.24755901
v -0.01846639 -0.81941617 0.25974491
v 0.00981956 -0.82283497 0.26953143
v 0.04318098 -0.82940531 0.28166777
v 0.06779593 -0.83081204 0.28981721
v 0.08936114 -0.83045012 0.29658401
v 0.10579410 -0.82703155 0.30100510
v 0.13666593 -0.83247864 0.31208768
v 0.15009683 -0.82734019 0.31515262
v 0.16426396 -0.82268548 0.31856462
v 0.17775971 -0.81764996 0.32167423
v 0.18979530 -0.81173992 0.32411537
v 0.20273925 -0.80641973 0.32698306
v 0.21811637 -0.80264854 0.33098620
v 0.23194671 -0.79794747 0.33428037
v 0.25255504 -0.79754591 0.34073386
v 0.27405784 -0.79777420 0.34761888
v 0.29499567 -0.79771346 0.35425681
v 0.30597082 -0.79137862 0.35626158
v 0.31691936 -0.78504694 0.35825869
v 0.32788879 -0.77874881 0.36027029
v 0.33899003 -0.77255589 0.36234835
v 0.34884441 -0.76557863 0.36384681
v 0.35781106 -0.75804096 0.36493209
v 0.36682793 -0.75054705 0.36604360
v 0.37590748 -0.74310529 0.36718720
v 0.38440877 -0.73529619 0.36806116
v 0.39232481 -0.72711098 0.36866114
v 0.40023726 -0.71892947 0.36926091
v 0.40816244 -0.71076256 0.36986810
v 0.41580030 -0.70241076 0.37034076
v 0.42221713 -0.69324875 0.37023592
v 0.42863449 -0.68408602 0.37013113
v 0.43502113 -0.67490155 0.37001145
v 0.44133458 -0.66566646 0.36985669
v 0.44278666 -0.65313756 0.36738685
v 0.44340944 -0.64001960 0.36451566
v 0.44367936 -0.62663132 0.36146915
v 0.44013011 -0.61059707 0.35659024
v 0.43713444 -0.59489280 0.35196438
v 0.43837583 -0.58206230 0.34935704
v 0.44117811 -0.57028496 0.34749195
v 0.44495416 -0.55918270 0.34622544
v 0.45107150 -0.54966152 0.34581020
v 0.45716894 -0.54014158 0.34552017
v 0.46153906 -0.52940607 0.34439695
v 0.46199110 -0.51589864 0.34138045
v 0.46206197 -0.50209028 0.33817241
v 0.46253189 -0.48853156 0.33514959
v 0.46015346 -0.47291303 0.33073989
v 0.46000358 -0.45884088 0.32740003
v 0.45922241 -0.44428098 0.32374546
v 0.45703909 -0.42867368 0.31940040
v 0.45446584 -0.41273916 0.31485489
v 0.45397916 -0.39826915 0.31131494
v 0.45457426 -0.38454869 0.30829406
v 0.45451865 -0.37032142 0.30494782
v 0.45502961 -0.35647383 0.30187047
v 0.45273855 -0.34053400 0.29741335
v 0.44980830 -0.32407552 0.29263183
v 0.44455835 -0.30584916 0.28669974
v 0.43301627 -0.28288558 0.27766028
v 0.41609752 -0.25581774 0.26595238
v 0.40829125 -0.23544249 0.25870538
v 0.07737726 0.02757670 0.09203670
v 0.07353902 0.04596673 0.08651482
v 0.06977793 0.06435737 0.08101731
v 0.06680801 0.08220654 0.07589782
v 0.06382765 0.10011843 0.07076036
v 0.06135241 0.11769948 0.06586078
v 0.05985072 0.13458675 0.06143282
v 0.05638699 0.15303093 0.05601725
v 0.05291048 0.17154321 0.05058169
v 0.04942110 0.19012399 0.04512602
v 0.04946259 0.20601892 0.04142048
v 0.04973889 0.22177072 0.03782306
v 0.04915039 0.23823830 0.03378341
v 0.04892849 0.25446165 0.02991738
v 0.05112974 0.26881710 0.02725819
v 0.05333491 0.28319827 0.02459424
v 0.05474502 0.29823935 0.02152331
v 0.05081284 0.31756809 0.01575195
v 0.04699773 0.33686617 0.01002497
v 0.04716199 0.35303590 0.00629417
v 0.04936944 0.36760238 0.00358759
v 0.05158090 0.38219529 0.00087611
v 0.05379636 0.39681455 -0.00184029
v 0.05660091 0.41098478 -0.00426445
v 0.05943286 0.42515922 -0.00668091
v 0.06213357 0.43946761 -0.00917040
v 0.06483875 0.45379972 -0.01166402
v 0.06754842 0.46815565 -0.01416177
v 0.07026260 0.48253536 -0.01666367
v 0.07298128 0.49693900 -0.01916973
v 0.07570447 0.51136655 -0.02167996
v 0.07843220 0.52581811 -0.02419436
v 0.07288228 0.54723638 -0.03096853
v 0.04307767 0.58913052 -0.05023905
v 0.02136018 0.62441373 -0.06539355
v -0.05437008 -0.81106079 0.25897673
v -0.02199081 -0.81682104 0.27055827
v 0.00730329 -0.82084608 0.28076008
v 0.04486363 -0.82994831 0.29475850
v 0.07329302 -0.83367282 0.30461678
v 0.08976835 -0.83024567 0.30902907
v 0.11126356 -0.82991838 0.31575081
v 0.13522375 -0.83116430 0.32361847
v 0.14837155 -0.82585734 0.32654062
v 0.16197495 -0.82086003 0.32967895
v 0.17540266 -0.81578559 0.33274376
v 0.18817779 -0.81033719 0.33551511
v 0.20440158 -0.80706346 0.33988357
v 0.21821196 -0.80232567 0.34314778
v 0.23156729 -0.79733527 0.34620932
v 0.24875180 -0.79478633 0.35105035
v 0.26993722 -0.79481417 0.35775685
v 0.29045644 -0.79448724 0.36417001
v 0.30206433 -0.78855264 0.36645898
v 0.31320372 -0.78234202 0.36853549
v 0.32432559 -0.77614111 0.37060875
v 0.33536300 -0.76990688 0.37264752
v 0.34526658 -0.76296103 0.37416199
v 0.35423496 -0.75542420 0.37524307
v 0.36319605 -0.74789363 0.37632328
v 0.37244284 -0.74056071 0.37753990
v 0.38047707 -0.73244530 0.37819082
v 0.38777623 -0.72385299 0.37849817
v 0.39526722 -0.71539050 0.37889645
v 0.40275592 -0.70693052 0.37929457
v 0.40966207 -0.69808716 0.37941918
v 0.41542262 -0.68848044 0.37900370
v 0.42162126 -0.67916286 0.37879416
v 0.42804307 -0.66999316 0.37868959
v 0.43445620 -0.66081661 0.37858069
v 0.43809912 -0.64976275 0.37715852
v 0.43872261 -0.63664186 0.37430000
v 0.43933496 -0.62348384 0.37142935
v 0.43758857 -0.60868120 0.36742973
v 0.43456328 -0.59295839 0.36281136
v 0.43805534 -0.58168173 0.36128959
v 0.44071546 -0.56981355 0.35936695
v 0.44344586 -0.55797422 0.35747322
v 0.44882590 -0.54796189 0.35684299
v 0.45510587 -0.53857261 0.35664240
v 0.46138677 -0.52918184 0.35644180
v 0.46483833 -0.51779562 0.35488170
v 0.46470314 -0.50385725 0.35159287
v 0.46501687 -0.49020284 0.34851220
v 0.46549019 -0.47662979 0.34550092
v 0.46565202 -0.46280247 0.34233192
v 0.46233034 -0.44644362 0.33747166
v 0.45988661 -0.43066549 0.33302435
v 0.45890182 -0.41589418 0.32927287
v 0.45642087 -0.39999884 0.32478648
v 0.45701805 -0.38629499 0.32178393
v 0.45761660 -0.37256032 0.31877461
v 0.45737064 -0.35817525 0.31534675
v 0.45517668 -0.34232178 0.31096083
v 0.45279703 -0.32628477 0.30647349
v 0.44929215 -0.30936703 0.30142519
v 0.43843848 -0.28693634 0.29276887
v 0.42379278 -0.26158643 0.28223351
v 0.41242245 -0.23857431 0.27327836
v 0.06811456 0.04998970 0.09718704
v 0.06460828 0.06819199 0.09183913
v 0.06162858 0.08605218 0.08673742
v 0.05863841 0.10397515 0.08161776
v 0.05577651 0.12185516 0.07654868
v 0.05368978 0.13919555 0.07185041
v 0.05021330 0.15765567 0.06645187
v 0.04672398 0.17618398 0.06103338
v 0.04322173 0.19478087 0.05559484
v 0.04245532 0.21131007 0.05150305
v 0.04235661 0.22736278 0.04773339
v 0.04175768 0.24384795 0.04370482
v 0.04142268 0.26016957 0.03979780
v 0.04361855 0.27453908 0.03714582
v 0.04581837 0.28893435 0.03448907
v 0.04811691 0.30328026 0.03187504
v 0.04778312 0.31975082 0.02793373
v 0.04396271 0.33905047 0.02223090
v 0.04251416 0.35651079 0.01770654
v 0.04471771 0.37108240 0.01500992
v 0.04692526 0.38568038 0.01230840
v 0.04918360 0.40026692 0.00962563
v 0.05220490 0.41426277 0.00732170
v 0.05523085 0.42828017 0.00501422
v 0.05826148 0.44231924 0.00270317
v 0.06107281 0.45656395 0.00027488
v 0.06377931 0.47092190 -0.00221292
v 0.06649030 0.48530367 -0.00470486
v 0.06920581 0.49970934 -0.00720095
v 0.07192581 0.51413894 -0.00970117
v 0.07465035 0.52859259 -0.01220556
v 0.05929609 0.55822748 -0.02396296
v 0.02935572 0.60026091 -0.04322070
v -0.06310391 -0.80536276 0.26748404
v -0.02597624 -0.81395054 0.28116274
v 0.01153147 -0.82290244 0.29504550
v 0.04654335 -0.83049035 0.30782637
v 0.07351733 -0.83334881 0.31698051
v 0.09017503 -0.83004147 0.32145771
v 0.11372605 -0.83097571 0.32908821
v 0.13378255 -0.82985085 0.33514133
v 0.14536436 -0.82358837 0.33733559
v 0.15869589 -0.81842518 0.34033549
v 0.17302299 -0.81390744 0.34379843
v 0.18994614 -0.81103486 0.34845996
v 0.20377724 -0.80628419 0.35171276
v 0.21671413 -0.80100751 0.35456213
v 0.22863561 -0.79512262 0.35695085
v 0.24519268 -0.79218042 0.36148101
v 0.26690683 -0.79254293 0.36840075
v 0.28594011 -0.79127526 0.37409860
v 0.29849458 -0.78594100 0.37681422
v 0.30962926 -0.77972716 0.37887901
v 0.32067922 -0.77348000 0.38090938
v 0.33171204 -0.76724249 0.38293657
v 0.34168848 -0.76034331 0.38447785
v 0.35079393 -0.75289500 0.38561764
v 0.36008507 -0.74557924 0.38684660
v 0.36936754 -0.73827034 0.38807443
v 0.37721172 -0.73003119 0.38863382
v 0.38433638 -0.72132438 0.38885832
v 0.39159477 -0.71270818 0.38914588
v 0.39908442 -0.70424819 0.38954249
v 0.40566316 -0.69518638 0.38951284
v 0.41148278 -0.68561751 0.38912666
v 0.41724470 -0.67600596 0.38871241
v 0.42300475 -0.66638899 0.38829631
v 0.42876658 -0.65676880 0.38788006
v 0.43330997 -0.64631909 0.38688794
v 0.43375999 -0.63307661 0.38395974
v 0.43423489 -0.61982071 0.38103631
v 0.43455416 -0.60642785 0.37803212
v 0.43309066 -0.59177881 0.37417552
v 0.43751922 -0.58115268 0.37310633
v 0.44019929 -0.56930530 0.37120360
v 0.44290301 -0.55745447 0.36930752
v 0.44716707 -0.54667145 0.36815017
v 0.45266142 -0.53673691 0.36757684
v 0.45870751 -0.52718371 0.36726555
v 0.46249172 -0.51603371 0.36587209
v 0.46640143 -0.50495774 0.36453527
v 0.46749657 -0.49187058 0.36184621
v 0.46797216 -0.47831395 0.35885328
v 0.46537870 -0.46253249 0.35437843
v 0.46543092 -0.44860122 0.35116538
v 0.46153149 -0.43179187 0.34604114
v 0.46151492 -0.41773281 0.34277681
v 0.46076548 -0.40310788 0.33915058
v 0.45945662 -0.38803759 0.33524501
v 0.46005729 -0.37431958 0.33225402
v 0.45910269 -0.35943055 0.32850200
v 0.45723245 -0.34382847 0.32429639
v 0.45532387 -0.32815325 0.32006180
v 0.45211551 -0.31147063 0.31518447
v 0.44650891 -0.29295430 0.30912712
v 0.42984071 -0.26612693 0.29766086
v 0.41408384 -0.23985840 0.28661108
v 0.06268701 0.05401498 0.10786535
v 0.05943616 0.07202846 0.10266615
v 0.05644667 0.08989967 0.09758220
v 0.05344666 0.10783371 0.09248038
v 0.05043609 0.12583092 0.08736058
v 0.04752388 0.14380808 0.08227641
v 0.04403462 0.16228417 0.07689492
v 0.04053247 0.18082851 0.07149353
v 0.03701735 0.19944154 0.06607215
v 0.03544046 0.21660693 0.06159652
v 0.03496542 0.23296161 0.05765568
v 0.03435603 0.24946438 0.05363823
v 0.03390750 0.26588461 0.04969054
v 0.03609801 0.28026819 0.04704577
v 0.03829246 0.29467759 0.04439624
v 0.04082737 0.30884582 0.04190982
v 0.04367649 0.32279110 0.03957398
v 0.04092852 0.34123415 0.03443350
v 0.03786508 0.35998657 0.02912199
v 0.04006472 0.37456331 0.02643532
v 0.04226835 0.38916641 0.02374379
v 0.04478991 0.40354171 0.02120516
v 0.04780809 0.41754135 0.01890994
v 0.05083093 0.43156257 0.01661118
v 0.05385843 0.44560546 0.01430888
v 0.05689061 0.45967004 0.01200302
v 0.05992748 0.47375634 0.00969359
v 0.06271815 0.48807189 0.00725352
v 0.06543046 0.50247955 0.00476742
v 0.06814729 0.51691121 0.00227719
v 0.07086863 0.53136688 -0.00021720
v 0.04566521 0.56925476 -0.01693435
v 0.01573550 0.61130428 -0.03610412
v -0.06540361 -0.80349427 0.27891281
v -0.02826656 -0.81209290 0.29253399
v 0.01403588 -0.82392603 0.30852014
v 0.05503586 -0.83513510 0.32395414
v 0.07368834 -0.83299321 0.32930472
v 0.09039622 -0.82972521 0.33378613
v 0.11549403 -0.83161104 0.34208578
v 0.13118106 -0.82782859 0.34612858
v 0.14123057 -0.82062835 0.34761617
v 0.16339436 -0.82090271 0.35462463
v 0.18054961 -0.81815219 0.35936558
v 0.19167487 -0.81170875 0.36136493
v 0.20093259 -0.80412269 0.36251539
v 0.20779434 -0.79505080 0.36257222
v 0.22455154 -0.79216778 0.36704651
v 0.23971477 -0.78836638 0.37103221
v 0.26535928 -0.79120892 0.37972394
v 0.28142199 -0.78806204 0.38403109
v 0.29518595 -0.78349555 0.38729036
v 0.30654985 -0.77742869 0.38945135
v 0.31789497 -0.77137184 0.39160880
v 0.32922134 -0.76532501 0.39376268
v 0.33940363 -0.75856102 0.39539254
v 0.34831712 -0.75099105 0.39643884
v 0.35722348 -0.74342710 0.39748430
v 0.36629260 -0.73598033 0.39860782
v 0.37394649 -0.72761714 0.39907643
v 0.38107127 -0.71891075 0.39929998
v 0.38819480 -0.71020579 0.39952353
v 0.39541256 -0.70156556 0.39979151
v 0.40166333 -0.69228488 0.39960870
v 0.40748295 -0.68271452 0.39922395
v 0.41330436 -0.67314136 0.39883909
v 0.41906774 -0.66352510 0.39842618
v 0.42482954 -0.65390360 0.39801148
v 0.42896742 -0.64317775 0.39683312
v 0.42866233 -0.62941951 0.39356279
v 0.42914388 -0.61616367 0.39065495
v 0.43007728 -0.60318696 0.38795307
v 0.43161908 -0.59060007 0.38553175
v 0.43597266 -0.57992697 0.38443315
v 0.43965420 -0.56877720 0.38301399
v 0.44236127 -0.55693567 0.38112980
v 0.44592735 -0.54567319 0.37964848
v 0.45088765 -0.53537041 0.37882543
v 0.45592740 -0.52511477 0.37803817
v 0.45967281 -0.51393890 0.37663299
v 0.46355027 -0.50284165 0.37528732
v 0.46746212 -0.49175450 0.37395474
v 0.46705902 -0.47758058 0.37055781
v 0.46410540 -0.46154800 0.36593276
v 0.46536568 -0.44848844 0.36331421
v 0.46463531 -0.43396845 0.35973486
v 0.46317574 -0.41888368 0.35579669
v 0.46314427 -0.40479213 0.35253525
v 0.46263018 -0.39031482 0.34903350
v 0.46249270 -0.37607503 0.34570462
v 0.46083140 -0.36068350 0.34163243
v 0.45896566 -0.34509808 0.33745149
v 0.45669991 -0.32917282 0.33306673
v 0.45414919 -0.31298962 0.32853320
v 0.44933856 -0.29507896 0.32289290
v 0.44159797 -0.27492344 0.31581646
v 0.41418347 -0.23997407 0.29916149
v 0.06112878 0.03961392 0.12401557
v 0.05725638 0.05804253 0.11854974
v 0.05426156 0.07586676 0.11349837
v 0.05126226 0.09374901 0.10843222
v 0.04509908 0.11409459 0.10180622
v 0.03695758 0.13602322 0.09419504
v 0.03373041 0.15426740 0.08897395
v 0.03280299 0.17079933 0.08486861
v 0.03187294 0.18737796 0.08075167
v 0.03080793 0.20410597 0.07655796
v 0.02818348 0.22209182 0.07158536
v 0.02756530 0.23856722 0.06758996
v 0.02694543 0.25508758 0.06358364
v 0.02638297 0.27160680 0.05959561
v 0.02856809 0.28600445 0.05695806
v 0.03075715 0.30042800 0.05431579
v 0.03352933 0.31441787 0.05195632
v 0.03637435 0.32837573 0.04962705
v 0.03789515 0.34341723 0.04663279
v 0.03404944 0.36279416 0.04095649
v 0.03541048 0.37804517 0.03786382
v 0.03761019 0.39265344 0.03518226
v 0.04039542 0.40681708 0.03278677
v 0.04341049 0.42082053 0.03050027
v 0.04643021 0.43484554 0.02821025
v 0.04945459 0.44889224 0.02591668
v 0.05248364 0.46296060 0.02361958
v 0.05551738 0.47705075 0.02131893
v 0.05855581 0.49116266 0.01901471
v 0.06159895 0.50529641 0.01670693
v 0.06436889 0.51968342 0.01425511
v 0.06182230 0.53853834 0.00910637
v 0.03273309 0.57969505 -0.00950576
v 0.00441462 0.62041283 -0.02777506
v -0.06972598 -0.80042166 0.28942901
v -0.02397680 -0.81416804 0.30685577
v 0.01620041 -0.82474673 0.32181710
v 0.05509335 -0.83470249 0.33623472
v 0.07385913 -0.83263797 0.34161368
v 0.09384843 -0.83136994 0.34755725
v 0.11837699 -0.83292615 0.35556531
v 0.12727791 -0.82501078 0.35652351
v 0.16002274 -0.83173442 0.36828119
v 0.17671044 -0.82868844 0.37278658
v 0.18960641 -0.82334435 0.37558147
v 0.20023367 -0.81662107 0.37735191
v 0.20830271 -0.80832255 0.37796268
v 0.21530098 -0.79902220 0.37840536
v 0.21999191 -0.78895319 0.37715980
v 0.22681473 -0.77987826 0.37720352
v 0.26340762 -0.78961968 0.39085454
v 0.28054959 -0.78716147 0.39563662
v 0.29607028 -0.78371984 0.39968717
v 0.30742490 -0.77765739 0.40183628
v 0.31882125 -0.77164376 0.40400964
v 0.33039197 -0.76576465 0.40626830
v 0.34036621 -0.75887722 0.40779743
v 0.34927246 -0.75131291 0.40883794
v 0.35846367 -0.74394488 0.41001242
v 0.36793983 -0.73677504 0.41132131
v 0.37421814 -0.72752208 0.41115430
v 0.38079938 -0.71846670 0.41112715
v 0.38759872 -0.70955521 0.41120109
v 0.39442167 -0.70061320 0.41128379
v 0.39920571 -0.69040930 0.41042390
v 0.40417841 -0.68027568 0.40964741
v 0.40930372 -0.67023623 0.40894011
v 0.41512689 -0.66065872 0.40855661
v 0.42013732 -0.65052867 0.40779269
v 0.42400107 -0.63961387 0.40649089
v 0.42442086 -0.62634426 0.40357399
v 0.42410976 -0.61254543 0.40030760
v 0.42562118 -0.59996021 0.39788842
v 0.42857835 -0.58834320 0.39614251
v 0.43343103 -0.57801509 0.39528391
v 0.43775263 -0.56731039 0.39417315
v 0.44162390 -0.55628115 0.39284739
v 0.44386575 -0.54410207 0.39074928
v 0.44782737 -0.53310400 0.38945889
v 0.45251006 -0.52259851 0.38850653
v 0.45689139 -0.51187062 0.38740906
v 0.46069965 -0.50072598 0.38603711
v 0.46491617 -0.48985642 0.38485572
v 0.46570283 -0.47653183 0.38204068
v 0.46283305 -0.46056423 0.37747806
v 0.46362069 -0.44717112 0.37464756
v 0.46618822 -0.43502888 0.37265953
v 0.46483353 -0.42003250 0.36879256
v 0.46480408 -0.40595540 0.36555010
v 0.46477455 -0.39184353 0.36229965
v 0.46414870 -0.37725443 0.35870782
v 0.46164626 -0.36126697 0.35430098
v 0.45913440 -0.34521765 0.34983122
v 0.45661405 -0.32911399 0.34534636
v 0.45405513 -0.31293350 0.34083182
v 0.45123619 -0.29651120 0.33618066
v 0.44619834 -0.27838463 0.33044595
v 0.42979804 -0.25169608 0.31920066
v 0.05282756 0.04579207 0.13329297
v 0.04599075 0.06646565 0.12641214
v 0.03817292 0.08795546 0.11903785
v 0.03031485 0.10955585 0.11162563
v 0.02208998 0.13151602 0.10401635
v 0.01319613 0.15407005 0.09606201
v 0.00921786 0.17294283 0.09048639
v 0.00825251 0.18955892 0.08636885
v 0.00728443 0.20622212 0.08223964
v 0.01017923 0.21993855 0.07999211
v 0.01808698 0.22978345 0.08019738
v 0.02015623 0.24417956 0.07753625
v 0.01952586 0.26071760 0.07354111
v 0.01889377 0.27730098 0.06953502
v 0.02102878 0.29174790 0.06688273
v 0.02338634 0.30604810 0.06433356
v 0.02622276 0.31999642 0.06201454
v 0.02906366 0.33396685 0.05969187
v 0.03190906 0.34795940 0.05736552
v 0.03101160 0.36497819 0.05317665
v 0.03075498 0.38152799 0.04929540
v 0.03299282 0.39610741 0.04664475
v 0.03600014 0.41009307 0.04437048
v 0.03901210 0.42410031 0.04209270
v 0.04202870 0.43812913 0.03981140
v 0.04504995 0.45217958 0.03752659
v 0.04807588 0.46625179 0.03523824
v 0.05110648 0.48034576 0.03294637
v 0.05414177 0.49446148 0.03065094
v 0.05718177 0.50859910 0.02835196
v 0.06008060 0.52288002 0.02597602
v 0.04956821 0.54838806 0.01683838
v 0.02148761 0.58872086 -0.00118394
v -0.10146143 -0.78102499 0.28770575
v -0.01969820 -0.81623769 0.32114035
v 0.02957148 -0.83229202 0.34010696
v 0.05515078 -0.83427036 0.34850064
v 0.07402971 -0.83228320 0.35390747
v 0.09767580 -0.83324331 0.36146817
v 0.11490846 -0.83037388 0.36616224
v 0.14719276 -0.83675367 0.37764379
v 0.16834462 -0.83641887 0.38413408
v 0.18310188 -0.83221161 0.38775378
v 0.19486633 -0.82619101 0.39002976
v 0.20430499 -0.81875044 0.39125901
v 0.21226634 -0.81040221 0.39182213
v 0.21923012 -0.80106992 0.39272150
v 0.22395803 -0.79106849 0.39103192
v 0.22765061 -0.78003949 0.38965687
v 0.26439583 -0.78988904 0.40331662
v 0.28100282 -0.78710222 0.40783533
v 0.29695332 -0.78394383 0.41206527
v 0.30845028 -0.77798265 0.41427177
v 0.32003069 -0.77209765 0.41652164
v 0.33159101 -0.76622301 0.41876760
v 0.34153754 -0.75932872 0.42027944
v 0.35102269 -0.75215077 0.42158321
v 0.36049828 -0.74498016 0.42288566
v 0.36940610 -0.73745209 0.42393014
v 0.37553623 -0.72811353 0.42369831
v 0.38166741 -0.71877325 0.42346644
v 0.38813436 -0.70965230 0.42338896
v 0.39433280 -0.70035261 0.42318726
v 0.39907628 -0.69008279 0.42231205
v 0.40388671 -0.67984855 0.42146575
v 0.40885958 -0.66971433 0.42069277
v 0.41383541 -0.65957409 0.41991928
v 0.41619152 -0.64765739 0.41792640
v 0.41903195 -0.63604796 0.41615415
v 0.42047152 -0.62346756 0.41372496
v 0.41733852 -0.60774171 0.40915704
v 0.42094275 -0.59658122 0.40772453
v 0.42409340 -0.58509386 0.40607643
v 0.42898273 -0.57478827 0.40523833
v 0.43300712 -0.56387520 0.40399280
v 0.43772545 -0.55343097 0.40306994
v 0.44230631 -0.54288113 0.40208021
v 0.44494742 -0.53096378 0.40017566
v 0.44883379 -0.51990050 0.39885294
v 0.45299667 -0.50901800 0.39765739
v 0.45785618 -0.49861535 0.39678782
v 0.46258417 -0.48811015 0.39585400
v 0.46336892 -0.47478688 0.39305168
v 0.46156171 -0.45958126 0.38901433
v 0.46187684 -0.44585466 0.38597402
v 0.46444222 -0.43371508 0.38399515
v 0.46701154 -0.42155716 0.38201329
v 0.46610659 -0.40685973 0.37837222
v 0.46355322 -0.39092416 0.37393633
v 0.46098658 -0.37493119 0.36948320
v 0.45854270 -0.35898021 0.36507779
v 0.45808309 -0.34444034 0.36161098
v 0.45652825 -0.32905519 0.35761091
v 0.45396119 -0.31287745 0.35311541
v 0.45135370 -0.29662102 0.34858939
v 0.44794232 -0.27971634 0.34366554
v 0.43875635 -0.25843841 0.33594912
v 0.03657081 0.05794223 0.13875566
v 0.02341348 0.08340974 0.12884846
v 0.01551263 0.10501157 0.12145698
v 0.00720405 0.12700327 0.11384976
v -0.00173622 0.14955884 0.10591754
v -0.01072576 0.17223872 0.09794158
v -0.01546628 0.19174896 0.09200942
v -0.01647007 0.20845003 0.08787961
v -0.01082589 0.22006524 0.08697646
v -0.00276098 0.22981547 0.08725121
v 0.00518702 0.23965356 0.08746959
v 0.01262875 0.24988407 0.08744106
v 0.01209731 0.26635447 0.08351062
v 0.01145466 0.28295559 0.07951578
v 0.01348005 0.29749849 0.07681980
v 0.01607534 0.31162062 0.07439695
v 0.01890764 0.32558155 0.07208454
v 0.02174442 0.33956453 0.06976847
v 0.02458569 0.35356966 0.06744873
v 0.02743147 0.36759704 0.06512532
v 0.02609822 0.38501176 0.06073007
v 0.02859987 0.39938021 0.05822182
v 0.03160407 0.41336963 0.05595626
v 0.03461291 0.42738065 0.05368721
v 0.03762639 0.44141328 0.05141466
v 0.04064452 0.45546758 0.04913859
v 0.04365282 0.46955550 0.04685179
v 0.04621793 0.48403421 0.04433805
v 0.04878742 0.49853757 0.04182003
v 0.05136128 0.51306564 0.03929772
v 0.05393954 0.52761859 0.03677110
v 0.03232889 0.56239974 0.02211020
v 0.01021435 0.59776896 0.00715843
v -0.03155910 -0.80866039 0.32820985
v 0.03303986 -0.83389777 0.35391492
v 0.05594968 -0.83428544 0.36108267
v 0.07555435 -0.83274764 0.36679092
v 0.10152226 -0.83512932 0.37535742
v 0.12833919 -0.83811533 0.38432378
v 0.15593214 -0.84166718 0.39365870
v 0.17263998 -0.83863407 0.39813152
v 0.18596306 -0.83356160 0.40109432
v 0.19702566 -0.82712185 0.40304744
v 0.20639406 -0.81965071 0.40424234
v 0.21433210 -0.81130087 0.40479526
v 0.22072965 -0.80171931 0.40385756
v 0.22604403 -0.79200500 0.40402356
v 0.22984101 -0.78105432 0.40270498
v 0.26564473 -0.79032362 0.41587827
v 0.28205642 -0.78742439 0.42029002
v 0.29760164 -0.78401887 0.42431879
v 0.30916864 -0.77811223 0.42654914
v 0.32071567 -0.77221578 0.42877555
v 0.33373335 -0.76728934 0.43167719
v 0.34341869 -0.76023948 0.43306592
v 0.35291767 -0.75308311 0.43437278
v 0.36234871 -0.74589610 0.43565172
v 0.37053093 -0.73790652 0.43636206
v 0.37677440 -0.72865295 0.43618569
v 0.38291749 -0.71933150 0.43596286
v 0.38906175 -0.71000856 0.43574008
v 0.39422804 -0.70003492 0.43506700
v 0.39900109 -0.68979257 0.43421122
v 0.40374494 -0.67952180 0.43333998
v 0.40856534 -0.66929317 0.43250197
v 0.41233033 -0.65834588 0.43117434
v 0.41463310 -0.64639765 0.42916703
v 0.41653496 -0.63415664 0.42696926
v 0.41560361 -0.61993313 0.42344418
v 0.41204959 -0.60394931 0.41870934
v 0.41150242 -0.58994120 0.41535261
v 0.42054769 -0.58248997 0.41645220
v 0.42762065 -0.57369006 0.41663536
v 0.43288988 -0.56364357 0.41597751
v 0.43823114 -0.55364013 0.41535172
v 0.44140771 -0.54212093 0.41371208
v 0.44170728 -0.52857161 0.41072142
v 0.44309497 -0.51575428 0.40823361
v 0.44889838 -0.50602186 0.40781230
v 0.45396519 -0.49576405 0.40704378
v 0.46025312 -0.48636460 0.40684795
v 0.46103594 -0.47304258 0.40405840
v 0.45991063 -0.45832694 0.40036201
v 0.46013400 -0.44453892 0.39729351
v 0.46268162 -0.43239078 0.39531639
v 0.46513844 -0.42015585 0.39329147
v 0.46319383 -0.40470874 0.38917550
v 0.46063578 -0.38877106 0.38475829
v 0.45806909 -0.37277937 0.38032615
v 0.45441014 -0.35593966 0.37536347
v 0.45293751 -0.34065342 0.37142995
v 0.45246974 -0.32606578 0.36796588
v 0.45072091 -0.31049225 0.36388162
v 0.45042104 -0.29595071 0.36047995
v 0.44864631 -0.28027272 0.35636392
v 0.44163960 -0.26063606 0.34973031
v 0.42425615 -0.23313752 0.33810106
v 0.00069240 0.10046177 0.13130030
v -0.00770026 0.12248494 0.12369532
v -0.01668705 0.14504203 0.11578526
v -0.02572340 0.16772355 0.10783157
v -0.03480972 0.19053051 0.09983390
v -0.03998091 0.21042439 0.09370894
v -0.03189936 0.22019233 0.09398353
v -0.02381934 0.22995843 0.09425806
v -0.01574085 0.23972267 0.09453255
v -0.00775234 0.24955383 0.09476400
v -0.00029938 0.25980008 0.09473550
v 0.00465975 0.27199814 0.09349222
v 0.00400652 0.28861707 0.08950864
v 0.00620849 0.30301553 0.08639166
v 0.00875580 0.31719965 0.08447211
v 0.01158397 0.33117318 0.08216631
v 0.01441662 0.34516877 0.07985687
v 0.01725375 0.35918656 0.07754376
v 0.02009538 0.37322658 0.07522698
v 0.02144020 0.38849643 0.07216782
v 0.02420611 0.40265357 0.06980100
v 0.02720721 0.41664684 0.06754414
v 0.02986754 0.43094230 0.06511322
v 0.03241539 0.44535679 0.06262045
v 0.03496756 0.45979583 0.06012343
v 0.03752407 0.47425941 0.05762217
v 0.04008495 0.48874763 0.05511665
v 0.04265019 0.50326055 0.05260685
v 0.04521980 0.51779824 0.05009278
v 0.04410892 0.53542721 0.04573791
v 0.01055220 0.58019847 0.02518037
v -0.00108678 0.60683942 0.01552143
v 0.03383690 -0.83390141 0.36650944
v 0.05715189 -0.83454412 0.37382615
v 0.07932180 -0.83456898 0.38065070
v 0.10172793 -0.83480680 0.38759610
v 0.13551667 -0.84204996 0.39962921
v 0.15842380 -0.84276217 0.40683618
v 0.17449555 -0.83935285 0.41100729
v 0.18698592 -0.83377999 0.41358677
v 0.19756909 -0.82705426 0.41531855
v 0.20673393 -0.81946605 0.41641873
v 0.21460409 -0.81108266 0.41694063
v 0.22096895 -0.80155200 0.41727850
v 0.22631828 -0.79180521 0.41617736
v 0.24727666 -0.79167289 0.42259368
v 0.26734251 -0.79104257 0.42862266
v 0.28375840 -0.78812927 0.43288559
v 0.29814517 -0.78402764 0.43650797
v 0.31058860 -0.77869076 0.43912646
v 0.32362032 -0.77375847 0.44201759
v 0.33573845 -0.76826793 0.44450125
v 0.34518835 -0.76107872 0.44577950
v 0.35436854 -0.75372785 0.44693813
v 0.36354041 -0.74638373 0.44809580
v 0.37120268 -0.73806536 0.44856846
v 0.37768772 -0.72897983 0.44850525
v 0.38401106 -0.71978724 0.44836810
v 0.39015043 -0.71047175 0.44814655
v 0.39463094 -0.70005405 0.44716510
v 0.39845800 -0.68919128 0.44588184
v 0.40330899 -0.67899883 0.44506538
v 0.40816304 -0.66879976 0.44424832
v 0.41078267 -0.65708923 0.44240171
v 0.41293213 -0.64504182 0.44033414
v 0.41506594 -0.63295728 0.43825704
v 0.41200987 -0.61733127 0.43377423
v 0.40692547 -0.60026914 0.42834592
v 0.41693988 -0.59348941 0.42989054
v 0.42543513 -0.58568186 0.43073511
v 0.43240103 -0.57682854 0.43087241
v 0.43805000 -0.56706506 0.43039852
v 0.44190705 -0.55605173 0.42909041
v 0.44655183 -0.54557365 0.42814580
v 0.44842881 -0.53314894 0.42590901
v 0.44741893 -0.51874918 0.42203879
v 0.44118050 -0.50047517 0.41627923
v 0.45017511 -0.49298409 0.41734904
v 0.45773879 -0.48448902 0.41775137
v 0.45870385 -0.47129896 0.41506073
v 0.45785749 -0.45678532 0.41151318
v 0.45828393 -0.44314635 0.40855518
v 0.46076718 -0.43095583 0.40655792
v 0.46283507 -0.41844374 0.40436003
v 0.46149814 -0.40343994 0.40055054
v 0.45771891 -0.38661835 0.39557818
v 0.45514750 -0.37062457 0.39116481
v 0.45170149 -0.35394216 0.38632640
v 0.44780996 -0.33687970 0.38126495
v 0.44731411 -0.32226706 0.37780276
v 0.44552165 -0.30665690 0.37371582
v 0.44302434 -0.29047856 0.36928344
v 0.44271395 -0.27588201 0.36588195
v 0.43886542 -0.25860155 0.36078432
v 0.42872414 -0.23654154 0.35266867
v -0.02262298 0.11796105 0.13355304
v -0.03165639 0.14051966 0.12566522
v -0.04721793 0.16811679 0.11462830
v -0.07145817 0.20244139 0.09939830
v -0.06237484 0.21148054 0.10014480
v -0.05329619 0.22051504 0.10089090
v -0.04494634 0.23010184 0.10128777
v -0.03685268 0.23988198 0.10156202
v -0.02876055 0.24966028 0.10183625
v -0.02073129 0.25948438 0.10208074
v -0.01326706 0.26974639 0.10205227
v -0.00580268 0.28000864 0.10202380
v -0.00345066 0.29428545 0.09951361
v -0.00139186 0.30882126 0.09685457
v 0.00142771 0.32278523 0.09455905
v 0.00425173 0.33677134 0.09225988
v 0.00708022 0.35077956 0.08995707
v 0.00991320 0.36481005 0.08765063
v 0.01269197 0.37890980 0.08531180
v 0.01547941 0.39302886 0.08297126
v 0.01858269 0.40691933 0.08077966
v 0.02120756 0.42122188 0.07834756
v 0.02374686 0.43562138 0.07586720
v 0.02629046 0.45004529 0.07338260
v 0.02883840 0.46449384 0.07089379
v 0.03139067 0.47896692 0.06840075
v 0.03394729 0.49346465 0.06590346
v 0.03650827 0.50798714 0.06340190
v 0.03907363 0.52253437 0.06089608
v 0.00248443 0.56969178 0.03896131
v -0.01135584 0.59810460 0.02826906
v 0.03336373 -0.83314335 0.37852564
v 0.05835220 -0.83480239 0.38654947
v 0.08303950 -0.83636135 0.39445856
v 0.09952085 -0.83302033 0.39875090
v 0.13969214 -0.84415698 0.41355929
v 0.15859206 -0.84243715 0.41895753
v 0.17370689 -0.83844930 0.42268568
v 0.18636823 -0.83298820 0.42533064
v 0.19673437 -0.82613498 0.42695916
v 0.20586301 -0.81853038 0.42803937
v 0.21333857 -0.80990708 0.42838395
v 0.21988747 -0.80064064 0.42829162
v 0.23738050 -0.79837692 0.43314475
v 0.25563946 -0.79657859 0.43832907
v 0.27041358 -0.79263055 0.44196191
v 0.28675273 -0.78971344 0.44630626
v 0.29969275 -0.78467649 0.44913214
v 0.31277427 -0.77975929 0.45202836
v 0.32582611 -0.77485335 0.45491803
v 0.33651486 -0.76845574 0.45674798
v 0.34576455 -0.76114714 0.45793203
v 0.35500562 -0.75384527 0.45911497
v 0.36423871 -0.74655062 0.46029708
v 0.37164298 -0.73807335 0.46065271
v 0.37835386 -0.72914505 0.46069440
v 0.38483453 -0.72006559 0.46063158
v 0.39123741 -0.71093416 0.46053317
v 0.39546311 -0.70035815 0.45944265
v 0.39905128 -0.68934643 0.45805871
v 0.40268651 -0.67835152 0.45669296
v 0.40753797 -0.66815740 0.45588008
v 0.40991938 -0.65629303 0.45393446
v 0.41197044 -0.64418507 0.45183286
v 0.41338566 -0.63162410 0.44943443
v 0.41182542 -0.61701441 0.44566327
v 0.41033304 -0.60241097 0.44191432
v 0.41981578 -0.59528381 0.44321060
v 0.42796025 -0.58725065 0.44389296
v 0.43498975 -0.57845587 0.44406232
v 0.44064194 -0.56870931 0.44359547
v 0.44473702 -0.55787611 0.44240692
v 0.44891256 -0.54708624 0.44125280
v 0.45113048 -0.53491431 0.43918785
v 0.45084718 -0.52096397 0.43595621
v 0.44660595 -0.50418985 0.43087640
v 0.44490761 -0.48915938 0.42696813
v 0.45381001 -0.48160967 0.42799151
v 0.45746198 -0.47033182 0.42656711
v 0.45680115 -0.45595616 0.42312405
v 0.45637271 -0.44170994 0.41978130
v 0.45885387 -0.42952171 0.41779324
v 0.46053261 -0.41673237 0.41542405
v 0.46068335 -0.40280974 0.41233158
v 0.45512381 -0.38469976 0.40654701
v 0.45222646 -0.36847016 0.40200135
v 0.44899359 -0.35194522 0.39728639
v 0.44509733 -0.33488119 0.39224681
v 0.44215533 -0.31846601 0.38764563
v 0.44064185 -0.30305803 0.38370886
v 0.43720421 -0.28617755 0.37885103
v 0.43529695 -0.27038458 0.37470692
v 0.43084371 -0.25264165 0.36934379
v 0.41925436 -0.22948295 0.36057514
v -0.09198137 0.17014293 0.11397931
v -0.10376537 0.19495244 0.10477895
v -0.09465361 0.20401353 0.10552570
v -0.08554656 0.21306992 0.10627207
v -0.07644419 0.22212166 0.10701806
v -0.06734654 0.23116873 0.10776367
v -0.05825355 0.24021111 0.10850888
v -0.04992607 0.24983604 0.10888843
v -0.04182027 0.25962842 0.10916238
v -0.03375002 0.26944539 0.10941990
v -0.02627447 0.27972320 0.10939145
v -0.01879879 0.29000127 0.10936303
v -0.01132295 0.30027950 0.10933457
v -0.00872920 0.31440455 0.10694436
v -0.00599504 0.32844540 0.10461611
v -0.00325648 0.34250885 0.10228410
v -0.00051350 0.35659498 0.09994835
v 0.00223390 0.37070382 0.09760883
v 0.00498575 0.38483545 0.09526552
v 0.00790762 0.39885673 0.09299915
v 0.01100714 0.41276026 0.09081371
v 0.01411133 0.42668471 0.08862498
v 0.01722018 0.44063008 0.08643295
v 0.02016089 0.45473742 0.08415295
v 0.02270458 0.46919543 0.08167236
v 0.02525260 0.48367801 0.07918753
v 0.02780496 0.49818531 0.07669847
v 0.03036168 0.51271737 0.07420518
v 0.03292276 0.52727419 0.07170762
v -0.02315624 0.59065199 0.04025244
v 0.03289104 -0.83238608 0.39052966
v 0.05860792 -0.83449221 0.39883807
v 0.08633292 -0.83789825 0.40805003
v 0.09992804 -0.83282101 0.41105318
v 0.13696791 -0.84206086 0.42441225
v 0.15722409 -0.84117305 0.43038502
v 0.17194062 -0.83694595 0.43392068
v 0.18419230 -0.83123666 0.43637270
v 0.19454663 -0.82437921 0.43798897
v 0.20343032 -0.81662554 0.43895608
v 0.21106675 -0.80810481 0.43937105
v 0.23532107 -0.80998105 0.44718224
v 0.24849379 -0.80498242 0.45007434
v 0.26160669 -0.79997635 0.45294657
v 0.27544734 -0.79546034 0.45615047
v 0.28910998 -0.79086471 0.45928231
v 0.30120277 -0.78530186 0.46171877
v 0.31370911 -0.78002882 0.46434626
v 0.32634217 -0.77486467 0.46703681
v 0.33559686 -0.76755279 0.46821606
v 0.34484407 -0.76024848 0.46939477
v 0.35408464 -0.75295222 0.47057325
v 0.36331660 -0.74566287 0.47175065
v 0.37037069 -0.73696250 0.47194788
v 0.37713206 -0.72807235 0.47201329
v 0.38389656 -0.71918488 0.47208032
v 0.39066085 -0.71029794 0.47214738
v 0.39550367 -0.70013779 0.47134331
v 0.39931574 -0.68928307 0.47006929
v 0.40313169 -0.67841750 0.46879405
v 0.40699002 -0.66756690 0.46753508
v 0.40905747 -0.65549803 0.46545711
v 0.41110724 -0.64339513 0.46336609
v 0.41250545 -0.63082856 0.46097252
v 0.41270089 -0.61741853 0.45802319
v 0.41141307 -0.60296476 0.45438772
v 0.42094016 -0.59587908 0.45570076
v 0.42897686 -0.58778304 0.45633301
v 0.43570334 -0.57878995 0.45636469
v 0.44131187 -0.56902331 0.45588222
v 0.44574237 -0.55843312 0.45485601
v 0.44926757 -0.54720068 0.45340985
v 0.45170149 -0.53518909 0.45145640
v 0.45198336 -0.52164537 0.44850340
v 0.44920728 -0.50591481 0.44412807
v 0.44106704 -0.48634365 0.43725649
v 0.44990045 -0.47874397 0.43824282
v 0.45647901 -0.46954912 0.43818420
v 0.45559350 -0.45501891 0.43465421
v 0.45454270 -0.44033179 0.43103862
v 0.45666406 -0.42788860 0.42889309
v 0.45823112 -0.41502172 0.42648351
v 0.45980114 -0.40213060 0.42406946
v 0.45431063 -0.38407734 0.41834590
v 0.44930601 -0.36631620 0.41283587
v 0.44628641 -0.34994882 0.40824342
v 0.44238544 -0.33288321 0.40322569
v 0.43846935 -0.31575143 0.39818856
v 0.43575957 -0.29945731 0.39370692
v 0.43231198 -0.28256583 0.38886645
v 0.42885157 -0.26561150 0.38400796
v 0.42277753 -0.24664851 0.37790242
v 0.40931597 -0.22207266 0.36828658
v -0.12707549 0.19651340 0.11093047
v -0.11793988 0.20559180 0.11167710
v -0.10880899 0.21466553 0.11242335
v -0.09968281 0.22373456 0.11316920
v -0.09056135 0.23279890 0.11391468
v -0.08144458 0.24185857 0.11465976
v -0.07233254 0.25091356 0.11540446
v -0.06322519 0.25996390 0.11614878
v -0.05492020 0.26962724 0.11651107
v -0.04680870 0.27943695 0.11678158
v -0.03932182 0.28973064 0.11675317
v -0.03183478 0.30002457 0.11672477
v -0.02466039 0.31056425 0.11654594
v -0.01759189 0.32118940 0.11631568
v -0.01369347 0.33432326 0.11455663
v -0.01095934 0.34840050 0.11223114
v -0.00822080 0.36250046 0.10990189
v -0.00547785 0.37662318 0.10756889
v -0.00273046 0.39076877 0.10523213
v 0.00032639 0.40469187 0.10303955
v 0.00342214 0.41860846 0.10086028
v 0.00652255 0.43254602 0.09867775
v 0.00962764 0.44650456 0.09649194
v 0.01273740 0.46048415 0.09430283
v 0.01585186 0.47448480 0.09211040
v 0.01897103 0.48850662 0.08991466
v 0.02165795 0.50290954 0.08750173
v 0.02421040 0.51745111 0.08501669
v 0.02676721 0.53201759 0.08252741
v -0.13144511 0.69758451 -0.00282816
v -0.12620035 0.71044713 -0.00411613
v -0.12095109 0.72332078 -0.00540520
v -0.11606132 0.73651248 -0.00687517
v -0.10963185 0.74841821 -0.00758747
v -0.10257477 0.75979936 -0.00799083
v -0.09551579 0.77118355 -0.00839429
v -0.08845492 0.78257078 -0.00879787
v -0.08139215 0.79396105 -0.00920155
v -0.07432749 0.80535442 -0.00960534
v -0.06726093 0.81675076 -0.01000924
v 0.03370536 -0.83240199 0.40308422
v 0.05985928 -0.83478272 0.41154727
v 0.08914772 -0.83914667 0.42140383
v 0.10177623 -0.83349723 0.42397192
v 0.13409284 -0.83987290 0.43519601
v 0.15328620 -0.83833718 0.44067368
v 0.16817316 -0.83421421 0.44426754
v 0.18061893 -0.82862407 0.44679347
v 0.19100808 -0.82178807 0.44841748
v 0.19983852 -0.81400120 0.44935647
v 0.23159011 -0.82050753 0.46043840
v 0.24378626 -0.81489825 0.46288437
v 0.25550780 -0.80901659 0.46512556
v 0.26785651 -0.80355340 0.46765041
v 0.27835596 -0.79694724 0.46935925
v 0.29059693 -0.79146433 0.47184700
v 0.30281392 -0.78599226 0.47432989
v 0.31499940 -0.78052610 0.47680455
v 0.32543024 -0.77395988 0.47850150
v 0.33468443 -0.76665366 0.47967631
v 0.34392998 -0.75935429 0.48085004
v 0.35316694 -0.75206167 0.48202267
v 0.36234158 -0.74474084 0.48317012
v 0.36910078 -0.73585349 0.48323524
v 0.37585962 -0.72696662 0.48330033
v 0.38261813 -0.71808022 0.48336545
v 0.38937822 -0.70919555 0.48343140
v 0.39483222 -0.69944555 0.48290807
v 0.39864212 -0.68859583 0.48164052
v 0.40284580 -0.67799550 0.48054814
v 0.40718013 -0.66747123 0.47951233
v 0.41025046 -0.65608555 0.47790080
v 0.41196540 -0.64376754 0.47567010
v 0.41504472 -0.63235015 0.47405422
v 0.41553342 -0.61915380 0.47125548
v 0.41247529 -0.60350674 0.46683383
v 0.42041364 -0.59534389 0.46741834
v 0.42830965 -0.58715820 0.46798486
v 0.43529397 -0.57834965 0.46813583
v 0.44097883 -0.56864321 0.46769223
v 0.44527537 -0.55796742 0.46661115
v 0.44855392 -0.54657024 0.46506020
v 0.45039219 -0.53414840 0.46284372
v 0.45131367 -0.52105886 0.46020001
v 0.44912237 -0.50574702 0.45611614
v 0.43960610 -0.48521078 0.44864413
v 0.44624272 -0.47605696 0.44861257
v 0.45544565 -0.46873060 0.44976735
v 0.45438978 -0.45408452 0.44617647
v 0.45333466 -0.43939984 0.44257715
v 0.45437112 -0.42618129 0.43993956
v 0.45602223 -0.41337794 0.43758109
v 0.45755881 -0.40046570 0.43516359
v 0.45350215 -0.38346431 0.43011251
v 0.44791543 -0.36527899 0.42438141
v 0.44358000 -0.34795296 0.41919747
v 0.43967429 -0.33088583 0.41420165
v 0.43470660 -0.31298023 0.40869653
v 0.42821467 -0.29388562 0.40246367
v 0.42245826 -0.27526855 0.39656049
v 0.41857043 -0.25797915 0.39152047
v 0.40852690 -0.23602927 0.38357291
v 0.39264342 -0.20960759 0.37285572
v -0.14581287 0.21056242 0.11573319
v -0.13274543 0.21670789 0.11832364
v -0.12301254 0.22535378 0.11934446
v -0.11386716 0.23443550 0.12008980
v -0.10472652 0.24351248 0.12083475
v -0.09559059 0.25258479 0.12157931
v -0.08645940 0.26165241 0.12232349
v -0.07733291 0.27071533 0.12306729
v -0.06821115 0.27977356 0.12381070
v -0.05992878 0.28947571 0.12415577
v -0.05240926 0.29976884 0.12413751
v -0.04527304 0.31036207 0.12393601
v -0.03819533 0.32100350 0.12370598
v -0.03111649 0.33164659 0.12347593
v -0.02403652 0.34229144 0.12324585
v -0.01867215 0.35429975 0.12219100
v -0.01593807 0.36841360 0.11986829
v -0.01319957 0.38255021 0.11754183
v -0.01035164 0.39662558 0.11526225
v -0.00726432 0.41053432 0.11309247
v -0.00417234 0.42446399 0.11091942
v -0.00107571 0.43841463 0.10874310
v 0.00202559 0.45238632 0.10656349
v 0.00513157 0.46637911 0.10438061
v 0.00824224 0.48039302 0.10219442
v 0.01135761 0.49442810 0.10000493
v 0.01447769 0.50848436 0.09781213
v 0.01760249 0.52256197 0.09561601
v -0.00036118 0.55414987 0.08311427
v -0.10965694 0.66186464 0.02591490
v -0.12661605 0.69315976 0.01378320
v -0.12145387 0.70606643 0.01246643
v -0.11801820 0.72043920 0.01029864
v -0.11457753 0.73483288 0.00812772
v -0.10769986 0.74634373 0.00764289
v -0.09980333 0.75699520 0.00765895
v -0.09201951 0.76774246 0.00761944
v -0.08496691 0.77911514 0.00721851
v -0.07791241 0.79049093 0.00681747
v -0.07085601 0.80186963 0.00641633
v -0.06379773 0.81325150 0.00601507
v -0.05473574 0.82290232 0.00660803
v -0.04416961 0.83123893 0.00795062
v -0.03436569 0.84022444 0.00891714
v -0.02500618 0.84958750 0.00966459
v -0.01565135 0.85894573 0.01041166
v -0.00643622 0.86841834 0.01109085
v 0.00115193 0.87932086 0.01095732
v 0.00969326 0.88937980 0.01130125
v 0.03127075 -0.83046776 0.41420692
v 0.06147068 -0.83510238 0.42412764
v 0.08979847 -0.83908689 0.43378773
v 0.10611851 -0.83568877 0.43795821
v 0.12714271 -0.83520126 0.44419551
v 0.14772800 -0.83450991 0.45025498
v 0.16356668 -0.83096719 0.45424810
v 0.17555934 -0.82509547 0.45656273
v 0.20586707 -0.83057815 0.46692893
v 0.22547333 -0.82952422 0.47261235
v 0.23942611 -0.82500648 0.47581953
v 0.25062898 -0.81880212 0.47782183
v 0.26263875 -0.81312537 0.48018494
v 0.27194175 -0.80576771 0.48135754
v 0.28055558 -0.79798651 0.48222795
v 0.29069033 -0.79117996 0.48377404
v 0.30289972 -0.78571141 0.48624370
v 0.31458408 -0.77993327 0.48848608
v 0.32389355 -0.77265453 0.48967814
v 0.33319417 -0.76538265 0.49086908
v 0.34248596 -0.75811768 0.49205884
v 0.35160503 -0.75075328 0.49317440
v 0.36036348 -0.74316585 0.49413157
v 0.36750081 -0.73452896 0.49436614
v 0.37432808 -0.72569114 0.49446252
v 0.38115475 -0.71685404 0.49455881
v 0.38798094 -0.70801765 0.49465516
v 0.39427933 -0.69883221 0.49451458
v 0.39871025 -0.68840241 0.49353388
v 0.40303835 -0.67789346 0.49250448
v 0.40737000 -0.66737580 0.49147421
v 0.41160959 -0.65678525 0.49039999
v 0.41443077 -0.64522541 0.48868221
v 0.41797650 -0.63413817 0.48728815
v 0.42061338 -0.62241781 0.48547909
v 0.42389870 -0.61112052 0.48395973
v 0.41857728 -0.59391171 0.47852880
v 0.42673671 -0.58591092 0.47921327
v 0.43338791 -0.57687712 0.47921291
v 0.43914181 -0.56722206 0.47880363
v 0.44366908 -0.55671036 0.47783378
v 0.44694921 -0.54531860 0.47629189
v 0.44852230 -0.53271550 0.47396550
v 0.44865227 -0.51907384 0.47097275
v 0.44636264 -0.50369442 0.46686348
v 0.43910465 -0.48475650 0.46046370
v 0.44444484 -0.47468990 0.45983812
v 0.45380259 -0.46747792 0.46105960
v 0.45324728 -0.45319396 0.45771724
v 0.45192042 -0.43831998 0.45401087
v 0.45278808 -0.42498499 0.45130897
v 0.45443720 -0.41218483 0.44896173
v 0.45423546 -0.39801717 0.44575197
v 0.44985479 -0.38077438 0.44059739
v 0.44516882 -0.36325192 0.43528855
v 0.43899384 -0.34458017 0.42927480
v 0.43223193 -0.32541052 0.42297325
v 0.42598149 -0.30654845 0.41689447
v 0.41970149 -0.28759718 0.41078690
v 0.41075990 -0.26660106 0.40342152
v 0.40430588 -0.24737749 0.39720091
v 0.39245728 -0.22404951 0.38843986
v -0.18463153 0.22366287 0.11475214
v -0.17950003 0.23587194 0.11358738
v -0.17436439 0.24809088 0.11242168
v -0.16646042 0.25822312 0.11255530
v -0.15330604 0.26435769 0.11516216
v -0.14017536 0.27048114 0.11776432
v -0.12706837 0.27659360 0.12036178
v -0.11398498 0.28269503 0.12295456
v -0.10092513 0.28878552 0.12554269
v -0.08788875 0.29486501 0.12812614
v -0.07407524 0.30031157 0.13108486
v -0.06594907 0.31015924 0.13134880
v -0.05886213 0.32081702 0.13111903
v -0.05177407 0.33147651 0.13088921
v -0.04468486 0.34213769 0.13065937
v -0.03759452 0.35280061 0.13042948
v -0.03050305 0.36346519 0.13019955
v -0.02366530 0.37433437 0.12984757
v -0.02093128 0.38848493 0.12752768
v -0.01794804 0.40246224 0.12532152
v -0.01486450 0.41638401 0.12315795
v -0.01177632 0.43032682 0.12099113
v -0.00868348 0.44429061 0.11882103
v -0.00562111 0.45830405 0.11663073
v -0.00264774 0.47241512 0.11439186
v 0.00033025 0.48654813 0.11214948
v 0.00331287 0.50070310 0.10990364
v 0.00630013 0.51488018 0.10765430
v 0.00929205 0.52907926 0.10540145
v -0.12703016 0.67593700 0.03161556
v -0.12339740 0.69008023 0.02956855
v -0.11996871 0.70441818 0.02741668
v -0.11653505 0.71877688 0.02526169
v -0.11309641 0.73315632 0.02310358
v -0.10584580 0.74433601 0.02280722
v -0.09795689 0.75497723 0.02282319
v -0.09006805 0.76561826 0.02283916
v -0.08217931 0.77625930 0.02285512
v -0.07444125 0.78702927 0.02279693
v -0.06739312 0.79839361 0.02239842
v -0.06034309 0.80976087 0.02199979
v -0.05097454 0.81912464 0.02274627
v -0.04042369 0.82745212 0.02407990
v -0.02988229 0.83577222 0.02541234
v -0.01935034 0.84408480 0.02674359
v -0.00971204 0.85316622 0.02763424
v -0.00103798 0.86308634 0.02804745
v 0.00653850 0.87397152 0.02791489
v 0.01411565 0.88485765 0.02778231
v 0.02199437 0.89547712 0.02780003
v 0.03146865 0.90467221 0.02861592
v 0.02834222 -0.82823694 0.42511138
v 0.06214182 -0.83523303 0.43681207
v 0.08568043 -0.83614236 0.44408402
v 0.10638339 -0.83540523 0.45013994
v 0.13676196 -0.84062946 0.46042100
v 0.15860802 -0.84074020 0.46700788
v 0.17928466 -0.84020174 0.47309986
v 0.19469559 -0.83648115 0.47690615
v 0.21488577 -0.83575737 0.48281103
v 0.22932801 -0.83152610 0.48621336
v 0.24310695 -0.82691711 0.48933291
v 0.25655636 -0.82213473 0.49231511
v 0.26569816 -0.81467903 0.49341199
v 0.27430844 -0.80689991 0.49427769
v 0.28291276 -0.79912609 0.49514276
v 0.29151112 -0.79135770 0.49600726
v 0.30298543 -0.78543097 0.49814299
v 0.31299576 -0.77859056 0.49963692
v 0.32227108 -0.77129424 0.50080913
v 0.33131817 -0.76386333 0.50188309
v 0.34035754 -0.75643885 0.50295609
v 0.34938914 -0.74902070 0.50402820
v 0.35794196 -0.74130213 0.50489002
v 0.36509165 -0.73267561 0.50512946
v 0.37223995 -0.72405076 0.50536895
v 0.37924823 -0.71533626 0.50554645
v 0.38607270 -0.70650220 0.50564235
v 0.39289665 -0.69766879 0.50573820
v 0.39759880 -0.68742418 0.50488454
v 0.40205735 -0.67700768 0.50391972
v 0.40651935 -0.66658312 0.50295407
v 0.41272515 -0.65732145 0.50276959
v 0.41817465 -0.64754707 0.50224441
v 0.42170650 -0.63646752 0.50085449
v 0.42553112 -0.62557209 0.49959329
v 0.42923245 -0.61457884 0.49827337
v 0.43035641 -0.60180587 0.49578556
v 0.42368028 -0.58364403 0.48976269
v 0.43049088 -0.57472008 0.48961973
v 0.43612644 -0.56498522 0.48937395
v 0.44074947 -0.55454087 0.48845232
v 0.44389561 -0.54305673 0.48685712
v 0.44612437 -0.53091323 0.48484042
v 0.44557723 -0.51679838 0.48155379
v 0.44322002 -0.50137192 0.47743329
v 0.43517879 -0.48188055 0.47070622
v 0.44271818 -0.47337347 0.47108921
v 0.45175123 -0.46593449 0.47215712
v 0.45191666 -0.45216900 0.46916184
v 0.45035622 -0.43713266 0.46536702
v 0.45120612 -0.42378950 0.46267077
v 0.45141435 -0.40995315 0.45967266
v 0.45089069 -0.39555314 0.45633003
v 0.44621643 -0.37809691 0.45106453
v 0.44076452 -0.36001480 0.44542700
v 0.43222275 -0.33960679 0.43834677
v 0.42425710 -0.31954375 0.43151593
v 0.41744691 -0.30025718 0.42520395
v 0.41093320 -0.28111991 0.41901404
v 0.40282625 -0.26073018 0.41206849
v 0.39302233 -0.23899812 0.40431625
v 0.37115914 -0.20815893 0.39092699
v -0.20706525 0.24044693 0.11800000
v -0.20192736 0.25269958 0.11683305
v -0.19678530 0.26496214 0.11566515
v -0.19163910 0.27723467 0.11449631
v -0.18648869 0.28951713 0.11332650
v -0.17799093 0.29925627 0.11372484
v -0.16212466 0.30334386 0.11758673
v -0.14538741 0.30671811 0.12186806
v -0.12869985 0.31008235 0.12613668
v -0.11206169 0.31343666 0.13039266
v -0.09547273 0.31678101 0.13463604
v -0.08429571 0.32429692 0.13633098
v -0.07454610 0.33291033 0.13735436
v -0.06719657 0.34339637 0.13724254
v -0.05984647 0.35388321 0.13713072
v -0.05249580 0.36437082 0.13701889
v -0.04514455 0.37485930 0.13690706
v -0.03779272 0.38534859 0.13679521
v -0.03060951 0.39597380 0.13660264
v -0.02587344 0.40856221 0.13524073
v -0.02292272 0.42260173 0.13302150
v -0.01996743 0.43666300 0.13079883
v -0.01700754 0.45074612 0.12857272
v -0.01404306 0.46485111 0.12634315
v -0.01107398 0.47897801 0.12411011
v -0.00810027 0.49312690 0.12187359
v -0.00512194 0.50729781 0.11963360
v -0.00213897 0.52149081 0.11739013
v -0.01520582 0.54897022 0.10738640
v -0.12456755 0.65667844 0.05055076
v -0.12723464 0.67572635 0.04569492
v -0.12301348 0.68936765 0.04394542
v -0.11878733 0.70302504 0.04219385
v -0.11505459 0.71711755 0.04019783
v -0.11161796 0.73148286 0.03805248
v -0.10399531 0.74233216 0.03794237
v -0.09611399 0.75296313 0.03795824
v -0.08823276 0.76359397 0.03797411
v -0.08035161 0.77422476 0.03798998
v -0.07247055 0.78485537 0.03800585
v -0.06458956 0.79548585 0.03802172
v -0.05689697 0.80627877 0.03794507
v -0.04722301 0.81535667 0.03884299
v -0.03668740 0.82367510 0.04016771
v -0.02639827 0.83219290 0.04137433
v -0.01618617 0.84076375 0.04254605
v -0.00598215 0.84932780 0.04371684
v 0.00240056 0.85948199 0.04398881
v 0.00986616 0.87044322 0.04380674
v 0.01801098 0.88080448 0.04396142
v 0.02615494 0.89116460 0.04411608
v 0.03429805 0.90152371 0.04427073
v 0.01765600 0.93407482 0.03207119
v 0.02505898 -0.82602698 0.43518609
v 0.05772543 -0.83210868 0.44701698
v 0.08370102 -0.83449179 0.45530728
v 0.10797230 -0.83592653 0.46287927
v 0.13559255 -0.83948213 0.47191939
v 0.15908471 -0.84060651 0.47919014
v 0.18130013 -0.84102303 0.48592338
v 0.20065095 -0.83974427 0.49142697
v 0.21768099 -0.83708745 0.49593338
v 0.23139137 -0.83241630 0.49900389
v 0.24506818 -0.82775670 0.50206691
v 0.25429228 -0.82034349 0.50319248
v 0.26367757 -0.81304348 0.50439125
v 0.27328360 -0.80589515 0.50568932
v 0.28287965 -0.79875439 0.50698614
v 0.29246572 -0.79162097 0.50828159
v 0.30188540 -0.78439528 0.50950700
v 0.31100568 -0.77699089 0.51060039
v 0.32005882 -0.76955563 0.51167315
v 0.32910505 -0.76212692 0.51274216
v 0.33814350 -0.75470471 0.51381034
v 0.34717420 -0.74728888 0.51487756
v 0.35552123 -0.73943913 0.51564485
v 0.36266994 -0.73081422 0.51588327
v 0.36981726 -0.72219092 0.51612163
v 0.37696326 -0.71356940 0.51635993
v 0.38410786 -0.70494944 0.51659822
v 0.39098772 -0.69615644 0.51671922
v 0.39646184 -0.68642914 0.51621431
v 0.40087259 -0.67612678 0.51525253
v 0.40775353 -0.66718835 0.51535422
v 0.41456062 -0.65834236 0.51544183
v 0.42136723 -0.64949691 0.51552945
v 0.42585379 -0.63908023 0.51457751
v 0.42993876 -0.62838000 0.51344311
v 0.43422291 -0.61780345 0.51239544
v 0.43657327 -0.60589087 0.51047552
v 0.43412584 -0.59065908 0.50639057
v 0.42643377 -0.57176453 0.49993134
v 0.43205455 -0.56201684 0.49946579
v 0.43658283 -0.55150491 0.49850532
v 0.44021946 -0.54016823 0.49737617
v 0.44143856 -0.52750999 0.49467453
v 0.44156128 -0.51386213 0.49170664
v 0.43781859 -0.49745762 0.48697627
v 0.43699080 -0.48306265 0.48355976
v 0.44354278 -0.47386786 0.48349431
v 0.45099404 -0.46531284 0.48383856
v 0.45029441 -0.45093566 0.48046425
v 0.44879305 -0.43594608 0.47671545
v 0.44860074 -0.42185739 0.47355634
v 0.44809556 -0.40750772 0.47024626
v 0.44725972 -0.39288163 0.46677640
v 0.44224283 -0.37517563 0.46137863
v 0.43449953 -0.35541940 0.45471433
v 0.42544356 -0.33462748 0.44742963
v 0.41647393 -0.31381789 0.44016680
v 0.40963930 -0.29450220 0.43387118
v 0.40277097 -0.27509126 0.42754447
v 0.39178237 -0.25254899 0.41929668
v 0.37854478 -0.22823793 0.40998712
v -0.23477460 0.24504581 0.12243571
v -0.22963452 0.25733238 0.12126750
v -0.22449028 0.26962894 0.12009835
v -0.21934183 0.28193545 0.11892824
v -0.21242630 0.29291493 0.11857859
v -0.20244269 0.30156326 0.11965936
v -0.19246657 0.31020507 0.12073932
v -0.18249792 0.31884044 0.12181848
v -0.16715135 0.32332796 0.12541856
v -0.15038274 0.32667732 0.12969434
v -0.13366391 0.33001676 0.13395745
v -0.11699467 0.33334625 0.13820788
v -0.10593434 0.34100038 0.13982941
v -0.09498335 0.34872165 0.14140348
v -0.08404443 0.35643443 0.14297582
v -0.07594055 0.36636245 0.14321290
v -0.06857561 0.37687185 0.14310110
v -0.06121009 0.38738206 0.14298926
v -0.05413215 0.39812240 0.14274080
v -0.04730030 0.40906218 0.14237487
v -0.04046670 0.42000470 0.14200884
v -0.03363135 0.43095002 0.14164273
v -0.02839361 0.44318849 0.14051433
v -0.02543802 0.45728737 0.13829406
v -0.02247784 0.47140816 0.13607034
v -0.01951305 0.48555094 0.13384317
v -0.01654365 0.49971572 0.13161254
v -0.01356962 0.51390260 0.12937841
v -0.01059096 0.52811146 0.12714082
v -0.10905690 0.62615502 0.07611915
v -0.13298939 0.66300792 0.06085112
v -0.12877582 0.67662805 0.05911232
v -0.12455727 0.69026440 0.05737147
v -0.12033372 0.70391685 0.05562855
v -0.11845675 0.71956134 0.05274555
v -0.11258446 0.73198110 0.05172024
v -0.10267653 0.74077892 0.05279217
v -0.09357215 0.75035667 0.05340547
v -0.08538552 0.76070881 0.05357394
v -0.07746933 0.77129006 0.05361111
v -0.06955335 0.78187096 0.05364829
v -0.06163758 0.79245162 0.05368545
v -0.05372199 0.80303210 0.05372262
v -0.04529560 0.81316972 0.05400998
v -0.03525619 0.82190239 0.05508887
v -0.02522413 0.83062875 0.05616696
v -0.01512035 0.83927947 0.05728313
v -0.00492536 0.84783685 0.05844711
v 0.00521935 0.85642475 0.05958936
v 0.01101919 0.86883765 0.05859058
v 0.01682298 0.88125902 0.05759113
v 0.02360000 0.89282662 0.05707056
v 0.03174129 0.90318316 0.05722449
v 0.03072617 0.92173588 0.05283662
v 0.01683080 -0.82041192 0.44429648
v 0.05313461 -0.82887906 0.45715088
v 0.08279921 -0.83349371 0.46698809
v 0.10872086 -0.83593798 0.47523609
v 0.13264395 -0.83725041 0.48264149
v 0.15784766 -0.83942461 0.49061671
v 0.18127729 -0.84059298 0.49784371
v 0.19736101 -0.83730853 0.50190949
v 0.21771045 -0.83670682 0.50783223
v 0.23332338 -0.83322573 0.51171488
v 0.24291457 -0.82603174 0.51299238
v 0.25202903 -0.81855297 0.51406562
v 0.26122630 -0.81113756 0.51517737
v 0.27083203 -0.80399150 0.51646972
v 0.28042778 -0.79685277 0.51776069
v 0.29001358 -0.78972149 0.51905030
v 0.29914418 -0.78231394 0.52014399
v 0.30826366 -0.77491093 0.52123535
v 0.31737509 -0.76751441 0.52232569
v 0.32647854 -0.76012439 0.52341509
v 0.33557397 -0.75274086 0.52450359
v 0.34453663 -0.74528277 0.52553618
v 0.35276258 -0.73735601 0.52624696
v 0.36005101 -0.72882390 0.52654612
v 0.36723667 -0.72022766 0.52680063
v 0.37442085 -0.71163309 0.52705508
v 0.38160351 -0.70304030 0.52730948
v 0.38878474 -0.69444931 0.52756387
v 0.39586124 -0.68579137 0.52777243
v 0.40260994 -0.67691672 0.52783597
v 0.40935829 -0.66804236 0.52789944
v 0.41610631 -0.65916866 0.52796298
v 0.42285398 -0.65029532 0.52802652
v 0.42962176 -0.64143634 0.52809918
v 0.43296376 -0.63024807 0.52664220
v 0.43628955 -0.61903280 0.52517444
v 0.43961930 -0.60780424 0.52370501
v 0.43959761 -0.59425563 0.52073014
v 0.43994975 -0.58093232 0.51791573
v 0.42815802 -0.55916983 0.50963926
v 0.43145317 -0.54779983 0.50812858
v 0.43447447 -0.53622222 0.50649089
v 0.43592957 -0.52353054 0.50414312
v 0.43560824 -0.50956547 0.50098777
v 0.43224269 -0.49342024 0.49644908
v 0.43961054 -0.48481619 0.49675608
v 0.44475886 -0.47464019 0.49605834
v 0.44977772 -0.46436429 0.49530020
v 0.44836402 -0.44948208 0.49161893
v 0.44649029 -0.43422908 0.48771954
v 0.44562390 -0.41965789 0.48426929
v 0.44482556 -0.40509754 0.48084161
v 0.44362846 -0.39020991 0.47722358
v 0.43599182 -0.37059763 0.47065446
v 0.42812729 -0.35074565 0.46396500
v 0.41865626 -0.32964221 0.45652336
v 0.40912953 -0.30841452 0.44903794
v 0.40181950 -0.28873825 0.44255197
v 0.39126691 -0.26658893 0.43455940
v 0.37742531 -0.24190673 0.42503330
v 0.35194013 -0.20843817 0.41011783
v -0.25748700 0.26198950 0.12572521
v -0.25234058 0.27432019 0.12455480
v -0.24703228 0.28654215 0.12345639
v -0.23701094 0.29521430 0.12453800
v -0.22699714 0.30387992 0.12561880
v -0.21699086 0.31253901 0.12669879
v -0.20699207 0.32119164 0.12777798
v -0.19700082 0.32983774 0.12885635
v -0.18701704 0.33847737 0.12993389
v -0.17219247 0.34336939 0.13327284
v -0.15539232 0.34669366 0.13754305
v -0.13870761 0.35005894 0.14176993
v -0.12770027 0.35780221 0.14334844
v -0.11670507 0.36553687 0.14492519
v -0.10572203 0.37326303 0.14650021
v -0.09475107 0.38098064 0.14807348
v -0.08472072 0.38942367 0.14920799
v -0.07774940 0.40027970 0.14890364
v -0.07090685 0.41124171 0.14853777
v -0.06406254 0.42220655 0.14817180
v -0.05721646 0.43317419 0.14780574
v -0.05036863 0.44414464 0.14743958
v -0.04351904 0.45511794 0.14707333
v -0.03666770 0.46609402 0.14670698
v -0.03092546 0.47797522 0.14581235
v -0.02796498 0.49213386 0.14359106
v -0.02499990 0.50631458 0.14136630
v -0.02203020 0.52051741 0.13913810
v -0.03223753 0.54559487 0.13060668
v -0.13873273 0.65031457 0.07597729
v -0.13477668 0.66412091 0.07412940
v -0.13341734 0.68010861 0.07103099
v -0.13205513 0.69613016 0.06792601
v -0.12853511 0.71038139 0.06585093
v -0.12199275 0.72211778 0.06522608
v -0.11536602 0.73379040 0.06464029
v -0.10482297 0.74215740 0.06594397
v -0.09479406 0.75094539 0.06700245
v -0.08569738 0.76051468 0.06761239
v -0.07660448 0.77008003 0.06822208
v -0.06751536 0.77964133 0.06883151
v -0.05843002 0.78919882 0.06944069
v -0.05037330 0.79963660 0.06955089
v -0.04246760 0.81020391 0.06958782
v -0.03340071 0.81976193 0.07019136
v -0.02337908 0.82848060 0.07126288
v -0.01336478 0.83719277 0.07233363
v -0.00335737 0.84589827 0.07340379
v 0.00664412 0.85459614 0.07447386
v 0.01620539 0.86367011 0.07533056
v 0.02470496 0.87367481 0.07566743
v 0.03320257 0.88367724 0.07600422
v 0.04094406 0.89301890 0.07586373
v 0.00270898 -0.81142360 0.45061573
v 0.04874752 -0.82577211 0.46737653
v 0.07941332 -0.83099246 0.47759503
v 0.10523891 -0.83337998 0.48576266
v 0.12783273 -0.83388299 0.49256241
v 0.15207066 -0.83546418 0.50008410
v 0.17680217 -0.83742821 0.50783545
v 0.19540487 -0.83569527 0.51296592
v 0.21542363 -0.83489311 0.51871860
v 0.23036779 -0.83099979 0.52229470
v 0.24065305 -0.82423967 0.52386618
v 0.24976669 -0.81676316 0.52493453
v 0.25887248 -0.80929303 0.52600193
v 0.26838127 -0.80208832 0.52724653
v 0.27797672 -0.79495186 0.52853173
v 0.28727588 -0.78764087 0.52969110
v 0.29640359 -0.78023309 0.53077859
v 0.30552325 -0.77283180 0.53186512
v 0.31463489 -0.76543701 0.53295076
v 0.32353914 -0.75792027 0.53394830
v 0.33242825 -0.75040442 0.53494161
v 0.34131020 -0.74289465 0.53593415
v 0.34941649 -0.73489034 0.53658909
v 0.35687423 -0.72646898 0.53696114
v 0.36431381 -0.71803975 0.53732604
v 0.37149772 -0.70944619 0.53757942
v 0.37868014 -0.70085430 0.53783274
v 0.38586110 -0.69226420 0.53808600
v 0.39304057 -0.68367589 0.53833920
v 0.39986843 -0.67485535 0.53843766
v 0.40661609 -0.66598219 0.53850091
v 0.41336343 -0.65710944 0.53856421
v 0.42011040 -0.64823717 0.53862739
v 0.42716461 -0.63957381 0.53882718
v 0.43292388 -0.63003182 0.53845191
v 0.43635067 -0.61889350 0.53703791
v 0.43978140 -0.60774237 0.53562230
v 0.44285688 -0.59633148 0.53404486
v 0.44282901 -0.58276206 0.53107786
v 0.44375628 -0.56982136 0.52853078
v 0.44684157 -0.55835217 0.52694356
v 0.44221422 -0.54149944 0.52186108
v 0.44101149 -0.52696288 0.51837289
v 0.43850103 -0.51148129 0.51425385
v 0.43963149 -0.49852014 0.51176250
v 0.44275734 -0.48694274 0.51016361
v 0.44609183 -0.47564563 0.50859636
v 0.44759572 -0.46272793 0.50631636
v 0.44563457 -0.44745743 0.50240594
v 0.44393820 -0.43233326 0.49860594
v 0.44313878 -0.41781238 0.49520299
v 0.44172797 -0.40281188 0.49151447
v 0.43707478 -0.38541973 0.48634437
v 0.42973450 -0.36601499 0.47993973
v 0.42135736 -0.34578162 0.47304747
v 0.41186079 -0.32465091 0.46562803
v 0.40184212 -0.30305305 0.45795217
v 0.38958868 -0.27972040 0.44923627
v 0.37841862 -0.25709152 0.44099462
v 0.36372343 -0.23175122 0.43111801
v -0.28987971 0.26994625 0.12819120
v -0.28033742 0.27903613 0.12903470
v -0.27175084 0.28883383 0.12944086
v -0.26169908 0.29752335 0.13052250
v -0.25165492 0.30620635 0.13160333
v -0.24161828 0.31488281 0.13268334
v -0.23158921 0.32355273 0.13376252
v -0.22156771 0.33221611 0.13484091
v -0.21155374 0.34087300 0.13591848
v -0.20154729 0.34952334 0.13699524
v -0.19154836 0.35816720 0.13807119
v -0.17724805 0.36346835 0.14114965
v -0.16064662 0.36694637 0.14530702
v -0.14959465 0.37470311 0.14688823
v -0.13855490 0.38245124 0.14846766
v -0.12752740 0.39019081 0.15004537
v -0.11734604 0.39857867 0.15123115
v -0.10733704 0.40708911 0.15233919
v -0.09733584 0.41559294 0.15344635
v -0.08865147 0.42513186 0.15393789
v -0.08159144 0.43596205 0.15366690
v -0.07453007 0.44679436 0.15339586
v -0.06746735 0.45762873 0.15312478
v -0.06040329 0.46846512 0.15285362
v -0.05345171 0.47939575 0.15252864
v -0.04658606 0.49039996 0.15216215
v -0.03971864 0.50140697 0.15179558
v -0.03346906 0.51292348 0.15113498
v -0.03050370 0.52714229 0.14891268
v -0.14503145 0.63811290 0.09080396
v -0.14707029 0.65684497 0.08611582
v -0.14562649 0.67274553 0.08307629
v -0.14427713 0.68876034 0.07998388
v -0.13788076 0.70060015 0.07929625
v -0.13134304 0.71232963 0.07867451
v -0.12480255 0.72406417 0.07805252
v -0.11807131 0.73564523 0.07752044
v -0.10752929 0.74400967 0.07881813
v -0.09699663 0.75236666 0.08011466
v -0.08692206 0.76109838 0.08119385
v -0.07783306 0.77065921 0.08180045
v -0.06874783 0.78021610 0.08240677
v -0.05966638 0.78976899 0.08301286
v -0.05058869 0.79931796 0.08361868
v -0.04151478 0.80886286 0.08422426
v -0.03121613 0.81733668 0.08542604
v -0.02098698 0.82585669 0.08659717
v -0.01101966 0.83459157 0.08764391
v -0.00105949 0.84332025 0.08868990
v 0.00889353 0.85204262 0.08973514
v 0.01883940 0.86075878 0.09077962
v 0.03985843 0.85964864 0.09724547
v 0.07505549 0.84585345 0.11067541
v 0.09373717 0.84663051 0.11603768
v 0.04091142 -0.82058495 0.47613826
v 0.07434168 -0.82747072 0.48748356
v 0.10083444 -0.83026135 0.49589592
v 0.12379684 -0.83098817 0.50282013
v 0.14631452 -0.83151621 0.50957012
v 0.17094155 -0.83341205 0.51723856
v 0.19146775 -0.83286047 0.52316743
v 0.20907208 -0.83056360 0.52785665
v 0.22297956 -0.82602000 0.53096890
v 0.23516470 -0.82043564 0.53334785
v 0.24732640 -0.81486207 0.53572214
v 0.25661021 -0.80750614 0.53686166
v 0.26593128 -0.80018586 0.53801984
v 0.27539977 -0.79297131 0.53924453
v 0.28453571 -0.78555870 0.54032815
v 0.29359710 -0.77811027 0.54138207
v 0.30250883 -0.77057737 0.54237354
v 0.31141335 -0.76305068 0.54336423
v 0.32031071 -0.75552988 0.54435414
v 0.32920086 -0.74801522 0.54534316
v 0.33808392 -0.74050659 0.54633147
v 0.34607038 -0.73242462 0.54693115
v 0.35352862 -0.72400373 0.54730159
v 0.36098462 -0.71558535 0.54767197
v 0.36843836 -0.70716953 0.54804224
v 0.37575722 -0.69866860 0.54835427
v 0.38293794 -0.69007945 0.54860646
v 0.39011711 -0.68149203 0.54885852
v 0.39712754 -0.67279452 0.54903704
v 0.40387452 -0.66392243 0.54909998
v 0.41062120 -0.65505075 0.54916298
v 0.41754061 -0.64629638 0.54930234
v 0.42468235 -0.63769436 0.54954022
v 0.43182272 -0.62909389 0.54977804
v 0.43622595 -0.61862755 0.54880446
v 0.43965456 -0.60748285 0.54739636
v 0.44117612 -0.59501135 0.54513848
v 0.44332150 -0.58294541 0.54315245
v 0.44383579 -0.56972808 0.54043591
v 0.44549441 -0.55727589 0.53822255
v 0.44475648 -0.54312789 0.53493506
v 0.44499505 -0.52962685 0.53207570
v 0.44494307 -0.51589000 0.52907956
v 0.44331020 -0.50100559 0.52536857
v 0.44073913 -0.48541629 0.52122808
v 0.44233096 -0.47273573 0.51894552
v 0.44259951 -0.45908710 0.51606292
v 0.44281647 -0.44536939 0.51315022
v 0.44142407 -0.43046466 0.50950563
v 0.43913776 -0.41487566 0.50544918
v 0.43684396 -0.39923576 0.50137943
v 0.43014547 -0.38035718 0.49530897
v 0.42310566 -0.36116210 0.48906925
v 0.41373730 -0.34019697 0.48175925
v 0.40328771 -0.31835744 0.47394091
v 0.39103463 -0.29510400 0.46528432
v 0.37681603 -0.27030292 0.45571271
v 0.36552718 -0.24756227 0.44745150
v 0.34787047 -0.21999799 0.43626717
v -0.32561764 0.29654995 0.12571703
v -0.30343348 0.29626623 0.13231575
v -0.28943217 0.30204949 0.13518669
v -0.27872744 0.31028304 0.13655448
v -0.26803291 0.31850874 0.13792096
v -0.25734860 0.32672659 0.13928615
v -0.24667448 0.33493659 0.14065002
v -0.23619373 0.34327868 0.14192827
v -0.22615694 0.35194635 0.14300501
v -0.21612769 0.36060748 0.14408098
v -0.20610602 0.36926210 0.14515612
v -0.19609189 0.37791023 0.14623044
v -0.18271552 0.38393378 0.14886506
v -0.17172369 0.39178598 0.15040021
v -0.16164838 0.40033740 0.15151355
v -0.15158093 0.40888214 0.15262602
v -0.14152136 0.41742018 0.15373762
v -0.13146961 0.42595157 0.15484835
v -0.12142573 0.43447635 0.15595824
v -0.11138967 0.44299445 0.15706724
v -0.10136144 0.45150587 0.15817538
v -0.09301993 0.46135578 0.15849604
v -0.08594193 0.47221765 0.15822478
v -0.07886258 0.48308164 0.15795347
v -0.07178187 0.49394765 0.15768209
v -0.06469982 0.50481582 0.15741068
v -0.05761641 0.51568598 0.15713921
v -0.05053165 0.52655828 0.15686770
v -0.13776882 0.61481655 0.11200923
v -0.16109966 0.65099508 0.09728359
v -0.15893722 0.66629010 0.09460185
v -0.15472929 0.67992151 0.09288388
v -0.14721879 0.69082677 0.09273065
v -0.14068572 0.70254946 0.09211202
v -0.13414988 0.71427709 0.09149313
v -0.12761125 0.72600979 0.09087399
v -0.12077546 0.73749936 0.09039515
v -0.11023447 0.74586123 0.09168684
v -0.09970283 0.75421560 0.09297738
v -0.08918054 0.76256257 0.09426679
v -0.07906052 0.77123791 0.09536643
v -0.06997918 0.78079033 0.09596966
v -0.05986698 0.78944892 0.09707060
v -0.04931767 0.79771733 0.09838504
v -0.03877793 0.80597818 0.09969828
v -0.02824771 0.81423163 0.10101034
v -0.01772702 0.82247758 0.10232121
v -0.00721584 0.83071601 0.10363090
v 0.00288010 0.83930314 0.10474259
v 0.02518719 0.83743644 0.11160013
v 0.04690121 0.83539051 0.11856360
v 0.06726975 0.83476400 0.12470169
v 0.09069679 0.83134389 0.13234727
v 0.03126029 -0.81430227 0.48414916
v 0.06883496 -0.82368535 0.49719426
v 0.09440425 -0.82591164 0.50517327
v 0.11730754 -0.82659680 0.51203769
v 0.13861483 -0.82637805 0.51823884
v 0.16312930 -0.82819623 0.52582043
v 0.18508853 -0.82851946 0.53232986
v 0.20271401 -0.82622963 0.53700405
v 0.21558103 -0.82103324 0.53965521
v 0.22778180 -0.81544983 0.54202741
v 0.23995906 -0.80987716 0.54439503
v 0.25211290 -0.80431521 0.54675806
v 0.26348212 -0.79828399 0.54878968
v 0.27251840 -0.79079825 0.54982311
v 0.28144562 -0.78325438 0.55081195
v 0.29036561 -0.77571660 0.55180001
v 0.29927838 -0.76818490 0.55278724
v 0.30814266 -0.76063275 0.55375588
v 0.31696069 -0.75306123 0.55470669
v 0.32577187 -0.74549562 0.55565685
v 0.33457619 -0.73793590 0.55660629
v 0.34272432 -0.72995895 0.55727315
v 0.35018307 -0.72153842 0.55764204
v 0.35763952 -0.71312046 0.55801082
v 0.36509374 -0.70470512 0.55837953
v 0.37254572 -0.69629228 0.55874813
v 0.37999544 -0.68788189 0.55911660
v 0.38719413 -0.67930847 0.55937624
v 0.39437160 -0.67072374 0.55962718
v 0.40113357 -0.66186309 0.55969667
v 0.40791780 -0.65301818 0.55977613
v 0.41506004 -0.64441597 0.56001306
v 0.42220089 -0.63581544 0.56024987
v 0.42934036 -0.62721658 0.56048661
v 0.43577883 -0.61814171 0.56041503
v 0.43662587 -0.60523528 0.55787629
v 0.43747461 -0.59230185 0.55533224
v 0.43913668 -0.57990146 0.55314183
v 0.44198990 -0.56830162 0.55147362
v 0.44245362 -0.55502272 0.54874206
v 0.44234213 -0.54120243 0.54551178
v 0.44162181 -0.52714235 0.54247743
v 0.44109890 -0.51307464 0.53928620
v 0.43977025 -0.49840340 0.53572839
v 0.43824807 -0.48355553 0.53207564
v 0.43816370 -0.46968728 0.52905607
v 0.43852919 -0.45610571 0.52623039
v 0.43821582 -0.44200715 0.52309394
v 0.43655458 -0.42690650 0.51934582
v 0.43425968 -0.41130757 0.51530433
v 0.43023387 -0.39441276 0.51047534
v 0.42322576 -0.37530154 0.50429320
v 0.41561079 -0.35567915 0.49782267
v 0.40473026 -0.33359978 0.48986393
v 0.39423913 -0.31171566 0.48206156
v 0.37793353 -0.28546888 0.47161204
v 0.36415899 -0.26097065 0.46228224
v 0.35229123 -0.23777802 0.45379362
v -0.34303510 0.32584193 0.12817521
v -0.32156426 0.32611132 0.13441342
v -0.30340832 0.32880619 0.13915575
v -0.29036522 0.33531100 0.14157599
v -0.27963874 0.34354502 0.14294344
v -0.26892251 0.35177115 0.14430960
v -0.25821653 0.35998943 0.14567442
v -0.24752082 0.36819988 0.14703797
v -0.23683526 0.37640247 0.14840020
v -0.22615995 0.38459724 0.14976113
v -0.21597894 0.39315900 0.15089785
v -0.20611149 0.40195125 0.15189286
v -0.20297463 0.41597879 0.14978355
v -0.19260371 0.42437211 0.15101232
v -0.17959353 0.43067965 0.15346551
v -0.16660574 0.43697634 0.15591446
v -0.15576334 0.44494003 0.15737429
v -0.14567642 0.45348579 0.15848687
v -0.13559739 0.46202487 0.15959859
v -0.12552625 0.47055724 0.16070943
v -0.11546298 0.47908300 0.16181940
v -0.10540758 0.48760203 0.16292851
v -0.09741119 0.49776888 0.16307797
v -0.09031514 0.50866258 0.16280645
v -0.08321772 0.51955849 0.16253488
v -0.16893564 0.60608584 0.11871248
v -0.17001376 0.62392867 0.11454324
v -0.17514245 0.64514357 0.10845795
v -0.17115024 0.65892255 0.10665314
v -0.16715316 0.67273670 0.10485002
v -0.16069117 0.68449384 0.10419825
v -0.15292625 0.69519317 0.10416486
v -0.14378758 0.70474666 0.10478175
v -0.13695562 0.71622384 0.10430678
v -0.13041887 0.72795469 0.10369048
v -0.12347846 0.73935264 0.10326441
v -0.11293849 0.74771190 0.10455011
v -0.10240790 0.75606376 0.10583468
v -0.09184099 0.76445621 0.10716265
v -0.08006901 0.77162999 0.10902413
v -0.06825283 0.77883017 0.11093438
v -0.05750051 0.78692222 0.11234008
v -0.04697921 0.79519671 0.11363864
v -0.03646736 0.80346370 0.11493602
v -0.02596496 0.81172323 0.11623225
v -0.01547199 0.81997544 0.11752731
v -0.00354941 0.82696205 0.11951492
v 0.01604252 0.82719654 0.12520966
v 0.03803798 0.82524651 0.13208100
v 0.05949432 0.82368928 0.13870941
v 0.02417861 -0.80956864 0.49326816
v 0.05933689 -0.81748277 0.50522918
v 0.08796751 -0.82155746 0.51446009
v 0.11031518 -0.82189810 0.52105504
v 0.13090579 -0.82123357 0.52692121
v 0.15461388 -0.82254773 0.53412235
v 0.17725638 -0.82328188 0.54088783
v 0.19593213 -0.82163292 0.54598367
v 0.20817217 -0.81603962 0.54835367
v 0.22038859 -0.81045705 0.55071908
v 0.23254482 -0.80486244 0.55306435
v 0.24463075 -0.79924887 0.55538505
v 0.25760707 -0.79422188 0.55809170
v 0.26705229 -0.78698939 0.55929381
v 0.27590373 -0.77939266 0.56024438
v 0.28474826 -0.77180183 0.56119418
v 0.29358593 -0.76421696 0.56214333
v 0.30241671 -0.75663799 0.56309170
v 0.31124061 -0.74906492 0.56403935
v 0.32032105 -0.74166811 0.56509972
v 0.33036244 -0.73490673 0.56657714
v 0.33773491 -0.72642249 0.56690532
v 0.34505129 -0.71790510 0.56721008
v 0.35302687 -0.70982373 0.56780094
v 0.36099857 -0.70174628 0.56839150
v 0.36896640 -0.69367272 0.56898171
v 0.37665179 -0.68541825 0.56945068
v 0.38409975 -0.67701083 0.56981748
v 0.39144880 -0.66854143 0.57014209
v 0.39839321 -0.65980428 0.57029104
v 0.40543890 -0.65113676 0.57048458
v 0.41242224 -0.64242941 0.57065129
v 0.41799247 -0.63276595 0.57020020
v 0.42356470 -0.62309891 0.56974888
v 0.42913911 -0.61342824 0.56929743
v 0.43201691 -0.60190499 0.56766093
v 0.43377265 -0.58959204 0.56552726
v 0.43495065 -0.57685667 0.56313419
v 0.43656433 -0.56439632 0.56092739
v 0.43634459 -0.55063725 0.55790645
v 0.43614849 -0.53686088 0.55488867
v 0.43582740 -0.52296335 0.55180842
v 0.43601486 -0.50938845 0.54894590
v 0.43620715 -0.49578485 0.54607862
v 0.43582872 -0.48174539 0.54295105
v 0.43496189 -0.46732411 0.53959900
v 0.43435881 -0.45305300 0.53635615
v 0.43274182 -0.43802059 0.53265381
v 0.43111998 -0.42294291 0.52894032
v 0.42937908 -0.40773761 0.52516466
v 0.42336938 -0.38940588 0.51947135
v 0.41643462 -0.37033910 0.51335013
v 0.40687609 -0.34929425 0.50603813
v 0.39595735 -0.32717347 0.49809796
v 0.38494983 -0.30489746 0.49009851
v 0.36478722 -0.27580050 0.47796154
v 0.35146040 -0.25160784 0.46887335
v 0.32810652 -0.21980733 0.45513052
v -0.36057034 0.35533211 0.13065003
v -0.33982220 0.35616580 0.13652581
v -0.32157236 0.35882017 0.14128125
v -0.30338305 0.36146575 0.14602090
v -0.29130200 0.36870515 0.14799076
v -0.28055367 0.37693959 0.14935789
v -0.27005866 0.38535231 0.15061276
v -0.26012933 0.39418551 0.15161218
v -0.25020698 0.40301251 0.15261091
v -0.24029158 0.41183332 0.15360893
v -0.23038310 0.42064792 0.15460627
v -0.22237033 0.43092868 0.15473531
v -0.22129914 0.44663760 0.15167208
v -0.22022568 0.46238038 0.14860223
v -0.21328577 0.47353885 0.14822957
v -0.20018974 0.47983679 0.15069796
v -0.18711631 0.48612383 0.15316209
v -0.17406550 0.49239999 0.15562198
v -0.16103722 0.49866536 0.15807760
v -0.14803141 0.50491989 0.16052900
v -0.13504803 0.51116359 0.16297616
v -0.12208700 0.51739657 0.16541912
v -0.10947441 0.52388281 0.16770597
v -0.19376658 0.60903090 0.12480865
v -0.19596435 0.62779701 0.12013445
v -0.19356173 0.64285731 0.11759914
v -0.18437941 0.65238631 0.11823107
v -0.17890529 0.66495997 0.11712650
v -0.17312311 0.67729229 0.11616372
v -0.16665688 0.68906915 0.11551991
v -0.16004071 0.70072907 0.11494500
v -0.15089586 0.71028632 0.11555990
v -0.14175491 0.71983945 0.11617455
v -0.13322540 0.72989887 0.11650199
v -0.12618032 0.74120516 0.11612822
v -0.11564140 0.74956185 0.11740795
v -0.10393129 0.75690955 0.11924628
v -0.09209111 0.76412451 0.12115111
v -0.08026657 0.77133000 0.12305342
v -0.06845765 0.77852577 0.12495322
v -0.05666433 0.78571224 0.12685052
v -0.04500991 0.79299551 0.12868644
v -0.03450932 0.80125540 0.12997580
v -0.02401816 0.80950791 0.13126399
v -0.00917482 0.81395245 0.13464059
v 0.01032167 0.81428802 0.14025815
v 0.02974186 0.81462228 0.14585370
v 0.05108444 0.81319660 0.15238850
v 0.32067910 0.65912020 0.26417536
v 0.32450190 0.67245775 0.26242474
v 0.33517379 0.71332204 0.25675738
v 0.33367836 0.73158652 0.25239596
v 0.32440582 0.75700337 0.24422786
v 0.31479415 0.78283167 0.23587240
v 0.00266126 -0.79612488 0.49634707
v 0.04781726 -0.81005514 0.51243991
v 0.07803061 -0.81507534 0.52228767
v 0.10235909 -0.81661093 0.52968132
v 0.12352592 -0.81628996 0.53575975
v 0.14604770 -0.81686717 0.54242373
v 0.16875729 -0.81763220 0.54918242
v 0.18847451 -0.81661725 0.55469143
v 0.20064583 -0.81097233 0.55701888
v 0.21279404 -0.80533820 0.55934197
v 0.22491916 -0.79971480 0.56166065
v 0.23759265 -0.79446107 0.56421763
v 0.25105545 -0.78973281 0.56711620
v 0.26129791 -0.78299779 0.56865042
v 0.27015528 -0.77539945 0.56959772
v 0.27900574 -0.76780707 0.57054436
v 0.28784931 -0.76022059 0.57149023
v 0.29668599 -0.75264001 0.57243538
v 0.30620646 -0.74551052 0.57367551
v 0.31626377 -0.73874193 0.57514876
v 0.32630888 -0.73198152 0.57662022
v 0.33346537 -0.72335494 0.57685375
v 0.34006423 -0.71436620 0.57684779
v 0.34730795 -0.70580065 0.57711971
v 0.35528439 -0.69772077 0.57770824
v 0.36325693 -0.68964487 0.57829648
v 0.37122563 -0.68157285 0.57888442
v 0.37919044 -0.67350471 0.57947212
v 0.38715139 -0.66544062 0.58005947
v 0.39411721 -0.65671545 0.58021659
v 0.39971960 -0.64707440 0.57978171
v 0.40529019 -0.63740706 0.57933211
v 0.41086283 -0.62773609 0.57888228
v 0.41643757 -0.61806154 0.57843232
v 0.42201439 -0.60838342 0.57798213
v 0.42567915 -0.59739012 0.57669550
v 0.42810336 -0.58552945 0.57486308
v 0.43046856 -0.57360750 0.57300037
v 0.43048662 -0.56003934 0.57010400
v 0.43028343 -0.54628491 0.56710356
v 0.43007970 -0.53249651 0.56409574
v 0.43031797 -0.51898360 0.56127512
v 0.43117219 -0.50587165 0.55871916
v 0.43135318 -0.49225643 0.55586010
v 0.43106699 -0.47827846 0.55278772
v 0.43055266 -0.46410388 0.54960710
v 0.42893794 -0.44910949 0.54593158
v 0.42731833 -0.43407008 0.54224497
v 0.42569390 -0.41898543 0.53854728
v 0.42208803 -0.40243241 0.53396022
v 0.41659099 -0.38446116 0.52852064
v 0.40901238 -0.36491910 0.52214056
v 0.39812475 -0.34289718 0.51426923
v 0.38701361 -0.32062241 0.50627887
v 0.37134385 -0.29491705 0.49623105
v 0.35159540 -0.26609865 0.48433301
v 0.33597285 -0.24018767 0.47425491
v -0.36006683 0.38783616 0.13781314
v -0.34217343 0.39079645 0.14237650
v -0.32433698 0.39374733 0.14692532
v -0.30686012 0.39692008 0.15132225
v -0.29465622 0.40408227 0.15333472
v -0.28468543 0.41293809 0.15433650
v -0.27472162 0.42178765 0.15533757
v -0.26476482 0.43063098 0.15633793
v -0.25481504 0.43946812 0.15733761
v -0.24487224 0.44829905 0.15833655
v -0.24081054 0.46171826 0.15664637
v -0.23975545 0.47751689 0.15357420
v -0.23869808 0.49334976 0.15049537
v -0.23763841 0.50921690 0.14740986
v -0.23623206 0.52484536 0.14447610
v -0.23337324 0.53935272 0.14220385
v -0.23050989 0.55388319 0.13992800
v -0.22764198 0.56843686 0.13764851
v -0.22476950 0.58301371 0.13536540
v -0.22189243 0.59761387 0.13307863
v -0.21901076 0.61223733 0.13078822
v -0.21847057 0.62878919 0.12740543
v -0.21432681 0.64244515 0.12568845
v -0.20707247 0.65357870 0.12541424
v -0.19752385 0.66283363 0.12620805
v -0.18699497 0.67127234 0.12746108
v -0.17909341 0.68186569 0.12749034
v -0.17262644 0.69364744 0.12684886
v -0.16615655 0.70543444 0.12620710
v -0.15801139 0.71583164 0.12634906
v -0.14886427 0.72538847 0.12696172
v -0.13972104 0.73494124 0.12757412
v -0.12861735 0.74283469 0.12911069
v -0.11613332 0.74954265 0.13130166
v -0.10427170 0.75675225 0.13320458
v -0.09242582 0.76395226 0.13510500
v -0.08059562 0.77114278 0.13700289
v -0.06878109 0.77832371 0.13889827
v -0.05698217 0.78549510 0.14079113
v -0.04519888 0.79265708 0.14268151
v -0.03343116 0.79980963 0.14456937
v -0.01526665 0.80138451 0.14950773
v 0.00447697 0.80152345 0.15521175
v 0.02387400 0.80160570 0.16091315
v 0.04344585 0.80204725 0.16641669
v 0.06815626 0.79760772 0.17454225
v 0.33868316 0.62575227 0.28985777
v 0.34583551 0.63601339 0.28974050
v 0.35244358 0.64676458 0.28936037
v 0.35905343 0.65751868 0.28898013
v 0.36532184 0.66834581 0.28838986
v 0.36189523 0.68844992 0.28319064
v 0.35834625 0.70848989 0.27787441
v 0.35098472 0.73207521 0.27069274
v 0.34543955 0.75408643 0.26437518
v 0.33900282 0.77699524 0.25760677
v 0.32243046 0.80932999 0.24587908
v 0.29005888 0.85642064 0.22640759
v -0.02490150 -0.77903044 0.49697599
v 0.03398004 -0.80122256 0.51871496
v 0.06581184 -0.80720496 0.52918714
v 0.09187927 -0.80978310 0.53726900
v 0.11358098 -0.80977488 0.54353887
v 0.13580579 -0.81015593 0.55004269
v 0.15857011 -0.81094033 0.55678833
v 0.18078870 -0.81145978 0.56331986
v 0.19297639 -0.80581564 0.56564087
v 0.20514086 -0.80018216 0.56795740
v 0.21750817 -0.79470098 0.57036501
v 0.23101844 -0.78996426 0.57326138
v 0.24449652 -0.78523874 0.57615072
v 0.25553873 -0.77900279 0.57801479
v 0.26440203 -0.77140290 0.57895887
v 0.27325842 -0.76380891 0.57990217
v 0.28210792 -0.75622082 0.58084488
v 0.29207128 -0.74935853 0.58226383
v 0.30214453 -0.74258268 0.58373296
v 0.31220552 -0.73581505 0.58520025
v 0.32225433 -0.72905558 0.58666575
v 0.32919452 -0.72028643 0.58680534
v 0.33579436 -0.71129620 0.58679938
v 0.34239429 -0.70230597 0.58679354
v 0.34956539 -0.69369197 0.58703279
v 0.35754266 -0.68561363 0.58761901
v 0.36551610 -0.67753923 0.58820492
v 0.37348562 -0.66946876 0.58879060
v 0.38145128 -0.66140217 0.58937591
v 0.38761634 -0.65213442 0.58918536
v 0.39243624 -0.64195901 0.58841282
v 0.39810273 -0.63234699 0.58800489
v 0.40372357 -0.62269950 0.58757615
v 0.40930077 -0.61301738 0.58712751
v 0.41488004 -0.60333180 0.58667862
v 0.41933462 -0.59287041 0.58573973
v 0.42175534 -0.58099991 0.58391315
v 0.42287105 -0.56820840 0.58151340
v 0.42341217 -0.55499190 0.57885724
v 0.42341733 -0.54137307 0.57596052
v 0.42355567 -0.52781445 0.57311517
v 0.42466116 -0.51490074 0.57068646
v 0.42553139 -0.50179428 0.56814873
v 0.42584583 -0.48826739 0.56536102
v 0.42546806 -0.47421926 0.56226224
v 0.42497984 -0.46005762 0.55910748
v 0.42355782 -0.44519502 0.55553365
v 0.42186439 -0.43009773 0.55183142
v 0.41777164 -0.41323715 0.54706055
v 0.41366291 -0.39631075 0.54227108
v 0.40953809 -0.37931809 0.53746289
v 0.40014037 -0.35844803 0.53030568
v 0.38875502 -0.33605018 0.52224892
v 0.37688166 -0.31320390 0.51395577
v 0.35628271 -0.28387061 0.50176048
v 0.33835796 -0.25636321 0.49072659
v -0.34956604 0.42942247 0.14598171
v -0.33166409 0.43232059 0.15053849
v -0.31529319 0.43634272 0.15441355
v -0.29939881 0.44068730 0.15808232
v -0.28940031 0.44955331 0.15908504
v -0.27940887 0.45841300 0.16008703
v -0.26942447 0.46726650 0.16108833
v -0.26042020 0.47687486 0.16164574
v -0.25938371 0.49272978 0.15857121
v -0.25834495 0.50861907 0.15549003
v -0.25842461 0.52542847 0.15188986
v -0.26378533 0.54646742 0.14586338
v -0.26916879 0.56759566 0.13981135
v -0.27115518 0.58608353 0.13530290
v -0.26627195 0.59912235 0.13393937
v -0.26138407 0.61217350 0.13257451
v -0.25926921 0.62747717 0.12992892
v -0.26684549 0.65065408 0.12280720
v -0.26228687 0.66406316 0.12127104
v -0.23850736 0.66183174 0.12861796
v -0.21848458 0.66258353 0.13424437
v -0.20817150 0.67123204 0.13538426
v -0.19733122 0.67943311 0.13677177
v -0.18726224 0.68825442 0.13780436
v -0.17945197 0.69893467 0.13778861
v -0.17212920 0.71002048 0.13754568
v -0.16513418 0.72138256 0.13714921
v -0.15598087 0.73094308 0.13775988
v -0.14418226 0.73827493 0.13960931
v -0.13188411 0.74516350 0.14169741
v -0.11793026 0.75062722 0.14456722
v -0.10499637 0.75692141 0.14696556
v -0.09315635 0.76411742 0.14885584
v -0.08133199 0.77130389 0.15074359
v -0.06952330 0.77848095 0.15262887
v -0.05773021 0.78564847 0.15451165
v -0.04543219 0.79235756 0.15663791
v -0.02559317 0.79251486 0.16233774
v -0.00583353 0.79267150 0.16801475
v 0.01405338 0.79264796 0.17376691
v 0.02989447 0.79609030 0.17761225
v 0.04916710 0.79647619 0.18309976
v 0.34139916 0.60614902 0.30805540
v 0.35262519 0.61273623 0.30989781
v 0.36078212 0.62204629 0.31027383
v 0.36727792 0.63284260 0.30985349
v 0.37377572 0.64364237 0.30943304
v 0.37811020 0.65640193 0.30797032
v 0.38016126 0.67124957 0.30540332
v 0.38187027 0.68644023 0.30266455
v 0.37837356 0.70641512 0.29740322
v 0.37361595 0.72760993 0.29151788
v 0.36423308 0.75312650 0.28337613
v 0.34118873 0.79133463 0.26858553
v -0.02758553 -0.77694643 0.50803667
v 0.01613191 -0.78995878 0.52336425
v 0.05237633 -0.79859358 0.53561574
v 0.07995601 -0.80207348 0.54428387
v 0.10361385 -0.80324525 0.55133539
v 0.12553988 -0.80342895 0.55767959
v 0.14847319 -0.80430311 0.56445974
v 0.17157836 -0.80535752 0.57132745
v 0.18529554 -0.80065119 0.57427555
v 0.19747634 -0.79501855 0.57658565
v 0.21091127 -0.79019648 0.57942802
v 0.22443691 -0.78546244 0.58231515
v 0.23793033 -0.78073972 0.58519536
v 0.24977478 -0.77500451 0.58738703
v 0.25864401 -0.76740301 0.58832788
v 0.26781401 -0.76000363 0.58939797
v 0.27791548 -0.75321221 0.59086466
v 0.28800467 -0.74642897 0.59232962
v 0.29808161 -0.73965412 0.59379280
v 0.30814633 -0.73288739 0.59525418
v 0.31788844 -0.72592741 0.59658188
v 0.32492223 -0.71721691 0.59676003
v 0.33152318 -0.70822531 0.59675419
v 0.33812413 -0.69923359 0.59674835
v 0.34472513 -0.69024187 0.59674245
v 0.35182363 -0.68157905 0.59694934
v 0.35980180 -0.67350227 0.59753329
v 0.36777601 -0.66542935 0.59811687
v 0.37574643 -0.65736037 0.59870028
v 0.38111818 -0.64755487 0.59816855
v 0.38570848 -0.63721740 0.59729952
v 0.39075226 -0.62717652 0.59662366
v 0.39642349 -0.61755353 0.59621674
v 0.40209663 -0.60792720 0.59580964
v 0.40773597 -0.59827322 0.59538704
v 0.41298327 -0.58834589 0.59479374
v 0.41460198 -0.57591647 0.59262711
v 0.41526192 -0.56280100 0.59003949
v 0.41592327 -0.54965723 0.58744627
v 0.41624531 -0.53624839 0.58469933
v 0.41669649 -0.52289850 0.58200204
v 0.41807786 -0.51016921 0.57970369
v 0.41908643 -0.49715188 0.57723713
v 0.41940969 -0.48362353 0.57446527
v 0.41939199 -0.46982247 0.57153761
v 0.41936901 -0.45598432 0.56860054
v 0.41756111 -0.44084117 0.56487381
v 0.41362545 -0.42413443 0.56020415
v 0.40995318 -0.40756327 0.55563891
v 0.40626711 -0.39092997 0.55105650
v 0.40005982 -0.37242278 0.54535228
v 0.39048898 -0.35141188 0.53815061
v 0.37905943 -0.32896608 0.53011054
v 0.36118203 -0.30172086 0.51919985
v 0.34115916 -0.27277842 0.50731277
v 0.31789806 -0.24131854 0.49396142
v -0.35700342 0.46828234 0.14960876
v -0.33959553 0.47155905 0.15392092
v -0.32378036 0.47601810 0.15752466
v -0.30800518 0.48046589 0.16111928
v -0.29413989 0.48636004 0.16385840
v -0.28412065 0.49522993 0.16486134
v -0.27911124 0.50801957 0.16359352
v -0.27943692 0.52502537 0.15989864
v -0.28485012 0.54609466 0.15388021
v -0.29028630 0.56725347 0.14783619
v -0.29574561 0.58850229 0.14176647
v -0.30253819 0.61088747 0.13507272
v -0.30954188 0.63352126 0.12826559
v -0.30902225 0.65018982 0.12488524
v -0.24739200 0.68588793 0.13504885
v -0.21884215 0.67964864 0.14458029
v -0.20768875 0.68761057 0.14610164
v -0.19648756 0.69551486 0.14764898
v -0.18796644 0.70562083 0.14795934
v -0.18015039 0.71630913 0.14794363
v -0.17233427 0.72699761 0.14792791
v -0.15961240 0.73358077 0.15019228
v -0.14729574 0.74047691 0.15227388
v -0.13499708 0.74736291 0.15435244
v -0.12138283 0.75311160 0.15705016
v -0.10726714 0.75840229 0.15998910
v -0.09388609 0.76428235 0.16259192
v -0.08206759 0.77146488 0.16446960
v -0.07026472 0.77863801 0.16634479
v -0.05576989 0.78347427 0.16948895
v -0.03591483 0.78364933 0.17516169
v -0.01853768 0.78589910 0.17968248
v -0.00261732 0.78935826 0.18352820
v 0.01325967 0.79280806 0.18736349
v 0.02909347 0.79624832 0.19118834
v 0.33859771 0.59151679 0.32354864
v 0.34844366 0.59931755 0.32472813
v 0.36049280 0.60513937 0.32696030
v 0.36969697 0.61347854 0.32784125
v 0.37705708 0.62346160 0.32784376
v 0.38424417 0.63360041 0.32776350
v 0.38871878 0.64619064 0.32638413
v 0.39278257 0.65917051 0.32480407
v 0.39477894 0.67405009 0.32222721
v 0.39641064 0.68929464 0.31946817
v 0.38852847 0.71328259 0.31212169
v 0.37651435 0.74115741 0.30276382
v 0.36006251 0.77323848 0.29123902
v -0.07317023 -0.76250184 0.50421304
v -0.03775258 -0.77034593 0.51600099
v -0.00225520 -0.77836633 0.52784890
v 0.03414558 -0.78706485 0.54009837
v 0.06606471 -0.79316145 0.55051696
v 0.09226073 -0.79586571 0.55858296
v 0.11524986 -0.79668611 0.56533444
v 0.13844673 -0.79770851 0.57218784
v 0.16160636 -0.79878271 0.57904148
v 0.17760332 -0.79547912 0.58292305
v 0.19073357 -0.79042947 0.58561629
v 0.20430702 -0.78568691 0.58850110
v 0.21784806 -0.78095561 0.59137899
v 0.23135683 -0.77623564 0.59425002
v 0.24400599 -0.77100295 0.59676701
v 0.25362146 -0.76387024 0.59801555
v 0.26348239 -0.75690788 0.59937018
v 0.27231604 -0.74930286 0.60029554
v 0.28114286 -0.74170375 0.60122007
v 0.28996289 -0.73411041 0.60214388
v 0.29907945 -0.72671938 0.60319525
v 0.30906495 -0.71990412 0.60461652
v 0.31678155 -0.71162593 0.60508031
v 0.32531852 -0.70388949 0.60589296
v 0.33385259 -0.69616026 0.60670632
v 0.34045464 -0.68716711 0.60670054
v 0.34705672 -0.67817390 0.60669464
v 0.35408267 -0.66946185 0.60686940
v 0.36206165 -0.66138661 0.60745102
v 0.37002552 -0.65330768 0.60802752
v 0.37461272 -0.64297026 0.60716182
v 0.37920329 -0.63262528 0.60629559
v 0.38379714 -0.62227291 0.60542864
v 0.38906533 -0.61236787 0.60484892
v 0.39474130 -0.60273379 0.60444307
v 0.40041915 -0.59309649 0.60403705
v 0.40607288 -0.58343804 0.60361964
v 0.40680721 -0.57039165 0.60108060
v 0.40759858 -0.55735588 0.59856009
v 0.40829489 -0.54422569 0.59599257
v 0.40894994 -0.53103775 0.59340101
v 0.40982869 -0.51797640 0.59090012
v 0.41120446 -0.50523442 0.58860880
v 0.41258276 -0.49246818 0.58631313
v 0.41296649 -0.47897458 0.58357948
v 0.41255939 -0.46489039 0.58049512
v 0.41185823 -0.45056218 0.57727522
v 0.41094279 -0.43604445 0.57395399
v 0.40727046 -0.41951776 0.56942064
v 0.40358433 -0.40292922 0.56487018
v 0.39704725 -0.38423598 0.55906045
v 0.38912547 -0.36447552 0.55262959
v 0.38081610 -0.34436005 0.54601300
v 0.36825070 -0.32107213 0.53751004
v 0.34541366 -0.29018754 0.52446687
v 0.32597286 -0.26164019 0.51288813
v -0.36448595 0.50737810 0.15325783
v -0.34819904 0.51152599 0.15704441
v -0.33232209 0.51594859 0.16065575
v -0.31648540 0.52036005 0.16425796
v -0.32229942 0.54171908 0.15809341
v -0.21806765 0.69580501 0.15545076
v -0.20684929 0.70371300 0.15699461
v -0.19649342 0.71231675 0.15814503
v -0.18867168 0.72301298 0.15812935
v -0.17903453 0.73219538 0.15895218
v -0.16436125 0.73715359 0.16210625
v -0.15040834 0.74267823 0.16493481
v -0.13810916 0.74956161 0.16700384
v -0.12483478 0.75559562 0.16953093
v -0.11071676 0.76088327 0.17245670
v -0.09662789 0.76615989 0.17537643
v -0.08280239 0.77162582 0.17818092
v -0.06731650 0.77563500 0.18176751
v -0.05127250 0.77912056 0.18562414
v -0.03527235 0.78259659 0.18947023
v -0.01931587 0.78606319 0.19330585
v -0.00340288 0.78952032 0.19713099
v 0.01246679 0.79296792 0.20094571
v 0.04096897 0.78532922 0.21071152
v 0.07484730 0.77285600 0.22303447
v 0.34422994 0.58596957 0.33950183
v 0.35628325 0.59178180 0.34172624
v 0.36653864 0.59916908 0.34310424
v 0.37616608 0.60710090 0.34418780
v 0.38433015 0.61633223 0.34457871
v 0.39183706 0.62621719 0.34459609
v 0.39614260 0.63885939 0.34321195
v 0.40044266 0.65159136 0.34175956
v 0.40354607 0.66542965 0.33973157
v 0.40530354 0.68052131 0.33705434
v 0.40035650 0.70178282 0.33115840
v 0.37854511 0.73860478 0.31715766
v 0.36155221 0.77116394 0.30543408
v -0.10244294 -0.75798291 0.50725901
v -0.06987274 -0.76401079 0.51779717
v -0.05378983 -0.76020092 0.52157784
v -0.01731072 -0.76879025 0.53376609
v 0.01571914 -0.77541494 0.54456025
v 0.04938168 -0.78254378 0.55564028
v 0.07668373 -0.78589714 0.56411755
v 0.10333893 -0.78894562 0.57234669
v 0.12742326 -0.79049766 0.57953000
v 0.15136549 -0.79204047 0.58667094
v 0.17038594 -0.79060185 0.59178525
v 0.18346249 -0.78551030 0.59444112
v 0.19651020 -0.78043002 0.59709114
v 0.20952921 -0.77536088 0.59973532
v 0.22251961 -0.77030295 0.60237372
v 0.23540796 -0.76520956 0.60497564
v 0.24427007 -0.75758618 0.60590059
v 0.25312531 -0.74996871 0.60682487
v 0.26197374 -0.74235708 0.60774833
v 0.27081534 -0.73475140 0.60867119
v 0.28021175 -0.72751367 0.60982919
v 0.29022405 -0.72068745 0.61124879
v 0.30022442 -0.71386927 0.61266667
v 0.30807245 -0.70566392 0.61318082
v 0.31556597 -0.69723243 0.61354667
v 0.32393566 -0.68938023 0.61428338
v 0.33280596 -0.68186623 0.61523360
v 0.34166914 -0.67435807 0.61618304
v 0.34938908 -0.66610187 0.61665004
v 0.35634249 -0.65734041 0.61679292
v 0.36351255 -0.64872539 0.61702812
v 0.36809999 -0.63838047 0.61616528
v 0.37269074 -0.62802804 0.61530173
v 0.37728482 -0.61766809 0.61443758
v 0.38188222 -0.60730064 0.61357278
v 0.38737541 -0.59753299 0.61308885
v 0.39305612 -0.58788794 0.61268401
v 0.39761978 -0.57747269 0.61179960
v 0.39823878 -0.56433451 0.60922104
v 0.39898762 -0.55125654 0.60669202
v 0.39977232 -0.53817463 0.60417241
v 0.40055865 -0.52506518 0.60164750
v 0.40181959 -0.51225793 0.59932113
v 0.40323526 -0.49953246 0.59705591
v 0.40462258 -0.48676112 0.59477305
v 0.40493792 -0.47320795 0.59202093
v 0.40425280 -0.45891547 0.58882904
v 0.40356591 -0.44458508 0.58562857
v 0.40285534 -0.43020102 0.58241022
v 0.40090874 -0.41489625 0.57864678
v 0.39404249 -0.39601877 0.57273340
v 0.38612297 -0.37631479 0.56634682
v 0.37816161 -0.35650679 0.55992645
v 0.37015823 -0.33659407 0.55347222
v 0.35254657 -0.30961674 0.54280066
v 0.32957608 -0.27860358 0.52975702
v -0.20600899 0.71983117 0.16789824
v -0.19720548 0.72972667 0.16833006
v -0.18532254 0.73704898 0.17017832
v -0.17184955 0.74301833 0.17276303
v -0.15528432 0.74636012 0.17677918
v -0.14122035 0.75175983 0.17965162
v -0.12828614 0.75807917 0.18200952
v -0.11416578 0.76336372 0.18492211
v -0.10007280 0.76863587 0.18782955
v -0.08511482 0.77313393 0.19114560
v -0.06856290 0.77622592 0.19521035
v -0.05203503 0.77928853 0.19927439
v -0.03604233 0.78276253 0.20309980
v -0.02009324 0.78622699 0.20691478
v -0.00418760 0.78968203 0.21071935
v 0.01982693 0.78602797 0.21832357
v 0.05385274 0.77353185 0.23063247
v 0.08205413 0.76598930 0.24024422
v 0.31400007 0.59562325 0.34201229
v 0.34554619 0.58424580 0.35338056
v 0.35770482 0.58995008 0.35564658
v 0.36828116 0.59703636 0.35717222
v 0.37881312 0.60414344 0.35868096
v 0.38607508 0.61416543 0.35864732
v 0.39404619 0.62354946 0.35894939
v 0.40057516 0.63423222 0.35856852
v 0.40609166 0.64583719 0.35770595
v 0.40758145 0.66111392 0.35492688
v 0.41019091 0.67540443 0.35267347
v 0.40993270 0.69234771 0.34904724
v 0.39451748 0.72325331 0.33817750
v 0.36405966 0.76815319 0.32009009
v -0.10241604 -0.77103770 0.52234995
v -0.07986513 -0.77102959 0.52873772
v -0.06658266 -0.76551628 0.53135079
v -0.05385454 -0.75969708 0.53374296
v -0.03239676 -0.75919384 0.53971767
v 0.00031545 -0.76560122 0.55032295
v 0.03256272 -0.77184123 0.56076157
v 0.06029209 -0.77542776 0.56936651
v 0.08727652 -0.77865082 0.57768458
v 0.11211441 -0.78064054 0.58513713
v 0.13615040 -0.78221565 0.59227598
v 0.15918684 -0.78324807 0.59901834
v 0.17229331 -0.77815789 0.60166979
v 0.18537080 -0.77307886 0.60431540
v 0.19841953 -0.76801109 0.60695517
v 0.21141012 -0.76293594 0.60957694
v 0.22434527 -0.75785470 0.61218172
v 0.23387280 -0.75063670 0.61337519
v 0.24274290 -0.74301261 0.61429769
v 0.25160617 -0.73539436 0.61521947
v 0.26128510 -0.72831053 0.61648387
v 0.27132425 -0.72147316 0.61790168
v 0.28135151 -0.71464390 0.61931789
v 0.29101095 -0.70759153 0.62058330
v 0.29934692 -0.69969064 0.62129670
v 0.30684885 -0.69125211 0.62166160
v 0.31434849 -0.68281615 0.62202638
v 0.32255054 -0.67484719 0.62268764
v 0.33142865 -0.66733277 0.62363529
v 0.34029967 -0.65982425 0.62458217
v 0.34916365 -0.65232182 0.62552828
v 0.35663563 -0.64389950 0.62588811
v 0.36157990 -0.63378549 0.62517875
v 0.36617088 -0.62342560 0.62431800
v 0.37076518 -0.61305821 0.62345666
v 0.37536281 -0.60268331 0.62259471
v 0.37999895 -0.59232473 0.62174702
v 0.38568249 -0.58267188 0.62134337
v 0.38915116 -0.57149643 0.61999446
v 0.38976160 -0.55833972 0.61742234
v 0.39037338 -0.54515463 0.61484474
v 0.39113677 -0.53204507 0.61232585
v 0.39191476 -0.51891679 0.60980713
v 0.39328158 -0.50617039 0.60753495
v 0.39465281 -0.49340096 0.60525924
v 0.39593491 -0.48054284 0.60293978
v 0.39654350 -0.46718320 0.60032481
v 0.39584666 -0.45286995 0.59714103
v 0.39514795 -0.43851861 0.59394878
v 0.39409432 -0.42387757 0.59059548
v 0.39272133 -0.40893522 0.58706385
v 0.38497603 -0.38944924 0.58082879
v 0.37718841 -0.36982593 0.57452804
v 0.36936012 -0.35010013 0.56819439
v 0.36407852 -0.33214700 0.56295216
v 0.33953163 -0.30011758 0.54931450
v 0.31533071 -0.26818192 0.53579444
v -0.20518227 0.73597687 0.17880595
v -0.19161524 0.74190623 0.18141282
v -0.17807326 0.74782467 0.18401490
v -0.16276106 0.75222516 0.18743522
v -0.14622283 0.75555104 0.19142713
v -0.13173689 0.76056224 0.19448592
v -0.11722165 0.76551092 0.19756605
v -0.10223025 0.77001667 0.20087355
v -0.08727419 0.77451169 0.20417322
v -0.07130247 0.77809614 0.20795070
v -0.05399812 0.78048873 0.21235436
v -0.03681148 0.78292823 0.21671492
v -0.02086979 0.78639066 0.22050932
v -0.00138287 0.78672904 0.22596002
v 0.02960961 0.77698040 0.23677519
v 0.05714943 0.77011389 0.24601080
v 0.08450577 0.76329303 0.25518486
v 0.31308928 0.59587818 0.35487992
v 0.34353560 0.58546841 0.36567828
v 0.35386619 0.59279191 0.36707729
v 0.36847878 0.59628165 0.37048939
v 0.37691474 0.60525161 0.37100807
v 0.38632908 0.61333722 0.37198848
v 0.39460772 0.62243271 0.37243637
v 0.40048558 0.63369066 0.37175289
v 0.40592074 0.64535832 0.37085849
v 0.41160563 0.65681028 0.37007985
v 0.41368961 0.67155623 0.36759368
v 0.40580001 0.69545972 0.36037102
v 0.39083865 0.72594696 0.34977105
v 0.34989569 0.78049928 0.32678863
v -0.11084621 -0.79248869 0.53675729
v -0.09689675 -0.78731501 0.53961587
v -0.08413026 -0.78146636 0.54200083
v -0.07678047 -0.77239734 0.54219013
v -0.06855677 -0.76385617 0.54273540
v -0.05531871 -0.75834864 0.54532415
v -0.04301170 -0.75230533 0.54753911
v -0.02261273 -0.75120866 0.55306244
v 0.00988247 -0.75755817 0.56354171
v 0.04351928 -0.76472288 0.57451212
v 0.07112123 -0.76829708 0.58303583
v 0.09674319 -0.77074325 0.59076703
v 0.12149409 -0.77273542 0.59815848
v 0.14748681 -0.77558172 0.60607731
v 0.16109410 -0.77078563 0.60891783
v 0.17420152 -0.76570797 0.61155897
v 0.18725768 -0.76062745 0.61418509
v 0.20025077 -0.75553644 0.61679119
v 0.21321550 -0.75045645 0.61939162
v 0.22345006 -0.74367017 0.62086815
v 0.23233506 -0.73603940 0.62178886
v 0.24229917 -0.72910988 0.62315935
v 0.25236538 -0.72226137 0.62457550
v 0.26044181 -0.71414542 0.62516749
v 0.26837638 -0.70594430 0.62570184
v 0.27630737 -0.69774687 0.62623596
v 0.28596509 -0.69068122 0.62749189
v 0.29678005 -0.68438691 0.62923414
v 0.30562329 -0.67681748 0.63015574
v 0.31312907 -0.66837710 0.63051957
v 0.32116315 -0.66029018 0.63110572
v 0.33004910 -0.65277535 0.63205069
v 0.33892795 -0.64526653 0.63299501
v 0.34641519 -0.63683808 0.63335603
v 0.35202840 -0.62715650 0.63292867
v 0.35760412 -0.61744475 0.63248432
v 0.36318195 -0.60772932 0.63203990
v 0.36876184 -0.59801030 0.63159531
v 0.37343726 -0.58767068 0.63076693
v 0.37829831 -0.57744837 0.63001513
v 0.38066715 -0.56550926 0.62820435
v 0.38126892 -0.55233407 0.62563878
v 0.38187206 -0.53913033 0.62306768
v 0.38248497 -0.52590394 0.62049460
v 0.38332832 -0.51280802 0.61801362
v 0.38468343 -0.50004065 0.61574507
v 0.38595584 -0.48718914 0.61343575
v 0.38723072 -0.47431275 0.61112201
v 0.38813400 -0.46114770 0.60864359
v 0.38695642 -0.44648173 0.60526681
v 0.38555822 -0.43162009 0.60178733
v 0.38415599 -0.41671523 0.59829772
v 0.38274965 -0.40176693 0.59479791
v 0.37670976 -0.38345367 0.58929318
v 0.36889386 -0.36379772 0.58300906
v 0.36424395 -0.34635583 0.57807720
v 0.35986266 -0.32905114 0.57324946
v 0.32764030 -0.29143575 0.55635613
v -0.19791262 0.74676710 0.19265570
v -0.18435977 0.75268328 0.19524835
v -0.17024632 0.75809687 0.19810338
v -0.15368806 0.76141626 0.20208240
v -0.13633825 0.76401770 0.20643362
v -0.11937586 0.76689386 0.21061863
v -0.10438641 0.77139658 0.21390973
v -0.08943228 0.77588862 0.21719305
v -0.07404092 0.77996558 0.22068585
v -0.05673576 0.78235471 0.22506857
v -0.03948510 0.78473634 0.22943749
v -0.02228866 0.78711051 0.23379266
v 0.00444535 0.78115326 0.24256635
v 0.03213187 0.77425718 0.25180349
v 0.05963351 0.76740712 0.26097891
v 0.31377923 0.59472120 0.36847866
v 0.34152624 0.58669037 0.37796846
v 0.35185474 0.59401095 0.37936050
v 0.36217228 0.60132384 0.38075110
v 0.37347671 0.60773677 0.38260671
v 0.38239485 0.61626685 0.38335004
v 0.39225128 0.62394309 0.38453522
v 0.39973861 0.63374346 0.38461143
v 0.40475941 0.64577746 0.38352865
v 0.40980932 0.65779871 0.38245663
v 0.41231552 0.67215312 0.38018319
v 0.39678973 0.70303404 0.36939511
v 0.36904094 0.74527216 0.35280326
v 0.31996378 0.80736387 0.32607681
v -0.11517016 -0.80286497 0.54999262
v -0.10215924 -0.79713339 0.55245847
v -0.08939843 -0.79128015 0.55482900
v -0.07963149 -0.78366500 0.55599570
v -0.07327507 -0.77401847 0.55578613
v -0.06691755 -0.76437014 0.55557650
v -0.05727803 -0.75670153 0.55669641
v -0.04546154 -0.75036484 0.55870217
v -0.03402002 -0.74382216 0.56056023
v -0.01433534 -0.74233347 0.56577450
v 0.01907193 -0.74931264 0.57658744
v 0.05293308 -0.75669110 0.58761013
v 0.08130924 -0.76080567 0.59641993
v 0.10705592 -0.76338875 0.60417587
v 0.13314509 -0.76627135 0.61208975
v 0.14986476 -0.76339358 0.61618537
v 0.16298699 -0.75830770 0.61881578
v 0.17603843 -0.75320679 0.62142324
v 0.18906131 -0.74811697 0.62402499
v 0.20205574 -0.74303830 0.62662101
v 0.21314831 -0.73677975 0.62843978
v 0.22175841 -0.72895777 0.62923926
v 0.22972292 -0.72073138 0.62977415
v 0.23768385 -0.71250868 0.63030875
v 0.24564116 -0.70428967 0.63084316
v 0.25359491 -0.69607449 0.63137734
v 0.26154509 -0.68786293 0.63191122
v 0.27066231 -0.68041837 0.63293093
v 0.28151116 -0.67411834 0.63467282
v 0.29234403 -0.66782767 0.63641214
v 0.30316103 -0.66154617 0.63814896
v 0.31190771 -0.65391517 0.63902617
v 0.31977347 -0.64570928 0.63953757
v 0.32866728 -0.63819408 0.64048004
v 0.33616039 -0.62975323 0.64083833
v 0.34178567 -0.62006313 0.64041466
v 0.34740824 -0.61036646 0.63998890
v 0.35299090 -0.60063803 0.63954532
v 0.35857570 -0.59090585 0.63910162
v 0.36416256 -0.58117002 0.63865769
v 0.36975154 -0.57143056 0.63821363
v 0.37108669 -0.55877030 0.63597304
v 0.37188300 -0.54571372 0.63349932
v 0.37268099 -0.53262967 0.63102043
v 0.37348065 -0.51951832 0.62853634
v 0.37428316 -0.50638020 0.62604761
v 0.37509048 -0.49321660 0.62355489
v 0.37589946 -0.48002538 0.62105691
v 0.37671018 -0.46680641 0.61855376
v 0.37841457 -0.45418838 0.61642540
v 0.37701091 -0.43934679 0.61296588
v 0.37560317 -0.42446202 0.60949624
v 0.37419137 -0.40953401 0.60601664
v 0.37277186 -0.39455980 0.60252523
v 0.36876434 -0.37768817 0.59791595
v 0.36440879 -0.36051205 0.59314615
v 0.36003593 -0.34326762 0.58835739
v 0.35564563 -0.32595438 0.58354950
v -0.17711231 0.76344830 0.20906861
v -0.16116177 0.76728821 0.21274976
v -0.14265127 0.76891935 0.21760528
v -0.12372095 0.77013439 0.22266454
v -0.10654128 0.77277559 0.22693810
v -0.09158909 0.77726477 0.23020512
v -0.07667208 0.78174335 0.23346443
v -0.05947229 0.78421992 0.23777762
v -0.04222081 0.78659815 0.24212565
v -0.02280502 0.78705019 0.24747869
v 0.00598990 0.77929634 0.25715774
v 0.03464866 0.77153981 0.26679921
v 0.06211223 0.76470619 0.27591476
v 0.32364172 0.58547276 0.38630125
v 0.34400496 0.58393997 0.39233008
v 0.35393777 0.59159404 0.39353529
v 0.36386144 0.59924108 0.39473942
v 0.37298954 0.60758412 0.39557660
v 0.37806892 0.61954778 0.39453015
v 0.38543808 0.62946427 0.39454889
v 0.39280719 0.63938063 0.39456764
v 0.40017611 0.64929688 0.39458638
v 0.40407243 0.66236871 0.39297915
v 0.39548686 0.68684191 0.38551542
v 0.38685203 0.71145564 0.37800881
v 0.34864435 0.76330698 0.35658023
v -0.11495633 -0.81588560 0.56501359
v -0.10919330 -0.80588359 0.56456631
v -0.09552474 -0.80056340 0.56728786
v -0.08262198 -0.79481751 0.56970823
v -0.07678833 -0.78487611 0.56929320
v -0.07095269 -0.77493143 0.56887800
v -0.06511506 -0.76498330 0.56846267
v -0.05955473 -0.75486296 0.56793457
v -0.05104589 -0.74652433 0.56859559
v -0.03793749 -0.74099153 0.57111704
v -0.02504513 -0.73535478 0.57355690
v -0.00559181 -0.73376673 0.57866013
v 0.02646009 -0.73998618 0.58888435
v 0.05763340 -0.74577725 0.59877533
v 0.09042089 -0.75267923 0.60934514
v 0.11874948 -0.75692600 0.61812472
v 0.13859718 -0.75597662 0.62346923
v 0.15170737 -0.75086570 0.62607795
v 0.16354866 -0.74498612 0.62817448
v 0.17528525 -0.73906398 0.63023311
v 0.18700151 -0.73315227 0.63228816
v 0.19852667 -0.72714204 0.63426965
v 0.20675686 -0.71905184 0.63490397
v 0.21482444 -0.71086466 0.63547295
v 0.22280467 -0.70262772 0.63600737
v 0.23078129 -0.69439459 0.63654155
v 0.23875430 -0.68616509 0.63707542
v 0.24672373 -0.67793936 0.63760912
v 0.25529525 -0.67011231 0.63839287
v 0.26617816 -0.66380674 0.64013433
v 0.27704507 -0.65751040 0.64187330
v 0.28789598 -0.65122342 0.64360970
v 0.29873091 -0.64494568 0.64534354
v 0.30954990 -0.63867712 0.64707482
v 0.31838149 -0.63110435 0.64798337
v 0.32588047 -0.62265092 0.64833891
v 0.33151081 -0.61294782 0.64791608
v 0.33714315 -0.60324115 0.64749312
v 0.34277511 -0.59352940 0.64706898
v 0.34836474 -0.58378404 0.64662611
v 0.35395649 -0.57403505 0.64618313
v 0.35955036 -0.56428236 0.64573991
v 0.36009592 -0.55106425 0.64317542
v 0.36040542 -0.53765416 0.64050567
v 0.36119252 -0.52454281 0.63803053
v 0.36198124 -0.51140392 0.63555026
v 0.36277330 -0.49823859 0.63306546
v 0.36356968 -0.48504740 0.63057655
v 0.36436772 -0.47182840 0.62808233
v 0.36628142 -0.45936421 0.62605470
v 0.36827514 -0.44693279 0.62405610
v 0.36702797 -0.43218508 0.62067688
v 0.36560407 -0.41727245 0.61721444
v 0.36417601 -0.40231633 0.61374187
v 0.36165184 -0.38653588 0.60979402
v 0.35902175 -0.37063316 0.60579145
v 0.35657915 -0.35481837 0.60185927
v 0.35412851 -0.33895159 0.59791416
v 0.35142747 -0.32285681 0.59385234
v -0.16809626 0.77270561 0.22367695
v -0.14896911 0.77382475 0.22878546
v -0.12991224 0.77493989 0.23387519
v -0.11120030 0.77628487 0.23882143
v -0.09374459 0.77863997 0.24320939
v -0.07882950 0.78311563 0.24645245
v -0.06220772 0.78608447 0.25048155
v -0.04439168 0.78797334 0.25506592
v -0.02297001 0.78668648 0.26130933
v 0.00492779 0.77970213 0.27053136
v 0.03670676 0.76922286 0.28155491
v 0.33160543 0.57790190 0.40318593
v 0.34861949 0.57930046 0.40764722
v 0.36169565 0.58413917 0.41030240
v 0.37159544 0.59177399 0.41149631
v 0.37669206 0.60368705 0.41047031
v 0.38138065 0.61597908 0.40925252
v 0.38607362 0.62828267 0.40803361
v 0.39077106 0.64059788 0.40681356
v 0.39547136 0.65292603 0.40559164
v 0.38763314 0.67666334 0.39852518
v 0.38071924 0.69964856 0.39187127
v 0.37056661 0.72568172 0.38368699
v -0.11001842 -0.83163136 0.58186090
v -0.10803430 -0.81944138 0.57991904
v -0.10323502 -0.80889285 0.57909465
v -0.08959434 -0.80357760 0.58179581
v -0.08515845 -0.79281408 0.58082658
v -0.07937724 -0.78284341 0.58039308
v -0.07354292 -0.77289981 0.57997984
v -0.06770661 -0.76295280 0.57956648
v -0.06307125 -0.75227576 0.57867026
v -0.05941834 -0.74099320 0.57737750
v -0.05343205 -0.73111600 0.57702005
v -0.04030866 -0.72559392 0.57953519
v -0.02559436 -0.72107518 0.58269733
v -0.00858071 -0.71800655 0.58679456
v 0.02186382 -0.72327781 0.59632707
v 0.05358100 -0.72944492 0.60639620
v 0.09053225 -0.73898119 0.61860776
v 0.12116908 -0.74471235 0.62828773
v 0.13410889 -0.73946309 0.63080770
v 0.14589778 -0.73351842 0.63286585
v 0.15767846 -0.72759181 0.63492543
v 0.16943866 -0.72167546 0.63698143
v 0.18117842 -0.71576941 0.63903379
v 0.19117790 -0.70877612 0.64038056
v 0.19942525 -0.70067602 0.64101446
v 0.20766816 -0.69258016 0.64164799
v 0.21586181 -0.68445975 0.64226282
v 0.22385420 -0.67621601 0.64279646
v 0.23184295 -0.66797608 0.64332998
v 0.23986353 -0.65976292 0.64387774
v 0.25078076 -0.65345174 0.64561886
v 0.26168188 -0.64714992 0.64735740
v 0.27256688 -0.64085734 0.64909345
v 0.28343582 -0.63457400 0.65082687
v 0.29428875 -0.62830001 0.65255773
v 0.30500758 -0.62195653 0.65423715
v 0.31421179 -0.61461955 0.65529281
v 0.32121071 -0.60581499 0.65543586
v 0.32684812 -0.59609514 0.65501374
v 0.33248758 -0.58637184 0.65459144
v 0.33812895 -0.57664496 0.65416896
v 0.34372556 -0.56688273 0.65372688
v 0.34930730 -0.55710524 0.65327746
v 0.34933957 -0.54351848 0.65050793
v 0.34937191 -0.52989966 0.64773196
v 0.34967077 -0.51643252 0.64506096
v 0.35044855 -0.50326610 0.64258444
v 0.35123003 -0.49007338 0.64010364
v 0.35201538 -0.47685444 0.63761848
v 0.35391781 -0.46438852 0.63559753
v 0.35590190 -0.45195633 0.63360620
v 0.35788932 -0.43950319 0.63161153
v 0.35702160 -0.42500660 0.62840605
v 0.35470146 -0.40944117 0.62457865
v 0.35185134 -0.39345324 0.62051767
v 0.34899148 -0.37741050 0.61644280
v 0.34640789 -0.36151794 0.61247534
v 0.34394053 -0.34566233 0.60854775
v 0.34146506 -0.32975444 0.60460722
v 0.34489939 -0.31808457 0.60317451
v 0.32665330 -0.29062492 0.59249204
v -0.15529178 0.77873391 0.23997414
v -0.13621603 0.77984041 0.24504526
v -0.11732448 0.78104001 0.25004619
v -0.09871530 0.78241783 0.25493228
v -0.08098564 0.78448719 0.25943270
v -0.06494205 0.78794825 0.26318032
v -0.04454333 0.78760856 0.26891452
v -0.02313480 0.78632343 0.27512255
v 0.00386671 0.78010744 0.28389207
v 0.03563476 0.76963156 0.29485646
v 0.31704414 0.57375640 0.41306055
v 0.33409378 0.57516289 0.41750768
v 0.35108480 0.57656455 0.42193949
v 0.36801767 0.57796144 0.42635614
v 0.37543097 0.58778214 0.42640656
v 0.37914553 0.60090792 0.42475390
v 0.38286486 0.61405063 0.42309916
v 0.38658899 0.62721020 0.42144230
v 0.39031789 0.64038670 0.41978323
v 0.38504866 0.66173315 0.41395470
v 0.37708825 0.68559963 0.40686345
v 0.37013897 0.70863575 0.40022278
v -0.11403458 -0.84208149 0.59509516
v -0.10312219 -0.83515126 0.59670019
v -0.10113594 -0.82298493 0.59477359
v -0.09729525 -0.81189281 0.59357792
v -0.08440933 -0.80615127 0.59597015
v -0.08769078 -0.79081321 0.59194273
v -0.08191719 -0.78084010 0.59150887
v -0.07613236 -0.77086884 0.59107834
v -0.07029738 -0.76092303 0.59066701
v -0.06658779 -0.74968857 0.58940613
v -0.06293675 -0.73840457 0.58811903
v -0.05928180 -0.72710848 0.58683056
v -0.05562295 -0.71580029 0.58554071
v -0.04032011 -0.71161634 0.58891761
v -0.02324966 -0.70855802 0.59301192
v -0.00623709 -0.70551014 0.59709233
v 0.01725527 -0.70652479 0.60378969
v 0.05243642 -0.71488714 0.61521173
v 0.09064374 -0.72526813 0.62788051
v 0.11664636 -0.72814381 0.63565016
v 0.12834319 -0.72210950 0.63765424
v 0.14002021 -0.71608537 0.63965487
v 0.15178970 -0.71014243 0.64169770
v 0.16357359 -0.70423204 0.64375097
v 0.17533699 -0.69833189 0.64580071
v 0.18380204 -0.69034243 0.64651412
v 0.19206658 -0.68223232 0.64714748
v 0.20032665 -0.67412651 0.64778048
v 0.20858231 -0.66602504 0.64841318
v 0.21683352 -0.65792793 0.64904553
v 0.22490700 -0.64972222 0.64960670
v 0.23531844 -0.64305317 0.65112644
v 0.24620222 -0.63671172 0.65284336
v 0.25696719 -0.63031179 0.65451556
v 0.26771683 -0.62392086 0.65618539
v 0.27845120 -0.61753911 0.65785289
v 0.28917030 -0.61116648 0.65951794
v 0.29797149 -0.60353053 0.66039610
v 0.30562258 -0.59513289 0.66080147
v 0.31327105 -0.58673829 0.66120672
v 0.32091680 -0.57834643 0.66161180
v 0.32781890 -0.56945497 0.66170985
v 0.33346745 -0.55971140 0.66128802
v 0.33853546 -0.54956639 0.66062421
v 0.33855501 -0.53595287 0.65785974
v 0.33857462 -0.52230716 0.65508878
v 0.33859429 -0.50862914 0.65231121
v 0.33888239 -0.49510464 0.64963907
v 0.33965325 -0.48188445 0.64716220
v 0.34154433 -0.46941683 0.64514804
v 0.34351876 -0.45698389 0.64316392
v 0.34506264 -0.44422516 0.64099455
v 0.34613374 -0.43110758 0.63862157
v 0.34491882 -0.41634464 0.63528216
v 0.34205222 -0.40036958 0.63123983
v 0.33917582 -0.38433981 0.62718356
v 0.33628953 -0.36825508 0.62311339
v 0.33375275 -0.35237294 0.61918110
v 0.33191729 -0.33694917 0.61553586
v 0.33624324 -0.32593367 0.61448979
v 0.33802795 -0.31306335 0.61236429
v 0.33243173 -0.29479799 0.60710168
v -0.14252461 0.78474474 0.25622386
v -0.12350003 0.78583860 0.26125777
v -0.10482635 0.78716838 0.26614675
v -0.08626580 0.78853333 0.27099735
v -0.06618784 0.78853363 0.27654484
v -0.04469479 0.78724426 0.28274572
v -0.02329938 0.78596067 0.28891841
v 0.00280663 0.78051239 0.29723999
v 0.03368155 0.77080774 0.30774528
v 0.32540452 0.54950726 0.43337494
v 0.34377590 0.54972464 0.43840671
v 0.35636887 0.55497408 0.44081810
v 0.36370888 0.56484079 0.44083861
v 0.37418479 0.57192326 0.44229209
v 0.38334042 0.58016306 0.44314528
v 0.38085833 0.59879202 0.43866920
v 0.38031229 0.61574250 0.43506950
v 0.38403401 0.62890047 0.43342069
v 0.38776046 0.64207530 0.43176967
v 0.37755758 0.66788417 0.42369950
v 0.36728942 0.69385654 0.41557792
v 0.34713769 0.72894210 0.40287134
v -0.13747312 -0.86779594 0.60605478
v -0.11558539 -0.86720592 0.61195225
v -0.10564954 -0.85972399 0.61316901
v -0.10069828 -0.84934306 0.61242867
v -0.09634568 -0.83860272 0.61145103
v -0.09426110 -0.82651639 0.60957742
v -0.09137389 -0.81488335 0.60801619
v -0.08698910 -0.80412114 0.60704297
v -0.09022231 -0.78881305 0.60305536
v -0.08445009 -0.77884114 0.60262352
v -0.07867579 -0.76886564 0.60219157
v -0.07532135 -0.75742865 0.60079843
v -0.07281557 -0.74546325 0.59906507
v -0.07030617 -0.73348051 0.59732926
v -0.06779312 -0.72148049 0.59559089
v -0.06436470 -0.71002007 0.59421337
v -0.05781737 -0.70045650 0.59407729
v -0.04779969 -0.69302708 0.59532720
v -0.02537918 -0.69327253 0.60154021
v -0.00389266 -0.69300938 0.60739362
v 0.01306124 -0.68999249 0.61144352
v 0.05129009 -0.70030725 0.62404060
v 0.09075536 -0.71154016 0.63716346
v 0.11083961 -0.71073079 0.64252073
v 0.12255957 -0.70470190 0.64452207
v 0.13425964 -0.69868308 0.64652002
v 0.14593989 -0.69267458 0.64851457
v 0.15768997 -0.68673342 0.65054202
v 0.16811261 -0.67996514 0.65203708
v 0.17639889 -0.67184061 0.65267026
v 0.18468070 -0.66372043 0.65330315
v 0.19298464 -0.65562183 0.65394652
v 0.20173465 -0.64782053 0.65477264
v 0.21047850 -0.64002478 0.65559822
v 0.21996599 -0.63272524 0.65672863
v 0.23015498 -0.62589955 0.65814787
v 0.24095513 -0.61949319 0.65981996
v 0.25173989 -0.61309594 0.66148967
v 0.26250929 -0.60670787 0.66315699
v 0.27326331 -0.60032886 0.66482192
v 0.28165728 -0.59239101 0.66552258
v 0.28932860 -0.58397621 0.66592801
v 0.29699731 -0.57556438 0.66633332
v 0.30466330 -0.56715548 0.66673845
v 0.31232664 -0.55874950 0.66714346
v 0.31998590 -0.55034548 0.66754770
v 0.32597694 -0.54080659 0.66726369
v 0.32592785 -0.52712369 0.66448033
v 0.32587862 -0.51340806 0.66169035
v 0.32582930 -0.49965966 0.65889370
v 0.32588753 -0.48595291 0.65613502
v 0.32741526 -0.47323543 0.65398055
v 0.32846749 -0.46016082 0.65162313
v 0.32952183 -0.44705990 0.64926094
v 0.33057830 -0.43393260 0.64689398
v 0.33163691 -0.42077881 0.64452225
v 0.33033788 -0.40592888 0.64115906
v 0.32872346 -0.39081517 0.63765574
v 0.32645854 -0.37519643 0.63387144
v 0.46984938 -0.46367595 0.69120038
v 0.46031484 -0.44311458 0.68441713
v 0.32711929 -0.33343789 0.62559980
v 0.33144411 -0.32241821 0.62455797
v 0.33114824 -0.30803606 0.62156522
v 0.32553345 -0.28974852 0.61631972
v 0.32048488 -0.27181166 0.61130095
v -0.12979460 0.79073799 0.27242625
v -0.11094172 0.79192227 0.27736914
v -0.09236377 0.79327929 0.28220153
v -0.07169832 0.79278213 0.28798309
v -0.04484605 0.78688031 0.29655942
v -0.02346375 0.78559846 0.30269688
v 0.00174758 0.78091699 0.31057513
v 0.03139863 0.77227128 0.32047632
v 0.32740900 0.53042102 0.45144066
v 0.34217584 0.53429431 0.45408264
v 0.34951061 0.54415399 0.45410299
v 0.35788807 0.55309397 0.45459625
v 0.36996225 0.55875677 0.45676905
v 0.37791559 0.56804973 0.45707425
v 0.38618511 0.57705712 0.45752415
v 0.39488336 0.58567566 0.45817065
v 0.39222962 0.60446274 0.45363805
v 0.38956639 0.62331694 0.44908926
v 0.38073865 0.64779288 0.44170782
v 0.37076408 0.67340279 0.43378156
v 0.36072746 0.69917190 0.42580605
v -0.12592445 -0.88713795 0.62529755
v -0.11663760 -0.87928253 0.62625539
v -0.10671631 -0.87180585 0.62746304
v -0.09680510 -0.86433667 0.62866944
v -0.09764246 -0.85059971 0.62567377
v -0.09416272 -0.83936143 0.62436211
v -0.08980972 -0.82862276 0.62338984
v -0.08544719 -0.81782490 0.62233788
v -0.08956811 -0.80209166 0.61811256
v -0.09275302 -0.78681350 0.61416447
v -0.08698218 -0.77684277 0.61373466
v -0.08257969 -0.76604652 0.61276436
v -0.08416396 -0.75163513 0.60942864
v -0.08525439 -0.73748440 0.60628039
v -0.08275028 -0.72547817 0.60454720
v -0.08015833 -0.71350586 0.60284489
v -0.07360605 -0.70393395 0.60270911
v -0.06705303 -0.69436091 0.60257334
v -0.06049926 -0.68478680 0.60243756
v -0.05394476 -0.67521161 0.60230178
v -0.04296298 -0.66837972 0.60392934
v -0.02053479 -0.66868925 0.61012578
v 0.00974655 -0.67397398 0.61947203
v 0.04930140 -0.68517834 0.63254684
v 0.09086709 -0.69779718 0.64645648
v 0.10501473 -0.69326341 0.64941269
v 0.11675790 -0.68724000 0.65141129
v 0.12848113 -0.68122673 0.65340656
v 0.14019941 -0.67523313 0.65540433
v 0.15191545 -0.66926116 0.65740591
v 0.16157220 -0.66198826 0.65858227
v 0.17035529 -0.65416509 0.65940887
v 0.17913216 -0.64634752 0.66023487
v 0.18790285 -0.63853544 0.66106027
v 0.19666736 -0.63072890 0.66188514
v 0.20598738 -0.62329549 0.66293699
v 0.21590936 -0.61626977 0.66423577
v 0.22582032 -0.60925180 0.66553289
v 0.23572028 -0.60224169 0.66682869
v 0.24649701 -0.59582883 0.66848457
v 0.25728619 -0.58944350 0.67014939
v 0.26526868 -0.58120060 0.67067248
v 0.27296036 -0.57276869 0.67107791
v 0.28073037 -0.56439418 0.67151636
v 0.28869346 -0.55615532 0.67203498
v 0.29665297 -0.54792011 0.67255336
v 0.30460894 -0.53968859 0.67307150
v 0.30814809 -0.52844578 0.67177504
v 0.30807751 -0.51471311 0.66899002
v 0.30800679 -0.50094748 0.66619825
v 0.30887786 -0.48779926 0.66378844
v 0.31073272 -0.47530419 0.66177922
v 0.31236276 -0.46262908 0.65967226
v 0.31385514 -0.44984701 0.65758437
v 0.31499305 -0.43676302 0.65518218
v 0.31603694 -0.42359951 0.65281659
v 0.31708291 -0.41040939 0.65044612
v 0.31552741 -0.39535037 0.64698780
v 0.31388769 -0.38019043 0.64348614
v 0.48275954 -0.48648199 0.71107966
v 0.48127839 -0.47177580 0.70771277
v 0.47227603 -0.45163292 0.70119375
v 0.46281618 -0.43108276 0.69446772
v 0.32664275 -0.31890112 0.63463098
v 0.32649040 -0.30461964 0.63171297
v 0.32547569 -0.28967577 0.62842578
v 0.32445821 -0.27469033 0.62512934
v -0.11710159 0.79671389 0.28858158
v -0.09846605 0.79802865 0.29341358
v -0.07673983 0.79662764 0.29963788
v -0.05212119 0.79265505 0.30717117
v -0.02362792 0.78523672 0.31645808
v 0.00068954 0.78132117 0.32389745
v 0.33533302 0.52349746 0.46734807
v 0.34266245 0.53334993 0.46736833
v 0.35237747 0.54110551 0.46846336
v 0.36444464 0.54677308 0.47062230
v 0.37469605 0.55401909 0.47196668
v 0.38163647 0.56418651 0.47181717
v 0.38902315 0.57395852 0.47186935
v 0.39997372 0.58054560 0.47353768
v 0.40248400 0.59467691 0.47137821
v 0.39466435 0.61812615 0.46451682
v 0.38680217 0.64170301 0.45761812
v 0.36506721 0.67792797 0.44437790
v 0.35500941 0.70372015 0.43643254
v -0.11264941 -0.89422280 0.64246684
v -0.10643944 -0.88462573 0.64223367
v -0.09788313 -0.87638712 0.64291102
v -0.09013408 -0.86768603 0.64327610
v -0.09407856 -0.85215443 0.63909072
v -0.09198384 -0.84011883 0.63724911
v -0.08763400 -0.82939041 0.63628298
v -0.08830198 -0.81568533 0.63335514
v -0.09214634 -0.80006278 0.62917876
v -0.09528293 -0.78481460 0.62527001
v -0.08951346 -0.77484512 0.62484229
v -0.09063111 -0.76073933 0.62171179
v -0.09222783 -0.74630958 0.61838603
v -0.09382902 -0.73183942 0.61505091
v -0.09523127 -0.71745211 0.61178660
v -0.08942293 -0.70741755 0.61135638
v -0.08291332 -0.69780660 0.61120188
v -0.07658731 -0.68808132 0.61097455
v -0.07026007 -0.67835414 0.61074710
v -0.06393166 -0.66862518 0.61051971
v -0.05760202 -0.65889430 0.61029220
v -0.04985173 -0.65004498 0.61062789
v -0.02467861 -0.65208197 0.61788577
v 0.00822850 -0.65905058 0.62823611
v 0.04153160 -0.66638714 0.63876796
v 0.08707228 -0.68157232 0.65420228
v 0.09932681 -0.67583990 0.65638822
v 0.11112583 -0.66984290 0.65839708
v 0.12290464 -0.66385627 0.66040254
v 0.13466328 -0.65787983 0.66240460
v 0.14629634 -0.65184581 0.66436088
v 0.15613167 -0.64467430 0.66560012
v 0.16522962 -0.63703966 0.66654593
v 0.17402108 -0.62921679 0.66737062
v 0.18280630 -0.62139940 0.66819471
v 0.19195735 -0.61383110 0.66916823
v 0.20190538 -0.60679770 0.67046583
v 0.21184233 -0.59977216 0.67176193
v 0.22176825 -0.59275442 0.67305666
v 0.23168311 -0.58574450 0.67434990
v 0.24121739 -0.57849604 0.67549181
v 0.24924956 -0.57025635 0.67602640
v 0.25724015 -0.56199503 0.67654532
v 0.26522714 -0.55373734 0.67706400
v 0.27321056 -0.54548335 0.67758238
v 0.28119045 -0.53723305 0.67810065
v 0.28916675 -0.52898645 0.67861861
v 0.29022792 -0.51602173 0.67630959
v 0.29013568 -0.50223887 0.67352283
v 0.29182670 -0.48965004 0.67146051
v 0.29366916 -0.47714132 0.66945541
v 0.29558367 -0.46484369 0.66743892
v 0.29709125 -0.45186985 0.66532296
v 0.29867437 -0.43910801 0.66319656
v 0.30026039 -0.42632294 0.66106635
v 0.30143818 -0.41322565 0.65876251
v 0.30231735 -0.39989030 0.65632975
v 0.30065712 -0.38472912 0.65284014
v 0.47119161 -0.49179447 0.72069561
v 0.48435748 -0.48754066 0.72342575
v 0.48503110 -0.47438735 0.72097349
v 0.48272890 -0.45906943 0.71727777
v 0.47372767 -0.43888387 0.71078390
v 0.32489091 -0.31758735 0.64598095
v 0.32888499 -0.30631632 0.64480931
v 0.32943171 -0.29252315 0.64219433
v 0.32842106 -0.27756143 0.63892144
v 0.31074229 -0.25034940 0.62865847
v -0.10394466 0.80224377 0.30491212
v -0.08178313 0.80047446 0.31129685
v -0.05972635 0.79871345 0.31765142
v -0.03127227 0.79134113 0.32687098
v -0.00224225 0.78335088 0.33637112
v 0.32850033 0.51271647 0.48059398
v 0.33582440 0.52256173 0.48061413
v 0.34687769 0.52914053 0.48230356
v 0.35893777 0.53481275 0.48444855
v 0.37097734 0.54047525 0.48658991
v 0.37841606 0.55017984 0.48666948
v 0.38534755 0.56033355 0.48652104
v 0.39227980 0.57048839 0.48637259
v 0.40279046 0.57744855 0.48783791
v 0.40354010 0.59313816 0.48489821
v 0.39819995 0.61434215 0.47919646
v 0.39035758 0.63787806 0.47234660
v 0.36679778 0.67572993 0.45835152
v 0.34928733 0.70827162 0.44706649
v -0.10566447 -0.91082329 0.65976363
v -0.09951533 -0.90122962 0.65951586
v -0.09336491 -0.89163399 0.65926796
v -0.08721317 -0.88203633 0.65902007
v -0.08658929 -0.86921650 0.65663338
v -0.09052290 -0.85370559 0.65247655
v -0.08980901 -0.84087473 0.65011209
v -0.08741861 -0.82900453 0.64839292
v -0.09115554 -0.81349272 0.64428914
v -0.09490555 -0.79792666 0.64017099
v -0.09781204 -0.78281629 0.63637203
v -0.09708993 -0.76983178 0.63397914
v -0.09867779 -0.75543416 0.63067925
v -0.10003145 -0.74114013 0.62746334
v -0.10138879 -0.72680712 0.62423873
v -0.10143772 -0.71323109 0.62151921
v -0.10050734 -0.70022041 0.61917746
v -0.09537088 -0.68975329 0.61848140
v -0.08903671 -0.68001288 0.61825442
v -0.08270133 -0.67027056 0.61802739
v -0.07636475 -0.66052645 0.61780030
v -0.07002696 -0.65078044 0.61757314
v -0.05941613 -0.64369136 0.61903238
v -0.04809500 -0.63706285 0.62077570
v -0.02611947 -0.63713413 0.62673885
v 0.00670798 -0.64410269 0.63701451
v 0.03813219 -0.65030366 0.64675730
v 0.07983310 -0.66313082 0.66060299
v 0.09300029 -0.65796763 0.66313821
v 0.10544841 -0.65237474 0.66539305
v 0.11732904 -0.64644438 0.66742700
v 0.12911034 -0.64047378 0.66942608
v 0.14026953 -0.63412499 0.67118132
v 0.15012383 -0.62695140 0.67241889
v 0.15996769 -0.61978549 0.67365521
v 0.16889508 -0.61203611 0.67452711
v 0.17787567 -0.60433179 0.67542243
v 0.18784985 -0.59729081 0.67671895
v 0.19781291 -0.59025764 0.67801392
v 0.20734890 -0.58295703 0.67914009
v 0.21665324 -0.57551581 0.68017542
v 0.22535309 -0.56768382 0.68096924
v 0.23344620 -0.55945539 0.68151987
v 0.24153547 -0.55123085 0.68207014
v 0.24962087 -0.54301023 0.68262017
v 0.25766179 -0.53476602 0.68315345
v 0.26566210 -0.52650058 0.68367153
v 0.27232960 -0.51733387 0.68364912
v 0.27290714 -0.50400615 0.68114871
v 0.27473393 -0.49150535 0.67915130
v 0.27656394 -0.47898301 0.67715043
v 0.27839708 -0.46643904 0.67514610
v 0.28018609 -0.45384064 0.67311901
v 0.28175569 -0.44106552 0.67099726
v 0.28332815 -0.42826706 0.66887164
v 0.28490347 -0.41544521 0.66674215
v 0.28648168 -0.40259996 0.66460872
v 0.28741252 -0.38927260 0.66220397
v 0.29128376 -0.37799710 0.66100425
v 0.48527926 -0.50170946 0.73818105
v 0.48595253 -0.48859736 0.73574954
v 0.48662722 -0.47545704 0.73331279
v 0.48730344 -0.46228844 0.73087072
v 0.48152888 -0.44444576 0.72575068
v 0.46767661 -0.42070484 0.71726823
v 0.32760292 -0.30534744 0.65635389
v 0.33122364 -0.29379615 0.65503132
v 0.33237347 -0.28042495 0.65267718
v 0.31771672 -0.25544551 0.64373004
v -0.08682826 0.80432272 0.32296005
v -0.06475559 0.80255228 0.32928815
v -0.03915333 0.79764968 0.33719614
v 0.30264524 0.51845527 0.48537821
v 0.32931504 0.51151228 0.49398190
v 0.34138861 0.51719880 0.49611670
v 0.35344163 0.52287561 0.49824786
v 0.36547416 0.52854282 0.50037539
v 0.37520456 0.53621185 0.50148076
v 0.38212624 0.54635066 0.50133336
v 0.38904873 0.55649072 0.50118595
v 0.39597207 0.56663197 0.50103861
v 0.40560058 0.57435870 0.50210482
v 0.40354422 0.59254318 0.49792320
v 0.39907143 0.61295503 0.49264339
v 0.39390379 0.63406301 0.48703679
v 0.37526149 0.66743946 0.47533685
v 0.34479809 0.71170324 0.45826656
v -0.09544277 -0.91612619 0.67562324
v -0.08955912 -0.90640908 0.67528069
v -0.08342122 -0.89683527 0.67503506
v -0.07905362 -0.88623124 0.67410833
v -0.08400538 -0.87018847 0.66959327
v -0.08697548 -0.85525316 0.66583145
v -0.08763822 -0.84162921 0.66295111
v -0.09026700 -0.82681459 0.65930516
v -0.09400852 -0.81130058 0.65522087
v -0.09855819 -0.79526049 0.65081459
v -0.10263740 -0.77945042 0.64658058
v -0.10447202 -0.76493400 0.64320767
v -0.10583252 -0.75066364 0.64001125
v -0.10719671 -0.73635441 0.63680607
v -0.10782018 -0.72245628 0.63388193
v -0.10689670 -0.70946324 0.63155395
v -0.10597140 -0.69644457 0.62922132
v -0.10504428 -0.68340033 0.62688410
v -0.10152293 -0.67192054 0.62555581
v -0.09517938 -0.66216308 0.62532914
v -0.08883461 -0.65240377 0.62510240
v -0.08035592 -0.64396530 0.62571234
v -0.06899976 -0.63732505 0.62745380
v -0.05766023 -0.63069451 0.62919265
v -0.04633733 -0.62407368 0.63092905
v -0.02333362 -0.62482363 0.63727295
v 0.00518494 -0.62913030 0.64580733
v 0.03664943 -0.63540339 0.65552515
v 0.07214288 -0.64435261 0.66685867
v 0.08646138 -0.63991421 0.66983455
v 0.09893671 -0.63432938 0.67208678
v 0.11138795 -0.62875533 0.67433465
v 0.12354048 -0.62301475 0.67646897
v 0.13422336 -0.61634719 0.67802364
v 0.14409670 -0.60917157 0.67925960
v 0.15395956 -0.60200363 0.68049425
v 0.16374199 -0.59479743 0.68169969
v 0.17316641 -0.58737028 0.68276489
v 0.18251383 -0.57990479 0.68380171
v 0.19185290 -0.57244605 0.68483758
v 0.20118363 -0.56499398 0.68587261
v 0.20941979 -0.55682456 0.68647057
v 0.21753429 -0.54858083 0.68702096
v 0.22564492 -0.54034096 0.68757117
v 0.23375170 -0.53210509 0.68812114
v 0.24185462 -0.52387309 0.68867081
v 0.24983263 -0.51556289 0.68917131
v 0.25529307 -0.50554460 0.68865508
v 0.25759947 -0.49336523 0.68686086
v 0.25941691 -0.48082915 0.68486416
v 0.26123750 -0.46827146 0.68286407
v 0.26306123 -0.45569205 0.68086058
v 0.26479691 -0.44302768 0.67881644
v 0.26635572 -0.43021581 0.67669541
v 0.26791739 -0.41738051 0.67457050
v 0.26948196 -0.40452176 0.67244178
v 0.27233407 -0.39254215 0.67083418
v 0.27560756 -0.38084036 0.66939503
v 0.47249177 -0.50612408 0.74726391
v 0.48687029 -0.50275129 0.75046724
v 0.48783201 -0.48985690 0.74816912
v 0.48939872 -0.47736734 0.74611419
v 0.49044105 -0.46447659 0.74383843
v 0.48711923 -0.44841594 0.73975873
v 0.47489098 -0.42587069 0.73199445
v 0.32632184 -0.30437931 0.66788954
v 0.32994044 -0.29283193 0.66657400
v 0.33356309 -0.28127155 0.66525704
v 0.32466540 -0.26052281 0.65874594
v -0.06978663 0.80639255 0.34092909
v -0.04704474 0.80396640 0.34753487
v 0.32323265 0.50011903 0.50751239
v 0.33487278 0.50618279 0.50944459
v 0.34649491 0.51223719 0.51137394
v 0.35809907 0.51828218 0.51330018
v 0.36982071 0.52419883 0.51528358
v 0.37830696 0.53294140 0.51583523
v 0.38582662 0.54253167 0.51595849
v 0.39274016 0.55265808 0.51581210
v 0.39965457 0.56278569 0.51566577
v 0.40799946 0.57163757 0.51615769
v 0.40354842 0.59194893 0.51093090
v 0.39907855 0.61234593 0.50568205
v 0.39458987 0.63282931 0.50041103
v 0.37469089 0.66732699 0.48821059
v -0.08485477 -0.92164189 0.69156867
v -0.07964677 -0.91156584 0.69097608
v -0.07352135 -0.90201360 0.69073260
v -0.07674124 -0.88703465 0.68691474
v -0.08192230 -0.87086982 0.68233752
v -0.08471477 -0.85604960 0.67866540
v -0.09099103 -0.83914280 0.67364836
v -0.09579732 -0.82304478 0.66918468
v -0.10062210 -0.80688488 0.66470385
v -0.10504719 -0.79091090 0.66036671
v -0.10821451 -0.77563655 0.65650469
v -0.11139228 -0.76031178 0.65262991
v -0.11299586 -0.74588728 0.64935446
v -0.11419418 -0.73166925 0.64622831
v -0.11327758 -0.71869385 0.64391398
v -0.11235917 -0.70569295 0.64159507
v -0.11143897 -0.69266647 0.63927162
v -0.11051694 -0.67961425 0.63694358
v -0.10959309 -0.66653627 0.63461089
v -0.10769437 -0.65403157 0.63265252
v -0.10136871 -0.64424014 0.63241553
v -0.08997732 -0.63758814 0.63415509
v -0.07860266 -0.63094586 0.63589209
v -0.06724470 -0.62431329 0.63762659
v -0.05590339 -0.61769050 0.63935846
v -0.04457869 -0.61107743 0.64108783
v -0.02054720 -0.61251068 0.64780909
v 0.00397952 -0.61433619 0.65474039
v 0.03516425 -0.62047881 0.66430724
v 0.06536777 -0.62610674 0.67350966
v 0.07965052 -0.62163979 0.67645496
v 0.09197392 -0.61594725 0.67863351
v 0.10427421 -0.61026543 0.68080801
v 0.11655149 -0.60459417 0.68297839
v 0.12692001 -0.59770751 0.68439764
v 0.13654569 -0.59035295 0.68552560
v 0.14616197 -0.58300549 0.68665236
v 0.15613568 -0.57590622 0.68792385
v 0.16622442 -0.56889784 0.68924415
v 0.17620413 -0.56189233 0.69057161
v 0.18527716 -0.55418098 0.69144523
v 0.19334279 -0.54586846 0.69196618
v 0.20130891 -0.53749555 0.69244850
v 0.20927168 -0.52912611 0.69293076
v 0.21723114 -0.52076018 0.69341266
v 0.22518726 -0.51239777 0.69389439
v 0.23156847 -0.50297254 0.69374454
v 0.23541316 -0.49181849 0.69257396
v 0.23926178 -0.48065314 0.69140226
v 0.24311431 -0.46947646 0.69022942
v 0.24584696 -0.45751512 0.68860167
v 0.24766114 -0.44490004 0.68659890
v 0.24934299 -0.43216917 0.68453777
v 0.25089094 -0.41932040 0.68241757
v 0.25386894 -0.40744403 0.68087232
v 0.25713184 -0.39574856 0.67943913
v 0.26039875 -0.38403857 0.67800409
v 0.45639786 -0.50822121 0.75501585
v 0.48380515 -0.51403368 0.76350552
v 0.49016541 -0.50500345 0.76342797
v 0.49173081 -0.49255553 0.76139146
v 0.49329901 -0.48008490 0.75935131
v 0.49154148 -0.46520311 0.75594437
v 0.48822436 -0.44915682 0.75188982
v 0.48276252 -0.43151152 0.74694526
v 0.46139443 -0.40227324 0.73545194
v 0.32790765 -0.29132238 0.67779893
v 0.33363569 -0.28130260 0.67735678
v 0.33434132 -0.26759809 0.67484206
v 0.32422864 0.49877226 0.52093488
v 0.33585835 0.50483203 0.52285516
v 0.34747005 0.51088244 0.52477241
v 0.35918078 0.51682103 0.52673829
v 0.37086004 0.52276158 0.52869534
v 0.37861562 0.53213459 0.52892399
v 0.38665929 0.54124987 0.52928072
v 0.39470068 0.55036253 0.52963728
v 0.40273970 0.55947262 0.52999377
v 0.40805736 0.57100821 0.52914256
v 0.40221709 0.59255207 0.52332747
v 0.39634925 0.61419761 0.51748496
v 0.39045370 0.63594544 0.51161480
v 0.36033821 0.67968518 0.49491686
v -0.07942513 -0.93722779 0.70806015
v -0.07431564 -0.92713213 0.70744056
v -0.06920339 -0.91703093 0.70682061
v -0.06776611 -0.90479743 0.70480263
v -0.07443326 -0.88783646 0.69969678
v -0.07984303 -0.87154984 0.69505841
v -0.08374543 -0.85609174 0.69098443
v -0.09497278 -0.83628720 0.68410510
v -0.10268039 -0.81847757 0.67855537
v -0.10745070 -0.80234146 0.67411691
v -0.11061783 -0.78710592 0.67028260
v -0.11379542 -0.77182013 0.66643560
v -0.11698352 -0.75648373 0.66257590
v -0.12016781 -0.74110514 0.65870887
v -0.11964999 -0.72791219 0.65625757
v -0.11869144 -0.71495748 0.65397048
v -0.11748207 -0.70212847 0.65177488
v -0.11627045 -0.68927538 0.64957517
v -0.11505656 -0.67639828 0.64737135
v -0.11384039 -0.66349691 0.64516342
v -0.11262193 -0.65057141 0.64295137
v -0.10401727 -0.64215720 0.64357013
v -0.09311476 -0.63523233 0.64513999
v -0.08222216 -0.62829113 0.64668077
v -0.07134381 -0.62135899 0.64821965
v -0.06047968 -0.61443591 0.64975643
v -0.04962974 -0.60752195 0.65129125
v -0.04441170 -0.59667623 0.65054077
v -0.02755194 -0.59398735 0.65451914
v -0.00743994 -0.59302157 0.65969002
v 0.01454574 -0.59331310 0.66560704
v 0.04076985 -0.59639055 0.67320043
v 0.06641577 -0.59918559 0.68058437
v 0.08304831 -0.59624934 0.68444109
v 0.09603296 -0.59099543 0.68687063
v 0.10816147 -0.58521360 0.68896848
v 0.11863569 -0.57837713 0.69041836
v 0.12834685 -0.57105815 0.69157016
v 0.13823131 -0.56386673 0.69279319
v 0.14835535 -0.55684787 0.69411397
v 0.15834278 -0.54975426 0.69538373
v 0.16739768 -0.54205638 0.69628620
v 0.17588376 -0.53399003 0.69696480
v 0.18436484 -0.52592844 0.69764298
v 0.19243561 -0.51759952 0.69815946
v 0.20041706 -0.50921655 0.69864142
v 0.20773129 -0.50038826 0.69885814
v 0.21157300 -0.48920643 0.69768745
v 0.21541861 -0.47801325 0.69651556
v 0.21926814 -0.46680865 0.69534248
v 0.22312158 -0.45559257 0.69416815
v 0.22697897 -0.44436514 0.69299269
v 0.23140272 -0.43351462 0.69204217
v 0.22710757 -0.41661066 0.68757969
v 0.22019310 -0.39783126 0.68205106
v 0.21324551 -0.37896186 0.67649591
v 0.21518476 -0.36624855 0.67451757
v 0.22603333 -0.35977215 0.67613786
v 0.47142863 -0.51871634 0.77273774
v 0.47850209 -0.51018512 0.77294862
v 0.48557413 -0.50165546 0.77315938
v 0.49264491 -0.49312750 0.77337021
v 0.49591711 -0.48174599 0.77211738
v 0.49196658 -0.46544510 0.76775628
v 0.48794380 -0.44890004 0.76343685
v 0.48426691 -0.43255207 0.75924832
v 0.46845478 -0.40735403 0.75008839
v 0.32728809 -0.29084101 0.68959618
v 0.33213842 -0.28018764 0.68879801
v 0.33262905 -0.26633054 0.68620908
v 0.33312079 -0.25244239 0.68361437
v 0.32522294 0.49742773 0.53433508
v 0.33684224 0.50348353 0.53624338
v 0.34854198 0.50944406 0.53819174
v 0.36087108 0.51482797 0.54042113
v 0.37131989 0.52183425 0.54183096
v 0.37902352 0.53124112 0.54203790
v 0.38696176 0.54043788 0.54234862
v 0.39499733 0.54954416 0.54270309
v 0.40303060 0.55864781 0.54305744
v 0.40453050 0.57358050 0.54052639
v 0.39791131 0.59582031 0.53439730
v 0.39203268 0.61747593 0.52858025
v 0.38612625 0.63923389 0.52273560
v 0.34593105 0.69209033 0.50164860
v -0.06972583 -0.94221038 0.72355175
v -0.06460555 -0.93214899 0.72294492
v -0.05951232 -0.92206502 0.72232652
v -0.06484741 -0.90594226 0.71776414
v -0.07212967 -0.88863683 0.71245456
v -0.07776757 -0.87222868 0.70775616
v -0.08743436 -0.85340995 0.70151889
v -0.09852569 -0.83368325 0.69472665
v -0.10869794 -0.81441987 0.68826854
v -0.11285537 -0.79863971 0.68408525
v -0.11584035 -0.78350735 0.68033934
v -0.11883500 -0.76832592 0.67658132
v -0.12183936 -0.75309521 0.67281103
v -0.12253669 -0.73920566 0.66991431
v -0.12074506 -0.72678220 0.66796374
v -0.11946743 -0.71402532 0.66581178
v -0.11825935 -0.70120126 0.66362828
v -0.11704899 -0.68835312 0.66144067
v -0.11583637 -0.67548090 0.65924895
v -0.11462148 -0.66258454 0.65705317
v -0.10931866 -0.65218031 0.65642780
v -0.09625041 -0.64656895 0.65879709
v -0.08323861 -0.64095038 0.66114998
v -0.07237650 -0.63402075 0.66267699
v -0.06152858 -0.62710011 0.66420197
v -0.05069480 -0.62018859 0.66572493
v -0.04867419 -0.60774714 0.66383165
v -0.05182525 -0.59201616 0.65992481
v -0.04989499 -0.57946104 0.65798521
v -0.04004160 -0.57192481 0.65912640
v -0.02786402 -0.56588644 0.66117620
v -0.00894373 -0.56419402 0.66586220
v 0.01463489 -0.56555355 0.67237920
v 0.04146659 -0.56909037 0.68018383
v 0.06698771 -0.57187057 0.68749326
v 0.08327763 -0.56873536 0.69120020
v 0.09731378 -0.56417346 0.69403106
v 0.10994153 -0.55872297 0.69631493
v 0.12022772 -0.55176079 0.69768286
v 0.13016535 -0.54458493 0.69891667
v 0.14009231 -0.53741676 0.70014912
v 0.14881623 -0.52946419 0.70090950
v 0.15732989 -0.52138060 0.70158857
v 0.16541027 -0.51301521 0.70209765
v 0.17297243 -0.50430804 0.70240265
v 0.18170908 -0.49639589 0.70317423
v 0.19011858 -0.48827177 0.70381778
v 0.19465493 -0.47752732 0.70292270
v 0.19919477 -0.46677449 0.70202702
v 0.20373820 -0.45601326 0.70113057
v 0.20828515 -0.44524360 0.70023346
v 0.21283565 -0.43446565 0.69933563
v 0.20830232 -0.41740361 0.69480240
v 0.20133255 -0.39859822 0.68928289
v 0.19633390 -0.38109657 0.68454045
v 0.19909063 -0.36894953 0.68289971
v 0.20537293 -0.35925153 0.68267196
v 0.45904088 -0.52340317 0.78197831
v 0.46621716 -0.51493710 0.78222805
v 0.47429752 -0.50711387 0.78284305
v 0.48237339 -0.49929494 0.78345764
v 0.48916045 -0.49056509 0.78355277
v 0.49097666 -0.47828186 0.78163600
v 0.49028087 -0.46417254 0.77869678
v 0.48640797 -0.44773942 0.77446145
v 0.48303360 -0.43161446 0.77041852
v 0.47436589 -0.41160169 0.76421303
v 0.33042929 -0.27891800 0.70014447
v 0.33091784 -0.26506379 0.69756901
v 0.33140755 -0.25117853 0.69498789
v 0.31458873 0.49002424 0.54581368
v 0.32621562 0.49608544 0.54771304
v 0.33790427 0.50206786 0.54964405
v 0.35024238 0.50745821 0.55186296
v 0.36255819 0.51283878 0.55407780
v 0.37177902 0.52090830 0.55494702
v 0.37947696 0.53030831 0.55515277
v 0.38726380 0.53962702 0.55539799
v 0.39529359 0.54872686 0.55575025
v 0.40332106 0.55782419 0.55610245
v 0.40159783 0.57562244 0.55217063
v 0.39361385 0.59909445 0.54543096
v 0.38771513 0.62075502 0.53967792
v 0.37982753 0.64429969 0.53298968
v 0.33146897 0.70454276 0.50840598
v -0.06579643 -0.95685160 0.73934567
v -0.06030488 -0.94703615 0.73888767
v -0.05502582 -0.93709344 0.73834896
v -0.05496809 -0.92413521 0.73584741
v -0.06157191 -0.90729469 0.73083484
v -0.06897485 -0.88993251 0.72551030
v -0.07922923 -0.87084693 0.71909881
v -0.09112356 -0.85072803 0.71205419
v -0.10207871 -0.83107919 0.70534849
v -0.11043935 -0.81288189 0.69960904
v -0.11736174 -0.79546905 0.69440132
v -0.12035450 -0.78032893 0.69067144
v -0.12335698 -0.76513982 0.68692952
v -0.12577996 -0.75025392 0.68339926
v -0.12399313 -0.73785424 0.68146229
v -0.12220331 -0.72543383 0.67952198
v -0.12041050 -0.71299261 0.67757851
v -0.11903591 -0.70027488 0.67547101
v -0.11782683 -0.68743169 0.67329550
v -0.11661548 -0.67456442 0.67111588
v -0.11459810 -0.66216630 0.66924000
v -0.10153561 -0.65654963 0.67159432
v -0.08849949 -0.65094429 0.67394388
v -0.07548966 -0.64535028 0.67628878
v -0.06257422 -0.63972503 0.67860270
v -0.05175656 -0.63281602 0.68011397
v -0.05145632 -0.61932749 0.67757338
v -0.05588107 -0.60283440 0.67320305
v -0.05918552 -0.58699745 0.66925561
v -0.05726013 -0.57443011 0.66732264
v -0.05533154 -0.56184196 0.66538644
v -0.04750136 -0.55300015 0.66573435
v -0.03529526 -0.54696745 0.66778207
v -0.02311055 -0.54094535 0.66982615
v -0.01045345 -0.53525251 0.67205876
v 0.01472435 -0.53769910 0.67917460
v 0.03814516 -0.53908795 0.68562156
v 0.05857077 -0.53859913 0.69091386
v 0.07710219 -0.53693306 0.69547790
v 0.09001548 -0.53162897 0.69785362
v 0.10158945 -0.52546996 0.69971001
v 0.11267848 -0.51901221 0.70138055
v 0.12365106 -0.51249713 0.70300925
v 0.13125089 -0.50375307 0.70331544
v 0.14059700 -0.49618104 0.70430982
v 0.15109931 -0.48939732 0.70576221
v 0.16158830 -0.48262212 0.70721275
v 0.17206405 -0.47585553 0.70866156
v 0.18057598 -0.46777385 0.70933694
v 0.18511869 -0.45699739 0.70844203
v 0.18966495 -0.44621256 0.70754647
v 0.19421479 -0.43541932 0.70665020
v 0.18944122 -0.41819894 0.70204663
v 0.18379095 -0.40031707 0.69708329
v 0.17946021 -0.38328925 0.69263387
v 0.18296428 -0.37165588 0.69129866
v 0.18925129 -0.36194843 0.69107145
v 0.44715637 -0.52845460 0.79143292
v 0.45701280 -0.52186573 0.79275292
v 0.46509472 -0.51404148 0.79336488
v 0.47317213 -0.50622165 0.79397655
v 0.47989118 -0.49744466 0.79404396
v 0.48235202 -0.48563397 0.79239917
v 0.48400670 -0.47322661 0.79042578
v 0.48481888 -0.46019027 0.78810805
v 0.48442638 -0.44625792 0.78529853
v 0.48103529 -0.43012416 0.78127056
v 0.47517067 -0.41214710 0.77623230
v 0.45655027 -0.38482699 0.76601499
v 0.34524858 -0.28971544 0.71818650
v 0.35179630 -0.28034616 0.71809369
v 0.34876534 -0.26393425 0.71410680
v 0.33293602 -0.23803198 0.70490098
v 0.31559017 0.48868817 0.55918139
v 0.32726771 0.49469247 0.56109518
v 0.33961481 0.50008917 0.56330353
v 0.35193956 0.50547612 0.56550795
v 0.36424202 0.51085329 0.56770831
v 0.37223750 0.51998371 0.56804383
v 0.37992972 0.52937686 0.56824827
v 0.38762060 0.53876841 0.56845266
v 0.39558941 0.54791075 0.56877881
v 0.40361112 0.55700171 0.56912893
v 0.39866590 0.57766372 0.56381160
v 0.39067149 0.60112792 0.55714583
v 0.38339666 0.62403488 0.55077815
v 0.36585075 0.65628672 0.53988636
v -0.05640569 -0.96163517 0.75461245
v -0.05092389 -0.95184141 0.75415850
v -0.04548726 -0.94201654 0.75368673
v -0.05179929 -0.92541409 0.74882311
v -0.05830369 -0.90864414 0.74387658
v -0.06687187 -0.89061838 0.73814601
v -0.08065512 -0.86948639 0.73044705
v -0.09481305 -0.84804583 0.72259021
v -0.10531008 -0.82866406 0.71609157
v -0.11152874 -0.81172866 0.71118808
v -0.11913886 -0.79391289 0.70574939
v -0.12487019 -0.77714956 0.70100707
v -0.12788047 -0.76195270 0.69728118
v -0.12723358 -0.74890023 0.69492912
v -0.12544858 -0.73650360 0.69300240
v -0.12366059 -0.72408634 0.69107252
v -0.12186960 -0.71164817 0.68913937
v -0.12007561 -0.69918919 0.68720299
v -0.11860397 -0.68651110 0.68513966
v -0.11739390 -0.67364872 0.68297213
v -0.10681184 -0.66651338 0.68436986
v -0.09378145 -0.66090274 0.68670458
v -0.08077730 -0.65530342 0.68903458
v -0.06778889 -0.64972186 0.69136399
v -0.05472098 -0.64421731 0.69372898
v -0.05423142 -0.63087851 0.69128042
v -0.05865577 -0.61442798 0.68694133
v -0.06309680 -0.59791559 0.68258595
v -0.06655516 -0.58197230 0.67859834
v -0.06463467 -0.56939280 0.67667192
v -0.06271097 -0.55679238 0.67474216
v -0.08037068 -0.53165990 0.66525334
v 0.03679437 -0.49637067 0.68917531
v 0.05722658 -0.49593866 0.69445240
v 0.08615359 -0.50119394 0.70305723
v 0.09728011 -0.49472702 0.70472699
v 0.10839047 -0.48826954 0.70639437
v 0.11946188 -0.48180613 0.70805037
v 0.13051139 -0.47534809 0.70970166
v 0.14135146 -0.46876892 0.71127462
v 0.15187022 -0.46199155 0.71272492
v 0.16237569 -0.45522285 0.71417350
v 0.17099077 -0.44718435 0.71488070
v 0.17553987 -0.43637580 0.71398604
v 0.17126805 -0.41950694 0.70960617
v 0.16691659 -0.40252975 0.70518452
v 0.16254832 -0.38548690 0.70074570
v 0.16680561 -0.37436771 0.69971442
v 0.17309733 -0.36465082 0.69948786
v 0.17939028 -0.35493198 0.69926119
v 0.43884015 -0.52250999 0.79970777
v 0.45346728 -0.51926184 0.80291784
v 0.46397319 -0.51314664 0.80449277
v 0.47062397 -0.50432265 0.80453289
v 0.47307765 -0.49251842 0.80289602
v 0.47553498 -0.48069662 0.80125678
v 0.47702754 -0.46816459 0.79922712
v 0.47784492 -0.45512295 0.79692197
v 0.47866532 -0.44205487 0.79461235
v 0.47668931 -0.42693755 0.79117328
v 0.46722409 -0.40634724 0.78471190
v 0.45812654 -0.38594407 0.77838308
v 0.37024486 -0.30794305 0.74025625
v 0.36576730 -0.29056826 0.73572463
v 0.35146210 -0.26591232 0.72720796
v 0.33318427 -0.23821948 0.71706218
v 0.31663224 0.48731777 0.57254505
v 0.32898828 0.49272090 0.57474297
v 0.34132203 0.49811426 0.57693690
v 0.35363343 0.50349784 0.57912683
v 0.36500752 0.50967264 0.58091801
v 0.37269530 0.51906049 0.58112127
v 0.38038176 0.52844679 0.58132446
v 0.38806698 0.53783149 0.58152759
v 0.39588481 0.54709584 0.58178890
v 0.40369257 0.55636561 0.58204645
v 0.39573479 0.57970452 0.57544953
v 0.38773343 0.60317111 0.56881648
v 0.37968817 0.62676644 0.56214702
v 0.34263107 0.67660314 0.54279613
v -0.05020903 -0.97748148 0.77112138
v -0.04516180 -0.96747750 0.77051604
v -0.03971677 -0.95769411 0.77005690
v -0.03572224 -0.94707221 0.76905805
v -0.04640777 -0.92797554 0.76259929
v -0.05504271 -0.90999049 0.75688934
v -0.06828611 -0.88926238 0.74944955
v -0.08190962 -0.86822611 0.74185133
v -0.09745861 -0.84597450 0.73351699
v -0.10639872 -0.82750750 0.72763479
v -0.11261727 -0.81057620 0.72275794
v -0.12008399 -0.79284942 0.71740252
v -0.12834018 -0.77459109 0.71173894
v -0.13046646 -0.75992042 0.70836461
v -0.12868625 -0.74754751 0.70645130
v -0.12690306 -0.73515391 0.70453489
v -0.12511688 -0.72273970 0.70261526
v -0.12332772 -0.71030462 0.70069242
v -0.12153555 -0.69784874 0.69876629
v -0.11961214 -0.68545008 0.69688547
v -0.11198755 -0.67651623 0.69715846
v -0.09884600 -0.67097229 0.69952267
v -0.08573140 -0.66543972 0.70188206
v -0.07264367 -0.65991849 0.70423663
v -0.05958274 -0.65440857 0.70658636
v -0.05454996 -0.64392614 0.70588529
v -0.05521616 -0.62987262 0.70301056
v -0.06586405 -0.60952252 0.69632077
v -0.07032137 -0.59299070 0.69198042
v -0.07393420 -0.57694083 0.68795300
v -0.07201861 -0.56434906 0.68603307
v -0.09546853 -0.53558868 0.67438591
v 0.08522448 -0.47258064 0.70943415
v 0.09637277 -0.46612230 0.71110243
v 0.10748651 -0.45966110 0.71276116
v 0.11857361 -0.45320213 0.71441340
v 0.12964469 -0.44675252 0.71606320
v 0.14069980 -0.44031212 0.71771067
v 0.15173900 -0.43388107 0.71935576
v 0.14143784 -0.41288546 0.71263236
v 0.13442883 -0.39406538 0.70718628
v 0.13830334 -0.38266897 0.70600724
v 0.15254870 -0.37842086 0.70890862
v 0.16801496 -0.37505457 0.71229804
v 0.17315724 -0.36454961 0.71162122
v 0.17830256 -0.35403842 0.71094400
v 0.43050894 -0.51655465 0.80799735
v 0.44516140 -0.51331222 0.81119829
v 0.46011841 -0.51032424 0.81452751
v 0.46328938 -0.49903619 0.81318575
v 0.46584180 -0.48729217 0.81159484
v 0.46839797 -0.47553113 0.81000167
v 0.47045523 -0.46339351 0.80820596
v 0.47155786 -0.45054847 0.80602515
v 0.47194219 -0.43715903 0.80355221
v 0.47108209 -0.42283955 0.80057585
v 0.46480560 -0.40455556 0.79542392
v 0.45392340 -0.38285622 0.78841364
v 0.36923477 -0.29309550 0.74906129
v 0.35344401 -0.26736492 0.73999530
v 0.33418852 -0.23896468 0.72951198
v 0.30282933 0.48267159 0.58264261
v 0.31818551 0.48550665 0.58610547
v 0.33036146 0.49105138 0.58821750
v 0.34251606 0.49658644 0.59032589
v 0.35464951 0.50211179 0.59243059
v 0.36512816 0.50905710 0.59383059
v 0.37315241 0.51813865 0.59417939
v 0.38083318 0.52751809 0.59438133
v 0.38851270 0.53689593 0.59458327
v 0.39619088 0.54627222 0.59478521
v 0.40076914 0.55840349 0.59364867
v 0.39280444 0.58174479 0.58708423
v 0.38469490 0.60530442 0.58044004
v 0.37514606 0.63024694 0.57315457
v -0.03819266 -0.98373425 0.78724325
v -0.03315509 -0.97375751 0.78664380
v -0.02811479 -0.96377534 0.78604406
v -0.02467025 -0.95286953 0.78485340
v -0.03712054 -0.93278486 0.77778190
v -0.04704389 -0.91408020 0.77163017
v -0.06969940 -0.88790727 0.76074547
v -0.08326729 -0.86690599 0.75320864
v -0.09722211 -0.84559011 0.74551117
v -0.10734066 -0.82643747 0.73922324
v -0.11370494 -0.80942476 0.73431879
v -0.12102833 -0.79178679 0.72904599
v -0.12895697 -0.77372730 0.72353536
v -0.12879410 -0.76042706 0.72103512
v -0.12758574 -0.74772292 0.71892023
v -0.12563454 -0.73544008 0.71707880
v -0.12368016 -0.72313732 0.71523422
v -0.12172265 -0.71081471 0.71338683
v -0.11976194 -0.69847208 0.71153629
v -0.11501310 -0.68780684 0.71073025
v -0.10226264 -0.68202668 0.71293533
v -0.08952273 -0.67626625 0.71514136
v -0.07680738 -0.67051691 0.71734321
v -0.06411651 -0.66477859 0.71954077
v -0.05945247 -0.65408444 0.71870720
v -0.05683869 -0.64210308 0.71709532
v -0.05557225 -0.62926018 0.71496892
v -0.06767645 -0.60800236 0.70776302
v -0.07755481 -0.58805978 0.70138633
v -0.08132267 -0.57190281 0.69731963
v -0.07937101 -0.55946213 0.69534934
v 0.08429183 -0.44385859 0.71583527
v 0.09544819 -0.43739969 0.71749675
v 0.10657311 -0.43093985 0.71914989
v 0.10535596 -0.41612402 0.71600163
v 0.10702720 -0.40323675 0.71397191
v 0.11089433 -0.39182532 0.71279436
v 0.11476544 -0.38040212 0.71161556
v 0.12763892 -0.37516049 0.71395552
v 0.14579506 -0.37359640 0.71836978
v 0.17175229 -0.37749380 0.72585326
v 0.17688924 -0.36700261 0.72518122
v 0.18202925 -0.35650524 0.72450888
v 0.42216268 -0.51058853 0.81630200
v 0.43705827 -0.50750494 0.81957942
v 0.45030746 -0.50330091 0.82221520
v 0.45471460 -0.49287179 0.82136559
v 0.45726323 -0.48111221 0.81977916
v 0.45981556 -0.46933544 0.81819046
v 0.46222800 -0.45743880 0.81654251
v 0.46422237 -0.44522154 0.81472474
v 0.46412325 -0.43147403 0.81207103
v 0.46303049 -0.41697520 0.80901569
v 0.46213761 -0.40258306 0.80603266
v 0.44843057 -0.37883002 0.79793358
v 0.42652172 -0.34898704 0.78654122
v 0.36664504 -0.29118526 0.75994778
v 0.35660860 -0.26968694 0.75323266
v 0.33928713 -0.24273004 0.74358296
v 0.30477613 0.48053676 0.59636164
v 0.31696916 0.48608831 0.59846574
v 0.32914084 0.49163014 0.60056603
v 0.34129125 0.49716222 0.60266268
v 0.35334113 0.50275385 0.60472190
v 0.36328465 0.51016098 0.60588723
v 0.37165952 0.51892948 0.60638511
v 0.38000405 0.52771813 0.60687125
v 0.38834512 0.53650314 0.60735714
v 0.39663023 0.54533124 0.60782039
v 0.39772409 0.56054962 0.60519511
v 0.38826761 0.58521885 0.59802443
v 0.37875435 0.61003613 0.59081066
v -0.02815812 -0.98886400 0.80257940
v -0.02254949 -0.97924143 0.80219793
v -0.01753861 -0.96927232 0.80159622
v -0.01465334 -0.95807481 0.80021214
v -0.02612125 -0.93858379 0.79354471
v -0.03833695 -0.91858178 0.78658712
v -0.06522065 -0.88997585 0.77420592
v -0.08467984 -0.86555439 0.76453769
v -0.09475641 -0.84651113 0.75831467
v -0.10407674 -0.82783896 0.75235760
v -0.11479176 -0.80827415 0.74587059
v -0.12197188 -0.79072505 0.74067956
v -0.12457280 -0.77583504 0.73717672
v -0.12440533 -0.76255423 0.73469466
v -0.12423751 -0.74924433 0.73220718
v -0.12382264 -0.73605329 0.72980607
v -0.12186852 -0.72376174 0.72797340
v -0.11991124 -0.71145034 0.72613788
v -0.11795080 -0.69911903 0.72429931
v -0.10521746 -0.69333243 0.72648698
v -0.09250642 -0.68755823 0.72867131
v -0.07980651 -0.68180329 0.73085636
v -0.06712819 -0.67606109 0.73303819
v -0.05951009 -0.66721529 0.73332334
v -0.05934431 -0.65374696 0.73080510
v -0.05912649 -0.64028078 0.72830081
v -0.05651116 -0.62828368 0.72669494
v -0.06802694 -0.60739970 0.71975034
v -0.08020242 -0.58601665 0.71254051
v -0.08872057 -0.56685841 0.70669818
v 0.12085445 -0.37032214 0.72344309
v 0.13903387 -0.36876652 0.72784156
v 0.17548029 -0.37992692 0.73937470
v 0.18061198 -0.36944953 0.73870754
v 0.37325153 -0.48984152 0.81134242
v 0.41379228 -0.50460529 0.82461804
v 0.43050605 -0.50278753 0.82858813
v 0.44047347 -0.49626115 0.82992095
v 0.44517633 -0.48602539 0.82918900
v 0.44866830 -0.47492045 0.82797915
v 0.45121488 -0.46312657 0.82639408
v 0.45359775 -0.45119575 0.82474077
v 0.45598429 -0.43924680 0.82308495
v 0.45674890 -0.42610908 0.82078433
v 0.45564508 -0.41159222 0.81773895
v 0.45376530 -0.39647436 0.81437892
v 0.44293350 -0.37480071 0.80746078
v 0.42188582 -0.34558105 0.79646993
v 0.37348533 -0.29618350 0.77457935
v 0.35959932 -0.27188113 0.76637274
v 0.34188923 -0.24465384 0.75662255
v 0.30356508 0.48112085 0.60872287
v 0.31575385 0.48666945 0.61081517
v 0.32792127 0.49220833 0.61290377
v 0.34005678 0.49774683 0.61498421
v 0.35192987 0.50348610 0.61695874
v 0.36137521 0.51132286 0.61790758
v 0.36984184 0.52000588 0.61844277
v 0.37818393 0.52879143 0.61892629
v 0.38652265 0.53757328 0.61940962
v 0.39485794 0.54635167 0.61989272
v 0.39182183 0.56523710 0.61551774
v 0.38234389 0.58993024 0.60837513
v 0.37280899 0.61477166 0.60118949
v -0.02043277 -0.99268419 0.81702226
v -0.01443232 -0.98330873 0.81679016
v -0.00843060 -0.97393125 0.81655806
v -0.00574971 -0.96264291 0.81511170
v -0.01604420 -0.94385344 0.80891395
v -0.02828651 -0.92386341 0.80198896
v -0.07970711 -0.86792731 0.77820295
v -0.09229552 -0.84743041 0.77109319
v -0.10082002 -0.82923734 0.76546288
v -0.11290113 -0.80887997 0.75850981
v -0.12037158 -0.79116958 0.75324148
v -0.12019993 -0.77793729 0.75078297
v -0.12002788 -0.76467597 0.74831903
v -0.11985546 -0.75138545 0.74584967
v -0.11968267 -0.73806590 0.74337488
v -0.11950950 -0.72471702 0.74089468
v -0.11810300 -0.71208501 0.73886675
v -0.10816289 -0.70461184 0.74000645
v -0.09546453 -0.69883382 0.74217498
v -0.08279052 -0.69306695 0.74433953
v -0.07013255 -0.68731618 0.74650288
v -0.06187730 -0.67887789 0.74702716
v -0.05670129 -0.66854119 0.74640155
v -0.05466273 -0.65624917 0.74460030
v -0.06057350 -0.63898253 0.73981655
v -0.05880019 -0.62646329 0.73790425
v -0.06837707 -0.60679770 0.73172516
v -0.08054727 -0.58542401 0.72455698
v 0.11406238 -0.36547834 0.73294139
v 0.13226511 -0.36393121 0.73732394
v 0.16798177 -0.37457868 0.74851108
v 0.18432546 -0.37189040 0.75220025
v 0.38224941 -0.49599269 0.82650626
v 0.40721074 -0.49987480 0.83365148
v 0.42394623 -0.49806467 0.83760738
v 0.43061629 -0.48920476 0.83764482
v 0.43532139 -0.47895455 0.83691460
v 0.44005701 -0.46871689 0.83619463
v 0.44257244 -0.45688781 0.83460343
v 0.44495100 -0.44494078 0.83295476
v 0.44733322 -0.43297559 0.83130366
v 0.44936383 -0.42073634 0.82951033
v 0.44702619 -0.40531784 0.82599384
v 0.44392708 -0.38930267 0.82216889
v 0.43743220 -0.37076828 0.81699538
v 0.41487950 -0.34044442 0.80546772
v 0.37718090 -0.29887798 0.78792381
v 0.36085385 -0.27279902 0.77879810
v 0.34289491 -0.24540003 0.76900357
v 0.30235508 0.48170444 0.62107331
v 0.31453961 0.48725009 0.62315387
v 0.32670280 0.49278605 0.62523085
v 0.33865032 0.49848139 0.62722218
v 0.35051978 0.50421774 0.62918580
v 0.35946700 0.51248401 0.62992036
v 0.36802533 0.52108163 0.63049239
v 0.37636507 0.52986395 0.63097334
v 0.38470140 0.53864276 0.63145405
v 0.39303428 0.54741800 0.63193452
v 0.38522521 0.57054162 0.62555552
v 0.37641543 0.59464538 0.61873406
v 0.36685890 0.61951107 0.61157674
v -0.01273597 -0.99649024 0.83141172
v -0.00762834 -0.98662913 0.83086151
v -0.00307272 -0.97644538 0.83010960
v 0.00077789 -0.96584761 0.82909960
v -0.00721841 -0.94840372 0.82377535
v -0.01791567 -0.92933291 0.81745511
v -0.07228226 -0.87173223 0.79273099
v -0.08670552 -0.85018277 0.78499258
v -0.09784792 -0.83046961 0.77843767
v -0.10949618 -0.81038004 0.77168286
v -0.11117551 -0.79611206 0.76856989
v -0.11283126 -0.78182095 0.76545846
v -0.11295170 -0.76840848 0.76290458
v -0.11293973 -0.75504470 0.76039368
v -0.11292773 -0.74165082 0.75787711
v -0.11291569 -0.72822696 0.75535494
v -0.10538010 -0.71932644 0.75560564
v -0.09357841 -0.71302038 0.75743425
v -0.08179593 -0.70672458 0.75925982
v -0.07005741 -0.70042396 0.76107329
v -0.06398633 -0.69066447 0.76078832
v -0.05906973 -0.68018991 0.76007384
v -0.05389835 -0.66986436 0.75945258
v -0.04999381 -0.65874469 0.75835818
v -0.05588667 -0.64150679 0.75361007
v -0.06108830 -0.62464362 0.74910903
v -0.06872684 -0.60619628 0.74368739
v 0.12548874 -0.35909054 0.74681693
v 0.16044492 -0.36920369 0.75764924
v 0.18702820 -0.37362850 0.76527262
v 0.37806648 -0.49294382 0.83652049
v 0.39964014 -0.49445140 0.84231532
v 0.41603175 -0.49238950 0.84611481
v 0.42073590 -0.48213178 0.84538686
v 0.42544320 -0.47186708 0.84465843
v 0.43015370 -0.46159551 0.84392953
v 0.43391338 -0.45063701 0.84282851
v 0.43569717 -0.43825150 0.84095430
v 0.43745810 -0.42582577 0.83906662
v 0.43922210 -0.41337836 0.83717573
v 0.43760362 -0.39846262 0.83395636
v 0.43375945 -0.38189206 0.82985711
v 0.42850208 -0.36424106 0.82519364
v 0.40786406 -0.33530107 0.81447726
v 0.37698415 -0.29872090 0.79970735
v 0.36200425 -0.27364036 0.79116255
v 0.34389898 -0.24614502 0.78136504
v 0.31869993 -0.21327345 0.76874393
v 0.30114618 0.48228750 0.63341296
v 0.31332642 0.48783025 0.63548177
v 0.32535937 0.49347240 0.63749433
v 0.33724493 0.49921533 0.63945031
v 0.34898111 0.50506186 0.64134860
v 0.35755995 0.51364440 0.64192557
v 0.36613461 0.52222276 0.64250237
v 0.37454733 0.53093576 0.64301234
v 0.38288128 0.53971148 0.64349049
v 0.38658288 0.55258626 0.64201421
v 0.37856761 0.57589978 0.63558090
v 0.37048218 0.59936434 0.62910134
v -0.01206170 -0.99630684 0.84322727
v -0.00422418 -0.98801160 0.84366655
v 0.00032745 -0.97784001 0.84291995
v 0.00488223 -0.96766120 0.84217274
v -0.00172462 -0.95103371 0.83738291
v -0.00979600 -0.93350118 0.83205175
v -0.06488400 -0.87552333 0.80720687
v -0.07928946 -0.85400617 0.79952073
v -0.09368160 -0.83240485 0.79182220
v -0.09872526 -0.81622678 0.78751367
v -0.10038564 -0.80200040 0.78443003
v -0.10203810 -0.78774172 0.78134233
v -0.10367782 -0.77345365 0.77825236
v -0.10497289 -0.75933486 0.77528155
v -0.10495198 -0.74597102 0.77278644
v -0.09728340 -0.73718965 0.77309191
v -0.08563843 -0.73081899 0.77485877
v -0.07421932 -0.72433233 0.77654648
v -0.06281754 -0.71785557 0.77823168
v -0.05871847 -0.70692998 0.77722901
v -0.05663032 -0.69475704 0.77548194
v -0.05453888 -0.68256509 0.77373219
v -0.05110124 -0.67118472 0.77247632
v -0.04593160 -0.66086459 0.77185887
v -0.05121255 -0.64402413 0.76736617
v -0.05909200 -0.62550378 0.76189888
v 0.11870480 -0.35424441 0.75632060
v 0.15541805 -0.36556837 0.76776755
v 0.18865053 -0.37461537 0.77790421
v 0.36971042 -0.48698181 0.84493285
v 0.39034411 -0.48781916 0.85033220
v 0.40567058 -0.48499426 0.85369784
v 0.41037351 -0.47471857 0.85297012
v 0.41507244 -0.46443081 0.85223919
v 0.41977394 -0.45413551 0.85150748
v 0.42385194 -0.44338658 0.85053247
v 0.42507818 -0.43058571 0.84844899
v 0.42653075 -0.41792071 0.84644836
v 0.42828757 -0.40544930 0.84456128
v 0.42816034 -0.39159232 0.84193629
v 0.42356679 -0.37446320 0.83756423
v 0.41757184 -0.35625845 0.83263481
v 0.40083951 -0.33015105 0.82349855
v 0.37885657 -0.30007976 0.81228662
v 0.36233833 -0.27388161 0.80318779
v 0.34490147 -0.24688886 0.79370689
v 0.32008237 -0.21430983 0.78130507
v 0.29993829 0.48287004 0.64574176
v 0.31205714 0.48845917 0.64777523
v 0.32395878 0.49420872 0.64972353
v 0.33584067 0.49994868 0.65166855
v 0.34707749 0.50622451 0.65334946
v 0.35565412 0.51480407 0.65392333
v 0.36422658 0.52337950 0.65449697
v 0.37273085 0.53200698 0.65504348
v 0.38106242 0.54077953 0.65551907
v 0.37994051 0.55792320 0.65202636
v 0.37190285 0.58126366 0.64561701
v 0.36382118 0.60473198 0.63917255
v -0.02629812 -0.98764747 0.84968162
v -0.00106641 -0.98925489 0.85635704
v 0.00371992 -0.97923136 0.85570133
v 0.00827072 -0.96906465 0.85495937
v 0.00375289 -0.95365596 0.85095024
v -0.00459808 -0.93597919 0.84555030
v -0.05640106 -0.87994945 0.82203251
v -0.07188506 -0.85782450 0.81400228
v -0.08257756 -0.83841985 0.80768913
v -0.08641060 -0.82298666 0.80384851
v -0.08964623 -0.80786115 0.80021608
v -0.09129239 -0.79363662 0.79715300
v -0.09291638 -0.77938843 0.79409111
v -0.09454185 -0.76510227 0.79102182
v -0.08666584 -0.75648946 0.79140943
v -0.07582366 -0.74967039 0.79288030
v -0.06499592 -0.74286038 0.79434931
v -0.05184131 -0.73748201 0.79667282
v -0.05072210 -0.72479224 0.79459411
v -0.04968610 -0.71202636 0.79248035
v -0.04864811 -0.69923592 0.79036242
v -0.04720721 -0.68666816 0.78838778
v -0.04511048 -0.67448211 0.78664994
v -0.04301044 -0.66227680 0.78490937
v -0.05181036 -0.64325678 0.77914602
v -0.06965341 -0.61850953 0.77003163
v 0.11191324 -0.34939286 0.76583493
v 0.16478141 -0.37190884 0.78338528
v 0.18748450 -0.37366274 0.78944892
v 0.36133948 -0.48100922 0.85336018
v 0.37950680 -0.48010701 0.85778338
v 0.39517766 -0.47750616 0.86125952
v 0.39988306 -0.46721473 0.86053348
v 0.40459165 -0.45691627 0.85980690
v 0.40930066 -0.44660890 0.85907882
v 0.41400623 -0.43611753 0.85838294
v 0.41526586 -0.42349669 0.85628527
v 0.41648638 -0.41064918 0.85420287
v 0.41770929 -0.39777666 0.85211647
v 0.41864049 -0.38466662 0.84991217
v 0.41245762 -0.36636966 0.84494472
v 0.40630466 -0.34803060 0.83997709
v 0.39380580 -0.32499433 0.83253163
v 0.37766686 -0.29919526 0.82365215
v 0.35783699 -0.27056825 0.81331366
v 0.34319529 -0.24563465 0.80497360
v 0.31684500 -0.21192674 0.79204190
v 0.29873145 0.48345208 0.65805995
v 0.31066129 0.48919782 0.66000551
v 0.32255930 0.49494439 0.66194290
v 0.33443755 0.50068146 0.66387701
v 0.34517506 0.50738645 0.66534269
v 0.35374945 0.51596308 0.66591352
v 0.36231968 0.52453548 0.66648400
v 0.37088573 0.53310370 0.66705430
v 0.37924474 0.54184687 0.66753966
v 0.37329113 0.56326574 0.66204923
v 0.36523098 0.58663327 0.65566379
v 0.35776672 0.60955811 0.64951140
v -0.04148407 -0.97844625 0.85583931
v 0.00075413 -0.98973614 0.86854494
v 0.00689710 -0.98050070 0.86837953
v 0.01165154 -0.97046494 0.86771709
v 0.00921420 -0.95627046 0.86447734
v 0.00001182 -0.93811810 0.85880476
v -0.06344296 -0.86225253 0.82881486
v -0.06876550 -0.84602946 0.82447451
v -0.07262824 -0.83061540 0.82065082
v -0.07628109 -0.81527942 0.81689435
v -0.07981545 -0.79996848 0.81317222
v -0.08217566 -0.78531301 0.80986655
v -0.01159958 -0.76149118 0.82319599
v -0.00105618 -0.75464582 0.82457900
v -0.00837219 -0.73688513 0.81945306
v -0.01572277 -0.71904051 0.81430286
v -0.02236100 -0.70157200 0.80940133
v -0.03260747 -0.68181068 0.80316854
v -0.04419653 -0.66113895 0.79642987
v -0.05967903 -0.63795763 0.78824812
v 0.17289421 -0.37738299 0.79847491
v 0.18631941 -0.37271088 0.80098450
v 0.35294354 -0.47501895 0.86179882
v 0.36871025 -0.47242308 0.86528111
v 0.38465780 -0.46999884 0.86884063
v 0.38936567 -0.45969164 0.86811620
v 0.39407673 -0.44937742 0.86739135
v 0.39879104 -0.43905622 0.86666596
v 0.40350848 -0.42872792 0.86594009
v 0.40489167 -0.41600564 0.86393303
v 0.40543208 -0.40265265 0.86159748
v 0.40597364 -0.38927042 0.85925680
v 0.40651643 -0.37585887 0.85691100
v 0.40106818 -0.35807279 0.85224974
v 0.39504874 -0.33981085 0.84735686
v 0.38676292 -0.31983086 0.84157646
v 0.36793950 -0.29205596 0.83170480
v 0.35333392 -0.26725361 0.82344341
v 0.33881569 -0.24240841 0.81519598
v 0.31290108 -0.20902073 0.80250323
v 0.29588810 0.48544243 0.66969502
v 0.30810329 0.49093986 0.67174768
v 0.32029700 0.49642757 0.67379677
v 0.33246928 0.50190568 0.67584223
v 0.34306008 0.50873399 0.67724031
v 0.35184604 0.51712132 0.67789620
v 0.36041403 0.52569079 0.67846364
v 0.36897784 0.53425598 0.67903072
v 0.37467331 0.54534644 0.67840958
v 0.36703479 0.56825942 0.67224896
v 0.35964531 0.59103680 0.66617602
v -0.01349966 -0.98104292 0.87500572
v 0.00971252 -0.98156399 0.88090390
v 0.01484803 -0.97176033 0.88038307
v 0.01450885 -0.95879030 0.87791085
v 0.00646636 -0.94132721 0.87268603
v -0.03820132 -0.88952792 0.85198575
v -0.04807659 -0.87073928 0.84605879
v -0.05145915 -0.85569668 0.84244436
v -0.05755429 -0.83900923 0.83784908
v -0.06267308 -0.82284439 0.83359408
v -0.05986355 -0.81134164 0.83217901
v 0.02673068 -0.82371837 0.85610300
v 0.02310093 -0.80843341 0.85238212
v 0.01630994 -0.79118866 0.84751034
v 0.01026048 -0.77433503 0.84289587
v 0.00223671 -0.75622046 0.83755577
v -0.00644551 -0.73763734 0.83196491
v -0.01507518 -0.71901768 0.82638031
v -0.02690588 -0.69835550 0.81961972
v -0.03716714 -0.67858136 0.81341487
v -0.05190345 -0.65595108 0.80556571
v -0.06755914 -0.63265079 0.79736334
v 0.17173406 -0.37642896 0.81001550
v 0.18515523 -0.37175977 0.81251085
v 0.34346101 -0.46826982 0.86984694
v 0.35926026 -0.46568218 0.87331992
v 0.37205654 -0.46102801 0.87566185
v 0.37712786 -0.45095468 0.87507528
v 0.38163844 -0.44047683 0.87427413
v 0.38615248 -0.42999110 0.87347233
v 0.39066988 -0.41949749 0.87266994
v 0.39256090 -0.40711498 0.87086338
v 0.39275023 -0.39348784 0.86840230
v 0.39327884 -0.38007322 0.86606526
v 0.39380857 -0.36662909 0.86372292
v 0.38964590 -0.34975201 0.85957581
v 0.38376099 -0.33156785 0.85475761
v 0.37800056 -0.31341195 0.84997571
v 0.35819021 -0.28490055 0.83977562
v 0.35190260 -0.26619712 0.83476108
v 0.33389977 -0.23878655 0.82521546
v 0.30680791 -0.20452386 0.81213665
v 0.29195318 0.48837191 0.68088061
v 0.30407491 0.49395111 0.68288368
v 0.31627291 0.49943656 0.68492311
v 0.32844949 0.50491232 0.68695891
v 0.33879465 0.51195604 0.68824828
v 0.34770173 0.52023929 0.68895000
v 0.35660341 0.52851748 0.68965137
v 0.36549971 0.53679067 0.69035226
v 0.36866710 0.55011278 0.68869179
v 0.36151537 0.57259983 0.68276489
v 0.35410905 0.59539604 0.67671740
v -0.02915933 -0.97111070 0.88130277
v 0.01098781 -0.98174584 0.89286000
v 0.01650550 -0.97217178 0.89247912
v 0.02098272 -0.96199250 0.89172864
v 0.01621117 -0.94644469 0.88769621
v -0.02500108 -0.89671415 0.86834699
v -0.02982442 -0.88092017 0.86425668
v -0.03466630 -0.86506552 0.86015058
v -0.03963972 -0.84908301 0.85598832
v 0.02700521 -0.86251026 0.87501425
v 0.03677607 -0.85534215 0.87613100
v 0.03312624 -0.84014845 0.87244225
v 0.02941843 -0.82487470 0.86872441
v 0.02401394 -0.80853146 0.86438900
v 0.01676781 -0.79101962 0.85938185
v 0.00996395 -0.77371502 0.85452259
v 0.00057068 -0.75477087 0.84871942
v -0.00820498 -0.73613328 0.84312594
v -0.01939108 -0.71594542 0.83664942
v -0.03145241 -0.69513774 0.82984191
v -0.04349117 -0.67425978 0.82302701
v -0.05962120 -0.65075588 0.81471443
v 0.17057486 -0.37547567 0.82154685
v 0.29807359 -0.45017907 0.86691827
v 0.33395779 -0.46150604 0.87791258
v 0.34886590 -0.45827937 0.88102806
v 0.35810769 -0.45110950 0.88201296
v 0.36431319 -0.44181043 0.88185328
v 0.36873600 -0.43124735 0.88101906
v 0.37322932 -0.42072356 0.88020962
v 0.37774956 -0.41020849 0.87940836
v 0.38057071 -0.39846772 0.87796038
v 0.38060740 -0.38470972 0.87545097
v 0.38064417 -0.37091917 0.87293553
v 0.38105807 -0.35736838 0.87055779
v 0.37820944 -0.34142080 0.86693013
v 0.37223318 -0.32315013 0.86209983
v 0.36336392 -0.30270407 0.85615200
v 0.34841889 -0.27772895 0.84786463
v 0.34231165 -0.25914219 0.84294379
v 0.32176822 -0.22984214 0.83247298
v 0.28801915 0.49130061 0.69206780
v 0.30004603 0.49696282 0.69402111
v 0.31224835 0.50244594 0.69605082
v 0.32442921 0.50791937 0.69807696
v 0.33452830 0.51517874 0.69925857
v 0.34343764 0.52346194 0.69995707
v 0.35234156 0.53174001 0.70065516
v 0.36131030 0.53995132 0.70138156
v 0.36198735 0.55547333 0.69870842
v 0.35599232 0.57694304 0.69328773
v 0.34856912 0.59975815 0.68726569
v -0.00538620 -0.97181314 0.89859325
v 0.01475733 -0.97062498 0.90335703
v 0.02158727 -0.96180743 0.90344030
v 0.02574061 -0.95143968 0.90257961
v 0.02988689 -0.94174540 0.90162921
v 0.01986605 -0.92239249 0.89583898
v 0.01550317 -0.90697169 0.89195293
v 0.03941421 -0.90813392 0.89807606
v 0.04472541 -0.89839041 0.89761525
v 0.04509656 -0.88571411 0.89539921
v 0.04415646 -0.87223077 0.89271206
v 0.04085233 -0.85730320 0.88917750
v 0.03622057 -0.84153682 0.88516200
v 0.03210069 -0.82602870 0.88132012
v 0.02484689 -0.80858195 0.87635034
v 0.01722509 -0.79085082 0.87123799
v 0.00830062 -0.77226460 0.86564779
v -0.00109438 -0.75332206 0.85987645
v -0.01158697 -0.73363596 0.85369837
v -0.02370824 -0.71287227 0.84692144
v -0.03590629 -0.69197702 0.84010154
v 0.29013786 -0.44451964 0.87565839
v 0.32443392 -0.45472750 0.88599581
v 0.33484030 -0.44833228 0.88740432
v 0.34410608 -0.44115344 0.88838810
v 0.35146728 -0.43264380 0.88865882
v 0.35589251 -0.42205930 0.88782591
v 0.36032122 -0.41146639 0.88699222
v 0.36478502 -0.40088767 0.88616991
v 0.36854345 -0.38979372 0.88507938
v 0.36856598 -0.37600422 0.88257450
v 0.36858851 -0.36218196 0.88006359
v 0.36861113 -0.34832689 0.87754679
v 0.36536521 -0.33206868 0.87378442
v 0.35476667 -0.31041113 0.86722118
v 0.34863532 -0.29192895 0.86234051
v 0.33862543 -0.27054110 0.85597199
v 0.32739195 -0.24816996 0.84912187
v 0.30104667 -0.21456139 0.83648980
v 0.28408477 0.49422950 0.70325589
v 0.29608154 0.49991882 0.70518607
v 0.30822325 0.50545561 0.70717990
v 0.32040840 0.51092678 0.70919639
v 0.33026105 0.51840222 0.71027130
v 0.33917263 0.52668524 0.71096653
v 0.34810367 0.53494143 0.71167141
v 0.35716811 0.54307038 0.71243250
v 0.35530043 0.56083965 0.70873576
v 0.34942198 0.58221346 0.70339113
v -0.02529856 -0.95984977 0.90313935
v -0.00160698 -0.96066892 0.90911257
v 0.01852617 -0.95950615 0.91385216
v 0.02687076 -0.95156825 0.91446668
v 0.03102485 -0.94119978 0.91361076
v 0.03485945 -0.93063438 0.91264069
v 0.03834404 -0.91985178 0.91154522
v 0.04309295 -0.90979946 0.91089284
v 0.04916061 -0.90051776 0.91070414
v 0.05149375 -0.88902068 0.90919620
v 0.04853239 -0.87435573 0.90581298
v 0.04392903 -0.85866874 0.90184110
v 0.03930816 -0.84292215 0.89785403
v 0.03184494 -0.82541680 0.89284968
v 0.02187737 -0.80633789 0.88694477
v 0.01014045 -0.78611380 0.88039750
v 0.00006406 -0.76681799 0.87442648
v -0.02738869 -0.73684490 0.86225015
v 0.28218943 -0.43885118 0.88441241
v 0.31105828 -0.44525942 0.89267051
v 0.32056978 -0.43821314 0.89373332
v 0.33005139 -0.43115968 0.89478743
v 0.33857793 -0.42344615 0.89548731
v 0.34300557 -0.41284013 0.89465564
v 0.34743670 -0.40222567 0.89382333
v 0.35187134 -0.39160287 0.89299041
v 0.35635972 -0.38102126 0.89212865
v 0.35471174 -0.36599734 0.88905281
v 0.35291183 -0.35083666 0.88586545
v 0.35110644 -0.33563012 0.88266832
v 0.34789163 -0.31935939 0.87893212
v 0.33721229 -0.29760802 0.87236834
v 0.33384717 -0.28111029 0.86855400
v 0.32880989 -0.26333708 0.86409765
v 0.30848581 -0.23426715 0.85383749
v 0.28015003 0.49715871 0.71444511
v 0.29215068 0.50284582 0.71636599
v 0.30419764 0.50846571 0.71831036
v 0.31638712 0.51393461 0.72031724
v 0.32599288 0.52162629 0.72128630
v 0.33490673 0.52990925 0.72197825
v 0.34395862 0.53806132 0.72272784
v 0.35297757 0.54623181 0.72346604
v 0.34860632 0.56621182 0.71877390
v 0.34270906 0.58760971 0.71344984
v -0.01759462 -0.95092726 0.91504943
v 0.00382541 -0.95048201 0.92020649
v 0.02229434 -0.94838935 0.92434537
v 0.03215063 -0.94133610 0.92548537
v 0.03584761 -0.93069959 0.92447424
v 0.04146508 -0.92117649 0.92413306
v 0.04752407 -0.91190892 0.92394590
v 0.05270725 -0.90212178 0.92345101
v 0.05258425 -0.88918358 0.92109150
v 0.04458809 -0.87153244 0.91595834
v 0.03655234 -0.85379398 0.91079986
v 0.03041084 -0.83712637 0.90629739
v 0.02319725 -0.81975806 0.90140647
v 0.01011399 -0.79878557 0.89443153
v -0.00158718 -0.77856338 0.88792968
v 0.27209908 -0.43169212 0.89239317
v 0.29580829 -0.43448219 0.89869243
v 0.30534741 -0.42742661 0.89975441
v 0.31482270 -0.42034006 0.90079522
v 0.32210508 -0.41172001 0.90102375
v 0.32632747 -0.40093678 0.90011466
v 0.33055350 -0.39014414 0.89920473
v 0.33478320 -0.37934214 0.89829397
v 0.33755276 -0.36748374 0.89683610
v 0.33614931 -0.35261098 0.89381522
v 0.33417386 -0.33728638 0.89057302
v 0.33233514 -0.32201779 0.88737440
v 0.33033010 -0.30658624 0.88410574
v 0.32173914 -0.28631917 0.87835622
v 0.31899920 -0.27024782 0.87479270
v 0.27621493 0.50008816 0.72563523
v 0.28821942 0.50577301 0.72754675
v 0.30020371 0.51144832 0.72945517
v 0.31236529 0.51694280 0.73143941
v 0.32172382 0.52485108 0.73230374
v 0.33073810 0.53304815 0.73303181
v 0.33981287 0.54118174 0.73378617
v 0.34632975 0.55155504 0.73351192
v 0.34190497 0.57158965 0.72882289
v -0.00990211 -0.94201803 0.92694187
v 0.01069879 -0.94114029 0.93179351
v 0.02803263 -0.93842143 0.93552130
v 0.02970039 -0.92659783 0.93380982
v 0.03087506 -0.91446382 0.93192291
v 0.03619747 -0.90474707 0.93147725
v 0.04195667 -0.89528275 0.93118304
v 0.04135750 -0.88204563 0.92866737
v 0.03332294 -0.86435342 0.92354614
v 0.02795162 -0.84818757 0.91934574
v 0.02296047 -0.83219707 0.91526920
v 0.01196236 -0.81254220 0.90907604
v 0.26106653 -0.42387715 0.90005487
v 0.28049433 -0.42365977 0.90473962
v 0.28972644 -0.41636029 0.90567738
v 0.29721886 -0.40785003 0.90597534
v 0.30470917 -0.39934218 0.90627331
v 0.30895874 -0.38854399 0.90537316
v 0.31318769 -0.37771928 0.90446329
v 0.31619161 -0.36600927 0.90309703
v 0.31865525 -0.35389477 0.90152699
v 0.31768322 -0.33929345 0.89867640
v 0.31561047 -0.32386157 0.89540946
v 0.31353131 -0.30838168 0.89213240
v 0.31158289 -0.29295298 0.88889623
v 0.29905695 -0.26978451 0.88170248
v 0.27227950 0.50301784 0.73682642
v 0.28428781 0.50870055 0.73872864
v 0.29627597 0.51437366 0.74062771
v 0.30834299 0.51995128 0.74256295
v 0.31750652 0.52803075 0.74334443
v 0.32658949 0.53616941 0.74409568
v 0.33566642 0.54430270 0.74484634
v 0.33967486 0.55688387 0.74356842
v 0.33519641 0.57697332 0.73888266
v -0.00608989 -0.93087834 0.93748176
v 0.00951592 -0.92712575 0.94058675
v 0.01527472 -0.91765904 0.94029361
v 0.02103515 -0.90818965 0.94000041
v 0.02679722 -0.89871764 0.93970716
v 0.03256093 -0.88924277 0.93941373
v 0.03046880 -0.87510687 0.93639106
v 0.00779105 -0.84868371 0.92620373
v 0.25000447 -0.41604125 0.90773714
v 0.26449665 -0.41235936 0.91058552
v 0.27201262 -0.40382704 0.91088361
v 0.27952641 -0.39529714 0.91118163
v 0.28703809 -0.38676971 0.91147947
v 0.29150385 -0.37608978 0.91065776
v 0.29474491 -0.36452892 0.90938306
v 0.29719743 -0.35238901 0.90781462
v 0.29965362 -0.34023088 0.90624374
v 0.29911822 -0.32590458 0.90356362
v 0.29701102 -0.31041044 0.90029556
v 0.26735345 -0.27496219 0.88681370
v 0.25284386 0.51927370 0.74189854
v 0.27818424 0.51350147 0.74905300
v 0.29119593 0.51829606 0.75134528
v 0.30414718 0.52285427 0.75342268
v 0.31327319 0.53118742 0.75458688
v 0.32244018 0.53929126 0.75516140
v 0.33151922 0.54742420 0.75590849
v 0.33301291 0.56221837 0.75363564
v 0.32168373 0.58836073 0.74624211
v 0.21574305 -0.39206120 0.90701514
v 0.23412101 -0.39101851 0.91124892
v 0.25242478 -0.38998008 0.91546565
v 0.26174471 -0.38268095 0.91641414
v 0.26927784 -0.37413374 0.91671199
v 0.27321216 -0.36304262 0.91569430
v 0.27565342 -0.35087723 0.91412747
v 0.27809834 -0.33869353 0.91255826
v 0.27968347 -0.32587382 0.91066974
v 0.26966766 0.52038312 0.75843954
v 0.28269905 0.52517480 0.76072419
v 0.29694703 0.52882653 0.76345485
v 0.30512387 0.53782815 0.76387537
v 0.31442285 0.54579282 0.76470101
v 0.32371497 0.55375159 0.76552600
v 0.32231668 0.57110047 0.76211828
v 0.26113659 0.52727652 0.76784211
v 0.27424249 0.53201789 0.77014053
v 0.28966871 0.53471202 0.77335399
v 0.29708803 0.54433262 0.77343410
v 0.30612323 0.55254024 0.77414924
v 0.31542602 0.56050301 0.77497137
v 0.30889341 0.58237934 0.76955849
v 0.25259098 0.53418159 0.77726066
v 0.26691160 0.53788632 0.78001624
v 0.28235823 0.54057372 0.78321755
v 0.28988782 0.55010855 0.78333837
v 0.29781002 0.55929875 0.78361291
v 0.30712348 0.56726545 0.78443223
v 0.29140776 0.59722847 0.77545172
v 0.24405940 0.54107386 0.78670627
v 0.25957128 0.54376227 0.78990459
v 0.27503839 0.54644287 0.79309368
v 0.28267869 0.55589169 0.79325497
v 0.29002810 0.56559229 0.79330373
v 0.29565302 0.57680339 0.79268193
v 0.25222158 0.54964578 0.79980564
v 0.26770920 0.55231959 0.80298245
v 0.27546060 0.56168205 0.80318391
v 0.28281471 0.57138854 0.80323243
v 0.26037061 0.55820382 0.81288391
v 0.26823351 0.56747961 0.81312519
f 1 11 10
f 2 11 1
f 2 12 11
f 3 12 2
f 3 13 12
f 4 13 3
f 4 14 13
f 5 14 4
f 5 15 14
f 6 15 5
f 6 16 15
f 7 16 6
f 7 17 16
f 8 17 7
f 8 18 17
f 9 18 8
f 9 19 18
f 10 25 24
f 11 25 10
f 11 26 25
f 12 26 11
f 12 27 26
f 13 27 12
f 13 28 27
f 14 28 13
f 14 29 28
f 15 29 14
f 15 30 29
f 16 30 15
f 16 31 30
f 17 31 16
f 17 32 31
f 18 32 17
f 18 33 32
f 19 33 18
f 19 34 33
f 20 34 19
f 20 35 34
f 21 35 20
f 21 36 35
f 22 36 21
f 22 37 36
f 23 37 22
f 23 38 37
f 25 40 24
f 25 41 40
f 26 41 25
f 26 42 41
f 27 42 26
f 27 43 42
f 28 43 27
f 28 44 43
f 29 44 28
f 29 45 44
f 30 45 29
f 30 46 45
f 31 46 30
f 31 47 46
f 32 47 31
f 32 48 47
f 33 48 32
f 33 49 48
f 34 49 33
f 34 50 49
f 35 50 34
f 35 51 50
f 36 51 35
f 36 52 51
f 37 52 36
f 37 53 52
f 38 53 37
f 38 54 53
f 39 54 38
f 39 55 54
f 40 57 56
f 41 57 40
f 41 58 57
f 42 58 41
f 42 59 58
f 43 59 42
f 43 60 59
f 44 60 43
f 44 61 60
f 45 61 44
f 45 62 61
f 46 62 45
f 46 63 62
f 47 63 46
f 47 64 63
f 48 64 47
f 48 65 64
f 49 65 48
f 49 66 65
f 50 66 49
f 50 67 66
f 51 67 50
f 51 68 67
f 52 68 51
f 52 69 68
f 53 69 52
f 53 70 69
f 54 70 53
f 54 71 70
f 55 71 54
f 55 72 71
f 57 74 56
f 57 75 74
f 58 75 57
f 58 76 75
f 59 76 58
f 59 77 76
f 60 77 59
f 60 78 77
f 61 78 60
f 61 79 78
f 62 79 61
f 62 80 79
f 63 80 62
f 63 81 80
f 64 81 63
f 64 82 81
f 65 82 64
f 65 83 82
f 66 83 65
f 66 84 83
f 67 84 66
f 67 85 84
f 68 85 67
f 68 86 85
f 69 86 68
f 69 87 86
f 70 87 69
f 70 88 87
f 71 88 70
f 71 89 88
f 72 89 71
f 72 90 89
f 73 90 72
f 73 91 90
f 75 93 74
f 75 94 93
f 76 94 75
f 76 95 94
f 77 95 76
f 77 96 95
f 78 96 77
f 78 97 96
f 79 97 78
f 79 98 97
f 80 98 79
f 80 99 98
f 81 99 80
f 81 100 99
f 82 100 81
f 82 101 100
f 83 101 82
f 83 102 101
f 84 102 83
f 84 103 102
f 85 103 84
f 85 104 103
f 86 104 85
f 86 105 104
f 87 105 86
f 87 106 105
f 88 106 87
f 88 107 106
f 89 107 88
f 89 108 107
f 90 108 89
f 90 109 108
f 91 109 90
f 91 110 109
f 92 110 91
f 92 111 110
f 95 112 94
f 95 113 112
f 96 113 95
f 96 114 113
f 97 114 96
f 97 115 114
f 98 115 97
f 98 116 115
f 99 116 98
f 99 117 116
f 100 117 99
f 100 118 117
f 101 118 100
f 101 119 118
f 102 119 101
f 102 120 119
f 103 120 102
f 103 121 120
f 104 121 103
f 104 122 121
f 105 122 104
f 105 123 122
f 106 123 105
f 106 124 123
f 107 124 106
f 107 125 124
f 108 125 107
f 108 126 125
f 109 126 108
f 109 127 126
f 110 127 109
f 110 128 127
f 111 128 110
f 113 129 112
f 113 130 129
f 114 130 113
f 114 131 130
f 115 131 114
f 115 132 131
f 116 132 115
f 116 133 132
f 117 133 116
f 117 134 133
f 118 134 117
f 118 135 134
f 119 135 118
f 119 136 135
f 120 136 119
f 120 137 136
f 121 137 120
f 121 138 137
f 122 138 121
f 122 139 138
f 123 139 122
f 123 140 139
f 124 140 123
f 124 141 140
f 125 141 124
f 125 142 141
f 126 142 125
f 126 143 142
f 127 143 126
f 127 144 143
f 128 144 127
f 128 145 144
f 130 147 129
f 130 148 147
f 131 148 130
f 131 149 148
f 132 149 131
f 132 150 149
f 133 150 132
f 133 151 150
f 134 151 133
f 134 152 151
f 135 152 134
f 135 153 152
f 136 153 135
f 136 154 153
f 137 154 136
f 137 155 154
f 138 155 137
f 138 156 155
f 139 156 138
f 139 157 156
f 140 157 139
f 140 158 157
f 141 158 140
f 141 159 158
f 142 159 141
f 142 160 159
f 143 160 142
f 143 161 160
f 144 161 143
f 144 162 161
f 145 162 144
f 145 163 162
f 146 164 163
f 149 165 148
f 149 166 165
f 150 166 149
f 150 167 166
f 151 167 150
f 151 168 167
f 152 168 151
f 152 169 168
f 153 169 152
f 153 170 169
f 154 170 153
f 154 171 170
f 155 171 154
f 155 172 171
f 156 172 155
f 156 173 172
f 157 173 156
f 157 174 173
f 158 174 157
f 158 175 174
f 159 175 158
f 159 176 175
f 160 176 159
f 160 177 176
f 161 177 160
f 161 178 177
f 162 178 161
f 162 179 178
f 163 179 162
f 163 180 179
f 169 181 168
f 169 182 181
f 170 182 169
f 170 183 182
f 171 183 170
f 171 184 183
f 172 184 171
f 172 185 184
f 173 185 172
f 173 186 185
f 174 186 173
f 174 187 186
f 175 187 174
f 175 188 187
f 176 188 175
f 176 189 188
f 177 189 176
f 177 190 189
f 178 190 177
f 178 191 190
f 179 191 178
f 179 192 191
f 180 192 179
f 180 193 192
f 183 195 194
f 184 195 183
f 184 196 195
f 185 196 184
f 185 197 196
f 186 197 185
f 186 198 197
f 187 198 186
f 187 199 198
f 188 199 187
f 188 200 199
f 189 200 188
f 189 201 200
f 190 201 189
f 190 202 201
f 191 202 190
f 191 203 202
f 192 203 191
f 192 204 203
f 193 204 192
f 196 206 205
f 197 206 196
f 197 207 206
f 198 207 197
f 198 208 207
f 199 208 198
f 199 209 208
f 200 209 199
f 200 210 209
f 201 210 200
f 201 211 210
f 202 211 201
f 202 212 211
f 203 212 202
f 203 213 212
f 204 213 203
f 204 214 213
f 207 218 217
f 208 218 207
f 208 219 218
f 209 219 208
f 209 220 219
f 210 220 209
f 210 221 220
f 211 221 210
f 211 222 221
f 212 222 211
f 212 223 222
f 213 223 212
f 213 224 223
f 214 224 213
f 214 225 224
f 216 226 215
f 216 227 226
f 217 227 216
f 217 228 227
f 218 228 217
f 218 229 228
f 219 229 218
f 219 230 229
f 220 230 219
f 220 231 230
f 221 231 220
f 221 232 231
f 222 232 221
f 222 233 232
f 223 233 222
f 223 234 233
f 224 234 223
f 224 235 234
f 225 235 224
f 225 236 235
f 228 237 227
f 228 238 237
f 229 238 228
f 229 239 238
f 230 239 229
f 230 240 239
f 231 240 230
f 231 241 240
f 232 241 231
f 232 242 241
f 233 242 232
f 233 243 242
f 234 243 233
f 234 244 243
f 235 244 234
f 235 245 244
f 236 245 235
f 236 246 245
f 238 248 237
f 238 249 248
f 239 249 238
f 239 250 249
f 240 250 239
f 240 251 250
f 241 251 240
f 241 252 251
f 242 252 241
f 242 253 252
f 243 253 242
f 243 254 253
f 244 254 243
f 244 255 254
f 245 255 244
f 245 256 255
f 246 256 245
f 246 257 256
f 247 257 246
f 247 258 257
f 249 259 248
f 249 260 259
f 250 260 249
f 250 261 260
f 251 261 250
f 251 262 261
f 252 262 251
f 252 263 262
f 253 263 252
f 253 264 263
f 254 264 253
f 254 265 264
f 255 265 254
f 255 266 265
f 256 266 255
f 256 267 266
f 257 267 256
f 257 268 267
f 258 268 257
f 258 269 268
f 260 270 259
f 260 271 270
f 261 271 260
f 261 272 271
f 262 272 261
f 262 273 272
f 263 273 262
f 263 274 273
f 264 274 263
f 264 275 274
f 265 275 264
f 265 276 275
f 266 276 265
f 266 277 276
f 267 277 266
f 267 278 277
f 268 278 267
f 268 279 278
f 269 279 268
f 269 280 279
f 271 282 270
f 271 283 282
f 272 283 271
f 272 284 283
f 273 284 272
f 273 285 284
f 274 285 273
f 274 286 285
f 275 286 274
f 275 287 286
f 276 287 275
f 276 288 287
f 277 288 276
f 277 289 288
f 278 289 277
f 278 290 289
f 279 290 278
f 279 291 290
f 280 291 279
f 280 292 291
f 281 292 280
f 281 293 292
f 283 295 282
f 283 296 295
f 284 296 283
f 284 297 296
f 285 297 284
f 285 298 297
f 286 298 285
f 286 299 298
f 287 299 286
f 287 300 299
f 288 300 287
f 288 301 300
f 289 301 288
f 289 302 301
f 290 302 289
f 290 303 302
f 291 303 290
f 291 304 303
f 292 304 291
f 292 305 304
f 293 305 292
f 293 306 305
f 294 306 293
f 294 307 306
f 296 311 295
f 296 312 311
f 297 312 296
f 297 313 312
f 298 313 297
f 298 314 313
f 299 314 298
f 299 315 314
f 300 315 299
f 300 316 315
f 301 316 300
f 301 317 316
f 302 317 301
f 302 318 317
f 303 318 302
f 303 319 318
f 304 319 303
f 304 320 319
f 305 320 304
f 305 321 320
f 306 321 305
f 306 322 321
f 307 322 306
f 307 323 322
f 308 323 307
f 308 324 323
f 309 330 329
f 310 330 309
f 310 331 330
f 313 335 312
f 313 336 335
f 314 336 313
f 314 337 336
f 315 337 314
f 315 338 337
f 316 338 315
f 316 339 338
f 317 339 316
f 317 340 339
f 318 340 317
f 318 341 340
f 319 341 318
f 319 342 341
f 320 342 319
f 320 343 342
f 321 343 320
f 321 344 343
f 322 344 321
f 322 345 344
f 323 345 322
f 323 346 345
f 324 346 323
f 324 347 346
f 325 350 349
f 326 350 325
f 326 351 350
f 327 351 326
f 327 352 351
f 328 352 327
f 328 353 352
f 329 353 328
f 329 354 353
f 330 354 329
f 330 355 354
f 331 355 330
f 331 356 355
f 332 356 331
f 332 357 356
f 333 357 332
f 333 358 357
f 334 358 333
f 334 359 358
f 336 362 335
f 336 363 362
f 337 363 336
f 337 364 363
f 338 364 337
f 338 365 364
f 339 365 338
f 339 366 365
f 340 366 339
f 340 367 366
f 341 367 340
f 341 368 367
f 342 368 341
f 342 369 368
f 343 369 342
f 343 370 369
f 344 370 343
f 344 371 370
f 345 371 344
f 345 372 371
f 346 372 345
f 346 373 372
f 347 373 346
f 347 374 373
f 348 374 347
f 348 375 374
f 349 378 377
f 350 378 349
f 350 379 378
f 351 379 350
f 351 380 379
f 352 380 351
f 352 381 380
f 353 381 352
f 353 382 381
f 354 382 353
f 354 383 382
f 355 383 354
f 355 384 383
f 356 384 355
f 356 385 384
f 357 385 356
f 357 386 385
f 358 386 357
f 358 387 386
f 359 387 358
f 359 388 387
f 360 388 359
f 360 389 388
f 361 389 360
f 361 390 389
f 363 392 362
f 363 393 392
f 364 393 363
f 364 394 393
f 365 394 364
f 365 395 394
f 366 395 365
f 366 396 395
f 367 396 366
f 367 397 396
f 368 397 367
f 368 398 397
f 369 398 368
f 369 399 398
f 370 399 369
f 370 400 399
f 371 400 370
f 371 401 400
f 372 401 371
f 372 402 401
f 373 402 372
f 373 403 402
f 374 403 373
f 374 404 403
f 375 404 374
f 375 405 404
f 376 405 375
f 376 406 405
f 378 407 377
f 378 408 407
f 379 408 378
f 379 409 408
f 380 409 379
f 380 410 409
f 381 410 380
f 381 411 410
f 382 411 381
f 382 412 411
f 383 412 382
f 383 413 412
f 384 413 383
f 384 414 413
f 385 414 384
f 385 415 414
f 386 415 385
f 386 416 415
f 387 416 386
f 387 417 416
f 388 417 387
f 388 418 417
f 389 418 388
f 389 419 418
f 390 419 389
f 390 420 419
f 391 420 390
f 391 421 420
f 394 422 393
f 394 423 422
f 395 423 394
f 395 424 423
f 396 424 395
f 396 425 424
f 397 425 396
f 397 426 425
f 398 426 397
f 398 427 426
f 399 427 398
f 399 428 427
f 400 428 399
f 400 429 428
f 401 429 400
f 401 430 429
f 402 430 401
f 402 431 430
f 403 431 402
f 403 432 431
f 404 432 403
f 404 433 432
f 405 433 404
f 405 434 433
f 406 434 405
f 406 435 434
f 408 437 407
f 408 438 437
f 409 438 408
f 409 439 438
f 410 439 409
f 410 440 439
f 411 440 410
f 411 441 440
f 412 441 411
f 412 442 441
f 413 442 412
f 413 443 442
f 414 443 413
f 414 444 443
f 415 444 414
f 415 445 444
f 416 445 415
f 416 446 445
f 417 446 416
f 417 447 446
f 418 447 417
f 418 448 447
f 419 448 418
f 419 449 448
f 420 449 419
f 420 450 449
f 421 450 420
f 421 451 450
f 423 453 422
f 423 454 453
f 424 454 423
f 424 455 454
f 425 455 424
f 425 456 455
f 426 456 425
f 426 457 456
f 427 457 426
f 427 458 457
f 428 458 427
f 428 459 458
f 429 459 428
f 429 460 459
f 430 460 429
f 430 461 460
f 431 461 430
f 431 462 461
f 432 462 431
f 432 463 462
f 433 463 432
f 433 464 463
f 434 464 433
f 434 465 464
f 435 465 434
f 435 466 465
f 436 466 435
f 436 467 466
f 438 468 437
f 438 469 468
f 439 469 438
f 439 470 469
f 440 470 439
f 440 471 470
f 441 471 440
f 441 472 471
f 442 472 441
f 442 473 472
f 443 473 442
f 443 474 473
f 444 474 443
f 444 475 474
f 445 475 444
f 445 476 475
f 446 476 445
f 446 477 476
f 447 477 446
f 447 478 477
f 448 478 447
f 448 479 478
f 449 479 448
f 449 480 479
f 450 480 449
f 450 481 480
f 451 481 450
f 451 482 481
f 452 483 482
f 455 484 454
f 455 485 484
f 456 485 455
f 456 486 485
f 457 486 456
f 457 487 486
f 458 487 457
f 458 488 487
f 459 488 458
f 459 489 488
f 460 489 459
f 460 490 489
f 461 490 460
f 461 491 490
f 462 491 461
f 462 492 491
f 463 492 462
f 463 493 492
f 464 493 463
f 464 494 493
f 465 494 464
f 465 495 494
f 466 495 465
f 466 496 495
f 467 496 466
f 467 497 496
f 469 499 468
f 469 500 499
f 470 500 469
f 470 501 500
f 471 501 470
f 471 502 501
f 472 502 471
f 472 503 502
f 473 503 472
f 473 504 503
f 474 504 473
f 474 505 504
f 475 505 474
f 475 506 505
f 476 506 475
f 476 507 506
f 477 507 476
f 477 508 507
f 478 508 477
f 478 509 508
f 479 509 478
f 479 510 509
f 480 510 479
f 480 511 510
f 481 511 480
f 481 512 511
f 482 512 481
f 482 513 512
f 483 513 482
f 483 514 513
f 485 516 484
f 485 517 516
f 486 517 485
f 486 518 517
f 487 518 486
f 487 519 518
f 488 519 487
f 488 520 519
f 489 520 488
f 489 521 520
f 490 521 489
f 490 522 521
f 491 522 490
f 491 523 522
f 492 523 491
f 492 524 523
f 493 524 492
f 493 525 524
f 494 525 493
f 494 526 525
f 495 526 494
f 495 527 526
f 496 527 495
f 496 528 527
f 497 528 496
f 497 529 528
f 498 529 497
f 498 530 529
f 500 531 499
f 500 532 531
f 501 532 500
f 501 533 532
f 502 533 501
f 502 534 533
f 503 534 502
f 503 535 534
f 504 535 503
f 504 536 535
f 505 536 504
f 505 537 536
f 506 537 505
f 506 538 537
f 507 538 506
f 507 539 538
f 508 539 507
f 508 540 539
f 509 540 508
f 509 541 540
f 510 541 509
f 510 542 541
f 511 542 510
f 511 543 542
f 512 543 511
f 512 544 543
f 513 544 512
f 513 545 544
f 514 545 513
f 514 546 545
f 515 547 546
f 517 548 516
f 517 549 548
f 518 549 517
f 518 550 549
f 519 550 518
f 519 551 550
f 520 551 519
f 520 552 551
f 521 552 520
f 521 553 552
f 522 553 521
f 522 554 553
f 523 554 522
f 523 555 554
f 524 555 523
f 524 556 555
f 525 556 524
f 525 557 556
f 526 557 525
f 526 558 557
f 527 558 526
f 527 559 558
f 528 559 527
f 528 560 559
f 529 560 528
f 529 561 560
f 530 561 529
f 530 562 561
f 533 564 532
f 533 565 564
f 534 565 533
f 534 566 565
f 535 566 534
f 535 567 566
f 536 567 535
f 536 568 567
f 537 568 536
f 537 569 568
f 538 569 537
f 538 570 569
f 539 570 538
f 539 571 570
f 540 571 539
f 540 572 571
f 541 572 540
f 541 573 572
f 542 573 541
f 542 574 573
f 543 574 542
f 543 575 574
f 544 575 543
f 544 576 575
f 545 576 544
f 545 577 576
f 546 577 545
f 546 578 577
f 547 578 546
f 547 579 578
f 549 580 548
f 549 581 580
f 550 581 549
f 550 582 581
f 551 582 550
f 551 583 582
f 552 583 551
f 552 584 583
f 553 584 552
f 553 585 584
f 554 585 553
f 554 586 585
f 555 586 554
f 555 587 586
f 556 587 555
f 556 588 587
f 557 588 556
f 557 589 588
f 558 589 557
f 558 590 589
f 559 590 558
f 559 591 590
f 560 591 559
f 560 592 591
f 561 592 560
f 561 593 592
f 562 593 561
f 562 594 593
f 563 594 562
f 563 595 594
f 565 597 564
f 565 598 597
f 566 598 565
f 566 599 598
f 567 599 566
f 567 600 599
f 568 600 567
f 568 601 600
f 569 601 568
f 569 602 601
f 570 602 569
f 570 603 602
f 571 603 570
f 571 604 603
f 572 604 571
f 572 605 604
f 573 605 572
f 573 606 605
f 574 606 573
f 574 607 606
f 575 607 574
f 575 608 607
f 576 608 575
f 576 609 608
f 577 609 576
f 577 610 609
f 578 610 577
f 578 611 610
f 579 611 578
f 579 612 611
f 582 613 581
f 582 614 613
f 583 614 582
f 583 615 614
f 584 615 583
f 584 616 615
f 585 616 584
f 585 617 616
f 586 617 585
f 586 618 617
f 587 618 586
f 587 619 618
f 588 619 587
f 588 620 619
f 589 620 588
f 589 621 620
f 590 621 589
f 590 622 621
f 591 622 590
f 591 623 622
f 592 623 591
f 592 624 623
f 593 624 592
f 593 625 624
f 594 625 593
f 594 626 625
f 595 626 594
f 595 627 626
f 596 627 595
f 596 628 627
f 599 629 598
f 599 630 629
f 600 630 599
f 600 631 630
f 601 631 600
f 601 632 631
f 602 632 601
f 602 633 632
f 603 633 602
f 603 634 633
f 604 634 603
f 604 635 634
f 605 635 604
f 605 636 635
f 606 636 605
f 606 637 636
f 607 637 606
f 607 638 637
f 608 638 607
f 608 639 638
f 609 639 608
f 609 640 639
f 610 640 609
f 610 641 640
f 611 641 610
f 611 642 641
f 612 642 611
f 612 643 642
f 614 645 613
f 614 646 645
f 615 646 614
f 615 647 646
f 616 647 615
f 616 648 647
f 617 648 616
f 617 649 648
f 618 649 617
f 618 650 649
f 619 650 618
f 619 651 650
f 620 651 619
f 620 652 651
f 621 652 620
f 621 653 652
f 622 653 621
f 622 654 653
f 623 654 622
f 623 655 654
f 624 655 623
f 624 656 655
f 625 656 624
f 625 657 656
f 626 657 625
f 626 658 657
f 627 658 626
f 627 659 658
f 628 659 627
f 628 660 659
f 631 670 630
f 631 671 670
f 632 671 631
f 632 672 671
f 633 672 632
f 633 673 672
f 634 673 633
f 634 674 673
f 635 674 634
f 635 675 674
f 636 675 635
f 636 676 675
f 637 676 636
f 637 677 676
f 638 677 637
f 638 678 677
f 639 678 638
f 639 679 678
f 640 679 639
f 640 680 679
f 641 680 640
f 641 681 680
f 642 681 641
f 642 682 681
f 643 682 642
f 643 683 682
f 644 683 643
f 644 684 683
f 646 685 645
f 646 686 685
f 647 686 646
f 647 687 686
f 648 687 647
f 648 688 687
f 649 688 648
f 649 689 688
f 650 689 649
f 650 690 689
f 651 690 650
f 651 691 690
f 652 691 651
f 652 692 691
f 653 692 652
f 653 693 692
f 654 693 653
f 654 694 693
f 655 694 654
f 655 695 694
f 656 695 655
f 656 696 695
f 657 696 656
f 657 697 696
f 658 697 657
f 658 698 697
f 659 698 658
f 659 699 698
f 660 699 659
f 660 700 699
f 661 700 660
f 661 701 700
f 662 704 703
f 663 704 662
f 663 705 704
f 664 705 663
f 664 706 705
f 665 706 664
f 665 707 706
f 666 707 665
f 666 708 707
f 667 708 666
f 667 709 708
f 668 709 667
f 668 710 709
f 669 710 668
f 669 711 710
f 673 714 713
f 674 714 673
f 674 715 714
f 675 715 674
f 675 716 715
f 676 716 675
f 676 717 716
f 677 717 676
f 677 718 717
f 678 718 677
f 678 719 718
f 679 719 678
f 679 720 719
f 680 720 679
f 680 721 720
f 681 721 680
f 681 722 721
f 682 722 681
f 682 723 722
f 683 723 682
f 683 724 723
f 684 724 683
f 684 725 724
f 687 727 686
f 687 728 727
f 688 728 687
f 688 729 728
f 689 729 688
f 689 730 729
f 690 730 689
f 690 731 730
f 691 731 690
f 691 732 731
f 692 732 691
f 692 733 732
f 693 733 692
f 693 734 733
f 694 734 693
f 694 735 734
f 695 735 694
f 695 736 735
f 696 736 695
f 696 737 736
f 697 737 696
f 697 738 737
f 698 738 697
f 698 739 738
f 699 739 698
f 699 740 739
f 700 740 699
f 700 741 740
f 701 741 700
f 701 742 741
f 702 742 701
f 702 743 742
f 704 744 703
f 704 745 744
f 705 745 704
f 705 746 745
f 706 746 705
f 706 747 746
f 707 747 706
f 707 748 747
f 708 748 707
f 708 749 748
f 709 749 708
f 709 750 749
f 710 750 709
f 710 751 750
f 711 751 710
f 711 752 751
f 712 752 711
f 712 753 752
f 715 757 756
f 716 757 715
f 716 758 757
f 717 758 716
f 717 759 758
f 718 759 717
f 718 760 759
f 719 760 718
f 719 761 760
f 720 761 719
f 720 762 761
f 721 762 720
f 721 763 762
f 722 763 721
f 722 764 763
f 723 764 722
f 723 765 764
f 724 765 723
f 724 766 765
f 725 766 724
f 725 767 766
f 726 767 725
f 726 768 767
f 728 769 727
f 728 770 769
f 729 770 728
f 729 771 770
f 730 771 729
f 730 772 771
f 731 772 730
f 731 773 772
f 732 773 731
f 732 774 773
f 733 774 732
f 733 775 774
f 734 775 733
f 734 776 775
f 735 776 734
f 735 777 776
f 736 777 735
f 736 778 777
f 737 778 736
f 737 779 778
f 738 779 737
f 738 780 779
f 739 780 738
f 739 781 780
f 740 781 739
f 740 782 781
f 741 782 740
f 741 783 782
f 742 783 741
f 742 784 783
f 743 784 742
f 743 785 784
f 745 787 744
f 745 788 787
f 746 788 745
f 746 789 788
f 747 789 746
f 747 790 789
f 748 790 747
f 748 791 790
f 749 791 748
f 749 792 791
f 750 792 749
f 750 793 792
f 751 793 750
f 751 794 793
f 752 794 751
f 752 795 794
f 753 795 752
f 753 796 795
f 754 796 753
f 754 797 796
f 755 797 754
f 755 798 797
f 758 801 800
f 759 801 758
f 759 802 801
f 760 802 759
f 760 803 802
f 761 803 760
f 761 804 803
f 762 804 761
f 762 805 804
f 763 805 762
f 763 806 805
f 764 806 763
f 764 807 806
f 765 807 764
f 765 808 807
f 766 808 765
f 766 809 808
f 767 809 766
f 767 810 809
f 768 810 767
f 768 811 810
f 769 814 813
f 770 814 769
f 770 815 814
f 771 815 770
f 771 816 815
f 772 816 771
f 772 817 816
f 773 817 772
f 773 818 817
f 774 818 773
f 774 819 818
f 775 819 774
f 775 820 819
f 776 820 775
f 776 821 820
f 777 821 776
f 777 822 821
f 778 822 777
f 778 823 822
f 779 823 778
f 779 824 823
f 780 824 779
f 780 825 824
f 781 825 780
f 781 826 825
f 782 826 781
f 782 827 826
f 783 827 782
f 783 828 827
f 784 828 783
f 784 829 828
f 785 829 784
f 785 830 829
f 786 830 785
f 786 831 830
f 788 832 787
f 788 833 832
f 789 833 788
f 789 834 833
f 790 834 789
f 790 835 834
f 791 835 790
f 791 836 835
f 792 836 791
f 792 837 836
f 793 837 792
f 793 838 837
f 794 838 793
f 794 839 838
f 795 839 794
f 795 840 839
f 796 840 795
f 796 841 840
f 797 841 796
f 797 842 841
f 798 842 797
f 798 843 842
f 799 843 798
f 799 844 843
f 802 847 846
f 803 847 802
f 803 848 847
f 804 848 803
f 804 849 848
f 805 849 804
f 805 850 849
f 806 850 805
f 806 851 850
f 807 851 806
f 807 852 851
f 808 852 807
f 808 853 852
f 809 853 808
f 809 854 853
f 810 854 809
f 810 855 854
f 811 855 810
f 811 856 855
f 812 856 811
f 812 857 856
f 814 859 813
f 814 860 859
f 815 860 814
f 815 861 860
f 816 861 815
f 816 862 861
f 817 862 816
f 817 863 862
f 818 863 817
f 818 864 863
f 819 864 818
f 819 865 864
f 820 865 819
f 820 866 865
f 821 866 820
f 821 867 866
f 822 867 821
f 822 868 867
f 823 868 822
f 823 869 868
f 824 869 823
f 824 870 869
f 825 870 824
f 825 871 870
f 826 871 825
f 826 872 871
f 827 872 826
f 827 873 872
f 828 873 827
f 828 874 873
f 829 874 828
f 829 875 874
f 830 875 829
f 830 876 875
f 831 876 830
f 831 877 876
f 833 880 832
f 833 881 880
f 834 881 833
f 834 882 881
f 835 882 834
f 835 883 882
f 836 883 835
f 836 884 883
f 837 884 836
f 837 885 884
f 838 885 837
f 838 886 885
f 839 886 838
f 839 887 886
f 840 887 839
f 840 888 887
f 841 888 840
f 841 889 888
f 842 889 841
f 842 890 889
f 843 890 842
f 843 891 890
f 844 891 843
f 844 892 891
f 845 892 844
f 845 893 892
f 849 894 848
f 849 895 894
f 850 895 849
f 850 896 895
f 851 896 850
f 851 897 896
f 852 897 851
f 852 898 897
f 853 898 852
f 853 899 898
f 854 899 853
f 854 900 899
f 855 900 854
f 855 901 900
f 856 901 855
f 856 902 901
f 857 902 856
f 857 903 902
f 858 903 857
f 858 904 903
f 860 906 859
f 860 907 906
f 861 907 860
f 861 908 907
f 862 908 861
f 862 909 908
f 863 909 862
f 863 910 909
f 864 910 863
f 864 911 910
f 865 911 864
f 865 912 911
f 866 912 865
f 866 913 912
f 867 913 866
f 867 914 913
f 868 914 867
f 868 915 914
f 869 915 868
f 869 916 915
f 870 916 869
f 870 917 916
f 871 917 870
f 871 918 917
f 872 918 871
f 872 919 918
f 873 919 872
f 873 920 919
f 874 920 873
f 874 921 920
f 875 921 874
f 875 922 921
f 876 922 875
f 876 923 922
f 877 923 876
f 877 924 923
f 878 924 877
f 878 925 924
f 880 927 879
f 880 928 927
f 881 928 880
f 881 929 928
f 882 929 881
f 882 930 929
f 883 930 882
f 883 931 930
f 884 931 883
f 884 932 931
f 885 932 884
f 885 933 932
f 886 933 885
f 886 934 933
f 887 934 886
f 887 935 934
f 888 935 887
f 888 936 935
f 889 936 888
f 889 937 936
f 890 937 889
f 890 938 937
f 891 938 890
f 891 939 938
f 892 939 891
f 892 940 939
f 893 940 892
f 893 941 940
f 896 942 895
f 896 943 942
f 897 943 896
f 897 944 943
f 898 944 897
f 898 945 944
f 899 945 898
f 899 946 945
f 900 946 899
f 900 947 946
f 901 947 900
f 901 948 947
f 902 948 901
f 902 949 948
f 903 949 902
f 903 950 949
f 904 950 903
f 904 951 950
f 905 951 904
f 905 952 951
f 907 955 906
f 907 956 955
f 908 956 907
f 908 957 956
f 909 957 908
f 909 958 957
f 910 958 909
f 910 959 958
f 911 959 910
f 911 960 959
f 912 960 911
f 912 961 960
f 913 961 912
f 913 962 961
f 914 962 913
f 914 963 962
f 915 963 914
f 915 964 963
f 916 964 915
f 916 965 964
f 917 965 916
f 917 966 965
f 918 966 917
f 918 967 966
f 919 967 918
f 919 968 967
f 920 968 919
f 920 969 968
f 921 969 920
f 921 970 969
f 922 970 921
f 922 971 970
f 923 971 922
f 923 972 971
f 924 972 923
f 924 973 972
f 925 973 924
f 925 974 973
f 926 974 925
f 926 975 974
f 928 976 927
f 928 977 976
f 929 977 928
f 929 978 977
f 930 978 929
f 930 979 978
f 931 979 930
f 931 980 979
f 932 980 931
f 932 981 980
f 933 981 932
f 933 982 981
f 934 982 933
f 934 983 982
f 935 983 934
f 935 984 983
f 936 984 935
f 936 985 984
f 937 985 936
f 937 986 985
f 938 986 937
f 938 987 986
f 939 987 938
f 939 988 987
f 940 988 939
f 940 989 988
f 941 989 940
f 941 990 989
f 945 991 944
f 945 992 991
f 946 992 945
f 946 993 992
f 947 993 946
f 947 994 993
f 948 994 947
f 948 995 994
f 949 995 948
f 949 996 995
f 950 996 949
f 950 997 996
f 951 997 950
f 951 998 997
f 952 998 951
f 952 999 998
f 953 999 952
f 953 1000 999
f 954 1000 953
f 954 1001 1000
f 956 1003 955
f 956 1004 1003
f 957 1004 956
f 957 1005 1004
f 958 1005 957
f 958 1006 1005
f 959 1006 958
f 959 1007 1006
f 960 1007 959
f 960 1008 1007
f 961 1008 960
f 961 1009 1008
f 962 1009 961
f 962 1010 1009
f 963 1010 962
f 963 1011 1010
f 964 1011 963
f 964 1012 1011
f 965 1012 964
f 965 1013 1012
f 966 1013 965
f 966 1014 1013
f 967 1014 966
f 967 1015 1014
f 968 1015 967
f 968 1016 1015
f 969 1016 968
f 969 1017 1016
f 970 1017 969
f 970 1018 1017
f 971 1018 970
f 971 1019 1018
f 972 1019 971
f 972 1020 1019
f 973 1020 972
f 973 1021 1020
f 974 1021 973
f 974 1022 1021
f 975 1022 974
f 975 1023 1022
f 978 1024 977
f 978 1025 1024
f 979 1025 978
f 979 1026 1025
f 980 1026 979
f 980 1027 1026
f 981 1027 980
f 981 1028 1027
f 982 1028 981
f 982 1029 1028
f 983 1029 982
f 983 1030 1029
f 984 1030 983
f 984 1031 1030
f 985 1031 984
f 985 1032 1031
f 986 1032 985
f 986 1033 1032
f 987 1033 986
f 987 1034 1033
f 988 1034 987
f 988 1035 1034
f 989 1035 988
f 989 1036 1035
f 990 1036 989
f 990 1037 1036
f 993 1039 992
f 993 1040 1039
f 994 1040 993
f 994 1041 1040
f 995 1041 994
f 995 1042 1041
f 996 1042 995
f 996 1043 1042
f 997 1043 996
f 997 1044 1043
f 998 1044 997
f 998 1045 1044
f 999 1045 998
f 999 1046 1045
f 1000 1046 999
f 1000 1047 1046
f 1001 1047 1000
f 1001 1048 1047
f 1002 1048 1001
f 1002 1049 1048
f 1003 1052 1051
f 1004 1052 1003
f 1004 1053 1052
f 1005 1053 1004
f 1005 1054 1053
f 1006 1054 1005
f 1006 1055 1054
f 1007 1055 1006
f 1007 1056 1055
f 1008 1056 1007
f 1008 1057 1056
f 1009 1057 1008
f 1009 1058 1057
f 1010 1058 1009
f 1010 1059 1058
f 1011 1059 1010
f 1011 1060 1059
f 1012 1060 1011
f 1012 1061 1060
f 1013 1061 1012
f 1013 1062 1061
f 1014 1062 1013
f 1014 1063 1062
f 1015 1063 1014
f 1015 1064 1063
f 1016 1064 1015
f 1016 1065 1064
f 1017 1065 1016
f 1017 1066 1065
f 1018 1066 1017
f 1018 1067 1066
f 1019 1067 1018
f 1019 1068 1067
f 1020 1068 1019
f 1020 1069 1068
f 1021 1069 1020
f 1021 1070 1069
f 1022 1070 1021
f 1022 1071 1070
f 1023 1071 1022
f 1023 1072 1071
f 1026 1073 1025
f 1026 1074 1073
f 1027 1074 1026
f 1027 1075 1074
f 1028 1075 1027
f 1028 1076 1075
f 1029 1076 1028
f 1029 1077 1076
f 1030 1077 1029
f 1030 1078 1077
f 1031 1078 1030
f 1031 1079 1078
f 1032 1079 1031
f 1032 1080 1079
f 1033 1080 1032
f 1033 1081 1080
f 1034 1081 1033
f 1034 1082 1081
f 1035 1082 1034
f 1035 1083 1082
f 1036 1083 1035
f 1036 1084 1083
f 1037 1084 1036
f 1037 1085 1084
f 1038 1085 1037
f 1040 1086 1039
f 1040 1087 1086
f 1041 1087 1040
f 1041 1088 1087
f 1042 1088 1041
f 1042 1089 1088
f 1043 1089 1042
f 1043 1090 1089
f 1044 1090 1043
f 1044 1091 1090
f 1045 1091 1044
f 1045 1092 1091
f 1046 1092 1045
f 1046 1093 1092
f 1047 1093 1046
f 1047 1094 1093
f 1048 1094 1047
f 1048 1095 1094
f 1049 1095 1048
f 1049 1096 1095
f 1050 1096 1049
f 1050 1097 1096
f 1052 1098 1051
f 1052 1099 1098
f 1053 1099 1052
f 1053 1100 1099
f 1054 1100 1053
f 1054 1101 1100
f 1055 1101 1054
f 1055 1102 1101
f 1056 1102 1055
f 1056 1103 1102
f 1057 1103 1056
f 1057 1104 1103
f 1058 1104 1057
f 1058 1105 1104
f 1059 1105 1058
f 1059 1106 1105
f 1060 1106 1059
f 1060 1107 1106
f 1061 1107 1060
f 1061 1108 1107
f 1062 1108 1061
f 1062 1109 1108
f 1063 1109 1062
f 1063 1110 1109
f 1064 1110 1063
f 1064 1111 1110
f 1065 1111 1064
f 1065 1112 1111
f 1066 1112 1065
f 1066 1113 1112
f 1067 1113 1066
f 1067 1114 1113
f 1068 1114 1067
f 1068 1115 1114
f 1069 1115 1068
f 1069 1116 1115
f 1070 1116 1069
f 1070 1117 1116
f 1071 1117 1070
f 1071 1118 1117
f 1072 1118 1071
f 1072 1119 1118
f 1076 1121 1075
f 1076 1122 1121
f 1077 1122 1076
f 1077 1123 1122
f 1078 1123 1077
f 1078 1124 1123
f 1079 1124 1078
f 1079 1125 1124
f 1080 1125 1079
f 1080 1126 1125
f 1081 1126 1080
f 1081 1127 1126
f 1082 1127 1081
f 1082 1128 1127
f 1083 1128 1082
f 1083 1129 1128
f 1084 1129 1083
f 1084 1130 1129
f 1085 1130 1084
f 1085 1131 1130
f 1088 1132 1087
f 1088 1133 1132
f 1089 1133 1088
f 1089 1134 1133
f 1090 1134 1089
f 1090 1135 1134
f 1091 1135 1090
f 1091 1136 1135
f 1092 1136 1091
f 1092 1137 1136
f 1093 1137 1092
f 1093 1138 1137
f 1094 1138 1093
f 1094 1139 1138
f 1095 1139 1094
f 1095 1140 1139
f 1096 1140 1095
f 1096 1141 1140
f 1097 1141 1096
f 1097 1142 1141
f 1098 1145 1144
f 1099 1145 1098
f 1099 1146 1145
f 1100 1146 1099
f 1100 1147 1146
f 1101 1147 1100
f 1101 1148 1147
f 1102 1148 1101
f 1102 1149 1148
f 1103 1149 1102
f 1103 1150 1149
f 1104 1150 1103
f 1104 1151 1150
f 1105 1151 1104
f 1105 1152 1151
f 1106 1152 1105
f 1106 1153 1152
f 1107 1153 1106
f 1107 1154 1153
f 1108 1154 1107
f 1108 1155 1154
f 1109 1155 1108
f 1109 1156 1155
f 1110 1156 1109
f 1110 1157 1156
f 1111 1157 1110
f 1111 1158 1157
f 1112 1158 1111
f 1112 1159 1158
f 1113 1159 1112
f 1113 1160 1159
f 1114 1160 1113
f 1114 1161 1160
f 1115 1161 1114
f 1115 1162 1161
f 1116 1162 1115
f 1116 1163 1162
f 1117 1163 1116
f 1117 1164 1163
f 1118 1164 1117
f 1118 1165 1164
f 1119 1165 1118
f 1119 1166 1165
f 1120 1166 1119
f 1120 1167 1166
f 1122 1168 1121
f 1122 1169 1168
f 1123 1169 1122
f 1123 1170 1169
f 1124 1170 1123
f 1124 1171 1170
f 1125 1171 1124
f 1125 1172 1171
f 1126 1172 1125
f 1126 1173 1172
f 1127 1173 1126
f 1127 1174 1173
f 1128 1174 1127
f 1128 1175 1174
f 1129 1175 1128
f 1129 1176 1175
f 1130 1176 1129
f 1130 1177 1176
f 1131 1177 1130
f 1131 1178 1177
f 1134 1179 1133
f 1134 1180 1179
f 1135 1180 1134
f 1135 1181 1180
f 1136 1181 1135
f 1136 1182 1181
f 1137 1182 1136
f 1137 1183 1182
f 1138 1183 1137
f 1138 1184 1183
f 1139 1184 1138
f 1139 1185 1184
f 1140 1185 1139
f 1140 1186 1185
f 1141 1186 1140
f 1141 1187 1186
f 1142 1187 1141
f 1142 1188 1187
f 1143 1188 1142
f 1143 1189 1188
f 1144 1192 1191
f 1145 1192 1144
f 1145 1193 1192
f 1146 1193 1145
f 1146 1194 1193
f 1147 1194 1146
f 1147 1195 1194
f 1148 1195 1147
f 1148 1196 1195
f 1149 1196 1148
f 1149 1197 1196
f 1150 1197 1149
f 1150 1198 1197
f 1151 1198 1150
f 1151 1199 1198
f 1152 1199 1151
f 1152 1200 1199
f 1153 1200 1152
f 1153 1201 1200
f 1154 1201 1153
f 1154 1202 1201
f 1155 1202 1154
f 1155 1203 1202
f 1156 1203 1155
f 1156 1204 1203
f 1157 1204 1156
f 1157 1205 1204
f 1158 1205 1157
f 1158 1206 1205
f 1159 1206 1158
f 1159 1207 1206
f 1160 1207 1159
f 1160 1208 1207
f 1161 1208 1160
f 1161 1209 1208
f 1162 1209 1161
f 1162 1210 1209
f 1163 1210 1162
f 1163 1211 1210
f 1164 1211 1163
f 1164 1212 1211
f 1165 1212 1164
f 1165 1213 1212
f 1166 1213 1165
f 1166 1214 1213
f 1167 1214 1166
f 1167 1215 1214
f 1170 1216 1169
f 1170 1217 1216
f 1171 1217 1170
f 1171 1218 1217
f 1172 1218 1171
f 1172 1219 1218
f 1173 1219 1172
f 1173 1220 1219
f 1174 1220 1173
f 1174 1221 1220
f 1175 1221 1174
f 1175 1222 1221
f 1176 1222 1175
f 1176 1223 1222
f 1177 1223 1176
f 1177 1224 1223
f 1178 1224 1177
f 1178 1225 1224
f 1180 1226 1179
f 1180 1227 1226
f 1181 1227 1180
f 1181 1228 1227
f 1182 1228 1181
f 1182 1229 1228
f 1183 1229 1182
f 1183 1230 1229
f 1184 1230 1183
f 1184 1231 1230
f 1185 1231 1184
f 1185 1232 1231
f 1186 1232 1185
f 1186 1233 1232
f 1187 1233 1186
f 1187 1234 1233
f 1188 1234 1187
f 1188 1235 1234
f 1189 1235 1188
f 1189 1236 1235
f 1190 1236 1189
f 1190 1237 1236
f 1191 1240 1239
f 1192 1240 1191
f 1192 1241 1240
f 1193 1241 1192
f 1193 1242 1241
f 1194 1242 1193
f 1194 1243 1242
f 1195 1243 1194
f 1195 1244 1243
f 1196 1244 1195
f 1196 1245 1244
f 1197 1245 1196
f 1197 1246 1245
f 1198 1246 1197
f 1198 1247 1246
f 1199 1247 1198
f 1199 1248 1247
f 1200 1248 1199
f 1200 1249 1248
f 1201 1249 1200
f 1201 1250 1249
f 1202 1250 1201
f 1202 1251 1250
f 1203 1251 1202
f 1203 1252 1251
f 1204 1252 1203
f 1204 1253 1252
f 1205 1253 1204
f 1205 1254 1253
f 1206 1254 1205
f 1206 1255 1254
f 1207 1255 1206
f 1207 1256 1255
f 1208 1256 1207
f 1208 1257 1256
f 1209 1257 1208
f 1209 1258 1257
f 1210 1258 1209
f 1210 1259 1258
f 1211 1259 1210
f 1211 1260 1259
f 1212 1260 1211
f 1212 1261 1260
f 1213 1261 1212
f 1213 1262 1261
f 1214 1262 1213
f 1214 1263 1262
f 1215 1263 1214
f 1215 1264 1263
f 1217 1265 1216
f 1217 1266 1265
f 1218 1266 1217
f 1218 1267 1266
f 1219 1267 1218
f 1219 1268 1267
f 1220 1268 1219
f 1220 1269 1268
f 1221 1269 1220
f 1221 1270 1269
f 1222 1270 1221
f 1222 1271 1270
f 1223 1271 1222
f 1223 1272 1271
f 1224 1272 1223
f 1224 1273 1272
f 1225 1273 1224
f 1225 1274 1273
f 1228 1275 1227
f 1228 1276 1275
f 1229 1276 1228
f 1229 1277 1276
f 1230 1277 1229
f 1230 1278 1277
f 1231 1278 1230
f 1231 1279 1278
f 1232 1279 1231
f 1232 1280 1279
f 1233 1280 1232
f 1233 1281 1280
f 1234 1281 1233
f 1234 1282 1281
f 1235 1282 1234
f 1235 1283 1282
f 1236 1283 1235
f 1236 1284 1283
f 1237 1284 1236
f 1237 1285 1284
f 1238 1285 1237
f 1238 1286 1285
f 1239 1288 1287
f 1240 1288 1239
f 1240 1289 1288
f 1241 1289 1240
f 1241 1290 1289
f 1242 1290 1241
f 1242 1291 1290
f 1243 1291 1242
f 1243 1292 1291
f 1244 1292 1243
f 1244 1293 1292
f 1245 1293 1244
f 1245 1294 1293
f 1246 1294 1245
f 1246 1295 1294
f 1247 1295 1246
f 1247 1296 1295
f 1248 1296 1247
f 1248 1297 1296
f 1249 1297 1248
f 1249 1298 1297
f 1250 1298 1249
f 1250 1299 1298
f 1251 1299 1250
f 1251 1300 1299
f 1252 1300 1251
f 1252 1301 1300
f 1253 1301 1252
f 1253 1302 1301
f 1254 1302 1253
f 1254 1303 1302
f 1255 1303 1254
f 1255 1304 1303
f 1256 1304 1255
f 1256 1305 1304
f 1257 1305 1256
f 1257 1306 1305
f 1258 1306 1257
f 1258 1307 1306
f 1259 1307 1258
f 1259 1308 1307
f 1260 1308 1259
f 1260 1309 1308
f 1261 1309 1260
f 1261 1310 1309
f 1262 1310 1261
f 1262 1311 1310
f 1263 1311 1262
f 1263 1312 1311
f 1264 1312 1263
f 1264 1313 1312
f 1266 1321 1265
f 1266 1322 1321
f 1267 1322 1266
f 1267 1323 1322
f 1268 1323 1267
f 1268 1324 1323
f 1269 1324 1268
f 1269 1325 1324
f 1270 1325 1269
f 1270 1326 1325
f 1271 1326 1270
f 1271 1327 1326
f 1272 1327 1271
f 1272 1328 1327
f 1273 1328 1272
f 1273 1329 1328
f 1274 1329 1273
f 1274 1330 1329
f 1277 1331 1276
f 1277 1332 1331
f 1278 1332 1277
f 1278 1333 1332
f 1279 1333 1278
f 1279 1334 1333
f 1280 1334 1279
f 1280 1335 1334
f 1281 1335 1280
f 1281 1336 1335
f 1282 1336 1281
f 1282 1337 1336
f 1283 1337 1282
f 1283 1338 1337
f 1284 1338 1283
f 1284 1339 1338
f 1285 1339 1284
f 1285 1340 1339
f 1286 1340 1285
f 1286 1341 1340
f 1287 1344 1343
f 1288 1344 1287
f 1288 1345 1344
f 1289 1345 1288
f 1289 1346 1345
f 1290 1346 1289
f 1290 1347 1346
f 1291 1347 1290
f 1291 1348 1347
f 1292 1348 1291
f 1292 1349 1348
f 1293 1349 1292
f 1293 1350 1349
f 1294 1350 1293
f 1294 1351 1350
f 1295 1351 1294
f 1295 1352 1351
f 1296 1352 1295
f 1296 1353 1352
f 1297 1353 1296
f 1297 1354 1353
f 1298 1354 1297
f 1298 1355 1354
f 1299 1355 1298
f 1299 1356 1355
f 1300 1356 1299
f 1300 1357 1356
f 1301 1357 1300
f 1301 1358 1357
f 1302 1358 1301
f 1302 1359 1358
f 1303 1359 1302
f 1303 1360 1359
f 1304 1360 1303
f 1304 1361 1360
f 1305 1361 1304
f 1305 1362 1361
f 1306 1362 1305
f 1306 1363 1362
f 1307 1363 1306
f 1307 1364 1363
f 1308 1364 1307
f 1308 1365 1364
f 1309 1365 1308
f 1309 1366 1365
f 1310 1366 1309
f 1310 1367 1366
f 1311 1367 1310
f 1311 1368 1367
f 1312 1368 1311
f 1312 1369 1368
f 1313 1369 1312
f 1313 1370 1369
f 1315 1371 1314
f 1315 1372 1371
f 1316 1372 1315
f 1316 1373 1372
f 1317 1373 1316
f 1317 1374 1373
f 1318 1374 1317
f 1318 1375 1374
f 1319 1375 1318
f 1319 1376 1375
f 1320 1376 1319
f 1320 1377 1376
f 1322 1383 1321
f 1322 1384 1383
f 1323 1384 1322
f 1323 1385 1384
f 1324 1385 1323
f 1324 1386 1385
f 1325 1386 1324
f 1325 1387 1386
f 1326 1387 1325
f 1326 1388 1387
f 1327 1388 1326
f 1327 1389 1388
f 1328 1389 1327
f 1328 1390 1389
f 1329 1390 1328
f 1329 1391 1390
f 1330 1391 1329
f 1330 1392 1391
f 1333 1393 1332
f 1333 1394 1393
f 1334 1394 1333
f 1334 1395 1394
f 1335 1395 1334
f 1335 1396 1395
f 1336 1396 1335
f 1336 1397 1396
f 1337 1397 1336
f 1337 1398 1397
f 1338 1398 1337
f 1338 1399 1398
f 1339 1399 1338
f 1339 1400 1399
f 1340 1400 1339
f 1340 1401 1400
f 1341 1401 1340
f 1341 1402 1401
f 1342 1402 1341
f 1342 1403 1402
f 1343 1405 1404
f 1344 1405 1343
f 1344 1406 1405
f 1345 1406 1344
f 1345 1407 1406
f 1346 1407 1345
f 1346 1408 1407
f 1347 1408 1346
f 1347 1409 1408
f 1348 1409 1347
f 1348 1410 1409
f 1349 1410 1348
f 1349 1411 1410
f 1350 1411 1349
f 1350 1412 1411
f 1351 1412 1350
f 1351 1413 1412
f 1352 1413 1351
f 1352 1414 1413
f 1353 1414 1352
f 1353 1415 1414
f 1354 1415 1353
f 1354 1416 1415
f 1355 1416 1354
f 1355 1417 1416
f 1356 1417 1355
f 1356 1418 1417
f 1357 1418 1356
f 1357 1419 1418
f 1358 1419 1357
f 1358 1420 1419
f 1359 1420 1358
f 1359 1421 1420
f 1360 1421 1359
f 1360 1422 1421
f 1361 1422 1360
f 1361 1423 1422
f 1362 1423 1361
f 1362 1424 1423
f 1363 1424 1362
f 1363 1425 1424
f 1364 1425 1363
f 1364 1426 1425
f 1365 1426 1364
f 1365 1427 1426
f 1366 1427 1365
f 1366 1428 1427
f 1367 1428 1366
f 1367 1429 1428
f 1368 1429 1367
f 1368 1430 1429
f 1369 1430 1368
f 1369 1431 1430
f 1370 1431 1369
f 1370 1432 1431
f 1371 1434 1433
f 1372 1434 1371
f 1372 1435 1434
f 1373 1435 1372
f 1373 1436 1435
f 1374 1436 1373
f 1374 1437 1436
f 1375 1437 1374
f 1375 1438 1437
f 1376 1438 1375
f 1376 1439 1438
f 1377 1439 1376
f 1377 1440 1439
f 1378 1440 1377
f 1378 1441 1440
f 1379 1441 1378
f 1379 1442 1441
f 1380 1442 1379
f 1380 1443 1442
f 1381 1443 1380
f 1381 1444 1443
f 1382 1444 1381
f 1382 1445 1444
f 1384 1447 1383
f 1384 1448 1447
f 1385 1448 1384
f 1385 1449 1448
f 1386 1449 1385
f 1386 1450 1449
f 1387 1450 1386
f 1387 1451 1450
f 1388 1451 1387
f 1388 1452 1451
f 1389 1452 1388
f 1389 1453 1452
f 1390 1453 1389
f 1390 1454 1453
f 1391 1454 1390
f 1391 1455 1454
f 1392 1455 1391
f 1392 1456 1455
f 1395 1457 1394
f 1395 1458 1457
f 1396 1458 1395
f 1396 1459 1458
f 1397 1459 1396
f 1397 1460 1459
f 1398 1460 1397
f 1398 1461 1460
f 1399 1461 1398
f 1399 1462 1461
f 1400 1462 1399
f 1400 1463 1462
f 1401 1463 1400
f 1401 1464 1463
f 1402 1464 1401
f 1402 1465 1464
f 1403 1465 1402
f 1403 1466 1465
f 1404 1469 1468
f 1405 1469 1404
f 1405 1470 1469
f 1406 1470 1405
f 1406 1471 1470
f 1407 1471 1406
f 1407 1472 1471
f 1408 1472 1407
f 1408 1473 1472
f 1409 1473 1408
f 1409 1474 1473
f 1410 1474 1409
f 1410 1475 1474
f 1411 1475 1410
f 1411 1476 1475
f 1412 1476 1411
f 1412 1477 1476
f 1413 1477 1412
f 1413 1478 1477
f 1414 1478 1413
f 1414 1479 1478
f 1415 1479 1414
f 1415 1480 1479
f 1416 1480 1415
f 1416 1481 1480
f 1417 1481 1416
f 1417 1482 1481
f 1418 1482 1417
f 1418 1483 1482
f 1419 1483 1418
f 1419 1484 1483
f 1420 1484 1419
f 1420 1485 1484
f 1421 1485 1420
f 1421 1486 1485
f 1422 1486 1421
f 1422 1487 1486
f 1423 1487 1422
f 1423 1488 1487
f 1424 1488 1423
f 1424 1489 1488
f 1425 1489 1424
f 1425 1490 1489
f 1426 1490 1425
f 1426 1491 1490
f 1427 1491 1426
f 1427 1492 1491
f 1428 1492 1427
f 1428 1493 1492
f 1429 1493 1428
f 1429 1494 1493
f 1430 1494 1429
f 1430 1495 1494
f 1431 1495 1430
f 1431 1496 1495
f 1432 1496 1431
f 1432 1497 1496
f 1434 1498 1433
f 1434 1499 1498
f 1435 1499 1434
f 1435 1500 1499
f 1436 1500 1435
f 1436 1501 1500
f 1437 1501 1436
f 1437 1502 1501
f 1438 1502 1437
f 1438 1503 1502
f 1439 1503 1438
f 1439 1504 1503
f 1440 1504 1439
f 1440 1505 1504
f 1441 1505 1440
f 1441 1506 1505
f 1442 1506 1441
f 1442 1507 1506
f 1443 1507 1442
f 1443 1508 1507
f 1444 1508 1443
f 1444 1509 1508
f 1445 1509 1444
f 1445 1510 1509
f 1446 1510 1445
f 1446 1511 1510
f 1448 1513 1447
f 1448 1514 1513
f 1449 1514 1448
f 1449 1515 1514
f 1450 1515 1449
f 1450 1516 1515
f 1451 1516 1450
f 1451 1517 1516
f 1452 1517 1451
f 1452 1518 1517
f 1453 1518 1452
f 1453 1519 1518
f 1454 1519 1453
f 1454 1520 1519
f 1455 1520 1454
f 1455 1521 1520
f 1456 1521 1455
f 1456 1522 1521
f 1458 1523 1457
f 1459 1525 1524
f 1460 1525 1459
f 1467 1531 1530
f 1468 1531 1467
f 1468 1532 1531
f 1469 1532 1468
f 1469 1533 1532
f 1470 1533 1469
f 1470 1534 1533
f 1471 1534 1470
f 1471 1535 1534
f 1472 1535 1471
f 1472 1536 1535
f 1473 1536 1472
f 1473 1537 1536
f 1474 1537 1473
f 1474 1538 1537
f 1475 1538 1474
f 1475 1539 1538
f 1476 1539 1475
f 1476 1540 1539
f 1477 1540 1476
f 1477 1541 1540
f 1478 1541 1477
f 1478 1542 1541
f 1479 1542 1478
f 1479 1543 1542
f 1480 1543 1479
f 1480 1544 1543
f 1481 1544 1480
f 1481 1545 1544
f 1482 1545 1481
f 1482 1546 1545
f 1483 1546 1482
f 1483 1547 1546
f 1484 1547 1483
f 1484 1548 1547
f 1485 1548 1484
f 1485 1549 1548
f 1486 1549 1485
f 1486 1550 1549
f 1487 1550 1486
f 1487 1551 1550
f 1488 1551 1487
f 1488 1552 1551
f 1489 1552 1488
f 1489 1553 1552
f 1490 1553 1489
f 1490 1554 1553
f 1491 1554 1490
f 1491 1555 1554
f 1492 1555 1491
f 1492 1556 1555
f 1493 1556 1492
f 1493 1557 1556
f 1494 1557 1493
f 1494 1558 1557
f 1495 1558 1494
f 1495 1559 1558
f 1496 1559 1495
f 1496 1560 1559
f 1497 1560 1496
f 1497 1561 1560
f 1499 1562 1498
f 1499 1563 1562
f 1500 1563 1499
f 1500 1564 1563
f 1501 1564 1500
f 1501 1565 1564
f 1502 1565 1501
f 1502 1566 1565
f 1503 1566 1502
f 1503 1567 1566
f 1504 1567 1503
f 1504 1568 1567
f 1505 1568 1504
f 1505 1569 1568
f 1506 1569 1505
f 1506 1570 1569
f 1507 1570 1506
f 1507 1571 1570
f 1508 1571 1507
f 1508 1572 1571
f 1509 1572 1508
f 1509 1573 1572
f 1510 1573 1509
f 1510 1574 1573
f 1511 1574 1510
f 1511 1575 1574
f 1512 1575 1511
f 1512 1576 1575
f 1514 1577 1513
f 1514 1578 1577
f 1515 1578 1514
f 1515 1579 1578
f 1516 1579 1515
f 1516 1580 1579
f 1517 1580 1516
f 1517 1581 1580
f 1518 1581 1517
f 1518 1582 1581
f 1519 1582 1518
f 1519 1583 1582
f 1520 1583 1519
f 1520 1584 1583
f 1521 1584 1520
f 1521 1585 1584
f 1522 1585 1521
f 1522 1586 1585
f 1526 1593 1592
f 1527 1593 1526
f 1527 1594 1593
f 1528 1594 1527
f 1528 1595 1594
f 1529 1595 1528
f 1530 1597 1596
f 1531 1597 1530
f 1531 1598 1597
f 1532 1598 1531
f 1532 1599 1598
f 1533 1599 1532
f 1533 1600 1599
f 1534 1600 1533
f 1534 1601 1600
f 1535 1601 1534
f 1535 1602 1601
f 1536 1602 1535
f 1536 1603 1602
f 1537 1603 1536
f 1537 1604 1603
f 1538 1604 1537
f 1538 1605 1604
f 1539 1605 1538
f 1539 1606 1605
f 1540 1606 1539
f 1540 1607 1606
f 1541 1607 1540
f 1541 1608 1607
f 1542 1608 1541
f 1542 1609 1608
f 1543 1609 1542
f 1543 1610 1609
f 1544 1610 1543
f 1544 1611 1610
f 1545 1611 1544
f 1545 1612 1611
f 1546 1612 1545
f 1546 1613 1612
f 1547 1613 1546
f 1547 1614 1613
f 1548 1614 1547
f 1548 1615 1614
f 1549 1615 1548
f 1549 1616 1615
f 1550 1616 1549
f 1550 1617 1616
f 1551 1617 1550
f 1551 1618 1617
f 1552 1618 1551
f 1552 1619 1618
f 1553 1619 1552
f 1553 1620 1619
f 1554 1620 1553
f 1554 1621 1620
f 1555 1621 1554
f 1555 1622 1621
f 1556 1622 1555
f 1556 1623 1622
f 1557 1623 1556
f 1557 1624 1623
f 1558 1624 1557
f 1558 1625 1624
f 1559 1625 1558
f 1559 1626 1625
f 1560 1626 1559
f 1560 1627 1626
f 1561 1627 1560
f 1561 1628 1627
f 1563 1629 1562
f 1564 1630 1563
f 1564 1631 1630
f 1565 1631 1564
f 1565 1632 1631
f 1566 1632 1565
f 1566 1633 1632
f 1567 1633 1566
f 1567 1634 1633
f 1568 1634 1567
f 1568 1635 1634
f 1569 1635 1568
f 1569 1636 1635
f 1570 1636 1569
f 1570 1637 1636
f 1571 1637 1570
f 1571 1638 1637
f 1572 1638 1571
f 1572 1639 1638
f 1573 1639 1572
f 1573 1640 1639
f 1574 1640 1573
f 1574 1641 1640
f 1575 1641 1574
f 1575 1642 1641
f 1576 1642 1575
f 1576 1643 1642
f 1577 1646 1645
f 1578 1646 1577
f 1578 1647 1646
f 1579 1647 1578
f 1579 1648 1647
f 1580 1648 1579
f 1580 1649 1648
f 1581 1649 1580
f 1581 1650 1649
f 1582 1650 1581
f 1582 1651 1650
f 1583 1651 1582
f 1583 1652 1651
f 1584 1652 1583
f 1584 1653 1652
f 1585 1653 1584
f 1585 1654 1653
f 1586 1654 1585
f 1586 1655 1654
f 1587 1661 1660
f 1588 1661 1587
f 1588 1662 1661
f 1589 1662 1588
f 1589 1663 1662
f 1590 1663 1589
f 1590 1664 1663
f 1591 1664 1590
f 1591 1665 1664
f 1592 1665 1591
f 1592 1666 1665
f 1593 1666 1592
f 1593 1667 1666
f 1594 1667 1593
f 1594 1668 1667
f 1595 1668 1594
f 1595 1669 1668
f 1596 1670 1669
f 1597 1670 1596
f 1597 1671 1670
f 1598 1671 1597
f 1598 1672 1671
f 1599 1672 1598
f 1599 1673 1672
f 1600 1673 1599
f 1600 1674 1673
f 1601 1674 1600
f 1601 1675 1674
f 1602 1675 1601
f 1602 1676 1675
f 1603 1676 1602
f 1603 1677 1676
f 1604 1677 1603
f 1604 1678 1677
f 1605 1678 1604
f 1605 1679 1678
f 1606 1679 1605
f 1606 1680 1679
f 1607 1680 1606
f 1607 1681 1680
f 1608 1681 1607
f 1608 1682 1681
f 1609 1682 1608
f 1609 1683 1682
f 1610 1683 1609
f 1610 1684 1683
f 1611 1684 1610
f 1611 1685 1684
f 1612 1685 1611
f 1612 1686 1685
f 1613 1686 1612
f 1613 1687 1686
f 1614 1687 1613
f 1614 1688 1687
f 1615 1688 1614
f 1615 1689 1688
f 1616 1689 1615
f 1616 1690 1689
f 1617 1690 1616
f 1617 1691 1690
f 1618 1691 1617
f 1618 1692 1691
f 1619 1692 1618
f 1619 1693 1692
f 1620 1693 1619
f 1620 1694 1693
f 1621 1694 1620
f 1621 1695 1694
f 1622 1695 1621
f 1622 1696 1695
f 1623 1696 1622
f 1623 1697 1696
f 1624 1697 1623
f 1624 1698 1697
f 1625 1698 1624
f 1625 1699 1698
f 1626 1699 1625
f 1626 1700 1699
f 1627 1700 1626
f 1627 1701 1700
f 1628 1701 1627
f 1628 1702 1701
f 1631 1703 1630
f 1631 1704 1703
f 1632 1704 1631
f 1632 1705 1704
f 1633 1705 1632
f 1633 1706 1705
f 1634 1706 1633
f 1634 1707 1706
f 1635 1707 1634
f 1635 1708 1707
f 1636 1708 1635
f 1636 1709 1708
f 1637 1709 1636
f 1637 1710 1709
f 1638 1710 1637
f 1638 1711 1710
f 1639 1711 1638
f 1639 1712 1711
f 1640 1712 1639
f 1640 1713 1712
f 1641 1713 1640
f 1641 1714 1713
f 1642 1714 1641
f 1642 1715 1714
f 1643 1715 1642
f 1643 1716 1715
f 1644 1716 1643
f 1644 1717 1716
f 1646 1719 1718
f 1647 1719 1646
f 1647 1720 1719
f 1648 1720 1647
f 1648 1721 1720
f 1649 1721 1648
f 1649 1722 1721
f 1650 1722 1649
f 1650 1723 1722
f 1651 1723 1650
f 1651 1724 1723
f 1652 1724 1651
f 1652 1725 1724
f 1653 1725 1652
f 1653 1726 1725
f 1654 1726 1653
f 1654 1727 1726
f 1655 1727 1654
f 1655 1728 1727
f 1656 1730 1729
f 1657 1730 1656
f 1657 1731 1730
f 1658 1731 1657
f 1658 1732 1731
f 1659 1732 1658
f 1659 1733 1732
f 1660 1733 1659
f 1660 1734 1733
f 1661 1734 1660
f 1661 1735 1734
f 1662 1735 1661
f 1662 1736 1735
f 1663 1736 1662
f 1663 1737 1736
f 1664 1737 1663
f 1664 1738 1737
f 1665 1738 1664
f 1665 1739 1738
f 1666 1739 1665
f 1666 1740 1739
f 1667 1740 1666
f 1667 1741 1740
f 1668 1741 1667
f 1668 1742 1741
f 1669 1742 1668
f 1669 1743 1742
f 1670 1743 1669
f 1670 1744 1743
f 1671 1744 1670
f 1671 1745 1744
f 1672 1745 1671
f 1672 1746 1745
f 1673 1746 1672
f 1673 1747 1746
f 1674 1747 1673
f 1674 1748 1747
f 1675 1748 1674
f 1675 1749 1748
f 1676 1749 1675
f 1676 1750 1749
f 1677 1750 1676
f 1677 1751 1750
f 1678 1751 1677
f 1678 1752 1751
f 1679 1752 1678
f 1679 1753 1752
f 1680 1753 1679
f 1680 1754 1753
f 1681 1754 1680
f 1681 1755 1754
f 1682 1755 1681
f 1682 1756 1755
f 1683 1756 1682
f 1683 1757 1756
f 1684 1757 1683
f 1684 1758 1757
f 1685 1758 1684
f 1685 1759 1758
f 1686 1759 1685
f 1686 1760 1759
f 1687 1760 1686
f 1687 1761 1760
f 1688 1761 1687
f 1688 1762 1761
f 1689 1762 1688
f 1689 1763 1762
f 1690 1763 1689
f 1690 1764 1763
f 1691 1764 1690
f 1691 1765 1764
f 1692 1765 1691
f 1692 1766 1765
f 1693 1766 1692
f 1693 1767 1766
f 1694 1767 1693
f 1694 1768 1767
f 1695 1768 1694
f 1695 1769 1768
f 1696 1769 1695
f 1696 1770 1769
f 1697 1770 1696
f 1697 1771 1770
f 1698 1771 1697
f 1698 1772 1771
f 1699 1772 1698
f 1699 1773 1772
f 1700 1773 1699
f 1700 1774 1773
f 1701 1774 1700
f 1701 1775 1774
f 1702 1775 1701
f 1702 1776 1775
f 1704 1778 1703
f 1704 1779 1778
f 1705 1779 1704
f 1705 1780 1779
f 1706 1780 1705
f 1706 1781 1780
f 1707 1781 1706
f 1707 1782 1781
f 1708 1782 1707
f 1708 1783 1782
f 1709 1783 1708
f 1709 1784 1783
f 1710 1784 1709
f 1710 1785 1784
f 1711 1785 1710
f 1711 1786 1785
f 1712 1786 1711
f 1712 1787 1786
f 1713 1787 1712
f 1713 1788 1787
f 1714 1788 1713
f 1714 1789 1788
f 1715 1789 1714
f 1715 1790 1789
f 1716 1790 1715
f 1716 1791 1790
f 1717 1791 1716
f 1717 1792 1791
f 1719 1793 1718
f 1719 1794 1793
f 1720 1794 1719
f 1720 1795 1794
f 1721 1795 1720
f 1721 1796 1795
f 1722 1796 1721
f 1722 1797 1796
f 1723 1797 1722
f 1723 1798 1797
f 1724 1798 1723
f 1724 1799 1798
f 1725 1799 1724
f 1725 1800 1799
f 1726 1800 1725
f 1726 1801 1800
f 1727 1801 1726
f 1727 1802 1801
f 1728 1802 1727
f 1728 1803 1802
f 1729 1806 1805
f 1730 1806 1729
f 1730 1807 1806
f 1731 1807 1730
f 1731 1808 1807
f 1732 1808 1731
f 1732 1809 1808
f 1733 1809 1732
f 1733 1810 1809
f 1734 1810 1733
f 1734 1811 1810
f 1735 1811 1734
f 1735 1812 1811
f 1736 1812 1735
f 1736 1813 1812
f 1737 1813 1736
f 1737 1814 1813
f 1738 1814 1737
f 1738 1815 1814
f 1739 1815 1738
f 1739 1816 1815
f 1740 1816 1739
f 1740 1817 1816
f 1741 1817 1740
f 1741 1818 1817
f 1742 1818 1741
f 1742 1819 1818
f 1743 1819 1742
f 1743 1820 1819
f 1744 1820 1743
f 1744 1821 1820
f 1745 1821 1744
f 1745 1822 1821
f 1746 1822 1745
f 1746 1823 1822
f 1747 1823 1746
f 1747 1824 1823
f 1748 1824 1747
f 1748 1825 1824
f 1749 1825 1748
f 1749 1826 1825
f 1750 1826 1749
f 1750 1827 1826
f 1751 1827 1750
f 1751 1828 1827
f 1752 1828 1751
f 1752 1829 1828
f 1753 1829 1752
f 1753 1830 1829
f 1754 1830 1753
f 1754 1831 1830
f 1755 1831 1754
f 1755 1832 1831
f 1756 1832 1755
f 1756 1833 1832
f 1757 1833 1756
f 1757 1834 1833
f 1758 1834 1757
f 1758 1835 1834
f 1759 1835 1758
f 1759 1836 1835
f 1760 1836 1759
f 1760 1837 1836
f 1761 1837 1760
f 1761 1838 1837
f 1762 1838 1761
f 1762 1839 1838
f 1763 1839 1762
f 1763 1840 1839
f 1764 1840 1763
f 1764 1841 1840
f 1765 1841 1764
f 1765 1842 1841
f 1766 1842 1765
f 1766 1843 1842
f 1767 1843 1766
f 1767 1844 1843
f 1768 1844 1767
f 1768 1845 1844
f 1769 1845 1768
f 1769 1846 1845
f 1770 1846 1769
f 1770 1847 1846
f 1771 1847 1770
f 1771 1848 1847
f 1772 1848 1771
f 1772 1849 1848
f 1773 1849 1772
f 1773 1850 1849
f 1774 1850 1773
f 1774 1851 1850
f 1775 1851 1774
f 1775 1852 1851
f 1776 1852 1775
f 1776 1853 1852
f 1777 1853 1776
f 1777 1854 1853
f 1780 1855 1779
f 1780 1856 1855
f 1781 1856 1780
f 1781 1857 1856
f 1782 1857 1781
f 1782 1858 1857
f 1783 1858 1782
f 1783 1859 1858
f 1784 1859 1783
f 1784 1860 1859
f 1785 1860 1784
f 1785 1861 1860
f 1786 1861 1785
f 1786 1862 1861
f 1787 1862 1786
f 1787 1863 1862
f 1788 1863 1787
f 1788 1864 1863
f 1789 1864 1788
f 1789 1865 1864
f 1790 1865 1789
f 1790 1866 1865
f 1791 1866 1790
f 1791 1867 1866
f 1792 1867 1791
f 1792 1868 1867
f 1793 1870 1869
f 1794 1870 1793
f 1794 1871 1870
f 1795 1871 1794
f 1795 1872 1871
f 1796 1872 1795
f 1796 1873 1872
f 1797 1873 1796
f 1797 1874 1873
f 1798 1874 1797
f 1798 1875 1874
f 1799 1875 1798
f 1799 1876 1875
f 1800 1876 1799
f 1800 1877 1876
f 1801 1877 1800
f 1801 1878 1877
f 1802 1878 1801
f 1802 1879 1878
f 1803 1879 1802
f 1803 1880 1879
f 1804 1882 1881
f 1805 1882 1804
f 1805 1883 1882
f 1806 1883 1805
f 1806 1884 1883
f 1807 1884 1806
f 1807 1885 1884
f 1808 1885 1807
f 1808 1886 1885
f 1809 1886 1808
f 1809 1887 1886
f 1810 1887 1809
f 1810 1888 1887
f 1811 1888 1810
f 1811 1889 1888
f 1812 1889 1811
f 1812 1890 1889
f 1813 1890 1812
f 1813 1891 1890
f 1814 1891 1813
f 1814 1892 1891
f 1815 1892 1814
f 1815 1893 1892
f 1816 1893 1815
f 1816 1894 1893
f 1817 1894 1816
f 1817 1895 1894
f 1818 1895 1817
f 1818 1896 1895
f 1819 1896 1818
f 1819 1897 1896
f 1820 1897 1819
f 1820 1898 1897
f 1821 1898 1820
f 1821 1899 1898
f 1822 1899 1821
f 1822 1900 1899
f 1823 1900 1822
f 1823 1901 1900
f 1824 1901 1823
f 1824 1902 1901
f 1825 1902 1824
f 1825 1903 1902
f 1826 1903 1825
f 1826 1904 1903
f 1827 1904 1826
f 1827 1905 1904
f 1828 1905 1827
f 1828 1906 1905
f 1829 1906 1828
f 1829 1907 1906
f 1830 1907 1829
f 1830 1908 1907
f 1831 1908 1830
f 1831 1909 1908
f 1832 1909 1831
f 1832 1910 1909
f 1833 1910 1832
f 1833 1911 1910
f 1834 1911 1833
f 1834 1912 1911
f 1835 1912 1834
f 1835 1913 1912
f 1836 1913 1835
f 1836 1914 1913
f 1837 1914 1836
f 1837 1915 1914
f 1838 1915 1837
f 1838 1916 1915
f 1839 1916 1838
f 1839 1917 1916
f 1840 1917 1839
f 1840 1918 1917
f 1841 1918 1840
f 1841 1919 1918
f 1842 1919 1841
f 1842 1920 1919
f 1843 1920 1842
f 1843 1921 1920
f 1844 1921 1843
f 1844 1922 1921
f 1845 1922 1844
f 1845 1923 1922
f 1846 1923 1845
f 1846 1924 1923
f 1847 1924 1846
f 1847 1925 1924
f 1848 1925 1847
f 1848 1926 1925
f 1849 1926 1848
f 1849 1927 1926
f 1850 1927 1849
f 1850 1928 1927
f 1851 1928 1850
f 1851 1929 1928
f 1852 1929 1851
f 1852 1930 1929
f 1853 1930 1852
f 1853 1931 1930
f 1854 1931 1853
f 1854 1932 1931
f 1857 1933 1856
f 1857 1934 1933
f 1858 1934 1857
f 1858 1935 1934
f 1859 1935 1858
f 1859 1936 1935
f 1860 1936 1859
f 1860 1937 1936
f 1861 1937 1860
f 1861 1938 1937
f 1862 1938 1861
f 1862 1939 1938
f 1863 1939 1862
f 1863 1940 1939
f 1864 1940 1863
f 1864 1941 1940
f 1865 1941 1864
f 1865 1942 1941
f 1866 1942 1865
f 1866 1943 1942
f 1867 1943 1866
f 1867 1944 1943
f 1868 1944 1867
f 1868 1945 1944
f 1869 1948 1947
f 1870 1948 1869
f 1870 1949 1948
f 1871 1949 1870
f 1871 1950 1949
f 1872 1950 1871
f 1872 1951 1950
f 1873 1951 1872
f 1873 1952 1951
f 1874 1952 1873
f 1874 1953 1952
f 1875 1953 1874
f 1875 1954 1953
f 1876 1954 1875
f 1876 1955 1954
f 1877 1955 1876
f 1877 1956 1955
f 1878 1956 1877
f 1878 1957 1956
f 1879 1957 1878
f 1879 1958 1957
f 1880 1958 1879
f 1880 1959 1958
f 1881 1961 1960
f 1882 1961 1881
f 1882 1962 1961
f 1883 1962 1882
f 1883 1963 1962
f 1884 1963 1883
f 1884 1964 1963
f 1885 1964 1884
f 1885 1965 1964
f 1886 1965 1885
f 1886 1966 1965
f 1887 1966 1886
f 1887 1967 1966
f 1888 1967 1887
f 1888 1968 1967
f 1889 1968 1888
f 1889 1969 1968
f 1890 1969 1889
f 1890 1970 1969
f 1891 1970 1890
f 1891 1971 1970
f 1892 1971 1891
f 1892 1972 1971
f 1893 1972 1892
f 1893 1973 1972
f 1894 1973 1893
f 1894 1974 1973
f 1895 1974 1894
f 1895 1975 1974
f 1896 1975 1895
f 1896 1976 1975
f 1897 1976 1896
f 1897 1977 1976
f 1898 1977 1897
f 1898 1978 1977
f 1899 1978 1898
f 1899 1979 1978
f 1900 1979 1899
f 1900 1980 1979
f 1901 1980 1900
f 1901 1981 1980
f 1902 1981 1901
f 1902 1982 1981
f 1903 1982 1902
f 1903 1983 1982
f 1904 1983 1903
f 1904 1984 1983
f 1905 1984 1904
f 1905 1985 1984
f 1906 1985 1905
f 1906 1986 1985
f 1907 1986 1906
f 1907 1987 1986
f 1908 1987 1907
f 1908 1988 1987
f 1909 1988 1908
f 1909 1989 1988
f 1910 1989 1909
f 1910 1990 1989
f 1911 1990 1910
f 1911 1991 1990
f 1912 1991 1911
f 1912 1992 1991
f 1913 1992 1912
f 1913 1993 1992
f 1914 1993 1913
f 1914 1994 1993
f 1915 1994 1914
f 1915 1995 1994
f 1916 1995 1915
f 1916 1996 1995
f 1917 1996 1916
f 1917 1997 1996
f 1918 1997 1917
f 1918 1998 1997
f 1919 1998 1918
f 1919 1999 1998
f 1920 1999 1919
f 1920 2000 1999
f 1921 2000 1920
f 1921 2001 2000
f 1922 2001 1921
f 1922 2002 2001
f 1923 2002 1922
f 1923 2003 2002
f 1924 2003 1923
f 1924 2004 2003
f 1925 2004 1924
f 1925 2005 2004
f 1926 2005 1925
f 1926 2006 2005
f 1927 2006 1926
f 1927 2007 2006
f 1928 2007 1927
f 1928 2008 2007
f 1929 2008 1928
f 1929 2009 2008
f 1930 2009 1929
f 1930 2010 2009
f 1931 2010 1930
f 1931 2011 2010
f 1932 2011 1931
f 1932 2012 2011
f 1937 2013 1936
f 1937 2014 2013
f 1938 2014 1937
f 1938 2015 2014
f 1939 2015 1938
f 1939 2016 2015
f 1940 2016 1939
f 1940 2017 2016
f 1941 2017 1940
f 1941 2018 2017
f 1942 2018 1941
f 1942 2019 2018
f 1943 2019 1942
f 1943 2020 2019
f 1944 2020 1943
f 1944 2021 2020
f 1945 2021 1944
f 1945 2022 2021
f 1946 2022 1945
f 1946 2023 2022
f 1947 2026 2025
f 1948 2026 1947
f 1948 2027 2026
f 1949 2027 1948
f 1949 2028 2027
f 1950 2028 1949
f 1950 2029 2028
f 1951 2029 1950
f 1951 2030 2029
f 1952 2030 1951
f 1952 2031 2030
f 1953 2031 1952
f 1953 2032 2031
f 1954 2032 1953
f 1954 2033 2032
f 1955 2033 1954
f 1955 2034 2033
f 1956 2034 1955
f 1956 2035 2034
f 1957 2035 1956
f 1957 2036 2035
f 1958 2036 1957
f 1958 2037 2036
f 1959 2037 1958
f 1959 2038 2037
f 1960 2040 2039
f 1961 2040 1960
f 1961 2041 2040
f 1962 2041 1961
f 1962 2042 2041
f 1963 2042 1962
f 1963 2043 2042
f 1964 2043 1963
f 1964 2044 2043
f 1965 2044 1964
f 1965 2045 2044
f 1966 2045 1965
f 1966 2046 2045
f 1967 2046 1966
f 1967 2047 2046
f 1968 2047 1967
f 1968 2048 2047
f 1969 2048 1968
f 1969 2049 2048
f 1970 2049 1969
f 1970 2050 2049
f 1971 2050 1970
f 1971 2051 2050
f 1972 2051 1971
f 1972 2052 2051
f 1973 2052 1972
f 1973 2053 2052
f 1974 2053 1973
f 1974 2054 2053
f 1975 2054 1974
f 1975 2055 2054
f 1976 2055 1975
f 1976 2056 2055
f 1977 2056 1976
f 1977 2057 2056
f 1978 2057 1977
f 1978 2058 2057
f 1979 2058 1978
f 1979 2059 2058
f 1980 2059 1979
f 1980 2060 2059
f 1981 2060 1980
f 1981 2061 2060
f 1982 2061 1981
f 1982 2062 2061
f 1983 2062 1982
f 1983 2063 2062
f 1984 2063 1983
f 1984 2064 2063
f 1985 2064 1984
f 1985 2065 2064
f 1986 2065 1985
f 1986 2066 2065
f 1987 2066 1986
f 1987 2067 2066
f 1988 2067 1987
f 1988 2068 2067
f 1989 2068 1988
f 1989 2069 2068
f 1990 2069 1989
f 1990 2070 2069
f 1991 2070 1990
f 1991 2071 2070
f 1992 2071 1991
f 1992 2072 2071
f 1993 2072 1992
f 1993 2073 2072
f 1994 2073 1993
f 1994 2074 2073
f 1995 2074 1994
f 1995 2075 2074
f 1996 2075 1995
f 1996 2076 2075
f 1997 2076 1996
f 1997 2077 2076
f 1998 2077 1997
f 1998 2078 2077
f 1999 2078 1998
f 1999 2079 2078
f 2000 2079 1999
f 2000 2080 2079
f 2001 2080 2000
f 2001 2081 2080
f 2002 2081 2001
f 2002 2082 2081
f 2003 2082 2002
f 2003 2083 2082
f 2004 2083 2003
f 2004 2084 2083
f 2005 2084 2004
f 2005 2085 2084
f 2006 2085 2005
f 2006 2086 2085
f 2007 2086 2006
f 2007 2087 2086
f 2008 2087 2007
f 2008 2088 2087
f 2009 2088 2008
f 2009 2089 2088
f 2010 2089 2009
f 2010 2090 2089
f 2011 2090 2010
f 2011 2091 2090
f 2012 2091 2011
f 2012 2092 2091
f 2015 2093 2014
f 2015 2094 2093
f 2016 2094 2015
f 2016 2095 2094
f 2017 2095 2016
f 2017 2096 2095
f 2018 2096 2017
f 2018 2097 2096
f 2019 2097 2018
f 2019 2098 2097
f 2020 2098 2019
f 2020 2099 2098
f 2021 2099 2020
f 2021 2100 2099
f 2022 2100 2021
f 2022 2101 2100
f 2023 2101 2022
f 2023 2102 2101
f 2024 2105 2104
f 2025 2105 2024
f 2025 2106 2105
f 2026 2106 2025
f 2026 2107 2106
f 2027 2107 2026
f 2027 2108 2107
f 2028 2108 2027
f 2028 2109 2108
f 2029 2109 2028
f 2029 2110 2109
f 2030 2110 2029
f 2030 2111 2110
f 2031 2111 2030
f 2031 2112 2111
f 2032 2112 2031
f 2032 2113 2112
f 2033 2113 2032
f 2033 2114 2113
f 2034 2114 2033
f 2034 2115 2114
f 2035 2115 2034
f 2035 2116 2115
f 2036 2116 2035
f 2036 2117 2116
f 2037 2117 2036
f 2037 2118 2117
f 2038 2118 2037
f 2038 2119 2118
f 2039 2121 2120
f 2040 2121 2039
f 2040 2122 2121
f 2041 2122 2040
f 2041 2123 2122
f 2042 2123 2041
f 2042 2124 2123
f 2043 2124 2042
f 2043 2125 2124
f 2044 2125 2043
f 2044 2126 2125
f 2045 2126 2044
f 2045 2127 2126
f 2046 2127 2045
f 2046 2128 2127
f 2047 2128 2046
f 2047 2129 2128
f 2048 2129 2047
f 2048 2130 2129
f 2049 2130 2048
f 2049 2131 2130
f 2050 2131 2049
f 2050 2132 2131
f 2051 2132 2050
f 2051 2133 2132
f 2052 2133 2051
f 2052 2134 2133
f 2053 2134 2052
f 2053 2135 2134
f 2054 2135 2053
f 2054 2136 2135
f 2055 2136 2054
f 2055 2137 2136
f 2056 2137 2055
f 2056 2138 2137
f 2057 2138 2056
f 2057 2139 2138
f 2058 2139 2057
f 2058 2140 2139
f 2059 2140 2058
f 2059 2141 2140
f 2060 2141 2059
f 2060 2142 2141
f 2061 2142 2060
f 2061 2143 2142
f 2062 2143 2061
f 2062 2144 2143
f 2063 2144 2062
f 2063 2145 2144
f 2064 2145 2063
f 2064 2146 2145
f 2065 2146 2064
f 2065 2147 2146
f 2066 2147 2065
f 2066 2148 2147
f 2067 2148 2066
f 2067 2149 2148
f 2068 2149 2067
f 2068 2150 2149
f 2069 2150 2068
f 2069 2151 2150
f 2070 2151 2069
f 2070 2152 2151
f 2071 2152 2070
f 2071 2153 2152
f 2072 2153 2071
f 2072 2154 2153
f 2073 2154 2072
f 2073 2155 2154
f 2074 2155 2073
f 2074 2156 2155
f 2075 2156 2074
f 2075 2157 2156
f 2076 2157 2075
f 2076 2158 2157
f 2077 2158 2076
f 2077 2159 2158
f 2078 2159 2077
f 2078 2160 2159
f 2079 2160 2078
f 2079 2161 2160
f 2080 2161 2079
f 2080 2162 2161
f 2081 2162 2080
f 2081 2163 2162
f 2082 2163 2081
f 2082 2164 2163
f 2083 2164 2082
f 2083 2165 2164
f 2084 2165 2083
f 2084 2166 2165
f 2085 2166 2084
f 2085 2167 2166
f 2086 2167 2085
f 2086 2168 2167
f 2087 2168 2086
f 2087 2169 2168
f 2088 2169 2087
f 2088 2170 2169
f 2089 2170 2088
f 2089 2171 2170
f 2090 2171 2089
f 2090 2172 2171
f 2091 2172 2090
f 2091 2173 2172
f 2092 2173 2091
f 2094 2174 2093
f 2094 2175 2174
f 2095 2175 2094
f 2095 2176 2175
f 2096 2176 2095
f 2096 2177 2176
f 2097 2177 2096
f 2097 2178 2177
f 2098 2178 2097
f 2098 2179 2178
f 2099 2179 2098
f 2099 2180 2179
f 2100 2180 2099
f 2100 2181 2180
f 2101 2181 2100
f 2101 2182 2181
f 2102 2182 2101
f 2103 2185 2184
f 2104 2185 2103
f 2104 2186 2185
f 2105 2186 2104
f 2105 2187 2186
f 2106 2187 2105
f 2106 2188 2187
f 2107 2188 2106
f 2107 2189 2188
f 2108 2189 2107
f 2108 2190 2189
f 2109 2190 2108
f 2109 2191 2190
f 2110 2191 2109
f 2110 2192 2191
f 2111 2192 2110
f 2111 2193 2192
f 2112 2193 2111
f 2112 2194 2193
f 2113 2194 2112
f 2113 2195 2194
f 2114 2195 2113
f 2114 2196 2195
f 2115 2196 2114
f 2115 2197 2196
f 2116 2197 2115
f 2116 2198 2197
f 2117 2198 2116
f 2117 2199 2198
f 2118 2199 2117
f 2118 2200 2199
f 2119 2200 2118
f 2119 2201 2200
f 2121 2202 2120
f 2121 2203 2202
f 2122 2203 2121
f 2122 2204 2203
f 2123 2204 2122
f 2123 2205 2204
f 2124 2205 2123
f 2124 2206 2205
f 2125 2206 2124
f 2125 2207 2206
f 2126 2207 2125
f 2126 2208 2207
f 2127 2208 2126
f 2127 2209 2208
f 2128 2209 2127
f 2128 2210 2209
f 2129 2210 2128
f 2129 2211 2210
f 2130 2211 2129
f 2130 2212 2211
f 2131 2212 2130
f 2131 2213 2212
f 2132 2213 2131
f 2132 2214 2213
f 2133 2214 2132
f 2133 2215 2214
f 2134 2215 2133
f 2134 2216 2215
f 2135 2216 2134
f 2135 2217 2216
f 2136 2217 2135
f 2136 2218 2217
f 2137 2218 2136
f 2137 2219 2218
f 2138 2219 2137
f 2138 2220 2219
f 2139 2220 2138
f 2139 2221 2220
f 2140 2221 2139
f 2140 2222 2221
f 2141 2222 2140
f 2141 2223 2222
f 2142 2223 2141
f 2142 2224 2223
f 2143 2224 2142
f 2143 2225 2224
f 2144 2225 2143
f 2144 2226 2225
f 2145 2226 2144
f 2145 2227 2226
f 2146 2227 2145
f 2146 2228 2227
f 2147 2228 2146
f 2147 2229 2228
f 2148 2229 2147
f 2148 2230 2229
f 2149 2230 2148
f 2149 2231 2230
f 2150 2231 2149
f 2150 2232 2231
f 2151 2232 2150
f 2151 2233 2232
f 2152 2233 2151
f 2152 2234 2233
f 2153 2234 2152
f 2153 2235 2234
f 2154 2235 2153
f 2154 2236 2235
f 2155 2236 2154
f 2155 2237 2236
f 2156 2237 2155
f 2156 2238 2237
f 2157 2238 2156
f 2157 2239 2238
f 2158 2239 2157
f 2158 2240 2239
f 2159 2240 2158
f 2159 2241 2240
f 2160 2241 2159
f 2160 2242 2241
f 2161 2242 2160
f 2161 2243 2242
f 2162 2243 2161
f 2162 2244 2243
f 2163 2244 2162
f 2163 2245 2244
f 2164 2245 2163
f 2164 2246 2245
f 2165 2246 2164
f 2165 2247 2246
f 2166 2247 2165
f 2166 2248 2247
f 2167 2248 2166
f 2167 2249 2248
f 2168 2249 2167
f 2168 2250 2249
f 2169 2250 2168
f 2169 2251 2250
f 2170 2251 2169
f 2170 2252 2251
f 2171 2252 2170
f 2171 2253 2252
f 2172 2253 2171
f 2172 2254 2253
f 2173 2254 2172
f 2173 2255 2254
f 2175 2256 2174
f 2175 2257 2256
f 2176 2257 2175
f 2176 2258 2257
f 2177 2258 2176
f 2177 2259 2258
f 2178 2259 2177
f 2178 2260 2259
f 2179 2260 2178
f 2179 2261 2260
f 2180 2261 2179
f 2180 2262 2261
f 2181 2262 2180
f 2183 2265 2264
f 2184 2265 2183
f 2184 2266 2265
f 2185 2266 2184
f 2185 2267 2266
f 2186 2267 2185
f 2186 2268 2267
f 2187 2268 2186
f 2187 2269 2268
f 2188 2269 2187
f 2188 2270 2269
f 2189 2270 2188
f 2189 2271 2270
f 2190 2271 2189
f 2190 2272 2271
f 2191 2272 2190
f 2191 2273 2272
f 2192 2273 2191
f 2192 2274 2273
f 2193 2274 2192
f 2193 2275 2274
f 2194 2275 2193
f 2194 2276 2275
f 2195 2276 2194
f 2195 2277 2276
f 2196 2277 2195
f 2196 2278 2277
f 2197 2278 2196
f 2197 2279 2278
f 2198 2279 2197
f 2198 2280 2279
f 2199 2280 2198
f 2199 2281 2280
f 2200 2281 2199
f 2200 2282 2281
f 2201 2282 2200
f 2201 2283 2282
f 2203 2284 2202
f 2203 2285 2284
f 2204 2285 2203
f 2204 2286 2285
f 2205 2286 2204
f 2205 2287 2286
f 2206 2287 2205
f 2206 2288 2287
f 2207 2288 2206
f 2207 2289 2288
f 2208 2289 2207
f 2208 2290 2289
f 2209 2290 2208
f 2209 2291 2290
f 2210 2291 2209
f 2210 2292 2291
f 2211 2292 2210
f 2211 2293 2292
f 2212 2293 2211
f 2212 2294 2293
f 2213 2294 2212
f 2213 2295 2294
f 2214 2295 2213
f 2214 2296 2295
f 2215 2296 2214
f 2215 2297 2296
f 2216 2297 2215
f 2216 2298 2297
f 2217 2298 2216
f 2217 2299 2298
f 2218 2299 2217
f 2218 2300 2299
f 2219 2300 2218
f 2219 2301 2300
f 2220 2301 2219
f 2220 2302 2301
f 2221 2302 2220
f 2221 2303 2302
f 2222 2303 2221
f 2222 2304 2303
f 2223 2304 2222
f 2223 2305 2304
f 2224 2305 2223
f 2224 2306 2305
f 2225 2306 2224
f 2225 2307 2306
f 2226 2307 2225
f 2226 2308 2307
f 2227 2308 2226
f 2227 2309 2308
f 2228 2309 2227
f 2228 2310 2309
f 2229 2310 2228
f 2229 2311 2310
f 2230 2311 2229
f 2230 2312 2311
f 2231 2312 2230
f 2231 2313 2312
f 2232 2313 2231
f 2232 2314 2313
f 2233 2314 2232
f 2233 2315 2314
f 2234 2315 2233
f 2234 2316 2315
f 2235 2316 2234
f 2235 2317 2316
f 2236 2317 2235
f 2236 2318 2317
f 2237 2318 2236
f 2237 2319 2318
f 2238 2319 2237
f 2238 2320 2319
f 2239 2320 2238
f 2239 2321 2320
f 2240 2321 2239
f 2240 2322 2321
f 2241 2322 2240
f 2241 2323 2322
f 2242 2323 2241
f 2242 2324 2323
f 2243 2324 2242
f 2243 2325 2324
f 2244 2325 2243
f 2244 2326 2325
f 2245 2326 2244
f 2245 2327 2326
f 2246 2327 2245
f 2246 2328 2327
f 2247 2328 2246
f 2247 2329 2328
f 2248 2329 2247
f 2248 2330 2329
f 2249 2330 2248
f 2249 2331 2330
f 2250 2331 2249
f 2250 2332 2331
f 2251 2332 2250
f 2251 2333 2332
f 2252 2333 2251
f 2252 2334 2333
f 2253 2334 2252
f 2253 2335 2334
f 2254 2335 2253
f 2254 2336 2335
f 2255 2336 2254
f 2255 2337 2336
f 2257 2338 2256
f 2257 2339 2338
f 2258 2339 2257
f 2258 2340 2339
f 2259 2340 2258
f 2259 2341 2340
f 2260 2341 2259
f 2260 2342 2341
f 2261 2342 2260
f 2263 2345 2344
f 2264 2345 2263
f 2264 2346 2345
f 2265 2346 2264
f 2265 2347 2346
f 2266 2347 2265
f 2266 2348 2347
f 2267 2348 2266
f 2267 2349 2348
f 2268 2349 2267
f 2268 2350 2349
f 2269 2350 2268
f 2269 2351 2350
f 2270 2351 2269
f 2270 2352 2351
f 2271 2352 2270
f 2271 2353 2352
f 2272 2353 2271
f 2272 2354 2353
f 2273 2354 2272
f 2273 2355 2354
f 2274 2355 2273
f 2274 2356 2355
f 2275 2356 2274
f 2275 2357 2356
f 2276 2357 2275
f 2276 2358 2357
f 2277 2358 2276
f 2277 2359 2358
f 2278 2359 2277
f 2278 2360 2359
f 2279 2360 2278
f 2279 2361 2360
f 2280 2361 2279
f 2280 2362 2361
f 2281 2362 2280
f 2281 2363 2362
f 2282 2363 2281
f 2282 2364 2363
f 2283 2364 2282
f 2285 2365 2284
f 2285 2366 2365
f 2286 2366 2285
f 2286 2367 2366
f 2287 2367 2286
f 2287 2368 2367
f 2288 2368 2287
f 2288 2369 2368
f 2289 2369 2288
f 2289 2370 2369
f 2290 2370 2289
f 2290 2371 2370
f 2291 2371 2290
f 2291 2372 2371
f 2292 2372 2291
f 2292 2373 2372
f 2293 2373 2292
f 2293 2374 2373
f 2294 2374 2293
f 2294 2375 2374
f 2295 2375 2294
f 2295 2376 2375
f 2296 2376 2295
f 2296 2377 2376
f 2297 2377 2296
f 2297 2378 2377
f 2298 2378 2297
f 2298 2379 2378
f 2299 2379 2298
f 2299 2380 2379
f 2300 2380 2299
f 2300 2381 2380
f 2301 2381 2300
f 2301 2382 2381
f 2302 2382 2301
f 2302 2383 2382
f 2303 2383 2302
f 2303 2384 2383
f 2304 2384 2303
f 2304 2385 2384
f 2305 2385 2304
f 2305 2386 2385
f 2306 2386 2305
f 2306 2387 2386
f 2307 2387 2306
f 2307 2388 2387
f 2308 2388 2307
f 2308 2389 2388
f 2309 2389 2308
f 2309 2390 2389
f 2310 2390 2309
f 2310 2391 2390
f 2311 2391 2310
f 2311 2392 2391
f 2312 2392 2311
f 2312 2393 2392
f 2313 2393 2312
f 2313 2394 2393
f 2314 2394 2313
f 2314 2395 2394
f 2315 2395 2314
f 2315 2396 2395
f 2316 2396 2315
f 2316 2397 2396
f 2317 2397 2316
f 2317 2398 2397
f 2318 2398 2317
f 2318 2399 2398
f 2319 2399 2318
f 2319 2400 2399
f 2320 2400 2319
f 2320 2401 2400
f 2321 2401 2320
f 2321 2402 2401
f 2322 2402 2321
f 2322 2403 2402
f 2323 2403 2322
f 2323 2404 2403
f 2324 2404 2323
f 2324 2405 2404
f 2325 2405 2324
f 2325 2406 2405
f 2326 2406 2325
f 2326 2407 2406
f 2327 2407 2326
f 2327 2408 2407
f 2328 2408 2327
f 2328 2409 2408
f 2329 2409 2328
f 2329 2410 2409
f 2330 2410 2329
f 2330 2411 2410
f 2331 2411 2330
f 2331 2412 2411
f 2332 2412 2331
f 2332 2413 2412
f 2333 2413 2332
f 2333 2414 2413
f 2334 2414 2333
f 2334 2415 2414
f 2335 2415 2334
f 2335 2416 2415
f 2336 2416 2335
f 2336 2417 2416
f 2337 2417 2336
f 2337 2418 2417
f 2339 2420 2338
f 2339 2421 2420
f 2340 2421 2339
f 2340 2422 2421
f 2341 2422 2340
f 2341 2423 2422
f 2342 2423 2341
f 2343 2425 2424
f 2344 2425 2343
f 2344 2426 2425
f 2345 2426 2344
f 2345 2427 2426
f 2346 2427 2345
f 2346 2428 2427
f 2347 2428 2346
f 2347 2429 2428
f 2348 2429 2347
f 2348 2430 2429
f 2349 2430 2348
f 2349 2431 2430
f 2350 2431 2349
f 2350 2432 2431
f 2351 2432 2350
f 2351 2433 2432
f 2352 2433 2351
f 2352 2434 2433
f 2353 2434 2352
f 2353 2435 2434
f 2354 2435 2353
f 2354 2436 2435
f 2355 2436 2354
f 2355 2437 2436
f 2356 2437 2355
f 2356 2438 2437
f 2357 2438 2356
f 2357 2439 2438
f 2358 2439 2357
f 2358 2440 2439
f 2359 2440 2358
f 2359 2441 2440
f 2360 2441 2359
f 2360 2442 2441
f 2361 2442 2360
f 2361 2443 2442
f 2362 2443 2361
f 2362 2444 2443
f 2363 2444 2362
f 2363 2445 2444
f 2364 2445 2363
f 2364 2446 2445
f 2365 2448 2447
f 2366 2448 2365
f 2366 2449 2448
f 2367 2449 2366
f 2367 2450 2449
f 2368 2450 2367
f 2368 2451 2450
f 2369 2451 2368
f 2369 2452 2451
f 2370 2452 2369
f 2370 2453 2452
f 2371 2453 2370
f 2371 2454 2453
f 2372 2454 2371
f 2372 2455 2454
f 2373 2455 2372
f 2373 2456 2455
f 2374 2456 2373
f 2374 2457 2456
f 2375 2457 2374
f 2375 2458 2457
f 2376 2458 2375
f 2376 2459 2458
f 2377 2459 2376
f 2377 2460 2459
f 2378 2460 2377
f 2378 2461 2460
f 2379 2461 2378
f 2379 2462 2461
f 2380 2462 2379
f 2380 2463 2462
f 2381 2463 2380
f 2381 2464 2463
f 2382 2464 2381
f 2382 2465 2464
f 2383 2465 2382
f 2385 2466 2384
f 2385 2467 2466
f 2386 2467 2385
f 2386 2468 2467
f 2387 2468 2386
f 2387 2469 2468
f 2388 2469 2387
f 2388 2470 2469
f 2389 2470 2388
f 2389 2471 2470
f 2390 2471 2389
f 2390 2472 2471
f 2391 2472 2390
f 2391 2473 2472
f 2392 2473 2391
f 2392 2474 2473
f 2393 2474 2392
f 2393 2475 2474
f 2394 2475 2393
f 2394 2476 2475
f 2395 2476 2394
f 2395 2477 2476
f 2396 2477 2395
f 2396 2478 2477
f 2397 2478 2396
f 2397 2479 2478
f 2398 2479 2397
f 2398 2480 2479
f 2399 2480 2398
f 2399 2481 2480
f 2400 2481 2399
f 2400 2482 2481
f 2401 2482 2400
f 2401 2483 2482
f 2402 2483 2401
f 2402 2484 2483
f 2403 2484 2402
f 2403 2485 2484
f 2404 2485 2403
f 2404 2486 2485
f 2405 2486 2404
f 2405 2487 2486
f 2406 2487 2405
f 2406 2488 2487
f 2407 2488 2406
f 2407 2489 2488
f 2408 2489 2407
f 2408 2490 2489
f 2409 2490 2408
f 2409 2491 2490
f 2410 2491 2409
f 2410 2492 2491
f 2411 2492 2410
f 2411 2493 2492
f 2412 2493 2411
f 2412 2494 2493
f 2413 2494 2412
f 2413 2495 2494
f 2414 2495 2413
f 2414 2496 2495
f 2415 2496 2414
f 2415 2497 2496
f 2416 2497 2415
f 2416 2498 2497
f 2417 2498 2416
f 2417 2499 2498
f 2418 2499 2417
f 2418 2500 2499
f 2419 2501 2500
f 2421 2502 2420
f 2421 2503 2502
f 2422 2503 2421
f 2422 2504 2503
f 2423 2504 2422
f 2424 2506 2505
f 2425 2506 2424
f 2425 2507 2506
f 2426 2507 2425
f 2426 2508 2507
f 2427 2508 2426
f 2427 2509 2508
f 2428 2509 2427
f 2428 2510 2509
f 2429 2510 2428
f 2429 2511 2510
f 2430 2511 2429
f 2430 2512 2511
f 2431 2512 2430
f 2431 2513 2512
f 2432 2513 2431
f 2432 2514 2513
f 2433 2514 2432
f 2433 2515 2514
f 2434 2515 2433
f 2434 2516 2515
f 2435 2516 2434
f 2435 2517 2516
f 2436 2517 2435
f 2436 2518 2517
f 2437 2518 2436
f 2437 2519 2518
f 2438 2519 2437
f 2438 2520 2519
f 2439 2520 2438
f 2439 2521 2520
f 2440 2521 2439
f 2440 2522 2521
f 2441 2522 2440
f 2441 2523 2522
f 2442 2523 2441
f 2442 2524 2523
f 2443 2524 2442
f 2443 2525 2524
f 2444 2525 2443
f 2444 2526 2525
f 2445 2526 2444
f 2445 2527 2526
f 2446 2527 2445
f 2448 2528 2447
f 2449 2529 2448
f 2449 2530 2529
f 2450 2530 2449
f 2450 2531 2530
f 2451 2531 2450
f 2451 2532 2531
f 2452 2532 2451
f 2452 2533 2532
f 2453 2533 2452
f 2453 2534 2533
f 2454 2534 2453
f 2454 2535 2534
f 2455 2535 2454
f 2455 2536 2535
f 2456 2536 2455
f 2456 2537 2536
f 2457 2537 2456
f 2457 2538 2537
f 2458 2538 2457
f 2458 2539 2538
f 2459 2539 2458
f 2459 2540 2539
f 2460 2540 2459
f 2460 2541 2540
f 2461 2541 2460
f 2461 2542 2541
f 2462 2542 2461
f 2462 2543 2542
f 2463 2543 2462
f 2463 2544 2543
f 2464 2544 2463
f 2464 2545 2544
f 2465 2545 2464
f 2465 2546 2545
f 2467 2548 2466
f 2467 2549 2548
f 2468 2549 2467
f 2468 2550 2549
f 2469 2550 2468
f 2469 2551 2550
f 2470 2551 2469
f 2470 2552 2551
f 2471 2552 2470
f 2471 2553 2552
f 2472 2553 2471
f 2472 2554 2553
f 2473 2554 2472
f 2473 2555 2554
f 2474 2555 2473
f 2474 2556 2555
f 2475 2556 2474
f 2475 2557 2556
f 2476 2557 2475
f 2476 2558 2557
f 2477 2558 2476
f 2477 2559 2558
f 2478 2559 2477
f 2478 2560 2559
f 2479 2560 2478
f 2479 2561 2560
f 2480 2561 2479
f 2480 2562 2561
f 2481 2562 2480
f 2481 2563 2562
f 2482 2563 2481
f 2482 2564 2563
f 2483 2564 2482
f 2483 2565 2564
f 2484 2565 2483
f 2484 2566 2565
f 2485 2566 2484
f 2485 2567 2566
f 2486 2567 2485
f 2486 2568 2567
f 2487 2568 2486
f 2487 2569 2568
f 2488 2569 2487
f 2488 2570 2569
f 2489 2570 2488
f 2489 2571 2570
f 2490 2571 2489
f 2490 2572 2571
f 2491 2572 2490
f 2491 2573 2572
f 2492 2573 2491
f 2492 2574 2573
f 2493 2574 2492
f 2493 2575 2574
f 2494 2575 2493
f 2494 2576 2575
f 2495 2576 2494
f 2495 2577 2576
f 2496 2577 2495
f 2496 2578 2577
f 2497 2578 2496
f 2497 2579 2578
f 2498 2579 2497
f 2498 2580 2579
f 2499 2580 2498
f 2499 2581 2580
f 2500 2581 2499
f 2500 2582 2581
f 2501 2582 2500
f 2501 2583 2582
f 2502 2585 2584
f 2503 2585 2502
f 2503 2586 2585
f 2504 2586 2503
f 2505 2588 2587
f 2506 2588 2505
f 2506 2589 2588
f 2507 2589 2506
f 2507 2590 2589
f 2508 2590 2507
f 2508 2591 2590
f 2509 2591 2508
f 2509 2592 2591
f 2510 2592 2509
f 2510 2593 2592
f 2511 2593 2510
f 2511 2594 2593
f 2512 2594 2511
f 2512 2595 2594
f 2513 2595 2512
f 2513 2596 2595
f 2514 2596 2513
f 2514 2597 2596
f 2515 2597 2514
f 2515 2598 2597
f 2516 2598 2515
f 2516 2599 2598
f 2517 2599 2516
f 2517 2600 2599
f 2518 2600 2517
f 2518 2601 2600
f 2519 2601 2518
f 2519 2602 2601
f 2520 2602 2519
f 2520 2603 2602
f 2521 2603 2520
f 2521 2604 2603
f 2522 2604 2521
f 2522 2605 2604
f 2523 2605 2522
f 2523 2606 2605
f 2524 2606 2523
f 2524 2607 2606
f 2525 2607 2524
f 2525 2608 2607
f 2526 2608 2525
f 2527 2609 2526
f 2530 2610 2529
f 2530 2611 2610
f 2531 2611 2530
f 2531 2612 2611
f 2532 2612 2531
f 2532 2613 2612
f 2533 2613 2532
f 2533 2614 2613
f 2534 2614 2533
f 2534 2615 2614
f 2535 2615 2534
f 2535 2616 2615
f 2536 2616 2535
f 2536 2617 2616
f 2537 2617 2536
f 2537 2618 2617
f 2538 2618 2537
f 2538 2619 2618
f 2539 2619 2538
f 2539 2620 2619
f 2540 2620 2539
f 2540 2621 2620
f 2541 2621 2540
f 2541 2622 2621
f 2542 2622 2541
f 2542 2623 2622
f 2543 2623 2542
f 2547 2628 2627
f 2553 2633 2552
f 2553 2634 2633
f 2554 2634 2553
f 2554 2635 2634
f 2555 2635 2554
f 2555 2636 2635
f 2556 2636 2555
f 2556 2637 2636
f 2557 2637 2556
f 2557 2638 2637
f 2558 2638 2557
f 2558 2639 2638
f 2559 2639 2558
f 2559 2640 2639
f 2560 2640 2559
f 2560 2641 2640
f 2561 2641 2560
f 2561 2642 2641
f 2562 2642 2561
f 2562 2643 2642
f 2563 2643 2562
f 2563 2644 2643
f 2564 2644 2563
f 2564 2645 2644
f 2565 2645 2564
f 2565 2646 2645
f 2566 2646 2565
f 2566 2647 2646
f 2567 2647 2566
f 2567 2648 2647
f 2568 2648 2567
f 2568 2649 2648
f 2569 2649 2568
f 2569 2650 2649
f 2570 2650 2569
f 2570 2651 2650
f 2571 2651 2570
f 2571 2652 2651
f 2572 2652 2571
f 2572 2653 2652
f 2573 2653 2572
f 2573 2654 2653
f 2574 2654 2573
f 2574 2655 2654
f 2575 2655 2574
f 2575 2656 2655
f 2576 2656 2575
f 2576 2657 2656
f 2577 2657 2576
f 2577 2658 2657
f 2578 2658 2577
f 2578 2659 2658
f 2579 2659 2578
f 2579 2660 2659
f 2580 2660 2579
f 2580 2661 2660
f 2581 2661 2580
f 2581 2662 2661
f 2582 2662 2581
f 2582 2663 2662
f 2583 2663 2582
f 2583 2664 2663
f 2585 2666 2584
f 2585 2667 2666
f 2586 2667 2585
f 2587 2669 2668
f 2588 2669 2587
f 2588 2670 2669
f 2589 2670 2588
f 2589 2671 2670
f 2590 2671 2589
f 2590 2672 2671
f 2591 2672 2590
f 2591 2673 2672
f 2592 2673 2591
f 2592 2674 2673
f 2593 2674 2592
f 2593 2675 2674
f 2594 2675 2593
f 2594 2676 2675
f 2595 2676 2594
f 2595 2677 2676
f 2596 2677 2595
f 2596 2678 2677
f 2597 2678 2596
f 2597 2679 2678
f 2598 2679 2597
f 2598 2680 2679
f 2599 2680 2598
f 2599 2681 2680
f 2600 2681 2599
f 2600 2682 2681
f 2601 2682 2600
f 2601 2683 2682
f 2602 2683 2601
f 2602 2684 2683
f 2603 2684 2602
f 2603 2685 2684
f 2604 2685 2603
f 2604 2686 2685
f 2605 2686 2604
f 2605 2687 2686
f 2606 2687 2605
f 2606 2688 2687
f 2607 2688 2606
f 2607 2689 2688
f 2608 2689 2607
f 2608 2690 2689
f 2609 2690 2608
f 2611 2691 2610
f 2611 2692 2691
f 2612 2692 2611
f 2612 2693 2692
f 2613 2693 2612
f 2613 2694 2693
f 2614 2694 2613
f 2614 2695 2694
f 2615 2695 2614
f 2615 2696 2695
f 2616 2696 2615
f 2616 2697 2696
f 2617 2697 2616
f 2617 2698 2697
f 2618 2698 2617
f 2618 2699 2698
f 2619 2699 2618
f 2619 2700 2699
f 2620 2700 2619
f 2620 2701 2700
f 2621 2701 2620
f 2621 2702 2701
f 2622 2702 2621
f 2624 2705 2704
f 2625 2705 2624
f 2625 2706 2705
f 2626 2706 2625
f 2626 2707 2706
f 2627 2707 2626
f 2627 2708 2707
f 2628 2708 2627
f 2628 2709 2708
f 2629 2710 2709
f 2630 2710 2629
f 2630 2711 2710
f 2631 2711 2630
f 2631 2712 2711
f 2632 2712 2631
f 2632 2713 2712
f 2636 2716 2635
f 2636 2717 2716
f 2637 2717 2636
f 2637 2718 2717
f 2638 2718 2637
f 2638 2719 2718
f 2639 2719 2638
f 2639 2720 2719
f 2640 2720 2639
f 2640 2721 2720
f 2641 2721 2640
f 2641 2722 2721
f 2642 2722 2641
f 2642 2723 2722
f 2643 2723 2642
f 2643 2724 2723
f 2644 2724 2643
f 2644 2725 2724
f 2645 2725 2644
f 2645 2726 2725
f 2646 2726 2645
f 2646 2727 2726
f 2647 2727 2646
f 2647 2728 2727
f 2648 2728 2647
f 2648 2729 2728
f 2649 2729 2648
f 2649 2730 2729
f 2650 2730 2649
f 2650 2731 2730
f 2651 2731 2650
f 2651 2732 2731
f 2652 2732 2651
f 2652 2733 2732
f 2653 2733 2652
f 2653 2734 2733
f 2654 2734 2653
f 2654 2735 2734
f 2655 2735 2654
f 2655 2736 2735
f 2656 2736 2655
f 2656 2737 2736
f 2657 2737 2656
f 2657 2738 2737
f 2658 2738 2657
f 2658 2739 2738
f 2659 2739 2658
f 2659 2740 2739
f 2660 2740 2659
f 2660 2741 2740
f 2661 2741 2660
f 2661 2742 2741
f 2662 2742 2661
f 2662 2743 2742
f 2663 2743 2662
f 2663 2744 2743
f 2664 2744 2663
f 2665 2746 2745
f 2667 2747 2666
f 2668 2749 2748
f 2669 2749 2668
f 2669 2750 2749
f 2670 2750 2669
f 2670 2751 2750
f 2671 2751 2670
f 2671 2752 2751
f 2672 2752 2671
f 2672 2753 2752
f 2673 2753 2672
f 2673 2754 2753
f 2674 2754 2673
f 2674 2755 2754
f 2675 2755 2674
f 2675 2756 2755
f 2676 2756 2675
f 2676 2757 2756
f 2677 2757 2676
f 2677 2758 2757
f 2678 2758 2677
f 2678 2759 2758
f 2679 2759 2678
f 2679 2760 2759
f 2680 2760 2679
f 2680 2761 2760
f 2681 2761 2680
f 2681 2762 2761
f 2682 2762 2681
f 2682 2763 2762
f 2683 2763 2682
f 2683 2764 2763
f 2684 2764 2683
f 2684 2765 2764
f 2685 2765 2684
f 2685 2766 2765
f 2686 2766 2685
f 2686 2767 2766
f 2687 2767 2686
f 2687 2768 2767
f 2688 2768 2687
f 2688 2769 2768
f 2689 2769 2688
f 2689 2770 2769
f 2690 2770 2689
f 2690 2771 2770
f 2691 2773 2772
f 2692 2773 2691
f 2692 2774 2773
f 2693 2774 2692
f 2693 2775 2774
f 2694 2775 2693
f 2694 2776 2775
f 2695 2776 2694
f 2695 2777 2776
f 2696 2777 2695
f 2696 2778 2777
f 2697 2778 2696
f 2697 2779 2778
f 2698 2779 2697
f 2698 2780 2779
f 2699 2780 2698
f 2699 2781 2780
f 2700 2781 2699
f 2700 2782 2781
f 2701 2782 2700
f 2702 2783 2701
f 2702 2784 2783
f 2704 2785 2703
f 2704 2786 2785
f 2705 2786 2704
f 2705 2787 2786
f 2706 2787 2705
f 2706 2788 2787
f 2707 2788 2706
f 2707 2789 2788
f 2708 2789 2707
f 2708 2790 2789
f 2709 2790 2708
f 2709 2791 2790
f 2710 2791 2709
f 2710 2792 2791
f 2711 2792 2710
f 2711 2793 2792
f 2712 2793 2711
f 2712 2794 2793
f 2713 2794 2712
f 2713 2795 2794
f 2714 2795 2713
f 2714 2796 2795
f 2715 2796 2714
f 2715 2797 2796
f 2717 2798 2716
f 2717 2799 2798
f 2718 2799 2717
f 2718 2800 2799
f 2719 2800 2718
f 2719 2801 2800
f 2720 2801 2719
f 2720 2802 2801
f 2721 2802 2720
f 2721 2803 2802
f 2722 2803 2721
f 2722 2804 2803
f 2723 2804 2722
f 2723 2805 2804
f 2724 2805 2723
f 2724 2806 2805
f 2725 2806 2724
f 2725 2807 2806
f 2726 2807 2725
f 2726 2808 2807
f 2727 2808 2726
f 2727 2809 2808
f 2728 2809 2727
f 2728 2810 2809
f 2729 2810 2728
f 2729 2811 2810
f 2730 2811 2729
f 2730 2812 2811
f 2731 2812 2730
f 2731 2813 2812
f 2732 2813 2731
f 2732 2814 2813
f 2733 2814 2732
f 2733 2815 2814
f 2734 2815 2733
f 2734 2816 2815
f 2735 2816 2734
f 2735 2817 2816
f 2736 2817 2735
f 2736 2818 2817
f 2737 2818 2736
f 2737 2819 2818
f 2738 2819 2737
f 2738 2820 2819
f 2739 2820 2738
f 2739 2821 2820
f 2740 2821 2739
f 2740 2822 2821
f 2741 2822 2740
f 2741 2823 2822
f 2742 2823 2741
f 2742 2824 2823
f 2743 2824 2742
f 2743 2825 2824
f 2744 2825 2743
f 2744 2826 2825
f 2745 2826 2744
f 2746 2827 2745
f 2746 2828 2827
f 2748 2830 2829
f 2749 2830 2748
f 2749 2831 2830
f 2750 2831 2749
f 2750 2832 2831
f 2751 2832 2750
f 2751 2833 2832
f 2752 2833 2751
f 2752 2834 2833
f 2753 2834 2752
f 2753 2835 2834
f 2754 2835 2753
f 2754 2836 2835
f 2755 2836 2754
f 2755 2837 2836
f 2756 2837 2755
f 2756 2838 2837
f 2757 2838 2756
f 2757 2839 2838
f 2758 2839 2757
f 2758 2840 2839
f 2759 2840 2758
f 2759 2841 2840
f 2760 2841 2759
f 2760 2842 2841
f 2761 2842 2760
f 2761 2843 2842
f 2762 2843 2761
f 2762 2844 2843
f 2763 2844 2762
f 2763 2845 2844
f 2764 2845 2763
f 2764 2846 2845
f 2765 2846 2764
f 2765 2847 2846
f 2766 2847 2765
f 2766 2848 2847
f 2767 2848 2766
f 2767 2849 2848
f 2768 2849 2767
f 2768 2850 2849
f 2769 2850 2768
f 2769 2851 2850
f 2770 2851 2769
f 2770 2852 2851
f 2771 2852 2770
f 2773 2853 2772
f 2773 2854 2853
f 2774 2854 2773
f 2774 2855 2854
f 2775 2855 2774
f 2775 2856 2855
f 2776 2856 2775
f 2776 2857 2856
f 2777 2857 2776
f 2777 2858 2857
f 2778 2858 2777
f 2778 2859 2858
f 2779 2859 2778
f 2779 2860 2859
f 2780 2860 2779
f 2780 2861 2860
f 2781 2861 2780
f 2781 2862 2861
f 2782 2862 2781
f 2782 2863 2862
f 2783 2863 2782
f 2783 2864 2863
f 2784 2864 2783
f 2784 2865 2864
f 2786 2866 2785
f 2786 2867 2866
f 2787 2867 2786
f 2787 2868 2867
f 2788 2868 2787
f 2788 2869 2868
f 2789 2869 2788
f 2789 2870 2869
f 2790 2870 2789
f 2790 2871 2870
f 2791 2871 2790
f 2791 2872 2871
f 2792 2872 2791
f 2792 2873 2872
f 2793 2873 2792
f 2793 2874 2873
f 2794 2874 2793
f 2794 2875 2874
f 2795 2875 2794
f 2795 2876 2875
f 2796 2876 2795
f 2796 2877 2876
f 2797 2877 2796
f 2799 2879 2798
f 2799 2880 2879
f 2800 2880 2799
f 2800 2881 2880
f 2801 2881 2800
f 2801 2882 2881
f 2802 2882 2801
f 2802 2883 2882
f 2803 2883 2802
f 2803 2884 2883
f 2804 2884 2803
f 2804 2885 2884
f 2805 2885 2804
f 2805 2886 2885
f 2806 2886 2805
f 2806 2887 2886
f 2807 2887 2806
f 2807 2888 2887
f 2808 2888 2807
f 2808 2889 2888
f 2809 2889 2808
f 2809 2890 2889
f 2810 2890 2809
f 2810 2891 2890
f 2811 2891 2810
f 2811 2892 2891
f 2812 2892 2811
f 2812 2893 2892
f 2813 2893 2812
f 2813 2894 2893
f 2814 2894 2813
f 2814 2895 2894
f 2815 2895 2814
f 2815 2896 2895
f 2816 2896 2815
f 2816 2897 2896
f 2817 2897 2816
f 2817 2898 2897
f 2818 2898 2817
f 2818 2899 2898
f 2819 2899 2818
f 2819 2900 2899
f 2820 2900 2819
f 2820 2901 2900
f 2821 2901 2820
f 2821 2902 2901
f 2822 2902 2821
f 2822 2903 2902
f 2823 2903 2822
f 2823 2904 2903
f 2824 2904 2823
f 2824 2905 2904
f 2825 2905 2824
f 2825 2906 2905
f 2826 2906 2825
f 2826 2907 2906
f 2828 2908 2827
f 2828 2909 2908
f 2829 2913 2912
f 2830 2913 2829
f 2830 2914 2913
f 2831 2914 2830
f 2831 2915 2914
f 2832 2915 2831
f 2832 2916 2915
f 2833 2916 2832
f 2833 2917 2916
f 2834 2917 2833
f 2834 2918 2917
f 2835 2918 2834
f 2835 2919 2918
f 2836 2919 2835
f 2836 2920 2919
f 2837 2920 2836
f 2837 2921 2920
f 2838 2921 2837
f 2838 2922 2921
f 2839 2922 2838
f 2839 2923 2922
f 2840 2923 2839
f 2840 2924 2923
f 2841 2924 2840
f 2841 2925 2924
f 2842 2925 2841
f 2842 2926 2925
f 2843 2926 2842
f 2843 2927 2926
f 2844 2927 2843
f 2844 2928 2927
f 2845 2928 2844
f 2845 2929 2928
f 2846 2929 2845
f 2846 2930 2929
f 2847 2930 2846
f 2847 2931 2930
f 2848 2931 2847
f 2848 2932 2931
f 2849 2932 2848
f 2849 2933 2932
f 2850 2933 2849
f 2850 2934 2933
f 2851 2934 2850
f 2851 2935 2934
f 2852 2935 2851
f 2854 2936 2853
f 2854 2937 2936
f 2855 2937 2854
f 2855 2938 2937
f 2856 2938 2855
f 2856 2939 2938
f 2857 2939 2856
f 2857 2940 2939
f 2858 2940 2857
f 2858 2941 2940
f 2859 2941 2858
f 2859 2942 2941
f 2860 2942 2859
f 2860 2943 2942
f 2861 2943 2860
f 2861 2944 2943
f 2862 2944 2861
f 2862 2945 2944
f 2863 2945 2862
f 2863 2946 2945
f 2864 2946 2863
f 2864 2947 2946
f 2865 2947 2864
f 2865 2948 2947
f 2866 2949 2948
f 2867 2949 2866
f 2867 2950 2949
f 2868 2950 2867
f 2868 2951 2950
f 2869 2951 2868
f 2869 2952 2951
f 2870 2952 2869
f 2870 2953 2952
f 2871 2953 2870
f 2871 2954 2953
f 2872 2954 2871
f 2872 2955 2954
f 2873 2955 2872
f 2873 2956 2955
f 2874 2956 2873
f 2874 2957 2956
f 2875 2957 2874
f 2875 2958 2957
f 2876 2958 2875
f 2876 2959 2958
f 2877 2959 2876
f 2877 2960 2959
f 2878 2961 2960
f 2881 2963 2880
f 2881 2964 2963
f 2882 2964 2881
f 2882 2965 2964
f 2883 2965 2882
f 2883 2966 2965
f 2884 2966 2883
f 2884 2967 2966
f 2885 2967 2884
f 2885 2968 2967
f 2886 2968 2885
f 2886 2969 2968
f 2887 2969 2886
f 2887 2970 2969
f 2888 2970 2887
f 2888 2971 2970
f 2889 2971 2888
f 2889 2972 2971
f 2890 2972 2889
f 2890 2973 2972
f 2891 2973 2890
f 2891 2974 2973
f 2892 2974 2891
f 2892 2975 2974
f 2893 2975 2892
f 2893 2976 2975
f 2894 2976 2893
f 2894 2977 2976
f 2895 2977 2894
f 2895 2978 2977
f 2896 2978 2895
f 2896 2979 2978
f 2897 2979 2896
f 2897 2980 2979
f 2898 2980 2897
f 2898 2981 2980
f 2899 2981 2898
f 2899 2982 2981
f 2900 2982 2899
f 2900 2983 2982
f 2901 2983 2900
f 2901 2984 2983
f 2902 2984 2901
f 2902 2985 2984
f 2903 2985 2902
f 2903 2986 2985
f 2904 2986 2903
f 2904 2987 2986
f 2905 2987 2904
f 2905 2988 2987
f 2906 2988 2905
f 2906 2989 2988
f 2907 2989 2906
f 2907 2990 2989
f 2909 2991 2908
f 2909 2992 2991
f 2910 2997 2996
f 2911 2997 2910
f 2913 2998 2912
f 2913 2999 2998
f 2914 2999 2913
f 2914 3000 2999
f 2915 3000 2914
f 2915 3001 3000
f 2916 3001 2915
f 2916 3002 3001
f 2917 3002 2916
f 2917 3003 3002
f 2918 3003 2917
f 2918 3004 3003
f 2919 3004 2918
f 2919 3005 3004
f 2920 3005 2919
f 2920 3006 3005
f 2921 3006 2920
f 2921 3007 3006
f 2922 3007 2921
f 2922 3008 3007
f 2923 3008 2922
f 2923 3009 3008
f 2924 3009 2923
f 2924 3010 3009
f 2925 3010 2924
f 2925 3011 3010
f 2926 3011 2925
f 2926 3012 3011
f 2927 3012 2926
f 2927 3013 3012
f 2928 3013 2927
f 2928 3014 3013
f 2929 3014 2928
f 2929 3015 3014
f 2930 3015 2929
f 2930 3016 3015
f 2931 3016 2930
f 2931 3017 3016
f 2932 3017 2931
f 2932 3018 3017
f 2933 3018 2932
f 2933 3019 3018
f 2934 3019 2933
f 2934 3020 3019
f 2935 3020 2934
f 2937 3021 2936
f 2937 3022 3021
f 2938 3022 2937
f 2938 3023 3022
f 2939 3023 2938
f 2939 3024 3023
f 2940 3024 2939
f 2940 3025 3024
f 2941 3025 2940
f 2941 3026 3025
f 2942 3026 2941
f 2942 3027 3026
f 2943 3027 2942
f 2943 3028 3027
f 2944 3028 2943
f 2944 3029 3028
f 2945 3029 2944
f 2945 3030 3029
f 2946 3030 2945
f 2946 3031 3030
f 2947 3031 2946
f 2949 3033 2948
f 2949 3034 3033
f 2950 3034 2949
f 2950 3035 3034
f 2951 3035 2950
f 2951 3036 3035
f 2952 3036 2951
f 2952 3037 3036
f 2953 3037 2952
f 2953 3038 3037
f 2954 3038 2953
f 2954 3039 3038
f 2955 3039 2954
f 2955 3040 3039
f 2956 3040 2955
f 2956 3041 3040
f 2957 3041 2956
f 2957 3042 3041
f 2958 3042 2957
f 2958 3043 3042
f 2959 3043 2958
f 2959 3044 3043
f 2960 3044 2959
f 2960 3045 3044
f 2961 3045 2960
f 2961 3046 3045
f 2962 3046 2961
f 2962 3047 3046
f 2965 3049 2964
f 2965 3050 3049
f 2966 3050 2965
f 2966 3051 3050
f 2967 3051 2966
f 2967 3052 3051
f 2968 3052 2967
f 2968 3053 3052
f 2969 3053 2968
f 2969 3054 3053
f 2970 3054 2969
f 2970 3055 3054
f 2971 3055 2970
f 2971 3056 3055
f 2972 3056 2971
f 2972 3057 3056
f 2973 3057 2972
f 2973 3058 3057
f 2974 3058 2973
f 2974 3059 3058
f 2975 3059 2974
f 2975 3060 3059
f 2976 3060 2975
f 2976 3061 3060
f 2977 3061 2976
f 2977 3062 3061
f 2978 3062 2977
f 2978 3063 3062
f 2979 3063 2978
f 2979 3064 3063
f 2980 3064 2979
f 2980 3065 3064
f 2981 3065 2980
f 2981 3066 3065
f 2982 3066 2981
f 2982 3067 3066
f 2983 3067 2982
f 2983 3068 3067
f 2984 3068 2983
f 2984 3069 3068
f 2985 3069 2984
f 2985 3070 3069
f 2986 3070 2985
f 2986 3071 3070
f 2987 3071 2986
f 2987 3072 3071
f 2988 3072 2987
f 2988 3073 3072
f 2989 3073 2988
f 2989 3074 3073
f 2990 3074 2989
f 2991 3076 3075
f 2992 3076 2991
f 2992 3077 3076
f 2993 3077 2992
f 2993 3078 3077
f 2994 3081 3080
f 2995 3081 2994
f 2995 3082 3081
f 2996 3082 2995
f 2996 3083 3082
f 2997 3083 2996
f 2998 3086 3085
f 2999 3086 2998
f 2999 3087 3086
f 3000 3087 2999
f 3000 3088 3087
f 3001 3088 3000
f 3001 3089 3088
f 3002 3089 3001
f 3002 3090 3089
f 3003 3090 3002
f 3003 3091 3090
f 3004 3091 3003
f 3004 3092 3091
f 3005 3092 3004
f 3005 3093 3092
f 3006 3093 3005
f 3006 3094 3093
f 3007 3094 3006
f 3007 3095 3094
f 3008 3095 3007
f 3008 3096 3095
f 3009 3096 3008
f 3009 3097 3096
f 3010 3097 3009
f 3010 3098 3097
f 3011 3098 3010
f 3011 3099 3098
f 3012 3099 3011
f 3012 3100 3099
f 3013 3100 3012
f 3013 3101 3100
f 3014 3101 3013
f 3014 3102 3101
f 3015 3102 3014
f 3015 3103 3102
f 3016 3103 3015
f 3016 3104 3103
f 3017 3104 3016
f 3017 3105 3104
f 3018 3105 3017
f 3018 3106 3105
f 3019 3106 3018
f 3019 3107 3106
f 3020 3107 3019
f 3022 3108 3021
f 3022 3109 3108
f 3023 3109 3022
f 3023 3110 3109
f 3024 3110 3023
f 3024 3111 3110
f 3025 3111 3024
f 3025 3112 3111
f 3026 3112 3025
f 3026 3113 3112
f 3027 3113 3026
f 3027 3114 3113
f 3028 3114 3027
f 3028 3115 3114
f 3029 3115 3028
f 3032 3119 3118
f 3039 3125 3038
f 3039 3126 3125
f 3040 3126 3039
f 3040 3127 3126
f 3041 3127 3040
f 3041 3128 3127
f 3042 3128 3041
f 3042 3129 3128
f 3043 3129 3042
f 3043 3130 3129
f 3044 3130 3043
f 3044 3131 3130
f 3045 3131 3044
f 3045 3132 3131
f 3046 3132 3045
f 3046 3133 3132
f 3047 3133 3046
f 3047 3134 3133
f 3048 3135 3134
f 3050 3136 3049
f 3050 3137 3136
f 3051 3137 3050
f 3051 3138 3137
f 3052 3138 3051
f 3052 3139 3138
f 3053 3139 3052
f 3053 3140 3139
f 3054 3140 3053
f 3054 3141 3140
f 3055 3141 3054
f 3055 3142 3141
f 3056 3142 3055
f 3056 3143 3142
f 3057 3143 3056
f 3057 3144 3143
f 3058 3144 3057
f 3058 3145 3144
f 3059 3145 3058
f 3059 3146 3145
f 3060 3146 3059
f 3060 3147 3146
f 3061 3147 3060
f 3061 3148 3147
f 3062 3148 3061
f 3062 3149 3148
f 3063 3149 3062
f 3063 3150 3149
f 3064 3150 3063
f 3064 3151 3150
f 3065 3151 3064
f 3065 3152 3151
f 3066 3152 3065
f 3066 3153 3152
f 3067 3153 3066
f 3067 3154 3153
f 3068 3154 3067
f 3068 3155 3154
f 3069 3155 3068
f 3069 3156 3155
f 3070 3156 3069
f 3070 3157 3156
f 3071 3157 3070
f 3071 3158 3157
f 3072 3158 3071
f 3072 3159 3158
f 3073 3159 3072
f 3073 3160 3159
f 3074 3160 3073
f 3074 3161 3160
f 3075 3162 3161
f 3076 3162 3075
f 3076 3163 3162
f 3077 3163 3076
f 3077 3164 3163
f 3078 3164 3077
f 3078 3165 3164
f 3080 3166 3079
f 3080 3167 3166
f 3081 3167 3080
f 3081 3168 3167
f 3082 3168 3081
f 3082 3169 3168
f 3083 3169 3082
f 3084 3171 3170
f 3085 3171 3084
f 3085 3172 3171
f 3086 3172 3085
f 3086 3173 3172
f 3087 3173 3086
f 3087 3174 3173
f 3088 3174 3087
f 3088 3175 3174
f 3089 3175 3088
f 3089 3176 3175
f 3090 3176 3089
f 3090 3177 3176
f 3091 3177 3090
f 3091 3178 3177
f 3092 3178 3091
f 3092 3179 3178
f 3093 3179 3092
f 3093 3180 3179
f 3094 3180 3093
f 3094 3181 3180
f 3095 3181 3094
f 3095 3182 3181
f 3096 3182 3095
f 3096 3183 3182
f 3097 3183 3096
f 3097 3184 3183
f 3098 3184 3097
f 3098 3185 3184
f 3099 3185 3098
f 3099 3186 3185
f 3100 3186 3099
f 3100 3187 3186
f 3101 3187 3100
f 3101 3188 3187
f 3102 3188 3101
f 3102 3189 3188
f 3103 3189 3102
f 3103 3190 3189
f 3104 3190 3103
f 3104 3191 3190
f 3105 3191 3104
f 3105 3192 3191
f 3106 3192 3105
f 3106 3193 3192
f 3107 3193 3106
f 3107 3194 3193
f 3109 3195 3108
f 3109 3196 3195
f 3110 3196 3109
f 3110 3197 3196
f 3111 3197 3110
f 3111 3198 3197
f 3112 3198 3111
f 3112 3199 3198
f 3113 3199 3112
f 3113 3200 3199
f 3114 3200 3113
f 3116 3203 3202
f 3117 3203 3116
f 3117 3204 3203
f 3118 3204 3117
f 3118 3205 3204
f 3119 3205 3118
f 3119 3206 3205
f 3120 3206 3119
f 3120 3207 3206
f 3121 3207 3120
f 3121 3208 3207
f 3122 3208 3121
f 3122 3209 3208
f 3123 3209 3122
f 3123 3210 3209
f 3124 3210 3123
f 3124 3211 3210
f 3127 3213 3126
f 3127 3214 3213
f 3128 3214 3127
f 3128 3215 3214
f 3129 3215 3128
f 3129 3216 3215
f 3130 3216 3129
f 3130 3217 3216
f 3131 3217 3130
f 3131 3218 3217
f 3132 3218 3131
f 3132 3219 3218
f 3133 3219 3132
f 3133 3220 3219
f 3134 3220 3133
f 3134 3221 3220
f 3135 3221 3134
f 3135 3222 3221
f 3138 3224 3137
f 3138 3225 3224
f 3139 3225 3138
f 3139 3226 3225
f 3140 3226 3139
f 3140 3227 3226
f 3141 3227 3140
f 3141 3228 3227
f 3142 3228 3141
f 3142 3229 3228
f 3143 3229 3142
f 3143 3230 3229
f 3144 3230 3143
f 3144 3231 3230
f 3145 3231 3144
f 3145 3232 3231
f 3146 3232 3145
f 3146 3233 3232
f 3147 3233 3146
f 3147 3234 3233
f 3148 3234 3147
f 3148 3235 3234
f 3149 3235 3148
f 3149 3236 3235
f 3150 3236 3149
f 3150 3237 3236
f 3151 3237 3150
f 3151 3238 3237
f 3152 3238 3151
f 3152 3239 3238
f 3153 3239 3152
f 3153 3240 3239
f 3154 3240 3153
f 3154 3241 3240
f 3155 3241 3154
f 3155 3242 3241
f 3156 3242 3155
f 3156 3243 3242
f 3157 3243 3156
f 3157 3244 3243
f 3158 3244 3157
f 3158 3245 3244
f 3159 3245 3158
f 3159 3246 3245
f 3160 3246 3159
f 3160 3247 3246
f 3161 3247 3160
f 3161 3248 3247
f 3162 3248 3161
f 3162 3249 3248
f 3163 3249 3162
f 3163 3250 3249
f 3164 3250 3163
f 3164 3251 3250
f 3165 3251 3164
f 3165 3252 3251
f 3170 3256 3255
f 3171 3256 3170
f 3171 3257 3256
f 3172 3257 3171
f 3172 3258 3257
f 3173 3258 3172
f 3173 3259 3258
f 3174 3259 3173
f 3174 3260 3259
f 3175 3260 3174
f 3175 3261 3260
f 3176 3261 3175
f 3176 3262 3261
f 3177 3262 3176
f 3177 3263 3262
f 3178 3263 3177
f 3178 3264 3263
f 3179 3264 3178
f 3179 3265 3264
f 3180 3265 3179
f 3180 3266 3265
f 3181 3266 3180
f 3181 3267 3266
f 3182 3267 3181
f 3182 3268 3267
f 3183 3268 3182
f 3183 3269 3268
f 3184 3269 3183
f 3184 3270 3269
f 3185 3270 3184
f 3185 3271 3270
f 3186 3271 3185
f 3186 3272 3271
f 3187 3272 3186
f 3187 3273 3272
f 3188 3273 3187
f 3188 3274 3273
f 3189 3274 3188
f 3189 3275 3274
f 3190 3275 3189
f 3190 3276 3275
f 3191 3276 3190
f 3191 3277 3276
f 3192 3277 3191
f 3192 3278 3277
f 3193 3278 3192
f 3193 3279 3278
f 3194 3279 3193
f 3196 3280 3195
f 3197 3281 3196
f 3197 3282 3281
f 3198 3282 3197
f 3201 3286 3285
f 3202 3286 3201
f 3202 3287 3286
f 3203 3287 3202
f 3203 3288 3287
f 3204 3288 3203
f 3204 3289 3288
f 3205 3289 3204
f 3206 3290 3205
f 3206 3291 3290
f 3207 3291 3206
f 3207 3292 3291
f 3208 3292 3207
f 3208 3293 3292
f 3209 3293 3208
f 3209 3294 3293
f 3210 3294 3209
f 3210 3295 3294
f 3211 3295 3210
f 3211 3296 3295
f 3212 3296 3211
f 3212 3297 3296
f 3216 3299 3215
f 3216 3300 3299
f 3217 3300 3216
f 3217 3301 3300
f 3218 3301 3217
f 3218 3302 3301
f 3219 3302 3218
f 3219 3303 3302
f 3220 3303 3219
f 3220 3304 3303
f 3221 3304 3220
f 3221 3305 3304
f 3222 3305 3221
f 3222 3306 3305
f 3223 3306 3222
f 3223 3307 3306
f 3225 3308 3224
f 3225 3309 3308
f 3226 3309 3225
f 3226 3310 3309
f 3227 3310 3226
f 3227 3311 3310
f 3228 3311 3227
f 3228 3312 3311
f 3229 3312 3228
f 3229 3313 3312
f 3230 3313 3229
f 3230 3314 3313
f 3231 3314 3230
f 3231 3315 3314
f 3232 3315 3231
f 3232 3316 3315
f 3233 3316 3232
f 3233 3317 3316
f 3234 3317 3233
f 3234 3318 3317
f 3235 3318 3234
f 3235 3319 3318
f 3236 3319 3235
f 3236 3320 3319
f 3237 3320 3236
f 3237 3321 3320
f 3238 3321 3237
f 3238 3322 3321
f 3239 3322 3238
f 3239 3323 3322
f 3240 3323 3239
f 3240 3324 3323
f 3241 3324 3240
f 3241 3325 3324
f 3242 3325 3241
f 3242 3326 3325
f 3243 3326 3242
f 3243 3327 3326
f 3244 3327 3243
f 3244 3328 3327
f 3245 3328 3244
f 3245 3329 3328
f 3246 3329 3245
f 3246 3330 3329
f 3247 3330 3246
f 3247 3331 3330
f 3248 3331 3247
f 3248 3332 3331
f 3249 3332 3248
f 3249 3333 3332
f 3250 3333 3249
f 3250 3334 3333
f 3251 3334 3250
f 3251 3335 3334
f 3252 3335 3251
f 3252 3336 3335
f 3253 3336 3252
f 3253 3337 3336
f 3255 3339 3254
f 3255 3340 3339
f 3256 3340 3255
f 3256 3341 3340
f 3257 3341 3256
f 3257 3342 3341
f 3258 3342 3257
f 3258 3343 3342
f 3259 3343 3258
f 3259 3344 3343
f 3260 3344 3259
f 3260 3345 3344
f 3261 3345 3260
f 3261 3346 3345
f 3262 3346 3261
f 3262 3347 3346
f 3263 3347 3262
f 3263 3348 3347
f 3264 3348 3263
f 3264 3349 3348
f 3265 3349 3264
f 3265 3350 3349
f 3266 3350 3265
f 3266 3351 3350
f 3267 3351 3266
f 3267 3352 3351
f 3268 3352 3267
f 3268 3353 3352
f 3269 3353 3268
f 3269 3354 3353
f 3270 3354 3269
f 3270 3355 3354
f 3271 3355 3270
f 3271 3356 3355
f 3272 3356 3271
f 3272 3357 3356
f 3273 3357 3272
f 3273 3358 3357
f 3274 3358 3273
f 3274 3359 3358
f 3275 3359 3274
f 3275 3360 3359
f 3276 3360 3275
f 3276 3361 3360
f 3277 3361 3276
f 3277 3362 3361
f 3278 3362 3277
f 3278 3363 3362
f 3279 3363 3278
f 3279 3364 3363
f 3282 3365 3281
f 3283 3367 3366
f 3284 3367 3283
f 3284 3368 3367
f 3285 3368 3284
f 3285 3369 3368
f 3286 3369 3285
f 3286 3370 3369
f 3287 3370 3286
f 3287 3371 3370
f 3288 3371 3287
f 3288 3372 3371
f 3289 3372 3288
f 3289 3373 3372
f 3290 3373 3289
f 3290 3374 3373
f 3291 3374 3290
f 3291 3375 3374
f 3292 3375 3291
f 3292 3376 3375
f 3293 3376 3292
f 3293 3377 3376
f 3294 3377 3293
f 3294 3378 3377
f 3295 3378 3294
f 3295 3379 3378
f 3296 3379 3295
f 3296 3380 3379
f 3297 3380 3296
f 3297 3381 3380
f 3298 3381 3297
f 3298 3382 3381
f 3302 3386 3301
f 3302 3387 3386
f 3303 3387 3302
f 3303 3388 3387
f 3304 3388 3303
f 3304 3389 3388
f 3305 3389 3304
f 3305 3390 3389
f 3306 3390 3305
f 3306 3391 3390
f 3307 3391 3306
f 3307 3392 3391
f 3310 3394 3309
f 3310 3395 3394
f 3311 3395 3310
f 3311 3396 3395
f 3312 3396 3311
f 3312 3397 3396
f 3313 3397 3312
f 3313 3398 3397
f 3314 3398 3313
f 3314 3399 3398
f 3315 3399 3314
f 3315 3400 3399
f 3316 3400 3315
f 3316 3401 3400
f 3317 3401 3316
f 3317 3402 3401
f 3318 3402 3317
f 3318 3403 3402
f 3319 3403 3318
f 3319 3404 3403
f 3320 3404 3319
f 3320 3405 3404
f 3321 3405 3320
f 3321 3406 3405
f 3322 3406 3321
f 3322 3407 3406
f 3323 3407 3322
f 3323 3408 3407
f 3324 3408 3323
f 3324 3409 3408
f 3325 3409 3324
f 3325 3410 3409
f 3326 3410 3325
f 3326 3411 3410
f 3327 3411 3326
f 3327 3412 3411
f 3328 3412 3327
f 3328 3413 3412
f 3329 3413 3328
f 3329 3414 3413
f 3330 3414 3329
f 3330 3415 3414
f 3331 3415 3330
f 3331 3416 3415
f 3332 3416 3331
f 3332 3417 3416
f 3333 3417 3332
f 3333 3418 3417
f 3334 3418 3333
f 3334 3419 3418
f 3335 3419 3334
f 3335 3420 3419
f 3336 3420 3335
f 3336 3421 3420
f 3337 3421 3336
f 3337 3422 3421
f 3338 3422 3337
f 3338 3423 3422
f 3340 3425 3424
f 3341 3425 3340
f 3341 3426 3425
f 3342 3426 3341
f 3342 3427 3426
f 3343 3427 3342
f 3343 3428 3427
f 3344 3428 3343
f 3344 3429 3428
f 3345 3429 3344
f 3345 3430 3429
f 3346 3430 3345
f 3346 3431 3430
f 3347 3431 3346
f 3347 3432 3431
f 3348 3432 3347
f 3348 3433 3432
f 3349 3433 3348
f 3349 3434 3433
f 3350 3434 3349
f 3350 3435 3434
f 3351 3435 3350
f 3351 3436 3435
f 3352 3436 3351
f 3352 3437 3436
f 3353 3437 3352
f 3353 3438 3437
f 3354 3438 3353
f 3354 3439 3438
f 3355 3439 3354
f 3355 3440 3439
f 3356 3440 3355
f 3356 3441 3440
f 3357 3441 3356
f 3357 3442 3441
f 3358 3442 3357
f 3358 3443 3442
f 3359 3443 3358
f 3359 3444 3443
f 3360 3444 3359
f 3360 3445 3444
f 3361 3445 3360
f 3361 3446 3445
f 3362 3446 3361
f 3362 3447 3446
f 3363 3447 3362
f 3363 3448 3447
f 3364 3448 3363
f 3364 3449 3448
f 3366 3451 3450
f 3367 3451 3366
f 3367 3452 3451
f 3368 3452 3367
f 3368 3453 3452
f 3369 3453 3368
f 3369 3454 3453
f 3370 3454 3369
f 3370 3455 3454
f 3371 3455 3370
f 3371 3456 3455
f 3372 3456 3371
f 3372 3457 3456
f 3373 3457 3372
f 3373 3458 3457
f 3374 3458 3373
f 3374 3459 3458
f 3375 3459 3374
f 3375 3460 3459
f 3376 3460 3375
f 3376 3461 3460
f 3377 3461 3376
f 3377 3462 3461
f 3378 3462 3377
f 3378 3463 3462
f 3379 3463 3378
f 3379 3464 3463
f 3380 3464 3379
f 3380 3465 3464
f 3381 3465 3380
f 3381 3466 3465
f 3382 3466 3381
f 3382 3467 3466
f 3383 3467 3382
f 3383 3468 3467
f 3384 3468 3383
f 3384 3469 3468
f 3385 3469 3384
f 3385 3470 3469
f 3388 3472 3387
f 3388 3473 3472
f 3389 3473 3388
f 3389 3474 3473
f 3390 3474 3389
f 3390 3475 3474
f 3391 3475 3390
f 3391 3476 3475
f 3392 3476 3391
f 3392 3477 3476
f 3393 3477 3392
f 3393 3478 3477
f 3396 3480 3395
f 3396 3481 3480
f 3397 3481 3396
f 3397 3482 3481
f 3398 3482 3397
f 3398 3483 3482
f 3399 3483 3398
f 3399 3484 3483
f 3400 3484 3399
f 3400 3485 3484
f 3401 3485 3400
f 3401 3486 3485
f 3402 3486 3401
f 3402 3487 3486
f 3403 3487 3402
f 3403 3488 3487
f 3404 3488 3403
f 3404 3489 3488
f 3405 3489 3404
f 3405 3490 3489
f 3406 3490 3405
f 3406 3491 3490
f 3407 3491 3406
f 3407 3492 3491
f 3408 3492 3407
f 3408 3493 3492
f 3409 3493 3408
f 3409 3494 3493
f 3410 3494 3409
f 3410 3495 3494
f 3411 3495 3410
f 3411 3496 3495
f 3412 3496 3411
f 3412 3497 3496
f 3413 3497 3412
f 3413 3498 3497
f 3414 3498 3413
f 3414 3499 3498
f 3415 3499 3414
f 3415 3500 3499
f 3416 3500 3415
f 3416 3501 3500
f 3417 3501 3416
f 3417 3502 3501
f 3418 3502 3417
f 3418 3503 3502
f 3419 3503 3418
f 3419 3504 3503
f 3420 3504 3419
f 3420 3505 3504
f 3421 3505 3420
f 3421 3506 3505
f 3422 3506 3421
f 3422 3507 3506
f 3423 3507 3422
f 3423 3508 3507
f 3425 3510 3424
f 3425 3511 3510
f 3426 3511 3425
f 3426 3512 3511
f 3427 3512 3426
f 3427 3513 3512
f 3428 3513 3427
f 3428 3514 3513
f 3429 3514 3428
f 3429 3515 3514
f 3430 3515 3429
f 3430 3516 3515
f 3431 3516 3430
f 3431 3517 3516
f 3432 3517 3431
f 3432 3518 3517
f 3433 3518 3432
f 3433 3519 3518
f 3434 3519 3433
f 3434 3520 3519
f 3435 3520 3434
f 3435 3521 3520
f 3436 3521 3435
f 3436 3522 3521
f 3437 3522 3436
f 3437 3523 3522
f 3438 3523 3437
f 3438 3524 3523
f 3439 3524 3438
f 3439 3525 3524
f 3440 3525 3439
f 3440 3526 3525
f 3441 3526 3440
f 3441 3527 3526
f 3442 3527 3441
f 3442 3528 3527
f 3443 3528 3442
f 3443 3529 3528
f 3444 3529 3443
f 3444 3530 3529
f 3445 3530 3444
f 3445 3531 3530
f 3446 3531 3445
f 3446 3532 3531
f 3447 3532 3446
f 3447 3533 3532
f 3448 3533 3447
f 3448 3534 3533
f 3449 3534 3448
f 3450 3536 3535
f 3451 3536 3450
f 3451 3537 3536
f 3452 3537 3451
f 3452 3538 3537
f 3453 3538 3452
f 3453 3539 3538
f 3454 3539 3453
f 3454 3540 3539
f 3455 3540 3454
f 3455 3541 3540
f 3456 3541 3455
f 3456 3542 3541
f 3457 3542 3456
f 3457 3543 3542
f 3458 3543 3457
f 3458 3544 3543
f 3459 3544 3458
f 3459 3545 3544
f 3460 3545 3459
f 3460 3546 3545
f 3461 3546 3460
f 3461 3547 3546
f 3462 3547 3461
f 3462 3548 3547
f 3463 3548 3462
f 3463 3549 3548
f 3464 3549 3463
f 3464 3550 3549
f 3465 3550 3464
f 3465 3551 3550
f 3466 3551 3465
f 3466 3552 3551
f 3467 3552 3466
f 3467 3553 3552
f 3468 3553 3467
f 3468 3554 3553
f 3469 3554 3468
f 3469 3555 3554
f 3470 3555 3469
f 3470 3556 3555
f 3471 3556 3470
f 3471 3557 3556
f 3474 3559 3473
f 3474 3560 3559
f 3475 3560 3474
f 3475 3561 3560
f 3476 3561 3475
f 3476 3562 3561
f 3477 3562 3476
f 3477 3563 3562
f 3478 3563 3477
f 3478 3564 3563
f 3479 3564 3478
f 3479 3565 3564
f 3481 3566 3480
f 3481 3567 3566
f 3482 3567 3481
f 3482 3568 3567
f 3483 3568 3482
f 3483 3569 3568
f 3484 3569 3483
f 3484 3570 3569
f 3485 3570 3484
f 3485 3571 3570
f 3486 3571 3485
f 3486 3572 3571
f 3487 3572 3486
f 3487 3573 3572
f 3488 3573 3487
f 3488 3574 3573
f 3489 3574 3488
f 3489 3575 3574
f 3490 3575 3489
f 3490 3576 3575
f 3491 3576 3490
f 3491 3577 3576
f 3492 3577 3491
f 3492 3578 3577
f 3493 3578 3492
f 3493 3579 3578
f 3494 3579 3493
f 3494 3580 3579
f 3495 3580 3494
f 3495 3581 3580
f 3496 3581 3495
f 3496 3582 3581
f 3497 3582 3496
f 3497 3583 3582
f 3498 3583 3497
f 3498 3584 3583
f 3499 3584 3498
f 3499 3585 3584
f 3500 3585 3499
f 3500 3586 3585
f 3501 3586 3500
f 3501 3587 3586
f 3502 3587 3501
f 3502 3588 3587
f 3503 3588 3502
f 3503 3589 3588
f 3504 3589 3503
f 3504 3590 3589
f 3505 3590 3504
f 3505 3591 3590
f 3506 3591 3505
f 3506 3592 3591
f 3507 3592 3506
f 3507 3593 3592
f 3508 3593 3507
f 3508 3594 3593
f 3509 3595 3594
f 3511 3596 3510
f 3511 3597 3596
f 3512 3597 3511
f 3512 3598 3597
f 3513 3598 3512
f 3513 3599 3598
f 3514 3599 3513
f 3514 3600 3599
f 3515 3600 3514
f 3515 3601 3600
f 3516 3601 3515
f 3516 3602 3601
f 3517 3602 3516
f 3517 3603 3602
f 3518 3603 3517
f 3518 3604 3603
f 3519 3604 3518
f 3519 3605 3604
f 3520 3605 3519
f 3520 3606 3605
f 3521 3606 3520
f 3521 3607 3606
f 3522 3607 3521
f 3522 3608 3607
f 3523 3608 3522
f 3523 3609 3608
f 3524 3609 3523
f 3524 3610 3609
f 3525 3610 3524
f 3525 3611 3610
f 3526 3611 3525
f 3526 3612 3611
f 3527 3612 3526
f 3527 3613 3612
f 3528 3613 3527
f 3528 3614 3613
f 3529 3614 3528
f 3529 3615 3614
f 3530 3615 3529
f 3530 3616 3615
f 3531 3616 3530
f 3531 3617 3616
f 3532 3617 3531
f 3532 3618 3617
f 3533 3618 3532
f 3533 3619 3618
f 3534 3619 3533
f 3534 3620 3619
f 3536 3621 3535
f 3536 3622 3621
f 3537 3622 3536
f 3537 3623 3622
f 3538 3623 3537
f 3538 3624 3623
f 3539 3624 3538
f 3539 3625 3624
f 3540 3625 3539
f 3540 3626 3625
f 3541 3626 3540
f 3541 3627 3626
f 3542 3627 3541
f 3542 3628 3627
f 3543 3628 3542
f 3543 3629 3628
f 3544 3629 3543
f 3544 3630 3629
f 3545 3630 3544
f 3545 3631 3630
f 3546 3631 3545
f 3546 3632 3631
f 3547 3632 3546
f 3547 3633 3632
f 3548 3633 3547
f 3548 3634 3633
f 3549 3634 3548
f 3549 3635 3634
f 3550 3635 3549
f 3550 3636 3635
f 3551 3636 3550
f 3551 3637 3636
f 3552 3637 3551
f 3552 3638 3637
f 3553 3638 3552
f 3553 3639 3638
f 3554 3639 3553
f 3554 3640 3639
f 3555 3640 3554
f 3555 3641 3640
f 3556 3641 3555
f 3556 3642 3641
f 3557 3642 3556
f 3557 3643 3642
f 3558 3643 3557
f 3558 3644 3643
f 3561 3646 3560
f 3561 3647 3646
f 3562 3647 3561
f 3562 3648 3647
f 3563 3648 3562
f 3563 3649 3648
f 3564 3649 3563
f 3564 3650 3649
f 3565 3650 3564
f 3565 3651 3650
f 3567 3652 3566
f 3567 3653 3652
f 3568 3653 3567
f 3568 3654 3653
f 3569 3654 3568
f 3569 3655 3654
f 3570 3655 3569
f 3570 3656 3655
f 3571 3656 3570
f 3571 3657 3656
f 3572 3657 3571
f 3572 3658 3657
f 3573 3658 3572
f 3573 3659 3658
f 3574 3659 3573
f 3574 3660 3659
f 3575 3660 3574
f 3575 3661 3660
f 3576 3661 3575
f 3576 3662 3661
f 3577 3662 3576
f 3577 3663 3662
f 3578 3663 3577
f 3578 3664 3663
f 3579 3664 3578
f 3579 3665 3664
f 3580 3665 3579
f 3580 3666 3665
f 3581 3666 3580
f 3581 3667 3666
f 3582 3667 3581
f 3582 3668 3667
f 3583 3668 3582
f 3583 3669 3668
f 3584 3669 3583
f 3584 3670 3669
f 3585 3670 3584
f 3585 3671 3670
f 3586 3671 3585
f 3586 3672 3671
f 3587 3672 3586
f 3587 3673 3672
f 3588 3673 3587
f 3588 3674 3673
f 3589 3674 3588
f 3589 3675 3674
f 3590 3675 3589
f 3590 3676 3675
f 3591 3676 3590
f 3591 3677 3676
f 3592 3677 3591
f 3592 3678 3677
f 3593 3678 3592
f 3593 3679 3678
f 3594 3679 3593
f 3594 3680 3679
f 3595 3680 3594
f 3595 3681 3680
f 3597 3682 3596
f 3597 3683 3682
f 3598 3683 3597
f 3598 3684 3683
f 3599 3684 3598
f 3599 3685 3684
f 3600 3685 3599
f 3600 3686 3685
f 3601 3686 3600
f 3601 3687 3686
f 3602 3687 3601
f 3602 3688 3687
f 3603 3688 3602
f 3603 3689 3688
f 3604 3689 3603
f 3604 3690 3689
f 3605 3690 3604
f 3605 3691 3690
f 3606 3691 3605
f 3606 3692 3691
f 3607 3692 3606
f 3607 3693 3692
f 3608 3693 3607
f 3608 3694 3693
f 3609 3694 3608
f 3609 3695 3694
f 3610 3695 3609
f 3610 3696 3695
f 3611 3696 3610
f 3611 3697 3696
f 3612 3697 3611
f 3612 3698 3697
f 3613 3698 3612
f 3613 3699 3698
f 3614 3699 3613
f 3614 3700 3699
f 3615 3700 3614
f 3615 3701 3700
f 3616 3701 3615
f 3616 3702 3701
f 3617 3702 3616
f 3617 3703 3702
f 3618 3703 3617
f 3618 3704 3703
f 3619 3704 3618
f 3619 3705 3704
f 3620 3705 3619
f 3620 3706 3705
f 3621 3708 3707
f 3622 3708 3621
f 3622 3709 3708
f 3623 3709 3622
f 3623 3710 3709
f 3624 3710 3623
f 3624 3711 3710
f 3625 3711 3624
f 3625 3712 3711
f 3626 3712 3625
f 3626 3713 3712
f 3627 3713 3626
f 3627 3714 3713
f 3628 3714 3627
f 3628 3715 3714
f 3629 3715 3628
f 3629 3716 3715
f 3630 3716 3629
f 3630 3717 3716
f 3631 3717 3630
f 3631 3718 3717
f 3632 3718 3631
f 3632 3719 3718
f 3633 3719 3632
f 3633 3720 3719
f 3634 3720 3633
f 3634 3721 3720
f 3635 3721 3634
f 3635 3722 3721
f 3636 3722 3635
f 3636 3723 3722
f 3637 3723 3636
f 3637 3724 3723
f 3638 3724 3637
f 3638 3725 3724
f 3639 3725 3638
f 3639 3726 3725
f 3640 3726 3639
f 3640 3727 3726
f 3641 3727 3640
f 3641 3728 3727
f 3642 3728 3641
f 3642 3729 3728
f 3643 3729 3642
f 3643 3730 3729
f 3644 3730 3643
f 3644 3731 3730
f 3645 3731 3644
f 3645 3732 3731
f 3648 3733 3647
f 3648 3734 3733
f 3649 3734 3648
f 3649 3735 3734
f 3650 3735 3649
f 3650 3736 3735
f 3651 3736 3650
f 3651 3737 3736
f 3654 3739 3653
f 3654 3740 3739
f 3655 3740 3654
f 3655 3741 3740
f 3656 3741 3655
f 3656 3742 3741
f 3657 3742 3656
f 3657 3743 3742
f 3658 3743 3657
f 3658 3744 3743
f 3659 3744 3658
f 3659 3745 3744
f 3660 3745 3659
f 3660 3746 3745
f 3661 3746 3660
f 3661 3747 3746
f 3662 3747 3661
f 3662 3748 3747
f 3663 3748 3662
f 3663 3749 3748
f 3664 3749 3663
f 3664 3750 3749
f 3665 3750 3664
f 3665 3751 3750
f 3666 3751 3665
f 3666 3752 3751
f 3667 3752 3666
f 3667 3753 3752
f 3668 3753 3667
f 3668 3754 3753
f 3669 3754 3668
f 3669 3755 3754
f 3670 3755 3669
f 3670 3756 3755
f 3671 3756 3670
f 3671 3757 3756
f 3672 3757 3671
f 3672 3758 3757
f 3673 3758 3672
f 3673 3759 3758
f 3674 3759 3673
f 3674 3760 3759
f 3675 3760 3674
f 3675 3761 3760
f 3676 3761 3675
f 3676 3762 3761
f 3677 3762 3676
f 3677 3763 3762
f 3678 3763 3677
f 3678 3764 3763
f 3679 3764 3678
f 3679 3765 3764
f 3680 3765 3679
f 3680 3766 3765
f 3681 3766 3680
f 3681 3767 3766
f 3682 3768 3767
f 3683 3768 3682
f 3683 3769 3768
f 3684 3769 3683
f 3684 3770 3769
f 3685 3770 3684
f 3685 3771 3770
f 3686 3771 3685
f 3686 3772 3771
f 3687 3772 3686
f 3687 3773 3772
f 3688 3773 3687
f 3688 3774 3773
f 3689 3774 3688
f 3689 3775 3774
f 3690 3775 3689
f 3690 3776 3775
f 3691 3776 3690
f 3691 3777 3776
f 3692 3777 3691
f 3692 3778 3777
f 3693 3778 3692
f 3693 3779 3778
f 3694 3779 3693
f 3694 3780 3779
f 3695 3780 3694
f 3695 3781 3780
f 3696 3781 3695
f 3696 3782 3781
f 3697 3782 3696
f 3697 3783 3782
f 3698 3783 3697
f 3698 3784 3783
f 3699 3784 3698
f 3699 3785 3784
f 3700 3785 3699
f 3700 3786 3785
f 3701 3786 3700
f 3701 3787 3786
f 3702 3787 3701
f 3702 3788 3787
f 3703 3788 3702
f 3703 3789 3788
f 3704 3789 3703
f 3704 3790 3789
f 3705 3790 3704
f 3705 3791 3790
f 3706 3791 3705
f 3708 3792 3707
f 3708 3793 3792
f 3709 3793 3708
f 3709 3794 3793
f 3710 3794 3709
f 3710 3795 3794
f 3711 3795 3710
f 3711 3796 3795
f 3712 3796 3711
f 3712 3797 3796
f 3713 3797 3712
f 3713 3798 3797
f 3714 3798 3713
f 3714 3799 3798
f 3715 3799 3714
f 3715 3800 3799
f 3716 3800 3715
f 3716 3801 3800
f 3717 3801 3716
f 3717 3802 3801
f 3718 3802 3717
f 3718 3803 3802
f 3719 3803 3718
f 3719 3804 3803
f 3720 3804 3719
f 3720 3805 3804
f 3721 3805 3720
f 3721 3806 3805
f 3722 3806 3721
f 3722 3807 3806
f 3723 3807 3722
f 3723 3808 3807
f 3724 3808 3723
f 3724 3809 3808
f 3725 3809 3724
f 3725 3810 3809
f 3726 3810 3725
f 3726 3811 3810
f 3727 3811 3726
f 3727 3812 3811
f 3728 3812 3727
f 3728 3813 3812
f 3729 3813 3728
f 3729 3814 3813
f 3730 3814 3729
f 3730 3815 3814
f 3731 3815 3730
f 3731 3816 3815
f 3732 3816 3731
f 3732 3817 3816
f 3735 3819 3734
f 3735 3820 3819
f 3736 3820 3735
f 3738 3821 3737
f 3738 3822 3821
f 3740 3823 3739
f 3740 3824 3823
f 3741 3824 3740
f 3741 3825 3824
f 3742 3825 3741
f 3742 3826 3825
f 3743 3826 3742
f 3743 3827 3826
f 3744 3827 3743
f 3744 3828 3827
f 3745 3828 3744
f 3745 3829 3828
f 3746 3829 3745
f 3746 3830 3829
f 3747 3830 3746
f 3747 3831 3830
f 3748 3831 3747
f 3748 3832 3831
f 3749 3832 3748
f 3749 3833 3832
f 3750 3833 3749
f 3750 3834 3833
f 3751 3834 3750
f 3751 3835 3834
f 3752 3835 3751
f 3752 3836 3835
f 3753 3836 3752
f 3753 3837 3836
f 3754 3837 3753
f 3754 3838 3837
f 3755 3838 3754
f 3755 3839 3838
f 3756 3839 3755
f 3756 3840 3839
f 3757 3840 3756
f 3757 3841 3840
f 3758 3841 3757
f 3758 3842 3841
f 3759 3842 3758
f 3759 3843 3842
f 3760 3843 3759
f 3760 3844 3843
f 3761 3844 3760
f 3761 3845 3844
f 3762 3845 3761
f 3762 3846 3845
f 3763 3846 3762
f 3763 3847 3846
f 3764 3847 3763
f 3764 3848 3847
f 3765 3848 3764
f 3765 3849 3848
f 3766 3849 3765
f 3766 3850 3849
f 3767 3850 3766
f 3767 3851 3850
f 3768 3851 3767
f 3768 3852 3851
f 3769 3852 3768
f 3769 3853 3852
f 3770 3853 3769
f 3770 3854 3853
f 3771 3854 3770
f 3771 3855 3854
f 3772 3855 3771
f 3772 3856 3855
f 3773 3856 3772
f 3773 3857 3856
f 3774 3857 3773
f 3774 3858 3857
f 3775 3858 3774
f 3775 3859 3858
f 3776 3859 3775
f 3776 3860 3859
f 3777 3860 3776
f 3777 3861 3860
f 3778 3861 3777
f 3778 3862 3861
f 3779 3862 3778
f 3779 3863 3862
f 3780 3863 3779
f 3780 3864 3863
f 3781 3864 3780
f 3781 3865 3864
f 3782 3865 3781
f 3782 3866 3865
f 3783 3866 3782
f 3783 3867 3866
f 3784 3867 3783
f 3784 3868 3867
f 3785 3868 3784
f 3785 3869 3868
f 3786 3869 3785
f 3786 3870 3869
f 3787 3870 3786
f 3787 3871 3870
f 3788 3871 3787
f 3788 3872 3871
f 3789 3872 3788
f 3789 3873 3872
f 3790 3873 3789
f 3790 3874 3873
f 3791 3874 3790
f 3791 3875 3874
f 3792 3877 3876
f 3793 3877 3792
f 3793 3878 3877
f 3794 3878 3793
f 3794 3879 3878
f 3795 3879 3794
f 3795 3880 3879
f 3796 3880 3795
f 3796 3881 3880
f 3797 3881 3796
f 3797 3882 3881
f 3798 3882 3797
f 3798 3883 3882
f 3799 3883 3798
f 3799 3884 3883
f 3800 3884 3799
f 3800 3885 3884
f 3801 3885 3800
f 3801 3886 3885
f 3802 3886 3801
f 3802 3887 3886
f 3803 3887 3802
f 3803 3888 3887
f 3804 3888 3803
f 3804 3889 3888
f 3805 3889 3804
f 3805 3890 3889
f 3806 3890 3805
f 3806 3891 3890
f 3807 3891 3806
f 3807 3892 3891
f 3808 3892 3807
f 3808 3893 3892
f 3809 3893 3808
f 3809 3894 3893
f 3810 3894 3809
f 3810 3895 3894
f 3811 3895 3810
f 3811 3896 3895
f 3812 3896 3811
f 3812 3897 3896
f 3813 3897 3812
f 3813 3898 3897
f 3814 3898 3813
f 3814 3899 3898
f 3815 3899 3814
f 3815 3900 3899
f 3816 3900 3815
f 3816 3901 3900
f 3817 3901 3816
f 3817 3902 3901
f 3818 3902 3817
f 3822 3905 3821
f 3822 3906 3905
f 3824 3907 3823
f 3824 3908 3907
f 3825 3908 3824
f 3825 3909 3908
f 3826 3909 3825
f 3826 3910 3909
f 3827 3910 3826
f 3827 3911 3910
f 3828 3911 3827
f 3828 3912 3911
f 3829 3912 3828
f 3829 3913 3912
f 3830 3913 3829
f 3830 3914 3913
f 3831 3914 3830
f 3831 3915 3914
f 3832 3915 3831
f 3832 3916 3915
f 3833 3916 3832
f 3833 3917 3916
f 3834 3917 3833
f 3834 3918 3917
f 3835 3918 3834
f 3835 3919 3918
f 3836 3919 3835
f 3836 3920 3919
f 3837 3920 3836
f 3837 3921 3920
f 3838 3921 3837
f 3838 3922 3921
f 3839 3922 3838
f 3839 3923 3922
f 3840 3923 3839
f 3840 3924 3923
f 3841 3924 3840
f 3841 3925 3924
f 3842 3925 3841
f 3842 3926 3925
f 3843 3926 3842
f 3843 3927 3926
f 3844 3927 3843
f 3844 3928 3927
f 3845 3928 3844
f 3845 3929 3928
f 3846 3929 3845
f 3846 3930 3929
f 3847 3930 3846
f 3847 3931 3930
f 3848 3931 3847
f 3848 3932 3931
f 3849 3932 3848
f 3849 3933 3932
f 3850 3933 3849
f 3850 3934 3933
f 3851 3934 3850
f 3851 3935 3934
f 3852 3935 3851
f 3852 3936 3935
f 3853 3936 3852
f 3853 3937 3936
f 3854 3937 3853
f 3854 3938 3937
f 3855 3938 3854
f 3855 3939 3938
f 3856 3939 3855
f 3856 3940 3939
f 3857 3940 3856
f 3857 3941 3940
f 3858 3941 3857
f 3858 3942 3941
f 3859 3942 3858
f 3859 3943 3942
f 3860 3943 3859
f 3860 3944 3943
f 3861 3944 3860
f 3861 3945 3944
f 3862 3945 3861
f 3862 3946 3945
f 3863 3946 3862
f 3863 3947 3946
f 3864 3947 3863
f 3864 3948 3947
f 3865 3948 3864
f 3865 3949 3948
f 3866 3949 3865
f 3866 3950 3949
f 3867 3950 3866
f 3867 3951 3950
f 3868 3951 3867
f 3868 3952 3951
f 3869 3952 3868
f 3869 3953 3952
f 3870 3953 3869
f 3870 3954 3953
f 3871 3954 3870
f 3871 3955 3954
f 3872 3955 3871
f 3872 3956 3955
f 3873 3956 3872
f 3873 3957 3956
f 3874 3957 3873
f 3874 3958 3957
f 3875 3958 3874
f 3875 3959 3958
f 3877 3964 3876
f 3877 3965 3964
f 3878 3965 3877
f 3878 3966 3965
f 3879 3966 3878
f 3879 3967 3966
f 3880 3967 3879
f 3880 3968 3967
f 3881 3968 3880
f 3881 3969 3968
f 3882 3969 3881
f 3882 3970 3969
f 3883 3970 3882
f 3883 3971 3970
f 3884 3971 3883
f 3884 3972 3971
f 3885 3972 3884
f 3885 3973 3972
f 3886 3973 3885
f 3886 3974 3973
f 3887 3974 3886
f 3887 3975 3974
f 3888 3975 3887
f 3888 3976 3975
f 3889 3976 3888
f 3889 3977 3976
f 3890 3977 3889
f 3890 3978 3977
f 3891 3978 3890
f 3891 3979 3978
f 3892 3979 3891
f 3892 3980 3979
f 3893 3980 3892
f 3893 3981 3980
f 3894 3981 3893
f 3894 3982 3981
f 3895 3982 3894
f 3895 3983 3982
f 3896 3983 3895
f 3896 3984 3983
f 3897 3984 3896
f 3897 3985 3984
f 3898 3985 3897
f 3898 3986 3985
f 3899 3986 3898
f 3899 3987 3986
f 3900 3987 3899
f 3900 3988 3987
f 3901 3988 3900
f 3901 3989 3988
f 3902 3989 3901
f 3902 3990 3989
f 3903 3992 3991
f 3904 3992 3903
f 3904 3993 3992
f 3907 3996 3995
f 3909 3997 3908
f 3909 3998 3997
f 3910 3998 3909
f 3910 3999 3998
f 3911 3999 3910
f 3911 4000 3999
f 3912 4000 3911
f 3912 4001 4000
f 3913 4001 3912
f 3913 4002 4001
f 3914 4002 3913
f 3914 4003 4002
f 3915 4003 3914
f 3915 4004 4003
f 3916 4004 3915
f 3916 4005 4004
f 3917 4005 3916
f 3917 4006 4005
f 3918 4006 3917
f 3918 4007 4006
f 3919 4007 3918
f 3919 4008 4007
f 3920 4008 3919
f 3920 4009 4008
f 3921 4009 3920
f 3921 4010 4009
f 3922 4010 3921
f 3922 4011 4010
f 3923 4011 3922
f 3923 4012 4011
f 3924 4012 3923
f 3924 4013 4012
f 3925 4013 3924
f 3925 4014 4013
f 3926 4014 3925
f 3926 4015 4014
f 3927 4015 3926
f 3927 4016 4015
f 3928 4016 3927
f 3928 4017 4016
f 3929 4017 3928
f 3929 4018 4017
f 3930 4018 3929
f 3930 4019 4018
f 3931 4019 3930
f 3931 4020 4019
f 3932 4020 3931
f 3932 4021 4020
f 3933 4021 3932
f 3933 4022 4021
f 3934 4022 3933
f 3934 4023 4022
f 3935 4023 3934
f 3935 4024 4023
f 3936 4024 3935
f 3936 4025 4024
f 3937 4025 3936
f 3937 4026 4025
f 3938 4026 3937
f 3938 4027 4026
f 3939 4027 3938
f 3939 4028 4027
f 3940 4028 3939
f 3940 4029 4028
f 3941 4029 3940
f 3941 4030 4029
f 3942 4030 3941
f 3942 4031 4030
f 3943 4031 3942
f 3943 4032 4031
f 3944 4032 3943
f 3944 4033 4032
f 3945 4033 3944
f 3945 4034 4033
f 3946 4034 3945
f 3946 4035 4034
f 3947 4035 3946
f 3947 4036 4035
f 3948 4036 3947
f 3948 4037 4036
f 3949 4037 3948
f 3949 4038 4037
f 3950 4038 3949
f 3950 4039 4038
f 3951 4039 3950
f 3951 4040 4039
f 3952 4040 3951
f 3952 4041 4040
f 3953 4041 3952
f 3953 4042 4041
f 3954 4042 3953
f 3954 4043 4042
f 3955 4043 3954
f 3955 4044 4043
f 3956 4044 3955
f 3956 4045 4044
f 3957 4045 3956
f 3957 4046 4045
f 3958 4046 3957
f 3958 4047 4046
f 3959 4047 3958
f 3959 4048 4047
f 3960 4050 4049
f 3961 4050 3960
f 3961 4051 4050
f 3962 4051 3961
f 3962 4052 4051
f 3963 4052 3962
f 3963 4053 4052
f 3965 4054 3964
f 3965 4055 4054
f 3966 4055 3965
f 3966 4056 4055
f 3967 4056 3966
f 3967 4057 4056
f 3968 4057 3967
f 3968 4058 4057
f 3969 4058 3968
f 3969 4059 4058
f 3970 4059 3969
f 3970 4060 4059
f 3971 4060 3970
f 3971 4061 4060
f 3972 4061 3971
f 3972 4062 4061
f 3973 4062 3972
f 3973 4063 4062
f 3974 4063 3973
f 3974 4064 4063
f 3975 4064 3974
f 3975 4065 4064
f 3976 4065 3975
f 3976 4066 4065
f 3977 4066 3976
f 3977 4067 4066
f 3978 4067 3977
f 3978 4068 4067
f 3979 4068 3978
f 3979 4069 4068
f 3980 4069 3979
f 3980 4070 4069
f 3981 4070 3980
f 3981 4071 4070
f 3982 4071 3981
f 3982 4072 4071
f 3983 4072 3982
f 3983 4073 4072
f 3984 4073 3983
f 3984 4074 4073
f 3985 4074 3984
f 3985 4075 4074
f 3986 4075 3985
f 3986 4076 4075
f 3987 4076 3986
f 3987 4077 4076
f 3988 4077 3987
f 3988 4078 4077
f 3989 4078 3988
f 3989 4079 4078
f 3990 4079 3989
f 3990 4080 4079
f 3992 4081 3991
f 3992 4082 4081
f 3993 4082 3992
f 3993 4083 4082
f 3994 4083 3993
f 3994 4084 4083
f 3998 4086 3997
f 3998 4087 4086
f 3999 4087 3998
f 3999 4088 4087
f 4000 4088 3999
f 4000 4089 4088
f 4001 4089 4000
f 4001 4090 4089
f 4002 4090 4001
f 4002 4091 4090
f 4003 4091 4002
f 4003 4092 4091
f 4004 4092 4003
f 4004 4093 4092
f 4005 4093 4004
f 4005 4094 4093
f 4006 4094 4005
f 4006 4095 4094
f 4007 4095 4006
f 4007 4096 4095
f 4008 4096 4007
f 4008 4097 4096
f 4009 4097 4008
f 4009 4098 4097
f 4010 4098 4009
f 4010 4099 4098
f 4011 4099 4010
f 4011 4100 4099
f 4012 4100 4011
f 4012 4101 4100
f 4013 4101 4012
f 4013 4102 4101
f 4014 4102 4013
f 4014 4103 4102
f 4015 4103 4014
f 4015 4104 4103
f 4016 4104 4015
f 4016 4105 4104
f 4017 4105 4016
f 4017 4106 4105
f 4018 4106 4017
f 4018 4107 4106
f 4019 4107 4018
f 4019 4108 4107
f 4020 4108 4019
f 4020 4109 4108
f 4021 4109 4020
f 4021 4110 4109
f 4022 4110 4021
f 4022 4111 4110
f 4023 4111 4022
f 4023 4112 4111
f 4024 4112 4023
f 4024 4113 4112
f 4025 4113 4024
f 4025 4114 4113
f 4026 4114 4025
f 4026 4115 4114
f 4027 4115 4026
f 4027 4116 4115
f 4028 4116 4027
f 4028 4117 4116
f 4029 4117 4028
f 4029 4118 4117
f 4030 4118 4029
f 4030 4119 4118
f 4031 4119 4030
f 4031 4120 4119
f 4032 4120 4031
f 4032 4121 4120
f 4033 4121 4032
f 4033 4122 4121
f 4034 4122 4033
f 4034 4123 4122
f 4035 4123 4034
f 4035 4124 4123
f 4036 4124 4035
f 4036 4125 4124
f 4037 4125 4036
f 4037 4126 4125
f 4038 4126 4037
f 4038 4127 4126
f 4039 4127 4038
f 4039 4128 4127
f 4040 4128 4039
f 4040 4129 4128
f 4041 4129 4040
f 4041 4130 4129
f 4042 4130 4041
f 4042 4131 4130
f 4043 4131 4042
f 4043 4132 4131
f 4044 4132 4043
f 4044 4133 4132
f 4045 4133 4044
f 4045 4134 4133
f 4046 4134 4045
f 4046 4135 4134
f 4047 4135 4046
f 4047 4136 4135
f 4048 4136 4047
f 4048 4137 4136
f 4049 4139 4138
f 4050 4139 4049
f 4050 4140 4139
f 4051 4140 4050
f 4051 4141 4140
f 4052 4141 4051
f 4052 4142 4141
f 4053 4142 4052
f 4055 4147 4054
f 4055 4148 4147
f 4056 4148 4055
f 4056 4149 4148
f 4057 4149 4056
f 4057 4150 4149
f 4058 4150 4057
f 4058 4151 4150
f 4059 4151 4058
f 4059 4152 4151
f 4060 4152 4059
f 4060 4153 4152
f 4061 4153 4060
f 4061 4154 4153
f 4062 4154 4061
f 4062 4155 4154
f 4063 4155 4062
f 4063 4156 4155
f 4064 4156 4063
f 4064 4157 4156
f 4065 4157 4064
f 4065 4158 4157
f 4066 4158 4065
f 4066 4159 4158
f 4067 4159 4066
f 4067 4160 4159
f 4068 4160 4067
f 4068 4161 4160
f 4069 4161 4068
f 4069 4162 4161
f 4070 4162 4069
f 4070 4163 4162
f 4071 4163 4070
f 4071 4164 4163
f 4072 4164 4071
f 4072 4165 4164
f 4073 4165 4072
f 4073 4166 4165
f 4074 4166 4073
f 4074 4167 4166
f 4075 4167 4074
f 4075 4168 4167
f 4076 4168 4075
f 4076 4169 4168
f 4077 4169 4076
f 4077 4170 4169
f 4078 4170 4077
f 4078 4171 4170
f 4079 4171 4078
f 4079 4172 4171
f 4080 4172 4079
f 4080 4173 4172
f 4082 4174 4081
f 4082 4175 4174
f 4083 4175 4082
f 4083 4176 4175
f 4084 4176 4083
f 4084 4177 4176
f 4085 4177 4084
f 4085 4178 4177
f 4089 4180 4088
f 4089 4181 4180
f 4090 4181 4089
f 4090 4182 4181
f 4091 4182 4090
f 4091 4183 4182
f 4092 4183 4091
f 4092 4184 4183
f 4093 4184 4092
f 4093 4185 4184
f 4094 4185 4093
f 4094 4186 4185
f 4095 4186 4094
f 4095 4187 4186
f 4096 4187 4095
f 4096 4188 4187
f 4097 4188 4096
f 4097 4189 4188
f 4098 4189 4097
f 4098 4190 4189
f 4099 4190 4098
f 4099 4191 4190
f 4100 4191 4099
f 4100 4192 4191
f 4101 4192 4100
f 4101 4193 4192
f 4102 4193 4101
f 4102 4194 4193
f 4103 4194 4102
f 4103 4195 4194
f 4104 4195 4103
f 4104 4196 4195
f 4105 4196 4104
f 4105 4197 4196
f 4106 4197 4105
f 4106 4198 4197
f 4107 4198 4106
f 4107 4199 4198
f 4108 4199 4107
f 4108 4200 4199
f 4109 4200 4108
f 4109 4201 4200
f 4110 4201 4109
f 4110 4202 4201
f 4111 4202 4110
f 4111 4203 4202
f 4112 4203 4111
f 4112 4204 4203
f 4113 4204 4112
f 4113 4205 4204
f 4114 4205 4113
f 4114 4206 4205
f 4115 4206 4114
f 4115 4207 4206
f 4116 4207 4115
f 4116 4208 4207
f 4117 4208 4116
f 4117 4209 4208
f 4118 4209 4117
f 4118 4210 4209
f 4119 4210 4118
f 4119 4211 4210
f 4120 4211 4119
f 4120 4212 4211
f 4121 4212 4120
f 4121 4213 4212
f 4122 4213 4121
f 4122 4214 4213
f 4123 4214 4122
f 4123 4215 4214
f 4124 4215 4123
f 4124 4216 4215
f 4125 4216 4124
f 4125 4217 4216
f 4126 4217 4125
f 4126 4218 4217
f 4127 4218 4126
f 4127 4219 4218
f 4128 4219 4127
f 4128 4220 4219
f 4129 4220 4128
f 4129 4221 4220
f 4130 4221 4129
f 4130 4222 4221
f 4131 4222 4130
f 4131 4223 4222
f 4132 4223 4131
f 4132 4224 4223
f 4133 4224 4132
f 4133 4225 4224
f 4134 4225 4133
f 4134 4226 4225
f 4135 4226 4134
f 4135 4227 4226
f 4136 4227 4135
f 4136 4228 4227
f 4137 4228 4136
f 4137 4229 4228
f 4139 4230 4138
f 4139 4231 4230
f 4140 4231 4139
f 4140 4232 4231
f 4141 4232 4140
f 4141 4233 4232
f 4142 4233 4141
f 4142 4234 4233
f 4143 4234 4142
f 4143 4235 4234
f 4144 4235 4143
f 4144 4236 4235
f 4145 4236 4144
f 4145 4237 4236
f 4146 4238 4237
f 4149 4240 4148
f 4149 4241 4240
f 4150 4241 4149
f 4150 4242 4241
f 4151 4242 4150
f 4151 4243 4242
f 4152 4243 4151
f 4152 4244 4243
f 4153 4244 4152
f 4153 4245 4244
f 4154 4245 4153
f 4154 4246 4245
f 4155 4246 4154
f 4155 4247 4246
f 4156 4247 4155
f 4156 4248 4247
f 4157 4248 4156
f 4157 4249 4248
f 4158 4249 4157
f 4158 4250 4249
f 4159 4250 4158
f 4159 4251 4250
f 4160 4251 4159
f 4160 4252 4251
f 4161 4252 4160
f 4161 4253 4252
f 4162 4253 4161
f 4162 4254 4253
f 4163 4254 4162
f 4163 4255 4254
f 4164 4255 4163
f 4164 4256 4255
f 4165 4256 4164
f 4165 4257 4256
f 4166 4257 4165
f 4166 4258 4257
f 4167 4258 4166
f 4167 4259 4258
f 4168 4259 4167
f 4168 4260 4259
f 4169 4260 4168
f 4169 4261 4260
f 4170 4261 4169
f 4170 4262 4261
f 4171 4262 4170
f 4171 4263 4262
f 4172 4263 4171
f 4172 4264 4263
f 4173 4264 4172
f 4173 4265 4264
f 4175 4266 4174
f 4175 4267 4266
f 4176 4267 4175
f 4176 4268 4267
f 4177 4268 4176
f 4177 4269 4268
f 4178 4269 4177
f 4178 4270 4269
f 4179 4270 4178
f 4179 4271 4270
f 4184 4278 4183
f 4184 4279 4278
f 4185 4279 4184
f 4185 4280 4279
f 4186 4280 4185
f 4186 4281 4280
f 4187 4281 4186
f 4187 4282 4281
f 4188 4282 4187
f 4188 4283 4282
f 4189 4283 4188
f 4189 4284 4283
f 4190 4284 4189
f 4190 4285 4284
f 4191 4285 4190
f 4191 4286 4285
f 4192 4286 4191
f 4192 4287 4286
f 4193 4287 4192
f 4193 4288 4287
f 4194 4288 4193
f 4194 4289 4288
f 4195 4289 4194
f 4195 4290 4289
f 4196 4290 4195
f 4196 4291 4290
f 4197 4291 4196
f 4197 4292 4291
f 4198 4292 4197
f 4198 4293 4292
f 4199 4293 4198
f 4199 4294 4293
f 4200 4294 4199
f 4200 4295 4294
f 4201 4295 4200
f 4201 4296 4295
f 4202 4296 4201
f 4202 4297 4296
f 4203 4297 4202
f 4203 4298 4297
f 4204 4298 4203
f 4204 4299 4298
f 4205 4299 4204
f 4205 4300 4299
f 4206 4300 4205
f 4206 4301 4300
f 4207 4301 4206
f 4207 4302 4301
f 4208 4302 4207
f 4208 4303 4302
f 4209 4303 4208
f 4209 4304 4303
f 4210 4304 4209
f 4210 4305 4304
f 4211 4305 4210
f 4211 4306 4305
f 4212 4306 4211
f 4212 4307 4306
f 4213 4307 4212
f 4213 4308 4307
f 4214 4308 4213
f 4214 4309 4308
f 4215 4309 4214
f 4215 4310 4309
f 4216 4310 4215
f 4216 4311 4310
f 4217 4311 4216
f 4217 4312 4311
f 4218 4312 4217
f 4218 4313 4312
f 4219 4313 4218
f 4219 4314 4313
f 4220 4314 4219
f 4220 4315 4314
f 4221 4315 4220
f 4221 4316 4315
f 4222 4316 4221
f 4222 4317 4316
f 4223 4317 4222
f 4223 4318 4317
f 4224 4318 4223
f 4224 4319 4318
f 4225 4319 4224
f 4225 4320 4319
f 4226 4320 4225
f 4226 4321 4320
f 4227 4321 4226
f 4227 4322 4321
f 4228 4322 4227
f 4228 4323 4322
f 4229 4323 4228
f 4229 4324 4323
f 4230 4326 4325
f 4231 4326 4230
f 4231 4327 4326
f 4232 4327 4231
f 4232 4328 4327
f 4233 4328 4232
f 4233 4329 4328
f 4234 4329 4233
f 4234 4330 4329
f 4235 4330 4234
f 4235 4331 4330
f 4236 4331 4235
f 4236 4332 4331
f 4237 4332 4236
f 4237 4333 4332
f 4238 4333 4237
f 4238 4334 4333
f 4239 4334 4238
f 4239 4335 4334
f 4241 4336 4240
f 4241 4337 4336
f 4242 4337 4241
f 4242 4338 4337
f 4243 4338 4242
f 4243 4339 4338
f 4244 4339 4243
f 4244 4340 4339
f 4245 4340 4244
f 4245 4341 4340
f 4246 4341 4245
f 4246 4342 4341
f 4247 4342 4246
f 4247 4343 4342
f 4248 4343 4247
f 4248 4344 4343
f 4249 4344 4248
f 4249 4345 4344
f 4250 4345 4249
f 4250 4346 4345
f 4251 4346 4250
f 4251 4347 4346
f 4252 4347 4251
f 4252 4348 4347
f 4253 4348 4252
f 4253 4349 4348
f 4254 4349 4253
f 4254 4350 4349
f 4255 4350 4254
f 4255 4351 4350
f 4256 4351 4255
f 4256 4352 4351
f 4257 4352 4256
f 4257 4353 4352
f 4258 4353 4257
f 4258 4354 4353
f 4259 4354 4258
f 4259 4355 4354
f 4260 4355 4259
f 4260 4356 4355
f 4261 4356 4260
f 4261 4357 4356
f 4262 4357 4261
f 4262 4358 4357
f 4263 4358 4262
f 4263 4359 4358
f 4264 4359 4263
f 4264 4360 4359
f 4265 4360 4264
f 4265 4361 4360
f 4266 4362 4361
f 4267 4362 4266
f 4267 4363 4362
f 4268 4363 4267
f 4268 4364 4363
f 4269 4364 4268
f 4269 4365 4364
f 4270 4365 4269
f 4270 4366 4365
f 4271 4366 4270
f 4271 4367 4366
f 4272 4367 4271
f 4272 4368 4367
f 4273 4368 4272
f 4273 4369 4368
f 4274 4369 4273
f 4274 4370 4369
f 4275 4370 4274
f 4275 4371 4370
f 4276 4371 4275
f 4276 4372 4371
f 4277 4372 4276
f 4283 4379 4282
f 4283 4380 4379
f 4284 4380 4283
f 4284 4381 4380
f 4285 4381 4284
f 4285 4382 4381
f 4286 4382 4285
f 4286 4383 4382
f 4287 4383 4286
f 4287 4384 4383
f 4288 4384 4287
f 4288 4385 4384
f 4289 4385 4288
f 4289 4386 4385
f 4290 4386 4289
f 4290 4387 4386
f 4291 4387 4290
f 4291 4388 4387
f 4292 4388 4291
f 4292 4389 4388
f 4293 4389 4292
f 4293 4390 4389
f 4294 4390 4293
f 4294 4391 4390
f 4295 4391 4294
f 4295 4392 4391
f 4296 4392 4295
f 4296 4393 4392
f 4297 4393 4296
f 4297 4394 4393
f 4298 4394 4297
f 4298 4395 4394
f 4299 4395 4298
f 4299 4396 4395
f 4300 4396 4299
f 4300 4397 4396
f 4301 4397 4300
f 4301 4398 4397
f 4302 4398 4301
f 4302 4399 4398
f 4303 4399 4302
f 4303 4400 4399
f 4304 4400 4303
f 4304 4401 4400
f 4305 4401 4304
f 4305 4402 4401
f 4306 4402 4305
f 4306 4403 4402
f 4307 4403 4306
f 4307 4404 4403
f 4308 4404 4307
f 4308 4405 4404
f 4309 4405 4308
f 4309 4406 4405
f 4310 4406 4309
f 4310 4407 4406
f 4311 4407 4310
f 4311 4408 4407
f 4312 4408 4311
f 4312 4409 4408
f 4313 4409 4312
f 4313 4410 4409
f 4314 4410 4313
f 4314 4411 4410
f 4315 4411 4314
f 4315 4412 4411
f 4316 4412 4315
f 4316 4413 4412
f 4317 4413 4316
f 4317 4414 4413
f 4318 4414 4317
f 4318 4415 4414
f 4319 4415 4318
f 4319 4416 4415
f 4320 4416 4319
f 4320 4417 4416
f 4321 4417 4320
f 4321 4418 4417
f 4322 4418 4321
f 4322 4419 4418
f 4323 4419 4322
f 4323 4420 4419
f 4324 4420 4323
f 4324 4421 4420
f 4325 4423 4422
f 4326 4423 4325
f 4326 4424 4423
f 4327 4424 4326
f 4327 4425 4424
f 4328 4425 4327
f 4328 4426 4425
f 4329 4426 4328
f 4329 4427 4426
f 4330 4427 4329
f 4330 4428 4427
f 4331 4428 4330
f 4331 4429 4428
f 4332 4429 4331
f 4332 4430 4429
f 4333 4430 4332
f 4333 4431 4430
f 4334 4431 4333
f 4334 4432 4431
f 4335 4432 4334
f 4335 4433 4432
f 4337 4434 4336
f 4337 4435 4434
f 4338 4435 4337
f 4338 4436 4435
f 4339 4436 4338
f 4339 4437 4436
f 4340 4437 4339
f 4340 4438 4437
f 4341 4438 4340
f 4341 4439 4438
f 4342 4439 4341
f 4342 4440 4439
f 4343 4440 4342
f 4343 4441 4440
f 4344 4441 4343
f 4344 4442 4441
f 4345 4442 4344
f 4345 4443 4442
f 4346 4443 4345
f 4346 4444 4443
f 4347 4444 4346
f 4347 4445 4444
f 4348 4445 4347
f 4348 4446 4445
f 4349 4446 4348
f 4349 4447 4446
f 4350 4447 4349
f 4350 4448 4447
f 4351 4448 4350
f 4351 4449 4448
f 4352 4449 4351
f 4352 4450 4449
f 4353 4450 4352
f 4353 4451 4450
f 4354 4451 4353
f 4354 4452 4451
f 4355 4452 4354
f 4355 4453 4452
f 4356 4453 4355
f 4356 4454 4453
f 4357 4454 4356
f 4357 4455 4454
f 4358 4455 4357
f 4358 4456 4455
f 4359 4456 4358
f 4359 4457 4456
f 4360 4457 4359
f 4360 4458 4457
f 4361 4458 4360
f 4361 4459 4458
f 4362 4459 4361
f 4362 4460 4459
f 4363 4460 4362
f 4363 4461 4460
f 4364 4461 4363
f 4364 4462 4461
f 4365 4462 4364
f 4365 4463 4462
f 4366 4463 4365
f 4366 4464 4463
f 4367 4464 4366
f 4367 4465 4464
f 4368 4465 4367
f 4368 4466 4465
f 4369 4466 4368
f 4369 4467 4466
f 4370 4467 4369
f 4373 4471 4470
f 4374 4471 4373
f 4374 4472 4471
f 4375 4472 4374
f 4375 4473 4472
f 4376 4473 4375
f 4376 4474 4473
f 4377 4474 4376
f 4377 4475 4474
f 4378 4475 4377
f 4378 4476 4475
f 4381 4478 4380
f 4381 4479 4478
f 4382 4479 4381
f 4382 4480 4479
f 4383 4480 4382
f 4383 4481 4480
f 4384 4481 4383
f 4384 4482 4481
f 4385 4482 4384
f 4385 4483 4482
f 4386 4483 4385
f 4386 4484 4483
f 4387 4484 4386
f 4387 4485 4484
f 4388 4485 4387
f 4388 4486 4485
f 4389 4486 4388
f 4389 4487 4486
f 4390 4487 4389
f 4390 4488 4487
f 4391 4488 4390
f 4391 4489 4488
f 4392 4489 4391
f 4392 4490 4489
f 4393 4490 4392
f 4393 4491 4490
f 4394 4491 4393
f 4394 4492 4491
f 4395 4492 4394
f 4395 4493 4492
f 4396 4493 4395
f 4396 4494 4493
f 4397 4494 4396
f 4397 4495 4494
f 4398 4495 4397
f 4398 4496 4495
f 4399 4496 4398
f 4399 4497 4496
f 4400 4497 4399
f 4400 4498 4497
f 4401 4498 4400
f 4401 4499 4498
f 4402 4499 4401
f 4402 4500 4499
f 4403 4500 4402
f 4403 4501 4500
f 4404 4501 4403
f 4404 4502 4501
f 4405 4502 4404
f 4405 4503 4502
f 4406 4503 4405
f 4406 4504 4503
f 4407 4504 4406
f 4407 4505 4504
f 4408 4505 4407
f 4408 4506 4505
f 4409 4506 4408
f 4409 4507 4506
f 4410 4507 4409
f 4410 4508 4507
f 4411 4508 4410
f 4411 4509 4508
f 4412 4509 4411
f 4412 4510 4509
f 4413 4510 4412
f 4413 4511 4510
f 4414 4511 4413
f 4414 4512 4511
f 4415 4512 4414
f 4415 4513 4512
f 4416 4513 4415
f 4416 4514 4513
f 4417 4514 4416
f 4417 4515 4514
f 4418 4515 4417
f 4418 4516 4515
f 4419 4516 4418
f 4419 4517 4516
f 4420 4517 4419
f 4420 4518 4517
f 4421 4518 4420
f 4421 4519 4518
f 4423 4520 4422
f 4423 4521 4520
f 4424 4521 4423
f 4424 4522 4521
f 4425 4522 4424
f 4425 4523 4522
f 4426 4523 4425
f 4426 4524 4523
f 4427 4524 4426
f 4427 4525 4524
f 4428 4525 4427
f 4428 4526 4525
f 4429 4526 4428
f 4429 4527 4526
f 4430 4527 4429
f 4430 4528 4527
f 4431 4528 4430
f 4431 4529 4528
f 4432 4529 4431
f 4432 4530 4529
f 4433 4530 4432
f 4433 4531 4530
f 4435 4532 4434
f 4435 4533 4532
f 4436 4533 4435
f 4436 4534 4533
f 4437 4534 4436
f 4437 4535 4534
f 4438 4535 4437
f 4438 4536 4535
f 4439 4536 4438
f 4439 4537 4536
f 4440 4537 4439
f 4440 4538 4537
f 4441 4538 4440
f 4441 4539 4538
f 4442 4539 4441
f 4442 4540 4539
f 4443 4540 4442
f 4443 4541 4540
f 4444 4541 4443
f 4444 4542 4541
f 4445 4542 4444
f 4445 4543 4542
f 4446 4543 4445
f 4446 4544 4543
f 4447 4544 4446
f 4447 4545 4544
f 4448 4545 4447
f 4448 4546 4545
f 4449 4546 4448
f 4449 4547 4546
f 4450 4547 4449
f 4450 4548 4547
f 4451 4548 4450
f 4451 4549 4548
f 4452 4549 4451
f 4452 4550 4549
f 4453 4550 4452
f 4453 4551 4550
f 4454 4551 4453
f 4454 4552 4551
f 4455 4552 4454
f 4455 4553 4552
f 4456 4553 4455
f 4456 4554 4553
f 4457 4554 4456
f 4457 4555 4554
f 4458 4555 4457
f 4458 4556 4555
f 4459 4556 4458
f 4459 4557 4556
f 4460 4557 4459
f 4460 4558 4557
f 4461 4558 4460
f 4461 4559 4558
f 4462 4559 4461
f 4462 4560 4559
f 4463 4560 4462
f 4463 4561 4560
f 4464 4561 4463
f 4464 4562 4561
f 4465 4562 4464
f 4465 4563 4562
f 4466 4563 4465
f 4466 4564 4563
f 4467 4564 4466
f 4467 4565 4564
f 4468 4565 4467
f 4468 4566 4565
f 4469 4566 4468
f 4469 4567 4566
f 4470 4567 4469
f 4470 4568 4567
f 4471 4568 4470
f 4471 4569 4568
f 4472 4569 4471
f 4472 4570 4569
f 4473 4570 4472
f 4473 4571 4570
f 4474 4571 4473
f 4474 4572 4571
f 4475 4572 4474
f 4475 4573 4572
f 4476 4573 4475
f 4476 4574 4573
f 4477 4574 4476
f 4477 4575 4574
f 4480 4577 4479
f 4480 4578 4577
f 4481 4578 4480
f 4481 4579 4578
f 4482 4579 4481
f 4482 4580 4579
f 4483 4580 4482
f 4483 4581 4580
f 4484 4581 4483
f 4484 4582 4581
f 4485 4582 4484
f 4485 4583 4582
f 4486 4583 4485
f 4486 4584 4583
f 4487 4584 4486
f 4487 4585 4584
f 4488 4585 4487
f 4488 4586 4585
f 4489 4586 4488
f 4489 4587 4586
f 4490 4587 4489
f 4490 4588 4587
f 4491 4588 4490
f 4491 4589 4588
f 4492 4589 4491
f 4492 4590 4589
f 4493 4590 4492
f 4493 4591 4590
f 4494 4591 4493
f 4494 4592 4591
f 4495 4592 4494
f 4495 4593 4592
f 4496 4593 4495
f 4496 4594 4593
f 4497 4594 4496
f 4497 4595 4594
f 4498 4595 4497
f 4498 4596 4595
f 4499 4596 4498
f 4499 4597 4596
f 4500 4597 4499
f 4500 4598 4597
f 4501 4598 4500
f 4501 4599 4598
f 4502 4599 4501
f 4502 4600 4599
f 4503 4600 4502
f 4503 4601 4600
f 4504 4601 4503
f 4504 4602 4601
f 4505 4602 4504
f 4505 4603 4602
f 4506 4603 4505
f 4506 4604 4603
f 4507 4604 4506
f 4507 4605 4604
f 4508 4605 4507
f 4508 4606 4605
f 4509 4606 4508
f 4509 4607 4606
f 4510 4607 4509
f 4510 4608 4607
f 4511 4608 4510
f 4511 4609 4608
f 4512 4609 4511
f 4512 4610 4609
f 4513 4610 4512
f 4513 4611 4610
f 4514 4611 4513
f 4514 4612 4611
f 4515 4612 4514
f 4515 4613 4612
f 4516 4613 4515
f 4516 4614 4613
f 4517 4614 4516
f 4517 4615 4614
f 4518 4615 4517
f 4518 4616 4615
f 4519 4616 4518
f 4519 4617 4616
f 4520 4619 4618
f 4521 4619 4520
f 4521 4620 4619
f 4522 4620 4521
f 4522 4621 4620
f 4523 4621 4522
f 4523 4622 4621
f 4524 4622 4523
f 4524 4623 4622
f 4525 4623 4524
f 4525 4624 4623
f 4526 4624 4525
f 4526 4625 4624
f 4527 4625 4526
f 4527 4626 4625
f 4528 4626 4527
f 4528 4627 4626
f 4529 4627 4528
f 4529 4628 4627
f 4530 4628 4529
f 4530 4629 4628
f 4531 4629 4530
f 4531 4630 4629
f 4532 4631 4630
f 4533 4631 4532
f 4533 4632 4631
f 4534 4632 4533
f 4534 4633 4632
f 4535 4633 4534
f 4535 4634 4633
f 4536 4634 4535
f 4536 4635 4634
f 4537 4635 4536
f 4537 4636 4635
f 4538 4636 4537
f 4538 4637 4636
f 4539 4637 4538
f 4539 4638 4637
f 4540 4638 4539
f 4540 4639 4638
f 4541 4639 4540
f 4541 4640 4639
f 4542 4640 4541
f 4542 4641 4640
f 4543 4641 4542
f 4543 4642 4641
f 4544 4642 4543
f 4544 4643 4642
f 4545 4643 4544
f 4545 4644 4643
f 4546 4644 4545
f 4546 4645 4644
f 4547 4645 4546
f 4547 4646 4645
f 4548 4646 4547
f 4548 4647 4646
f 4549 4647 4548
f 4549 4648 4647
f 4550 4648 4549
f 4550 4649 4648
f 4551 4649 4550
f 4551 4650 4649
f 4552 4650 4551
f 4552 4651 4650
f 4553 4651 4552
f 4553 4652 4651
f 4554 4652 4553
f 4554 4653 4652
f 4555 4653 4554
f 4555 4654 4653
f 4556 4654 4555
f 4556 4655 4654
f 4557 4655 4556
f 4557 4656 4655
f 4558 4656 4557
f 4558 4657 4656
f 4559 4657 4558
f 4559 4658 4657
f 4560 4658 4559
f 4560 4659 4658
f 4561 4659 4560
f 4561 4660 4659
f 4562 4660 4561
f 4562 4661 4660
f 4563 4661 4562
f 4563 4662 4661
f 4564 4662 4563
f 4564 4663 4662
f 4565 4663 4564
f 4565 4664 4663
f 4566 4664 4565
f 4566 4665 4664
f 4567 4665 4566
f 4567 4666 4665
f 4568 4666 4567
f 4568 4667 4666
f 4569 4667 4568
f 4569 4668 4667
f 4570 4668 4569
f 4570 4669 4668
f 4571 4669 4570
f 4571 4670 4669
f 4572 4670 4571
f 4572 4671 4670
f 4573 4671 4572
f 4573 4672 4671
f 4574 4672 4573
f 4574 4673 4672
f 4575 4673 4574
f 4575 4674 4673
f 4576 4674 4575
f 4576 4675 4674
f 4578 4676 4577
f 4578 4677 4676
f 4579 4677 4578
f 4579 4678 4677
f 4580 4678 4579
f 4580 4679 4678
f 4581 4679 4580
f 4581 4680 4679
f 4582 4680 4581
f 4582 4681 4680
f 4583 4681 4582
f 4583 4682 4681
f 4584 4682 4583
f 4584 4683 4682
f 4585 4683 4584
f 4585 4684 4683
f 4586 4684 4585
f 4586 4685 4684
f 4587 4685 4586
f 4587 4686 4685
f 4588 4686 4587
f 4588 4687 4686
f 4589 4687 4588
f 4589 4688 4687
f 4590 4688 4589
f 4590 4689 4688
f 4591 4689 4590
f 4591 4690 4689
f 4592 4690 4591
f 4592 4691 4690
f 4593 4691 4592
f 4593 4692 4691
f 4594 4692 4593
f 4594 4693 4692
f 4595 4693 4594
f 4595 4694 4693
f 4596 4694 4595
f 4596 4695 4694
f 4597 4695 4596
f 4597 4696 4695
f 4598 4696 4597
f 4598 4697 4696
f 4599 4697 4598
f 4599 4698 4697
f 4600 4698 4599
f 4600 4699 4698
f 4601 4699 4600
f 4601 4700 4699
f 4602 4700 4601
f 4602 4701 4700
f 4603 4701 4602
f 4603 4702 4701
f 4604 4702 4603
f 4604 4703 4702
f 4605 4703 4604
f 4605 4704 4703
f 4606 4704 4605
f 4606 4705 4704
f 4607 4705 4606
f 4607 4706 4705
f 4608 4706 4607
f 4608 4707 4706
f 4609 4707 4608
f 4609 4708 4707
f 4610 4708 4609
f 4610 4709 4708
f 4611 4709 4610
f 4611 4710 4709
f 4612 4710 4611
f 4612 4711 4710
f 4613 4711 4612
f 4613 4712 4711
f 4614 4712 4613
f 4614 4713 4712
f 4615 4713 4614
f 4615 4714 4713
f 4616 4714 4615
f 4616 4715 4714
f 4617 4715 4616
f 4618 4717 4716
f 4619 4717 4618
f 4619 4718 4717
f 4620 4718 4619
f 4620 4719 4718
f 4621 4719 4620
f 4621 4720 4719
f 4622 4720 4621
f 4622 4721 4720
f 4623 4721 4622
f 4623 4722 4721
f 4624 4722 4623
f 4624 4723 4722
f 4625 4723 4624
f 4625 4724 4723
f 4626 4724 4625
f 4626 4725 4724
f 4627 4725 4626
f 4627 4726 4725
f 4628 4726 4627
f 4628 4727 4726
f 4629 4727 4628
f 4629 4728 4727
f 4630 4728 4629
f 4630 4729 4728
f 4631 4729 4630
f 4631 4730 4729
f 4632 4730 4631
f 4632 4731 4730
f 4633 4731 4632
f 4633 4732 4731
f 4634 4732 4633
f 4634 4733 4732
f 4635 4733 4634
f 4635 4734 4733
f 4636 4734 4635
f 4636 4735 4734
f 4637 4735 4636
f 4637 4736 4735
f 4638 4736 4637
f 4638 4737 4736
f 4639 4737 4638
f 4639 4738 4737
f 4640 4738 4639
f 4640 4739 4738
f 4641 4739 4640
f 4641 4740 4739
f 4642 4740 4641
f 4642 4741 4740
f 4643 4741 4642
f 4643 4742 4741
f 4644 4742 4643
f 4644 4743 4742
f 4645 4743 4644
f 4645 4744 4743
f 4646 4744 4645
f 4646 4745 4744
f 4647 4745 4646
f 4647 4746 4745
f 4648 4746 4647
f 4648 4747 4746
f 4649 4747 4648
f 4649 4748 4747
f 4650 4748 4649
f 4650 4749 4748
f 4651 4749 4650
f 4651 4750 4749
f 4652 4750 4651
f 4652 4751 4750
f 4653 4751 4652
f 4653 4752 4751
f 4654 4752 4653
f 4654 4753 4752
f 4655 4753 4654
f 4655 4754 4753
f 4656 4754 4655
f 4656 4755 4754
f 4657 4755 4656
f 4657 4756 4755
f 4658 4756 4657
f 4658 4757 4756
f 4659 4757 4658
f 4659 4758 4757
f 4660 4758 4659
f 4660 4759 4758
f 4661 4759 4660
f 4661 4760 4759
f 4662 4760 4661
f 4662 4761 4760
f 4663 4761 4662
f 4663 4762 4761
f 4664 4762 4663
f 4664 4763 4762
f 4665 4763 4664
f 4665 4764 4763
f 4666 4764 4665
f 4666 4765 4764
f 4667 4765 4666
f 4667 4766 4765
f 4668 4766 4667
f 4668 4767 4766
f 4669 4767 4668
f 4669 4768 4767
f 4670 4768 4669
f 4670 4769 4768
f 4671 4769 4670
f 4671 4770 4769
f 4672 4770 4671
f 4672 4771 4770
f 4673 4771 4672
f 4673 4772 4771
f 4674 4772 4673
f 4674 4773 4772
f 4675 4773 4674
f 4675 4774 4773
f 4677 4775 4676
f 4677 4776 4775
f 4678 4776 4677
f 4678 4777 4776
f 4679 4777 4678
f 4679 4778 4777
f 4680 4778 4679
f 4680 4779 4778
f 4681 4779 4680
f 4681 4780 4779
f 4682 4780 4681
f 4682 4781 4780
f 4683 4781 4682
f 4683 4782 4781
f 4684 4782 4683
f 4684 4783 4782
f 4685 4783 4684
f 4685 4784 4783
f 4686 4784 4685
f 4686 4785 4784
f 4687 4785 4686
f 4687 4786 4785
f 4688 4786 4687
f 4688 4787 4786
f 4689 4787 4688
f 4689 4788 4787
f 4690 4788 4689
f 4690 4789 4788
f 4691 4789 4690
f 4691 4790 4789
f 4692 4790 4691
f 4692 4791 4790
f 4693 4791 4692
f 4693 4792 4791
f 4694 4792 4693
f 4694 4793 4792
f 4695 4793 4694
f 4695 4794 4793
f 4696 4794 4695
f 4696 4795 4794
f 4697 4795 4696
f 4697 4796 4795
f 4698 4796 4697
f 4698 4797 4796
f 4699 4797 4698
f 4699 4798 4797
f 4700 4798 4699
f 4700 4799 4798
f 4701 4799 4700
f 4701 4800 4799
f 4702 4800 4701
f 4702 4801 4800
f 4703 4801 4702
f 4703 4802 4801
f 4704 4802 4703
f 4704 4803 4802
f 4705 4803 4704
f 4705 4804 4803
f 4706 4804 4705
f 4706 4805 4804
f 4707 4805 4706
f 4707 4806 4805
f 4708 4806 4707
f 4708 4807 4806
f 4709 4807 4708
f 4709 4808 4807
f 4710 4808 4709
f 4710 4809 4808
f 4711 4809 4710
f 4711 4810 4809
f 4712 4810 4711
f 4712 4811 4810
f 4713 4811 4712
f 4713 4812 4811
f 4714 4812 4713
f 4714 4813 4812
f 4715 4813 4714
f 4715 4814 4813
f 4717 4815 4716
f 4717 4816 4815
f 4718 4816 4717
f 4718 4817 4816
f 4719 4817 4718
f 4719 4818 4817
f 4720 4818 4719
f 4720 4819 4818
f 4721 4819 4720
f 4721 4820 4819
f 4722 4820 4721
f 4722 4821 4820
f 4723 4821 4722
f 4723 4822 4821
f 4724 4822 4723
f 4724 4823 4822
f 4725 4823 4724
f 4725 4824 4823
f 4726 4824 4725
f 4726 4825 4824
f 4727 4825 4726
f 4727 4826 4825
f 4728 4826 4727
f 4728 4827 4826
f 4729 4827 4728
f 4729 4828 4827
f 4730 4828 4729
f 4730 4829 4828
f 4731 4829 4730
f 4731 4830 4829
f 4732 4830 4731
f 4732 4831 4830
f 4733 4831 4732
f 4733 4832 4831
f 4734 4832 4733
f 4734 4833 4832
f 4735 4833 4734
f 4735 4834 4833
f 4736 4834 4735
f 4736 4835 4834
f 4737 4835 4736
f 4737 4836 4835
f 4738 4836 4737
f 4738 4837 4836
f 4739 4837 4738
f 4739 4838 4837
f 4740 4838 4739
f 4740 4839 4838
f 4741 4839 4740
f 4741 4840 4839
f 4742 4840 4741
f 4742 4841 4840
f 4743 4841 4742
f 4743 4842 4841
f 4744 4842 4743
f 4744 4843 4842
f 4745 4843 4744
f 4745 4844 4843
f 4746 4844 4745
f 4746 4845 4844
f 4747 4845 4746
f 4747 4846 4845
f 4748 4846 4747
f 4748 4847 4846
f 4749 4847 4748
f 4749 4848 4847
f 4750 4848 4749
f 4750 4849 4848
f 4751 4849 4750
f 4751 4850 4849
f 4752 4850 4751
f 4752 4851 4850
f 4753 4851 4752
f 4753 4852 4851
f 4754 4852 4753
f 4754 4853 4852
f 4755 4853 4754
f 4755 4854 4853
f 4756 4854 4755
f 4756 4855 4854
f 4757 4855 4756
f 4757 4856 4855
f 4758 4856 4757
f 4758 4857 4856
f 4759 4857 4758
f 4759 4858 4857
f 4760 4858 4759
f 4760 4859 4858
f 4761 4859 4760
f 4761 4860 4859
f 4762 4860 4761
f 4762 4861 4860
f 4763 4861 4762
f 4763 4862 4861
f 4764 4862 4763
f 4764 4863 4862
f 4765 4863 4764
f 4765 4864 4863
f 4766 4864 4765
f 4766 4865 4864
f 4767 4865 4766
f 4767 4866 4865
f 4768 4866 4767
f 4768 4867 4866
f 4769 4867 4768
f 4769 4868 4867
f 4770 4868 4769
f 4770 4869 4868
f 4771 4869 4770
f 4771 4870 4869
f 4772 4870 4771
f 4772 4871 4870
f 4773 4871 4772
f 4773 4872 4871
f 4774 4872 4773
f 4774 4873 4872
f 4776 4874 4775
f 4776 4875 4874
f 4777 4875 4776
f 4777 4876 4875
f 4778 4876 4777
f 4778 4877 4876
f 4779 4877 4778
f 4779 4878 4877
f 4780 4878 4779
f 4780 4879 4878
f 4781 4879 4780
f 4781 4880 4879
f 4782 4880 4781
f 4782 4881 4880
f 4783 4881 4782
f 4783 4882 4881
f 4784 4882 4783
f 4784 4883 4882
f 4785 4883 4784
f 4785 4884 4883
f 4786 4884 4785
f 4786 4885 4884
f 4787 4885 4786
f 4787 4886 4885
f 4788 4886 4787
f 4788 4887 4886
f 4789 4887 4788
f 4789 4888 4887
f 4790 4888 4789
f 4790 4889 4888
f 4791 4889 4790
f 4791 4890 4889
f 4792 4890 4791
f 4792 4891 4890
f 4793 4891 4792
f 4793 4892 4891
f 4794 4892 4793
f 4794 4893 4892
f 4795 4893 4794
f 4795 4894 4893
f 4796 4894 4795
f 4796 4895 4894
f 4797 4895 4796
f 4797 4896 4895
f 4798 4896 4797
f 4798 4897 4896
f 4799 4897 4798
f 4799 4898 4897
f 4800 4898 4799
f 4800 4899 4898
f 4801 4899 4800
f 4801 4900 4899
f 4802 4900 4801
f 4802 4901 4900
f 4803 4901 4802
f 4803 4902 4901
f 4804 4902 4803
f 4804 4903 4902
f 4805 4903 4804
f 4805 4904 4903
f 4806 4904 4805
f 4806 4905 4904
f 4807 4905 4806
f 4807 4906 4905
f 4808 4906 4807
f 4808 4907 4906
f 4809 4907 4808
f 4809 4908 4907
f 4810 4908 4809
f 4810 4909 4908
f 4811 4909 4810
f 4811 4910 4909
f 4812 4910 4811
f 4812 4911 4910
f 4813 4911 4812
f 4813 4912 4911
f 4814 4912 4813
f 4815 4914 4913
f 4816 4914 4815
f 4816 4915 4914
f 4817 4915 4816
f 4817 4916 4915
f 4818 4916 4817
f 4818 4917 4916
f 4819 4917 4818
f 4819 4918 4917
f 4820 4918 4819
f 4820 4919 4918
f 4821 4919 4820
f 4821 4920 4919
f 4822 4920 4821
f 4822 4921 4920
f 4823 4921 4822
f 4823 4922 4921
f 4824 4922 4823
f 4824 4923 4922
f 4825 4923 4824
f 4825 4924 4923
f 4826 4924 4825
f 4826 4925 4924
f 4827 4925 4826
f 4827 4926 4925
f 4828 4926 4827
f 4828 4927 4926
f 4829 4927 4828
f 4829 4928 4927
f 4830 4928 4829
f 4830 4929 4928
f 4831 4929 4830
f 4831 4930 4929
f 4832 4930 4831
f 4832 4931 4930
f 4833 4931 4832
f 4833 4932 4931
f 4834 4932 4833
f 4834 4933 4932
f 4835 4933 4834
f 4835 4934 4933
f 4836 4934 4835
f 4836 4935 4934
f 4837 4935 4836
f 4837 4936 4935
f 4838 4936 4837
f 4838 4937 4936
f 4839 4937 4838
f 4839 4938 4937
f 4840 4938 4839
f 4840 4939 4938
f 4841 4939 4840
f 4841 4940 4939
f 4842 4940 4841
f 4842 4941 4940
f 4843 4941 4842
f 4843 4942 4941
f 4844 4942 4843
f 4844 4943 4942
f 4845 4943 4844
f 4845 4944 4943
f 4846 4944 4845
f 4846 4945 4944
f 4847 4945 4846
f 4847 4946 4945
f 4848 4946 4847
f 4848 4947 4946
f 4849 4947 4848
f 4849 4948 4947
f 4850 4948 4849
f 4850 4949 4948
f 4851 4949 4850
f 4851 4950 4949
f 4852 4950 4851
f 4852 4951 4950
f 4853 4951 4852
f 4853 4952 4951
f 4854 4952 4853
f 4854 4953 4952
f 4855 4953 4854
f 4855 4954 4953
f 4856 4954 4855
f 4856 4955 4954
f 4857 4955 4856
f 4857 4956 4955
f 4858 4956 4857
f 4858 4957 4956
f 4859 4957 4858
f 4859 4958 4957
f 4860 4958 4859
f 4860 4959 4958
f 4861 4959 4860
f 4861 4960 4959
f 4862 4960 4861
f 4862 4961 4960
f 4863 4961 4862
f 4863 4962 4961
f 4864 4962 4863
f 4864 4963 4962
f 4865 4963 4864
f 4865 4964 4963
f 4866 4964 4865
f 4866 4965 4964
f 4867 4965 4866
f 4867 4966 4965
f 4868 4966 4867
f 4868 4967 4966
f 4869 4967 4868
f 4869 4968 4967
f 4870 4968 4869
f 4870 4969 4968
f 4871 4969 4870
f 4871 4970 4969
f 4872 4970 4871
f 4872 4971 4970
f 4873 4971 4872
f 4873 4972 4971
f 4877 4974 4876
f 4877 4975 4974
f 4878 4975 4877
f 4878 4976 4975
f 4879 4976 4878
f 4879 4977 4976
f 4880 4977 4879
f 4880 4978 4977
f 4881 4978 4880
f 4881 4979 4978
f 4882 4979 4881
f 4882 4980 4979
f 4883 4980 4882
f 4883 4981 4980
f 4884 4981 4883
f 4884 4982 4981
f 4885 4982 4884
f 4885 4983 4982
f 4886 4983 4885
f 4886 4984 4983
f 4887 4984 4886
f 4887 4985 4984
f 4888 4985 4887
f 4888 4986 4985
f 4889 4986 4888
f 4889 4987 4986
f 4890 4987 4889
f 4890 4988 4987
f 4891 4988 4890
f 4891 4989 4988
f 4892 4989 4891
f 4892 4990 4989
f 4893 4990 4892
f 4893 4991 4990
f 4894 4991 4893
f 4894 4992 4991
f 4895 4992 4894
f 4895 4993 4992
f 4896 4993 4895
f 4896 4994 4993
f 4897 4994 4896
f 4897 4995 4994
f 4898 4995 4897
f 4898 4996 4995
f 4899 4996 4898
f 4899 4997 4996
f 4900 4997 4899
f 4900 4998 4997
f 4901 4998 4900
f 4901 4999 4998
f 4902 4999 4901
f 4902 5000 4999
f 4903 5000 4902
f 4903 5001 5000
f 4904 5001 4903
f 4904 5002 5001
f 4905 5002 4904
f 4905 5003 5002
f 4906 5003 4905
f 4906 5004 5003
f 4907 5004 4906
f 4907 5005 5004
f 4908 5005 4907
f 4908 5006 5005
f 4909 5006 4908
f 4909 5007 5006
f 4910 5007 4909
f 4910 5008 5007
f 4911 5008 4910
f 4911 5009 5008
f 4912 5009 4911
f 4912 5010 5009
f 4913 5012 5011
f 4914 5012 4913
f 4914 5013 5012
f 4915 5013 4914
f 4915 5014 5013
f 4916 5014 4915
f 4916 5015 5014
f 4917 5015 4916
f 4917 5016 5015
f 4918 5016 4917
f 4918 5017 5016
f 4919 5017 4918
f 4919 5018 5017
f 4920 5018 4919
f 4920 5019 5018
f 4921 5019 4920
f 4921 5020 5019
f 4922 5020 4921
f 4922 5021 5020
f 4923 5021 4922
f 4923 5022 5021
f 4924 5022 4923
f 4924 5023 5022
f 4925 5023 4924
f 4925 5024 5023
f 4926 5024 4925
f 4926 5025 5024
f 4927 5025 4926
f 4927 5026 5025
f 4928 5026 4927
f 4928 5027 5026
f 4929 5027 4928
f 4929 5028 5027
f 4930 5028 4929
f 4930 5029 5028
f 4931 5029 4930
f 4931 5030 5029
f 4932 5030 4931
f 4932 5031 5030
f 4933 5031 4932
f 4933 5032 5031
f 4934 5032 4933
f 4934 5033 5032
f 4935 5033 4934
f 4935 5034 5033
f 4936 5034 4935
f 4936 5035 5034
f 4937 5035 4936
f 4937 5036 5035
f 4938 5036 4937
f 4938 5037 5036
f 4939 5037 4938
f 4939 5038 5037
f 4940 5038 4939
f 4940 5039 5038
f 4941 5039 4940
f 4941 5040 5039
f 4942 5040 4941
f 4942 5041 5040
f 4943 5041 4942
f 4943 5042 5041
f 4944 5042 4943
f 4944 5043 5042
f 4945 5043 4944
f 4945 5044 5043
f 4946 5044 4945
f 4946 5045 5044
f 4947 5045 4946
f 4947 5046 5045
f 4948 5046 4947
f 4948 5047 5046
f 4949 5047 4948
f 4949 5048 5047
f 4950 5048 4949
f 4950 5049 5048
f 4951 5049 4950
f 4951 5050 5049
f 4952 5050 4951
f 4952 5051 5050
f 4953 5051 4952
f 4953 5052 5051
f 4954 5052 4953
f 4954 5053 5052
f 4955 5053 4954
f 4955 5054 5053
f 4956 5054 4955
f 4956 5055 5054
f 4957 5055 4956
f 4957 5056 5055
f 4958 5056 4957
f 4958 5057 5056
f 4959 5057 4958
f 4959 5058 5057
f 4960 5058 4959
f 4960 5059 5058
f 4961 5059 4960
f 4961 5060 5059
f 4962 5060 4961
f 4962 5061 5060
f 4963 5061 4962
f 4963 5062 5061
f 4964 5062 4963
f 4964 5063 5062
f 4965 5063 4964
f 4965 5064 5063
f 4966 5064 4965
f 4966 5065 5064
f 4967 5065 4966
f 4967 5066 5065
f 4968 5066 4967
f 4968 5067 5066
f 4969 5067 4968
f 4969 5068 5067
f 4970 5068 4969
f 4970 5069 5068
f 4971 5069 4970
f 4971 5070 5069
f 4972 5070 4971
f 4972 5071 5070
f 4973 5071 4972
f 4973 5072 5071
f 4976 5075 4975
f 4976 5076 5075
f 4977 5076 4976
f 4977 5077 5076
f 4978 5077 4977
f 4978 5078 5077
f 4979 5078 4978
f 4979 5079 5078
f 4980 5079 4979
f 4980 5080 5079
f 4981 5080 4980
f 4981 5081 5080
f 4982 5081 4981
f 4982 5082 5081
f 4983 5082 4982
f 4983 5083 5082
f 4984 5083 4983
f 4984 5084 5083
f 4985 5084 4984
f 4985 5085 5084
f 4986 5085 4985
f 4986 5086 5085
f 4987 5086 4986
f 4987 5087 5086
f 4988 5087 4987
f 4988 5088 5087
f 4989 5088 4988
f 4989 5089 5088
f 4990 5089 4989
f 4990 5090 5089
f 4991 5090 4990
f 4991 5091 5090
f 4992 5091 4991
f 4992 5092 5091
f 4993 5092 4992
f 4993 5093 5092
f 4994 5093 4993
f 4994 5094 5093
f 4995 5094 4994
f 4995 5095 5094
f 4996 5095 4995
f 4996 5096 5095
f 4997 5096 4996
f 4997 5097 5096
f 4998 5097 4997
f 4998 5098 5097
f 4999 5098 4998
f 4999 5099 5098
f 5000 5099 4999
f 5000 5100 5099
f 5001 5100 5000
f 5001 5101 5100
f 5002 5101 5001
f 5002 5102 5101
f 5003 5102 5002
f 5003 5103 5102
f 5004 5103 5003
f 5004 5104 5103
f 5005 5104 5004
f 5005 5105 5104
f 5006 5105 5005
f 5006 5106 5105
f 5007 5106 5006
f 5007 5107 5106
f 5008 5107 5007
f 5008 5108 5107
f 5009 5108 5008
f 5009 5109 5108
f 5010 5109 5009
f 5012 5110 5011
f 5012 5111 5110
f 5013 5111 5012
f 5013 5112 5111
f 5014 5112 5013
f 5014 5113 5112
f 5015 5113 5014
f 5015 5114 5113
f 5016 5114 5015
f 5016 5115 5114
f 5017 5115 5016
f 5017 5116 5115
f 5018 5116 5017
f 5018 5117 5116
f 5019 5117 5018
f 5019 5118 5117
f 5020 5118 5019
f 5020 5119 5118
f 5021 5119 5020
f 5021 5120 5119
f 5022 5120 5021
f 5022 5121 5120
f 5023 5121 5022
f 5023 5122 5121
f 5024 5122 5023
f 5024 5123 5122
f 5025 5123 5024
f 5025 5124 5123
f 5026 5124 5025
f 5026 5125 5124
f 5027 5125 5026
f 5027 5126 5125
f 5028 5126 5027
f 5028 5127 5126
f 5029 5127 5028
f 5029 5128 5127
f 5030 5128 5029
f 5030 5129 5128
f 5031 5129 5030
f 5031 5130 5129
f 5032 5130 5031
f 5032 5131 5130
f 5033 5131 5032
f 5033 5132 5131
f 5034 5132 5033
f 5034 5133 5132
f 5035 5133 5034
f 5035 5134 5133
f 5036 5134 5035
f 5036 5135 5134
f 5037 5135 5036
f 5037 5136 5135
f 5038 5136 5037
f 5038 5137 5136
f 5039 5137 5038
f 5039 5138 5137
f 5040 5138 5039
f 5040 5139 5138
f 5041 5139 5040
f 5041 5140 5139
f 5042 5140 5041
f 5042 5141 5140
f 5043 5141 5042
f 5043 5142 5141
f 5044 5142 5043
f 5044 5143 5142
f 5045 5143 5044
f 5045 5144 5143
f 5046 5144 5045
f 5046 5145 5144
f 5047 5145 5046
f 5047 5146 5145
f 5048 5146 5047
f 5048 5147 5146
f 5049 5147 5048
f 5049 5148 5147
f 5050 5148 5049
f 5050 5149 5148
f 5051 5149 5050
f 5051 5150 5149
f 5052 5150 5051
f 5052 5151 5150
f 5053 5151 5052
f 5053 5152 5151
f 5054 5152 5053
f 5054 5153 5152
f 5055 5153 5054
f 5055 5154 5153
f 5056 5154 5055
f 5056 5155 5154
f 5057 5155 5056
f 5057 5156 5155
f 5058 5156 5057
f 5058 5157 5156
f 5059 5157 5058
f 5059 5158 5157
f 5060 5158 5059
f 5060 5159 5158
f 5061 5159 5060
f 5061 5160 5159
f 5062 5160 5061
f 5062 5161 5160
f 5063 5161 5062
f 5063 5162 5161
f 5064 5162 5063
f 5064 5163 5162
f 5065 5163 5064
f 5065 5164 5163
f 5066 5164 5065
f 5066 5165 5164
f 5067 5165 5066
f 5067 5166 5165
f 5068 5166 5067
f 5068 5167 5166
f 5069 5167 5068
f 5069 5168 5167
f 5070 5168 5069
f 5070 5169 5168
f 5071 5169 5070
f 5071 5170 5169
f 5072 5170 5071
f 5072 5171 5170
f 5073 5171 5072
f 5073 5172 5171
f 5074 5172 5073
f 5074 5173 5172
f 5076 5174 5075
f 5076 5175 5174
f 5077 5175 5076
f 5077 5176 5175
f 5078 5176 5077
f 5078 5177 5176
f 5079 5177 5078
f 5079 5178 5177
f 5080 5178 5079
f 5080 5179 5178
f 5081 5179 5080
f 5081 5180 5179
f 5082 5180 5081
f 5082 5181 5180
f 5083 5181 5082
f 5083 5182 5181
f 5084 5182 5083
f 5084 5183 5182
f 5085 5183 5084
f 5085 5184 5183
f 5086 5184 5085
f 5086 5185 5184
f 5087 5185 5086
f 5087 5186 5185
f 5088 5186 5087
f 5088 5187 5186
f 5089 5187 5088
f 5089 5188 5187
f 5090 5188 5089
f 5090 5189 5188
f 5091 5189 5090
f 5091 5190 5189
f 5092 5190 5091
f 5092 5191 5190
f 5093 5191 5092
f 5093 5192 5191
f 5094 5192 5093
f 5094 5193 5192
f 5095 5193 5094
f 5095 5194 5193
f 5096 5194 5095
f 5096 5195 5194
f 5097 5195 5096
f 5097 5196 5195
f 5098 5196 5097
f 5098 5197 5196
f 5099 5197 5098
f 5099 5198 5197
f 5100 5198 5099
f 5100 5199 5198
f 5101 5199 5100
f 5101 5200 5199
f 5102 5200 5101
f 5102 5201 5200
f 5103 5201 5102
f 5103 5202 5201
f 5104 5202 5103
f 5104 5203 5202
f 5105 5203 5104
f 5105 5204 5203
f 5106 5204 5105
f 5106 5205 5204
f 5107 5205 5106
f 5107 5206 5205
f 5108 5206 5107
f 5108 5207 5206
f 5109 5207 5108
f 5109 5208 5207
f 5111 5209 5110
f 5111 5210 5209
f 5112 5210 5111
f 5112 5211 5210
f 5113 5211 5112
f 5113 5212 5211
f 5114 5212 5113
f 5114 5213 5212
f 5115 5213 5114
f 5115 5214 5213
f 5116 5214 5115
f 5116 5215 5214
f 5117 5215 5116
f 5117 5216 5215
f 5118 5216 5117
f 5118 5217 5216
f 5119 5217 5118
f 5119 5218 5217
f 5120 5218 5119
f 5120 5219 5218
f 5121 5219 5120
f 5121 5220 5219
f 5122 5220 5121
f 5122 5221 5220
f 5123 5221 5122
f 5123 5222 5221
f 5124 5222 5123
f 5124 5223 5222
f 5125 5223 5124
f 5125 5224 5223
f 5126 5224 5125
f 5126 5225 5224
f 5127 5225 5126
f 5127 5226 5225
f 5128 5226 5127
f 5128 5227 5226
f 5129 5227 5128
f 5129 5228 5227
f 5130 5228 5129
f 5130 5229 5228
f 5131 5229 5130
f 5131 5230 5229
f 5132 5230 5131
f 5132 5231 5230
f 5133 5231 5132
f 5133 5232 5231
f 5134 5232 5133
f 5134 5233 5232
f 5135 5233 5134
f 5135 5234 5233
f 5136 5234 5135
f 5136 5235 5234
f 5137 5235 5136
f 5137 5236 5235
f 5138 5236 5137
f 5138 5237 5236
f 5139 5237 5138
f 5139 5238 5237
f 5140 5238 5139
f 5140 5239 5238
f 5141 5239 5140
f 5141 5240 5239
f 5142 5240 5141
f 5142 5241 5240
f 5143 5241 5142
f 5143 5242 5241
f 5144 5242 5143
f 5144 5243 5242
f 5145 5243 5144
f 5145 5244 5243
f 5146 5244 5145
f 5146 5245 5244
f 5147 5245 5146
f 5147 5246 5245
f 5148 5246 5147
f 5148 5247 5246
f 5149 5247 5148
f 5149 5248 5247
f 5150 5248 5149
f 5150 5249 5248
f 5151 5249 5150
f 5151 5250 5249
f 5152 5250 5151
f 5152 5251 5250
f 5153 5251 5152
f 5153 5252 5251
f 5154 5252 5153
f 5154 5253 5252
f 5155 5253 5154
f 5155 5254 5253
f 5156 5254 5155
f 5156 5255 5254
f 5157 5255 5156
f 5157 5256 5255
f 5158 5256 5157
f 5158 5257 5256
f 5159 5257 5158
f 5159 5258 5257
f 5160 5258 5159
f 5160 5259 5258
f 5161 5259 5160
f 5161 5260 5259
f 5162 5260 5161
f 5162 5261 5260
f 5163 5261 5162
f 5163 5262 5261
f 5164 5262 5163
f 5164 5263 5262
f 5165 5263 5164
f 5165 5264 5263
f 5166 5264 5165
f 5166 5265 5264
f 5167 5265 5166
f 5167 5266 5265
f 5168 5266 5167
f 5168 5267 5266
f 5169 5267 5168
f 5169 5268 5267
f 5170 5268 5169
f 5170 5269 5268
f 5171 5269 5170
f 5171 5270 5269
f 5172 5270 5171
f 5172 5271 5270
f 5173 5271 5172
f 5173 5272 5271
f 5176 5273 5175
f 5176 5274 5273
f 5177 5274 5176
f 5177 5275 5274
f 5178 5275 5177
f 5178 5276 5275
f 5179 5276 5178
f 5179 5277 5276
f 5180 5277 5179
f 5180 5278 5277
f 5181 5278 5180
f 5181 5279 5278
f 5182 5279 5181
f 5182 5280 5279
f 5183 5280 5182
f 5183 5281 5280
f 5184 5281 5183
f 5184 5282 5281
f 5185 5282 5184
f 5185 5283 5282
f 5186 5283 5185
f 5186 5284 5283
f 5187 5284 5186
f 5187 5285 5284
f 5188 5285 5187
f 5188 5286 5285
f 5189 5286 5188
f 5189 5287 5286
f 5190 5287 5189
f 5190 5288 5287
f 5191 5288 5190
f 5191 5289 5288
f 5192 5289 5191
f 5192 5290 5289
f 5193 5290 5192
f 5193 5291 5290
f 5194 5291 5193
f 5194 5292 5291
f 5195 5292 5194
f 5195 5293 5292
f 5196 5293 5195
f 5196 5294 5293
f 5197 5294 5196
f 5197 5295 5294
f 5198 5295 5197
f 5198 5296 5295
f 5199 5296 5198
f 5199 5297 5296
f 5200 5297 5199
f 5200 5298 5297
f 5201 5298 5200
f 5201 5299 5298
f 5202 5299 5201
f 5202 5300 5299
f 5203 5300 5202
f 5203 5301 5300
f 5204 5301 5203
f 5204 5302 5301
f 5205 5302 5204
f 5205 5303 5302
f 5206 5303 5205
f 5206 5304 5303
f 5207 5304 5206
f 5207 5305 5304
f 5208 5305 5207
f 5210 5306 5209
f 5210 5307 5306
f 5211 5307 5210
f 5211 5308 5307
f 5212 5308 5211
f 5212 5309 5308
f 5213 5309 5212
f 5213 5310 5309
f 5214 5310 5213
f 5214 5311 5310
f 5215 5311 5214
f 5215 5312 5311
f 5216 5312 5215
f 5216 5313 5312
f 5217 5313 5216
f 5217 5314 5313
f 5218 5314 5217
f 5218 5315 5314
f 5219 5315 5218
f 5219 5316 5315
f 5220 5316 5219
f 5220 5317 5316
f 5221 5317 5220
f 5221 5318 5317
f 5222 5318 5221
f 5222 5319 5318
f 5223 5319 5222
f 5223 5320 5319
f 5224 5320 5223
f 5224 5321 5320
f 5225 5321 5224
f 5225 5322 5321
f 5226 5322 5225
f 5226 5323 5322
f 5227 5323 5226
f 5227 5324 5323
f 5228 5324 5227
f 5228 5325 5324
f 5229 5325 5228
f 5229 5326 5325
f 5230 5326 5229
f 5230 5327 5326
f 5231 5327 5230
f 5231 5328 5327
f 5232 5328 5231
f 5232 5329 5328
f 5233 5329 5232
f 5233 5330 5329
f 5234 5330 5233
f 5234 5331 5330
f 5235 5331 5234
f 5235 5332 5331
f 5236 5332 5235
f 5236 5333 5332
f 5237 5333 5236
f 5237 5334 5333
f 5238 5334 5237
f 5238 5335 5334
f 5239 5335 5238
f 5239 5336 5335
f 5240 5336 5239
f 5240 5337 5336
f 5241 5337 5240
f 5241 5338 5337
f 5242 5338 5241
f 5242 5339 5338
f 5243 5339 5242
f 5243 5340 5339
f 5244 5340 5243
f 5244 5341 5340
f 5245 5341 5244
f 5245 5342 5341
f 5246 5342 5245
f 5246 5343 5342
f 5247 5343 5246
f 5247 5344 5343
f 5248 5344 5247
f 5248 5345 5344
f 5249 5345 5248
f 5249 5346 5345
f 5250 5346 5249
f 5250 5347 5346
f 5251 5347 5250
f 5251 5348 5347
f 5252 5348 5251
f 5252 5349 5348
f 5253 5349 5252
f 5253 5350 5349
f 5254 5350 5253
f 5254 5351 5350
f 5255 5351 5254
f 5255 5352 5351
f 5256 5352 5255
f 5256 5353 5352
f 5257 5353 5256
f 5257 5354 5353
f 5258 5354 5257
f 5258 5355 5354
f 5259 5355 5258
f 5259 5356 5355
f 5260 5356 5259
f 5260 5357 5356
f 5261 5357 5260
f 5261 5358 5357
f 5262 5358 5261
f 5262 5359 5358
f 5263 5359 5262
f 5263 5360 5359
f 5264 5360 5263
f 5264 5361 5360
f 5265 5361 5264
f 5265 5362 5361
f 5266 5362 5265
f 5266 5363 5362
f 5267 5363 5266
f 5267 5364 5363
f 5268 5364 5267
f 5268 5365 5364
f 5269 5365 5268
f 5269 5366 5365
f 5270 5366 5269
f 5270 5367 5366
f 5271 5367 5270
f 5271 5368 5367
f 5272 5368 5271
f 5272 5369 5368
f 5274 5370 5273
f 5274 5371 5370
f 5275 5371 5274
f 5275 5372 5371
f 5276 5372 5275
f 5276 5373 5372
f 5277 5373 5276
f 5277 5374 5373
f 5278 5374 5277
f 5278 5375 5374
f 5279 5375 5278
f 5279 5376 5375
f 5280 5376 5279
f 5280 5377 5376
f 5281 5377 5280
f 5281 5378 5377
f 5282 5378 5281
f 5282 5379 5378
f 5283 5379 5282
f 5283 5380 5379
f 5284 5380 5283
f 5284 5381 5380
f 5285 5381 5284
f 5285 5382 5381
f 5286 5382 5285
f 5286 5383 5382
f 5287 5383 5286
f 5287 5384 5383
f 5288 5384 5287
f 5288 5385 5384
f 5289 5385 5288
f 5289 5386 5385
f 5290 5386 5289
f 5290 5387 5386
f 5291 5387 5290
f 5291 5388 5387
f 5292 5388 5291
f 5292 5389 5388
f 5293 5389 5292
f 5293 5390 5389
f 5294 5390 5293
f 5294 5391 5390
f 5295 5391 5294
f 5295 5392 5391
f 5296 5392 5295
f 5296 5393 5392
f 5297 5393 5296
f 5297 5394 5393
f 5298 5394 5297
f 5298 5395 5394
f 5299 5395 5298
f 5299 5396 5395
f 5300 5396 5299
f 5300 5397 5396
f 5301 5397 5300
f 5301 5398 5397
f 5302 5398 5301
f 5302 5399 5398
f 5303 5399 5302
f 5303 5400 5399
f 5304 5400 5303
f 5304 5401 5400
f 5305 5401 5304
f 5305 5402 5401
f 5307 5403 5306
f 5307 5404 5403
f 5308 5404 5307
f 5308 5405 5404
f 5309 5405 5308
f 5309 5406 5405
f 5310 5406 5309
f 5310 5407 5406
f 5311 5407 5310
f 5311 5408 5407
f 5312 5408 5311
f 5312 5409 5408
f 5313 5409 5312
f 5313 5410 5409
f 5314 5410 5313
f 5314 5411 5410
f 5315 5411 5314
f 5315 5412 5411
f 5316 5412 5315
f 5316 5413 5412
f 5317 5413 5316
f 5317 5414 5413
f 5318 5414 5317
f 5318 5415 5414
f 5319 5415 5318
f 5319 5416 5415
f 5320 5416 5319
f 5320 5417 5416
f 5321 5417 5320
f 5321 5418 5417
f 5322 5418 5321
f 5322 5419 5418
f 5323 5419 5322
f 5323 5420 5419
f 5324 5420 5323
f 5324 5421 5420
f 5325 5421 5324
f 5325 5422 5421
f 5326 5422 5325
f 5326 5423 5422
f 5327 5423 5326
f 5327 5424 5423
f 5328 5424 5327
f 5328 5425 5424
f 5329 5425 5328
f 5329 5426 5425
f 5330 5426 5329
f 5330 5427 5426
f 5331 5427 5330
f 5331 5428 5427
f 5332 5428 5331
f 5332 5429 5428
f 5333 5429 5332
f 5333 5430 5429
f 5334 5430 5333
f 5334 5431 5430
f 5335 5431 5334
f 5335 5432 5431
f 5336 5432 5335
f 5336 5433 5432
f 5337 5433 5336
f 5337 5434 5433
f 5338 5434 5337
f 5338 5435 5434
f 5339 5435 5338
f 5339 5436 5435
f 5340 5436 5339
f 5340 5437 5436
f 5341 5437 5340
f 5341 5438 5437
f 5342 5438 5341
f 5342 5439 5438
f 5343 5439 5342
f 5343 5440 5439
f 5344 5440 5343
f 5344 5441 5440
f 5345 5441 5344
f 5345 5442 5441
f 5346 5442 5345
f 5346 5443 5442
f 5347 5443 5346
f 5347 5444 5443
f 5348 5444 5347
f 5348 5445 5444
f 5349 5445 5348
f 5349 5446 5445
f 5350 5446 5349
f 5350 5447 5446
f 5351 5447 5350
f 5351 5448 5447
f 5352 5448 5351
f 5352 5449 5448
f 5353 5449 5352
f 5353 5450 5449
f 5354 5450 5353
f 5354 5451 5450
f 5355 5451 5354
f 5355 5452 5451
f 5356 5452 5355
f 5356 5453 5452
f 5357 5453 5356
f 5357 5454 5453
f 5358 5454 5357
f 5358 5455 5454
f 5359 5455 5358
f 5359 5456 5455
f 5360 5456 5359
f 5360 5457 5456
f 5361 5457 5360
f 5361 5458 5457
f 5362 5458 5361
f 5362 5459 5458
f 5363 5459 5362
f 5363 5460 5459
f 5364 5460 5363
f 5364 5461 5460
f 5365 5461 5364
f 5365 5462 5461
f 5366 5462 5365
f 5366 5463 5462
f 5367 5463 5366
f 5367 5464 5463
f 5368 5464 5367
f 5368 5465 5464
f 5369 5465 5368
f 5370 5468 5467
f 5371 5468 5370
f 5371 5469 5468
f 5372 5469 5371
f 5372 5470 5469
f 5373 5470 5372
f 5373 5471 5470
f 5374 5471 5373
f 5374 5472 5471
f 5375 5472 5374
f 5375 5473 5472
f 5376 5473 5375
f 5376 5474 5473
f 5377 5474 5376
f 5377 5475 5474
f 5378 5475 5377
f 5378 5476 5475
f 5379 5476 5378
f 5379 5477 5476
f 5380 5477 5379
f 5380 5478 5477
f 5381 5478 5380
f 5381 5479 5478
f 5382 5479 5381
f 5382 5480 5479
f 5383 5480 5382
f 5383 5481 5480
f 5384 5481 5383
f 5384 5482 5481
f 5385 5482 5384
f 5385 5483 5482
f 5386 5483 5385
f 5386 5484 5483
f 5387 5484 5386
f 5387 5485 5484
f 5388 5485 5387
f 5388 5486 5485
f 5389 5486 5388
f 5389 5487 5486
f 5390 5487 5389
f 5390 5488 5487
f 5391 5488 5390
f 5391 5489 5488
f 5392 5489 5391
f 5392 5490 5489
f 5393 5490 5392
f 5393 5491 5490
f 5394 5491 5393
f 5394 5492 5491
f 5395 5492 5394
f 5395 5493 5492
f 5396 5493 5395
f 5396 5494 5493
f 5397 5494 5396
f 5397 5495 5494
f 5398 5495 5397
f 5398 5496 5495
f 5399 5496 5398
f 5399 5497 5496
f 5400 5497 5399
f 5400 5498 5497
f 5401 5498 5400
f 5401 5499 5498
f 5402 5499 5401
f 5402 5500 5499
f 5404 5501 5403
f 5404 5502 5501
f 5405 5502 5404
f 5405 5503 5502
f 5406 5503 5405
f 5406 5504 5503
f 5407 5504 5406
f 5407 5505 5504
f 5408 5505 5407
f 5408 5506 5505
f 5409 5506 5408
f 5409 5507 5506
f 5410 5507 5409
f 5410 5508 5507
f 5411 5508 5410
f 5411 5509 5508
f 5412 5509 5411
f 5412 5510 5509
f 5413 5510 5412
f 5413 5511 5510
f 5414 5511 5413
f 5414 5512 5511
f 5415 5512 5414
f 5415 5513 5512
f 5416 5513 5415
f 5416 5514 5513
f 5417 5514 5416
f 5417 5515 5514
f 5418 5515 5417
f 5418 5516 5515
f 5419 5516 5418
f 5419 5517 5516
f 5420 5517 5419
f 5420 5518 5517
f 5421 5518 5420
f 5421 5519 5518
f 5422 5519 5421
f 5422 5520 5519
f 5423 5520 5422
f 5423 5521 5520
f 5424 5521 5423
f 5424 5522 5521
f 5425 5522 5424
f 5425 5523 5522
f 5426 5523 5425
f 5426 5524 5523
f 5427 5524 5426
f 5427 5525 5524
f 5428 5525 5427
f 5428 5526 5525
f 5429 5526 5428
f 5429 5527 5526
f 5430 5527 5429
f 5430 5528 5527
f 5431 5528 5430
f 5431 5529 5528
f 5432 5529 5431
f 5432 5530 5529
f 5433 5530 5432
f 5433 5531 5530
f 5434 5531 5433
f 5434 5532 5531
f 5435 5532 5434
f 5435 5533 5532
f 5436 5533 5435
f 5436 5534 5533
f 5437 5534 5436
f 5437 5535 5534
f 5438 5535 5437
f 5438 5536 5535
f 5439 5536 5438
f 5439 5537 5536
f 5440 5537 5439
f 5440 5538 5537
f 5441 5538 5440
f 5441 5539 5538
f 5442 5539 5441
f 5442 5540 5539
f 5443 5540 5442
f 5443 5541 5540
f 5444 5541 5443
f 5444 5542 5541
f 5445 5542 5444
f 5445 5543 5542
f 5446 5543 5445
f 5446 5544 5543
f 5447 5544 5446
f 5447 5545 5544
f 5448 5545 5447
f 5448 5546 5545
f 5449 5546 5448
f 5449 5547 5546
f 5450 5547 5449
f 5450 5548 5547
f 5451 5548 5450
f 5451 5549 5548
f 5452 5549 5451
f 5452 5550 5549
f 5453 5550 5452
f 5453 5551 5550
f 5454 5551 5453
f 5454 5552 5551
f 5455 5552 5454
f 5455 5553 5552
f 5456 5553 5455
f 5456 5554 5553
f 5457 5554 5456
f 5457 5555 5554
f 5458 5555 5457
f 5458 5556 5555
f 5459 5556 5458
f 5459 5557 5556
f 5460 5557 5459
f 5460 5558 5557
f 5461 5558 5460
f 5461 5559 5558
f 5462 5559 5461
f 5462 5560 5559
f 5463 5560 5462
f 5463 5561 5560
f 5464 5561 5463
f 5464 5562 5561
f 5465 5562 5464
f 5465 5563 5562
f 5466 5564 5563
f 5468 5565 5467
f 5468 5566 5565
f 5469 5566 5468
f 5469 5567 5566
f 5470 5567 5469
f 5470 5568 5567
f 5471 5568 5470
f 5471 5569 5568
f 5472 5569 5471
f 5472 5570 5569
f 5473 5570 5472
f 5473 5571 5570
f 5474 5571 5473
f 5474 5572 5571
f 5475 5572 5474
f 5475 5573 5572
f 5476 5573 5475
f 5476 5574 5573
f 5477 5574 5476
f 5477 5575 5574
f 5478 5575 5477
f 5478 5576 5575
f 5479 5576 5478
f 5479 5577 5576
f 5480 5577 5479
f 5480 5578 5577
f 5481 5578 5480
f 5481 5579 5578
f 5482 5579 5481
f 5482 5580 5579
f 5483 5580 5482
f 5483 5581 5580
f 5484 5581 5483
f 5484 5582 5581
f 5485 5582 5484
f 5485 5583 5582
f 5486 5583 5485
f 5486 5584 5583
f 5487 5584 5486
f 5487 5585 5584
f 5488 5585 5487
f 5488 5586 5585
f 5489 5586 5488
f 5489 5587 5586
f 5490 5587 5489
f 5490 5588 5587
f 5491 5588 5490
f 5491 5589 5588
f 5492 5589 5491
f 5492 5590 5589
f 5493 5590 5492
f 5493 5591 5590
f 5494 5591 5493
f 5494 5592 5591
f 5495 5592 5494
f 5495 5593 5592
f 5496 5593 5495
f 5496 5594 5593
f 5497 5594 5496
f 5497 5595 5594
f 5498 5595 5497
f 5498 5596 5595
f 5499 5596 5498
f 5499 5597 5596
f 5500 5597 5499
f 5502 5598 5501
f 5503 5599 5502
f 5503 5600 5599
f 5504 5600 5503
f 5504 5601 5600
f 5505 5601 5504
f 5505 5602 5601
f 5506 5602 5505
f 5506 5603 5602
f 5507 5603 5506
f 5507 5604 5603
f 5508 5604 5507
f 5508 5605 5604
f 5509 5605 5508
f 5509 5606 5605
f 5510 5606 5509
f 5510 5607 5606
f 5511 5607 5510
f 5511 5608 5607
f 5512 5608 5511
f 5512 5609 5608
f 5513 5609 5512
f 5513 5610 5609
f 5514 5610 5513
f 5514 5611 5610
f 5515 5611 5514
f 5515 5612 5611
f 5516 5612 5515
f 5516 5613 5612
f 5517 5613 5516
f 5517 5614 5613
f 5518 5614 5517
f 5518 5615 5614
f 5519 5615 5518
f 5519 5616 5615
f 5520 5616 5519
f 5520 5617 5616
f 5521 5617 5520
f 5521 5618 5617
f 5522 5618 5521
f 5522 5619 5618
f 5523 5619 5522
f 5523 5620 5619
f 5524 5620 5523
f 5524 5621 5620
f 5525 5621 5524
f 5525 5622 5621
f 5526 5622 5525
f 5526 5623 5622
f 5527 5623 5526
f 5527 5624 5623
f 5528 5624 5527
f 5528 5625 5624
f 5529 5625 5528
f 5529 5626 5625
f 5530 5626 5529
f 5530 5627 5626
f 5531 5627 5530
f 5531 5628 5627
f 5532 5628 5531
f 5532 5629 5628
f 5533 5629 5532
f 5533 5630 5629
f 5534 5630 5533
f 5534 5631 5630
f 5535 5631 5534
f 5535 5632 5631
f 5536 5632 5535
f 5536 5633 5632
f 5537 5633 5536
f 5537 5634 5633
f 5538 5634 5537
f 5538 5635 5634
f 5539 5635 5538
f 5539 5636 5635
f 5540 5636 5539
f 5540 5637 5636
f 5541 5637 5540
f 5541 5638 5637
f 5542 5638 5541
f 5542 5639 5638
f 5543 5639 5542
f 5543 5640 5639
f 5544 5640 5543
f 5544 5641 5640
f 5545 5641 5544
f 5545 5642 5641
f 5546 5642 5545
f 5546 5643 5642
f 5547 5643 5546
f 5547 5644 5643
f 5548 5644 5547
f 5548 5645 5644
f 5549 5645 5548
f 5549 5646 5645
f 5550 5646 5549
f 5550 5647 5646
f 5551 5647 5550
f 5551 5648 5647
f 5552 5648 5551
f 5552 5649 5648
f 5553 5649 5552
f 5553 5650 5649
f 5554 5650 5553
f 5554 5651 5650
f 5555 5651 5554
f 5555 5652 5651
f 5556 5652 5555
f 5556 5653 5652
f 5557 5653 5556
f 5557 5654 5653
f 5558 5654 5557
f 5558 5655 5654
f 5559 5655 5558
f 5559 5656 5655
f 5560 5656 5559
f 5560 5657 5656
f 5561 5657 5560
f 5561 5658 5657
f 5562 5658 5561
f 5562 5659 5658
f 5563 5659 5562
f 5563 5660 5659
f 5564 5660 5563
f 5564 5661 5660
f 5566 5662 5565
f 5566 5663 5662
f 5567 5663 5566
f 5567 5664 5663
f 5568 5664 5567
f 5568 5665 5664
f 5569 5665 5568
f 5569 5666 5665
f 5570 5666 5569
f 5570 5667 5666
f 5571 5667 5570
f 5571 5668 5667
f 5572 5668 5571
f 5572 5669 5668
f 5573 5669 5572
f 5573 5670 5669
f 5574 5670 5573
f 5574 5671 5670
f 5575 5671 5574
f 5575 5672 5671
f 5576 5672 5575
f 5576 5673 5672
f 5577 5673 5576
f 5577 5674 5673
f 5578 5674 5577
f 5578 5675 5674
f 5579 5675 5578
f 5579 5676 5675
f 5580 5676 5579
f 5580 5677 5676
f 5581 5677 5580
f 5581 5678 5677
f 5582 5678 5581
f 5582 5679 5678
f 5583 5679 5582
f 5583 5680 5679
f 5584 5680 5583
f 5584 5681 5680
f 5585 5681 5584
f 5585 5682 5681
f 5586 5682 5585
f 5586 5683 5682
f 5587 5683 5586
f 5587 5684 5683
f 5588 5684 5587
f 5588 5685 5684
f 5589 5685 5588
f 5589 5686 5685
f 5590 5686 5589
f 5590 5687 5686
f 5591 5687 5590
f 5591 5688 5687
f 5592 5688 5591
f 5592 5689 5688
f 5593 5689 5592
f 5593 5690 5689
f 5594 5690 5593
f 5594 5691 5690
f 5595 5691 5594
f 5595 5692 5691
f 5596 5692 5595
f 5596 5693 5692
f 5597 5693 5596
f 5597 5694 5693
f 5600 5695 5599
f 5601 5696 5600
f 5601 5697 5696
f 5602 5697 5601
f 5602 5698 5697
f 5603 5698 5602
f 5603 5699 5698
f 5604 5699 5603
f 5604 5700 5699
f 5605 5700 5604
f 5605 5701 5700
f 5606 5701 5605
f 5606 5702 5701
f 5607 5702 5606
f 5607 5703 5702
f 5608 5703 5607
f 5608 5704 5703
f 5609 5704 5608
f 5609 5705 5704
f 5610 5705 5609
f 5610 5706 5705
f 5611 5706 5610
f 5611 5707 5706
f 5612 5707 5611
f 5612 5708 5707
f 5613 5708 5612
f 5613 5709 5708
f 5614 5709 5613
f 5614 5710 5709
f 5615 5710 5614
f 5615 5711 5710
f 5616 5711 5615
f 5616 5712 5711
f 5617 5712 5616
f 5617 5713 5712
f 5618 5713 5617
f 5618 5714 5713
f 5619 5714 5618
f 5619 5715 5714
f 5620 5715 5619
f 5620 5716 5715
f 5621 5716 5620
f 5621 5717 5716
f 5622 5717 5621
f 5622 5718 5717
f 5623 5718 5622
f 5623 5719 5718
f 5624 5719 5623
f 5624 5720 5719
f 5625 5720 5624
f 5625 5721 5720
f 5626 5721 5625
f 5626 5722 5721
f 5627 5722 5626
f 5627 5723 5722
f 5628 5723 5627
f 5628 5724 5723
f 5629 5724 5628
f 5629 5725 5724
f 5630 5725 5629
f 5630 5726 5725
f 5631 5726 5630
f 5631 5727 5726
f 5632 5727 5631
f 5632 5728 5727
f 5633 5728 5632
f 5633 5729 5728
f 5634 5729 5633
f 5634 5730 5729
f 5635 5730 5634
f 5635 5731 5730
f 5636 5731 5635
f 5636 5732 5731
f 5637 5732 5636
f 5637 5733 5732
f 5638 5733 5637
f 5638 5734 5733
f 5639 5734 5638
f 5639 5735 5734
f 5640 5735 5639
f 5640 5736 5735
f 5641 5736 5640
f 5641 5737 5736
f 5642 5737 5641
f 5642 5738 5737
f 5643 5738 5642
f 5643 5739 5738
f 5644 5739 5643
f 5644 5740 5739
f 5645 5740 5644
f 5645 5741 5740
f 5646 5741 5645
f 5646 5742 5741
f 5647 5742 5646
f 5647 5743 5742
f 5648 5743 5647
f 5648 5744 5743
f 5649 5744 5648
f 5649 5745 5744
f 5650 5745 5649
f 5650 5746 5745
f 5651 5746 5650
f 5651 5747 5746
f 5652 5747 5651
f 5652 5748 5747
f 5653 5748 5652
f 5653 5749 5748
f 5654 5749 5653
f 5654 5750 5749
f 5655 5750 5654
f 5655 5751 5750
f 5656 5751 5655
f 5656 5752 5751
f 5657 5752 5656
f 5657 5753 5752
f 5658 5753 5657
f 5658 5754 5753
f 5659 5754 5658
f 5659 5755 5754
f 5660 5755 5659
f 5660 5756 5755
f 5661 5756 5660
f 5661 5757 5756
f 5664 5759 5663
f 5664 5760 5759
f 5665 5760 5664
f 5665 5761 5760
f 5666 5761 5665
f 5666 5762 5761
f 5667 5762 5666
f 5667 5763 5762
f 5668 5763 5667
f 5668 5764 5763
f 5669 5764 5668
f 5669 5765 5764
f 5670 5765 5669
f 5670 5766 5765
f 5671 5766 5670
f 5671 5767 5766
f 5672 5767 5671
f 5672 5768 5767
f 5673 5768 5672
f 5673 5769 5768
f 5674 5769 5673
f 5674 5770 5769
f 5675 5770 5674
f 5675 5771 5770
f 5676 5771 5675
f 5676 5772 5771
f 5677 5772 5676
f 5677 5773 5772
f 5678 5773 5677
f 5678 5774 5773
f 5679 5774 5678
f 5679 5775 5774
f 5680 5775 5679
f 5680 5776 5775
f 5681 5776 5680
f 5681 5777 5776
f 5682 5777 5681
f 5682 5778 5777
f 5683 5778 5682
f 5683 5779 5778
f 5684 5779 5683
f 5684 5780 5779
f 5685 5780 5684
f 5685 5781 5780
f 5686 5781 5685
f 5686 5782 5781
f 5687 5782 5686
f 5687 5783 5782
f 5688 5783 5687
f 5688 5784 5783
f 5689 5784 5688
f 5689 5785 5784
f 5690 5785 5689
f 5690 5786 5785
f 5691 5786 5690
f 5691 5787 5786
f 5692 5787 5691
f 5692 5788 5787
f 5693 5788 5692
f 5693 5789 5788
f 5694 5789 5693
f 5694 5790 5789
f 5697 5791 5696
f 5697 5792 5791
f 5698 5792 5697
f 5698 5793 5792
f 5699 5793 5698
f 5699 5794 5793
f 5700 5794 5699
f 5700 5795 5794
f 5701 5795 5700
f 5701 5796 5795
f 5702 5796 5701
f 5702 5797 5796
f 5703 5797 5702
f 5703 5798 5797
f 5704 5798 5703
f 5704 5799 5798
f 5705 5799 5704
f 5705 5800 5799
f 5706 5800 5705
f 5706 5801 5800
f 5707 5801 5706
f 5707 5802 5801
f 5708 5802 5707
f 5708 5803 5802
f 5709 5803 5708
f 5709 5804 5803
f 5710 5804 5709
f 5710 5805 5804
f 5711 5805 5710
f 5711 5806 5805
f 5712 5806 5711
f 5712 5807 5806
f 5713 5807 5712
f 5713 5808 5807
f 5714 5808 5713
f 5714 5809 5808
f 5715 5809 5714
f 5715 5810 5809
f 5716 5810 5715
f 5716 5811 5810
f 5717 5811 5716
f 5717 5812 5811
f 5718 5812 5717
f 5718 5813 5812
f 5719 5813 5718
f 5719 5814 5813
f 5720 5814 5719
f 5720 5815 5814
f 5721 5815 5720
f 5721 5816 5815
f 5722 5816 5721
f 5722 5817 5816
f 5723 5817 5722
f 5723 5818 5817
f 5724 5818 5723
f 5724 5819 5818
f 5725 5819 5724
f 5725 5820 5819
f 5726 5820 5725
f 5726 5821 5820
f 5727 5821 5726
f 5727 5822 5821
f 5728 5822 5727
f 5728 5823 5822
f 5729 5823 5728
f 5729 5824 5823
f 5730 5824 5729
f 5730 5825 5824
f 5731 5825 5730
f 5731 5826 5825
f 5732 5826 5731
f 5732 5827 5826
f 5733 5827 5732
f 5733 5828 5827
f 5734 5828 5733
f 5734 5829 5828
f 5735 5829 5734
f 5735 5830 5829
f 5736 5830 5735
f 5736 5831 5830
f 5737 5831 5736
f 5737 5832 5831
f 5738 5832 5737
f 5738 5833 5832
f 5739 5833 5738
f 5739 5834 5833
f 5740 5834 5739
f 5740 5835 5834
f 5741 5835 5740
f 5741 5836 5835
f 5742 5836 5741
f 5742 5837 5836
f 5743 5837 5742
f 5743 5838 5837
f 5744 5838 5743
f 5744 5839 5838
f 5745 5839 5744
f 5745 5840 5839
f 5746 5840 5745
f 5746 5841 5840
f 5747 5841 5746
f 5747 5842 5841
f 5748 5842 5747
f 5748 5843 5842
f 5749 5843 5748
f 5749 5844 5843
f 5750 5844 5749
f 5750 5845 5844
f 5751 5845 5750
f 5751 5846 5845
f 5752 5846 5751
f 5752 5847 5846
f 5753 5847 5752
f 5753 5848 5847
f 5754 5848 5753
f 5754 5849 5848
f 5755 5849 5754
f 5755 5850 5849
f 5756 5850 5755
f 5756 5851 5850
f 5757 5851 5756
f 5757 5852 5851
f 5758 5852 5757
f 5758 5853 5852
f 5760 5854 5759
f 5760 5855 5854
f 5761 5855 5760
f 5761 5856 5855
f 5762 5856 5761
f 5763 5858 5857
f 5764 5858 5763
f 5764 5859 5858
f 5765 5859 5764
f 5765 5860 5859
f 5766 5860 5765
f 5766 5861 5860
f 5767 5861 5766
f 5767 5862 5861
f 5768 5862 5767
f 5768 5863 5862
f 5769 5863 5768
f 5769 5864 5863
f 5770 5864 5769
f 5770 5865 5864
f 5771 5865 5770
f 5771 5866 5865
f 5772 5866 5771
f 5772 5867 5866
f 5773 5867 5772
f 5773 5868 5867
f 5774 5868 5773
f 5774 5869 5868
f 5775 5869 5774
f 5775 5870 5869
f 5776 5870 5775
f 5776 5871 5870
f 5777 5871 5776
f 5777 5872 5871
f 5778 5872 5777
f 5778 5873 5872
f 5779 5873 5778
f 5779 5874 5873
f 5780 5874 5779
f 5780 5875 5874
f 5781 5875 5780
f 5781 5876 5875
f 5782 5876 5781
f 5782 5877 5876
f 5783 5877 5782
f 5783 5878 5877
f 5784 5878 5783
f 5784 5879 5878
f 5785 5879 5784
f 5785 5880 5879
f 5786 5880 5785
f 5786 5881 5880
f 5787 5881 5786
f 5787 5882 5881
f 5788 5882 5787
f 5789 5884 5883
f 5790 5884 5789
f 5792 5885 5791
f 5792 5886 5885
f 5793 5886 5792
f 5793 5887 5886
f 5794 5887 5793
f 5794 5888 5887
f 5795 5888 5794
f 5795 5889 5888
f 5796 5889 5795
f 5796 5890 5889
f 5797 5890 5796
f 5797 5891 5890
f 5798 5891 5797
f 5798 5892 5891
f 5799 5892 5798
f 5799 5893 5892
f 5800 5893 5799
f 5800 5894 5893
f 5801 5894 5800
f 5801 5895 5894
f 5802 5895 5801
f 5802 5896 5895
f 5803 5896 5802
f 5803 5897 5896
f 5804 5897 5803
f 5804 5898 5897
f 5805 5898 5804
f 5805 5899 5898
f 5806 5899 5805
f 5806 5900 5899
f 5807 5900 5806
f 5807 5901 5900
f 5808 5901 5807
f 5808 5902 5901
f 5809 5902 5808
f 5809 5903 5902
f 5810 5903 5809
f 5810 5904 5903
f 5811 5904 5810
f 5811 5905 5904
f 5812 5905 5811
f 5812 5906 5905
f 5813 5906 5812
f 5813 5907 5906
f 5814 5907 5813
f 5814 5908 5907
f 5815 5908 5814
f 5815 5909 5908
f 5816 5909 5815
f 5816 5910 5909
f 5817 5910 5816
f 5817 5911 5910
f 5818 5911 5817
f 5818 5912 5911
f 5819 5912 5818
f 5819 5913 5912
f 5820 5913 5819
f 5820 5914 5913
f 5821 5914 5820
f 5821 5915 5914
f 5822 5915 5821
f 5822 5916 5915
f 5823 5916 5822
f 5823 5917 5916
f 5824 5917 5823
f 5824 5918 5917
f 5825 5918 5824
f 5825 5919 5918
f 5826 5919 5825
f 5826 5920 5919
f 5827 5920 5826
f 5827 5921 5920
f 5828 5921 5827
f 5828 5922 5921
f 5829 5922 5828
f 5829 5923 5922
f 5830 5923 5829
f 5830 5924 5923
f 5831 5924 5830
f 5831 5925 5924
f 5832 5925 5831
f 5832 5926 5925
f 5833 5926 5832
f 5833 5927 5926
f 5834 5927 5833
f 5834 5928 5927
f 5835 5928 5834
f 5835 5929 5928
f 5836 5929 5835
f 5836 5930 5929
f 5837 5930 5836
f 5837 5931 5930
f 5838 5931 5837
f 5838 5932 5931
f 5839 5932 5838
f 5839 5933 5932
f 5840 5933 5839
f 5840 5934 5933
f 5841 5934 5840
f 5841 5935 5934
f 5842 5935 5841
f 5842 5936 5935
f 5843 5936 5842
f 5843 5937 5936
f 5844 5937 5843
f 5844 5938 5937
f 5845 5938 5844
f 5845 5939 5938
f 5846 5939 5845
f 5846 5940 5939
f 5847 5940 5846
f 5847 5941 5940
f 5848 5941 5847
f 5848 5942 5941
f 5849 5942 5848
f 5849 5943 5942
f 5850 5943 5849
f 5850 5944 5943
f 5851 5944 5850
f 5851 5945 5944
f 5852 5945 5851
f 5852 5946 5945
f 5853 5946 5852
f 5853 5947 5946
f 5857 5951 5950
f 5858 5951 5857
f 5858 5952 5951
f 5859 5952 5858
f 5859 5953 5952
f 5860 5953 5859
f 5860 5954 5953
f 5861 5954 5860
f 5861 5955 5954
f 5862 5955 5861
f 5862 5956 5955
f 5863 5956 5862
f 5863 5957 5956
f 5864 5957 5863
f 5864 5958 5957
f 5865 5958 5864
f 5865 5959 5958
f 5866 5959 5865
f 5866 5960 5959
f 5867 5960 5866
f 5867 5961 5960
f 5868 5961 5867
f 5868 5962 5961
f 5869 5962 5868
f 5869 5963 5962
f 5870 5963 5869
f 5870 5964 5963
f 5871 5964 5870
f 5871 5965 5964
f 5872 5965 5871
f 5872 5966 5965
f 5873 5966 5872
f 5873 5967 5966
f 5874 5967 5873
f 5874 5968 5967
f 5875 5968 5874
f 5875 5969 5968
f 5876 5969 5875
f 5876 5970 5969
f 5877 5970 5876
f 5877 5971 5970
f 5878 5971 5877
f 5878 5972 5971
f 5879 5972 5878
f 5879 5973 5972
f 5880 5973 5879
f 5880 5974 5973
f 5881 5974 5880
f 5881 5975 5974
f 5882 5975 5881
f 5882 5976 5975
f 5883 5976 5882
f 5884 5977 5883
f 5886 5978 5885
f 5886 5979 5978
f 5887 5979 5886
f 5887 5980 5979
f 5888 5980 5887
f 5888 5981 5980
f 5889 5981 5888
f 5889 5982 5981
f 5890 5982 5889
f 5890 5983 5982
f 5891 5983 5890
f 5891 5984 5983
f 5892 5984 5891
f 5892 5985 5984
f 5893 5985 5892
f 5893 5986 5985
f 5894 5986 5893
f 5894 5987 5986
f 5895 5987 5894
f 5895 5988 5987
f 5896 5988 5895
f 5896 5989 5988
f 5897 5989 5896
f 5897 5990 5989
f 5898 5990 5897
f 5898 5991 5990
f 5899 5991 5898
f 5899 5992 5991
f 5900 5992 5899
f 5900 5993 5992
f 5901 5993 5900
f 5901 5994 5993
f 5902 5994 5901
f 5902 5995 5994
f 5903 5995 5902
f 5903 5996 5995
f 5904 5996 5903
f 5904 5997 5996
f 5905 5997 5904
f 5905 5998 5997
f 5906 5998 5905
f 5906 5999 5998
f 5907 5999 5906
f 5907 6000 5999
f 5908 6000 5907
f 5908 6001 6000
f 5909 6001 5908
f 5909 6002 6001
f 5910 6002 5909
f 5910 6003 6002
f 5911 6003 5910
f 5911 6004 6003
f 5912 6004 5911
f 5912 6005 6004
f 5913 6005 5912
f 5913 6006 6005
f 5914 6006 5913
f 5914 6007 6006
f 5915 6007 5914
f 5915 6008 6007
f 5916 6008 5915
f 5916 6009 6008
f 5917 6009 5916
f 5917 6010 6009
f 5918 6010 5917
f 5918 6011 6010
f 5919 6011 5918
f 5919 6012 6011
f 5920 6012 5919
f 5920 6013 6012
f 5921 6013 5920
f 5921 6014 6013
f 5922 6014 5921
f 5922 6015 6014
f 5923 6015 5922
f 5923 6016 6015
f 5924 6016 5923
f 5924 6017 6016
f 5925 6017 5924
f 5925 6018 6017
f 5926 6018 5925
f 5926 6019 6018
f 5927 6019 5926
f 5927 6020 6019
f 5928 6020 5927
f 5928 6021 6020
f 5929 6021 5928
f 5929 6022 6021
f 5930 6022 5929
f 5930 6023 6022
f 5931 6023 5930
f 5931 6024 6023
f 5932 6024 5931
f 5932 6025 6024
f 5933 6025 5932
f 5933 6026 6025
f 5934 6026 5933
f 5934 6027 6026
f 5935 6027 5934
f 5935 6028 6027
f 5936 6028 5935
f 5936 6029 6028
f 5937 6029 5936
f 5937 6030 6029
f 5938 6030 5937
f 5938 6031 6030
f 5939 6031 5938
f 5939 6032 6031
f 5940 6032 5939
f 5940 6033 6032
f 5941 6033 5940
f 5941 6034 6033
f 5942 6034 5941
f 5942 6035 6034
f 5943 6035 5942
f 5943 6036 6035
f 5944 6036 5943
f 5944 6037 6036
f 5945 6037 5944
f 5945 6038 6037
f 5946 6038 5945
f 5946 6039 6038
f 5947 6039 5946
f 5947 6040 6039
f 5949 6041 5948
f 5949 6042 6041
f 5950 6042 5949
f 5950 6043 6042
f 5951 6043 5950
f 5951 6044 6043
f 5952 6044 5951
f 5952 6045 6044
f 5953 6045 5952
f 5953 6046 6045
f 5954 6046 5953
f 5954 6047 6046
f 5955 6047 5954
f 5955 6048 6047
f 5956 6048 5955
f 5956 6049 6048
f 5957 6049 5956
f 5957 6050 6049
f 5958 6050 5957
f 5958 6051 6050
f 5959 6051 5958
f 5959 6052 6051
f 5960 6052 5959
f 5960 6053 6052
f 5961 6053 5960
f 5961 6054 6053
f 5962 6054 5961
f 5962 6055 6054
f 5963 6055 5962
f 5963 6056 6055
f 5964 6056 5963
f 5964 6057 6056
f 5965 6057 5964
f 5965 6058 6057
f 5966 6058 5965
f 5966 6059 6058
f 5967 6059 5966
f 5967 6060 6059
f 5968 6060 5967
f 5968 6061 6060
f 5969 6061 5968
f 5969 6062 6061
f 5970 6062 5969
f 5970 6063 6062
f 5971 6063 5970
f 5971 6064 6063
f 5972 6064 5971
f 5972 6065 6064
f 5973 6065 5972
f 5973 6066 6065
f 5974 6066 5973
f 5974 6067 6066
f 5975 6067 5974
f 5975 6068 6067
f 5976 6068 5975
f 5976 6069 6068
f 5979 6081 5978
f 5979 6082 6081
f 5980 6082 5979
f 5980 6083 6082
f 5981 6083 5980
f 5981 6084 6083
f 5982 6084 5981
f 5982 6085 6084
f 5983 6085 5982
f 5983 6086 6085
f 5984 6086 5983
f 5984 6087 6086
f 5985 6087 5984
f 5985 6088 6087
f 5986 6088 5985
f 5986 6089 6088
f 5987 6089 5986
f 5987 6090 6089
f 5988 6090 5987
f 5988 6091 6090
f 5989 6091 5988
f 5989 6092 6091
f 5990 6092 5989
f 5990 6093 6092
f 5991 6093 5990
f 5991 6094 6093
f 5992 6094 5991
f 5992 6095 6094
f 5993 6095 5992
f 5993 6096 6095
f 5994 6096 5993
f 5994 6097 6096
f 5995 6097 5994
f 5995 6098 6097
f 5996 6098 5995
f 5996 6099 6098
f 5997 6099 5996
f 5997 6100 6099
f 5998 6100 5997
f 5998 6101 6100
f 5999 6101 5998
f 5999 6102 6101
f 6000 6102 5999
f 6000 6103 6102
f 6001 6103 6000
f 6001 6104 6103
f 6002 6104 6001
f 6002 6105 6104
f 6003 6105 6002
f 6003 6106 6105
f 6004 6106 6003
f 6004 6107 6106
f 6005 6107 6004
f 6005 6108 6107
f 6006 6108 6005
f 6006 6109 6108
f 6007 6109 6006
f 6007 6110 6109
f 6008 6110 6007
f 6008 6111 6110
f 6009 6111 6008
f 6009 6112 6111
f 6010 6112 6009
f 6010 6113 6112
f 6011 6113 6010
f 6011 6114 6113
f 6012 6114 6011
f 6012 6115 6114
f 6013 6115 6012
f 6013 6116 6115
f 6014 6116 6013
f 6014 6117 6116
f 6015 6117 6014
f 6015 6118 6117
f 6016 6118 6015
f 6016 6119 6118
f 6017 6119 6016
f 6017 6120 6119
f 6018 6120 6017
f 6018 6121 6120
f 6019 6121 6018
f 6019 6122 6121
f 6020 6122 6019
f 6020 6123 6122
f 6021 6123 6020
f 6021 6124 6123
f 6022 6124 6021
f 6022 6125 6124
f 6023 6125 6022
f 6023 6126 6125
f 6024 6126 6023
f 6024 6127 6126
f 6025 6127 6024
f 6025 6128 6127
f 6026 6128 6025
f 6026 6129 6128
f 6027 6129 6026
f 6027 6130 6129
f 6028 6130 6027
f 6028 6131 6130
f 6029 6131 6028
f 6029 6132 6131
f 6030 6132 6029
f 6030 6133 6132
f 6031 6133 6030
f 6031 6134 6133
f 6032 6134 6031
f 6032 6135 6134
f 6033 6135 6032
f 6033 6136 6135
f 6034 6136 6033
f 6034 6137 6136
f 6035 6137 6034
f 6035 6138 6137
f 6036 6138 6035
f 6036 6139 6138
f 6037 6139 6036
f 6037 6140 6139
f 6038 6140 6037
f 6038 6141 6140
f 6039 6141 6038
f 6039 6142 6141
f 6040 6142 6039
f 6040 6143 6142
f 6042 6144 6041
f 6042 6145 6144
f 6043 6145 6042
f 6043 6146 6145
f 6044 6146 6043
f 6044 6147 6146
f 6045 6147 6044
f 6045 6148 6147
f 6046 6148 6045
f 6046 6149 6148
f 6047 6149 6046
f 6047 6150 6149
f 6048 6150 6047
f 6048 6151 6150
f 6049 6151 6048
f 6049 6152 6151
f 6050 6152 6049
f 6050 6153 6152
f 6051 6153 6050
f 6051 6154 6153
f 6052 6154 6051
f 6052 6155 6154
f 6053 6155 6052
f 6053 6156 6155
f 6054 6156 6053
f 6054 6157 6156
f 6055 6157 6054
f 6055 6158 6157
f 6056 6158 6055
f 6056 6159 6158
f 6057 6159 6056
f 6057 6160 6159
f 6058 6160 6057
f 6058 6161 6160
f 6059 6161 6058
f 6059 6162 6161
f 6060 6162 6059
f 6060 6163 6162
f 6061 6163 6060
f 6061 6164 6163
f 6062 6164 6061
f 6062 6165 6164
f 6063 6165 6062
f 6063 6166 6165
f 6064 6166 6063
f 6064 6167 6166
f 6065 6167 6064
f 6065 6168 6167
f 6066 6168 6065
f 6066 6169 6168
f 6067 6169 6066
f 6067 6170 6169
f 6068 6170 6067
f 6068 6171 6170
f 6069 6171 6068
f 6069 6172 6171
f 6070 6174 6173
f 6071 6174 6070
f 6071 6175 6174
f 6072 6175 6071
f 6072 6176 6175
f 6073 6176 6072
f 6073 6177 6176
f 6074 6177 6073
f 6074 6178 6177
f 6075 6178 6074
f 6075 6179 6178
f 6076 6179 6075
f 6076 6180 6179
f 6077 6180 6076
f 6077 6181 6180
f 6078 6181 6077
f 6078 6182 6181
f 6079 6182 6078
f 6079 6183 6182
f 6080 6183 6079
f 6080 6184 6183
f 6082 6193 6081
f 6082 6194 6193
f 6083 6194 6082
f 6083 6195 6194
f 6084 6195 6083
f 6084 6196 6195
f 6085 6196 6084
f 6085 6197 6196
f 6086 6197 6085
f 6086 6198 6197
f 6087 6198 6086
f 6087 6199 6198
f 6088 6199 6087
f 6088 6200 6199
f 6089 6200 6088
f 6089 6201 6200
f 6090 6201 6089
f 6090 6202 6201
f 6091 6202 6090
f 6091 6203 6202
f 6092 6203 6091
f 6092 6204 6203
f 6093 6204 6092
f 6093 6205 6204
f 6094 6205 6093
f 6094 6206 6205
f 6095 6206 6094
f 6095 6207 6206
f 6096 6207 6095
f 6096 6208 6207
f 6097 6208 6096
f 6097 6209 6208
f 6098 6209 6097
f 6098 6210 6209
f 6099 6210 6098
f 6099 6211 6210
f 6100 6211 6099
f 6100 6212 6211
f 6101 6212 6100
f 6101 6213 6212
f 6102 6213 6101
f 6102 6214 6213
f 6103 6214 6102
f 6103 6215 6214
f 6104 6215 6103
f 6104 6216 6215
f 6105 6216 6104
f 6105 6217 6216
f 6106 6217 6105
f 6106 6218 6217
f 6107 6218 6106
f 6107 6219 6218
f 6108 6219 6107
f 6108 6220 6219
f 6109 6220 6108
f 6109 6221 6220
f 6110 6221 6109
f 6110 6222 6221
f 6111 6222 6110
f 6111 6223 6222
f 6112 6223 6111
f 6112 6224 6223
f 6113 6224 6112
f 6113 6225 6224
f 6114 6225 6113
f 6114 6226 6225
f 6115 6226 6114
f 6115 6227 6226
f 6116 6227 6115
f 6116 6228 6227
f 6117 6228 6116
f 6117 6229 6228
f 6118 6229 6117
f 6118 6230 6229
f 6119 6230 6118
f 6119 6231 6230
f 6120 6231 6119
f 6120 6232 6231
f 6121 6232 6120
f 6121 6233 6232
f 6122 6233 6121
f 6122 6234 6233
f 6123 6234 6122
f 6123 6235 6234
f 6124 6235 6123
f 6124 6236 6235
f 6125 6236 6124
f 6125 6237 6236
f 6126 6237 6125
f 6126 6238 6237
f 6127 6238 6126
f 6127 6239 6238
f 6128 6239 6127
f 6128 6240 6239
f 6129 6240 6128
f 6129 6241 6240
f 6130 6241 6129
f 6130 6242 6241
f 6131 6242 6130
f 6131 6243 6242
f 6132 6243 6131
f 6132 6244 6243
f 6133 6244 6132
f 6133 6245 6244
f 6134 6245 6133
f 6134 6246 6245
f 6135 6246 6134
f 6135 6247 6246
f 6136 6247 6135
f 6136 6248 6247
f 6137 6248 6136
f 6137 6249 6248
f 6138 6249 6137
f 6138 6250 6249
f 6139 6250 6138
f 6139 6251 6250
f 6140 6251 6139
f 6140 6252 6251
f 6141 6252 6140
f 6141 6253 6252
f 6142 6253 6141
f 6142 6254 6253
f 6143 6254 6142
f 6144 6256 6255
f 6145 6256 6144
f 6145 6257 6256
f 6146 6257 6145
f 6146 6258 6257
f 6147 6258 6146
f 6147 6259 6258
f 6148 6259 6147
f 6148 6260 6259
f 6149 6260 6148
f 6149 6261 6260
f 6150 6261 6149
f 6150 6262 6261
f 6151 6262 6150
f 6151 6263 6262
f 6152 6263 6151
f 6152 6264 6263
f 6153 6264 6152
f 6153 6265 6264
f 6154 6265 6153
f 6154 6266 6265
f 6155 6266 6154
f 6155 6267 6266
f 6156 6267 6155
f 6156 6268 6267
f 6157 6268 6156
f 6157 6269 6268
f 6158 6269 6157
f 6158 6270 6269
f 6159 6270 6158
f 6159 6271 6270
f 6160 6271 6159
f 6160 6272 6271
f 6161 6272 6160
f 6161 6273 6272
f 6162 6273 6161
f 6162 6274 6273
f 6163 6274 6162
f 6163 6275 6274
f 6164 6275 6163
f 6164 6276 6275
f 6165 6276 6164
f 6165 6277 6276
f 6166 6277 6165
f 6166 6278 6277
f 6167 6278 6166
f 6167 6279 6278
f 6168 6279 6167
f 6168 6280 6279
f 6169 6280 6168
f 6169 6281 6280
f 6170 6281 6169
f 6170 6282 6281
f 6171 6282 6170
f 6171 6283 6282
f 6172 6283 6171
f 6174 6284 6173
f 6174 6285 6284
f 6175 6285 6174
f 6175 6286 6285
f 6176 6286 6175
f 6176 6287 6286
f 6177 6287 6176
f 6177 6288 6287
f 6178 6288 6177
f 6178 6289 6288
f 6179 6289 6178
f 6179 6290 6289
f 6180 6290 6179
f 6180 6291 6290
f 6181 6291 6180
f 6181 6292 6291
f 6182 6292 6181
f 6182 6293 6292
f 6183 6293 6182
f 6183 6294 6293
f 6184 6294 6183
f 6184 6295 6294
f 6185 6295 6184
f 6185 6296 6295
f 6186 6296 6185
f 6186 6297 6296
f 6187 6297 6186
f 6187 6298 6297
f 6188 6298 6187
f 6188 6299 6298
f 6189 6299 6188
f 6189 6300 6299
f 6190 6300 6189
f 6190 6301 6300
f 6191 6301 6190
f 6191 6302 6301
f 6192 6302 6191
f 6192 6303 6302
f 6194 6306 6193
f 6194 6307 6306
f 6195 6307 6194
f 6195 6308 6307
f 6196 6308 6195
f 6196 6309 6308
f 6197 6309 6196
f 6197 6310 6309
f 6198 6310 6197
f 6198 6311 6310
f 6199 6311 6198
f 6199 6312 6311
f 6200 6312 6199
f 6200 6313 6312
f 6201 6313 6200
f 6201 6314 6313
f 6202 6314 6201
f 6202 6315 6314
f 6203 6315 6202
f 6203 6316 6315
f 6204 6316 6203
f 6204 6317 6316
f 6205 6317 6204
f 6205 6318 6317
f 6206 6318 6205
f 6206 6319 6318
f 6207 6319 6206
f 6207 6320 6319
f 6208 6320 6207
f 6208 6321 6320
f 6209 6321 6208
f 6209 6322 6321
f 6210 6322 6209
f 6210 6323 6322
f 6211 6323 6210
f 6211 6324 6323
f 6212 6324 6211
f 6212 6325 6324
f 6213 6325 6212
f 6213 6326 6325
f 6214 6326 6213
f 6214 6327 6326
f 6215 6327 6214
f 6215 6328 6327
f 6216 6328 6215
f 6216 6329 6328
f 6217 6329 6216
f 6217 6330 6329
f 6218 6330 6217
f 6218 6331 6330
f 6219 6331 6218
f 6219 6332 6331
f 6220 6332 6219
f 6220 6333 6332
f 6221 6333 6220
f 6221 6334 6333
f 6222 6334 6221
f 6222 6335 6334
f 6223 6335 6222
f 6223 6336 6335
f 6224 6336 6223
f 6224 6337 6336
f 6225 6337 6224
f 6225 6338 6337
f 6226 6338 6225
f 6226 6339 6338
f 6227 6339 6226
f 6227 6340 6339
f 6228 6340 6227
f 6228 6341 6340
f 6229 6341 6228
f 6229 6342 6341
f 6230 6342 6229
f 6230 6343 6342
f 6231 6343 6230
f 6231 6344 6343
f 6232 6344 6231
f 6232 6345 6344
f 6233 6345 6232
f 6233 6346 6345
f 6234 6346 6233
f 6234 6347 6346
f 6235 6347 6234
f 6235 6348 6347
f 6236 6348 6235
f 6236 6349 6348
f 6237 6349 6236
f 6237 6350 6349
f 6238 6350 6237
f 6238 6351 6350
f 6239 6351 6238
f 6239 6352 6351
f 6240 6352 6239
f 6240 6353 6352
f 6241 6353 6240
f 6241 6354 6353
f 6242 6354 6241
f 6242 6355 6354
f 6243 6355 6242
f 6243 6356 6355
f 6244 6356 6243
f 6244 6357 6356
f 6245 6357 6244
f 6245 6358 6357
f 6246 6358 6245
f 6246 6359 6358
f 6247 6359 6246
f 6247 6360 6359
f 6248 6360 6247
f 6248 6361 6360
f 6249 6361 6248
f 6249 6362 6361
f 6250 6362 6249
f 6250 6363 6362
f 6251 6363 6250
f 6251 6364 6363
f 6252 6364 6251
f 6252 6365 6364
f 6253 6365 6252
f 6253 6366 6365
f 6254 6366 6253
f 6254 6367 6366
f 6256 6368 6255
f 6256 6369 6368
f 6257 6369 6256
f 6257 6370 6369
f 6258 6370 6257
f 6258 6371 6370
f 6259 6371 6258
f 6259 6372 6371
f 6260 6372 6259
f 6260 6373 6372
f 6261 6373 6260
f 6261 6374 6373
f 6262 6374 6261
f 6262 6375 6374
f 6263 6375 6262
f 6263 6376 6375
f 6264 6376 6263
f 6264 6377 6376
f 6265 6377 6264
f 6265 6378 6377
f 6266 6378 6265
f 6266 6379 6378
f 6267 6379 6266
f 6267 6380 6379
f 6268 6380 6267
f 6268 6381 6380
f 6269 6381 6268
f 6269 6382 6381
f 6270 6382 6269
f 6270 6383 6382
f 6271 6383 6270
f 6271 6384 6383
f 6272 6384 6271
f 6272 6385 6384
f 6273 6385 6272
f 6273 6386 6385
f 6274 6386 6273
f 6274 6387 6386
f 6275 6387 6274
f 6275 6388 6387
f 6276 6388 6275
f 6276 6389 6388
f 6277 6389 6276
f 6277 6390 6389
f 6278 6390 6277
f 6278 6391 6390
f 6279 6391 6278
f 6279 6392 6391
f 6280 6392 6279
f 6280 6393 6392
f 6281 6393 6280
f 6281 6394 6393
f 6282 6394 6281
f 6282 6395 6394
f 6283 6395 6282
f 6283 6396 6395
f 6284 6398 6397
f 6285 6398 6284
f 6285 6399 6398
f 6286 6399 6285
f 6286 6400 6399
f 6287 6400 6286
f 6287 6401 6400
f 6288 6401 6287
f 6288 6402 6401
f 6289 6402 6288
f 6289 6403 6402
f 6290 6403 6289
f 6290 6404 6403
f 6291 6404 6290
f 6291 6405 6404
f 6292 6405 6291
f 6292 6406 6405
f 6293 6406 6292
f 6293 6407 6406
f 6294 6407 6293
f 6294 6408 6407
f 6295 6408 6294
f 6295 6409 6408
f 6296 6409 6295
f 6296 6410 6409
f 6297 6410 6296
f 6297 6411 6410
f 6298 6411 6297
f 6298 6412 6411
f 6299 6412 6298
f 6299 6413 6412
f 6300 6413 6299
f 6300 6414 6413
f 6301 6414 6300
f 6301 6415 6414
f 6302 6415 6301
f 6302 6416 6415
f 6303 6416 6302
f 6303 6417 6416
f 6304 6417 6303
f 6304 6418 6417
f 6305 6418 6304
f 6305 6419 6418
f 6307 6421 6306
f 6307 6422 6421
f 6308 6422 6307
f 6308 6423 6422
f 6309 6423 6308
f 6309 6424 6423
f 6310 6424 6309
f 6310 6425 6424
f 6311 6425 6310
f 6311 6426 6425
f 6312 6426 6311
f 6312 6427 6426
f 6313 6427 6312
f 6313 6428 6427
f 6314 6428 6313
f 6314 6429 6428
f 6315 6429 6314
f 6315 6430 6429
f 6316 6430 6315
f 6316 6431 6430
f 6317 6431 6316
f 6317 6432 6431
f 6318 6432 6317
f 6318 6433 6432
f 6319 6433 6318
f 6319 6434 6433
f 6320 6434 6319
f 6320 6435 6434
f 6321 6435 6320
f 6321 6436 6435
f 6322 6436 6321
f 6322 6437 6436
f 6323 6437 6322
f 6323 6438 6437
f 6324 6438 6323
f 6324 6439 6438
f 6325 6439 6324
f 6325 6440 6439
f 6326 6440 6325
f 6326 6441 6440
f 6327 6441 6326
f 6327 6442 6441
f 6328 6442 6327
f 6328 6443 6442
f 6329 6443 6328
f 6329 6444 6443
f 6330 6444 6329
f 6330 6445 6444
f 6331 6445 6330
f 6331 6446 6445
f 6332 6446 6331
f 6332 6447 6446
f 6333 6447 6332
f 6333 6448 6447
f 6334 6448 6333
f 6334 6449 6448
f 6335 6449 6334
f 6335 6450 6449
f 6336 6450 6335
f 6336 6451 6450
f 6337 6451 6336
f 6337 6452 6451
f 6338 6452 6337
f 6338 6453 6452
f 6339 6453 6338
f 6339 6454 6453
f 6340 6454 6339
f 6340 6455 6454
f 6341 6455 6340
f 6341 6456 6455
f 6342 6456 6341
f 6342 6457 6456
f 6343 6457 6342
f 6343 6458 6457
f 6344 6458 6343
f 6344 6459 6458
f 6345 6459 6344
f 6345 6460 6459
f 6346 6460 6345
f 6346 6461 6460
f 6347 6461 6346
f 6347 6462 6461
f 6348 6462 6347
f 6348 6463 6462
f 6349 6463 6348
f 6349 6464 6463
f 6350 6464 6349
f 6350 6465 6464
f 6351 6465 6350
f 6351 6466 6465
f 6352 6466 6351
f 6352 6467 6466
f 6353 6467 6352
f 6353 6468 6467
f 6354 6468 6353
f 6354 6469 6468
f 6355 6469 6354
f 6355 6470 6469
f 6356 6470 6355
f 6356 6471 6470
f 6357 6471 6356
f 6357 6472 6471
f 6358 6472 6357
f 6358 6473 6472
f 6359 6473 6358
f 6359 6474 6473
f 6360 6474 6359
f 6360 6475 6474
f 6361 6475 6360
f 6361 6476 6475
f 6362 6476 6361
f 6362 6477 6476
f 6363 6477 6362
f 6363 6478 6477
f 6364 6478 6363
f 6364 6479 6478
f 6365 6479 6364
f 6365 6480 6479
f 6366 6480 6365
f 6366 6481 6480
f 6367 6481 6366
f 6368 6483 6482
f 6369 6483 6368
f 6369 6484 6483
f 6370 6484 6369
f 6370 6485 6484
f 6371 6485 6370
f 6371 6486 6485
f 6372 6486 6371
f 6372 6487 6486
f 6373 6487 6372
f 6373 6488 6487
f 6374 6488 6373
f 6374 6489 6488
f 6375 6489 6374
f 6375 6490 6489
f 6376 6490 6375
f 6376 6491 6490
f 6377 6491 6376
f 6377 6492 6491
f 6378 6492 6377
f 6378 6493 6492
f 6379 6493 6378
f 6379 6494 6493
f 6380 6494 6379
f 6380 6495 6494
f 6381 6495 6380
f 6381 6496 6495
f 6382 6496 6381
f 6382 6497 6496
f 6383 6497 6382
f 6383 6498 6497
f 6384 6498 6383
f 6384 6499 6498
f 6385 6499 6384
f 6385 6500 6499
f 6386 6500 6385
f 6386 6501 6500
f 6387 6501 6386
f 6387 6502 6501
f 6388 6502 6387
f 6388 6503 6502
f 6389 6503 6388
f 6389 6504 6503
f 6390 6504 6389
f 6390 6505 6504
f 6391 6505 6390
f 6391 6506 6505
f 6392 6506 6391
f 6392 6507 6506
f 6393 6507 6392
f 6393 6508 6507
f 6394 6508 6393
f 6394 6509 6508
f 6395 6509 6394
f 6395 6510 6509
f 6396 6510 6395
f 6397 6512 6511
f 6398 6512 6397
f 6398 6513 6512
f 6399 6513 6398
f 6399 6514 6513
f 6400 6514 6399
f 6400 6515 6514
f 6401 6515 6400
f 6401 6516 6515
f 6402 6516 6401
f 6402 6517 6516
f 6403 6517 6402
f 6403 6518 6517
f 6404 6518 6403
f 6404 6519 6518
f 6405 6519 6404
f 6405 6520 6519
f 6406 6520 6405
f 6406 6521 6520
f 6407 6521 6406
f 6407 6522 6521
f 6408 6522 6407
f 6408 6523 6522
f 6409 6523 6408
f 6409 6524 6523
f 6410 6524 6409
f 6410 6525 6524
f 6411 6525 6410
f 6411 6526 6525
f 6412 6526 6411
f 6412 6527 6526
f 6413 6527 6412
f 6413 6528 6527
f 6414 6528 6413
f 6414 6529 6528
f 6415 6529 6414
f 6415 6530 6529
f 6416 6530 6415
f 6416 6531 6530
f 6417 6531 6416
f 6417 6532 6531
f 6418 6532 6417
f 6418 6533 6532
f 6419 6533 6418
f 6419 6534 6533
f 6420 6534 6419
f 6420 6535 6534
f 6422 6536 6421
f 6422 6537 6536
f 6423 6537 6422
f 6423 6538 6537
f 6424 6538 6423
f 6424 6539 6538
f 6425 6539 6424
f 6425 6540 6539
f 6426 6540 6425
f 6426 6541 6540
f 6427 6541 6426
f 6427 6542 6541
f 6428 6542 6427
f 6428 6543 6542
f 6429 6543 6428
f 6429 6544 6543
f 6430 6544 6429
f 6430 6545 6544
f 6431 6545 6430
f 6431 6546 6545
f 6432 6546 6431
f 6432 6547 6546
f 6433 6547 6432
f 6433 6548 6547
f 6434 6548 6433
f 6434 6549 6548
f 6435 6549 6434
f 6435 6550 6549
f 6436 6550 6435
f 6436 6551 6550
f 6437 6551 6436
f 6437 6552 6551
f 6438 6552 6437
f 6438 6553 6552
f 6439 6553 6438
f 6439 6554 6553
f 6440 6554 6439
f 6440 6555 6554
f 6441 6555 6440
f 6441 6556 6555
f 6442 6556 6441
f 6442 6557 6556
f 6443 6557 6442
f 6443 6558 6557
f 6444 6558 6443
f 6444 6559 6558
f 6445 6559 6444
f 6445 6560 6559
f 6446 6560 6445
f 6446 6561 6560
f 6447 6561 6446
f 6447 6562 6561
f 6448 6562 6447
f 6448 6563 6562
f 6449 6563 6448
f 6449 6564 6563
f 6450 6564 6449
f 6450 6565 6564
f 6451 6565 6450
f 6451 6566 6565
f 6452 6566 6451
f 6452 6567 6566
f 6453 6567 6452
f 6453 6568 6567
f 6454 6568 6453
f 6454 6569 6568
f 6455 6569 6454
f 6455 6570 6569
f 6456 6570 6455
f 6456 6571 6570
f 6457 6571 6456
f 6457 6572 6571
f 6458 6572 6457
f 6458 6573 6572
f 6459 6573 6458
f 6459 6574 6573
f 6460 6574 6459
f 6460 6575 6574
f 6461 6575 6460
f 6461 6576 6575
f 6462 6576 6461
f 6462 6577 6576
f 6463 6577 6462
f 6463 6578 6577
f 6464 6578 6463
f 6464 6579 6578
f 6465 6579 6464
f 6465 6580 6579
f 6466 6580 6465
f 6466 6581 6580
f 6467 6581 6466
f 6467 6582 6581
f 6468 6582 6467
f 6468 6583 6582
f 6469 6583 6468
f 6469 6584 6583
f 6470 6584 6469
f 6470 6585 6584
f 6471 6585 6470
f 6471 6586 6585
f 6472 6586 6471
f 6472 6587 6586
f 6473 6587 6472
f 6473 6588 6587
f 6474 6588 6473
f 6474 6589 6588
f 6475 6589 6474
f 6475 6590 6589
f 6476 6590 6475
f 6476 6591 6590
f 6477 6591 6476
f 6477 6592 6591
f 6478 6592 6477
f 6478 6593 6592
f 6479 6593 6478
f 6479 6594 6593
f 6480 6594 6479
f 6480 6595 6594
f 6481 6595 6480
f 6483 6597 6482
f 6483 6598 6597
f 6484 6598 6483
f 6484 6599 6598
f 6485 6599 6484
f 6485 6600 6599
f 6486 6600 6485
f 6486 6601 6600
f 6487 6601 6486
f 6487 6602 6601
f 6488 6602 6487
f 6488 6603 6602
f 6489 6603 6488
f 6489 6604 6603
f 6490 6604 6489
f 6490 6605 6604
f 6491 6605 6490
f 6491 6606 6605
f 6492 6606 6491
f 6492 6607 6606
f 6493 6607 6492
f 6493 6608 6607
f 6494 6608 6493
f 6494 6609 6608
f 6495 6609 6494
f 6495 6610 6609
f 6496 6610 6495
f 6496 6611 6610
f 6497 6611 6496
f 6497 6612 6611
f 6498 6612 6497
f 6498 6613 6612
f 6499 6613 6498
f 6499 6614 6613
f 6500 6614 6499
f 6500 6615 6614
f 6501 6615 6500
f 6501 6616 6615
f 6502 6616 6501
f 6502 6617 6616
f 6503 6617 6502
f 6503 6618 6617
f 6504 6618 6503
f 6504 6619 6618
f 6505 6619 6504
f 6505 6620 6619
f 6506 6620 6505
f 6506 6621 6620
f 6507 6621 6506
f 6507 6622 6621
f 6508 6622 6507
f 6508 6623 6622
f 6509 6623 6508
f 6509 6624 6623
f 6510 6624 6509
f 6510 6625 6624
f 6512 6626 6511
f 6512 6627 6626
f 6513 6627 6512
f 6513 6628 6627
f 6514 6628 6513
f 6514 6629 6628
f 6515 6629 6514
f 6515 6630 6629
f 6516 6630 6515
f 6516 6631 6630
f 6517 6631 6516
f 6517 6632 6631
f 6518 6632 6517
f 6518 6633 6632
f 6519 6633 6518
f 6519 6634 6633
f 6520 6634 6519
f 6520 6635 6634
f 6521 6635 6520
f 6521 6636 6635
f 6522 6636 6521
f 6522 6637 6636
f 6523 6637 6522
f 6523 6638 6637
f 6524 6638 6523
f 6524 6639 6638
f 6525 6639 6524
f 6525 6640 6639
f 6526 6640 6525
f 6526 6641 6640
f 6527 6641 6526
f 6527 6642 6641
f 6528 6642 6527
f 6528 6643 6642
f 6529 6643 6528
f 6529 6644 6643
f 6530 6644 6529
f 6530 6645 6644
f 6531 6645 6530
f 6531 6646 6645
f 6532 6646 6531
f 6532 6647 6646
f 6533 6647 6532
f 6533 6648 6647
f 6534 6648 6533
f 6534 6649 6648
f 6535 6649 6534
f 6537 6650 6536
f 6537 6651 6650
f 6538 6651 6537
f 6538 6652 6651
f 6539 6652 6538
f 6539 6653 6652
f 6540 6653 6539
f 6540 6654 6653
f 6541 6654 6540
f 6541 6655 6654
f 6542 6655 6541
f 6542 6656 6655
f 6543 6656 6542
f 6543 6657 6656
f 6544 6657 6543
f 6544 6658 6657
f 6545 6658 6544
f 6545 6659 6658
f 6546 6659 6545
f 6546 6660 6659
f 6547 6660 6546
f 6547 6661 6660
f 6548 6661 6547
f 6548 6662 6661
f 6549 6662 6548
f 6549 6663 6662
f 6550 6663 6549
f 6550 6664 6663
f 6551 6664 6550
f 6551 6665 6664
f 6552 6665 6551
f 6552 6666 6665
f 6553 6666 6552
f 6553 6667 6666
f 6554 6667 6553
f 6554 6668 6667
f 6555 6668 6554
f 6555 6669 6668
f 6556 6669 6555
f 6556 6670 6669
f 6557 6670 6556
f 6557 6671 6670
f 6558 6671 6557
f 6558 6672 6671
f 6559 6672 6558
f 6559 6673 6672
f 6560 6673 6559
f 6560 6674 6673
f 6561 6674 6560
f 6561 6675 6674
f 6562 6675 6561
f 6562 6676 6675
f 6563 6676 6562
f 6563 6677 6676
f 6564 6677 6563
f 6564 6678 6677
f 6565 6678 6564
f 6565 6679 6678
f 6566 6679 6565
f 6566 6680 6679
f 6567 6680 6566
f 6567 6681 6680
f 6568 6681 6567
f 6568 6682 6681
f 6569 6682 6568
f 6569 6683 6682
f 6570 6683 6569
f 6570 6684 6683
f 6571 6684 6570
f 6571 6685 6684
f 6572 6685 6571
f 6572 6686 6685
f 6573 6686 6572
f 6573 6687 6686
f 6574 6687 6573
f 6574 6688 6687
f 6575 6688 6574
f 6575 6689 6688
f 6576 6689 6575
f 6576 6690 6689
f 6577 6690 6576
f 6577 6691 6690
f 6578 6691 6577
f 6578 6692 6691
f 6579 6692 6578
f 6579 6693 6692
f 6580 6693 6579
f 6580 6694 6693
f 6581 6694 6580
f 6581 6695 6694
f 6582 6695 6581
f 6582 6696 6695
f 6583 6696 6582
f 6583 6697 6696
f 6584 6697 6583
f 6584 6698 6697
f 6585 6698 6584
f 6585 6699 6698
f 6586 6699 6585
f 6586 6700 6699
f 6587 6700 6586
f 6587 6701 6700
f 6588 6701 6587
f 6588 6702 6701
f 6589 6702 6588
f 6589 6703 6702
f 6590 6703 6589
f 6590 6704 6703
f 6591 6704 6590
f 6591 6705 6704
f 6592 6705 6591
f 6592 6706 6705
f 6593 6706 6592
f 6593 6707 6706
f 6594 6707 6593
f 6594 6708 6707
f 6595 6708 6594
f 6595 6709 6708
f 6596 6709 6595
f 6597 6711 6710
f 6598 6711 6597
f 6598 6712 6711
f 6599 6712 6598
f 6599 6713 6712
f 6600 6713 6599
f 6600 6714 6713
f 6601 6714 6600
f 6601 6715 6714
f 6602 6715 6601
f 6602 6716 6715
f 6603 6716 6602
f 6603 6717 6716
f 6604 6717 6603
f 6604 6718 6717
f 6605 6718 6604
f 6605 6719 6718
f 6606 6719 6605
f 6606 6720 6719
f 6607 6720 6606
f 6607 6721 6720
f 6608 6721 6607
f 6608 6722 6721
f 6609 6722 6608
f 6609 6723 6722
f 6610 6723 6609
f 6610 6724 6723
f 6611 6724 6610
f 6611 6725 6724
f 6612 6725 6611
f 6612 6726 6725
f 6613 6726 6612
f 6613 6727 6726
f 6614 6727 6613
f 6614 6728 6727
f 6615 6728 6614
f 6615 6729 6728
f 6616 6729 6615
f 6616 6730 6729
f 6617 6730 6616
f 6617 6731 6730
f 6618 6731 6617
f 6618 6732 6731
f 6619 6732 6618
f 6619 6733 6732
f 6620 6733 6619
f 6620 6734 6733
f 6621 6734 6620
f 6621 6735 6734
f 6622 6735 6621
f 6622 6736 6735
f 6623 6736 6622
f 6623 6737 6736
f 6624 6737 6623
f 6624 6738 6737
f 6625 6738 6624
f 6626 6740 6739
f 6627 6740 6626
f 6627 6741 6740
f 6628 6741 6627
f 6628 6742 6741
f 6629 6742 6628
f 6629 6743 6742
f 6630 6743 6629
f 6630 6744 6743
f 6631 6744 6630
f 6631 6745 6744
f 6632 6745 6631
f 6632 6746 6745
f 6633 6746 6632
f 6633 6747 6746
f 6634 6747 6633
f 6634 6748 6747
f 6635 6748 6634
f 6635 6749 6748
f 6636 6749 6635
f 6636 6750 6749
f 6637 6750 6636
f 6637 6751 6750
f 6638 6751 6637
f 6638 6752 6751
f 6639 6752 6638
f 6639 6753 6752
f 6640 6753 6639
f 6640 6754 6753
f 6641 6754 6640
f 6641 6755 6754
f 6642 6755 6641
f 6642 6756 6755
f 6643 6756 6642
f 6643 6757 6756
f 6644 6757 6643
f 6644 6758 6757
f 6645 6758 6644
f 6645 6759 6758
f 6646 6759 6645
f 6646 6760 6759
f 6647 6760 6646
f 6647 6761 6760
f 6648 6761 6647
f 6652 6764 6651
f 6652 6765 6764
f 6653 6765 6652
f 6653 6766 6765
f 6654 6766 6653
f 6654 6767 6766
f 6655 6767 6654
f 6655 6768 6767
f 6656 6768 6655
f 6656 6769 6768
f 6657 6769 6656
f 6657 6770 6769
f 6658 6770 6657
f 6658 6771 6770
f 6659 6771 6658
f 6659 6772 6771
f 6660 6772 6659
f 6660 6773 6772
f 6661 6773 6660
f 6661 6774 6773
f 6662 6774 6661
f 6662 6775 6774
f 6663 6775 6662
f 6663 6776 6775
f 6664 6776 6663
f 6664 6777 6776
f 6665 6777 6664
f 6665 6778 6777
f 6666 6778 6665
f 6666 6779 6778
f 6667 6779 6666
f 6667 6780 6779
f 6668 6780 6667
f 6668 6781 6780
f 6669 6781 6668
f 6669 6782 6781
f 6670 6782 6669
f 6670 6783 6782
f 6671 6783 6670
f 6671 6784 6783
f 6672 6784 6671
f 6672 6785 6784
f 6673 6785 6672
f 6673 6786 6785
f 6674 6786 6673
f 6674 6787 6786
f 6675 6787 6674
f 6675 6788 6787
f 6676 6788 6675
f 6676 6789 6788
f 6677 6789 6676
f 6677 6790 6789
f 6678 6790 6677
f 6678 6791 6790
f 6679 6791 6678
f 6679 6792 6791
f 6680 6792 6679
f 6680 6793 6792
f 6681 6793 6680
f 6681 6794 6793
f 6682 6794 6681
f 6682 6795 6794
f 6683 6795 6682
f 6683 6796 6795
f 6684 6796 6683
f 6684 6797 6796
f 6685 6797 6684
f 6685 6798 6797
f 6686 6798 6685
f 6686 6799 6798
f 6687 6799 6686
f 6687 6800 6799
f 6688 6800 6687
f 6688 6801 6800
f 6689 6801 6688
f 6689 6802 6801
f 6690 6802 6689
f 6690 6803 6802
f 6691 6803 6690
f 6691 6804 6803
f 6692 6804 6691
f 6692 6805 6804
f 6693 6805 6692
f 6693 6806 6805
f 6694 6806 6693
f 6694 6807 6806
f 6695 6807 6694
f 6695 6808 6807
f 6696 6808 6695
f 6696 6809 6808
f 6697 6809 6696
f 6697 6810 6809
f 6698 6810 6697
f 6698 6811 6810
f 6699 6811 6698
f 6699 6812 6811
f 6700 6812 6699
f 6700 6813 6812
f 6701 6813 6700
f 6701 6814 6813
f 6702 6814 6701
f 6702 6815 6814
f 6703 6815 6702
f 6703 6816 6815
f 6704 6816 6703
f 6704 6817 6816
f 6705 6817 6704
f 6705 6818 6817
f 6706 6818 6705
f 6706 6819 6818
f 6707 6819 6706
f 6707 6820 6819
f 6708 6820 6707
f 6708 6821 6820
f 6709 6821 6708
f 6709 6822 6821
f 6711 6823 6710
f 6711 6824 6823
f 6712 6824 6711
f 6712 6825 6824
f 6713 6825 6712
f 6713 6826 6825
f 6714 6826 6713
f 6714 6827 6826
f 6715 6827 6714
f 6715 6828 6827
f 6716 6828 6715
f 6716 6829 6828
f 6717 6829 6716
f 6717 6830 6829
f 6718 6830 6717
f 6718 6831 6830
f 6719 6831 6718
f 6719 6832 6831
f 6720 6832 6719
f 6720 6833 6832
f 6721 6833 6720
f 6721 6834 6833
f 6722 6834 6721
f 6722 6835 6834
f 6723 6835 6722
f 6723 6836 6835
f 6724 6836 6723
f 6724 6837 6836
f 6725 6837 6724
f 6725 6838 6837
f 6726 6838 6725
f 6726 6839 6838
f 6727 6839 6726
f 6727 6840 6839
f 6728 6840 6727
f 6728 6841 6840
f 6729 6841 6728
f 6729 6842 6841
f 6730 6842 6729
f 6730 6843 6842
f 6731 6843 6730
f 6731 6844 6843
f 6732 6844 6731
f 6732 6845 6844
f 6733 6845 6732
f 6733 6846 6845
f 6734 6846 6733
f 6734 6847 6846
f 6735 6847 6734
f 6735 6848 6847
f 6736 6848 6735
f 6736 6849 6848
f 6737 6849 6736
f 6737 6850 6849
f 6738 6850 6737
f 6739 6852 6851
f 6740 6852 6739
f 6740 6853 6852
f 6741 6853 6740
f 6741 6854 6853
f 6742 6854 6741
f 6742 6855 6854
f 6743 6855 6742
f 6743 6856 6855
f 6744 6856 6743
f 6744 6857 6856
f 6745 6857 6744
f 6745 6858 6857
f 6746 6858 6745
f 6746 6859 6858
f 6747 6859 6746
f 6747 6860 6859
f 6748 6860 6747
f 6748 6861 6860
f 6749 6861 6748
f 6749 6862 6861
f 6750 6862 6749
f 6750 6863 6862
f 6751 6863 6750
f 6751 6864 6863
f 6752 6864 6751
f 6752 6865 6864
f 6753 6865 6752
f 6753 6866 6865
f 6754 6866 6753
f 6754 6867 6866
f 6755 6867 6754
f 6755 6868 6867
f 6756 6868 6755
f 6756 6869 6868
f 6757 6869 6756
f 6757 6870 6869
f 6758 6870 6757
f 6758 6871 6870
f 6759 6871 6758
f 6759 6872 6871
f 6760 6872 6759
f 6762 6875 6874
f 6763 6875 6762
f 6765 6876 6764
f 6765 6877 6876
f 6766 6877 6765
f 6766 6878 6877
f 6767 6878 6766
f 6767 6879 6878
f 6768 6879 6767
f 6768 6880 6879
f 6769 6880 6768
f 6769 6881 6880
f 6770 6881 6769
f 6770 6882 6881
f 6771 6882 6770
f 6771 6883 6882
f 6772 6883 6771
f 6772 6884 6883
f 6773 6884 6772
f 6773 6885 6884
f 6774 6885 6773
f 6774 6886 6885
f 6775 6886 6774
f 6775 6887 6886
f 6776 6887 6775
f 6776 6888 6887
f 6777 6888 6776
f 6777 6889 6888
f 6778 6889 6777
f 6778 6890 6889
f 6779 6890 6778
f 6779 6891 6890
f 6780 6891 6779
f 6780 6892 6891
f 6781 6892 6780
f 6781 6893 6892
f 6782 6893 6781
f 6782 6894 6893
f 6783 6894 6782
f 6783 6895 6894
f 6784 6895 6783
f 6784 6896 6895
f 6785 6896 6784
f 6785 6897 6896
f 6786 6897 6785
f 6786 6898 6897
f 6787 6898 6786
f 6787 6899 6898
f 6788 6899 6787
f 6788 6900 6899
f 6789 6900 6788
f 6789 6901 6900
f 6790 6901 6789
f 6790 6902 6901
f 6791 6902 6790
f 6791 6903 6902
f 6792 6903 6791
f 6792 6904 6903
f 6793 6904 6792
f 6793 6905 6904
f 6794 6905 6793
f 6794 6906 6905
f 6795 6906 6794
f 6795 6907 6906
f 6796 6907 6795
f 6796 6908 6907
f 6797 6908 6796
f 6797 6909 6908
f 6798 6909 6797
f 6798 6910 6909
f 6799 6910 6798
f 6799 6911 6910
f 6800 6911 6799
f 6800 6912 6911
f 6801 6912 6800
f 6801 6913 6912
f 6802 6913 6801
f 6802 6914 6913
f 6803 6914 6802
f 6803 6915 6914
f 6804 6915 6803
f 6804 6916 6915
f 6805 6916 6804
f 6805 6917 6916
f 6806 6917 6805
f 6806 6918 6917
f 6807 6918 6806
f 6807 6919 6918
f 6808 6919 6807
f 6808 6920 6919
f 6809 6920 6808
f 6809 6921 6920
f 6810 6921 6809
f 6810 6922 6921
f 6811 6922 6810
f 6811 6923 6922
f 6812 6923 6811
f 6812 6924 6923
f 6813 6924 6812
f 6813 6925 6924
f 6814 6925 6813
f 6814 6926 6925
f 6815 6926 6814
f 6815 6927 6926
f 6816 6927 6815
f 6816 6928 6927
f 6817 6928 6816
f 6817 6929 6928
f 6818 6929 6817
f 6818 6930 6929
f 6819 6930 6818
f 6819 6931 6930
f 6820 6931 6819
f 6820 6932 6931
f 6821 6932 6820
f 6821 6933 6932
f 6822 6933 6821
f 6825 6934 6824
f 6825 6935 6934
f 6826 6935 6825
f 6826 6936 6935
f 6827 6936 6826
f 6827 6937 6936
f 6828 6937 6827
f 6828 6938 6937
f 6829 6938 6828
f 6829 6939 6938
f 6830 6939 6829
f 6830 6940 6939
f 6831 6940 6830
f 6831 6941 6940
f 6832 6941 6831
f 6832 6942 6941
f 6833 6942 6832
f 6833 6943 6942
f 6834 6943 6833
f 6834 6944 6943
f 6835 6944 6834
f 6835 6945 6944
f 6836 6945 6835
f 6836 6946 6945
f 6837 6946 6836
f 6837 6947 6946
f 6838 6947 6837
f 6838 6948 6947
f 6839 6948 6838
f 6839 6949 6948
f 6840 6949 6839
f 6840 6950 6949
f 6841 6950 6840
f 6841 6951 6950
f 6842 6951 6841
f 6842 6952 6951
f 6843 6952 6842
f 6843 6953 6952
f 6844 6953 6843
f 6844 6954 6953
f 6845 6954 6844
f 6845 6955 6954
f 6846 6955 6845
f 6846 6956 6955
f 6847 6956 6846
f 6847 6957 6956
f 6848 6957 6847
f 6848 6958 6957
f 6849 6958 6848
f 6851 6961 6960
f 6852 6961 6851
f 6852 6962 6961
f 6853 6962 6852
f 6853 6963 6962
f 6854 6963 6853
f 6854 6964 6963
f 6855 6964 6854
f 6855 6965 6964
f 6856 6965 6855
f 6856 6966 6965
f 6857 6966 6856
f 6857 6967 6966
f 6858 6967 6857
f 6858 6968 6967
f 6859 6968 6858
f 6859 6969 6968
f 6860 6969 6859
f 6860 6970 6969
f 6861 6970 6860
f 6861 6971 6970
f 6862 6971 6861
f 6862 6972 6971
f 6863 6972 6862
f 6863 6973 6972
f 6864 6973 6863
f 6864 6974 6973
f 6865 6974 6864
f 6865 6975 6974
f 6866 6975 6865
f 6866 6976 6975
f 6867 6976 6866
f 6867 6977 6976
f 6868 6977 6867
f 6868 6978 6977
f 6869 6978 6868
f 6869 6979 6978
f 6870 6979 6869
f 6870 6980 6979
f 6871 6980 6870
f 6871 6981 6980
f 6872 6981 6871
f 6872 6982 6981
f 6873 6982 6872
f 6873 6983 6982
f 6874 6983 6873
f 6877 6984 6876
f 6877 6985 6984
f 6878 6985 6877
f 6878 6986 6985
f 6879 6986 6878
f 6879 6987 6986
f 6880 6987 6879
f 6880 6988 6987
f 6881 6988 6880
f 6881 6989 6988
f 6882 6989 6881
f 6882 6990 6989
f 6883 6990 6882
f 6883 6991 6990
f 6884 6991 6883
f 6884 6992 6991
f 6885 6992 6884
f 6885 6993 6992
f 6886 6993 6885
f 6886 6994 6993
f 6887 6994 6886
f 6887 6995 6994
f 6888 6995 6887
f 6888 6996 6995
f 6889 6996 6888
f 6889 6997 6996
f 6890 6997 6889
f 6890 6998 6997
f 6891 6998 6890
f 6891 6999 6998
f 6892 6999 6891
f 6892 7000 6999
f 6893 7000 6892
f 6893 7001 7000
f 6894 7001 6893
f 6894 7002 7001
f 6895 7002 6894
f 6895 7003 7002
f 6896 7003 6895
f 6896 7004 7003
f 6897 7004 6896
f 6897 7005 7004
f 6898 7005 6897
f 6898 7006 7005
f 6899 7006 6898
f 6899 7007 7006
f 6900 7007 6899
f 6900 7008 7007
f 6901 7008 6900
f 6901 7009 7008
f 6902 7009 6901
f 6902 7010 7009
f 6903 7010 6902
f 6903 7011 7010
f 6904 7011 6903
f 6904 7012 7011
f 6905 7012 6904
f 6905 7013 7012
f 6906 7013 6905
f 6906 7014 7013
f 6907 7014 6906
f 6907 7015 7014
f 6908 7015 6907
f 6908 7016 7015
f 6909 7016 6908
f 6909 7017 7016
f 6910 7017 6909
f 6910 7018 7017
f 6911 7018 6910
f 6911 7019 7018
f 6912 7019 6911
f 6912 7020 7019
f 6913 7020 6912
f 6913 7021 7020
f 6914 7021 6913
f 6914 7022 7021
f 6915 7022 6914
f 6915 7023 7022
f 6916 7023 6915
f 6916 7024 7023
f 6917 7024 6916
f 6917 7025 7024
f 6918 7025 6917
f 6918 7026 7025
f 6919 7026 6918
f 6919 7027 7026
f 6920 7027 6919
f 6920 7028 7027
f 6921 7028 6920
f 6921 7029 7028
f 6922 7029 6921
f 6922 7030 7029
f 6923 7030 6922
f 6923 7031 7030
f 6924 7031 6923
f 6924 7032 7031
f 6925 7032 6924
f 6925 7033 7032
f 6926 7033 6925
f 6926 7034 7033
f 6927 7034 6926
f 6927 7035 7034
f 6928 7035 6927
f 6928 7036 7035
f 6929 7036 6928
f 6929 7037 7036
f 6930 7037 6929
f 6930 7038 7037
f 6931 7038 6930
f 6931 7039 7038
f 6932 7039 6931
f 6932 7040 7039
f 6933 7040 6932
f 6933 7041 7040
f 6936 7042 6935
f 6936 7043 7042
f 6937 7043 6936
f 6937 7044 7043
f 6938 7044 6937
f 6938 7045 7044
f 6939 7045 6938
f 6939 7046 7045
f 6940 7046 6939
f 6940 7047 7046
f 6941 7047 6940
f 6941 7048 7047
f 6942 7048 6941
f 6942 7049 7048
f 6943 7049 6942
f 6943 7050 7049
f 6944 7050 6943
f 6944 7051 7050
f 6945 7051 6944
f 6945 7052 7051
f 6946 7052 6945
f 6946 7053 7052
f 6947 7053 6946
f 6947 7054 7053
f 6948 7054 6947
f 6948 7055 7054
f 6949 7055 6948
f 6949 7056 7055
f 6950 7057 7056
f 6951 7057 6950
f 6951 7058 7057
f 6952 7058 6951
f 6952 7059 7058
f 6953 7059 6952
f 6953 7060 7059
f 6954 7060 6953
f 6954 7061 7060
f 6955 7061 6954
f 6955 7062 7061
f 6956 7062 6955
f 6956 7063 7062
f 6957 7063 6956
f 6957 7064 7063
f 6958 7064 6957
f 6959 7066 7065
f 6960 7066 6959
f 6960 7067 7066
f 6961 7067 6960
f 6961 7068 7067
f 6962 7068 6961
f 6962 7069 7068
f 6963 7069 6962
f 6963 7070 7069
f 6964 7070 6963
f 6964 7071 7070
f 6965 7071 6964
f 6965 7072 7071
f 6966 7072 6965
f 6966 7073 7072
f 6967 7073 6966
f 6967 7074 7073
f 6968 7074 6967
f 6968 7075 7074
f 6969 7075 6968
f 6969 7076 7075
f 6970 7076 6969
f 6970 7077 7076
f 6971 7077 6970
f 6971 7078 7077
f 6972 7078 6971
f 6972 7079 7078
f 6973 7079 6972
f 6973 7080 7079
f 6974 7080 6973
f 6974 7081 7080
f 6975 7081 6974
f 6975 7082 7081
f 6976 7082 6975
f 6976 7083 7082
f 6977 7083 6976
f 6977 7084 7083
f 6978 7084 6977
f 6978 7085 7084
f 6979 7085 6978
f 6979 7086 7085
f 6980 7086 6979
f 6980 7087 7086
f 6981 7087 6980
f 6981 7088 7087
f 6982 7088 6981
f 6982 7089 7088
f 6983 7089 6982
f 6985 7096 6984
f 6985 7097 7096
f 6986 7097 6985
f 6986 7098 7097
f 6987 7098 6986
f 6987 7099 7098
f 6988 7099 6987
f 6988 7100 7099
f 6989 7100 6988
f 6989 7101 7100
f 6990 7101 6989
f 6990 7102 7101
f 6991 7102 6990
f 6991 7103 7102
f 6992 7103 6991
f 6992 7104 7103
f 6993 7104 6992
f 6993 7105 7104
f 6994 7105 6993
f 6994 7106 7105
f 6995 7106 6994
f 6995 7107 7106
f 6996 7107 6995
f 6996 7108 7107
f 6997 7108 6996
f 6997 7109 7108
f 6998 7109 6997
f 6998 7110 7109
f 6999 7110 6998
f 6999 7111 7110
f 7000 7111 6999
f 7000 7112 7111
f 7001 7112 7000
f 7001 7113 7112
f 7002 7113 7001
f 7002 7114 7113
f 7003 7114 7002
f 7003 7115 7114
f 7004 7115 7003
f 7004 7116 7115
f 7005 7116 7004
f 7005 7117 7116
f 7006 7117 7005
f 7006 7118 7117
f 7007 7118 7006
f 7007 7119 7118
f 7008 7119 7007
f 7008 7120 7119
f 7009 7120 7008
f 7009 7121 7120
f 7010 7121 7009
f 7010 7122 7121
f 7011 7122 7010
f 7011 7123 7122
f 7012 7123 7011
f 7012 7124 7123
f 7013 7124 7012
f 7013 7125 7124
f 7014 7125 7013
f 7014 7126 7125
f 7015 7126 7014
f 7015 7127 7126
f 7016 7127 7015
f 7016 7128 7127
f 7017 7128 7016
f 7017 7129 7128
f 7018 7129 7017
f 7018 7130 7129
f 7019 7130 7018
f 7019 7131 7130
f 7020 7131 7019
f 7020 7132 7131
f 7021 7132 7020
f 7021 7133 7132
f 7022 7133 7021
f 7022 7134 7133
f 7023 7134 7022
f 7023 7135 7134
f 7024 7135 7023
f 7024 7136 7135
f 7025 7136 7024
f 7025 7137 7136
f 7026 7137 7025
f 7026 7138 7137
f 7027 7138 7026
f 7027 7139 7138
f 7028 7139 7027
f 7028 7140 7139
f 7029 7140 7028
f 7029 7141 7140
f 7030 7141 7029
f 7030 7142 7141
f 7031 7142 7030
f 7031 7143 7142
f 7032 7143 7031
f 7032 7144 7143
f 7033 7144 7032
f 7033 7145 7144
f 7034 7145 7033
f 7034 7146 7145
f 7035 7146 7034
f 7035 7147 7146
f 7036 7147 7035
f 7036 7148 7147
f 7037 7148 7036
f 7037 7149 7148
f 7038 7149 7037
f 7038 7150 7149
f 7039 7150 7038
f 7039 7151 7150
f 7040 7151 7039
f 7040 7152 7151
f 7041 7152 7040
f 7045 7153 7044
f 7045 7154 7153
f 7046 7154 7045
f 7046 7155 7154
f 7047 7155 7046
f 7047 7156 7155
f 7048 7156 7047
f 7048 7157 7156
f 7049 7157 7048
f 7049 7158 7157
f 7050 7158 7049
f 7050 7159 7158
f 7051 7159 7050
f 7051 7160 7159
f 7052 7160 7051
f 7052 7161 7160
f 7053 7161 7052
f 7053 7162 7161
f 7054 7162 7053
f 7054 7163 7162
f 7055 7163 7054
f 7055 7164 7163
f 7056 7164 7055
f 7056 7165 7164
f 7057 7165 7056
f 7057 7166 7165
f 7058 7166 7057
f 7065 7174 7173
f 7066 7174 7065
f 7066 7175 7174
f 7067 7175 7066
f 7067 7176 7175
f 7068 7176 7067
f 7068 7177 7176
f 7069 7177 7068
f 7069 7178 7177
f 7070 7178 7069
f 7070 7179 7178
f 7071 7179 7070
f 7071 7180 7179
f 7072 7180 7071
f 7072 7181 7180
f 7073 7181 7072
f 7073 7182 7181
f 7074 7182 7073
f 7074 7183 7182
f 7075 7183 7074
f 7075 7184 7183
f 7076 7184 7075
f 7076 7185 7184
f 7077 7185 7076
f 7077 7186 7185
f 7078 7186 7077
f 7078 7187 7186
f 7079 7187 7078
f 7079 7188 7187
f 7080 7188 7079
f 7080 7189 7188
f 7081 7189 7080
f 7081 7190 7189
f 7082 7190 7081
f 7082 7191 7190
f 7083 7191 7082
f 7083 7192 7191
f 7084 7192 7083
f 7084 7193 7192
f 7085 7193 7084
f 7085 7194 7193
f 7086 7194 7085
f 7086 7195 7194
f 7087 7195 7086
f 7087 7196 7195
f 7088 7196 7087
f 7088 7197 7196
f 7089 7197 7088
f 7089 7198 7197
f 7090 7200 7199
f 7091 7200 7090
f 7092 7204 7203
f 7093 7204 7092
f 7093 7205 7204
f 7094 7205 7093
f 7094 7206 7205
f 7095 7206 7094
f 7097 7211 7096
f 7097 7212 7211
f 7098 7212 7097
f 7098 7213 7212
f 7099 7213 7098
f 7099 7214 7213
f 7100 7214 7099
f 7100 7215 7214
f 7101 7215 7100
f 7101 7216 7215
f 7102 7216 7101
f 7102 7217 7216
f 7103 7217 7102
f 7103 7218 7217
f 7104 7218 7103
f 7104 7219 7218
f 7105 7219 7104
f 7105 7220 7219
f 7106 7220 7105
f 7106 7221 7220
f 7107 7221 7106
f 7107 7222 7221
f 7108 7222 7107
f 7108 7223 7222
f 7109 7223 7108
f 7109 7224 7223
f 7110 7224 7109
f 7110 7225 7224
f 7111 7225 7110
f 7111 7226 7225
f 7112 7226 7111
f 7112 7227 7226
f 7113 7227 7112
f 7113 7228 7227
f 7114 7228 7113
f 7114 7229 7228
f 7115 7229 7114
f 7115 7230 7229
f 7116 7230 7115
f 7116 7231 7230
f 7117 7231 7116
f 7117 7232 7231
f 7118 7232 7117
f 7118 7233 7232
f 7119 7233 7118
f 7119 7234 7233
f 7120 7234 7119
f 7120 7235 7234
f 7121 7235 7120
f 7121 7236 7235
f 7122 7236 7121
f 7122 7237 7236
f 7123 7237 7122
f 7123 7238 7237
f 7124 7238 7123
f 7124 7239 7238
f 7125 7239 7124
f 7125 7240 7239
f 7126 7240 7125
f 7126 7241 7240
f 7127 7241 7126
f 7127 7242 7241
f 7128 7242 7127
f 7128 7243 7242
f 7129 7243 7128
f 7129 7244 7243
f 7130 7244 7129
f 7130 7245 7244
f 7131 7245 7130
f 7131 7246 7245
f 7132 7246 7131
f 7132 7247 7246
f 7133 7247 7132
f 7133 7248 7247
f 7134 7248 7133
f 7134 7249 7248
f 7135 7249 7134
f 7135 7250 7249
f 7136 7250 7135
f 7136 7251 7250
f 7137 7251 7136
f 7137 7252 7251
f 7138 7252 7137
f 7138 7253 7252
f 7139 7253 7138
f 7139 7254 7253
f 7140 7254 7139
f 7140 7255 7254
f 7141 7255 7140
f 7141 7256 7255
f 7142 7256 7141
f 7142 7257 7256
f 7143 7257 7142
f 7143 7258 7257
f 7144 7258 7143
f 7144 7259 7258
f 7145 7259 7144
f 7145 7260 7259
f 7146 7260 7145
f 7146 7261 7260
f 7147 7261 7146
f 7147 7262 7261
f 7148 7262 7147
f 7148 7263 7262
f 7149 7263 7148
f 7149 7264 7263
f 7150 7264 7149
f 7150 7265 7264
f 7151 7265 7150
f 7151 7266 7265
f 7152 7266 7151
f 7157 7267 7156
f 7157 7268 7267
f 7158 7268 7157
f 7158 7269 7268
f 7159 7269 7158
f 7159 7270 7269
f 7160 7270 7159
f 7160 7271 7270
f 7161 7271 7160
f 7161 7272 7271
f 7162 7272 7161
f 7162 7273 7272
f 7163 7273 7162
f 7163 7274 7273
f 7164 7274 7163
f 7164 7275 7274
f 7165 7275 7164
f 7165 7276 7275
f 7166 7276 7165
f 7166 7277 7276
f 7167 7277 7166
f 7167 7278 7277
f 7168 7278 7167
f 7168 7279 7278
f 7169 7279 7168
f 7169 7280 7279
f 7170 7280 7169
f 7170 7281 7280
f 7171 7281 7170
f 7171 7282 7281
f 7172 7282 7171
f 7172 7283 7282
f 7173 7283 7172
f 7173 7284 7283
f 7174 7284 7173
f 7174 7285 7284
f 7175 7285 7174
f 7175 7286 7285
f 7176 7286 7175
f 7176 7287 7286
f 7177 7287 7176
f 7177 7288 7287
f 7178 7288 7177
f 7178 7289 7288
f 7179 7289 7178
f 7179 7290 7289
f 7180 7290 7179
f 7180 7291 7290
f 7181 7291 7180
f 7181 7292 7291
f 7182 7292 7181
f 7182 7293 7292
f 7183 7293 7182
f 7183 7294 7293
f 7184 7294 7183
f 7184 7295 7294
f 7185 7295 7184
f 7185 7296 7295
f 7186 7296 7185
f 7186 7297 7296
f 7187 7297 7186
f 7187 7298 7297
f 7188 7298 7187
f 7188 7299 7298
f 7189 7299 7188
f 7189 7300 7299
f 7190 7300 7189
f 7190 7301 7300
f 7191 7301 7190
f 7191 7302 7301
f 7192 7302 7191
f 7192 7303 7302
f 7193 7303 7192
f 7193 7304 7303
f 7194 7304 7193
f 7194 7305 7304
f 7195 7305 7194
f 7195 7306 7305
f 7196 7306 7195
f 7196 7307 7306
f 7197 7307 7196
f 7197 7308 7307
f 7198 7308 7197
f 7199 7310 7309
f 7200 7310 7199
f 7200 7311 7310
f 7201 7311 7200
f 7201 7312 7311
f 7202 7312 7201
f 7202 7313 7312
f 7203 7313 7202
f 7203 7314 7313
f 7204 7314 7203
f 7204 7315 7314
f 7205 7315 7204
f 7205 7316 7315
f 7206 7316 7205
f 7206 7317 7316
f 7207 7317 7206
f 7208 7319 7318
f 7209 7319 7208
f 7209 7320 7319
f 7210 7320 7209
f 7212 7321 7211
f 7212 7322 7321
f 7213 7322 7212
f 7213 7323 7322
f 7214 7323 7213
f 7214 7324 7323
f 7215 7324 7214
f 7215 7325 7324
f 7216 7325 7215
f 7216 7326 7325
f 7217 7326 7216
f 7217 7327 7326
f 7218 7327 7217
f 7218 7328 7327
f 7219 7328 7218
f 7219 7329 7328
f 7220 7329 7219
f 7220 7330 7329
f 7221 7330 7220
f 7221 7331 7330
f 7222 7331 7221
f 7222 7332 7331
f 7223 7332 7222
f 7223 7333 7332
f 7224 7333 7223
f 7224 7334 7333
f 7225 7334 7224
f 7225 7335 7334
f 7226 7335 7225
f 7226 7336 7335
f 7227 7336 7226
f 7227 7337 7336
f 7228 7337 7227
f 7228 7338 7337
f 7229 7338 7228
f 7229 7339 7338
f 7230 7339 7229
f 7230 7340 7339
f 7231 7340 7230
f 7231 7341 7340
f 7232 7341 7231
f 7232 7342 7341
f 7233 7342 7232
f 7233 7343 7342
f 7234 7343 7233
f 7234 7344 7343
f 7235 7344 7234
f 7235 7345 7344
f 7236 7345 7235
f 7236 7346 7345
f 7237 7346 7236
f 7237 7347 7346
f 7238 7347 7237
f 7238 7348 7347
f 7239 7348 7238
f 7239 7349 7348
f 7240 7349 7239
f 7240 7350 7349
f 7241 7350 7240
f 7241 7351 7350
f 7242 7351 7241
f 7242 7352 7351
f 7243 7352 7242
f 7243 7353 7352
f 7244 7353 7243
f 7244 7354 7353
f 7245 7354 7244
f 7245 7355 7354
f 7246 7355 7245
f 7246 7356 7355
f 7247 7356 7246
f 7247 7357 7356
f 7248 7357 7247
f 7248 7358 7357
f 7249 7358 7248
f 7249 7359 7358
f 7250 7359 7249
f 7250 7360 7359
f 7251 7360 7250
f 7251 7361 7360
f 7252 7361 7251
f 7252 7362 7361
f 7253 7362 7252
f 7253 7363 7362
f 7254 7363 7253
f 7254 7364 7363
f 7255 7364 7254
f 7255 7365 7364
f 7256 7365 7255
f 7256 7366 7365
f 7257 7366 7256
f 7257 7367 7366
f 7258 7367 7257
f 7258 7368 7367
f 7259 7368 7258
f 7259 7369 7368
f 7260 7369 7259
f 7260 7370 7369
f 7261 7370 7260
f 7261 7371 7370
f 7262 7371 7261
f 7262 7372 7371
f 7263 7372 7262
f 7263 7373 7372
f 7264 7373 7263
f 7264 7374 7373
f 7265 7374 7264
f 7265 7375 7374
f 7266 7375 7265
f 7266 7376 7375
f 7270 7377 7269
f 7270 7378 7377
f 7271 7378 7270
f 7271 7379 7378
f 7272 7379 7271
f 7272 7380 7379
f 7273 7380 7272
f 7273 7381 7380
f 7274 7381 7273
f 7274 7382 7381
f 7275 7382 7274
f 7275 7383 7382
f 7276 7383 7275
f 7276 7384 7383
f 7277 7384 7276
f 7277 7385 7384
f 7278 7385 7277
f 7278 7386 7385
f 7279 7386 7278
f 7279 7387 7386
f 7280 7387 7279
f 7280 7388 7387
f 7281 7388 7280
f 7281 7389 7388
f 7282 7389 7281
f 7282 7390 7389
f 7283 7390 7282
f 7288 7391 7287
f 7288 7392 7391
f 7289 7392 7288
f 7289 7393 7392
f 7290 7393 7289
f 7290 7394 7393
f 7291 7394 7290
f 7291 7395 7394
f 7292 7395 7291
f 7292 7396 7395
f 7293 7396 7292
f 7293 7397 7396
f 7294 7397 7293
f 7294 7398 7397
f 7295 7398 7294
f 7295 7399 7398
f 7296 7399 7295
f 7296 7400 7399
f 7297 7400 7296
f 7297 7401 7400
f 7298 7401 7297
f 7298 7402 7401
f 7299 7402 7298
f 7299 7403 7402
f 7300 7403 7299
f 7300 7404 7403
f 7301 7404 7300
f 7301 7405 7404
f 7302 7405 7301
f 7302 7406 7405
f 7303 7406 7302
f 7303 7407 7406
f 7304 7407 7303
f 7304 7408 7407
f 7305 7408 7304
f 7305 7409 7408
f 7306 7409 7305
f 7306 7410 7409
f 7307 7410 7306
f 7307 7411 7410
f 7308 7411 7307
f 7309 7413 7412
f 7310 7413 7309
f 7310 7414 7413
f 7311 7414 7310
f 7311 7415 7414
f 7312 7415 7311
f 7312 7416 7415
f 7313 7416 7312
f 7313 7417 7416
f 7314 7417 7313
f 7314 7418 7417
f 7315 7418 7314
f 7315 7419 7418
f 7316 7419 7315
f 7316 7420 7419
f 7317 7420 7316
f 7317 7421 7420
f 7318 7421 7317
f 7318 7422 7421
f 7319 7422 7318
f 7319 7423 7422
f 7320 7423 7319
f 7320 7424 7423
f 7321 7426 7425
f 7322 7426 7321
f 7322 7427 7426
f 7323 7427 7322
f 7323 7428 7427
f 7324 7428 7323
f 7324 7429 7428
f 7325 7429 7324
f 7325 7430 7429
f 7326 7430 7325
f 7326 7431 7430
f 7327 7431 7326
f 7327 7432 7431
f 7328 7432 7327
f 7328 7433 7432
f 7329 7433 7328
f 7329 7434 7433
f 7330 7434 7329
f 7330 7435 7434
f 7331 7435 7330
f 7331 7436 7435
f 7332 7436 7331
f 7332 7437 7436
f 7333 7437 7332
f 7333 7438 7437
f 7334 7438 7333
f 7334 7439 7438
f 7335 7439 7334
f 7335 7440 7439
f 7336 7440 7335
f 7336 7441 7440
f 7337 7441 7336
f 7337 7442 7441
f 7338 7442 7337
f 7338 7443 7442
f 7339 7443 7338
f 7339 7444 7443
f 7340 7444 7339
f 7340 7445 7444
f 7341 7445 7340
f 7341 7446 7445
f 7342 7446 7341
f 7342 7447 7446
f 7343 7447 7342
f 7343 7448 7447
f 7344 7448 7343
f 7344 7449 7448
f 7345 7449 7344
f 7345 7450 7449
f 7346 7450 7345
f 7346 7451 7450
f 7347 7451 7346
f 7347 7452 7451
f 7348 7452 7347
f 7348 7453 7452
f 7349 7453 7348
f 7349 7454 7453
f 7350 7454 7349
f 7350 7455 7454
f 7351 7455 7350
f 7351 7456 7455
f 7352 7456 7351
f 7352 7457 7456
f 7353 7457 7352
f 7353 7458 7457
f 7354 7458 7353
f 7354 7459 7458
f 7355 7459 7354
f 7355 7460 7459
f 7356 7460 7355
f 7356 7461 7460
f 7357 7461 7356
f 7357 7462 7461
f 7358 7462 7357
f 7358 7463 7462
f 7359 7463 7358
f 7359 7464 7463
f 7360 7464 7359
f 7360 7465 7464
f 7361 7465 7360
f 7361 7466 7465
f 7362 7466 7361
f 7362 7467 7466
f 7363 7467 7362
f 7363 7468 7467
f 7364 7468 7363
f 7364 7469 7468
f 7365 7469 7364
f 7365 7470 7469
f 7366 7470 7365
f 7366 7471 7470
f 7367 7471 7366
f 7367 7472 7471
f 7368 7472 7367
f 7368 7473 7472
f 7369 7473 7368
f 7369 7474 7473
f 7370 7474 7369
f 7370 7475 7474
f 7371 7475 7370
f 7371 7476 7475
f 7372 7476 7371
f 7372 7477 7476
f 7373 7477 7372
f 7373 7478 7477
f 7374 7478 7373
f 7374 7479 7478
f 7375 7479 7374
f 7375 7480 7479
f 7376 7480 7375
f 7380 7481 7379
f 7380 7482 7481
f 7381 7482 7380
f 7381 7483 7482
f 7382 7483 7381
f 7382 7484 7483
f 7383 7484 7382
f 7383 7485 7484
f 7384 7485 7383
f 7394 7486 7393
f 7394 7487 7486
f 7395 7487 7394
f 7395 7488 7487
f 7396 7488 7395
f 7396 7489 7488
f 7397 7489 7396
f 7397 7490 7489
f 7398 7490 7397
f 7398 7491 7490
f 7399 7491 7398
f 7399 7492 7491
f 7400 7492 7399
f 7400 7493 7492
f 7401 7493 7400
f 7401 7494 7493
f 7402 7494 7401
f 7402 7495 7494
f 7403 7495 7402
f 7403 7496 7495
f 7404 7496 7403
f 7404 7497 7496
f 7405 7497 7404
f 7405 7498 7497
f 7406 7498 7405
f 7406 7499 7498
f 7407 7499 7406
f 7407 7500 7499
f 7408 7500 7407
f 7408 7501 7500
f 7409 7501 7408
f 7409 7502 7501
f 7410 7502 7409
f 7410 7503 7502
f 7411 7503 7410
f 7411 7504 7503
f 7413 7506 7412
f 7413 7507 7506
f 7414 7507 7413
f 7414 7508 7507
f 7415 7508 7414
f 7415 7509 7508
f 7416 7509 7415
f 7416 7510 7509
f 7417 7510 7416
f 7417 7511 7510
f 7418 7511 7417
f 7418 7512 7511
f 7419 7512 7418
f 7419 7513 7512
f 7420 7513 7419
f 7420 7514 7513
f 7421 7514 7420
f 7421 7515 7514
f 7422 7515 7421
f 7422 7516 7515
f 7423 7516 7422
f 7423 7517 7516
f 7424 7517 7423
f 7424 7518 7517
f 7425 7520 7519
f 7426 7520 7425
f 7426 7521 7520
f 7427 7521 7426
f 7427 7522 7521
f 7428 7522 7427
f 7428 7523 7522
f 7429 7523 7428
f 7429 7524 7523
f 7430 7524 7429
f 7430 7525 7524
f 7431 7525 7430
f 7431 7526 7525
f 7432 7526 7431
f 7432 7527 7526
f 7433 7527 7432
f 7433 7528 7527
f 7434 7528 7433
f 7434 7529 7528
f 7435 7529 7434
f 7435 7530 7529
f 7436 7530 7435
f 7436 7531 7530
f 7437 7531 7436
f 7437 7532 7531
f 7438 7532 7437
f 7438 7533 7532
f 7439 7533 7438
f 7439 7534 7533
f 7440 7534 7439
f 7440 7535 7534
f 7441 7535 7440
f 7441 7536 7535
f 7442 7536 7441
f 7442 7537 7536
f 7443 7537 7442
f 7443 7538 7537
f 7444 7538 7443
f 7444 7539 7538
f 7445 7539 7444
f 7445 7540 7539
f 7446 7540 7445
f 7446 7541 7540
f 7447 7541 7446
f 7447 7542 7541
f 7448 7542 7447
f 7448 7543 7542
f 7449 7543 7448
f 7449 7544 7543
f 7450 7544 7449
f 7450 7545 7544
f 7451 7545 7450
f 7451 7546 7545
f 7452 7546 7451
f 7452 7547 7546
f 7453 7547 7452
f 7453 7548 7547
f 7454 7548 7453
f 7454 7549 7548
f 7455 7549 7454
f 7455 7550 7549
f 7456 7550 7455
f 7456 7551 7550
f 7457 7551 7456
f 7457 7552 7551
f 7458 7552 7457
f 7458 7553 7552
f 7459 7553 7458
f 7459 7554 7553
f 7460 7554 7459
f 7460 7555 7554
f 7461 7555 7460
f 7461 7556 7555
f 7462 7556 7461
f 7462 7557 7556
f 7463 7557 7462
f 7463 7558 7557
f 7464 7558 7463
f 7464 7559 7558
f 7465 7559 7464
f 7465 7560 7559
f 7466 7560 7465
f 7466 7561 7560
f 7467 7561 7466
f 7467 7562 7561
f 7468 7562 7467
f 7468 7563 7562
f 7469 7563 7468
f 7469 7564 7563
f 7470 7564 7469
f 7470 7565 7564
f 7471 7565 7470
f 7471 7566 7565
f 7472 7566 7471
f 7472 7567 7566
f 7473 7567 7472
f 7473 7568 7567
f 7474 7568 7473
f 7474 7569 7568
f 7475 7569 7474
f 7475 7570 7569
f 7476 7570 7475
f 7476 7571 7570
f 7477 7571 7476
f 7477 7572 7571
f 7478 7572 7477
f 7478 7573 7572
f 7479 7573 7478
f 7479 7574 7573
f 7480 7574 7479
f 7489 7575 7488
f 7489 7576 7575
f 7490 7576 7489
f 7490 7577 7576
f 7491 7577 7490
f 7491 7578 7577
f 7492 7578 7491
f 7492 7579 7578
f 7493 7579 7492
f 7493 7580 7579
f 7494 7580 7493
f 7494 7581 7580
f 7495 7581 7494
f 7495 7582 7581
f 7496 7582 7495
f 7496 7583 7582
f 7497 7583 7496
f 7497 7584 7583
f 7498 7584 7497
f 7498 7585 7584
f 7499 7585 7498
f 7499 7586 7585
f 7500 7586 7499
f 7500 7587 7586
f 7501 7587 7500
f 7501 7588 7587
f 7502 7588 7501
f 7502 7589 7588
f 7503 7589 7502
f 7503 7590 7589
f 7504 7590 7503
f 7505 7592 7591
f 7506 7594 7593
f 7507 7594 7506
f 7507 7595 7594
f 7508 7595 7507
f 7508 7596 7595
f 7509 7596 7508
f 7509 7597 7596
f 7510 7597 7509
f 7510 7598 7597
f 7511 7598 7510
f 7511 7599 7598
f 7512 7599 7511
f 7512 7600 7599
f 7513 7600 7512
f 7513 7601 7600
f 7514 7601 7513
f 7514 7602 7601
f 7515 7602 7514
f 7515 7603 7602
f 7516 7603 7515
f 7516 7604 7603
f 7517 7604 7516
f 7517 7605 7604
f 7518 7605 7517
f 7518 7606 7605
f 7519 7608 7607
f 7520 7608 7519
f 7520 7609 7608
f 7521 7609 7520
f 7521 7610 7609
f 7522 7610 7521
f 7522 7611 7610
f 7523 7611 7522
f 7523 7612 7611
f 7524 7612 7523
f 7524 7613 7612
f 7525 7613 7524
f 7525 7614 7613
f 7526 7614 7525
f 7526 7615 7614
f 7527 7615 7526
f 7527 7616 7615
f 7528 7616 7527
f 7528 7617 7616
f 7529 7617 7528
f 7529 7618 7617
f 7530 7618 7529
f 7530 7619 7618
f 7531 7619 7530
f 7531 7620 7619
f 7532 7620 7531
f 7532 7621 7620
f 7533 7621 7532
f 7533 7622 7621
f 7534 7622 7533
f 7534 7623 7622
f 7535 7623 7534
f 7535 7624 7623
f 7536 7624 7535
f 7536 7625 7624
f 7537 7625 7536
f 7537 7626 7625
f 7538 7626 7537
f 7538 7627 7626
f 7539 7627 7538
f 7539 7628 7627
f 7540 7628 7539
f 7540 7629 7628
f 7541 7629 7540
f 7541 7630 7629
f 7542 7630 7541
f 7542 7631 7630
f 7543 7631 7542
f 7543 7632 7631
f 7544 7632 7543
f 7544 7633 7632
f 7545 7633 7544
f 7545 7634 7633
f 7546 7634 7545
f 7546 7635 7634
f 7547 7635 7546
f 7547 7636 7635
f 7548 7636 7547
f 7548 7637 7636
f 7549 7637 7548
f 7549 7638 7637
f 7550 7638 7549
f 7550 7639 7638
f 7551 7639 7550
f 7551 7640 7639
f 7552 7640 7551
f 7552 7641 7640
f 7553 7641 7552
f 7553 7642 7641
f 7554 7642 7553
f 7554 7643 7642
f 7555 7643 7554
f 7555 7644 7643
f 7556 7644 7555
f 7556 7645 7644
f 7557 7645 7556
f 7557 7646 7645
f 7558 7646 7557
f 7558 7647 7646
f 7559 7647 7558
f 7559 7648 7647
f 7560 7648 7559
f 7560 7649 7648
f 7561 7649 7560
f 7561 7650 7649
f 7562 7650 7561
f 7562 7651 7650
f 7563 7651 7562
f 7563 7652 7651
f 7564 7652 7563
f 7564 7653 7652
f 7565 7653 7564
f 7565 7654 7653
f 7566 7654 7565
f 7566 7655 7654
f 7567 7655 7566
f 7567 7656 7655
f 7568 7656 7567
f 7568 7657 7656
f 7569 7657 7568
f 7569 7658 7657
f 7570 7658 7569
f 7570 7659 7658
f 7571 7659 7570
f 7571 7660 7659
f 7572 7660 7571
f 7572 7661 7660
f 7573 7661 7572
f 7573 7662 7661
f 7574 7662 7573
f 7574 7663 7662
f 7577 7664 7576
f 7577 7665 7664
f 7578 7665 7577
f 7578 7666 7665
f 7579 7666 7578
f 7579 7667 7666
f 7580 7667 7579
f 7580 7668 7667
f 7581 7668 7580
f 7581 7669 7668
f 7582 7669 7581
f 7582 7670 7669
f 7583 7670 7582
f 7583 7671 7670
f 7584 7671 7583
f 7584 7672 7671
f 7585 7672 7584
f 7585 7673 7672
f 7586 7673 7585
f 7586 7674 7673
f 7587 7674 7586
f 7587 7675 7674
f 7588 7675 7587
f 7588 7676 7675
f 7589 7676 7588
f 7589 7677 7676
f 7590 7677 7589
f 7591 7679 7678
f 7592 7679 7591
f 7592 7680 7679
f 7594 7681 7593
f 7594 7682 7681
f 7595 7682 7594
f 7595 7683 7682
f 7596 7683 7595
f 7596 7684 7683
f 7597 7684 7596
f 7597 7685 7684
f 7598 7685 7597
f 7598 7686 7685
f 7599 7686 7598
f 7599 7687 7686
f 7600 7687 7599
f 7600 7688 7687
f 7601 7688 7600
f 7601 7689 7688
f 7602 7689 7601
f 7602 7690 7689
f 7603 7690 7602
f 7603 7691 7690
f 7604 7691 7603
f 7604 7692 7691
f 7605 7692 7604
f 7605 7693 7692
f 7606 7693 7605
f 7606 7694 7693
f 7607 7697 7696
f 7608 7697 7607
f 7608 7698 7697
f 7609 7698 7608
f 7609 7699 7698
f 7610 7699 7609
f 7610 7700 7699
f 7611 7700 7610
f 7611 7701 7700
f 7612 7701 7611
f 7612 7702 7701
f 7613 7702 7612
f 7613 7703 7702
f 7614 7703 7613
f 7614 7704 7703
f 7615 7704 7614
f 7615 7705 7704
f 7616 7705 7615
f 7616 7706 7705
f 7617 7706 7616
f 7617 7707 7706
f 7618 7707 7617
f 7618 7708 7707
f 7619 7708 7618
f 7619 7709 7708
f 7620 7709 7619
f 7620 7710 7709
f 7621 7710 7620
f 7621 7711 7710
f 7622 7711 7621
f 7622 7712 7711
f 7623 7712 7622
f 7623 7713 7712
f 7624 7713 7623
f 7624 7714 7713
f 7625 7714 7624
f 7625 7715 7714
f 7626 7715 7625
f 7626 7716 7715
f 7627 7716 7626
f 7627 7717 7716
f 7628 7717 7627
f 7628 7718 7717
f 7629 7718 7628
f 7629 7719 7718
f 7630 7719 7629
f 7630 7720 7719
f 7631 7720 7630
f 7631 7721 7720
f 7632 7721 7631
f 7632 7722 7721
f 7633 7722 7632
f 7633 7723 7722
f 7634 7723 7633
f 7634 7724 7723
f 7635 7724 7634
f 7635 7725 7724
f 7636 7725 7635
f 7636 7726 7725
f 7637 7726 7636
f 7637 7727 7726
f 7638 7727 7637
f 7638 7728 7727
f 7639 7728 7638
f 7639 7729 7728
f 7640 7729 7639
f 7640 7730 7729
f 7641 7730 7640
f 7641 7731 7730
f 7642 7731 7641
f 7642 7732 7731
f 7643 7732 7642
f 7643 7733 7732
f 7644 7733 7643
f 7644 7734 7733
f 7645 7734 7644
f 7645 7735 7734
f 7646 7735 7645
f 7646 7736 7735
f 7647 7736 7646
f 7647 7737 7736
f 7648 7737 7647
f 7648 7738 7737
f 7649 7738 7648
f 7649 7739 7738
f 7650 7739 7649
f 7650 7740 7739
f 7651 7740 7650
f 7651 7741 7740
f 7652 7741 7651
f 7652 7742 7741
f 7653 7742 7652
f 7653 7743 7742
f 7654 7743 7653
f 7654 7744 7743
f 7655 7744 7654
f 7655 7745 7744
f 7656 7745 7655
f 7656 7746 7745
f 7657 7746 7656
f 7657 7747 7746
f 7658 7747 7657
f 7658 7748 7747
f 7659 7748 7658
f 7659 7749 7748
f 7660 7749 7659
f 7660 7750 7749
f 7661 7750 7660
f 7661 7751 7750
f 7662 7751 7661
f 7663 7752 7662
f 7666 7753 7665
f 7666 7754 7753
f 7667 7754 7666
f 7667 7755 7754
f 7668 7755 7667
f 7668 7756 7755
f 7669 7756 7668
f 7669 7757 7756
f 7670 7757 7669
f 7670 7758 7757
f 7671 7758 7670
f 7671 7759 7758
f 7672 7759 7671
f 7672 7760 7759
f 7673 7760 7672
f 7673 7761 7760
f 7674 7761 7673
f 7674 7762 7761
f 7675 7762 7674
f 7675 7763 7762
f 7676 7763 7675
f 7676 7764 7763
f 7677 7764 7676
f 7677 7765 7764
f 7678 7765 7677
f 7678 7766 7765
f 7679 7766 7678
f 7679 7767 7766
f 7680 7767 7679
f 7682 7768 7681
f 7682 7769 7768
f 7683 7769 7682
f 7683 7770 7769
f 7684 7770 7683
f 7684 7771 7770
f 7685 7771 7684
f 7685 7772 7771
f 7686 7772 7685
f 7686 7773 7772
f 7687 7773 7686
f 7687 7774 7773
f 7688 7774 7687
f 7688 7775 7774
f 7689 7775 7688
f 7689 7776 7775
f 7690 7776 7689
f 7690 7777 7776
f 7691 7777 7690
f 7691 7778 7777
f 7692 7778 7691
f 7692 7779 7778
f 7693 7779 7692
f 7693 7780 7779
f 7694 7780 7693
f 7695 7783 7782
f 7696 7783 7695
f 7696 7784 7783
f 7697 7784 7696
f 7697 7785 7784
f 7698 7785 7697
f 7698 7786 7785
f 7699 7786 7698
f 7699 7787 7786
f 7700 7787 7699
f 7700 7788 7787
f 7701 7788 7700
f 7701 7789 7788
f 7702 7789 7701
f 7702 7790 7789
f 7703 7790 7702
f 7703 7791 7790
f 7704 7791 7703
f 7704 7792 7791
f 7705 7792 7704
f 7705 7793 7792
f 7706 7793 7705
f 7706 7794 7793
f 7707 7794 7706
f 7707 7795 7794
f 7708 7795 7707
f 7708 7796 7795
f 7709 7796 7708
f 7709 7797 7796
f 7710 7797 7709
f 7710 7798 7797
f 7711 7798 7710
f 7711 7799 7798
f 7712 7799 7711
f 7712 7800 7799
f 7713 7800 7712
f 7713 7801 7800
f 7714 7801 7713
f 7714 7802 7801
f 7715 7802 7714
f 7715 7803 7802
f 7716 7803 7715
f 7716 7804 7803
f 7717 7804 7716
f 7717 7805 7804
f 7718 7805 7717
f 7718 7806 7805
f 7719 7806 7718
f 7719 7807 7806
f 7720 7807 7719
f 7720 7808 7807
f 7721 7808 7720
f 7721 7809 7808
f 7722 7809 7721
f 7722 7810 7809
f 7723 7810 7722
f 7723 7811 7810
f 7724 7811 7723
f 7724 7812 7811
f 7725 7812 7724
f 7725 7813 7812
f 7726 7813 7725
f 7726 7814 7813
f 7727 7814 7726
f 7727 7815 7814
f 7728 7815 7727
f 7728 7816 7815
f 7729 7816 7728
f 7729 7817 7816
f 7730 7817 7729
f 7730 7818 7817
f 7731 7818 7730
f 7731 7819 7818
f 7732 7819 7731
f 7732 7820 7819
f 7733 7820 7732
f 7733 7821 7820
f 7734 7821 7733
f 7734 7822 7821
f 7735 7822 7734
f 7735 7823 7822
f 7736 7823 7735
f 7736 7824 7823
f 7737 7824 7736
f 7737 7825 7824
f 7738 7825 7737
f 7738 7826 7825
f 7739 7826 7738
f 7739 7827 7826
f 7740 7827 7739
f 7740 7828 7827
f 7741 7828 7740
f 7741 7829 7828
f 7742 7829 7741
f 7742 7830 7829
f 7743 7830 7742
f 7743 7831 7830
f 7744 7831 7743
f 7744 7832 7831
f 7745 7832 7744
f 7745 7833 7832
f 7746 7833 7745
f 7746 7834 7833
f 7747 7834 7746
f 7747 7835 7834
f 7748 7835 7747
f 7748 7836 7835
f 7749 7836 7748
f 7749 7837 7836
f 7750 7837 7749
f 7750 7838 7837
f 7751 7838 7750
f 7751 7839 7838
f 7756 7840 7755
f 7756 7841 7840
f 7757 7841 7756
f 7757 7842 7841
f 7758 7842 7757
f 7758 7843 7842
f 7759 7843 7758
f 7759 7844 7843
f 7760 7844 7759
f 7760 7845 7844
f 7761 7845 7760
f 7761 7846 7845
f 7762 7846 7761
f 7762 7847 7846
f 7763 7847 7762
f 7763 7848 7847
f 7764 7848 7763
f 7764 7849 7848
f 7765 7849 7764
f 7765 7850 7849
f 7766 7850 7765
f 7766 7851 7850
f 7767 7851 7766
f 7767 7852 7851
f 7769 7853 7768
f 7769 7854 7853
f 7770 7854 7769
f 7770 7855 7854
f 7771 7855 7770
f 7771 7856 7855
f 7772 7856 7771
f 7772 7857 7856
f 7773 7857 7772
f 7773 7858 7857
f 7774 7858 7773
f 7774 7859 7858
f 7775 7859 7774
f 7775 7860 7859
f 7776 7860 7775
f 7776 7861 7860
f 7777 7861 7776
f 7777 7862 7861
f 7778 7862 7777
f 7778 7863 7862
f 7779 7863 7778
f 7779 7864 7863
f 7780 7864 7779
f 7780 7865 7864
f 7781 7865 7780
f 7782 7867 7866
f 7783 7867 7782
f 7783 7868 7867
f 7784 7868 7783
f 7784 7869 7868
f 7785 7869 7784
f 7785 7870 7869
f 7786 7870 7785
f 7786 7871 7870
f 7787 7871 7786
f 7787 7872 7871
f 7788 7872 7787
f 7788 7873 7872
f 7789 7873 7788
f 7789 7874 7873
f 7790 7874 7789
f 7790 7875 7874
f 7791 7875 7790
f 7791 7876 7875
f 7792 7876 7791
f 7792 7877 7876
f 7793 7877 7792
f 7793 7878 7877
f 7794 7878 7793
f 7794 7879 7878
f 7795 7879 7794
f 7795 7880 7879
f 7796 7880 7795
f 7796 7881 7880
f 7797 7881 7796
f 7797 7882 7881
f 7798 7882 7797
f 7798 7883 7882
f 7799 7883 7798
f 7799 7884 7883
f 7800 7884 7799
f 7800 7885 7884
f 7801 7885 7800
f 7801 7886 7885
f 7802 7886 7801
f 7802 7887 7886
f 7803 7887 7802
f 7803 7888 7887
f 7804 7888 7803
f 7804 7889 7888
f 7805 7889 7804
f 7805 7890 7889
f 7806 7890 7805
f 7806 7891 7890
f 7807 7891 7806
f 7807 7892 7891
f 7808 7892 7807
f 7808 7893 7892
f 7809 7893 7808
f 7809 7894 7893
f 7810 7894 7809
f 7810 7895 7894
f 7811 7895 7810
f 7811 7896 7895
f 7812 7896 7811
f 7812 7897 7896
f 7813 7897 7812
f 7813 7898 7897
f 7814 7898 7813
f 7814 7899 7898
f 7815 7899 7814
f 7815 7900 7899
f 7816 7900 7815
f 7816 7901 7900
f 7817 7901 7816
f 7817 7902 7901
f 7818 7902 7817
f 7818 7903 7902
f 7819 7903 7818
f 7819 7904 7903
f 7820 7904 7819
f 7820 7905 7904
f 7821 7905 7820
f 7821 7906 7905
f 7822 7906 7821
f 7822 7907 7906
f 7823 7907 7822
f 7823 7908 7907
f 7824 7908 7823
f 7824 7909 7908
f 7825 7909 7824
f 7825 7910 7909
f 7826 7910 7825
f 7826 7911 7910
f 7827 7911 7826
f 7827 7912 7911
f 7828 7912 7827
f 7828 7913 7912
f 7829 7913 7828
f 7829 7914 7913
f 7830 7914 7829
f 7830 7915 7914
f 7831 7915 7830
f 7831 7916 7915
f 7832 7916 7831
f 7832 7917 7916
f 7833 7917 7832
f 7833 7918 7917
f 7834 7918 7833
f 7834 7919 7918
f 7835 7919 7834
f 7835 7920 7919
f 7836 7920 7835
f 7836 7921 7920
f 7837 7921 7836
f 7837 7922 7921
f 7838 7922 7837
f 7838 7923 7922
f 7839 7923 7838
f 7839 7924 7923
f 7842 7925 7841
f 7842 7926 7925
f 7843 7926 7842
f 7843 7927 7926
f 7844 7927 7843
f 7844 7928 7927
f 7845 7928 7844
f 7845 7929 7928
f 7846 7929 7845
f 7846 7930 7929
f 7847 7930 7846
f 7847 7931 7930
f 7848 7931 7847
f 7848 7932 7931
f 7849 7932 7848
f 7849 7933 7932
f 7850 7933 7849
f 7850 7934 7933
f 7851 7934 7850
f 7851 7935 7934
f 7852 7935 7851
f 7854 7936 7853
f 7854 7937 7936
f 7855 7937 7854
f 7855 7938 7937
f 7856 7938 7855
f 7856 7939 7938
f 7857 7939 7856
f 7857 7940 7939
f 7858 7940 7857
f 7858 7941 7940
f 7859 7941 7858
f 7859 7942 7941
f 7860 7942 7859
f 7860 7943 7942
f 7861 7943 7860
f 7861 7944 7943
f 7862 7944 7861
f 7862 7945 7944
f 7863 7945 7862
f 7863 7946 7945
f 7864 7946 7863
f 7864 7947 7946
f 7865 7947 7864
f 7866 7949 7948
f 7867 7949 7866
f 7867 7950 7949
f 7868 7950 7867
f 7868 7951 7950
f 7869 7951 7868
f 7869 7952 7951
f 7870 7952 7869
f 7870 7953 7952
f 7871 7953 7870
f 7871 7954 7953
f 7872 7954 7871
f 7872 7955 7954
f 7873 7955 7872
f 7873 7956 7955
f 7874 7956 7873
f 7874 7957 7956
f 7875 7957 7874
f 7875 7958 7957
f 7876 7958 7875
f 7876 7959 7958
f 7877 7959 7876
f 7877 7960 7959
f 7878 7960 7877
f 7878 7961 7960
f 7879 7961 7878
f 7879 7962 7961
f 7880 7962 7879
f 7880 7963 7962
f 7881 7963 7880
f 7881 7964 7963
f 7882 7964 7881
f 7882 7965 7964
f 7883 7965 7882
f 7883 7966 7965
f 7884 7966 7883
f 7884 7967 7966
f 7885 7967 7884
f 7885 7968 7967
f 7886 7968 7885
f 7886 7969 7968
f 7887 7969 7886
f 7887 7970 7969
f 7888 7970 7887
f 7888 7971 7970
f 7889 7971 7888
f 7889 7972 7971
f 7890 7972 7889
f 7890 7973 7972
f 7891 7973 7890
f 7891 7974 7973
f 7892 7974 7891
f 7892 7975 7974
f 7893 7975 7892
f 7893 7976 7975
f 7894 7976 7893
f 7894 7977 7976
f 7895 7977 7894
f 7895 7978 7977
f 7896 7978 7895
f 7896 7979 7978
f 7897 7979 7896
f 7897 7980 7979
f 7898 7980 7897
f 7898 7981 7980
f 7899 7981 7898
f 7899 7982 7981
f 7900 7982 7899
f 7900 7983 7982
f 7901 7983 7900
f 7901 7984 7983
f 7902 7984 7901
f 7902 7985 7984
f 7903 7985 7902
f 7903 7986 7985
f 7904 7986 7903
f 7904 7987 7986
f 7905 7987 7904
f 7905 7988 7987
f 7906 7988 7905
f 7906 7989 7988
f 7907 7989 7906
f 7907 7990 7989
f 7908 7990 7907
f 7908 7991 7990
f 7909 7991 7908
f 7909 7992 7991
f 7910 7992 7909
f 7910 7993 7992
f 7911 7993 7910
f 7911 7994 7993
f 7912 7994 7911
f 7912 7995 7994
f 7913 7995 7912
f 7913 7996 7995
f 7914 7996 7913
f 7914 7997 7996
f 7915 7997 7914
f 7915 7998 7997
f 7916 7998 7915
f 7916 7999 7998
f 7917 7999 7916
f 7917 8000 7999
f 7918 8000 7917
f 7918 8001 8000
f 7919 8001 7918
f 7919 8002 8001
f 7920 8002 7919
f 7920 8003 8002
f 7921 8003 7920
f 7921 8004 8003
f 7922 8004 7921
f 7922 8005 8004
f 7923 8005 7922
f 7923 8006 8005
f 7924 8006 7923
f 7924 8007 8006
f 7927 8009 7926
f 7927 8010 8009
f 7928 8010 7927
f 7928 8011 8010
f 7929 8011 7928
f 7929 8012 8011
f 7930 8012 7929
f 7930 8013 8012
f 7931 8013 7930
f 7931 8014 8013
f 7932 8014 7931
f 7932 8015 8014
f 7933 8015 7932
f 7933 8016 8015
f 7934 8016 7933
f 7934 8017 8016
f 7935 8017 7934
f 7935 8018 8017
f 7936 8020 8019
f 7937 8020 7936
f 7937 8021 8020
f 7938 8021 7937
f 7938 8022 8021
f 7939 8022 7938
f 7939 8023 8022
f 7940 8023 7939
f 7940 8024 8023
f 7941 8024 7940
f 7941 8025 8024
f 7942 8025 7941
f 7942 8026 8025
f 7943 8026 7942
f 7943 8027 8026
f 7944 8027 7943
f 7944 8028 8027
f 7945 8028 7944
f 7945 8029 8028
f 7946 8029 7945
f 7946 8030 8029
f 7947 8030 7946
f 7948 8032 8031
f 7949 8032 7948
f 7949 8033 8032
f 7950 8033 7949
f 7950 8034 8033
f 7951 8034 7950
f 7951 8035 8034
f 7952 8035 7951
f 7952 8036 8035
f 7953 8036 7952
f 7953 8037 8036
f 7954 8037 7953
f 7954 8038 8037
f 7955 8038 7954
f 7955 8039 8038
f 7956 8039 7955
f 7956 8040 8039
f 7957 8040 7956
f 7957 8041 8040
f 7958 8041 7957
f 7958 8042 8041
f 7959 8042 7958
f 7959 8043 8042
f 7960 8043 7959
f 7960 8044 8043
f 7961 8044 7960
f 7961 8045 8044
f 7962 8045 7961
f 7962 8046 8045
f 7963 8046 7962
f 7963 8047 8046
f 7964 8047 7963
f 7964 8048 8047
f 7965 8048 7964
f 7965 8049 8048
f 7966 8049 7965
f 7966 8050 8049
f 7967 8050 7966
f 7967 8051 8050
f 7968 8051 7967
f 7968 8052 8051
f 7969 8052 7968
f 7969 8053 8052
f 7970 8053 7969
f 7970 8054 8053
f 7971 8054 7970
f 7971 8055 8054
f 7972 8055 7971
f 7972 8056 8055
f 7973 8056 7972
f 7973 8057 8056
f 7974 8057 7973
f 7974 8058 8057
f 7975 8058 7974
f 7975 8059 8058
f 7976 8059 7975
f 7976 8060 8059
f 7977 8060 7976
f 7977 8061 8060
f 7978 8061 7977
f 7978 8062 8061
f 7979 8062 7978
f 7979 8063 8062
f 7980 8063 7979
f 7980 8064 8063
f 7981 8064 7980
f 7981 8065 8064
f 7982 8065 7981
f 7982 8066 8065
f 7983 8066 7982
f 7983 8067 8066
f 7984 8067 7983
f 7984 8068 8067
f 7985 8068 7984
f 7985 8069 8068
f 7986 8069 7985
f 7986 8070 8069
f 7987 8070 7986
f 7987 8071 8070
f 7988 8071 7987
f 7988 8072 8071
f 7989 8072 7988
f 7989 8073 8072
f 7990 8073 7989
f 7990 8074 8073
f 7991 8074 7990
f 7991 8075 8074
f 7992 8075 7991
f 7992 8076 8075
f 7993 8076 7992
f 7993 8077 8076
f 7994 8077 7993
f 7994 8078 8077
f 7995 8078 7994
f 7995 8079 8078
f 7996 8079 7995
f 7996 8080 8079
f 7997 8080 7996
f 7997 8081 8080
f 7998 8081 7997
f 7998 8082 8081
f 7999 8082 7998
f 7999 8083 8082
f 8000 8083 7999
f 8000 8084 8083
f 8001 8084 8000
f 8001 8085 8084
f 8002 8085 8001
f 8002 8086 8085
f 8003 8086 8002
f 8003 8087 8086
f 8004 8087 8003
f 8004 8088 8087
f 8005 8088 8004
f 8005 8089 8088
f 8006 8089 8005
f 8006 8090 8089
f 8007 8090 8006
f 8007 8091 8090
f 8008 8091 8007
f 8008 8092 8091
f 8011 8093 8010
f 8011 8094 8093
f 8012 8094 8011
f 8012 8095 8094
f 8013 8095 8012
f 8013 8096 8095
f 8014 8096 8013
f 8014 8097 8096
f 8015 8097 8014
f 8015 8098 8097
f 8016 8098 8015
f 8016 8099 8098
f 8017 8099 8016
f 8017 8100 8099
f 8018 8100 8017
f 8018 8101 8100
f 8020 8104 8103
f 8021 8105 8104
f 8022 8105 8021
f 8022 8106 8105
f 8023 8106 8022
f 8023 8107 8106
f 8024 8107 8023
f 8024 8108 8107
f 8025 8108 8024
f 8025 8109 8108
f 8026 8109 8025
f 8026 8110 8109
f 8027 8110 8026
f 8027 8111 8110
f 8028 8111 8027
f 8028 8112 8111
f 8029 8112 8028
f 8029 8113 8112
f 8030 8113 8029
f 8030 8114 8113
f 8031 8118 8117
f 8032 8118 8031
f 8032 8119 8118
f 8033 8119 8032
f 8033 8120 8119
f 8034 8120 8033
f 8034 8121 8120
f 8035 8121 8034
f 8035 8122 8121
f 8036 8122 8035
f 8036 8123 8122
f 8037 8123 8036
f 8037 8124 8123
f 8038 8124 8037
f 8038 8125 8124
f 8039 8125 8038
f 8039 8126 8125
f 8040 8126 8039
f 8040 8127 8126
f 8041 8127 8040
f 8041 8128 8127
f 8042 8128 8041
f 8042 8129 8128
f 8043 8129 8042
f 8043 8130 8129
f 8044 8130 8043
f 8044 8131 8130
f 8045 8131 8044
f 8045 8132 8131
f 8046 8132 8045
f 8046 8133 8132
f 8047 8133 8046
f 8047 8134 8133
f 8048 8134 8047
f 8048 8135 8134
f 8049 8135 8048
f 8049 8136 8135
f 8050 8136 8049
f 8050 8137 8136
f 8051 8137 8050
f 8051 8138 8137
f 8052 8138 8051
f 8052 8139 8138
f 8053 8139 8052
f 8053 8140 8139
f 8054 8140 8053
f 8054 8141 8140
f 8055 8141 8054
f 8055 8142 8141
f 8056 8142 8055
f 8056 8143 8142
f 8057 8143 8056
f 8057 8144 8143
f 8058 8144 8057
f 8058 8145 8144
f 8059 8145 8058
f 8059 8146 8145
f 8060 8146 8059
f 8060 8147 8146
f 8061 8147 8060
f 8061 8148 8147
f 8062 8148 8061
f 8062 8149 8148
f 8063 8149 8062
f 8063 8150 8149
f 8064 8150 8063
f 8064 8151 8150
f 8065 8151 8064
f 8065 8152 8151
f 8066 8152 8065
f 8066 8153 8152
f 8067 8153 8066
f 8067 8154 8153
f 8068 8154 8067
f 8068 8155 8154
f 8069 8155 8068
f 8069 8156 8155
f 8070 8156 8069
f 8070 8157 8156
f 8071 8157 8070
f 8071 8158 8157
f 8072 8158 8071
f 8072 8159 8158
f 8073 8159 8072
f 8073 8160 8159
f 8074 8160 8073
f 8074 8161 8160
f 8075 8161 8074
f 8075 8162 8161
f 8076 8162 8075
f 8076 8163 8162
f 8077 8163 8076
f 8077 8164 8163
f 8078 8164 8077
f 8078 8165 8164
f 8079 8165 8078
f 8079 8166 8165
f 8080 8166 8079
f 8080 8167 8166
f 8081 8167 8080
f 8081 8168 8167
f 8082 8168 8081
f 8082 8169 8168
f 8083 8169 8082
f 8083 8170 8169
f 8084 8170 8083
f 8084 8171 8170
f 8085 8171 8084
f 8085 8172 8171
f 8086 8172 8085
f 8086 8173 8172
f 8087 8173 8086
f 8090 8176 8089
f 8090 8177 8176
f 8091 8177 8090
f 8091 8178 8177
f 8092 8178 8091
f 8092 8179 8178
f 8095 8181 8094
f 8095 8182 8181
f 8096 8182 8095
f 8096 8183 8182
f 8097 8183 8096
f 8097 8184 8183
f 8098 8184 8097
f 8098 8185 8184
f 8099 8185 8098
f 8099 8186 8185
f 8100 8186 8099
f 8100 8187 8186
f 8101 8187 8100
f 8101 8188 8187
f 8102 8190 8189
f 8103 8190 8102
f 8103 8191 8190
f 8104 8191 8103
f 8104 8192 8191
f 8105 8192 8104
f 8105 8193 8192
f 8106 8193 8105
f 8106 8194 8193
f 8107 8194 8106
f 8107 8195 8194
f 8108 8195 8107
f 8108 8196 8195
f 8109 8196 8108
f 8109 8197 8196
f 8110 8197 8109
f 8110 8198 8197
f 8111 8198 8110
f 8111 8199 8198
f 8112 8199 8111
f 8112 8200 8199
f 8113 8200 8112
f 8113 8201 8200
f 8114 8201 8113
f 8115 8203 8202
f 8116 8203 8115
f 8116 8204 8203
f 8117 8204 8116
f 8117 8205 8204
f 8118 8205 8117
f 8118 8206 8205
f 8119 8206 8118
f 8119 8207 8206
f 8120 8207 8119
f 8120 8208 8207
f 8121 8208 8120
f 8121 8209 8208
f 8122 8209 8121
f 8122 8210 8209
f 8123 8210 8122
f 8123 8211 8210
f 8124 8211 8123
f 8124 8212 8211
f 8125 8212 8124
f 8125 8213 8212
f 8126 8213 8125
f 8126 8214 8213
f 8127 8214 8126
f 8127 8215 8214
f 8128 8215 8127
f 8128 8216 8215
f 8129 8216 8128
f 8129 8217 8216
f 8130 8217 8129
f 8130 8218 8217
f 8131 8218 8130
f 8131 8219 8218
f 8132 8219 8131
f 8132 8220 8219
f 8133 8220 8132
f 8133 8221 8220
f 8134 8221 8133
f 8134 8222 8221
f 8135 8222 8134
f 8135 8223 8222
f 8136 8223 8135
f 8136 8224 8223
f 8137 8224 8136
f 8137 8225 8224
f 8138 8225 8137
f 8138 8226 8225
f 8139 8226 8138
f 8139 8227 8226
f 8140 8227 8139
f 8140 8228 8227
f 8141 8228 8140
f 8141 8229 8228
f 8142 8229 8141
f 8142 8230 8229
f 8143 8230 8142
f 8143 8231 8230
f 8144 8231 8143
f 8144 8232 8231
f 8145 8232 8144
f 8145 8233 8232
f 8146 8233 8145
f 8146 8234 8233
f 8147 8234 8146
f 8147 8235 8234
f 8148 8235 8147
f 8148 8236 8235
f 8149 8236 8148
f 8149 8237 8236
f 8150 8237 8149
f 8150 8238 8237
f 8151 8238 8150
f 8151 8239 8238
f 8152 8239 8151
f 8152 8240 8239
f 8153 8240 8152
f 8153 8241 8240
f 8154 8241 8153
f 8154 8242 8241
f 8155 8242 8154
f 8155 8243 8242
f 8156 8243 8155
f 8156 8244 8243
f 8157 8244 8156
f 8157 8245 8244
f 8158 8245 8157
f 8158 8246 8245
f 8159 8246 8158
f 8159 8247 8246
f 8160 8247 8159
f 8160 8248 8247
f 8161 8248 8160
f 8161 8249 8248
f 8162 8249 8161
f 8162 8250 8249
f 8163 8250 8162
f 8163 8251 8250
f 8164 8251 8163
f 8164 8252 8251
f 8165 8252 8164
f 8165 8253 8252
f 8166 8253 8165
f 8166 8254 8253
f 8167 8254 8166
f 8167 8255 8254
f 8168 8255 8167
f 8168 8256 8255
f 8169 8256 8168
f 8169 8257 8256
f 8170 8257 8169
f 8170 8258 8257
f 8171 8258 8170
f 8171 8259 8258
f 8172 8259 8171
f 8172 8260 8259
f 8173 8260 8172
f 8174 8262 8261
f 8175 8262 8174
f 8175 8263 8262
f 8178 8265 8177
f 8178 8266 8265
f 8179 8266 8178
f 8179 8267 8266
f 8180 8267 8179
f 8180 8268 8267
f 8183 8269 8182
f 8183 8270 8269
f 8184 8270 8183
f 8184 8271 8270
f 8185 8271 8184
f 8185 8272 8271
f 8186 8272 8185
f 8186 8273 8272
f 8187 8273 8186
f 8187 8274 8273
f 8188 8274 8187
f 8190 8275 8189
f 8190 8276 8275
f 8191 8276 8190
f 8191 8277 8276
f 8192 8277 8191
f 8192 8278 8277
f 8193 8278 8192
f 8193 8279 8278
f 8194 8279 8193
f 8194 8280 8279
f 8195 8280 8194
f 8195 8281 8280
f 8196 8281 8195
f 8196 8282 8281
f 8197 8282 8196
f 8197 8283 8282
f 8198 8283 8197
f 8198 8284 8283
f 8199 8284 8198
f 8199 8285 8284
f 8200 8285 8199
f 8200 8286 8285
f 8201 8286 8200
f 8201 8287 8286
f 8203 8288 8202
f 8203 8289 8288
f 8204 8289 8203
f 8204 8290 8289
f 8205 8290 8204
f 8205 8291 8290
f 8206 8291 8205
f 8206 8292 8291
f 8207 8292 8206
f 8207 8293 8292
f 8208 8293 8207
f 8208 8294 8293
f 8209 8294 8208
f 8209 8295 8294
f 8210 8295 8209
f 8210 8296 8295
f 8211 8296 8210
f 8211 8297 8296
f 8212 8297 8211
f 8212 8298 8297
f 8213 8298 8212
f 8213 8299 8298
f 8214 8299 8213
f 8214 8300 8299
f 8215 8300 8214
f 8215 8301 8300
f 8216 8301 8215
f 8216 8302 8301
f 8217 8302 8216
f 8217 8303 8302
f 8218 8303 8217
f 8218 8304 8303
f 8219 8304 8218
f 8219 8305 8304
f 8220 8305 8219
f 8220 8306 8305
f 8221 8306 8220
f 8221 8307 8306
f 8222 8307 8221
f 8222 8308 8307
f 8223 8308 8222
f 8223 8309 8308
f 8224 8309 8223
f 8224 8310 8309
f 8225 8310 8224
f 8225 8311 8310
f 8226 8311 8225
f 8226 8312 8311
f 8227 8312 8226
f 8227 8313 8312
f 8228 8313 8227
f 8228 8314 8313
f 8229 8314 8228
f 8229 8315 8314
f 8230 8315 8229
f 8230 8316 8315
f 8231 8316 8230
f 8231 8317 8316
f 8232 8317 8231
f 8232 8318 8317
f 8233 8318 8232
f 8233 8319 8318
f 8234 8319 8233
f 8234 8320 8319
f 8235 8320 8234
f 8235 8321 8320
f 8236 8321 8235
f 8236 8322 8321
f 8237 8322 8236
f 8237 8323 8322
f 8238 8323 8237
f 8238 8324 8323
f 8239 8324 8238
f 8239 8325 8324
f 8240 8325 8239
f 8240 8326 8325
f 8241 8326 8240
f 8241 8327 8326
f 8242 8327 8241
f 8242 8328 8327
f 8243 8328 8242
f 8243 8329 8328
f 8244 8329 8243
f 8244 8330 8329
f 8245 8330 8244
f 8245 8331 8330
f 8246 8331 8245
f 8246 8332 8331
f 8247 8332 8246
f 8247 8333 8332
f 8248 8333 8247
f 8248 8334 8333
f 8249 8334 8248
f 8249 8335 8334
f 8250 8335 8249
f 8250 8336 8335
f 8251 8336 8250
f 8251 8337 8336
f 8252 8337 8251
f 8252 8338 8337
f 8253 8338 8252
f 8253 8339 8338
f 8254 8339 8253
f 8254 8340 8339
f 8255 8340 8254
f 8255 8341 8340
f 8256 8341 8255
f 8256 8342 8341
f 8257 8342 8256
f 8257 8343 8342
f 8258 8343 8257
f 8258 8344 8343
f 8259 8344 8258
f 8259 8345 8344
f 8260 8345 8259
f 8261 8347 8346
f 8262 8347 8261
f 8262 8348 8347
f 8263 8348 8262
f 8263 8349 8348
f 8264 8349 8263
f 8264 8350 8349
f 8266 8351 8265
f 8266 8352 8351
f 8267 8352 8266
f 8267 8353 8352
f 8268 8353 8267
f 8268 8354 8353
f 8271 8356 8270
f 8271 8357 8356
f 8272 8357 8271
f 8272 8358 8357
f 8273 8358 8272
f 8273 8359 8358
f 8274 8359 8273
f 8274 8360 8359
f 8275 8362 8361
f 8276 8362 8275
f 8276 8363 8362
f 8277 8363 8276
f 8277 8364 8363
f 8278 8364 8277
f 8278 8365 8364
f 8279 8365 8278
f 8279 8366 8365
f 8280 8366 8279
f 8280 8367 8366
f 8281 8367 8280
f 8281 8368 8367
f 8282 8368 8281
f 8282 8369 8368
f 8283 8369 8282
f 8283 8370 8369
f 8284 8370 8283
f 8284 8371 8370
f 8285 8371 8284
f 8285 8372 8371
f 8286 8372 8285
f 8286 8373 8372
f 8287 8373 8286
f 8287 8374 8373
f 8288 8376 8375
f 8289 8376 8288
f 8289 8377 8376
f 8290 8377 8289
f 8290 8378 8377
f 8291 8378 8290
f 8291 8379 8378
f 8292 8379 8291
f 8292 8380 8379
f 8293 8380 8292
f 8293 8381 8380
f 8294 8381 8293
f 8294 8382 8381
f 8295 8382 8294
f 8295 8383 8382
f 8296 8383 8295
f 8296 8384 8383
f 8297 8384 8296
f 8297 8385 8384
f 8298 8385 8297
f 8298 8386 8385
f 8299 8386 8298
f 8299 8387 8386
f 8300 8387 8299
f 8300 8388 8387
f 8301 8388 8300
f 8301 8389 8388
f 8302 8389 8301
f 8302 8390 8389
f 8303 8390 8302
f 8303 8391 8390
f 8304 8391 8303
f 8304 8392 8391
f 8305 8392 8304
f 8305 8393 8392
f 8306 8393 8305
f 8306 8394 8393
f 8307 8394 8306
f 8307 8395 8394
f 8308 8395 8307
f 8308 8396 8395
f 8309 8396 8308
f 8309 8397 8396
f 8310 8397 8309
f 8310 8398 8397
f 8311 8398 8310
f 8311 8399 8398
f 8312 8399 8311
f 8312 8400 8399
f 8313 8400 8312
f 8313 8401 8400
f 8314 8401 8313
f 8314 8402 8401
f 8315 8402 8314
f 8315 8403 8402
f 8316 8403 8315
f 8316 8404 8403
f 8317 8404 8316
f 8317 8405 8404
f 8318 8405 8317
f 8318 8406 8405
f 8319 8406 8318
f 8319 8407 8406
f 8320 8407 8319
f 8320 8408 8407
f 8321 8408 8320
f 8321 8409 8408
f 8322 8409 8321
f 8322 8410 8409
f 8323 8410 8322
f 8323 8411 8410
f 8324 8411 8323
f 8324 8412 8411
f 8325 8412 8324
f 8325 8413 8412
f 8326 8413 8325
f 8326 8414 8413
f 8327 8414 8326
f 8327 8415 8414
f 8328 8415 8327
f 8328 8416 8415
f 8329 8416 8328
f 8329 8417 8416
f 8330 8417 8329
f 8330 8418 8417
f 8331 8418 8330
f 8331 8419 8418
f 8332 8419 8331
f 8332 8420 8419
f 8333 8420 8332
f 8333 8421 8420
f 8334 8421 8333
f 8334 8422 8421
f 8335 8422 8334
f 8335 8423 8422
f 8336 8423 8335
f 8336 8424 8423
f 8337 8424 8336
f 8337 8425 8424
f 8338 8425 8337
f 8338 8426 8425
f 8339 8426 8338
f 8339 8427 8426
f 8340 8427 8339
f 8340 8428 8427
f 8341 8428 8340
f 8341 8429 8428
f 8342 8429 8341
f 8342 8430 8429
f 8343 8430 8342
f 8343 8431 8430
f 8344 8431 8343
f 8344 8432 8431
f 8345 8432 8344
f 8345 8433 8432
f 8347 8434 8346
f 8347 8435 8434
f 8348 8435 8347
f 8348 8436 8435
f 8349 8436 8348
f 8349 8437 8436
f 8350 8437 8349
f 8350 8438 8437
f 8353 8440 8352
f 8353 8441 8440
f 8354 8441 8353
f 8354 8442 8441
f 8355 8442 8354
f 8355 8443 8442
f 8358 8444 8357
f 8358 8445 8444
f 8359 8445 8358
f 8359 8446 8445
f 8360 8446 8359
f 8361 8448 8447
f 8362 8448 8361
f 8362 8449 8448
f 8363 8449 8362
f 8363 8450 8449
f 8364 8450 8363
f 8364 8451 8450
f 8365 8451 8364
f 8365 8452 8451
f 8366 8452 8365
f 8366 8453 8452
f 8367 8453 8366
f 8367 8454 8453
f 8368 8454 8367
f 8368 8455 8454
f 8369 8455 8368
f 8369 8456 8455
f 8370 8456 8369
f 8370 8457 8456
f 8371 8457 8370
f 8371 8458 8457
f 8372 8458 8371
f 8372 8459 8458
f 8373 8459 8372
f 8373 8460 8459
f 8374 8460 8373
f 8374 8461 8460
f 8376 8462 8375
f 8376 8463 8462
f 8377 8463 8376
f 8377 8464 8463
f 8378 8464 8377
f 8378 8465 8464
f 8379 8465 8378
f 8379 8466 8465
f 8380 8466 8379
f 8380 8467 8466
f 8381 8467 8380
f 8381 8468 8467
f 8382 8468 8381
f 8382 8469 8468
f 8383 8469 8382
f 8383 8470 8469
f 8384 8470 8383
f 8384 8471 8470
f 8385 8471 8384
f 8385 8472 8471
f 8386 8472 8385
f 8386 8473 8472
f 8387 8473 8386
f 8387 8474 8473
f 8388 8474 8387
f 8388 8475 8474
f 8389 8475 8388
f 8389 8476 8475
f 8390 8476 8389
f 8390 8477 8476
f 8391 8477 8390
f 8391 8478 8477
f 8392 8478 8391
f 8392 8479 8478
f 8393 8479 8392
f 8393 8480 8479
f 8394 8480 8393
f 8394 8481 8480
f 8395 8481 8394
f 8395 8482 8481
f 8396 8482 8395
f 8396 8483 8482
f 8397 8483 8396
f 8397 8484 8483
f 8398 8484 8397
f 8398 8485 8484
f 8399 8485 8398
f 8399 8486 8485
f 8400 8486 8399
f 8400 8487 8486
f 8401 8487 8400
f 8401 8488 8487
f 8402 8488 8401
f 8402 8489 8488
f 8403 8489 8402
f 8403 8490 8489
f 8404 8490 8403
f 8404 8491 8490
f 8405 8491 8404
f 8405 8492 8491
f 8406 8492 8405
f 8406 8493 8492
f 8407 8493 8406
f 8407 8494 8493
f 8408 8494 8407
f 8408 8495 8494
f 8409 8495 8408
f 8409 8496 8495
f 8410 8496 8409
f 8410 8497 8496
f 8411 8497 8410
f 8411 8498 8497
f 8412 8498 8411
f 8412 8499 8498
f 8413 8499 8412
f 8413 8500 8499
f 8414 8500 8413
f 8414 8501 8500
f 8415 8501 8414
f 8415 8502 8501
f 8416 8502 8415
f 8416 8503 8502
f 8417 8503 8416
f 8417 8504 8503
f 8418 8504 8417
f 8418 8505 8504
f 8419 8505 8418
f 8419 8506 8505
f 8420 8506 8419
f 8420 8507 8506
f 8421 8507 8420
f 8421 8508 8507
f 8422 8508 8421
f 8422 8509 8508
f 8423 8509 8422
f 8423 8510 8509
f 8424 8510 8423
f 8424 8511 8510
f 8425 8511 8424
f 8425 8512 8511
f 8426 8512 8425
f 8426 8513 8512
f 8427 8513 8426
f 8427 8514 8513
f 8428 8514 8427
f 8428 8515 8514
f 8429 8515 8428
f 8429 8516 8515
f 8430 8516 8429
f 8430 8517 8516
f 8431 8517 8430
f 8431 8518 8517
f 8432 8518 8431
f 8432 8519 8518
f 8433 8519 8432
f 8434 8521 8520
f 8435 8521 8434
f 8435 8522 8521
f 8436 8522 8435
f 8436 8523 8522
f 8437 8523 8436
f 8437 8524 8523
f 8438 8524 8437
f 8438 8525 8524
f 8439 8525 8438
f 8439 8526 8525
f 8441 8527 8440
f 8441 8528 8527
f 8442 8528 8441
f 8442 8529 8528
f 8443 8529 8442
f 8443 8530 8529
f 8446 8531 8445
f 8446 8532 8531
f 8448 8534 8533
f 8449 8534 8448
f 8449 8535 8534
f 8450 8535 8449
f 8450 8536 8535
f 8451 8536 8450
f 8451 8537 8536
f 8452 8537 8451
f 8452 8538 8537
f 8453 8538 8452
f 8453 8539 8538
f 8454 8539 8453
f 8454 8540 8539
f 8455 8540 8454
f 8455 8541 8540
f 8456 8541 8455
f 8456 8542 8541
f 8457 8542 8456
f 8457 8543 8542
f 8458 8543 8457
f 8458 8544 8543
f 8459 8544 8458
f 8459 8545 8544
f 8460 8545 8459
f 8460 8546 8545
f 8461 8546 8460
f 8463 8547 8462
f 8463 8548 8547
f 8464 8548 8463
f 8464 8549 8548
f 8465 8549 8464
f 8465 8550 8549
f 8466 8550 8465
f 8466 8551 8550
f 8467 8551 8466
f 8467 8552 8551
f 8468 8552 8467
f 8468 8553 8552
f 8469 8553 8468
f 8469 8554 8553
f 8470 8554 8469
f 8470 8555 8554
f 8471 8555 8470
f 8471 8556 8555
f 8472 8556 8471
f 8472 8557 8556
f 8473 8557 8472
f 8473 8558 8557
f 8474 8558 8473
f 8474 8559 8558
f 8475 8559 8474
f 8475 8560 8559
f 8476 8560 8475
f 8476 8561 8560
f 8477 8561 8476
f 8477 8562 8561
f 8478 8562 8477
f 8478 8563 8562
f 8479 8563 8478
f 8479 8564 8563
f 8480 8564 8479
f 8480 8565 8564
f 8481 8565 8480
f 8481 8566 8565
f 8482 8566 8481
f 8482 8567 8566
f 8483 8567 8482
f 8483 8568 8567
f 8484 8568 8483
f 8484 8569 8568
f 8485 8569 8484
f 8485 8570 8569
f 8486 8570 8485
f 8486 8571 8570
f 8487 8571 8486
f 8487 8572 8571
f 8488 8572 8487
f 8488 8573 8572
f 8489 8573 8488
f 8489 8574 8573
f 8490 8574 8489
f 8490 8575 8574
f 8491 8575 8490
f 8491 8576 8575
f 8492 8576 8491
f 8492 8577 8576
f 8493 8577 8492
f 8493 8578 8577
f 8494 8578 8493
f 8494 8579 8578
f 8495 8579 8494
f 8495 8580 8579
f 8496 8580 8495
f 8496 8581 8580
f 8497 8581 8496
f 8497 8582 8581
f 8498 8582 8497
f 8498 8583 8582
f 8499 8583 8498
f 8499 8584 8583
f 8500 8584 8499
f 8500 8585 8584
f 8501 8585 8500
f 8501 8586 8585
f 8502 8586 8501
f 8502 8587 8586
f 8503 8587 8502
f 8503 8588 8587
f 8504 8588 8503
f 8504 8589 8588
f 8505 8589 8504
f 8505 8590 8589
f 8506 8590 8505
f 8506 8591 8590
f 8507 8591 8506
f 8507 8592 8591
f 8508 8592 8507
f 8508 8593 8592
f 8509 8593 8508
f 8509 8594 8593
f 8510 8594 8509
f 8510 8595 8594
f 8511 8595 8510
f 8511 8596 8595
f 8512 8596 8511
f 8512 8597 8596
f 8513 8597 8512
f 8513 8598 8597
f 8514 8598 8513
f 8514 8599 8598
f 8515 8599 8514
f 8515 8600 8599
f 8516 8600 8515
f 8516 8601 8600
f 8517 8601 8516
f 8517 8602 8601
f 8518 8602 8517
f 8518 8603 8602
f 8519 8603 8518
f 8520 8605 8604
f 8521 8605 8520
f 8521 8606 8605
f 8522 8606 8521
f 8522 8607 8606
f 8523 8607 8522
f 8523 8608 8607
f 8524 8608 8523
f 8524 8609 8608
f 8525 8609 8524
f 8525 8610 8609
f 8526 8610 8525
f 8526 8611 8610
f 8529 8613 8528
f 8529 8614 8613
f 8530 8614 8529
f 8530 8615 8614
f 8534 8616 8533
f 8534 8617 8616
f 8535 8617 8534
f 8535 8618 8617
f 8536 8618 8535
f 8536 8619 8618
f 8537 8619 8536
f 8537 8620 8619
f 8538 8620 8537
f 8538 8621 8620
f 8539 8621 8538
f 8539 8622 8621
f 8540 8622 8539
f 8540 8623 8622
f 8541 8623 8540
f 8541 8624 8623
f 8542 8624 8541
f 8542 8625 8624
f 8543 8625 8542
f 8543 8626 8625
f 8544 8626 8543
f 8544 8627 8626
f 8545 8627 8544
f 8545 8628 8627
f 8546 8628 8545
f 8546 8629 8628
f 8547 8631 8630
f 8548 8631 8547
f 8548 8632 8631
f 8549 8632 8548
f 8549 8633 8632
f 8550 8633 8549
f 8550 8634 8633
f 8551 8634 8550
f 8551 8635 8634
f 8552 8635 8551
f 8552 8636 8635
f 8553 8636 8552
f 8553 8637 8636
f 8554 8637 8553
f 8554 8638 8637
f 8555 8638 8554
f 8555 8639 8638
f 8556 8639 8555
f 8556 8640 8639
f 8557 8640 8556
f 8557 8641 8640
f 8558 8641 8557
f 8558 8642 8641
f 8559 8642 8558
f 8559 8643 8642
f 8560 8643 8559
f 8560 8644 8643
f 8561 8644 8560
f 8561 8645 8644
f 8562 8645 8561
f 8562 8646 8645
f 8563 8646 8562
f 8563 8647 8646
f 8564 8647 8563
f 8564 8648 8647
f 8565 8648 8564
f 8565 8649 8648
f 8566 8649 8565
f 8566 8650 8649
f 8567 8650 8566
f 8567 8651 8650
f 8568 8651 8567
f 8568 8652 8651
f 8569 8652 8568
f 8569 8653 8652
f 8570 8653 8569
f 8570 8654 8653
f 8571 8654 8570
f 8571 8655 8654
f 8572 8655 8571
f 8572 8656 8655
f 8573 8656 8572
f 8573 8657 8656
f 8574 8657 8573
f 8574 8658 8657
f 8575 8658 8574
f 8575 8659 8658
f 8576 8659 8575
f 8576 8660 8659
f 8577 8660 8576
f 8577 8661 8660
f 8578 8661 8577
f 8578 8662 8661
f 8579 8662 8578
f 8579 8663 8662
f 8580 8663 8579
f 8580 8664 8663
f 8581 8664 8580
f 8581 8665 8664
f 8582 8665 8581
f 8582 8666 8665
f 8583 8666 8582
f 8583 8667 8666
f 8584 8667 8583
f 8584 8668 8667
f 8585 8668 8584
f 8585 8669 8668
f 8586 8669 8585
f 8586 8670 8669
f 8587 8670 8586
f 8587 8671 8670
f 8588 8671 8587
f 8588 8672 8671
f 8589 8672 8588
f 8589 8673 8672
f 8590 8673 8589
f 8590 8674 8673
f 8591 8674 8590
f 8591 8675 8674
f 8592 8675 8591
f 8592 8676 8675
f 8593 8676 8592
f 8593 8677 8676
f 8594 8677 8593
f 8594 8678 8677
f 8595 8678 8594
f 8595 8679 8678
f 8596 8679 8595
f 8596 8680 8679
f 8597 8680 8596
f 8597 8681 8680
f 8598 8681 8597
f 8598 8682 8681
f 8599 8682 8598
f 8599 8683 8682
f 8600 8683 8599
f 8600 8684 8683
f 8601 8684 8600
f 8601 8685 8684
f 8602 8685 8601
f 8602 8686 8685
f 8603 8686 8602
f 8603 8687 8686
f 8605 8688 8604
f 8605 8689 8688
f 8606 8689 8605
f 8606 8690 8689
f 8607 8690 8606
f 8607 8691 8690
f 8608 8691 8607
f 8608 8692 8691
f 8609 8692 8608
f 8609 8693 8692
f 8610 8693 8609
f 8610 8694 8693
f 8611 8694 8610
f 8611 8695 8694
f 8612 8695 8611
f 8612 8696 8695
f 8614 8697 8613
f 8614 8698 8697
f 8615 8698 8614
f 8615 8699 8698
f 8617 8701 8616
f 8617 8702 8701
f 8618 8702 8617
f 8618 8703 8702
f 8619 8703 8618
f 8619 8704 8703
f 8620 8704 8619
f 8620 8705 8704
f 8621 8705 8620
f 8621 8706 8705
f 8622 8706 8621
f 8622 8707 8706
f 8623 8707 8622
f 8623 8708 8707
f 8624 8708 8623
f 8624 8709 8708
f 8625 8709 8624
f 8625 8710 8709
f 8626 8710 8625
f 8626 8711 8710
f 8627 8711 8626
f 8627 8712 8711
f 8628 8712 8627
f 8628 8713 8712
f 8629 8713 8628
f 8629 8714 8713
f 8631 8715 8630
f 8631 8716 8715
f 8632 8716 8631
f 8632 8717 8716
f 8633 8717 8632
f 8633 8718 8717
f 8634 8718 8633
f 8634 8719 8718
f 8635 8719 8634
f 8635 8720 8719
f 8636 8720 8635
f 8636 8721 8720
f 8637 8721 8636
f 8637 8722 8721
f 8638 8722 8637
f 8638 8723 8722
f 8639 8723 8638
f 8639 8724 8723
f 8640 8724 8639
f 8640 8725 8724
f 8641 8725 8640
f 8641 8726 8725
f 8642 8726 8641
f 8642 8727 8726
f 8643 8727 8642
f 8643 8728 8727
f 8644 8728 8643
f 8644 8729 8728
f 8645 8729 8644
f 8645 8730 8729
f 8646 8730 8645
f 8646 8731 8730
f 8647 8731 8646
f 8647 8732 8731
f 8648 8732 8647
f 8648 8733 8732
f 8649 8733 8648
f 8649 8734 8733
f 8650 8734 8649
f 8650 8735 8734
f 8651 8735 8650
f 8651 8736 8735
f 8652 8736 8651
f 8652 8737 8736
f 8653 8737 8652
f 8653 8738 8737
f 8654 8738 8653
f 8654 8739 8738
f 8655 8739 8654
f 8655 8740 8739
f 8656 8740 8655
f 8656 8741 8740
f 8657 8741 8656
f 8657 8742 8741
f 8658 8742 8657
f 8658 8743 8742
f 8659 8743 8658
f 8659 8744 8743
f 8660 8744 8659
f 8660 8745 8744
f 8661 8745 8660
f 8661 8746 8745
f 8662 8746 8661
f 8662 8747 8746
f 8663 8747 8662
f 8663 8748 8747
f 8664 8748 8663
f 8664 8749 8748
f 8665 8749 8664
f 8665 8750 8749
f 8666 8750 8665
f 8666 8751 8750
f 8667 8751 8666
f 8667 8752 8751
f 8668 8752 8667
f 8668 8753 8752
f 8669 8753 8668
f 8669 8754 8753
f 8670 8754 8669
f 8670 8755 8754
f 8671 8755 8670
f 8671 8756 8755
f 8672 8756 8671
f 8672 8757 8756
f 8673 8757 8672
f 8673 8758 8757
f 8674 8758 8673
f 8674 8759 8758
f 8675 8759 8674
f 8675 8760 8759
f 8676 8760 8675
f 8676 8761 8760
f 8677 8761 8676
f 8677 8762 8761
f 8678 8762 8677
f 8678 8763 8762
f 8679 8763 8678
f 8679 8764 8763
f 8680 8764 8679
f 8680 8765 8764
f 8681 8765 8680
f 8681 8766 8765
f 8682 8766 8681
f 8682 8767 8766
f 8683 8767 8682
f 8683 8768 8767
f 8684 8768 8683
f 8684 8769 8768
f 8685 8769 8684
f 8685 8770 8769
f 8686 8770 8685
f 8686 8771 8770
f 8687 8771 8686
f 8688 8773 8772
f 8689 8773 8688
f 8689 8774 8773
f 8690 8774 8689
f 8690 8775 8774
f 8691 8775 8690
f 8691 8776 8775
f 8692 8776 8691
f 8692 8777 8776
f 8693 8777 8692
f 8693 8778 8777
f 8694 8778 8693
f 8694 8779 8778
f 8695 8779 8694
f 8695 8780 8779
f 8696 8780 8695
f 8696 8781 8780
f 8699 8782 8698
f 8699 8783 8782
f 8700 8783 8699
f 8700 8784 8783
f 8701 8786 8785
f 8702 8786 8701
f 8702 8787 8786
f 8703 8787 8702
f 8703 8788 8787
f 8704 8788 8703
f 8704 8789 8788
f 8705 8789 8704
f 8705 8790 8789
f 8706 8790 8705
f 8706 8791 8790
f 8707 8791 8706
f 8707 8792 8791
f 8708 8792 8707
f 8708 8793 8792
f 8709 8793 8708
f 8709 8794 8793
f 8710 8794 8709
f 8710 8795 8794
f 8711 8795 8710
f 8711 8796 8795
f 8712 8796 8711
f 8712 8797 8796
f 8713 8797 8712
f 8713 8798 8797
f 8714 8798 8713
f 8714 8799 8798
f 8715 8801 8800
f 8716 8801 8715
f 8716 8802 8801
f 8717 8802 8716
f 8717 8803 8802
f 8718 8803 8717
f 8718 8804 8803
f 8719 8804 8718
f 8719 8805 8804
f 8720 8805 8719
f 8720 8806 8805
f 8721 8806 8720
f 8721 8807 8806
f 8722 8807 8721
f 8722 8808 8807
f 8723 8808 8722
f 8723 8809 8808
f 8724 8809 8723
f 8724 8810 8809
f 8725 8810 8724
f 8725 8811 8810
f 8726 8811 8725
f 8726 8812 8811
f 8727 8812 8726
f 8727 8813 8812
f 8728 8813 8727
f 8728 8814 8813
f 8729 8814 8728
f 8729 8815 8814
f 8730 8815 8729
f 8730 8816 8815
f 8731 8816 8730
f 8731 8817 8816
f 8732 8817 8731
f 8732 8818 8817
f 8733 8818 8732
f 8733 8819 8818
f 8734 8819 8733
f 8734 8820 8819
f 8735 8820 8734
f 8735 8821 8820
f 8736 8821 8735
f 8736 8822 8821
f 8737 8822 8736
f 8737 8823 8822
f 8738 8823 8737
f 8738 8824 8823
f 8739 8824 8738
f 8739 8825 8824
f 8740 8825 8739
f 8740 8826 8825
f 8741 8826 8740
f 8741 8827 8826
f 8742 8827 8741
f 8742 8828 8827
f 8743 8828 8742
f 8743 8829 8828
f 8744 8829 8743
f 8744 8830 8829
f 8745 8830 8744
f 8745 8831 8830
f 8746 8831 8745
f 8746 8832 8831
f 8747 8832 8746
f 8747 8833 8832
f 8748 8833 8747
f 8748 8834 8833
f 8749 8834 8748
f 8749 8835 8834
f 8750 8835 8749
f 8750 8836 8835
f 8751 8836 8750
f 8751 8837 8836
f 8752 8837 8751
f 8752 8838 8837
f 8753 8838 8752
f 8753 8839 8838
f 8754 8839 8753
f 8754 8840 8839
f 8755 8840 8754
f 8755 8841 8840
f 8756 8841 8755
f 8756 8842 8841
f 8757 8842 8756
f 8757 8843 8842
f 8758 8843 8757
f 8758 8844 8843
f 8759 8844 8758
f 8759 8845 8844
f 8760 8845 8759
f 8760 8846 8845
f 8761 8846 8760
f 8761 8847 8846
f 8762 8847 8761
f 8762 8848 8847
f 8763 8848 8762
f 8763 8849 8848
f 8764 8849 8763
f 8764 8850 8849
f 8765 8850 8764
f 8765 8851 8850
f 8766 8851 8765
f 8766 8852 8851
f 8767 8852 8766
f 8767 8853 8852
f 8768 8853 8767
f 8768 8854 8853
f 8769 8854 8768
f 8769 8855 8854
f 8770 8855 8769
f 8770 8856 8855
f 8771 8856 8770
f 8772 8858 8857
f 8773 8858 8772
f 8773 8859 8858
f 8774 8859 8773
f 8774 8860 8859
f 8775 8860 8774
f 8775 8861 8860
f 8776 8861 8775
f 8776 8862 8861
f 8777 8862 8776
f 8777 8863 8862
f 8778 8863 8777
f 8778 8864 8863
f 8779 8864 8778
f 8779 8865 8864
f 8780 8865 8779
f 8780 8866 8865
f 8781 8866 8780
f 8781 8867 8866
f 8783 8869 8782
f 8783 8870 8869
f 8784 8870 8783
f 8784 8871 8870
f 8786 8873 8785
f 8786 8874 8873
f 8787 8874 8786
f 8787 8875 8874
f 8788 8875 8787
f 8788 8876 8875
f 8789 8876 8788
f 8789 8877 8876
f 8790 8877 8789
f 8790 8878 8877
f 8791 8878 8790
f 8791 8879 8878
f 8792 8879 8791
f 8792 8880 8879
f 8793 8880 8792
f 8793 8881 8880
f 8794 8881 8793
f 8794 8882 8881
f 8795 8882 8794
f 8795 8883 8882
f 8796 8883 8795
f 8796 8884 8883
f 8797 8884 8796
f 8797 8885 8884
f 8798 8885 8797
f 8798 8886 8885
f 8799 8886 8798
f 8801 8887 8800
f 8801 8888 8887
f 8802 8888 8801
f 8802 8889 8888
f 8803 8889 8802
f 8803 8890 8889
f 8804 8890 8803
f 8804 8891 8890
f 8805 8891 8804
f 8805 8892 8891
f 8806 8892 8805
f 8806 8893 8892
f 8807 8893 8806
f 8807 8894 8893
f 8808 8894 8807
f 8808 8895 8894
f 8809 8895 8808
f 8809 8896 8895
f 8810 8896 8809
f 8810 8897 8896
f 8811 8897 8810
f 8811 8898 8897
f 8812 8898 8811
f 8812 8899 8898
f 8813 8899 8812
f 8813 8900 8899
f 8814 8900 8813
f 8814 8901 8900
f 8815 8901 8814
f 8815 8902 8901
f 8816 8902 8815
f 8816 8903 8902
f 8817 8903 8816
f 8817 8904 8903
f 8818 8904 8817
f 8818 8905 8904
f 8819 8905 8818
f 8819 8906 8905
f 8820 8906 8819
f 8820 8907 8906
f 8821 8907 8820
f 8821 8908 8907
f 8822 8908 8821
f 8822 8909 8908
f 8823 8909 8822
f 8823 8910 8909
f 8824 8910 8823
f 8824 8911 8910
f 8825 8911 8824
f 8825 8912 8911
f 8826 8912 8825
f 8826 8913 8912
f 8827 8913 8826
f 8827 8914 8913
f 8828 8914 8827
f 8828 8915 8914
f 8829 8915 8828
f 8829 8916 8915
f 8830 8916 8829
f 8830 8917 8916
f 8831 8917 8830
f 8831 8918 8917
f 8832 8918 8831
f 8840 8920 8919
f 8841 8920 8840
f 8841 8921 8920
f 8842 8921 8841
f 8842 8922 8921
f 8843 8922 8842
f 8843 8923 8922
f 8844 8923 8843
f 8844 8924 8923
f 8845 8924 8844
f 8845 8925 8924
f 8846 8925 8845
f 8846 8926 8925
f 8847 8926 8846
f 8847 8927 8926
f 8848 8927 8847
f 8848 8928 8927
f 8849 8928 8848
f 8849 8929 8928
f 8850 8929 8849
f 8850 8930 8929
f 8851 8930 8850
f 8851 8931 8930
f 8852 8931 8851
f 8852 8932 8931
f 8853 8932 8852
f 8853 8933 8932
f 8854 8933 8853
f 8854 8934 8933
f 8855 8934 8854
f 8855 8935 8934
f 8856 8935 8855
f 8856 8936 8935
f 8858 8937 8857
f 8858 8938 8937
f 8859 8938 8858
f 8859 8939 8938
f 8860 8939 8859
f 8860 8940 8939
f 8861 8940 8860
f 8861 8941 8940
f 8862 8941 8861
f 8862 8942 8941
f 8863 8942 8862
f 8863 8943 8942
f 8864 8943 8863
f 8864 8944 8943
f 8865 8944 8864
f 8865 8945 8944
f 8866 8945 8865
f 8866 8946 8945
f 8867 8946 8866
f 8867 8947 8946
f 8868 8947 8867
f 8868 8948 8947
f 8870 8950 8949
f 8871 8950 8870
f 8871 8951 8950
f 8872 8951 8871
f 8872 8952 8951
f 8874 8953 8873
f 8874 8954 8953
f 8875 8954 8874
f 8875 8955 8954
f 8876 8955 8875
f 8876 8956 8955
f 8877 8956 8876
f 8877 8957 8956
f 8878 8957 8877
f 8878 8958 8957
f 8879 8958 8878
f 8879 8959 8958
f 8880 8959 8879
f 8880 8960 8959
f 8881 8960 8880
f 8881 8961 8960
f 8882 8961 8881
f 8882 8962 8961
f 8883 8962 8882
f 8883 8963 8962
f 8884 8963 8883
f 8884 8964 8963
f 8885 8964 8884
f 8885 8965 8964
f 8886 8965 8885
f 8886 8966 8965
f 8887 8968 8967
f 8888 8968 8887
f 8888 8969 8968
f 8889 8969 8888
f 8889 8970 8969
f 8890 8970 8889
f 8890 8971 8970
f 8891 8971 8890
f 8891 8972 8971
f 8892 8972 8891
f 8892 8973 8972
f 8893 8973 8892
f 8893 8974 8973
f 8894 8974 8893
f 8894 8975 8974
f 8895 8975 8894
f 8895 8976 8975
f 8896 8976 8895
f 8896 8977 8976
f 8897 8977 8896
f 8897 8978 8977
f 8898 8978 8897
f 8898 8979 8978
f 8899 8979 8898
f 8899 8980 8979
f 8900 8980 8899
f 8900 8981 8980
f 8901 8981 8900
f 8901 8982 8981
f 8902 8982 8901
f 8902 8983 8982
f 8903 8983 8902
f 8903 8984 8983
f 8904 8984 8903
f 8904 8985 8984
f 8905 8985 8904
f 8905 8986 8985
f 8906 8986 8905
f 8906 8987 8986
f 8907 8987 8906
f 8907 8988 8987
f 8908 8988 8907
f 8908 8989 8988
f 8909 8989 8908
f 8909 8990 8989
f 8910 8990 8909
f 8910 8991 8990
f 8911 8991 8910
f 8911 8992 8991
f 8912 8992 8911
f 8912 8993 8992
f 8913 8993 8912
f 8913 8994 8993
f 8914 8994 8913
f 8914 8995 8994
f 8915 8995 8914
f 8915 8996 8995
f 8916 8996 8915
f 8916 8997 8996
f 8917 8997 8916
f 8918 8998 8917
f 8924 8999 8923
f 8924 9000 8999
f 8925 9000 8924
f 8925 9001 9000
f 8926 9001 8925
f 8926 9002 9001
f 8927 9002 8926
f 8927 9003 9002
f 8928 9003 8927
f 8928 9004 9003
f 8929 9004 8928
f 8929 9005 9004
f 8930 9005 8929
f 8930 9006 9005
f 8931 9006 8930
f 8931 9007 9006
f 8932 9007 8931
f 8932 9008 9007
f 8933 9008 8932
f 8933 9009 9008
f 8934 9009 8933
f 8934 9010 9009
f 8935 9010 8934
f 8935 9011 9010
f 8936 9011 8935
f 8936 9012 9011
f 8938 9013 8937
f 8938 9014 9013
f 8939 9014 8938
f 8939 9015 9014
f 8940 9015 8939
f 8940 9016 9015
f 8941 9016 8940
f 8941 9017 9016
f 8942 9017 8941
f 8942 9018 9017
f 8943 9018 8942
f 8943 9019 9018
f 8944 9019 8943
f 8944 9020 9019
f 8945 9020 8944
f 8945 9021 9020
f 8946 9021 8945
f 8946 9022 9021
f 8947 9022 8946
f 8947 9023 9022
f 8948 9023 8947
f 8948 9024 9023
f 8951 9025 8950
f 8951 9026 9025
f 8952 9026 8951
f 8952 9027 9026
f 8953 9029 9028
f 8954 9029 8953
f 8954 9030 9029
f 8955 9030 8954
f 8955 9031 9030
f 8956 9031 8955
f 8956 9032 9031
f 8957 9032 8956
f 8957 9033 9032
f 8958 9033 8957
f 8958 9034 9033
f 8959 9034 8958
f 8959 9035 9034
f 8960 9035 8959
f 8960 9036 9035
f 8961 9036 8960
f 8961 9037 9036
f 8962 9037 8961
f 8962 9038 9037
f 8963 9038 8962
f 8963 9039 9038
f 8964 9039 8963
f 8964 9040 9039
f 8965 9040 8964
f 8965 9041 9040
f 8966 9041 8965
f 8968 9042 8967
f 8968 9043 9042
f 8969 9043 8968
f 8969 9044 9043
f 8970 9044 8969
f 8970 9045 9044
f 8971 9045 8970
f 8971 9046 9045
f 8972 9046 8971
f 8972 9047 9046
f 8973 9047 8972
f 8974 9048 8973
f 8974 9049 9048
f 8975 9049 8974
f 8975 9050 9049
f 8976 9050 8975
f 8976 9051 9050
f 8977 9051 8976
f 8977 9052 9051
f 8978 9052 8977
f 8978 9053 9052
f 8979 9053 8978
f 8979 9054 9053
f 8980 9054 8979
f 8980 9055 9054
f 8981 9055 8980
f 8981 9056 9055
f 8982 9056 8981
f 8982 9057 9056
f 8983 9057 8982
f 8983 9058 9057
f 8984 9058 8983
f 8984 9059 9058
f 8985 9059 8984
f 8985 9060 9059
f 8986 9060 8985
f 8986 9061 9060
f 8987 9061 8986
f 8987 9062 9061
f 8988 9062 8987
f 8988 9063 9062
f 8989 9063 8988
f 8989 9064 9063
f 8990 9064 8989
f 8990 9065 9064
f 8991 9065 8990
f 8991 9066 9065
f 8992 9066 8991
f 8992 9067 9066
f 8993 9067 8992
f 8993 9068 9067
f 8994 9068 8993
f 8994 9069 9068
f 8995 9069 8994
f 8995 9070 9069
f 8996 9070 8995
f 8996 9071 9070
f 8997 9071 8996
f 8997 9072 9071
f 9002 9073 9001
f 9002 9074 9073
f 9003 9074 9002
f 9003 9075 9074
f 9004 9075 9003
f 9004 9076 9075
f 9005 9076 9004
f 9005 9077 9076
f 9006 9078 9077
f 9007 9078 9006
f 9007 9079 9078
f 9008 9079 9007
f 9008 9080 9079
f 9009 9080 9008
f 9009 9081 9080
f 9010 9081 9009
f 9010 9082 9081
f 9011 9082 9010
f 9011 9083 9082
f 9012 9083 9011
f 9012 9084 9083
f 9014 9085 9013
f 9014 9086 9085
f 9015 9086 9014
f 9015 9087 9086
f 9016 9087 9015
f 9016 9088 9087
f 9017 9088 9016
f 9017 9089 9088
f 9018 9089 9017
f 9018 9090 9089
f 9019 9090 9018
f 9019 9091 9090
f 9020 9091 9019
f 9020 9092 9091
f 9021 9092 9020
f 9021 9093 9092
f 9022 9093 9021
f 9022 9094 9093
f 9023 9094 9022
f 9023 9095 9094
f 9024 9095 9023
f 9024 9096 9095
f 9026 9098 9025
f 9026 9099 9098
f 9027 9099 9026
f 9027 9100 9099
f 9029 9101 9028
f 9029 9102 9101
f 9030 9102 9029
f 9030 9103 9102
f 9031 9103 9030
f 9031 9104 9103
f 9032 9104 9031
f 9032 9105 9104
f 9033 9105 9032
f 9033 9106 9105
f 9034 9106 9033
f 9034 9107 9106
f 9035 9107 9034
f 9035 9108 9107
f 9036 9108 9035
f 9036 9109 9108
f 9037 9109 9036
f 9037 9110 9109
f 9038 9110 9037
f 9038 9111 9110
f 9039 9111 9038
f 9039 9112 9111
f 9040 9112 9039
f 9040 9113 9112
f 9041 9113 9040
f 9043 9114 9042
f 9043 9115 9114
f 9044 9115 9043
f 9044 9116 9115
f 9045 9116 9044
f 9045 9117 9116
f 9046 9117 9045
f 9046 9118 9117
f 9047 9118 9046
f 9047 9119 9118
f 9049 9120 9048
f 9050 9121 9049
f 9050 9122 9121
f 9051 9122 9050
f 9051 9123 9122
f 9052 9123 9051
f 9052 9124 9123
f 9053 9124 9052
f 9053 9125 9124
f 9054 9125 9053
f 9054 9126 9125
f 9055 9126 9054
f 9055 9127 9126
f 9056 9127 9055
f 9056 9128 9127
f 9057 9128 9056
f 9057 9129 9128
f 9058 9129 9057
f 9058 9130 9129
f 9059 9130 9058
f 9059 9131 9130
f 9060 9131 9059
f 9060 9132 9131
f 9061 9132 9060
f 9061 9133 9132
f 9062 9133 9061
f 9062 9134 9133
f 9063 9134 9062
f 9063 9135 9134
f 9064 9135 9063
f 9064 9136 9135
f 9065 9136 9064
f 9065 9137 9136
f 9066 9137 9065
f 9066 9138 9137
f 9067 9138 9066
f 9067 9139 9138
f 9068 9139 9067
f 9068 9140 9139
f 9069 9140 9068
f 9069 9141 9140
f 9070 9141 9069
f 9070 9142 9141
f 9071 9142 9070
f 9071 9143 9142
f 9072 9143 9071
f 9081 9144 9080
f 9081 9145 9144
f 9082 9145 9081
f 9082 9146 9145
f 9083 9146 9082
f 9083 9147 9146
f 9084 9147 9083
f 9085 9149 9148
f 9086 9149 9085
f 9086 9150 9149
f 9087 9150 9086
f 9087 9151 9150
f 9088 9151 9087
f 9088 9152 9151
f 9089 9152 9088
f 9089 9153 9152
f 9090 9153 9089
f 9090 9154 9153
f 9091 9154 9090
f 9091 9155 9154
f 9092 9155 9091
f 9092 9156 9155
f 9093 9156 9092
f 9093 9157 9156
f 9094 9157 9093
f 9094 9158 9157
f 9095 9158 9094
f 9095 9159 9158
f 9096 9159 9095
f 9096 9160 9159
f 9097 9160 9096
f 9097 9161 9160
f 9099 9162 9098
f 9099 9163 9162
f 9100 9163 9099
f 9100 9164 9163
f 9102 9165 9101
f 9102 9166 9165
f 9103 9166 9102
f 9103 9167 9166
f 9104 9167 9103
f 9104 9168 9167
f 9105 9168 9104
f 9105 9169 9168
f 9106 9169 9105
f 9106 9170 9169
f 9107 9170 9106
f 9107 9171 9170
f 9108 9171 9107
f 9108 9172 9171
f 9109 9172 9108
f 9109 9173 9172
f 9110 9173 9109
f 9110 9174 9173
f 9111 9174 9110
f 9111 9175 9174
f 9112 9175 9111
f 9112 9176 9175
f 9113 9176 9112
f 9113 9177 9176
f 9115 9178 9114
f 9115 9179 9178
f 9116 9179 9115
f 9116 9180 9179
f 9117 9180 9116
f 9117 9181 9180
f 9118 9181 9117
f 9118 9182 9181
f 9119 9182 9118
f 9119 9183 9182
f 9122 9184 9121
f 9122 9185 9184
f 9123 9185 9122
f 9123 9186 9185
f 9124 9186 9123
f 9124 9187 9186
f 9125 9187 9124
f 9125 9188 9187
f 9126 9188 9125
f 9126 9189 9188
f 9127 9189 9126
f 9127 9190 9189
f 9128 9190 9127
f 9128 9191 9190
f 9129 9191 9128
f 9129 9192 9191
f 9130 9192 9129
f 9130 9193 9192
f 9131 9193 9130
f 9131 9194 9193
f 9132 9194 9131
f 9132 9195 9194
f 9133 9195 9132
f 9133 9196 9195
f 9134 9196 9133
f 9134 9197 9196
f 9135 9197 9134
f 9135 9198 9197
f 9136 9198 9135
f 9136 9199 9198
f 9137 9199 9136
f 9137 9200 9199
f 9138 9200 9137
f 9138 9201 9200
f 9139 9201 9138
f 9139 9202 9201
f 9140 9202 9139
f 9140 9203 9202
f 9141 9203 9140
f 9141 9204 9203
f 9142 9204 9141
f 9142 9205 9204
f 9143 9205 9142
f 9145 9206 9144
f 9145 9207 9206
f 9146 9207 9145
f 9146 9208 9207
f 9147 9208 9146
f 9147 9209 9208
f 9149 9211 9210
f 9150 9211 9149
f 9150 9212 9211
f 9151 9212 9150
f 9151 9213 9212
f 9152 9213 9151
f 9152 9214 9213
f 9153 9214 9152
f 9153 9215 9214
f 9154 9215 9153
f 9154 9216 9215
f 9155 9216 9154
f 9155 9217 9216
f 9156 9217 9155
f 9156 9218 9217
f 9157 9218 9156
f 9157 9219 9218
f 9158 9219 9157
f 9158 9220 9219
f 9159 9220 9158
f 9159 9221 9220
f 9160 9221 9159
f 9160 9222 9221
f 9161 9222 9160
f 9161 9223 9222
f 9163 9224 9162
f 9163 9225 9224
f 9164 9225 9163
f 9164 9226 9225
f 9166 9227 9165
f 9166 9228 9227
f 9167 9228 9166
f 9167 9229 9228
f 9168 9229 9167
f 9168 9230 9229
f 9169 9230 9168
f 9169 9231 9230
f 9170 9231 9169
f 9170 9232 9231
f 9171 9232 9170
f 9171 9233 9232
f 9172 9233 9171
f 9172 9234 9233
f 9173 9234 9172
f 9173 9235 9234
f 9174 9235 9173
f 9174 9236 9235
f 9175 9236 9174
f 9175 9237 9236
f 9176 9237 9175
f 9176 9238 9237
f 9177 9238 9176
f 9177 9239 9238
f 9179 9240 9178
f 9179 9241 9240
f 9180 9241 9179
f 9180 9242 9241
f 9181 9242 9180
f 9181 9243 9242
f 9182 9243 9181
f 9182 9244 9243
f 9183 9244 9182
f 9183 9245 9244
f 9185 9246 9184
f 9185 9247 9246
f 9186 9247 9185
f 9186 9248 9247
f 9187 9248 9186
f 9187 9249 9248
f 9188 9249 9187
f 9188 9250 9249
f 9189 9250 9188
f 9189 9251 9250
f 9190 9251 9189
f 9190 9252 9251
f 9191 9252 9190
f 9191 9253 9252
f 9192 9253 9191
f 9192 9254 9253
f 9193 9254 9192
f 9193 9255 9254
f 9194 9255 9193
f 9194 9256 9255
f 9195 9256 9194
f 9195 9257 9256
f 9196 9257 9195
f 9196 9258 9257
f 9197 9258 9196
f 9197 9259 9258
f 9198 9259 9197
f 9198 9260 9259
f 9199 9260 9198
f 9199 9261 9260
f 9200 9261 9199
f 9200 9262 9261
f 9201 9262 9200
f 9201 9263 9262
f 9202 9263 9201
f 9202 9264 9263
f 9203 9264 9202
f 9203 9265 9264
f 9204 9265 9203
f 9204 9266 9265
f 9205 9266 9204
f 9208 9267 9207
f 9208 9268 9267
f 9209 9268 9208
f 9209 9269 9268
f 9211 9270 9210
f 9211 9271 9270
f 9212 9271 9211
f 9212 9272 9271
f 9213 9272 9212
f 9213 9273 9272
f 9214 9273 9213
f 9214 9274 9273
f 9215 9274 9214
f 9215 9275 9274
f 9216 9275 9215
f 9216 9276 9275
f 9217 9276 9216
f 9217 9277 9276
f 9218 9277 9217
f 9218 9278 9277
f 9219 9278 9218
f 9219 9279 9278
f 9220 9279 9219
f 9220 9280 9279
f 9221 9280 9220
f 9221 9281 9280
f 9222 9281 9221
f 9222 9282 9281
f 9223 9282 9222
f 9223 9283 9282
f 9225 9284 9224
f 9225 9285 9284
f 9226 9285 9225
f 9226 9286 9285
f 9228 9288 9227
f 9228 9289 9288
f 9229 9289 9228
f 9229 9290 9289
f 9230 9290 9229
f 9230 9291 9290
f 9231 9291 9230
f 9231 9292 9291
f 9232 9292 9231
f 9232 9293 9292
f 9233 9293 9232
f 9233 9294 9293
f 9234 9294 9233
f 9234 9295 9294
f 9235 9295 9234
f 9235 9296 9295
f 9236 9296 9235
f 9236 9297 9296
f 9237 9297 9236
f 9237 9298 9297
f 9238 9298 9237
f 9238 9299 9298
f 9239 9299 9238
f 9241 9300 9240
f 9241 9301 9300
f 9242 9301 9241
f 9242 9302 9301
f 9243 9302 9242
f 9243 9303 9302
f 9244 9303 9243
f 9244 9304 9303
f 9245 9304 9244
f 9245 9305 9304
f 9247 9306 9246
f 9247 9307 9306
f 9248 9307 9247
f 9248 9308 9307
f 9249 9308 9248
f 9249 9309 9308
f 9250 9309 9249
f 9250 9310 9309
f 9251 9310 9250
f 9251 9311 9310
f 9252 9311 9251
f 9252 9312 9311
f 9253 9312 9252
f 9253 9313 9312
f 9254 9313 9253
f 9254 9314 9313
f 9255 9314 9254
f 9255 9315 9314
f 9256 9315 9255
f 9256 9316 9315
f 9257 9316 9256
f 9257 9317 9316
f 9258 9317 9257
f 9258 9318 9317
f 9259 9318 9258
f 9259 9319 9318
f 9260 9319 9259
f 9260 9320 9319
f 9261 9320 9260
f 9261 9321 9320
f 9262 9321 9261
f 9262 9322 9321
f 9263 9322 9262
f 9263 9323 9322
f 9264 9323 9263
f 9264 9324 9323
f 9265 9324 9264
f 9265 9325 9324
f 9266 9325 9265
f 9268 9326 9267
f 9268 9327 9326
f 9269 9327 9268
f 9269 9328 9327
f 9271 9329 9270
f 9271 9330 9329
f 9272 9330 9271
f 9272 9331 9330
f 9273 9331 9272
f 9273 9332 9331
f 9274 9332 9273
f 9274 9333 9332
f 9275 9333 9274
f 9275 9334 9333
f 9276 9334 9275
f 9276 9335 9334
f 9277 9335 9276
f 9277 9336 9335
f 9278 9336 9277
f 9278 9337 9336
f 9279 9337 9278
f 9279 9338 9337
f 9280 9338 9279
f 9280 9339 9338
f 9281 9339 9280
f 9281 9340 9339
f 9282 9340 9281
f 9282 9341 9340
f 9283 9341 9282
f 9283 9342 9341
f 9284 9343 9342
f 9285 9343 9284
f 9285 9344 9343
f 9286 9344 9285
f 9286 9345 9344
f 9287 9345 9286
f 9287 9346 9345
f 9289 9347 9288
f 9289 9348 9347
f 9290 9348 9289
f 9290 9349 9348
f 9291 9349 9290
f 9291 9350 9349
f 9292 9350 9291
f 9292 9351 9350
f 9293 9351 9292
f 9293 9352 9351
f 9294 9352 9293
f 9294 9353 9352
f 9295 9353 9294
f 9295 9354 9353
f 9296 9354 9295
f 9296 9355 9354
f 9297 9355 9296
f 9297 9356 9355
f 9298 9356 9297
f 9298 9357 9356
f 9299 9357 9298
f 9299 9358 9357
f 9301 9359 9300
f 9301 9360 9359
f 9302 9360 9301
f 9302 9361 9360
f 9303 9361 9302
f 9303 9362 9361
f 9304 9362 9303
f 9304 9363 9362
f 9305 9363 9304
f 9305 9364 9363
f 9307 9365 9306
f 9308 9366 9307
f 9308 9367 9366
f 9309 9367 9308
f 9309 9368 9367
f 9310 9368 9309
f 9310 9369 9368
f 9311 9369 9310
f 9311 9370 9369
f 9312 9370 9311
f 9312 9371 9370
f 9313 9371 9312
f 9313 9372 9371
f 9314 9372 9313
f 9314 9373 9372
f 9315 9373 9314
f 9315 9374 9373
f 9316 9374 9315
f 9316 9375 9374
f 9317 9375 9316
f 9317 9376 9375
f 9318 9376 9317
f 9318 9377 9376
f 9319 9377 9318
f 9319 9378 9377
f 9320 9378 9319
f 9320 9379 9378
f 9321 9379 9320
f 9321 9380 9379
f 9322 9380 9321
f 9322 9381 9380
f 9323 9381 9322
f 9323 9382 9381
f 9324 9382 9323
f 9324 9383 9382
f 9325 9383 9324
f 9325 9384 9383
f 9327 9385 9326
f 9328 9386 9327
f 9328 9387 9386
f 9330 9388 9329
f 9330 9389 9388
f 9331 9389 9330
f 9331 9390 9389
f 9332 9390 9331
f 9332 9391 9390
f 9333 9391 9332
f 9333 9392 9391
f 9334 9392 9333
f 9334 9393 9392
f 9335 9393 9334
f 9335 9394 9393
f 9336 9394 9335
f 9336 9395 9394
f 9337 9395 9336
f 9337 9396 9395
f 9338 9396 9337
f 9338 9397 9396
f 9339 9397 9338
f 9339 9398 9397
f 9340 9398 9339
f 9340 9399 9398
f 9341 9399 9340
f 9341 9400 9399
f 9342 9400 9341
f 9342 9401 9400
f 9343 9401 9342
f 9343 9402 9401
f 9344 9402 9343
f 9344 9403 9402
f 9345 9403 9344
f 9345 9404 9403
f 9346 9404 9345
f 9346 9405 9404
f 9348 9406 9347
f 9348 9407 9406
f 9349 9407 9348
f 9349 9408 9407
f 9350 9408 9349
f 9350 9409 9408
f 9351 9409 9350
f 9351 9410 9409
f 9352 9410 9351
f 9352 9411 9410
f 9353 9411 9352
f 9353 9412 9411
f 9354 9412 9353
f 9354 9413 9412
f 9355 9413 9354
f 9355 9414 9413
f 9356 9414 9355
f 9356 9415 9414
f 9357 9415 9356
f 9357 9416 9415
f 9358 9416 9357
f 9358 9417 9416
f 9360 9418 9359
f 9360 9419 9418
f 9361 9419 9360
f 9361 9420 9419
f 9362 9420 9361
f 9362 9421 9420
f 9363 9421 9362
f 9363 9422 9421
f 9364 9422 9363
f 9364 9423 9422
f 9367 9424 9366
f 9367 9425 9424
f 9368 9425 9367
f 9368 9426 9425
f 9369 9426 9368
f 9369 9427 9426
f 9370 9427 9369
f 9370 9428 9427
f 9371 9428 9370
f 9371 9429 9428
f 9372 9429 9371
f 9381 9435 9434
f 9382 9435 9381
f 9382 9436 9435
f 9383 9436 9382
f 9383 9437 9436
f 9384 9437 9383
f 9387 9438 9386
f 9387 9439 9438
f 9389 9440 9388
f 9389 9441 9440
f 9390 9441 9389
f 9390 9442 9441
f 9391 9442 9390
f 9391 9443 9442
f 9392 9443 9391
f 9392 9444 9443
f 9393 9444 9392
f 9393 9445 9444
f 9394 9445 9393
f 9394 9446 9445
f 9395 9446 9394
f 9395 9447 9446
f 9396 9447 9395
f 9396 9448 9447
f 9397 9448 9396
f 9397 9449 9448
f 9398 9449 9397
f 9398 9450 9449
f 9399 9450 9398
f 9399 9451 9450
f 9400 9451 9399
f 9400 9452 9451
f 9401 9452 9400
f 9401 9453 9452
f 9402 9453 9401
f 9402 9454 9453
f 9403 9454 9402
f 9403 9455 9454
f 9404 9455 9403
f 9404 9456 9455
f 9405 9456 9404
f 9405 9457 9456
f 9407 9458 9406
f 9407 9459 9458
f 9408 9459 9407
f 9408 9460 9459
f 9409 9460 9408
f 9409 9461 9460
f 9410 9461 9409
f 9410 9462 9461
f 9411 9462 9410
f 9411 9463 9462
f 9412 9463 9411
f 9412 9464 9463
f 9413 9464 9412
f 9413 9465 9464
f 9414 9465 9413
f 9414 9466 9465
f 9415 9466 9414
f 9415 9467 9466
f 9416 9467 9415
f 9416 9468 9467
f 9417 9468 9416
f 9420 9469 9419
f 9420 9470 9469
f 9421 9470 9420
f 9421 9471 9470
f 9422 9471 9421
f 9422 9472 9471
f 9423 9472 9422
f 9423 9473 9472
f 9425 9475 9424
f 9425 9476 9475
f 9426 9476 9425
f 9426 9477 9476
f 9427 9477 9426
f 9427 9478 9477
f 9428 9478 9427
f 9428 9479 9478
f 9429 9479 9428
f 9431 9483 9430
f 9431 9484 9483
f 9432 9484 9431
f 9432 9485 9484
f 9433 9485 9432
f 9433 9486 9485
f 9434 9486 9433
f 9434 9487 9486
f 9435 9487 9434
f 9435 9488 9487
f 9436 9488 9435
f 9436 9489 9488
f 9437 9489 9436
f 9437 9490 9489
f 9439 9491 9438
f 9439 9492 9491
f 9441 9493 9440
f 9441 9494 9493
f 9442 9494 9441
f 9442 9495 9494
f 9443 9495 9442
f 9443 9496 9495
f 9444 9496 9443
f 9444 9497 9496
f 9445 9497 9444
f 9445 9498 9497
f 9446 9498 9445
f 9446 9499 9498
f 9447 9499 9446
f 9447 9500 9499
f 9448 9500 9447
f 9448 9501 9500
f 9449 9501 9448
f 9449 9502 9501
f 9450 9502 9449
f 9450 9503 9502
f 9451 9503 9450
f 9451 9504 9503
f 9452 9504 9451
f 9452 9505 9504
f 9453 9505 9452
f 9453 9506 9505
f 9454 9506 9453
f 9454 9507 9506
f 9455 9507 9454
f 9455 9508 9507
f 9456 9508 9455
f 9456 9509 9508
f 9457 9509 9456
f 9457 9510 9509
f 9459 9511 9458
f 9459 9512 9511
f 9460 9512 9459
f 9460 9513 9512
f 9461 9513 9460
f 9461 9514 9513
f 9462 9514 9461
f 9462 9515 9514
f 9463 9515 9462
f 9463 9516 9515
f 9464 9516 9463
f 9464 9517 9516
f 9465 9517 9464
f 9465 9518 9517
f 9466 9518 9465
f 9466 9519 9518
f 9467 9519 9466
f 9467 9520 9519
f 9468 9520 9467
f 9468 9521 9520
f 9470 9522 9469
f 9470 9523 9522
f 9471 9523 9470
f 9471 9524 9523
f 9472 9524 9471
f 9472 9525 9524
f 9473 9525 9472
f 9473 9526 9525
f 9475 9527 9474
f 9475 9528 9527
f 9476 9528 9475
f 9476 9529 9528
f 9477 9529 9476
f 9477 9530 9529
f 9478 9530 9477
f 9480 9534 9533
f 9481 9534 9480
f 9481 9535 9534
f 9482 9535 9481
f 9482 9536 9535
f 9483 9536 9482
f 9483 9537 9536
f 9484 9537 9483
f 9484 9538 9537
f 9485 9538 9484
f 9485 9539 9538
f 9486 9539 9485
f 9486 9540 9539
f 9487 9540 9486
f 9487 9541 9540
f 9488 9541 9487
f 9488 9542 9541
f 9489 9542 9488
f 9489 9543 9542
f 9490 9543 9489
f 9492 9544 9491
f 9493 9546 9545
f 9494 9546 9493
f 9494 9547 9546
f 9495 9547 9494
f 9495 9548 9547
f 9496 9548 9495
f 9496 9549 9548
f 9497 9549 9496
f 9497 9550 9549
f 9498 9550 9497
f 9498 9551 9550
f 9499 9551 9498
f 9499 9552 9551
f 9500 9552 9499
f 9500 9553 9552
f 9501 9553 9500
f 9501 9554 9553
f 9502 9554 9501
f 9502 9555 9554
f 9503 9555 9502
f 9503 9556 9555
f 9504 9556 9503
f 9504 9557 9556
f 9505 9557 9504
f 9505 9558 9557
f 9506 9558 9505
f 9506 9559 9558
f 9507 9559 9506
f 9507 9560 9559
f 9508 9560 9507
f 9508 9561 9560
f 9509 9561 9508
f 9509 9562 9561
f 9510 9562 9509
f 9512 9563 9511
f 9512 9564 9563
f 9513 9564 9512
f 9513 9565 9564
f 9514 9565 9513
f 9514 9566 9565
f 9515 9566 9514
f 9515 9567 9566
f 9516 9567 9515
f 9516 9568 9567
f 9517 9568 9516
f 9517 9569 9568
f 9518 9569 9517
f 9518 9570 9569
f 9519 9570 9518
f 9519 9571 9570
f 9520 9571 9519
f 9520 9572 9571
f 9521 9572 9520
f 9521 9573 9572
f 9524 9574 9523
f 9524 9575 9574
f 9525 9575 9524
f 9525 9576 9575
f 9526 9576 9525
f 9526 9577 9576
f 9531 9584 9583
f 9532 9584 9531
f 9532 9585 9584
f 9533 9585 9532
f 9533 9586 9585
f 9534 9586 9533
f 9534 9587 9586
f 9535 9587 9534
f 9535 9588 9587
f 9536 9588 9535
f 9536 9589 9588
f 9537 9589 9536
f 9537 9590 9589
f 9538 9590 9537
f 9538 9591 9590
f 9539 9591 9538
f 9539 9592 9591
f 9540 9592 9539
f 9540 9593 9592
f 9541 9593 9540
f 9541 9594 9593
f 9542 9594 9541
f 9546 9595 9545
f 9546 9596 9595
f 9547 9596 9546
f 9547 9597 9596
f 9548 9597 9547
f 9548 9598 9597
f 9549 9598 9548
f 9549 9599 9598
f 9550 9599 9549
f 9550 9600 9599
f 9551 9600 9550
f 9551 9601 9600
f 9552 9601 9551
f 9552 9602 9601
f 9553 9602 9552
f 9553 9603 9602
f 9554 9603 9553
f 9554 9604 9603
f 9555 9604 9554
f 9555 9605 9604
f 9556 9605 9555
f 9556 9606 9605
f 9557 9606 9556
f 9557 9607 9606
f 9558 9607 9557
f 9558 9608 9607
f 9559 9608 9558
f 9559 9609 9608
f 9560 9609 9559
f 9560 9610 9609
f 9561 9610 9560
f 9561 9611 9610
f 9562 9611 9561
f 9562 9612 9611
f 9564 9613 9563
f 9564 9614 9613
f 9565 9614 9564
f 9565 9615 9614
f 9566 9615 9565
f 9566 9616 9615
f 9567 9616 9566
f 9567 9617 9616
f 9568 9617 9567
f 9568 9618 9617
f 9569 9618 9568
f 9569 9619 9618
f 9570 9619 9569
f 9570 9620 9619
f 9571 9620 9570
f 9571 9621 9620
f 9572 9621 9571
f 9572 9622 9621
f 9573 9622 9572
f 9575 9623 9574
f 9575 9624 9623
f 9576 9624 9575
f 9576 9625 9624
f 9577 9625 9576
f 9577 9626 9625
f 9578 9626 9577
f 9578 9627 9626
f 9579 9627 9578
f 9579 9628 9627
f 9580 9628 9579
f 9581 9629 9580
f 9581 9630 9629
f 9582 9630 9581
f 9582 9631 9630
f 9583 9631 9582
f 9583 9632 9631
f 9584 9632 9583
f 9584 9633 9632
f 9585 9633 9584
f 9585 9634 9633
f 9586 9634 9585
f 9586 9635 9634
f 9587 9635 9586
f 9587 9636 9635
f 9588 9636 9587
f 9588 9637 9636
f 9589 9637 9588
f 9589 9638 9637
f 9590 9638 9589
f 9590 9639 9638
f 9591 9639 9590
f 9592 9640 9591
f 9596 9641 9595
f 9596 9642 9641
f 9597 9642 9596
f 9597 9643 9642
f 9598 9643 9597
f 9598 9644 9643
f 9599 9644 9598
f 9599 9645 9644
f 9600 9645 9599
f 9600 9646 9645
f 9601 9646 9600
f 9601 9647 9646
f 9602 9647 9601
f 9602 9648 9647
f 9603 9648 9602
f 9603 9649 9648
f 9604 9649 9603
f 9604 9650 9649
f 9605 9650 9604
f 9605 9651 9650
f 9606 9651 9605
f 9606 9652 9651
f 9607 9652 9606
f 9607 9653 9652
f 9608 9653 9607
f 9608 9654 9653
f 9609 9654 9608
f 9609 9655 9654
f 9610 9655 9609
f 9610 9656 9655
f 9611 9656 9610
f 9611 9657 9656
f 9612 9657 9611
f 9614 9658 9613
f 9614 9659 9658
f 9615 9659 9614
f 9615 9660 9659
f 9616 9660 9615
f 9616 9661 9660
f 9617 9661 9616
f 9617 9662 9661
f 9618 9662 9617
f 9618 9663 9662
f 9619 9663 9618
f 9619 9664 9663
f 9620 9664 9619
f 9620 9665 9664
f 9621 9665 9620
f 9621 9666 9665
f 9622 9666 9621
f 9622 9667 9666
f 9625 9668 9624
f 9625 9669 9668
f 9626 9669 9625
f 9626 9670 9669
f 9627 9670 9626
f 9627 9671 9670
f 9628 9671 9627
f 9628 9672 9671
f 9629 9672 9628
f 9629 9673 9672
f 9630 9673 9629
f 9630 9674 9673
f 9631 9674 9630
f 9631 9675 9674
f 9632 9675 9631
f 9632 9676 9675
f 9633 9676 9632
f 9633 9677 9676
f 9634 9677 9633
f 9634 9678 9677
f 9635 9678 9634
f 9635 9679 9678
f 9636 9679 9635
f 9636 9680 9679
f 9637 9680 9636
f 9637 9681 9680
f 9638 9681 9637
f 9638 9682 9681
f 9639 9682 9638
f 9642 9683 9641
f 9642 9684 9683
f 9643 9684 9642
f 9643 9685 9684
f 9644 9685 9643
f 9644 9686 9685
f 9645 9686 9644
f 9645 9687 9686
f 9646 9687 9645
f 9646 9688 9687
f 9647 9688 9646
f 9647 9689 9688
f 9648 9689 9647
f 9648 9690 9689
f 9649 9690 9648
f 9649 9691 9690
f 9650 9691 9649
f 9650 9692 9691
f 9651 9692 9650
f 9651 9693 9692
f 9652 9693 9651
f 9652 9694 9693
f 9653 9694 9652
f 9653 9695 9694
f 9654 9695 9653
f 9654 9696 9695
f 9655 9696 9654
f 9655 9697 9696
f 9656 9697 9655
f 9659 9698 9658
f 9659 9699 9698
f 9660 9699 9659
f 9660 9700 9699
f 9661 9700 9660
f 9661 9701 9700
f 9662 9701 9661
f 9662 9702 9701
f 9663 9702 9662
f 9663 9703 9702
f 9664 9703 9663
f 9664 9704 9703
f 9665 9704 9664
f 9665 9705 9704
f 9666 9705 9665
f 9666 9706 9705
f 9667 9706 9666
f 9670 9707 9669
f 9670 9708 9707
f 9671 9708 9670
f 9671 9709 9708
f 9672 9709 9671
f 9672 9710 9709
f 9673 9710 9672
f 9673 9711 9710
f 9674 9711 9673
f 9674 9712 9711
f 9675 9712 9674
f 9675 9713 9712
f 9676 9713 9675
f 9676 9714 9713
f 9677 9714 9676
f 9677 9715 9714
f 9678 9715 9677
f 9678 9716 9715
f 9679 9716 9678
f 9679 9717 9716
f 9680 9717 9679
f 9680 9718 9717
f 9681 9718 9680
f 9684 9719 9683
f 9684 9720 9719
f 9685 9720 9684
f 9685 9721 9720
f 9686 9721 9685
f 9686 9722 9721
f 9687 9722 9686
f 9687 9723 9722
f 9688 9723 9687
f 9688 9724 9723
f 9689 9724 9688
f 9689 9725 9724
f 9690 9725 9689
f 9690 9726 9725
f 9691 9726 9690
f 9691 9727 9726
f 9692 9727 9691
f 9692 9728 9727
f 9693 9728 9692
f 9693 9729 9728
f 9694 9729 9693
f 9694 9730 9729
f 9695 9730 9694
f 9695 9731 9730
f 9696 9731 9695
f 9696 9732 9731
f 9697 9732 9696
f 9699 9733 9698
f 9699 9734 9733
f 9700 9734 9699
f 9700 9735 9734
f 9701 9735 9700
f 9701 9736 9735
f 9702 9736 9701
f 9702 9737 9736
f 9703 9737 9702
f 9703 9738 9737
f 9704 9738 9703
f 9704 9739 9738
f 9705 9739 9704
f 9705 9740 9739
f 9706 9740 9705
f 9706 9741 9740
f 9709 9742 9708
f 9709 9743 9742
f 9710 9743 9709
f 9710 9744 9743
f 9711 9744 9710
f 9711 9745 9744
f 9712 9745 9711
f 9712 9746 9745
f 9713 9746 9712
f 9713 9747 9746
f 9714 9747 9713
f 9714 9748 9747
f 9715 9748 9714
f 9716 9749 9715
f 9720 9750 9719
f 9720 9751 9750
f 9721 9751 9720
f 9721 9752 9751
f 9722 9752 9721
f 9722 9753 9752
f 9723 9753 9722
f 9723 9754 9753
f 9724 9754 9723
f 9724 9755 9754
f 9725 9755 9724
f 9725 9756 9755
f 9726 9756 9725
f 9726 9757 9756
f 9727 9757 9726
f 9727 9758 9757
f 9728 9758 9727
f 9728 9759 9758
f 9729 9759 9728
f 9729 9760 9759
f 9730 9760 9729
f 9731 9761 9730
f 9734 9762 9733
f 9734 9763 9762
f 9735 9763 9734
f 9735 9764 9763
f 9736 9764 9735
f 9736 9765 9764
f 9737 9765 9736
f 9737 9766 9765
f 9738 9766 9737
f 9738 9767 9766
f 9739 9767 9738
f 9739 9768 9767
f 9740 9768 9739
f 9740 9769 9768
f 9741 9769 9740
f 9741 9770 9769
f 9751 9771 9750
f 9751 9772 9771
f 9752 9772 9751
f 9752 9773 9772
f 9753 9773 9752
f 9753 9774 9773
f 9754 9774 9753
f 9754 9775 9774
f 9755 9775 9754
f 9755 9776 9775
f 9756 9776 9755
f 9756 9777 9776
f 9757 9777 9756
f 9757 9778 9777
f 9758 9778 9757
f 9758 9779 9778
f 9759 9779 9758
f 9764 9780 9763
f 9764 9781 9780
f 9765 9781 9764
f 9765 9782 9781
f 9766 9782 9765
f 9766 9783 9782
f 9767 9783 9766
f 9767 9784 9783
f 9768 9784 9767
f 9768 9785 9784
f 9769 9785 9768
f 9769 9786 9785
f 9770 9786 9769
f 9781 9787 9780
f 9781 9788 9787
f 9782 9788 9781
f 9782 9789 9788
f 9783 9789 9782
f 9783 9790 9789
f 9784 9790 9783
f 9784 9791 9790
f 9785 9791 9784
f 9785 9792 9791
f 9786 9792 9785
f 9786 9793 9792
f 9788 9794 9787
f 9788 9795 9794
f 9789 9795 9788
f 9789 9796 9795
f 9790 9796 9789
f 9790 9797 9796
f 9791 9797 9790
f 9791 9798 9797
f 9792 9798 9791
f 9792 9799 9798
f 9793 9799 9792
f 9793 9800 9799
f 9795 9801 9794
f 9795 9802 9801
f 9796 9802 9795
f 9796 9803 9802
f 9797 9803 9796
f 9797 9804 9803
f 9798 9804 9797
f 9798 9805 9804
f 9799 9805 9798
f 9799 9806 9805
f 9800 9806 9799
f 9803 9807 9802
f 9803 9808 9807
f 9804 9808 9803
f 9804 9809 9808
f 9805 9809 9804
f 9805 9810 9809
f 9806 9810 9805
f 9809 9811 9808
f 9809 9812 9811
f 9810 9812 9809