# https://github.com/mikedh/trimesh
v -0.02019912 -0.70912397 -0.23938994
v -0.01640696 -0.74255604 -0.22828841
v -0.00758089 -0.75490433 -0.22474539
v 0.00131974 -0.76680815 -0.22135931
v 0.01362300 -0.76482451 -0.22295837
v -0.04423007 -0.71009910 -0.22505160
v -0.03862936 -0.73634046 -0.21657746
v -0.02968125 -0.74831152 -0.21318908
v -0.02075814 -0.76024908 -0.20981021
v -0.01224037 -0.77371269 -0.20588391
v -0.00283164 -0.78339255 -0.20330636
v 0.00655697 -0.79305172 -0.20073435
v 0.02346363 -0.77243245 -0.20898424
v -0.07223385 -0.67743129 -0.22179374
v -0.06819728 -0.71107161 -0.21075131
v -0.06074943 -0.72974378 -0.20500912
v -0.05177218 -0.74172151 -0.20163770
v -0.04282011 -0.75366569 -0.19827569
v -0.03389295 -0.76557660 -0.19492313
v -0.02575052 -0.78059179 -0.19046554
v -0.01634464 -0.79024649 -0.18790923
v -0.00695887 -0.79988056 -0.18535838
v 0.00240688 -0.80949402 -0.18281297
v 0.01631492 -0.80077350 -0.18678674
v 0.03328032 -0.78002197 -0.19504410
v 0.05379031 -0.74556148 -0.20818704
v -0.09624147 -0.67845052 -0.20745146
v -0.09189169 -0.71113175 -0.19680965
v -0.08286005 -0.72314984 -0.19344573
v -0.07385373 -0.73513436 -0.19009122
v -0.06487260 -0.74708521 -0.18674611
v -0.05591659 -0.75900275 -0.18341035
v -0.04698556 -0.77088696 -0.18008392
v -0.03813681 -0.78297693 -0.17668243
v -0.02980802 -0.79707527 -0.17256863
v -0.02042512 -0.80668437 -0.17003879
v -0.01106218 -0.81627303 -0.16751438
v -0.00171917 -0.82584125 -0.16499533
v 0.00923253 -0.82885152 -0.16479518
v 0.02609457 -0.80829328 -0.17293839
v 0.04307314 -0.78759301 -0.18113786
v 0.06339457 -0.75406992 -0.19388606
v -0.12018520 -0.67946708 -0.19314727
v -0.11402208 -0.70453393 -0.18523420
v -0.10496130 -0.71655875 -0.18188724
v -0.09592590 -0.72854990 -0.17854965
v -0.08691584 -0.74050748 -0.17522138
v -0.07793090 -0.75243169 -0.17190243
v -0.06897105 -0.76432258 -0.16859275
v -0.06003614 -0.77618039 -0.16529229
v -0.05112614 -0.78800505 -0.16200101
v -0.04322205 -0.80387902 -0.15728429
v -0.03384205 -0.81346333 -0.15477535
v -0.02448198 -0.82302719 -0.15227176
v -0.01514178 -0.83257079 -0.14977351
v -0.00582142 -0.84209412 -0.14728054
v 0.00347919 -0.85159725 -0.14479285
v 0.01897541 -0.83630270 -0.15103750
v 0.03585056 -0.81579489 -0.15912354
v 0.05284219 -0.79514557 -0.16726543
v 0.07297298 -0.76255542 -0.17962359
v -0.14845206 -0.64668083 -0.18978389
v -0.14406538 -0.68048084 -0.17888111
v -0.13614306 -0.69793886 -0.17366369
v -0.12705317 -0.70997041 -0.17033365
v -0.11798874 -0.72196829 -0.16701296
v -0.10894968 -0.73393255 -0.16370156
v -0.09993590 -0.74586338 -0.16039939
v -0.09094723 -0.75776100 -0.15710644
v -0.08198364 -0.76962537 -0.15382268
v -0.07304494 -0.78145671 -0.15054806
v -0.06413113 -0.79325527 -0.14728253
v -0.05658700 -0.81065780 -0.14205584
v -0.04720994 -0.82021743 -0.13956766
v -0.03785277 -0.82975668 -0.13708480
v -0.02851544 -0.83927572 -0.13460720
v -0.01919789 -0.84877461 -0.13213482
v -0.00990006 -0.85825342 -0.12966770
v -0.00062188 -0.86771220 -0.12720577
v 0.01192191 -0.86405361 -0.12933864
v 0.02869483 -0.84373581 -0.13731298
v 0.04558297 -0.82327837 -0.14534211
v 0.06258755 -0.80267990 -0.15342659
v 0.08252562 -0.77101815 -0.16539949
v -0.17237195 -0.64774162 -0.17547594
v -0.16739923 -0.67927462 -0.16542050
v -0.15825462 -0.69134670 -0.16209808
v -0.14913559 -0.70338500 -0.15878500
v -0.14004220 -0.71538949 -0.15548117
v -0.13097423 -0.72736043 -0.15218659
v -0.12193155 -0.73929787 -0.14890122
v -0.11291414 -0.75120211 -0.14562501
v -0.10392181 -0.76307315 -0.14235793
v -0.09495452 -0.77491111 -0.13909994
v -0.08601210 -0.78671622 -0.13585100
v -0.07709458 -0.79848862 -0.13261104
v -0.06990313 -0.81741190 -0.12688302
v -0.06052906 -0.82694691 -0.12441547
v -0.05117484 -0.83646166 -0.12195319
v -0.04184041 -0.84595627 -0.11949610
v -0.03252571 -0.85543084 -0.11704422
v -0.02323070 -0.86488539 -0.11459749
v -0.01395527 -0.87431997 -0.11215594
v -0.00469942 -0.88373470 -0.10971953
v 0.00493317 -0.89154989 -0.10783897
v 0.02160501 -0.87141931 -0.11570333
v 0.03839086 -0.85115117 -0.12362144
v 0.05529190 -0.83074385 -0.13159391
v 0.07230931 -0.81019604 -0.13962126
v 0.09205261 -0.77945805 -0.15121357
v -0.26812047 -0.22358349 -0.29575503
v -0.25936979 -0.24274531 -0.29009092
v -0.19622827 -0.64879954 -0.16120605
v -0.18953052 -0.67267853 -0.15384288
v -0.18035677 -0.68475729 -0.15053740
v -0.17120872 -0.69680220 -0.14724123
v -0.16208629 -0.70881349 -0.14395428
v -0.15298939 -0.72079104 -0.14067653
v -0.14391793 -0.73273516 -0.13740791
v -0.13487174 -0.74464601 -0.13414842
v -0.12585071 -0.75652367 -0.13089803
v -0.11685483 -0.76836824 -0.12765664
v -0.10788398 -0.78017998 -0.12442425
v -0.09893788 -0.79195899 -0.12120087
v -0.09001657 -0.80370533 -0.11798640
v -0.08317073 -0.82414144 -0.11176550
v -0.07379968 -0.83365190 -0.10931847
v -0.06444842 -0.84314221 -0.10687663
v -0.05511695 -0.85261256 -0.10443992
v -0.04580514 -0.86206287 -0.10200837
v -0.03651298 -0.87149328 -0.09958194
v -0.02724038 -0.88090384 -0.09716063
v -0.01798729 -0.89029455 -0.09474440
v -0.00875366 -0.89966559 -0.09233324
v 0.00046060 -0.90901691 -0.08992716
v 0.01458021 -0.89884901 -0.09429183
v 0.03126492 -0.87876743 -0.10210064
v 0.04806361 -0.85854864 -0.10996281
v 0.06497742 -0.83819127 -0.11787885
v 0.08200756 -0.81769389 -0.12584935
v 0.10155403 -0.78787535 -0.13706569
v -0.31235933 -0.19484700 -0.28909728
v -0.30349019 -0.21411328 -0.28343675
v -0.29466128 -0.23329219 -0.27780190
v -0.28587231 -0.25238425 -0.27219257
v -0.27712309 -0.27139005 -0.26660860
v -0.22475867 -0.61589462 -0.15773688
v -0.22002113 -0.64985472 -0.14697409
v -0.21165237 -0.66608524 -0.14227016
v -0.20244950 -0.67817074 -0.13898164
v -0.19327246 -0.69022232 -0.13570236
v -0.18412106 -0.70224017 -0.13243228
v -0.17499529 -0.71422446 -0.12917131
v -0.16589499 -0.72617525 -0.12591946
v -0.15682010 -0.73809266 -0.12267666
v -0.14777045 -0.74997693 -0.11944291
v -0.13874595 -0.76182818 -0.11621816
v -0.12974651 -0.77364647 -0.11300234
v -0.12077206 -0.78543204 -0.10979546
v -0.11182244 -0.79718500 -0.10659744
v -0.10289761 -0.80890536 -0.10340828
v -0.09505299 -0.82511705 -0.09867273
v -0.08702203 -0.84033245 -0.09427635
v -0.07767382 -0.84979850 -0.09185480
v -0.06834531 -0.85924464 -0.08943836
v -0.05903645 -0.86867088 -0.08702701
v -0.04974719 -0.87807727 -0.08462074
v -0.04047747 -0.88746393 -0.08221952
v -0.03122719 -0.89683080 -0.07982334
v -0.02199632 -0.90617806 -0.07743220
v -0.01278479 -0.91550571 -0.07504606
v -0.00359254 -0.92481387 -0.07266492
v 0.00761953 -0.92602831 -0.07307580
v 0.02420426 -0.90613079 -0.08077698
v 0.04090174 -0.88609791 -0.08853052
v 0.05771313 -0.86592835 -0.09633694
v 0.07463961 -0.84562075 -0.10419683
v 0.09168234 -0.82517374 -0.11211069
v 0.11103004 -0.79627013 -0.12295573
v -0.35677969 -0.16599260 -0.28241220
v -0.34779117 -0.18536408 -0.27675533
v -0.33884346 -0.20464751 -0.27112418
v -0.32993644 -0.22384343 -0.26551861
v -0.32106963 -0.24295250 -0.25993836
v -0.31224295 -0.26197520 -0.25438333
v -0.30345601 -0.28091222 -0.24885334
v -0.29470861 -0.29976407 -0.24334821
v -0.24859077 -0.61699712 -0.14346334
v -0.24302274 -0.64736855 -0.13398317
v -0.23376481 -0.65949476 -0.13070236
v -0.22453286 -0.67158693 -0.12743080
v -0.21532679 -0.68364519 -0.12416841
v -0.20614649 -0.69566971 -0.12091514
v -0.19699188 -0.70766062 -0.11767098
v -0.18786278 -0.71961802 -0.11443586
v -0.17875913 -0.73154211 -0.11120978
v -0.16968089 -0.74343300 -0.10799266
v -0.16062786 -0.75529081 -0.10478449
v -0.15159991 -0.76711577 -0.10158523
v -0.14259706 -0.77890784 -0.09839483
v -0.13361910 -0.79066736 -0.09521327
v -0.12466595 -0.80239433 -0.09204052
v -0.11573754 -0.81408894 -0.08887651
v -0.10683369 -0.82575125 -0.08572123
v -0.10019642 -0.84698880 -0.07928880
v -0.09085128 -0.85643071 -0.07688744
v -0.08152580 -0.86585277 -0.07449112
v -0.07221991 -0.87525499 -0.07209986
v -0.06293358 -0.88463748 -0.06971361
v -0.05366674 -0.89400029 -0.06733236
v -0.04441933 -0.90334350 -0.06495611
v -0.03519126 -0.91266704 -0.06258483
v -0.02598251 -0.92197114 -0.06021851
v -0.01679300 -0.93125576 -0.05785714
v -0.00762267 -0.94052112 -0.05550069
v 0.00152856 -0.94976705 -0.05314917
v 0.01720796 -0.93324447 -0.05964772
v 0.03380540 -0.91339505 -0.06729430
v 0.05051554 -0.89341080 -0.07499279
v 0.06733953 -0.87329042 -0.08274373
v 0.08427857 -0.85303241 -0.09054770
v 0.10133381 -0.83263546 -0.09840517
v 0.12048068 -0.80464250 -0.10888348
v -0.39227375 -0.15649702 -0.27004656
v -0.38320646 -0.17588565 -0.26441914
v -0.37418041 -0.19518612 -0.25881737
v -0.36519518 -0.21439907 -0.25324097
v -0.35625073 -0.23352504 -0.24768980
v -0.34734663 -0.25256467 -0.24216372
v -0.33848262 -0.27151853 -0.23666254
v -0.32965848 -0.29038715 -0.23118606
v -0.32087392 -0.30917117 -0.22573416
v -0.27235934 -0.61809659 -0.12922785
v -0.26515490 -0.64077419 -0.12240332
v -0.25586787 -0.65290707 -0.11913951
v -0.24660684 -0.66500598 -0.11588487
v -0.23737179 -0.67707086 -0.11263935
v -0.22816257 -0.68910199 -0.10940289
v -0.21897909 -0.70109957 -0.10617552
v -0.20982127 -0.71306366 -0.10295713
v -0.20068893 -0.72499430 -0.09974772
v -0.19158210 -0.73689181 -0.09654722
v -0.18250051 -0.74875623 -0.09335563
v -0.17344414 -0.76058775 -0.09017292
v -0.16441289 -0.77238649 -0.08699900
v -0.15540658 -0.78415257 -0.08383389
v -0.14642525 -0.79588604 -0.08067751
v -0.13746867 -0.80758721 -0.07752985
v -0.12853673 -0.81925607 -0.07439087
v -0.11962950 -0.83089274 -0.07126052
v -0.11332309 -0.85362107 -0.06435555
v -0.10398106 -0.86303896 -0.06197423
v -0.09465863 -0.87243700 -0.05959792
v -0.08535577 -0.88181531 -0.05722658
v -0.07607242 -0.89117402 -0.05486023
v -0.06680851 -0.90051311 -0.05249883
v -0.05756397 -0.90983266 -0.05014238
v -0.04833879 -0.91913271 -0.04779084
v -0.03913284 -0.92841333 -0.04544422
v -0.02994611 -0.93767464 -0.04310249
v -0.02077851 -0.94691664 -0.04076565
v -0.01162996 -0.95613933 -0.03843366
v -0.00250048 -0.96534294 -0.03610652
v 0.01027517 -0.96011227 -0.03871024
v 0.02677367 -0.94044369 -0.04625146
v 0.04338370 -0.92064214 -0.05384367
v 0.06010639 -0.90070635 -0.06148736
v 0.07694289 -0.88063490 -0.06918307
v 0.09389438 -0.86042631 -0.07693136
v 0.11096201 -0.84007919 -0.08473273
v 0.12990607 -0.81299245 -0.09484883
v -0.43693918 -0.12751129 -0.26331016
v -0.42775133 -0.14700586 -0.25768664
v -0.41860530 -0.16641159 -0.25208870
v -0.40950087 -0.18572912 -0.24651623
v -0.40043771 -0.20495903 -0.24096902
v -0.39141554 -0.22410198 -0.23544690
v -0.38243413 -0.24315849 -0.22994971
v -0.37349316 -0.26212916 -0.22447731
v -0.36459234 -0.28101459 -0.21902947
v -0.35573149 -0.29981533 -0.21360606
v -0.34691024 -0.31853196 -0.20820692
v -0.33812839 -0.33716503 -0.20283188
v -0.30115390 -0.58507270 -0.12565266
v -0.29606473 -0.61919320 -0.11503018
v -0.28727761 -0.63418269 -0.11082841
v -0.27796143 -0.64632225 -0.10758158
v -0.26867139 -0.65842777 -0.10434384
v -0.25940737 -0.67049938 -0.10111517
v -0.25016931 -0.68253714 -0.09789555
v -0.24095707 -0.69454128 -0.09468491
v -0.23177052 -0.70651203 -0.09148324
v -0.22260953 -0.71844929 -0.08829048
v -0.21347407 -0.73035342 -0.08510661
v -0.20436399 -0.74222445 -0.08193160
v -0.19527921 -0.75406253 -0.07876538
v -0.18621954 -0.76586783 -0.07560796
v -0.17718500 -0.77764040 -0.07245926
v -0.16817544 -0.78938043 -0.06931926
v -0.15919073 -0.80108809 -0.06618793
v -0.15023074 -0.81276345 -0.06306523
v -0.14129542 -0.82440674 -0.05995113
v -0.13238473 -0.83601809 -0.05684558
v -0.12640232 -0.86022931 -0.04947628
v -0.11706341 -0.86962330 -0.04711489
v -0.10774407 -0.87899745 -0.04475844
v -0.09844428 -0.88835198 -0.04240693
v -0.08916394 -0.89768708 -0.04006035
v -0.07990301 -0.90700251 -0.03771866
v -0.07066141 -0.91629857 -0.03538188
v -0.06143910 -0.92557514 -0.03304996
v -0.05223601 -0.93483245 -0.03072290
v -0.04305208 -0.94407052 -0.02840069
v -0.03388725 -0.95328927 -0.02608332
v -0.02474146 -0.96248889 -0.02377075
v -0.01561466 -0.97166944 -0.02146298
v -0.00650679 -0.98083091 -0.01916000
v 0.00340502 -0.98673731 -0.01796193
v 0.01980570 -0.96724719 -0.02539940
v 0.03631674 -0.94762588 -0.03288691
v 0.05293927 -0.92787212 -0.04042498
v 0.06967440 -0.90798450 -0.04801412
v 0.08652330 -0.88796163 -0.05565485
v 0.10348712 -0.86780238 -0.06334768
v 0.12056704 -0.84750503 -0.07109318
v 0.13930632 -0.82132012 -0.08085162
v -0.48178849 -0.09840625 -0.25654608
v -0.47247916 -0.11800740 -0.25092643
v -0.46321231 -0.13751911 -0.24533248
v -0.45398769 -0.15694194 -0.23976400
v -0.44480497 -0.17627650 -0.23422082
v -0.43566388 -0.19552341 -0.22870275
v -0.42656410 -0.21468325 -0.22320965
v -0.41750544 -0.23375665 -0.21774136
v -0.40848759 -0.25274414 -0.21229769
v -0.39951020 -0.27164629 -0.20687847
v -0.39057311 -0.29046369 -0.20148355
v -0.38167596 -0.30919698 -0.19611275
v -0.37281850 -0.32784665 -0.19076592
v -0.36400053 -0.34641325 -0.18544292
v -0.32489789 -0.58621693 -0.11141367
v -0.31876248 -0.61541343 -0.10249746
v -0.30939093 -0.62759387 -0.09925845
v -0.30004567 -0.63974017 -0.09602854
v -0.29072660 -0.65185237 -0.09280771
v -0.28143367 -0.66393059 -0.08959588
v -0.27216673 -0.67597508 -0.08639306
v -0.26292568 -0.68798590 -0.08319917
v -0.25371045 -0.69996309 -0.08001419
v -0.24452083 -0.71190709 -0.07683810
v -0.23535682 -0.72381777 -0.07367083
v -0.22621827 -0.73569536 -0.07051236
v -0.21710506 -0.74754000 -0.06736266
v -0.20801710 -0.75935179 -0.06422169
v -0.19895430 -0.77113098 -0.06108940
v -0.18991652 -0.78287756 -0.05796577
v -0.18090366 -0.79459172 -0.05485075
v -0.17191568 -0.80627364 -0.05174433
v -0.16295236 -0.81792343 -0.04864644
v -0.15401374 -0.82954121 -0.04555707
v -0.14509965 -0.84112710 -0.04247618
v -0.13943432 -0.86681378 -0.03465072
v -0.13009860 -0.87618387 -0.03230911
v -0.12078241 -0.88553435 -0.02997240
v -0.11148570 -0.89486521 -0.02764059
v -0.10220841 -0.90417659 -0.02531364
v -0.09295049 -0.91346860 -0.02299155
v -0.08371186 -0.92274123 -0.02067431
v -0.07449249 -0.93199456 -0.01836188
v -0.06529228 -0.94122863 -0.01605427
v -0.05611121 -0.95044339 -0.01375145
v -0.04694919 -0.95963919 -0.01145342
v -0.03780616 -0.96881580 -0.00916015
v -0.02872785 -0.97809047 -0.00673313
v -0.01882654 -0.98411936 -0.00559914
v -0.00893413 -0.99006736 -0.00439263
v 0.00094745 -0.99600881 -0.00318744
v 0.01380634 -0.99027032 -0.00593247
v 0.02931377 -0.97436517 -0.01211991
v 0.04583724 -0.95479107 -0.01955395
v 0.06247216 -0.93508488 -0.02703812
v 0.07921964 -0.91524529 -0.03457294
v 0.09608082 -0.89527106 -0.04215891
v 0.11305688 -0.87516075 -0.04979657
v 0.13014898 -0.85491306 -0.05748643
v 0.14868152 -0.82962561 -0.06689171
v -0.51739115 -0.08888961 -0.24413845
v -0.50800258 -0.10850796 -0.23854852
v -0.49865681 -0.12803677 -0.23298410
v -0.48935363 -0.14747669 -0.22744502
v -0.48009270 -0.16682826 -0.22193110
v -0.47087374 -0.18609212 -0.21644218
v -0.46169651 -0.20526889 -0.21097808
v -0.45256063 -0.22435911 -0.20553862
v -0.44346592 -0.24336338 -0.20012368
v -0.43441203 -0.26228228 -0.19473302
v -0.42539877 -0.28111640 -0.18936655
v -0.41642573 -0.29986626 -0.18402408
v -0.40749285 -0.31853253 -0.17870544
v -0.39859962 -0.33711565 -0.17341048
v -0.38974595 -0.35561624 -0.16813904
v -0.34857854 -0.58735806 -0.09721261
v -0.34089553 -0.60882092 -0.09091544
v -0.33149478 -0.62100798 -0.08769342
v -0.32212052 -0.63316095 -0.08448043
v -0.31277248 -0.64527977 -0.08127648
v -0.30345061 -0.65736467 -0.07808149
v -0.29415488 -0.66941577 -0.07489543
v -0.28488505 -0.68143314 -0.07171829
v -0.27564111 -0.69341701 -0.06854999
v -0.26642293 -0.70536757 -0.06539053
v -0.25723034 -0.71728480 -0.06223985
v -0.24806336 -0.72916907 -0.05909793
v -0.23892178 -0.74102020 -0.05596472
v -0.22980545 -0.75283855 -0.05284019
v -0.22071441 -0.76462430 -0.04972431
v -0.21164848 -0.77637744 -0.04661702
v -0.20260754 -0.78809810 -0.04351831
v -0.19359154 -0.79978657 -0.04042814
v -0.18460028 -0.81144285 -0.03734647
v -0.17563376 -0.82306707 -0.03427326
v -0.16669188 -0.83465940 -0.03120848
v -0.15777443 -0.84622002 -0.02815210
v -0.15084600 -0.86642551 -0.02220242
v -0.14308687 -0.88272083 -0.01755661
v -0.13377386 -0.89204764 -0.01523952
v -0.12448029 -0.90135503 -0.01292727
v -0.11520609 -0.91064298 -0.01061984
v -0.10595123 -0.91991156 -0.00831722
v -0.09652954 -0.92837507 -0.00628276
v -0.08654345 -0.93438423 -0.00506967
v -0.07656834 -0.94038689 -0.00385790
v -0.06660421 -0.94638294 -0.00264747
v -0.05665101 -0.95237243 -0.00143837
v -0.04670874 -0.95835531 -0.00023059
v -0.03677736 -0.96433169 0.00097586
v -0.02685687 -0.97030145 0.00218099
v -0.01694725 -0.97626466 0.00338480
v -0.00704847 -0.98222136 0.00458729
v 0.00323119 -0.98663062 0.00527014
v 0.01623762 -0.98035884 0.00235934
v 0.02927864 -0.97407037 -0.00055919
v 0.04235433 -0.96776515 -0.00348549
v 0.05546484 -0.96144319 -0.00641958
v 0.07198248 -0.94228053 -0.01368298
v 0.08874217 -0.92248887 -0.02116370
v 0.10561554 -0.90256304 -0.02869517
v 0.12260372 -0.88250160 -0.03627787
v 0.13970788 -0.86230320 -0.04391234
v 0.15803181 -0.83790904 -0.05296892
v -0.54176480 -0.08738300 -0.22998303
v -0.53345191 -0.11438610 -0.22200777
v -0.52470309 -0.13801584 -0.21513176
v -0.51536405 -0.15738441 -0.20964709
v -0.50606728 -0.17666523 -0.20418724
v -0.49681264 -0.19585887 -0.19875212
v -0.48759967 -0.21496591 -0.19334151
v -0.47842818 -0.23398694 -0.18795525
v -0.46929786 -0.25292259 -0.18259317
v -0.46020851 -0.27177337 -0.17725512
v -0.45115975 -0.29053986 -0.17194094
v -0.44215137 -0.30922264 -0.16665046
v -0.43318307 -0.32782227 -0.16138354
v -0.42425460 -0.34633926 -0.15614000
v -0.41536576 -0.36477429 -0.15091968
v -0.40651616 -0.38312772 -0.14572248
v -0.37763795 -0.55421495 -0.09353114
v -0.37219629 -0.58849621 -0.08304933
v -0.36301911 -0.60223109 -0.07933836
v -0.35358927 -0.61442488 -0.07613330
v -0.34418592 -0.62658447 -0.07293724
v -0.33480892 -0.63870996 -0.06975015
v -0.32545826 -0.65080148 -0.06657197
v -0.31613365 -0.66285920 -0.06340269
v -0.30683514 -0.67488319 -0.06024225
v -0.29756251 -0.68687373 -0.05709064
v -0.28831574 -0.69883078 -0.05394780
v -0.27909470 -0.71075463 -0.05081369
v -0.26989922 -0.72264540 -0.04768830
v -0.26072928 -0.73450321 -0.04457157
v -0.25158474 -0.74632806 -0.04146346
v -0.24246550 -0.75812030 -0.03836396
v -0.23337138 -0.76988000 -0.03527302
v -0.22430241 -0.78160721 -0.03219060
v -0.21525835 -0.79330206 -0.02911668
v -0.20623921 -0.80496490 -0.02605120
v -0.19724485 -0.81659555 -0.02299415
v -0.18827517 -0.82819444 -0.01994547
v -0.17933004 -0.83976150 -0.01690516
v -0.17040934 -0.85129684 -0.01387315
v -0.16480392 -0.87744671 -0.00597916
v -0.15488625 -0.88418949 -0.00453530
v -0.14482734 -0.89024752 -0.00331824
v -0.13477954 -0.89629894 -0.00210251
v -0.12474284 -0.90234363 -0.00088813
v -0.11471717 -0.90838170 0.00032491
v -0.10470256 -0.91441309 0.00153662
v -0.09469897 -0.92043787 0.00274699
v -0.08470640 -0.92645603 0.00395603
v -0.07472484 -0.93246752 0.00516374
v -0.06475423 -0.93847245 0.00637012
v -0.05479457 -0.94447070 0.00757518
v -0.04484586 -0.95046246 0.00877891
v -0.03490806 -0.95644760 0.00998132
v -0.02498115 -0.96242613 0.01118242
v -0.01506514 -0.96839821 0.01238220
v -0.00515999 -0.97436368 0.01358066
v 0.00565061 -0.97671789 0.01357170
v 0.01867414 -0.97042632 0.01066882
v 0.03173229 -0.96411794 0.00775822
v 0.04482520 -0.95779276 0.00483987
v 0.05795303 -0.95145071 0.00191374
v 0.07111592 -0.94509172 -0.00102020
v 0.08431399 -0.93871570 -0.00396199
v 0.09824210 -0.92971528 -0.00778632
v 0.11512756 -0.90983760 -0.01526350
v 0.13212776 -0.88982493 -0.02279150
v 0.14924389 -0.86967558 -0.03037083
v 0.16735722 -0.84617043 -0.03908316
v -0.56499422 -0.07839660 -0.21828911
v -0.55690920 -0.10748373 -0.20968361
v -0.54857582 -0.13432671 -0.20180260
v -0.54029673 -0.16099471 -0.19397296
v -0.53191251 -0.18645319 -0.18653181
v -0.52262259 -0.20557703 -0.18115000
v -0.51337439 -0.22461484 -0.17579241
v -0.50416774 -0.24356718 -0.17045887
v -0.49500230 -0.26243457 -0.16514921
v -0.48587784 -0.28121766 -0.15986331
v -0.47679409 -0.29991701 -0.15460096
v -0.46775079 -0.31853315 -0.14936203
v -0.45874760 -0.33706656 -0.14414637
v -0.44978431 -0.35551789 -0.13895383
v -0.44086066 -0.37388769 -0.13378422
v -0.43197635 -0.39217642 -0.12863742
v -0.40129361 -0.55540103 -0.07932676
v -0.39461881 -0.58340919 -0.07096332
v -0.38513321 -0.59564412 -0.06776622
v -0.37567434 -0.60784459 -0.06457812
v -0.36624199 -0.62001079 -0.06139895
v -0.35683605 -0.63214296 -0.05822871
v -0.34745646 -0.64424109 -0.05506734
v -0.33810315 -0.65630543 -0.05191481
v -0.32877594 -0.66833603 -0.04877108
v -0.31947470 -0.68033314 -0.04563612
v -0.31019932 -0.69229680 -0.04250989
v -0.30094981 -0.70422727 -0.03939234
v -0.29172596 -0.71612453 -0.03628346
v -0.28252763 -0.72798890 -0.03318319
v -0.27335480 -0.73982036 -0.03009152
v -0.26420739 -0.75161910 -0.02700838
v -0.25508520 -0.76338524 -0.02393376
v -0.24598816 -0.77511901 -0.02086762
v -0.23691617 -0.78682041 -0.01780993
v -0.22786915 -0.79848957 -0.01476063
v -0.21884690 -0.81012684 -0.01171972
v -0.21218601 -0.83254492 -0.00511708
v -0.20229825 -0.83983254 -0.00350710
v -0.19242494 -0.84710950 -0.00189947
v -0.18300447 -0.85635775 0.00036090
v -0.17410503 -0.86783671 0.00336046
v -0.16289122 -0.86887676 0.00290938
v -0.15307531 -0.87611145 0.00450766
v -0.14302681 -0.88225371 0.00574551
v -0.13297242 -0.88831407 0.00695715
v -0.12292915 -0.89436781 0.00816744
v -0.11289693 -0.90041476 0.00937640
v -0.10287581 -0.90645516 0.01058403
v -0.09286570 -0.91248882 0.01179033
v -0.08286662 -0.91851580 0.01299530
v -0.07287854 -0.92453629 0.01419894
v -0.06290146 -0.93055004 0.01540126
v -0.05293534 -0.93655717 0.01660226
v -0.04298018 -0.94255775 0.01780194
v -0.03303595 -0.94855171 0.01900030
v -0.02310263 -0.95453918 0.02019734
v -0.01318022 -0.96051997 0.02139308
v -0.00326868 -0.96649420 0.02258749
v 0.00807517 -0.96678412 0.02189094
v 0.02111582 -0.96047252 0.01899602
v 0.03419117 -0.95414412 0.01609339
v 0.04730136 -0.94779897 0.01318303
v 0.06044655 -0.94143677 0.01026490
v 0.07362688 -0.93505758 0.00733897
v 0.08684247 -0.92866135 0.00440522
v 0.10009346 -0.92224795 0.00146360
v 0.11338001 -0.91581732 -0.00148592
v 0.12670228 -0.90936953 -0.00444335
v 0.14162903 -0.89713067 -0.00933732
v 0.15875705 -0.87703043 -0.01686176
v 0.17665790 -0.85440987 -0.02523422
v 0.19946434 -0.81439656 -0.03942889
v -0.58035606 -0.10058448 -0.19736496
v -0.57194787 -0.12744403 -0.18952598
v -0.56359440 -0.15412848 -0.18173812
v -0.55529535 -0.18063958 -0.17400084
v -0.54704994 -0.20697896 -0.16631371
v -0.53885776 -0.23314832 -0.15867616
v -0.52978021 -0.25310007 -0.15304886
v -0.52058017 -0.27189976 -0.14779119
v -0.51142108 -0.29061556 -0.14255697
v -0.50230283 -0.30924818 -0.13734601
v -0.49322498 -0.32779801 -0.13215820
v -0.48418736 -0.34626570 -0.12699339
v -0.47518966 -0.36465180 -0.12185138
v -0.46623164 -0.38295677 -0.11673205
v -0.45731309 -0.40118128 -0.11163523
v -0.44843364 -0.41932571 -0.10656080
v -0.42488617 -0.55658394 -0.06516025
v -0.41675270 -0.57681835 -0.05937913
v -0.40723798 -0.58905995 -0.05619901
v -0.39774999 -0.60126704 -0.05302785
v -0.38828862 -0.61343992 -0.04986557
v -0.37885383 -0.62557870 -0.04671216
v -0.36944544 -0.63768345 -0.04356759
v -0.36006334 -0.64975441 -0.04043180
v -0.35070741 -0.66179162 -0.03730476
v -0.34137762 -0.67379528 -0.03418644
v -0.33207375 -0.68576556 -0.03107680
v -0.32279572 -0.69770259 -0.02797581
v -0.31354350 -0.70960641 -0.02488343
v -0.30431688 -0.72147733 -0.02179961
v -0.29511586 -0.73331529 -0.01872434
v -0.28594023 -0.74512053 -0.01565756
v -0.27678996 -0.75689328 -0.01259925
v -0.26997814 -0.77987301 -0.00586619
v -0.25999609 -0.78723758 -0.00424721
v -0.25002864 -0.79459131 -0.00263061
v -0.24044000 -0.80366081 -0.00044998
v -0.23141482 -0.81527251 0.00256652
v -0.22021386 -0.81658787 0.00220502
v -0.21030468 -0.82389861 0.00381218
v -0.20040996 -0.83119863 0.00541699
v -0.19052970 -0.83848804 0.00701946
v -0.18066385 -0.84576678 0.00861958
v -0.17081241 -0.85303497 0.01021738
v -0.16097532 -0.86029249 0.01181285
v -0.15115254 -0.86753947 0.01340599
v -0.14122359 -0.87424791 0.01482295
v -0.13116260 -0.88031715 0.01603048
v -0.12111274 -0.88637984 0.01723669
v -0.11107398 -0.89243585 0.01844155
v -0.10104628 -0.89848512 0.01964509
v -0.09102965 -0.90452772 0.02084730
v -0.08102404 -0.91056371 0.02204819
v -0.07102947 -0.91659302 0.02324775
v -0.06104590 -0.92261571 0.02444599
v -0.05107332 -0.92863172 0.02564292
v -0.04111170 -0.93464118 0.02683852
v -0.03116103 -0.94064397 0.02803282
v -0.02122129 -0.94664025 0.02922580
v -0.01129247 -0.95262992 0.03041747
v -0.00137454 -0.95861298 0.03160784
v 0.01050492 -0.95682907 0.03022792
v 0.02356271 -0.95049751 0.02734101
v 0.03665530 -0.94414908 0.02444639
v 0.04978282 -0.93778378 0.02154406
v 0.06294543 -0.93140131 0.01863397
v 0.07614321 -0.92500192 0.01571609
v 0.08937640 -0.91858536 0.01279040
v 0.10264505 -0.91215158 0.00985686
v 0.11594933 -0.90570045 0.00691545
v 0.12928943 -0.89923203 0.00396612
v 0.14266545 -0.89274615 0.00100884
v 0.15607753 -0.88624287 -0.00195640
v 0.16952585 -0.87972200 -0.00492966
v 0.18593395 -0.86262757 -0.01142195
v 0.20876908 -0.82271981 -0.02550971
v -0.59530938 -0.12056438 -0.17725493
v -0.58688176 -0.14726530 -0.16950876
v -0.57850885 -0.17379279 -0.16181290
v -0.57019007 -0.20014852 -0.15416692
v -0.56192511 -0.22633414 -0.14657027
v -0.55371326 -0.25235134 -0.13902247
v -0.54555404 -0.27820167 -0.13152309
v -0.53683913 -0.29996747 -0.12533544
v -0.52768672 -0.31853366 -0.12017547
v -0.51857483 -0.33701769 -0.11503834
v -0.50950319 -0.35542005 -0.10992391
v -0.50047159 -0.37374133 -0.10483199
v -0.49147969 -0.39198193 -0.09976253
v -0.48252726 -0.41014254 -0.09471528
v -0.47361401 -0.42822355 -0.08969016
v -0.45421091 -0.52332133 -0.06137228
v -0.44841591 -0.55776370 -0.05103147
v -0.43887708 -0.57023036 -0.04779987
v -0.42933324 -0.58247858 -0.04463673
v -0.41981626 -0.59469235 -0.04148249
v -0.41032594 -0.60687184 -0.03833709
v -0.40086225 -0.61901724 -0.03520051
v -0.39142504 -0.63112861 -0.03207270
v -0.38201424 -0.64320618 -0.02895364
v -0.37262967 -0.65524995 -0.02584328
v -0.36327124 -0.66726029 -0.02274159
v -0.35393885 -0.67923713 -0.01964854
v -0.34463245 -0.69118065 -0.01656408
v -0.33535182 -0.70309108 -0.01348818
v -0.32609698 -0.71496844 -0.01042080
v -0.31830293 -0.73408747 -0.00499514
v -0.30823994 -0.74151909 -0.00336945
v -0.29848561 -0.75040400 -0.00126947
v -0.28933257 -0.76215070 0.00176415
v -0.27813977 -0.76374853 0.00149325
v -0.26813591 -0.77113658 0.00310938
v -0.25814670 -0.77851373 0.00472314
v -0.24817219 -0.78588015 0.00633453
v -0.23821233 -0.79323560 0.00794356
v -0.22826704 -0.80058038 0.00955023
v -0.21833631 -0.80791438 0.01115455
v -0.20842014 -0.81523758 0.01275651
v -0.19851847 -0.82255018 0.01435613
v -0.18863127 -0.82985204 0.01595342
v -0.17875850 -0.83714324 0.01754837
v -0.16890015 -0.84442377 0.01914100
v -0.15905619 -0.85169375 0.02073130
v -0.14922655 -0.85895306 0.02231928
v -0.13941762 -0.86622983 0.02391412
v -0.12935002 -0.87230825 0.02511754
v -0.11929359 -0.87837988 0.02631962
v -0.10924824 -0.88444483 0.02752038
v -0.09921400 -0.89050305 0.02871982
v -0.08919082 -0.89655465 0.02991793
v -0.07917869 -0.90259957 0.03111471
v -0.06917761 -0.90863782 0.03231018
v -0.05918755 -0.91466939 0.03350434
v -0.04920849 -0.92069435 0.03469718
v -0.03924040 -0.92671275 0.03588869
v -0.02928329 -0.93272442 0.03707891
v -0.01933712 -0.93872947 0.03826781
v -0.00940188 -0.94472796 0.03945541
v 0.00052245 -0.95071989 0.04064171
v 0.01293986 -0.94685280 0.03858269
v 0.02601485 -0.94050115 0.03570382
v 0.03912471 -0.93413264 0.03281726
v 0.05226959 -0.92774707 0.02992300
v 0.06544965 -0.92134452 0.02702099
v 0.07866499 -0.91492474 0.02411121
v 0.09191576 -0.90848768 0.02119363
v 0.10520213 -0.90203339 0.01826822
v 0.11852422 -0.89556175 0.01533493
v 0.13188219 -0.88907266 0.01239375
v 0.14527616 -0.88256615 0.00944464
v 0.15870629 -0.87604195 0.00648757
v 0.17217276 -0.86950022 0.00352250
v 0.18585689 -0.86228633 0.00033289
v 0.20011847 -0.85312217 -0.00350445
v 0.21804899 -0.83102107 -0.01162763
v 0.24120535 -0.79070902 -0.02578803
v -0.61866045 -0.11368784 -0.16498932
v -0.61015862 -0.14040521 -0.15728486
v -0.60171205 -0.16694906 -0.14963041
v -0.59332001 -0.19332111 -0.14202555
v -0.58498228 -0.21952297 -0.13446972
v -0.57669806 -0.24555629 -0.12696251
v -0.56846696 -0.27142277 -0.11950342
v -0.56028849 -0.29712391 -0.11209200
v -0.55216217 -0.32266134 -0.10472781
v -0.54380125 -0.34619254 -0.09800180
v -0.53469610 -0.36452994 -0.09293736
v -0.52563095 -0.38278678 -0.08789513
v -0.51660562 -0.40096343 -0.08287510
v -0.50761980 -0.41906056 -0.07787701
v -0.49867323 -0.43707857 -0.07290076
v -0.48976561 -0.45501804 -0.06794618
v -0.47777802 -0.52454937 -0.04720261
v -0.47059193 -0.55135566 -0.03938063
v -0.46099204 -0.56364512 -0.03622557
v -0.45141912 -0.57590002 -0.03307939
v -0.44187313 -0.58812046 -0.02994205
v -0.43235391 -0.60030657 -0.02681350
v -0.42286134 -0.61245859 -0.02369373
v -0.41339538 -0.62457657 -0.02058269
v -0.40395585 -0.63666070 -0.01748034
v -0.39454263 -0.64871109 -0.01438665
v -0.38515565 -0.66072798 -0.01130158
v -0.37579483 -0.67271137 -0.00822509
v -0.36706847 -0.68788421 -0.00411613
v -0.35715100 -0.69657844 -0.00209772
v -0.34786791 -0.70846236 0.00095323
v -0.33667859 -0.71035022 0.00077395
v -0.32657856 -0.71781677 0.00239916
v -0.31649345 -0.72527230 0.00402197
v -0.30642322 -0.73271680 0.00564238
v -0.29636788 -0.74015027 0.00726040
v -0.28632733 -0.74757296 0.00887605
v -0.27630153 -0.75498456 0.01048931
v -0.26629055 -0.76238531 0.01210019
v -0.25629425 -0.76977515 0.01370871
v -0.24631262 -0.77715415 0.01531487
v -0.23634569 -0.78452235 0.01691866
v -0.22639337 -0.79187965 0.01852011
v -0.21645561 -0.79922622 0.02011920
v -0.20653243 -0.80656201 0.02171596
v -0.19662379 -0.81388712 0.02331037
v -0.18672962 -0.82120144 0.02490246
v -0.17684995 -0.82850516 0.02649221
v -0.16698468 -0.83579814 0.02807964
v -0.15713382 -0.84308052 0.02966476
v -0.14729731 -0.85035223 0.03124757
v -0.13747515 -0.85761333 0.03282806
v -0.12753472 -0.86428714 0.03421833
v -0.11747169 -0.87036783 0.03541629
v -0.10741976 -0.87644178 0.03661293
v -0.09737896 -0.88250899 0.03780825
v -0.08734923 -0.88856959 0.03900224
v -0.07733057 -0.89462352 0.04019491
v -0.06732298 -0.90067065 0.04138628
v -0.05732640 -0.90671122 0.04257632
v -0.04734086 -0.91274506 0.04376505
v -0.03736630 -0.91877228 0.04495249
v -0.02740274 -0.92479289 0.04613860
v -0.01745012 -0.93080682 0.04732342
v -0.00750846 -0.93681419 0.04850693
v 0.00242229 -0.94281495 0.04968914
v 0.01537997 -0.93685526 0.04695532
v 0.02847222 -0.93048346 0.04408453
v 0.04159940 -0.92409474 0.04120607
v 0.05476171 -0.91768891 0.03831992
v 0.06795926 -0.91126597 0.03542603
v 0.08119219 -0.90482575 0.03252439
v 0.09446060 -0.89836824 0.02961497
v 0.10776474 -0.89189345 0.02669771
v 0.12110465 -0.88540107 0.02377261
v 0.13448054 -0.87889135 0.02083962
v 0.14789253 -0.87236398 0.01789871
v 0.16134076 -0.86581898 0.01494986
v 0.17485476 -0.85914963 0.01195794
v 0.18909213 -0.84998322 0.00814222
v 0.20337926 -0.84078485 0.00431316
v 0.21771640 -0.83155435 0.00047071
v 0.23210379 -0.82229137 -0.00338522
v 0.25048879 -0.79909492 -0.01183537
v 0.27397174 -0.75837237 -0.02606915
v -0.63342518 -0.13354817 -0.14506638
v -0.62490487 -0.16010840 -0.13745332
v -0.61643976 -0.18649673 -0.12988953
v -0.60802919 -0.21271481 -0.12237453
v -0.59967273 -0.23876432 -0.11490787
v -0.59136987 -0.26464686 -0.10748906
v -0.58311999 -0.29036400 -0.10011764
v -0.57492262 -0.31591743 -0.09279317
v -0.56677741 -0.34130859 -0.08551520
v -0.55868369 -0.36653903 -0.07828328
v -0.55064100 -0.39161035 -0.07109700
v -0.54161030 -0.40990162 -0.06606911
v -0.53259146 -0.42793563 -0.06111977
v -0.52361196 -0.44589105 -0.05619198
v -0.51467156 -0.46376833 -0.05128566
v -0.50128222 -0.52577406 -0.03307074
v -0.49272659 -0.54476660 -0.02779427
v -0.48309755 -0.55706269 -0.02465620
v -0.47349557 -0.56932425 -0.02152696
v -0.46392062 -0.58155131 -0.01840651
v -0.45437250 -0.59374410 -0.01529482
v -0.44485113 -0.60590267 -0.01219185
v -0.43535638 -0.61802727 -0.00909755
v -0.42652419 -0.63367748 -0.00487077
v -0.41644639 -0.64217496 -0.00293486
v -0.40605283 -0.64882642 -0.00158982
v -0.39584005 -0.65638387 0.00004700
v -0.38564241 -0.66393024 0.00168139
v -0.37545988 -0.67146534 0.00331334
v -0.36529246 -0.67898929 0.00494288
v -0.35514015 -0.68650204 0.00657001
v -0.34500286 -0.69400370 0.00819472
v -0.33488059 -0.70149422 0.00981702
v -0.32477328 -0.70897365 0.01143693
v -0.31468093 -0.71644211 0.01305444
v -0.30460346 -0.72389948 0.01466957
v -0.29454088 -0.73134583 0.01628231
v -0.28449315 -0.73878121 0.01789267
v -0.27446020 -0.74620569 0.01950065
v -0.26444203 -0.75361913 0.02110627
v -0.25443864 -0.76102173 0.02270954
v -0.24444990 -0.76841342 0.02431043
v -0.23447590 -0.77579427 0.02590897
v -0.22451650 -0.78316420 0.02750517
v -0.21457173 -0.79052341 0.02909904
v -0.20464154 -0.79787183 0.03069055
v -0.19472590 -0.80520940 0.03227974
v -0.18482479 -0.81253636 0.03386661
v -0.17493816 -0.81985247 0.03545114
v -0.16506597 -0.82715791 0.03703337
v -0.15520820 -0.83445269 0.03861328
v -0.14536485 -0.84173697 0.04019089
v -0.13553582 -0.84901041 0.04176619
v -0.12571667 -0.85625386 0.04333289
v -0.11564702 -0.86234361 0.04452671
v -0.10558851 -0.86842668 0.04571922
v -0.09554114 -0.87450290 0.04691041
v -0.08550485 -0.88057244 0.04810027
v -0.07547965 -0.88663536 0.04928881
v -0.06546553 -0.89269143 0.05047606
v -0.05546245 -0.89874095 0.05166199
v -0.04547041 -0.90478379 0.05284661
v -0.03548938 -0.91081989 0.05402993
v -0.02551934 -0.91684943 0.05521194
v -0.01556028 -0.92287230 0.05639265
v -0.00561218 -0.92888850 0.05757206
v 0.00475072 -0.93321121 0.05820091
v 0.01782535 -0.92683619 0.05534586
v 0.03093486 -0.92044431 0.05248320
v 0.04407942 -0.91403526 0.04961288
v 0.05725918 -0.90760916 0.04673487
v 0.07047426 -0.90116578 0.04384916
v 0.08372480 -0.89470500 0.04095570
v 0.09701096 -0.88822699 0.03805446
v 0.11033286 -0.88173151 0.03514541
v 0.12369067 -0.87521857 0.03222853
v 0.13708453 -0.86868793 0.02930377
v 0.15051457 -0.86213970 0.02637111
v 0.16398096 -0.85557377 0.02343052
v 0.17807354 -0.84684652 0.01978072
v 0.19233641 -0.83764595 0.01597334
v 0.20664917 -0.82841307 0.01215263
v 0.22101212 -0.81914788 0.00831853
v 0.23542549 -0.80985016 0.00447097
v 0.24988952 -0.80051970 0.00060988
v 0.26440457 -0.79115647 -0.00326482
v 0.28325826 -0.76684457 -0.01204521
v 0.30707321 -0.72570503 -0.02635317
v -0.65668130 -0.12669419 -0.13285337
v -0.64808744 -0.15327075 -0.12528163
v -0.63954914 -0.17967536 -0.11775891
v -0.63106596 -0.20590967 -0.11028469
v -0.62263733 -0.23197532 -0.10285852
v -0.61426264 -0.25787392 -0.09547994
v -0.60594153 -0.28360710 -0.08814850
v -0.59767330 -0.30917642 -0.08086371
v -0.58945757 -0.33458343 -0.07362520
v -0.58129388 -0.35982972 -0.06643247
v -0.57318169 -0.38491681 -0.05928510
v -0.56512040 -0.40984613 -0.05218267
v -0.55710971 -0.43461922 -0.04512477
v -0.54843122 -0.45466128 -0.03956331
v -0.53945827 -0.47247681 -0.03470476
v -0.53087294 -0.49239177 -0.02917601
v -0.52453721 -0.52584279 -0.01934275
v -0.51485175 -0.53818035 -0.01621285
v -0.50519365 -0.55048311 -0.01309177
v -0.49556267 -0.56275129 -0.00997946
v -0.48595873 -0.57498497 -0.00687589
v -0.47638172 -0.58718437 -0.00378103
v -0.46594632 -0.59420174 -0.00233385
v -0.45563415 -0.60184056 -0.00068773
v -0.44533733 -0.60946792 0.00095594
v -0.43505594 -0.61708385 0.00259715
v -0.42478985 -0.62468851 0.00423592
v -0.41453904 -0.63228178 0.00587224
v -0.40430352 -0.63986379 0.00750613
v -0.39408326 -0.64743441 0.00913759
v -0.38387811 -0.65499395 0.01076661
v -0.37368822 -0.66254210 0.01239322
v -0.36351347 -0.67007911 0.01401741
v -0.35335371 -0.67760485 0.01563920
v -0.34320912 -0.68511957 0.01725857
v -0.33307955 -0.69262308 0.01887555
v -0.32296494 -0.70011550 0.02049014
v -0.31286529 -0.70759684 0.02210233
v -0.30278057 -0.71506715 0.02371215
v -0.29271078 -0.72252631 0.02531958
v -0.28265584 -0.72997457 0.02692464
v -0.27261570 -0.73741174 0.02852734
v -0.26259038 -0.74483806 0.03012767
v -0.25257984 -0.75225335 0.03172564
v -0.24258405 -0.75965780 0.03332127
v -0.23260292 -0.76705134 0.03491454
v -0.22263648 -0.77443409 0.03650547
v -0.21268465 -0.78180587 0.03809407
v -0.20274745 -0.78916687 0.03968034
v -0.19282481 -0.79651707 0.04126428
v -0.18291673 -0.80385655 0.04284590
v -0.17302313 -0.81118518 0.04442520
v -0.16314402 -0.81850314 0.04600219
v -0.15327936 -0.82581043 0.04757689
v -0.14342910 -0.83310705 0.04914927
v -0.13359323 -0.84039295 0.05071936
v -0.12377170 -0.84766829 0.05228717
v -0.11381961 -0.85430717 0.05365093
v -0.10375450 -0.86039931 0.05483928
v -0.09370052 -0.86648464 0.05602631
v -0.08365768 -0.87256318 0.05721204
v -0.07362594 -0.87863511 0.05839645
v -0.06360528 -0.88470030 0.05957955
v -0.05359568 -0.89075875 0.06076135
v -0.04359714 -0.89681053 0.06194185
v -0.03360962 -0.90285552 0.06312104
v -0.02363311 -0.90889400 0.06429893
v -0.01366760 -0.91492575 0.06547552
v -0.00371306 -0.92095095 0.06665082
v 0.00718408 -0.92319095 0.06660125
v 0.02027593 -0.91679579 0.06375436
v 0.03340279 -0.91038364 0.06089986
v 0.04656475 -0.90395427 0.05803773
v 0.05976201 -0.89750767 0.05516792
v 0.07299467 -0.89104372 0.05229041
v 0.08626288 -0.88456255 0.04940518
v 0.09956679 -0.87806380 0.04651216
v 0.11290655 -0.87154764 0.04361137
v 0.12628229 -0.86501390 0.04070275
v 0.13969415 -0.85846245 0.03778627
v 0.15314232 -0.85189331 0.03486190
v 0.16706266 -0.84371203 0.03141107
v 0.18130131 -0.83450919 0.02762532
v 0.19558975 -0.82527411 0.02382634
v 0.20992826 -0.81600666 0.02001404
v 0.22431707 -0.80670673 0.01618836
v 0.23875652 -0.79737407 0.01234923
v 0.25324681 -0.78800857 0.00849658
v 0.26778820 -0.77860999 0.00463033
v 0.28238100 -0.76917821 0.00075042
v 0.29702547 -0.75971305 -0.00314322
v 0.31636241 -0.73426455 -0.01225724
v 0.34051508 -0.69270182 -0.02664009
v -0.67125976 -0.14643614 -0.11311539
v -0.66264838 -0.17285699 -0.10563365
v -0.65409261 -0.19910750 -0.09820018
v -0.64559180 -0.22518925 -0.09081449
v -0.63714540 -0.25110394 -0.08347610
v -0.62875301 -0.27685311 -0.07618459
v -0.62041408 -0.30243835 -0.06893948
v -0.61212796 -0.32786122 -0.06174037
v -0.60389423 -0.35312334 -0.05458679
v -0.59571254 -0.37822610 -0.04747831
v -0.58758223 -0.40317112 -0.04041453
v -0.57950288 -0.42795977 -0.03339500
v -0.57147402 -0.45259359 -0.02641932
v -0.56349510 -0.47707400 -0.01948708
v -0.55516076 -0.49882117 -0.01341264
v -0.54668212 -0.51925272 -0.00774927
v -0.53696752 -0.53159690 -0.00463638
v -0.52648413 -0.53898937 -0.00308589
v -0.51607108 -0.54671073 -0.00143035
v -0.50567359 -0.55442047 0.00022270
v -0.49529174 -0.56211865 0.00187328
v -0.48492539 -0.56980526 0.00352137
v -0.47457460 -0.57748038 0.00516700
v -0.46423936 -0.58514398 0.00681017
v -0.45391953 -0.59279615 0.00845087
v -0.44361514 -0.60043681 0.01008912
v -0.43332613 -0.60806614 0.01172493
v -0.42305252 -0.61568397 0.01335829
v -0.41279420 -0.62329060 0.01498922
v -0.40255120 -0.63088572 0.01661772
v -0.39232343 -0.63846964 0.01824379
v -0.38211089 -0.64604223 0.01986744
v -0.37191355 -0.65360361 0.02148867
v -0.36173138 -0.66115367 0.02310750
v -0.35156429 -0.66869259 0.02472391
v -0.34141231 -0.67622024 0.02633794
v -0.33127537 -0.68373674 0.02794957
v -0.32115352 -0.69124222 0.02955881
v -0.31104657 -0.69873649 0.03116567
v -0.30095458 -0.70621967 0.03277015
v -0.29087755 -0.71369177 0.03437226
v -0.28081539 -0.72115290 0.03597200
v -0.27076808 -0.72860301 0.03756938
v -0.26073563 -0.73604208 0.03916440
v -0.25071791 -0.74347019 0.04075707
v -0.24071498 -0.75088739 0.04234741
v -0.23072676 -0.75829363 0.04393538
v -0.22075324 -0.76568902 0.04552103
v -0.21079437 -0.77307349 0.04710435
v -0.20085014 -0.78044713 0.04868535
v -0.19092050 -0.78780997 0.05026402
v -0.18100543 -0.79516202 0.05184039
v -0.17110488 -0.80250329 0.05341442
v -0.16121882 -0.80983377 0.05498617
v -0.15134725 -0.81715357 0.05655561
v -0.14149010 -0.82446265 0.05812277
v -0.13164736 -0.83176106 0.05968762
v -0.12181898 -0.83904874 0.06125019
v -0.11198942 -0.84625870 0.06278897
v -0.10191770 -0.85235989 0.06397315
v -0.09185716 -0.85845435 0.06515603
v -0.08180773 -0.86454183 0.06633760
v -0.07176942 -0.87062281 0.06751785
v -0.06174223 -0.87669694 0.06869681
v -0.05172610 -0.88276434 0.06987446
v -0.04172105 -0.88882518 0.07105081
v -0.03172703 -0.89487922 0.07222586
v -0.02174405 -0.90092659 0.07339963
v -0.01177206 -0.90696728 0.07457208
v -0.00181107 -0.91300136 0.07574324
v 0.00962261 -0.91314930 0.07501961
v 0.02273177 -0.90673381 0.07218090
v 0.03587601 -0.90030134 0.06933461
v 0.04905544 -0.89385158 0.06648069
v 0.06227024 -0.88738447 0.06361911
v 0.07552052 -0.88090003 0.06074986
v 0.08880644 -0.87439811 0.05787288
v 0.10212816 -0.86787874 0.05498816
v 0.11548580 -0.86134171 0.05209564
v 0.12887950 -0.85478711 0.04919533
v 0.14230946 -0.84821481 0.04628717
v 0.15605947 -0.84057969 0.04303328
v 0.17027394 -0.83137459 0.03926913
v 0.18453810 -0.82213736 0.03549184
v 0.19885218 -0.81286764 0.03170131
v 0.21321651 -0.80356544 0.02789749
v 0.22763135 -0.79423064 0.02408030
v 0.24209690 -0.78486288 0.02024966
v 0.25661349 -0.77546209 0.01640551
v 0.27118140 -0.76602811 0.01254778
v 0.28580084 -0.75656068 0.00867639
v 0.30047214 -0.74705976 0.00479128
v 0.31519553 -0.73752505 0.00089237
v 0.32997134 -0.72795635 -0.00302042
v 0.34980655 -0.70135009 -0.01247142
v 0.37430257 -0.65935743 -0.02692998
v -0.69442171 -0.13960458 -0.10095451
v -0.68573731 -0.16604167 -0.09351377
v -0.67710900 -0.19230832 -0.08612102
v -0.66853607 -0.21840622 -0.07877574
v -0.66001815 -0.24433693 -0.07147752
v -0.65155452 -0.27010205 -0.06422591
v -0.64314485 -0.29570326 -0.05702045
v -0.63478845 -0.32114199 -0.04986070
v -0.62648493 -0.34641981 -0.04274623
v -0.61823374 -0.37153831 -0.03567662
v -0.61003441 -0.39649895 -0.02865143
v -0.60188645 -0.42130321 -0.02167026
v -0.59378940 -0.44595259 -0.01473269
v -0.58574271 -0.47044840 -0.00783831
v -0.57640427 -0.48605645 -0.00372703
v -0.56614655 -0.49546152 -0.00155932
v -0.55578583 -0.50406355 0.00035787
v -0.54553294 -0.51321679 0.00244952
v -0.53525722 -0.52208835 0.00445416
v -0.52482057 -0.52983493 0.00610671
v -0.51439965 -0.53756988 0.00775677
v -0.50399441 -0.54529315 0.00940435
v -0.49360487 -0.55300480 0.01104946
v -0.48323080 -0.56070495 0.01269210
v -0.47287235 -0.56839347 0.01433227
v -0.46252939 -0.57607055 0.01596999
v -0.45220199 -0.58373606 0.01760525
v -0.44188997 -0.59139019 0.01923807
v -0.43159336 -0.59903288 0.02086844
v -0.42131221 -0.60666406 0.02249639
v -0.41104642 -0.61428380 0.02412190
v -0.40079585 -0.62189227 0.02574498
v -0.39056063 -0.62948942 0.02736565
v -0.38034061 -0.63707513 0.02898390
v -0.37013587 -0.64464962 0.03059973
v -0.35994625 -0.65221292 0.03221317
v -0.34977177 -0.65976495 0.03382422
v -0.33961242 -0.66730565 0.03543286
v -0.32946813 -0.67483526 0.03703912
v -0.31933895 -0.68235368 0.03864300
v -0.30922472 -0.68986094 0.04024450
v -0.29912549 -0.69735712 0.04184363
v -0.28904119 -0.70484215 0.04344039
v -0.27897182 -0.71231616 0.04503479
v -0.26891732 -0.71977913 0.04662684
v -0.25887766 -0.72723109 0.04821653
v -0.24885280 -0.73467201 0.04980388
v -0.23884274 -0.74210203 0.05138889
v -0.22884741 -0.74952102 0.05297156
v -0.21886683 -0.75692910 0.05455191
v -0.20890091 -0.76432633 0.05612993
v -0.19894962 -0.77171266 0.05770563
v -0.18901296 -0.77908814 0.05927901
v -0.17909090 -0.78645283 0.06085009
v -0.16918339 -0.79380667 0.06241886
v -0.15929039 -0.80114973 0.06398533
v -0.14941187 -0.80848205 0.06554951
v -0.13954784 -0.81580365 0.06711140
v -0.12969820 -0.82311457 0.06867101
v -0.11986297 -0.83041471 0.07022834
v -0.11004211 -0.83770424 0.07178338
v -0.10007811 -0.84430826 0.07312086
v -0.09001097 -0.85041171 0.07429956
v -0.07995497 -0.85650843 0.07547696
v -0.06991010 -0.86259836 0.07665306
v -0.05987635 -0.86868155 0.07782784
v -0.04985369 -0.87475801 0.07900134
v -0.03984211 -0.88082778 0.08017353
v -0.02984160 -0.88689083 0.08134445
v -0.01985212 -0.89294720 0.08251405
v -0.00987367 -0.89899683 0.08368236
v 0.00009378 -0.90503979 0.08484939
v 0.01206640 -0.90308601 0.08345599
v 0.02519288 -0.89665031 0.08062553
v 0.03835454 -0.89019740 0.07778747
v 0.05155148 -0.88372713 0.07494182
v 0.06478386 -0.87723947 0.07208852
v 0.07805181 -0.87073439 0.06922756
v 0.09135552 -0.86421180 0.06635889
v 0.10469506 -0.85767162 0.06348249
v 0.11807063 -0.85111368 0.06059831
v 0.13148239 -0.84453821 0.05770634
v 0.14506401 -0.83744961 0.05464735
v 0.15925431 -0.82824230 0.05090480
v 0.17349419 -0.81900275 0.04714916
v 0.18778391 -0.80973083 0.04338037
v 0.20212379 -0.80042648 0.03959837
v 0.21651402 -0.79108936 0.03580308
v 0.23095492 -0.78171939 0.03199442
v 0.24544673 -0.77231640 0.02817235
v 0.25998971 -0.76288021 0.02433676
v 0.27458417 -0.75341064 0.02048761
v 0.28923038 -0.74390745 0.01662481
v 0.30392852 -0.73437053 0.01274830
v 0.31867900 -0.72479975 0.00885800
v 0.33348206 -0.71519482 0.00495383
v 0.34833795 -0.70555556 0.00103573
v 0.36324698 -0.69588184 -0.00289639
v 0.38359573 -0.66809595 -0.01268781
v 0.40844089 -0.62566680 -0.02722291
v -0.70881611 -0.15922937 -0.08139925
v -0.70011526 -0.18551220 -0.07404717
v -0.69147032 -0.21162617 -0.06674231
v -0.68288082 -0.23757291 -0.05948421
v -0.67434609 -0.26335400 -0.05227247
v -0.66586566 -0.28897107 -0.04510660
v -0.65743905 -0.31442559 -0.03798620
v -0.64906573 -0.33971924 -0.03091081
v -0.64074522 -0.36485341 -0.02388002
v -0.63247693 -0.38982970 -0.01689341
v -0.62426037 -0.41464955 -0.00995056
v -0.61552477 -0.43543258 -0.00426030
v -0.60517365 -0.44493777 -0.00208052
v -0.59484309 -0.45442417 0.00009496
v -0.58453280 -0.46389183 0.00226614
v -0.57424289 -0.47334081 0.00443304
v -0.56397325 -0.48277119 0.00659567
v -0.55356348 -0.49116117 0.00843504
v -0.54301125 -0.49852866 0.00995638
v -0.53283322 -0.50813013 0.01217674
v -0.52267581 -0.51771212 0.01439262
v -0.51253909 -0.52727479 0.01660399
v -0.50231236 -0.53614992 0.01860193
v -0.49191499 -0.54387522 0.02024155
v -0.48153329 -0.55158889 0.02187871
v -0.47116712 -0.55929095 0.02351341
v -0.46081653 -0.56698143 0.02514566
v -0.45048141 -0.57466042 0.02677546
v -0.44016182 -0.58232796 0.02840282
v -0.42985767 -0.58998382 0.03002775
v -0.41956890 -0.59762847 0.03165023
v -0.40929550 -0.60526162 0.03327031
v -0.39903751 -0.61288339 0.03488796
v -0.38879469 -0.62049371 0.03650320
v -0.37856728 -0.62809271 0.03811603
v -0.36835510 -0.63568044 0.03972646
v -0.35815802 -0.64325684 0.04133448
v -0.34797618 -0.65082192 0.04294013
v -0.33780944 -0.65837586 0.04454337
v -0.32765782 -0.66591853 0.04614424
v -0.31752127 -0.67344999 0.04774273
v -0.30739975 -0.68097031 0.04933885
v -0.29729325 -0.68847942 0.05093262
v -0.28720170 -0.69597745 0.05252400
v -0.27712506 -0.70346445 0.05411305
v -0.26706338 -0.71094024 0.05569975
v -0.25701654 -0.71840507 0.05728408
v -0.24698451 -0.72585887 0.05886609
v -0.23696733 -0.73330170 0.06044576
v -0.22696488 -0.74073344 0.06202311
v -0.21697719 -0.74815434 0.06359813
v -0.20700420 -0.75556427 0.06517083
v -0.19704589 -0.76296335 0.06674122
v -0.18710220 -0.77035153 0.06830928
v -0.17717312 -0.77772886 0.06987507
v -0.16725864 -0.78509533 0.07143854
v -0.15735869 -0.79245102 0.07299972
v -0.14747325 -0.79979593 0.07455862
v -0.13760227 -0.80713004 0.07611524
v -0.12774576 -0.81445342 0.07766957
v -0.11790366 -0.82176614 0.07922162
v -0.10807595 -0.82906812 0.08077141
v -0.09823576 -0.83624440 0.08228245
v -0.08816200 -0.84235698 0.08345696
v -0.07809941 -0.84846270 0.08463018
v -0.06804796 -0.85456175 0.08580209
v -0.05800765 -0.86065394 0.08697269
v -0.04797845 -0.86673951 0.08814202
v -0.03796035 -0.87281829 0.08931004
v -0.02795332 -0.87889034 0.09047677
v -0.01795735 -0.88495564 0.09164222
v -0.00797241 -0.89101434 0.09280638
v 0.00200150 -0.89706630 0.09396926
v 0.01451542 -0.89300120 0.09191047
v 0.02765931 -0.88654506 0.08908828
v 0.04083839 -0.88007164 0.08625853
v 0.05405289 -0.87358081 0.08342118
v 0.06730291 -0.86707258 0.08057620
v 0.08058858 -0.86054677 0.07772358
v 0.09391010 -0.85400343 0.07486324
v 0.10726754 -0.84744239 0.07199521
v 0.12066109 -0.84086359 0.06911940
v 0.13431592 -0.83408976 0.06625494
v 0.14824238 -0.82511210 0.06253229
v 0.16245803 -0.81587034 0.05879829
v 0.17672344 -0.80659622 0.05505122
v 0.19103885 -0.79728961 0.05129101
v 0.20540455 -0.78795028 0.04751758
v 0.21982080 -0.77857816 0.04373088
v 0.23428784 -0.76917297 0.03993084
v 0.24880597 -0.75973457 0.03611738
v 0.26337549 -0.75026280 0.03229044
v 0.27799660 -0.74075735 0.02844992
v 0.29266959 -0.73121828 0.02459578
v 0.30739477 -0.72164530 0.02072793
v 0.32217243 -0.71203822 0.01684630
v 0.33700281 -0.70239675 0.01295083
v 0.35188621 -0.69272089 0.00904142
v 0.36682293 -0.68301040 0.00511802
v 0.38181323 -0.67326498 0.00118053
v 0.39685738 -0.66348463 -0.00277110
v 0.41773552 -0.63449687 -0.01290643
v 0.44293591 -0.59162426 -0.02751884
v -0.73188466 -0.15242007 -0.06929010
v -0.72311145 -0.17871904 -0.06197865
v -0.71439451 -0.20484908 -0.05471415
v -0.70573354 -0.23081185 -0.04749617
v -0.69712770 -0.25660887 -0.04032424
v -0.68857670 -0.28224182 -0.03319795
v -0.68007988 -0.30771220 -0.02611685
v -0.67163682 -0.33302155 -0.01908051
v -0.66324693 -0.35817140 -0.01208851
v -0.65490973 -0.38316330 -0.00514044
v -0.64461869 -0.39387304 -0.00260729
v -0.63419366 -0.40346086 -0.00041966
v -0.62378925 -0.41302967 0.00176363
v -0.61340553 -0.42257953 0.00394260
v -0.60304236 -0.43211046 0.00611724
v -0.59269965 -0.44162256 0.00828759
v -0.58237743 -0.45111582 0.01045365
v -0.57207561 -0.46059036 0.01261543
v -0.56179404 -0.47004619 0.01477294
v -0.55133492 -0.47822273 0.01653481
v -0.54073036 -0.48536348 0.01797626
v -0.53028876 -0.49342415 0.01970454
v -0.52011728 -0.50303692 0.02191640
v -0.50996625 -0.51263028 0.02412382
v -0.49983585 -0.52220416 0.02632677
v -0.48972604 -0.53175861 0.02852522
v -0.47963658 -0.54129392 0.03071929
v -0.46945891 -0.55017257 0.03271046
v -0.45910069 -0.55787659 0.03433721
v -0.44875795 -0.56556898 0.03596153
v -0.43843070 -0.57324994 0.03758341
v -0.42811888 -0.58091938 0.03920287
v -0.41782260 -0.58857733 0.04081989
v -0.40754163 -0.59622383 0.04243451
v -0.39727607 -0.60385889 0.04404670
v -0.38702583 -0.61148250 0.04565649
v -0.37679091 -0.61909479 0.04726389
v -0.36657122 -0.62669575 0.04886888
v -0.35636678 -0.63428533 0.05047147
v -0.34617752 -0.64186364 0.05207169
v -0.33600339 -0.64943069 0.05366952
v -0.32584441 -0.65698642 0.05526498
v -0.31570050 -0.66453099 0.05685806
v -0.30557168 -0.67206436 0.05844879
v -0.29545787 -0.67958653 0.06003715
v -0.28535908 -0.68709755 0.06162315
v -0.27527520 -0.69459754 0.06320680
v -0.26520628 -0.70208633 0.06478813
v -0.25515226 -0.70956403 0.06636711
v -0.24511306 -0.71703064 0.06794376
v -0.23508869 -0.72448635 0.06951806
v -0.22507916 -0.73193097 0.07109006
v -0.21508434 -0.73936468 0.07265973
v -0.20510429 -0.74678737 0.07422709
v -0.19513890 -0.75419921 0.07579214
v -0.18518819 -0.76160008 0.07735489
v -0.17525211 -0.76899016 0.07891535
v -0.16533063 -0.77636921 0.08047350
v -0.15542370 -0.78373748 0.08202937
v -0.14553131 -0.79109502 0.08358296
v -0.13565344 -0.79844177 0.08513428
v -0.12579001 -0.80577767 0.08668332
v -0.11594106 -0.81310296 0.08823010
v -0.10610648 -0.82041746 0.08977460
v -0.09628629 -0.82772124 0.09131685
v -0.08631022 -0.83429003 0.09262823
v -0.07624103 -0.84040493 0.09379724
v -0.06618300 -0.84651297 0.09496496
v -0.05613613 -0.85261428 0.09613139
v -0.04610037 -0.85870886 0.09729653
v -0.03607574 -0.86479670 0.09846037
v -0.02606219 -0.87087774 0.09962293
v -0.01605971 -0.87695211 0.10078420
v -0.00606829 -0.88301980 0.10194418
v 0.00391210 -0.88908064 0.10310289
v 0.01696971 -0.88289475 0.10038310
v 0.03013099 -0.87641811 0.09756924
v 0.04332761 -0.86992419 0.09474783
v 0.05655970 -0.86341268 0.09191883
v 0.06982740 -0.85688370 0.08908220
v 0.08313085 -0.85033715 0.08623794
v 0.09647020 -0.84377295 0.08338601
v 0.10984557 -0.83719093 0.08052639
v 0.12325715 -0.83059108 0.07765902
v 0.13723820 -0.82198417 0.07415166
v 0.15142962 -0.81274009 0.07043926
v 0.16567072 -0.80346382 0.06671385
v 0.17996174 -0.79415500 0.06297540
v 0.19430292 -0.78481346 0.05922382
v 0.20869455 -0.77543914 0.05545906
v 0.22313687 -0.76603174 0.05168102
v 0.23763019 -0.75659114 0.04788964
v 0.25217474 -0.74711710 0.04408487
v 0.26677081 -0.73760968 0.04026661
v 0.28141868 -0.72806835 0.03643481
v 0.29611862 -0.71849310 0.03258939
v 0.31087092 -0.70888382 0.02873027
v 0.32567582 -0.69924027 0.02485738
v 0.34053361 -0.68956220 0.02097065
v 0.35544467 -0.67984951 0.01707002
v 0.37040910 -0.67010200 0.01315538
v 0.38542739 -0.66031945 0.00922669
v 0.40049973 -0.65050173 0.00528385
v 0.41562638 -0.64064854 0.00132679
v 0.43080768 -0.63075978 -0.00264456
v 0.45223132 -0.60054737 -0.01312732
v 0.47779289 -0.55722439 -0.02781793
v -0.74609739 -0.17192890 -0.04991545
v -0.73730862 -0.19807498 -0.04269129
v -0.72857612 -0.22405373 -0.03551336
v -0.71989942 -0.24986669 -0.02838123
v -0.71127784 -0.27551550 -0.02129448
v -0.70271087 -0.30100167 -0.01425265
v -0.69419807 -0.32632676 -0.00725532
v -0.68448842 -0.34225854 -0.00313974
v -0.67396742 -0.35194945 -0.00093981
v -0.66346753 -0.36162105 0.00125573
v -0.65298855 -0.37127346 0.00344689
v -0.64253032 -0.38090652 0.00563370
v -0.63209301 -0.39052048 0.00781615
v -0.62167639 -0.40011534 0.00999426
v -0.61128050 -0.40969115 0.01216805
v -0.60090518 -0.41924796 0.01433753
v -0.59055042 -0.42878583 0.01650271
v -0.58021617 -0.43830481 0.01866361
v -0.56990236 -0.44780502 0.02082023
v -0.55960888 -0.45728642 0.02297259
v -0.54910010 -0.46524802 0.02465728
v -0.53848219 -0.47240737 0.02609537
v -0.52787828 -0.47955725 0.02753158
v -0.51755011 -0.48831314 0.02946516
v -0.50738502 -0.49793723 0.03166854
v -0.49724045 -0.50754189 0.03386749
v -0.48711652 -0.51712704 0.03606194
v -0.47701308 -0.52669275 0.03825197
v -0.46693003 -0.53623915 0.04043756
v -0.45686743 -0.54576635 0.04261875
v -0.44682509 -0.55527419 0.04479552
v -0.43669656 -0.56415629 0.04677989
v -0.42637721 -0.57183903 0.04839385
v -0.41607326 -0.57951051 0.05000539
v -0.40578473 -0.58717042 0.05161452
v -0.39551163 -0.59481883 0.05322124
v -0.38525388 -0.60245585 0.05482557
v -0.37501144 -0.61008143 0.05642750
v -0.36478433 -0.61769557 0.05802703
v -0.35457239 -0.62529844 0.05962418
v -0.34437570 -0.63288993 0.06121894
v -0.33419418 -0.64047015 0.06281133
v -0.32402787 -0.64803904 0.06440136
v -0.31387663 -0.65559679 0.06598902
v -0.30374047 -0.66314322 0.06757431
v -0.29361933 -0.67067844 0.06915727
v -0.28351328 -0.67820245 0.07073788
v -0.27342215 -0.68571544 0.07231613
v -0.26334602 -0.69321722 0.07389205
v -0.25328475 -0.70070791 0.07546563
v -0.24323840 -0.70818746 0.07703689
v -0.23320690 -0.71565604 0.07860582
v -0.22319019 -0.72311354 0.08017245
v -0.21318828 -0.73056006 0.08173677
v -0.20320112 -0.73799556 0.08329875
v -0.19322869 -0.74542016 0.08485845
v -0.18327093 -0.75283378 0.08641586
v -0.17332782 -0.76023650 0.08797096
v -0.16339934 -0.76762831 0.08952378
v -0.15348545 -0.77500933 0.09107433
v -0.14358610 -0.78237945 0.09262259
v -0.13370129 -0.78973877 0.09416858
v -0.12383097 -0.79708731 0.09571230
v -0.11397511 -0.80442500 0.09725377
v -0.10413367 -0.81175208 0.09879299
v -0.09430665 -0.81906843 0.10032994
v -0.08445562 -0.82621086 0.10181343
v -0.07437985 -0.83233482 0.10297824
v -0.06431522 -0.83845204 0.10414175
v -0.05426177 -0.84456241 0.10530395
v -0.04421946 -0.85066605 0.10646490
v -0.03418827 -0.85676295 0.10762455
v -0.02416819 -0.86285311 0.10878289
v -0.01415920 -0.86893642 0.10993998
v -0.00416128 -0.87501311 0.11109579
v 0.00628578 -0.87924647 0.11167195
v 0.01942927 -0.87276655 0.10887396
v 0.03260802 -0.86626941 0.10606847
v 0.04582219 -0.85975480 0.10325543
v 0.05907192 -0.85322261 0.10043480
v 0.07235734 -0.84667283 0.09760661
v 0.08567859 -0.84010541 0.09477077
v 0.09903585 -0.83352029 0.09192727
v 0.11242922 -0.82691723 0.08907608
v 0.12624171 -0.81885839 0.08576287
v 0.14040896 -0.80961215 0.08207205
v 0.15462579 -0.80033368 0.07836831
v 0.16889241 -0.79102260 0.07465159
v 0.18320911 -0.78167886 0.07092182
v 0.19757615 -0.77230233 0.06717895
v 0.21199380 -0.76289272 0.06342288
v 0.22646230 -0.75344992 0.05965357
v 0.24098195 -0.74397373 0.05587093
v 0.25555304 -0.73446405 0.05207489
v 0.27017578 -0.72492057 0.04826541
v 0.28485051 -0.71534318 0.04444237
v 0.29957744 -0.70573175 0.04060573
v 0.31435689 -0.69608599 0.03675541
v 0.32918918 -0.68640578 0.03289133
v 0.34407455 -0.67669094 0.02901343
v 0.35901323 -0.66694129 0.02512161
v 0.37400562 -0.65715659 0.02121582
v 0.38905194 -0.64733666 0.01729598
v 0.40415245 -0.63748139 0.01336201
v 0.41930756 -0.62759054 0.00941383
v 0.43451750 -0.61766386 0.00545137
v 0.44978252 -0.60770118 0.00147454
v 0.46510300 -0.59770232 -0.00251672
v 0.48708871 -0.56624204 -0.01335055
v -0.76907325 -0.16514173 -0.03785758
v -0.76021266 -0.19130386 -0.03067371
v -0.75140876 -0.21729858 -0.02353581
v -0.74266106 -0.24312747 -0.01644345
v -0.73396897 -0.26879209 -0.00939619
v -0.72478968 -0.29008538 -0.00367795
v -0.71417141 -0.29988104 -0.00146559
v -0.70357436 -0.30965716 0.00074234
v -0.69299865 -0.31941363 0.00294584
v -0.68244410 -0.32915059 0.00514493
v -0.67191058 -0.33886805 0.00733962
v -0.66139823 -0.34856614 0.00952993
v -0.65090680 -0.35824487 0.01171586
v -0.64043623 -0.36790425 0.01389744
v -0.62998658 -0.37754440 0.01607467
v -0.61955774 -0.38716540 0.01824757
v -0.60914958 -0.39676726 0.02041615
v -0.59876209 -0.40635002 0.02258042
v -0.58839530 -0.41591385 0.02474040
v -0.57804894 -0.42545864 0.02689610
v -0.56772310 -0.43498456 0.02904753
v -0.55741775 -0.44449165 0.03119471
v -0.54685897 -0.45223692 0.03280251
v -0.53622770 -0.45941493 0.03423724
v -0.52561045 -0.46658340 0.03567007
v -0.51500720 -0.47374243 0.03710100
v -0.50479519 -0.48319554 0.03923827
v -0.49463642 -0.49283108 0.04143316
v -0.48449844 -0.50244701 0.04362356
v -0.47438088 -0.51204342 0.04580956
v -0.46428391 -0.52162045 0.04799111
v -0.45420733 -0.53117800 0.05016824
v -0.44415113 -0.54071635 0.05234097
v -0.43411532 -0.55023539 0.05450931
v -0.42409956 -0.55973524 0.05667332
v -0.41410416 -0.56921589 0.05883291
v -0.40402484 -0.57810140 0.06081041
v -0.39374414 -0.58576310 0.06241162
v -0.38347888 -0.59341353 0.06401046
v -0.37322891 -0.60105240 0.06560689
v -0.36299425 -0.60867995 0.06720095
v -0.35277492 -0.61629605 0.06879262
v -0.34257081 -0.62390077 0.07038192
v -0.33238190 -0.63149422 0.07196887
v -0.32220820 -0.63907635 0.07355344
v -0.31204963 -0.64664716 0.07513566
v -0.30190608 -0.65420669 0.07671551
v -0.29177770 -0.66175508 0.07829303
v -0.28166431 -0.66929221 0.07986819
v -0.27156597 -0.67681819 0.08144103
v -0.26148257 -0.68433297 0.08301153
v -0.25141409 -0.69183660 0.08457971
v -0.24136055 -0.69932914 0.08614556
v -0.23132187 -0.70681059 0.08770910
v -0.22129802 -0.71428102 0.08927032
v -0.21128897 -0.72174037 0.09082925
v -0.20129474 -0.72918874 0.09238586
v -0.19131522 -0.73662615 0.09394019
v -0.18135040 -0.74405259 0.09549223
v -0.17140028 -0.75146806 0.09704196
v -0.16146480 -0.75887263 0.09858943
v -0.15154392 -0.76626629 0.10013463
v -0.14163761 -0.77364910 0.10167754
v -0.13174585 -0.78102106 0.10321819
v -0.12186861 -0.78838223 0.10475659
v -0.11200585 -0.79573256 0.10629272
v -0.10215754 -0.80307215 0.10782662
v -0.09232366 -0.81040096 0.10935825
v -0.08250418 -0.81771910 0.11088765
v -0.07251582 -0.82425249 0.11217317
v -0.06244460 -0.83037883 0.11333244
v -0.05238456 -0.83649838 0.11449045
v -0.04233569 -0.84261107 0.11564717
v -0.03229795 -0.84871709 0.11680259
v -0.02227133 -0.85481626 0.11795673
v -0.01225582 -0.86090869 0.11910962
v -0.00225139 -0.86699438 0.12026121
v 0.00873321 -0.86911696 0.12017269
v 0.02189413 -0.86261666 0.11738309
v 0.03509040 -0.85609877 0.11458599
v 0.04832217 -0.84956342 0.11178137
v 0.06158958 -0.84301054 0.10896920
v 0.07489277 -0.83643991 0.10614943
v 0.08823186 -0.82985151 0.10332207
v 0.10160705 -0.82324529 0.10048705
v 0.11525291 -0.81573480 0.09736597
v 0.12939602 -0.80648631 0.09369668
v 0.14358859 -0.79720557 0.09001456
v 0.15783088 -0.78789240 0.08631955
v 0.17212313 -0.77854651 0.08261156
v 0.18646562 -0.76916772 0.07889054
v 0.20085859 -0.75975591 0.07515644
v 0.21530235 -0.75031096 0.07140915
v 0.22979712 -0.74083257 0.06764861
v 0.24434322 -0.73132068 0.06387480
v 0.25894088 -0.72177505 0.06008757
v 0.27359039 -0.71219552 0.05628689
v 0.28829208 -0.70258188 0.05247270
v 0.30304611 -0.69293398 0.04864491
v 0.31785285 -0.68325156 0.04480345
v 0.33271259 -0.67353463 0.04094824
v 0.34762555 -0.66378284 0.03707922
v 0.36259210 -0.65399599 0.03319631
v 0.37761244 -0.64417392 0.02929943
v 0.39268696 -0.63431650 0.02538851
v 0.40781581 -0.62442350 0.02146347
v 0.42299941 -0.61449474 0.01752423
v 0.43823805 -0.60452998 0.01357072
v 0.45353201 -0.59452903 0.00960287
v 0.46888152 -0.58449173 0.00562059
v 0.48428699 -0.57441789 0.00162380
v 0.49974865 -0.56430727 -0.00238758
v 0.52231336 -0.53157520 -0.01357614
v -0.79084921 -0.14822473 -0.02887232
v -0.78310657 -0.18453571 -0.01866142
v -0.77423143 -0.21054640 -0.01156351
v -0.76541287 -0.23639117 -0.00451088
v -0.75481236 -0.24724664 -0.00199708
v -0.74411684 -0.25712883 0.00022337
v -0.73344290 -0.26699120 0.00243935
v -0.72279042 -0.27683362 0.00465087
v -0.71215940 -0.28665632 0.00685794
v -0.70154965 -0.29645926 0.00906058
v -0.69096130 -0.30624256 0.01125879
v -0.68039411 -0.31600624 0.01345260
v -0.66984808 -0.32575035 0.01564202
v -0.65932316 -0.33547497 0.01782706
v -0.64881927 -0.34518015 0.02000773
v -0.63833636 -0.35486597 0.02218405
v -0.62787437 -0.36453247 0.02435602
v -0.61743319 -0.37417966 0.02652367
v -0.60701281 -0.38380772 0.02868700
v -0.59661317 -0.39341658 0.03084603
v -0.58623421 -0.40300637 0.03300077
v -0.57587582 -0.41257715 0.03515124
v -0.56553793 -0.42212892 0.03729744
v -0.55522054 -0.43166175 0.03943940
v -0.54461163 -0.43918929 0.04097064
v -0.53396684 -0.44638595 0.04240197
v -0.52333623 -0.45357317 0.04383140
v -0.51271963 -0.46075079 0.04525894
v -0.50219673 -0.46840489 0.04683313
v -0.49202383 -0.47807136 0.04902392
v -0.48187163 -0.48771825 0.05121025
v -0.47174004 -0.49734554 0.05339215
v -0.46162903 -0.50695330 0.05556962
v -0.45153850 -0.51654160 0.05774269
v -0.44146839 -0.52611047 0.05991134
v -0.43141872 -0.53565991 0.06207558
v -0.42138928 -0.54519016 0.06423548
v -0.41138011 -0.55470115 0.06639102
v -0.40139112 -0.56419295 0.06854220
v -0.39142227 -0.57366556 0.07068904
v -0.38147339 -0.58311927 0.07283162
v -0.37144333 -0.59200782 0.07480215
v -0.36120123 -0.59964871 0.07639070
v -0.35097441 -0.60727811 0.07797688
v -0.34076282 -0.61489618 0.07956070
v -0.33056653 -0.62250280 0.08114216
v -0.32038540 -0.63009810 0.08272126
v -0.31021947 -0.63768220 0.08429798
v -0.30006862 -0.64525497 0.08587240
v -0.28993288 -0.65281647 0.08744445
v -0.27981225 -0.66036665 0.08901417
v -0.26970658 -0.66790563 0.09058156
v -0.25961593 -0.67543346 0.09214664
v -0.24954022 -0.68295020 0.09370937
v -0.23947947 -0.69045568 0.09526980
v -0.22943363 -0.69795012 0.09682792
v -0.21940263 -0.70543343 0.09838373
v -0.20938647 -0.71290570 0.09993724
v -0.19938508 -0.72036701 0.10148846
v -0.18939850 -0.72781718 0.10303739
v -0.17942663 -0.73525643 0.10458402
v -0.16946943 -0.74268466 0.10612839
v -0.15952693 -0.75010198 0.10767047
v -0.14959906 -0.75750840 0.10921030
v -0.13968579 -0.76490390 0.11074785
v -0.12978709 -0.77228856 0.11228314
v -0.11990292 -0.77966237 0.11381619
v -0.11003326 -0.78702533 0.11534697
v -0.10017806 -0.79437745 0.11687553
v -0.09033734 -0.80171889 0.11840182
v -0.08051100 -0.80904955 0.11992589
v -0.07064898 -0.81615794 0.12138204
v -0.06057114 -0.82229340 0.12253710
v -0.05050451 -0.82842201 0.12369087
v -0.04044905 -0.83454394 0.12484337
v -0.03040476 -0.84065896 0.12599456
v -0.02037160 -0.84676725 0.12714449
v -0.01034956 -0.85286874 0.12829316
v -0.00033862 -0.85896349 0.12944055
v 0.01118590 -0.85896569 0.12869173
v 0.02436430 -0.85244477 0.12591057
v 0.03757814 -0.84590626 0.12312191
v 0.05082752 -0.83935010 0.12032577
v 0.06411267 -0.83277631 0.11752205
v 0.07743367 -0.82618475 0.11471080
v 0.09079068 -0.81957531 0.11189193
v 0.10427180 -0.81261331 0.10896093
v 0.11839081 -0.80336279 0.10531317
v 0.13255917 -0.79407978 0.10165264
v 0.14677712 -0.78476441 0.09797929
v 0.16104496 -0.77541625 0.09429306
v 0.17536293 -0.76603538 0.09059390
v 0.18973127 -0.75662130 0.08688170
v 0.20415029 -0.74717414 0.08315641
v 0.21862023 -0.73769367 0.07941796
v 0.23314136 -0.72817957 0.07566629
v 0.24771400 -0.71863180 0.07190132
v 0.26233834 -0.70905012 0.06812298
v 0.27701476 -0.69943428 0.06433119
v 0.29174343 -0.68978429 0.06052589
v 0.30652469 -0.68009979 0.05670702
v 0.32135880 -0.67038059 0.05287449
v 0.33624607 -0.66062665 0.04902822
v 0.35118681 -0.65083766 0.04516815
v 0.36618122 -0.64101350 0.04129420
v 0.38122967 -0.63115394 0.03740630
v 0.39633241 -0.62125885 0.03350437
v 0.41148973 -0.61132795 0.02958833
v 0.42670196 -0.60136110 0.02565810
v 0.44196939 -0.59135807 0.02171362
v 0.45729232 -0.58131862 0.01775480
v 0.47267103 -0.57124269 0.01378157
v 0.48810583 -0.56112999 0.00979384
v 0.50359708 -0.55098033 0.00579154
v 0.51914507 -0.54079348 0.00177458
v 0.53474998 -0.53056931 -0.00225711
v -0.81110138 -0.11748258 -0.02401299
v -0.80599052 -0.17777056 -0.00665440
v -0.79589760 -0.19403680 -0.00253439
v -0.78510201 -0.20402694 -0.00030127
v -0.77432835 -0.21399681 0.00192733
v -0.76357645 -0.22394654 0.00415142
v -0.75284624 -0.23387617 0.00637101
v -0.74213785 -0.24378572 0.00858612
v -0.73145097 -0.25367531 0.01079675
v -0.72078562 -0.26354492 0.01300294
v -0.71014178 -0.27339467 0.01520468
v -0.69951928 -0.28322461 0.01740199
v -0.68891823 -0.29303482 0.01959489
v -0.67833835 -0.30282533 0.02178338
v -0.66777980 -0.31259623 0.02396749
v -0.65724230 -0.32234749 0.02614722
v -0.64672595 -0.33207929 0.02832259
v -0.63623059 -0.34179157 0.03049361
v -0.62575626 -0.35148451 0.03266029
v -0.61530280 -0.36115810 0.03482264
v -0.60487014 -0.37081239 0.03698069
v -0.59445828 -0.38044748 0.03913444
v -0.58406717 -0.39006338 0.04128391
v -0.57369661 -0.39966017 0.04342910
v -0.56334674 -0.40923789 0.04557004
v -0.55301738 -0.41879666 0.04770673
v -0.54235792 -0.42610490 0.04916175
v -0.53169966 -0.43332040 0.05058966
v -0.52105558 -0.44052637 0.05201566
v -0.51042563 -0.44772273 0.05343977
v -0.49980977 -0.45490959 0.05486200
v -0.48940250 -0.46326274 0.05663991
v -0.47923616 -0.47294068 0.05882211
v -0.46909040 -0.48259896 0.06099989
v -0.45896533 -0.49223763 0.06317325
v -0.44886085 -0.50185674 0.06534217
v -0.43877682 -0.51145625 0.06750671
v -0.42871320 -0.52103633 0.06966685
v -0.41867000 -0.53059703 0.07182261
v -0.40864709 -0.54013848 0.07397405
v -0.39864442 -0.54966062 0.07612111
v -0.38866192 -0.55916351 0.07826385
v -0.37869957 -0.56864727 0.08040225
v -0.36875725 -0.57811195 0.08253637
v -0.35883498 -0.58755755 0.08466619
v -0.34893256 -0.59698421 0.08679173
v -0.33895174 -0.60587609 0.08875529
v -0.32874802 -0.61349595 0.09033123
v -0.31855950 -0.62110460 0.09190484
v -0.30838618 -0.62870181 0.09347609
v -0.29822791 -0.63628775 0.09504501
v -0.28808492 -0.64386237 0.09661159
v -0.27795693 -0.65142572 0.09817584
v -0.26784399 -0.65897787 0.09973775
v -0.25774607 -0.66651875 0.10129738
v -0.24766316 -0.67404854 0.10285466
v -0.23759519 -0.68156701 0.10440965
v -0.22754213 -0.68907446 0.10596232
v -0.21750399 -0.69657075 0.10751270
v -0.20748067 -0.70405596 0.10906078
v -0.19747218 -0.71153003 0.11060659
v -0.18747848 -0.71899313 0.11215010
v -0.17749953 -0.72644526 0.11369133
v -0.16753532 -0.73388636 0.11523028
v -0.15758580 -0.74131644 0.11676699
v -0.14765091 -0.74873561 0.11830139
v -0.13773066 -0.75614387 0.11983356
v -0.12782501 -0.76354122 0.12136347
v -0.11793389 -0.77092773 0.12289115
v -0.10805733 -0.77830333 0.12441655
v -0.09819525 -0.78566813 0.12593974
v -0.08834764 -0.79302210 0.12746067
v -0.07851446 -0.80036533 0.12897941
v -0.06869567 -0.80769783 0.13049591
v -0.05869483 -0.81419563 0.13175575
v -0.04862160 -0.82033348 0.13290526
v -0.03855956 -0.82646447 0.13405350
v -0.02850869 -0.83258867 0.13520046
v -0.01846898 -0.83870608 0.13634615
v -0.00844040 -0.84481663 0.13749059
v 0.00157706 -0.85092050 0.13863374
v 0.01364387 -0.84879261 0.13722911
v 0.02683979 -0.84225094 0.13445643
v 0.04007122 -0.83569163 0.13167627
v 0.05333831 -0.82911468 0.12888862
v 0.06664124 -0.82251990 0.12609342
v 0.07998011 -0.81590736 0.12329070
v 0.09335506 -0.80927688 0.12048040
v 0.10739329 -0.80024129 0.11692151
v 0.12153746 -0.79095620 0.11328255
v 0.13573116 -0.78163856 0.10963085
v 0.14997460 -0.77228826 0.10596634
v 0.16426805 -0.76290512 0.10228896
v 0.17861181 -0.75348902 0.09859866
v 0.19300613 -0.74403960 0.09489534
v 0.20745127 -0.73455691 0.09117894
v 0.22194749 -0.72504073 0.08744941
v 0.23649511 -0.71549076 0.08370665
v 0.25109434 -0.70590693 0.07995059
v 0.26574546 -0.69628894 0.07618121
v 0.28044882 -0.68663675 0.07239839
v 0.29520464 -0.67695010 0.06860206
v 0.31001320 -0.66722882 0.06479218
v 0.32487479 -0.65747279 0.06096862
v 0.33978975 -0.64768159 0.05713137
v 0.35475826 -0.63785535 0.05328032
v 0.36978066 -0.62799370 0.04941539
v 0.38485730 -0.61809641 0.04553654
v 0.39998841 -0.60816342 0.04164366
v 0.41517428 -0.59819448 0.03773670
v 0.43041524 -0.58818930 0.03381555
v 0.44571158 -0.57814783 0.02988016
v 0.46106359 -0.56806976 0.02593046
v 0.47647160 -0.55795503 0.02196634
v 0.49193588 -0.54780328 0.01798774
v 0.50745678 -0.53761441 0.01399458
v 0.52303463 -0.52738810 0.00998677
v 0.53866959 -0.51712430 0.00596425
v 0.55443740 -0.50658417 0.00185207
v 0.57075894 -0.49444571 -0.00276489
v -0.83147657 -0.08655362 -0.01912413
v -0.82578921 -0.14369863 -0.00281792
v -0.81529766 -0.15722938 0.00045506
v -0.80480939 -0.17047994 0.00364650
v -0.79397863 -0.18051824 0.00587875
v -0.78316987 -0.19053617 0.00810647
v -0.77238297 -0.20053373 0.01032967
v -0.76161802 -0.21051107 0.01254837
v -0.75087476 -0.22046821 0.01476257
v -0.74015331 -0.23040523 0.01697229
v -0.72945344 -0.24032211 0.01917756
v -0.71877521 -0.25021908 0.02137836
v -0.70811856 -0.26009601 0.02357473
v -0.69748330 -0.26995307 0.02576668
v -0.68686944 -0.27979031 0.02795421
v -0.67627698 -0.28960773 0.03013736
v -0.66570574 -0.29940549 0.03231611
v -0.65515572 -0.30918354 0.03449050
v -0.64462686 -0.31894204 0.03666052
v -0.63411909 -0.32868096 0.03882620
v -0.62363231 -0.33840045 0.04098756
v -0.61316645 -0.34810045 0.04314459
v -0.60272157 -0.35778114 0.04529732
v -0.59229743 -0.36744252 0.04744575
v -0.58189410 -0.37708464 0.04958990
v -0.57151151 -0.38670757 0.05172979
v -0.56114948 -0.39631137 0.05386543
v -0.55078375 -0.40573964 0.05594960
v -0.54009783 -0.41298369 0.05737594
v -0.52942610 -0.42021808 0.05880038
v -0.51876861 -0.42744288 0.06022295
v -0.50812519 -0.43465808 0.06164362
v -0.49749592 -0.44186366 0.06306240
v -0.48688075 -0.44905972 0.06447928
v -0.47659183 -0.45811403 0.06645930
v -0.46643195 -0.46780345 0.06863292
v -0.45629278 -0.47747314 0.07080209
v -0.44617423 -0.48712316 0.07296687
v -0.43607628 -0.49675351 0.07512721
v -0.42599878 -0.50636446 0.07728322
v -0.41594175 -0.51595581 0.07943482
v -0.40590510 -0.52552778 0.08158208
v -0.39588866 -0.53508037 0.08372499
v -0.38589251 -0.54461372 0.08586358
v -0.37591654 -0.55412775 0.08799785
v -0.36596066 -0.56362265 0.09012783
v -0.35602495 -0.57309830 0.09225347
v -0.34610912 -0.58255500 0.09437488
v -0.33621329 -0.59199262 0.09649199
v -0.32633734 -0.60141134 0.09860486
v -0.31648117 -0.61081105 0.10071351
v -0.30654967 -0.61970598 0.10266999
v -0.29638413 -0.62730509 0.10423339
v -0.28623372 -0.63489294 0.10579448
v -0.27609843 -0.64246947 0.10735323
v -0.26597825 -0.65003473 0.10890967
v -0.25587302 -0.65758878 0.11046380
v -0.24578288 -0.66513157 0.11201562
v -0.23570769 -0.67266315 0.11356513
v -0.22564745 -0.68018359 0.11511234
v -0.21560210 -0.68769294 0.11665725
v -0.20557162 -0.69519109 0.11819990
v -0.19555601 -0.70267820 0.11974026
v -0.18555522 -0.71015418 0.12127832
v -0.17556919 -0.71761918 0.12281413
v -0.16559792 -0.72507304 0.12434766
v -0.15564135 -0.73251599 0.12587893
v -0.14569946 -0.73994792 0.12740795
v -0.13577221 -0.74736893 0.12893473
v -0.12585957 -0.75477904 0.13045922
v -0.11596152 -0.76217824 0.13198152
v -0.10607804 -0.76956654 0.13350153
v -0.09620906 -0.77694398 0.13501932
v -0.08635456 -0.78431064 0.13653490
v -0.07651453 -0.79166645 0.13804826
v -0.06668893 -0.79901153 0.13955937
v -0.05681568 -0.80608559 0.14098841
v -0.04673584 -0.81223261 0.14213368
v -0.03666720 -0.81837273 0.14327765
v -0.02660976 -0.82450610 0.14442036
v -0.01656348 -0.83063257 0.14556181
v -0.00652835 -0.83675230 0.14670198
v 0.00349564 -0.84286523 0.14784090
v 0.01610715 -0.83859766 0.14578491
v 0.02932063 -0.83203512 0.14302075
v 0.04256971 -0.82545495 0.14024912
v 0.05585454 -0.81885707 0.13747002
v 0.06917528 -0.81224132 0.13468340
v 0.08253204 -0.80560762 0.13188925
v 0.09640349 -0.79712206 0.12852176
v 0.11052352 -0.78783482 0.12490430
v 0.12469295 -0.77851498 0.12127420
v 0.13891204 -0.76916254 0.11763140
v 0.15318102 -0.75977713 0.11397580
v 0.16750021 -0.75035882 0.11030735
v 0.18186986 -0.74090731 0.10662598
v 0.19629022 -0.73142248 0.10293158
v 0.21076159 -0.72190410 0.09922415
v 0.22528419 -0.71235192 0.09550359
v 0.23985830 -0.70276594 0.09176981
v 0.25448427 -0.69314587 0.08802278
v 0.26916230 -0.68349147 0.08426238
v 0.28389269 -0.67380273 0.08048858
v 0.29867572 -0.66407931 0.07670129
v 0.31351170 -0.65432107 0.07290045
v 0.32840085 -0.64452785 0.06908597
v 0.34334356 -0.63469940 0.06525779
v 0.35834000 -0.62483567 0.06141582
v 0.37339050 -0.61493635 0.05756000
v 0.38849542 -0.60500121 0.05369025
v 0.40365496 -0.59503013 0.04980649
v 0.41886947 -0.58502293 0.04590867
v 0.43413931 -0.57497936 0.04199668
v 0.44946465 -0.56489927 0.03807046
v 0.46484587 -0.55478233 0.03412992
v 0.48028323 -0.54462862 0.03017499
v 0.49577710 -0.53443760 0.02620559
v 0.51173556 -0.52289432 0.02181178
v 0.52789390 -0.51087058 0.01726496
v 0.54411983 -0.49879658 0.01269911
v 0.56041378 -0.48667192 0.00811412
v 0.57680041 -0.47442001 0.00348604
v 0.59326488 -0.46208975 -0.00116990
v -0.85197604 -0.05543617 -0.01420545
v -0.84465402 -0.09957875 -0.00186842
v -0.83408356 -0.11324079 0.00141896
v -0.82354462 -0.12686209 0.00469655
v -0.81303716 -0.14044288 0.00796437
v -0.80256081 -0.15398325 0.01122248
v -0.79205430 -0.16696155 0.01431561
v -0.78123224 -0.17700742 0.01653789
v -0.77043217 -0.18703280 0.01875565
v -0.75965399 -0.19703783 0.02096892
v -0.74889767 -0.20702261 0.02317769
v -0.73816311 -0.21698715 0.02538200
v -0.72745031 -0.22693156 0.02758184
v -0.71675920 -0.23685585 0.02977724
v -0.70608962 -0.24676013 0.03196820
v -0.69544154 -0.25664437 0.03415475
v -0.68481499 -0.26650876 0.03633689
v -0.67420977 -0.27635327 0.03851463
v -0.66362596 -0.28617796 0.04068800
v -0.65306336 -0.29598293 0.04285701
v -0.64252192 -0.30576825 0.04502165
v -0.63200164 -0.31553391 0.04718196
v -0.62150240 -0.32528001 0.04933794
v -0.61102426 -0.33500662 0.05148961
v -0.60056698 -0.34471378 0.05363697
v -0.59013063 -0.35440159 0.05578005
v -0.57971507 -0.36407003 0.05791886
v -0.56932032 -0.37371922 0.06005340
v -0.55894619 -0.38334921 0.06218368
v -0.54853094 -0.39256239 0.06419044
v -0.53783143 -0.39982542 0.06561331
v -0.52714616 -0.40707880 0.06703427
v -0.51647514 -0.41432250 0.06845336
v -0.50581825 -0.42155653 0.06987055
v -0.49517560 -0.42878103 0.07128587
v -0.48454702 -0.43599591 0.07269931
v -0.47391281 -0.44296119 0.07425033
v -0.46376470 -0.45295861 0.07629130
v -0.45361140 -0.46265951 0.07845628
v -0.44347879 -0.47234067 0.08061685
v -0.43336681 -0.48200205 0.08277301
v -0.42327541 -0.49164388 0.08492481
v -0.41320440 -0.50126612 0.08707224
v -0.40315393 -0.51086879 0.08921528
v -0.39312375 -0.52045202 0.09135401
v -0.38311398 -0.53001577 0.09348837
v -0.37312436 -0.53956038 0.09561847
v -0.36315495 -0.54908550 0.09774423
v -0.35320562 -0.55859154 0.09986573
v -0.34327641 -0.56807834 0.10198293
v -0.33336717 -0.57754606 0.10409584
v -0.32347789 -0.58699471 0.10620455
v -0.31360847 -0.59642440 0.10830899
v -0.30375886 -0.60583508 0.11040920
v -0.29392901 -0.61522698 0.11250523
v -0.28411889 -0.62459999 0.11459703
v -0.27423677 -0.63349783 0.11654639
v -0.26410922 -0.64107633 0.11809733
v -0.25399679 -0.64864349 0.11964595
v -0.24389938 -0.65619934 0.12119228
v -0.23381697 -0.66374403 0.12273629
v -0.22374949 -0.67127758 0.12427804
v -0.21369696 -0.67879987 0.12581749
v -0.20365934 -0.68631107 0.12735465
v -0.19363660 -0.69381112 0.12888953
v -0.18362868 -0.70130008 0.13042215
v -0.17363554 -0.70877796 0.13195249
v -0.16365722 -0.71624476 0.13348059
v -0.15369360 -0.72370058 0.13500640
v -0.14374468 -0.73114532 0.13653000
v -0.13381043 -0.73857909 0.13805133
v -0.12389082 -0.74600202 0.13957042
v -0.11398583 -0.75341392 0.14108728
v -0.10409541 -0.76081496 0.14260188
v -0.09421951 -0.76820511 0.14411430
v -0.08435813 -0.77558440 0.14562447
v -0.07451123 -0.78295285 0.14713244
v -0.06467877 -0.79031044 0.14863817
v -0.05486073 -0.79765731 0.15014172
v -0.04484720 -0.80411941 0.15137608
v -0.03477197 -0.81026870 0.15251583
v -0.02470793 -0.81641126 0.15365425
v -0.01465508 -0.82254690 0.15479143
v -0.00461340 -0.82867575 0.15592735
v 0.00541713 -0.83479780 0.15706199
v 0.01857574 -0.82838058 0.15435919
v 0.03180683 -0.82179719 0.15160356
v 0.04507359 -0.81519616 0.14884053
v 0.05837621 -0.80857724 0.14607003
v 0.07171480 -0.80194032 0.14329201
v 0.08542140 -0.79400510 0.14011380
v 0.09951729 -0.78471553 0.13651788
v 0.11366249 -0.77539355 0.13290939
v 0.12785724 -0.76603889 0.12928826
v 0.14210181 -0.75665140 0.12565440
v 0.15639646 -0.74723095 0.12200777
v 0.17074145 -0.73777723 0.11834829
v 0.18513708 -0.72829020 0.11467591
v 0.19958358 -0.71876967 0.11099055
v 0.21408124 -0.70921540 0.10729213
v 0.22863032 -0.69962722 0.10358059
v 0.24323109 -0.69000500 0.09985587
v 0.25788385 -0.68034852 0.09611788
v 0.27258888 -0.67065758 0.09236658
v 0.28734639 -0.66093206 0.08860186
v 0.30215675 -0.65117174 0.08482368
v 0.31702018 -0.64137638 0.08103195
v 0.33193704 -0.63154584 0.07722660
v 0.34690759 -0.62167996 0.07340756
v 0.36193207 -0.61177850 0.06957474
v 0.37701076 -0.60184133 0.06572811
v 0.39214402 -0.59186816 0.06186753
v 0.40733215 -0.58185887 0.05799297
v 0.42257541 -0.57181317 0.05410435
v 0.43787417 -0.56173092 0.05020158
v 0.45342243 -0.55097240 0.04608665
v 0.46936378 -0.53907841 0.04161720
v 0.48537144 -0.52713490 0.03712917
v 0.50144577 -0.51514161 0.03262243
v 0.51758730 -0.50309825 0.02809688
v 0.53379631 -0.49100453 0.02355238
v 0.55007333 -0.47886002 0.01898883
v 0.56642383 -0.46664828 0.01440107
v 0.58287090 -0.45429817 0.00976698
v 0.59938782 -0.44189543 0.00511319
v 0.61597508 -0.42943999 0.00043958
v -0.87260073 -0.02412848 -0.00925673
v -0.86370242 -0.05502953 -0.00090968
v -0.85305208 -0.06882477 0.00239223
v -0.84243363 -0.08257871 0.00568426
v -0.83184689 -0.09629148 0.00896644
v -0.82129186 -0.10996331 0.01223881
v -0.81076825 -0.12359434 0.01550142
v -0.80027598 -0.13718478 0.01875432
v -0.78981501 -0.15073483 0.02199754
v -0.77928913 -0.16344045 0.02499309
v -0.76847577 -0.17349376 0.02720538
v -0.75768453 -0.18352668 0.02941317
v -0.74691504 -0.19353925 0.03161648
v -0.73616743 -0.20353147 0.03381533
v -0.72544163 -0.21350341 0.03600972
v -0.71473753 -0.22345521 0.03819966
v -0.70405507 -0.23338692 0.04038517
v -0.69339418 -0.24329850 0.04256628
v -0.68275481 -0.25319013 0.04474298
v -0.67213690 -0.26306182 0.04691530
v -0.66154033 -0.27291360 0.04908324
v -0.65096509 -0.28274554 0.05124683
v -0.64041114 -0.29255775 0.05340606
v -0.62987828 -0.30235031 0.05556094
v -0.61936665 -0.31212318 0.05771151
v -0.60887611 -0.32187647 0.05985777
v -0.59840649 -0.33161023 0.06199975
v -0.58795780 -0.34132451 0.06413744
v -0.57753003 -0.35101941 0.06627085
v -0.56712306 -0.36069497 0.06840000
v -0.55673683 -0.37035125 0.07052491
v -0.54627168 -0.37934789 0.07245457
v -0.53555858 -0.38663003 0.07387394
v -0.52485973 -0.39390239 0.07529140
v -0.51417518 -0.40116510 0.07670699
v -0.50350487 -0.40841815 0.07812069
v -0.49284869 -0.41566151 0.07953250
v -0.48220676 -0.42289528 0.08094244
v -0.47157893 -0.43011940 0.08235051
v -0.46108854 -0.43806440 0.08397522
v -0.45092109 -0.44779664 0.08613595
v -0.44077438 -0.45750904 0.08829229
v -0.43064836 -0.46720162 0.09044421
v -0.42054293 -0.47687444 0.09259176
v -0.41045803 -0.48652762 0.09473494
v -0.40039369 -0.49616125 0.09687377
v -0.39034984 -0.50577521 0.09900825
v -0.38032624 -0.51536971 0.10113840
v -0.37032294 -0.52494478 0.10326424
v -0.36033994 -0.53450048 0.10538577
v -0.35037711 -0.54403692 0.10750303
v -0.34043437 -0.55355406 0.10961602
v -0.33051169 -0.56305194 0.11172472
v -0.32060906 -0.57253081 0.11382919
v -0.31072628 -0.58199048 0.11592942
v -0.30086347 -0.59143114 0.11802540
v -0.29102045 -0.60085285 0.12011719
v -0.28119722 -0.61025560 0.12220477
v -0.27139360 -0.61963958 0.12428819
v -0.26160967 -0.62900472 0.12636742
v -0.25184536 -0.63835114 0.12844250
v -0.24201263 -0.64725184 0.13038468
v -0.23192295 -0.65480965 0.13192320
v -0.22184828 -0.66235626 0.13345943
v -0.21178859 -0.66989166 0.13499337
v -0.20174380 -0.67741585 0.13652505
v -0.19171387 -0.68492889 0.13805446
v -0.18169884 -0.69243079 0.13958158
v -0.17169861 -0.69992167 0.14110647
v -0.16171318 -0.70740139 0.14262909
v -0.15174252 -0.71487004 0.14414945
v -0.14178656 -0.72232771 0.14566758
v -0.13184531 -0.72977436 0.14718346
v -0.12191872 -0.73721004 0.14869711
v -0.11200676 -0.74463475 0.15020855
v -0.10210939 -0.75204849 0.15171774
v -0.09222659 -0.75945139 0.15322469
v -0.08235831 -0.76684332 0.15472947
v -0.07250454 -0.77422446 0.15623201
v -0.06266522 -0.78159475 0.15773237
v -0.05284036 -0.78895420 0.15923049
v -0.04295569 -0.79599386 0.16063258
v -0.03287384 -0.80215234 0.16176805
v -0.02280322 -0.80830407 0.16290218
v -0.01274379 -0.81444889 0.16403510
v -0.00269555 -0.82058692 0.16516672
v 0.00783657 -0.82472789 0.16569161
v 0.02104966 -0.81814146 0.16295201
v 0.03429839 -0.81153721 0.16020499
v 0.04758291 -0.80491507 0.15745057
v 0.06090335 -0.79827505 0.15468870
v 0.07444699 -0.79089022 0.15169775
v 0.08851878 -0.78159851 0.14812334
v 0.10263978 -0.77227432 0.14453641
v 0.11681022 -0.76291746 0.14093690
v 0.13103041 -0.75352788 0.13732475
v 0.14530057 -0.74410522 0.13369991
v 0.15962096 -0.73464942 0.13006231
v 0.17399186 -0.72516018 0.12641189
v 0.18841356 -0.71563751 0.12274857
v 0.20288627 -0.70608109 0.11907228
v 0.21741033 -0.69649076 0.11538295
v 0.23198596 -0.68686640 0.11168053
v 0.24661347 -0.67720777 0.10796493
v 0.26129311 -0.66751474 0.10423607
v 0.27602521 -0.65778708 0.10049390
v 0.29080996 -0.64802456 0.09673834
v 0.30564776 -0.63822716 0.09296933
v 0.32053876 -0.62839454 0.08918677
v 0.33548337 -0.61852658 0.08539062
v 0.35048184 -0.60862297 0.08158081
v 0.36553442 -0.59868366 0.07775721
v 0.38064146 -0.58870846 0.07391980
v 0.39579347 -0.57865947 0.07010835
v 0.41152489 -0.56695300 0.06568184
v 0.42731827 -0.55513781 0.06127011
v 0.44317707 -0.54327369 0.05684010
v 0.45910174 -0.53136027 0.05239170
v 0.47509256 -0.51939732 0.04792480
v 0.49115014 -0.50738448 0.04343927
v 0.50727475 -0.49532145 0.03893501
v 0.52346683 -0.48320791 0.03441190
v 0.53972685 -0.47104359 0.02986980
v 0.55605525 -0.45882815 0.02530862
v 0.57247108 -0.44650215 0.02070999
v 0.58897060 -0.43407938 0.01607815
v 0.60554028 -0.42160374 0.01142658
v 0.62218082 -0.40907484 0.00675515
v 0.63889253 -0.39649233 0.00206373
v -0.89335191 0.00737119 -0.00427765
v -0.88293707 -0.01004464 0.00005843
v -0.87220579 -0.02397507 0.00337501
v -0.86150676 -0.03786356 0.00668160
v -0.85083979 -0.05171030 0.00997826
v -0.84020489 -0.06551548 0.01326502
v -0.82960194 -0.07927927 0.01654192
v -0.81903070 -0.09300189 0.01980902
v -0.80849105 -0.10668349 0.02306636
v -0.79798281 -0.12032427 0.02631398
v -0.78750587 -0.13392441 0.02955193
v -0.77706009 -0.14748409 0.03278024
v -0.76651394 -0.15991658 0.03567895
v -0.75570947 -0.16997743 0.03788124
v -0.74492681 -0.18001781 0.04007904
v -0.73416615 -0.19003786 0.04227239
v -0.72342724 -0.20003752 0.04446128
v -0.71271020 -0.21001692 0.04664574
v -0.70201474 -0.21997617 0.04882576
v -0.69134098 -0.22991522 0.05100139
v -0.68068880 -0.23983420 0.05317261
v -0.67005813 -0.24973315 0.05533946
v -0.65944886 -0.25961217 0.05750193
v -0.64886099 -0.26947120 0.05966006
v -0.63829446 -0.27931049 0.06181383
v -0.62774909 -0.28912997 0.06396327
v -0.61722499 -0.29892969 0.06610840
v -0.60672194 -0.30870980 0.06824921
v -0.59623998 -0.31847030 0.07038575
v -0.58577895 -0.32821119 0.07251801
v -0.57533896 -0.33793268 0.07464599
v -0.56491977 -0.34763470 0.07676972
v -0.55452132 -0.35731733 0.07888924
v -0.54400611 -0.36609602 0.08074210
v -0.53327936 -0.37339729 0.08215794
v -0.52256691 -0.38068879 0.08357188
v -0.51186872 -0.38797054 0.08498394
v -0.50118488 -0.39524263 0.08639411
v -0.49051526 -0.40250498 0.08780241
v -0.47985983 -0.40975770 0.08920883
v -0.46921858 -0.41700074 0.09061338
v -0.45859149 -0.42423418 0.09201606
v -0.44822180 -0.43288422 0.09384124
v -0.43806091 -0.44262800 0.09599330
v -0.42792082 -0.45235193 0.09814094
v -0.41780141 -0.46205601 0.10028420
v -0.40770259 -0.47174028 0.10242309
v -0.39762437 -0.48140484 0.10455765
v -0.38756657 -0.49104980 0.10668786
v -0.37752926 -0.50067514 0.10881373
v -0.36751226 -0.51028103 0.11093532
v -0.35751563 -0.51986736 0.11305258
v -0.34753916 -0.52943432 0.11516557
v -0.33758298 -0.53898185 0.11727426
v -0.32764682 -0.54851019 0.11937872
v -0.31773075 -0.55801922 0.12147892
v -0.30783468 -0.56750911 0.12357488
v -0.29795855 -0.57697988 0.12566662
v -0.28810236 -0.58643156 0.12775415
v -0.27826592 -0.59586430 0.12983748
v -0.26844925 -0.60527796 0.13191663
v -0.25865227 -0.61467290 0.13399160
v -0.24887495 -0.62404889 0.13606241
v -0.23911719 -0.63340610 0.13812907
v -0.22937894 -0.64274472 0.14019163
v -0.21966018 -0.65206456 0.14225005
v -0.20987691 -0.66096807 0.14418501
v -0.19982493 -0.66850543 0.14571115
v -0.18978786 -0.67603147 0.14723505
v -0.17976572 -0.68354642 0.14875670
v -0.16975836 -0.69105017 0.15027606
v -0.15976584 -0.69854289 0.15179321
v -0.14978811 -0.70602447 0.15330812
v -0.13982514 -0.71349508 0.15482074
v -0.12987685 -0.72095460 0.15633117
v -0.11994325 -0.72840303 0.15783936
v -0.11002433 -0.73584056 0.15934533
v -0.10012000 -0.74326718 0.16084908
v -0.09023028 -0.75068277 0.16235058
v -0.08035509 -0.75808746 0.16384991
v -0.07049444 -0.76548129 0.16534701
v -0.06064827 -0.77286422 0.16684194
v -0.05081655 -0.78023630 0.16833466
v -0.04099927 -0.78759760 0.16982521
v -0.03097283 -0.79402369 0.17103434
v -0.02089560 -0.80018461 0.17216417
v -0.01082959 -0.80633861 0.17329280
v -0.00077477 -0.81248575 0.17442013
v 0.01029824 -0.81448758 0.17429438
v 0.02352896 -0.80788016 0.17156339
v 0.03679539 -0.80125487 0.16882502
v 0.05009769 -0.79461175 0.16607927
v 0.06348024 -0.78777748 0.16327365
v 0.07752797 -0.77848369 0.15972066
v 0.09162481 -0.76915729 0.15615523
v 0.10577100 -0.75979829 0.15257734
v 0.11996681 -0.75040644 0.14898686
v 0.13421249 -0.74098170 0.14538381
v 0.14850831 -0.73152369 0.14176807
v 0.16285452 -0.72203243 0.13813958
v 0.17725141 -0.71250749 0.13449827
v 0.19169927 -0.70294899 0.13084406
v 0.20619832 -0.69335651 0.12717691
v 0.22074886 -0.68373007 0.12349673
v 0.23535113 -0.67406929 0.11980348
v 0.25000545 -0.66437411 0.11609706
v 0.26471213 -0.65464431 0.11237741
v 0.27947134 -0.64487976 0.10864445
v 0.29428348 -0.63508022 0.10489811
v 0.30914873 -0.62524551 0.10113834
v 0.32406747 -0.61537540 0.09736504
v 0.33903992 -0.60546970 0.09357816
v 0.35436511 -0.59450042 0.08946394
v 0.36994815 -0.58281130 0.08512703
v 0.38559532 -0.57107407 0.08077226
v 0.40130711 -0.55928838 0.07639951
v 0.41708380 -0.54745400 0.07200868
v 0.43292591 -0.53557050 0.06759968
v 0.44883382 -0.52363771 0.06317234
v 0.46480790 -0.51165527 0.05872659
v 0.48084858 -0.49962288 0.05426231
v 0.49695629 -0.48754019 0.04977936
v 0.51313144 -0.47540686 0.04527765
v 0.52937448 -0.46322271 0.04075705
v 0.54568583 -0.45098728 0.03621744
v 0.56206536 -0.43870175 0.03165915
v 0.57854748 -0.42625892 0.02704928
v 0.59509969 -0.41376314 0.02241977
v 0.61172253 -0.40121394 0.01777050
v 0.62841660 -0.38861102 0.01310132
v 0.64518219 -0.37595409 0.00841213
v 0.66201997 -0.36324278 0.00370278
v 0.67893016 -0.35047668 -0.00102686
v -0.91320711 0.04949263 -0.00230543
v -0.90236086 0.03538227 0.00103606
v -0.89154738 0.02131469 0.00436743
v -0.88076663 0.00728965 0.00768872
v -0.87001848 -0.00669298 0.01099998
v -0.85930282 -0.02063350 0.01430125
v -0.84861934 -0.03453198 0.01759257
v -0.83796799 -0.04838870 0.02087400
v -0.82734865 -0.06220380 0.02414558
v -0.81676120 -0.07597749 0.02740735
v -0.80620533 -0.08970993 0.03065935
v -0.79568112 -0.10340133 0.03390163
v -0.78518820 -0.11705186 0.03713423
v -0.77472657 -0.13066171 0.04035721
v -0.76429623 -0.14423107 0.04357059
v -0.75372875 -0.15638988 0.04637321
v -0.74293298 -0.16645832 0.04856546
v -0.73215914 -0.17650625 0.05075327
v -0.72140723 -0.18653373 0.05293663
v -0.71067709 -0.19654086 0.05511555
v -0.69996876 -0.20652771 0.05729006
v -0.68928206 -0.21649438 0.05946016
v -0.67861700 -0.22644085 0.06162587
v -0.66797358 -0.23636717 0.06378721
v -0.65735161 -0.24627352 0.06594418
v -0.64675105 -0.25615978 0.06809680
v -0.63617182 -0.26602620 0.07024508
v -0.62561393 -0.27587271 0.07238904
v -0.61507732 -0.28569946 0.07452868
v -0.60456175 -0.29550645 0.07666402
v -0.59406739 -0.30529377 0.07879507
v -0.58359408 -0.31506148 0.08092184
v -0.57314175 -0.32480958 0.08304437
v -0.56271029 -0.33453816 0.08516265
v -0.55229968 -0.34424728 0.08727670
v -0.54173404 -0.35280654 0.08905313
v -0.53099364 -0.36012706 0.09046540
v -0.52026755 -0.36743772 0.09187581
v -0.50955582 -0.37473866 0.09328432
v -0.49885839 -0.38202986 0.09469093
v -0.48817524 -0.38931131 0.09609569
v -0.47750634 -0.39658305 0.09749857
v -0.46685159 -0.40384507 0.09889957
v -0.45621112 -0.41109750 0.10029870
v -0.44558480 -0.41834021 0.10169599
v -0.43533847 -0.42769733 0.10371997
v -0.42518422 -0.43745267 0.10586329
v -0.41505069 -0.44718820 0.10800228
v -0.40493795 -0.45690367 0.11013682
v -0.39484578 -0.46659949 0.11226707
v -0.38477415 -0.47627550 0.11439296
v -0.37472299 -0.48593187 0.11651454
v -0.36469230 -0.49556860 0.11863178
v -0.35468197 -0.50518572 0.12074476
v -0.34469190 -0.51478338 0.12285344
v -0.33472210 -0.52436161 0.12495783
v -0.32477251 -0.53392041 0.12705797
v -0.31484303 -0.54345983 0.12915386
v -0.30493355 -0.55298007 0.13124552
v -0.29504409 -0.56248111 0.13333298
v -0.28517464 -0.57196295 0.13541619
v -0.27532497 -0.58142567 0.13749523
v -0.26549518 -0.59086937 0.13957009
v -0.25568512 -0.60029411 0.14164078
v -0.24589480 -0.60969990 0.14370729
v -0.23612408 -0.61908680 0.14576967
v -0.22637291 -0.62845492 0.14782792
v -0.21664131 -0.63780433 0.14988205
v -0.20692918 -0.64713502 0.15193206
v -0.19723640 -0.65644711 0.15397801
v -0.18756300 -0.66574049 0.15601984
v -0.17782927 -0.67464679 0.15794748
v -0.16781478 -0.68216360 0.15946136
v -0.15781516 -0.68966925 0.16097298
v -0.14783038 -0.69716382 0.16248238
v -0.13786033 -0.70464730 0.16398951
v -0.12790503 -0.71211970 0.16549446
v -0.11796444 -0.71958113 0.16699716
v -0.10803850 -0.72703147 0.16849767
v -0.09812723 -0.73447084 0.16999593
v -0.08823054 -0.74189925 0.17149201
v -0.07834847 -0.74931669 0.17298585
v -0.06848093 -0.75672328 0.17447750
v -0.05862788 -0.76411885 0.17596698
v -0.04878932 -0.77150369 0.17745426
v -0.03896521 -0.77887762 0.17893936
v -0.02906892 -0.78588265 0.18031475
v -0.01898508 -0.79205275 0.18144026
v -0.00891247 -0.79821604 0.18256456
v 0.00114892 -0.80437237 0.18368763
v 0.01276525 -0.80422509 0.18291573
v 0.02601361 -0.79759663 0.18019342
v 0.03929779 -0.79095036 0.17746376
v 0.05261791 -0.78428596 0.17472672
v 0.06654488 -0.77537096 0.17130984
v 0.08061757 -0.76604247 0.16776592
v 0.09473952 -0.75668126 0.16420960
v 0.10891099 -0.74728733 0.16064078
v 0.12313224 -0.73786038 0.15705948
v 0.13740352 -0.72840023 0.15346552
v 0.15172508 -0.71890676 0.14985895
v 0.16609722 -0.70937979 0.14623961
v 0.18052019 -0.69981909 0.14260747
v 0.19499430 -0.69022453 0.13896246
v 0.20951974 -0.68059587 0.13530453
v 0.22409685 -0.67093301 0.13163356
v 0.23872589 -0.66123575 0.12794958
v 0.25340715 -0.65150386 0.12425239
v 0.26814085 -0.64173716 0.12054200
v 0.28292736 -0.63193548 0.11681832
v 0.29787251 -0.62172621 0.11296845
v 0.31324902 -0.61016107 0.10870491
v 0.32868841 -0.59854859 0.10442393
v 0.34419119 -0.58688855 0.10012539
v 0.35975766 -0.57518047 0.09580915
v 0.37538829 -0.56342417 0.09147517
v 0.39108342 -0.55161935 0.08712326
v 0.40684351 -0.53976578 0.08275337
v 0.42266890 -0.52786297 0.07836536
v 0.43856001 -0.51591080 0.07395914
v 0.45451728 -0.50390881 0.06953458
v 0.47054112 -0.49185681 0.06509154
v 0.48663190 -0.47975442 0.06062994
v 0.50279009 -0.46760133 0.05614966
v 0.51901609 -0.45539728 0.05165057
v 0.53531039 -0.44314185 0.04713256
v 0.55167329 -0.43083477 0.04259550
v 0.56811839 -0.41843408 0.03802659
v 0.58465308 -0.40591806 0.03341917
v 0.60125840 -0.39334860 0.02879206
v 0.61793476 -0.38072529 0.02414516
v 0.63468266 -0.36804783 0.01947832
v 0.65150261 -0.35531592 0.01479142
v 0.66839498 -0.34252912 0.01008433
v 0.68536025 -0.32968715 0.00535691
v 0.70239896 -0.31678957 0.00060904
v -0.93290621 0.09550802 -0.00133317
v -0.92197639 0.08125784 0.00202334
v -0.91107976 0.06705105 0.00536963
v -0.90021622 0.05288745 0.00870575
v -0.88938570 0.03876683 0.01203174
v -0.87858808 0.02468905 0.01534765
v -0.86782312 0.01065384 0.01865352
v -0.85709059 -0.00333891 0.02194940
v -0.84639055 -0.01728949 0.02523534
v -0.83572268 -0.03119801 0.02851138
v -0.82508695 -0.04506471 0.03177756
v -0.81448317 -0.05888976 0.03503393
v -0.80391109 -0.07267332 0.03828054
v -0.79337078 -0.08641563 0.04151743
v -0.78286195 -0.10011683 0.04474462
v -0.77238452 -0.11377712 0.04796219
v -0.76193833 -0.12739670 0.05117017
v -0.75152320 -0.14097571 0.05436860
v -0.74093354 -0.15286048 0.05707587
v -0.73014653 -0.16293646 0.05925808
v -0.71938145 -0.17299181 0.06143587
v -0.70863837 -0.18302685 0.06360923
v -0.69791698 -0.19304149 0.06577816
v -0.68721735 -0.20303577 0.06794272
v -0.67653948 -0.21300985 0.07010286
v -0.66588318 -0.22296372 0.07225865
v -0.65524846 -0.23289745 0.07441008
v -0.64463514 -0.24281110 0.07655716
v -0.63404328 -0.25270477 0.07869990
v -0.62347281 -0.26257849 0.08083833
v -0.61292362 -0.27243233 0.08297244
v -0.60239565 -0.28226635 0.08510227
v -0.59188884 -0.29208058 0.08722782
v -0.58140308 -0.30187508 0.08934908
v -0.57093841 -0.31164998 0.09146610
v -0.56049472 -0.32140526 0.09357888
v -0.55007190 -0.33114102 0.09568743
v -0.53945553 -0.33947930 0.09738776
v -0.52870136 -0.34681913 0.09879646
v -0.51796168 -0.35414910 0.10020329
v -0.50723630 -0.36146924 0.10160821
v -0.49652526 -0.36877966 0.10301126
v -0.48582855 -0.37608024 0.10441244
v -0.47514614 -0.38337114 0.10581174
v -0.46447793 -0.39065221 0.10720919
v -0.45382407 -0.39792368 0.10860476
v -0.44318432 -0.40518543 0.10999846
v -0.43260682 -0.41271672 0.11147249
v -0.42243847 -0.42250371 0.11361145
v -0.41229090 -0.43227071 0.11574604
v -0.40216407 -0.44201773 0.11787628
v -0.39205790 -0.45174491 0.12000217
v -0.38197237 -0.46145213 0.12212371
v -0.37190747 -0.47113955 0.12424091
v -0.36186299 -0.48080733 0.12635380
v -0.35183892 -0.49045545 0.12846242
v -0.34183520 -0.50008398 0.13056675
v -0.33185181 -0.50969291 0.13266681
v -0.32188866 -0.51928240 0.13476260
v -0.31194571 -0.52885240 0.13685416
v -0.30202287 -0.53840309 0.13894147
v -0.29212004 -0.54793453 0.14102457
v -0.28223729 -0.55744666 0.14310347
v -0.27237439 -0.56693959 0.14517817
v -0.26253146 -0.57641339 0.14724870
v -0.25270826 -0.58586818 0.14931504
v -0.24290487 -0.59530383 0.15137723
v -0.23312113 -0.60472065 0.15343529
v -0.22335708 -0.61411852 0.15548921
v -0.21361260 -0.62349749 0.15753900
v -0.20388760 -0.63285780 0.15958472
v -0.19418208 -0.64219928 0.16162632
v -0.18449599 -0.65152210 0.16366382
v -0.17482926 -0.66082627 0.16569726
v -0.16518174 -0.67011195 0.16772667
v -0.15555350 -0.67937911 0.16975202
v -0.14586927 -0.68828803 0.17167234
v -0.13589218 -0.69578451 0.17317398
v -0.12592985 -0.70326984 0.17467339
v -0.11598223 -0.71074408 0.17617060
v -0.10604932 -0.71820730 0.17766558
v -0.09613108 -0.72565955 0.17915836
v -0.08622745 -0.73310077 0.18064894
v -0.07633843 -0.74053103 0.18213733
v -0.06646398 -0.74795038 0.18362351
v -0.05660407 -0.75535870 0.18510750
v -0.04675866 -0.76275623 0.18658933
v -0.03692772 -0.77014279 0.18806896
v -0.02711120 -0.77751857 0.18954645
v -0.01707165 -0.78390855 0.19073051
v -0.00699244 -0.79008096 0.19185050
v 0.00307554 -0.79624659 0.19296923
v 0.01523758 -0.79394037 0.19155577
v 0.02850364 -0.78729087 0.18884219
v 0.04180561 -0.78062338 0.18612126
v 0.05556946 -0.77226049 0.18289092
v 0.06961807 -0.76292986 0.17936845
v 0.08371580 -0.75356650 0.17583369
v 0.09786298 -0.74417037 0.17228650
v 0.11205980 -0.73474127 0.16872689
v 0.12630655 -0.72527897 0.16515474
v 0.14060351 -0.71578342 0.16157001
v 0.15495093 -0.70625424 0.15797263
v 0.16934907 -0.69669139 0.15436254
v 0.18379821 -0.68709475 0.15073965
v 0.19829865 -0.67746401 0.14710389
v 0.21285060 -0.66779900 0.14345524
v 0.22745439 -0.65809965 0.13979356
v 0.24211027 -0.64836556 0.13611886
v 0.25720915 -0.63719285 0.13200863
v 0.27244455 -0.62570304 0.12780002
v 0.28774217 -0.61416638 0.12357422
v 0.30310223 -0.60258257 0.11933118
v 0.31852528 -0.59095138 0.11507074
v 0.33401150 -0.57927239 0.11079283
v 0.34956142 -0.56754535 0.10649732
v 0.36517552 -0.55577004 0.10218412
v 0.38085401 -0.54394603 0.09785310
v 0.39659736 -0.53207314 0.09350417
v 0.41240603 -0.52015108 0.08913719
v 0.42828038 -0.50817943 0.08475209
v 0.44422078 -0.49615794 0.08034871
v 0.46022773 -0.48408630 0.07592697
v 0.47630161 -0.47196421 0.07148674
v 0.49244282 -0.45979133 0.06702791
v 0.50865179 -0.44756731 0.06255037
v 0.52492893 -0.43529189 0.05805397
v 0.54127473 -0.42296472 0.05353863
v 0.55768961 -0.41058546 0.04900421
v 0.57420063 -0.39806858 0.04442477
v 0.59078830 -0.38547879 0.03981987
v 0.60744703 -0.37283507 0.03519525
v 0.62417710 -0.36013710 0.03055080
v 0.64097929 -0.34738451 0.02588637
v 0.65785378 -0.33457699 0.02120184
v 0.67480117 -0.32171419 0.01649708
v 0.69182187 -0.30879569 0.01177195
v 0.70891649 -0.29582113 0.00702634
v 0.72608536 -0.28279021 0.00226009
v -0.95268065 0.13901994 0.00024757
v -0.94163066 0.12925678 0.00254067
v -0.93080562 0.11324061 0.00638177
v -0.91985828 0.09893637 0.00973285
v -0.90894431 0.08467580 0.01307370
v -0.89806360 0.07045864 0.01640437
v -0.88721591 0.05628475 0.01972491
v -0.87640131 0.04215384 0.02303538
v -0.86561942 0.02806586 0.02633580
v -0.85487014 0.01402047 0.02962624
v -0.84415340 0.00001754 0.03290671
v -0.83346897 -0.01394311 0.03617730
v -0.82281679 -0.02786167 0.03943802
v -0.81219667 -0.04173835 0.04268894
v -0.80160844 -0.05557332 0.04593009
v -0.79105192 -0.06936681 0.04916150
v -0.78052711 -0.08311897 0.05238324
v -0.77003378 -0.09682999 0.05559536
v -0.75957173 -0.11050006 0.05879785
v -0.74914092 -0.12412935 0.06199081
v -0.73874110 -0.13771805 0.06517427
v -0.72812814 -0.14932828 0.06778693
v -0.71734995 -0.15941179 0.06995910
v -0.70659381 -0.16947472 0.07212685
v -0.69585943 -0.17951725 0.07429018
v -0.68514687 -0.18953936 0.07644913
v -0.67445600 -0.19954111 0.07860369
v -0.66378683 -0.20952259 0.08075389
v -0.65313935 -0.21948394 0.08289972
v -0.64251333 -0.22942506 0.08504122
v -0.63190883 -0.23934609 0.08717839
v -0.62132567 -0.24924710 0.08931125
v -0.61076391 -0.25912815 0.09143981
v -0.60022342 -0.26898926 0.09356407
v -0.58970416 -0.27883053 0.09568407
v -0.57920599 -0.28865203 0.09779980
v -0.56872898 -0.29845378 0.09991127
v -0.55827302 -0.30823591 0.10201851
v -0.54783797 -0.31799838 0.10412153
v -0.53717053 -0.32611421 0.10574608
v -0.52640265 -0.33347344 0.10715118
v -0.51564926 -0.34082276 0.10855440
v -0.50491023 -0.34816223 0.10995573
v -0.49418557 -0.35549191 0.11135517
v -0.48347527 -0.36281174 0.11275274
v -0.47277927 -0.37012178 0.11414845
v -0.46209762 -0.37742209 0.11554230
v -0.45143020 -0.38471264 0.11693428
v -0.44077703 -0.39199343 0.11832440
v -0.43013802 -0.39926451 0.11971268
v -0.41968358 -0.40750474 0.12138551
v -0.40952185 -0.41730341 0.12351571
v -0.39938095 -0.42708206 0.12564154
v -0.38926077 -0.43684071 0.12776302
v -0.37916133 -0.44657934 0.12988016
v -0.36908251 -0.45629808 0.13199298
v -0.35902423 -0.46599701 0.13410148
v -0.34898639 -0.47567627 0.13620572
v -0.33896902 -0.48533577 0.13830565
v -0.32897198 -0.49497563 0.14040132
v -0.31899527 -0.50459588 0.14249273
v -0.30903882 -0.51419669 0.14457990
v -0.29910251 -0.52377802 0.14666285
v -0.28918633 -0.53333992 0.14874156
v -0.27929026 -0.54288250 0.15081607
v -0.26941413 -0.55240577 0.15288641
v -0.25955796 -0.56190985 0.15495254
v -0.24972163 -0.57139474 0.15701452
v -0.23990515 -0.58086056 0.15907235
v -0.23010843 -0.59030730 0.16112602
v -0.22033136 -0.59973508 0.16317560
v -0.21057394 -0.60914385 0.16522102
v -0.20083615 -0.61853379 0.16726235
v -0.19111782 -0.62790495 0.16929960
v -0.18141897 -0.63725734 0.17133278
v -0.17173953 -0.64659095 0.17336185
v -0.16207942 -0.65590590 0.17538689
v -0.15243861 -0.66520232 0.17740789
v -0.14281702 -0.67448014 0.17942487
v -0.13321459 -0.68373954 0.18143781
v -0.12363130 -0.69298047 0.18344675
v -0.11399664 -0.70189202 0.18535970
v -0.10405673 -0.70936817 0.18684913
v -0.09413149 -0.71683329 0.18833643
v -0.08422092 -0.72428733 0.18982150
v -0.07432497 -0.73173040 0.19130439
v -0.06444362 -0.73916250 0.19278507
v -0.05457682 -0.74658364 0.19426358
v -0.04472454 -0.75399387 0.19573991
v -0.03488674 -0.76139325 0.19721408
v -0.02506343 -0.76878166 0.19868606
v -0.01515530 -0.77575183 0.20003493
v -0.00506948 -0.78193355 0.20115057
v 0.00500510 -0.78810841 0.20226498
v 0.01771529 -0.78363335 0.20021451
v 0.03099909 -0.77696270 0.19750971
v 0.04460175 -0.76915210 0.19446386
v 0.05862627 -0.75981933 0.19096287
v 0.07269984 -0.75045389 0.18744960
v 0.08682272 -0.74105561 0.18392403
v 0.10099518 -0.73162436 0.18038607
v 0.11521745 -0.72216004 0.17683569
v 0.12948981 -0.71266222 0.17327280
v 0.14381254 -0.70313096 0.16969736
v 0.15818590 -0.69356602 0.16610926
v 0.17261015 -0.68396723 0.16250844
v 0.18708554 -0.67433435 0.15889487
v 0.20181718 -0.66391212 0.15504296
v 0.21685228 -0.65254295 0.15090530
v 0.23194842 -0.64112765 0.14675088
v 0.24710581 -0.62966597 0.14257959
v 0.26232490 -0.61815768 0.13839133
v 0.27760613 -0.60660237 0.13418595
v 0.29294980 -0.59499979 0.12996338
v 0.30835637 -0.58334976 0.12572354
v 0.32382613 -0.57165188 0.12146628
v 0.33935955 -0.55990589 0.11719151
v 0.35495695 -0.54811150 0.11289912
v 0.37061879 -0.53626835 0.10858902
v 0.38634551 -0.52437621 0.10426105
v 0.40213737 -0.51243478 0.09991514
v 0.41799483 -0.50044364 0.09555119
v 0.43391845 -0.48840266 0.09116905
v 0.44990849 -0.47631142 0.08676861
v 0.46596539 -0.46416956 0.08234978
v 0.48208958 -0.45197684 0.07791243
v 0.49828148 -0.43973291 0.07345644
v 0.51454151 -0.42743742 0.06898171
v 0.53087014 -0.41509008 0.06448811
v 0.54726779 -0.40269062 0.05997550
v 0.56374234 -0.39021465 0.05543657
v 0.58031225 -0.37760448 0.05085391
v 0.59695327 -0.36494035 0.04625161
v 0.61366564 -0.35222185 0.04162957
v 0.63044995 -0.33944860 0.03698764
v 0.64730656 -0.32662034 0.03232569
v 0.66423601 -0.31373665 0.02764362
v 0.68123877 -0.30079719 0.02294127
v 0.69831526 -0.28780153 0.01821851
v 0.71546608 -0.27474946 0.01347523
v 0.73269159 -0.26164046 0.00871128
v 0.74999225 -0.24847423 0.00392652
v 0.76736867 -0.23525035 -0.00087918
v -0.95090783 0.15895064 0.00794116
v -0.93937492 0.14887352 0.00978935
v -0.92829996 0.13521703 0.01293143
v -0.91757369 0.11832058 0.01700274
v -0.90680081 0.10236724 0.02080691
v -0.89590275 0.08809622 0.02413208
v -0.88503796 0.07386871 0.02744712
v -0.87420624 0.05968449 0.03075207
v -0.86340743 0.04554334 0.03404699
v -0.85264134 0.03144507 0.03733190
v -0.84190792 0.01738950 0.04060687
v -0.83120686 0.00337645 0.04387194
v -0.82053816 -0.01059429 0.04712714
v -0.80990160 -0.02452290 0.05037253
v -0.79929709 -0.03840960 0.05360815
v -0.78872442 -0.05225454 0.05683404
v -0.77818352 -0.06605793 0.06005026
v -0.76767421 -0.07981996 0.06325683
v -0.75719637 -0.09354080 0.06645381
v -0.74674976 -0.10722065 0.06964125
v -0.73633438 -0.12085968 0.07281916
v -0.72594994 -0.13445809 0.07598760
v -0.71531284 -0.14579330 0.07850641
v -0.70454353 -0.15588436 0.08066852
v -0.69379610 -0.16595490 0.08282620
v -0.68307054 -0.17600493 0.08497951
v -0.67236680 -0.18603449 0.08712844
v -0.66168475 -0.19604377 0.08927300
v -0.65102440 -0.20603271 0.09141321
v -0.64038557 -0.21600138 0.09354910
v -0.62976837 -0.22594994 0.09568065
v -0.61917257 -0.23587836 0.09780790
v -0.60859817 -0.24578670 0.09993087
v -0.59804511 -0.25567508 0.10204951
v -0.58751339 -0.26554349 0.10416393
v -0.57700282 -0.27539212 0.10627405
v -0.56651336 -0.28522080 0.10837997
v -0.55604500 -0.29502982 0.11048161
v -0.54559773 -0.30481917 0.11257906
v -0.53487909 -0.31271109 0.11412819
v -0.52409744 -0.32008976 0.11552965
v -0.51333022 -0.32745853 0.11692924
v -0.50257748 -0.33481741 0.11832694
v -0.49183920 -0.34216642 0.11972275
v -0.48111528 -0.34950557 0.12111672
v -0.47040570 -0.35683489 0.12250881
v -0.45971048 -0.36415440 0.12389904
v -0.44902956 -0.37146416 0.12528740
v -0.43836287 -0.37876406 0.12667392
v -0.42771050 -0.38605434 0.12805857
v -0.41707233 -0.39333481 0.12944138
v -0.40674350 -0.40228608 0.13131137
v -0.39658853 -0.41209641 0.13343276
v -0.38645431 -0.42188671 0.13554981
v -0.37634090 -0.43165693 0.13766250
v -0.36624813 -0.44140711 0.13977090
v -0.35617602 -0.45113745 0.14187498
v -0.34612438 -0.46084794 0.14397478
v -0.33609334 -0.47053859 0.14607027
v -0.32608265 -0.48020950 0.14816150
v -0.31609231 -0.48986080 0.15024850
v -0.30612230 -0.49949241 0.15233125
v -0.29617253 -0.50910455 0.15440975
v -0.28624296 -0.51869708 0.15648405
v -0.27633348 -0.52827024 0.15855415
v -0.26644406 -0.53782403 0.16062006
v -0.25657463 -0.54735857 0.16268180
v -0.24672514 -0.55687374 0.16473937
v -0.23689558 -0.56636971 0.16679277
v -0.22708571 -0.57584661 0.16884205
v -0.21729571 -0.58530438 0.17088719
v -0.20752533 -0.59474319 0.17292824
v -0.19777466 -0.60416293 0.17496516
v -0.18804350 -0.61356384 0.17699800
v -0.17833187 -0.62294585 0.17902677
v -0.16863970 -0.63230908 0.18105149
v -0.15896694 -0.64165354 0.18307212
v -0.14931352 -0.65097934 0.18508874
v -0.13967942 -0.66028655 0.18710130
v -0.13006452 -0.66957510 0.18910988
v -0.12046880 -0.67884517 0.19111443
v -0.11089217 -0.68809682 0.19311500
v -0.10133459 -0.69733000 0.19511157
v -0.09179603 -0.70654482 0.19710419
v -0.08221099 -0.71545887 0.19900967
v -0.07230809 -0.72291481 0.20048703
v -0.06241983 -0.73035973 0.20196219
v -0.05254612 -0.73779368 0.20343521
v -0.04268697 -0.74521673 0.20490603
v -0.03284231 -0.75262874 0.20637472
v -0.02301216 -0.76002991 0.20784123
v -0.01319645 -0.76742023 0.20930558
v -0.00314358 -0.77377373 0.21046484
v 0.00693265 -0.77997786 0.21158080
v 0.02019836 -0.77330399 0.20889206
v 0.03364170 -0.76604605 0.20602874
v 0.04764218 -0.75671107 0.20254911
v 0.06169161 -0.74734342 0.19905737
v 0.07579023 -0.73794299 0.19555336
v 0.08993835 -0.72850966 0.19203705
v 0.10413618 -0.71904308 0.18850839
v 0.11838400 -0.70954329 0.18496731
v 0.13268206 -0.70000988 0.18141373
v 0.14706199 -0.69032425 0.17781246
v 0.16190034 -0.67907363 0.17374447
v 0.17679851 -0.66777778 0.16966009
v 0.19175692 -0.65643615 0.16555916
v 0.20677581 -0.64504868 0.16144167
v 0.22185567 -0.63361502 0.15730746
v 0.23699681 -0.62213486 0.15315644
v 0.25219962 -0.61060798 0.14898853
v 0.26746443 -0.59903407 0.14480361
v 0.28279167 -0.58741283 0.14060159
v 0.29818171 -0.57574391 0.13638233
v 0.31363496 -0.56402713 0.13214576
v 0.32915181 -0.55226213 0.12789173
v 0.34473258 -0.54044861 0.12362022
v 0.36037776 -0.52858633 0.11933102
v 0.37608770 -0.51667488 0.11502407
v 0.39186284 -0.50471407 0.11069924
v 0.40770352 -0.49270353 0.10635645
v 0.42361018 -0.48064288 0.10199557
v 0.43958330 -0.46853197 0.09761647
v 0.45562321 -0.45637038 0.09321906
v 0.47173035 -0.44415778 0.08880322
v 0.48790517 -0.43189391 0.08436882
v 0.50414807 -0.41957837 0.07991577
v 0.52045953 -0.40721095 0.07544392
v 0.53683984 -0.39479116 0.07095316
v 0.55328965 -0.38231879 0.06644338
v 0.56983036 -0.36972579 0.06189419
v 0.58645356 -0.35704118 0.05731425
v 0.60314816 -0.34430209 0.05271462
v 0.61991459 -0.33150819 0.04809522
v 0.63675338 -0.31865913 0.04345590
v 0.65366483 -0.30575457 0.03879653
v 0.67064959 -0.29279411 0.03411698
v 0.68770796 -0.27977738 0.02941713
v 0.70484060 -0.26670405 0.02469683
v 0.72204792 -0.25357378 0.01995596
v 0.73933041 -0.24038610 0.01519438
v 0.75668854 -0.22714069 0.01041195
v 0.77412289 -0.21383719 0.00560854
v 0.79163384 -0.20047519 0.00078401
v -0.95675808 0.22533819 0.00246617
v -0.94738466 0.19159989 0.01128696
v -0.93718773 0.16773820 0.01730657
v -0.92569947 0.15816803 0.01926673
v -0.91495061 0.14118551 0.02333663
v -0.90424186 0.12426629 0.02739133
v -0.89357287 0.10740995 0.03143099
v -0.88285178 0.09151919 0.03519852
v -0.87200296 0.07728128 0.03849790
v -0.86118716 0.06308670 0.04178723
v -0.85040414 0.04893525 0.04506657
v -0.83965391 0.03482677 0.04833595
v -0.82893616 0.02076097 0.05159543
v -0.81825095 0.00673780 0.05484506
v -0.80759799 -0.00724306 0.05808486
v -0.79697716 -0.02118174 0.06131490
v -0.78638828 -0.03507845 0.06453519
v -0.77583128 -0.04893336 0.06774582
v -0.76530594 -0.06274668 0.07094681
v -0.75481218 -0.07651858 0.07413819
v -0.74434978 -0.09024927 0.07732004
v -0.73391867 -0.10393891 0.08049235
v -0.72351873 -0.11758770 0.08365520
v -0.71314979 -0.13119580 0.08680863
v -0.70248741 -0.14225557 0.08923434
v -0.69172692 -0.15235417 0.09138634
v -0.68098831 -0.16243224 0.09353398
v -0.67027152 -0.17248978 0.09567722
v -0.65957659 -0.18252684 0.09781612
v -0.64890343 -0.19254363 0.09995066
v -0.63825184 -0.20253997 0.10208090
v -0.62762183 -0.21251611 0.10420680
v -0.61701339 -0.22247209 0.10632840
v -0.60642642 -0.23240790 0.10844570
v -0.59586078 -0.24232359 0.11055875
v -0.58531642 -0.25221929 0.11266750
v -0.57479346 -0.26209506 0.11477201
v -0.56429166 -0.27195096 0.11687229
v -0.55381095 -0.28178698 0.11896834
v -0.54335135 -0.29160327 0.12106016
v -0.53258103 -0.29926968 0.12253422
v -0.52178556 -0.30666789 0.12393204
v -0.51100463 -0.31405619 0.12532796
v -0.50023818 -0.32143456 0.12672199
v -0.48948613 -0.32880300 0.12811416
v -0.47874853 -0.33616152 0.12950447
v -0.46802539 -0.34351024 0.13089292
v -0.45731658 -0.35084909 0.13227949
v -0.44662213 -0.35817811 0.13366421
v -0.43594193 -0.36549729 0.13504709
v -0.42527610 -0.37280670 0.13642812
v -0.41462448 -0.38010633 0.13780728
v -0.40398711 -0.38739622 0.13918459
v -0.39378673 -0.39706063 0.14125007
v -0.38363850 -0.40688270 0.14336264
v -0.37351102 -0.41668463 0.14547086
v -0.36340436 -0.42646646 0.14757477
v -0.35331827 -0.43622833 0.14967440
v -0.34325287 -0.44597018 0.15176970
v -0.33320799 -0.45569214 0.15386073
v -0.32318366 -0.46539423 0.15594749
v -0.31317973 -0.47507665 0.15803000
v -0.30319610 -0.48473939 0.16010831
v -0.29323283 -0.49438238 0.16218236
v -0.28328979 -0.50400579 0.16425219
v -0.27336696 -0.51360965 0.16631784
v -0.26346418 -0.52319413 0.16837929
v -0.25358146 -0.53275919 0.17043658
v -0.24371879 -0.54230481 0.17248967
v -0.23387602 -0.55183125 0.17453864
v -0.22405314 -0.56133837 0.17658345
v -0.21425004 -0.57082635 0.17862417
v -0.20446675 -0.58029515 0.18066075
v -0.19470313 -0.58974493 0.18269324
v -0.18495910 -0.59917569 0.18472165
v -0.17523468 -0.60858756 0.18674599
v -0.16552979 -0.61798048 0.18876624
v -0.15584435 -0.62735462 0.19078247
v -0.14617829 -0.63670993 0.19279464
v -0.13653159 -0.64604658 0.19480279
v -0.12690416 -0.65536457 0.19680694
v -0.11729597 -0.66466385 0.19880706
v -0.10770693 -0.67394465 0.20080321
v -0.09813703 -0.68320698 0.20279537
v -0.08858616 -0.69245082 0.20478357
v -0.07905430 -0.70167631 0.20676783
v -0.06954137 -0.71088344 0.20874812
v -0.06004733 -0.72007227 0.21072449
v -0.05051196 -0.72898871 0.21262245
v -0.04064590 -0.73642451 0.21408780
v -0.03079442 -0.74384940 0.21555091
v -0.02095742 -0.75126332 0.21701193
v -0.01113490 -0.75866634 0.21847077
v -0.00121475 -0.76560146 0.21979330
v 0.00940336 -0.76964724 0.22026837
v 0.02268936 -0.76294208 0.21758546
v 0.03666581 -0.75360495 0.21412727
v 0.05069112 -0.74423522 0.21065693
v 0.06476554 -0.73483264 0.20717449
v 0.07888932 -0.72539711 0.20367980
v 0.09306272 -0.71592849 0.20017284
v 0.10757765 -0.70530063 0.19632210
v 0.12228150 -0.69412202 0.19230637
v 0.13704436 -0.68289852 0.18827453
v 0.15186670 -0.67162991 0.18422644
v 0.16674881 -0.66031581 0.18016203
v 0.18169104 -0.64895612 0.17608121
v 0.19669369 -0.63755029 0.17198388
v 0.21175730 -0.62609816 0.16786991
v 0.22688216 -0.61459959 0.16373920
v 0.24206859 -0.60305411 0.15959169
v 0.25731704 -0.59146154 0.15542723
v 0.27262783 -0.57982153 0.15124576
v 0.28800136 -0.56813383 0.14704713
v 0.30343807 -0.55639803 0.14283127
v 0.31893829 -0.54461408 0.13859804
v 0.33450246 -0.53278142 0.13434735
v 0.35013092 -0.52089995 0.13007912
v 0.36582410 -0.50896919 0.12579320
v 0.38158244 -0.49698895 0.12148949
v 0.39740628 -0.48495892 0.11716788
v 0.41329607 -0.47287875 0.11282828
v 0.42925218 -0.46074811 0.10847054
v 0.44527507 -0.44856673 0.10409459
v 0.46136516 -0.43633428 0.09970028
v 0.47752288 -0.42405039 0.09528749
v 0.49374864 -0.41171482 0.09085613
v 0.51004285 -0.39932719 0.08640607
v 0.52640593 -0.38688719 0.08193718
v 0.54283839 -0.37439442 0.07744937
v 0.55934256 -0.36184263 0.07294071
v 0.57594800 -0.34913754 0.06838313
v 0.59262478 -0.33637786 0.06380599
v 0.60937327 -0.32356328 0.05920914
v 0.62619412 -0.31069338 0.05459245
v 0.64308763 -0.29776794 0.04995582
v 0.66005433 -0.28478643 0.04529910
v 0.67709464 -0.27174863 0.04062216
v 0.69420916 -0.25865406 0.03592489
v 0.71139818 -0.24550240 0.03120712
v 0.72866237 -0.23229329 0.02646875
v 0.74600226 -0.21902637 0.02170962
v 0.76341814 -0.20570117 0.01692961
v 0.78091067 -0.19231738 0.01212857
v 0.79848027 -0.17887458 0.00730637
v 0.81799269 -0.15982868 0.00080446
v -0.95323569 0.25948155 0.00581219
v -0.94383937 0.22547205 0.01465443
v -0.93451846 0.19173554 0.02342570
v -0.92348802 0.17700979 0.02682950
v -0.91231406 0.16416782 0.02970304
v -0.90158278 0.14716232 0.03375626
v -0.89089149 0.13022019 0.03779438
v -0.88024002 0.11334115 0.04181746
v -0.86962813 0.09652478 0.04582558
v -0.85895836 0.08069631 0.04955671
v -0.84815848 0.06649136 0.05283039
v -0.83739150 0.05232965 0.05609414
v -0.82665706 0.03821088 0.05934797
v -0.81595528 0.02413489 0.06259193
v -0.80528575 0.01010152 0.06582610
v -0.79464853 -0.00388943 0.06905047
v -0.78404337 -0.01783818 0.07226512
v -0.77347022 -0.03174491 0.07547010
v -0.76292884 -0.04560982 0.07866542
v -0.75241905 -0.05943307 0.08185115
v -0.74194092 -0.07321487 0.08502732
v -0.73149407 -0.08695539 0.08819398
v -0.72107852 -0.10065485 0.09135120
v -0.71069402 -0.11431339 0.09449895
v -0.70034045 -0.12793121 0.09763734
v -0.68965191 -0.13871501 0.09997069
v -0.67890024 -0.14882125 0.10211259
v -0.66817045 -0.15890685 0.10425013
v -0.65746260 -0.16897193 0.10638331
v -0.64677650 -0.17901655 0.10851216
v -0.63611203 -0.18904074 0.11063668
v -0.62546933 -0.19904456 0.11275692
v -0.61484814 -0.20902820 0.11487280
v -0.60424846 -0.21899152 0.11698444
v -0.59367025 -0.22893469 0.11909179
v -0.58311343 -0.23885782 0.12119488
v -0.57257789 -0.24876089 0.12329373
v -0.56206363 -0.25864395 0.12538835
v -0.55157053 -0.26850712 0.12747876
v -0.54109859 -0.27835041 0.12956494
v -0.53027648 -0.28578994 0.13096425
v -0.51946718 -0.29320782 0.13235836
v -0.50867242 -0.30061570 0.13375060
v -0.49789217 -0.30801362 0.13514097
v -0.48712641 -0.31540155 0.13652948
v -0.47637513 -0.32277960 0.13791609
v -0.46563828 -0.33014771 0.13930085
v -0.45491591 -0.33750597 0.14068376
v -0.44420785 -0.34485433 0.14206482
v -0.43351415 -0.35219285 0.14344402
v -0.42283475 -0.35952151 0.14482138
v -0.41216969 -0.36684036 0.14619689
v -0.40151894 -0.37414947 0.14757055
v -0.39097556 -0.38197449 0.14909361
v -0.38081321 -0.39182848 0.15120167
v -0.37067169 -0.40166226 0.15330537
v -0.36055097 -0.41147587 0.15540475
v -0.35045105 -0.42126939 0.15749985
v -0.34037176 -0.43104282 0.15959065
v -0.33031312 -0.44079623 0.16167717
v -0.32027501 -0.45052975 0.16375943
v -0.31025743 -0.46024337 0.16583741
v -0.30026022 -0.46993721 0.16791119
v -0.29028338 -0.47961140 0.16998075
v -0.28032684 -0.48926577 0.17204610
v -0.27039051 -0.49890059 0.17410722
v -0.26047444 -0.50851578 0.17616418
v -0.25057843 -0.51811153 0.17821696
v -0.24070251 -0.52768773 0.18026558
v -0.23084654 -0.53724468 0.18231006
v -0.22101054 -0.54678226 0.18435040
v -0.21119437 -0.55630052 0.18638662
v -0.20139803 -0.56579959 0.18841872
v -0.19162147 -0.57527959 0.19044675
v -0.18186459 -0.58474034 0.19247065
v -0.17212734 -0.59418213 0.19449051
v -0.16240963 -0.60360497 0.19650629
v -0.15271148 -0.61300892 0.19851805
v -0.14303280 -0.62239385 0.20052573
v -0.13337347 -0.63176012 0.20252943
v -0.12373350 -0.64110762 0.20452911
v -0.11411282 -0.65043628 0.20652477
v -0.10451134 -0.65974647 0.20851646
v -0.09492905 -0.66903806 0.21050417
v -0.08536588 -0.67831099 0.21248792
v -0.07582173 -0.68756557 0.21446770
v -0.06629659 -0.69680166 0.21644355
v -0.05679040 -0.70601940 0.21841548
v -0.04730308 -0.71521884 0.22038350
v -0.03783458 -0.72440004 0.22234759
v -0.02838486 -0.73356307 0.22430781
v -0.01889918 -0.74248183 0.22619821
v -0.00906985 -0.74989754 0.22765151
v 0.00074504 -0.75730240 0.22910272
v 0.01187943 -0.75929427 0.22897480
v 0.02569710 -0.75050098 0.22569729
v 0.03969834 -0.74112910 0.22224841
v 0.05387354 -0.73122889 0.21864262
v 0.06838645 -0.72016573 0.21469429
v 0.08295736 -0.70905840 0.21073020
v 0.09758656 -0.69790667 0.20675023
v 0.11227436 -0.68671018 0.20275433
v 0.12702125 -0.67546874 0.19874234
v 0.14182757 -0.66418201 0.19471419
v 0.15669350 -0.65284985 0.19066985
v 0.17161956 -0.64147180 0.18660910
v 0.18660602 -0.63004768 0.18253197
v 0.20165336 -0.61857718 0.17843822
v 0.21676186 -0.60706007 0.17432788
v 0.23193191 -0.59549600 0.17020078
v 0.24716391 -0.58388472 0.16605680
v 0.26245826 -0.57222593 0.16189589
v 0.27781528 -0.56051940 0.15771793
v 0.29323539 -0.54876471 0.15352279
v 0.30871904 -0.53696162 0.14931037
v 0.32426649 -0.52510989 0.14508060
v 0.33987826 -0.51320916 0.14083332
v 0.35555467 -0.50125909 0.13656846
v 0.37129617 -0.48925942 0.13228588
v 0.38710314 -0.47720990 0.12798549
v 0.40297601 -0.46511012 0.12366720
v 0.41891515 -0.45295978 0.11933086
v 0.43492106 -0.44075862 0.11497635
v 0.45099404 -0.42850626 0.11060359
v 0.46713462 -0.41620240 0.10621247
v 0.48334315 -0.40384668 0.10180283
v 0.49962014 -0.39143890 0.09737458
v 0.51596594 -0.37897855 0.09292760
v 0.53238106 -0.36646542 0.08846178
v 0.54886591 -0.35389915 0.08397697
v 0.56543636 -0.34122938 0.07945833
v 0.58209532 -0.32844910 0.07490364
v 0.59882599 -0.31561378 0.07032937
v 0.61562890 -0.30272314 0.06573537
v 0.63250434 -0.28977671 0.06112149
v 0.64945298 -0.27677420 0.05648764
v 0.66647518 -0.26371524 0.05183365
v 0.68357146 -0.25059941 0.04715940
v 0.70074236 -0.23742642 0.04246479
v 0.71798819 -0.22419582 0.03774964
v 0.73530966 -0.21090730 0.03301384
v 0.75270718 -0.19756043 0.02825725
v 0.77018130 -0.18415484 0.02347973
v 0.78773236 -0.17069012 0.01868115
v 0.80779350 -0.14989620 0.01170032
v 0.82870334 -0.12682869 0.00403827
v -0.94968516 0.29389760 0.00918492
v -0.94026583 0.25961357 0.01804868
v -0.93092245 0.22560586 0.02684101
v -0.92126167 0.19599125 0.03440510
v -0.90975755 0.18630219 0.03637381
v -0.89891005 0.17017595 0.04015389
v -0.88819635 0.15314741 0.04419038
v -0.87752265 0.13618240 0.04821184
v -0.86688864 0.11928053 0.05221830
v -0.85629421 0.10244150 0.05620990
v -0.84573913 0.08566497 0.06018664
v -0.83512056 0.06989854 0.06388157
v -0.82436931 0.05572647 0.06712969
v -0.81365079 0.04159744 0.07036795
v -0.80296481 0.02751127 0.07359639
v -0.79231119 0.01346771 0.07681505
v -0.78168970 -0.00053337 0.08002398
v -0.77110034 -0.01449221 0.08322325
v -0.76054287 -0.02840897 0.08641285
v -0.75001711 -0.04228386 0.08959286
v -0.73952299 -0.05611707 0.09276331
v -0.72906047 -0.06990878 0.09592424
v -0.71862918 -0.08365916 0.09907573
v -0.70822918 -0.09736841 0.10221777
v -0.69786012 -0.11103673 0.10535044
v -0.68752205 -0.12466428 0.10847376
v -0.67680621 -0.13517171 0.11071550
v -0.66606343 -0.14528549 0.11284728
v -0.65534258 -0.15537868 0.11497471
v -0.64464355 -0.16545127 0.11709783
v -0.63396633 -0.17550342 0.11921661
v -0.62331074 -0.18553510 0.12133109
v -0.61267680 -0.19554646 0.12344126
v -0.60206449 -0.20553748 0.12554716
v -0.59147364 -0.21550827 0.12764880
v -0.58090419 -0.22545886 0.12974618
v -0.57035613 -0.23538932 0.13183933
v -0.55982941 -0.24529974 0.13392825
v -0.54932392 -0.25519016 0.13601294
v -0.53880316 -0.26482400 0.13802612
v -0.52796531 -0.27227166 0.13941839
v -0.51714212 -0.27970925 0.14080879
v -0.50633347 -0.28713676 0.14219733
v -0.49553946 -0.29455435 0.14358397
v -0.48475993 -0.30196187 0.14496876
v -0.47399494 -0.30935949 0.14635170
v -0.46324441 -0.31674713 0.14773275
v -0.45250833 -0.32412481 0.14911196
v -0.44178671 -0.33149263 0.15048930
v -0.43107945 -0.33885056 0.15186481
v -0.42038652 -0.34619859 0.15323849
v -0.40970796 -0.35353675 0.15461031
v -0.39904371 -0.36086515 0.15598029
v -0.38839373 -0.36818367 0.15734844
v -0.37797847 -0.37672368 0.15906698
v -0.36782292 -0.38658947 0.16116610
v -0.35768819 -0.39643499 0.16326094
v -0.34757423 -0.40626031 0.16535147
v -0.33748105 -0.41606548 0.16743772
v -0.32740858 -0.42585054 0.16951969
v -0.31735668 -0.43561563 0.17159739
v -0.30732536 -0.44536072 0.17367086
v -0.29731452 -0.45508584 0.17574008
v -0.28732413 -0.46479124 0.17780510
v -0.27735406 -0.47447675 0.17986588
v -0.26740429 -0.48414263 0.18192248
v -0.25747478 -0.49378878 0.18397489
v -0.24756542 -0.50341535 0.18602313
v -0.23767623 -0.51302242 0.18806723
v -0.22780704 -0.52260995 0.19010717
v -0.21795787 -0.53217810 0.19214299
v -0.20812863 -0.54172689 0.19417466
v -0.19831927 -0.55125630 0.19620225
v -0.18852970 -0.56076652 0.19822574
v -0.17875989 -0.57025754 0.20024513
v -0.16900977 -0.57972944 0.20226046
v -0.15927929 -0.58918232 0.20427176
v -0.14956836 -0.59861612 0.20627898
v -0.13987695 -0.60803097 0.20828219
v -0.13020501 -0.61742693 0.21028137
v -0.12055246 -0.62680399 0.21227652
v -0.11091927 -0.63616234 0.21426769
v -0.10130533 -0.64550191 0.21625488
v -0.09171062 -0.65482289 0.21823810
v -0.08213509 -0.66412520 0.22021735
v -0.07257865 -0.67340893 0.22219265
v -0.06304128 -0.68267417 0.22416401
v -0.05352289 -0.69192094 0.22613144
v -0.04402343 -0.70114928 0.22809497
v -0.03454287 -0.71035933 0.23005459
v -0.02508112 -0.71955109 0.23201030
v -0.01563814 -0.72872460 0.23396216
v -0.00621388 -0.73787999 0.23591015
v 0.00319173 -0.74701720 0.23785427
v 0.01510283 -0.74591404 0.23682825
v 0.02948510 -0.73492098 0.23293063
v 0.04392471 -0.72388417 0.22901747
v 0.05842175 -0.71280336 0.22508875
v 0.07297673 -0.70167828 0.22114432
v 0.08759001 -0.69050872 0.21718411
v 0.10226181 -0.67929429 0.21320802
v 0.11699262 -0.66803485 0.20921595
v 0.13178279 -0.65673006 0.20520778
v 0.14663260 -0.64537966 0.20118345
v 0.16154249 -0.63398331 0.19714285
v 0.17651272 -0.62254095 0.19308589
v 0.19154374 -0.61105198 0.18901247
v 0.20663591 -0.59951633 0.18492244
v 0.22178958 -0.58793372 0.18081579
v 0.23700514 -0.57630366 0.17669234
v 0.25228301 -0.56462610 0.17255202
v 0.26762345 -0.55290067 0.16839473
v 0.28302702 -0.54112709 0.16422033
v 0.29849395 -0.52930492 0.16002879
v 0.31402481 -0.51743400 0.15581989
v 0.32961980 -0.50551403 0.15159363
v 0.34527940 -0.49354464 0.14734983
v 0.36100405 -0.48152554 0.14308843
v 0.37679410 -0.46945646 0.13880931
v 0.39265007 -0.45733702 0.13451234
v 0.40857220 -0.44516701 0.13019739
v 0.42456102 -0.43294600 0.12586440
v 0.44061694 -0.42067370 0.12151322
v 0.45674035 -0.40834984 0.11714375
v 0.47293171 -0.39597407 0.11275587
v 0.48919138 -0.38354599 0.10834945
v 0.50551987 -0.37106535 0.10392440
v 0.52191758 -0.35853177 0.09948059
v 0.53838509 -0.34594500 0.09501790
v 0.55492264 -0.33330461 0.09053619
v 0.57155997 -0.32051584 0.08600762
v 0.58827269 -0.30765983 0.08145595
v 0.60505760 -0.29474834 0.07688464
v 0.62191504 -0.28178093 0.07229356
v 0.63884556 -0.26875734 0.06768258
v 0.65584964 -0.25567722 0.06305157
v 0.67292774 -0.24254015 0.05840040
v 0.69008034 -0.22934575 0.05372894
v 0.70730793 -0.21609369 0.04903706
v 0.72461098 -0.20278354 0.04432462
v 0.74199003 -0.18941495 0.03959148
v 0.75944561 -0.17598753 0.03483751
v 0.77697814 -0.16250087 0.03006258
v 0.79758358 -0.13995321 0.02260765
v 0.81846869 -0.11683872 0.01497977
v 0.83950073 -0.09356172 0.00729825
v 0.86068112 -0.07012045 -0.00043747
v -0.95562589 0.36343443 0.00362659
v -0.94610620 0.32858956 0.01258470
v -0.93666381 0.29402775 0.02147004
v -0.92729783 0.25974557 0.03028348
v -0.91800731 0.22573967 0.03902590
v -0.90750068 0.20532389 0.04397735
v -0.89622360 0.19330817 0.04658446
v -0.88548744 0.17619251 0.05061927
v -0.87479132 0.15914086 0.05463902
v -0.86413521 0.14215286 0.05864375
v -0.85351890 0.12522817 0.06263357
v -0.84294194 0.10836643 0.06660853
v -0.83240426 0.09156730 0.07056876
v -0.82190573 0.07483044 0.07451426
v -0.81133777 0.05912577 0.07817326
v -0.80063516 0.04498650 0.08139592
v -0.78996503 0.03089005 0.08460880
v -0.77932721 0.01683631 0.08781194
v -0.76872158 0.00282510 0.09100542
v -0.75814795 -0.01114384 0.09418923
v -0.74760616 -0.02507065 0.09736346
v -0.73709619 -0.03895554 0.10052813
v -0.72661781 -0.05279871 0.10368328
v -0.71617079 -0.06660030 0.10682899
v -0.70575511 -0.08036058 0.10996523
v -0.69537061 -0.09407966 0.11309211
v -0.68501717 -0.10775775 0.11620964
v -0.67469454 -0.12139505 0.11931788
v -0.66395044 -0.13162553 0.12146878
v -0.65321660 -0.14174698 0.12359041
v -0.64250463 -0.15184769 0.12570773
v -0.63181448 -0.16192791 0.12782073
v -0.62114608 -0.17198753 0.12992942
v -0.61049938 -0.18202676 0.13203384
v -0.59987432 -0.19204560 0.13413396
v -0.58927083 -0.20204407 0.13622986
v -0.57868880 -0.21202226 0.13832150
v -0.56812817 -0.22198027 0.14040889
v -0.55758893 -0.23191814 0.14249207
v -0.54707098 -0.24183595 0.14457102
v -0.53649932 -0.25124717 0.14650817
v -0.52564752 -0.25871465 0.14789672
v -0.51481038 -0.26617202 0.14928338
v -0.50398791 -0.27361938 0.15066817
v -0.49318004 -0.28105664 0.15205109
v -0.48238674 -0.28848386 0.15343216
v -0.47160795 -0.29590106 0.15481135
v -0.46084371 -0.30330834 0.15618868
v -0.45009395 -0.31070557 0.15756416
v -0.43935865 -0.31809291 0.15893780
v -0.42863774 -0.32547027 0.16030960
v -0.41793135 -0.33283779 0.16167951
v -0.40723920 -0.34019533 0.16304764
v -0.39656147 -0.34754306 0.16441390
v -0.38589802 -0.35488096 0.16577834
v -0.37524891 -0.36220899 0.16714093
v -0.36496443 -0.37146616 0.16905327
v -0.35481566 -0.38134372 0.17114349
v -0.34468782 -0.39120096 0.17322941
v -0.33458066 -0.40103808 0.17531107
v -0.32449427 -0.41085491 0.17738843
v -0.31442860 -0.42065164 0.17946155
v -0.30438352 -0.43042830 0.18153042
v -0.29435903 -0.44018495 0.18359505
v -0.28435495 -0.44992173 0.18565547
v -0.27437139 -0.45963857 0.18771169
v -0.26440811 -0.46933562 0.18976371
v -0.25446519 -0.47901285 0.19181153
v -0.24454245 -0.48867047 0.19385520
v -0.23463993 -0.49830839 0.19589470
v -0.22475749 -0.50792676 0.19793010
v -0.21489511 -0.51752561 0.19996132
v -0.20505275 -0.52710503 0.20198844
v -0.19523031 -0.53666502 0.20401147
v -0.18542774 -0.54620564 0.20603038
v -0.17564495 -0.55572706 0.20804523
v -0.16588192 -0.56522918 0.21005602
v -0.15613861 -0.57471216 0.21206273
v -0.14641492 -0.58417606 0.21406540
v -0.13671079 -0.59362090 0.21606405
v -0.12702619 -0.60304672 0.21805869
v -0.11736103 -0.61245364 0.22004932
v -0.10771528 -0.62184167 0.22203594
v -0.09808884 -0.63121086 0.22401857
v -0.08848169 -0.64056134 0.22599725
v -0.07889378 -0.64989305 0.22797197
v -0.06932502 -0.65920609 0.22994272
v -0.05977536 -0.66850060 0.23190956
v -0.05024476 -0.67777663 0.23387249
v -0.04073315 -0.68703401 0.23583147
v -0.03124047 -0.69627309 0.23778658
v -0.02176667 -0.70549375 0.23973778
v -0.01231170 -0.71469605 0.24168511
v -0.00265534 -0.72297597 0.24336797
v 0.00725784 -0.73012650 0.24472639
v 0.02064194 -0.72315383 0.24201205
v 0.03429273 -0.71523875 0.23902386
v 0.04845160 -0.70543689 0.23548886
v 0.06299064 -0.69429410 0.23156415
v 0.07758793 -0.68310666 0.22762370
v 0.09224372 -0.67187428 0.22366747
v 0.10695852 -0.66059685 0.21969530
v 0.12173249 -0.64927393 0.21570717
v 0.13656618 -0.63790530 0.21170288
v 0.15145981 -0.62649077 0.20768245
v 0.16641377 -0.61502999 0.20364572
v 0.18142849 -0.60352260 0.19959259
v 0.19650425 -0.59196842 0.19552298
v 0.21164156 -0.58036715 0.19143675
v 0.22684070 -0.56871843 0.18733384
v 0.24210201 -0.55702209 0.18321414
v 0.25742596 -0.54527771 0.17907755
v 0.27281287 -0.53348505 0.17492393
v 0.28826317 -0.52164382 0.17075323
v 0.30377725 -0.50975376 0.16656528
v 0.31935552 -0.49781454 0.16236004
v 0.33499828 -0.48582575 0.15813737
v 0.35070610 -0.47378722 0.15389714
v 0.36647925 -0.46169859 0.14963929
v 0.38231814 -0.44955951 0.14536366
v 0.39822331 -0.43736973 0.14107016
v 0.41419506 -0.42512891 0.13675869
v 0.43023384 -0.41283667 0.13242911
v 0.44634008 -0.40049276 0.12808134
v 0.46251419 -0.38809684 0.12371524
v 0.47875661 -0.37564853 0.11933068
v 0.49506778 -0.36314756 0.11492759
v 0.51144814 -0.35059354 0.11050582
v 0.52789813 -0.33798620 0.10606525
v 0.54441816 -0.32532513 0.10160576
v 0.56101853 -0.31257808 0.09711792
v 0.57771331 -0.29970130 0.09258888
v 0.59448022 -0.28676891 0.08804028
v 0.61131960 -0.27378055 0.08347202
v 0.62823200 -0.26073590 0.07888395
v 0.64521796 -0.24763460 0.07427595
v 0.66227782 -0.23447624 0.06964787
v 0.67941213 -0.22126043 0.06499960
v 0.69662136 -0.20798683 0.06033100
v 0.71390605 -0.19465508 0.05564195
v 0.73126668 -0.18126474 0.05093230
v 0.74870372 -0.16781548 0.04620190
v 0.76664770 -0.15300012 0.04106725
v 0.78736287 -0.12999977 0.03352647
v 0.80822331 -0.10683817 0.02593283
v 0.82923031 -0.08351365 0.01828576
v 0.85038573 -0.06002445 0.01058471
v 0.87169105 -0.03636884 0.00282910
v -0.95204180 0.39869025 0.00703162
v -0.94249839 0.36356077 0.01601185
v -0.93303293 0.32871780 0.02491882
v -0.92364424 0.29415786 0.03375344
v -0.91433156 0.25987756 0.04251659
v -0.90509403 0.22587350 0.05120912
v -0.89370877 0.21467756 0.05357115
v -0.88276440 0.19935635 0.05708131
v -0.87204593 0.18221740 0.06109927
v -0.86136770 0.16514261 0.06510220
v -0.85072923 0.14813161 0.06909017
v -0.84013051 0.13118406 0.07306327
v -0.82957119 0.11429957 0.07702157
v -0.81905109 0.09747780 0.08096518
v -0.80857003 0.08071840 0.08489417
v -0.79812771 0.06402106 0.08880860
v -0.78761005 0.04837795 0.09243187
v -0.77695584 0.03427128 0.09562917
v -0.76633394 0.02020736 0.09881678
v -0.75574410 0.00618597 0.10199476
v -0.74518627 -0.00779305 0.10516313
v -0.73466027 -0.02172994 0.10832194
v -0.72416592 -0.03562482 0.11147124
v -0.71370322 -0.04947797 0.11461109
v -0.70327187 -0.06328950 0.11774150
v -0.69287181 -0.07705964 0.12086252
v -0.68250293 -0.09078857 0.12397419
v -0.67216498 -0.10447645 0.12707658
v -0.66183144 -0.11792694 0.13011470
v -0.65108460 -0.12807666 0.13223052
v -0.64035964 -0.13820569 0.13434198
v -0.62965655 -0.14831401 0.13644917
v -0.61897528 -0.15840173 0.13855207
v -0.60831583 -0.16846895 0.14065066
v -0.59767795 -0.17851567 0.14274499
v -0.58706176 -0.18854196 0.14483507
v -0.57646710 -0.19854787 0.14692093
v -0.56589395 -0.20853356 0.14900254
v -0.55534214 -0.21849899 0.15107991
v -0.54481179 -0.22844423 0.15315311
v -0.53418887 -0.23763135 0.15501460
v -0.52332312 -0.24511875 0.15639937
v -0.51247203 -0.25259602 0.15778227
v -0.50163561 -0.26006320 0.15916330
v -0.49081385 -0.26752028 0.16054246
v -0.48000672 -0.27496728 0.16191974
v -0.46921414 -0.28240424 0.16329519
v -0.45843616 -0.28983116 0.16466877
v -0.44767269 -0.29724807 0.16604050
v -0.43692368 -0.30465496 0.16741039
v -0.42618918 -0.31205192 0.16877842
v -0.41546911 -0.31943890 0.17014462
v -0.40476343 -0.32681596 0.17150898
v -0.39407220 -0.33418313 0.17287150
v -0.38339528 -0.34154040 0.17423220
v -0.37273270 -0.34888780 0.17559107
v -0.36209637 -0.35629186 0.17696695
v -0.35193354 -0.36620170 0.17905253
v -0.34179163 -0.37609112 0.18113382
v -0.33167049 -0.38596031 0.18321082
v -0.32157025 -0.39580902 0.18528356
v -0.31149074 -0.40563759 0.18735203
v -0.30143186 -0.41544607 0.18941627
v -0.29139364 -0.42523432 0.19147627
v -0.28137597 -0.43500257 0.19353206
v -0.27137876 -0.44475091 0.19558364
v -0.26140198 -0.45447931 0.19763102
v -0.25144553 -0.46418783 0.19967425
v -0.24150945 -0.47387654 0.20171329
v -0.23159353 -0.48354557 0.20374820
v -0.22169782 -0.49319491 0.20577896
v -0.21182224 -0.50282460 0.20780557
v -0.20196669 -0.51243478 0.20982809
v -0.19213113 -0.52202547 0.21184650
v -0.18231553 -0.53159666 0.21386081
v -0.17251974 -0.54114854 0.21587105
v -0.16274382 -0.55068117 0.21787725
v -0.15298763 -0.56019443 0.21987937
v -0.14325109 -0.56968850 0.22187746
v -0.13353421 -0.57916343 0.22387150
v -0.12383690 -0.58861935 0.22586155
v -0.11415913 -0.59805614 0.22784758
v -0.10450078 -0.60747409 0.22982964
v -0.09486183 -0.61687297 0.23180768
v -0.08524220 -0.62625313 0.23378178
v -0.07564188 -0.63561440 0.23575191
v -0.06606076 -0.64495707 0.23771814
v -0.05649880 -0.65428090 0.23968038
v -0.04695596 -0.66358614 0.24163873
v -0.03743216 -0.67287284 0.24359316
v -0.02792734 -0.68214101 0.24554369
v -0.01834435 -0.69098610 0.24737450
v -0.00838515 -0.69818425 0.24873495
v 0.00156017 -0.70537239 0.25009349
v 0.01294157 -0.70663673 0.24975526
v 0.02648222 -0.69917190 0.24691404
v 0.04012846 -0.69141954 0.24398832
v 0.05387429 -0.68340957 0.24098659
v 0.06766237 -0.67537504 0.23797564
v 0.08222017 -0.66445029 0.23413266
v 0.09691875 -0.65315473 0.23018047
v 0.11167667 -0.64181376 0.22621232
v 0.12649412 -0.63042694 0.22222817
v 0.14137156 -0.61899400 0.21822788
v 0.15630923 -0.60751486 0.21421140
v 0.17130761 -0.59598899 0.21017860
v 0.18636703 -0.58441627 0.20612939
v 0.20148788 -0.57279634 0.20206366
v 0.21667047 -0.56112891 0.19798133
v 0.23191528 -0.54941368 0.19388227
v 0.24722262 -0.53765041 0.18976639
v 0.26259294 -0.52583879 0.18563357
v 0.27802652 -0.51397848 0.18148375
v 0.29352388 -0.50206923 0.17731678
v 0.30908534 -0.49011064 0.17313257
v 0.32471135 -0.47810254 0.16893101
v 0.34040219 -0.46604449 0.16471203
v 0.35615847 -0.45393628 0.16047545
v 0.37198037 -0.44177756 0.15622120
v 0.38786849 -0.42956802 0.15194918
v 0.40382314 -0.41730732 0.14765924
v 0.41984478 -0.40499511 0.14335132
v 0.43593380 -0.39263114 0.13902526
v 0.45209065 -0.38021505 0.13468094
v 0.46831575 -0.36774647 0.13031831
v 0.48460957 -0.35522518 0.12593718
v 0.50097251 -0.34265071 0.12153746
v 0.51740503 -0.33002278 0.11711906
v 0.53390753 -0.31734103 0.11268181
v 0.55048048 -0.30460516 0.10822563
v 0.56714803 -0.29173821 0.10372814
v 0.58389688 -0.27878493 0.09920230
v 0.60071820 -0.26577559 0.09465687
v 0.61761248 -0.25270990 0.09009175
v 0.63458019 -0.23958732 0.08550676
v 0.65162182 -0.22640765 0.08090183
v 0.66873777 -0.21317044 0.07627677
v 0.68592864 -0.19987530 0.07163150
v 0.70319492 -0.18652189 0.06696586
v 0.72053695 -0.17310980 0.06227970
v 0.73795551 -0.15963864 0.05757292
v 0.75644100 -0.14308301 0.05196349
v 0.77713144 -0.12003586 0.04445679
v 0.79796702 -0.09682706 0.03689747
v 0.81894910 -0.07345492 0.02928493
v 0.84007943 -0.04991770 0.02161863
v 0.86135960 -0.02621362 0.01389798
v 0.88279116 -0.00234092 0.00612241
v -0.95807493 0.46994352 0.00138724
v -0.94842851 0.43423221 0.01046428
v -0.93886149 0.39881465 0.01946669
v -0.92937279 0.36368707 0.02839537
v -0.91996139 0.32884604 0.03725122
v -0.91062653 0.29428798 0.04603514
v -0.90136719 0.26000953 0.05474800
v -0.89141196 0.23381752 0.06123392
v -0.88002741 0.22263993 0.06357673
v -0.86928642 0.20541301 0.06759284
v -0.85858589 0.18825074 0.07159390
v -0.84792525 0.17115276 0.07557996
v -0.83730459 0.15411869 0.07955111
v -0.82672346 0.13714819 0.08350745
v -0.81618184 0.12024090 0.08744905
v -0.80567938 0.10339648 0.09137601
v -0.79521585 0.08661453 0.09528838
v -0.78479117 0.06989478 0.09918625
v -0.77440494 0.05323682 0.10306975
v -0.76393729 0.03765497 0.10665751
v -0.75333118 0.02358084 0.10982956
v -0.74275720 0.00954930 0.11299203
v -0.73221517 -0.00443985 0.11614493
v -0.72170502 -0.01838679 0.11928830
v -0.71122640 -0.03229172 0.12242223
v -0.70077944 -0.04615483 0.12554671
v -0.69036376 -0.05997631 0.12866184
v -0.67997932 -0.07375632 0.13176760
v -0.66962600 -0.08749509 0.13486406
v -0.65930361 -0.10119277 0.13795128
v -0.64894652 -0.11436761 0.14089511
v -0.63820857 -0.12452497 0.14300072
v -0.62749249 -0.13466160 0.14510204
v -0.61679840 -0.14477751 0.14719908
v -0.60612607 -0.15487282 0.14929183
v -0.59547544 -0.16494758 0.15138030
v -0.58484650 -0.17500176 0.15346457
v -0.57423919 -0.18503560 0.15554455
v -0.56365341 -0.19504899 0.15762036
v -0.55308908 -0.20504209 0.15969191
v -0.54254621 -0.21501496 0.16175929
v -0.53187180 -0.22397639 0.16354549
v -0.52099198 -0.23148382 0.16492645
v -0.51012695 -0.23898108 0.16630554
v -0.49927658 -0.24646820 0.16768278
v -0.48844087 -0.25394511 0.16905816
v -0.47761989 -0.26141196 0.17043166
v -0.46681345 -0.26886871 0.17180331
v -0.45602167 -0.27631539 0.17317311
v -0.44524443 -0.28375199 0.17454109
v -0.43448174 -0.29117861 0.17590718
v -0.42373359 -0.29859522 0.17727144
v -0.41299993 -0.30600184 0.17863385
v -0.40228066 -0.31339845 0.17999446
v -0.39157578 -0.32078508 0.18135323
v -0.38088536 -0.32816184 0.18271016
v -0.37020931 -0.33552870 0.18406525
v -0.35954753 -0.34288561 0.18541856
v -0.34904173 -0.35100874 0.18698819
v -0.33888569 -0.36093044 0.18906480
v -0.32875061 -0.37083176 0.19113711
v -0.31863645 -0.38071257 0.19320516
v -0.30854300 -0.39057320 0.19526897
v -0.29847029 -0.40041357 0.19732854
v -0.28841835 -0.41023368 0.19938384
v -0.27838698 -0.42003363 0.20143497
v -0.26837617 -0.42981347 0.20348188
v -0.25838578 -0.43957347 0.20552462
v -0.24841589 -0.44931337 0.20756316
v -0.23846628 -0.45903343 0.20959754
v -0.22853704 -0.46873364 0.21162778
v -0.21862800 -0.47841412 0.21365389
v -0.20873915 -0.48807484 0.21567586
v -0.19887042 -0.49771589 0.21769372
v -0.18902171 -0.50733745 0.21970747
v -0.17919299 -0.51693940 0.22171715
v -0.16938420 -0.52652198 0.22372277
v -0.15959531 -0.53608501 0.22572428
v -0.14982621 -0.54562879 0.22772178
v -0.14007686 -0.55515319 0.22971523
v -0.13034719 -0.56465846 0.23170465
v -0.12063716 -0.57414448 0.23369007
v -0.11094670 -0.58361143 0.23567149
v -0.10127574 -0.59305930 0.23764889
v -0.09162422 -0.60248816 0.23962234
v -0.08199211 -0.61189812 0.24159181
v -0.07237934 -0.62128919 0.24355735
v -0.06278583 -0.63066131 0.24551892
v -0.05321155 -0.64001477 0.24747658
v -0.04365643 -0.64934951 0.24943031
v -0.03412041 -0.65866554 0.25138015
v -0.02413926 -0.66601515 0.25277200
v -0.01414763 -0.67325127 0.25413254
v -0.00416995 -0.68047720 0.25549120
v 0.00579380 -0.68769312 0.25684795
v 0.01876759 -0.68256474 0.25468913
v 0.03235863 -0.67504162 0.25184634
v 0.04599994 -0.66745430 0.24898319
v 0.05979699 -0.65938294 0.24597996
v 0.07363658 -0.65128666 0.24296746
v 0.08751890 -0.64316541 0.23994564
v 0.10161526 -0.63434935 0.23672332
v 0.11641653 -0.62294441 0.23275927
v 0.13127764 -0.61149311 0.22877921
v 0.14619908 -0.59999555 0.22478297
v 0.16118108 -0.58845121 0.22077054
v 0.17622408 -0.57685989 0.21674177
v 0.19132848 -0.56522125 0.21269652
v 0.20649458 -0.55353510 0.20863476
v 0.22172281 -0.54180104 0.20455638
v 0.23701359 -0.53001881 0.20046124
v 0.25236720 -0.51818812 0.19634926
v 0.26778418 -0.50630873 0.19222033
v 0.28326470 -0.49438021 0.18807438
v 0.29880935 -0.48240238 0.18391125
v 0.31441849 -0.47037485 0.17973083
v 0.33009249 -0.45829734 0.17553306
v 0.34583172 -0.44616953 0.17131783
v 0.36163667 -0.43399113 0.16708498
v 0.37750772 -0.42176181 0.16283442
v 0.39344522 -0.40948117 0.15856609
v 0.40944970 -0.39714906 0.15427981
v 0.42552146 -0.38476494 0.14997549
v 0.44166109 -0.37232873 0.14565302
v 0.45786887 -0.35983986 0.14131226
v 0.47414526 -0.34729815 0.13695315
v 0.49049076 -0.33470318 0.13257556
v 0.50690579 -0.32205465 0.12817933
v 0.52339077 -0.30935225 0.12376434
v 0.53994620 -0.29659563 0.11933051
v 0.55657661 -0.28377059 0.11487376
v 0.57330745 -0.27079642 0.11037070
v 0.59011066 -0.25776610 0.10584816
v 0.60698676 -0.24467920 0.10130597
v 0.62393624 -0.23153546 0.09674405
v 0.64095962 -0.21833441 0.09216227
v 0.65805727 -0.20507576 0.08756045
v 0.67522979 -0.19175908 0.08293853
v 0.69247758 -0.17838399 0.07829632
v 0.70980114 -0.16495012 0.07363372
v 0.72720110 -0.15145707 0.06895058
v 0.74622357 -0.13315542 0.06287115
v 0.76688915 -0.11006143 0.05539865
v 0.78769982 -0.08680532 0.04787371
v 0.80865693 -0.06338549 0.04029578
v 0.82976216 -0.03980015 0.03266430
v 0.85101712 -0.01604753 0.02497870
v 0.87242329 0.00787415 0.01723839
v 0.89398247 0.03196671 0.00944279
v 0.91569608 0.05623196 0.00159131
v -0.95445657 0.50607032 0.00482515
v -0.94478583 0.47006381 0.01392492
v -0.93519503 0.43435457 0.02294957
v -0.92568302 0.39893898 0.03190001
v -0.91624898 0.36381340 0.04077715
v -0.90689176 0.32897425 0.04958190
v -0.89761060 0.29441807 0.05831512
v -0.88840449 0.26014146 0.06697772
v -0.87755823 0.24323301 0.07087763
v -0.86651272 0.22872858 0.07412000
v -0.85578960 0.21147813 0.07811911
v -0.84510690 0.19429252 0.08210317
v -0.83446413 0.17717126 0.08607231
v -0.82386118 0.16011411 0.09002661
v -0.81329793 0.14312060 0.09396615
v -0.80277401 0.12619048 0.09789097
v -0.79228920 0.10932333 0.10180122
v -0.78184330 0.09251878 0.10569695
v -0.77143621 0.07577658 0.10957822
v -0.76106751 0.05909627 0.11344516
v -0.75073719 0.04247758 0.11729780
v -0.74031907 0.02695675 0.12085032
v -0.72976100 0.01291504 0.12399724
v -0.71923482 -0.00108423 0.12713462
v -0.70874041 -0.01504124 0.13026258
v -0.69827765 -0.02895623 0.13338107
v -0.68784636 -0.04282931 0.13649021
v -0.67744642 -0.05666074 0.13958998
v -0.66707760 -0.07045066 0.14268048
v -0.65673995 -0.08419929 0.14576171
v -0.64643317 -0.09790678 0.14883371
v -0.63605136 -0.11080548 0.15168400
v -0.62532240 -0.12097047 0.15377943
v -0.61461532 -0.13111472 0.15587056
v -0.60393006 -0.14123824 0.15795742
v -0.59326673 -0.15134110 0.16004004
v -0.58262503 -0.16142341 0.16211839
v -0.57200497 -0.17148520 0.16419250
v -0.56140661 -0.18152650 0.16626240
v -0.55082971 -0.19154741 0.16832812
v -0.54027426 -0.20154794 0.17038967
v -0.52954805 -0.21028219 0.17210087
v -0.51865417 -0.21780969 0.17347804
v -0.50777507 -0.22532699 0.17485332
v -0.49691075 -0.23283410 0.17622672
v -0.48606113 -0.24033104 0.17759827
v -0.47522622 -0.24781781 0.17896798
v -0.46440595 -0.25529444 0.18033582
v -0.45360032 -0.26276100 0.18170179
v -0.44280928 -0.27021739 0.18306597
v -0.43203285 -0.27766374 0.18442826
v -0.42127097 -0.28510007 0.18578872
v -0.41052359 -0.29252633 0.18714735
v -0.39979070 -0.29994258 0.18850414
v -0.38907230 -0.30734888 0.18985912
v -0.37836832 -0.31474519 0.19121224
v -0.36767873 -0.32213151 0.19256356
v -0.35700351 -0.32950795 0.19391309
v -0.34634262 -0.33687446 0.19526078
v -0.33597001 -0.34571871 0.19702248
v -0.32582086 -0.35565239 0.19909008
v -0.31569272 -0.36556548 0.20115340
v -0.30558535 -0.37545827 0.20321248
v -0.29549885 -0.38533065 0.20526733
v -0.28543308 -0.39518273 0.20731793
v -0.27538794 -0.40501454 0.20936434
v -0.26536348 -0.41482624 0.21140653
v -0.25535950 -0.42461777 0.21344455
v -0.24537607 -0.43438929 0.21547841
v -0.23541303 -0.44414076 0.21750808
v -0.22547035 -0.45387238 0.21953361
v -0.21554793 -0.46358413 0.22155502
v -0.20564580 -0.47327608 0.22357231
v -0.19576384 -0.48294818 0.22558546
v -0.18590197 -0.49260068 0.22759452
v -0.17606014 -0.50223356 0.22959952
v -0.16623829 -0.51184690 0.23160045
v -0.15643640 -0.52144068 0.23359729
v -0.14665437 -0.53101504 0.23559010
v -0.13689214 -0.54057002 0.23757887
v -0.12714966 -0.55010569 0.23956364
v -0.11742686 -0.55962199 0.24154437
v -0.10772369 -0.56911922 0.24352111
v -0.09804009 -0.57859719 0.24549386
v -0.08837600 -0.58805615 0.24746265
v -0.07873134 -0.59749603 0.24942747
v -0.06910612 -0.60691684 0.25138831
v -0.05950019 -0.61631882 0.25334525
v -0.04991354 -0.62570196 0.25529826
v -0.04000567 -0.63361681 0.25683782
v -0.02996732 -0.64090133 0.25820035
v -0.01994305 -0.64817566 0.25956097
v -0.00993281 -0.65543991 0.26091972
v 0.00006341 -0.66269392 0.26227653
v 0.01102779 -0.66590339 0.26248959
v 0.02462970 -0.65834361 0.25965357
v 0.03827149 -0.65076172 0.25680923
v 0.05195334 -0.64315748 0.25395656
v 0.06575616 -0.63520837 0.25100404
v 0.07964763 -0.62704974 0.24799003
v 0.09358213 -0.61886591 0.24496669
v 0.10755986 -0.61065656 0.24193393
v 0.12158103 -0.60242182 0.23889177
v 0.13608326 -0.59247202 0.23536046
v 0.15104885 -0.58090919 0.23136838
v 0.16607548 -0.56929934 0.22736004
v 0.18116342 -0.55764198 0.22333536
v 0.19631296 -0.54593706 0.21929421
v 0.21152464 -0.53418416 0.21523650
v 0.22679882 -0.52238297 0.21116212
v 0.24213575 -0.51053327 0.20707101
v 0.25753590 -0.49863467 0.20296304
v 0.27299976 -0.48668694 0.19883804
v 0.28852758 -0.47468972 0.19469601
v 0.30411983 -0.46264282 0.19053678
v 0.31977683 -0.45054576 0.18636031
v 0.33549911 -0.43839833 0.18216640
v 0.35128704 -0.42620021 0.17795494
v 0.36714101 -0.41395110 0.17372593
v 0.38306135 -0.40165055 0.16947919
v 0.39904863 -0.38929844 0.16521460
v 0.41510320 -0.37689430 0.16093205
v 0.43122545 -0.36443776 0.15663143
v 0.44741592 -0.35192865 0.15231267
v 0.46367493 -0.33936653 0.14797556
v 0.48000297 -0.32675108 0.14362004
v 0.49640048 -0.31408197 0.13924603
v 0.51286787 -0.30135882 0.13485338
v 0.52940559 -0.28858134 0.13044192
v 0.54601419 -0.27574915 0.12601161
v 0.56271189 -0.26280335 0.12154549
v 0.57949704 -0.24975197 0.11704583
v 0.59635496 -0.23664397 0.11252665
v 0.61328626 -0.22347894 0.10798781
v 0.63029122 -0.21025655 0.10342920
v 0.64737058 -0.19697641 0.09885067
v 0.66452461 -0.18363814 0.09425212
v 0.68175399 -0.17024137 0.08963337
v 0.69905901 -0.15678568 0.08499432
v 0.71644038 -0.14327072 0.08033483
v 0.73599547 -0.12321741 0.07379029
v 0.75663614 -0.10007645 0.06635205
v 0.77742177 -0.07677301 0.05886158
v 0.79835385 -0.05330539 0.05131834
v 0.81943393 -0.02967182 0.04372175
v 0.84066367 -0.00587054 0.03607127
v 0.86204439 0.01810020 0.02836630
v 0.88357812 0.04224228 0.02060627
v 0.90526617 0.06655750 0.01279058
v 0.92711043 0.09104776 0.00491863
v -0.95080841 0.54249400 0.00829130
v -0.94111341 0.50618857 0.01741387
v -0.93149871 0.47018415 0.02646082
v -0.92196333 0.43447688 0.03543308
v -0.91250646 0.39906326 0.04433157
v -0.90312690 0.36393961 0.05315720
v -0.89382392 0.32910246 0.06191085
v -0.88459653 0.29454815 0.07059341
v -0.87522101 0.26249227 0.07860021
v -0.86372447 0.25216502 0.08068098
v -0.85297900 0.23482569 0.08467808
v -0.84227389 0.21755177 0.08866008
v -0.83160907 0.20034268 0.09262715
v -0.82098430 0.18319820 0.09657932
v -0.81039917 0.16611783 0.10051668
v -0.79985368 0.14910135 0.10443935
v -0.78934753 0.13214831 0.10834739
v -0.77888042 0.11525840 0.11224087
v -0.76845229 0.09843124 0.11611990
v -0.75806278 0.08166649 0.11998452
v -0.74771178 0.06496380 0.12383485
v -0.73739898 0.04832284 0.12767094
v -0.72712427 0.03174327 0.13149287
v -0.71675539 0.01628323 0.13501038
v -0.70624512 0.00227380 0.13813226
v -0.69576651 -0.01169331 0.14124472
v -0.68531954 -0.02561832 0.14434782
v -0.67490399 -0.03950141 0.14744154
v -0.66451979 -0.05334280 0.15052597
v -0.65416664 -0.06714262 0.15360118
v -0.64384466 -0.08090112 0.15666711
v -0.63355345 -0.09461842 0.15972392
v -0.62314606 -0.10724053 0.16248144
v -0.61242604 -0.11741317 0.16456664
v -0.60172790 -0.12756501 0.16664758
v -0.59105170 -0.13769619 0.16872424
v -0.58039725 -0.14780661 0.17079669
v -0.56976449 -0.15789646 0.17286490
v -0.55915338 -0.16796577 0.17492890
v -0.54856390 -0.17801462 0.17698869
v -0.53799587 -0.18804298 0.17904432
v -0.52721763 -0.19654851 0.18068095
v -0.51630962 -0.20409615 0.18205425
v -0.50541645 -0.21163358 0.18342569
v -0.49453810 -0.21916081 0.18479525
v -0.48367450 -0.22667781 0.18616296
v -0.47282565 -0.23418456 0.18752883
v -0.46199149 -0.24168119 0.18889283
v -0.45117202 -0.24916764 0.19025499
v -0.44036716 -0.25664395 0.19161528
v -0.42957699 -0.26411021 0.19297373
v -0.41880131 -0.27156624 0.19433039
v -0.40804026 -0.27901232 0.19568518
v -0.39729372 -0.28644830 0.19703817
v -0.38656163 -0.29387423 0.19838931
v -0.37584406 -0.30129021 0.19973862
v -0.36514094 -0.30869618 0.20108612
v -0.35445222 -0.31609213 0.20243184
v -0.34377787 -0.32347816 0.20377570
v -0.33311787 -0.33085427 0.20511778
v -0.32288128 -0.34042180 0.20706986
v -0.31273904 -0.35036737 0.20912841
v -0.30261776 -0.36029249 0.21118273
v -0.29251736 -0.37019706 0.21323282
v -0.28243777 -0.38008124 0.21527864
v -0.27237889 -0.38994512 0.21732031
v -0.26234072 -0.39978868 0.21935774
v -0.25232315 -0.40961203 0.22139101
v -0.24232610 -0.41941530 0.22342010
v -0.23234956 -0.42919841 0.22544505
v -0.22239344 -0.43896154 0.22746582
v -0.21245764 -0.44870469 0.22948249
v -0.20254216 -0.45842800 0.23149504
v -0.19264692 -0.46813133 0.23350346
v -0.18277186 -0.47781494 0.23550779
v -0.17291687 -0.48747888 0.23750806
v -0.16308196 -0.49712315 0.23950423
v -0.15326704 -0.50674778 0.24149637
v -0.14347206 -0.51635283 0.24348447
v -0.13369688 -0.52593851 0.24546851
v -0.12394156 -0.53550476 0.24744856
v -0.11420597 -0.54505157 0.24942458
v -0.10449007 -0.55457914 0.25139663
v -0.09479379 -0.56408745 0.25336465
v -0.08511709 -0.57357651 0.25532874
v -0.07545988 -0.58304650 0.25728884
v -0.06582212 -0.59249747 0.25924504
v -0.05598556 -0.60098660 0.26093271
v -0.04590010 -0.60832018 0.26229724
v -0.03582882 -0.61564344 0.26365986
v -0.02577169 -0.62295640 0.26502055
v -0.01572869 -0.63025916 0.26637933
v -0.00569978 -0.63755161 0.26773623
v 0.00431506 -0.64483380 0.26909119
v 0.01687548 -0.64159095 0.26748633
v 0.03052824 -0.63397199 0.26464885
v 0.04422115 -0.62633061 0.26180303
v 0.05795439 -0.61866677 0.25894880
v 0.07175212 -0.61088449 0.25605917
v 0.08569585 -0.60266292 0.25304368
v 0.09968292 -0.59441578 0.25001881
v 0.11371350 -0.58614302 0.24698453
v 0.12778781 -0.57784438 0.24394077
v 0.14190607 -0.56951994 0.24088755
v 0.15606847 -0.56116945 0.23782475
v 0.17099261 -0.55005848 0.23398016
v 0.18612562 -0.53833473 0.22995964
v 0.20132077 -0.52656293 0.22592261
v 0.21657823 -0.51474279 0.22186907
v 0.23189850 -0.50287396 0.21779881
v 0.24728195 -0.49095625 0.21371175
v 0.26272896 -0.47898927 0.20960784
v 0.27823994 -0.46697274 0.20548692
v 0.29381523 -0.45490634 0.20134893
v 0.30945531 -0.44278970 0.19719371
v 0.32516065 -0.43062273 0.19302113
v 0.34093145 -0.41840485 0.18883120
v 0.35676825 -0.40613589 0.18462370
v 0.37267148 -0.39381546 0.18039857
v 0.38864157 -0.38144326 0.17615569
v 0.40467885 -0.36901900 0.17189494
v 0.42078382 -0.35654232 0.16761620
v 0.43695685 -0.34401283 0.16331939
v 0.45319843 -0.33143029 0.15900438
v 0.46950904 -0.31879431 0.15467100
v 0.48588896 -0.30610457 0.15031923
v 0.50233883 -0.29336071 0.14594887
v 0.51885891 -0.28056237 0.14155985
v 0.53544974 -0.26770926 0.13715203
v 0.55211180 -0.25480092 0.13272530
v 0.56887734 -0.24173327 0.12824993
v 0.58571708 -0.22860408 0.12375375
v 0.60263008 -0.21541780 0.11923803
v 0.61961681 -0.20217402 0.11470263
v 0.63667768 -0.18887238 0.11014741
v 0.65381330 -0.17551249 0.10557224
v 0.67102420 -0.16209401 0.10097700
v 0.68831068 -0.14861651 0.09636155
v 0.70567340 -0.13507959 0.09172576
v 0.72575659 -0.11326890 0.08472091
v 0.74637228 -0.09008095 0.07731701
v 0.76713282 -0.06673004 0.06986108
v 0.78803980 -0.04321456 0.06235261
v 0.80909461 -0.01953270 0.05479100
v 0.83029896 0.00431730 0.04717572
v 0.85165435 0.02833723 0.03950617
v 0.87316245 0.05252893 0.03178178
v 0.89482486 0.07689421 0.02400196
v 0.91664338 0.10143499 0.01616611
v -0.95693177 0.61613482 0.00256351
v -0.94713026 0.57921815 0.01178605
v -0.93741071 0.54261017 0.02093149
v -0.92777210 0.50630677 0.03000081
v -0.91821337 0.47030443 0.03899495
v -0.90873355 0.43459922 0.04791483
v -0.89933169 0.39918759 0.05676139
v -0.89000678 0.36406589 0.06553552
v -0.88075793 0.32923061 0.07423808
v -0.87158418 0.29467821 0.08286998
v -0.86130470 0.27197030 0.08829434
v -0.85015380 0.25829446 0.09127107
v -0.83942634 0.24093147 0.09525093
v -0.82873923 0.22363387 0.09921584
v -0.81809235 0.20640132 0.10316581
v -0.80748552 0.18923348 0.10710098
v -0.79691833 0.17212994 0.11102140
v -0.78639072 0.15509038 0.11492713
v -0.77590239 0.13811441 0.11881831
v -0.76545310 0.12120166 0.12269499
v -0.75504273 0.10435182 0.12655726
v -0.74467099 0.08756450 0.13040519
v -0.73433763 0.07083941 0.13423885
v -0.72404248 0.05417614 0.13805835
v -0.71378535 0.03757439 0.14186373
v -0.70356601 0.02103381 0.14565511
v -0.69324595 0.00563426 0.14913782
v -0.68278331 -0.00834294 0.15223479
v -0.67235208 -0.02227803 0.15532239
v -0.66195238 -0.03617113 0.15840073
v -0.65158385 -0.05002248 0.16146980
v -0.64124650 -0.06383224 0.16452965
v -0.63094008 -0.07760059 0.16758035
v -0.62066460 -0.09132775 0.17062187
v -0.61023057 -0.10367271 0.17328744
v -0.59951955 -0.11385307 0.17536236
v -0.58883041 -0.12401255 0.17743307
v -0.57816315 -0.13415131 0.17949955
v -0.56751764 -0.14426935 0.18156180
v -0.55689389 -0.15436681 0.18361984
v -0.54629171 -0.16444363 0.18567370
v -0.53571111 -0.17449999 0.18772338
v -0.52488047 -0.18277510 0.18928581
v -0.51395833 -0.19034308 0.19065522
v -0.50305104 -0.19790073 0.19202279
v -0.49215868 -0.20544818 0.19338845
v -0.48128104 -0.21298523 0.19475232
v -0.47041818 -0.22051217 0.19611427
v -0.45957008 -0.22802880 0.19747441
v -0.44873673 -0.23553526 0.19883269
v -0.43791801 -0.24303155 0.20018916
v -0.42711395 -0.25051767 0.20154378
v -0.41632462 -0.25799373 0.20289654
v -0.40554976 -0.26545960 0.20424747
v -0.39478952 -0.27291533 0.20559663
v -0.38404381 -0.28036109 0.20694390
v -0.37331262 -0.28779677 0.20828938
v -0.36259589 -0.29522240 0.20963304
v -0.35189360 -0.30263799 0.21097493
v -0.34120578 -0.31004363 0.21231496
v -0.33053234 -0.31743932 0.21365316
v -0.31993172 -0.32513985 0.21507660
v -0.30977547 -0.33511800 0.21713033
v -0.29964024 -0.34507555 0.21917982
v -0.28952593 -0.35501245 0.22122508
v -0.27943242 -0.36492896 0.22326614
v -0.26935977 -0.37482503 0.22530298
v -0.25930783 -0.38470069 0.22733563
v -0.24927658 -0.39455608 0.22936410
v -0.23926593 -0.40439114 0.23138839
v -0.22927584 -0.41420609 0.23340854
v -0.21930622 -0.42400086 0.23542455
v -0.20935702 -0.43377560 0.23743641
v -0.19942819 -0.44353035 0.23944418
v -0.18951963 -0.45326516 0.24144784
v -0.17963132 -0.46298009 0.24344741
v -0.16976318 -0.47267517 0.24544290
v -0.15991513 -0.48235056 0.24743432
v -0.15008715 -0.49200621 0.24942167
v -0.14027914 -0.50164223 0.25140497
v -0.13049106 -0.51125866 0.25338429
v -0.12072285 -0.52085555 0.25535956
v -0.11097446 -0.53043300 0.25733083
v -0.10124577 -0.53999108 0.25929812
v -0.09153680 -0.54952985 0.26126140
v -0.08184744 -0.55904931 0.26322076
v -0.07208018 -0.56812221 0.26505703
v -0.06194717 -0.57550532 0.26642352
v -0.05182848 -0.58287793 0.26778811
v -0.04172403 -0.59024018 0.26915076
v -0.03163385 -0.59759212 0.27051151
v -0.02155787 -0.60493368 0.27187034
v -0.01149607 -0.61226493 0.27322724
v -0.00144842 -0.61958587 0.27458224
v 0.00909583 -0.62478340 0.27534479
v 0.02275956 -0.61712718 0.27251416
v 0.03646354 -0.60944849 0.26967528
v 0.05020794 -0.60174710 0.26682797
v 0.06399295 -0.59402299 0.26397228
v 0.07781877 -0.58627594 0.26110810
v 0.09178161 -0.57812470 0.25812867
v 0.10582160 -0.56981379 0.25510234
v 0.11990542 -0.56147683 0.25206652
v 0.13403329 -0.55311388 0.24902126
v 0.14820538 -0.54472470 0.24596645
v 0.16242197 -0.53630912 0.24290203
v 0.17668317 -0.52786720 0.23982801
v 0.19111106 -0.51893735 0.23661478
v 0.20635191 -0.50709826 0.23258203
v 0.22165546 -0.49521041 0.22853264
v 0.23702210 -0.48327348 0.22446661
v 0.25245231 -0.47128725 0.22038375
v 0.26794639 -0.45925131 0.21628398
v 0.28350478 -0.44716546 0.21216719
v 0.29912791 -0.43502933 0.20803329
v 0.31481621 -0.42284265 0.20388213
v 0.33056992 -0.41060504 0.19971368
v 0.34638965 -0.39831617 0.19552773
v 0.36227569 -0.38597587 0.19132423
v 0.37822849 -0.37358361 0.18710309
v 0.39424846 -0.36113915 0.18286419
v 0.41033611 -0.34864226 0.17860734
v 0.42649177 -0.33609244 0.17433253
v 0.44271591 -0.32348943 0.17003958
v 0.45900893 -0.31083292 0.16572841
v 0.47537136 -0.29812247 0.16139890
v 0.49180356 -0.28535789 0.15705088
v 0.50830603 -0.27253872 0.15268432
v 0.52487916 -0.25966457 0.14829904
v 0.54152346 -0.24673524 0.14389490
v 0.55825156 -0.23370995 0.13946044
v 0.57507306 -0.22055955 0.13498732
v 0.59196776 -0.20735201 0.13049474
v 0.60893619 -0.19408680 0.12598255
v 0.62597871 -0.18076366 0.12145067
v 0.64309585 -0.16738217 0.11689892
v 0.66028810 -0.15394191 0.11232721
v 0.67755604 -0.14044255 0.10773539
v 0.69505936 -0.12638347 0.10298127
v 0.71550679 -0.10331000 0.09566304
v 0.73609757 -0.08007488 0.08829354
v 0.75683308 -0.05667647 0.08087225
v 0.77771479 -0.03311300 0.07339860
v 0.79874432 -0.00938274 0.06587206
v 0.81992322 0.01451607 0.05829205
v 0.84125310 0.03858527 0.05065801
v 0.86273563 0.06282667 0.04296935
v 0.88437235 0.08724213 0.03522548
v 0.90884882 0.11982041 0.02514957
v -0.94342154 0.61624658 0.01530974
v -0.93367755 0.57933217 0.02447813
v -0.92401499 0.54272628 0.03356988
v -0.91443276 0.50642502 0.04258595
v -0.90492994 0.47042471 0.05152729
v -0.89550561 0.43472150 0.06039482
v -0.88615882 0.39931190 0.06918947
v -0.87688851 0.36419216 0.07791209
v -0.86769378 0.32935873 0.08656358
v -0.85857368 0.29480824 0.09514484
v -0.84735686 0.28146976 0.09801042
v -0.83656389 0.26443255 0.10187604
v -0.82585454 0.24704576 0.10583869
v -0.81518561 0.22972451 0.10978640
v -0.80455685 0.21246849 0.11371926
v -0.79396796 0.19527724 0.11763732
v -0.78341877 0.17815046 0.12154073
v -0.77290905 0.16108777 0.12542951
v -0.76243865 0.14408880 0.12930378
v -0.75200719 0.12715320 0.13316360
v -0.74161464 0.11028063 0.13700905
v -0.73126066 0.09347071 0.14084023
v -0.72094500 0.07672311 0.14465721
v -0.71066755 0.06003752 0.14846003
v -0.70042813 0.04341353 0.15224884
v -0.69022638 0.02685084 0.15602367
v -0.68006217 0.01034910 0.15978460
v -0.66979069 -0.00499017 0.16323279
v -0.65937537 -0.01893533 0.16630490
v -0.64899141 -0.03283846 0.16936779
v -0.63863873 -0.04669977 0.17242146
v -0.62831706 -0.06051946 0.17546597
v -0.61802638 -0.07429772 0.17850135
v -0.60776651 -0.08803470 0.18152764
v -0.59730482 -0.10010209 0.18410194
v -0.58660281 -0.11029012 0.18616663
v -0.57592273 -0.12045731 0.18822707
v -0.56526446 -0.13060364 0.19028334
v -0.55462790 -0.14072932 0.19233538
v -0.54401314 -0.15083434 0.19438325
v -0.53341991 -0.16091873 0.19642694
v -0.52253652 -0.16896193 0.19791552
v -0.51160026 -0.17655027 0.19928102
v -0.50067884 -0.18412825 0.20064467
v -0.48977232 -0.19169588 0.20200644
v -0.47888067 -0.19925328 0.20336637
v -0.46800378 -0.20680028 0.20472449
v -0.45714173 -0.21433711 0.20608072
v -0.44629443 -0.22186369 0.20743512
v -0.43546182 -0.22938003 0.20878766
v -0.42464396 -0.23688617 0.21013838
v -0.41384074 -0.24438216 0.21148726
v -0.40305212 -0.25186798 0.21283433
v -0.39227816 -0.25934362 0.21417959
v -0.38151878 -0.26680923 0.21552300
v -0.37077391 -0.27426469 0.21686462
v -0.36004356 -0.28171006 0.21820442
v -0.34932771 -0.28914541 0.21954240
v -0.33862635 -0.29657075 0.22087854
v -0.32793939 -0.30398601 0.22221294
v -0.31726682 -0.31139135 0.22354552
v -0.30680186 -0.31981710 0.22515927
v -0.29665259 -0.32980725 0.22720391
v -0.28652430 -0.33977678 0.22924434
v -0.27641699 -0.34972563 0.23128054
v -0.26633045 -0.35965407 0.23331252
v -0.25626475 -0.36956200 0.23534033
v -0.24621980 -0.37944946 0.23736395
v -0.23619549 -0.38931665 0.23938341
v -0.22619182 -0.39916348 0.24139872
v -0.21620870 -0.40899009 0.24340990
v -0.20624602 -0.41879660 0.24541695
v -0.19630381 -0.42858294 0.24741988
v -0.18638191 -0.43834934 0.24941872
v -0.17648034 -0.44809568 0.25141346
v -0.16659896 -0.45782214 0.25340411
v -0.15673779 -0.46752876 0.25539073
v -0.14689669 -0.47721556 0.25737330
v -0.13707566 -0.48688266 0.25935182
v -0.12727462 -0.49653006 0.26132631
v -0.11749349 -0.50615782 0.26329678
v -0.10773222 -0.51576608 0.26526326
v -0.09799077 -0.52535480 0.26722574
v -0.08826904 -0.53492415 0.26918426
v -0.07810980 -0.54245412 0.27057955
v -0.06794325 -0.54987669 0.27194607
v -0.05779108 -0.55728883 0.27331069
v -0.04765327 -0.56469041 0.27467337
v -0.03752980 -0.57208157 0.27603412
v -0.02742063 -0.57946229 0.27739298
v -0.01732573 -0.58683264 0.27874988
v -0.00724506 -0.59419250 0.28010491
v 0.00282140 -0.60154206 0.28145799
v 0.01496534 -0.60022706 0.28040543
v 0.02868038 -0.59251076 0.27757347
v 0.04243596 -0.58477157 0.27473313
v 0.05623223 -0.57700962 0.27188441
v 0.07006940 -0.56922460 0.26902723
v 0.08394764 -0.56141645 0.26616159
v 0.09790522 -0.55343395 0.26324531
v 0.11199854 -0.54505843 0.26021755
v 0.12613602 -0.53665674 0.25718027
v 0.14031783 -0.52822864 0.25413349
v 0.15454417 -0.51977408 0.25107715
v 0.16881528 -0.51129299 0.24801117
v 0.18313138 -0.50278509 0.24493554
v 0.19749264 -0.49425039 0.24185021
v 0.21189933 -0.48568866 0.23875509
v 0.22675648 -0.47558632 0.23522756
v 0.24216984 -0.46358082 0.23116578
v 0.25764707 -0.45152554 0.22708717
v 0.27318850 -0.43942019 0.22299165
v 0.28879464 -0.42726448 0.21887906
v 0.30446583 -0.41505811 0.21474935
v 0.32020244 -0.40280071 0.21060237
v 0.33600500 -0.39049205 0.20643802
v 0.35187387 -0.37813175 0.20225622
v 0.36780941 -0.36571941 0.19805683
v 0.38381207 -0.35325482 0.19383977
v 0.39988232 -0.34073758 0.18960489
v 0.41602060 -0.32816744 0.18535206
v 0.43222725 -0.31554395 0.18108125
v 0.44850278 -0.30286688 0.17679225
v 0.46484759 -0.29013580 0.17248501
v 0.48126215 -0.27735037 0.16815941
v 0.49774688 -0.26451030 0.16381530
v 0.51430231 -0.25161523 0.15945256
v 0.53092879 -0.23866475 0.15507111
v 0.54762679 -0.22565860 0.15067077
v 0.56442291 -0.21251045 0.14622734
v 0.58129936 -0.19928154 0.14175792
v 0.59824938 -0.18599494 0.13726899
v 0.61527342 -0.17265023 0.13276049
v 0.63237214 -0.15924710 0.12823221
v 0.64954585 -0.14578509 0.12368403
v 0.66679519 -0.13226385 0.11911585
v 0.68482387 -0.11646083 0.11390065
v 0.70524639 -0.09334056 0.10661670
v 0.72581202 -0.07005824 0.09928168
v 0.74652231 -0.04661217 0.09189507
v 0.76737875 -0.02300069 0.08445637
v 0.78838295 0.00077805 0.07696496
v 0.80953640 0.02472579 0.06942031
v 0.83084071 0.04884433 0.06182185
v 0.85189158 0.07342475 0.05456682
v 0.87661946 0.10575654 0.04415298
v 0.90126109 0.13895769 0.03396539
v -0.92991340 0.61635840 0.02805414
v -0.92022675 0.57944608 0.03716838
v -0.91062105 0.54284233 0.04620645
v -0.90109527 0.50654322 0.05516930
v -0.89164841 0.47054496 0.06405786
v -0.88227963 0.43484384 0.07287305
v -0.87298781 0.39943618 0.08161577
v -0.86377203 0.36431840 0.09028693
v -0.85463136 0.32948694 0.09888738
v -0.84494752 0.30089113 0.10582226
v -0.83368659 0.28805596 0.10853562
v -0.82295489 0.27057934 0.11249594
v -0.81226385 0.25316870 0.11644131
v -0.80161291 0.23582369 0.12037180
v -0.79100233 0.21854413 0.12428746
v -0.78043151 0.20132944 0.12818842
v -0.76990038 0.18417937 0.13207474
v -0.75940859 0.16709347 0.13594653
v -0.74895614 0.15007149 0.13980383
v -0.73854268 0.13311298 0.14364673
v -0.72816795 0.11621763 0.14747532
v -0.71783173 0.09938507 0.15128970
v -0.70753396 0.08261498 0.15508993
v -0.69727427 0.06590696 0.15887608
v -0.68705249 0.04926069 0.16264822
v -0.67686844 0.03267584 0.16640647
v -0.66672194 0.01615208 0.17015086
v -0.65661263 -0.00031096 0.17388149
v -0.64638931 -0.01559023 0.17729530
v -0.63602114 -0.02950339 0.18034273
v -0.62568420 -0.04337469 0.18338101
v -0.61537832 -0.05720431 0.18641014
v -0.60510343 -0.07099246 0.18943021
v -0.59485924 -0.08473932 0.19244120
v -0.58436894 -0.09652872 0.19492495
v -0.57367599 -0.10672439 0.19697937
v -0.56300485 -0.11689921 0.19902959
v -0.55235559 -0.12705320 0.20107563
v -0.54172802 -0.13718648 0.20311746
v -0.53112221 -0.14729908 0.20515512
v -0.52018583 -0.15510885 0.20657021
v -0.50923532 -0.16271760 0.20793176
v -0.49829978 -0.17031594 0.20929149
v -0.48737907 -0.17790397 0.21064933
v -0.47647333 -0.18548161 0.21200535
v -0.46558243 -0.19304892 0.21335952
v -0.45470637 -0.20060596 0.21471182
v -0.44384512 -0.20815273 0.21606229
v -0.43299857 -0.21568920 0.21741094
v -0.42216682 -0.22321545 0.21875775
v -0.41134974 -0.23073146 0.22010274
v -0.40054733 -0.23823729 0.22144590
v -0.38975957 -0.24573293 0.22278722
v -0.37898645 -0.25321844 0.22412673
v -0.36822790 -0.26069379 0.22546445
v -0.35748395 -0.26815906 0.22680032
v -0.34675449 -0.27561423 0.22813441
v -0.33603951 -0.28305930 0.22946671
v -0.32533902 -0.29049429 0.23079719
v -0.31465298 -0.29791927 0.23212586
v -0.30398136 -0.30533427 0.23345277
v -0.29365486 -0.31448737 0.23525512
v -0.28351259 -0.32448959 0.23729065
v -0.27339128 -0.33447111 0.23932195
v -0.26329094 -0.34443203 0.24134904
v -0.25321144 -0.35437229 0.24337198
v -0.24315272 -0.36429209 0.24539071
v -0.23311473 -0.37419146 0.24740531
v -0.22309746 -0.38407043 0.24941574
v -0.21310075 -0.39392906 0.25142202
v -0.20312463 -0.40376741 0.25342420
v -0.19316895 -0.41358560 0.25542229
v -0.18323369 -0.42338368 0.25741625
v -0.17331880 -0.43316162 0.25940612
v -0.16342419 -0.44291958 0.26139194
v -0.15354984 -0.45265758 0.26337370
v -0.14369562 -0.46237573 0.26535138
v -0.13386151 -0.47207400 0.26732504
v -0.12404747 -0.48175251 0.26929471
v -0.11425340 -0.49141133 0.27126035
v -0.10447925 -0.50105053 0.27322197
v -0.09438921 -0.50916415 0.27476555
v -0.08417439 -0.51663715 0.27613407
v -0.07397406 -0.52409959 0.27750063
v -0.06378822 -0.53155148 0.27886525
v -0.05361682 -0.53899276 0.28022793
v -0.04345985 -0.54642349 0.28158867
v -0.03331726 -0.55384374 0.28294751
v -0.02318905 -0.56125349 0.28430444
v -0.01307515 -0.56865269 0.28565940
v -0.00297555 -0.57604146 0.28701249
v 0.00714545 -0.58327115 0.28832263
v 0.02087156 -0.57551706 0.28549770
v 0.03463829 -0.56774002 0.28266442
v 0.04844583 -0.55993992 0.27982271
v 0.06229436 -0.55211669 0.27697259
v 0.07618407 -0.54427016 0.27411398
v 0.09011514 -0.53640032 0.27124688
v 0.10408773 -0.52850699 0.26837122
v 0.11821412 -0.52014834 0.26536474
v 0.13240562 -0.51168114 0.26232606
v 0.14664175 -0.50318736 0.25927779
v 0.16092277 -0.49466681 0.25621995
v 0.17524885 -0.48611939 0.25315246
v 0.18962021 -0.47754493 0.25007525
v 0.20403709 -0.46894327 0.24698831
v 0.21849968 -0.46031442 0.24389160
v 0.23300819 -0.45165807 0.24078502
v 0.24756287 -0.44297424 0.23766857
v 0.26286635 -0.43167052 0.23382226
v 0.27845544 -0.41949520 0.22973102
v 0.29410952 -0.40726906 0.22562277
v 0.30982906 -0.39499193 0.22149733
v 0.32561442 -0.38266337 0.21735458
v 0.34146604 -0.37028304 0.21319450
v 0.35738432 -0.35785064 0.20901689
v 0.37336966 -0.34536588 0.20482169
v 0.38942251 -0.33282834 0.20060878
v 0.40554333 -0.32023782 0.19637801
v 0.42173249 -0.30759382 0.19212933
v 0.43799046 -0.29489613 0.18786259
v 0.45431766 -0.28214440 0.18357766
v 0.47071454 -0.26933816 0.17927445
v 0.48718157 -0.25647718 0.17495283
v 0.50371921 -0.24356113 0.17061265
v 0.52032787 -0.23058955 0.16625386
v 0.53700805 -0.21756209 0.16187632
v 0.55376673 -0.20445670 0.15747383
v 0.57062477 -0.19120647 0.15302759
v 0.58755636 -0.17789839 0.14856198
v 0.60456198 -0.16453212 0.14407684
v 0.62164217 -0.15110731 0.13957204
v 0.63879734 -0.13762352 0.13504745
v 0.65602803 -0.12408039 0.13050294
v 0.67457753 -0.10652778 0.12483150
v 0.69497508 -0.08336062 0.11758189
v 0.71551555 -0.06003102 0.11028145
v 0.73620069 -0.03653726 0.10292961
v 0.75703180 -0.01287760 0.09552589
v 0.77801049 0.01094969 0.08806971
v 0.79913843 0.03494644 0.08056051
v 0.82032192 0.05918252 0.07309105
v 0.84458452 0.09177753 0.06304171
v 0.86900055 0.12481218 0.05297399
v 0.89364779 0.15815955 0.04281096
v -0.91640711 0.61647010 0.04079670
v -0.90677792 0.57956004 0.04985682
v -0.89722908 0.54295844 0.05884122
v -0.88775969 0.50666142 0.06775086
v -0.87836885 0.47066519 0.07658664
v -0.86905539 0.43496612 0.08534952
v -0.85981864 0.39956042 0.09404036
v -0.85065740 0.36444455 0.10266004
v -0.84157085 0.32961506 0.11120946
v -0.83093643 0.31045386 0.11558937
v -0.82004005 0.29423538 0.11918788
v -0.80932671 0.27673465 0.12313082
v -0.79865384 0.25930017 0.12705883
v -0.78802127 0.24193148 0.13097204
v -0.77742875 0.22462824 0.13487048
v -0.76687610 0.20739011 0.13875428
v -0.75636309 0.19021671 0.14262347
v -0.74588943 0.17310759 0.14647816
v -0.73545492 0.15606251 0.15031847
v -0.72505939 0.13908105 0.15414442
v -0.71470255 0.12216285 0.15795612
v -0.70438433 0.10530762 0.16175362
v -0.69410431 0.08851492 0.16553704
v -0.68386245 0.07178447 0.16930644
v -0.67365849 0.05511590 0.17306191
v -0.66349214 0.03850885 0.17680350
v -0.65336329 0.02196302 0.18053131
v -0.64327174 0.00547803 0.18424541
v -0.63321716 -0.01094643 0.18794587
v -0.62304157 -0.02616593 0.19132556
v -0.61272049 -0.04004723 0.19434838
v -0.60243046 -0.05388681 0.19736212
v -0.59217119 -0.06768487 0.20036684
v -0.58194280 -0.08144158 0.20336251
v -0.57142282 -0.09295245 0.20575657
v -0.56073886 -0.10315584 0.20780070
v -0.55007672 -0.11333834 0.20984063
v -0.53943652 -0.12350001 0.21187639
v -0.52880806 -0.13357581 0.21389051
v -0.51782835 -0.14121553 0.21524996
v -0.50686359 -0.14884482 0.21660757
v -0.49591377 -0.15646365 0.21796334
v -0.48497894 -0.16407210 0.21931723
v -0.47405908 -0.17167015 0.22066928
v -0.46315411 -0.17925784 0.22201948
v -0.45226401 -0.18683520 0.22336784
v -0.44138867 -0.19440214 0.22471438
v -0.43052822 -0.20195889 0.22605908
v -0.41968250 -0.20950532 0.22740196
v -0.40885156 -0.21704146 0.22874300
v -0.39803532 -0.22456743 0.23008218
v -0.38723379 -0.23208310 0.23141961
v -0.37644690 -0.23958863 0.23275517
v -0.36567467 -0.24708401 0.23408893
v -0.35491696 -0.25456914 0.23542091
v -0.34417388 -0.26204419 0.23675106
v -0.33344528 -0.26950911 0.23807946
v -0.32273126 -0.27696395 0.23940599
v -0.31203169 -0.28440872 0.24073076
v -0.30134657 -0.29184341 0.24205375
v -0.29067582 -0.29926807 0.24337496
v -0.28049067 -0.30915067 0.24536419
v -0.27035543 -0.31916496 0.24739055
v -0.26024115 -0.32915848 0.24941273
v -0.25014779 -0.33913141 0.25143072
v -0.24007531 -0.34908369 0.25344452
v -0.23002364 -0.35901538 0.25545418
v -0.21999270 -0.36892655 0.25745970
v -0.20998241 -0.37881741 0.25946108
v -0.19999275 -0.38868779 0.26145834
v -0.19002360 -0.39853796 0.26345149
v -0.18007496 -0.40836784 0.26544055
v -0.17014672 -0.41817760 0.26742554
v -0.16023885 -0.42796719 0.26940644
v -0.15035123 -0.43773681 0.27138329
v -0.14048387 -0.44748640 0.27335611
v -0.13063668 -0.45721602 0.27532488
v -0.12080958 -0.46692586 0.27728963
v -0.11078670 -0.47563264 0.27898195
v -0.10052314 -0.48315674 0.28035238
v -0.09027423 -0.49067008 0.28172091
v -0.08003993 -0.49817270 0.28308746
v -0.06982018 -0.50566465 0.28445205
v -0.05961498 -0.51314598 0.28581473
v -0.04942430 -0.52061659 0.28717545
v -0.03924808 -0.52807671 0.28853425
v -0.02908633 -0.53552616 0.28989112
v -0.01893898 -0.54296505 0.29124606
v -0.00880601 -0.55039340 0.29259908
v 0.00131259 -0.55781120 0.29395020
v 0.01303693 -0.55846733 0.29344812
v 0.02681483 -0.55065209 0.29062194
v 0.04063364 -0.54281372 0.28778735
v 0.05449354 -0.53495204 0.28494436
v 0.06839469 -0.52706695 0.28209284
v 0.08233733 -0.51915836 0.27923286
v 0.09632161 -0.51122606 0.27636433
v 0.11034770 -0.50327015 0.27348724
v 0.12446868 -0.49508193 0.27054420
v 0.13871463 -0.48654872 0.26750416
v 0.15300548 -0.47798860 0.26445448
v 0.16734156 -0.46940127 0.26139516
v 0.18172303 -0.46078688 0.25832617
v 0.19615006 -0.45214516 0.25524747
v 0.21062294 -0.44347596 0.25215897
v 0.22514188 -0.43477917 0.24906065
v 0.23970704 -0.42605472 0.24595243
v 0.25431874 -0.41730237 0.24283431
v 0.26897711 -0.40852204 0.23970623
v 0.28374735 -0.39947560 0.23650241
v 0.29944968 -0.38717866 0.23239852
v 0.31521788 -0.37483019 0.22827744
v 0.33105224 -0.36242986 0.22413906
v 0.34695321 -0.34997737 0.21998328
v 0.36292118 -0.33747238 0.21580996
v 0.37895662 -0.32491454 0.21161905
v 0.39505997 -0.31230360 0.20741035
v 0.41123161 -0.29963914 0.20318383
v 0.42747200 -0.28692082 0.19893932
v 0.44378155 -0.27414832 0.19467677
v 0.46016079 -0.26132131 0.19039598
v 0.47661006 -0.24843939 0.18609689
v 0.49312988 -0.23550226 0.18177935
v 0.50972068 -0.22250952 0.17744327
v 0.52638298 -0.20946088 0.17308851
v 0.54311711 -0.19635586 0.16871497
v 0.55994403 -0.18312673 0.16430375
v 0.57685727 -0.16979718 0.15986146
v 0.59384435 -0.15640935 0.15539972
v 0.61090600 -0.14296283 0.15091844
v 0.62804258 -0.12945724 0.14641745
v 0.64525461 -0.11589217 0.14189667
v 0.66432047 -0.09658433 0.13577382
v 0.68469292 -0.07337017 0.12855864
v 0.70520824 -0.04999321 0.12129283
v 0.72586799 -0.02645164 0.11397587
v 0.74667376 -0.00274375 0.10660722
v 0.76762700 0.02113222 0.09918632
v 0.78877485 0.04531901 0.09167331
v 0.81274241 0.07788265 0.08181680
v 0.83693510 0.11075219 0.07186770
v 0.86135614 0.14393194 0.06182468
v 0.88600868 0.17742638 0.05168645
v -0.89333099 0.57967395 0.06254342
v -0.88383901 0.54307443 0.07147418
v -0.87442595 0.50677955 0.08033061
v -0.86509109 0.47078544 0.08911365
v -0.85583311 0.43508834 0.09782421
v -0.84665126 0.39968470 0.10646317
v -0.83754462 0.36457077 0.11503141
v -0.82848537 0.32999727 0.12346251
v -0.81711006 0.31801504 0.12591475
v -0.80637437 0.30042356 0.12985519
v -0.79567927 0.28289875 0.13378070
v -0.78502470 0.26544032 0.13769132
v -0.77441043 0.24804786 0.14158718
v -0.76383615 0.23072091 0.14546834
v -0.75330168 0.21345924 0.14933491
v -0.74280685 0.19626242 0.15318693
v -0.73235130 0.17913008 0.15702452
v -0.72193485 0.16206186 0.16084775
v -0.71155739 0.14505738 0.16465670
v -0.70121855 0.12811635 0.16845143
v -0.69091821 0.11123832 0.17223205
v -0.68065619 0.09442305 0.17599861
v -0.67043221 0.07767009 0.17975123
v -0.66024607 0.06097915 0.18348995
v -0.65009755 0.04434988 0.18721484
v -0.63998640 0.02778192 0.19092599
v -0.62991256 0.01127495 0.19462350
v -0.61987567 -0.00517137 0.19830742
v -0.60987556 -0.02155738 0.20197783
v -0.59974748 -0.03671737 0.20532364
v -0.58947319 -0.05056692 0.20832199
v -0.57922971 -0.06437489 0.21131130
v -0.56901705 -0.07814148 0.21429165
v -0.55846637 -0.08937338 0.21659674
v -0.54779148 -0.09958445 0.21863057
v -0.53713852 -0.10977468 0.22066018
v -0.52645802 -0.11962155 0.22259948
v -0.51546395 -0.12728195 0.22395493
v -0.50448489 -0.13493183 0.22530852
v -0.49352089 -0.14257123 0.22666030
v -0.48257190 -0.15020022 0.22801021
v -0.47163782 -0.15781870 0.22935832
v -0.46071872 -0.16542685 0.23070450
v -0.44981453 -0.17302458 0.23204888
v -0.43892524 -0.18061195 0.23339143
v -0.42805073 -0.18818894 0.23473218
v -0.41719109 -0.19575565 0.23607105
v -0.40634620 -0.20331204 0.23740815
v -0.39551607 -0.21085815 0.23874339
v -0.38470069 -0.21839400 0.24007683
v -0.37390000 -0.22591960 0.24140845
v -0.36311397 -0.23343499 0.24273828
v -0.35234258 -0.24094018 0.24406627
v -0.34158584 -0.24843521 0.24539247
v -0.33084360 -0.25592005 0.24671690
v -0.32011595 -0.26339477 0.24803951
v -0.30940282 -0.27085939 0.24936035
v -0.29870421 -0.27831391 0.25067937
v -0.28801998 -0.28575835 0.25199664
v -0.27745849 -0.29375982 0.25346506
v -0.26730925 -0.30380702 0.25548646
v -0.25718102 -0.31383345 0.25750366
v -0.24707383 -0.32383901 0.25951666
v -0.23698753 -0.33382392 0.26152551
v -0.22692207 -0.34378815 0.26353019
v -0.21687745 -0.35373178 0.26553074
v -0.20685357 -0.36365485 0.26752716
v -0.19685033 -0.37355751 0.26951948
v -0.18686771 -0.38343975 0.27150768
v -0.17690559 -0.39330173 0.27349177
v -0.16696398 -0.40314341 0.27547181
v -0.15704279 -0.41296482 0.27744776
v -0.14714195 -0.42276609 0.27941966
v -0.13726141 -0.43254730 0.28138754
v -0.12730351 -0.44185719 0.28322899
v -0.11699083 -0.44943279 0.28460142
v -0.10669288 -0.45699754 0.28597185
v -0.09640966 -0.46455157 0.28734031
v -0.08614115 -0.47209468 0.28870684
v -0.07588729 -0.47962707 0.29007140
v -0.06564806 -0.48714873 0.29143405
v -0.05542342 -0.49465969 0.29279470
v -0.04521338 -0.50215989 0.29415345
v -0.03501786 -0.50964946 0.29551026
v -0.02483684 -0.51712835 0.29686514
v -0.01467030 -0.52459663 0.29821810
v -0.00451821 -0.53205425 0.29956913
v 0.00561947 -0.53950131 0.30091825
v 0.01896543 -0.53350759 0.29860580
v 0.03279550 -0.52563065 0.29577839
v 0.04666676 -0.51773030 0.29294255
v 0.06057939 -0.50980645 0.29009828
v 0.07453360 -0.50185877 0.28724548
v 0.08852954 -0.49388748 0.28438416
v 0.10256743 -0.48589221 0.28151423
v 0.11664744 -0.47787297 0.27863571
v 0.13076976 -0.46982962 0.27574855
v 0.14506337 -0.46125787 0.27271488
v 0.15940939 -0.45263064 0.26966384
v 0.17380092 -0.44397607 0.26660311
v 0.18823817 -0.43529397 0.26353267
v 0.20272134 -0.42658427 0.26045248
v 0.21725066 -0.41784686 0.25736248
v 0.23182634 -0.40908152 0.25426257
v 0.24644862 -0.40028816 0.25115278
v 0.26111773 -0.39146668 0.24803306
v 0.27583382 -0.38261694 0.24490330
v 0.29059726 -0.37373865 0.24176350
v 0.30540812 -0.36483189 0.23861361
v 0.32063243 -0.35457212 0.23508996
v 0.33651605 -0.34209952 0.23095600
v 0.35246664 -0.32957432 0.22680463
v 0.36848468 -0.31699616 0.22263570
v 0.38457051 -0.30436477 0.21844913
v 0.40072459 -0.29167977 0.21424478
v 0.41694739 -0.27894083 0.21002258
v 0.43323931 -0.26614758 0.20578235
v 0.44960082 -0.25329971 0.20152405
v 0.46603236 -0.24039687 0.19724749
v 0.48253435 -0.22743867 0.19295260
v 0.49910727 -0.21442476 0.18863925
v 0.51575160 -0.20135483 0.18430732
v 0.53246778 -0.18822846 0.17995670
v 0.54925710 -0.17504232 0.17558646
v 0.56615192 -0.16169129 0.17116748
v 0.58312052 -0.14828184 0.16672917
v 0.60016364 -0.13481359 0.16227143
v 0.61728156 -0.12128618 0.15779410
v 0.63447493 -0.10769917 0.15329702
v 0.65405273 -0.08663039 0.14672764
v 0.67439997 -0.06336922 0.13954696
v 0.69489008 -0.03994473 0.13231584
v 0.71552444 -0.01635530 0.12503384
v 0.73630464 0.00740090 0.11770035
v 0.75734204 0.03166872 0.11021978
v 0.78109121 0.06407110 0.10047926
v 0.80506283 0.09677690 0.09064754
v 0.82925987 0.12979047 0.08072330
v 0.85368580 0.16311617 0.07070523
v 0.87834376 0.19675842 0.06059199
v -0.87988597 0.57978791 0.07522822
v -0.87045085 0.54319054 0.08410533
v -0.86109424 0.50689769 0.09290858
v -0.85181516 0.47090557 0.10163888
v -0.84261268 0.43521056 0.11029714
v -0.83348578 0.39980888 0.11888424
v -0.82443368 0.36469692 0.12740105
v -0.81441063 0.33962396 0.13328108
v -0.80340654 0.32423621 0.13661471
v -0.79268926 0.30662042 0.14053762
v -0.78201264 0.28907150 0.14444561
v -0.77137643 0.27158910 0.14833878
v -0.76078051 0.25417274 0.15221725
v -0.75022453 0.23682216 0.15608108
v -0.73970824 0.21953689 0.15993036
v -0.72923160 0.20231661 0.16376518
v -0.71879423 0.18516098 0.16758558
v -0.70839602 0.16806956 0.17139170
v -0.69803661 0.15104206 0.17518359
v -0.68771583 0.13407807 0.17896134
v -0.67743349 0.11717729 0.18272497
v -0.66718948 0.10033932 0.18647465
v -0.65698344 0.08356384 0.19021040
v -0.64681512 0.06685048 0.19393231
v -0.63668448 0.05019893 0.19764049
v -0.62659115 0.03360881 0.20133497
v -0.61653501 0.01707981 0.20501584
v -0.60651588 0.00061157 0.20868316
v -0.59653348 -0.01579624 0.21233703
v -0.58658773 -0.03214393 0.21597753
v -0.57650661 -0.04724464 0.21928968
v -0.56627905 -0.06106257 0.22226356
v -0.55608207 -0.07483902 0.22522862
v -0.54549974 -0.08579144 0.22744551
v -0.53483391 -0.09601027 0.22946899
v -0.52410120 -0.10562669 0.23133376
v -0.51309270 -0.11330782 0.23268519
v -0.50209934 -0.12097839 0.23403482
v -0.49112105 -0.12863848 0.23538254
v -0.48015779 -0.13628805 0.23672843
v -0.46920958 -0.14392714 0.23807250
v -0.45827627 -0.15155576 0.23941472
v -0.44735798 -0.15917398 0.24075508
v -0.43645459 -0.16678175 0.24209365
v -0.42556605 -0.17437917 0.24343036
v -0.41469243 -0.18196627 0.24476522
v -0.40383357 -0.18954292 0.24609832
v -0.39298958 -0.19710934 0.24742955
v -0.38216034 -0.20466541 0.24875902
v -0.37134579 -0.21221118 0.25008664
v -0.36054599 -0.21974674 0.25141245
v -0.34976086 -0.22727203 0.25273648
v -0.33899033 -0.23478709 0.25405872
v -0.32823446 -0.24229196 0.25537920
v -0.31749320 -0.24978667 0.25669780
v -0.30676645 -0.25727120 0.25801465
v -0.29605424 -0.26474559 0.25932977
v -0.28535652 -0.27220985 0.26064306
v -0.27467331 -0.27966404 0.26195455
v -0.26425275 -0.28839707 0.26360983
v -0.25411054 -0.29845643 0.26562202
v -0.24398944 -0.30849490 0.26762998
v -0.23388930 -0.31851253 0.26963380
v -0.22381006 -0.32850948 0.27163351
v -0.21375173 -0.33848566 0.27362904
v -0.20371415 -0.34844127 0.27562043
v -0.19369733 -0.35837632 0.27760774
v -0.18370114 -0.36829087 0.27959093
v -0.17372562 -0.37818494 0.28157005
v -0.16377057 -0.38805872 0.28354508
v -0.15383604 -0.39791209 0.28551602
v -0.14392191 -0.40774527 0.28748298
v -0.13357872 -0.41546261 0.28888145
v -0.12323128 -0.42307940 0.29025379
v -0.11289872 -0.43068528 0.29162419
v -0.10258098 -0.43828019 0.29299262
v -0.09227803 -0.44586420 0.29435909
v -0.08198982 -0.45343739 0.29572362
v -0.07171636 -0.46099976 0.29708618
v -0.06145755 -0.46855128 0.29844677
v -0.05121343 -0.47609204 0.29980543
v -0.04098393 -0.48362204 0.30116215
v -0.03076903 -0.49114123 0.30251694
v -0.02056869 -0.49864972 0.30386978
v -0.01038290 -0.50614750 0.30522075
v -0.00021160 -0.51363468 0.30656973
v 0.01108998 -0.51630610 0.30661619
v 0.02493131 -0.50839049 0.30379602
v 0.03881393 -0.50045127 0.30096743
v 0.05273803 -0.49248835 0.29813036
v 0.06670380 -0.48450157 0.29528484
v 0.08071144 -0.47649083 0.29243079
v 0.09476109 -0.46845609 0.28956813
v 0.10885299 -0.46039715 0.28669688
v 0.12298731 -0.45231402 0.28381702
v 0.13716424 -0.44420651 0.28092846
v 0.15145224 -0.43580717 0.27795854
v 0.16585384 -0.42711216 0.27490616
v 0.18030126 -0.41838956 0.27184409
v 0.19479470 -0.40963915 0.26877224
v 0.20933442 -0.40086082 0.26569059
v 0.22392061 -0.39205441 0.26259911
v 0.23855348 -0.38321984 0.25949773
v 0.25323325 -0.37435696 0.25638640
v 0.26796019 -0.36546555 0.25326505
v 0.28273454 -0.35654554 0.25013369
v 0.29755646 -0.34759682 0.24699225
v 0.31242627 -0.33861917 0.24384065
v 0.32734412 -0.32961255 0.24067886
v 0.34231025 -0.32057676 0.23750685
v 0.35800660 -0.30907312 0.23365879
v 0.37407494 -0.29642126 0.22949433
v 0.39021143 -0.28371575 0.22531220
v 0.40641662 -0.27095616 0.22111228
v 0.42269087 -0.25814214 0.21689448
v 0.43903467 -0.24527340 0.21265863
v 0.45544839 -0.23234960 0.20840465
v 0.47193256 -0.21937034 0.20413244
v 0.48848760 -0.20633522 0.19984187
v 0.50511396 -0.19324401 0.19553277
v 0.52181214 -0.18009625 0.19120508
v 0.53858256 -0.16689155 0.18685868
v 0.55544037 -0.15358071 0.18248002
v 0.57239050 -0.14014964 0.17806521
v 0.58941495 -0.12665965 0.17363103
v 0.60651428 -0.11311036 0.16917735
v 0.62368894 -0.09950139 0.16470405
v 0.64377415 -0.07666598 0.15769297
v 0.66409612 -0.05335766 0.15054688
v 0.68456084 -0.02988566 0.14335059
v 0.70516980 -0.00624823 0.13610359
v 0.72609639 0.01809972 0.12865584
v 0.74962932 0.05034212 0.11903014
v 0.77338201 0.08288560 0.10931456
v 0.79735750 0.11573438 0.09950782
v 0.82155895 0.14889276 0.08960867
v 0.84598964 0.18236518 0.07961575
v 0.87065285 0.21615610 0.06952775
v -0.86644298 0.57990170 0.08791118
v -0.85706455 0.54330653 0.09673468
v -0.84776437 0.50701576 0.10548476
v -0.83854121 0.47102582 0.11416234
v -0.82939410 0.43533280 0.12276832
v -0.82032222 0.39993307 0.13130358
v -0.81132454 0.36482313 0.13976897
v -0.80042315 0.34817365 0.14340967
v -0.78968358 0.33046621 0.14732985
v -0.77898484 0.31282616 0.15123513
v -0.76832664 0.29525301 0.15512556
v -0.75770897 0.27774659 0.15900126
v -0.74713141 0.26030633 0.16286229
v -0.73659372 0.24293198 0.16670874
v -0.72609586 0.22562307 0.17054068
v -0.71563739 0.20837927 0.17435820
v -0.70521832 0.19120027 0.17816140
v -0.69483823 0.17408566 0.18195035
v -0.68449700 0.15703501 0.18572512
v -0.67419440 0.14004809 0.18948580
v -0.66393012 0.12312447 0.19323245
v -0.65370411 0.10626381 0.19696516
v -0.64351600 0.08946572 0.20068404
v -0.63336569 0.07272992 0.20438911
v -0.62325293 0.05605603 0.20808047
v -0.61317748 0.03944372 0.21175820
v -0.60313922 0.02289263 0.21542238
v -0.59313786 0.00640243 0.21907310
v -0.58317327 -0.01002722 0.22271040
v -0.57324511 -0.02639663 0.22633435
v -0.56335336 -0.04270615 0.22994505
v -0.55331910 -0.05774783 0.23322374
v -0.54313791 -0.07153421 0.23617336
v -0.53252280 -0.08220674 0.23830284
v -0.52173746 -0.09159105 0.24009353
v -0.51071459 -0.09929297 0.24144091
v -0.49970686 -0.10698438 0.24278642
v -0.48871425 -0.11466520 0.24413012
v -0.47773668 -0.12233543 0.24547198
v -0.46677420 -0.12999521 0.24681199
v -0.45582676 -0.13764445 0.24815017
v -0.44489431 -0.14528322 0.24948652
v -0.43397680 -0.15291157 0.25082099
v -0.42307419 -0.16052943 0.25215369
v -0.41218656 -0.16813695 0.25348455
v -0.40131372 -0.17573406 0.25481361
v -0.39045578 -0.18332079 0.25614083
v -0.37961257 -0.19089712 0.25746629
v -0.36878419 -0.19846322 0.25878990
v -0.35797057 -0.20601900 0.26011172
v -0.34717163 -0.21356446 0.26143172
v -0.33638740 -0.22109966 0.26274994
v -0.32561782 -0.22862463 0.26406637
v -0.31486285 -0.23613940 0.26538098
v -0.30412254 -0.24364395 0.26669386
v -0.29339671 -0.25113833 0.26800492
v -0.28268546 -0.25862253 0.26931426
v -0.27198869 -0.26609662 0.27062178
v -0.26130643 -0.27356055 0.27192754
v -0.25102967 -0.28302723 0.27376789
v -0.24089459 -0.29309875 0.27577078
v -0.23078057 -0.30314934 0.27776957
v -0.22068754 -0.31317914 0.27976421
v -0.21061541 -0.32318810 0.28175467
v -0.20056418 -0.33317634 0.28374103
v -0.19053370 -0.34314391 0.28572327
v -0.18052398 -0.35309088 0.28770143
v -0.17053492 -0.36301729 0.28967550
v -0.16056645 -0.37292328 0.29164550
v -0.15028813 -0.38124362 0.29319283
v -0.13989080 -0.38891289 0.29456711
v -0.12950844 -0.39657122 0.29593942
v -0.11914103 -0.40421844 0.29730973
v -0.10878853 -0.41185468 0.29867807
v -0.09845089 -0.41947994 0.30004448
v -0.08812813 -0.42709425 0.30140889
v -0.07782017 -0.43469766 0.30277136
v -0.06752698 -0.44229013 0.30413184
v -0.05724857 -0.44987175 0.30549043
v -0.04698487 -0.45744249 0.30684707
v -0.03673586 -0.46500239 0.30820173
v -0.02650150 -0.47255147 0.30955446
v -0.01628177 -0.48008978 0.31090528
v -0.00607664 -0.48761734 0.31225416
v 0.00411393 -0.49513415 0.31360108
v 0.01704093 -0.49109286 0.31184036
v 0.03093491 -0.48311454 0.30901906
v 0.04487048 -0.47511235 0.30618930
v 0.05884781 -0.46708623 0.30335107
v 0.07286711 -0.45903593 0.30050436
v 0.08692855 -0.45096147 0.29764906
v 0.10103233 -0.44286269 0.29478514
v 0.11517865 -0.43473950 0.29191262
v 0.12936766 -0.42659178 0.28903142
v 0.14359963 -0.41841939 0.28614148
v 0.15788165 -0.41019502 0.28323546
v 0.17233923 -0.40143165 0.28018180
v 0.18684296 -0.39264026 0.27711841
v 0.20139302 -0.38382089 0.27404520
v 0.21598969 -0.37497318 0.27096218
v 0.23063317 -0.36609712 0.26786926
v 0.24532366 -0.35719264 0.26476640
v 0.26006141 -0.34825939 0.26165354
v 0.27484667 -0.33929738 0.25853068
v 0.28967968 -0.33030644 0.25539774
v 0.30456057 -0.32128650 0.25225469
v 0.31948969 -0.31223729 0.24910142
v 0.33446717 -0.30315882 0.24593796
v 0.34949332 -0.29405081 0.24276419
v 0.36456841 -0.28491309 0.23958012
v 0.37969223 -0.27574709 0.23638605
v 0.39587972 -0.26296681 0.23220846
v 0.41213629 -0.25013205 0.22801307
v 0.42846230 -0.23724243 0.22379975
v 0.44485822 -0.22429757 0.21956839
v 0.46132454 -0.21129721 0.21531887
v 0.47786164 -0.19824092 0.21105106
v 0.49447000 -0.18512838 0.20676486
v 0.51115012 -0.17195913 0.20246018
v 0.52790248 -0.15873297 0.19813681
v 0.54472744 -0.14544937 0.19379473
v 0.56165421 -0.13201271 0.18940778
v 0.57866013 -0.11850096 0.18499719
v 0.59574074 -0.10492979 0.18056720
v 0.61332911 -0.08988427 0.17573187
v 0.63348472 -0.06669110 0.16866986
v 0.65378147 -0.04333553 0.16155839
v 0.67422074 -0.01981589 0.15439700
v 0.69503611 0.00461123 0.14698251
v 0.71835506 0.03669505 0.13747038
v 0.74189091 0.06907751 0.12786974
v 0.76564711 0.10176287 0.11817929
v 0.78962642 0.13475536 0.10839778
v 0.81383210 0.16805936 0.09852394
v 0.83826745 0.20167927 0.08855642
v 0.86293572 0.23561965 0.07849388
v -0.85300177 0.58001560 0.10059232
v -0.84368026 0.54342246 0.10936221
v -0.83443642 0.50713390 0.11805915
v -0.82526910 0.47114602 0.12668402
v -0.81617737 0.43545499 0.13523774
v -0.80716044 0.40005729 0.14372115
v -0.79777843 0.36898175 0.15108666
v -0.78666204 0.35443702 0.15415773
v -0.77594107 0.33670506 0.15806019
v -0.76526093 0.31904060 0.16194780
v -0.75462139 0.30144328 0.16582061
v -0.74402207 0.28391269 0.16967876
v -0.73346305 0.26644856 0.17352231
v -0.72294384 0.24905035 0.17735133
v -0.71246433 0.23171775 0.18116587
v -0.70202428 0.21445046 0.18496607
v -0.69162339 0.19724803 0.18875201
v -0.68126160 0.18011014 0.19252372
v -0.67093855 0.16303636 0.19628133
v -0.66065407 0.14602642 0.20002489
v -0.65040797 0.12907989 0.20375450
v -0.64020002 0.11219646 0.20747021
v -0.63002998 0.09537575 0.21117213
v -0.61989766 0.07861746 0.21486029
v -0.60980290 0.06192120 0.21853483
v -0.59974539 0.04528663 0.22219577
v -0.58972502 0.02871341 0.22584324
v -0.57974148 0.01220120 0.22947726
v -0.56979465 -0.00425031 0.23309791
v -0.55988437 -0.02064150 0.23670530
v -0.55001032 -0.03697265 0.24029948
v -0.54017234 -0.05324413 0.24388050
v -0.53018439 -0.06822702 0.24712597
v -0.51936680 -0.07751445 0.24887882
v -0.50832951 -0.08523731 0.25022215
v -0.49730739 -0.09294958 0.25156361
v -0.48630041 -0.10065120 0.25290319
v -0.47530857 -0.10834228 0.25424093
v -0.46433184 -0.11602277 0.25557691
v -0.45337015 -0.12369274 0.25691098
v -0.44242346 -0.13135213 0.25824332
v -0.43149185 -0.13900106 0.25957376
v -0.42057514 -0.14663957 0.26090235
v -0.40967339 -0.15426756 0.26222917
v -0.39878657 -0.16188520 0.26355413
v -0.38791460 -0.16949230 0.26487735
v -0.37705749 -0.17708910 0.26619872
v -0.36621520 -0.18467553 0.26751828
v -0.35538772 -0.19225162 0.26883602
v -0.34457499 -0.19981734 0.27015200
v -0.33377695 -0.20737278 0.27146620
v -0.32299361 -0.21491793 0.27277863
v -0.31222498 -0.22245282 0.27408922
v -0.30147091 -0.22997746 0.27539805
v -0.29073155 -0.23749194 0.27670506
v -0.28000671 -0.24499616 0.27801034
v -0.26929641 -0.25249022 0.27931383
v -0.25860062 -0.25997409 0.28061563
v -0.24793833 -0.26754552 0.28194147
v -0.23778926 -0.27765033 0.28393927
v -0.22766133 -0.28773403 0.28593293
v -0.21755442 -0.29779682 0.28792244
v -0.20746848 -0.30783877 0.28990778
v -0.19740352 -0.31785977 0.29188907
v -0.18735939 -0.32786006 0.29386622
v -0.17733608 -0.33783963 0.29583931
v -0.16712041 -0.34677300 0.29753593
v -0.15667272 -0.35449538 0.29891211
v -0.14624012 -0.36220664 0.30028632
v -0.13582256 -0.36990678 0.30165851
v -0.12542008 -0.37759575 0.30302876
v -0.11503258 -0.38527369 0.30439699
v -0.10466007 -0.39294052 0.30576327
v -0.09430250 -0.40059635 0.30712762
v -0.08395983 -0.40824112 0.30848995
v -0.07363203 -0.41587493 0.30985034
v -0.06331909 -0.42349771 0.31120878
v -0.05302097 -0.43110961 0.31256527
v -0.04273761 -0.43871054 0.31391978
v -0.03246902 -0.44630054 0.31527239
v -0.02221513 -0.45387971 0.31662306
v -0.01197594 -0.46144804 0.31797174
v -0.00175140 -0.46900550 0.31931856
v 0.00912422 -0.47373757 0.31991151
v 0.02302957 -0.46571994 0.31709757
v 0.03697660 -0.45767832 0.31427521
v 0.05096551 -0.44961250 0.31144440
v 0.06499648 -0.44152245 0.30860502
v 0.07906969 -0.43340808 0.30575714
v 0.09318536 -0.42526916 0.30290064
v 0.10734367 -0.41710567 0.30003551
v 0.12154479 -0.40891758 0.29716173
v 0.13578895 -0.40070462 0.29427925
v 0.15007633 -0.39246672 0.29138801
v 0.16440713 -0.38420382 0.28848797
v 0.17886594 -0.37558743 0.28549105
v 0.19342639 -0.36672670 0.28242636
v 0.20803355 -0.35783747 0.27935186
v 0.22268759 -0.34891978 0.27626747
v 0.23738876 -0.33997339 0.27317315
v 0.25213733 -0.33099812 0.27006891
v 0.26693350 -0.32199392 0.26695460
v 0.28177747 -0.31296062 0.26383024
v 0.29666960 -0.30389804 0.26069579
v 0.31160995 -0.29480606 0.25755113
v 0.32659882 -0.28568456 0.25439629
v 0.34163648 -0.27653340 0.25123113
v 0.35672319 -0.26735237 0.24805571
v 0.37185907 -0.25814146 0.24486992
v 0.38704443 -0.24890040 0.24167369
v 0.40227956 -0.23962909 0.23846701
v 0.41788375 -0.22920670 0.23494741
v 0.43426186 -0.21624087 0.23073867
v 0.45071021 -0.20321934 0.22651190
v 0.46722940 -0.19014184 0.22226690
v 0.48381978 -0.17700794 0.21800362
v 0.50048184 -0.16381729 0.21372192
v 0.51721609 -0.15056951 0.20942168
v 0.53402287 -0.13726430 0.20510276
v 0.55091184 -0.12387108 0.20075691
v 0.56789905 -0.11033754 0.19636996
v 0.58496100 -0.09674449 0.19196369
v 0.60305417 -0.07994579 0.18668577
v 0.62318444 -0.05670573 0.17965829
v 0.64345580 -0.03330287 0.17258158
v 0.66415977 -0.00879742 0.16520070
v 0.68726665 0.02312906 0.15580103
v 0.71058798 0.05535186 0.14631413
v 0.73412693 0.08787517 0.13673873
v 0.75788629 0.12070316 0.12707365
v 0.78186935 0.15384015 0.11731759
v 0.80607921 0.18729055 0.10746926
v 0.83051914 0.22105882 0.09752735
v 0.85519230 0.25514942 0.08749052
v -0.83956259 0.58012938 0.11327163
v -0.83029789 0.54353857 0.12198794
v -0.82111031 0.50725204 0.13063174
v -0.81199890 0.47126612 0.13920391
v -0.80296254 0.43557718 0.14770538
v -0.79400051 0.40018144 0.15613697
v -0.78362471 0.37853381 0.16102150
v -0.77288145 0.36070925 0.16492108
v -0.76217914 0.34295270 0.16880576
v -0.75151765 0.32526392 0.17267564
v -0.74089664 0.30764228 0.17653082
v -0.73031604 0.29008761 0.18037134
v -0.71977544 0.27259937 0.18419735
v -0.70927471 0.25517732 0.18800884
v -0.69881368 0.23782106 0.19180597
v -0.68839198 0.22053012 0.19558880
v -0.67800951 0.20330425 0.19935741
v -0.66766596 0.18614298 0.20311184
v -0.65736127 0.16904603 0.20685224
v -0.64709502 0.15201303 0.21057865
v -0.63686711 0.13504359 0.21429113
v -0.62667727 0.11813735 0.21798980
v -0.61652541 0.10129398 0.22167474
v -0.60641116 0.08451312 0.22534595
v -0.59633440 0.06779443 0.22900359
v -0.58629483 0.05113757 0.23264772
v -0.57629240 0.03454217 0.23627837
v -0.56632680 0.01800793 0.23989564
v -0.55639786 0.00153448 0.24349964
v -0.54650533 -0.01487849 0.24709038
v -0.53664905 -0.03123134 0.25066799
v -0.52656054 -0.04575010 0.25376996
v -0.51600939 -0.05698626 0.25601804
v -0.50515419 -0.06607093 0.25770643
v -0.49431789 -0.07513989 0.25939190
v -0.48350033 -0.08419306 0.26107445
v -0.47270155 -0.09323058 0.26275408
v -0.46188229 -0.10200962 0.26436734
v -0.45090637 -0.10970038 0.26569736
v -0.43994549 -0.11738057 0.26702550
v -0.42899963 -0.12505019 0.26835188
v -0.41806883 -0.13270932 0.26967642
v -0.40715298 -0.14035799 0.27099910
v -0.39625207 -0.14799608 0.27232006
v -0.38536611 -0.15562382 0.27363911
v -0.37449503 -0.16324106 0.27495643
v -0.36363879 -0.17084794 0.27627194
v -0.35279742 -0.17844443 0.27758563
v -0.34197077 -0.18603048 0.27889755
v -0.33115894 -0.19360624 0.28020766
v -0.32036185 -0.20117168 0.28151596
v -0.30957943 -0.20872678 0.28282255
v -0.29881173 -0.21627162 0.28412732
v -0.28805870 -0.22380622 0.28543031
v -0.27732021 -0.23133051 0.28673154
v -0.26659635 -0.23884466 0.28803098
v -0.25588703 -0.24634856 0.28932869
v -0.24519223 -0.25384229 0.29062462
v -0.23467334 -0.26214939 0.29213551
v -0.22453144 -0.27226639 0.29412404
v -0.21441066 -0.28236234 0.29610839
v -0.20431094 -0.29243729 0.29808861
v -0.19423217 -0.30249131 0.30006471
v -0.18407695 -0.31204790 0.30191106
v -0.17357840 -0.31982404 0.30328915
v -0.16309506 -0.32758892 0.30466524
v -0.15262696 -0.33534247 0.30603933
v -0.14217402 -0.34308475 0.30741143
v -0.13173622 -0.35081586 0.30878153
v -0.12131350 -0.35853583 0.31014970
v -0.11090584 -0.36624464 0.31151581
v -0.10051325 -0.37394226 0.31288004
v -0.09013566 -0.38162878 0.31424221
v -0.07977300 -0.38930425 0.31560245
v -0.06942531 -0.39696863 0.31696075
v -0.05909253 -0.40462196 0.31831706
v -0.04877462 -0.41226429 0.31967145
v -0.03847156 -0.41989556 0.32102385
v -0.02818329 -0.42751595 0.32237434
v -0.01790981 -0.43512535 0.32372290
v -0.00765108 -0.44272384 0.32506949
v 0.00259294 -0.45031139 0.32641417
v 0.01509777 -0.44826710 0.32520315
v 0.02905626 -0.44018582 0.32238820
v 0.04305673 -0.43208018 0.31956485
v 0.05709938 -0.42395011 0.31673294
v 0.07118437 -0.41579556 0.31389251
v 0.08531193 -0.40761632 0.31104347
v 0.09948222 -0.39941242 0.30818585
v 0.11369547 -0.39118361 0.30531958
v 0.12795183 -0.38292983 0.30244455
v 0.14225154 -0.37465096 0.29956082
v 0.15659475 -0.36634690 0.29666832
v 0.17098173 -0.35801747 0.29376698
v 0.18543436 -0.34957805 0.29083425
v 0.20005198 -0.34064716 0.28776833
v 0.21471663 -0.33168751 0.28469256
v 0.22942850 -0.32269907 0.28160688
v 0.24418789 -0.31368151 0.27851126
v 0.25899497 -0.30463487 0.27540559
v 0.27384996 -0.29555896 0.27228987
v 0.28875315 -0.28645355 0.26916409
v 0.30370477 -0.27731860 0.26602811
v 0.31870505 -0.26815385 0.26288196
v 0.33375421 -0.25895929 0.25972554
v 0.34885246 -0.24973474 0.25655881
v 0.36400005 -0.24048008 0.25338173
v 0.37919730 -0.23119502 0.25019425
v 0.39444441 -0.22187951 0.24699631
v 0.40974152 -0.21253349 0.24378787
v 0.42508909 -0.20315661 0.24056888
v 0.44048718 -0.19374886 0.23733926
v 0.45659089 -0.18203796 0.23348935
v 0.47316322 -0.16888268 0.22924902
v 0.48980722 -0.15567054 0.22499035
v 0.50652331 -0.14240122 0.22071321
v 0.52331191 -0.12907429 0.21641754
v 0.54017359 -0.11568940 0.21210314
v 0.55713165 -0.10216936 0.20774934
v 0.57417488 -0.08855438 0.20336683
v 0.59276831 -0.06999689 0.19765121
v 0.61287338 -0.04670983 0.19065830
v 0.63346547 -0.02212697 0.18331140
v 0.65636253 0.00964349 0.17402303
v 0.67947149 0.04170798 0.16464867
v 0.70279527 0.07407056 0.15518716
v 0.72633696 0.10673542 0.14563727
v 0.75009954 0.13970685 0.13599779
v 0.77408624 0.17298913 0.12626737
v 0.79830009 0.20658670 0.11644480
v 0.82274443 0.24050410 0.10652876
v 0.84742254 0.27474585 0.09651785
v -0.81691742 0.54365450 0.13461189
v -0.80778617 0.50737005 0.14320254
v -0.79873055 0.47138625 0.15172204
v -0.78974956 0.43569934 0.16017126
v -0.78084248 0.40030557 0.16855106
v -0.76980567 0.38483974 0.17181805
v -0.75908124 0.36699045 0.17569973
v -0.74839765 0.34920931 0.17956659
v -0.73775482 0.33149597 0.18341871
v -0.72715253 0.31385005 0.18725616
v -0.71659052 0.29627115 0.19107904
v -0.70606852 0.27875891 0.19488741
v -0.69558638 0.26131290 0.19868138
v -0.68514377 0.24393286 0.20246102
v -0.67474061 0.22661828 0.20622642
v -0.66437656 0.20936890 0.20997764
v -0.65405142 0.19218431 0.21371478
v -0.64376497 0.17506412 0.21743789
v -0.63351703 0.15800798 0.22114709
v -0.62330741 0.14101556 0.22484243
v -0.61313581 0.12408646 0.22852400
v -0.60300207 0.10722039 0.23219185
v -0.59290594 0.09041694 0.23584610
v -0.58284724 0.07367578 0.23948680
v -0.57282579 0.05699655 0.24311401
v -0.56284130 0.04037898 0.24672782
v -0.55289370 0.02382262 0.25032833
v -0.54269737 0.00925542 0.25341648
v -0.53226775 -0.00349061 0.25603530
v -0.52186614 -0.01620237 0.25864702
v -0.51139569 -0.02824700 0.26108775
v -0.50050747 -0.03738774 0.26277748
v -0.48963824 -0.04651260 0.26446426
v -0.47878790 -0.05562155 0.26614812
v -0.46795639 -0.06471467 0.26782906
v -0.45714372 -0.07379199 0.26950708
v -0.44634986 -0.08285356 0.27118218
v -0.43557465 -0.09189945 0.27285439
v -0.42481816 -0.10092963 0.27452371
v -0.41408026 -0.10994421 0.27619010
v -0.40336093 -0.11894317 0.27785364
v -0.39266011 -0.12792659 0.27951428
v -0.38197780 -0.13689451 0.28117210
v -0.37131393 -0.14584693 0.28282702
v -0.36066836 -0.15478395 0.28447905
v -0.35004115 -0.16370560 0.28612831
v -0.33935907 -0.17220375 0.28766835
v -0.32853335 -0.17979990 0.28897437
v -0.31772247 -0.18738566 0.29027864
v -0.30692631 -0.19496112 0.29158106
v -0.29614487 -0.20252621 0.29288176
v -0.28537810 -0.21008101 0.29418069
v -0.27462599 -0.21762554 0.29547784
v -0.26388851 -0.22515982 0.29677317
v -0.25316560 -0.23268379 0.29806685
v -0.24245730 -0.24019761 0.29935870
v -0.23176350 -0.24770117 0.30064881
v -0.22139092 -0.25674608 0.30234298
v -0.21125624 -0.26687536 0.30432215
v -0.20114261 -0.27698359 0.30629718
v -0.19060925 -0.28489596 0.30769861
v -0.18007475 -0.29271498 0.30907658
v -0.16955557 -0.30052263 0.31045255
v -0.15905175 -0.30831879 0.31182650
v -0.14856315 -0.31610367 0.31319845
v -0.13808976 -0.32387736 0.31456843
v -0.12763157 -0.33163977 0.31593639
v -0.11718858 -0.33939081 0.31730238
v -0.10676073 -0.34713057 0.31866643
v -0.09634795 -0.35485923 0.32002845
v -0.08595022 -0.36257678 0.32138851
v -0.07556757 -0.37028304 0.32274663
v -0.06487440 -0.37651813 0.32371882
v -0.05365515 -0.38035536 0.32406089
v -0.04243999 -0.38419119 0.32440284
v -0.03122893 -0.38802564 0.32474464
v -0.02002194 -0.39185867 0.32508633
v -0.00881905 -0.39569029 0.32542789
v 0.00237977 -0.39952055 0.32576934
v 0.01247096 -0.40804929 0.32734972
v 0.02277217 -0.41560370 0.32867426
v 0.03578964 -0.41168347 0.32697245
v 0.04917568 -0.40631860 0.32488820
v 0.06327247 -0.39812368 0.32205531
v 0.07741191 -0.38990390 0.31921384
v 0.09159420 -0.38165918 0.31636372
v 0.10581953 -0.37338960 0.31350499
v 0.12008812 -0.36509466 0.31063759
v 0.13440014 -0.35677460 0.30776143
v 0.14875582 -0.34842917 0.30487648
v 0.16315532 -0.34005827 0.30198273
v 0.17759888 -0.33166167 0.29908013
v 0.19208668 -0.32323939 0.29616866
v 0.20672014 -0.31440011 0.29314461
v 0.22144270 -0.30536935 0.29006761
v 0.23621286 -0.29630935 0.28698069
v 0.25103083 -0.28722000 0.28388372
v 0.26589689 -0.27810118 0.28077677
v 0.28081122 -0.26895273 0.27765968
v 0.29577407 -0.25977457 0.27453250
v 0.31078571 -0.25056642 0.27139509
v 0.32584628 -0.24132831 0.26824743
v 0.34095618 -0.23205987 0.26508951
v 0.35611546 -0.22276124 0.26192126
v 0.37132460 -0.21343195 0.25874257
v 0.38658360 -0.20407210 0.25555345
v 0.40189290 -0.19468139 0.25235385
v 0.41725260 -0.18525979 0.24914369
v 0.43266299 -0.17580704 0.24592292
v 0.44812441 -0.16632307 0.24269153
v 0.46363705 -0.15680762 0.23944941
v 0.47920114 -0.14726064 0.23619655
v 0.49582416 -0.13422808 0.23201148
v 0.51259452 -0.12087942 0.22773905
v 0.52943790 -0.10747269 0.22344801
v 0.54635799 -0.09399646 0.21913533
v 0.56338257 -0.08035953 0.21477658
v 0.58247179 -0.06003750 0.20862809
v 0.60295177 -0.03537811 0.20131558
v 0.62564111 -0.00376236 0.19213730
v 0.64853966 0.02814507 0.18287435
v 0.67165059 0.06034829 0.17352553
v 0.69497669 0.09285141 0.16408965
v 0.71852100 0.12565862 0.15456548
v 0.74228680 0.15877423 0.14495179
v 0.76627684 0.19220260 0.13524732
v 0.79049462 0.22594817 0.12545073
v 0.81494337 0.26001552 0.11556074
v 0.83962625 0.29440922 0.10557601
v -0.80353886 0.54377043 0.14723399
v -0.79446387 0.50748813 0.15577155
v -0.78546405 0.47150642 0.16423841
v -0.77653855 0.43582144 0.17263539
v -0.76680225 0.40830794 0.17895298
v -0.75596684 0.39115474 0.18263000
v -0.74526125 0.37328056 0.18649375
v -0.73459649 0.35547471 0.19034274
v -0.72397250 0.33773696 0.19417702
v -0.71338898 0.32006657 0.19799671
v -0.70284557 0.30246347 0.20180187
v -0.69234222 0.28492710 0.20559260
v -0.68187875 0.26745716 0.20936896
v -0.67145473 0.25005329 0.21313106
v -0.66107005 0.23271506 0.21687897
v -0.65072447 0.21544212 0.22061276
v -0.64041781 0.19823408 0.22433251
v -0.63014978 0.18109058 0.22803833
v -0.61992019 0.16401128 0.23173025
v -0.60972887 0.14699583 0.23540838
v -0.59957552 0.13004386 0.23907280
v -0.58945996 0.11315499 0.24272355
v -0.57938206 0.09632891 0.24636075
v -0.56934154 0.07956523 0.24998444
v -0.55903625 0.06494985 0.25305864
v -0.54851925 0.05204871 0.25569427
v -0.53803074 0.03918247 0.25832278
v -0.52757061 0.02635098 0.26094419
v -0.51713854 0.01355405 0.26355851
v -0.50673467 0.00079161 0.26616582
v -0.49582887 -0.00850808 0.26788324
v -0.48492649 -0.01768939 0.26957133
v -0.47404316 -0.02685464 0.27125651
v -0.46317884 -0.03600392 0.27293873
v -0.45233342 -0.04513724 0.27461803
v -0.44150692 -0.05425467 0.27629438
v -0.43069923 -0.06335625 0.27796784
v -0.41991034 -0.07244196 0.27963838
v -0.40914020 -0.08151192 0.28130603
v -0.39838868 -0.09056617 0.28297076
v -0.38765588 -0.09960472 0.28463262
v -0.37694168 -0.10862754 0.28629163
v -0.36624599 -0.11763482 0.28794771
v -0.35556877 -0.12662651 0.28960097
v -0.34491000 -0.13560264 0.29125133
v -0.33426964 -0.14456329 0.29289889
v -0.32364765 -0.15350851 0.29454359
v -0.31304401 -0.16243823 0.29618543
v -0.30245852 -0.17135264 0.29782450
v -0.29189134 -0.18025170 0.29946074
v -0.28134227 -0.18913548 0.30109408
v -0.27081132 -0.19800401 0.30272469
v -0.26029846 -0.20685728 0.30435252
v -0.24980363 -0.21569537 0.30597749
v -0.23932673 -0.22451836 0.30759975
v -0.22886778 -0.23332626 0.30921921
v -0.21831439 -0.24155076 0.31068823
v -0.20776662 -0.24970841 0.31214082
v -0.19636165 -0.25350899 0.31246138
v -0.18498230 -0.25741538 0.31280965
v -0.17360708 -0.26132035 0.31315783
v -0.16223611 -0.26522386 0.31350583
v -0.15086930 -0.26912594 0.31385371
v -0.13950670 -0.27302659 0.31420147
v -0.12814829 -0.27692583 0.31454915
v -0.11679408 -0.28082356 0.31489664
v 0.03616138 -0.35877413 0.32591429
v 0.04644090 -0.36673161 0.32733181
v 0.05956865 -0.36273998 0.32561725
v 0.07272044 -0.35874096 0.32389951
v 0.08589634 -0.35473466 0.32217863
v 0.09909645 -0.35072097 0.32045460
v 0.11232082 -0.34669992 0.31872740
v 0.12652203 -0.33883747 0.31598994
v 0.14089015 -0.33045036 0.31311265
v 0.15530221 -0.32203764 0.31022656
v 0.16975844 -0.31359908 0.30733165
v 0.18425898 -0.30513474 0.30442780
v 0.19880411 -0.29664436 0.30151507
v 0.21343124 -0.28798398 0.29855549
v 0.22821219 -0.27888122 0.29547733
v 0.24304108 -0.26974899 0.29238921
v 0.25791818 -0.26058707 0.28929105
v 0.27284357 -0.25139540 0.28618279
v 0.28781766 -0.24217372 0.28306440
v 0.30284062 -0.23292197 0.27993584
v 0.31791273 -0.22363998 0.27679703
v 0.33303419 -0.21432754 0.27364796
v 0.34820524 -0.20498459 0.27048856
v 0.36342612 -0.19561091 0.26731876
v 0.37869710 -0.18620649 0.26413855
v 0.39401847 -0.17677090 0.26094788
v 0.40939039 -0.16730425 0.25774664
v 0.42481312 -0.15780631 0.25453481
v 0.44028696 -0.14827688 0.25131238
v 0.45581213 -0.13871585 0.24807921
v 0.47138897 -0.12912302 0.24483530
v 0.48701760 -0.11949825 0.24158061
v 0.50269842 -0.10984132 0.23831506
v 0.51869583 -0.09925105 0.23479967
v 0.53559434 -0.08576387 0.23051341
v 0.55258387 -0.07215989 0.22619303
v 0.57261705 -0.04855154 0.21921416
v 0.59510058 -0.01708925 0.21014488
v 0.61779100 0.01466247 0.20099215
v 0.64069104 0.04670762 0.19175486
v 0.66380382 0.07905032 0.18243182
v 0.68713206 0.11169470 0.17302176
v 0.71067905 0.14464505 0.16352354
v 0.73444766 0.17790560 0.15393588
v 0.75844115 0.21148086 0.14425753
v 0.78266281 0.24537525 0.13448717
v 0.80711567 0.27959335 0.12462351
v -0.79016215 0.54388636 0.15985431
v -0.78114349 0.50760615 0.16833878
v -0.77219951 0.47162649 0.17675298
v -0.76332927 0.43594357 0.18509774
v -0.75283623 0.41544658 0.18959686
v -0.74210835 0.39747867 0.19345741
v -0.73142159 0.37957969 0.19730316
v -0.72077578 0.36174917 0.20113420
v -0.71017057 0.34398672 0.20495060
v -0.69960582 0.32629195 0.20875245
v -0.68908125 0.30866456 0.21253987
v -0.67859668 0.29110405 0.21631287
v -0.66815180 0.27361012 0.22007160
v -0.65774637 0.25618231 0.22381610
v -0.64738029 0.23882034 0.22754647
v -0.63705325 0.22152379 0.23126277
v -0.62676507 0.20429224 0.23496510
v -0.61651552 0.18712546 0.23865354
v -0.60630441 0.17002295 0.24232815
v -0.59613138 0.15298443 0.24598902
v -0.58599639 0.13600950 0.24963622
v -0.57558113 0.12134613 0.25269625
v -0.56497544 0.10828704 0.25534895
v -0.55439860 0.09526341 0.25799444
v -0.54385048 0.08227518 0.26063275
v -0.53333104 0.06932222 0.26326391
v -0.52284008 0.05640435 0.26588792
v -0.51237750 0.04352142 0.26850486
v -0.50194323 0.03067333 0.27111471
v -0.49111810 0.02057012 0.27302411
v -0.48018244 0.01133182 0.27471352
v -0.46926594 0.00210967 0.27639994
v -0.45836854 -0.00709631 0.27808344
v -0.44749019 -0.01628619 0.27976400
v -0.43663085 -0.02546005 0.28144160
v -0.42579049 -0.03461787 0.28311625
v -0.41496900 -0.04375969 0.28478801
v -0.40416640 -0.05288563 0.28645688
v -0.39338258 -0.06199566 0.28812280
v -0.38261753 -0.07108981 0.28978583
v -0.37187120 -0.08016820 0.29144600
v -0.36114353 -0.08923081 0.29310325
v -0.35043448 -0.09827767 0.29475766
v -0.33974397 -0.10730886 0.29640916
v -0.32907203 -0.11632438 0.29805782
v -0.31841853 -0.12532438 0.29970363
v -0.30778348 -0.13430871 0.30134660
v -0.29716673 -0.14327759 0.30298671
v -0.28656837 -0.15223096 0.30462399
v -0.27598828 -0.16116892 0.30625847
v -0.26542640 -0.17009142 0.30789012
v -0.25488272 -0.17899862 0.30951899
v -0.24435720 -0.18789043 0.31114504
v -0.23294182 -0.19209540 0.31156293
v -0.21949007 -0.18588391 0.30929264
v 0.06017860 -0.30881935 0.32445911
v 0.07043368 -0.31719050 0.32597104
v 0.08367345 -0.31312582 0.32424346
v 0.09693768 -0.30905363 0.32251269
v 0.11022640 -0.30497390 0.32077873
v 0.12353969 -0.30088666 0.31904155
v 0.13687761 -0.29679185 0.31730115
v 0.15024026 -0.29268944 0.31555754
v 0.16362767 -0.28857940 0.31381068
v 0.17703992 -0.28446180 0.31206059
v 0.19096251 -0.27843499 0.30981031
v 0.20556541 -0.26987571 0.30689636
v 0.22021340 -0.26129004 0.30397344
v 0.23502554 -0.25222158 0.30092213
v 0.24991362 -0.24301635 0.29783285
v 0.26485014 -0.23378116 0.29473346
v 0.27983549 -0.22451583 0.29162398
v 0.29486984 -0.21522012 0.28850433
v 0.30995336 -0.20589407 0.28537446
v 0.32508644 -0.19653733 0.28223434
v 0.34026918 -0.18714993 0.27908385
v 0.35550189 -0.17773160 0.27592304
v 0.37078482 -0.16828227 0.27275178
v 0.38611823 -0.15880165 0.26957011
v 0.40150234 -0.14928971 0.26637787
v 0.41693735 -0.13974637 0.26317504
v 0.43242368 -0.13017121 0.25996161
v 0.44796142 -0.12056431 0.25673750
v 0.46355096 -0.11092535 0.25350267
v 0.47923326 -0.10111254 0.25021970
v 0.49507302 -0.09090602 0.24683076
v 0.51096797 -0.08066397 0.24343003
v 0.52691835 -0.07038619 0.24001743
v 0.54306090 -0.05961023 0.23647112
v 0.56473958 -0.03033782 0.22804663
v 0.58722371 0.00125942 0.21900305
v 0.60991508 0.03314783 0.20987611
v 0.63281655 0.06533144 0.20066467
v 0.65593100 0.09781437 0.19136760
v 0.67926133 0.13060081 0.18198363
v 0.70281070 0.16369499 0.17251158
v 0.72658223 0.19710135 0.16295019
v 0.75057906 0.23082428 0.15329820
v 0.77480429 0.26486829 0.14355427
v 0.79926139 0.29923797 0.13371715
v -0.77678740 0.54400235 0.17247285
v -0.76782501 0.50772417 0.18090421
v -0.75893676 0.47174662 0.18926577
v -0.74988866 0.43811268 0.19704266
v -0.73893875 0.42180458 0.20045786
v -0.72823000 0.40381163 0.20430030
v -0.71756220 0.38588774 0.20812799
v -0.70693535 0.36803246 0.21194102
v -0.69634908 0.35024536 0.21573950
v -0.68580323 0.33252618 0.21952347
v -0.67529744 0.31487441 0.22329305
v -0.66483158 0.29728973 0.22704832
v -0.65440547 0.27977172 0.23078933
v -0.64401877 0.26231998 0.23451617
v -0.63367134 0.24493422 0.23822896
v -0.62336290 0.22761400 0.24192774
v -0.61309326 0.21035895 0.24561259
v -0.60286224 0.19316877 0.24928360
v -0.59233570 0.17845772 0.25232926
v -0.58163995 0.16523758 0.25499925
v -0.57097334 0.15205362 0.25766197
v -0.56033605 0.13890578 0.26031741
v -0.54972774 0.12579378 0.26296556
v -0.53914833 0.11271757 0.26560655
v -0.52859771 0.09967695 0.26824030
v -0.51807588 0.08667179 0.27086690
v -0.50758255 0.07370197 0.27348638
v -0.49711770 0.06076730 0.27609873
v -0.48637486 0.04984889 0.27820045
v -0.47540569 0.04055298 0.27989110
v -0.46445578 0.03127344 0.28157881
v -0.45352513 0.02201016 0.28326353
v -0.44261363 0.01276314 0.28494531
v -0.43172130 0.00353235 0.28662413
v -0.42084804 -0.00568228 0.28830004
v -0.40999380 -0.01488078 0.28997299
v -0.39915854 -0.02406320 0.29164299
v -0.38834220 -0.03322958 0.29331011
v -0.37754479 -0.04237996 0.29497430
v -0.36676612 -0.05151436 0.29663560
v -0.35600632 -0.06063284 0.29829401
v -0.34526521 -0.06973550 0.29994950
v -0.33454281 -0.07882226 0.30160215
v -0.32383904 -0.08789323 0.30325189
v -0.31315383 -0.09694853 0.30489880
v -0.30248719 -0.10598800 0.30654284
v -0.29183906 -0.11501183 0.30818403
v -0.28120929 -0.12402014 0.30982235
v -0.27042440 -0.13208775 0.31122112
v -0.25883520 -0.13581194 0.31150872
v -0.24721438 -0.13935061 0.31174898
v 0.08452929 -0.25817087 0.32298371
v 0.09475715 -0.26696643 0.32459152
v 0.10811085 -0.26282713 0.32285073
v 0.12148940 -0.25868008 0.32110673
v 0.13489279 -0.25452530 0.31935945
v 0.14832114 -0.25036284 0.31760892
v 0.16177452 -0.24619259 0.31585515
v 0.17525299 -0.24201457 0.31409812
v 0.18875661 -0.23782875 0.31233779
v 0.20228547 -0.23363511 0.31057414
v 0.21583964 -0.22943364 0.30880725
v 0.22941919 -0.22522427 0.30703703
v 0.24302357 -0.22100930 0.30526406
v 0.25810888 -0.21123406 0.30204424
v 0.27324551 -0.20142552 0.29881340
v 0.28843385 -0.19158353 0.29557160
v 0.30367398 -0.18170792 0.29231867
v 0.31896630 -0.17179854 0.28905463
v 0.33431101 -0.16185518 0.28577942
v 0.34970844 -0.15187767 0.28249294
v 0.36515886 -0.14186583 0.27919516
v 0.38066247 -0.13181952 0.27588603
v 0.39621958 -0.12173852 0.27256545
v 0.41183048 -0.11162268 0.26923344
v 0.42749554 -0.10147178 0.26588985
v 0.44321483 -0.09128568 0.26253468
v 0.45898882 -0.08106417 0.25916782
v 0.47481769 -0.07080707 0.25578925
v 0.49070179 -0.06051421 0.25239894
v 0.50664139 -0.05018538 0.24899673
v 0.52263677 -0.03982040 0.24558263
v 0.53919226 -0.02770024 0.24170679
v 0.55762064 -0.00940613 0.23621197
v 0.57932109 0.01966821 0.22789022
v 0.60201329 0.05169404 0.21878926
v 0.62491596 0.08401683 0.20960397
v 0.64803201 0.11664072 0.20033306
v 0.67136443 0.14956997 0.19097538
v 0.69491607 0.18280883 0.18152975
v 0.71869034 0.21636175 0.17199485
v 0.74269027 0.25023311 0.16236944
v 0.76691914 0.28442761 0.15265223
v 0.79138017 0.31894976 0.14284189
v -0.76341462 0.54411817 0.18508954
v -0.75450838 0.50784224 0.19346789
v -0.74567598 0.47186664 0.20177680
v -0.73575240 0.44625938 0.20749539
v -0.72502142 0.42817172 0.21133441
v -0.71433175 0.41015375 0.21515869
v -0.70368308 0.39220485 0.21896827
v -0.69307524 0.37432474 0.22276326
v -0.68250793 0.35651296 0.22654374
v -0.67198098 0.33876917 0.23030978
v -0.66149408 0.32109305 0.23406149
v -0.65104705 0.30348411 0.23779893
v -0.64063972 0.28594196 0.24152218
v -0.63027179 0.26846632 0.24523135
v -0.61994308 0.25105667 0.24892648
v -0.60930425 0.23629819 0.25195757
v -0.59851688 0.22291403 0.25464511
v -0.58775914 0.20956673 0.25732526
v -0.57703114 0.19625616 0.25999802
v -0.56633252 0.18298218 0.26266342
v -0.55566335 0.16974460 0.26532155
v -0.54502332 0.15654333 0.26797238
v -0.53441250 0.14337817 0.27061597
v -0.52383059 0.13024896 0.27325228
v -0.51327759 0.11715560 0.27588144
v -0.50275338 0.10409795 0.27850342
v -0.49225777 0.09107582 0.28111827
v -0.48159879 0.07933033 0.28341261
v -0.47059590 0.06997628 0.28510454
v -0.45961240 0.06063866 0.28679344
v -0.44864827 0.05131756 0.28847939
v -0.43770346 0.04201284 0.29016238
v -0.42677793 0.03272453 0.29184240
v -0.41587156 0.02345250 0.29351947
v -0.40498438 0.01419679 0.29519358
v -0.39411622 0.00495728 0.29686478
v -0.38326722 -0.00426600 0.29853302
v -0.37243715 -0.01347312 0.30019835
v -0.36162609 -0.02266412 0.30186078
v -0.35083389 -0.03183905 0.30352029
v -0.34006056 -0.04099801 0.30517688
v -0.32930607 -0.05014089 0.30683064
v -0.31857026 -0.05926792 0.30848145
v -0.30785322 -0.06837898 0.31012943
v -0.29671597 -0.07507236 0.31116441
v -0.28505069 -0.07882842 0.31145382
v -0.27338901 -0.08258332 0.31174308
v -0.26133305 -0.08421770 0.31149343
v 0.10922048 -0.20681420 0.32148764
v 0.11941827 -0.21604533 0.32319283
v 0.13288778 -0.21182962 0.32143864
v 0.14638251 -0.20760605 0.31968120
v 0.15990251 -0.20337453 0.31792045
v 0.17344785 -0.19913509 0.31615636
v 0.18701859 -0.19488774 0.31438902
v 0.20061484 -0.19063236 0.31261832
v 0.21423665 -0.18636900 0.31084430
v 0.22788408 -0.18209764 0.30906695
v 0.24155721 -0.17781821 0.30728623
v 0.25504839 -0.17432851 0.30570817
v 0.26825148 -0.17201796 0.30443347
v 0.28348017 -0.16209395 0.30119082
v 0.29876101 -0.15213595 0.29793704
v 0.31409433 -0.14214379 0.29467213
v 0.32948035 -0.13211724 0.29139596
v 0.34491938 -0.12205616 0.28810850
v 0.36041170 -0.11196034 0.28480971
v 0.37595758 -0.10182964 0.28149948
v 0.39155725 -0.09166386 0.27817783
v 0.40721110 -0.08146282 0.27484465
v 0.42291930 -0.07122632 0.27149990
v 0.43868220 -0.06095419 0.26814348
v 0.45450002 -0.05064625 0.26477534
v 0.47037312 -0.04030230 0.26139548
v 0.48630175 -0.02992216 0.25800377
v 0.50228626 -0.01950563 0.25460020
v 0.51832688 -0.00905253 0.25118464
v 0.53529674 0.00443191 0.24697891
v 0.55377847 0.02288034 0.24147977
v 0.57236457 0.04143296 0.23594955
v 0.59408557 0.07030138 0.22773184
v 0.61698925 0.10276411 0.21857281
v 0.64010674 0.13552974 0.20932838
v 0.66344094 0.16860253 0.19999722
v 0.68699497 0.20198686 0.19057818
v 0.71077180 0.23568714 0.18107003
v 0.73477477 0.26970783 0.17147146
v 0.75900710 0.30405352 0.16178118
v 0.78347200 0.33872902 0.15199788
v -0.74119371 0.50796020 0.20602971
v -0.73241699 0.47198668 0.21428606
v -0.72179598 0.45266104 0.21840581
v -0.71108413 0.43454805 0.22222658
v -0.70041358 0.41650486 0.22603261
v -0.68978411 0.39853096 0.22982404
v -0.67919528 0.38062599 0.23360091
v -0.66864705 0.36278942 0.23736335
v -0.65813905 0.34502110 0.24111143
v -0.64767116 0.32732055 0.24484520
v -0.63724309 0.30968726 0.24856475
v -0.62649071 0.29488167 0.25158113
v -0.61561024 0.28133032 0.25428644
v -0.60476005 0.26781654 0.25698423
v -0.59393984 0.25434020 0.25967458
v -0.58314949 0.24090111 0.26235747
v -0.57238901 0.22749913 0.26503298
v -0.56165820 0.21413410 0.26770106
v -0.55095690 0.20080590 0.27036181
v -0.54028505 0.18751435 0.27301526
v -0.52964258 0.17425931 0.27566141
v -0.51902920 0.16104062 0.27830032
v -0.50844491 0.14785813 0.28093198
v -0.49788961 0.13471168 0.28355643
v -0.48736313 0.12160116 0.28617376
v -0.47678950 0.10901652 0.28866097
v -0.46575272 0.09960369 0.29035410
v -0.45473546 0.09020752 0.29204422
v -0.44373766 0.08082798 0.29373139
v -0.43275934 0.07146502 0.29541555
v -0.42180035 0.06211854 0.29709673
v -0.41086072 0.05278861 0.29877499
v -0.39994034 0.04347509 0.30045027
v -0.38903919 0.03417795 0.30212256
v -0.37815726 0.02489719 0.30379194
v -0.36729443 0.01563274 0.30545837
v -0.35645068 0.00638456 0.30712190
v -0.34562594 -0.00284741 0.30878249
v -0.33482015 -0.01206320 0.31044018
v -0.32333663 -0.01734325 0.31110701
v -0.31159425 -0.02113172 0.31139821
v -0.29985550 -0.02491901 0.31168935
v -0.28812039 -0.02870509 0.31198034
v -0.27563152 -0.02838269 0.31123453
v 0.13425939 -0.15473430 0.31997052
v 0.14442407 -0.16441241 0.32177460
v 0.15801135 -0.16011859 0.32000682
v 0.17162423 -0.15581675 0.31823570
v 0.18526280 -0.15150675 0.31646124
v 0.19892707 -0.14718863 0.31468344
v 0.21261719 -0.14286236 0.31290224
v 0.22633322 -0.13852791 0.31111774
v 0.24007517 -0.13418521 0.30932981
v 0.25384319 -0.12983432 0.30753851
v 0.26759034 -0.12565567 0.30579007
v 0.28057069 -0.12449192 0.30481392
v 0.29381621 -0.12237255 0.30359182
v 0.30919075 -0.11229672 0.30032602
v 0.32461831 -0.10218611 0.29704896
v 0.34009910 -0.09204058 0.29376057
v 0.35563362 -0.08185991 0.29046082
v 0.37122193 -0.07164393 0.28714961
v 0.38686445 -0.06139246 0.28382689
v 0.40256137 -0.05110534 0.28049263
v 0.41831306 -0.04078232 0.27714673
v 0.43411970 -0.03042327 0.27378914
v 0.44998169 -0.02002797 0.27041981
v 0.46589923 -0.00959623 0.26703867
v 0.48187268 0.00087210 0.26364565
v 0.49790227 0.01137727 0.26024070
v 0.51398838 0.02191945 0.25682378
v 0.53137398 0.03678852 0.25228786
v 0.54990941 0.05539301 0.24678446
v 0.56854981 0.07410292 0.24124984
v 0.58729619 0.09291918 0.23568381
v 0.60903621 0.12157355 0.22757146
v 0.63215500 0.15448166 0.21835364
v 0.65549099 0.18769884 0.20904927
v 0.67904711 0.22122939 0.19965710
v 0.70282644 0.25507781 0.19017588
v 0.72683239 0.28924859 0.18060438
v 0.75106806 0.32374644 0.17094128
v 0.77553672 0.35857603 0.16118525
v -0.72788090 0.50807816 0.21858978
v -0.71855325 0.47728041 0.22551480
v -0.70781934 0.45907179 0.22933196
v -0.69712687 0.44093347 0.23313436
v -0.68647563 0.42286509 0.23692212
v -0.67586523 0.40486610 0.24069533
v -0.66529560 0.38693619 0.24445404
v -0.65476644 0.36907494 0.24819838
v -0.64389938 0.35422260 0.25119981
v -0.63292438 0.34050080 0.25392312
v -0.62198001 0.32681736 0.25663882
v -0.61106610 0.31317201 0.25934696
v -0.60018265 0.29956466 0.26204756
v -0.58932942 0.28599516 0.26474065
v -0.57850629 0.27246329 0.26742625
v -0.56771314 0.25896889 0.27010441
v -0.55694991 0.24551190 0.27277520
v -0.54621643 0.23209208 0.27543855
v -0.53551257 0.21870930 0.27809459
v -0.52483821 0.20536342 0.28074330
v -0.51419318 0.19205427 0.28338471
v -0.50357747 0.17878170 0.28601888
v -0.49299088 0.16554555 0.28864580
v -0.48243332 0.15234569 0.29126552
v -0.47190467 0.13918199 0.29387808
v -0.46087584 0.12943746 0.29564023
v -0.44982457 0.11998209 0.29733157
v -0.43879291 0.11054353 0.29901987
v -0.42778081 0.10112169 0.30070519
v -0.41678825 0.09171657 0.30238757
v -0.40581509 0.08232806 0.30406690
v -0.39486140 0.07295619 0.30574331
v -0.38392702 0.06360082 0.30741674
v -0.37301195 0.05426202 0.30908719
v -0.36211613 0.04493965 0.31075475
v -0.35029262 0.04111305 0.31104887
v -0.33847216 0.03729169 0.31134191
v -0.32665533 0.03347153 0.31163487
v -0.31484216 0.02965250 0.31192774
v -0.30303261 0.02583465 0.31222051
v -0.29011315 0.02816781 0.31097233
v 0.15965332 -0.10191591 0.31843188
v 0.16978185 -0.11205275 0.32033643
v 0.18348888 -0.10767907 0.31855479
v 0.19722193 -0.10329714 0.31676981
v 0.21098104 -0.09890682 0.31498143
v 0.22476631 -0.09450822 0.31318966
v 0.23857781 -0.09010121 0.31139445
v 0.25241563 -0.08568583 0.30959585
v 0.26627982 -0.08126202 0.30779383
v 0.28017050 -0.07682977 0.30598837
v 0.29335612 -0.07518050 0.30489084
v 0.30643749 -0.07398269 0.30390763
v 0.31972456 -0.07205994 0.30273885
v 0.33524743 -0.06182905 0.29944956
v 0.35082430 -0.05156262 0.29614893
v 0.36645532 -0.04126048 0.29283676
v 0.38214082 -0.03092243 0.28951305
v 0.39788112 -0.02054827 0.28617772
v 0.41367644 -0.01013784 0.28283077
v 0.42952713 0.00030908 0.27947205
v 0.44543344 0.01079265 0.27610156
v 0.46139574 0.02131309 0.27271923
v 0.47741416 0.03187060 0.26932496
v 0.49348918 0.04246533 0.26591873
v 0.50962096 0.05309755 0.26250044
v 0.52742374 0.06937198 0.25763404
v 0.54601306 0.08813425 0.25212646
v 0.56470817 0.10700322 0.24658753
v 0.58350986 0.12597983 0.24101703
v 0.60241908 0.14506495 0.23541465
v 0.62417686 0.17349689 0.22740905
v 0.64751440 0.20685919 0.21813166
v 0.67107248 0.24053675 0.20876656
v 0.69485426 0.27453414 0.19931258
v 0.71886301 0.30885589 0.18976837
v 0.74310184 0.34350666 0.18013267
v 0.76757413 0.37849125 0.17040417
v -0.71456999 0.50819618 0.23114809
v -0.70453721 0.48372599 0.23647512
v -0.69382268 0.46549180 0.24027380
v -0.68314958 0.44732815 0.24405780
v -0.67251754 0.42923439 0.24782725
v -0.66153455 0.41433564 0.25081354
v -0.65046346 0.40044016 0.25355509
v -0.63942343 0.38658375 0.25628892
v -0.62841439 0.37276620 0.25901508
v -0.61743623 0.35898733 0.26173362
v -0.60648870 0.34524700 0.26444453
v -0.59557182 0.33154508 0.26714793
v -0.58468533 0.31788138 0.26984370
v -0.57382917 0.30425575 0.27253202
v -0.56300330 0.29066798 0.27521288
v -0.55220741 0.27711797 0.27788621
v -0.54144150 0.26360556 0.28055218
v -0.53070539 0.25013059 0.28321078
v -0.51999897 0.23669289 0.28586200
v -0.50932217 0.22329232 0.28850591
v -0.49867478 0.20992871 0.29114252
v -0.48805678 0.19660193 0.29377186
v -0.47746795 0.18331178 0.29639396
v -0.46690822 0.17005815 0.29900885
v -0.45596486 0.15947969 0.30096331
v -0.44487938 0.14996457 0.30265582
v -0.43381366 0.14046638 0.30434528
v -0.42276761 0.13098508 0.30603173
v -0.41174123 0.12152065 0.30771521
v -0.40073442 0.11207304 0.30939567
v -0.38949376 0.10416642 0.31069502
v -0.37759039 0.10031039 0.31099004
v -0.36569068 0.09645555 0.31128493
v -0.35379472 0.09260190 0.31157970
v -0.34190249 0.08874948 0.31187445
v -0.33001396 0.08489826 0.31216910
v -0.31812918 0.08104827 0.31246364
v -0.30478159 0.08544763 0.31070679
v 0.18541002 -0.04834305 0.31687132
v 0.19549909 -0.05895089 0.31887785
v 0.20932791 -0.05449550 0.31708217
v 0.22318314 -0.05003161 0.31528312
v 0.23706490 -0.04555917 0.31348062
v 0.25097322 -0.04107818 0.31167465
v 0.26490822 -0.03658859 0.30986524
v 0.27886993 -0.03209039 0.30805233
v 0.29285842 -0.02758357 0.30623594
v 0.30630174 -0.02525119 0.30496871
v 0.31947190 -0.02401979 0.30397940
v 0.33265573 -0.02278714 0.30298904
v 0.34598339 -0.02106655 0.30187431
v 0.36165738 -0.01067731 0.29856125
v 0.37738615 -0.00025176 0.29523662
v 0.39317000 0.01021032 0.29190034
v 0.40900925 0.02070911 0.28855234
v 0.42490414 0.03124483 0.28519258
v 0.44085506 0.04181763 0.28182098
v 0.45686224 0.05242773 0.27843750
v 0.47292602 0.06307532 0.27504206
v 0.48904663 0.07376064 0.27163461
v 0.50522447 0.08448383 0.26821506
v 0.52344567 0.10218467 0.26301783
v 0.54208928 0.12110649 0.25750610
v 0.56083930 0.14013632 0.25196296
v 0.57969660 0.15927505 0.24638806
v 0.59866220 0.17852364 0.24078120
v 0.61773694 0.19788305 0.23514204
v 0.63951099 0.22608390 0.22724456
v 0.66307098 0.25990936 0.21790682
v 0.68685502 0.29405650 0.20848024
v 0.71086645 0.32853001 0.19896358
v 0.73510838 0.36333457 0.18935554
v 0.75958425 0.39847496 0.17965479
v -0.70126176 0.50830787 0.24370609
v -0.69050086 0.49018082 0.24745123
v -0.67940074 0.47523606 0.25042221
v -0.66823196 0.46116352 0.25318223
v -0.65709472 0.44713074 0.25593445
v -0.64598894 0.43313760 0.25867888
v -0.63491446 0.41918391 0.26141560
v -0.62387115 0.40526950 0.26414463
v -0.61285895 0.39139423 0.26686594
v -0.60187757 0.37755787 0.26957965
v -0.59092706 0.36376035 0.27228573
v -0.58000720 0.35000145 0.27498424
v -0.56911784 0.33628103 0.27767518
v -0.55825889 0.32259887 0.28035864
v -0.54743022 0.30895489 0.28303459
v -0.53663170 0.29534891 0.28570312
v -0.52586317 0.28178072 0.28836420
v -0.51512462 0.26825023 0.29101795
v -0.50441581 0.25475726 0.29366431
v -0.49373659 0.24130161 0.29630333
v -0.48308697 0.22788319 0.29893506
v -0.47246668 0.21450180 0.30155951
v -0.46187574 0.20115732 0.30417675
v -0.45101944 0.18973261 0.30632374
v -0.43989959 0.18015710 0.30801737
v -0.42879957 0.17059869 0.30970794
v -0.41722000 0.16415295 0.31063351
v -0.40523633 0.16026290 0.31093040
v -0.39325643 0.15637405 0.31122717
v -0.38128027 0.15248644 0.31152388
v -0.36930791 0.14860007 0.31182051
v -0.35733926 0.14471488 0.31211704
v -0.34537441 0.14083092 0.31241345
v -0.33341330 0.13694820 0.31270978
v 0.21153721 0.00600047 0.31528825
v 0.22158349 -0.00509087 0.31739846
v 0.23553619 -0.00055187 0.31558853
v 0.24951576 0.00399584 0.31377518
v 0.26352224 0.00855237 0.31195828
v 0.27755576 0.01311762 0.31013793
v 0.29161632 0.01769169 0.30831403
v 0.30570406 0.02227462 0.30648661
v 0.31941065 0.02530777 0.30504757
v 0.33267075 0.02657347 0.30405205
v 0.34594476 0.02784053 0.30305547
v 0.35923272 0.02910888 0.30205783
v 0.37259999 0.03062150 0.30099800
v 0.38842767 0.04117247 0.29766083
v 0.40431109 0.05176056 0.29431188
v 0.42025051 0.06238601 0.29095110
v 0.43624625 0.07304901 0.28757846
v 0.45229861 0.08374974 0.28419390
v 0.46840790 0.09448841 0.28079733
v 0.48457441 0.10526524 0.27738869
v 0.50084758 0.11625420 0.27392402
v 0.51943952 0.13522901 0.26843962
v 0.53813773 0.15431218 0.26292390
v 0.55694294 0.17350462 0.25737655
v 0.57585621 0.19280739 0.25179738
v 0.59487849 0.21222129 0.24618605
v 0.61401063 0.23174737 0.24054231
v 0.63325357 0.25138655 0.23486586
v 0.65504241 0.27934736 0.22707793
v 0.67882860 0.31364512 0.21767905
v 0.70284259 0.34827125 0.20819019
v 0.72708750 0.38323045 0.19861005
v 0.75156677 0.41852760 0.18893731
v -0.66276920 0.50257647 0.25633129
v -0.65162361 0.48812500 0.25916326
v -0.64051044 0.47371554 0.26198697
v -0.62942952 0.45934799 0.26480252
v -0.61838078 0.44502211 0.26760986
v -0.60736406 0.43073773 0.27040908
v -0.59637922 0.41649467 0.27320018
v -0.58542609 0.40229279 0.27598327
v -0.57450455 0.38813183 0.27875829
v -0.56361455 0.37401170 0.28152531
v -0.55275577 0.35993215 0.28428441
v -0.54192823 0.34589306 0.28703555
v -0.53113168 0.33189419 0.28977883
v -0.52036613 0.31793547 0.29251420
v -0.50963134 0.30401665 0.29524180
v -0.49892724 0.29013759 0.29796159
v -0.48825362 0.27629811 0.30067363
v -0.47761038 0.26249799 0.30337796
v -0.46699741 0.24873716 0.30607459
v -0.45641464 0.23501542 0.30876353
v -0.44530228 0.22490980 0.31057119
v -0.43323725 0.22098516 0.31087002
v -0.42117602 0.21706174 0.31116873
v -0.40911859 0.21313959 0.31146735
v -0.39706498 0.20921867 0.31176585
v -0.38501519 0.20529899 0.31206429
v -0.37296921 0.20138057 0.31236264
v -0.36092705 0.19746336 0.31266087
v -0.34888867 0.19354737 0.31295905
v 0.23804303 0.06113148 0.31368229
v 0.24804296 0.04954358 0.31589773
v 0.26212171 0.05416818 0.31407341
v 0.27622771 0.05880167 0.31224549
v 0.29036111 0.06344418 0.31041402
v 0.30452198 0.06809574 0.30857900
v 0.31871033 0.07275631 0.30674043
v 0.33268592 0.07650831 0.30512744
v 0.34603718 0.07780912 0.30412564
v 0.35940257 0.07911130 0.30312276
v 0.37278211 0.08041486 0.30211884
v 0.38617581 0.08171982 0.30111384
v 0.39958373 0.08302613 0.30010778
v 0.41556582 0.09373472 0.29674801
v 0.43160665 0.10448885 0.29337439
v 0.44770446 0.11528117 0.28998879
v 0.46385950 0.12611191 0.28659114
v 0.48007217 0.13698123 0.28318137
v 0.49675888 0.14937080 0.27938807
v 0.51540506 0.16850747 0.27389985
v 0.53415805 0.18775381 0.26838017
v 0.55301887 0.20711076 0.26282874
v 0.57198846 0.22657932 0.25724533
v 0.59106767 0.24616042 0.25162965
v 0.61025745 0.26585507 0.24598141
v 0.62955892 0.28566420 0.24030030
v 0.64897287 0.30558887 0.23458609
v 0.67077494 0.33330044 0.22690918
v 0.69479126 0.36808002 0.21744835
v 0.71903902 0.40319467 0.20789634
v 0.74352163 0.43864939 0.19825186
v -0.61160576 0.49460688 0.26882371
v -0.60053509 0.48016757 0.27163735
v -0.58949667 0.46577027 0.27444282
v -0.57849038 0.45141485 0.27724016
v -0.56751597 0.43710104 0.28002936
v -0.55657339 0.42282870 0.28281045
v -0.54566240 0.40859765 0.28558350
v -0.53478301 0.39440772 0.28834859
v -0.52393490 0.38025871 0.29110566
v -0.51311815 0.36615044 0.29385480
v -0.50233245 0.35208276 0.29659605
v -0.49157771 0.33805549 0.29932943
v -0.48085383 0.32406846 0.30205494
v -0.47016069 0.31012148 0.30477265
v -0.45949811 0.29621437 0.30748260
v -0.44886595 0.28234696 0.31018481
v -0.43731651 0.27457625 0.31141004
v -0.42518058 0.27062026 0.31171051
v -0.41304851 0.26666549 0.31201088
v -0.40092030 0.26271197 0.31231114
v -0.38879597 0.25875977 0.31261134
v -0.37667546 0.25480875 0.31291142
v -0.36423308 0.25281790 0.31273523
v 0.26493570 0.11706714 0.31205285
v 0.27488562 0.10496937 0.31437531
v 0.28909260 0.10968146 0.31253627
v 0.30332732 0.11440281 0.31069359
v 0.31758985 0.11913338 0.30884734
v 0.33188030 0.12387321 0.30699742
v 0.34613070 0.12836273 0.30520833
v 0.35957444 0.12969944 0.30420017
v 0.37303242 0.13103756 0.30319092
v 0.38650483 0.13237713 0.30218062
v 0.39999154 0.13371812 0.30116922
v 0.41349265 0.13506053 0.30015674
v 0.42700818 0.13640440 0.29914320
v 0.44307947 0.14702417 0.29582253
v 0.45928055 0.15794797 0.29242390
v 0.47553959 0.16891080 0.28901309
v 0.49264118 0.18272220 0.28489083
v 0.51134181 0.20202255 0.27939886
v 0.53015006 0.22143389 0.27387530
v 0.54906672 0.24095722 0.26831990
v 0.56809288 0.26059347 0.26273236
v 0.58722943 0.28034368 0.25711241
v 0.60647726 0.30020881 0.25145972
v 0.62583750 0.32018983 0.24577406
v 0.64531100 0.34028786 0.24005513
v 0.66489887 0.36050382 0.23430264
v 0.68671232 0.38795659 0.22673823
v 0.71096289 0.42322764 0.21721463
v 0.73544872 0.45884082 0.20759864
v -0.54945070 0.47221074 0.28411043
v -0.53848702 0.45782560 0.28689763
v -0.52755523 0.44348231 0.28967676
v -0.51665521 0.42918056 0.29244781
v -0.50578666 0.41492024 0.29521081
v -0.49494964 0.40070122 0.29796585
v -0.48414385 0.38652328 0.30071288
v -0.47336930 0.37238616 0.30345204
v -0.46262571 0.35828981 0.30618331
v -0.45191306 0.34423399 0.30890670
v -0.44123116 0.33021852 0.31162229
v -0.42923465 0.32484049 0.31225899
v -0.41702703 0.32085261 0.31256115
v -0.40482327 0.31686601 0.31286317
v -0.39262342 0.31288072 0.31316510
v -0.37975687 0.31300986 0.31247470
v 0.29222375 0.17382520 0.31039944
v 0.30182654 0.16099061 0.31286386
v 0.31645739 0.16600548 0.31097668
v 0.33082306 0.17081673 0.30911905
v 0.34521702 0.17563747 0.30725771
v 0.35963932 0.18046765 0.30539268
v 0.37328574 0.18225707 0.30427566
v 0.38683772 0.18363199 0.30325997
v 0.40040421 0.18500835 0.30224317
v 0.41398525 0.18638621 0.30122530
v 0.42758086 0.18776554 0.30020633
v 0.44119105 0.18914634 0.29918626
v 0.45481595 0.19052865 0.29816511
v 0.47097644 0.20105608 0.29488420
v 0.48849422 0.21631093 0.29043275
v 0.50724959 0.23577675 0.28493714
v 0.52611333 0.25535503 0.27940983
v 0.54508621 0.27504656 0.27385050
v 0.56416929 0.29485244 0.26825890
v 0.58336341 0.31477371 0.26263472
v 0.60266972 0.33481124 0.25697771
v 0.62208909 0.35496622 0.25128758
v 0.64162248 0.37523952 0.24556401
v 0.66127098 0.39563224 0.23980673
v 0.68103558 0.41614547 0.23401543
v 0.70285892 0.44332966 0.22656499
v 0.72734773 0.47910219 0.21697782
v -0.49837041 0.46425459 0.29658252
v -0.48748150 0.44988161 0.29935148
v -0.47662422 0.43555039 0.30211240
v -0.46579841 0.42126071 0.30486530
v -0.45500407 0.40701249 0.30761018
v -0.44424087 0.39280543 0.31034720
v -0.43333912 0.37973478 0.31281430
v -0.42105496 0.37571332 0.31311825
v -0.40877473 0.37169310 0.31342205
v -0.39548728 0.37400267 0.31221071
v 0.31991601 0.23142396 0.30872154
v 0.32977670 0.21835098 0.31124228
v 0.34422475 0.22315812 0.30939418
v 0.35872370 0.22806141 0.30752128
v 0.37325138 0.23297438 0.30564463
v 0.38717455 0.23549496 0.30435207
v 0.40082175 0.23690748 0.30332986
v 0.41448367 0.23832153 0.30230653
v 0.42816034 0.23973708 0.30128211
v 0.44185179 0.24115416 0.30025655
v 0.45555806 0.24257280 0.29922992
v 0.46927911 0.24399297 0.29820216
v 0.48655871 0.25826871 0.29402003
v 0.50489289 0.27613449 0.28895387
v 0.52332485 0.29409546 0.28386074
v 0.54185528 0.31215248 0.27874041
v 0.56048501 0.33030620 0.27359262
v 0.57946950 0.34945315 0.26819703
v 0.59883451 0.36966515 0.26253581
v 0.61831331 0.38999590 0.25684127
v 0.63790703 0.41044664 0.25111315
v 0.65761650 0.43101817 0.24535118
v 0.67744297 0.45171177 0.23955503
v 0.69738728 0.47252849 0.23372440
v 0.71921867 0.49943382 0.22638950
v -0.44729418 0.45629907 0.30905363
v -0.43647999 0.44193822 0.31180432
v -0.42513329 0.43126020 0.31368229
v -0.41142836 0.43581253 0.31194317
v 0.34802148 0.28988221 0.30701867
v 0.35791790 0.27663329 0.30956045
v 0.37240359 0.28115770 0.30778822
v 0.38703820 0.28615516 0.30589980
v 0.40124428 0.28942642 0.30442956
v 0.41498804 0.29087740 0.30340070
v 0.42874676 0.29232997 0.30237076
v 0.44252041 0.29378411 0.30133966
v 0.45630905 0.29523984 0.30030745
v 0.47149608 0.30177897 0.29803705
v 0.37654951 0.34921938 0.30529013
v 0.38648164 0.33579075 0.30785334
v 0.40100315 0.34002319 0.30615827
v 0.41549850 0.34406507 0.30450800
v 0.42934021 0.34555542 0.30347246
v 0.44319707 0.34704742 0.30243579
v 0.45706910 0.34854105 0.30139795
v 0.40550971 0.40945539 0.30353543
v 0.41547745 0.39584309 0.30612040
v 0.42994088 0.39942491 0.30458751
v 0.44388193 0.40095553 0.30354518
v 0.45942456 0.40842810 0.30107740
v 0.44481981 0.45702535 0.30432850
f 1 8 7
f 2 9 8
f 3 9 2
f 3 10 9
f 4 10 3
f 4 11 10
f 5 11 4
f 5 12 11
f 6 17 16
f 7 17 6
f 7 18 17
f 8 18 7
f 8 19 18
f 9 19 8
f 9 20 19
f 10 20 9
f 10 21 20
f 11 21 10
f 11 22 21
f 12 22 11
f 12 23 22
f 13 23 12
f 13 24 23
f 14 29 28
f 15 30 29
f 16 30 15
f 16 31 30
f 17 31 16
f 17 32 31
f 18 32 17
f 18 33 32
f 19 33 18
f 19 34 33
f 20 34 19
f 20 35 34
f 21 35 20
f 21 36 35
f 22 36 21
f 22 37 36
f 23 37 22
f 23 38 37
f 24 38 23
f 24 39 38
f 25 39 24
f 25 40 39
f 26 40 25
f 26 41 40
f 27 45 44
f 28 46 45
f 29 46 28
f 29 47 46
f 30 47 29
f 30 48 47
f 31 48 30
f 31 49 48
f 32 49 31
f 32 50 49
f 33 50 32
f 33 51 50
f 34 51 33
f 34 52 51
f 35 52 34
f 35 53 52
f 36 53 35
f 36 54 53
f 37 54 36
f 37 55 54
f 38 55 37
f 38 56 55
f 39 56 38
f 39 57 56
f 40 57 39
f 40 58 57
f 41 58 40
f 41 59 58
f 42 59 41
f 42 60 59
f 43 65 64
f 44 65 43
f 44 66 65
f 45 66 44
f 45 67 66
f 46 67 45
f 46 68 67
f 47 68 46
f 47 69 68
f 48 69 47
f 48 70 69
f 49 70 48
f 49 71 70
f 50 71 49
f 50 72 71
f 51 72 50
f 51 73 72
f 52 73 51
f 52 74 73
f 53 74 52
f 53 75 74
f 54 75 53
f 54 76 75
f 55 76 54
f 55 77 76
f 56 77 55
f 56 78 77
f 57 78 56
f 57 79 78
f 58 79 57
f 58 80 79
f 59 80 58
f 59 81 80
f 60 81 59
f 60 82 81
f 61 82 60
f 61 83 82
f 62 87 86
f 63 88 87
f 64 88 63
f 64 89 88
f 65 89 64
f 65 90 89
f 66 90 65
f 66 91 90
f 67 91 66
f 67 92 91
f 68 92 67
f 68 93 92
f 69 93 68
f 69 94 93
f 70 94 69
f 70 95 94
f 71 95 70
f 71 96 95
f 72 96 71
f 72 97 96
f 73 97 72
f 73 98 97
f 74 98 73
f 74 99 98
f 75 99 74
f 75 100 99
f 76 100 75
f 76 101 100
f 77 101 76
f 77 102 101
f 78 102 77
f 78 103 102
f 79 103 78
f 79 104 103
f 80 104 79
f 80 105 104
f 81 105 80
f 81 106 105
f 82 106 81
f 82 107 106
f 83 107 82
f 83 108 107
f 84 108 83
f 84 109 108
f 85 115 114
f 86 116 115
f 87 116 86
f 87 117 116
f 88 117 87
f 88 118 117
f 89 118 88
f 89 119 118
f 90 119 89
f 90 120 119
f 91 120 90
f 91 121 120
f 92 121 91
f 92 122 121
f 93 122 92
f 93 123 122
f 94 123 93
f 94 124 123
f 95 124 94
f 95 125 124
f 96 125 95
f 96 126 125
f 97 126 96
f 97 127 126
f 98 127 97
f 98 128 127
f 99 128 98
f 99 129 128
f 100 129 99
f 100 130 129
f 101 130 100
f 101 131 130
f 102 131 101
f 102 132 131
f 103 132 102
f 103 133 132
f 104 133 103
f 104 134 133
f 105 134 104
f 105 135 134
f 106 135 105
f 106 136 135
f 107 136 106
f 107 137 136
f 108 137 107
f 108 138 137
f 109 138 108
f 109 139 138
f 110 139 109
f 110 140 139
f 111 146 145
f 112 146 111
f 113 150 149
f 114 150 113
f 114 151 150
f 115 151 114
f 115 152 151
f 116 152 115
f 116 153 152
f 117 153 116
f 117 154 153
f 118 154 117
f 118 155 154
f 119 155 118
f 119 156 155
f 120 156 119
f 120 157 156
f 121 157 120
f 121 158 157
f 122 158 121
f 122 159 158
f 123 159 122
f 123 160 159
f 124 160 123
f 124 161 160
f 125 161 124
f 125 162 161
f 126 162 125
f 126 163 162
f 127 163 126
f 127 164 163
f 128 164 127
f 128 165 164
f 129 165 128
f 129 166 165
f 130 166 129
f 130 167 166
f 131 167 130
f 131 168 167
f 132 168 131
f 132 169 168
f 133 169 132
f 133 170 169
f 134 170 133
f 134 171 170
f 135 171 134
f 135 172 171
f 136 172 135
f 136 173 172
f 137 173 136
f 137 174 173
f 138 174 137
f 138 175 174
f 139 175 138
f 139 176 175
f 140 176 139
f 140 177 176
f 141 177 140
f 141 178 177
f 142 184 183
f 143 184 142
f 143 185 184
f 144 185 143
f 144 186 185
f 145 186 144
f 145 187 186
f 146 187 145
f 147 190 189
f 148 191 190
f 149 191 148
f 149 192 191
f 150 192 149
f 150 193 192
f 151 193 150
f 151 194 193
f 152 194 151
f 152 195 194
f 153 195 152
f 153 196 195
f 154 196 153
f 154 197 196
f 155 197 154
f 155 198 197
f 156 198 155
f 156 199 198
f 157 199 156
f 157 200 199
f 158 200 157
f 158 201 200
f 159 201 158
f 159 202 201
f 160 202 159
f 160 203 202
f 161 203 160
f 161 204 203
f 162 204 161
f 162 205 204
f 163 205 162
f 163 206 205
f 164 206 163
f 164 207 206
f 165 207 164
f 165 208 207
f 166 208 165
f 166 209 208
f 167 209 166
f 167 210 209
f 168 210 167
f 168 211 210
f 169 211 168
f 169 212 211
f 170 212 169
f 170 213 212
f 171 213 170
f 171 214 213
f 172 214 171
f 172 215 214
f 173 215 172
f 173 216 215
f 174 216 173
f 174 217 216
f 175 217 174
f 175 218 217
f 176 218 175
f 176 219 218
f 177 219 176
f 177 220 219
f 178 220 177
f 178 221 220
f 179 221 178
f 179 222 221
f 180 227 226
f 181 227 180
f 181 228 227
f 182 228 181
f 182 229 228
f 183 229 182
f 183 230 229
f 184 230 183
f 184 231 230
f 185 231 184
f 185 232 231
f 186 232 185
f 188 235 234
f 189 235 188
f 189 236 235
f 190 236 189
f 190 237 236
f 191 237 190
f 191 238 237
f 192 238 191
f 192 239 238
f 193 239 192
f 193 240 239
f 194 240 193
f 194 241 240
f 195 241 194
f 195 242 241
f 196 242 195
f 196 243 242
f 197 243 196
f 197 244 243
f 198 244 197
f 198 245 244
f 199 245 198
f 199 246 245
f 200 246 199
f 200 247 246
f 201 247 200
f 201 248 247
f 202 248 201
f 202 249 248
f 203 249 202
f 203 250 249
f 204 250 203
f 204 251 250
f 205 251 204
f 205 252 251
f 206 252 205
f 206 253 252
f 207 253 206
f 207 254 253
f 208 254 207
f 208 255 254
f 209 255 208
f 209 256 255
f 210 256 209
f 210 257 256
f 211 257 210
f 211 258 257
f 212 258 211
f 212 259 258
f 213 259 212
f 213 260 259
f 214 260 213
f 214 261 260
f 215 261 214
f 215 262 261
f 216 262 215
f 216 263 262
f 217 263 216
f 217 264 263
f 218 264 217
f 218 265 264
f 219 265 218
f 219 266 265
f 220 266 219
f 220 267 266
f 221 267 220
f 221 268 267
f 222 268 221
f 222 269 268
f 223 269 222
f 223 270 269
f 224 276 275
f 225 276 224
f 225 277 276
f 226 277 225
f 226 278 277
f 227 278 226
f 227 279 278
f 228 279 227
f 228 280 279
f 229 280 228
f 229 281 280
f 230 281 229
f 230 282 281
f 231 282 230
f 231 283 282
f 232 283 231
f 233 287 286
f 234 287 233
f 234 288 287
f 235 288 234
f 235 289 288
f 236 289 235
f 236 290 289
f 237 290 236
f 237 291 290
f 238 291 237
f 238 292 291
f 239 292 238
f 239 293 292
f 240 293 239
f 240 294 293
f 241 294 240
f 241 295 294
f 242 295 241
f 242 296 295
f 243 296 242
f 243 297 296
f 244 297 243
f 244 298 297
f 245 298 244
f 245 299 298
f 246 299 245
f 246 300 299
f 247 300 246
f 247 301 300
f 248 301 247
f 248 302 301
f 249 302 248
f 249 303 302
f 250 303 249
f 250 304 303
f 251 304 250
f 251 305 304
f 252 305 251
f 252 306 305
f 253 306 252
f 253 307 306
f 254 307 253
f 254 308 307
f 255 308 254
f 255 309 308
f 256 309 255
f 256 310 309
f 257 310 256
f 257 311 310
f 258 311 257
f 258 312 311
f 259 312 258
f 259 313 312
f 260 313 259
f 260 314 313
f 261 314 260
f 261 315 314
f 262 315 261
f 262 316 315
f 263 316 262
f 263 317 316
f 264 317 263
f 264 318 317
f 265 318 264
f 265 319 318
f 266 319 265
f 266 320 319
f 267 320 266
f 267 321 320
f 268 321 267
f 268 322 321
f 269 322 268
f 269 323 322
f 270 323 269
f 270 324 323
f 271 324 270
f 271 325 324
f 272 331 330
f 273 331 272
f 273 332 331
f 274 332 273
f 274 333 332
f 275 333 274
f 275 334 333
f 276 334 275
f 276 335 334
f 277 335 276
f 277 336 335
f 278 336 277
f 278 337 336
f 279 337 278
f 279 338 337
f 280 338 279
f 280 339 338
f 281 339 280
f 281 340 339
f 282 340 281
f 284 343 342
f 285 344 343
f 286 344 285
f 286 345 344
f 287 345 286
f 287 346 345
f 288 346 287
f 288 347 346
f 289 347 288
f 289 348 347
f 290 348 289
f 290 349 348
f 291 349 290
f 291 350 349
f 292 350 291
f 292 351 350
f 293 351 292
f 293 352 351
f 294 352 293
f 294 353 352
f 295 353 294
f 295 354 353
f 296 354 295
f 296 355 354
f 297 355 296
f 297 356 355
f 298 356 297
f 298 357 356
f 299 357 298
f 299 358 357
f 300 358 299
f 300 359 358
f 301 359 300
f 301 360 359
f 302 360 301
f 302 361 360
f 303 361 302
f 303 362 361
f 304 362 303
f 304 363 362
f 305 363 304
f 305 364 363
f 306 364 305
f 306 365 364
f 307 365 306
f 307 366 365
f 308 366 307
f 308 367 366
f 309 367 308
f 309 368 367
f 310 368 309
f 310 369 368
f 311 369 310
f 311 370 369
f 312 370 311
f 312 371 370
f 313 371 312
f 313 372 371
f 314 372 313
f 314 373 372
f 315 373 314
f 315 374 373
f 316 374 315
f 316 375 374
f 317 375 316
f 317 376 375
f 318 376 317
f 318 377 376
f 319 377 318
f 319 378 377
f 320 378 319
f 320 379 378
f 321 379 320
f 321 380 379
f 322 380 321
f 322 381 380
f 323 381 322
f 323 382 381
f 324 382 323
f 324 383 382
f 325 383 324
f 325 384 383
f 326 384 325
f 326 385 384
f 327 390 389
f 328 390 327
f 328 391 390
f 329 391 328
f 329 392 391
f 330 392 329
f 330 393 392
f 331 393 330
f 331 394 393
f 332 394 331
f 332 395 394
f 333 395 332
f 333 396 395
f 334 396 333
f 334 397 396
f 335 397 334
f 335 398 397
f 336 398 335
f 336 399 398
f 337 399 336
f 337 400 399
f 338 400 337
f 338 401 400
f 339 401 338
f 341 404 403
f 342 404 341
f 342 405 404
f 343 405 342
f 343 406 405
f 344 406 343
f 344 407 406
f 345 407 344
f 345 408 407
f 346 408 345
f 346 409 408
f 347 409 346
f 347 410 409
f 348 410 347
f 348 411 410
f 349 411 348
f 349 412 411
f 350 412 349
f 350 413 412
f 351 413 350
f 351 414 413
f 352 414 351
f 352 415 414
f 353 415 352
f 353 416 415
f 354 416 353
f 354 417 416
f 355 417 354
f 355 418 417
f 356 418 355
f 356 419 418
f 357 419 356
f 357 420 419
f 358 420 357
f 358 421 420
f 359 421 358
f 359 422 421
f 360 422 359
f 360 423 422
f 361 423 360
f 361 424 423
f 362 424 361
f 362 425 424
f 363 425 362
f 363 426 425
f 364 426 363
f 364 427 426
f 365 427 364
f 365 428 427
f 366 428 365
f 366 429 428
f 367 429 366
f 367 430 429
f 368 430 367
f 368 431 430
f 369 431 368
f 369 432 431
f 370 432 369
f 370 433 432
f 371 433 370
f 371 434 433
f 372 434 371
f 372 435 434
f 373 435 372
f 373 436 435
f 374 436 373
f 374 437 436
f 375 437 374
f 375 438 437
f 376 438 375
f 376 439 438
f 377 439 376
f 377 440 439
f 378 440 377
f 378 441 440
f 379 441 378
f 379 442 441
f 380 442 379
f 380 443 442
f 381 443 380
f 381 444 443
f 382 444 381
f 382 445 444
f 383 445 382
f 383 446 445
f 384 446 383
f 384 447 446
f 385 447 384
f 385 448 447
f 386 448 385
f 386 449 448
f 387 453 452
f 388 453 387
f 388 454 453
f 389 454 388
f 389 455 454
f 390 455 389
f 390 456 455
f 391 456 390
f 391 457 456
f 392 457 391
f 392 458 457
f 393 458 392
f 393 459 458
f 394 459 393
f 394 460 459
f 395 460 394
f 395 461 460
f 396 461 395
f 396 462 461
f 397 462 396
f 397 463 462
f 398 463 397
f 398 464 463
f 399 464 398
f 399 465 464
f 400 465 399
f 400 466 465
f 401 466 400
f 402 470 469
f 403 470 402
f 403 471 470
f 404 471 403
f 404 472 471
f 405 472 404
f 405 473 472
f 406 473 405
f 406 474 473
f 407 474 406
f 407 475 474
f 408 475 407
f 408 476 475
f 409 476 408
f 409 477 476
f 410 477 409
f 410 478 477
f 411 478 410
f 411 479 478
f 412 479 411
f 412 480 479
f 413 480 412
f 413 481 480
f 414 481 413
f 414 482 481
f 415 482 414
f 415 483 482
f 416 483 415
f 416 484 483
f 417 484 416
f 417 485 484
f 418 485 417
f 418 486 485
f 419 486 418
f 419 487 486
f 420 487 419
f 420 488 487
f 421 488 420
f 421 489 488
f 422 489 421
f 422 490 489
f 423 490 422
f 423 491 490
f 424 491 423
f 424 492 491
f 425 492 424
f 425 493 492
f 426 493 425
f 426 494 493
f 427 494 426
f 427 495 494
f 428 495 427
f 428 496 495
f 429 496 428
f 429 497 496
f 430 497 429
f 430 498 497
f 431 498 430
f 431 499 498
f 432 499 431
f 432 500 499
f 433 500 432
f 433 501 500
f 434 501 433
f 434 502 501
f 435 502 434
f 435 503 502
f 436 503 435
f 436 504 503
f 437 504 436
f 437 505 504
f 438 505 437
f 438 506 505
f 439 506 438
f 439 507 506
f 440 507 439
f 440 508 507
f 441 508 440
f 441 509 508
f 442 509 441
f 442 510 509
f 443 510 442
f 443 511 510
f 444 511 443
f 444 512 511
f 445 512 444
f 445 513 512
f 446 513 445
f 446 514 513
f 447 514 446
f 447 515 514
f 448 515 447
f 448 516 515
f 449 516 448
f 449 517 516
f 450 517 449
f 450 518 517
f 451 522 521
f 452 522 451
f 452 523 522
f 453 523 452
f 453 524 523
f 454 524 453
f 454 525 524
f 455 525 454
f 455 526 525
f 456 526 455
f 456 527 526
f 457 527 456
f 457 528 527
f 458 528 457
f 458 529 528
f 459 529 458
f 459 530 529
f 460 530 459
f 460 531 530
f 461 531 460
f 461 532 531
f 462 532 461
f 462 533 532
f 463 533 462
f 463 534 533
f 464 534 463
f 464 535 534
f 465 535 464
f 467 538 537
f 468 539 538
f 469 539 468
f 469 540 539
f 470 540 469
f 470 541 540
f 471 541 470
f 471 542 541
f 472 542 471
f 472 543 542
f 473 543 472
f 473 544 543
f 474 544 473
f 474 545 544
f 475 545 474
f 475 546 545
f 476 546 475
f 476 547 546
f 477 547 476
f 477 548 547
f 478 548 477
f 478 549 548
f 479 549 478
f 479 550 549
f 480 550 479
f 480 551 550
f 481 551 480
f 481 552 551
f 482 552 481
f 482 553 552
f 483 553 482
f 483 554 553
f 484 554 483
f 484 555 554
f 485 555 484
f 485 556 555
f 486 556 485
f 486 557 556
f 487 557 486
f 487 558 557
f 488 558 487
f 488 559 558
f 489 559 488
f 489 560 559
f 490 560 489
f 490 561 560
f 491 561 490
f 491 562 561
f 492 562 491
f 492 563 562
f 493 563 492
f 493 564 563
f 494 564 493
f 494 565 564
f 495 565 494
f 495 566 565
f 496 566 495
f 496 567 566
f 497 567 496
f 497 568 567
f 498 568 497
f 498 569 568
f 499 569 498
f 499 570 569
f 500 570 499
f 500 571 570
f 501 571 500
f 501 572 571
f 502 572 501
f 502 573 572
f 503 573 502
f 503 574 573
f 504 574 503
f 504 575 574
f 505 575 504
f 505 576 575
f 506 576 505
f 506 577 576
f 507 577 506
f 507 578 577
f 508 578 507
f 508 579 578
f 509 579 508
f 509 580 579
f 510 580 509
f 510 581 580
f 511 581 510
f 511 582 581
f 512 582 511
f 512 583 582
f 513 583 512
f 513 584 583
f 514 584 513
f 514 585 584
f 515 585 514
f 515 586 585
f 516 586 515
f 516 587 586
f 517 587 516
f 517 588 587
f 518 588 517
f 518 589 588
f 519 589 518
f 519 590 589
f 520 594 593
f 521 595 594
f 522 595 521
f 522 596 595
f 523 596 522
f 523 597 596
f 524 597 523
f 524 598 597
f 525 598 524
f 525 599 598
f 526 599 525
f 526 600 599
f 527 600 526
f 527 601 600
f 528 601 527
f 528 602 601
f 529 602 528
f 529 603 602
f 530 603 529
f 530 604 603
f 531 604 530
f 531 605 604
f 532 605 531
f 532 606 605
f 533 606 532
f 533 607 606
f 534 607 533
f 534 608 607
f 535 608 534
f 536 611 610
f 537 611 536
f 537 612 611
f 538 612 537
f 538 613 612
f 539 613 538
f 539 614 613
f 540 614 539
f 540 615 614
f 541 615 540
f 541 616 615
f 542 616 541
f 542 617 616
f 543 617 542
f 543 618 617
f 544 618 543
f 544 619 618
f 545 619 544
f 545 620 619
f 546 620 545
f 546 621 620
f 547 621 546
f 547 622 621
f 548 622 547
f 548 623 622
f 549 623 548
f 549 624 623
f 550 624 549
f 550 625 624
f 551 625 550
f 551 626 625
f 552 626 551
f 552 627 626
f 553 627 552
f 553 628 627
f 554 628 553
f 554 629 628
f 555 629 554
f 555 630 629
f 556 630 555
f 556 631 630
f 557 631 556
f 557 632 631
f 558 632 557
f 558 633 632
f 559 633 558
f 559 634 633
f 560 634 559
f 560 635 634
f 561 635 560
f 561 636 635
f 562 636 561
f 562 637 636
f 563 637 562
f 563 638 637
f 564 638 563
f 564 639 638
f 565 639 564
f 565 640 639
f 566 640 565
f 566 641 640
f 567 641 566
f 567 642 641
f 568 642 567
f 568 643 642
f 569 643 568
f 569 644 643
f 570 644 569
f 570 645 644
f 571 645 570
f 571 646 645
f 572 646 571
f 572 647 646
f 573 647 572
f 573 648 647
f 574 648 573
f 574 649 648
f 575 649 574
f 575 650 649
f 576 650 575
f 576 651 650
f 577 651 576
f 577 652 651
f 578 652 577
f 578 653 652
f 579 653 578
f 579 654 653
f 580 654 579
f 580 655 654
f 581 655 580
f 581 656 655
f 582 656 581
f 582 657 656
f 583 657 582
f 583 658 657
f 584 658 583
f 584 659 658
f 585 659 584
f 585 660 659
f 586 660 585
f 586 661 660
f 587 661 586
f 587 662 661
f 588 662 587
f 588 663 662
f 589 663 588
f 589 664 663
f 590 664 589
f 590 665 664
f 591 665 590
f 591 666 665
f 592 666 591
f 593 670 669
f 594 670 593
f 594 671 670
f 595 671 594
f 595 672 671
f 596 672 595
f 596 673 672
f 597 673 596
f 597 674 673
f 598 674 597
f 598 675 674
f 599 675 598
f 599 676 675
f 600 676 599
f 600 677 676
f 601 677 600
f 601 678 677
f 602 678 601
f 602 679 678
f 603 679 602
f 603 680 679
f 604 680 603
f 604 681 680
f 605 681 604
f 605 682 681
f 606 682 605
f 606 683 682
f 607 683 606
f 609 687 686
f 610 687 609
f 610 688 687
f 611 688 610
f 611 689 688
f 612 689 611
f 612 690 689
f 613 690 612
f 613 691 690
f 614 691 613
f 614 692 691
f 615 692 614
f 615 693 692
f 616 693 615
f 616 694 693
f 617 694 616
f 617 695 694
f 618 695 617
f 618 696 695
f 619 696 618
f 619 697 696
f 620 697 619
f 620 698 697
f 621 698 620
f 621 699 698
f 622 699 621
f 622 700 699
f 623 700 622
f 623 701 700
f 624 701 623
f 624 702 701
f 625 702 624
f 625 703 702
f 626 703 625
f 626 704 703
f 627 704 626
f 627 705 704
f 628 705 627
f 628 706 705
f 629 706 628
f 629 707 706
f 630 707 629
f 630 708 707
f 631 708 630
f 631 709 708
f 632 709 631
f 632 710 709
f 633 710 632
f 633 711 710
f 634 711 633
f 634 712 711
f 635 712 634
f 635 713 712
f 636 713 635
f 636 714 713
f 637 714 636
f 637 715 714
f 638 715 637
f 638 716 715
f 639 716 638
f 639 717 716
f 640 717 639
f 640 718 717
f 641 718 640
f 641 719 718
f 642 719 641
f 642 720 719
f 643 720 642
f 643 721 720
f 644 721 643
f 644 722 721
f 645 722 644
f 645 723 722
f 646 723 645
f 646 724 723
f 647 724 646
f 647 725 724
f 648 725 647
f 648 726 725
f 649 726 648
f 649 727 726
f 650 727 649
f 650 728 727
f 651 728 650
f 651 729 728
f 652 729 651
f 652 730 729
f 653 730 652
f 653 731 730
f 654 731 653
f 654 732 731
f 655 732 654
f 655 733 732
f 656 733 655
f 656 734 733
f 657 734 656
f 657 735 734
f 658 735 657
f 658 736 735
f 659 736 658
f 659 737 736
f 660 737 659
f 660 738 737
f 661 738 660
f 661 739 738
f 662 739 661
f 662 740 739
f 663 740 662
f 663 741 740
f 664 741 663
f 664 742 741
f 665 742 664
f 665 743 742
f 666 743 665
f 666 744 743
f 667 744 666
f 667 745 744
f 668 745 667
f 668 746 745
f 669 751 750
f 670 751 669
f 670 752 751
f 671 752 670
f 671 753 752
f 672 753 671
f 672 754 753
f 673 754 672
f 673 755 754
f 674 755 673
f 674 756 755
f 675 756 674
f 675 757 756
f 676 757 675
f 676 758 757
f 677 758 676
f 677 759 758
f 678 759 677
f 678 760 759
f 679 760 678
f 679 761 760
f 680 761 679
f 680 762 761
f 681 762 680
f 681 763 762
f 682 763 681
f 682 764 763
f 683 764 682
f 684 767 766
f 685 768 767
f 686 768 685
f 686 769 768
f 687 769 686
f 687 770 769
f 688 770 687
f 688 771 770
f 689 771 688
f 689 772 771
f 690 772 689
f 690 773 772
f 691 773 690
f 691 774 773
f 692 774 691
f 692 775 774
f 693 775 692
f 693 776 775
f 694 776 693
f 694 777 776
f 695 777 694
f 695 778 777
f 696 778 695
f 696 779 778
f 697 779 696
f 697 780 779
f 698 780 697
f 698 781 780
f 699 781 698
f 699 782 781
f 700 782 699
f 700 783 782
f 701 783 700
f 701 784 783
f 702 784 701
f 702 785 784
f 703 785 702
f 703 786 785
f 704 786 703
f 704 787 786
f 705 787 704
f 705 788 787
f 706 788 705
f 706 789 788
f 707 789 706
f 707 790 789
f 708 790 707
f 708 791 790
f 709 791 708
f 709 792 791
f 710 792 709
f 710 793 792
f 711 793 710
f 711 794 793
f 712 794 711
f 712 795 794
f 713 795 712
f 713 796 795
f 714 796 713
f 714 797 796
f 715 797 714
f 715 798 797
f 716 798 715
f 716 799 798
f 717 799 716
f 717 800 799
f 718 800 717
f 718 801 800
f 719 801 718
f 719 802 801
f 720 802 719
f 720 803 802
f 721 803 720
f 721 804 803
f 722 804 721
f 722 805 804
f 723 805 722
f 723 806 805
f 724 806 723
f 724 807 806
f 725 807 724
f 725 808 807
f 726 808 725
f 726 809 808
f 727 809 726
f 727 810 809
f 728 810 727
f 728 811 810
f 729 811 728
f 729 812 811
f 730 812 729
f 730 813 812
f 731 813 730
f 731 814 813
f 732 814 731
f 732 815 814
f 733 815 732
f 733 816 815
f 734 816 733
f 734 817 816
f 735 817 734
f 735 818 817
f 736 818 735
f 736 819 818
f 737 819 736
f 737 820 819
f 738 820 737
f 738 821 820
f 739 821 738
f 739 822 821
f 740 822 739
f 740 823 822
f 741 823 740
f 741 824 823
f 742 824 741
f 742 825 824
f 743 825 742
f 743 826 825
f 744 826 743
f 744 827 826
f 745 827 744
f 745 828 827
f 746 828 745
f 746 829 828
f 747 829 746
f 747 830 829
f 748 830 747
f 748 831 830
f 749 835 834
f 750 835 749
f 750 836 835
f 751 836 750
f 751 837 836
f 752 837 751
f 752 838 837
f 753 838 752
f 753 839 838
f 754 839 753
f 754 840 839
f 755 840 754
f 755 841 840
f 756 841 755
f 756 842 841
f 757 842 756
f 757 843 842
f 758 843 757
f 758 844 843
f 759 844 758
f 759 845 844
f 760 845 759
f 760 846 845
f 761 846 760
f 761 847 846
f 762 847 761
f 762 848 847
f 763 848 762
f 765 851 850
f 766 851 765
f 766 852 851
f 767 852 766
f 767 853 852
f 768 853 767
f 768 854 853
f 769 854 768
f 769 855 854
f 770 855 769
f 770 856 855
f 771 856 770
f 771 857 856
f 772 857 771
f 772 858 857
f 773 858 772
f 773 859 858
f 774 859 773
f 774 860 859
f 775 860 774
f 775 861 860
f 776 861 775
f 776 862 861
f 777 862 776
f 777 863 862
f 778 863 777
f 778 864 863
f 779 864 778
f 779 865 864
f 780 865 779
f 780 866 865
f 781 866 780
f 781 867 866
f 782 867 781
f 782 868 867
f 783 868 782
f 783 869 868
f 784 869 783
f 784 870 869
f 785 870 784
f 785 871 870
f 786 871 785
f 786 872 871
f 787 872 786
f 787 873 872
f 788 873 787
f 788 874 873
f 789 874 788
f 789 875 874
f 790 875 789
f 790 876 875
f 791 876 790
f 791 877 876
f 792 877 791
f 792 878 877
f 793 878 792
f 793 879 878
f 794 879 793
f 794 880 879
f 795 880 794
f 795 881 880
f 796 881 795
f 796 882 881
f 797 882 796
f 797 883 882
f 798 883 797
f 798 884 883
f 799 884 798
f 799 885 884
f 800 885 799
f 800 886 885
f 801 886 800
f 801 887 886
f 802 887 801
f 802 888 887
f 803 888 802
f 803 889 888
f 804 889 803
f 804 890 889
f 805 890 804
f 805 891 890
f 806 891 805
f 806 892 891
f 807 892 806
f 807 893 892
f 808 893 807
f 808 894 893
f 809 894 808
f 809 895 894
f 810 895 809
f 810 896 895
f 811 896 810
f 811 897 896
f 812 897 811
f 812 898 897
f 813 898 812
f 813 899 898
f 814 899 813
f 814 900 899
f 815 900 814
f 815 901 900
f 816 901 815
f 816 902 901
f 817 902 816
f 817 903 902
f 818 903 817
f 818 904 903
f 819 904 818
f 819 905 904
f 820 905 819
f 820 906 905
f 821 906 820
f 821 907 906
f 822 907 821
f 822 908 907
f 823 908 822
f 823 909 908
f 824 909 823
f 824 910 909
f 825 910 824
f 825 911 910
f 826 911 825
f 826 912 911
f 827 912 826
f 827 913 912
f 828 913 827
f 828 914 913
f 829 914 828
f 829 915 914
f 830 915 829
f 830 916 915
f 831 916 830
f 831 917 916
f 832 917 831
f 832 918 917
f 833 918 832
f 833 919 918
f 834 924 923
f 835 924 834
f 835 925 924
f 836 925 835
f 836 926 925
f 837 926 836
f 837 927 926
f 838 927 837
f 838 928 927
f 839 928 838
f 839 929 928
f 840 929 839
f 840 930 929
f 841 930 840
f 841 931 930
f 842 931 841
f 842 932 931
f 843 932 842
f 843 933 932
f 844 933 843
f 844 934 933
f 845 934 844
f 845 935 934
f 846 935 845
f 846 936 935
f 847 936 846
f 849 940 939
f 850 940 849
f 850 941 940
f 851 941 850
f 851 942 941
f 852 942 851
f 852 943 942
f 853 943 852
f 853 944 943
f 854 944 853
f 854 945 944
f 855 945 854
f 855 946 945
f 856 946 855
f 856 947 946
f 857 947 856
f 857 948 947
f 858 948 857
f 858 949 948
f 859 949 858
f 859 950 949
f 860 950 859
f 860 951 950
f 861 951 860
f 861 952 951
f 862 952 861
f 862 953 952
f 863 953 862
f 863 954 953
f 864 954 863
f 864 955 954
f 865 955 864
f 865 956 955
f 866 956 865
f 866 957 956
f 867 957 866
f 867 958 957
f 868 958 867
f 868 959 958
f 869 959 868
f 869 960 959
f 870 960 869
f 870 961 960
f 871 961 870
f 871 962 961
f 872 962 871
f 872 963 962
f 873 963 872
f 873 964 963
f 874 964 873
f 874 965 964
f 875 965 874
f 875 966 965
f 876 966 875
f 876 967 966
f 877 967 876
f 877 968 967
f 878 968 877
f 878 969 968
f 879 969 878
f 879 970 969
f 880 970 879
f 880 971 970
f 881 971 880
f 881 972 971
f 882 972 881
f 882 973 972
f 883 973 882
f 883 974 973
f 884 974 883
f 884 975 974
f 885 975 884
f 885 976 975
f 886 976 885
f 886 977 976
f 887 977 886
f 887 978 977
f 888 978 887
f 888 979 978
f 889 979 888
f 889 980 979
f 890 980 889
f 890 981 980
f 891 981 890
f 891 982 981
f 892 982 891
f 892 983 982
f 893 983 892
f 893 984 983
f 894 984 893
f 894 985 984
f 895 985 894
f 895 986 985
f 896 986 895
f 896 987 986
f 897 987 896
f 897 988 987
f 898 988 897
f 898 989 988
f 899 989 898
f 899 990 989
f 900 990 899
f 900 991 990
f 901 991 900
f 901 992 991
f 902 992 901
f 902 993 992
f 903 993 902
f 903 994 993
f 904 994 903
f 904 995 994
f 905 995 904
f 905 996 995
f 906 996 905
f 906 997 996
f 907 997 906
f 907 998 997
f 908 998 907
f 908 999 998
f 909 999 908
f 909 1000 999
f 910 1000 909
f 910 1001 1000
f 911 1001 910
f 911 1002 1001
f 912 1002 911
f 912 1003 1002
f 913 1003 912
f 913 1004 1003
f 914 1004 913
f 914 1005 1004
f 915 1005 914
f 915 1006 1005
f 916 1006 915
f 916 1007 1006
f 917 1007 916
f 917 1008 1007
f 918 1008 917
f 918 1009 1008
f 919 1009 918
f 919 1010 1009
f 920 1010 919
f 920 1011 1010
f 921 1011 920
f 921 1012 1011
f 922 1016 1015
f 923 1016 922
f 923 1017 1016
f 924 1017 923
f 924 1018 1017
f 925 1018 924
f 925 1019 1018
f 926 1019 925
f 926 1020 1019
f 927 1020 926
f 927 1021 1020
f 928 1021 927
f 928 1022 1021
f 929 1022 928
f 929 1023 1022
f 930 1023 929
f 930 1024 1023
f 931 1024 930
f 931 1025 1024
f 932 1025 931
f 932 1026 1025
f 933 1026 932
f 933 1027 1026
f 934 1027 933
f 934 1028 1027
f 935 1028 934
f 935 1029 1028
f 936 1029 935
f 937 1031 1030
f 938 1031 937
f 938 1032 1031
f 939 1032 938
f 939 1033 1032
f 940 1033 939
f 940 1034 1033
f 941 1034 940
f 941 1035 1034
f 942 1035 941
f 942 1036 1035
f 943 1036 942
f 943 1037 1036
f 944 1037 943
f 944 1038 1037
f 945 1038 944
f 945 1039 1038
f 946 1039 945
f 946 1040 1039
f 947 1040 946
f 947 1041 1040
f 948 1041 947
f 948 1042 1041
f 949 1042 948
f 949 1043 1042
f 950 1043 949
f 950 1044 1043
f 951 1044 950
f 951 1045 1044
f 952 1045 951
f 952 1046 1045
f 953 1046 952
f 953 1047 1046
f 954 1047 953
f 954 1048 1047
f 955 1048 954
f 955 1049 1048
f 956 1049 955
f 956 1050 1049
f 957 1050 956
f 957 1051 1050
f 958 1051 957
f 958 1052 1051
f 959 1052 958
f 959 1053 1052
f 960 1053 959
f 960 1054 1053
f 961 1054 960
f 961 1055 1054
f 962 1055 961
f 962 1056 1055
f 963 1056 962
f 963 1057 1056
f 964 1057 963
f 964 1058 1057
f 965 1058 964
f 965 1059 1058
f 966 1059 965
f 966 1060 1059
f 967 1060 966
f 967 1061 1060
f 968 1061 967
f 968 1062 1061
f 969 1062 968
f 969 1063 1062
f 970 1063 969
f 970 1064 1063
f 971 1064 970
f 971 1065 1064
f 972 1065 971
f 972 1066 1065
f 973 1066 972
f 973 1067 1066
f 974 1067 973
f 974 1068 1067
f 975 1068 974
f 975 1069 1068
f 976 1069 975
f 976 1070 1069
f 977 1070 976
f 977 1071 1070
f 978 1071 977
f 978 1072 1071
f 979 1072 978
f 979 1073 1072
f 980 1073 979
f 980 1074 1073
f 981 1074 980
f 981 1075 1074
f 982 1075 981
f 982 1076 1075
f 983 1076 982
f 983 1077 1076
f 984 1077 983
f 984 1078 1077
f 985 1078 984
f 985 1079 1078
f 986 1079 985
f 986 1080 1079
f 987 1080 986
f 987 1081 1080
f 988 1081 987
f 988 1082 1081
f 989 1082 988
f 989 1083 1082
f 990 1083 989
f 990 1084 1083
f 991 1084 990
f 991 1085 1084
f 992 1085 991
f 992 1086 1085
f 993 1086 992
f 993 1087 1086
f 994 1087 993
f 994 1088 1087
f 995 1088 994
f 995 1089 1088
f 996 1089 995
f 996 1090 1089
f 997 1090 996
f 997 1091 1090
f 998 1091 997
f 998 1092 1091
f 999 1092 998
f 999 1093 1092
f 1000 1093 999
f 1000 1094 1093
f 1001 1094 1000
f 1001 1095 1094
f 1002 1095 1001
f 1002 1096 1095
f 1003 1096 1002
f 1003 1097 1096
f 1004 1097 1003
f 1004 1098 1097
f 1005 1098 1004
f 1005 1099 1098
f 1006 1099 1005
f 1006 1100 1099
f 1007 1100 1006
f 1007 1101 1100
f 1008 1101 1007
f 1008 1102 1101
f 1009 1102 1008
f 1009 1103 1102
f 1010 1103 1009
f 1010 1104 1103
f 1011 1104 1010
f 1011 1105 1104
f 1012 1105 1011
f 1012 1106 1105
f 1013 1106 1012
f 1013 1107 1106
f 1014 1107 1013
f 1014 1108 1107
f 1015 1113 1112
f 1016 1113 1015
f 1016 1114 1113
f 1017 1114 1016
f 1017 1115 1114
f 1018 1115 1017
f 1018 1116 1115
f 1019 1116 1018
f 1019 1117 1116
f 1020 1117 1019
f 1020 1118 1117
f 1021 1118 1020
f 1021 1119 1118
f 1022 1119 1021
f 1022 1120 1119
f 1023 1120 1022
f 1023 1121 1120
f 1024 1121 1023
f 1024 1122 1121
f 1025 1122 1024
f 1025 1123 1122
f 1026 1123 1025
f 1026 1124 1123
f 1027 1124 1026
f 1027 1125 1124
f 1028 1125 1027
f 1028 1126 1125
f 1029 1126 1028
f 1029 1127 1126
f 1030 1127 1029
f 1030 1128 1127
f 1031 1128 1030
f 1031 1129 1128
f 1032 1129 1031
f 1032 1130 1129
f 1033 1130 1032
f 1033 1131 1130
f 1034 1131 1033
f 1034 1132 1131
f 1035 1132 1034
f 1035 1133 1132
f 1036 1133 1035
f 1036 1134 1133
f 1037 1134 1036
f 1037 1135 1134
f 1038 1135 1037
f 1038 1136 1135
f 1039 1136 1038
f 1039 1137 1136
f 1040 1137 1039
f 1040 1138 1137
f 1041 1138 1040
f 1041 1139 1138
f 1042 1139 1041
f 1042 1140 1139
f 1043 1140 1042
f 1043 1141 1140
f 1044 1141 1043
f 1044 1142 1141
f 1045 1142 1044
f 1045 1143 1142
f 1046 1143 1045
f 1046 1144 1143
f 1047 1144 1046
f 1047 1145 1144
f 1048 1145 1047
f 1048 1146 1145
f 1049 1146 1048
f 1049 1147 1146
f 1050 1147 1049
f 1050 1148 1147
f 1051 1148 1050
f 1051 1149 1148
f 1052 1149 1051
f 1052 1150 1149
f 1053 1150 1052
f 1053 1151 1150
f 1054 1151 1053
f 1054 1152 1151
f 1055 1152 1054
f 1055 1153 1152
f 1056 1153 1055
f 1056 1154 1153
f 1057 1154 1056
f 1057 1155 1154
f 1058 1155 1057
f 1058 1156 1155
f 1059 1156 1058
f 1059 1157 1156
f 1060 1157 1059
f 1060 1158 1157
f 1061 1158 1060
f 1061 1159 1158
f 1062 1159 1061
f 1062 1160 1159
f 1063 1160 1062
f 1063 1161 1160
f 1064 1161 1063
f 1064 1162 1161
f 1065 1162 1064
f 1065 1163 1162
f 1066 1163 1065
f 1066 1164 1163
f 1067 1164 1066
f 1067 1165 1164
f 1068 1165 1067
f 1068 1166 1165
f 1069 1166 1068
f 1069 1167 1166
f 1070 1167 1069
f 1070 1168 1167
f 1071 1168 1070
f 1071 1169 1168
f 1072 1169 1071
f 1072 1170 1169
f 1073 1170 1072
f 1073 1171 1170
f 1074 1171 1073
f 1074 1172 1171
f 1075 1172 1074
f 1075 1173 1172
f 1076 1173 1075
f 1076 1174 1173
f 1077 1174 1076
f 1077 1175 1174
f 1078 1175 1077
f 1078 1176 1175
f 1079 1176 1078
f 1079 1177 1176
f 1080 1177 1079
f 1080 1178 1177
f 1081 1178 1080
f 1081 1179 1178
f 1082 1179 1081
f 1082 1180 1179
f 1083 1180 1082
f 1083 1181 1180
f 1084 1181 1083
f 1084 1182 1181
f 1085 1182 1084
f 1085 1183 1182
f 1086 1183 1085
f 1086 1184 1183
f 1087 1184 1086
f 1087 1185 1184
f 1088 1185 1087
f 1088 1186 1185
f 1089 1186 1088
f 1089 1187 1186
f 1090 1187 1089
f 1090 1188 1187
f 1091 1188 1090
f 1091 1189 1188
f 1092 1189 1091
f 1092 1190 1189
f 1093 1190 1092
f 1093 1191 1190
f 1094 1191 1093
f 1094 1192 1191
f 1095 1192 1094
f 1095 1193 1192
f 1096 1193 1095
f 1096 1194 1193
f 1097 1194 1096
f 1097 1195 1194
f 1098 1195 1097
f 1098 1196 1195
f 1099 1196 1098
f 1099 1197 1196
f 1100 1197 1099
f 1100 1198 1197
f 1101 1198 1100
f 1101 1199 1198
f 1102 1199 1101
f 1102 1200 1199
f 1103 1200 1102
f 1103 1201 1200
f 1104 1201 1103
f 1104 1202 1201
f 1105 1202 1104
f 1105 1203 1202
f 1106 1203 1105
f 1106 1204 1203
f 1107 1204 1106
f 1107 1205 1204
f 1108 1205 1107
f 1108 1206 1205
f 1109 1206 1108
f 1109 1207 1206
f 1110 1207 1109
f 1110 1208 1207
f 1111 1212 1211
f 1112 1212 1111
f 1112 1213 1212
f 1113 1213 1112
f 1113 1214 1213
f 1114 1214 1113
f 1114 1215 1214
f 1115 1215 1114
f 1115 1216 1215
f 1116 1216 1115
f 1116 1217 1216
f 1117 1217 1116
f 1117 1218 1217
f 1118 1218 1117
f 1118 1219 1218
f 1119 1219 1118
f 1119 1220 1219
f 1120 1220 1119
f 1120 1221 1220
f 1121 1221 1120
f 1121 1222 1221
f 1122 1222 1121
f 1122 1223 1222
f 1123 1223 1122
f 1123 1224 1223
f 1124 1224 1123
f 1124 1225 1224
f 1125 1225 1124
f 1125 1226 1225
f 1126 1226 1125
f 1126 1227 1226
f 1127 1227 1126
f 1127 1228 1227
f 1128 1228 1127
f 1128 1229 1228
f 1129 1229 1128
f 1129 1230 1229
f 1130 1230 1129
f 1130 1231 1230
f 1131 1231 1130
f 1131 1232 1231
f 1132 1232 1131
f 1132 1233 1232
f 1133 1233 1132
f 1133 1234 1233
f 1134 1234 1133
f 1134 1235 1234
f 1135 1235 1134
f 1135 1236 1235
f 1136 1236 1135
f 1136 1237 1236
f 1137 1237 1136
f 1137 1238 1237
f 1138 1238 1137
f 1138 1239 1238
f 1139 1239 1138
f 1139 1240 1239
f 1140 1240 1139
f 1140 1241 1240
f 1141 1241 1140
f 1141 1242 1241
f 1142 1242 1141
f 1142 1243 1242
f 1143 1243 1142
f 1143 1244 1243
f 1144 1244 1143
f 1144 1245 1244
f 1145 1245 1144
f 1145 1246 1245
f 1146 1246 1145
f 1146 1247 1246
f 1147 1247 1146
f 1147 1248 1247
f 1148 1248 1147
f 1148 1249 1248
f 1149 1249 1148
f 1149 1250 1249
f 1150 1250 1149
f 1150 1251 1250
f 1151 1251 1150
f 1151 1252 1251
f 1152 1252 1151
f 1152 1253 1252
f 1153 1253 1152
f 1153 1254 1253
f 1154 1254 1153
f 1154 1255 1254
f 1155 1255 1154
f 1155 1256 1255
f 1156 1256 1155
f 1156 1257 1256
f 1157 1257 1156
f 1157 1258 1257
f 1158 1258 1157
f 1158 1259 1258
f 1159 1259 1158
f 1159 1260 1259
f 1160 1260 1159
f 1160 1261 1260
f 1161 1261 1160
f 1161 1262 1261
f 1162 1262 1161
f 1162 1263 1262
f 1163 1263 1162
f 1163 1264 1263
f 1164 1264 1163
f 1164 1265 1264
f 1165 1265 1164
f 1165 1266 1265
f 1166 1266 1165
f 1166 1267 1266
f 1167 1267 1166
f 1167 1268 1267
f 1168 1268 1167
f 1168 1269 1268
f 1169 1269 1168
f 1169 1270 1269
f 1170 1270 1169
f 1170 1271 1270
f 1171 1271 1170
f 1171 1272 1271
f 1172 1272 1171
f 1172 1273 1272
f 1173 1273 1172
f 1173 1274 1273
f 1174 1274 1173
f 1174 1275 1274
f 1175 1275 1174
f 1175 1276 1275
f 1176 1276 1175
f 1176 1277 1276
f 1177 1277 1176
f 1177 1278 1277
f 1178 1278 1177
f 1178 1279 1278
f 1179 1279 1178
f 1179 1280 1279
f 1180 1280 1179
f 1180 1281 1280
f 1181 1281 1180
f 1181 1282 1281
f 1182 1282 1181
f 1182 1283 1282
f 1183 1283 1182
f 1183 1284 1283
f 1184 1284 1183
f 1184 1285 1284
f 1185 1285 1184
f 1185 1286 1285
f 1186 1286 1185
f 1186 1287 1286
f 1187 1287 1186
f 1187 1288 1287
f 1188 1288 1187
f 1188 1289 1288
f 1189 1289 1188
f 1189 1290 1289
f 1190 1290 1189
f 1190 1291 1290
f 1191 1291 1190
f 1191 1292 1291
f 1192 1292 1191
f 1192 1293 1292
f 1193 1293 1192
f 1193 1294 1293
f 1194 1294 1193
f 1194 1295 1294
f 1195 1295 1194
f 1195 1296 1295
f 1196 1296 1195
f 1196 1297 1296
f 1197 1297 1196
f 1197 1298 1297
f 1198 1298 1197
f 1198 1299 1298
f 1199 1299 1198
f 1199 1300 1299
f 1200 1300 1199
f 1200 1301 1300
f 1201 1301 1200
f 1201 1302 1301
f 1202 1302 1201
f 1202 1303 1302
f 1203 1303 1202
f 1203 1304 1303
f 1204 1304 1203
f 1204 1305 1304
f 1205 1305 1204
f 1205 1306 1305
f 1206 1306 1205
f 1206 1307 1306
f 1207 1307 1206
f 1207 1308 1307
f 1208 1308 1207
f 1208 1309 1308
f 1209 1309 1208
f 1209 1310 1309
f 1210 1310 1209
f 1210 1311 1310
f 1211 1316 1315
f 1212 1316 1211
f 1212 1317 1316
f 1213 1317 1212
f 1213 1318 1317
f 1214 1318 1213
f 1214 1319 1318
f 1215 1319 1214
f 1215 1320 1319
f 1216 1320 1215
f 1216 1321 1320
f 1217 1321 1216
f 1217 1322 1321
f 1218 1322 1217
f 1218 1323 1322
f 1219 1323 1218
f 1219 1324 1323
f 1220 1324 1219
f 1220 1325 1324
f 1221 1325 1220
f 1221 1326 1325
f 1222 1326 1221
f 1222 1327 1326
f 1223 1327 1222
f 1223 1328 1327
f 1224 1328 1223
f 1224 1329 1328
f 1225 1329 1224
f 1225 1330 1329
f 1226 1330 1225
f 1226 1331 1330
f 1227 1331 1226
f 1227 1332 1331
f 1228 1332 1227
f 1228 1333 1332
f 1229 1333 1228
f 1229 1334 1333
f 1230 1334 1229
f 1230 1335 1334
f 1231 1335 1230
f 1231 1336 1335
f 1232 1336 1231
f 1232 1337 1336
f 1233 1337 1232
f 1233 1338 1337
f 1234 1338 1233
f 1234 1339 1338
f 1235 1339 1234
f 1235 1340 1339
f 1236 1340 1235
f 1236 1341 1340
f 1237 1341 1236
f 1237 1342 1341
f 1238 1342 1237
f 1238 1343 1342
f 1239 1343 1238
f 1239 1344 1343
f 1240 1344 1239
f 1240 1345 1344
f 1241 1345 1240
f 1241 1346 1345
f 1242 1346 1241
f 1242 1347 1346
f 1243 1347 1242
f 1243 1348 1347
f 1244 1348 1243
f 1244 1349 1348
f 1245 1349 1244
f 1245 1350 1349
f 1246 1350 1245
f 1246 1351 1350
f 1247 1351 1246
f 1247 1352 1351
f 1248 1352 1247
f 1248 1353 1352
f 1249 1353 1248
f 1249 1354 1353
f 1250 1354 1249
f 1250 1355 1354
f 1251 1355 1250
f 1251 1356 1355
f 1252 1356 1251
f 1252 1357 1356
f 1253 1357 1252
f 1253 1358 1357
f 1254 1358 1253
f 1254 1359 1358
f 1255 1359 1254
f 1255 1360 1359
f 1256 1360 1255
f 1256 1361 1360
f 1257 1361 1256
f 1257 1362 1361
f 1258 1362 1257
f 1258 1363 1362
f 1259 1363 1258
f 1259 1364 1363
f 1260 1364 1259
f 1260 1365 1364
f 1261 1365 1260
f 1261 1366 1365
f 1262 1366 1261
f 1262 1367 1366
f 1263 1367 1262
f 1263 1368 1367
f 1264 1368 1263
f 1264 1369 1368
f 1265 1369 1264
f 1265 1370 1369
f 1266 1370 1265
f 1266 1371 1370
f 1267 1371 1266
f 1267 1372 1371
f 1268 1372 1267
f 1268 1373 1372
f 1269 1373 1268
f 1269 1374 1373
f 1270 1374 1269
f 1270 1375 1374
f 1271 1375 1270
f 1271 1376 1375
f 1272 1376 1271
f 1272 1377 1376
f 1273 1377 1272
f 1273 1378 1377
f 1274 1378 1273
f 1274 1379 1378
f 1275 1379 1274
f 1275 1380 1379
f 1276 1380 1275
f 1276 1381 1380
f 1277 1381 1276
f 1277 1382 1381
f 1278 1382 1277
f 1278 1383 1382
f 1279 1383 1278
f 1279 1384 1383
f 1280 1384 1279
f 1280 1385 1384
f 1281 1385 1280
f 1281 1386 1385
f 1282 1386 1281
f 1282 1387 1386
f 1283 1387 1282
f 1283 1388 1387
f 1284 1388 1283
f 1284 1389 1388
f 1285 1389 1284
f 1285 1390 1389
f 1286 1390 1285
f 1286 1391 1390
f 1287 1391 1286
f 1287 1392 1391
f 1288 1392 1287
f 1288 1393 1392
f 1289 1393 1288
f 1289 1394 1393
f 1290 1394 1289
f 1290 1395 1394
f 1291 1395 1290
f 1291 1396 1395
f 1292 1396 1291
f 1292 1397 1396
f 1293 1397 1292
f 1293 1398 1397
f 1294 1398 1293
f 1294 1399 1398
f 1295 1399 1294
f 1295 1400 1399
f 1296 1400 1295
f 1296 1401 1400
f 1297 1401 1296
f 1297 1402 1401
f 1298 1402 1297
f 1298 1403 1402
f 1299 1403 1298
f 1299 1404 1403
f 1300 1404 1299
f 1300 1405 1404
f 1301 1405 1300
f 1301 1406 1405
f 1302 1406 1301
f 1302 1407 1406
f 1303 1407 1302
f 1303 1408 1407
f 1304 1408 1303
f 1304 1409 1408
f 1305 1409 1304
f 1305 1410 1409
f 1306 1410 1305
f 1306 1411 1410
f 1307 1411 1306
f 1307 1412 1411
f 1308 1412 1307
f 1308 1413 1412
f 1309 1413 1308
f 1309 1414 1413
f 1310 1414 1309
f 1310 1415 1414
f 1311 1415 1310
f 1311 1416 1415
f 1312 1416 1311
f 1312 1417 1416
f 1313 1417 1312
f 1313 1418 1417
f 1314 1422 1421
f 1315 1422 1314
f 1315 1423 1422
f 1316 1423 1315
f 1316 1424 1423
f 1317 1424 1316
f 1317 1425 1424
f 1318 1425 1317
f 1318 1426 1425
f 1319 1426 1318
f 1319 1427 1426
f 1320 1427 1319
f 1320 1428 1427
f 1321 1428 1320
f 1321 1429 1428
f 1322 1429 1321
f 1322 1430 1429
f 1323 1430 1322
f 1323 1431 1430
f 1324 1431 1323
f 1324 1432 1431
f 1325 1432 1324
f 1325 1433 1432
f 1326 1433 1325
f 1326 1434 1433
f 1327 1434 1326
f 1327 1435 1434
f 1328 1435 1327
f 1328 1436 1435
f 1329 1436 1328
f 1329 1437 1436
f 1330 1437 1329
f 1330 1438 1437
f 1331 1438 1330
f 1331 1439 1438
f 1332 1439 1331
f 1332 1440 1439
f 1333 1440 1332
f 1333 1441 1440
f 1334 1441 1333
f 1334 1442 1441
f 1335 1442 1334
f 1335 1443 1442
f 1336 1443 1335
f 1336 1444 1443
f 1337 1444 1336
f 1337 1445 1444
f 1338 1445 1337
f 1338 1446 1445
f 1339 1446 1338
f 1339 1447 1446
f 1340 1447 1339
f 1340 1448 1447
f 1341 1448 1340
f 1341 1449 1448
f 1342 1449 1341
f 1342 1450 1449
f 1343 1450 1342
f 1343 1451 1450
f 1344 1451 1343
f 1344 1452 1451
f 1345 1452 1344
f 1345 1453 1452
f 1346 1453 1345
f 1346 1454 1453
f 1347 1454 1346
f 1347 1455 1454
f 1348 1455 1347
f 1348 1456 1455
f 1349 1456 1348
f 1349 1457 1456
f 1350 1457 1349
f 1350 1458 1457
f 1351 1458 1350
f 1351 1459 1458
f 1352 1459 1351
f 1352 1460 1459
f 1353 1460 1352
f 1353 1461 1460
f 1354 1461 1353
f 1354 1462 1461
f 1355 1462 1354
f 1355 1463 1462
f 1356 1463 1355
f 1356 1464 1463
f 1357 1464 1356
f 1357 1465 1464
f 1358 1465 1357
f 1358 1466 1465
f 1359 1466 1358
f 1359 1467 1466
f 1360 1467 1359
f 1360 1468 1467
f 1361 1468 1360
f 1361 1469 1468
f 1362 1469 1361
f 1362 1470 1469
f 1363 1470 1362
f 1363 1471 1470
f 1364 1471 1363
f 1364 1472 1471
f 1365 1472 1364
f 1365 1473 1472
f 1366 1473 1365
f 1366 1474 1473
f 1367 1474 1366
f 1367 1475 1474
f 1368 1475 1367
f 1368 1476 1475
f 1369 1476 1368
f 1369 1477 1476
f 1370 1477 1369
f 1370 1478 1477
f 1371 1478 1370
f 1371 1479 1478
f 1372 1479 1371
f 1372 1480 1479
f 1373 1480 1372
f 1373 1481 1480
f 1374 1481 1373
f 1374 1482 1481
f 1375 1482 1374
f 1375 1483 1482
f 1376 1483 1375
f 1376 1484 1483
f 1377 1484 1376
f 1377 1485 1484
f 1378 1485 1377
f 1378 1486 1485
f 1379 1486 1378
f 1379 1487 1486
f 1380 1487 1379
f 1380 1488 1487
f 1381 1488 1380
f 1381 1489 1488
f 1382 1489 1381
f 1382 1490 1489
f 1383 1490 1382
f 1383 1491 1490
f 1384 1491 1383
f 1384 1492 1491
f 1385 1492 1384
f 1385 1493 1492
f 1386 1493 1385
f 1386 1494 1493
f 1387 1494 1386
f 1387 1495 1494
f 1388 1495 1387
f 1388 1496 1495
f 1389 1496 1388
f 1389 1497 1496
f 1390 1497 1389
f 1390 1498 1497
f 1391 1498 1390
f 1391 1499 1498
f 1392 1499 1391
f 1392 1500 1499
f 1393 1500 1392
f 1393 1501 1500
f 1394 1501 1393
f 1394 1502 1501
f 1395 1502 1394
f 1395 1503 1502
f 1396 1503 1395
f 1396 1504 1503
f 1397 1504 1396
f 1397 1505 1504
f 1398 1505 1397
f 1398 1506 1505
f 1399 1506 1398
f 1399 1507 1506
f 1400 1507 1399
f 1400 1508 1507
f 1401 1508 1400
f 1401 1509 1508
f 1402 1509 1401
f 1402 1510 1509
f 1403 1510 1402
f 1403 1511 1510
f 1404 1511 1403
f 1404 1512 1511
f 1405 1512 1404
f 1405 1513 1512
f 1406 1513 1405
f 1406 1514 1513
f 1407 1514 1406
f 1407 1515 1514
f 1408 1515 1407
f 1408 1516 1515
f 1409 1516 1408
f 1409 1517 1516
f 1410 1517 1409
f 1410 1518 1517
f 1411 1518 1410
f 1411 1519 1518
f 1412 1519 1411
f 1412 1520 1519
f 1413 1520 1412
f 1413 1521 1520
f 1414 1521 1413
f 1414 1522 1521
f 1415 1522 1414
f 1415 1523 1522
f 1416 1523 1415
f 1416 1524 1523
f 1417 1524 1416
f 1417 1525 1524
f 1418 1525 1417
f 1418 1526 1525
f 1419 1526 1418
f 1419 1527 1526
f 1420 1527 1419
f 1420 1528 1527
f 1421 1532 1531
f 1422 1532 1421
f 1422 1533 1532
f 1423 1533 1422
f 1423 1534 1533
f 1424 1534 1423
f 1424 1535 1534
f 1425 1535 1424
f 1425 1536 1535
f 1426 1536 1425
f 1426 1537 1536
f 1427 1537 1426
f 1427 1538 1537
f 1428 1538 1427
f 1428 1539 1538
f 1429 1539 1428
f 1429 1540 1539
f 1430 1540 1429
f 1430 1541 1540
f 1431 1541 1430
f 1431 1542 1541
f 1432 1542 1431
f 1432 1543 1542
f 1433 1543 1432
f 1433 1544 1543
f 1434 1544 1433
f 1434 1545 1544
f 1435 1545 1434
f 1435 1546 1545
f 1436 1546 1435
f 1436 1547 1546
f 1437 1547 1436
f 1437 1548 1547
f 1438 1548 1437
f 1438 1549 1548
f 1439 1549 1438
f 1439 1550 1549
f 1440 1550 1439
f 1440 1551 1550
f 1441 1551 1440
f 1441 1552 1551
f 1442 1552 1441
f 1442 1553 1552
f 1443 1553 1442
f 1443 1554 1553
f 1444 1554 1443
f 1444 1555 1554
f 1445 1555 1444
f 1445 1556 1555
f 1446 1556 1445
f 1446 1557 1556
f 1447 1557 1446
f 1447 1558 1557
f 1448 1558 1447
f 1448 1559 1558
f 1449 1559 1448
f 1449 1560 1559
f 1450 1560 1449
f 1450 1561 1560
f 1451 1561 1450
f 1451 1562 1561
f 1452 1562 1451
f 1452 1563 1562
f 1453 1563 1452
f 1453 1564 1563
f 1454 1564 1453
f 1454 1565 1564
f 1455 1565 1454
f 1455 1566 1565
f 1456 1566 1455
f 1456 1567 1566
f 1457 1567 1456
f 1457 1568 1567
f 1458 1568 1457
f 1458 1569 1568
f 1459 1569 1458
f 1459 1570 1569
f 1460 1570 1459
f 1460 1571 1570
f 1461 1571 1460
f 1461 1572 1571
f 1462 1572 1461
f 1462 1573 1572
f 1463 1573 1462
f 1463 1574 1573
f 1464 1574 1463
f 1464 1575 1574
f 1465 1575 1464
f 1465 1576 1575
f 1466 1576 1465
f 1466 1577 1576
f 1467 1577 1466
f 1467 1578 1577
f 1468 1578 1467
f 1468 1579 1578
f 1469 1579 1468
f 1469 1580 1579
f 1470 1580 1469
f 1470 1581 1580
f 1471 1581 1470
f 1471 1582 1581
f 1472 1582 1471
f 1472 1583 1582
f 1473 1583 1472
f 1473 1584 1583
f 1474 1584 1473
f 1474 1585 1584
f 1475 1585 1474
f 1475 1586 1585
f 1476 1586 1475
f 1476 1587 1586
f 1477 1587 1476
f 1477 1588 1587
f 1478 1588 1477
f 1478 1589 1588
f 1479 1589 1478
f 1479 1590 1589
f 1480 1590 1479
f 1480 1591 1590
f 1481 1591 1480
f 1481 1592 1591
f 1482 1592 1481
f 1482 1593 1592
f 1483 1593 1482
f 1483 1594 1593
f 1484 1594 1483
f 1484 1595 1594
f 1485 1595 1484
f 1485 1596 1595
f 1486 1596 1485
f 1486 1597 1596
f 1487 1597 1486
f 1487 1598 1597
f 1488 1598 1487
f 1488 1599 1598
f 1489 1599 1488
f 1489 1600 1599
f 1490 1600 1489
f 1490 1601 1600
f 1491 1601 1490
f 1491 1602 1601
f 1492 1602 1491
f 1492 1603 1602
f 1493 1603 1492
f 1493 1604 1603
f 1494 1604 1493
f 1494 1605 1604
f 1495 1605 1494
f 1495 1606 1605
f 1496 1606 1495
f 1496 1607 1606
f 1497 1607 1496
f 1497 1608 1607
f 1498 1608 1497
f 1498 1609 1608
f 1499 1609 1498
f 1499 1610 1609
f 1500 1610 1499
f 1500 1611 1610
f 1501 1611 1500
f 1501 1612 1611
f 1502 1612 1501
f 1502 1613 1612
f 1503 1613 1502
f 1503 1614 1613
f 1504 1614 1503
f 1504 1615 1614
f 1505 1615 1504
f 1505 1616 1615
f 1506 1616 1505
f 1506 1617 1616
f 1507 1617 1506
f 1507 1618 1617
f 1508 1618 1507
f 1508 1619 1618
f 1509 1619 1508
f 1509 1620 1619
f 1510 1620 1509
f 1510 1621 1620
f 1511 1621 1510
f 1511 1622 1621
f 1512 1622 1511
f 1512 1623 1622
f 1513 1623 1512
f 1513 1624 1623
f 1514 1624 1513
f 1514 1625 1624
f 1515 1625 1514
f 1515 1626 1625
f 1516 1626 1515
f 1516 1627 1626
f 1517 1627 1516
f 1517 1628 1627
f 1518 1628 1517
f 1518 1629 1628
f 1519 1629 1518
f 1519 1630 1629
f 1520 1630 1519
f 1520 1631 1630
f 1521 1631 1520
f 1521 1632 1631
f 1522 1632 1521
f 1522 1633 1632
f 1523 1633 1522
f 1523 1634 1633
f 1524 1634 1523
f 1524 1635 1634
f 1525 1635 1524
f 1525 1636 1635
f 1526 1636 1525
f 1526 1637 1636
f 1527 1637 1526
f 1527 1638 1637
f 1528 1638 1527
f 1528 1639 1638
f 1529 1639 1528
f 1529 1640 1639
f 1530 1645 1644
f 1531 1645 1530
f 1531 1646 1645
f 1532 1646 1531
f 1532 1647 1646
f 1533 1647 1532
f 1533 1648 1647
f 1534 1648 1533
f 1534 1649 1648
f 1535 1649 1534
f 1535 1650 1649
f 1536 1650 1535
f 1536 1651 1650
f 1537 1651 1536
f 1537 1652 1651
f 1538 1652 1537
f 1538 1653 1652
f 1539 1653 1538
f 1539 1654 1653
f 1540 1654 1539
f 1540 1655 1654
f 1541 1655 1540
f 1541 1656 1655
f 1542 1656 1541
f 1542 1657 1656
f 1543 1657 1542
f 1543 1658 1657
f 1544 1658 1543
f 1544 1659 1658
f 1545 1659 1544
f 1545 1660 1659
f 1546 1660 1545
f 1546 1661 1660
f 1547 1661 1546
f 1547 1662 1661
f 1548 1662 1547
f 1548 1663 1662
f 1549 1663 1548
f 1549 1664 1663
f 1550 1664 1549
f 1550 1665 1664
f 1551 1665 1550
f 1551 1666 1665
f 1552 1666 1551
f 1552 1667 1666
f 1553 1667 1552
f 1553 1668 1667
f 1554 1668 1553
f 1554 1669 1668
f 1555 1669 1554
f 1555 1670 1669
f 1556 1670 1555
f 1556 1671 1670
f 1557 1671 1556
f 1557 1672 1671
f 1558 1672 1557
f 1558 1673 1672
f 1559 1673 1558
f 1559 1674 1673
f 1560 1674 1559
f 1560 1675 1674
f 1561 1675 1560
f 1561 1676 1675
f 1562 1676 1561
f 1562 1677 1676
f 1563 1677 1562
f 1563 1678 1677
f 1564 1678 1563
f 1564 1679 1678
f 1565 1679 1564
f 1565 1680 1679
f 1566 1680 1565
f 1566 1681 1680
f 1567 1681 1566
f 1567 1682 1681
f 1568 1682 1567
f 1568 1683 1682
f 1569 1683 1568
f 1569 1684 1683
f 1570 1684 1569
f 1570 1685 1684
f 1571 1685 1570
f 1571 1686 1685
f 1572 1686 1571
f 1572 1687 1686
f 1573 1687 1572
f 1573 1688 1687
f 1574 1688 1573
f 1574 1689 1688
f 1575 1689 1574
f 1575 1690 1689
f 1576 1690 1575
f 1576 1691 1690
f 1577 1691 1576
f 1577 1692 1691
f 1578 1692 1577
f 1578 1693 1692
f 1579 1693 1578
f 1579 1694 1693
f 1580 1694 1579
f 1580 1695 1694
f 1581 1695 1580
f 1581 1696 1695
f 1582 1696 1581
f 1582 1697 1696
f 1583 1697 1582
f 1583 1698 1697
f 1584 1698 1583
f 1584 1699 1698
f 1585 1699 1584
f 1585 1700 1699
f 1586 1700 1585
f 1586 1701 1700
f 1587 1701 1586
f 1587 1702 1701
f 1588 1702 1587
f 1588 1703 1702
f 1589 1703 1588
f 1589 1704 1703
f 1590 1704 1589
f 1590 1705 1704
f 1591 1705 1590
f 1591 1706 1705
f 1592 1706 1591
f 1592 1707 1706
f 1593 1707 1592
f 1593 1708 1707
f 1594 1708 1593
f 1594 1709 1708
f 1595 1709 1594
f 1595 1710 1709
f 1596 1710 1595
f 1596 1711 1710
f 1597 1711 1596
f 1597 1712 1711
f 1598 1712 1597
f 1598 1713 1712
f 1599 1713 1598
f 1599 1714 1713
f 1600 1714 1599
f 1600 1715 1714
f 1601 1715 1600
f 1601 1716 1715
f 1602 1716 1601
f 1602 1717 1716
f 1603 1717 1602
f 1603 1718 1717
f 1604 1718 1603
f 1604 1719 1718
f 1605 1719 1604
f 1605 1720 1719
f 1606 1720 1605
f 1606 1721 1720
f 1607 1721 1606
f 1607 1722 1721
f 1608 1722 1607
f 1608 1723 1722
f 1609 1723 1608
f 1609 1724 1723
f 1610 1724 1609
f 1610 1725 1724
f 1611 1725 1610
f 1611 1726 1725
f 1612 1726 1611
f 1612 1727 1726
f 1613 1727 1612
f 1613 1728 1727
f 1614 1728 1613
f 1614 1729 1728
f 1615 1729 1614
f 1615 1730 1729
f 1616 1730 1615
f 1616 1731 1730
f 1617 1731 1616
f 1617 1732 1731
f 1618 1732 1617
f 1618 1733 1732
f 1619 1733 1618
f 1619 1734 1733
f 1620 1734 1619
f 1620 1735 1734
f 1621 1735 1620
f 1621 1736 1735
f 1622 1736 1621
f 1622 1737 1736
f 1623 1737 1622
f 1623 1738 1737
f 1624 1738 1623
f 1624 1739 1738
f 1625 1739 1624
f 1625 1740 1739
f 1626 1740 1625
f 1626 1741 1740
f 1627 1741 1626
f 1627 1742 1741
f 1628 1742 1627
f 1628 1743 1742
f 1629 1743 1628
f 1629 1744 1743
f 1630 1744 1629
f 1630 1745 1744
f 1631 1745 1630
f 1631 1746 1745
f 1632 1746 1631
f 1632 1747 1746
f 1633 1747 1632
f 1633 1748 1747
f 1634 1748 1633
f 1634 1749 1748
f 1635 1749 1634
f 1635 1750 1749
f 1636 1750 1635
f 1636 1751 1750
f 1637 1751 1636
f 1637 1752 1751
f 1638 1752 1637
f 1638 1753 1752
f 1639 1753 1638
f 1639 1754 1753
f 1640 1754 1639
f 1640 1755 1754
f 1641 1755 1640
f 1641 1756 1755
f 1642 1756 1641
f 1642 1757 1756
f 1643 1761 1760
f 1644 1761 1643
f 1644 1762 1761
f 1645 1762 1644
f 1645 1763 1762
f 1646 1763 1645
f 1646 1764 1763
f 1647 1764 1646
f 1647 1765 1764
f 1648 1765 1647
f 1648 1766 1765
f 1649 1766 1648
f 1649 1767 1766
f 1650 1767 1649
f 1650 1768 1767
f 1651 1768 1650
f 1651 1769 1768
f 1652 1769 1651
f 1652 1770 1769
f 1653 1770 1652
f 1653 1771 1770
f 1654 1771 1653
f 1654 1772 1771
f 1655 1772 1654
f 1655 1773 1772
f 1656 1773 1655
f 1656 1774 1773
f 1657 1774 1656
f 1657 1775 1774
f 1658 1775 1657
f 1658 1776 1775
f 1659 1776 1658
f 1659 1777 1776
f 1660 1777 1659
f 1660 1778 1777
f 1661 1778 1660
f 1661 1779 1778
f 1662 1779 1661
f 1662 1780 1779
f 1663 1780 1662
f 1663 1781 1780
f 1664 1781 1663
f 1664 1782 1781
f 1665 1782 1664
f 1665 1783 1782
f 1666 1783 1665
f 1666 1784 1783
f 1667 1784 1666
f 1667 1785 1784
f 1668 1785 1667
f 1668 1786 1785
f 1669 1786 1668
f 1669 1787 1786
f 1670 1787 1669
f 1670 1788 1787
f 1671 1788 1670
f 1671 1789 1788
f 1672 1789 1671
f 1672 1790 1789
f 1673 1790 1672
f 1673 1791 1790
f 1674 1791 1673
f 1674 1792 1791
f 1675 1792 1674
f 1675 1793 1792
f 1676 1793 1675
f 1676 1794 1793
f 1677 1794 1676
f 1677 1795 1794
f 1678 1795 1677
f 1678 1796 1795
f 1679 1796 1678
f 1679 1797 1796
f 1680 1797 1679
f 1680 1798 1797
f 1681 1798 1680
f 1681 1799 1798
f 1682 1799 1681
f 1682 1800 1799
f 1683 1800 1682
f 1683 1801 1800
f 1684 1801 1683
f 1684 1802 1801
f 1685 1802 1684
f 1685 1803 1802
f 1686 1803 1685
f 1686 1804 1803
f 1687 1804 1686
f 1687 1805 1804
f 1688 1805 1687
f 1688 1806 1805
f 1689 1806 1688
f 1689 1807 1806
f 1690 1807 1689
f 1690 1808 1807
f 1691 1808 1690
f 1691 1809 1808
f 1692 1809 1691
f 1692 1810 1809
f 1693 1810 1692
f 1693 1811 1810
f 1694 1811 1693
f 1694 1812 1811
f 1695 1812 1694
f 1695 1813 1812
f 1696 1813 1695
f 1696 1814 1813
f 1697 1814 1696
f 1697 1815 1814
f 1698 1815 1697
f 1698 1816 1815
f 1699 1816 1698
f 1699 1817 1816
f 1700 1817 1699
f 1700 1818 1817
f 1701 1818 1700
f 1701 1819 1818
f 1702 1819 1701
f 1702 1820 1819
f 1703 1820 1702
f 1703 1821 1820
f 1704 1821 1703
f 1704 1822 1821
f 1705 1822 1704
f 1705 1823 1822
f 1706 1823 1705
f 1706 1824 1823
f 1707 1824 1706
f 1707 1825 1824
f 1708 1825 1707
f 1708 1826 1825
f 1709 1826 1708
f 1709 1827 1826
f 1710 1827 1709
f 1710 1828 1827
f 1711 1828 1710
f 1711 1829 1828
f 1712 1829 1711
f 1712 1830 1829
f 1713 1830 1712
f 1713 1831 1830
f 1714 1831 1713
f 1714 1832 1831
f 1715 1832 1714
f 1715 1833 1832
f 1716 1833 1715
f 1716 1834 1833
f 1717 1834 1716
f 1717 1835 1834
f 1718 1835 1717
f 1718 1836 1835
f 1719 1836 1718
f 1719 1837 1836
f 1720 1837 1719
f 1720 1838 1837
f 1721 1838 1720
f 1721 1839 1838
f 1722 1839 1721
f 1722 1840 1839
f 1723 1840 1722
f 1723 1841 1840
f 1724 1841 1723
f 1724 1842 1841
f 1725 1842 1724
f 1725 1843 1842
f 1726 1843 1725
f 1726 1844 1843
f 1727 1844 1726
f 1727 1845 1844
f 1728 1845 1727
f 1728 1846 1845
f 1729 1846 1728
f 1729 1847 1846
f 1730 1847 1729
f 1730 1848 1847
f 1731 1848 1730
f 1731 1849 1848
f 1732 1849 1731
f 1732 1850 1849
f 1733 1850 1732
f 1733 1851 1850
f 1734 1851 1733
f 1734 1852 1851
f 1735 1852 1734
f 1735 1853 1852
f 1736 1853 1735
f 1736 1854 1853
f 1737 1854 1736
f 1737 1855 1854
f 1738 1855 1737
f 1738 1856 1855
f 1739 1856 1738
f 1739 1857 1856
f 1740 1857 1739
f 1740 1858 1857
f 1741 1858 1740
f 1741 1859 1858
f 1742 1859 1741
f 1742 1860 1859
f 1743 1860 1742
f 1743 1861 1860
f 1744 1861 1743
f 1744 1862 1861
f 1745 1862 1744
f 1745 1863 1862
f 1746 1863 1745
f 1746 1864 1863
f 1747 1864 1746
f 1747 1865 1864
f 1748 1865 1747
f 1748 1866 1865
f 1749 1866 1748
f 1749 1867 1866
f 1750 1867 1749
f 1750 1868 1867
f 1751 1868 1750
f 1751 1869 1868
f 1752 1869 1751
f 1752 1870 1869
f 1753 1870 1752
f 1753 1871 1870
f 1754 1871 1753
f 1754 1872 1871
f 1755 1872 1754
f 1755 1873 1872
f 1756 1873 1755
f 1756 1874 1873
f 1757 1874 1756
f 1757 1875 1874
f 1758 1875 1757
f 1758 1876 1875
f 1759 1881 1880
f 1760 1882 1881
f 1761 1882 1760
f 1761 1883 1882
f 1762 1883 1761
f 1762 1884 1883
f 1763 1884 1762
f 1763 1885 1884
f 1764 1885 1763
f 1764 1886 1885
f 1765 1886 1764
f 1765 1887 1886
f 1766 1887 1765
f 1766 1888 1887
f 1767 1888 1766
f 1767 1889 1888
f 1768 1889 1767
f 1768 1890 1889
f 1769 1890 1768
f 1769 1891 1890
f 1770 1891 1769
f 1770 1892 1891
f 1771 1892 1770
f 1771 1893 1892
f 1772 1893 1771
f 1772 1894 1893
f 1773 1894 1772
f 1773 1895 1894
f 1774 1895 1773
f 1774 1896 1895
f 1775 1896 1774
f 1775 1897 1896
f 1776 1897 1775
f 1776 1898 1897
f 1777 1898 1776
f 1777 1899 1898
f 1778 1899 1777
f 1778 1900 1899
f 1779 1900 1778
f 1779 1901 1900
f 1780 1901 1779
f 1780 1902 1901
f 1781 1902 1780
f 1781 1903 1902
f 1782 1903 1781
f 1782 1904 1903
f 1783 1904 1782
f 1783 1905 1904
f 1784 1905 1783
f 1784 1906 1905
f 1785 1906 1784
f 1785 1907 1906
f 1786 1907 1785
f 1786 1908 1907
f 1787 1908 1786
f 1787 1909 1908
f 1788 1909 1787
f 1788 1910 1909
f 1789 1910 1788
f 1789 1911 1910
f 1790 1911 1789
f 1790 1912 1911
f 1791 1912 1790
f 1791 1913 1912
f 1792 1913 1791
f 1792 1914 1913
f 1793 1914 1792
f 1793 1915 1914
f 1794 1915 1793
f 1794 1916 1915
f 1795 1916 1794
f 1795 1917 1916
f 1796 1917 1795
f 1796 1918 1917
f 1797 1918 1796
f 1797 1919 1918
f 1798 1919 1797
f 1798 1920 1919
f 1799 1920 1798
f 1799 1921 1920
f 1800 1921 1799
f 1800 1922 1921
f 1801 1922 1800
f 1801 1923 1922
f 1802 1923 1801
f 1802 1924 1923
f 1803 1924 1802
f 1803 1925 1924
f 1804 1925 1803
f 1804 1926 1925
f 1805 1926 1804
f 1805 1927 1926
f 1806 1927 1805
f 1806 1928 1927
f 1807 1928 1806
f 1807 1929 1928
f 1808 1929 1807
f 1808 1930 1929
f 1809 1930 1808
f 1809 1931 1930
f 1810 1931 1809
f 1810 1932 1931
f 1811 1932 1810
f 1811 1933 1932
f 1812 1933 1811
f 1812 1934 1933
f 1813 1934 1812
f 1813 1935 1934
f 1814 1935 1813
f 1814 1936 1935
f 1815 1936 1814
f 1815 1937 1936
f 1816 1937 1815
f 1816 1938 1937
f 1817 1938 1816
f 1817 1939 1938
f 1818 1939 1817
f 1818 1940 1939
f 1819 1940 1818
f 1819 1941 1940
f 1820 1941 1819
f 1820 1942 1941
f 1821 1942 1820
f 1821 1943 1942
f 1822 1943 1821
f 1822 1944 1943
f 1823 1944 1822
f 1823 1945 1944
f 1824 1945 1823
f 1824 1946 1945
f 1825 1946 1824
f 1825 1947 1946
f 1826 1947 1825
f 1826 1948 1947
f 1827 1948 1826
f 1827 1949 1948
f 1828 1949 1827
f 1828 1950 1949
f 1829 1950 1828
f 1829 1951 1950
f 1830 1951 1829
f 1830 1952 1951
f 1831 1952 1830
f 1831 1953 1952
f 1832 1953 1831
f 1832 1954 1953
f 1833 1954 1832
f 1833 1955 1954
f 1834 1955 1833
f 1834 1956 1955
f 1835 1956 1834
f 1835 1957 1956
f 1836 1957 1835
f 1836 1958 1957
f 1837 1958 1836
f 1837 1959 1958
f 1838 1959 1837
f 1838 1960 1959
f 1839 1960 1838
f 1839 1961 1960
f 1840 1961 1839
f 1840 1962 1961
f 1841 1962 1840
f 1841 1963 1962
f 1842 1963 1841
f 1842 1964 1963
f 1843 1964 1842
f 1843 1965 1964
f 1844 1965 1843
f 1844 1966 1965
f 1845 1966 1844
f 1845 1967 1966
f 1846 1967 1845
f 1846 1968 1967
f 1847 1968 1846
f 1847 1969 1968
f 1848 1969 1847
f 1848 1970 1969
f 1849 1970 1848
f 1849 1971 1970
f 1850 1971 1849
f 1850 1972 1971
f 1851 1972 1850
f 1851 1973 1972
f 1852 1973 1851
f 1852 1974 1973
f 1853 1974 1852
f 1853 1975 1974
f 1854 1975 1853
f 1854 1976 1975
f 1855 1976 1854
f 1855 1977 1976
f 1856 1977 1855
f 1856 1978 1977
f 1857 1978 1856
f 1857 1979 1978
f 1858 1979 1857
f 1858 1980 1979
f 1859 1980 1858
f 1859 1981 1980
f 1860 1981 1859
f 1860 1982 1981
f 1861 1982 1860
f 1861 1983 1982
f 1862 1983 1861
f 1862 1984 1983
f 1863 1984 1862
f 1863 1985 1984
f 1864 1985 1863
f 1864 1986 1985
f 1865 1986 1864
f 1865 1987 1986
f 1866 1987 1865
f 1866 1988 1987
f 1867 1988 1866
f 1867 1989 1988
f 1868 1989 1867
f 1868 1990 1989
f 1869 1990 1868
f 1869 1991 1990
f 1870 1991 1869
f 1870 1992 1991
f 1871 1992 1870
f 1871 1993 1992
f 1872 1993 1871
f 1872 1994 1993
f 1873 1994 1872
f 1873 1995 1994
f 1874 1995 1873
f 1874 1996 1995
f 1875 1996 1874
f 1875 1997 1996
f 1876 1997 1875
f 1876 1998 1997
f 1877 1998 1876
f 1877 1999 1998
f 1878 1999 1877
f 1878 2000 1999
f 1879 2004 2003
f 1880 2004 1879
f 1880 2005 2004
f 1881 2005 1880
f 1881 2006 2005
f 1882 2006 1881
f 1882 2007 2006
f 1883 2007 1882
f 1883 2008 2007
f 1884 2008 1883
f 1884 2009 2008
f 1885 2009 1884
f 1885 2010 2009
f 1886 2010 1885
f 1886 2011 2010
f 1887 2011 1886
f 1887 2012 2011
f 1888 2012 1887
f 1888 2013 2012
f 1889 2013 1888
f 1889 2014 2013
f 1890 2014 1889
f 1890 2015 2014
f 1891 2015 1890
f 1891 2016 2015
f 1892 2016 1891
f 1892 2017 2016
f 1893 2017 1892
f 1893 2018 2017
f 1894 2018 1893
f 1894 2019 2018
f 1895 2019 1894
f 1895 2020 2019
f 1896 2020 1895
f 1896 2021 2020
f 1897 2021 1896
f 1897 2022 2021
f 1898 2022 1897
f 1898 2023 2022
f 1899 2023 1898
f 1899 2024 2023
f 1900 2024 1899
f 1900 2025 2024
f 1901 2025 1900
f 1901 2026 2025
f 1902 2026 1901
f 1902 2027 2026
f 1903 2027 1902
f 1903 2028 2027
f 1904 2028 1903
f 1904 2029 2028
f 1905 2029 1904
f 1905 2030 2029
f 1906 2030 1905
f 1906 2031 2030
f 1907 2031 1906
f 1907 2032 2031
f 1908 2032 1907
f 1908 2033 2032
f 1909 2033 1908
f 1909 2034 2033
f 1910 2034 1909
f 1910 2035 2034
f 1911 2035 1910
f 1911 2036 2035
f 1912 2036 1911
f 1912 2037 2036
f 1913 2037 1912
f 1913 2038 2037
f 1914 2038 1913
f 1914 2039 2038
f 1915 2039 1914
f 1915 2040 2039
f 1916 2040 1915
f 1916 2041 2040
f 1917 2041 1916
f 1917 2042 2041
f 1918 2042 1917
f 1918 2043 2042
f 1919 2043 1918
f 1919 2044 2043
f 1920 2044 1919
f 1920 2045 2044
f 1921 2045 1920
f 1921 2046 2045
f 1922 2046 1921
f 1922 2047 2046
f 1923 2047 1922
f 1923 2048 2047
f 1924 2048 1923
f 1924 2049 2048
f 1925 2049 1924
f 1925 2050 2049
f 1926 2050 1925
f 1926 2051 2050
f 1927 2051 1926
f 1927 2052 2051
f 1928 2052 1927
f 1928 2053 2052
f 1929 2053 1928
f 1929 2054 2053
f 1930 2054 1929
f 1930 2055 2054
f 1931 2055 1930
f 1931 2056 2055
f 1932 2056 1931
f 1932 2057 2056
f 1933 2057 1932
f 1933 2058 2057
f 1934 2058 1933
f 1934 2059 2058
f 1935 2059 1934
f 1935 2060 2059
f 1936 2060 1935
f 1936 2061 2060
f 1937 2061 1936
f 1937 2062 2061
f 1938 2062 1937
f 1938 2063 2062
f 1939 2063 1938
f 1939 2064 2063
f 1940 2064 1939
f 1940 2065 2064
f 1941 2065 1940
f 1941 2066 2065
f 1942 2066 1941
f 1942 2067 2066
f 1943 2067 1942
f 1943 2068 2067
f 1944 2068 1943
f 1944 2069 2068
f 1945 2069 1944
f 1945 2070 2069
f 1946 2070 1945
f 1946 2071 2070
f 1947 2071 1946
f 1947 2072 2071
f 1948 2072 1947
f 1948 2073 2072
f 1949 2073 1948
f 1949 2074 2073
f 1950 2074 1949
f 1950 2075 2074
f 1951 2075 1950
f 1951 2076 2075
f 1952 2076 1951
f 1952 2077 2076
f 1953 2077 1952
f 1953 2078 2077
f 1954 2078 1953
f 1954 2079 2078
f 1955 2079 1954
f 1955 2080 2079
f 1956 2080 1955
f 1956 2081 2080
f 1957 2081 1956
f 1957 2082 2081
f 1958 2082 1957
f 1958 2083 2082
f 1959 2083 1958
f 1959 2084 2083
f 1960 2084 1959
f 1960 2085 2084
f 1961 2085 1960
f 1961 2086 2085
f 1962 2086 1961
f 1962 2087 2086
f 1963 2087 1962
f 1963 2088 2087
f 1964 2088 1963
f 1964 2089 2088
f 1965 2089 1964
f 1965 2090 2089
f 1966 2090 1965
f 1966 2091 2090
f 1967 2091 1966
f 1967 2092 2091
f 1968 2092 1967
f 1968 2093 2092
f 1969 2093 1968
f 1969 2094 2093
f 1970 2094 1969
f 1970 2095 2094
f 1971 2095 1970
f 1971 2096 2095
f 1972 2096 1971
f 1972 2097 2096
f 1973 2097 1972
f 1973 2098 2097
f 1974 2098 1973
f 1974 2099 2098
f 1975 2099 1974
f 1975 2100 2099
f 1976 2100 1975
f 1976 2101 2100
f 1977 2101 1976
f 1977 2102 2101
f 1978 2102 1977
f 1978 2103 2102
f 1979 2103 1978
f 1979 2104 2103
f 1980 2104 1979
f 1980 2105 2104
f 1981 2105 1980
f 1981 2106 2105
f 1982 2106 1981
f 1982 2107 2106
f 1983 2107 1982
f 1983 2108 2107
f 1984 2108 1983
f 1984 2109 2108
f 1985 2109 1984
f 1985 2110 2109
f 1986 2110 1985
f 1986 2111 2110
f 1987 2111 1986
f 1987 2112 2111
f 1988 2112 1987
f 1988 2113 2112
f 1989 2113 1988
f 1989 2114 2113
f 1990 2114 1989
f 1990 2115 2114
f 1991 2115 1990
f 1991 2116 2115
f 1992 2116 1991
f 1992 2117 2116
f 1993 2117 1992
f 1993 2118 2117
f 1994 2118 1993
f 1994 2119 2118
f 1995 2119 1994
f 1995 2120 2119
f 1996 2120 1995
f 1996 2121 2120
f 1997 2121 1996
f 1997 2122 2121
f 1998 2122 1997
f 1998 2123 2122
f 1999 2123 1998
f 1999 2124 2123
f 2000 2124 1999
f 2000 2125 2124
f 2001 2125 2000
f 2001 2126 2125
f 2002 2130 2129
f 2003 2130 2002
f 2003 2131 2130
f 2004 2131 2003
f 2004 2132 2131
f 2005 2132 2004
f 2005 2133 2132
f 2006 2133 2005
f 2006 2134 2133
f 2007 2134 2006
f 2007 2135 2134
f 2008 2135 2007
f 2008 2136 2135
f 2009 2136 2008
f 2009 2137 2136
f 2010 2137 2009
f 2010 2138 2137
f 2011 2138 2010
f 2011 2139 2138
f 2012 2139 2011
f 2012 2140 2139
f 2013 2140 2012
f 2013 2141 2140
f 2014 2141 2013
f 2014 2142 2141
f 2015 2142 2014
f 2015 2143 2142
f 2016 2143 2015
f 2016 2144 2143
f 2017 2144 2016
f 2017 2145 2144
f 2018 2145 2017
f 2018 2146 2145
f 2019 2146 2018
f 2019 2147 2146
f 2020 2147 2019
f 2020 2148 2147
f 2021 2148 2020
f 2021 2149 2148
f 2022 2149 2021
f 2022 2150 2149
f 2023 2150 2022
f 2023 2151 2150
f 2024 2151 2023
f 2024 2152 2151
f 2025 2152 2024
f 2025 2153 2152
f 2026 2153 2025
f 2026 2154 2153
f 2027 2154 2026
f 2027 2155 2154
f 2028 2155 2027
f 2028 2156 2155
f 2029 2156 2028
f 2029 2157 2156
f 2030 2157 2029
f 2030 2158 2157
f 2031 2158 2030
f 2031 2159 2158
f 2032 2159 2031
f 2032 2160 2159
f 2033 2160 2032
f 2033 2161 2160
f 2034 2161 2033
f 2034 2162 2161
f 2035 2162 2034
f 2035 2163 2162
f 2036 2163 2035
f 2036 2164 2163
f 2037 2164 2036
f 2037 2165 2164
f 2038 2165 2037
f 2038 2166 2165
f 2039 2166 2038
f 2039 2167 2166
f 2040 2167 2039
f 2040 2168 2167
f 2041 2168 2040
f 2041 2169 2168
f 2042 2169 2041
f 2042 2170 2169
f 2043 2170 2042
f 2043 2171 2170
f 2044 2171 2043
f 2044 2172 2171
f 2045 2172 2044
f 2045 2173 2172
f 2046 2173 2045
f 2046 2174 2173
f 2047 2174 2046
f 2047 2175 2174
f 2048 2175 2047
f 2048 2176 2175
f 2049 2176 2048
f 2049 2177 2176
f 2050 2177 2049
f 2050 2178 2177
f 2051 2178 2050
f 2051 2179 2178
f 2052 2179 2051
f 2052 2180 2179
f 2053 2180 2052
f 2053 2181 2180
f 2054 2181 2053
f 2054 2182 2181
f 2055 2182 2054
f 2055 2183 2182
f 2056 2183 2055
f 2056 2184 2183
f 2057 2184 2056
f 2057 2185 2184
f 2058 2185 2057
f 2058 2186 2185
f 2059 2186 2058
f 2059 2187 2186
f 2060 2187 2059
f 2060 2188 2187
f 2061 2188 2060
f 2061 2189 2188
f 2062 2189 2061
f 2062 2190 2189
f 2063 2190 2062
f 2063 2191 2190
f 2064 2191 2063
f 2064 2192 2191
f 2065 2192 2064
f 2065 2193 2192
f 2066 2193 2065
f 2066 2194 2193
f 2067 2194 2066
f 2067 2195 2194
f 2068 2195 2067
f 2068 2196 2195
f 2069 2196 2068
f 2069 2197 2196
f 2070 2197 2069
f 2070 2198 2197
f 2071 2198 2070
f 2071 2199 2198
f 2072 2199 2071
f 2072 2200 2199
f 2073 2200 2072
f 2073 2201 2200
f 2074 2201 2073
f 2074 2202 2201
f 2075 2202 2074
f 2075 2203 2202
f 2076 2203 2075
f 2076 2204 2203
f 2077 2204 2076
f 2077 2205 2204
f 2078 2205 2077
f 2078 2206 2205
f 2079 2206 2078
f 2079 2207 2206
f 2080 2207 2079
f 2080 2208 2207
f 2081 2208 2080
f 2081 2209 2208
f 2082 2209 2081
f 2082 2210 2209
f 2083 2210 2082
f 2083 2211 2210
f 2084 2211 2083
f 2084 2212 2211
f 2085 2212 2084
f 2085 2213 2212
f 2086 2213 2085
f 2086 2214 2213
f 2087 2214 2086
f 2087 2215 2214
f 2088 2215 2087
f 2088 2216 2215
f 2089 2216 2088
f 2089 2217 2216
f 2090 2217 2089
f 2090 2218 2217
f 2091 2218 2090
f 2091 2219 2218
f 2092 2219 2091
f 2092 2220 2219
f 2093 2220 2092
f 2093 2221 2220
f 2094 2221 2093
f 2094 2222 2221
f 2095 2222 2094
f 2095 2223 2222
f 2096 2223 2095
f 2096 2224 2223
f 2097 2224 2096
f 2097 2225 2224
f 2098 2225 2097
f 2098 2226 2225
f 2099 2226 2098
f 2099 2227 2226
f 2100 2227 2099
f 2100 2228 2227
f 2101 2228 2100
f 2101 2229 2228
f 2102 2229 2101
f 2102 2230 2229
f 2103 2230 2102
f 2103 2231 2230
f 2104 2231 2103
f 2104 2232 2231
f 2105 2232 2104
f 2105 2233 2232
f 2106 2233 2105
f 2106 2234 2233
f 2107 2234 2106
f 2107 2235 2234
f 2108 2235 2107
f 2108 2236 2235
f 2109 2236 2108
f 2109 2237 2236
f 2110 2237 2109
f 2110 2238 2237
f 2111 2238 2110
f 2111 2239 2238
f 2112 2239 2111
f 2112 2240 2239
f 2113 2240 2112
f 2113 2241 2240
f 2114 2241 2113
f 2114 2242 2241
f 2115 2242 2114
f 2115 2243 2242
f 2116 2243 2115
f 2116 2244 2243
f 2117 2244 2116
f 2117 2245 2244
f 2118 2245 2117
f 2118 2246 2245
f 2119 2246 2118
f 2119 2247 2246
f 2120 2247 2119
f 2120 2248 2247
f 2121 2248 2120
f 2121 2249 2248
f 2122 2249 2121
f 2122 2250 2249
f 2123 2250 2122
f 2123 2251 2250
f 2124 2251 2123
f 2124 2252 2251
f 2125 2252 2124
f 2125 2253 2252
f 2126 2253 2125
f 2126 2254 2253
f 2127 2254 2126
f 2127 2255 2254
f 2128 2259 2258
f 2129 2259 2128
f 2129 2260 2259
f 2130 2260 2129
f 2130 2261 2260
f 2131 2261 2130
f 2131 2262 2261
f 2132 2262 2131
f 2132 2263 2262
f 2133 2263 2132
f 2133 2264 2263
f 2134 2264 2133
f 2134 2265 2264
f 2135 2265 2134
f 2135 2266 2265
f 2136 2266 2135
f 2136 2267 2266
f 2137 2267 2136
f 2137 2268 2267
f 2138 2268 2137
f 2138 2269 2268
f 2139 2269 2138
f 2139 2270 2269
f 2140 2270 2139
f 2140 2271 2270
f 2141 2271 2140
f 2141 2272 2271
f 2142 2272 2141
f 2142 2273 2272
f 2143 2273 2142
f 2143 2274 2273
f 2144 2274 2143
f 2144 2275 2274
f 2145 2275 2144
f 2145 2276 2275
f 2146 2276 2145
f 2146 2277 2276
f 2147 2277 2146
f 2147 2278 2277
f 2148 2278 2147
f 2148 2279 2278
f 2149 2279 2148
f 2149 2280 2279
f 2150 2280 2149
f 2150 2281 2280
f 2151 2281 2150
f 2151 2282 2281
f 2152 2282 2151
f 2152 2283 2282
f 2153 2283 2152
f 2153 2284 2283
f 2154 2284 2153
f 2154 2285 2284
f 2155 2285 2154
f 2155 2286 2285
f 2156 2286 2155
f 2156 2287 2286
f 2157 2287 2156
f 2157 2288 2287
f 2158 2288 2157
f 2158 2289 2288
f 2159 2289 2158
f 2159 2290 2289
f 2160 2290 2159
f 2160 2291 2290
f 2161 2291 2160
f 2161 2292 2291
f 2162 2292 2161
f 2162 2293 2292
f 2163 2293 2162
f 2163 2294 2293
f 2164 2294 2163
f 2164 2295 2294
f 2165 2295 2164
f 2165 2296 2295
f 2166 2296 2165
f 2166 2297 2296
f 2167 2297 2166
f 2167 2298 2297
f 2168 2298 2167
f 2168 2299 2298
f 2169 2299 2168
f 2169 2300 2299
f 2170 2300 2169
f 2170 2301 2300
f 2171 2301 2170
f 2171 2302 2301
f 2172 2302 2171
f 2172 2303 2302
f 2173 2303 2172
f 2173 2304 2303
f 2174 2304 2173
f 2174 2305 2304
f 2175 2305 2174
f 2175 2306 2305
f 2176 2306 2175
f 2176 2307 2306
f 2177 2307 2176
f 2177 2308 2307
f 2178 2308 2177
f 2178 2309 2308
f 2179 2309 2178
f 2179 2310 2309
f 2180 2310 2179
f 2180 2311 2310
f 2181 2311 2180
f 2181 2312 2311
f 2182 2312 2181
f 2182 2313 2312
f 2183 2313 2182
f 2183 2314 2313
f 2184 2314 2183
f 2184 2315 2314
f 2185 2315 2184
f 2185 2316 2315
f 2186 2316 2185
f 2186 2317 2316
f 2187 2317 2186
f 2187 2318 2317
f 2188 2318 2187
f 2188 2319 2318
f 2189 2319 2188
f 2189 2320 2319
f 2190 2320 2189
f 2190 2321 2320
f 2191 2321 2190
f 2191 2322 2321
f 2192 2322 2191
f 2192 2323 2322
f 2193 2323 2192
f 2193 2324 2323
f 2194 2324 2193
f 2194 2325 2324
f 2195 2325 2194
f 2195 2326 2325
f 2196 2326 2195
f 2196 2327 2326
f 2197 2327 2196
f 2197 2328 2327
f 2198 2328 2197
f 2198 2329 2328
f 2199 2329 2198
f 2199 2330 2329
f 2200 2330 2199
f 2200 2331 2330
f 2201 2331 2200
f 2201 2332 2331
f 2202 2332 2201
f 2202 2333 2332
f 2203 2333 2202
f 2203 2334 2333
f 2204 2334 2203
f 2204 2335 2334
f 2205 2335 2204
f 2205 2336 2335
f 2206 2336 2205
f 2206 2337 2336
f 2207 2337 2206
f 2207 2338 2337
f 2208 2338 2207
f 2208 2339 2338
f 2209 2339 2208
f 2209 2340 2339
f 2210 2340 2209
f 2210 2341 2340
f 2211 2341 2210
f 2211 2342 2341
f 2212 2342 2211
f 2212 2343 2342
f 2213 2343 2212
f 2213 2344 2343
f 2214 2344 2213
f 2214 2345 2344
f 2215 2345 2214
f 2215 2346 2345
f 2216 2346 2215
f 2216 2347 2346
f 2217 2347 2216
f 2217 2348 2347
f 2218 2348 2217
f 2218 2349 2348
f 2219 2349 2218
f 2219 2350 2349
f 2220 2350 2219
f 2220 2351 2350
f 2221 2351 2220
f 2221 2352 2351
f 2222 2352 2221
f 2222 2353 2352
f 2223 2353 2222
f 2223 2354 2353
f 2224 2354 2223
f 2224 2355 2354
f 2225 2355 2224
f 2225 2356 2355
f 2226 2356 2225
f 2226 2357 2356
f 2227 2357 2226
f 2227 2358 2357
f 2228 2358 2227
f 2228 2359 2358
f 2229 2359 2228
f 2229 2360 2359
f 2230 2360 2229
f 2230 2361 2360
f 2231 2361 2230
f 2231 2362 2361
f 2232 2362 2231
f 2232 2363 2362
f 2233 2363 2232
f 2233 2364 2363
f 2234 2364 2233
f 2234 2365 2364
f 2235 2365 2234
f 2235 2366 2365
f 2236 2366 2235
f 2236 2367 2366
f 2237 2367 2236
f 2237 2368 2367
f 2238 2368 2237
f 2238 2369 2368
f 2239 2369 2238
f 2239 2370 2369
f 2240 2370 2239
f 2240 2371 2370
f 2241 2371 2240
f 2241 2372 2371
f 2242 2372 2241
f 2242 2373 2372
f 2243 2373 2242
f 2243 2374 2373
f 2244 2374 2243
f 2244 2375 2374
f 2245 2375 2244
f 2245 2376 2375
f 2246 2376 2245
f 2246 2377 2376
f 2247 2377 2246
f 2247 2378 2377
f 2248 2378 2247
f 2248 2379 2378
f 2249 2379 2248
f 2249 2380 2379
f 2250 2380 2249
f 2250 2381 2380
f 2251 2381 2250
f 2251 2382 2381
f 2252 2382 2251
f 2252 2383 2382
f 2253 2383 2252
f 2253 2384 2383
f 2254 2384 2253
f 2254 2385 2384
f 2255 2385 2254
f 2255 2386 2385
f 2256 2386 2255
f 2256 2387 2386
f 2257 2392 2391
f 2258 2392 2257
f 2258 2393 2392
f 2259 2393 2258
f 2259 2394 2393
f 2260 2394 2259
f 2260 2395 2394
f 2261 2395 2260
f 2261 2396 2395
f 2262 2396 2261
f 2262 2397 2396
f 2263 2397 2262
f 2263 2398 2397
f 2264 2398 2263
f 2264 2399 2398
f 2265 2399 2264
f 2265 2400 2399
f 2266 2400 2265
f 2266 2401 2400
f 2267 2401 2266
f 2267 2402 2401
f 2268 2402 2267
f 2268 2403 2402
f 2269 2403 2268
f 2269 2404 2403
f 2270 2404 2269
f 2270 2405 2404
f 2271 2405 2270
f 2271 2406 2405
f 2272 2406 2271
f 2272 2407 2406
f 2273 2407 2272
f 2273 2408 2407
f 2274 2408 2273
f 2274 2409 2408
f 2275 2409 2274
f 2275 2410 2409
f 2276 2410 2275
f 2276 2411 2410
f 2277 2411 2276
f 2277 2412 2411
f 2278 2412 2277
f 2278 2413 2412
f 2279 2413 2278
f 2279 2414 2413
f 2280 2414 2279
f 2280 2415 2414
f 2281 2415 2280
f 2281 2416 2415
f 2282 2416 2281
f 2282 2417 2416
f 2283 2417 2282
f 2283 2418 2417
f 2284 2418 2283
f 2284 2419 2418
f 2285 2419 2284
f 2285 2420 2419
f 2286 2420 2285
f 2286 2421 2420
f 2287 2421 2286
f 2287 2422 2421
f 2288 2422 2287
f 2288 2423 2422
f 2289 2423 2288
f 2289 2424 2423
f 2290 2424 2289
f 2290 2425 2424
f 2291 2425 2290
f 2291 2426 2425
f 2292 2426 2291
f 2292 2427 2426
f 2293 2427 2292
f 2293 2428 2427
f 2294 2428 2293
f 2294 2429 2428
f 2295 2429 2294
f 2295 2430 2429
f 2296 2430 2295
f 2296 2431 2430
f 2297 2431 2296
f 2297 2432 2431
f 2298 2432 2297
f 2298 2433 2432
f 2299 2433 2298
f 2299 2434 2433
f 2300 2434 2299
f 2300 2435 2434
f 2301 2435 2300
f 2301 2436 2435
f 2302 2436 2301
f 2302 2437 2436
f 2303 2437 2302
f 2303 2438 2437
f 2304 2438 2303
f 2304 2439 2438
f 2305 2439 2304
f 2305 2440 2439
f 2306 2440 2305
f 2306 2441 2440
f 2307 2441 2306
f 2307 2442 2441
f 2308 2442 2307
f 2308 2443 2442
f 2309 2443 2308
f 2309 2444 2443
f 2310 2444 2309
f 2310 2445 2444
f 2311 2445 2310
f 2311 2446 2445
f 2312 2446 2311
f 2312 2447 2446
f 2313 2447 2312
f 2313 2448 2447
f 2314 2448 2313
f 2314 2449 2448
f 2315 2449 2314
f 2315 2450 2449
f 2316 2450 2315
f 2316 2451 2450
f 2317 2451 2316
f 2317 2452 2451
f 2318 2452 2317
f 2318 2453 2452
f 2319 2453 2318
f 2319 2454 2453
f 2320 2454 2319
f 2320 2455 2454
f 2321 2455 2320
f 2321 2456 2455
f 2322 2456 2321
f 2322 2457 2456
f 2323 2457 2322
f 2323 2458 2457
f 2324 2458 2323
f 2324 2459 2458
f 2325 2459 2324
f 2325 2460 2459
f 2326 2460 2325
f 2326 2461 2460
f 2327 2461 2326
f 2327 2462 2461
f 2328 2462 2327
f 2328 2463 2462
f 2329 2463 2328
f 2329 2464 2463
f 2330 2464 2329
f 2330 2465 2464
f 2331 2465 2330
f 2331 2466 2465
f 2332 2466 2331
f 2332 2467 2466
f 2333 2467 2332
f 2333 2468 2467
f 2334 2468 2333
f 2334 2469 2468
f 2335 2469 2334
f 2335 2470 2469
f 2336 2470 2335
f 2336 2471 2470
f 2337 2471 2336
f 2337 2472 2471
f 2338 2472 2337
f 2338 2473 2472
f 2339 2473 2338
f 2339 2474 2473
f 2340 2474 2339
f 2340 2475 2474
f 2341 2475 2340
f 2341 2476 2475
f 2342 2476 2341
f 2342 2477 2476
f 2343 2477 2342
f 2343 2478 2477
f 2344 2478 2343
f 2344 2479 2478
f 2345 2479 2344
f 2345 2480 2479
f 2346 2480 2345
f 2346 2481 2480
f 2347 2481 2346
f 2347 2482 2481
f 2348 2482 2347
f 2348 2483 2482
f 2349 2483 2348
f 2349 2484 2483
f 2350 2484 2349
f 2350 2485 2484
f 2351 2485 2350
f 2351 2486 2485
f 2352 2486 2351
f 2352 2487 2486
f 2353 2487 2352
f 2353 2488 2487
f 2354 2488 2353
f 2354 2489 2488
f 2355 2489 2354
f 2355 2490 2489
f 2356 2490 2355
f 2356 2491 2490
f 2357 2491 2356
f 2357 2492 2491
f 2358 2492 2357
f 2358 2493 2492
f 2359 2493 2358
f 2359 2494 2493
f 2360 2494 2359
f 2360 2495 2494
f 2361 2495 2360
f 2361 2496 2495
f 2362 2496 2361
f 2362 2497 2496
f 2363 2497 2362
f 2363 2498 2497
f 2364 2498 2363
f 2364 2499 2498
f 2365 2499 2364
f 2365 2500 2499
f 2366 2500 2365
f 2366 2501 2500
f 2367 2501 2366
f 2367 2502 2501
f 2368 2502 2367
f 2368 2503 2502
f 2369 2503 2368
f 2369 2504 2503
f 2370 2504 2369
f 2370 2505 2504
f 2371 2505 2370
f 2371 2506 2505
f 2372 2506 2371
f 2372 2507 2506
f 2373 2507 2372
f 2373 2508 2507
f 2374 2508 2373
f 2374 2509 2508
f 2375 2509 2374
f 2375 2510 2509
f 2376 2510 2375
f 2376 2511 2510
f 2377 2511 2376
f 2377 2512 2511
f 2378 2512 2377
f 2378 2513 2512
f 2379 2513 2378
f 2379 2514 2513
f 2380 2514 2379
f 2380 2515 2514
f 2381 2515 2380
f 2381 2516 2515
f 2382 2516 2381
f 2382 2517 2516
f 2383 2517 2382
f 2383 2518 2517
f 2384 2518 2383
f 2384 2519 2518
f 2385 2519 2384
f 2385 2520 2519
f 2386 2520 2385
f 2386 2521 2520
f 2387 2521 2386
f 2387 2522 2521
f 2388 2522 2387
f 2388 2523 2522
f 2389 2523 2388
f 2389 2524 2523
f 2390 2528 2527
f 2391 2528 2390
f 2391 2529 2528
f 2392 2529 2391
f 2392 2530 2529
f 2393 2530 2392
f 2393 2531 2530
f 2394 2531 2393
f 2394 2532 2531
f 2395 2532 2394
f 2395 2533 2532
f 2396 2533 2395
f 2396 2534 2533
f 2397 2534 2396
f 2397 2535 2534
f 2398 2535 2397
f 2398 2536 2535
f 2399 2536 2398
f 2399 2537 2536
f 2400 2537 2399
f 2400 2538 2537
f 2401 2538 2400
f 2401 2539 2538
f 2402 2539 2401
f 2402 2540 2539
f 2403 2540 2402
f 2403 2541 2540
f 2404 2541 2403
f 2404 2542 2541
f 2405 2542 2404
f 2405 2543 2542
f 2406 2543 2405
f 2406 2544 2543
f 2407 2544 2406
f 2407 2545 2544
f 2408 2545 2407
f 2408 2546 2545
f 2409 2546 2408
f 2409 2547 2546
f 2410 2547 2409
f 2410 2548 2547
f 2411 2548 2410
f 2411 2549 2548
f 2412 2549 2411
f 2412 2550 2549
f 2413 2550 2412
f 2413 2551 2550
f 2414 2551 2413
f 2414 2552 2551
f 2415 2552 2414
f 2415 2553 2552
f 2416 2553 2415
f 2416 2554 2553
f 2417 2554 2416
f 2417 2555 2554
f 2418 2555 2417
f 2418 2556 2555
f 2419 2556 2418
f 2419 2557 2556
f 2420 2557 2419
f 2420 2558 2557
f 2421 2558 2420
f 2421 2559 2558
f 2422 2559 2421
f 2422 2560 2559
f 2423 2560 2422
f 2423 2561 2560
f 2424 2561 2423
f 2424 2562 2561
f 2425 2562 2424
f 2425 2563 2562
f 2426 2563 2425
f 2426 2564 2563
f 2427 2564 2426
f 2427 2565 2564
f 2428 2565 2427
f 2428 2566 2565
f 2429 2566 2428
f 2429 2567 2566
f 2430 2567 2429
f 2430 2568 2567
f 2431 2568 2430
f 2431 2569 2568
f 2432 2569 2431
f 2432 2570 2569
f 2433 2570 2432
f 2433 2571 2570
f 2434 2571 2433
f 2434 2572 2571
f 2435 2572 2434
f 2435 2573 2572
f 2436 2573 2435
f 2436 2574 2573
f 2437 2574 2436
f 2437 2575 2574
f 2438 2575 2437
f 2438 2576 2575
f 2439 2576 2438
f 2439 2577 2576
f 2440 2577 2439
f 2440 2578 2577
f 2441 2578 2440
f 2441 2579 2578
f 2442 2579 2441
f 2442 2580 2579
f 2443 2580 2442
f 2443 2581 2580
f 2444 2581 2443
f 2444 2582 2581
f 2445 2582 2444
f 2445 2583 2582
f 2446 2583 2445
f 2446 2584 2583
f 2447 2584 2446
f 2447 2585 2584
f 2448 2585 2447
f 2448 2586 2585
f 2449 2586 2448
f 2449 2587 2586
f 2450 2587 2449
f 2450 2588 2587
f 2451 2588 2450
f 2451 2589 2588
f 2452 2589 2451
f 2452 2590 2589
f 2453 2590 2452
f 2453 2591 2590
f 2454 2591 2453
f 2454 2592 2591
f 2455 2592 2454
f 2455 2593 2592
f 2456 2593 2455
f 2456 2594 2593
f 2457 2594 2456
f 2457 2595 2594
f 2458 2595 2457
f 2458 2596 2595
f 2459 2596 2458
f 2459 2597 2596
f 2460 2597 2459
f 2460 2598 2597
f 2461 2598 2460
f 2461 2599 2598
f 2462 2599 2461
f 2462 2600 2599
f 2463 2600 2462
f 2463 2601 2600
f 2464 2601 2463
f 2464 2602 2601
f 2465 2602 2464
f 2465 2603 2602
f 2466 2603 2465
f 2466 2604 2603
f 2467 2604 2466
f 2467 2605 2604
f 2468 2605 2467
f 2468 2606 2605
f 2469 2606 2468
f 2469 2607 2606
f 2470 2607 2469
f 2470 2608 2607
f 2471 2608 2470
f 2471 2609 2608
f 2472 2609 2471
f 2472 2610 2609
f 2473 2610 2472
f 2473 2611 2610
f 2474 2611 2473
f 2474 2612 2611
f 2475 2612 2474
f 2475 2613 2612
f 2476 2613 2475
f 2476 2614 2613
f 2477 2614 2476
f 2477 2615 2614
f 2478 2615 2477
f 2478 2616 2615
f 2479 2616 2478
f 2479 2617 2616
f 2480 2617 2479
f 2480 2618 2617
f 2481 2618 2480
f 2481 2619 2618
f 2482 2619 2481
f 2482 2620 2619
f 2483 2620 2482
f 2483 2621 2620
f 2484 2621 2483
f 2484 2622 2621
f 2485 2622 2484
f 2485 2623 2622
f 2486 2623 2485
f 2486 2624 2623
f 2487 2624 2486
f 2487 2625 2624
f 2488 2625 2487
f 2488 2626 2625
f 2489 2626 2488
f 2489 2627 2626
f 2490 2627 2489
f 2490 2628 2627
f 2491 2628 2490
f 2491 2629 2628
f 2492 2629 2491
f 2492 2630 2629
f 2493 2630 2492
f 2493 2631 2630
f 2494 2631 2493
f 2494 2632 2631
f 2495 2632 2494
f 2495 2633 2632
f 2496 2633 2495
f 2496 2634 2633
f 2497 2634 2496
f 2497 2635 2634
f 2498 2635 2497
f 2498 2636 2635
f 2499 2636 2498
f 2499 2637 2636
f 2500 2637 2499
f 2500 2638 2637
f 2501 2638 2500
f 2501 2639 2638
f 2502 2639 2501
f 2502 2640 2639
f 2503 2640 2502
f 2503 2641 2640
f 2504 2641 2503
f 2504 2642 2641
f 2505 2642 2504
f 2505 2643 2642
f 2506 2643 2505
f 2506 2644 2643
f 2507 2644 2506
f 2507 2645 2644
f 2508 2645 2507
f 2508 2646 2645
f 2509 2646 2508
f 2509 2647 2646
f 2510 2647 2509
f 2510 2648 2647
f 2511 2648 2510
f 2511 2649 2648
f 2512 2649 2511
f 2512 2650 2649
f 2513 2650 2512
f 2513 2651 2650
f 2514 2651 2513
f 2514 2652 2651
f 2515 2652 2514
f 2515 2653 2652
f 2516 2653 2515
f 2516 2654 2653
f 2517 2654 2516
f 2517 2655 2654
f 2518 2655 2517
f 2518 2656 2655
f 2519 2656 2518
f 2519 2657 2656
f 2520 2657 2519
f 2520 2658 2657
f 2521 2658 2520
f 2521 2659 2658
f 2522 2659 2521
f 2522 2660 2659
f 2523 2660 2522
f 2523 2661 2660
f 2524 2661 2523
f 2524 2662 2661
f 2525 2662 2524
f 2525 2663 2662
f 2526 2667 2666
f 2527 2667 2526
f 2527 2668 2667
f 2528 2668 2527
f 2528 2669 2668
f 2529 2669 2528
f 2529 2670 2669
f 2530 2670 2529
f 2530 2671 2670
f 2531 2671 2530
f 2531 2672 2671
f 2532 2672 2531
f 2532 2673 2672
f 2533 2673 2532
f 2533 2674 2673
f 2534 2674 2533
f 2534 2675 2674
f 2535 2675 2534
f 2535 2676 2675
f 2536 2676 2535
f 2536 2677 2676
f 2537 2677 2536
f 2537 2678 2677
f 2538 2678 2537
f 2538 2679 2678
f 2539 2679 2538
f 2539 2680 2679
f 2540 2680 2539
f 2540 2681 2680
f 2541 2681 2540
f 2541 2682 2681
f 2542 2682 2541
f 2542 2683 2682
f 2543 2683 2542
f 2543 2684 2683
f 2544 2684 2543
f 2544 2685 2684
f 2545 2685 2544
f 2545 2686 2685
f 2546 2686 2545
f 2546 2687 2686
f 2547 2687 2546
f 2547 2688 2687
f 2548 2688 2547
f 2548 2689 2688
f 2549 2689 2548
f 2549 2690 2689
f 2550 2690 2549
f 2550 2691 2690
f 2551 2691 2550
f 2551 2692 2691
f 2552 2692 2551
f 2552 2693 2692
f 2553 2693 2552
f 2553 2694 2693
f 2554 2694 2553
f 2554 2695 2694
f 2555 2695 2554
f 2555 2696 2695
f 2556 2696 2555
f 2556 2697 2696
f 2557 2697 2556
f 2557 2698 2697
f 2558 2698 2557
f 2558 2699 2698
f 2559 2699 2558
f 2559 2700 2699
f 2560 2700 2559
f 2560 2701 2700
f 2561 2701 2560
f 2561 2702 2701
f 2562 2702 2561
f 2562 2703 2702
f 2563 2703 2562
f 2563 2704 2703
f 2564 2704 2563
f 2564 2705 2704
f 2565 2705 2564
f 2565 2706 2705
f 2566 2706 2565
f 2566 2707 2706
f 2567 2707 2566
f 2567 2708 2707
f 2568 2708 2567
f 2568 2709 2708
f 2569 2709 2568
f 2569 2710 2709
f 2570 2710 2569
f 2570 2711 2710
f 2571 2711 2570
f 2571 2712 2711
f 2572 2712 2571
f 2572 2713 2712
f 2573 2713 2572
f 2573 2714 2713
f 2574 2714 2573
f 2574 2715 2714
f 2575 2715 2574
f 2575 2716 2715
f 2576 2716 2575
f 2576 2717 2716
f 2577 2717 2576
f 2577 2718 2717
f 2578 2718 2577
f 2578 2719 2718
f 2579 2719 2578
f 2579 2720 2719
f 2580 2720 2579
f 2580 2721 2720
f 2581 2721 2580
f 2581 2722 2721
f 2582 2722 2581
f 2582 2723 2722
f 2583 2723 2582
f 2583 2724 2723
f 2584 2724 2583
f 2584 2725 2724
f 2585 2725 2584
f 2585 2726 2725
f 2586 2726 2585
f 2586 2727 2726
f 2587 2727 2586
f 2587 2728 2727
f 2588 2728 2587
f 2588 2729 2728
f 2589 2729 2588
f 2589 2730 2729
f 2590 2730 2589
f 2590 2731 2730
f 2591 2731 2590
f 2591 2732 2731
f 2592 2732 2591
f 2592 2733 2732
f 2593 2733 2592
f 2593 2734 2733
f 2594 2734 2593
f 2594 2735 2734
f 2595 2735 2594
f 2595 2736 2735
f 2596 2736 2595
f 2596 2737 2736
f 2597 2737 2596
f 2597 2738 2737
f 2598 2738 2597
f 2598 2739 2738
f 2599 2739 2598
f 2599 2740 2739
f 2600 2740 2599
f 2600 2741 2740
f 2601 2741 2600
f 2601 2742 2741
f 2602 2742 2601
f 2602 2743 2742
f 2603 2743 2602
f 2603 2744 2743
f 2604 2744 2603
f 2604 2745 2744
f 2605 2745 2604
f 2605 2746 2745
f 2606 2746 2605
f 2606 2747 2746
f 2607 2747 2606
f 2607 2748 2747
f 2608 2748 2607
f 2608 2749 2748
f 2609 2749 2608
f 2609 2750 2749
f 2610 2750 2609
f 2610 2751 2750
f 2611 2751 2610
f 2611 2752 2751
f 2612 2752 2611
f 2612 2753 2752
f 2613 2753 2612
f 2613 2754 2753
f 2614 2754 2613
f 2614 2755 2754
f 2615 2755 2614
f 2615 2756 2755
f 2616 2756 2615
f 2616 2757 2756
f 2617 2757 2616
f 2617 2758 2757
f 2618 2758 2617
f 2618 2759 2758
f 2619 2759 2618
f 2619 2760 2759
f 2620 2760 2619
f 2620 2761 2760
f 2621 2761 2620
f 2621 2762 2761
f 2622 2762 2621
f 2622 2763 2762
f 2623 2763 2622
f 2623 2764 2763
f 2624 2764 2623
f 2624 2765 2764
f 2625 2765 2624
f 2625 2766 2765
f 2626 2766 2625
f 2626 2767 2766
f 2627 2767 2626
f 2627 2768 2767
f 2628 2768 2627
f 2628 2769 2768
f 2629 2769 2628
f 2629 2770 2769
f 2630 2770 2629
f 2630 2771 2770
f 2631 2771 2630
f 2631 2772 2771
f 2632 2772 2631
f 2632 2773 2772
f 2633 2773 2632
f 2633 2774 2773
f 2634 2774 2633
f 2634 2775 2774
f 2635 2775 2634
f 2635 2776 2775
f 2636 2776 2635
f 2636 2777 2776
f 2637 2777 2636
f 2637 2778 2777
f 2638 2778 2637
f 2638 2779 2778
f 2639 2779 2638
f 2639 2780 2779
f 2640 2780 2639
f 2640 2781 2780
f 2641 2781 2640
f 2641 2782 2781
f 2642 2782 2641
f 2642 2783 2782
f 2643 2783 2642
f 2643 2784 2783
f 2644 2784 2643
f 2644 2785 2784
f 2645 2785 2644
f 2645 2786 2785
f 2646 2786 2645
f 2646 2787 2786
f 2647 2787 2646
f 2647 2788 2787
f 2648 2788 2647
f 2648 2789 2788
f 2649 2789 2648
f 2649 2790 2789
f 2650 2790 2649
f 2650 2791 2790
f 2651 2791 2650
f 2651 2792 2791
f 2652 2792 2651
f 2652 2793 2792
f 2653 2793 2652
f 2653 2794 2793
f 2654 2794 2653
f 2654 2795 2794
f 2655 2795 2654
f 2655 2796 2795
f 2656 2796 2655
f 2656 2797 2796
f 2657 2797 2656
f 2657 2798 2797
f 2658 2798 2657
f 2658 2799 2798
f 2659 2799 2658
f 2659 2800 2799
f 2660 2800 2659
f 2660 2801 2800
f 2661 2801 2660
f 2661 2802 2801
f 2662 2802 2661
f 2662 2803 2802
f 2663 2803 2662
f 2663 2804 2803
f 2664 2804 2663
f 2664 2805 2804
f 2666 2808 2665
f 2666 2809 2808
f 2667 2809 2666
f 2667 2810 2809
f 2668 2810 2667
f 2668 2811 2810
f 2669 2811 2668
f 2669 2812 2811
f 2670 2812 2669
f 2670 2813 2812
f 2671 2813 2670
f 2671 2814 2813
f 2672 2814 2671
f 2672 2815 2814
f 2673 2815 2672
f 2673 2816 2815
f 2674 2816 2673
f 2674 2817 2816
f 2675 2817 2674
f 2675 2818 2817
f 2676 2818 2675
f 2676 2819 2818
f 2677 2819 2676
f 2677 2820 2819
f 2678 2820 2677
f 2678 2821 2820
f 2679 2821 2678
f 2679 2822 2821
f 2680 2822 2679
f 2680 2823 2822
f 2681 2823 2680
f 2681 2824 2823
f 2682 2824 2681
f 2682 2825 2824
f 2683 2825 2682
f 2683 2826 2825
f 2684 2826 2683
f 2684 2827 2826
f 2685 2827 2684
f 2685 2828 2827
f 2686 2828 2685
f 2686 2829 2828
f 2687 2829 2686
f 2687 2830 2829
f 2688 2830 2687
f 2688 2831 2830
f 2689 2831 2688
f 2689 2832 2831
f 2690 2832 2689
f 2690 2833 2832
f 2691 2833 2690
f 2691 2834 2833
f 2692 2834 2691
f 2692 2835 2834
f 2693 2835 2692
f 2693 2836 2835
f 2694 2836 2693
f 2694 2837 2836
f 2695 2837 2694
f 2695 2838 2837
f 2696 2838 2695
f 2696 2839 2838
f 2697 2839 2696
f 2697 2840 2839
f 2698 2840 2697
f 2698 2841 2840
f 2699 2841 2698
f 2699 2842 2841
f 2700 2842 2699
f 2700 2843 2842
f 2701 2843 2700
f 2701 2844 2843
f 2702 2844 2701
f 2702 2845 2844
f 2703 2845 2702
f 2703 2846 2845
f 2704 2846 2703
f 2704 2847 2846
f 2705 2847 2704
f 2705 2848 2847
f 2706 2848 2705
f 2706 2849 2848
f 2707 2849 2706
f 2707 2850 2849
f 2708 2850 2707
f 2708 2851 2850
f 2709 2851 2708
f 2709 2852 2851
f 2710 2852 2709
f 2710 2853 2852
f 2711 2853 2710
f 2711 2854 2853
f 2712 2854 2711
f 2712 2855 2854
f 2713 2855 2712
f 2713 2856 2855
f 2714 2856 2713
f 2714 2857 2856
f 2715 2857 2714
f 2715 2858 2857
f 2716 2858 2715
f 2716 2859 2858
f 2717 2859 2716
f 2717 2860 2859
f 2718 2860 2717
f 2718 2861 2860
f 2719 2861 2718
f 2719 2862 2861
f 2720 2862 2719
f 2720 2863 2862
f 2721 2863 2720
f 2721 2864 2863
f 2722 2864 2721
f 2722 2865 2864
f 2723 2865 2722
f 2723 2866 2865
f 2724 2866 2723
f 2724 2867 2866
f 2725 2867 2724
f 2725 2868 2867
f 2726 2868 2725
f 2726 2869 2868
f 2727 2869 2726
f 2727 2870 2869
f 2728 2870 2727
f 2728 2871 2870
f 2729 2871 2728
f 2729 2872 2871
f 2730 2872 2729
f 2730 2873 2872
f 2731 2873 2730
f 2731 2874 2873
f 2732 2874 2731
f 2732 2875 2874
f 2733 2875 2732
f 2733 2876 2875
f 2734 2876 2733
f 2734 2877 2876
f 2735 2877 2734
f 2735 2878 2877
f 2736 2878 2735
f 2736 2879 2878
f 2737 2879 2736
f 2737 2880 2879
f 2738 2880 2737
f 2738 2881 2880
f 2739 2881 2738
f 2739 2882 2881
f 2740 2882 2739
f 2740 2883 2882
f 2741 2883 2740
f 2741 2884 2883
f 2742 2884 2741
f 2742 2885 2884
f 2743 2885 2742
f 2743 2886 2885
f 2744 2886 2743
f 2744 2887 2886
f 2745 2887 2744
f 2745 2888 2887
f 2746 2888 2745
f 2746 2889 2888
f 2747 2889 2746
f 2747 2890 2889
f 2748 2890 2747
f 2748 2891 2890
f 2749 2891 2748
f 2749 2892 2891
f 2750 2892 2749
f 2750 2893 2892
f 2751 2893 2750
f 2751 2894 2893
f 2752 2894 2751
f 2752 2895 2894
f 2753 2895 2752
f 2753 2896 2895
f 2754 2896 2753
f 2754 2897 2896
f 2755 2897 2754
f 2755 2898 2897
f 2756 2898 2755
f 2756 2899 2898
f 2757 2899 2756
f 2757 2900 2899
f 2758 2900 2757
f 2758 2901 2900
f 2759 2901 2758
f 2759 2902 2901
f 2760 2902 2759
f 2760 2903 2902
f 2761 2903 2760
f 2761 2904 2903
f 2762 2904 2761
f 2762 2905 2904
f 2763 2905 2762
f 2763 2906 2905
f 2764 2906 2763
f 2764 2907 2906
f 2765 2907 2764
f 2765 2908 2907
f 2766 2908 2765
f 2766 2909 2908
f 2767 2909 2766
f 2767 2910 2909
f 2768 2910 2767
f 2768 2911 2910
f 2769 2911 2768
f 2769 2912 2911
f 2770 2912 2769
f 2770 2913 2912
f 2771 2913 2770
f 2771 2914 2913
f 2772 2914 2771
f 2772 2915 2914
f 2773 2915 2772
f 2773 2916 2915
f 2774 2916 2773
f 2774 2917 2916
f 2775 2917 2774
f 2775 2918 2917
f 2776 2918 2775
f 2776 2919 2918
f 2777 2919 2776
f 2777 2920 2919
f 2778 2920 2777
f 2778 2921 2920
f 2779 2921 2778
f 2779 2922 2921
f 2780 2922 2779
f 2780 2923 2922
f 2781 2923 2780
f 2781 2924 2923
f 2782 2924 2781
f 2782 2925 2924
f 2783 2925 2782
f 2783 2926 2925
f 2784 2926 2783
f 2784 2927 2926
f 2785 2927 2784
f 2785 2928 2927
f 2786 2928 2785
f 2786 2929 2928
f 2787 2929 2786
f 2787 2930 2929
f 2788 2930 2787
f 2788 2931 2930
f 2789 2931 2788
f 2789 2932 2931
f 2790 2932 2789
f 2790 2933 2932
f 2791 2933 2790
f 2791 2934 2933
f 2792 2934 2791
f 2792 2935 2934
f 2793 2935 2792
f 2793 2936 2935
f 2794 2936 2793
f 2794 2937 2936
f 2795 2937 2794
f 2795 2938 2937
f 2796 2938 2795
f 2796 2939 2938
f 2797 2939 2796
f 2797 2940 2939
f 2798 2940 2797
f 2798 2941 2940
f 2799 2941 2798
f 2799 2942 2941
f 2800 2942 2799
f 2800 2943 2942
f 2801 2943 2800
f 2801 2944 2943
f 2802 2944 2801
f 2802 2945 2944
f 2803 2945 2802
f 2803 2946 2945
f 2804 2946 2803
f 2804 2947 2946
f 2805 2947 2804
f 2805 2948 2947
f 2806 2948 2805
f 2806 2949 2948
f 2807 2949 2806
f 2807 2950 2949
f 2808 2953 2952
f 2809 2953 2808
f 2809 2954 2953
f 2810 2954 2809
f 2810 2955 2954
f 2811 2955 2810
f 2811 2956 2955
f 2812 2956 2811
f 2812 2957 2956
f 2813 2957 2812
f 2813 2958 2957
f 2814 2958 2813
f 2814 2959 2958
f 2815 2959 2814
f 2815 2960 2959
f 2816 2960 2815
f 2816 2961 2960
f 2817 2961 2816
f 2817 2962 2961
f 2818 2962 2817
f 2818 2963 2962
f 2819 2963 2818
f 2819 2964 2963
f 2820 2964 2819
f 2820 2965 2964
f 2821 2965 2820
f 2821 2966 2965
f 2822 2966 2821
f 2822 2967 2966
f 2823 2967 2822
f 2823 2968 2967
f 2824 2968 2823
f 2824 2969 2968
f 2825 2969 2824
f 2825 2970 2969
f 2826 2970 2825
f 2826 2971 2970
f 2827 2971 2826
f 2827 2972 2971
f 2828 2972 2827
f 2828 2973 2972
f 2829 2973 2828
f 2829 2974 2973
f 2830 2974 2829
f 2830 2975 2974
f 2831 2975 2830
f 2831 2976 2975
f 2832 2976 2831
f 2832 2977 2976
f 2833 2977 2832
f 2833 2978 2977
f 2834 2978 2833
f 2834 2979 2978
f 2835 2979 2834
f 2835 2980 2979
f 2836 2980 2835
f 2836 2981 2980
f 2837 2981 2836
f 2837 2982 2981
f 2838 2982 2837
f 2838 2983 2982
f 2839 2983 2838
f 2839 2984 2983
f 2840 2984 2839
f 2840 2985 2984
f 2841 2985 2840
f 2841 2986 2985
f 2842 2986 2841
f 2842 2987 2986
f 2843 2987 2842
f 2843 2988 2987
f 2844 2988 2843
f 2844 2989 2988
f 2845 2989 2844
f 2845 2990 2989
f 2846 2990 2845
f 2846 2991 2990
f 2847 2991 2846
f 2847 2992 2991
f 2848 2992 2847
f 2848 2993 2992
f 2849 2993 2848
f 2849 2994 2993
f 2850 2994 2849
f 2850 2995 2994
f 2851 2995 2850
f 2851 2996 2995
f 2852 2996 2851
f 2852 2997 2996
f 2853 2997 2852
f 2853 2998 2997
f 2854 2998 2853
f 2854 2999 2998
f 2855 2999 2854
f 2855 3000 2999
f 2856 3000 2855
f 2856 3001 3000
f 2857 3001 2856
f 2857 3002 3001
f 2858 3002 2857
f 2858 3003 3002
f 2859 3003 2858
f 2859 3004 3003
f 2860 3004 2859
f 2860 3005 3004
f 2861 3005 2860
f 2861 3006 3005
f 2862 3006 2861
f 2862 3007 3006
f 2863 3007 2862
f 2863 3008 3007
f 2864 3008 2863
f 2864 3009 3008
f 2865 3009 2864
f 2865 3010 3009
f 2866 3010 2865
f 2866 3011 3010
f 2867 3011 2866
f 2867 3012 3011
f 2868 3012 2867
f 2868 3013 3012
f 2869 3013 2868
f 2869 3014 3013
f 2870 3014 2869
f 2870 3015 3014
f 2871 3015 2870
f 2871 3016 3015
f 2872 3016 2871
f 2872 3017 3016
f 2873 3017 2872
f 2873 3018 3017
f 2874 3018 2873
f 2874 3019 3018
f 2875 3019 2874
f 2875 3020 3019
f 2876 3020 2875
f 2876 3021 3020
f 2877 3021 2876
f 2877 3022 3021
f 2878 3022 2877
f 2878 3023 3022
f 2879 3023 2878
f 2879 3024 3023
f 2880 3024 2879
f 2880 3025 3024
f 2881 3025 2880
f 2881 3026 3025
f 2882 3026 2881
f 2882 3027 3026
f 2883 3027 2882
f 2883 3028 3027
f 2884 3028 2883
f 2884 3029 3028
f 2885 3029 2884
f 2885 3030 3029
f 2886 3030 2885
f 2886 3031 3030
f 2887 3031 2886
f 2887 3032 3031
f 2888 3032 2887
f 2888 3033 3032
f 2889 3033 2888
f 2889 3034 3033
f 2890 3034 2889
f 2890 3035 3034
f 2891 3035 2890
f 2891 3036 3035
f 2892 3036 2891
f 2892 3037 3036
f 2893 3037 2892
f 2893 3038 3037
f 2894 3038 2893
f 2894 3039 3038
f 2895 3039 2894
f 2895 3040 3039
f 2896 3040 2895
f 2896 3041 3040
f 2897 3041 2896
f 2897 3042 3041
f 2898 3042 2897
f 2898 3043 3042
f 2899 3043 2898
f 2899 3044 3043
f 2900 3044 2899
f 2900 3045 3044
f 2901 3045 2900
f 2901 3046 3045
f 2902 3046 2901
f 2902 3047 3046
f 2903 3047 2902
f 2903 3048 3047
f 2904 3048 2903
f 2904 3049 3048
f 2905 3049 2904
f 2905 3050 3049
f 2906 3050 2905
f 2906 3051 3050
f 2907 3051 2906
f 2907 3052 3051
f 2908 3052 2907
f 2908 3053 3052
f 2909 3053 2908
f 2909 3054 3053
f 2910 3054 2909
f 2910 3055 3054
f 2911 3055 2910
f 2911 3056 3055
f 2912 3056 2911
f 2912 3057 3056
f 2913 3057 2912
f 2913 3058 3057
f 2914 3058 2913
f 2914 3059 3058
f 2915 3059 2914
f 2915 3060 3059
f 2916 3060 2915
f 2916 3061 3060
f 2917 3061 2916
f 2917 3062 3061
f 2918 3062 2917
f 2918 3063 3062
f 2919 3063 2918
f 2919 3064 3063
f 2920 3064 2919
f 2920 3065 3064
f 2921 3065 2920
f 2921 3066 3065
f 2922 3066 2921
f 2922 3067 3066
f 2923 3067 2922
f 2923 3068 3067
f 2924 3068 2923
f 2924 3069 3068
f 2925 3069 2924
f 2925 3070 3069
f 2926 3070 2925
f 2926 3071 3070
f 2927 3071 2926
f 2927 3072 3071
f 2928 3072 2927
f 2928 3073 3072
f 2929 3073 2928
f 2929 3074 3073
f 2930 3074 2929
f 2930 3075 3074
f 2931 3075 2930
f 2931 3076 3075
f 2932 3076 2931
f 2932 3077 3076
f 2933 3077 2932
f 2933 3078 3077
f 2934 3078 2933
f 2934 3079 3078
f 2935 3079 2934
f 2935 3080 3079
f 2936 3080 2935
f 2936 3081 3080
f 2937 3081 2936
f 2937 3082 3081
f 2938 3082 2937
f 2938 3083 3082
f 2939 3083 2938
f 2939 3084 3083
f 2940 3084 2939
f 2940 3085 3084
f 2941 3085 2940
f 2941 3086 3085
f 2942 3086 2941
f 2942 3087 3086
f 2943 3087 2942
f 2943 3088 3087
f 2944 3088 2943
f 2944 3089 3088
f 2945 3089 2944
f 2945 3090 3089
f 2946 3090 2945
f 2946 3091 3090
f 2947 3091 2946
f 2947 3092 3091
f 2948 3092 2947
f 2948 3093 3092
f 2949 3093 2948
f 2949 3094 3093
f 2950 3094 2949
f 2950 3095 3094
f 2951 3095 2950
f 2951 3096 3095
f 2953 3098 2952
f 2953 3099 3098
f 2954 3099 2953
f 2954 3100 3099
f 2955 3100 2954
f 2955 3101 3100
f 2956 3101 2955
f 2956 3102 3101
f 2957 3102 2956
f 2957 3103 3102
f 2958 3103 2957
f 2958 3104 3103
f 2959 3104 2958
f 2959 3105 3104
f 2960 3105 2959
f 2960 3106 3105
f 2961 3106 2960
f 2961 3107 3106
f 2962 3107 2961
f 2962 3108 3107
f 2963 3108 2962
f 2963 3109 3108
f 2964 3109 2963
f 2964 3110 3109
f 2965 3110 2964
f 2965 3111 3110
f 2966 3111 2965
f 2966 3112 3111
f 2967 3112 2966
f 2967 3113 3112
f 2968 3113 2967
f 2968 3114 3113
f 2969 3114 2968
f 2969 3115 3114
f 2970 3115 2969
f 2970 3116 3115
f 2971 3116 2970
f 2971 3117 3116
f 2972 3117 2971
f 2972 3118 3117
f 2973 3118 2972
f 2973 3119 3118
f 2974 3119 2973
f 2974 3120 3119
f 2975 3120 2974
f 2975 3121 3120
f 2976 3121 2975
f 2976 3122 3121
f 2977 3122 2976
f 2977 3123 3122
f 2978 3123 2977
f 2978 3124 3123
f 2979 3124 2978
f 2979 3125 3124
f 2980 3125 2979
f 2980 3126 3125
f 2981 3126 2980
f 2981 3127 3126
f 2982 3127 2981
f 2982 3128 3127
f 2983 3128 2982
f 2983 3129 3128
f 2984 3129 2983
f 2984 3130 3129
f 2985 3130 2984
f 2985 3131 3130
f 2986 3131 2985
f 2986 3132 3131
f 2987 3132 2986
f 2987 3133 3132
f 2988 3133 2987
f 2988 3134 3133
f 2989 3134 2988
f 2989 3135 3134
f 2990 3135 2989
f 2990 3136 3135
f 2991 3136 2990
f 2991 3137 3136
f 2992 3137 2991
f 2992 3138 3137
f 2993 3138 2992
f 2993 3139 3138
f 2994 3139 2993
f 2994 3140 3139
f 2995 3140 2994
f 2995 3141 3140
f 2996 3141 2995
f 2996 3142 3141
f 2997 3142 2996
f 2997 3143 3142
f 2998 3143 2997
f 2998 3144 3143
f 2999 3144 2998
f 2999 3145 3144
f 3000 3145 2999
f 3000 3146 3145
f 3001 3146 3000
f 3001 3147 3146
f 3002 3147 3001
f 3002 3148 3147
f 3003 3148 3002
f 3003 3149 3148
f 3004 3149 3003
f 3004 3150 3149
f 3005 3150 3004
f 3005 3151 3150
f 3006 3151 3005
f 3006 3152 3151
f 3007 3152 3006
f 3007 3153 3152
f 3008 3153 3007
f 3008 3154 3153
f 3009 3154 3008
f 3009 3155 3154
f 3010 3155 3009
f 3010 3156 3155
f 3011 3156 3010
f 3011 3157 3156
f 3012 3157 3011
f 3012 3158 3157
f 3013 3158 3012
f 3013 3159 3158
f 3014 3159 3013
f 3014 3160 3159
f 3015 3160 3014
f 3015 3161 3160
f 3016 3161 3015
f 3016 3162 3161
f 3017 3162 3016
f 3017 3163 3162
f 3018 3163 3017
f 3018 3164 3163
f 3019 3164 3018
f 3019 3165 3164
f 3020 3165 3019
f 3020 3166 3165
f 3021 3166 3020
f 3021 3167 3166
f 3022 3167 3021
f 3022 3168 3167
f 3023 3168 3022
f 3023 3169 3168
f 3024 3169 3023
f 3024 3170 3169
f 3025 3170 3024
f 3025 3171 3170
f 3026 3171 3025
f 3026 3172 3171
f 3027 3172 3026
f 3027 3173 3172
f 3028 3173 3027
f 3028 3174 3173
f 3029 3174 3028
f 3029 3175 3174
f 3030 3175 3029
f 3030 3176 3175
f 3031 3176 3030
f 3031 3177 3176
f 3032 3177 3031
f 3032 3178 3177
f 3033 3178 3032
f 3033 3179 3178
f 3034 3179 3033
f 3034 3180 3179
f 3035 3180 3034
f 3035 3181 3180
f 3036 3181 3035
f 3036 3182 3181
f 3037 3182 3036
f 3037 3183 3182
f 3038 3183 3037
f 3038 3184 3183
f 3039 3184 3038
f 3039 3185 3184
f 3040 3185 3039
f 3040 3186 3185
f 3041 3186 3040
f 3041 3187 3186
f 3042 3187 3041
f 3042 3188 3187
f 3043 3188 3042
f 3043 3189 3188
f 3044 3189 3043
f 3044 3190 3189
f 3045 3190 3044
f 3045 3191 3190
f 3046 3191 3045
f 3046 3192 3191
f 3047 3192 3046
f 3047 3193 3192
f 3048 3193 3047
f 3048 3194 3193
f 3049 3194 3048
f 3049 3195 3194
f 3050 3195 3049
f 3050 3196 3195
f 3051 3196 3050
f 3051 3197 3196
f 3052 3197 3051
f 3052 3198 3197
f 3053 3198 3052
f 3053 3199 3198
f 3054 3199 3053
f 3054 3200 3199
f 3055 3200 3054
f 3055 3201 3200
f 3056 3201 3055
f 3056 3202 3201
f 3057 3202 3056
f 3057 3203 3202
f 3058 3203 3057
f 3058 3204 3203
f 3059 3204 3058
f 3059 3205 3204
f 3060 3205 3059
f 3060 3206 3205
f 3061 3206 3060
f 3061 3207 3206
f 3062 3207 3061
f 3062 3208 3207
f 3063 3208 3062
f 3063 3209 3208
f 3064 3209 3063
f 3064 3210 3209
f 3065 3210 3064
f 3065 3211 3210
f 3066 3211 3065
f 3066 3212 3211
f 3067 3212 3066
f 3067 3213 3212
f 3068 3213 3067
f 3068 3214 3213
f 3069 3214 3068
f 3069 3215 3214
f 3070 3215 3069
f 3070 3216 3215
f 3071 3216 3070
f 3071 3217 3216
f 3072 3217 3071
f 3072 3218 3217
f 3073 3218 3072
f 3073 3219 3218
f 3074 3219 3073
f 3074 3220 3219
f 3075 3220 3074
f 3075 3221 3220
f 3076 3221 3075
f 3076 3222 3221
f 3077 3222 3076
f 3077 3223 3222
f 3078 3223 3077
f 3078 3224 3223
f 3079 3224 3078
f 3079 3225 3224
f 3080 3225 3079
f 3080 3226 3225
f 3081 3226 3080
f 3081 3227 3226
f 3082 3227 3081
f 3082 3228 3227
f 3083 3228 3082
f 3083 3229 3228
f 3084 3229 3083
f 3084 3230 3229
f 3085 3230 3084
f 3085 3231 3230
f 3086 3231 3085
f 3086 3232 3231
f 3087 3232 3086
f 3087 3233 3232
f 3088 3233 3087
f 3088 3234 3233
f 3089 3234 3088
f 3089 3235 3234
f 3090 3235 3089
f 3090 3236 3235
f 3091 3236 3090
f 3091 3237 3236
f 3092 3237 3091
f 3092 3238 3237
f 3093 3238 3092
f 3093 3239 3238
f 3094 3239 3093
f 3094 3240 3239
f 3095 3240 3094
f 3095 3241 3240
f 3096 3241 3095
f 3096 3242 3241
f 3097 3242 3096
f 3097 3243 3242
f 3099 3244 3098
f 3099 3245 3244
f 3100 3245 3099
f 3100 3246 3245
f 3101 3246 3100
f 3101 3247 3246
f 3102 3247 3101
f 3102 3248 3247
f 3103 3248 3102
f 3103 3249 3248
f 3104 3249 3103
f 3104 3250 3249
f 3105 3250 3104
f 3105 3251 3250
f 3106 3251 3105
f 3106 3252 3251
f 3107 3252 3106
f 3107 3253 3252
f 3108 3253 3107
f 3108 3254 3253
f 3109 3254 3108
f 3109 3255 3254
f 3110 3255 3109
f 3110 3256 3255
f 3111 3256 3110
f 3111 3257 3256
f 3112 3257 3111
f 3112 3258 3257
f 3113 3258 3112
f 3113 3259 3258
f 3114 3259 3113
f 3114 3260 3259
f 3115 3260 3114
f 3115 3261 3260
f 3116 3261 3115
f 3116 3262 3261
f 3117 3262 3116
f 3117 3263 3262
f 3118 3263 3117
f 3118 3264 3263
f 3119 3264 3118
f 3119 3265 3264
f 3120 3265 3119
f 3120 3266 3265
f 3121 3266 3120
f 3121 3267 3266
f 3122 3267 3121
f 3122 3268 3267
f 3123 3268 3122
f 3123 3269 3268
f 3124 3269 3123
f 3124 3270 3269
f 3125 3270 3124
f 3125 3271 3270
f 3126 3271 3125
f 3126 3272 3271
f 3127 3272 3126
f 3127 3273 3272
f 3128 3273 3127
f 3128 3274 3273
f 3129 3274 3128
f 3129 3275 3274
f 3130 3275 3129
f 3130 3276 3275
f 3131 3276 3130
f 3131 3277 3276
f 3132 3277 3131
f 3132 3278 3277
f 3133 3278 3132
f 3133 3279 3278
f 3134 3279 3133
f 3134 3280 3279
f 3135 3280 3134
f 3135 3281 3280
f 3136 3281 3135
f 3136 3282 3281
f 3137 3282 3136
f 3137 3283 3282
f 3138 3283 3137
f 3138 3284 3283
f 3139 3284 3138
f 3139 3285 3284
f 3140 3285 3139
f 3140 3286 3285
f 3141 3286 3140
f 3141 3287 3286
f 3142 3287 3141
f 3142 3288 3287
f 3143 3288 3142
f 3143 3289 3288
f 3144 3289 3143
f 3144 3290 3289
f 3145 3290 3144
f 3145 3291 3290
f 3146 3291 3145
f 3146 3292 3291
f 3147 3292 3146
f 3147 3293 3292
f 3148 3293 3147
f 3148 3294 3293
f 3149 3294 3148
f 3149 3295 3294
f 3150 3295 3149
f 3150 3296 3295
f 3151 3296 3150
f 3151 3297 3296
f 3152 3297 3151
f 3152 3298 3297
f 3153 3298 3152
f 3153 3299 3298
f 3154 3299 3153
f 3154 3300 3299
f 3155 3300 3154
f 3155 3301 3300
f 3156 3301 3155
f 3156 3302 3301
f 3157 3302 3156
f 3157 3303 3302
f 3158 3303 3157
f 3158 3304 3303
f 3159 3304 3158
f 3159 3305 3304
f 3160 3305 3159
f 3160 3306 3305
f 3161 3306 3160
f 3161 3307 3306
f 3162 3307 3161
f 3162 3308 3307
f 3163 3308 3162
f 3163 3309 3308
f 3164 3309 3163
f 3164 3310 3309
f 3165 3310 3164
f 3165 3311 3310
f 3166 3311 3165
f 3166 3312 3311
f 3167 3312 3166
f 3167 3313 3312
f 3168 3313 3167
f 3168 3314 3313
f 3169 3314 3168
f 3169 3315 3314
f 3170 3315 3169
f 3170 3316 3315
f 3171 3316 3170
f 3171 3317 3316
f 3172 3317 3171
f 3172 3318 3317
f 3173 3318 3172
f 3173 3319 3318
f 3174 3319 3173
f 3174 3320 3319
f 3175 3320 3174
f 3175 3321 3320
f 3176 3321 3175
f 3176 3322 3321
f 3177 3322 3176
f 3177 3323 3322
f 3178 3323 3177
f 3178 3324 3323
f 3179 3324 3178
f 3179 3325 3324
f 3180 3325 3179
f 3180 3326 3325
f 3181 3326 3180
f 3181 3327 3326
f 3182 3327 3181
f 3182 3328 3327
f 3183 3328 3182
f 3183 3329 3328
f 3184 3329 3183
f 3184 3330 3329
f 3185 3330 3184
f 3185 3331 3330
f 3186 3331 3185
f 3186 3332 3331
f 3187 3332 3186
f 3187 3333 3332
f 3188 3333 3187
f 3188 3334 3333
f 3189 3334 3188
f 3189 3335 3334
f 3190 3335 3189
f 3190 3336 3335
f 3191 3336 3190
f 3191 3337 3336
f 3192 3337 3191
f 3192 3338 3337
f 3193 3338 3192
f 3193 3339 3338
f 3194 3339 3193
f 3194 3340 3339
f 3195 3340 3194
f 3195 3341 3340
f 3196 3341 3195
f 3196 3342 3341
f 3197 3342 3196
f 3197 3343 3342
f 3198 3343 3197
f 3198 3344 3343
f 3199 3344 3198
f 3199 3345 3344
f 3200 3345 3199
f 3200 3346 3345
f 3201 3346 3200
f 3201 3347 3346
f 3202 3347 3201
f 3202 3348 3347
f 3203 3348 3202
f 3203 3349 3348
f 3204 3349 3203
f 3204 3350 3349
f 3205 3350 3204
f 3205 3351 3350
f 3206 3351 3205
f 3206 3352 3351
f 3207 3352 3206
f 3207 3353 3352
f 3208 3353 3207
f 3208 3354 3353
f 3209 3354 3208
f 3209 3355 3354
f 3210 3355 3209
f 3210 3356 3355
f 3211 3356 3210
f 3211 3357 3356
f 3212 3357 3211
f 3212 3358 3357
f 3213 3358 3212
f 3213 3359 3358
f 3214 3359 3213
f 3214 3360 3359
f 3215 3360 3214
f 3215 3361 3360
f 3216 3361 3215
f 3216 3362 3361
f 3217 3362 3216
f 3217 3363 3362
f 3218 3363 3217
f 3218 3364 3363
f 3219 3364 3218
f 3219 3365 3364
f 3220 3365 3219
f 3220 3366 3365
f 3221 3366 3220
f 3221 3367 3366
f 3222 3367 3221
f 3222 3368 3367
f 3223 3368 3222
f 3223 3369 3368
f 3224 3369 3223
f 3224 3370 3369
f 3225 3370 3224
f 3225 3371 3370
f 3226 3371 3225
f 3226 3372 3371
f 3227 3372 3226
f 3227 3373 3372
f 3228 3373 3227
f 3228 3374 3373
f 3229 3374 3228
f 3229 3375 3374
f 3230 3375 3229
f 3230 3376 3375
f 3231 3376 3230
f 3231 3377 3376
f 3232 3377 3231
f 3232 3378 3377
f 3233 3378 3232
f 3233 3379 3378
f 3234 3379 3233
f 3234 3380 3379
f 3235 3380 3234
f 3235 3381 3380
f 3236 3381 3235
f 3236 3382 3381
f 3237 3382 3236
f 3237 3383 3382
f 3238 3383 3237
f 3238 3384 3383
f 3239 3384 3238
f 3239 3385 3384
f 3240 3385 3239
f 3240 3386 3385
f 3241 3386 3240
f 3241 3387 3386
f 3242 3387 3241
f 3242 3388 3387
f 3243 3388 3242
f 3243 3389 3388
f 3244 3392 3391
f 3245 3392 3244
f 3245 3393 3392
f 3246 3393 3245
f 3246 3394 3393
f 3247 3394 3246
f 3247 3395 3394
f 3248 3395 3247
f 3248 3396 3395
f 3249 3396 3248
f 3249 3397 3396
f 3250 3397 3249
f 3250 3398 3397
f 3251 3398 3250
f 3251 3399 3398
f 3252 3399 3251
f 3252 3400 3399
f 3253 3400 3252
f 3253 3401 3400
f 3254 3401 3253
f 3254 3402 3401
f 3255 3402 3254
f 3255 3403 3402
f 3256 3403 3255
f 3256 3404 3403
f 3257 3404 3256
f 3257 3405 3404
f 3258 3405 3257
f 3258 3406 3405
f 3259 3406 3258
f 3259 3407 3406
f 3260 3407 3259
f 3260 3408 3407
f 3261 3408 3260
f 3261 3409 3408
f 3262 3409 3261
f 3262 3410 3409
f 3263 3410 3262
f 3263 3411 3410
f 3264 3411 3263
f 3264 3412 3411
f 3265 3412 3264
f 3265 3413 3412
f 3266 3413 3265
f 3266 3414 3413
f 3267 3414 3266
f 3267 3415 3414
f 3268 3415 3267
f 3268 3416 3415
f 3269 3416 3268
f 3269 3417 3416
f 3270 3417 3269
f 3270 3418 3417
f 3271 3418 3270
f 3271 3419 3418
f 3272 3419 3271
f 3272 3420 3419
f 3273 3420 3272
f 3273 3421 3420
f 3274 3421 3273
f 3274 3422 3421
f 3275 3422 3274
f 3275 3423 3422
f 3276 3423 3275
f 3276 3424 3423
f 3277 3424 3276
f 3277 3425 3424
f 3278 3425 3277
f 3278 3426 3425
f 3279 3426 3278
f 3279 3427 3426
f 3280 3427 3279
f 3280 3428 3427
f 3281 3428 3280
f 3281 3429 3428
f 3282 3429 3281
f 3282 3430 3429
f 3283 3430 3282
f 3283 3431 3430
f 3284 3431 3283
f 3284 3432 3431
f 3285 3432 3284
f 3285 3433 3432
f 3286 3433 3285
f 3286 3434 3433
f 3287 3434 3286
f 3287 3435 3434
f 3288 3435 3287
f 3288 3436 3435
f 3289 3436 3288
f 3289 3437 3436
f 3290 3437 3289
f 3290 3438 3437
f 3291 3438 3290
f 3291 3439 3438
f 3292 3439 3291
f 3292 3440 3439
f 3293 3440 3292
f 3293 3441 3440
f 3294 3441 3293
f 3294 3442 3441
f 3295 3442 3294
f 3295 3443 3442
f 3296 3443 3295
f 3296 3444 3443
f 3297 3444 3296
f 3297 3445 3444
f 3298 3445 3297
f 3298 3446 3445
f 3299 3446 3298
f 3299 3447 3446
f 3300 3447 3299
f 3300 3448 3447
f 3301 3448 3300
f 3301 3449 3448
f 3302 3449 3301
f 3302 3450 3449
f 3303 3450 3302
f 3303 3451 3450
f 3304 3451 3303
f 3304 3452 3451
f 3305 3452 3304
f 3305 3453 3452
f 3306 3453 3305
f 3306 3454 3453
f 3307 3454 3306
f 3307 3455 3454
f 3308 3455 3307
f 3308 3456 3455
f 3309 3456 3308
f 3309 3457 3456
f 3310 3457 3309
f 3310 3458 3457
f 3311 3458 3310
f 3311 3459 3458
f 3312 3459 3311
f 3312 3460 3459
f 3313 3460 3312
f 3313 3461 3460
f 3314 3461 3313
f 3314 3462 3461
f 3315 3462 3314
f 3315 3463 3462
f 3316 3463 3315
f 3316 3464 3463
f 3317 3464 3316
f 3317 3465 3464
f 3318 3465 3317
f 3318 3466 3465
f 3319 3466 3318
f 3319 3467 3466
f 3320 3467 3319
f 3320 3468 3467
f 3321 3468 3320
f 3321 3469 3468
f 3322 3469 3321
f 3322 3470 3469
f 3323 3470 3322
f 3323 3471 3470
f 3324 3471 3323
f 3324 3472 3471
f 3325 3472 3324
f 3325 3473 3472
f 3326 3473 3325
f 3326 3474 3473
f 3327 3474 3326
f 3327 3475 3474
f 3328 3475 3327
f 3328 3476 3475
f 3329 3476 3328
f 3329 3477 3476
f 3330 3477 3329
f 3330 3478 3477
f 3331 3478 3330
f 3331 3479 3478
f 3332 3479 3331
f 3332 3480 3479
f 3333 3480 3332
f 3333 3481 3480
f 3334 3481 3333
f 3334 3482 3481
f 3335 3482 3334
f 3335 3483 3482
f 3336 3483 3335
f 3336 3484 3483
f 3337 3484 3336
f 3337 3485 3484
f 3338 3485 3337
f 3338 3486 3485
f 3339 3486 3338
f 3339 3487 3486
f 3340 3487 3339
f 3340 3488 3487
f 3341 3488 3340
f 3341 3489 3488
f 3342 3489 3341
f 3342 3490 3489
f 3343 3490 3342
f 3343 3491 3490
f 3344 3491 3343
f 3344 3492 3491
f 3345 3492 3344
f 3345 3493 3492
f 3346 3493 3345
f 3346 3494 3493
f 3347 3494 3346
f 3347 3495 3494
f 3348 3495 3347
f 3348 3496 3495
f 3349 3496 3348
f 3349 3497 3496
f 3350 3497 3349
f 3350 3498 3497
f 3351 3498 3350
f 3351 3499 3498
f 3352 3499 3351
f 3352 3500 3499
f 3353 3500 3352
f 3353 3501 3500
f 3354 3501 3353
f 3354 3502 3501
f 3355 3502 3354
f 3355 3503 3502
f 3356 3503 3355
f 3356 3504 3503
f 3357 3504 3356
f 3357 3505 3504
f 3358 3505 3357
f 3358 3506 3505
f 3359 3506 3358
f 3359 3507 3506
f 3360 3507 3359
f 3360 3508 3507
f 3361 3508 3360
f 3361 3509 3508
f 3362 3509 3361
f 3362 3510 3509
f 3363 3510 3362
f 3363 3511 3510
f 3364 3511 3363
f 3364 3512 3511
f 3365 3512 3364
f 3365 3513 3512
f 3366 3513 3365
f 3366 3514 3513
f 3367 3514 3366
f 3367 3515 3514
f 3368 3515 3367
f 3368 3516 3515
f 3369 3516 3368
f 3369 3517 3516
f 3370 3517 3369
f 3370 3518 3517
f 3371 3518 3370
f 3371 3519 3518
f 3372 3519 3371
f 3372 3520 3519
f 3373 3520 3372
f 3373 3521 3520
f 3374 3521 3373
f 3374 3522 3521
f 3375 3522 3374
f 3375 3523 3522
f 3376 3523 3375
f 3376 3524 3523
f 3377 3524 3376
f 3377 3525 3524
f 3378 3525 3377
f 3378 3526 3525
f 3379 3526 3378
f 3379 3527 3526
f 3380 3527 3379
f 3380 3528 3527
f 3381 3528 3380
f 3381 3529 3528
f 3382 3529 3381
f 3382 3530 3529
f 3383 3530 3382
f 3383 3531 3530
f 3384 3531 3383
f 3384 3532 3531
f 3385 3532 3384
f 3385 3533 3532
f 3386 3533 3385
f 3386 3534 3533
f 3387 3534 3386
f 3387 3535 3534
f 3388 3535 3387
f 3388 3536 3535
f 3389 3536 3388
f 3389 3537 3536
f 3390 3537 3389
f 3390 3538 3537
f 3392 3539 3391
f 3392 3540 3539
f 3393 3540 3392
f 3393 3541 3540
f 3394 3541 3393
f 3394 3542 3541
f 3395 3542 3394
f 3395 3543 3542
f 3396 3543 3395
f 3396 3544 3543
f 3397 3544 3396
f 3397 3545 3544
f 3398 3545 3397
f 3398 3546 3545
f 3399 3546 3398
f 3399 3547 3546
f 3400 3547 3399
f 3400 3548 3547
f 3401 3548 3400
f 3401 3549 3548
f 3402 3549 3401
f 3402 3550 3549
f 3403 3550 3402
f 3403 3551 3550
f 3404 3551 3403
f 3404 3552 3551
f 3405 3552 3404
f 3405 3553 3552
f 3406 3553 3405
f 3406 3554 3553
f 3407 3554 3406
f 3407 3555 3554
f 3408 3555 3407
f 3408 3556 3555
f 3409 3556 3408
f 3409 3557 3556
f 3410 3557 3409
f 3410 3558 3557
f 3411 3558 3410
f 3411 3559 3558
f 3412 3559 3411
f 3412 3560 3559
f 3413 3560 3412
f 3413 3561 3560
f 3414 3561 3413
f 3414 3562 3561
f 3415 3562 3414
f 3415 3563 3562
f 3416 3563 3415
f 3416 3564 3563
f 3417 3564 3416
f 3417 3565 3564
f 3418 3565 3417
f 3418 3566 3565
f 3419 3566 3418
f 3419 3567 3566
f 3420 3567 3419
f 3420 3568 3567
f 3421 3568 3420
f 3421 3569 3568
f 3422 3569 3421
f 3422 3570 3569
f 3423 3570 3422
f 3423 3571 3570
f 3424 3571 3423
f 3424 3572 3571
f 3425 3572 3424
f 3425 3573 3572
f 3426 3573 3425
f 3426 3574 3573
f 3427 3574 3426
f 3427 3575 3574
f 3428 3575 3427
f 3428 3576 3575
f 3429 3576 3428
f 3429 3577 3576
f 3430 3577 3429
f 3430 3578 3577
f 3431 3578 3430
f 3431 3579 3578
f 3432 3579 3431
f 3432 3580 3579
f 3433 3580 3432
f 3433 3581 3580
f 3434 3581 3433
f 3434 3582 3581
f 3435 3582 3434
f 3435 3583 3582
f 3436 3583 3435
f 3436 3584 3583
f 3437 3584 3436
f 3437 3585 3584
f 3438 3585 3437
f 3438 3586 3585
f 3439 3586 3438
f 3439 3587 3586
f 3440 3587 3439
f 3440 3588 3587
f 3441 3588 3440
f 3441 3589 3588
f 3442 3589 3441
f 3442 3590 3589
f 3443 3590 3442
f 3443 3591 3590
f 3444 3591 3443
f 3444 3592 3591
f 3445 3592 3444
f 3445 3593 3592
f 3446 3593 3445
f 3446 3594 3593
f 3447 3594 3446
f 3447 3595 3594
f 3448 3595 3447
f 3448 3596 3595
f 3449 3596 3448
f 3449 3597 3596
f 3450 3597 3449
f 3450 3598 3597
f 3451 3598 3450
f 3451 3599 3598
f 3452 3599 3451
f 3452 3600 3599
f 3453 3600 3452
f 3453 3601 3600
f 3454 3601 3453
f 3454 3602 3601
f 3455 3602 3454
f 3455 3603 3602
f 3456 3603 3455
f 3456 3604 3603
f 3457 3604 3456
f 3457 3605 3604
f 3458 3605 3457
f 3458 3606 3605
f 3459 3606 3458
f 3459 3607 3606
f 3460 3607 3459
f 3460 3608 3607
f 3461 3608 3460
f 3461 3609 3608
f 3462 3609 3461
f 3462 3610 3609
f 3463 3610 3462
f 3463 3611 3610
f 3464 3611 3463
f 3464 3612 3611
f 3465 3612 3464
f 3465 3613 3612
f 3466 3613 3465
f 3466 3614 3613
f 3467 3614 3466
f 3467 3615 3614
f 3468 3615 3467
f 3468 3616 3615
f 3469 3616 3468
f 3469 3617 3616
f 3470 3617 3469
f 3470 3618 3617
f 3471 3618 3470
f 3471 3619 3618
f 3472 3619 3471
f 3472 3620 3619
f 3473 3620 3472
f 3473 3621 3620
f 3474 3621 3473
f 3474 3622 3621
f 3475 3622 3474
f 3475 3623 3622
f 3476 3623 3475
f 3476 3624 3623
f 3477 3624 3476
f 3477 3625 3624
f 3478 3625 3477
f 3478 3626 3625
f 3479 3626 3478
f 3479 3627 3626
f 3480 3627 3479
f 3480 3628 3627
f 3481 3628 3480
f 3481 3629 3628
f 3482 3629 3481
f 3482 3630 3629
f 3483 3630 3482
f 3483 3631 3630
f 3484 3631 3483
f 3484 3632 3631
f 3485 3632 3484
f 3485 3633 3632
f 3486 3633 3485
f 3486 3634 3633
f 3487 3634 3486
f 3487 3635 3634
f 3488 3635 3487
f 3488 3636 3635
f 3489 3636 3488
f 3489 3637 3636
f 3490 3637 3489
f 3490 3638 3637
f 3491 3638 3490
f 3491 3639 3638
f 3492 3639 3491
f 3492 3640 3639
f 3493 3640 3492
f 3493 3641 3640
f 3494 3641 3493
f 3494 3642 3641
f 3495 3642 3494
f 3495 3643 3642
f 3496 3643 3495
f 3496 3644 3643
f 3497 3644 3496
f 3497 3645 3644
f 3498 3645 3497
f 3498 3646 3645
f 3499 3646 3498
f 3499 3647 3646
f 3500 3647 3499
f 3500 3648 3647
f 3501 3648 3500
f 3501 3649 3648
f 3502 3649 3501
f 3502 3650 3649
f 3503 3650 3502
f 3503 3651 3650
f 3504 3651 3503
f 3504 3652 3651
f 3505 3652 3504
f 3505 3653 3652
f 3506 3653 3505
f 3506 3654 3653
f 3507 3654 3506
f 3507 3655 3654
f 3508 3655 3507
f 3508 3656 3655
f 3509 3656 3508
f 3509 3657 3656
f 3510 3657 3509
f 3510 3658 3657
f 3511 3658 3510
f 3511 3659 3658
f 3512 3659 3511
f 3512 3660 3659
f 3513 3660 3512
f 3513 3661 3660
f 3514 3661 3513
f 3514 3662 3661
f 3515 3662 3514
f 3515 3663 3662
f 3516 3663 3515
f 3516 3664 3663
f 3517 3664 3516
f 3517 3665 3664
f 3518 3665 3517
f 3518 3666 3665
f 3519 3666 3518
f 3519 3667 3666
f 3520 3667 3519
f 3520 3668 3667
f 3521 3668 3520
f 3521 3669 3668
f 3522 3669 3521
f 3522 3670 3669
f 3523 3670 3522
f 3523 3671 3670
f 3524 3671 3523
f 3524 3672 3671
f 3525 3672 3524
f 3525 3673 3672
f 3526 3673 3525
f 3526 3674 3673
f 3527 3674 3526
f 3527 3675 3674
f 3528 3675 3527
f 3528 3676 3675
f 3529 3676 3528
f 3529 3677 3676
f 3530 3677 3529
f 3530 3678 3677
f 3531 3678 3530
f 3531 3679 3678
f 3532 3679 3531
f 3532 3680 3679
f 3533 3680 3532
f 3533 3681 3680
f 3534 3681 3533
f 3534 3682 3681
f 3535 3682 3534
f 3535 3683 3682
f 3536 3683 3535
f 3536 3684 3683
f 3537 3684 3536
f 3537 3685 3684
f 3538 3685 3537
f 3538 3686 3685
f 3539 3688 3687
f 3540 3688 3539
f 3540 3689 3688
f 3541 3689 3540
f 3541 3690 3689
f 3542 3690 3541
f 3542 3691 3690
f 3543 3691 3542
f 3543 3692 3691
f 3544 3692 3543
f 3544 3693 3692
f 3545 3693 3544
f 3545 3694 3693
f 3546 3694 3545
f 3546 3695 3694
f 3547 3695 3546
f 3547 3696 3695
f 3548 3696 3547
f 3548 3697 3696
f 3549 3697 3548
f 3549 3698 3697
f 3550 3698 3549
f 3550 3699 3698
f 3551 3699 3550
f 3551 3700 3699
f 3552 3700 3551
f 3552 3701 3700
f 3553 3701 3552
f 3553 3702 3701
f 3554 3702 3553
f 3554 3703 3702
f 3555 3703 3554
f 3555 3704 3703
f 3556 3704 3555
f 3556 3705 3704
f 3557 3705 3556
f 3557 3706 3705
f 3558 3706 3557
f 3558 3707 3706
f 3559 3707 3558
f 3559 3708 3707
f 3560 3708 3559
f 3560 3709 3708
f 3561 3709 3560
f 3561 3710 3709
f 3562 3710 3561
f 3562 3711 3710
f 3563 3711 3562
f 3563 3712 3711
f 3564 3712 3563
f 3564 3713 3712
f 3565 3713 3564
f 3565 3714 3713
f 3566 3714 3565
f 3566 3715 3714
f 3567 3715 3566
f 3567 3716 3715
f 3568 3716 3567
f 3568 3717 3716
f 3569 3717 3568
f 3569 3718 3717
f 3570 3718 3569
f 3570 3719 3718
f 3571 3719 3570
f 3571 3720 3719
f 3572 3720 3571
f 3572 3721 3720
f 3573 3721 3572
f 3573 3722 3721
f 3574 3722 3573
f 3574 3723 3722
f 3575 3723 3574
f 3575 3724 3723
f 3576 3724 3575
f 3576 3725 3724
f 3577 3725 3576
f 3577 3726 3725
f 3578 3726 3577
f 3578 3727 3726
f 3579 3727 3578
f 3579 3728 3727
f 3580 3728 3579
f 3580 3729 3728
f 3581 3729 3580
f 3581 3730 3729
f 3582 3730 3581
f 3582 3731 3730
f 3583 3731 3582
f 3583 3732 3731
f 3584 3732 3583
f 3584 3733 3732
f 3585 3733 3584
f 3585 3734 3733
f 3586 3734 3585
f 3586 3735 3734
f 3587 3735 3586
f 3587 3736 3735
f 3588 3736 3587
f 3588 3737 3736
f 3589 3737 3588
f 3589 3738 3737
f 3590 3738 3589
f 3590 3739 3738
f 3591 3739 3590
f 3591 3740 3739
f 3592 3740 3591
f 3592 3741 3740
f 3593 3741 3592
f 3593 3742 3741
f 3594 3742 3593
f 3594 3743 3742
f 3595 3743 3594
f 3595 3744 3743
f 3596 3744 3595
f 3596 3745 3744
f 3597 3745 3596
f 3597 3746 3745
f 3598 3746 3597
f 3598 3747 3746
f 3599 3747 3598
f 3599 3748 3747
f 3600 3748 3599
f 3600 3749 3748
f 3601 3749 3600
f 3601 3750 3749
f 3602 3750 3601
f 3602 3751 3750
f 3603 3751 3602
f 3603 3752 3751
f 3604 3752 3603
f 3604 3753 3752
f 3605 3753 3604
f 3605 3754 3753
f 3606 3754 3605
f 3606 3755 3754
f 3607 3755 3606
f 3607 3756 3755
f 3608 3756 3607
f 3608 3757 3756
f 3609 3757 3608
f 3609 3758 3757
f 3610 3758 3609
f 3610 3759 3758
f 3611 3759 3610
f 3611 3760 3759
f 3612 3760 3611
f 3612 3761 3760
f 3613 3761 3612
f 3613 3762 3761
f 3614 3762 3613
f 3614 3763 3762
f 3615 3763 3614
f 3615 3764 3763
f 3616 3764 3615
f 3616 3765 3764
f 3617 3765 3616
f 3617 3766 3765
f 3618 3766 3617
f 3618 3767 3766
f 3619 3767 3618
f 3619 3768 3767
f 3620 3768 3619
f 3620 3769 3768
f 3621 3769 3620
f 3621 3770 3769
f 3622 3770 3621
f 3622 3771 3770
f 3623 3771 3622
f 3623 3772 3771
f 3624 3772 3623
f 3624 3773 3772
f 3625 3773 3624
f 3625 3774 3773
f 3626 3774 3625
f 3626 3775 3774
f 3627 3775 3626
f 3627 3776 3775
f 3628 3776 3627
f 3628 3777 3776
f 3629 3777 3628
f 3629 3778 3777
f 3630 3778 3629
f 3630 3779 3778
f 3631 3779 3630
f 3631 3780 3779
f 3632 3780 3631
f 3632 3781 3780
f 3633 3781 3632
f 3633 3782 3781
f 3634 3782 3633
f 3634 3783 3782
f 3635 3783 3634
f 3635 3784 3783
f 3636 3784 3635
f 3636 3785 3784
f 3637 3785 3636
f 3637 3786 3785
f 3638 3786 3637
f 3638 3787 3786
f 3639 3787 3638
f 3639 3788 3787
f 3640 3788 3639
f 3640 3789 3788
f 3641 3789 3640
f 3641 3790 3789
f 3642 3790 3641
f 3642 3791 3790
f 3643 3791 3642
f 3643 3792 3791
f 3644 3792 3643
f 3644 3793 3792
f 3645 3793 3644
f 3645 3794 3793
f 3646 3794 3645
f 3646 3795 3794
f 3647 3795 3646
f 3647 3796 3795
f 3648 3796 3647
f 3648 3797 3796
f 3649 3797 3648
f 3649 3798 3797
f 3650 3798 3649
f 3650 3799 3798
f 3651 3799 3650
f 3651 3800 3799
f 3652 3800 3651
f 3652 3801 3800
f 3653 3801 3652
f 3653 3802 3801
f 3654 3802 3653
f 3654 3803 3802
f 3655 3803 3654
f 3655 3804 3803
f 3656 3804 3655
f 3656 3805 3804
f 3657 3805 3656
f 3657 3806 3805
f 3658 3806 3657
f 3658 3807 3806
f 3659 3807 3658
f 3659 3808 3807
f 3660 3808 3659
f 3660 3809 3808
f 3661 3809 3660
f 3661 3810 3809
f 3662 3810 3661
f 3662 3811 3810
f 3663 3811 3662
f 3663 3812 3811
f 3664 3812 3663
f 3664 3813 3812
f 3665 3813 3664
f 3665 3814 3813
f 3666 3814 3665
f 3666 3815 3814
f 3667 3815 3666
f 3667 3816 3815
f 3668 3816 3667
f 3668 3817 3816
f 3669 3817 3668
f 3669 3818 3817
f 3670 3818 3669
f 3670 3819 3818
f 3671 3819 3670
f 3671 3820 3819
f 3672 3820 3671
f 3672 3821 3820
f 3673 3821 3672
f 3673 3822 3821
f 3674 3822 3673
f 3674 3823 3822
f 3675 3823 3674
f 3675 3824 3823
f 3676 3824 3675
f 3676 3825 3824
f 3677 3825 3676
f 3677 3826 3825
f 3678 3826 3677
f 3678 3827 3826
f 3679 3827 3678
f 3679 3828 3827
f 3680 3828 3679
f 3680 3829 3828
f 3681 3829 3680
f 3681 3830 3829
f 3682 3830 3681
f 3682 3831 3830
f 3683 3831 3682
f 3683 3832 3831
f 3684 3832 3683
f 3684 3833 3832
f 3685 3833 3684
f 3685 3834 3833
f 3686 3834 3685
f 3686 3835 3834
f 3688 3837 3687
f 3688 3838 3837
f 3689 3838 3688
f 3689 3839 3838
f 3690 3839 3689
f 3690 3840 3839
f 3691 3840 3690
f 3691 3841 3840
f 3692 3841 3691
f 3692 3842 3841
f 3693 3842 3692
f 3693 3843 3842
f 3694 3843 3693
f 3694 3844 3843
f 3695 3844 3694
f 3695 3845 3844
f 3696 3845 3695
f 3696 3846 3845
f 3697 3846 3696
f 3697 3847 3846
f 3698 3847 3697
f 3698 3848 3847
f 3699 3848 3698
f 3699 3849 3848
f 3700 3849 3699
f 3700 3850 3849
f 3701 3850 3700
f 3701 3851 3850
f 3702 3851 3701
f 3702 3852 3851
f 3703 3852 3702
f 3703 3853 3852
f 3704 3853 3703
f 3704 3854 3853
f 3705 3854 3704
f 3705 3855 3854
f 3706 3855 3705
f 3706 3856 3855
f 3707 3856 3706
f 3707 3857 3856
f 3708 3857 3707
f 3708 3858 3857
f 3709 3858 3708
f 3709 3859 3858
f 3710 3859 3709
f 3710 3860 3859
f 3711 3860 3710
f 3711 3861 3860
f 3712 3861 3711
f 3712 3862 3861
f 3713 3862 3712
f 3713 3863 3862
f 3714 3863 3713
f 3714 3864 3863
f 3715 3864 3714
f 3715 3865 3864
f 3716 3865 3715
f 3716 3866 3865
f 3717 3866 3716
f 3717 3867 3866
f 3718 3867 3717
f 3718 3868 3867
f 3719 3868 3718
f 3719 3869 3868
f 3720 3869 3719
f 3720 3870 3869
f 3721 3870 3720
f 3721 3871 3870
f 3722 3871 3721
f 3722 3872 3871
f 3723 3872 3722
f 3723 3873 3872
f 3724 3873 3723
f 3724 3874 3873
f 3725 3874 3724
f 3725 3875 3874
f 3726 3875 3725
f 3726 3876 3875
f 3727 3876 3726
f 3727 3877 3876
f 3728 3877 3727
f 3728 3878 3877
f 3729 3878 3728
f 3729 3879 3878
f 3730 3879 3729
f 3730 3880 3879
f 3731 3880 3730
f 3731 3881 3880
f 3732 3881 3731
f 3732 3882 3881
f 3733 3882 3732
f 3733 3883 3882
f 3734 3883 3733
f 3734 3884 3883
f 3735 3884 3734
f 3735 3885 3884
f 3736 3885 3735
f 3736 3886 3885
f 3737 3886 3736
f 3737 3887 3886
f 3738 3887 3737
f 3738 3888 3887
f 3739 3888 3738
f 3739 3889 3888
f 3740 3889 3739
f 3740 3890 3889
f 3741 3890 3740
f 3741 3891 3890
f 3742 3891 3741
f 3742 3892 3891
f 3743 3892 3742
f 3743 3893 3892
f 3744 3893 3743
f 3744 3894 3893
f 3745 3894 3744
f 3745 3895 3894
f 3746 3895 3745
f 3746 3896 3895
f 3747 3896 3746
f 3747 3897 3896
f 3748 3897 3747
f 3748 3898 3897
f 3749 3898 3748
f 3749 3899 3898
f 3750 3899 3749
f 3750 3900 3899
f 3751 3900 3750
f 3751 3901 3900
f 3752 3901 3751
f 3752 3902 3901
f 3753 3902 3752
f 3753 3903 3902
f 3754 3903 3753
f 3754 3904 3903
f 3755 3904 3754
f 3755 3905 3904
f 3756 3905 3755
f 3756 3906 3905
f 3757 3906 3756
f 3757 3907 3906
f 3758 3907 3757
f 3758 3908 3907
f 3759 3908 3758
f 3759 3909 3908
f 3760 3909 3759
f 3760 3910 3909
f 3761 3910 3760
f 3761 3911 3910
f 3762 3911 3761
f 3762 3912 3911
f 3763 3912 3762
f 3763 3913 3912
f 3764 3913 3763
f 3764 3914 3913
f 3765 3914 3764
f 3765 3915 3914
f 3766 3915 3765
f 3766 3916 3915
f 3767 3916 3766
f 3767 3917 3916
f 3768 3917 3767
f 3768 3918 3917
f 3769 3918 3768
f 3769 3919 3918
f 3770 3919 3769
f 3770 3920 3919
f 3771 3920 3770
f 3771 3921 3920
f 3772 3921 3771
f 3772 3922 3921
f 3773 3922 3772
f 3773 3923 3922
f 3774 3923 3773
f 3774 3924 3923
f 3775 3924 3774
f 3775 3925 3924
f 3776 3925 3775
f 3776 3926 3925
f 3777 3926 3776
f 3777 3927 3926
f 3778 3927 3777
f 3778 3928 3927
f 3779 3928 3778
f 3779 3929 3928
f 3780 3929 3779
f 3780 3930 3929
f 3781 3930 3780
f 3781 3931 3930
f 3782 3931 3781
f 3782 3932 3931
f 3783 3932 3782
f 3783 3933 3932
f 3784 3933 3783
f 3784 3934 3933
f 3785 3934 3784
f 3785 3935 3934
f 3786 3935 3785
f 3786 3936 3935
f 3787 3936 3786
f 3787 3937 3936
f 3788 3937 3787
f 3788 3938 3937
f 3789 3938 3788
f 3789 3939 3938
f 3790 3939 3789
f 3790 3940 3939
f 3791 3940 3790
f 3791 3941 3940
f 3792 3941 3791
f 3792 3942 3941
f 3793 3942 3792
f 3793 3943 3942
f 3794 3943 3793
f 3794 3944 3943
f 3795 3944 3794
f 3795 3945 3944
f 3796 3945 3795
f 3796 3946 3945
f 3797 3946 3796
f 3797 3947 3946
f 3798 3947 3797
f 3798 3948 3947
f 3799 3948 3798
f 3799 3949 3948
f 3800 3949 3799
f 3800 3950 3949
f 3801 3950 3800
f 3801 3951 3950
f 3802 3951 3801
f 3802 3952 3951
f 3803 3952 3802
f 3803 3953 3952
f 3804 3953 3803
f 3804 3954 3953
f 3805 3954 3804
f 3805 3955 3954
f 3806 3955 3805
f 3806 3956 3955
f 3807 3956 3806
f 3807 3957 3956
f 3808 3957 3807
f 3808 3958 3957
f 3809 3958 3808
f 3809 3959 3958
f 3810 3959 3809
f 3810 3960 3959
f 3811 3960 3810
f 3811 3961 3960
f 3812 3961 3811
f 3812 3962 3961
f 3813 3962 3812
f 3813 3963 3962
f 3814 3963 3813
f 3814 3964 3963
f 3815 3964 3814
f 3815 3965 3964
f 3816 3965 3815
f 3816 3966 3965
f 3817 3966 3816
f 3817 3967 3966
f 3818 3967 3817
f 3818 3968 3967
f 3819 3968 3818
f 3819 3969 3968
f 3820 3969 3819
f 3820 3970 3969
f 3821 3970 3820
f 3821 3971 3970
f 3822 3971 3821
f 3822 3972 3971
f 3823 3972 3822
f 3823 3973 3972
f 3824 3973 3823
f 3824 3974 3973
f 3825 3974 3824
f 3825 3975 3974
f 3826 3975 3825
f 3826 3976 3975
f 3827 3976 3826
f 3827 3977 3976
f 3828 3977 3827
f 3828 3978 3977
f 3829 3978 3828
f 3829 3979 3978
f 3830 3979 3829
f 3830 3980 3979
f 3831 3980 3830
f 3831 3981 3980
f 3832 3981 3831
f 3832 3982 3981
f 3833 3982 3832
f 3833 3983 3982
f 3834 3983 3833
f 3834 3984 3983
f 3835 3984 3834
f 3835 3985 3984
f 3836 3985 3835
f 3836 3986 3985
f 3838 3987 3837
f 3838 3988 3987
f 3839 3988 3838
f 3839 3989 3988
f 3840 3989 3839
f 3840 3990 3989
f 3841 3990 3840
f 3841 3991 3990
f 3842 3991 3841
f 3842 3992 3991
f 3843 3992 3842
f 3843 3993 3992
f 3844 3993 3843
f 3844 3994 3993
f 3845 3994 3844
f 3845 3995 3994
f 3846 3995 3845
f 3846 3996 3995
f 3847 3996 3846
f 3847 3997 3996
f 3848 3997 3847
f 3848 3998 3997
f 3849 3998 3848
f 3849 3999 3998
f 3850 3999 3849
f 3850 4000 3999
f 3851 4000 3850
f 3851 4001 4000
f 3852 4001 3851
f 3852 4002 4001
f 3853 4002 3852
f 3853 4003 4002
f 3854 4003 3853
f 3854 4004 4003
f 3855 4004 3854
f 3855 4005 4004
f 3856 4005 3855
f 3856 4006 4005
f 3857 4006 3856
f 3857 4007 4006
f 3858 4007 3857
f 3858 4008 4007
f 3859 4008 3858
f 3859 4009 4008
f 3860 4009 3859
f 3860 4010 4009
f 3861 4010 3860
f 3861 4011 4010
f 3862 4011 3861
f 3862 4012 4011
f 3863 4012 3862
f 3863 4013 4012
f 3864 4013 3863
f 3864 4014 4013
f 3865 4014 3864
f 3865 4015 4014
f 3866 4015 3865
f 3866 4016 4015
f 3867 4016 3866
f 3867 4017 4016
f 3868 4017 3867
f 3868 4018 4017
f 3869 4018 3868
f 3869 4019 4018
f 3870 4019 3869
f 3870 4020 4019
f 3871 4020 3870
f 3871 4021 4020
f 3872 4021 3871
f 3872 4022 4021
f 3873 4022 3872
f 3873 4023 4022
f 3874 4023 3873
f 3874 4024 4023
f 3875 4024 3874
f 3875 4025 4024
f 3876 4025 3875
f 3876 4026 4025
f 3877 4026 3876
f 3877 4027 4026
f 3878 4027 3877
f 3878 4028 4027
f 3879 4028 3878
f 3879 4029 4028
f 3880 4029 3879
f 3880 4030 4029
f 3881 4030 3880
f 3881 4031 4030
f 3882 4031 3881
f 3882 4032 4031
f 3883 4032 3882
f 3883 4033 4032
f 3884 4033 3883
f 3884 4034 4033
f 3885 4034 3884
f 3885 4035 4034
f 3886 4035 3885
f 3886 4036 4035
f 3887 4036 3886
f 3887 4037 4036
f 3888 4037 3887
f 3888 4038 4037
f 3889 4038 3888
f 3889 4039 4038
f 3890 4039 3889
f 3890 4040 4039
f 3891 4040 3890
f 3891 4041 4040
f 3892 4041 3891
f 3892 4042 4041
f 3893 4042 3892
f 3893 4043 4042
f 3894 4043 3893
f 3894 4044 4043
f 3895 4044 3894
f 3895 4045 4044
f 3896 4045 3895
f 3896 4046 4045
f 3897 4046 3896
f 3897 4047 4046
f 3898 4047 3897
f 3898 4048 4047
f 3899 4048 3898
f 3899 4049 4048
f 3900 4049 3899
f 3900 4050 4049
f 3901 4050 3900
f 3901 4051 4050
f 3902 4051 3901
f 3902 4052 4051
f 3903 4052 3902
f 3903 4053 4052
f 3904 4053 3903
f 3904 4054 4053
f 3905 4054 3904
f 3905 4055 4054
f 3906 4055 3905
f 3906 4056 4055
f 3907 4056 3906
f 3907 4057 4056
f 3908 4057 3907
f 3908 4058 4057
f 3909 4058 3908
f 3909 4059 4058
f 3910 4059 3909
f 3910 4060 4059
f 3911 4060 3910
f 3911 4061 4060
f 3912 4061 3911
f 3912 4062 4061
f 3913 4062 3912
f 3913 4063 4062
f 3914 4063 3913
f 3914 4064 4063
f 3915 4064 3914
f 3915 4065 4064
f 3916 4065 3915
f 3916 4066 4065
f 3917 4066 3916
f 3917 4067 4066
f 3918 4067 3917
f 3918 4068 4067
f 3919 4068 3918
f 3919 4069 4068
f 3920 4069 3919
f 3920 4070 4069
f 3921 4070 3920
f 3921 4071 4070
f 3922 4071 3921
f 3922 4072 4071
f 3923 4072 3922
f 3923 4073 4072
f 3924 4073 3923
f 3924 4074 4073
f 3925 4074 3924
f 3925 4075 4074
f 3926 4075 3925
f 3926 4076 4075
f 3927 4076 3926
f 3927 4077 4076
f 3928 4077 3927
f 3928 4078 4077
f 3929 4078 3928
f 3929 4079 4078
f 3930 4079 3929
f 3930 4080 4079
f 3931 4080 3930
f 3931 4081 4080
f 3932 4081 3931
f 3932 4082 4081
f 3933 4082 3932
f 3933 4083 4082
f 3934 4083 3933
f 3934 4084 4083
f 3935 4084 3934
f 3935 4085 4084
f 3936 4085 3935
f 3936 4086 4085
f 3937 4086 3936
f 3937 4087 4086
f 3938 4087 3937
f 3938 4088 4087
f 3939 4088 3938
f 3939 4089 4088
f 3940 4089 3939
f 3940 4090 4089
f 3941 4090 3940
f 3941 4091 4090
f 3942 4091 3941
f 3942 4092 4091
f 3943 4092 3942
f 3943 4093 4092
f 3944 4093 3943
f 3944 4094 4093
f 3945 4094 3944
f 3945 4095 4094
f 3946 4095 3945
f 3946 4096 4095
f 3947 4096 3946
f 3947 4097 4096
f 3948 4097 3947
f 3948 4098 4097
f 3949 4098 3948
f 3949 4099 4098
f 3950 4099 3949
f 3950 4100 4099
f 3951 4100 3950
f 3951 4101 4100
f 3952 4101 3951
f 3952 4102 4101
f 3953 4102 3952
f 3953 4103 4102
f 3954 4103 3953
f 3954 4104 4103
f 3955 4104 3954
f 3955 4105 4104
f 3956 4105 3955
f 3956 4106 4105
f 3957 4106 3956
f 3957 4107 4106
f 3958 4107 3957
f 3958 4108 4107
f 3959 4108 3958
f 3959 4109 4108
f 3960 4109 3959
f 3960 4110 4109
f 3961 4110 3960
f 3961 4111 4110
f 3962 4111 3961
f 3962 4112 4111
f 3963 4112 3962
f 3963 4113 4112
f 3964 4113 3963
f 3964 4114 4113
f 3965 4114 3964
f 3965 4115 4114
f 3966 4115 3965
f 3966 4116 4115
f 3967 4116 3966
f 3967 4117 4116
f 3968 4117 3967
f 3968 4118 4117
f 3969 4118 3968
f 3969 4119 4118
f 3970 4119 3969
f 3970 4120 4119
f 3971 4120 3970
f 3971 4121 4120
f 3972 4121 3971
f 3972 4122 4121
f 3973 4122 3972
f 3973 4123 4122
f 3974 4123 3973
f 3974 4124 4123
f 3975 4124 3974
f 3975 4125 4124
f 3976 4125 3975
f 3976 4126 4125
f 3977 4126 3976
f 3977 4127 4126
f 3978 4127 3977
f 3978 4128 4127
f 3979 4128 3978
f 3979 4129 4128
f 3980 4129 3979
f 3980 4130 4129
f 3981 4130 3980
f 3981 4131 4130
f 3982 4131 3981
f 3982 4132 4131
f 3983 4132 3982
f 3983 4133 4132
f 3984 4133 3983
f 3984 4134 4133
f 3985 4134 3984
f 3985 4135 4134
f 3986 4135 3985
f 3987 4137 4136
f 3988 4137 3987
f 3988 4138 4137
f 3989 4138 3988
f 3989 4139 4138
f 3990 4139 3989
f 3990 4140 4139
f 3991 4140 3990
f 3991 4141 4140
f 3992 4141 3991
f 3992 4142 4141
f 3993 4142 3992
f 3993 4143 4142
f 3994 4143 3993
f 3994 4144 4143
f 3995 4144 3994
f 3995 4145 4144
f 3996 4145 3995
f 3996 4146 4145
f 3997 4146 3996
f 3997 4147 4146
f 3998 4147 3997
f 3998 4148 4147
f 3999 4148 3998
f 3999 4149 4148
f 4000 4149 3999
f 4000 4150 4149
f 4001 4150 4000
f 4001 4151 4150
f 4002 4151 4001
f 4002 4152 4151
f 4003 4152 4002
f 4003 4153 4152
f 4004 4153 4003
f 4004 4154 4153
f 4005 4154 4004
f 4005 4155 4154
f 4006 4155 4005
f 4006 4156 4155
f 4007 4156 4006
f 4007 4157 4156
f 4008 4157 4007
f 4008 4158 4157
f 4009 4158 4008
f 4009 4159 4158
f 4010 4159 4009
f 4010 4160 4159
f 4011 4160 4010
f 4011 4161 4160
f 4012 4161 4011
f 4012 4162 4161
f 4013 4162 4012
f 4013 4163 4162
f 4014 4163 4013
f 4014 4164 4163
f 4015 4164 4014
f 4015 4165 4164
f 4016 4165 4015
f 4016 4166 4165
f 4017 4166 4016
f 4017 4167 4166
f 4018 4167 4017
f 4018 4168 4167
f 4019 4168 4018
f 4019 4169 4168
f 4020 4169 4019
f 4020 4170 4169
f 4021 4170 4020
f 4021 4171 4170
f 4022 4171 4021
f 4022 4172 4171
f 4023 4172 4022
f 4023 4173 4172
f 4024 4173 4023
f 4024 4174 4173
f 4025 4174 4024
f 4025 4175 4174
f 4026 4175 4025
f 4026 4176 4175
f 4027 4176 4026
f 4027 4177 4176
f 4028 4177 4027
f 4028 4178 4177
f 4029 4178 4028
f 4029 4179 4178
f 4030 4179 4029
f 4030 4180 4179
f 4031 4180 4030
f 4031 4181 4180
f 4032 4181 4031
f 4032 4182 4181
f 4033 4182 4032
f 4033 4183 4182
f 4034 4183 4033
f 4034 4184 4183
f 4035 4184 4034
f 4035 4185 4184
f 4036 4185 4035
f 4036 4186 4185
f 4037 4186 4036
f 4037 4187 4186
f 4038 4187 4037
f 4038 4188 4187
f 4039 4188 4038
f 4039 4189 4188
f 4040 4189 4039
f 4040 4190 4189
f 4041 4190 4040
f 4041 4191 4190
f 4042 4191 4041
f 4042 4192 4191
f 4043 4192 4042
f 4043 4193 4192
f 4044 4193 4043
f 4044 4194 4193
f 4045 4194 4044
f 4045 4195 4194
f 4046 4195 4045
f 4046 4196 4195
f 4047 4196 4046
f 4047 4197 4196
f 4048 4197 4047
f 4048 4198 4197
f 4049 4198 4048
f 4049 4199 4198
f 4050 4199 4049
f 4050 4200 4199
f 4051 4200 4050
f 4051 4201 4200
f 4052 4201 4051
f 4052 4202 4201
f 4053 4202 4052
f 4053 4203 4202
f 4054 4203 4053
f 4054 4204 4203
f 4055 4204 4054
f 4055 4205 4204
f 4056 4205 4055
f 4056 4206 4205
f 4057 4206 4056
f 4057 4207 4206
f 4058 4207 4057
f 4058 4208 4207
f 4059 4208 4058
f 4059 4209 4208
f 4060 4209 4059
f 4060 4210 4209
f 4061 4210 4060
f 4061 4211 4210
f 4062 4211 4061
f 4062 4212 4211
f 4063 4212 4062
f 4063 4213 4212
f 4064 4213 4063
f 4064 4214 4213
f 4065 4214 4064
f 4065 4215 4214
f 4066 4215 4065
f 4066 4216 4215
f 4067 4216 4066
f 4067 4217 4216
f 4068 4217 4067
f 4068 4218 4217
f 4069 4218 4068
f 4069 4219 4218
f 4070 4219 4069
f 4070 4220 4219
f 4071 4220 4070
f 4071 4221 4220
f 4072 4221 4071
f 4072 4222 4221
f 4073 4222 4072
f 4073 4223 4222
f 4074 4223 4073
f 4074 4224 4223
f 4075 4224 4074
f 4075 4225 4224
f 4076 4225 4075
f 4076 4226 4225
f 4077 4226 4076
f 4077 4227 4226
f 4078 4227 4077
f 4078 4228 4227
f 4079 4228 4078
f 4079 4229 4228
f 4080 4229 4079
f 4080 4230 4229
f 4081 4230 4080
f 4081 4231 4230
f 4082 4231 4081
f 4082 4232 4231
f 4083 4232 4082
f 4083 4233 4232
f 4084 4233 4083
f 4084 4234 4233
f 4085 4234 4084
f 4085 4235 4234
f 4086 4235 4085
f 4086 4236 4235
f 4087 4236 4086
f 4087 4237 4236
f 4088 4237 4087
f 4088 4238 4237
f 4089 4238 4088
f 4089 4239 4238
f 4090 4239 4089
f 4090 4240 4239
f 4091 4240 4090
f 4091 4241 4240
f 4092 4241 4091
f 4092 4242 4241
f 4093 4242 4092
f 4093 4243 4242
f 4094 4243 4093
f 4094 4244 4243
f 4095 4244 4094
f 4095 4245 4244
f 4096 4245 4095
f 4096 4246 4245
f 4097 4246 4096
f 4097 4247 4246
f 4098 4247 4097
f 4098 4248 4247
f 4099 4248 4098
f 4099 4249 4248
f 4100 4249 4099
f 4100 4250 4249
f 4101 4250 4100
f 4101 4251 4250
f 4102 4251 4101
f 4102 4252 4251
f 4103 4252 4102
f 4103 4253 4252
f 4104 4253 4103
f 4104 4254 4253
f 4105 4254 4104
f 4105 4255 4254
f 4106 4255 4105
f 4106 4256 4255
f 4107 4256 4106
f 4107 4257 4256
f 4108 4257 4107
f 4108 4258 4257
f 4109 4258 4108
f 4109 4259 4258
f 4110 4259 4109
f 4110 4260 4259
f 4111 4260 4110
f 4111 4261 4260
f 4112 4261 4111
f 4112 4262 4261
f 4113 4262 4112
f 4113 4263 4262
f 4114 4263 4113
f 4114 4264 4263
f 4115 4264 4114
f 4115 4265 4264
f 4116 4265 4115
f 4116 4266 4265
f 4117 4266 4116
f 4117 4267 4266
f 4118 4267 4117
f 4118 4268 4267
f 4119 4268 4118
f 4119 4269 4268
f 4120 4269 4119
f 4120 4270 4269
f 4121 4270 4120
f 4121 4271 4270
f 4122 4271 4121
f 4122 4272 4271
f 4123 4272 4122
f 4123 4273 4272
f 4124 4273 4123
f 4124 4274 4273
f 4125 4274 4124
f 4125 4275 4274
f 4126 4275 4125
f 4126 4276 4275
f 4127 4276 4126
f 4127 4277 4276
f 4128 4277 4127
f 4128 4278 4277
f 4129 4278 4128
f 4129 4279 4278
f 4130 4279 4129
f 4130 4280 4279
f 4131 4280 4130
f 4131 4281 4280
f 4132 4281 4131
f 4132 4282 4281
f 4133 4282 4132
f 4133 4283 4282
f 4134 4283 4133
f 4134 4284 4283
f 4135 4284 4134
f 4138 4285 4137
f 4138 4286 4285
f 4139 4286 4138
f 4139 4287 4286
f 4140 4287 4139
f 4140 4288 4287
f 4141 4288 4140
f 4141 4289 4288
f 4142 4289 4141
f 4142 4290 4289
f 4143 4290 4142
f 4143 4291 4290
f 4144 4291 4143
f 4144 4292 4291
f 4145 4292 4144
f 4145 4293 4292
f 4146 4293 4145
f 4146 4294 4293
f 4147 4294 4146
f 4147 4295 4294
f 4148 4295 4147
f 4148 4296 4295
f 4149 4296 4148
f 4149 4297 4296
f 4150 4297 4149
f 4150 4298 4297
f 4151 4298 4150
f 4151 4299 4298
f 4152 4299 4151
f 4152 4300 4299
f 4153 4300 4152
f 4153 4301 4300
f 4154 4301 4153
f 4154 4302 4301
f 4155 4302 4154
f 4155 4303 4302
f 4156 4303 4155
f 4156 4304 4303
f 4157 4304 4156
f 4157 4305 4304
f 4158 4305 4157
f 4158 4306 4305
f 4159 4306 4158
f 4159 4307 4306
f 4160 4307 4159
f 4160 4308 4307
f 4161 4308 4160
f 4161 4309 4308
f 4162 4309 4161
f 4162 4310 4309
f 4163 4310 4162
f 4163 4311 4310
f 4164 4311 4163
f 4164 4312 4311
f 4165 4312 4164
f 4165 4313 4312
f 4166 4313 4165
f 4166 4314 4313
f 4167 4314 4166
f 4167 4315 4314
f 4168 4315 4167
f 4168 4316 4315
f 4169 4316 4168
f 4169 4317 4316
f 4170 4317 4169
f 4170 4318 4317
f 4171 4318 4170
f 4171 4319 4318
f 4172 4319 4171
f 4172 4320 4319
f 4173 4320 4172
f 4173 4321 4320
f 4174 4321 4173
f 4174 4322 4321
f 4175 4322 4174
f 4175 4323 4322
f 4176 4323 4175
f 4176 4324 4323
f 4177 4324 4176
f 4177 4325 4324
f 4178 4325 4177
f 4178 4326 4325
f 4179 4326 4178
f 4179 4327 4326
f 4180 4327 4179
f 4180 4328 4327
f 4181 4328 4180
f 4181 4329 4328
f 4182 4329 4181
f 4182 4330 4329
f 4183 4330 4182
f 4183 4331 4330
f 4184 4331 4183
f 4184 4332 4331
f 4185 4332 4184
f 4185 4333 4332
f 4186 4333 4185
f 4186 4334 4333
f 4187 4334 4186
f 4187 4335 4334
f 4188 4335 4187
f 4188 4336 4335
f 4189 4336 4188
f 4189 4337 4336
f 4190 4337 4189
f 4190 4338 4337
f 4191 4338 4190
f 4191 4339 4338
f 4192 4339 4191
f 4192 4340 4339
f 4193 4340 4192
f 4193 4341 4340
f 4194 4341 4193
f 4194 4342 4341
f 4195 4342 4194
f 4195 4343 4342
f 4196 4343 4195
f 4196 4344 4343
f 4197 4344 4196
f 4197 4345 4344
f 4198 4345 4197
f 4198 4346 4345
f 4199 4346 4198
f 4199 4347 4346
f 4200 4347 4199
f 4200 4348 4347
f 4201 4348 4200
f 4201 4349 4348
f 4202 4349 4201
f 4202 4350 4349
f 4203 4350 4202
f 4203 4351 4350
f 4204 4351 4203
f 4204 4352 4351
f 4205 4352 4204
f 4205 4353 4352
f 4206 4353 4205
f 4206 4354 4353
f 4207 4354 4206
f 4207 4355 4354
f 4208 4355 4207
f 4208 4356 4355
f 4209 4356 4208
f 4209 4357 4356
f 4210 4357 4209
f 4210 4358 4357
f 4211 4358 4210
f 4211 4359 4358
f 4212 4359 4211
f 4212 4360 4359
f 4213 4360 4212
f 4213 4361 4360
f 4214 4361 4213
f 4214 4362 4361
f 4215 4362 4214
f 4215 4363 4362
f 4216 4363 4215
f 4216 4364 4363
f 4217 4364 4216
f 4217 4365 4364
f 4218 4365 4217
f 4218 4366 4365
f 4219 4366 4218
f 4219 4367 4366
f 4220 4367 4219
f 4220 4368 4367
f 4221 4368 4220
f 4221 4369 4368
f 4222 4369 4221
f 4222 4370 4369
f 4223 4370 4222
f 4223 4371 4370
f 4224 4371 4223
f 4224 4372 4371
f 4225 4372 4224
f 4225 4373 4372
f 4226 4373 4225
f 4226 4374 4373
f 4227 4374 4226
f 4227 4375 4374
f 4228 4375 4227
f 4228 4376 4375
f 4229 4376 4228
f 4229 4377 4376
f 4230 4377 4229
f 4230 4378 4377
f 4231 4378 4230
f 4231 4379 4378
f 4232 4379 4231
f 4232 4380 4379
f 4233 4380 4232
f 4233 4381 4380
f 4234 4381 4233
f 4234 4382 4381
f 4235 4382 4234
f 4235 4383 4382
f 4236 4383 4235
f 4236 4384 4383
f 4237 4384 4236
f 4237 4385 4384
f 4238 4385 4237
f 4238 4386 4385
f 4239 4386 4238
f 4239 4387 4386
f 4240 4387 4239
f 4240 4388 4387
f 4241 4388 4240
f 4241 4389 4388
f 4242 4389 4241
f 4242 4390 4389
f 4243 4390 4242
f 4243 4391 4390
f 4244 4391 4243
f 4244 4392 4391
f 4245 4392 4244
f 4245 4393 4392
f 4246 4393 4245
f 4246 4394 4393
f 4247 4394 4246
f 4247 4395 4394
f 4248 4395 4247
f 4248 4396 4395
f 4249 4396 4248
f 4249 4397 4396
f 4250 4397 4249
f 4250 4398 4397
f 4251 4398 4250
f 4251 4399 4398
f 4252 4399 4251
f 4252 4400 4399
f 4253 4400 4252
f 4253 4401 4400
f 4254 4401 4253
f 4254 4402 4401
f 4255 4402 4254
f 4255 4403 4402
f 4256 4403 4255
f 4256 4404 4403
f 4257 4404 4256
f 4257 4405 4404
f 4258 4405 4257
f 4258 4406 4405
f 4259 4406 4258
f 4259 4407 4406
f 4260 4407 4259
f 4260 4408 4407
f 4261 4408 4260
f 4261 4409 4408
f 4262 4409 4261
f 4262 4410 4409
f 4263 4410 4262
f 4263 4411 4410
f 4264 4411 4263
f 4264 4412 4411
f 4265 4412 4264
f 4265 4413 4412
f 4266 4413 4265
f 4266 4414 4413
f 4267 4414 4266
f 4267 4415 4414
f 4268 4415 4267
f 4268 4416 4415
f 4269 4416 4268
f 4269 4417 4416
f 4270 4417 4269
f 4270 4418 4417
f 4271 4418 4270
f 4271 4419 4418
f 4272 4419 4271
f 4272 4420 4419
f 4273 4420 4272
f 4273 4421 4420
f 4274 4421 4273
f 4274 4422 4421
f 4275 4422 4274
f 4275 4423 4422
f 4276 4423 4275
f 4276 4424 4423
f 4277 4424 4276
f 4277 4425 4424
f 4278 4425 4277
f 4278 4426 4425
f 4279 4426 4278
f 4279 4427 4426
f 4280 4427 4279
f 4280 4428 4427
f 4281 4428 4280
f 4281 4429 4428
f 4282 4429 4281
f 4282 4430 4429
f 4283 4430 4282
f 4283 4431 4430
f 4284 4431 4283
f 4287 4432 4286
f 4287 4433 4432
f 4288 4433 4287
f 4288 4434 4433
f 4289 4434 4288
f 4289 4435 4434
f 4290 4435 4289
f 4290 4436 4435
f 4291 4436 4290
f 4291 4437 4436
f 4292 4437 4291
f 4292 4438 4437
f 4293 4438 4292
f 4293 4439 4438
f 4294 4439 4293
f 4294 4440 4439
f 4295 4440 4294
f 4295 4441 4440
f 4296 4441 4295
f 4296 4442 4441
f 4297 4442 4296
f 4297 4443 4442
f 4298 4443 4297
f 4298 4444 4443
f 4299 4444 4298
f 4299 4445 4444
f 4300 4445 4299
f 4300 4446 4445
f 4301 4446 4300
f 4301 4447 4446
f 4302 4447 4301
f 4302 4448 4447
f 4303 4448 4302
f 4303 4449 4448
f 4304 4449 4303
f 4304 4450 4449
f 4305 4450 4304
f 4305 4451 4450
f 4306 4451 4305
f 4306 4452 4451
f 4307 4452 4306
f 4307 4453 4452
f 4308 4453 4307
f 4308 4454 4453
f 4309 4454 4308
f 4309 4455 4454
f 4310 4455 4309
f 4310 4456 4455
f 4311 4456 4310
f 4311 4457 4456
f 4312 4457 4311
f 4312 4458 4457
f 4313 4458 4312
f 4313 4459 4458
f 4314 4459 4313
f 4314 4460 4459
f 4315 4460 4314
f 4315 4461 4460
f 4316 4461 4315
f 4316 4462 4461
f 4317 4462 4316
f 4317 4463 4462
f 4318 4463 4317
f 4318 4464 4463
f 4319 4464 4318
f 4319 4465 4464
f 4320 4465 4319
f 4320 4466 4465
f 4321 4466 4320
f 4321 4467 4466
f 4322 4467 4321
f 4322 4468 4467
f 4323 4468 4322
f 4323 4469 4468
f 4324 4469 4323
f 4324 4470 4469
f 4325 4470 4324
f 4325 4471 4470
f 4326 4471 4325
f 4326 4472 4471
f 4327 4472 4326
f 4327 4473 4472
f 4328 4473 4327
f 4328 4474 4473
f 4329 4474 4328
f 4329 4475 4474
f 4330 4475 4329
f 4330 4476 4475
f 4331 4476 4330
f 4331 4477 4476
f 4332 4477 4331
f 4332 4478 4477
f 4333 4478 4332
f 4333 4479 4478
f 4334 4479 4333
f 4334 4480 4479
f 4335 4480 4334
f 4335 4481 4480
f 4336 4481 4335
f 4336 4482 4481
f 4337 4482 4336
f 4337 4483 4482
f 4338 4483 4337
f 4338 4484 4483
f 4339 4484 4338
f 4339 4485 4484
f 4340 4485 4339
f 4340 4486 4485
f 4341 4486 4340
f 4341 4487 4486
f 4342 4487 4341
f 4342 4488 4487
f 4343 4488 4342
f 4343 4489 4488
f 4344 4489 4343
f 4344 4490 4489
f 4345 4490 4344
f 4345 4491 4490
f 4346 4491 4345
f 4346 4492 4491
f 4347 4492 4346
f 4347 4493 4492
f 4348 4493 4347
f 4348 4494 4493
f 4349 4494 4348
f 4349 4495 4494
f 4350 4495 4349
f 4350 4496 4495
f 4351 4496 4350
f 4351 4497 4496
f 4352 4497 4351
f 4352 4498 4497
f 4353 4498 4352
f 4353 4499 4498
f 4354 4499 4353
f 4354 4500 4499
f 4355 4500 4354
f 4355 4501 4500
f 4356 4501 4355
f 4356 4502 4501
f 4357 4502 4356
f 4357 4503 4502
f 4358 4503 4357
f 4358 4504 4503
f 4359 4504 4358
f 4359 4505 4504
f 4360 4505 4359
f 4360 4506 4505
f 4361 4506 4360
f 4361 4507 4506
f 4362 4507 4361
f 4362 4508 4507
f 4363 4508 4362
f 4363 4509 4508
f 4364 4509 4363
f 4364 4510 4509
f 4365 4510 4364
f 4365 4511 4510
f 4366 4511 4365
f 4366 4512 4511
f 4367 4512 4366
f 4367 4513 4512
f 4368 4513 4367
f 4368 4514 4513
f 4369 4514 4368
f 4369 4515 4514
f 4370 4515 4369
f 4370 4516 4515
f 4371 4516 4370
f 4371 4517 4516
f 4372 4517 4371
f 4372 4518 4517
f 4373 4518 4372
f 4373 4519 4518
f 4374 4519 4373
f 4374 4520 4519
f 4375 4520 4374
f 4375 4521 4520
f 4376 4521 4375
f 4376 4522 4521
f 4377 4522 4376
f 4377 4523 4522
f 4378 4523 4377
f 4378 4524 4523
f 4379 4524 4378
f 4379 4525 4524
f 4380 4525 4379
f 4380 4526 4525
f 4381 4526 4380
f 4381 4527 4526
f 4382 4527 4381
f 4382 4528 4527
f 4383 4528 4382
f 4383 4529 4528
f 4384 4529 4383
f 4384 4530 4529
f 4385 4530 4384
f 4385 4531 4530
f 4386 4531 4385
f 4386 4532 4531
f 4387 4532 4386
f 4387 4533 4532
f 4388 4533 4387
f 4388 4534 4533
f 4389 4534 4388
f 4389 4535 4534
f 4390 4535 4389
f 4390 4536 4535
f 4391 4536 4390
f 4391 4537 4536
f 4392 4537 4391
f 4392 4538 4537
f 4393 4538 4392
f 4393 4539 4538
f 4394 4539 4393
f 4394 4540 4539
f 4395 4540 4394
f 4395 4541 4540
f 4396 4541 4395
f 4396 4542 4541
f 4397 4542 4396
f 4397 4543 4542
f 4398 4543 4397
f 4398 4544 4543
f 4399 4544 4398
f 4399 4545 4544
f 4400 4545 4399
f 4400 4546 4545
f 4401 4546 4400
f 4401 4547 4546
f 4402 4547 4401
f 4402 4548 4547
f 4403 4548 4402
f 4403 4549 4548
f 4404 4549 4403
f 4404 4550 4549
f 4405 4550 4404
f 4405 4551 4550
f 4406 4551 4405
f 4406 4552 4551
f 4407 4552 4406
f 4407 4553 4552
f 4408 4553 4407
f 4408 4554 4553
f 4409 4554 4408
f 4409 4555 4554
f 4410 4555 4409
f 4410 4556 4555
f 4411 4556 4410
f 4411 4557 4556
f 4412 4557 4411
f 4412 4558 4557
f 4413 4558 4412
f 4413 4559 4558
f 4414 4559 4413
f 4414 4560 4559
f 4415 4560 4414
f 4415 4561 4560
f 4416 4561 4415
f 4416 4562 4561
f 4417 4562 4416
f 4417 4563 4562
f 4418 4563 4417
f 4418 4564 4563
f 4419 4564 4418
f 4419 4565 4564
f 4420 4565 4419
f 4420 4566 4565
f 4421 4566 4420
f 4421 4567 4566
f 4422 4567 4421
f 4422 4568 4567
f 4423 4568 4422
f 4423 4569 4568
f 4424 4569 4423
f 4424 4570 4569
f 4425 4570 4424
f 4425 4571 4570
f 4426 4571 4425
f 4426 4572 4571
f 4427 4572 4426
f 4427 4573 4572
f 4428 4573 4427
f 4428 4574 4573
f 4429 4574 4428
f 4429 4575 4574
f 4430 4575 4429
f 4430 4576 4575
f 4431 4576 4430
f 4434 4577 4433
f 4434 4578 4577
f 4435 4578 4434
f 4435 4579 4578
f 4436 4579 4435
f 4436 4580 4579
f 4437 4580 4436
f 4437 4581 4580
f 4438 4581 4437
f 4438 4582 4581
f 4439 4582 4438
f 4439 4583 4582
f 4440 4583 4439
f 4440 4584 4583
f 4441 4584 4440
f 4441 4585 4584
f 4442 4585 4441
f 4442 4586 4585
f 4443 4586 4442
f 4443 4587 4586
f 4444 4587 4443
f 4444 4588 4587
f 4445 4588 4444
f 4445 4589 4588
f 4446 4589 4445
f 4446 4590 4589
f 4447 4590 4446
f 4447 4591 4590
f 4448 4591 4447
f 4448 4592 4591
f 4449 4592 4448
f 4449 4593 4592
f 4450 4593 4449
f 4450 4594 4593
f 4451 4594 4450
f 4451 4595 4594
f 4452 4595 4451
f 4452 4596 4595
f 4453 4596 4452
f 4453 4597 4596
f 4454 4597 4453
f 4454 4598 4597
f 4455 4598 4454
f 4455 4599 4598
f 4456 4599 4455
f 4456 4600 4599
f 4457 4600 4456
f 4457 4601 4600
f 4458 4601 4457
f 4458 4602 4601
f 4459 4602 4458
f 4459 4603 4602
f 4460 4603 4459
f 4460 4604 4603
f 4461 4604 4460
f 4461 4605 4604
f 4462 4605 4461
f 4462 4606 4605
f 4463 4606 4462
f 4463 4607 4606
f 4464 4607 4463
f 4464 4608 4607
f 4465 4608 4464
f 4465 4609 4608
f 4466 4609 4465
f 4466 4610 4609
f 4467 4610 4466
f 4467 4611 4610
f 4468 4611 4467
f 4468 4612 4611
f 4469 4612 4468
f 4469 4613 4612
f 4470 4613 4469
f 4470 4614 4613
f 4471 4614 4470
f 4471 4615 4614
f 4472 4615 4471
f 4472 4616 4615
f 4473 4616 4472
f 4473 4617 4616
f 4474 4617 4473
f 4474 4618 4617
f 4475 4618 4474
f 4475 4619 4618
f 4476 4619 4475
f 4476 4620 4619
f 4477 4620 4476
f 4477 4621 4620
f 4478 4621 4477
f 4478 4622 4621
f 4479 4622 4478
f 4479 4623 4622
f 4480 4623 4479
f 4480 4624 4623
f 4481 4624 4480
f 4481 4625 4624
f 4482 4625 4481
f 4482 4626 4625
f 4483 4626 4482
f 4483 4627 4626
f 4484 4627 4483
f 4484 4628 4627
f 4485 4628 4484
f 4485 4629 4628
f 4486 4629 4485
f 4486 4630 4629
f 4487 4630 4486
f 4487 4631 4630
f 4488 4631 4487
f 4488 4632 4631
f 4489 4632 4488
f 4489 4633 4632
f 4490 4633 4489
f 4490 4634 4633
f 4491 4634 4490
f 4491 4635 4634
f 4492 4635 4491
f 4492 4636 4635
f 4493 4636 4492
f 4493 4637 4636
f 4494 4637 4493
f 4494 4638 4637
f 4495 4638 4494
f 4495 4639 4638
f 4496 4639 4495
f 4496 4640 4639
f 4497 4640 4496
f 4497 4641 4640
f 4498 4641 4497
f 4498 4642 4641
f 4499 4642 4498
f 4499 4643 4642
f 4500 4643 4499
f 4500 4644 4643
f 4501 4644 4500
f 4501 4645 4644
f 4502 4645 4501
f 4502 4646 4645
f 4503 4646 4502
f 4503 4647 4646
f 4504 4647 4503
f 4504 4648 4647
f 4505 4648 4504
f 4505 4649 4648
f 4506 4649 4505
f 4506 4650 4649
f 4507 4650 4506
f 4507 4651 4650
f 4508 4651 4507
f 4508 4652 4651
f 4509 4652 4508
f 4509 4653 4652
f 4510 4653 4509
f 4510 4654 4653
f 4511 4654 4510
f 4511 4655 4654
f 4512 4655 4511
f 4512 4656 4655
f 4513 4656 4512
f 4513 4657 4656
f 4514 4657 4513
f 4514 4658 4657
f 4515 4658 4514
f 4515 4659 4658
f 4516 4659 4515
f 4516 4660 4659
f 4517 4660 4516
f 4517 4661 4660
f 4518 4661 4517
f 4518 4662 4661
f 4519 4662 4518
f 4519 4663 4662
f 4520 4663 4519
f 4520 4664 4663
f 4521 4664 4520
f 4521 4665 4664
f 4522 4665 4521
f 4522 4666 4665
f 4523 4666 4522
f 4523 4667 4666
f 4524 4667 4523
f 4524 4668 4667
f 4525 4668 4524
f 4525 4669 4668
f 4526 4669 4525
f 4526 4670 4669
f 4527 4670 4526
f 4527 4671 4670
f 4528 4671 4527
f 4528 4672 4671
f 4529 4672 4528
f 4529 4673 4672
f 4530 4673 4529
f 4530 4674 4673
f 4531 4674 4530
f 4531 4675 4674
f 4532 4675 4531
f 4532 4676 4675
f 4533 4676 4532
f 4533 4677 4676
f 4534 4677 4533
f 4534 4678 4677
f 4535 4678 4534
f 4535 4679 4678
f 4536 4679 4535
f 4536 4680 4679
f 4537 4680 4536
f 4537 4681 4680
f 4538 4681 4537
f 4538 4682 4681
f 4539 4682 4538
f 4539 4683 4682
f 4540 4683 4539
f 4540 4684 4683
f 4541 4684 4540
f 4541 4685 4684
f 4542 4685 4541
f 4542 4686 4685
f 4543 4686 4542
f 4543 4687 4686
f 4544 4687 4543
f 4544 4688 4687
f 4545 4688 4544
f 4545 4689 4688
f 4546 4689 4545
f 4546 4690 4689
f 4547 4690 4546
f 4547 4691 4690
f 4548 4691 4547
f 4548 4692 4691
f 4549 4692 4548
f 4549 4693 4692
f 4550 4693 4549
f 4550 4694 4693
f 4551 4694 4550
f 4551 4695 4694
f 4552 4695 4551
f 4552 4696 4695
f 4553 4696 4552
f 4553 4697 4696
f 4554 4697 4553
f 4554 4698 4697
f 4555 4698 4554
f 4555 4699 4698
f 4556 4699 4555
f 4556 4700 4699
f 4557 4700 4556
f 4557 4701 4700
f 4558 4701 4557
f 4558 4702 4701
f 4559 4702 4558
f 4559 4703 4702
f 4560 4703 4559
f 4560 4704 4703
f 4561 4704 4560
f 4561 4705 4704
f 4562 4705 4561
f 4562 4706 4705
f 4563 4706 4562
f 4563 4707 4706
f 4564 4707 4563
f 4564 4708 4707
f 4565 4708 4564
f 4565 4709 4708
f 4566 4709 4565
f 4566 4710 4709
f 4567 4710 4566
f 4567 4711 4710
f 4568 4711 4567
f 4568 4712 4711
f 4569 4712 4568
f 4569 4713 4712
f 4570 4713 4569
f 4570 4714 4713
f 4571 4714 4570
f 4571 4715 4714
f 4572 4715 4571
f 4572 4716 4715
f 4573 4716 4572
f 4573 4717 4716
f 4574 4717 4573
f 4574 4718 4717
f 4575 4718 4574
f 4575 4719 4718
f 4576 4719 4575
f 4580 4720 4579
f 4580 4721 4720
f 4581 4721 4580
f 4581 4722 4721
f 4582 4722 4581
f 4582 4723 4722
f 4583 4723 4582
f 4583 4724 4723
f 4584 4724 4583
f 4584 4725 4724
f 4585 4725 4584
f 4585 4726 4725
f 4586 4726 4585
f 4586 4727 4726
f 4587 4727 4586
f 4587 4728 4727
f 4588 4728 4587
f 4588 4729 4728
f 4589 4729 4588
f 4589 4730 4729
f 4590 4730 4589
f 4590 4731 4730
f 4591 4731 4590
f 4591 4732 4731
f 4592 4732 4591
f 4592 4733 4732
f 4593 4733 4592
f 4593 4734 4733
f 4594 4734 4593
f 4594 4735 4734
f 4595 4735 4594
f 4595 4736 4735
f 4596 4736 4595
f 4596 4737 4736
f 4597 4737 4596
f 4597 4738 4737
f 4598 4738 4597
f 4598 4739 4738
f 4599 4739 4598
f 4599 4740 4739
f 4600 4740 4599
f 4600 4741 4740
f 4601 4741 4600
f 4601 4742 4741
f 4602 4742 4601
f 4602 4743 4742
f 4603 4743 4602
f 4603 4744 4743
f 4604 4744 4603
f 4604 4745 4744
f 4605 4745 4604
f 4605 4746 4745
f 4606 4746 4605
f 4606 4747 4746
f 4607 4747 4606
f 4607 4748 4747
f 4608 4748 4607
f 4608 4749 4748
f 4609 4749 4608
f 4609 4750 4749
f 4610 4750 4609
f 4610 4751 4750
f 4611 4751 4610
f 4611 4752 4751
f 4612 4752 4611
f 4612 4753 4752
f 4613 4753 4612
f 4613 4754 4753
f 4614 4754 4613
f 4614 4755 4754
f 4615 4755 4614
f 4615 4756 4755
f 4616 4756 4615
f 4616 4757 4756
f 4617 4757 4616
f 4617 4758 4757
f 4618 4758 4617
f 4618 4759 4758
f 4619 4759 4618
f 4619 4760 4759
f 4620 4760 4619
f 4620 4761 4760
f 4621 4761 4620
f 4621 4762 4761
f 4622 4762 4621
f 4622 4763 4762
f 4623 4763 4622
f 4623 4764 4763
f 4624 4764 4623
f 4624 4765 4764
f 4625 4765 4624
f 4625 4766 4765
f 4626 4766 4625
f 4626 4767 4766
f 4627 4767 4626
f 4627 4768 4767
f 4628 4768 4627
f 4628 4769 4768
f 4629 4769 4628
f 4629 4770 4769
f 4630 4770 4629
f 4630 4771 4770
f 4631 4771 4630
f 4631 4772 4771
f 4632 4772 4631
f 4632 4773 4772
f 4633 4773 4632
f 4633 4774 4773
f 4634 4774 4633
f 4634 4775 4774
f 4635 4775 4634
f 4635 4776 4775
f 4636 4776 4635
f 4636 4777 4776
f 4637 4777 4636
f 4637 4778 4777
f 4638 4778 4637
f 4638 4779 4778
f 4639 4779 4638
f 4639 4780 4779
f 4640 4780 4639
f 4640 4781 4780
f 4641 4781 4640
f 4641 4782 4781
f 4642 4782 4641
f 4642 4783 4782
f 4643 4783 4642
f 4643 4784 4783
f 4644 4784 4643
f 4644 4785 4784
f 4645 4785 4644
f 4645 4786 4785
f 4646 4786 4645
f 4646 4787 4786
f 4647 4787 4646
f 4647 4788 4787
f 4648 4788 4647
f 4648 4789 4788
f 4649 4789 4648
f 4649 4790 4789
f 4650 4790 4649
f 4650 4791 4790
f 4651 4791 4650
f 4651 4792 4791
f 4652 4792 4651
f 4652 4793 4792
f 4653 4793 4652
f 4653 4794 4793
f 4654 4794 4653
f 4654 4795 4794
f 4655 4795 4654
f 4655 4796 4795
f 4656 4796 4655
f 4656 4797 4796
f 4657 4797 4656
f 4657 4798 4797
f 4658 4798 4657
f 4658 4799 4798
f 4659 4799 4658
f 4659 4800 4799
f 4660 4800 4659
f 4660 4801 4800
f 4661 4801 4660
f 4661 4802 4801
f 4662 4802 4661
f 4662 4803 4802
f 4663 4803 4662
f 4663 4804 4803
f 4664 4804 4663
f 4664 4805 4804
f 4665 4805 4664
f 4665 4806 4805
f 4666 4806 4665
f 4666 4807 4806
f 4667 4807 4666
f 4667 4808 4807
f 4668 4808 4667
f 4668 4809 4808
f 4669 4809 4668
f 4669 4810 4809
f 4670 4810 4669
f 4670 4811 4810
f 4671 4811 4670
f 4671 4812 4811
f 4672 4812 4671
f 4672 4813 4812
f 4673 4813 4672
f 4673 4814 4813
f 4674 4814 4673
f 4674 4815 4814
f 4675 4815 4674
f 4675 4816 4815
f 4676 4816 4675
f 4676 4817 4816
f 4677 4817 4676
f 4677 4818 4817
f 4678 4818 4677
f 4678 4819 4818
f 4679 4819 4678
f 4679 4820 4819
f 4680 4820 4679
f 4680 4821 4820
f 4681 4821 4680
f 4681 4822 4821
f 4682 4822 4681
f 4682 4823 4822
f 4683 4823 4682
f 4683 4824 4823
f 4684 4824 4683
f 4684 4825 4824
f 4685 4825 4684
f 4685 4826 4825
f 4686 4826 4685
f 4686 4827 4826
f 4687 4827 4686
f 4687 4828 4827
f 4688 4828 4687
f 4688 4829 4828
f 4689 4829 4688
f 4689 4830 4829
f 4690 4830 4689
f 4690 4831 4830
f 4691 4831 4690
f 4691 4832 4831
f 4692 4832 4691
f 4692 4833 4832
f 4693 4833 4692
f 4693 4834 4833
f 4694 4834 4693
f 4694 4835 4834
f 4695 4835 4694
f 4695 4836 4835
f 4696 4836 4695
f 4696 4837 4836
f 4697 4837 4696
f 4697 4838 4837
f 4698 4838 4697
f 4698 4839 4838
f 4699 4839 4698
f 4699 4840 4839
f 4700 4840 4699
f 4700 4841 4840
f 4701 4841 4700
f 4701 4842 4841
f 4702 4842 4701
f 4702 4843 4842
f 4703 4843 4702
f 4703 4844 4843
f 4704 4844 4703
f 4704 4845 4844
f 4705 4845 4704
f 4705 4846 4845
f 4706 4846 4705
f 4706 4847 4846
f 4707 4847 4706
f 4707 4848 4847
f 4708 4848 4707
f 4708 4849 4848
f 4709 4849 4708
f 4709 4850 4849
f 4710 4850 4709
f 4710 4851 4850
f 4711 4851 4710
f 4711 4852 4851
f 4712 4852 4711
f 4712 4853 4852
f 4713 4853 4712
f 4713 4854 4853
f 4714 4854 4713
f 4714 4855 4854
f 4715 4855 4714
f 4715 4856 4855
f 4716 4856 4715
f 4716 4857 4856
f 4717 4857 4716
f 4717 4858 4857
f 4718 4858 4717
f 4718 4859 4858
f 4719 4859 4718
f 4722 4860 4721
f 4722 4861 4860
f 4723 4861 4722
f 4723 4862 4861
f 4724 4862 4723
f 4724 4863 4862
f 4725 4863 4724
f 4725 4864 4863
f 4726 4864 4725
f 4726 4865 4864
f 4727 4865 4726
f 4727 4866 4865
f 4728 4866 4727
f 4728 4867 4866
f 4729 4867 4728
f 4729 4868 4867
f 4730 4868 4729
f 4730 4869 4868
f 4731 4869 4730
f 4731 4870 4869
f 4732 4870 4731
f 4732 4871 4870
f 4733 4871 4732
f 4733 4872 4871
f 4734 4872 4733
f 4734 4873 4872
f 4735 4873 4734
f 4735 4874 4873
f 4736 4874 4735
f 4736 4875 4874
f 4737 4875 4736
f 4737 4876 4875
f 4738 4876 4737
f 4738 4877 4876
f 4739 4877 4738
f 4739 4878 4877
f 4740 4878 4739
f 4740 4879 4878
f 4741 4879 4740
f 4741 4880 4879
f 4742 4880 4741
f 4742 4881 4880
f 4743 4881 4742
f 4743 4882 4881
f 4744 4882 4743
f 4744 4883 4882
f 4745 4883 4744
f 4745 4884 4883
f 4746 4884 4745
f 4746 4885 4884
f 4747 4885 4746
f 4747 4886 4885
f 4748 4886 4747
f 4748 4887 4886
f 4749 4887 4748
f 4749 4888 4887
f 4750 4888 4749
f 4750 4889 4888
f 4751 4889 4750
f 4751 4890 4889
f 4752 4890 4751
f 4752 4891 4890
f 4753 4891 4752
f 4753 4892 4891
f 4754 4892 4753
f 4754 4893 4892
f 4755 4893 4754
f 4755 4894 4893
f 4756 4894 4755
f 4756 4895 4894
f 4757 4895 4756
f 4757 4896 4895
f 4758 4896 4757
f 4758 4897 4896
f 4759 4897 4758
f 4759 4898 4897
f 4760 4898 4759
f 4760 4899 4898
f 4761 4899 4760
f 4761 4900 4899
f 4762 4900 4761
f 4762 4901 4900
f 4763 4901 4762
f 4763 4902 4901
f 4764 4902 4763
f 4764 4903 4902
f 4765 4903 4764
f 4765 4904 4903
f 4766 4904 4765
f 4766 4905 4904
f 4767 4905 4766
f 4767 4906 4905
f 4768 4906 4767
f 4768 4907 4906
f 4769 4907 4768
f 4769 4908 4907
f 4770 4908 4769
f 4770 4909 4908
f 4771 4909 4770
f 4771 4910 4909
f 4772 4910 4771
f 4772 4911 4910
f 4773 4911 4772
f 4773 4912 4911
f 4774 4912 4773
f 4774 4913 4912
f 4775 4913 4774
f 4775 4914 4913
f 4776 4914 4775
f 4776 4915 4914
f 4777 4915 4776
f 4777 4916 4915
f 4778 4916 4777
f 4778 4917 4916
f 4779 4917 4778
f 4779 4918 4917
f 4780 4918 4779
f 4780 4919 4918
f 4781 4919 4780
f 4781 4920 4919
f 4782 4920 4781
f 4782 4921 4920
f 4783 4921 4782
f 4783 4922 4921
f 4784 4922 4783
f 4784 4923 4922
f 4785 4923 4784
f 4785 4924 4923
f 4786 4924 4785
f 4786 4925 4924
f 4787 4925 4786
f 4787 4926 4925
f 4788 4926 4787
f 4788 4927 4926
f 4789 4927 4788
f 4789 4928 4927
f 4790 4928 4789
f 4790 4929 4928
f 4791 4929 4790
f 4791 4930 4929
f 4792 4930 4791
f 4792 4931 4930
f 4793 4931 4792
f 4793 4932 4931
f 4794 4932 4793
f 4794 4933 4932
f 4795 4933 4794
f 4795 4934 4933
f 4796 4934 4795
f 4796 4935 4934
f 4797 4935 4796
f 4797 4936 4935
f 4798 4936 4797
f 4798 4937 4936
f 4799 4937 4798
f 4799 4938 4937
f 4800 4938 4799
f 4800 4939 4938
f 4801 4939 4800
f 4801 4940 4939
f 4802 4940 4801
f 4802 4941 4940
f 4803 4941 4802
f 4803 4942 4941
f 4804 4942 4803
f 4804 4943 4942
f 4805 4943 4804
f 4805 4944 4943
f 4806 4944 4805
f 4806 4945 4944
f 4807 4945 4806
f 4807 4946 4945
f 4808 4946 4807
f 4808 4947 4946
f 4809 4947 4808
f 4809 4948 4947
f 4810 4948 4809
f 4810 4949 4948
f 4811 4949 4810
f 4811 4950 4949
f 4812 4950 4811
f 4812 4951 4950
f 4813 4951 4812
f 4813 4952 4951
f 4814 4952 4813
f 4814 4953 4952
f 4815 4953 4814
f 4815 4954 4953
f 4816 4954 4815
f 4816 4955 4954
f 4817 4955 4816
f 4817 4956 4955
f 4818 4956 4817
f 4818 4957 4956
f 4819 4957 4818
f 4819 4958 4957
f 4820 4958 4819
f 4820 4959 4958
f 4821 4959 4820
f 4821 4960 4959
f 4822 4960 4821
f 4822 4961 4960
f 4823 4961 4822
f 4823 4962 4961
f 4824 4962 4823
f 4824 4963 4962
f 4825 4963 4824
f 4825 4964 4963
f 4826 4964 4825
f 4826 4965 4964
f 4827 4965 4826
f 4827 4966 4965
f 4828 4966 4827
f 4828 4967 4966
f 4829 4967 4828
f 4829 4968 4967
f 4830 4968 4829
f 4830 4969 4968
f 4831 4969 4830
f 4831 4970 4969
f 4832 4970 4831
f 4832 4971 4970
f 4833 4971 4832
f 4833 4972 4971
f 4834 4972 4833
f 4834 4973 4972
f 4835 4973 4834
f 4835 4974 4973
f 4836 4974 4835
f 4836 4975 4974
f 4837 4975 4836
f 4837 4976 4975
f 4838 4976 4837
f 4838 4977 4976
f 4839 4977 4838
f 4839 4978 4977
f 4840 4978 4839
f 4840 4979 4978
f 4841 4979 4840
f 4841 4980 4979
f 4842 4980 4841
f 4842 4981 4980
f 4843 4981 4842
f 4843 4982 4981
f 4844 4982 4843
f 4844 4983 4982
f 4845 4983 4844
f 4845 4984 4983
f 4846 4984 4845
f 4846 4985 4984
f 4847 4985 4846
f 4847 4986 4985
f 4848 4986 4847
f 4848 4987 4986
f 4849 4987 4848
f 4849 4988 4987
f 4850 4988 4849
f 4850 4989 4988
f 4851 4989 4850
f 4851 4990 4989
f 4852 4990 4851
f 4852 4991 4990
f 4853 4991 4852
f 4853 4992 4991
f 4854 4992 4853
f 4854 4993 4992
f 4855 4993 4854
f 4855 4994 4993
f 4856 4994 4855
f 4856 4995 4994
f 4857 4995 4856
f 4857 4996 4995
f 4858 4996 4857
f 4858 4997 4996
f 4859 4997 4858
f 4862 4998 4861
f 4862 4999 4998
f 4863 4999 4862
f 4863 5000 4999
f 4864 5000 4863
f 4864 5001 5000
f 4865 5001 4864
f 4865 5002 5001
f 4866 5002 4865
f 4866 5003 5002
f 4867 5003 4866
f 4867 5004 5003
f 4868 5004 4867
f 4868 5005 5004
f 4869 5005 4868
f 4869 5006 5005
f 4870 5006 4869
f 4870 5007 5006
f 4871 5007 4870
f 4871 5008 5007
f 4872 5008 4871
f 4872 5009 5008
f 4873 5009 4872
f 4873 5010 5009
f 4874 5010 4873
f 4874 5011 5010
f 4875 5011 4874
f 4875 5012 5011
f 4876 5012 4875
f 4876 5013 5012
f 4877 5013 4876
f 4877 5014 5013
f 4878 5014 4877
f 4878 5015 5014
f 4879 5015 4878
f 4879 5016 5015
f 4880 5016 4879
f 4880 5017 5016
f 4881 5017 4880
f 4881 5018 5017
f 4882 5018 4881
f 4882 5019 5018
f 4883 5019 4882
f 4883 5020 5019
f 4884 5020 4883
f 4884 5021 5020
f 4885 5021 4884
f 4885 5022 5021
f 4886 5022 4885
f 4886 5023 5022
f 4887 5023 4886
f 4887 5024 5023
f 4888 5024 4887
f 4888 5025 5024
f 4889 5025 4888
f 4889 5026 5025
f 4890 5026 4889
f 4890 5027 5026
f 4891 5027 4890
f 4891 5028 5027
f 4892 5028 4891
f 4892 5029 5028
f 4893 5029 4892
f 4893 5030 5029
f 4894 5030 4893
f 4894 5031 5030
f 4895 5031 4894
f 4895 5032 5031
f 4896 5032 4895
f 4896 5033 5032
f 4897 5033 4896
f 4897 5034 5033
f 4898 5034 4897
f 4898 5035 5034
f 4899 5035 4898
f 4899 5036 5035
f 4900 5036 4899
f 4900 5037 5036
f 4901 5037 4900
f 4901 5038 5037
f 4902 5038 4901
f 4902 5039 5038
f 4903 5039 4902
f 4903 5040 5039
f 4904 5040 4903
f 4904 5041 5040
f 4905 5041 4904
f 4905 5042 5041
f 4906 5042 4905
f 4906 5043 5042
f 4907 5043 4906
f 4907 5044 5043
f 4908 5044 4907
f 4908 5045 5044
f 4909 5045 4908
f 4909 5046 5045
f 4910 5046 4909
f 4910 5047 5046
f 4911 5047 4910
f 4911 5048 5047
f 4912 5048 4911
f 4912 5049 5048
f 4913 5049 4912
f 4913 5050 5049
f 4914 5050 4913
f 4914 5051 5050
f 4915 5051 4914
f 4915 5052 5051
f 4916 5052 4915
f 4916 5053 5052
f 4917 5053 4916
f 4917 5054 5053
f 4918 5054 4917
f 4918 5055 5054
f 4919 5055 4918
f 4919 5056 5055
f 4920 5056 4919
f 4920 5057 5056
f 4921 5057 4920
f 4921 5058 5057
f 4922 5058 4921
f 4922 5059 5058
f 4923 5059 4922
f 4923 5060 5059
f 4924 5060 4923
f 4924 5061 5060
f 4925 5061 4924
f 4925 5062 5061
f 4926 5062 4925
f 4926 5063 5062
f 4927 5063 4926
f 4927 5064 5063
f 4928 5064 4927
f 4928 5065 5064
f 4929 5065 4928
f 4929 5066 5065
f 4930 5066 4929
f 4930 5067 5066
f 4931 5067 4930
f 4931 5068 5067
f 4932 5068 4931
f 4932 5069 5068
f 4933 5069 4932
f 4933 5070 5069
f 4934 5070 4933
f 4934 5071 5070
f 4935 5071 4934
f 4935 5072 5071
f 4936 5072 4935
f 4936 5073 5072
f 4937 5073 4936
f 4937 5074 5073
f 4938 5074 4937
f 4938 5075 5074
f 4939 5075 4938
f 4939 5076 5075
f 4940 5076 4939
f 4940 5077 5076
f 4941 5077 4940
f 4941 5078 5077
f 4942 5078 4941
f 4942 5079 5078
f 4943 5079 4942
f 4943 5080 5079
f 4944 5080 4943
f 4944 5081 5080
f 4945 5081 4944
f 4945 5082 5081
f 4946 5082 4945
f 4946 5083 5082
f 4947 5083 4946
f 4947 5084 5083
f 4948 5084 4947
f 4948 5085 5084
f 4949 5085 4948
f 4949 5086 5085
f 4950 5086 4949
f 4950 5087 5086
f 4951 5087 4950
f 4951 5088 5087
f 4952 5088 4951
f 4952 5089 5088
f 4953 5089 4952
f 4953 5090 5089
f 4954 5090 4953
f 4954 5091 5090
f 4955 5091 4954
f 4955 5092 5091
f 4956 5092 4955
f 4956 5093 5092
f 4957 5093 4956
f 4957 5094 5093
f 4958 5094 4957
f 4958 5095 5094
f 4959 5095 4958
f 4959 5096 5095
f 4960 5096 4959
f 4960 5097 5096
f 4961 5097 4960
f 4961 5098 5097
f 4962 5098 4961
f 4962 5099 5098
f 4963 5099 4962
f 4963 5100 5099
f 4964 5100 4963
f 4964 5101 5100
f 4965 5101 4964
f 4965 5102 5101
f 4966 5102 4965
f 4966 5103 5102
f 4967 5103 4966
f 4967 5104 5103
f 4968 5104 4967
f 4968 5105 5104
f 4969 5105 4968
f 4969 5106 5105
f 4970 5106 4969
f 4970 5107 5106
f 4971 5107 4970
f 4971 5108 5107
f 4972 5108 4971
f 4972 5109 5108
f 4973 5109 4972
f 4973 5110 5109
f 4974 5110 4973
f 4974 5111 5110
f 4975 5111 4974
f 4975 5112 5111
f 4976 5112 4975
f 4976 5113 5112
f 4977 5113 4976
f 4977 5114 5113
f 4978 5114 4977
f 4978 5115 5114
f 4979 5115 4978
f 4979 5116 5115
f 4980 5116 4979
f 4980 5117 5116
f 4981 5117 4980
f 4981 5118 5117
f 4982 5118 4981
f 4982 5119 5118
f 4983 5119 4982
f 4983 5120 5119
f 4984 5120 4983
f 4984 5121 5120
f 4985 5121 4984
f 4985 5122 5121
f 4986 5122 4985
f 4986 5123 5122
f 4987 5123 4986
f 4987 5124 5123
f 4988 5124 4987
f 4988 5125 5124
f 4989 5125 4988
f 4989 5126 5125
f 4990 5126 4989
f 4990 5127 5126
f 4991 5127 4990
f 4991 5128 5127
f 4992 5128 4991
f 4992 5129 5128
f 4993 5129 4992
f 4993 5130 5129
f 4994 5130 4993
f 4994 5131 5130
f 4995 5131 4994
f 4995 5132 5131
f 4996 5132 4995
f 4996 5133 5132
f 4997 5133 4996
f 5000 5134 4999
f 5000 5135 5134
f 5001 5135 5000
f 5001 5136 5135
f 5002 5136 5001
f 5002 5137 5136
f 5003 5137 5002
f 5003 5138 5137
f 5004 5138 5003
f 5004 5139 5138
f 5005 5139 5004
f 5005 5140 5139
f 5006 5140 5005
f 5006 5141 5140
f 5007 5141 5006
f 5007 5142 5141
f 5008 5142 5007
f 5008 5143 5142
f 5009 5143 5008
f 5009 5144 5143
f 5010 5144 5009
f 5010 5145 5144
f 5011 5145 5010
f 5011 5146 5145
f 5012 5146 5011
f 5012 5147 5146
f 5013 5147 5012
f 5013 5148 5147
f 5014 5148 5013
f 5014 5149 5148
f 5015 5149 5014
f 5015 5150 5149
f 5016 5150 5015
f 5016 5151 5150
f 5017 5151 5016
f 5017 5152 5151
f 5018 5152 5017
f 5018 5153 5152
f 5019 5153 5018
f 5019 5154 5153
f 5020 5154 5019
f 5020 5155 5154
f 5021 5155 5020
f 5021 5156 5155
f 5022 5156 5021
f 5022 5157 5156
f 5023 5157 5022
f 5023 5158 5157
f 5024 5158 5023
f 5024 5159 5158
f 5025 5159 5024
f 5025 5160 5159
f 5026 5160 5025
f 5026 5161 5160
f 5027 5161 5026
f 5027 5162 5161
f 5028 5162 5027
f 5028 5163 5162
f 5029 5163 5028
f 5029 5164 5163
f 5030 5164 5029
f 5030 5165 5164
f 5031 5165 5030
f 5031 5166 5165
f 5032 5166 5031
f 5032 5167 5166
f 5033 5167 5032
f 5033 5168 5167
f 5034 5168 5033
f 5034 5169 5168
f 5035 5169 5034
f 5035 5170 5169
f 5036 5170 5035
f 5036 5171 5170
f 5037 5171 5036
f 5037 5172 5171
f 5038 5172 5037
f 5038 5173 5172
f 5039 5173 5038
f 5039 5174 5173
f 5040 5174 5039
f 5040 5175 5174
f 5041 5175 5040
f 5041 5176 5175
f 5042 5176 5041
f 5042 5177 5176
f 5043 5177 5042
f 5043 5178 5177
f 5044 5178 5043
f 5044 5179 5178
f 5045 5179 5044
f 5045 5180 5179
f 5046 5180 5045
f 5046 5181 5180
f 5047 5181 5046
f 5047 5182 5181
f 5048 5182 5047
f 5048 5183 5182
f 5049 5183 5048
f 5049 5184 5183
f 5050 5184 5049
f 5050 5185 5184
f 5051 5185 5050
f 5051 5186 5185
f 5052 5186 5051
f 5052 5187 5186
f 5053 5187 5052
f 5053 5188 5187
f 5054 5188 5053
f 5054 5189 5188
f 5055 5189 5054
f 5055 5190 5189
f 5056 5190 5055
f 5056 5191 5190
f 5057 5191 5056
f 5057 5192 5191
f 5058 5192 5057
f 5058 5193 5192
f 5059 5193 5058
f 5059 5194 5193
f 5060 5194 5059
f 5060 5195 5194
f 5061 5195 5060
f 5061 5196 5195
f 5062 5196 5061
f 5062 5197 5196
f 5063 5197 5062
f 5063 5198 5197
f 5064 5198 5063
f 5064 5199 5198
f 5065 5199 5064
f 5065 5200 5199
f 5066 5200 5065
f 5066 5201 5200
f 5067 5201 5066
f 5067 5202 5201
f 5068 5202 5067
f 5068 5203 5202
f 5069 5203 5068
f 5069 5204 5203
f 5070 5204 5069
f 5070 5205 5204
f 5071 5205 5070
f 5071 5206 5205
f 5072 5206 5071
f 5072 5207 5206
f 5073 5207 5072
f 5073 5208 5207
f 5074 5208 5073
f 5074 5209 5208
f 5075 5209 5074
f 5075 5210 5209
f 5076 5210 5075
f 5076 5211 5210
f 5077 5211 5076
f 5077 5212 5211
f 5078 5212 5077
f 5078 5213 5212
f 5079 5213 5078
f 5079 5214 5213
f 5080 5214 5079
f 5080 5215 5214
f 5081 5215 5080
f 5081 5216 5215
f 5082 5216 5081
f 5082 5217 5216
f 5083 5217 5082
f 5083 5218 5217
f 5084 5218 5083
f 5084 5219 5218
f 5085 5219 5084
f 5085 5220 5219
f 5086 5220 5085
f 5086 5221 5220
f 5087 5221 5086
f 5087 5222 5221
f 5088 5222 5087
f 5088 5223 5222
f 5089 5223 5088
f 5089 5224 5223
f 5090 5224 5089
f 5090 5225 5224
f 5091 5225 5090
f 5091 5226 5225
f 5092 5226 5091
f 5092 5227 5226
f 5093 5227 5092
f 5093 5228 5227
f 5094 5228 5093
f 5094 5229 5228
f 5095 5229 5094
f 5095 5230 5229
f 5096 5230 5095
f 5096 5231 5230
f 5097 5231 5096
f 5097 5232 5231
f 5098 5232 5097
f 5098 5233 5232
f 5099 5233 5098
f 5099 5234 5233
f 5100 5234 5099
f 5100 5235 5234
f 5101 5235 5100
f 5101 5236 5235
f 5102 5236 5101
f 5102 5237 5236
f 5103 5237 5102
f 5103 5238 5237
f 5104 5238 5103
f 5104 5239 5238
f 5105 5239 5104
f 5105 5240 5239
f 5106 5240 5105
f 5106 5241 5240
f 5107 5241 5106
f 5107 5242 5241
f 5108 5242 5107
f 5108 5243 5242
f 5109 5243 5108
f 5109 5244 5243
f 5110 5244 5109
f 5110 5245 5244
f 5111 5245 5110
f 5111 5246 5245
f 5112 5246 5111
f 5112 5247 5246
f 5113 5247 5112
f 5113 5248 5247
f 5114 5248 5113
f 5114 5249 5248
f 5115 5249 5114
f 5115 5250 5249
f 5116 5250 5115
f 5116 5251 5250
f 5117 5251 5116
f 5117 5252 5251
f 5118 5252 5117
f 5118 5253 5252
f 5119 5253 5118
f 5119 5254 5253
f 5120 5254 5119
f 5120 5255 5254
f 5121 5255 5120
f 5121 5256 5255
f 5122 5256 5121
f 5122 5257 5256
f 5123 5257 5122
f 5123 5258 5257
f 5124 5258 5123
f 5124 5259 5258
f 5125 5259 5124
f 5125 5260 5259
f 5126 5260 5125
f 5126 5261 5260
f 5127 5261 5126
f 5127 5262 5261
f 5128 5262 5127
f 5128 5263 5262
f 5129 5263 5128
f 5129 5264 5263
f 5130 5264 5129
f 5130 5265 5264
f 5131 5265 5130
f 5131 5266 5265
f 5132 5266 5131
f 5132 5267 5266
f 5133 5267 5132
f 5136 5268 5135
f 5136 5269 5268
f 5137 5269 5136
f 5137 5270 5269
f 5138 5270 5137
f 5138 5271 5270
f 5139 5271 5138
f 5139 5272 5271
f 5140 5272 5139
f 5140 5273 5272
f 5141 5273 5140
f 5141 5274 5273
f 5142 5274 5141
f 5142 5275 5274
f 5143 5275 5142
f 5143 5276 5275
f 5144 5276 5143
f 5144 5277 5276
f 5145 5277 5144
f 5145 5278 5277
f 5146 5278 5145
f 5146 5279 5278
f 5147 5279 5146
f 5147 5280 5279
f 5148 5280 5147
f 5148 5281 5280
f 5149 5281 5148
f 5149 5282 5281
f 5150 5282 5149
f 5150 5283 5282
f 5151 5283 5150
f 5151 5284 5283
f 5152 5284 5151
f 5152 5285 5284
f 5153 5285 5152
f 5153 5286 5285
f 5154 5286 5153
f 5154 5287 5286
f 5155 5287 5154
f 5155 5288 5287
f 5156 5288 5155
f 5156 5289 5288
f 5157 5289 5156
f 5157 5290 5289
f 5158 5290 5157
f 5158 5291 5290
f 5159 5291 5158
f 5159 5292 5291
f 5160 5292 5159
f 5160 5293 5292
f 5161 5293 5160
f 5161 5294 5293
f 5162 5294 5161
f 5162 5295 5294
f 5163 5295 5162
f 5163 5296 5295
f 5164 5296 5163
f 5164 5297 5296
f 5165 5297 5164
f 5165 5298 5297
f 5166 5298 5165
f 5166 5299 5298
f 5167 5299 5166
f 5167 5300 5299
f 5168 5300 5167
f 5168 5301 5300
f 5169 5301 5168
f 5169 5302 5301
f 5170 5302 5169
f 5170 5303 5302
f 5171 5303 5170
f 5171 5304 5303
f 5172 5304 5171
f 5172 5305 5304
f 5173 5305 5172
f 5173 5306 5305
f 5174 5306 5173
f 5174 5307 5306
f 5175 5307 5174
f 5175 5308 5307
f 5176 5308 5175
f 5176 5309 5308
f 5177 5309 5176
f 5177 5310 5309
f 5178 5310 5177
f 5178 5311 5310
f 5179 5311 5178
f 5179 5312 5311
f 5180 5312 5179
f 5180 5313 5312
f 5181 5313 5180
f 5181 5314 5313
f 5182 5314 5181
f 5182 5315 5314
f 5183 5315 5182
f 5183 5316 5315
f 5184 5316 5183
f 5184 5317 5316
f 5185 5317 5184
f 5185 5318 5317
f 5186 5318 5185
f 5186 5319 5318
f 5187 5319 5186
f 5187 5320 5319
f 5188 5320 5187
f 5188 5321 5320
f 5189 5321 5188
f 5189 5322 5321
f 5190 5322 5189
f 5190 5323 5322
f 5191 5323 5190
f 5191 5324 5323
f 5192 5324 5191
f 5192 5325 5324
f 5193 5325 5192
f 5193 5326 5325
f 5194 5326 5193
f 5194 5327 5326
f 5195 5327 5194
f 5195 5328 5327
f 5196 5328 5195
f 5196 5329 5328
f 5197 5329 5196
f 5197 5330 5329
f 5198 5330 5197
f 5198 5331 5330
f 5199 5331 5198
f 5199 5332 5331
f 5200 5332 5199
f 5200 5333 5332
f 5201 5333 5200
f 5201 5334 5333
f 5202 5334 5201
f 5202 5335 5334
f 5203 5335 5202
f 5203 5336 5335
f 5204 5336 5203
f 5204 5337 5336
f 5205 5337 5204
f 5205 5338 5337
f 5206 5338 5205
f 5206 5339 5338
f 5207 5339 5206
f 5207 5340 5339
f 5208 5340 5207
f 5208 5341 5340
f 5209 5341 5208
f 5209 5342 5341
f 5210 5342 5209
f 5210 5343 5342
f 5211 5343 5210
f 5211 5344 5343
f 5212 5344 5211
f 5212 5345 5344
f 5213 5345 5212
f 5213 5346 5345
f 5214 5346 5213
f 5214 5347 5346
f 5215 5347 5214
f 5215 5348 5347
f 5216 5348 5215
f 5216 5349 5348
f 5217 5349 5216
f 5217 5350 5349
f 5218 5350 5217
f 5218 5351 5350
f 5219 5351 5218
f 5219 5352 5351
f 5220 5352 5219
f 5220 5353 5352
f 5221 5353 5220
f 5221 5354 5353
f 5222 5354 5221
f 5222 5355 5354
f 5223 5355 5222
f 5223 5356 5355
f 5224 5356 5223
f 5224 5357 5356
f 5225 5357 5224
f 5225 5358 5357
f 5226 5358 5225
f 5226 5359 5358
f 5227 5359 5226
f 5227 5360 5359
f 5228 5360 5227
f 5228 5361 5360
f 5229 5361 5228
f 5229 5362 5361
f 5230 5362 5229
f 5230 5363 5362
f 5231 5363 5230
f 5231 5364 5363
f 5232 5364 5231
f 5232 5365 5364
f 5233 5365 5232
f 5233 5366 5365
f 5234 5366 5233
f 5234 5367 5366
f 5235 5367 5234
f 5235 5368 5367
f 5236 5368 5235
f 5236 5369 5368
f 5237 5369 5236
f 5237 5370 5369
f 5238 5370 5237
f 5238 5371 5370
f 5239 5371 5238
f 5239 5372 5371
f 5240 5372 5239
f 5240 5373 5372
f 5241 5373 5240
f 5241 5374 5373
f 5242 5374 5241
f 5242 5375 5374
f 5243 5375 5242
f 5243 5376 5375
f 5244 5376 5243
f 5244 5377 5376
f 5245 5377 5244
f 5245 5378 5377
f 5246 5378 5245
f 5246 5379 5378
f 5247 5379 5246
f 5247 5380 5379
f 5248 5380 5247
f 5248 5381 5380
f 5249 5381 5248
f 5249 5382 5381
f 5250 5382 5249
f 5250 5383 5382
f 5251 5383 5250
f 5251 5384 5383
f 5252 5384 5251
f 5252 5385 5384
f 5253 5385 5252
f 5253 5386 5385
f 5254 5386 5253
f 5254 5387 5386
f 5255 5387 5254
f 5255 5388 5387
f 5256 5388 5255
f 5256 5389 5388
f 5257 5389 5256
f 5257 5390 5389
f 5258 5390 5257
f 5258 5391 5390
f 5259 5391 5258
f 5259 5392 5391
f 5260 5392 5259
f 5260 5393 5392
f 5261 5393 5260
f 5261 5394 5393
f 5262 5394 5261
f 5262 5395 5394
f 5263 5395 5262
f 5263 5396 5395
f 5264 5396 5263
f 5264 5397 5396
f 5265 5397 5264
f 5265 5398 5397
f 5266 5398 5265
f 5266 5399 5398
f 5267 5399 5266
f 5271 5400 5270
f 5271 5401 5400
f 5272 5401 5271
f 5272 5402 5401
f 5273 5402 5272
f 5273 5403 5402
f 5274 5403 5273
f 5274 5404 5403
f 5275 5404 5274
f 5275 5405 5404
f 5276 5405 5275
f 5276 5406 5405
f 5277 5406 5276
f 5277 5407 5406
f 5278 5407 5277
f 5278 5408 5407
f 5279 5408 5278
f 5279 5409 5408
f 5280 5409 5279
f 5280 5410 5409
f 5281 5410 5280
f 5281 5411 5410
f 5282 5411 5281
f 5282 5412 5411
f 5283 5412 5282
f 5283 5413 5412
f 5284 5413 5283
f 5284 5414 5413
f 5285 5414 5284
f 5285 5415 5414
f 5286 5415 5285
f 5286 5416 5415
f 5287 5416 5286
f 5287 5417 5416
f 5288 5417 5287
f 5288 5418 5417
f 5289 5418 5288
f 5289 5419 5418
f 5290 5419 5289
f 5290 5420 5419
f 5291 5420 5290
f 5291 5421 5420
f 5292 5421 5291
f 5292 5422 5421
f 5293 5422 5292
f 5293 5423 5422
f 5294 5423 5293
f 5294 5424 5423
f 5295 5424 5294
f 5295 5425 5424
f 5296 5425 5295
f 5296 5426 5425
f 5297 5426 5296
f 5297 5427 5426
f 5298 5427 5297
f 5298 5428 5427
f 5299 5428 5298
f 5299 5429 5428
f 5300 5429 5299
f 5300 5430 5429
f 5301 5430 5300
f 5301 5431 5430
f 5302 5431 5301
f 5302 5432 5431
f 5303 5432 5302
f 5303 5433 5432
f 5304 5433 5303
f 5304 5434 5433
f 5305 5434 5304
f 5305 5435 5434
f 5306 5435 5305
f 5306 5436 5435
f 5307 5436 5306
f 5307 5437 5436
f 5308 5437 5307
f 5308 5438 5437
f 5309 5438 5308
f 5309 5439 5438
f 5310 5439 5309
f 5310 5440 5439
f 5311 5440 5310
f 5311 5441 5440
f 5312 5441 5311
f 5312 5442 5441
f 5313 5442 5312
f 5313 5443 5442
f 5314 5443 5313
f 5314 5444 5443
f 5315 5444 5314
f 5315 5445 5444
f 5316 5445 5315
f 5316 5446 5445
f 5317 5446 5316
f 5317 5447 5446
f 5318 5447 5317
f 5318 5448 5447
f 5319 5448 5318
f 5319 5449 5448
f 5320 5449 5319
f 5320 5450 5449
f 5321 5450 5320
f 5321 5451 5450
f 5322 5451 5321
f 5322 5452 5451
f 5323 5452 5322
f 5323 5453 5452
f 5324 5453 5323
f 5324 5454 5453
f 5325 5454 5324
f 5325 5455 5454
f 5326 5455 5325
f 5326 5456 5455
f 5327 5456 5326
f 5327 5457 5456
f 5328 5457 5327
f 5328 5458 5457
f 5329 5458 5328
f 5329 5459 5458
f 5330 5459 5329
f 5330 5460 5459
f 5331 5460 5330
f 5331 5461 5460
f 5332 5461 5331
f 5332 5462 5461
f 5333 5462 5332
f 5333 5463 5462
f 5334 5463 5333
f 5334 5464 5463
f 5335 5464 5334
f 5335 5465 5464
f 5336 5465 5335
f 5336 5466 5465
f 5337 5466 5336
f 5337 5467 5466
f 5338 5467 5337
f 5338 5468 5467
f 5339 5468 5338
f 5339 5469 5468
f 5340 5469 5339
f 5340 5470 5469
f 5341 5470 5340
f 5341 5471 5470
f 5342 5471 5341
f 5342 5472 5471
f 5343 5472 5342
f 5343 5473 5472
f 5344 5473 5343
f 5344 5474 5473
f 5345 5474 5344
f 5345 5475 5474
f 5346 5475 5345
f 5346 5476 5475
f 5347 5476 5346
f 5347 5477 5476
f 5348 5477 5347
f 5348 5478 5477
f 5349 5478 5348
f 5349 5479 5478
f 5350 5479 5349
f 5350 5480 5479
f 5351 5480 5350
f 5351 5481 5480
f 5352 5481 5351
f 5352 5482 5481
f 5353 5482 5352
f 5353 5483 5482
f 5354 5483 5353
f 5354 5484 5483
f 5355 5484 5354
f 5355 5485 5484
f 5356 5485 5355
f 5356 5486 5485
f 5357 5486 5356
f 5357 5487 5486
f 5358 5487 5357
f 5358 5488 5487
f 5359 5488 5358
f 5359 5489 5488
f 5360 5489 5359
f 5360 5490 5489
f 5361 5490 5360
f 5361 5491 5490
f 5362 5491 5361
f 5362 5492 5491
f 5363 5492 5362
f 5363 5493 5492
f 5364 5493 5363
f 5364 5494 5493
f 5365 5494 5364
f 5365 5495 5494
f 5366 5495 5365
f 5366 5496 5495
f 5367 5496 5366
f 5367 5497 5496
f 5368 5497 5367
f 5368 5498 5497
f 5369 5498 5368
f 5369 5499 5498
f 5370 5499 5369
f 5370 5500 5499
f 5371 5500 5370
f 5371 5501 5500
f 5372 5501 5371
f 5372 5502 5501
f 5373 5502 5372
f 5373 5503 5502
f 5374 5503 5373
f 5374 5504 5503
f 5375 5504 5374
f 5375 5505 5504
f 5376 5505 5375
f 5376 5506 5505
f 5377 5506 5376
f 5377 5507 5506
f 5378 5507 5377
f 5378 5508 5507
f 5379 5508 5378
f 5379 5509 5508
f 5380 5509 5379
f 5380 5510 5509
f 5381 5510 5380
f 5381 5511 5510
f 5382 5511 5381
f 5382 5512 5511
f 5383 5512 5382
f 5383 5513 5512
f 5384 5513 5383
f 5384 5514 5513
f 5385 5514 5384
f 5385 5515 5514
f 5386 5515 5385
f 5386 5516 5515
f 5387 5516 5386
f 5387 5517 5516
f 5388 5517 5387
f 5388 5518 5517
f 5389 5518 5388
f 5389 5519 5518
f 5390 5519 5389
f 5390 5520 5519
f 5391 5520 5390
f 5391 5521 5520
f 5392 5521 5391
f 5392 5522 5521
f 5393 5522 5392
f 5393 5523 5522
f 5394 5523 5393
f 5394 5524 5523
f 5395 5524 5394
f 5395 5525 5524
f 5396 5525 5395
f 5396 5526 5525
f 5397 5526 5396
f 5397 5527 5526
f 5398 5527 5397
f 5398 5528 5527
f 5399 5528 5398
f 5402 5529 5401
f 5402 5530 5529
f 5403 5530 5402
f 5403 5531 5530
f 5404 5531 5403
f 5404 5532 5531
f 5405 5532 5404
f 5405 5533 5532
f 5406 5533 5405
f 5406 5534 5533
f 5407 5534 5406
f 5407 5535 5534
f 5408 5535 5407
f 5408 5536 5535
f 5409 5536 5408
f 5409 5537 5536
f 5410 5537 5409
f 5410 5538 5537
f 5411 5538 5410
f 5411 5539 5538
f 5412 5539 5411
f 5412 5540 5539
f 5413 5540 5412
f 5413 5541 5540
f 5414 5541 5413
f 5414 5542 5541
f 5415 5542 5414
f 5415 5543 5542
f 5416 5543 5415
f 5416 5544 5543
f 5417 5544 5416
f 5417 5545 5544
f 5418 5545 5417
f 5418 5546 5545
f 5419 5546 5418
f 5419 5547 5546
f 5420 5547 5419
f 5420 5548 5547
f 5421 5548 5420
f 5421 5549 5548
f 5422 5549 5421
f 5422 5550 5549
f 5423 5550 5422
f 5423 5551 5550
f 5424 5551 5423
f 5424 5552 5551
f 5425 5552 5424
f 5425 5553 5552
f 5426 5553 5425
f 5426 5554 5553
f 5427 5554 5426
f 5427 5555 5554
f 5428 5555 5427
f 5428 5556 5555
f 5429 5556 5428
f 5429 5557 5556
f 5430 5557 5429
f 5430 5558 5557
f 5431 5558 5430
f 5431 5559 5558
f 5432 5559 5431
f 5432 5560 5559
f 5433 5560 5432
f 5433 5561 5560
f 5434 5561 5433
f 5434 5562 5561
f 5435 5562 5434
f 5435 5563 5562
f 5436 5563 5435
f 5436 5564 5563
f 5437 5564 5436
f 5437 5565 5564
f 5438 5565 5437
f 5438 5566 5565
f 5439 5566 5438
f 5439 5567 5566
f 5440 5567 5439
f 5440 5568 5567
f 5441 5568 5440
f 5441 5569 5568
f 5442 5569 5441
f 5442 5570 5569
f 5443 5570 5442
f 5443 5571 5570
f 5444 5571 5443
f 5444 5572 5571
f 5445 5572 5444
f 5445 5573 5572
f 5446 5573 5445
f 5446 5574 5573
f 5447 5574 5446
f 5447 5575 5574
f 5448 5575 5447
f 5448 5576 5575
f 5449 5576 5448
f 5449 5577 5576
f 5450 5577 5449
f 5450 5578 5577
f 5451 5578 5450
f 5451 5579 5578
f 5452 5579 5451
f 5452 5580 5579
f 5453 5580 5452
f 5453 5581 5580
f 5454 5581 5453
f 5454 5582 5581
f 5455 5582 5454
f 5455 5583 5582
f 5456 5583 5455
f 5456 5584 5583
f 5457 5584 5456
f 5457 5585 5584
f 5458 5585 5457
f 5458 5586 5585
f 5459 5586 5458
f 5459 5587 5586
f 5460 5587 5459
f 5460 5588 5587
f 5461 5588 5460
f 5461 5589 5588
f 5462 5589 5461
f 5462 5590 5589
f 5463 5590 5462
f 5463 5591 5590
f 5464 5591 5463
f 5464 5592 5591
f 5465 5592 5464
f 5465 5593 5592
f 5466 5593 5465
f 5466 5594 5593
f 5467 5594 5466
f 5481 5596 5595
f 5482 5596 5481
f 5482 5597 5596
f 5483 5597 5482
f 5483 5598 5597
f 5484 5598 5483
f 5484 5599 5598
f 5485 5599 5484
f 5485 5600 5599
f 5486 5600 5485
f 5486 5601 5600
f 5487 5601 5486
f 5487 5602 5601
f 5488 5602 5487
f 5488 5603 5602
f 5489 5603 5488
f 5489 5604 5603
f 5490 5604 5489
f 5490 5605 5604
f 5491 5605 5490
f 5491 5606 5605
f 5492 5606 5491
f 5492 5607 5606
f 5493 5607 5492
f 5493 5608 5607
f 5494 5608 5493
f 5494 5609 5608
f 5495 5609 5494
f 5495 5610 5609
f 5496 5610 5495
f 5496 5611 5610
f 5497 5611 5496
f 5497 5612 5611
f 5498 5612 5497
f 5498 5613 5612
f 5499 5613 5498
f 5499 5614 5613
f 5500 5614 5499
f 5500 5615 5614
f 5501 5615 5500
f 5501 5616 5615
f 5502 5616 5501
f 5502 5617 5616
f 5503 5617 5502
f 5503 5618 5617
f 5504 5618 5503
f 5504 5619 5618
f 5505 5619 5504
f 5505 5620 5619
f 5506 5620 5505
f 5506 5621 5620
f 5507 5621 5506
f 5507 5622 5621
f 5508 5622 5507
f 5508 5623 5622
f 5509 5623 5508
f 5509 5624 5623
f 5510 5624 5509
f 5510 5625 5624
f 5511 5625 5510
f 5511 5626 5625
f 5512 5626 5511
f 5512 5627 5626
f 5513 5627 5512
f 5513 5628 5627
f 5514 5628 5513
f 5514 5629 5628
f 5515 5629 5514
f 5515 5630 5629
f 5516 5630 5515
f 5516 5631 5630
f 5517 5631 5516
f 5517 5632 5631
f 5518 5632 5517
f 5518 5633 5632
f 5519 5633 5518
f 5519 5634 5633
f 5520 5634 5519
f 5520 5635 5634
f 5521 5635 5520
f 5521 5636 5635
f 5522 5636 5521
f 5522 5637 5636
f 5523 5637 5522
f 5523 5638 5637
f 5524 5638 5523
f 5524 5639 5638
f 5525 5639 5524
f 5525 5640 5639
f 5526 5640 5525
f 5526 5641 5640
f 5527 5641 5526
f 5531 5642 5530
f 5531 5643 5642
f 5532 5643 5531
f 5532 5644 5643
f 5533 5644 5532
f 5533 5645 5644
f 5534 5645 5533
f 5534 5646 5645
f 5535 5646 5534
f 5535 5647 5646
f 5536 5647 5535
f 5536 5648 5647
f 5537 5648 5536
f 5537 5649 5648
f 5538 5649 5537
f 5538 5650 5649
f 5539 5650 5538
f 5539 5651 5650
f 5540 5651 5539
f 5540 5652 5651
f 5541 5652 5540
f 5541 5653 5652
f 5542 5653 5541
f 5542 5654 5653
f 5543 5654 5542
f 5543 5655 5654
f 5544 5655 5543
f 5544 5656 5655
f 5545 5656 5544
f 5545 5657 5656
f 5546 5657 5545
f 5546 5658 5657
f 5547 5658 5546
f 5547 5659 5658
f 5548 5659 5547
f 5548 5660 5659
f 5549 5660 5548
f 5549 5661 5660
f 5550 5661 5549
f 5550 5662 5661
f 5551 5662 5550
f 5551 5663 5662
f 5552 5663 5551
f 5552 5664 5663
f 5553 5664 5552
f 5553 5665 5664
f 5554 5665 5553
f 5554 5666 5665
f 5555 5666 5554
f 5555 5667 5666
f 5556 5667 5555
f 5556 5668 5667
f 5557 5668 5556
f 5557 5669 5668
f 5558 5669 5557
f 5558 5670 5669
f 5559 5670 5558
f 5559 5671 5670
f 5560 5671 5559
f 5560 5672 5671
f 5561 5672 5560
f 5561 5673 5672
f 5562 5673 5561
f 5562 5674 5673
f 5563 5674 5562
f 5563 5675 5674
f 5564 5675 5563
f 5564 5676 5675
f 5565 5676 5564
f 5565 5677 5676
f 5566 5677 5565
f 5566 5678 5677
f 5567 5678 5566
f 5567 5679 5678
f 5568 5679 5567
f 5568 5680 5679
f 5569 5680 5568
f 5569 5681 5680
f 5570 5681 5569
f 5570 5682 5681
f 5571 5682 5570
f 5571 5683 5682
f 5572 5683 5571
f 5572 5684 5683
f 5573 5684 5572
f 5573 5685 5684
f 5574 5685 5573
f 5574 5686 5685
f 5575 5686 5574
f 5575 5687 5686
f 5576 5687 5575
f 5576 5688 5687
f 5577 5688 5576
f 5577 5689 5688
f 5578 5689 5577
f 5578 5690 5689
f 5579 5690 5578
f 5579 5691 5690
f 5580 5691 5579
f 5580 5692 5691
f 5581 5692 5580
f 5581 5693 5692
f 5582 5693 5581
f 5582 5694 5693
f 5583 5694 5582
f 5583 5695 5694
f 5584 5695 5583
f 5584 5696 5695
f 5585 5696 5584
f 5597 5698 5697
f 5598 5698 5597
f 5598 5699 5698
f 5599 5699 5598
f 5599 5700 5699
f 5600 5700 5599
f 5600 5701 5700
f 5601 5701 5600
f 5601 5702 5701
f 5602 5702 5601
f 5602 5703 5702
f 5603 5703 5602
f 5603 5704 5703
f 5604 5704 5603
f 5604 5705 5704
f 5605 5705 5604
f 5605 5706 5705
f 5606 5706 5605
f 5606 5707 5706
f 5607 5707 5606
f 5607 5708 5707
f 5608 5708 5607
f 5608 5709 5708
f 5609 5709 5608
f 5609 5710 5709
f 5610 5710 5609
f 5610 5711 5710
f 5611 5711 5610
f 5611 5712 5711
f 5612 5712 5611
f 5612 5713 5712
f 5613 5713 5612
f 5613 5714 5713
f 5614 5714 5613
f 5614 5715 5714
f 5615 5715 5614
f 5615 5716 5715
f 5616 5716 5615
f 5616 5717 5716
f 5617 5717 5616
f 5617 5718 5717
f 5618 5718 5617
f 5618 5719 5718
f 5619 5719 5618
f 5619 5720 5719
f 5620 5720 5619
f 5620 5721 5720
f 5621 5721 5620
f 5621 5722 5721
f 5622 5722 5621
f 5622 5723 5722
f 5623 5723 5622
f 5623 5724 5723
f 5624 5724 5623
f 5624 5725 5724
f 5625 5725 5624
f 5625 5726 5725
f 5626 5726 5625
f 5626 5727 5726
f 5627 5727 5626
f 5627 5728 5727
f 5628 5728 5627
f 5628 5729 5728
f 5629 5729 5628
f 5629 5730 5729
f 5630 5730 5629
f 5630 5731 5730
f 5631 5731 5630
f 5631 5732 5731
f 5632 5732 5631
f 5632 5733 5732
f 5633 5733 5632
f 5633 5734 5733
f 5634 5734 5633
f 5634 5735 5734
f 5635 5735 5634
f 5635 5736 5735
f 5636 5736 5635
f 5636 5737 5736
f 5637 5737 5636
f 5637 5738 5737
f 5638 5738 5637
f 5638 5739 5738
f 5639 5739 5638
f 5639 5740 5739
f 5640 5740 5639
f 5640 5741 5740
f 5641 5741 5640
f 5644 5742 5643
f 5644 5743 5742
f 5645 5743 5644
f 5645 5744 5743
f 5646 5744 5645
f 5646 5745 5744
f 5647 5745 5646
f 5647 5746 5745
f 5648 5746 5647
f 5648 5747 5746
f 5649 5747 5648
f 5649 5748 5747
f 5650 5748 5649
f 5650 5749 5748
f 5651 5749 5650
f 5651 5750 5749
f 5652 5750 5651
f 5652 5751 5750
f 5653 5751 5652
f 5653 5752 5751
f 5654 5752 5653
f 5654 5753 5752
f 5655 5753 5654
f 5655 5754 5753
f 5656 5754 5655
f 5656 5755 5754
f 5657 5755 5656
f 5657 5756 5755
f 5658 5756 5657
f 5658 5757 5756
f 5659 5757 5658
f 5659 5758 5757
f 5660 5758 5659
f 5660 5759 5758
f 5661 5759 5660
f 5661 5760 5759
f 5662 5760 5661
f 5662 5761 5760
f 5663 5761 5662
f 5663 5762 5761
f 5664 5762 5663
f 5664 5763 5762
f 5665 5763 5664
f 5665 5764 5763
f 5666 5764 5665
f 5666 5765 5764
f 5667 5765 5666
f 5667 5766 5765
f 5668 5766 5667
f 5668 5767 5766
f 5669 5767 5668
f 5669 5768 5767
f 5670 5768 5669
f 5670 5769 5768
f 5671 5769 5670
f 5671 5770 5769
f 5672 5770 5671
f 5672 5771 5770
f 5673 5771 5672
f 5673 5772 5771
f 5674 5772 5673
f 5674 5773 5772
f 5675 5773 5674
f 5675 5774 5773
f 5676 5774 5675
f 5676 5775 5774
f 5677 5775 5676
f 5677 5776 5775
f 5678 5776 5677
f 5678 5777 5776
f 5679 5777 5678
f 5679 5778 5777
f 5680 5778 5679
f 5680 5779 5778
f 5681 5779 5680
f 5681 5780 5779
f 5682 5780 5681
f 5682 5781 5780
f 5683 5781 5682
f 5683 5782 5781
f 5684 5782 5683
f 5684 5783 5782
f 5685 5783 5684
f 5685 5784 5783
f 5686 5784 5685
f 5686 5785 5784
f 5687 5785 5686
f 5687 5786 5785
f 5688 5786 5687
f 5688 5787 5786
f 5689 5787 5688
f 5689 5788 5787
f 5690 5788 5689
f 5690 5789 5788
f 5691 5789 5690
f 5691 5790 5789
f 5692 5790 5691
f 5692 5791 5790
f 5693 5791 5692
f 5693 5792 5791
f 5694 5792 5693
f 5699 5794 5793
f 5700 5794 5699
f 5700 5795 5794
f 5701 5795 5700
f 5701 5796 5795
f 5702 5796 5701
f 5702 5797 5796
f 5703 5797 5702
f 5703 5798 5797
f 5704 5798 5703
f 5704 5799 5798
f 5705 5799 5704
f 5705 5800 5799
f 5706 5800 5705
f 5706 5801 5800
f 5707 5801 5706
f 5707 5802 5801
f 5708 5802 5707
f 5708 5803 5802
f 5709 5803 5708
f 5709 5804 5803
f 5710 5804 5709
f 5710 5805 5804
f 5711 5805 5710
f 5711 5806 5805
f 5712 5806 5711
f 5712 5807 5806
f 5713 5807 5712
f 5713 5808 5807
f 5714 5808 5713
f 5714 5809 5808
f 5715 5809 5714
f 5715 5810 5809
f 5716 5810 5715
f 5716 5811 5810
f 5717 5811 5716
f 5717 5812 5811
f 5718 5812 5717
f 5718 5813 5812
f 5719 5813 5718
f 5719 5814 5813
f 5720 5814 5719
f 5720 5815 5814
f 5721 5815 5720
f 5721 5816 5815
f 5722 5816 5721
f 5722 5817 5816
f 5723 5817 5722
f 5723 5818 5817
f 5724 5818 5723
f 5724 5819 5818
f 5725 5819 5724
f 5725 5820 5819
f 5726 5820 5725
f 5726 5821 5820
f 5727 5821 5726
f 5727 5822 5821
f 5728 5822 5727
f 5728 5823 5822
f 5729 5823 5728
f 5729 5824 5823
f 5730 5824 5729
f 5730 5825 5824
f 5731 5825 5730
f 5731 5826 5825
f 5732 5826 5731
f 5732 5827 5826
f 5733 5827 5732
f 5733 5828 5827
f 5734 5828 5733
f 5734 5829 5828
f 5735 5829 5734
f 5735 5830 5829
f 5736 5830 5735
f 5736 5831 5830
f 5737 5831 5736
f 5737 5832 5831
f 5738 5832 5737
f 5738 5833 5832
f 5739 5833 5738
f 5739 5834 5833
f 5740 5834 5739
f 5740 5835 5834
f 5741 5835 5740
f 5744 5836 5743
f 5744 5837 5836
f 5745 5837 5744
f 5745 5838 5837
f 5746 5838 5745
f 5746 5839 5838
f 5747 5839 5746
f 5747 5840 5839
f 5748 5840 5747
f 5748 5841 5840
f 5749 5841 5748
f 5749 5842 5841
f 5750 5842 5749
f 5750 5843 5842
f 5751 5843 5750
f 5751 5844 5843
f 5752 5844 5751
f 5752 5845 5844
f 5753 5845 5752
f 5753 5846 5845
f 5754 5846 5753
f 5754 5847 5846
f 5755 5847 5754
f 5755 5848 5847
f 5756 5848 5755
f 5756 5849 5848
f 5757 5849 5756
f 5757 5850 5849
f 5758 5850 5757
f 5758 5851 5850
f 5759 5851 5758
f 5759 5852 5851
f 5760 5852 5759
f 5760 5853 5852
f 5761 5853 5760
f 5761 5854 5853
f 5762 5854 5761
f 5762 5855 5854
f 5763 5855 5762
f 5763 5856 5855
f 5764 5856 5763
f 5764 5857 5856
f 5765 5857 5764
f 5765 5858 5857
f 5766 5858 5765
f 5766 5859 5858
f 5767 5859 5766
f 5767 5860 5859
f 5768 5860 5767
f 5768 5861 5860
f 5769 5861 5768
f 5769 5862 5861
f 5770 5862 5769
f 5770 5863 5862
f 5771 5863 5770
f 5771 5864 5863
f 5772 5864 5771
f 5772 5865 5864
f 5773 5865 5772
f 5773 5866 5865
f 5774 5866 5773
f 5774 5867 5866
f 5775 5867 5774
f 5775 5868 5867
f 5776 5868 5775
f 5776 5869 5868
f 5777 5869 5776
f 5777 5870 5869
f 5778 5870 5777
f 5778 5871 5870
f 5779 5871 5778
f 5779 5872 5871
f 5780 5872 5779
f 5780 5873 5872
f 5781 5873 5780
f 5781 5874 5873
f 5782 5874 5781
f 5782 5875 5874
f 5783 5875 5782
f 5783 5876 5875
f 5784 5876 5783
f 5784 5877 5876
f 5785 5877 5784
f 5785 5878 5877
f 5786 5878 5785
f 5786 5879 5878
f 5787 5879 5786
f 5787 5880 5879
f 5788 5880 5787
f 5788 5881 5880
f 5789 5881 5788
f 5789 5882 5881
f 5790 5882 5789
f 5790 5883 5882
f 5791 5883 5790
f 5795 5885 5884
f 5796 5885 5795
f 5796 5886 5885
f 5797 5886 5796
f 5797 5887 5886
f 5798 5887 5797
f 5798 5888 5887
f 5799 5888 5798
f 5799 5889 5888
f 5800 5889 5799
f 5800 5890 5889
f 5801 5890 5800
f 5801 5891 5890
f 5802 5891 5801
f 5802 5892 5891
f 5803 5892 5802
f 5803 5893 5892
f 5804 5893 5803
f 5804 5894 5893
f 5805 5894 5804
f 5805 5895 5894
f 5806 5895 5805
f 5806 5896 5895
f 5807 5896 5806
f 5807 5897 5896
f 5808 5897 5807
f 5808 5898 5897
f 5809 5898 5808
f 5809 5899 5898
f 5810 5899 5809
f 5810 5900 5899
f 5811 5900 5810
f 5811 5901 5900
f 5812 5901 5811
f 5812 5902 5901
f 5813 5902 5812
f 5813 5903 5902
f 5814 5903 5813
f 5814 5904 5903
f 5815 5904 5814
f 5815 5905 5904
f 5816 5905 5815
f 5816 5906 5905
f 5817 5906 5816
f 5817 5907 5906
f 5818 5907 5817
f 5818 5908 5907
f 5819 5908 5818
f 5819 5909 5908
f 5820 5909 5819
f 5820 5910 5909
f 5821 5910 5820
f 5821 5911 5910
f 5822 5911 5821
f 5822 5912 5911
f 5823 5912 5822
f 5823 5913 5912
f 5824 5913 5823
f 5824 5914 5913
f 5825 5914 5824
f 5825 5915 5914
f 5826 5915 5825
f 5826 5916 5915
f 5827 5916 5826
f 5827 5917 5916
f 5828 5917 5827
f 5828 5918 5917
f 5829 5918 5828
f 5829 5919 5918
f 5830 5919 5829
f 5830 5920 5919
f 5831 5920 5830
f 5831 5921 5920
f 5832 5921 5831
f 5832 5922 5921
f 5833 5922 5832
f 5833 5923 5922
f 5834 5923 5833
f 5834 5924 5923
f 5835 5924 5834
f 5839 5925 5838
f 5839 5926 5925
f 5840 5926 5839
f 5840 5927 5926
f 5841 5927 5840
f 5841 5928 5927
f 5842 5928 5841
f 5842 5929 5928
f 5843 5929 5842
f 5843 5930 5929
f 5844 5930 5843
f 5844 5931 5930
f 5845 5931 5844
f 5845 5932 5931
f 5846 5932 5845
f 5846 5933 5932
f 5847 5933 5846
f 5847 5934 5933
f 5848 5934 5847
f 5848 5935 5934
f 5849 5935 5848
f 5849 5936 5935
f 5850 5936 5849
f 5850 5937 5936
f 5851 5937 5850
f 5851 5938 5937
f 5852 5938 5851
f 5852 5939 5938
f 5853 5939 5852
f 5853 5940 5939
f 5854 5940 5853
f 5854 5941 5940
f 5855 5941 5854
f 5855 5942 5941
f 5856 5942 5855
f 5856 5943 5942
f 5857 5943 5856
f 5857 5944 5943
f 5858 5944 5857
f 5858 5945 5944
f 5859 5945 5858
f 5859 5946 5945
f 5860 5946 5859
f 5860 5947 5946
f 5861 5947 5860
f 5861 5948 5947
f 5862 5948 5861
f 5862 5949 5948
f 5863 5949 5862
f 5863 5950 5949
f 5864 5950 5863
f 5864 5951 5950
f 5865 5951 5864
f 5865 5952 5951
f 5866 5952 5865
f 5866 5953 5952
f 5867 5953 5866
f 5867 5954 5953
f 5868 5954 5867
f 5868 5955 5954
f 5869 5955 5868
f 5869 5956 5955
f 5870 5956 5869
f 5870 5957 5956
f 5871 5957 5870
f 5871 5958 5957
f 5872 5958 5871
f 5872 5959 5958
f 5873 5959 5872
f 5873 5960 5959
f 5874 5960 5873
f 5874 5961 5960
f 5875 5961 5874
f 5875 5962 5961
f 5876 5962 5875
f 5876 5963 5962
f 5877 5963 5876
f 5877 5964 5963
f 5878 5964 5877
f 5878 5965 5964
f 5879 5965 5878
f 5879 5966 5965
f 5880 5966 5879
f 5880 5967 5966
f 5881 5967 5880
f 5881 5968 5967
f 5882 5968 5881
f 5886 5970 5969
f 5887 5970 5886
f 5887 5971 5970
f 5888 5971 5887
f 5888 5972 5971
f 5889 5972 5888
f 5889 5973 5972
f 5890 5973 5889
f 5890 5974 5973
f 5891 5974 5890
f 5891 5975 5974
f 5892 5975 5891
f 5892 5976 5975
f 5893 5976 5892
f 5893 5977 5976
f 5894 5977 5893
f 5894 5978 5977
f 5895 5978 5894
f 5895 5979 5978
f 5896 5979 5895
f 5896 5980 5979
f 5897 5980 5896
f 5897 5981 5980
f 5898 5981 5897
f 5898 5982 5981
f 5899 5982 5898
f 5899 5983 5982
f 5900 5983 5899
f 5900 5984 5983
f 5901 5984 5900
f 5901 5985 5984
f 5902 5985 5901
f 5902 5986 5985
f 5903 5986 5902
f 5903 5987 5986
f 5904 5987 5903
f 5904 5988 5987
f 5905 5988 5904
f 5905 5989 5988
f 5906 5989 5905
f 5906 5990 5989
f 5907 5990 5906
f 5907 5991 5990
f 5908 5991 5907
f 5908 5992 5991
f 5909 5992 5908
f 5909 5993 5992
f 5910 5993 5909
f 5910 5994 5993
f 5911 5994 5910
f 5911 5995 5994
f 5912 5995 5911
f 5912 5996 5995
f 5913 5996 5912
f 5913 5997 5996
f 5914 5997 5913
f 5914 5998 5997
f 5915 5998 5914
f 5915 5999 5998
f 5916 5999 5915
f 5916 6000 5999
f 5917 6000 5916
f 5917 6001 6000
f 5918 6001 5917
f 5918 6002 6001
f 5919 6002 5918
f 5919 6003 6002
f 5920 6003 5919
f 5920 6004 6003
f 5921 6004 5920
f 5921 6005 6004
f 5922 6005 5921
f 5922 6006 6005
f 5923 6006 5922
f 5923 6007 6006
f 5924 6007 5923
f 5927 6008 5926
f 5927 6009 6008
f 5928 6009 5927
f 5928 6010 6009
f 5929 6010 5928
f 5929 6011 6010
f 5930 6011 5929
f 5930 6012 6011
f 5931 6012 5930
f 5931 6013 6012
f 5932 6013 5931
f 5932 6014 6013
f 5933 6014 5932
f 5933 6015 6014
f 5934 6015 5933
f 5934 6016 6015
f 5935 6016 5934
f 5935 6017 6016
f 5936 6017 5935
f 5936 6018 6017
f 5937 6018 5936
f 5937 6019 6018
f 5938 6019 5937
f 5938 6020 6019
f 5939 6020 5938
f 5939 6021 6020
f 5940 6021 5939
f 5940 6022 6021
f 5941 6022 5940
f 5941 6023 6022
f 5942 6023 5941
f 5942 6024 6023
f 5943 6024 5942
f 5943 6025 6024
f 5944 6025 5943
f 5944 6026 6025
f 5945 6026 5944
f 5945 6027 6026
f 5946 6027 5945
f 5946 6028 6027
f 5947 6028 5946
f 5947 6029 6028
f 5948 6029 5947
f 5948 6030 6029
f 5949 6030 5948
f 5949 6031 6030
f 5950 6031 5949
f 5950 6032 6031
f 5951 6032 5950
f 5951 6033 6032
f 5952 6033 5951
f 5952 6034 6033
f 5953 6034 5952
f 5953 6035 6034
f 5954 6035 5953
f 5954 6036 6035
f 5955 6036 5954
f 5955 6037 6036
f 5956 6037 5955
f 5956 6038 6037
f 5957 6038 5956
f 5957 6039 6038
f 5958 6039 5957
f 5958 6040 6039
f 5959 6040 5958
f 5959 6041 6040
f 5960 6041 5959
f 5960 6042 6041
f 5961 6042 5960
f 5961 6043 6042
f 5962 6043 5961
f 5962 6044 6043
f 5963 6044 5962
f 5963 6045 6044
f 5964 6045 5963
f 5964 6046 6045
f 5965 6046 5964
f 5965 6047 6046
f 5966 6047 5965
f 5966 6048 6047
f 5967 6048 5966
f 5971 6050 6049
f 5972 6050 5971
f 5972 6051 6050
f 5973 6051 5972
f 5973 6052 6051
f 5974 6052 5973
f 5974 6053 6052
f 5975 6053 5974
f 5975 6054 6053
f 5976 6054 5975
f 5976 6055 6054
f 5977 6055 5976
f 5977 6056 6055
f 5978 6056 5977
f 5978 6057 6056
f 5979 6057 5978
f 5979 6058 6057
f 5980 6058 5979
f 5980 6059 6058
f 5981 6059 5980
f 5981 6060 6059
f 5982 6060 5981
f 5982 6061 6060
f 5983 6061 5982
f 5983 6062 6061
f 5984 6062 5983
f 5984 6063 6062
f 5985 6063 5984
f 5985 6064 6063
f 5986 6064 5985
f 5986 6065 6064
f 5987 6065 5986
f 5987 6066 6065
f 5988 6066 5987
f 5988 6067 6066
f 5989 6067 5988
f 5989 6068 6067
f 5990 6068 5989
f 5990 6069 6068
f 5991 6069 5990
f 5991 6070 6069
f 5992 6070 5991
f 5992 6071 6070
f 5993 6071 5992
f 5993 6072 6071
f 5994 6072 5993
f 5994 6073 6072
f 5995 6073 5994
f 5995 6074 6073
f 5996 6074 5995
f 5996 6075 6074
f 5997 6075 5996
f 5997 6076 6075
f 5998 6076 5997
f 5998 6077 6076
f 5999 6077 5998
f 5999 6078 6077
f 6000 6078 5999
f 6000 6079 6078
f 6001 6079 6000
f 6001 6080 6079
f 6002 6080 6001
f 6002 6081 6080
f 6003 6081 6002
f 6003 6082 6081
f 6004 6082 6003
f 6004 6083 6082
f 6005 6083 6004
f 6005 6084 6083
f 6006 6084 6005
f 6006 6085 6084
f 6007 6085 6006
f 6010 6086 6009
f 6010 6087 6086
f 6011 6087 6010
f 6011 6088 6087
f 6012 6088 6011
f 6012 6089 6088
f 6013 6089 6012
f 6013 6090 6089
f 6014 6090 6013
f 6014 6091 6090
f 6015 6091 6014
f 6015 6092 6091
f 6016 6092 6015
f 6016 6093 6092
f 6017 6093 6016
f 6017 6094 6093
f 6018 6094 6017
f 6018 6095 6094
f 6019 6095 6018
f 6019 6096 6095
f 6020 6096 6019
f 6020 6097 6096
f 6021 6097 6020
f 6021 6098 6097
f 6022 6098 6021
f 6022 6099 6098
f 6023 6099 6022
f 6023 6100 6099
f 6024 6100 6023
f 6024 6101 6100
f 6025 6101 6024
f 6025 6102 6101
f 6026 6102 6025
f 6026 6103 6102
f 6027 6103 6026
f 6027 6104 6103
f 6028 6104 6027
f 6028 6105 6104
f 6029 6105 6028
f 6029 6106 6105
f 6030 6106 6029
f 6030 6107 6106
f 6031 6107 6030
f 6031 6108 6107
f 6032 6108 6031
f 6032 6109 6108
f 6033 6109 6032
f 6033 6110 6109
f 6034 6110 6033
f 6034 6111 6110
f 6035 6111 6034
f 6035 6112 6111
f 6036 6112 6035
f 6036 6113 6112
f 6037 6113 6036
f 6037 6114 6113
f 6038 6114 6037
f 6038 6115 6114
f 6039 6115 6038
f 6039 6116 6115
f 6040 6116 6039
f 6040 6117 6116
f 6041 6117 6040
f 6041 6118 6117
f 6042 6118 6041
f 6042 6119 6118
f 6043 6119 6042
f 6043 6120 6119
f 6044 6120 6043
f 6044 6121 6120
f 6045 6121 6044
f 6045 6122 6121
f 6046 6122 6045
f 6047 6123 6046
f 6051 6125 6124
f 6052 6125 6051
f 6052 6126 6125
f 6053 6126 6052
f 6053 6127 6126
f 6054 6127 6053
f 6054 6128 6127
f 6055 6128 6054
f 6055 6129 6128
f 6056 6129 6055
f 6056 6130 6129
f 6057 6130 6056
f 6057 6131 6130
f 6058 6131 6057
f 6058 6132 6131
f 6059 6132 6058
f 6059 6133 6132
f 6060 6133 6059
f 6060 6134 6133
f 6061 6134 6060
f 6061 6135 6134
f 6062 6135 6061
f 6062 6136 6135
f 6063 6136 6062
f 6063 6137 6136
f 6064 6137 6063
f 6064 6138 6137
f 6065 6138 6064
f 6065 6139 6138
f 6066 6139 6065
f 6066 6140 6139
f 6067 6140 6066
f 6067 6141 6140
f 6068 6141 6067
f 6068 6142 6141
f 6069 6142 6068
f 6069 6143 6142
f 6070 6143 6069
f 6070 6144 6143
f 6071 6144 6070
f 6071 6145 6144
f 6072 6145 6071
f 6072 6146 6145
f 6073 6146 6072
f 6073 6147 6146
f 6074 6147 6073
f 6074 6148 6147
f 6075 6148 6074
f 6075 6149 6148
f 6076 6149 6075
f 6076 6150 6149
f 6077 6150 6076
f 6077 6151 6150
f 6078 6151 6077
f 6078 6152 6151
f 6079 6152 6078
f 6079 6153 6152
f 6080 6153 6079
f 6080 6154 6153
f 6081 6154 6080
f 6081 6155 6154
f 6082 6155 6081
f 6082 6156 6155
f 6083 6156 6082
f 6083 6157 6156
f 6084 6157 6083
f 6084 6158 6157
f 6085 6158 6084
f 6088 6159 6087
f 6088 6160 6159
f 6089 6160 6088
f 6089 6161 6160
f 6090 6161 6089
f 6090 6162 6161
f 6091 6162 6090
f 6091 6163 6162
f 6092 6163 6091
f 6092 6164 6163
f 6093 6164 6092
f 6093 6165 6164
f 6094 6165 6093
f 6094 6166 6165
f 6095 6166 6094
f 6095 6167 6166
f 6096 6167 6095
f 6096 6168 6167
f 6097 6168 6096
f 6097 6169 6168
f 6098 6169 6097
f 6098 6170 6169
f 6099 6170 6098
f 6099 6171 6170
f 6100 6171 6099
f 6100 6172 6171
f 6101 6172 6100
f 6101 6173 6172
f 6102 6173 6101
f 6102 6174 6173
f 6103 6174 6102
f 6103 6175 6174
f 6104 6175 6103
f 6104 6176 6175
f 6105 6176 6104
f 6105 6177 6176
f 6106 6177 6105
f 6106 6178 6177
f 6107 6178 6106
f 6107 6179 6178
f 6108 6179 6107
f 6108 6180 6179
f 6109 6180 6108
f 6109 6181 6180
f 6110 6181 6109
f 6110 6182 6181
f 6111 6182 6110
f 6111 6183 6182
f 6112 6183 6111
f 6112 6184 6183
f 6113 6184 6112
f 6113 6185 6184
f 6114 6185 6113
f 6114 6186 6185
f 6115 6186 6114
f 6115 6187 6186
f 6116 6187 6115
f 6116 6188 6187
f 6117 6188 6116
f 6117 6189 6188
f 6118 6189 6117
f 6118 6190 6189
f 6119 6190 6118
f 6119 6191 6190
f 6120 6191 6119
f 6120 6192 6191
f 6121 6192 6120
f 6126 6194 6193
f 6127 6194 6126
f 6127 6195 6194
f 6128 6195 6127
f 6128 6196 6195
f 6129 6196 6128
f 6129 6197 6196
f 6130 6197 6129
f 6130 6198 6197
f 6131 6198 6130
f 6131 6199 6198
f 6132 6199 6131
f 6132 6200 6199
f 6133 6200 6132
f 6133 6201 6200
f 6134 6201 6133
f 6134 6202 6201
f 6135 6202 6134
f 6135 6203 6202
f 6136 6203 6135
f 6136 6204 6203
f 6137 6204 6136
f 6137 6205 6204
f 6138 6205 6137
f 6138 6206 6205
f 6139 6206 6138
f 6139 6207 6206
f 6140 6207 6139
f 6140 6208 6207
f 6141 6208 6140
f 6141 6209 6208
f 6142 6209 6141
f 6142 6210 6209
f 6143 6210 6142
f 6143 6211 6210
f 6144 6211 6143
f 6144 6212 6211
f 6145 6212 6144
f 6145 6213 6212
f 6146 6213 6145
f 6146 6214 6213
f 6147 6214 6146
f 6147 6215 6214
f 6148 6215 6147
f 6148 6216 6215
f 6149 6216 6148
f 6149 6217 6216
f 6150 6217 6149
f 6150 6218 6217
f 6151 6218 6150
f 6151 6219 6218
f 6152 6219 6151
f 6152 6220 6219
f 6153 6220 6152
f 6153 6221 6220
f 6154 6221 6153
f 6154 6222 6221
f 6155 6222 6154
f 6155 6223 6222
f 6156 6223 6155
f 6156 6224 6223
f 6157 6224 6156
f 6157 6225 6224
f 6158 6225 6157
f 6163 6226 6162
f 6163 6227 6226
f 6164 6227 6163
f 6164 6228 6227
f 6165 6228 6164
f 6165 6229 6228
f 6166 6229 6165
f 6166 6230 6229
f 6167 6230 6166
f 6167 6231 6230
f 6168 6231 6167
f 6168 6232 6231
f 6169 6232 6168
f 6169 6233 6232
f 6170 6233 6169
f 6170 6234 6233
f 6171 6234 6170
f 6171 6235 6234
f 6172 6235 6171
f 6172 6236 6235
f 6173 6236 6172
f 6173 6237 6236
f 6174 6237 6173
f 6174 6238 6237
f 6175 6238 6174
f 6175 6239 6238
f 6176 6239 6175
f 6176 6240 6239
f 6177 6240 6176
f 6177 6241 6240
f 6178 6241 6177
f 6178 6242 6241
f 6179 6242 6178
f 6179 6243 6242
f 6180 6243 6179
f 6180 6244 6243
f 6181 6244 6180
f 6181 6245 6244
f 6182 6245 6181
f 6182 6246 6245
f 6183 6246 6182
f 6183 6247 6246
f 6184 6247 6183
f 6184 6248 6247
f 6185 6248 6184
f 6185 6249 6248
f 6186 6249 6185
f 6186 6250 6249
f 6187 6250 6186
f 6187 6251 6250
f 6188 6251 6187
f 6188 6252 6251
f 6189 6252 6188
f 6189 6253 6252
f 6190 6253 6189
f 6190 6254 6253
f 6191 6254 6190
f 6195 6256 6255
f 6196 6256 6195
f 6196 6257 6256
f 6197 6257 6196
f 6197 6258 6257
f 6198 6258 6197
f 6198 6259 6258
f 6199 6259 6198
f 6199 6260 6259
f 6200 6260 6199
f 6200 6261 6260
f 6201 6261 6200
f 6201 6262 6261
f 6202 6262 6201
f 6202 6263 6262
f 6203 6263 6202
f 6203 6264 6263
f 6204 6264 6203
f 6204 6265 6264
f 6205 6265 6204
f 6205 6266 6265
f 6206 6266 6205
f 6206 6267 6266
f 6207 6267 6206
f 6207 6268 6267
f 6208 6268 6207
f 6208 6269 6268
f 6209 6269 6208
f 6209 6270 6269
f 6210 6270 6209
f 6210 6271 6270
f 6211 6271 6210
f 6211 6272 6271
f 6212 6272 6211
f 6212 6273 6272
f 6213 6273 6212
f 6213 6274 6273
f 6214 6274 6213
f 6214 6275 6274
f 6215 6275 6214
f 6215 6276 6275
f 6216 6276 6215
f 6216 6277 6276
f 6217 6277 6216
f 6217 6278 6277
f 6218 6278 6217
f 6218 6279 6278
f 6219 6279 6218
f 6219 6280 6279
f 6220 6280 6219
f 6220 6281 6280
f 6221 6281 6220
f 6221 6282 6281
f 6222 6282 6221
f 6222 6283 6282
f 6223 6283 6222
f 6223 6284 6283
f 6224 6284 6223
f 6224 6285 6284
f 6225 6285 6224
f 6231 6286 6230
f 6231 6287 6286
f 6232 6287 6231
f 6232 6288 6287
f 6233 6288 6232
f 6233 6289 6288
f 6234 6289 6233
f 6234 6290 6289
f 6235 6290 6234
f 6235 6291 6290
f 6236 6291 6235
f 6236 6292 6291
f 6237 6292 6236
f 6237 6293 6292
f 6238 6293 6237
f 6238 6294 6293
f 6239 6294 6238
f 6239 6295 6294
f 6240 6295 6239
f 6240 6296 6295
f 6241 6296 6240
f 6241 6297 6296
f 6242 6297 6241
f 6242 6298 6297
f 6243 6298 6242
f 6243 6299 6298
f 6244 6299 6243
f 6244 6300 6299
f 6245 6300 6244
f 6245 6301 6300
f 6246 6301 6245
f 6246 6302 6301
f 6247 6302 6246
f 6247 6303 6302
f 6248 6303 6247
f 6248 6304 6303
f 6249 6304 6248
f 6249 6305 6304
f 6250 6305 6249
f 6250 6306 6305
f 6251 6306 6250
f 6251 6307 6306
f 6252 6307 6251
f 6252 6308 6307
f 6253 6308 6252
f 6257 6310 6309
f 6258 6310 6257
f 6258 6311 6310
f 6259 6311 6258
f 6259 6312 6311
f 6260 6312 6259
f 6260 6313 6312
f 6261 6313 6260
f 6261 6314 6313
f 6262 6314 6261
f 6262 6315 6314
f 6263 6315 6262
f 6263 6316 6315
f 6264 6316 6263
f 6264 6317 6316
f 6265 6317 6264
f 6265 6318 6317
f 6266 6318 6265
f 6266 6319 6318
f 6267 6319 6266
f 6267 6320 6319
f 6268 6320 6267
f 6268 6321 6320
f 6269 6321 6268
f 6269 6322 6321
f 6270 6322 6269
f 6270 6323 6322
f 6271 6323 6270
f 6271 6324 6323
f 6272 6324 6271
f 6272 6325 6324
f 6273 6325 6272
f 6273 6326 6325
f 6274 6326 6273
f 6274 6327 6326
f 6275 6327 6274
f 6275 6328 6327
f 6276 6328 6275
f 6276 6329 6328
f 6277 6329 6276
f 6277 6330 6329
f 6278 6330 6277
f 6278 6331 6330
f 6279 6331 6278
f 6279 6332 6331
f 6280 6332 6279
f 6280 6333 6332
f 6281 6333 6280
f 6281 6334 6333
f 6282 6334 6281
f 6282 6335 6334
f 6283 6335 6282
f 6283 6336 6335
f 6284 6336 6283
f 6284 6337 6336
f 6285 6337 6284
f 6292 6338 6291
f 6292 6339 6338
f 6293 6339 6292
f 6293 6340 6339
f 6294 6340 6293
f 6294 6341 6340
f 6295 6341 6294
f 6295 6342 6341
f 6296 6342 6295
f 6296 6343 6342
f 6297 6343 6296
f 6297 6344 6343
f 6298 6344 6297
f 6298 6345 6344
f 6299 6345 6298
f 6299 6346 6345
f 6300 6346 6299
f 6300 6347 6346
f 6301 6347 6300
f 6301 6348 6347
f 6302 6348 6301
f 6302 6349 6348
f 6303 6349 6302
f 6303 6350 6349
f 6304 6350 6303
f 6304 6351 6350
f 6305 6351 6304
f 6305 6352 6351
f 6306 6352 6305
f 6306 6353 6352
f 6307 6353 6306
f 6311 6355 6354
f 6312 6355 6311
f 6312 6356 6355
f 6313 6356 6312
f 6313 6357 6356
f 6314 6357 6313
f 6314 6358 6357
f 6315 6358 6314
f 6315 6359 6358
f 6316 6359 6315
f 6316 6360 6359
f 6317 6360 6316
f 6317 6361 6360
f 6318 6361 6317
f 6318 6362 6361
f 6319 6362 6318
f 6319 6363 6362
f 6320 6363 6319
f 6320 6364 6363
f 6321 6364 6320
f 6321 6365 6364
f 6322 6365 6321
f 6322 6366 6365
f 6323 6366 6322
f 6323 6367 6366
f 6324 6367 6323
f 6324 6368 6367
f 6325 6368 6324
f 6325 6369 6368
f 6326 6369 6325
f 6326 6370 6369
f 6327 6370 6326
f 6327 6371 6370
f 6328 6371 6327
f 6328 6372 6371
f 6329 6372 6328
f 6329 6373 6372
f 6330 6373 6329
f 6330 6374 6373
f 6331 6374 6330
f 6331 6375 6374
f 6332 6375 6331
f 6332 6376 6375
f 6333 6376 6332
f 6333 6377 6376
f 6334 6377 6333
f 6334 6378 6377
f 6335 6378 6334
f 6335 6379 6378
f 6336 6379 6335
f 6336 6380 6379
f 6337 6380 6336
f 6343 6381 6342
f 6343 6382 6381
f 6344 6382 6343
f 6344 6383 6382
f 6345 6383 6344
f 6345 6384 6383
f 6346 6384 6345
f 6346 6385 6384
f 6347 6385 6346
f 6347 6386 6385
f 6348 6386 6347
f 6348 6387 6386
f 6349 6387 6348
f 6349 6388 6387
f 6350 6388 6349
f 6350 6389 6388
f 6351 6389 6350
f 6351 6390 6389
f 6352 6390 6351
f 6356 6392 6391
f 6357 6392 6356
f 6357 6393 6392
f 6358 6393 6357
f 6358 6394 6393
f 6359 6394 6358
f 6359 6395 6394
f 6360 6395 6359
f 6360 6396 6395
f 6361 6396 6360
f 6361 6397 6396
f 6362 6397 6361
f 6362 6398 6397
f 6363 6398 6362
f 6363 6399 6398
f 6364 6399 6363
f 6364 6400 6399
f 6365 6400 6364
f 6365 6401 6400
f 6366 6401 6365
f 6366 6402 6401
f 6367 6402 6366
f 6367 6403 6402
f 6368 6403 6367
f 6368 6404 6403
f 6369 6404 6368
f 6369 6405 6404
f 6370 6405 6369
f 6370 6406 6405
f 6371 6406 6370
f 6371 6407 6406
f 6372 6407 6371
f 6372 6408 6407
f 6373 6408 6372
f 6373 6409 6408
f 6374 6409 6373
f 6374 6410 6409
f 6375 6410 6374
f 6375 6411 6410
f 6376 6411 6375
f 6376 6412 6411
f 6377 6412 6376
f 6377 6413 6412
f 6378 6413 6377
f 6378 6414 6413
f 6379 6414 6378
f 6379 6415 6414
f 6380 6415 6379
f 6386 6416 6385
f 6386 6417 6416
f 6387 6417 6386
f 6387 6418 6417
f 6388 6418 6387
f 6389 6419 6388
f 6393 6421 6420
f 6394 6421 6393
f 6394 6422 6421
f 6395 6422 6394
f 6395 6423 6422
f 6396 6423 6395
f 6396 6424 6423
f 6397 6424 6396
f 6397 6425 6424
f 6398 6425 6397
f 6398 6426 6425
f 6399 6426 6398
f 6399 6427 6426
f 6400 6427 6399
f 6400 6428 6427
f 6401 6428 6400
f 6401 6429 6428
f 6402 6429 6401
f 6422 6431 6430
f 6423 6431 6422
f 6423 6432 6431
f 6424 6432 6423
f 6424 6433 6432
f 6425 6433 6424
f 6425 6434 6433
f 6426 6434 6425
f 6426 6435 6434
f 6427 6435 6426
f 6427 6436 6435
f 6428 6436 6427
f 6432 6438 6437
f 6433 6438 6432
f 6433 6439 6438
f 6434 6439 6433
f 6434 6440 6439
f 6435 6440 6434
f 6435 6441 6440
f 6436 6441 6435
f 6440 6442 6439