# https://github.com/mikedh/trimesh
v 0.04929422 0.36476764 -0.98714936
v 0.05018164 0.34866524 -0.98919338
v 0.05106681 0.33260360 -0.99123228
v 0.05194974 0.31658262 -0.99326587
v 0.05296056 0.30072173 -0.99525809
v 0.05459782 0.28547683 -0.99706995
v 0.05734642 0.27128547 -0.99856716
v 0.06481113 0.26142216 -0.99874836
v 0.07222535 0.25163525 -0.99892819
v 0.08049677 0.24239145 -0.99889946
v 0.08871474 0.23321702 -0.99887079
v 0.09693301 0.22404221 -0.99884206
v 0.10515157 0.21486712 -0.99881339
v 0.11337043 0.20569168 -0.99878472
v 0.12158957 0.19651593 -0.99875605
v 0.12980902 0.18733983 -0.99872738
v 0.13839734 0.17848974 -0.99859750
v 0.15061668 0.17284164 -0.99747205
v 0.17914516 0.18151855 -0.99188280
v -0.03121555 0.37414414 -0.98585182
v -0.03016005 0.35820156 -0.98786378
v -0.02910718 0.34229872 -0.98987067
v -0.02721023 0.32722917 -0.99163216
v -0.02503499 0.31245655 -0.99330974
v -0.02286429 0.29771471 -0.99498385
v -0.02069810 0.28300357 -0.99665451
v -0.01819260 0.26864129 -0.99822462
v -0.01023371 0.25934386 -0.99825287
v -0.00147081 0.25078663 -0.99805474
v 0.00617758 0.24120338 -0.99817055
v 0.01352661 0.23134884 -0.99836987
v 0.02087381 0.22149681 -0.99856937
v 0.02821917 0.21164718 -0.99876869
v 0.03556271 0.20180002 -0.99896795
v 0.04290443 0.19195531 -0.99916726
v 0.05024431 0.18211307 -0.99936646
v 0.05758236 0.17227326 -0.99956560
v 0.06491860 0.16243590 -0.99976468
v 0.07277684 0.15306777 -0.99981838
v 0.08210704 0.14500815 -0.99946380
v 0.09146065 0.13696201 -0.99910390
v 0.10081845 0.12891226 -0.99874377
v 0.11018047 0.12085888 -0.99838346
v 0.11954670 0.11280187 -0.99802303
v 0.12891716 0.10474123 -0.99766237
v 0.13829184 0.09667696 -0.99730158
v 0.14767072 0.08860907 -0.99694067
v 0.16110459 0.08404475 -0.99546909
v 0.18552276 0.08893075 -0.99099463
v 0.21007749 0.09384407 -0.98649514
v -0.10398758 0.37288079 -0.98496401
v -0.10425626 0.35570055 -0.98736984
v -0.10417453 0.33890441 -0.98966765
v -0.10316964 0.32303286 -0.99169338
v -0.10216728 0.30720121 -0.99371392
v -0.10116743 0.29140925 -0.99572945
v -0.09863779 0.27709809 -0.99730080
v -0.09306382 0.26567382 -0.99799675
v -0.08735511 0.25438991 -0.99865210
v -0.08015770 0.24450648 -0.99888086
v -0.07296237 0.23462588 -0.99910957
v -0.06512343 0.22534581 -0.99915463
v -0.05722539 0.21612120 -0.99918264
v -0.04932763 0.20689690 -0.99921072
v -0.04104600 0.19802517 -0.99912989
v -0.03190867 0.18993396 -0.99880731
v -0.02276765 0.18183947 -0.99848461
v -0.01362295 0.17374171 -0.99816185
v -0.00447455 0.16564070 -0.99783880
v 0.00373046 0.15668170 -0.99778211
v 0.01102886 0.14690593 -0.99798024
v 0.01939432 0.13809109 -0.99787849
v 0.02829423 0.12975194 -0.99762732
v 0.03719693 0.12141015 -0.99737602
v 0.04610242 0.11306577 -0.99712467
v 0.05501072 0.10471877 -0.99687338
v 0.06392180 0.09636915 -0.99662185
v 0.07283568 0.08801690 -0.99637026
v 0.08187950 0.07977354 -0.99608326
v 0.09118557 0.07175364 -0.99572438
v 0.10049582 0.06373015 -0.99536538
v 0.11071317 0.05648737 -0.99475634
v 0.12133373 0.04958146 -0.99403757
v 0.13196382 0.04266937 -0.99331826
v 0.13941449 0.03300769 -0.99347675
v 0.14675236 0.02325244 -0.99366581
v 0.15408851 0.01349950 -0.99385482
v 0.16213991 0.00435975 -0.99384713
v 0.16974628 -0.00515813 -0.99396139
v 0.18021634 -0.01224932 -0.99329180
v 0.20107731 -0.01058506 -0.98978502
v 0.22134307 -0.00949093 -0.98645020
v 0.24106450 -0.00891922 -0.98327267
v -0.15650095 0.39037177 -0.97843415
v -0.15681870 0.37309507 -0.98087955
v -0.15671368 0.35627729 -0.98319441
v -0.15660897 0.33950761 -0.98550266
v -0.15650454 0.32278568 -0.98780435
v -0.15640043 0.30611140 -0.99009955
v -0.15566178 0.29008922 -0.99220371
v -0.15221946 0.27667797 -0.99351794
v -0.14846654 0.26358798 -0.99473840
v -0.14471935 0.25051785 -0.99595702
v -0.13953088 0.23882850 -0.99675614
v -0.13397707 0.22749819 -0.99744755
v -0.12842806 0.21617763 -0.99813831
v -0.12224137 0.20546536 -0.99864382
v -0.11509023 0.19565919 -0.99887097
v -0.10794113 0.18585581 -0.99909806
v -0.10079404 0.17605518 -0.99932504
v -0.09364899 0.16625734 -0.99955195
v -0.08608868 0.15684491 -0.99965978
v -0.07791712 0.14799342 -0.99959302
v -0.06810290 0.14063729 -0.99905890
v -0.05806793 0.13347080 -0.99846351
v -0.04802550 0.12629899 -0.99786764
v -0.03797558 0.11912183 -0.99727142
v -0.02791819 0.11193933 -0.99667478
v -0.01336164 0.10877948 -0.99480790
v 0.00106762 0.10546813 -0.99298227
v 0.00967567 0.09693287 -0.99280262
v 0.01828565 0.08839568 -0.99262291
v 0.02689756 0.07985658 -0.99244303
v 0.03551140 0.07131558 -0.99226320
v 0.04412716 0.06277268 -0.99208337
v 0.05274484 0.05422785 -0.99190342
v 0.06136446 0.04568110 -0.99172354
v 0.07154745 0.03849304 -0.99110770
v 0.08131464 0.03093155 -0.99060947
v 0.08758233 0.02033023 -0.99108672
v 0.09568133 0.01131890 -0.99105358
v 0.10624389 0.00442625 -0.99033672
v 0.11558144 -0.00353108 -0.98996133
v 0.12296423 -0.01316675 -0.99012822
v 0.13279635 -0.02071219 -0.98961747
v 0.14263470 -0.02826242 -0.98910642
v 0.15123929 -0.03686722 -0.98893684
v 0.15824533 -0.04682433 -0.98920798
v 0.16524900 -0.05677808 -0.98947895
v 0.17283870 -0.06623515 -0.98958826
v 0.18039264 -0.07572000 -0.98970717
v 0.18720356 -0.08582148 -0.99002910
v 0.19401173 -0.09591895 -0.99035096
v 0.20081720 -0.10601236 -0.99067271
v 0.20768061 -0.11605170 -0.99097776
v 0.21442817 -0.12618038 -0.99131352
v 0.22117290 -0.13630483 -0.99164921
v 0.24268848 -0.13435327 -0.98797196
v 0.26224098 -0.13407196 -0.98483711
v 0.28275526 -0.13307062 -0.98145002
v -0.16071595 0.45492339 -0.95770133
v -0.17728224 0.42152151 -0.96501046
v -0.19158959 0.39047930 -0.97162962
v -0.19197495 0.37313434 -0.97411400
v -0.19235913 0.35584232 -0.97659093
v -0.19274214 0.33860287 -0.97906023
v -0.19285879 0.32167166 -0.98144400
v -0.19270340 0.30505145 -0.98374093
v -0.19023694 0.29069430 -0.98535299
v -0.18684033 0.27725935 -0.98668790
v -0.18344934 0.26384658 -0.98802048
v -0.18006395 0.25045595 -0.98935086
v -0.17636617 0.23738840 -0.99058640
v -0.17261474 0.22439688 -0.99180275
v -0.16886896 0.21142499 -0.99301720
v -0.16512884 0.19847265 -0.99422979
v -0.16112874 0.18578809 -0.99536353
v -0.15665159 0.17357120 -0.99635589
v -0.15180132 0.16172105 -0.99723744
v -0.14648478 0.15032054 -0.99798179
v -0.13883284 0.14109038 -0.99805027
v -0.13118155 0.13186102 -0.99811882
v -0.12353092 0.12263243 -0.99818730
v -0.11519939 0.11402764 -0.99806005
v -0.10574095 0.10644712 -0.99760991
v -0.09627718 0.09886233 -0.99715960
v -0.08680809 0.09127327 -0.99670887
v -0.07726569 0.08374131 -0.99623865
v -0.06728752 0.07659192 -0.99564534
v -0.05527682 0.07125337 -0.99447489
v -0.04017893 0.06865107 -0.99242955
v -0.02504252 0.06604212 -0.99037910
v -0.00986744 0.06342652 -0.98832327
v 0.00301209 0.05873737 -0.98692340
v 0.01159173 0.05022528 -0.98674363
v 0.02017327 0.04171130 -0.98656380
v 0.02875674 0.03319541 -0.98638391
v 0.03734211 0.02467764 -0.98620403
v 0.04876811 0.01863151 -0.98522562
v 0.06252014 0.01458635 -0.98359656
v 0.07366367 0.00825053 -0.98270375
v 0.07991988 -0.00232084 -0.98318231
v 0.08617240 -0.01288595 -0.98366064
v 0.09242123 -0.02344480 -0.98413855
v 0.10002454 -0.03283647 -0.98423743
v 0.10706668 -0.04270436 -0.98449236
v 0.11410658 -0.05256914 -0.98474717
v 0.12329227 -0.06061236 -0.98440522
v 0.13288029 -0.06832276 -0.98395252
v 0.14020057 -0.07794949 -0.98412949
v 0.14815542 -0.08704073 -0.98413026
v 0.15611026 -0.09613196 -0.98413110
v 0.16391692 -0.10534662 -0.98417282
v 0.17070620 -0.11540527 -0.98449469
v 0.17756426 -0.12540075 -0.98479676
v 0.18455388 -0.13528185 -0.98506182
v 0.19154118 -0.14515971 -0.98532689
v 0.19828576 -0.15523143 -0.98565775
v 0.20500973 -0.16531360 -0.98599350
v 0.21171157 -0.17540732 -0.98633420
v 0.21835186 -0.18554446 -0.98669094
v 0.22498195 -0.19568299 -0.98704934
v 0.23159850 -0.20582555 -0.98741055
v 0.23821208 -0.21596359 -0.98777163
v 0.24482271 -0.22609709 -0.98813248
v 0.25136894 -0.23627511 -0.98850983
v 0.25794074 -0.24642557 -0.98887926
v 0.26455578 -0.25653470 -0.98923612
v 0.27116787 -0.26663932 -0.98959273
v 0.27777708 -0.27673948 -0.98994917
v 0.28438333 -0.28683519 -0.99030542
v 0.29104874 -0.29687780 -0.99064487
v 0.31518984 -0.29326889 -0.98628902
v 0.33729914 -0.29132372 -0.98248988
v 0.35979092 -0.28915355 -0.97859812
v -0.19597726 0.45485476 -0.95091569
v -0.21273357 0.42116094 -0.95835191
v -0.22106050 0.39591029 -0.96324468
v -0.22153811 0.37845498 -0.96577829
v -0.22171293 0.36134812 -0.96821427
v -0.22188725 0.34429210 -0.97064292
v -0.22206102 0.32728678 -0.97306442
v -0.22223431 0.31033200 -0.97547871
v -0.22059979 0.29517108 -0.97734988
v -0.21851346 0.28048325 -0.97908187
v -0.21643199 0.26582628 -0.98081028
v -0.21438716 0.25116980 -0.98254454
v -0.21098867 0.23783837 -0.98387462
v -0.20759575 0.22452891 -0.98520255
v -0.20401570 0.21142370 -0.98647165
v -0.20004518 0.19871284 -0.98762244
v -0.19556673 0.18650320 -0.98862106
v -0.19109383 0.17430867 -0.98961836
v -0.18662645 0.16212921 -0.99061441
v -0.18214534 0.14998278 -0.99160373
v -0.17730089 0.13819385 -0.99248427
v -0.17246175 0.12641783 -0.99336398
v -0.16762787 0.11465469 -0.99424255
v -0.16279927 0.10290439 -0.99512017
v -0.15797596 0.09116694 -0.99599689
v -0.15197837 0.08052056 -0.99653137
v -0.14183031 0.07366681 -0.99586463
v -0.13219687 0.06633226 -0.99534833
v -0.12255724 0.05899297 -0.99483168
v -0.11291138 0.05164897 -0.99431467
v -0.10325931 0.04430023 -0.99379736
v -0.09360103 0.03694676 -0.99327976
v -0.07588535 0.03678580 -0.99045449
v -0.06346272 0.03185206 -0.98915190
v -0.05101997 0.02691032 -0.98784721
v -0.03662266 0.02367332 -0.98598832
v -0.02152783 0.02101513 -0.98393583
v -0.00639455 0.01835016 -0.98187804
v 0.00494368 0.01231647 -0.98090470
v 0.01349508 0.00382745 -0.98072475
v 0.02614496 -0.00109384 -0.97938389
v 0.03982705 -0.00514495 -0.97775459
v 0.05353668 -0.00920421 -0.97612196
v 0.06604617 -0.01433124 -0.97483265
v 0.07229096 -0.02487282 -0.97531253
v 0.07853205 -0.03540817 -0.97579199
v 0.08631065 -0.04461996 -0.97583812
v 0.09547599 -0.05264933 -0.97549492
v 0.10250723 -0.06249784 -0.97575074
v 0.10953626 -0.07234325 -0.97600663
v 0.11656308 -0.08218556 -0.97626227
v 0.12385717 -0.09179808 -0.97644269
v 0.13022386 -0.10218467 -0.97688115
v 0.13658713 -0.11256565 -0.97731942
v 0.14294693 -0.12294102 -0.97775739
v 0.14929810 -0.13331515 -0.97819662
v 0.15526628 -0.14399777 -0.97874075
v 0.16153954 -0.15441826 -0.97919899
v 0.16850674 -0.16425925 -0.97946399
v 0.17547169 -0.17409703 -0.97972900
v 0.18224557 -0.18408583 -0.98004597
v 0.18887141 -0.19418912 -0.98040289
v 0.19549437 -0.20428796 -0.98075968
v 0.20211439 -0.21438235 -0.98111635
v 0.20873149 -0.22447230 -0.98147285
v 0.21532817 -0.23457189 -0.98183393
v 0.22186756 -0.24471049 -0.98220974
v 0.22836092 -0.25487876 -0.98259705
v 0.23485117 -0.26504213 -0.98298413
v 0.24134171 -0.27519795 -0.98337018
v 0.24793646 -0.28526410 -0.98372698
v 0.25452825 -0.29532576 -0.98408341
v 0.26107317 -0.30541763 -0.98445183
v 0.26759151 -0.31552333 -0.98482633
v 0.27389759 -0.32569340 -0.98515630
v 0.28079537 -0.33558348 -0.98552716
v 0.28747803 -0.34554109 -0.98585445
v 0.29415798 -0.35549468 -0.98618156
v 0.30085054 -0.36543244 -0.98650444
v 0.30757186 -0.37534207 -0.98681873
v 0.31444785 -0.38512740 -0.98709071
v 0.32132155 -0.39490941 -0.98736256
v 0.32819289 -0.40468812 -0.98763430
v 0.33506298 -0.41446283 -0.98790580
v 0.34220082 -0.42403010 -0.98810494
v 0.35016969 -0.43296778 -0.98808181
v 0.37441072 -0.42969057 -0.98372364
v 0.39893305 -0.42628342 -0.97930193
v -0.22612758 0.45967206 -0.94268203
v -0.23249170 0.43617266 -0.94704539
v -0.23882239 0.41279677 -0.95138586
v -0.24303408 0.39160088 -0.95507389
v -0.24325362 0.37440681 -0.95754784
v -0.24346392 0.35727280 -0.96001172
v -0.24360557 0.34025657 -0.96244776
v -0.24374682 0.32329085 -0.96487671
v -0.24334386 0.30690333 -0.96713531
v -0.24111249 0.29233187 -0.96884036
v -0.23888578 0.27779084 -0.97054183
v -0.23675969 0.26318777 -0.97226840
v -0.23466465 0.24859017 -0.97399926
v -0.23257406 0.23402359 -0.97572643
v -0.23048790 0.21948789 -0.97744989
v -0.22818203 0.20519589 -0.97910321
v -0.22545549 0.19133565 -0.98062718
v -0.22289130 0.17735307 -0.98219478
v -0.22033204 0.16339758 -0.98375928
v -0.21638165 0.15077814 -0.98490906
v -0.21191686 0.13866270 -0.98590404
v -0.20743205 0.12658599 -0.98689032
v -0.20259345 0.11485766 -0.98776984
v -0.19777079 0.10313228 -0.98865151
v -0.19315119 0.09123716 -0.98959017
v -0.18853697 0.07935588 -0.99052781
v -0.18392813 0.06748843 -0.99146420
v -0.17932466 0.05563479 -0.99239963
v -0.17472653 0.04379492 -0.99333400
v -0.17013372 0.03196881 -0.99426717
v -0.16506618 0.02059112 -0.99505991
v -0.15312685 0.01543126 -0.99385780
v -0.14116964 0.01026366 -0.99265397
v -0.12919448 0.00508832 -0.99144828
v -0.11720136 -0.00009480 -0.99024081
v -0.10647320 -0.00642896 -0.98940146
v -0.07808046 0.00291093 -0.98347819
v -0.05895723 0.00392679 -0.98023671
v -0.04652921 -0.00103023 -0.97892672
v -0.03408107 -0.00599526 -0.97761458
v -0.02161277 -0.01096835 -0.97630036
v -0.00912425 -0.01594949 -0.97498399
v 0.00636599 -0.01834079 -0.97281408
v 0.01728917 -0.02474130 -0.97195250
v 0.03092927 -0.02880631 -0.97031969
v 0.04459675 -0.03287950 -0.96868360
v 0.05829170 -0.03696087 -0.96704423
v 0.06469532 -0.04732637 -0.96747702
v 0.07253432 -0.05645660 -0.96750212
v 0.08185130 -0.06432708 -0.96710914
v 0.09094241 -0.07239700 -0.96678114
v 0.09796280 -0.08222621 -0.96703798
v 0.10498098 -0.09205233 -0.96729475
v 0.11236113 -0.10156904 -0.96744889
v 0.11963914 -0.11116842 -0.96763140
v 0.12599690 -0.12153335 -0.96807152
v 0.13235123 -0.13189270 -0.96851146
v 0.13868538 -0.14226037 -0.96895581
v 0.14495151 -0.15267585 -0.96941799
v 0.15089069 -0.16335222 -0.96997005
v 0.15682586 -0.17402136 -0.97052175
v 0.16275701 -0.18468328 -0.97107309
v 0.16861282 -0.19539627 -0.97164381
v 0.17437994 -0.20617065 -0.97223771
v 0.18012366 -0.21695274 -0.97283643
v 0.18586315 -0.22772689 -0.97343481
v 0.19159846 -0.23849316 -0.97403270
v 0.19729732 -0.24927737 -0.97463900
v 0.20294833 -0.26008847 -0.97525692
v 0.20862389 -0.27086833 -0.97586638
v 0.21429518 -0.28164014 -0.97647536
v 0.21996219 -0.29240385 -0.97708386
v 0.22562501 -0.30315951 -0.97769201
v 0.23140103 -0.31381446 -0.97826749
v 0.23790555 -0.32388619 -0.97864223
v 0.24440710 -0.33395326 -0.97901684
v 0.25090566 -0.34401566 -0.97939128
v 0.25740120 -0.35407344 -0.97976547
v 0.26395920 -0.36407578 -0.98012173
v 0.27063221 -0.37398258 -0.98044586
v 0.27731231 -0.38387790 -0.98076713
v 0.28398973 -0.39376935 -0.98108840
v 0.29066452 -0.40365681 -0.98140949
v 0.29742450 -0.41347340 -0.98170668
v 0.30427587 -0.42321488 -0.98197842
v 0.31127402 -0.43284017 -0.98220998
v 0.31832010 -0.44242492 -0.98242801
v 0.32536426 -0.45200711 -0.98264593
v 0.33252716 -0.46149617 -0.98283142
v 0.33969238 -0.47098011 -0.98301578
v 0.34750295 -0.47997943 -0.98302692
v 0.35624307 -0.48828760 -0.98278946
v 0.36504969 -0.49655089 -0.98253500
v 0.37385911 -0.50481671 -0.98228031
v 0.38753280 -0.50950742 -0.98073089
v 0.41564047 -0.50363880 -0.97534597
v -0.23006074 0.48334351 -0.93067342
v -0.24945588 0.45396668 -0.93488866
v -0.25643799 0.42984435 -0.93947458
v -0.26284456 0.40638781 -0.94387138
v -0.26467142 0.38755408 -0.94686043
v -0.26485804 0.37039986 -0.94934189
v -0.26504409 0.35329705 -0.95181578
v -0.26522961 0.33624542 -0.95428240
v -0.26534712 0.31931061 -0.95672113
v -0.26380172 0.30404550 -0.95864999
v -0.26155296 0.28950271 -0.96036083
v -0.25930887 0.27499017 -0.96206814
v -0.25706944 0.26050785 -0.96377194
v -0.25490412 0.24598880 -0.96549296
v -0.25279570 0.23145013 -0.96722621
v -0.25069168 0.21694222 -0.96895564
v -0.24803478 0.20299610 -0.97051471
v -0.24522194 0.18922949 -0.97202253
v -0.24245821 0.17544679 -0.97354084
v -0.23988417 0.16151559 -0.97511119
v -0.23731510 0.14761126 -0.97667855
v -0.23475103 0.13373372 -0.97824293
v -0.23219185 0.11988293 -0.97980422
v -0.22998782 0.10573243 -0.98146629
v -0.22801626 0.09139922 -0.98319256
v -0.22407821 0.07892116 -0.98433274
v -0.21951747 0.06704050 -0.98528600
v -0.21496211 0.05517385 -0.98623812
v -0.21041213 0.04332117 -0.98718905
v -0.20586751 0.03148249 -0.98813903
v -0.20136486 0.01962434 -0.98909849
v -0.19695950 0.00769679 -0.99008381
v -0.19255953 -0.00421618 -0.99106789
v -0.18816492 -0.01611458 -0.99205077
v -0.18377569 -0.02799846 -0.99303240
v -0.17359790 -0.03467175 -0.99232507
v -0.15750951 -0.03607512 -0.98990017
v -0.14269346 -0.03865984 -0.98785168
v -0.13101853 -0.04407480 -0.98672020
v -0.11932721 -0.04949736 -0.98558718
v -0.08856209 -0.03810765 -0.97893941
v -0.05446501 -0.02391618 -0.97134769
v -0.04205170 -0.02888837 -0.97003251
v -0.02961831 -0.03386860 -0.96871513
v -0.00344338 -0.02690059 -0.96344823
v 0.00918810 -0.03179814 -0.96208668
v 0.01887165 -0.03927435 -0.96157473
v 0.02856125 -0.04675523 -0.96106231
v 0.03825691 -0.05424079 -0.96054971
v 0.04935293 -0.06053545 -0.95963830
v 0.05880954 -0.06824893 -0.95919728
v 0.06810578 -0.07610752 -0.95880306
v 0.07740650 -0.08396988 -0.95840871
v 0.08642370 -0.09207980 -0.95809597
v 0.09343328 -0.10188979 -0.95835376
v 0.10085951 -0.11134440 -0.95849276
v 0.10831176 -0.12077451 -0.95862395
v 0.11543444 -0.13047756 -0.95884800
v 0.12178329 -0.14082092 -0.95928979
v 0.12810050 -0.15118216 -0.95973939
v 0.13438606 -0.16156104 -0.96019655
v 0.14059791 -0.17199206 -0.96067327
v 0.14652908 -0.18264486 -0.96122736
v 0.15245625 -0.19329044 -0.96178114
v 0.15827721 -0.20401233 -0.96236312
v 0.16407365 -0.21474323 -0.96295047
v 0.16983266 -0.22549343 -0.96354669
v 0.17556876 -0.23625095 -0.96414769
v 0.18130063 -0.24700059 -0.96474820
v 0.18695857 -0.25779834 -0.96536767
v 0.19254078 -0.26864523 -0.96600652
v 0.19817552 -0.27943817 -0.96662903
v 0.20384350 -0.29019299 -0.96724075
v 0.20950723 -0.30093980 -0.96785200
v 0.21516670 -0.31167856 -0.96846271
v 0.22073378 -0.32247883 -0.96909744
v 0.22632334 -0.33324957 -0.96972412
v 0.23201811 -0.34392631 -0.97032028
v 0.23770872 -0.35459524 -0.97091603
v 0.24339516 -0.36525637 -0.97151130
v 0.24907747 -0.37590966 -0.97210610
v 0.25447163 -0.38670775 -0.97250974
v 0.26054892 -0.39710107 -0.97326195
v 0.26636076 -0.40762240 -0.97381681
v 0.27216861 -0.41813648 -0.97437125
v 0.27797252 -0.42864347 -0.97492540
v 0.28419438 -0.43889791 -0.97574925
v 0.28987542 -0.44940320 -0.97594917
v 0.29592884 -0.45969197 -0.97643137
v 0.30197868 -0.46997464 -0.97691321
v 0.30871841 -0.47973067 -0.97720736
v 0.31594449 -0.48911753 -0.97736931
v 0.32464746 -0.49740019 -0.97713256
v 0.33335298 -0.50568521 -0.97689569
v 0.34206104 -0.51397270 -0.97665876
v 0.35081771 -0.52222860 -0.97640938
v 0.36022750 -0.53000844 -0.97598547
v 0.37243682 -0.53574264 -0.97481245
v 0.38442934 -0.54165649 -0.97370040
v 0.39951336 -0.54533786 -0.97176486
v 0.43269742 -0.53590971 -0.96500272
v -0.25593588 0.48232904 -0.91947776
v -0.27148536 0.44948369 -0.92676181
v -0.27685887 0.42695510 -0.93088800
v -0.28220594 0.40453735 -0.93499386
v -0.28274685 0.38697544 -0.93761075
v -0.28321502 0.36953893 -0.94019753
v -0.28368172 0.35215664 -0.94277620
v -0.28414699 0.33482823 -0.94534695
v -0.28459927 0.31756487 -0.94790626
v -0.28322789 0.30213562 -0.94990164
v -0.28192157 0.28668344 -0.95191109
v -0.27966025 0.27219933 -0.95362413
v -0.27740359 0.25774533 -0.95533371
v -0.27515167 0.24332127 -0.95703971
v -0.27294761 0.22888552 -0.95875520
v -0.27065337 0.21457082 -0.96043855
v -0.26782167 0.20080361 -0.96195471
v -0.26499525 0.18706185 -0.96346796
v -0.26217401 0.17334545 -0.96497852
v -0.25937346 0.15963966 -0.96649092
v -0.25678974 0.14575945 -0.96806401
v -0.25421104 0.13190597 -0.96963423
v -0.25156125 0.11815944 -0.97123271
v -0.24964786 0.10373718 -0.97293866
v -0.24765861 0.08942962 -0.97467113
v -0.24567361 0.07515246 -0.97639978
v -0.24369283 0.06090566 -0.97812492
v -0.24171625 0.04668910 -0.97984636
v -0.23979412 0.03245642 -0.98157895
v -0.23743685 0.01865704 -0.98317778
v -0.23305587 0.00673911 -0.98417300
v -0.22868028 -0.00516415 -0.98516703
v -0.22431010 -0.01705279 -0.98615980
v -0.21994528 -0.02892680 -0.98715144
v -0.21558580 -0.04078623 -0.98814178
v -0.21150129 -0.05287367 -0.98921013
v -0.20752473 -0.06503706 -0.99030721
v -0.20355357 -0.07718388 -0.99140275
v -0.19661982 -0.08666937 -0.99162817
v -0.17779338 -0.08558660 -0.98837727
v -0.16142426 -0.08674274 -0.98585272
v -0.14619702 -0.08895567 -0.98366785
v -0.11848488 -0.08022700 -0.97785556
v -0.07561337 -0.05831657 -0.96765375
v -0.04998602 -0.05167722 -0.96248496
v -0.02992976 -0.04999197 -0.95894516
v 0.00055087 -0.03932064 -0.95239818
v 0.01200810 -0.04524536 -0.95136744
v 0.02168888 -0.05272295 -0.95085222
v 0.03137571 -0.06020522 -0.95033669
v 0.04106860 -0.06769217 -0.94982088
v 0.05052093 -0.07539460 -0.94937563
v 0.05836771 -0.08447343 -0.94939250
v 0.06608430 -0.09366252 -0.94944656
v 0.07380037 -0.10285098 -0.94950062
v 0.08194835 -0.11167400 -0.94943112
v 0.08939175 -0.12109094 -0.94956297
v 0.09683396 -0.13050640 -0.94969469
v 0.10427498 -0.13992034 -0.94982642
v 0.11124300 -0.14972578 -0.95009232
v 0.11754335 -0.16008057 -0.95054698
v 0.12382364 -0.17044337 -0.95100623
v 0.13010041 -0.18080041 -0.95146513
v 0.13625818 -0.19124667 -0.95195639
v 0.14217073 -0.20188472 -0.95251560
v 0.14796768 -0.21260667 -0.95310593
v 0.15376049 -0.22332093 -0.95369577
v 0.15954916 -0.23402753 -0.95428526
v 0.16530010 -0.24475364 -0.95488375
v 0.17102857 -0.25548670 -0.95548695
v 0.17664580 -0.26629794 -0.95611966
v 0.18222502 -0.27712783 -0.95676124
v 0.18779990 -0.28794929 -0.95740241
v 0.19341843 -0.29872409 -0.95802963
v 0.19907886 -0.30945405 -0.95864356
v 0.20473129 -0.32017890 -0.95925802
v 0.21027024 -0.33098188 -0.95990241
v 0.21580486 -0.34177640 -0.96054631
v 0.22136045 -0.35254258 -0.96118265
v 0.22704752 -0.36319444 -0.96178091
v 0.23273043 -0.37383845 -0.96237868
v 0.23840354 -0.38447917 -0.96297777
v 0.24404968 -0.39512965 -0.96358252
v 0.24969167 -0.40577233 -0.96418691
v 0.25547063 -0.41629875 -0.96475202
v 0.26127443 -0.42679584 -0.96530890
v 0.26707423 -0.43728578 -0.96586525
v 0.27295032 -0.44770759 -0.96639937
v 0.27889013 -0.45807141 -0.96691477
v 0.28491294 -0.46836311 -0.96740603
v 0.29095787 -0.47862926 -0.96788990
v 0.29699916 -0.48888934 -0.96837354
v 0.30336002 -0.49890170 -0.96876907
v 0.31035152 -0.50843662 -0.96899211
v 0.31738999 -0.51793265 -0.96920186
v 0.32442668 -0.52742618 -0.96941155
v 0.33146152 -0.53691727 -0.96962118
v 0.34014916 -0.54518855 -0.96938348
v 0.35180625 -0.55128628 -0.96834487
v 0.36398259 -0.55702317 -0.96716887
v 0.37592703 -0.56295002 -0.96605831
v 0.38962263 -0.56762522 -0.96447974
v 0.40926161 -0.56802720 -0.96130896
v -0.25024790 0.52316707 -0.90018517
v -0.27876645 0.47700796 -0.91160148
v -0.28654814 0.45193467 -0.91652602
v -0.29157820 0.42972001 -0.92058039
v -0.29682070 0.40737560 -0.92468864
v -0.29697275 0.39018530 -0.92720646
v -0.29722223 0.37294936 -0.92974716
v -0.29766694 0.35557175 -0.93234062
v -0.29811022 0.33824804 -0.93492603
v -0.29855216 0.32097790 -0.93750352
v -0.29716793 0.30555031 -0.93951130
v -0.29573441 0.29021129 -0.94149816
v -0.29442805 0.27478841 -0.94351822
v -0.29312485 0.25940308 -0.94553334
v -0.29182485 0.24405511 -0.94754356
v -0.29052800 0.22874439 -0.94954890
v -0.28895447 0.21373999 -0.95146406
v -0.28737527 0.19877926 -0.95337188
v -0.28470308 0.18490137 -0.95494169
v -0.28186837 0.17120962 -0.95645756
v -0.27903885 0.15754311 -0.95797068
v -0.27621454 0.14390171 -0.95948100
v -0.27360874 0.13008405 -0.96105307
v -0.27125448 0.11606091 -0.96269655
v -0.26924339 0.10174847 -0.96443886
v -0.26723659 0.08746645 -0.96617752
v -0.26506409 0.07337313 -0.96786135
v -0.26284033 0.05936060 -0.96952492
v -0.26062110 0.04537659 -0.97118521
v -0.25896233 0.03090793 -0.97300845
v -0.25787219 0.01595186 -0.97499663
v -0.25678474 0.00103230 -0.97698003
v -0.25569993 -0.01385090 -0.97895849
v -0.25461775 -0.02869785 -0.98093218
v -0.25201789 -0.04212766 -0.98244900
v -0.24799795 -0.05424209 -0.98353988
v -0.24398345 -0.06634019 -0.98462933
v -0.23997433 -0.07842200 -0.98571718
v -0.23597062 -0.09048754 -0.98680365
v -0.23197229 -0.10253685 -0.98788869
v -0.22844374 -0.11498380 -0.98910916
v -0.22496560 -0.12745196 -0.99034107
v -0.22048424 -0.13900805 -0.99127465
v -0.20097786 -0.13728508 -0.98779416
v -0.18229195 -0.13635089 -0.98456407
v -0.08659624 -0.08368427 -0.96107852
v -0.06266364 -0.07852703 -0.95636714
v -0.01843797 -0.05583411 -0.94575208
v 0.00309299 -0.05299252 -0.94177425
v 0.01482597 -0.05868246 -0.94065613
v 0.02450399 -0.06616144 -0.94013780
v 0.03418805 -0.07364509 -0.93961918
v 0.04386347 -0.08114599 -0.93910438
v 0.05269658 -0.08937428 -0.93883473
v 0.06040968 -0.09855883 -0.93888915
v 0.06812227 -0.10774276 -0.93894356
v 0.07583435 -0.11692611 -0.93899798
v 0.08284003 -0.12670255 -0.93925536
v 0.08938105 -0.13686371 -0.93964547
v 0.09591899 -0.14702007 -0.94003540
v 0.10245387 -0.15717168 -0.94042510
v 0.10840959 -0.16779682 -0.94097954
v 0.11412537 -0.17861015 -0.94160086
v 0.11983687 -0.18941538 -0.94222176
v 0.12582834 -0.19997880 -0.94276130
v 0.13189080 -0.21047397 -0.94327915
v 0.13768412 -0.22117934 -0.94387197
v 0.14347334 -0.23187704 -0.94446445
v 0.14925838 -0.24256711 -0.94505650
v 0.15503931 -0.25324950 -0.94564807
v 0.16077837 -0.26395473 -0.94624996
v 0.16635895 -0.27477616 -0.94689488
v 0.17193517 -0.28558919 -0.94753927
v 0.17750706 -0.29639378 -0.94818318
v 0.18307459 -0.30718994 -0.94882661
v 0.18867698 -0.31794661 -0.94945854
v 0.19429740 -0.32867742 -0.95008373
v 0.19983339 -0.33946329 -0.95073086
v 0.20536503 -0.35024068 -0.95137751
v 0.21089235 -0.36100966 -0.95202363
v 0.21647783 -0.37173858 -0.95271897
v 0.22209351 -0.38239819 -0.95327002
v 0.22775659 -0.39302695 -0.95387340
v 0.23339932 -0.40366042 -0.95448077
v 0.23903784 -0.41428605 -0.95508766
v 0.24467224 -0.42490381 -0.95569414
v 0.25040939 -0.43543199 -0.95627069
v 0.25620514 -0.44590494 -0.95682943
v 0.26210645 -0.45628759 -0.95735770
v 0.26804173 -0.46663490 -0.95787513
v 0.27397329 -0.47697571 -0.95839232
v 0.27996683 -0.48726049 -0.95889103
v 0.28600326 -0.49750414 -0.95937669
v 0.29252684 -0.50737464 -0.95972753
v 0.29949495 -0.51690751 -0.95995587
v 0.30647233 -0.52642924 -0.96018088
v 0.31350103 -0.53590912 -0.96039152
v 0.32052788 -0.54538643 -0.96060199
v 0.32969737 -0.55328369 -0.96022856
v 0.33893713 -0.56113595 -0.95983696
v 0.34812945 -0.56902999 -0.95945930
v 0.35756379 -0.57675433 -0.95901692
v 0.37311369 -0.58004642 -0.95691895
v 0.38981164 -0.58254486 -0.95451570
v 0.40597755 -0.58546960 -0.95226258
v 0.43977547 -0.57575911 -0.94525695
v -0.26159397 0.52951038 -0.88865930
v -0.29750705 0.47574893 -0.90250367
v -0.30184308 0.45412490 -0.90638578
v -0.30627704 0.43248102 -0.91028696
v -0.31116518 0.41046098 -0.91431898
v -0.31129560 0.39327693 -0.91685086
v -0.31142560 0.37614444 -0.91937518
v -0.31163606 0.35898298 -0.92191702
v -0.31205747 0.34166387 -0.92451710
v -0.31247756 0.32439837 -0.92710918
v -0.31123775 0.30881763 -0.92917824
v -0.30969185 0.29357848 -0.93114626
v -0.30819669 0.27832913 -0.93312436
v -0.30687749 0.26294795 -0.93515098
v -0.30556148 0.24760409 -0.93717271
v -0.30424872 0.23229748 -0.93918961
v -0.30273664 0.21722327 -0.94113922
v -0.30074823 0.20264611 -0.94293678
v -0.29911757 0.18776159 -0.94483894
v -0.29753107 0.17287254 -0.94674909
v -0.29594821 0.15801783 -0.94865489
v -0.29436898 0.14319733 -0.95055634
v -0.29279345 0.12841091 -0.95245326
v -0.29062513 0.11422129 -0.95416421
v -0.28837183 0.10014532 -0.95584434
v -0.28612316 0.08609807 -0.95752114
v -0.28387901 0.07207941 -0.95919442
v -0.28163949 0.05808932 -0.96086442
v -0.27940446 0.04412766 -0.96253091
v -0.27807048 0.02936430 -0.96446484
v -0.27695873 0.01443351 -0.96646035
v -0.27579224 -0.00040803 -0.96843368
v -0.27431247 -0.01492380 -0.97030717
v -0.27283606 -0.02940628 -0.97217631
v -0.27276036 -0.04512894 -0.97446030
v -0.27275938 -0.06087527 -0.97676021
v -0.27275845 -0.07657711 -0.97905362
v -0.27193683 -0.09149388 -0.98109549
v -0.26832175 -0.10385793 -0.98229837
v -0.26475823 -0.11624505 -0.98351330
v -0.26120004 -0.12861358 -0.98472625
v -0.25764722 -0.14096354 -0.98593754
v -0.25409970 -0.15329501 -0.98714697
v -0.25069308 -0.16572803 -0.98839474
v -0.24756017 -0.17837879 -0.98971993
v -0.24443240 -0.19100876 -0.99104303
v -0.22530185 -0.18957964 -0.98764271
v -0.20573623 -0.18783496 -0.98412359
v -0.04695061 -0.08061943 -0.94197214
v -0.01108146 -0.06529301 -0.93374920
v 0.00563294 -0.06665280 -0.93115938
v 0.01764172 -0.07210946 -0.92995292
v 0.02731698 -0.07958981 -0.92943144
v 0.03699828 -0.08707485 -0.92890966
v 0.04612023 -0.09504627 -0.92855227
v 0.05474046 -0.10345047 -0.92834181
v 0.06244957 -0.11262989 -0.92839652
v 0.07015816 -0.12180870 -0.92845118
v 0.07750028 -0.13129470 -0.92861193
v 0.08429575 -0.14123598 -0.92893040
v 0.09083245 -0.15138754 -0.92932272
v 0.09736609 -0.16153435 -0.92971486
v 0.10358495 -0.17193519 -0.93019658
v 0.10937092 -0.18268527 -0.93080157
v 0.11508240 -0.19348557 -0.93142629
v 0.12078959 -0.20427781 -0.93205059
v 0.12642704 -0.21511564 -0.93269324
v 0.13185696 -0.22611110 -0.93339348
v 0.13722526 -0.23714380 -0.93410945
v 0.14258893 -0.24816701 -0.93482482
v 0.14794800 -0.25918078 -0.93553948
v 0.15328737 -0.27019727 -0.93625796
v 0.15853210 -0.28127661 -0.93700129
v 0.16376910 -0.29234850 -0.93774486
v 0.16900140 -0.30341056 -0.93848777
v 0.17422903 -0.31446266 -0.93922997
v 0.17945200 -0.32550490 -0.93997151
v 0.18468119 -0.33652869 -0.94070941
v 0.18993431 -0.34752014 -0.94143856
v 0.19518280 -0.35850200 -0.94216704
v 0.20047615 -0.36943543 -0.94288099
v 0.20599619 -0.38017902 -0.94352943
v 0.21151190 -0.39091414 -0.94417733
v 0.21713738 -0.40155241 -0.94479263
v 0.22277665 -0.41216886 -0.94540268
v 0.22841179 -0.42277756 -0.94601220
v 0.23404275 -0.43337843 -0.94662124
v 0.23966956 -0.44397143 -0.94722980
v 0.24536508 -0.45450115 -0.94781768
v 0.25129139 -0.46484479 -0.94833994
v 0.25722221 -0.47517562 -0.94885951
v 0.26314929 -0.48550001 -0.94937885
v 0.26907262 -0.49581787 -0.94989783
v 0.27503705 -0.50609571 -0.95040411
v 0.28172231 -0.51582527 -0.95070994
v 0.28868267 -0.52534425 -0.95093912
v 0.29564115 -0.53486067 -0.95116830
v 0.30260450 -0.54436940 -0.95139557
v 0.30988744 -0.55363816 -0.95153433
v 0.31920150 -0.56141019 -0.95111579
v 0.32852024 -0.56918621 -0.95069700
v 0.33772758 -0.57705110 -0.95030975
v 0.34801632 -0.58413512 -0.94962800
v 0.36044219 -0.58967966 -0.94836485
v 0.37336442 -0.59488732 -0.94696963
v 0.38976550 -0.59761059 -0.94463116
v 0.40815631 -0.59894484 -0.94175798
v 0.44629991 -0.58617836 -0.93352950
v -0.31209576 0.47865453 -0.89213091
v -0.31711358 0.45631152 -0.89626169
v -0.32139155 0.43479833 -0.90014595
v -0.32549149 0.41354245 -0.90396249
v -0.32560030 0.39636466 -0.90650833
v -0.32570881 0.37923837 -0.90904647
v -0.32581696 0.36216334 -0.91157705
v -0.32598871 0.34507582 -0.91412014
v -0.32638702 0.32781494 -0.91672677
v -0.32529071 0.31208101 -0.91885763
v -0.32372919 0.29684719 -0.92083663
v -0.32217130 0.28164917 -0.92281103
v -0.32049102 0.26648295 -0.92487192
v -0.31928307 0.25114918 -0.92681330
v -0.31795436 0.23584665 -0.92884159
v -0.31655669 0.22065106 -0.93084258
v -0.31455445 0.20607848 -0.93265021
v -0.31255654 0.19153747 -0.93445408
v -0.31082150 0.17677990 -0.93633389
v -0.30922410 0.16192780 -0.93825072
v -0.30763039 0.14710988 -0.94016314
v -0.30604032 0.13232602 -0.94207126
v -0.30481115 0.11723784 -0.94408464
v -0.30389962 0.10188929 -0.94618982
v -0.30299041 0.08657974 -0.94828969
v -0.30208349 0.07130899 -0.95038420
v -0.30038205 0.05682185 -0.95222986
v -0.29825479 0.04276748 -0.95394027
v -0.29694659 0.02798549 -0.95589542
v -0.29544115 0.01342408 -0.95778501
v -0.29393917 -0.00110390 -0.95967025
v -0.29244062 -0.01559854 -0.96155113
v -0.29117402 -0.03026959 -0.96349692
v -0.29114702 -0.04603634 -0.96581233
v -0.29112011 -0.06175855 -0.96812105
v -0.29079553 -0.07716593 -0.97033352
v -0.29033288 -0.09240578 -0.97249812
v -0.29138485 -0.10897120 -0.97511232
v -0.29243344 -0.12548350 -0.97771811
v -0.29310897 -0.14161134 -0.98020464
v -0.28954631 -0.15390277 -0.98141456
v -0.28639850 -0.16654076 -0.98274505
v -0.28324652 -0.17914970 -0.98407060
v -0.28006789 -0.19170985 -0.98538446
v -0.27688795 -0.20424382 -0.98669428
v -0.27371314 -0.21675751 -0.98800194
v -0.27061236 -0.22931130 -0.98932803
v -0.26759595 -0.24191380 -0.99067533
v -0.25051552 -0.24223611 -0.98785245
v -0.23086643 -0.24038069 -0.98427743
v -0.00669674 -0.07732993 -0.92261475
v 0.00817074 -0.08030146 -0.92055351
v 0.02023690 -0.08571367 -0.91932207
v 0.03012786 -0.09300810 -0.91873318
v 0.03947306 -0.10077848 -0.91830605
v 0.04837485 -0.10893343 -0.91801000
v 0.05678226 -0.11751236 -0.91785944
v 0.06448738 -0.12668665 -0.91791451
v 0.07188829 -0.13611574 -0.91805816
v 0.07914081 -0.14566657 -0.91824472
v 0.08574971 -0.15575178 -0.91861802
v 0.09228209 -0.16589378 -0.91901249
v 0.09852209 -0.17627123 -0.91949075
v 0.10461946 -0.18675785 -0.92000902
v 0.11033091 -0.19755323 -0.92063761
v 0.11603810 -0.20834054 -0.92126578
v 0.12168022 -0.21916962 -0.92191106
v 0.12719022 -0.23009478 -0.92259252
v 0.13259991 -0.24108908 -0.92330110
v 0.13796400 -0.25210735 -0.92402089
v 0.14332350 -0.26311621 -0.92473996
v 0.14866474 -0.27412662 -0.92546242
v 0.15391624 -0.28519598 -0.92620867
v 0.15915664 -0.29626063 -0.92695612
v 0.16438948 -0.30731767 -0.92770362
v 0.16961767 -0.31836486 -0.92845041
v 0.17484118 -0.32940218 -0.92919660
v 0.18005380 -0.34043455 -0.92994386
v 0.18526979 -0.35145074 -0.93068814
v 0.19051875 -0.36242756 -0.93142122
v 0.19576314 -0.37339476 -0.93215358
v 0.20100290 -0.38435230 -0.93288523
v 0.20623808 -0.39530027 -0.93361628
v 0.21153972 -0.40618354 -0.93432677
v 0.21692580 -0.41698876 -0.93501151
v 0.22232710 -0.42776996 -0.93569016
v 0.22772400 -0.43854237 -0.93636817
v 0.23311649 -0.44930604 -0.93704575
v 0.23850459 -0.46006089 -0.93772268
v 0.24421257 -0.47056052 -0.93830836
v 0.24995525 -0.48102337 -0.93888283
v 0.25569397 -0.49147904 -0.93945688
v 0.26142871 -0.50192750 -0.94003057
v 0.26715949 -0.51236868 -0.94060385
v 0.27353650 -0.52231640 -0.94099581
v 0.28012756 -0.53209764 -0.94132739
v 0.28671601 -0.54187500 -0.94165874
v 0.29330182 -0.55164838 -0.94199008
v 0.30031979 -0.56109709 -0.94220096
v 0.30873209 -0.56951630 -0.94202602
v 0.31803644 -0.57728451 -0.94160545
v 0.32734549 -0.58505672 -0.94118464
v 0.33848986 -0.59149969 -0.94025981
v 0.35122496 -0.59680408 -0.93890011
v 0.36326343 -0.60263628 -0.93773508
v 0.37634894 -0.60773385 -0.93628609
v 0.39676538 -0.60758775 -0.93283367
v 0.41777325 -0.60707825 -0.92922837
v -0.32031792 0.48802149 -0.87973940
v -0.32674348 0.46419734 -0.88435793
v -0.33281550 0.44082376 -0.88884985
v -0.33835742 0.41807514 -0.89315939
v -0.33914152 0.40019816 -0.89594156
v -0.33997393 0.38232839 -0.89873093
v -0.34006065 0.36525950 -0.90127528
v -0.34014717 0.34824160 -0.90381211
v -0.34028056 0.33122754 -0.90635622
v -0.33932674 0.31534046 -0.90854931
v -0.33774963 0.30011192 -0.91053927
v -0.33617625 0.28491923 -0.91252458
v -0.33460653 0.26976216 -0.91450524
v -0.33304051 0.25464064 -0.91648126
v -0.33164501 0.23939194 -0.91850495
v -0.33030367 0.22413053 -0.92053968
v -0.32834488 0.20950697 -0.92237544
v -0.32633319 0.19497052 -0.92418939
v -0.32432586 0.18046546 -0.92599928
v -0.32248729 0.16583401 -0.92785656
v -0.32087904 0.15101868 -0.92978001
v -0.31927454 0.13623740 -0.93169910
v -0.31783992 0.12133212 -0.93366534
v -0.31691223 0.10598515 -0.93578279
v -0.31598690 0.09067712 -0.93789482
v -0.31506392 0.07540791 -0.94000161
v -0.31414324 0.06017736 -0.94210297
v -0.31280491 0.04537800 -0.94406980
v -0.31293377 0.02924932 -0.94648200
v -0.31311172 0.01312164 -0.94890231
v -0.31203526 -0.00179781 -0.95093125
v -0.31051812 -0.01627140 -0.95281959
v -0.30953327 -0.03119853 -0.95486516
v -0.30928612 -0.04676294 -0.95713001
v -0.30873010 -0.06200152 -0.95929438
v -0.30817547 -0.07720002 -0.96145296
v -0.30787316 -0.09258641 -0.96368212
v -0.30889559 -0.10912985 -0.96630698
v -0.30991480 -0.12562032 -0.96892363
v -0.31062940 -0.14178692 -0.97144055
v -0.31164762 -0.15817802 -0.97404218
v -0.31336415 -0.17514399 -0.97684711
v -0.31507474 -0.19205150 -0.97964245
v -0.31190279 -0.20456900 -0.98096073
v -0.30872339 -0.21705498 -0.98227304
v -0.30568224 -0.22963822 -0.98362315
v -0.30264616 -0.24220046 -0.98497099
v -0.29961514 -0.25474179 -0.98631662
v -0.29658920 -0.26726222 -0.98765999
v -0.29355675 -0.27975178 -0.98899770
v -0.29049775 -0.29219323 -0.99032384
v -0.27520996 -0.29402265 -0.98800719
v -0.25633800 -0.29280224 -0.98463190
v -0.23740642 -0.29159358 -0.98124826
v 0.01070639 -0.09393857 -0.90995657
v 0.02276929 -0.09935847 -0.90871793
v 0.03283451 -0.10650329 -0.90807307
v 0.04172936 -0.11465395 -0.90777546
v 0.05062734 -0.12280749 -0.90747774
v 0.05882198 -0.13155994 -0.90738779
v 0.06628150 -0.14093231 -0.90751421
v 0.07353127 -0.15047817 -0.90770179
v 0.08067074 -0.16011275 -0.90792120
v 0.08720189 -0.17024994 -0.90831804
v 0.09346295 -0.18060407 -0.90879273
v 0.09958409 -0.19106527 -0.90930700
v 0.10558242 -0.20161831 -0.90985566
v 0.11128960 -0.21240073 -0.91048771
v 0.11693637 -0.22322106 -0.91113549
v 0.12244656 -0.23414116 -0.91182125
v 0.12795228 -0.24505237 -0.91250634
v 0.13334177 -0.25604543 -0.91322333
v 0.13870169 -0.26704937 -0.91394693
v 0.14404482 -0.27805367 -0.91467333
v 0.14929685 -0.28911808 -0.91542423
v 0.15454419 -0.30017257 -0.91617429
v 0.15978025 -0.31122258 -0.91692567
v 0.16500896 -0.32226479 -0.91767704
v 0.17023301 -0.33329716 -0.91842782
v 0.17544644 -0.34432441 -0.91917962
v 0.18064821 -0.35534734 -0.91993278
v 0.18585749 -0.36635077 -0.92068172
v 0.19110236 -0.37731296 -0.92141855
v 0.19634260 -0.38826555 -0.92215478
v 0.20157827 -0.39920852 -0.92289042
v 0.20687704 -0.41008940 -0.92360604
v 0.21221124 -0.42093015 -0.92430985
v 0.21758658 -0.43172663 -0.92500007
v 0.22298372 -0.44249406 -0.92568225
v 0.22837648 -0.45325279 -0.92636395
v 0.23376483 -0.46400270 -0.92704505
v 0.23944442 -0.47451916 -0.92764229
v 0.24514838 -0.48500657 -0.92823106
v 0.25088689 -0.49545750 -0.92880863
v 0.25662145 -0.50590116 -0.92938578
v 0.26235205 -0.51633769 -0.92996258
v 0.26867417 -0.52632165 -0.93037206
v 0.27523813 -0.53611815 -0.93071294
v 0.28182533 -0.54589140 -0.93104631
v 0.28840992 -0.55566078 -0.93137956
v 0.29529387 -0.56520337 -0.93162858
v 0.30362386 -0.57367796 -0.93147451
v 0.31207073 -0.58206952 -0.93128848
v 0.32051945 -0.59046298 -0.93110234
v 0.33042231 -0.59780079 -0.93051350
v 0.34201294 -0.60392374 -0.92945898
v 0.35465977 -0.60930091 -0.92811507
v 0.36908966 -0.61341584 -0.92628241
v 0.38540614 -0.61620665 -0.92393416
v 0.40631777 -0.61574697 -0.92032641
v 0.43374178 -0.61070055 -0.91493636
v -0.32820633 0.49774790 -0.86722451
v -0.33522281 0.47326407 -0.87207562
v -0.34132776 0.44980279 -0.87661862
v -0.34734854 0.42651731 -0.88112104
v -0.34886950 0.40786213 -0.88416511
v -0.34963986 0.39002246 -0.88695949
v -0.35039553 0.37225303 -0.88974077
v -0.35114869 0.35454124 -0.89251310
v -0.35189947 0.33688673 -0.89527649
v -0.35174084 0.32019016 -0.89774185
v -0.35090068 0.30421689 -0.89998299
v -0.35007757 0.28827101 -0.90222293
v -0.34857917 0.27303353 -0.90424198
v -0.34699774 0.25791720 -0.90622884
v -0.34541997 0.24283628 -0.90821105
v -0.34396350 0.22767602 -0.91022581
v -0.34211960 0.21293153 -0.91211241
v -0.34009418 0.19839966 -0.91393632
v -0.33807310 0.18389916 -0.91575629
v -0.33605644 0.16942993 -0.91757238
v -0.33411512 0.15492375 -0.91940683
v -0.33249614 0.14014503 -0.92133683
v -0.33088091 0.12540023 -0.92326248
v -0.32991338 0.11007740 -0.92538482
v -0.32897195 0.09477091 -0.92750919
v -0.32803291 0.07950323 -0.92962813
v -0.32666573 0.06467930 -0.93160790
v -0.32526794 0.04992216 -0.93357247
v -0.32482046 0.03431433 -0.93582606
v -0.32498097 0.01818320 -0.93826145
v -0.32514098 0.00209921 -0.94068962
v -0.32530051 -0.01393784 -0.94311076
v -0.32561591 -0.03007246 -0.94557303
v -0.32666594 -0.04683600 -0.94825441
v -0.32608774 -0.06205501 -0.95042759
v -0.32551104 -0.07723401 -0.95259506
v -0.32536751 -0.09276655 -0.95488924
v -0.32632741 -0.10925794 -0.95751464
v -0.32678416 -0.12524392 -0.95997882
v -0.32723954 -0.14118201 -0.96243572
v -0.32829097 -0.15760991 -0.96506721
v -0.32997680 -0.17455713 -0.96788442
v -0.33165684 -0.19144607 -0.97069192
v -0.33310148 -0.20807238 -0.97342008
v -0.33490169 -0.22496322 -0.97624844
v -0.33685690 -0.24193820 -0.97911566
v -0.33424857 -0.25483158 -0.98059565
v -0.33118618 -0.26729777 -0.98193449
v -0.32812881 -0.27974337 -0.98327094
v -0.32500374 -0.29210475 -0.98458338
v -0.32188395 -0.30444631 -0.98589373
v -0.31876922 -0.31676784 -0.98720205
v -0.31565949 -0.32906941 -0.98850811
v -0.31255484 -0.34135109 -0.98981214
v -0.29887962 -0.34451580 -0.98795301
v -0.28094983 -0.34406692 -0.98482913
v -0.26273620 -0.34343323 -0.98162925
v 0.03514123 -0.12032567 -0.89753968
v 0.04398353 -0.12851633 -0.89725482
v 0.05287771 -0.13666844 -0.89695537
v 0.06067993 -0.14574440 -0.89698005
v 0.06792696 -0.15528528 -0.89716870
v 0.07517237 -0.16482407 -0.89735734
v 0.08212546 -0.17460288 -0.89763165
v 0.08840755 -0.18493374 -0.89810270
v 0.09452797 -0.19538976 -0.89862007
v 0.10064467 -0.20583944 -0.89913708
v 0.10654406 -0.21645837 -0.89971638
v 0.11219550 -0.22726998 -0.90036672
v 0.11770589 -0.23818499 -0.90105671
v 0.12321179 -0.24909113 -0.90174592
v 0.12871327 -0.25998846 -0.90243471
v 0.13408257 -0.27098021 -0.90316004
v 0.13942760 -0.28197846 -0.90389061
v 0.14468014 -0.29303786 -0.90464592
v 0.14992802 -0.30408740 -0.90540063
v 0.15517123 -0.31512713 -0.90615469
v 0.16040292 -0.32616246 -0.90690994
v 0.16562752 -0.33718991 -0.90766531
v 0.17084174 -0.34821203 -0.90842164
v 0.17604406 -0.35923001 -0.90917939
v 0.18124174 -0.37023813 -0.90993643
v 0.18644436 -0.38122886 -0.91069007
v 0.19168510 -0.39217645 -0.91143072
v 0.19692123 -0.40311447 -0.91217077
v 0.20221715 -0.41399297 -0.91289181
v 0.20755172 -0.42482883 -0.91359985
v 0.21288180 -0.43565559 -0.91430730
v 0.21824642 -0.44644335 -0.91500300
v 0.22363943 -0.45719710 -0.91568887
v 0.22902803 -0.46794209 -0.91637409
v 0.23469368 -0.47846437 -0.91697878
v 0.24038777 -0.48895451 -0.91757393
v 0.24608295 -0.49943340 -0.91816723
v 0.25181732 -0.50987232 -0.91874784
v 0.25754774 -0.52030408 -0.91932815
v 0.26382449 -0.53031713 -0.91975266
v 0.27037954 -0.54011536 -0.92009771
v 0.27693793 -0.54990512 -0.92044091
v 0.28352129 -0.55967039 -0.92077619
v 0.29027888 -0.56930125 -0.92106169
v 0.29859382 -0.57778180 -0.92091006
v 0.30692613 -0.58625215 -0.92075384
v 0.31537113 -0.59464294 -0.92056662
v 0.32495496 -0.60220772 -0.92006189
v 0.33596307 -0.60874748 -0.91916120
v 0.34753346 -0.61489612 -0.91810638
v 0.36184078 -0.61908972 -0.91629314
v 0.37665135 -0.62295288 -0.91434473
v 0.39489427 -0.62439144 -0.91144925
v 0.41690972 -0.62318683 -0.90751606
v 0.46117413 -0.60622156 -0.89743680
v -0.33610389 0.50748563 -0.85469520
v -0.34310228 0.48296031 -0.85958409
v -0.34984773 0.45878997 -0.86437631
v -0.35584897 0.43547046 -0.86891276
v -0.35857219 0.41555932 -0.87237388
v -0.35935190 0.39767796 -0.87519622
v -0.36010864 0.37987542 -0.87800264
v -0.36084628 0.36214745 -0.88079458
v -0.36158153 0.34447688 -0.88357753
v -0.36218262 0.32699472 -0.88630909
v -0.36088926 0.31144786 -0.88842440
v -0.35988772 0.29565352 -0.89062697
v -0.35905370 0.27973700 -0.89287668
v -0.35822192 0.26386231 -0.89512050
v -0.35739228 0.24802929 -0.89735842
v -0.35656482 0.23223782 -0.89959049
v -0.35548547 0.21673529 -0.90173590
v -0.35383949 0.20182490 -0.90369499
v -0.35180473 0.18732895 -0.90552503
v -0.34977442 0.17286423 -0.90735102
v -0.34774843 0.15843068 -0.90917319
v -0.34572682 0.14402814 -0.91099137
v -0.34407550 0.12930669 -0.91292107
v -0.34290311 0.11416602 -0.91499609
v -0.34194562 0.09886111 -0.91713274
v -0.34054953 0.08401261 -0.91912538
v -0.33913419 0.06922047 -0.92110622
v -0.33772224 0.05446315 -0.92308247
v -0.33670130 0.03937687 -0.92517531
v -0.33684438 0.02324229 -0.92762566
v -0.33698702 0.00715485 -0.93006879
v -0.33684957 -0.00862584 -0.93241775
v -0.33626086 -0.02394393 -0.93461972
v -0.33759803 -0.04099796 -0.93741322
v -0.33912250 -0.05817139 -0.94025689
v -0.34064180 -0.07528617 -0.94309086
v -0.34251720 -0.09267296 -0.94602698
v -0.34295005 -0.10868952 -0.94850928
v -0.34338138 -0.12465789 -0.95098412
v -0.34381142 -0.14057846 -0.95345163
v -0.34489560 -0.15704314 -0.95611310
v -0.34654650 -0.17396770 -0.95894116
v -0.34781113 -0.19049279 -0.96164274
v -0.34907159 -0.20696355 -0.96433544
v -0.35085452 -0.22384953 -0.96718031
v -0.35277951 -0.24080861 -0.97006059
v -0.35469773 -0.25770795 -0.97293073
v -0.35647488 -0.27442926 -0.97574985
v -0.35828260 -0.29112515 -0.97857034
v -0.35611612 -0.30428329 -0.98017663
v -0.35297763 -0.31656206 -0.98148364
v -0.34984428 -0.32882100 -0.98278862
v -0.34671593 -0.34106022 -0.98409158
v -0.34339055 -0.35310477 -0.98533142
v -0.34001300 -0.36508143 -0.98655206
v -0.33664060 -0.37704003 -0.98777092
v -0.33327326 -0.38898057 -0.98898792
v -0.32064867 -0.39298692 -0.98742247
v -0.30367336 -0.39331558 -0.98455691
v -0.28604785 -0.39314461 -0.98150462
v -0.26817104 -0.39281675 -0.97838569
v 0.04861312 -0.14035973 -0.88603431
v 0.05655206 -0.14931704 -0.88601780
v 0.06322381 -0.15933689 -0.88637859
v 0.06987409 -0.16936812 -0.88674480
v 0.07681158 -0.17915349 -0.88702476
v 0.08335586 -0.18926020 -0.88742054
v 0.08947557 -0.19971107 -0.88794088
v 0.09559156 -0.21015559 -0.88846099
v 0.10170384 -0.22059377 -0.88898075
v 0.10745759 -0.23131634 -0.88960481
v 0.11296818 -0.24222629 -0.89029890
v 0.11847429 -0.25312743 -0.89099228
v 0.12397594 -0.26401967 -0.89168513
v 0.12946616 -0.27490875 -0.89237952
v 0.13481306 -0.28590092 -0.89311403
v 0.14006613 -0.29695538 -0.89387399
v 0.14531454 -0.30799997 -0.89463329
v 0.15055826 -0.31903473 -0.89539182
v 0.15579733 -0.33005968 -0.89614981
v 0.16102472 -0.34108043 -0.89690912
v 0.16623971 -0.35209745 -0.89766991
v 0.17144260 -0.36311048 -0.89843225
v 0.17664082 -0.37411365 -0.89919388
v 0.18183440 -0.38510698 -0.89995480
v 0.18703035 -0.39608505 -0.90071309
v 0.19226697 -0.40701807 -0.90145761
v 0.19756003 -0.41789418 -0.90218389
v 0.20289499 -0.42872521 -0.90289623
v 0.20822543 -0.43954709 -0.90360796
v 0.21355140 -0.45035994 -0.90431911
v 0.21890530 -0.46113893 -0.90502036
v 0.22429416 -0.47187898 -0.90570968
v 0.22994591 -0.48240712 -0.90632206
v 0.23563989 -0.49289256 -0.90692073
v 0.24132986 -0.50337064 -0.90751910
v 0.24701625 -0.51384091 -0.90811676
v 0.25274649 -0.52426797 -0.90870053
v 0.25897798 -0.53431004 -0.90914023
v 0.26553190 -0.54410422 -0.90948737
v 0.27208313 -0.55389434 -0.90983433
v 0.27863595 -0.56367737 -0.91017991
v 0.28526753 -0.57339627 -0.91050243
v 0.29357901 -0.58187413 -0.91034973
v 0.30189204 -0.59035349 -0.91019714
v 0.31022671 -0.59881973 -0.91003883
v 0.31949228 -0.60661089 -0.90961915
v 0.33049276 -0.61315024 -0.90871340
v 0.34150508 -0.61969656 -0.90780652
v 0.35460231 -0.62475538 -0.90631813
v 0.36939386 -0.62862235 -0.90435958
v 0.38557869 -0.63152504 -0.90201688
v 0.40983021 -0.62871039 -0.89742953
v 0.44345742 -0.61930472 -0.89024115
v -0.33928040 0.52209997 -0.84059656
v -0.35099086 0.49266782 -0.84707820
v -0.35793215 0.46823835 -0.85197765
v -0.36435708 0.44443172 -0.85669345
v -0.36827925 0.42325997 -0.86057746
v -0.36904326 0.40536201 -0.86341959
v -0.36980477 0.38752243 -0.86625248
v -0.37054798 0.36975691 -0.86907107
v -0.37126768 0.35207024 -0.87187356
v -0.37198499 0.33444077 -0.87466699
v -0.37131947 0.31824386 -0.87700433
v -0.37001637 0.30272588 -0.87912863
v -0.36885437 0.28710958 -0.88129228
v -0.36800954 0.27122232 -0.88355166
v -0.36716688 0.25537679 -0.88580519
v -0.36632648 0.23957281 -0.88805282
v -0.36548826 0.22381023 -0.89029449
v -0.36374393 0.20897406 -0.89223933
v -0.36256239 0.19362873 -0.89435852
v -0.36145550 0.17825197 -0.89649540
v -0.36035141 0.16291371 -0.89862692
v -0.35925007 0.14761378 -0.90075308
v -0.35737127 0.13310038 -0.90262568
v -0.35588133 0.11825107 -0.90461648
v -0.35445634 0.10337801 -0.90662211
v -0.35302347 0.08855077 -0.90861940
v -0.35159397 0.07375845 -0.91061193
v -0.35016784 0.05900095 -0.91259986
v -0.34874505 0.04427814 -0.91458303
v -0.34870198 0.02829889 -0.91699511
v -0.34880781 0.01222621 -0.91944712
v -0.34820262 -0.00313731 -0.92166877
v -0.34759900 -0.01846026 -0.92388451
v -0.34803268 -0.03470194 -0.92641878
v -0.34953931 -0.05188630 -0.92928123
v -0.35104084 -0.06901197 -0.93213391
v -0.35175133 -0.08535839 -0.93473190
v -0.35433465 -0.10336833 -0.93790561
v -0.35726094 -0.12163129 -0.94117707
v -0.36017576 -0.13982250 -0.94443566
v -0.36129704 -0.15632859 -0.94712877
v -0.36253810 -0.17289247 -0.94985145
v -0.36377510 -0.18940189 -0.95256519
v -0.36500803 -0.20585707 -0.95526993
v -0.36677369 -0.22273821 -0.95813137
v -0.36866862 -0.23968138 -0.96102458
v -0.37032059 -0.25635505 -0.96383494
v -0.37196249 -0.27296773 -0.96663427
v -0.37374160 -0.28964970 -0.96946782
v -0.37551457 -0.30627394 -0.97229153
v -0.37728143 -0.32284066 -0.97510552
v -0.37891236 -0.33923674 -0.97787023
v -0.37711841 -0.35259774 -0.97958308
v -0.37372345 -0.36453670 -0.98080373
v -0.37033361 -0.37645769 -0.98202246
v -0.36694893 -0.38836077 -0.98323953
v -0.36356926 -0.40024593 -0.98445469
v -0.35998327 -0.41193199 -0.98560405
v -0.35618070 -0.42341197 -0.98668468
v -0.35238323 -0.43487656 -0.98776382
v -0.34002805 -0.43905479 -0.98625976
v -0.32366881 -0.43987128 -0.98355436
v -0.30699921 -0.44047502 -0.98076290
v -0.29027197 -0.44108087 -0.97796184
v 0.06118241 -0.16115727 -0.87479788
v 0.06783415 -0.17118964 -0.87516659
v 0.07448304 -0.18121773 -0.87553525
v 0.08089814 -0.19143325 -0.87597263
v 0.08664478 -0.20219402 -0.87660813
v 0.09234423 -0.21298230 -0.87725604
v 0.09803940 -0.22376247 -0.87790340
v 0.10367396 -0.23458065 -0.87856704
v 0.10892969 -0.24569640 -0.87934124
v 0.11417369 -0.25680783 -0.88011682
v 0.11941296 -0.26790932 -0.88089168
v 0.12473899 -0.27892679 -0.88163882
v 0.13020124 -0.28982112 -0.88234377
v 0.13545482 -0.30087060 -0.88310832
v 0.14070374 -0.31191021 -0.88387209
v 0.14594799 -0.32294002 -0.88463527
v 0.15118758 -0.33396006 -0.88539779
v 0.15642253 -0.34497029 -0.88615960
v 0.16164033 -0.35598058 -0.88692433
v 0.16684377 -0.36698869 -0.88769126
v 0.17204258 -0.37798700 -0.88845748
v 0.17723671 -0.38897538 -0.88922304
v 0.18242620 -0.39995399 -0.88998789
v 0.18761548 -0.41091937 -0.89075077
v 0.19290571 -0.42179310 -0.89148235
v 0.19824100 -0.43261918 -0.89219898
v 0.20357183 -0.44343629 -0.89291501
v 0.20889816 -0.45424426 -0.89363039
v 0.21422005 -0.46504319 -0.89434522
v 0.21956325 -0.47581345 -0.89505202
v 0.22520110 -0.48634744 -0.89567202
v 0.23089498 -0.49682817 -0.89627427
v 0.23658486 -0.50730157 -0.89687616
v 0.24227069 -0.51776755 -0.89747757
v 0.24795252 -0.52822614 -0.89807856
v 0.25413468 -0.53830034 -0.89853483
v 0.26068741 -0.54809046 -0.89888406
v 0.26723745 -0.55787659 -0.89923304
v 0.27378485 -0.56765866 -0.89958191
v 0.28033212 -0.57743490 -0.89992994
v 0.28856778 -0.58596349 -0.89979696
v 0.29687741 -0.59444034 -0.89964354
v 0.30518854 -0.60291857 -0.89948994
v 0.31412435 -0.61094469 -0.89915991
v 0.32545105 -0.61724156 -0.89815450
v 0.33679122 -0.62354583 -0.89714795
v 0.34886867 -0.62933570 -0.89593589
v 0.36497796 -0.63224971 -0.89359128
v 0.38120389 -0.63512003 -0.89121985
v 0.40276036 -0.63422638 -0.88735676
v 0.42749247 -0.63113946 -0.88261223
v -0.35888857 0.50238651 -0.83455783
v -0.36581177 0.47791576 -0.83949512
v -0.37269637 0.45358154 -0.84440476
v -0.37799063 0.43096408 -0.84877574
v -0.37873897 0.41304949 -0.85163784
v -0.37948483 0.39519343 -0.85449058
v -0.38022825 0.37739551 -0.85733402
v -0.38095796 0.35966685 -0.86016452
v -0.38165981 0.34202135 -0.86297750
v -0.38175115 0.32504082 -0.86558270
v -0.38043508 0.30951339 -0.86772126
v -0.37912223 0.29402423 -0.86985445
v -0.37781262 0.27857316 -0.87198246
v -0.37694508 0.26272693 -0.87424779
v -0.37609166 0.24691047 -0.87651092
v -0.37524047 0.23113541 -0.87876815
v -0.37400213 0.21578237 -0.88089365
v -0.37218356 0.20103566 -0.88282561
v -0.37072361 0.18597764 -0.88486755
v -0.36960763 0.17062566 -0.88701415
v -0.36849442 0.15531206 -0.88915539
v -0.36738399 0.14003669 -0.89129138
v -0.36627632 0.12479941 -0.89342189
v -0.36567026 0.10912313 -0.89570683
v -0.36514199 0.09341612 -0.89801002
v -0.36404499 0.07829326 -0.90012497
v -0.36260471 0.06353559 -0.90212446
v -0.36116782 0.04881260 -0.90411937
v -0.36055377 0.03335301 -0.90636981
v -0.36017221 0.01771787 -0.90868753
v -0.35955209 0.00234950 -0.91092300
v -0.35893363 -0.01297830 -0.91315269
v -0.35846752 -0.02840580 -0.91542399
v -0.35995635 -0.04560109 -0.91830534
v -0.36126006 -0.06257146 -0.92112011
v -0.36176306 -0.07875232 -0.92367512
v -0.36320272 -0.09574454 -0.92651695
v -0.36611238 -0.11402779 -0.92981166
v -0.36901063 -0.13223919 -0.93309355
v -0.37133086 -0.14986438 -0.93618530
v -0.37529057 -0.16891678 -0.93978018
v -0.37923321 -0.18788701 -0.94335949
v -0.38091090 -0.20475291 -0.94622356
v -0.38256890 -0.22154813 -0.94907337
v -0.38418928 -0.23825702 -0.95190346
v -0.38580415 -0.25490874 -0.95472395
v -0.38741964 -0.27150908 -0.95753670
v -0.38917023 -0.28817719 -0.96038324
v -0.39091477 -0.30478767 -0.96321982
v -0.39252648 -0.32122919 -0.96600765
v -0.39404675 -0.33753943 -0.96875966
v -0.39531809 -0.35358170 -0.97142732
v -0.39658529 -0.36957157 -0.97408623
v -0.39784837 -0.38550934 -0.97673655
v -0.39688772 -0.39947364 -0.97869867
v -0.39306727 -0.41093430 -0.97978091
v -0.38925114 -0.42237902 -0.98086149
v -0.38544011 -0.43380851 -0.98194057
v -0.38163415 -0.44522274 -0.98301822
v -0.37783325 -0.45662180 -0.98409450
v -0.37368593 -0.46770722 -0.98506260
v -0.36847246 -0.47787282 -0.98570472
v -0.35495535 -0.48102131 -0.98383063
v -0.34004784 -0.48303437 -0.98154140
v -0.32509807 -0.48505315 -0.97924554
v 0.06579358 -0.17301172 -0.86358488
v 0.07244393 -0.18304096 -0.86395603
v 0.07899377 -0.19314700 -0.86435640
v 0.08499245 -0.20370190 -0.86492109
v 0.09069377 -0.21449198 -0.86557353
v 0.09639081 -0.22527395 -0.86622542
v 0.10208356 -0.23604779 -0.86687690
v 0.10745201 -0.24707495 -0.86762339
v 0.11269797 -0.25818855 -0.86840439
v 0.11793922 -0.26929212 -0.86918479
v 0.12317574 -0.28038570 -0.86996436
v 0.12840754 -0.29146928 -0.87074333
v 0.13353476 -0.30262315 -0.87155122
v 0.13862349 -0.31379357 -0.87236828
v 0.14370742 -0.32495347 -0.87318468
v 0.14878653 -0.33610281 -0.87400019
v 0.15386085 -0.34724164 -0.87481493
v 0.15894547 -0.35835800 -0.87562454
v 0.16406861 -0.36942983 -0.87642056
v 0.16918990 -0.38048917 -0.87721509
v 0.17430648 -0.39153832 -0.87800878
v 0.17941836 -0.40257731 -0.87880176
v 0.18452553 -0.41360614 -0.87959403
v 0.18972494 -0.42454964 -0.88035727
v 0.19506665 -0.43536997 -0.88107693
v 0.20040445 -0.44618076 -0.88179582
v 0.20573780 -0.45698255 -0.88251412
v 0.21106669 -0.46777534 -0.88323188
v 0.21639113 -0.47855908 -0.88394898
v 0.22204605 -0.48907933 -0.88456833
v 0.22785088 -0.49947524 -0.88514262
v 0.23365185 -0.50986427 -0.88571650
v 0.23944893 -0.52024627 -0.88629001
v 0.24524213 -0.53062135 -0.88686311
v 0.25141373 -0.54070371 -0.88732570
v 0.25811592 -0.55038291 -0.88763440
v 0.26481768 -0.56005698 -0.88794237
v 0.27151710 -0.56972772 -0.88825029
v 0.27821407 -0.57939488 -0.88855809
v 0.28619689 -0.58811140 -0.88849694
v 0.29460028 -0.59652072 -0.88831568
v 0.30301240 -0.60492671 -0.88813239
v 0.31142631 -0.61333448 -0.88794911
v 0.32253763 -0.61978835 -0.88699812
v 0.33386561 -0.62610161 -0.88598782
v 0.34521738 -0.63241482 -0.88497347
v 0.36062372 -0.63583261 -0.88281149
v 0.37687683 -0.63868052 -0.88041508
v 0.39570016 -0.63973486 -0.87729764
v 0.42040664 -0.63665771 -0.87252551
v 0.46404830 -0.62023920 -0.86242121
v -0.36352322 0.51549351 -0.82093048
v -0.37204275 0.48930982 -0.82644546
v -0.38050964 0.46328795 -0.83192641
v -0.38730782 0.43907896 -0.83683628
v -0.38843894 0.42074043 -0.83985072
v -0.38916916 0.40286779 -0.84272337
v -0.38989699 0.38505346 -0.84558666
v -0.39062244 0.36729702 -0.84844059
v -0.39133874 0.34960511 -0.85128295
v -0.39202282 0.33200055 -0.85410631
v -0.39085522 0.31630182 -0.85631227
v -0.38952944 0.30080321 -0.85845971
v -0.38820696 0.28534278 -0.86060190
v -0.38688773 0.26992032 -0.86273885
v -0.38586035 0.25425074 -0.86496484
v -0.38499627 0.23846324 -0.86723769
v -0.38413441 0.22271703 -0.86950451
v -0.38243183 0.20783624 -0.87149101
v -0.38060570 0.19311377 -0.87343150
v -0.37886870 0.17834169 -0.87539530
v -0.37774363 0.16301440 -0.87755167
v -0.37662137 0.14772539 -0.87970263
v -0.37550190 0.13247451 -0.88184822
v -0.37451118 0.11714081 -0.88402921
v -0.37397081 0.10141776 -0.88634884
v -0.37343189 0.08573715 -0.88866222
v -0.37289447 0.07009882 -0.89096946
v -0.37235844 0.05450261 -0.89327043
v -0.37187806 0.03889717 -0.89558250
v -0.37153304 0.02320782 -0.89793134
v -0.37089801 0.00783459 -0.90018070
v -0.37026465 -0.00749806 -0.90242410
v -0.36963299 -0.02279028 -0.90466172
v -0.37037358 -0.03931576 -0.90732920
v -0.37128863 -0.05595300 -0.91004461
v -0.37177640 -0.07214522 -0.91261655
v -0.37226272 -0.08828822 -0.91518074
v -0.37496898 -0.10641988 -0.91843969
v -0.37784046 -0.12462395 -0.92174572
v -0.37959957 -0.14178950 -0.92468333
v -0.38274553 -0.16014233 -0.92805338
v -0.38667420 -0.17914177 -0.93166000
v -0.39058599 -0.19805942 -0.93525106
v -0.39423025 -0.21667023 -0.93874812
v -0.39865997 -0.23592120 -0.94248128
v -0.40125725 -0.25346532 -0.94563091
v -0.40284643 -0.27005327 -0.94845688
v -0.40451971 -0.28666413 -0.95130116
v -0.40609524 -0.30313644 -0.95410699
v -0.40766540 -0.31955278 -0.95690322
v -0.40915281 -0.33584529 -0.95966601
v -0.41039827 -0.35187531 -0.96234602
v -0.41163972 -0.36785308 -0.96501738
v -0.41281158 -0.38372168 -0.96765971
v -0.41369790 -0.39929441 -0.97020656
v -0.41413471 -0.41443181 -0.97260767
v -0.41457024 -0.42952469 -0.97500175
v -0.41444713 -0.44409382 -0.97721732
v -0.41051355 -0.45535588 -0.97825694
v -0.40529740 -0.46550307 -0.97890031
v -0.40008536 -0.47564223 -0.97954315
v -0.39487749 -0.48577338 -0.98018551
v -0.38967377 -0.49589652 -0.98082739
v -0.38447410 -0.50601155 -0.98146868
v -0.37604007 -0.51339531 -0.98112339
v -0.36136129 -0.51555091 -0.97887987
v -0.34664178 -0.51771253 -0.97663021
v -0.33177567 -0.51979208 -0.97434223
v 0.07705317 -0.19489086 -0.85274678
v 0.08310433 -0.20540495 -0.85330003
v 0.08904259 -0.21600233 -0.85388583
v 0.09474150 -0.22678608 -0.85454226
v 0.10043613 -0.23756178 -0.85519826
v 0.10586658 -0.24854156 -0.85593188
v 0.11122153 -0.25956991 -0.85668623
v 0.11646474 -0.27067563 -0.85747206
v 0.12170321 -0.28177130 -0.85825711
v 0.12693699 -0.29285705 -0.85904151
v 0.13208835 -0.30399519 -0.85984844
v 0.13720594 -0.31514627 -0.86066329
v 0.14229184 -0.32630834 -0.86148530
v 0.14737293 -0.33745992 -0.86230665
v 0.15244922 -0.34860092 -0.86312717
v 0.15752721 -0.35972634 -0.86394501
v 0.16264498 -0.37080610 -0.86474878
v 0.16776411 -0.38187084 -0.86555004
v 0.17288263 -0.39292213 -0.86634934
v 0.17799646 -0.40396327 -0.86714792
v 0.18310556 -0.41499421 -0.86794579
v 0.18826957 -0.42596880 -0.86872530
v 0.19358838 -0.43681034 -0.86945730
v 0.19892310 -0.44762701 -0.87018275
v 0.20425838 -0.45843086 -0.87090611
v 0.20958914 -0.46922553 -0.87162882
v 0.21491548 -0.48001128 -0.87235099
v 0.22048621 -0.49059892 -0.87299979
v 0.22627598 -0.50100952 -0.87358302
v 0.23207878 -0.51140028 -0.87416089
v 0.23787767 -0.52178407 -0.87473840
v 0.24367268 -0.53216094 -0.87531549
v 0.24968524 -0.54236537 -0.87582797
v 0.25638288 -0.55205071 -0.87614053
v 0.26308262 -0.56172913 -0.87645179
v 0.26978362 -0.57140136 -0.87676173
v 0.27648219 -0.58107013 -0.87707168
v 0.28415474 -0.59001756 -0.87709993
v 0.29249689 -0.59847385 -0.87693542
v 0.30088952 -0.60689604 -0.87675673
v 0.30930430 -0.61530519 -0.87657225
v 0.31976524 -0.62223291 -0.87580138
v 0.33098328 -0.62862617 -0.87481558
v 0.34229001 -0.63497216 -0.87380701
v 0.35627156 -0.63941371 -0.87203681
v 0.37255186 -0.64223939 -0.86961544
v 0.38864958 -0.64523584 -0.86725235
v 0.41522038 -0.64082438 -0.86191481
v 0.45787826 -0.62510055 -0.85201848
v -0.37496969 0.50414580 -0.81225806
v -0.38344026 0.47803870 -0.81779116
v -0.39185864 0.45209274 -0.82329011
v -0.39657137 0.43004179 -0.82753235
v -0.39798009 0.41144010 -0.83065760
v -0.39938387 0.39290389 -0.83377188
v -0.40027991 0.37494197 -0.83670771
v -0.40098748 0.35722688 -0.83957207
v -0.40169042 0.33957160 -0.84242642
v -0.40127677 0.32309118 -0.84490174
v -0.39993811 0.30758318 -0.84706342
v -0.39860269 0.29211330 -0.84921974
v -0.39727062 0.27668148 -0.85137075
v -0.39594176 0.26128754 -0.85351658
v -0.39475554 0.24579370 -0.85570294
v -0.39388078 0.23003507 -0.85798526
v -0.39268175 0.21463794 -0.86015451
v -0.39084396 0.19990662 -0.86210787
v -0.38901028 0.18520834 -0.86405689
v -0.38718075 0.17054300 -0.86600161
v -0.38586357 0.15541813 -0.86810774
v -0.38473231 0.14015365 -0.87026840
v -0.38360384 0.12492722 -0.87242371
v -0.38280550 0.10942469 -0.87467998
v -0.38225445 0.09372807 -0.87700987
v -0.38170493 0.07807379 -0.87933356
v -0.38115686 0.06246167 -0.88165092
v -0.38033593 0.04715143 -0.88387346
v -0.37992507 0.03149556 -0.88622189
v -0.38038367 0.01506533 -0.88884366
v -0.38084084 -0.00131473 -0.89145732
v -0.38094559 -0.01731658 -0.89395028
v -0.38079101 -0.03303030 -0.89635295
v -0.38131878 -0.04933348 -0.89896715
v -0.38179135 -0.06553706 -0.90155625
v -0.38226250 -0.08169138 -0.90413743
v -0.38383070 -0.09880758 -0.90706122
v -0.38644743 -0.11683165 -0.91031063
v -0.38818398 -0.13399099 -0.91327071
v -0.39020854 -0.15135837 -0.91631389
v -0.39412329 -0.17038707 -0.91994786
v -0.39793950 -0.18925989 -0.92354023
v -0.40073577 -0.20714614 -0.92679989
v -0.40502989 -0.22632052 -0.93052340
v -0.40942866 -0.24552074 -0.93426931
v -0.41369545 -0.26453459 -0.93796313
v -0.41781679 -0.28335151 -0.94160080
v -0.42123291 -0.30147576 -0.94500679
v -0.42277592 -0.31787950 -0.94781584
v -0.42423058 -0.33415431 -0.95058948
v -0.42542204 -0.35014728 -0.95327300
v -0.42655846 -0.36604342 -0.95593184
v -0.42769116 -0.38188827 -0.95858204
v -0.42853093 -0.39743009 -0.96113372
v -0.42894551 -0.41255656 -0.96354598
v -0.42935890 -0.42763865 -0.96595126
v -0.42973104 -0.44264191 -0.96833700
v -0.42925668 -0.45687425 -0.97045410
v -0.42791560 -0.47032550 -0.97229731
v -0.42622089 -0.48344150 -0.97402626
v -0.42101815 -0.49353838 -0.97466868
v -0.41581959 -0.50362724 -0.97531068
v -0.40980312 -0.51301241 -0.97569931
v -0.40273827 -0.52150625 -0.97576505
v -0.39567399 -0.52999938 -0.97583067
v -0.38694850 -0.53709900 -0.97538751
v -0.37323949 -0.54004288 -0.97342157
v -0.35976785 -0.54321927 -0.97153348
v -0.34626496 -0.54640305 -0.96964097
v -0.30514959 -0.52677459 -0.95934415
v 0.08721370 -0.21765932 -0.84224689
v 0.09309147 -0.22829892 -0.84285402
v 0.09878796 -0.23907639 -0.84351450
v 0.10428015 -0.25000909 -0.84423512
v 0.10964458 -0.26103318 -0.84499240
v 0.11498952 -0.27205980 -0.84575349
v 0.12022997 -0.28315765 -0.84654415
v 0.12546569 -0.29424548 -0.84733391
v 0.13063686 -0.30537143 -0.84814113
v 0.13575959 -0.31652209 -0.84896064
v 0.14087555 -0.32766393 -0.84978002
v 0.14595860 -0.33881772 -0.85060710
v 0.15103686 -0.34996092 -0.85143334
v 0.15611032 -0.36109367 -0.85225880
v 0.16122794 -0.37217730 -0.85306889
v 0.16634293 -0.38324901 -0.85387760
v 0.17145807 -0.39430666 -0.85468411
v 0.17657383 -0.40534991 -0.85548818
v 0.18168487 -0.41638300 -0.85629159
v 0.18681350 -0.42738867 -0.85708767
v 0.19213423 -0.43823227 -0.85782474
v 0.19745044 -0.44906673 -0.85856128
v 0.20277821 -0.45987973 -0.85929239
v 0.20811088 -0.47067645 -0.86002016
v 0.21343912 -0.48146418 -0.86074734
v 0.21892942 -0.49211633 -0.86142486
v 0.22472066 -0.50252903 -0.86201227
v 0.23050797 -0.51293468 -0.86259925
v 0.23630571 -0.52332258 -0.86318165
v 0.24210252 -0.53370124 -0.86376274
v 0.24795607 -0.54402769 -0.86432570
v 0.25465533 -0.55371457 -0.86464047
v 0.26135215 -0.56339794 -0.86495507
v 0.26804948 -0.57307565 -0.86526877
v 0.27474967 -0.58274603 -0.86558080
v 0.28211200 -0.59192425 -0.86569977
v 0.29045516 -0.60038191 -0.86553407
v 0.29879990 -0.60884118 -0.86536837
v 0.30718172 -0.61727631 -0.86519241
v 0.31699270 -0.62467748 -0.86460412
v 0.32820943 -0.63107228 -0.86361194
v 0.33943895 -0.63747436 -0.86261863
v 0.35195118 -0.64297181 -0.86125886
v 0.36963701 -0.64478862 -0.85841632
v 0.38745144 -0.64656097 -0.85554415
v 0.41333610 -0.64264286 -0.85036671
v 0.45200834 -0.62979925 -0.84163833
v -0.37654325 0.52043724 -0.79756564
v -0.38637978 0.49283406 -0.80361313
v -0.39480177 0.46680325 -0.80916423
v -0.40289918 0.44121245 -0.81458908
v -0.40430585 0.42256692 -0.81774253
v -0.40570146 0.40399337 -0.82088286
v -0.40709037 0.38548699 -0.82401150
v -0.40847442 0.36704558 -0.82712924
v -0.40985358 0.34866872 -0.83023596
v -0.41097155 0.33061427 -0.83324611
v -0.41027623 0.31443623 -0.83564150
v -0.40899986 0.29888478 -0.83783603
v -0.40765488 0.28344357 -0.84000117
v -0.40631321 0.26804027 -0.84216112
v -0.40497485 0.25267470 -0.84431565
v -0.40363973 0.23734678 -0.84646493
v -0.40274528 0.22162591 -0.84875375
v -0.40108395 0.20670058 -0.85078239
v -0.39923865 0.19199347 -0.85274428
v -0.39739746 0.17731932 -0.85470176
v -0.39556041 0.16267799 -0.85665488
v -0.39396757 0.14783683 -0.85868257
v -0.39282730 0.13259682 -0.86085284
v -0.39168984 0.11739475 -0.86301768
v -0.39108282 0.10172430 -0.86534971
v -0.39052126 0.08605405 -0.86769003
v -0.38996115 0.07042602 -0.87002385
v -0.38898531 0.05523646 -0.87221545
v -0.38793588 0.04015745 -0.87437683
v -0.38795635 0.02410840 -0.87687951
v -0.38840225 0.00770546 -0.87951291
v -0.38884676 -0.00864743 -0.88213837
v -0.38921171 -0.02487738 -0.88473046
v -0.39019588 -0.04163662 -0.88751513
v -0.39180785 -0.05892786 -0.89049423
v -0.39226380 -0.07509351 -0.89309245
v -0.39269751 -0.09119085 -0.89567608
v -0.39505213 -0.10900846 -0.89886928
v -0.39677417 -0.12618728 -0.90185046
v -0.39849022 -0.14330597 -0.90482128
v -0.40158042 -0.16162285 -0.90822297
v -0.40521899 -0.18037584 -0.91179007
v -0.40800270 -0.19828959 -0.91507447
v -0.41140917 -0.21670571 -0.91854787
v -0.41579688 -0.23594162 -0.92232347
v -0.41994637 -0.25489533 -0.92601281
v -0.42351216 -0.27326024 -0.92950660
v -0.42782575 -0.29222834 -0.93322724
v -0.43212014 -0.31111214 -0.93693137
v -0.43614832 -0.32969326 -0.94054109
v -0.43981749 -0.34789249 -0.94402742
v -0.44143608 -0.36422479 -0.94685847
v -0.44254377 -0.38005820 -0.94952083
v -0.44333720 -0.39556909 -0.95207727
v -0.44370806 -0.41066590 -0.95449388
v -0.44404763 -0.42569229 -0.95689404
v -0.44438627 -0.44067493 -0.95928729
v -0.44382745 -0.45484045 -0.96139365
v -0.44247109 -0.46828234 -0.96324551
v -0.44111779 -0.48169392 -0.96509320
v -0.43975395 -0.49506363 -0.96693248
v -0.43712527 -0.50732321 -0.96837389
v -0.43206528 -0.51749289 -0.96905756
v -0.42506477 -0.52600801 -0.96913844
v -0.41806501 -0.53452241 -0.96921945
v -0.41106588 -0.54303586 -0.96930027
v -0.40404171 -0.55152690 -0.96937317
v -0.39531121 -0.55859113 -0.96892053
v -0.38162118 -0.56153333 -0.96694404
v -0.36789781 -0.56448263 -0.96496272
v -0.35429499 -0.56756634 -0.96302372
v -0.32326108 -0.55630934 -0.95575172
v 0.09132186 -0.22991011 -0.83119696
v 0.09713907 -0.24059168 -0.83182561
v 0.10269299 -0.25147733 -0.83253294
v 0.10805932 -0.26250330 -0.83329540
v 0.11342103 -0.27351975 -0.83405727
v 0.11875600 -0.28454465 -0.83482528
v 0.12399369 -0.29563463 -0.83562052
v 0.12918463 -0.30674833 -0.83642793
v 0.13430934 -0.31790119 -0.83725315
v 0.13942924 -0.32904357 -0.83807760
v 0.14454356 -0.34017619 -0.83890158
v 0.14962378 -0.35132164 -0.83973354
v 0.15469921 -0.36245659 -0.84056479
v 0.15981019 -0.37354919 -0.84138310
v 0.16492712 -0.38462308 -0.84219736
v 0.17003934 -0.39568675 -0.84301096
v 0.17515048 -0.40673727 -0.84382266
v 0.18026347 -0.41777250 -0.84463161
v 0.18537176 -0.42879757 -0.84543991
v 0.19067937 -0.43965492 -0.84618658
v 0.19599751 -0.45049140 -0.84692812
v 0.20131116 -0.46131876 -0.84766906
v 0.20663193 -0.47212809 -0.84840596
v 0.21196204 -0.48291776 -0.84913814
v 0.21737196 -0.49363443 -0.84984481
v 0.22316502 -0.50404894 -0.85043615
v 0.22895417 -0.51445651 -0.85102719
v 0.23473939 -0.52485698 -0.85161781
v 0.24053168 -0.53524220 -0.85220480
v 0.24632643 -0.54561573 -0.85278952
v 0.25292709 -0.55537909 -0.85313594
v 0.25962555 -0.56506407 -0.85345274
v 0.26632157 -0.57474554 -0.85376936
v 0.27301645 -0.58442253 -0.85408556
v 0.28006873 -0.59383154 -0.85429645
v 0.28841287 -0.60229057 -0.85412961
v 0.29675856 -0.61075121 -0.85396278
v 0.30510589 -0.61921346 -0.85379595
v 0.31429759 -0.62706602 -0.85338396
v 0.32642719 -0.63280153 -0.85211986
v 0.33857438 -0.63854539 -0.85085398
v 0.35117176 -0.64398688 -0.84946096
v 0.36893100 -0.64575702 -0.84657830
v 0.38675377 -0.64752942 -0.84368467
v 0.41142455 -0.64448094 -0.83882248
v 0.44561645 -0.63476622 -0.83122903
v -0.38821816 0.50882375 -0.78901321
v -0.39775372 0.48155817 -0.79499561
v -0.40612730 0.45560330 -0.80056459
v -0.41063431 0.43372130 -0.80480248
v -0.41202605 0.41510585 -0.80797035
v -0.41340888 0.39656013 -0.81112576
v -0.41478297 0.37808344 -0.81426871
v -0.41615230 0.35967156 -0.81740075
v -0.41751680 0.34132418 -0.82052171
v -0.41752145 0.32440466 -0.82317537
v -0.41641170 0.30865341 -0.82544625
v -0.41584656 0.29240063 -0.82789326
v -0.41528299 0.27619261 -0.83033353
v -0.41472095 0.26002914 -0.83276713
v -0.41398704 0.24408184 -0.83513606
v -0.41264245 0.22878210 -0.83729404
v -0.41132563 0.21349567 -0.83945495
v -0.40946868 0.19877972 -0.84142971
v -0.40761590 0.18409675 -0.84340006
v -0.40576723 0.16944665 -0.84536600
v -0.40392274 0.15482928 -0.84732753
v -0.40208232 0.14024457 -0.84928471
v -0.40090638 0.12505485 -0.85145569
v -0.39991710 0.10972585 -0.85368198
v -0.39934337 0.09403960 -0.85603863
v -0.39870423 0.07845967 -0.85836691
v -0.39764091 0.06332728 -0.86054915
v -0.39658025 0.04823276 -0.86272585
v -0.39553750 0.03316152 -0.86490214
v -0.39597201 0.01673564 -0.86755532
v -0.39640522 0.00035992 -0.87020046
v -0.39672497 -0.01586071 -0.87280095
v -0.39647266 -0.03149855 -0.87520760
v -0.39797682 -0.04872955 -0.87817854
v -0.39970759 -0.06611668 -0.88121456
v -0.40143228 -0.08344260 -0.88423991
v -0.40366259 -0.10118003 -0.88742036
v -0.40537009 -0.11837831 -0.89042252
v -0.40707168 -0.13551642 -0.89341432
v -0.40904564 -0.15284914 -0.89648533
v -0.41250679 -0.17148164 -0.90002644
v -0.41527793 -0.18942294 -0.90333569
v -0.41803825 -0.20729451 -0.90663201
v -0.42217439 -0.22634843 -0.91036016
v -0.42620674 -0.24524157 -0.91404450
v -0.42955968 -0.26345888 -0.91750115
v -0.43352178 -0.28215852 -0.92114258
v -0.43780723 -0.30108082 -0.92487681
v -0.44174379 -0.31962609 -0.92848939
v -0.44527605 -0.33774853 -0.93196326
v -0.44892165 -0.35590881 -0.93546343
v -0.45255199 -0.37399301 -0.93894893
v -0.45574716 -0.39163330 -0.94228685
v -0.45823011 -0.40859148 -0.94539040
v -0.45869866 -0.42373917 -0.94784927
v -0.45901567 -0.43871143 -0.95025355
v -0.45837301 -0.45281023 -0.95234895
v -0.45698661 -0.46623003 -0.95420474
v -0.45558468 -0.47960362 -0.95605052
v -0.45418590 -0.49294722 -0.95789218
v -0.45140576 -0.50507784 -0.95929629
v -0.44754267 -0.51626116 -0.96035790
v -0.44368455 -0.52742994 -0.96141815
v -0.43983147 -0.53858435 -0.96247715
v -0.43291068 -0.54713231 -0.96257806
v -0.42472160 -0.55461198 -0.96228427
v -0.41616005 -0.56178463 -0.96187568
v -0.40759423 -0.56896085 -0.96146697
v -0.39613777 -0.57373714 -0.96016419
v -0.38307279 -0.57720107 -0.95836776
v -0.37006274 -0.58074176 -0.95659322
v -0.35341051 -0.58130991 -0.95370030
v -0.32571304 -0.57284963 -0.94741398
v 0.09542882 -0.24215731 -0.82015026
v 0.10110509 -0.25294617 -0.82082534
v 0.10647335 -0.26397407 -0.82159305
v 0.11183698 -0.27499244 -0.82236022
v 0.11719598 -0.28600132 -0.82312661
v 0.12252094 -0.29702443 -0.82390136
v 0.12773168 -0.30812597 -0.82470882
v 0.13285835 -0.31928095 -0.82553971
v 0.13798022 -0.33042550 -0.82636994
v 0.14309731 -0.34155962 -0.82719928
v 0.14820962 -0.35268334 -0.82802784
v 0.15328737 -0.36382017 -0.82886475
v 0.15839170 -0.37492177 -0.82969123
v 0.16351061 -0.38599786 -0.83051121
v 0.16862479 -0.39706367 -0.83133042
v 0.17373422 -0.40811926 -0.83214885
v 0.17884137 -0.41916272 -0.83296579
v 0.18395159 -0.43018991 -0.83377957
v 0.18922380 -0.44107822 -0.83454257
v 0.19454385 -0.45191675 -0.83528930
v 0.19985943 -0.46274617 -0.83603537
v 0.20517050 -0.47356641 -0.83678079
v 0.21048427 -0.48437205 -0.83752340
v 0.21579204 -0.49509624 -0.83830458
v 0.22160868 -0.50556958 -0.83885491
v 0.22739965 -0.51597893 -0.83944994
v 0.23318672 -0.52638131 -0.84004462
v 0.23896988 -0.53677660 -0.84063894
v 0.24475671 -0.54715919 -0.84123051
v 0.25119823 -0.55704433 -0.84162694
v 0.25789827 -0.56673092 -0.84194583
v 0.26459587 -0.57641387 -0.84226465
v 0.27129108 -0.58609343 -0.84258330
v 0.27820623 -0.59560603 -0.84283644
v 0.28718528 -0.60360247 -0.84248233
v 0.29616311 -0.61160570 -0.84212935
v 0.30514455 -0.61961204 -0.84177637
v 0.31426144 -0.62752610 -0.84138459
v 0.32657430 -0.63313633 -0.84005934
v 0.33874530 -0.63887060 -0.83877891
v 0.35091642 -0.64462596 -0.83750170
v 0.36822477 -0.64672583 -0.83473164
v 0.38605556 -0.64849854 -0.83181655
v 0.40944797 -0.64636540 -0.82729316
v 0.43953526 -0.63956302 -0.82083881
v -0.38955325 0.52539808 -0.77418727
v -0.39985490 0.49724817 -0.78048867
v -0.40909165 0.47031799 -0.78640544
v -0.41697371 0.44489500 -0.79184002
v -0.41835546 0.42624372 -0.79503357
v -0.41973233 0.40765825 -0.79821581
v -0.42110240 0.38914022 -0.80138624
v -0.42246178 0.37069321 -0.80454350
v -0.42381641 0.35231087 -0.80768973
v -0.42516628 0.33399278 -0.81082487
v -0.42406231 0.31820360 -0.81311840
v -0.42265782 0.30275917 -0.81530333
v -0.42196646 0.28664273 -0.81772292
v -0.42139482 0.27045244 -0.82017571
v -0.42082474 0.25430667 -0.82262182
v -0.42025620 0.23820525 -0.82506114
v -0.41968924 0.22214796 -0.82749379
v -0.41843629 0.20681131 -0.82968909
v -0.41748232 0.19122234 -0.83197796
v -0.41597578 0.17621639 -0.83407527
v -0.41411969 0.16159028 -0.83604962
v -0.41226774 0.14699680 -0.83801949
v -0.41041994 0.13243590 -0.83998501
v -0.40896958 0.11752767 -0.84207702
v -0.40817139 0.10203043 -0.84437960
v -0.40737727 0.08657186 -0.84667683
v -0.40630269 0.07142389 -0.84887445
v -0.40523082 0.05631384 -0.85106659
v -0.40416163 0.04124157 -0.85325319
v -0.40355021 0.02577584 -0.85558444
v -0.40397206 0.00937724 -0.85824931
v -0.40424666 -0.00683396 -0.86085802
v -0.40398368 -0.02249311 -0.86328274
v -0.40402168 -0.03838941 -0.86579901
v -0.40574324 -0.05580923 -0.86885935
v -0.40745872 -0.07316770 -0.87190902
v -0.40864748 -0.08998282 -0.87477785
v -0.41108340 -0.10789729 -0.87804520
v -0.41421658 -0.12639423 -0.88153011
v -0.41733709 -0.14481644 -0.88500100
v -0.41980299 -0.16257727 -0.88824946
v -0.42256147 -0.18054615 -0.89158344
v -0.42530921 -0.19844519 -0.89490461
v -0.42856127 -0.21674114 -0.89837921
v -0.43247649 -0.23557326 -0.90205812
v -0.43581909 -0.25382411 -0.90554202
v -0.43922758 -0.27207157 -0.90903729
v -0.44350395 -0.29103240 -0.91280162
v -0.44735914 -0.30955058 -0.91642010
v -0.45077497 -0.32761383 -0.91988754
v -0.45438161 -0.34578428 -0.92340630
v -0.45800373 -0.36390570 -0.92692018
v -0.46125582 -0.38163906 -0.93030602
v -0.46391875 -0.39879572 -0.93349463
v -0.46638381 -0.41572282 -0.93661129
v -0.46883968 -0.43258676 -0.93971634
v -0.47057274 -0.44876805 -0.94258332
v -0.47113591 -0.46388590 -0.94507146
v -0.47000700 -0.47749975 -0.94701707
v -0.46859327 -0.49083439 -0.94886726
v -0.46566281 -0.50283611 -0.95023352
v -0.46179366 -0.51401168 -0.95130020
v -0.45787615 -0.52512729 -0.95234865
v -0.45394889 -0.53621632 -0.95339119
v -0.44915244 -0.54655153 -0.95415795
v -0.44301760 -0.55574429 -0.95450300
v -0.43458223 -0.56299663 -0.95412695
v -0.42611584 -0.57022947 -0.95374227
v -0.41756430 -0.57739794 -0.95333201
v -0.40885898 -0.58444548 -0.95287490
v -0.39559773 -0.58771950 -0.95100069
v -0.38235012 -0.59103727 -0.94913590
v -0.36890319 -0.59422296 -0.94721437
v -0.34807506 -0.59137511 -0.94300938
v -0.32821167 -0.58939010 -0.93911463
v 0.09986802 -0.25412866 -0.80900371
v 0.10494301 -0.26539963 -0.80986798
v 0.11025220 -0.27646583 -0.81065768
v 0.11561312 -0.28747660 -0.81142938
v 0.12096941 -0.29847789 -0.81220037
v 0.12627800 -0.30950430 -0.81298387
v 0.13140664 -0.32066140 -0.81382048
v 0.13653047 -0.33180812 -0.81465638
v 0.14164951 -0.34294438 -0.81549138
v 0.14676377 -0.35407025 -0.81632566
v 0.15187326 -0.36518571 -0.81715912
v 0.15697251 -0.37629509 -0.81799358
v 0.16209336 -0.38737333 -0.81881911
v 0.16720949 -0.39844131 -0.81964386
v 0.17232087 -0.40949908 -0.82046795
v 0.17742755 -0.42054659 -0.82129127
v 0.18253070 -0.43158293 -0.82211339
v 0.18776749 -0.44250226 -0.82289302
v 0.19308949 -0.45334288 -0.82364476
v 0.19840698 -0.46417430 -0.82439590
v 0.20371996 -0.47499660 -0.82514644
v 0.20902847 -0.48580974 -0.82589632
v 0.21433523 -0.49661165 -0.82664472
v 0.22005163 -0.50709093 -0.82726836
v 0.22584446 -0.51750207 -0.82786751
v 0.23170601 -0.52785164 -0.82844448
v 0.23780482 -0.53801364 -0.82894915
v 0.24390015 -0.54816991 -0.82945341
v 0.25053367 -0.55791694 -0.82979608
v 0.25770128 -0.56726182 -0.82997900
v 0.26486742 -0.57660478 -0.83016187
v 0.27203208 -0.58594584 -0.83034462
v 0.27919525 -0.59528494 -0.83052742
v 0.28777468 -0.60358357 -0.83029056
v 0.29680911 -0.61155409 -0.82991987
v 0.30579597 -0.61956525 -0.82956421
v 0.31478646 -0.62757957 -0.82920837
v 0.32648546 -0.63364214 -0.82805610
v 0.33882257 -0.63926381 -0.82671911
v 0.35109383 -0.64495468 -0.82540500
v 0.36752075 -0.64769340 -0.82287550
v 0.38549739 -0.64936811 -0.81989866
v 0.41051289 -0.64608812 -0.81487048
v 0.45937267 -0.62599838 -0.80288935
v -0.39089325 0.54203302 -0.75930715
v -0.40120900 0.51377434 -0.76567155
v -0.41145363 0.48571035 -0.77199197
v -0.42039376 0.45911333 -0.77784234
v -0.42469576 0.43740082 -0.78207445
v -0.42606267 0.41877967 -0.78528231
v -0.42742473 0.40022409 -0.78847891
v -0.42878202 0.38173378 -0.79166424
v -0.43012676 0.36331627 -0.79483575
v -0.43146676 0.34496334 -0.79799610
v -0.43200916 0.32747507 -0.80087423
v -0.43059421 0.31201106 -0.80307531
v -0.42918268 0.29658476 -0.80527097
v -0.42807892 0.28089184 -0.80756497
v -0.42749920 0.26471931 -0.81003022
v -0.42692107 0.24859120 -0.81248879
v -0.42634451 0.23250736 -0.81494051
v -0.42576963 0.21646757 -0.81738555
v -0.42398670 0.20166220 -0.81941515
v -0.42262110 0.18648501 -0.82157958
v -0.42166331 0.17094907 -0.82387507
v -0.42070806 0.15545318 -0.82616472
v -0.41975519 0.13999717 -0.82844830
v -0.41880479 0.12458092 -0.83072609
v -0.41701698 0.11001527 -0.83271670
v -0.41605651 0.09468986 -0.83497828
v -0.41497067 0.07952629 -0.83719134
v -0.41388756 0.06440070 -0.83939886
v -0.41280714 0.04931293 -0.84160095
v -0.41172943 0.03426286 -0.84379739
v -0.41154727 0.01840456 -0.84628493
v -0.41177675 0.00220290 -0.84890181
v -0.41150314 -0.01347761 -0.85134441
v -0.41123030 -0.02911443 -0.85378039
v -0.41178891 -0.04548465 -0.85648370
v -0.41349515 -0.06287573 -0.85955769
v -0.41477442 -0.07981440 -0.86248219
v -0.41543582 -0.09612790 -0.86519521
v -0.41846192 -0.11457575 -0.86867672
v -0.42157748 -0.13304321 -0.87217766
v -0.42419919 -0.15099460 -0.87550688
v -0.42811447 -0.17006913 -0.87924939
v -0.43228012 -0.18930469 -0.88306302
v -0.43531299 -0.20744266 -0.88649654
v -0.43875566 -0.22589037 -0.89005369
v -0.44208792 -0.24417484 -0.89356488
v -0.44540650 -0.26238436 -0.89706171
v -0.44921041 -0.28096685 -0.90070587
v -0.45298421 -0.29945764 -0.90432996
v -0.45639136 -0.31755728 -0.90782529
v -0.45985129 -0.33564177 -0.91132778
v -0.46346512 -0.35380051 -0.91487008
v -0.46665344 -0.37152100 -0.91826552
v -0.46961689 -0.38898364 -0.92157900
v -0.47207335 -0.40594321 -0.92472070
v -0.47452059 -0.42283940 -0.92785048
v -0.47669369 -0.43944162 -0.93088382
v -0.47770020 -0.45497739 -0.93353587
v -0.47825220 -0.47007316 -0.93603545
v -0.47880259 -0.48512372 -0.93852758
v -0.47829342 -0.49921936 -0.94067556
v -0.47580808 -0.51158321 -0.94218963
v -0.47187001 -0.52267915 -0.94323832
v -0.46793693 -0.53376108 -0.94428581
v -0.46289405 -0.54388249 -0.94497907
v -0.45687857 -0.55316877 -0.94536304
v -0.45086589 -0.56245071 -0.94574684
v -0.44415021 -0.57113492 -0.94590801
v -0.43572420 -0.57838291 -0.94553035
v -0.42729437 -0.58563423 -0.94515264
v -0.41873515 -0.59278429 -0.94473541
v -0.40749183 -0.59771395 -0.94347775
v -0.39438981 -0.60112745 -0.94164187
v -0.38125870 -0.60454863 -0.93980181
v -0.36335215 -0.60407645 -0.93647611
v -0.34273809 -0.60144311 -0.93231535
v 0.10149851 -0.25296971 -0.79628223
v 0.10666595 -0.26417747 -0.79712552
v 0.11173374 -0.27545172 -0.79799759
v 0.11680410 -0.28670901 -0.79886645
v 0.12186956 -0.29795542 -0.79973447
v 0.12693015 -0.30919105 -0.80060160
v 0.13191567 -0.32047203 -0.80148959
v 0.13691278 -0.33172873 -0.80237162
v 0.14190497 -0.34297439 -0.80325282
v 0.14689229 -0.35420904 -0.80413312
v 0.15187471 -0.36543268 -0.80501258
v 0.15687789 -0.37662515 -0.80588335
v 0.16199824 -0.38771093 -0.80671585
v 0.16712311 -0.39877918 -0.80754471
v 0.17224324 -0.40983728 -0.80837291
v 0.17735863 -0.42088506 -0.80920023
v 0.18246932 -0.43192276 -0.81002688
v 0.18769643 -0.44285661 -0.81081581
v 0.19316097 -0.45359457 -0.81153059
v 0.19862561 -0.46432051 -0.81224340
v 0.20408587 -0.47503793 -0.81295562
v 0.20954180 -0.48574677 -0.81366730
v 0.21499339 -0.49644715 -0.81437844
v 0.22080851 -0.50686044 -0.81497788
v 0.22691306 -0.51704538 -0.81548858
v 0.23301932 -0.52722055 -0.81599736
v 0.23912208 -0.53738999 -0.81650591
v 0.24522136 -0.54755360 -0.81701410
v 0.25154576 -0.55754119 -0.81745344
v 0.25871637 -0.56689346 -0.81763828
v 0.26588643 -0.57624310 -0.81782269
v 0.27305567 -0.58559030 -0.81800681
v 0.28022346 -0.59493560 -0.81819099
v 0.28828686 -0.60362190 -0.81810784
v 0.29735816 -0.61157376 -0.81772500
v 0.30643335 -0.61952913 -0.81734204
v 0.31544411 -0.62753743 -0.81697917
v 0.32639647 -0.63414836 -0.81604159
v 0.33873931 -0.63977313 -0.81469500
v 0.35206559 -0.64471370 -0.81306112
v 0.36958101 -0.64668351 -0.81019455
v 0.38880840 -0.64747894 -0.80683047
v 0.41564000 -0.64292437 -0.80123568
v -0.40256804 0.53036076 -0.75080031
v -0.41282663 0.50218856 -0.75718367
v -0.42301461 0.47421014 -0.76352292
v -0.43104702 0.44857720 -0.76909298
v -0.43240389 0.42992023 -0.77232647
v -0.43375599 0.41132906 -0.77554870
v -0.43510330 0.39280334 -0.77875954
v -0.43644583 0.37434268 -0.78195906
v -0.43777797 0.35595259 -0.78514540
v -0.43910334 0.33762896 -0.78831989
v -0.43853912 0.32127282 -0.79083413
v -0.43711713 0.30582699 -0.79304600
v -0.43569860 0.29041883 -0.79525244
v -0.43428355 0.27504826 -0.79745346
v -0.43359619 0.25899312 -0.79989702
v -0.43301004 0.24288265 -0.80236799
v -0.43242553 0.22681637 -0.80483216
v -0.43176723 0.21086848 -0.80726391
v -0.42973331 0.19631967 -0.80922037
v -0.42775550 0.18175174 -0.81119013
v -0.42679152 0.16622855 -0.81349802
v -0.42583004 0.15074533 -0.81579995
v -0.42487103 0.13530196 -0.81809598
v -0.42391446 0.11989830 -0.82038617
v -0.42304048 0.10445680 -0.82269746
v -0.42268205 0.08856127 -0.82517564
v -0.42232466 0.07271001 -0.82764697
v -0.42145887 0.05739005 -0.82994026
v -0.42036998 0.04232452 -0.83215219
v -0.41928378 0.02729659 -0.83435845
v -0.41931528 0.01124987 -0.83693212
v -0.41903096 -0.00445203 -0.83939284
v -0.41874748 -0.02011016 -0.84184676
v -0.41846478 -0.03572470 -0.84429383
v -0.41954166 -0.05256664 -0.84718579
v -0.42091131 -0.06962948 -0.85016656
v -0.42156366 -0.08597211 -0.85290098
v -0.42271715 -0.10272980 -0.85579348
v -0.42582771 -0.12124266 -0.85932451
v -0.42870346 -0.13947619 -0.86276799
v -0.43077126 -0.15690689 -0.86593527
v -0.43493709 -0.17619964 -0.86978394
v -0.43908447 -0.19540693 -0.87361556
v -0.44277218 -0.21412838 -0.87728554
v -0.44744977 -0.23368099 -0.88126940
v -0.45167440 -0.25275406 -0.88509375
v -0.45496911 -0.27092239 -0.88860339
v -0.45861900 -0.28934726 -0.89221889
v -0.46201751 -0.30748338 -0.89574224
v -0.46540195 -0.32554480 -0.89925110
v -0.46893620 -0.34367740 -0.90279865
v -0.47206074 -0.36138478 -0.90620333
v -0.47503000 -0.37889519 -0.90954816
v -0.47777236 -0.39614731 -0.91281021
v -0.48021099 -0.41307586 -0.91596490
v -0.48233369 -0.42967299 -0.91900885
v -0.48427305 -0.44605717 -0.92198521
v -0.48481557 -0.46117625 -0.92450380
v -0.48535645 -0.47624993 -0.92701471
v -0.48575354 -0.49115580 -0.92947268
v -0.48425040 -0.50438458 -0.93131489
v -0.48207411 -0.51700431 -0.93293667
v -0.47990209 -0.52959949 -0.93455523
v -0.47643495 -0.54106343 -0.93575603
v -0.47042412 -0.55034697 -0.93614298
v -0.46440414 -0.55961609 -0.93652606
v -0.45838687 -0.56888092 -0.93690878
v -0.45209962 -0.57791209 -0.93720484
v -0.44345927 -0.58496606 -0.93675452
v -0.43401381 -0.59135526 -0.93605059
v -0.42456037 -0.59774989 -0.93534619
v -0.41443846 -0.60360175 -0.93443269
v -0.40140471 -0.60706049 -0.93260396
v -0.38829210 -0.61048537 -0.93075532
v -0.37367362 -0.61270410 -0.92843854
v -0.35507315 -0.61170036 -0.92487842
v -0.32995734 -0.60543722 -0.91928577
v 0.10843437 -0.26291862 -0.78434938
v 0.11346823 -0.27423275 -0.78523988
v 0.11852879 -0.28551018 -0.78611964
v 0.12359747 -0.29676619 -0.78699452
v 0.12866127 -0.30801135 -0.78786850
v 0.13367510 -0.31928176 -0.78875571
v 0.13862897 -0.33058506 -0.78965908
v 0.14362079 -0.34184304 -0.79054832
v 0.14861122 -0.35308716 -0.79143554
v 0.15359674 -0.36432025 -0.79232192
v 0.15857740 -0.37554234 -0.79320741
v 0.16365837 -0.38667080 -0.79405957
v 0.16876268 -0.39776683 -0.79490232
v 0.17388603 -0.40883392 -0.79573697
v 0.17900462 -0.41989076 -0.79657084
v 0.18411851 -0.43093741 -0.79740387
v 0.18924627 -0.44195953 -0.79823053
v 0.19468746 -0.45272669 -0.79895908
v 0.20013726 -0.46347508 -0.79968303
v 0.20560102 -0.47420087 -0.80040079
v 0.21106043 -0.48491809 -0.80111802
v 0.21651548 -0.49562675 -0.80183464
v 0.22214147 -0.50619423 -0.80249745
v 0.22823808 -0.51639563 -0.80301565
v 0.23433447 -0.52658862 -0.80353254
v 0.24044120 -0.53676546 -0.80404496
v 0.24654445 -0.54693651 -0.80455714
v 0.25264421 -0.55710173 -0.80506897
v 0.25973463 -0.56652331 -0.80528075
v 0.26690835 -0.57587981 -0.80546689
v 0.27408063 -0.58523440 -0.80565292
v 0.28125301 -0.59458584 -0.80583853
v 0.28879961 -0.60366017 -0.80591130
v 0.29787621 -0.61161661 -0.80552566
v 0.30695665 -0.61957645 -0.80513984
v 0.31604102 -0.62753975 -0.80475378
v 0.32724997 -0.63397402 -0.80373478
v 0.34140080 -0.63830590 -0.80184162
v 0.35558152 -0.64264703 -0.79994458
v 0.37350875 -0.64473194 -0.79695880
v 0.39199606 -0.64567870 -0.79377419
v 0.42070892 -0.63980335 -0.78758615
v -0.40355778 0.54739934 -0.73574287
v -0.41420460 0.51872677 -0.74232131
v -0.42440635 0.49064058 -0.74872339
v -0.43453801 0.46274734 -0.75508147
v -0.43875608 0.44108006 -0.75934833
v -0.44009808 0.42245314 -0.76259619
v -0.44143537 0.40389189 -0.76583260
v -0.44276795 0.38539588 -0.76905757
v -0.44409585 0.36696485 -0.77227134
v -0.44541544 0.34860212 -0.77547246
v -0.44649255 0.33054459 -0.77857989
v -0.44506007 0.31507909 -0.78080791
v -0.44363108 0.29965138 -0.78303039
v -0.44220564 0.28426138 -0.78524762
v -0.44078359 0.26890880 -0.78745931
v -0.43968579 0.25327387 -0.78977621
v -0.43909162 0.23718101 -0.79225945
v -0.43849912 0.22113228 -0.79473603
v -0.43751273 0.20551801 -0.79707009
v -0.43547359 0.19098292 -0.79903656
v -0.43343896 0.17647950 -0.80099881
v -0.43191537 0.16151203 -0.80312979
v -0.43094766 0.14604148 -0.80544412
v -0.42998245 0.13061075 -0.80775249
v -0.42901975 0.11521965 -0.81005496
v -0.42818633 0.09974560 -0.81239456
v -0.42782092 0.08386352 -0.81488603
v -0.42745650 0.06802564 -0.81737059
v -0.42709312 0.05223179 -0.81984824
v -0.42673072 0.03648178 -0.82231897
v -0.42636162 0.02078278 -0.82478034
v -0.42656726 0.00458366 -0.82742792
v -0.42627311 -0.01109583 -0.82989991
v -0.42597973 -0.02673163 -0.83236492
v -0.42568722 -0.04232395 -0.83482313
v -0.42705816 -0.05942803 -0.83783096
v -0.42770144 -0.07579986 -0.84058696
v -0.42834270 -0.09212055 -0.84333426
v -0.43008780 -0.10941473 -0.84644157
v -0.43318075 -0.12789807 -0.84998846
v -0.43502250 -0.14516668 -0.85310948
v -0.43760177 -0.16305645 -0.85646623
v -0.44174927 -0.18232077 -0.86033303
v -0.44564641 -0.20128839 -0.86410582
v -0.44889233 -0.21959749 -0.86765283
v -0.45355281 -0.23912509 -0.87165648
v -0.45819175 -0.25856262 -0.87564164
v -0.46239269 -0.27753577 -0.87947136
v -0.46698290 -0.29679069 -0.88341802
v -0.47102907 -0.31548983 -0.88717508
v -0.47441700 -0.33353639 -0.89070588
v -0.47747776 -0.35123044 -0.89411968
v -0.48043892 -0.36877656 -0.89749140
v -0.48338836 -0.38625345 -0.90084970
v -0.48590118 -0.40325940 -0.90405899
v -0.48798314 -0.41988796 -0.90711397
v -0.49004892 -0.43642104 -0.91015768
v -0.49138752 -0.45226762 -0.91295695
v -0.49190119 -0.46734917 -0.91548121
v -0.49227723 -0.48226786 -0.91795397
v -0.49238479 -0.49691203 -0.92033303
v -0.49019986 -0.50954336 -0.92196590
v -0.48802090 -0.52215159 -0.92359626
v -0.48590052 -0.53478181 -0.92524093
v -0.48150781 -0.54544818 -0.92615104
v -0.47655383 -0.55562240 -0.92687857
v -0.47118142 -0.56543005 -0.92747009
v -0.46422875 -0.57389450 -0.92755437
v -0.45727676 -0.58235812 -0.92763871
v -0.44930279 -0.58996379 -0.92739677
v -0.43983147 -0.59632283 -0.92667854
v -0.43037868 -0.60270953 -0.92596817
v -0.42092532 -0.60910779 -0.92525953
v -0.40834871 -0.61293453 -0.92356193
v -0.39531404 -0.61641240 -0.92172366
v -0.38219088 -0.61984867 -0.91986257
v -0.36424646 -0.61936706 -0.91648316
v -0.34477320 -0.61769426 -0.91263050
v -0.31229854 -0.60550547 -0.90469134
v 0.11524272 -0.27298161 -0.77244997
v 0.12027484 -0.28429440 -0.77334660
v 0.12532815 -0.29557502 -0.77423418
v 0.13039517 -0.30682975 -0.77511501
v 0.13544548 -0.31808305 -0.77599871
v 0.14040247 -0.32939607 -0.77690917
v 0.14535451 -0.34069780 -0.77781880
v 0.15033287 -0.35196346 -0.77871770
v 0.15532152 -0.36320603 -0.77961105
v 0.16030528 -0.37443757 -0.78050351
v 0.16535261 -0.38560438 -0.78137386
v 0.17044316 -0.39672285 -0.78222835
v 0.17553136 -0.40782902 -0.78308135
v 0.18065318 -0.41889495 -0.78392172
v 0.18577026 -0.42995062 -0.78476137
v 0.19088262 -0.44099611 -0.78560013
v 0.19624312 -0.45183676 -0.78636032
v 0.20168339 -0.46260369 -0.78709388
v 0.20711926 -0.47336191 -0.78782690
v 0.21258134 -0.48408809 -0.78854990
v 0.21803986 -0.49480510 -0.78927207
v 0.22349407 -0.50551367 -0.78999370
v 0.22957692 -0.51573592 -0.79052126
v 0.23567398 -0.52593893 -0.79104316
v 0.24176753 -0.53613609 -0.79156470
v 0.24786942 -0.54631847 -0.79208243
v 0.25397313 -0.55649108 -0.79259813
v 0.26075423 -0.56615263 -0.79290694
v 0.26793256 -0.57551539 -0.79309452
v 0.27510941 -0.58487612 -0.79328203
v 0.28228474 -0.59423494 -0.79346949
v 0.28945941 -0.60359126 -0.79365665
v 0.29839483 -0.61165953 -0.79331243
v 0.30877042 -0.61868566 -0.79253519
v 0.31947598 -0.62548512 -0.79166073
v 0.33019191 -0.63229114 -0.79078549
v 0.34452721 -0.63650477 -0.78882653
v 0.35896584 -0.64067572 -0.78684175
v 0.37615514 -0.64291072 -0.78403884
v 0.39534733 -0.64376277 -0.78064471
v 0.42792207 -0.63515997 -0.77326488
v -0.41192958 0.53915143 -0.72610664
v -0.42328334 0.50975794 -0.73297715
v -0.43452519 0.48060936 -0.73978716
v -0.44481477 0.45253301 -0.74635655
v -0.44645116 0.43359643 -0.74962133
v -0.44777834 0.41499954 -0.75288337
v -0.44910097 0.39646816 -0.75613403
v -0.45041889 0.37800184 -0.75937313
v -0.45173216 0.35960028 -0.76260096
v -0.45303923 0.34126487 -0.76581693
v -0.45301157 0.32434118 -0.76855659
v -0.45157209 0.30889386 -0.77079535
v -0.45013615 0.29348430 -0.77302855
v -0.44870371 0.27811229 -0.77525640
v -0.44727474 0.26277772 -0.77747875
v -0.44584930 0.24748051 -0.77969575
v -0.44516587 0.23148628 -0.78216326
v -0.44456539 0.21545503 -0.78465205
v -0.44325200 0.20017335 -0.78688729
v -0.44120771 0.18565197 -0.78886378
v -0.43916789 0.17116222 -0.79083610
v -0.43713251 0.15670396 -0.79280394
v -0.43606094 0.14134166 -0.79509705
v -0.43508956 0.12592353 -0.79741776
v -0.43412071 0.11054499 -0.79973257
v -0.43332770 0.09503848 -0.80210060
v -0.43295527 0.07916982 -0.80460536
v -0.43258390 0.06334532 -0.80710316
v -0.43221352 0.04756478 -0.80959398
v -0.43173605 0.03193114 -0.81204116
v -0.43083978 0.01673949 -0.81433910
v -0.43153727 0.00007902 -0.81717038
v -0.43223259 -0.01652870 -0.81999278
v -0.43292573 -0.03308392 -0.82280624
v -0.43321499 -0.04921000 -0.82547534
v -0.43384916 -0.06561110 -0.82825285
v -0.43448132 -0.08196094 -0.83102173
v -0.43511149 -0.09825975 -0.83378196
v -0.43744570 -0.11608808 -0.83710581
v -0.43954080 -0.13363676 -0.84034014
v -0.44133309 -0.15084957 -0.84346390
v -0.44442180 -0.16919655 -0.84701174
v -0.44855097 -0.18843253 -0.85089648
v -0.45140153 -0.20643446 -0.85434419
v -0.45500469 -0.22505967 -0.85803252
v -0.45964807 -0.24456222 -0.86205578
v -0.46393973 -0.26367670 -0.86595100
v -0.46769911 -0.28224397 -0.86965877
v -0.47227493 -0.30147874 -0.87362605
v -0.47682980 -0.32062548 -0.87757516
v -0.48073447 -0.33912387 -0.88129872
v -0.48466268 -0.35757837 -0.88501948
v -0.48857394 -0.37595311 -0.88872421
v -0.49157733 -0.39346221 -0.89212030
v -0.49364209 -0.41008657 -0.89519912
v -0.49569938 -0.42665109 -0.89826673
v -0.49774930 -0.44315609 -0.90132350
v -0.49844286 -0.45842654 -0.90392864
v -0.49880955 -0.47336814 -0.90641993
v -0.49917513 -0.48826590 -0.90890396
v -0.49833128 -0.50207728 -0.91098768
v -0.49616215 -0.51471305 -0.91263521
v -0.49403310 -0.52735496 -0.91429120
v -0.49153429 -0.53965247 -0.91582286
v -0.48657602 -0.54982895 -0.91655481
v -0.48177290 -0.56012458 -0.91733491
v -0.47648814 -0.56999940 -0.91795748
v -0.46943137 -0.57836884 -0.91800773
v -0.46244892 -0.58679986 -0.91808170
v -0.45515001 -0.59496450 -0.91805381
v -0.44568691 -0.60132182 -0.91733199
v -0.43621567 -0.60768461 -0.91660953
v -0.42674476 -0.61405981 -0.91588914
v -0.41526833 -0.61878824 -0.91453016
v -0.40225539 -0.62227279 -0.91268474
v -0.38921395 -0.62576497 -0.91083533
v -0.37304780 -0.62672871 -0.90799701
v -0.35480204 -0.62604213 -0.90450573
v -0.32816669 -0.61858666 -0.89836264
v 0.11702007 -0.27172843 -0.75963926
v 0.12205540 -0.28305098 -0.76054293
v 0.12708578 -0.29436246 -0.76144576
v 0.13213183 -0.30564624 -0.76234108
v 0.13719717 -0.31689969 -0.76322800
v 0.14217882 -0.32820517 -0.76413882
v 0.14713395 -0.33951658 -0.76505554
v 0.15208414 -0.35081670 -0.76597130
v 0.15704903 -0.36209005 -0.76688004
v 0.16203590 -0.37333104 -0.76777935
v 0.16704950 -0.38453621 -0.76866800
v 0.17214327 -0.39566398 -0.76952928
v 0.17723224 -0.40678126 -0.77038968
v 0.18231642 -0.41788810 -0.77124929
v 0.18742457 -0.42896226 -0.77209908
v 0.19254015 -0.44001678 -0.77294451
v 0.19780116 -0.45094544 -0.77374244
v 0.20324492 -0.46172091 -0.77448165
v 0.20868427 -0.47248766 -0.77522033
v 0.21411921 -0.48324570 -0.77595842
v 0.21956652 -0.49398229 -0.77669066
v 0.22502419 -0.50469911 -0.77741784
v 0.23091768 -0.51507533 -0.77800906
v 0.23701872 -0.52528584 -0.77853489
v 0.24311624 -0.53549045 -0.77906042
v 0.24921024 -0.54568917 -0.77958572
v 0.25530395 -0.55587965 -0.78010970
v 0.26177520 -0.56578147 -0.78051698
v 0.26895812 -0.57515037 -0.78070593
v 0.27613959 -0.58451736 -0.78089482
v 0.28415304 -0.59327000 -0.78082997
v 0.29248711 -0.60178906 -0.78066778
v 0.30216771 -0.60932791 -0.78009725
v 0.31293195 -0.61608791 -0.77919978
v 0.32365349 -0.62289304 -0.77831739
v 0.33438408 -0.62970591 -0.77743465
v 0.34737852 -0.63490266 -0.77587038
v 0.36415011 -0.63741362 -0.77317083
v 0.38335097 -0.63823009 -0.76974648
v 0.41132915 -0.63284391 -0.76369023
v -0.42018723 0.53102195 -0.71645534
v -0.43162510 0.50155652 -0.72339916
v -0.44282508 0.47246742 -0.73023713
v -0.45035583 0.44730708 -0.73574948
v -0.45203173 0.42829585 -0.73916602
v -0.45380998 0.40924254 -0.74260849
v -0.45558164 0.39025962 -0.74603826
v -0.45734671 0.37134662 -0.74945539
v -0.45910537 0.35250324 -0.75285989
v -0.46064898 0.33394107 -0.75617850
v -0.45952159 0.31814623 -0.75854707
v -0.45807520 0.30271709 -0.76079649
v -0.45663232 0.28732562 -0.76304042
v -0.45519289 0.27197164 -0.76527894
v -0.45375702 0.25665504 -0.76751190
v -0.45232463 0.24137570 -0.76973951
v -0.45123276 0.22579846 -0.77207923
v -0.45062432 0.20978466 -0.77458036
v -0.44898501 0.19483449 -0.77671564
v -0.44693562 0.18032680 -0.77870214
v -0.44489068 0.16585070 -0.78068435
v -0.44285014 0.15140605 -0.78266227
v -0.44116989 0.13664584 -0.78475887
v -0.44019234 0.12124029 -0.78709185
v -0.43921736 0.10587429 -0.78941888
v -0.43846461 0.09033544 -0.79181558
v -0.43808520 0.07448018 -0.79433358
v -0.43770683 0.05866903 -0.79684454
v -0.43732956 0.04290180 -0.79934859
v -0.43619627 0.02790011 -0.80158657
v -0.43531507 0.01269873 -0.80390424
v -0.43600532 -0.00395018 -0.80675125
v -0.43669334 -0.02054638 -0.80958927
v -0.43737921 -0.03709014 -0.81241834
v -0.43785787 -0.05338929 -0.81516880
v -0.43993455 -0.07113443 -0.81845331
v -0.44125098 -0.08811275 -0.82147086
v -0.44187015 -0.10438972 -0.82424390
v -0.44406906 -0.12208124 -0.82754248
v -0.44585535 -0.13933365 -0.83069247
v -0.44763526 -0.15652484 -0.83383125
v -0.45123139 -0.17532726 -0.83757168
v -0.45443296 -0.19370328 -0.84116906
v -0.45715010 -0.21157472 -0.84459364
v -0.46110928 -0.23051490 -0.84842443
v -0.46573561 -0.24999250 -0.85246730
v -0.46903831 -0.26820463 -0.85605675
v -0.47300038 -0.28694761 -0.85985577
v -0.47756177 -0.30616218 -0.86384350
v -0.48166358 -0.32489660 -0.86766720
v -0.48523745 -0.34309426 -0.87130487
v -0.48915458 -0.36153388 -0.87504601
v -0.49305481 -0.37989390 -0.87877107
v -0.49607590 -0.39741358 -0.88219488
v -0.49882227 -0.41463265 -0.88551849
v -0.50155807 -0.43178517 -0.88882917
v -0.50392032 -0.44855431 -0.89200771
v -0.50480258 -0.46397924 -0.89469063
v -0.50568193 -0.47935584 -0.89736521
v -0.50606191 -0.49425426 -0.89986861
v -0.50430906 -0.50726950 -0.90166670
v -0.50217122 -0.51992297 -0.90333402
v -0.50003761 -0.53255165 -0.90499806
v -0.49659777 -0.54403573 -0.90623158
v -0.49187964 -0.55441010 -0.90704560
v -0.48721731 -0.56481802 -0.90787542
v -0.48181224 -0.57458335 -0.90846193
v -0.47475892 -0.58294839 -0.90851235
v -0.46770597 -0.59131300 -0.90856290
v -0.46067098 -0.59969169 -0.90861899
v -0.45153525 -0.60631478 -0.90799671
v -0.44174048 -0.61239964 -0.90716374
v -0.43176067 -0.61834484 -0.90627342
v -0.42074835 -0.62345099 -0.90505362
v -0.40757546 -0.62679625 -0.90314335
v -0.39436859 -0.63014561 -0.90122736
v -0.37938684 -0.63207304 -0.89874822
v -0.36085111 -0.63114041 -0.89513946
v -0.33795255 -0.62671757 -0.89014733
v 0.11880032 -0.27047324 -0.74680781
v 0.12383886 -0.28180560 -0.74771851
v 0.12887244 -0.29312682 -0.74862838
v 0.13390107 -0.30443695 -0.74953723
v 0.13893983 -0.31572390 -0.75044048
v 0.14395803 -0.32701236 -0.75134778
v 0.14891627 -0.33833346 -0.75227165
v 0.15386955 -0.34964329 -0.75319451
v 0.15881790 -0.36094180 -0.75411654
v 0.16376927 -0.37222278 -0.75503510
v 0.16875437 -0.38346225 -0.75594062
v 0.17384604 -0.39460340 -0.75681013
v 0.17893822 -0.40572995 -0.75767720
v 0.18402562 -0.41684604 -0.75854349
v 0.18910822 -0.42795166 -0.75940889
v 0.19420023 -0.43903592 -0.76026911
v 0.19936158 -0.45005286 -0.76110542
v 0.20480882 -0.46083683 -0.76185036
v 0.21025166 -0.47161207 -0.76259464
v 0.21569009 -0.48237863 -0.76333839
v 0.22112411 -0.49313647 -0.76408154
v 0.22655663 -0.50388342 -0.76482320
v 0.23226036 -0.51441377 -0.76547885
v 0.23836538 -0.52463174 -0.76600868
v 0.24446689 -0.53484392 -0.76653832
v 0.25056487 -0.54505008 -0.76706749
v 0.25728133 -0.55478740 -0.76740491
v 0.26416606 -0.56439441 -0.76768953
v 0.27249053 -0.57293218 -0.76753122
v 0.28083310 -0.58145911 -0.76736772
v 0.28917721 -0.58998758 -0.76720417
v 0.29752275 -0.59851754 -0.76704067
v 0.30614674 -0.60684699 -0.76679236
v 0.31692532 -0.61361343 -0.76588720
v 0.32771450 -0.62038660 -0.76498115
v 0.33851439 -0.62716639 -0.76407421
v 0.35278046 -0.63146490 -0.76211566
v 0.37219691 -0.63209867 -0.75859839
v 0.39476761 -0.63053226 -0.75413370
v -0.41516209 0.55440724 -0.69915593
v -0.42842841 0.52290875 -0.70682329
v -0.43994987 0.49337178 -0.71384060
v -0.45110819 0.46434200 -0.72070652
v -0.45584622 0.44209170 -0.72525293
v -0.45740420 0.42320979 -0.72864878
v -0.45917168 0.40417472 -0.73210907
v -0.46093261 0.38520989 -0.73555666
v -0.46268705 0.36631495 -0.73899150
v -0.46443504 0.34748948 -0.74241376
v -0.46571317 0.32920432 -0.74565899
v -0.46449625 0.31350666 -0.74801058
v -0.46377832 0.29734784 -0.75053161
v -0.46306235 0.28123298 -0.75304580
v -0.46167323 0.26583940 -0.75531507
v -0.46023047 0.25054070 -0.75755864
v -0.45879117 0.23527920 -0.75979686
v -0.45735541 0.22005472 -0.76202953
v -0.45667595 0.20412114 -0.76452076
v -0.45471182 0.18950142 -0.76655489
v -0.45265731 0.17500742 -0.76855153
v -0.45060727 0.16054493 -0.77054363
v -0.44856161 0.14611386 -0.77253151
v -0.44652045 0.13171412 -0.77451503
v -0.44529077 0.11656103 -0.77677470
v -0.44430965 0.10120756 -0.77911401
v -0.44359711 0.08563647 -0.78153950
v -0.44321069 0.06979460 -0.78407061
v -0.44282541 0.05399679 -0.78659487
v -0.44182152 0.03883556 -0.78889823
v -0.44065374 0.02387155 -0.79113847
v -0.43978766 0.00866046 -0.79347599
v -0.44047058 -0.00797688 -0.79633856
v -0.44115132 -0.02456158 -0.79919219
v -0.44139528 -0.04068470 -0.80188799
v -0.44161004 -0.05673289 -0.80456585
v -0.44367942 -0.07446874 -0.80786932
v -0.44574121 -0.09213945 -0.81116068
v -0.44771811 -0.10967351 -0.81441361
v -0.45038763 -0.12779221 -0.81789273
v -0.45216146 -0.14502293 -0.82105768
v -0.45392901 -0.16219255 -0.82421142
v -0.45747277 -0.18093683 -0.82795739
v -0.46018776 -0.19885786 -0.83141243
v -0.46289214 -0.21670914 -0.83485407
v -0.46720609 -0.23596318 -0.83882844
v -0.47092801 -0.25461206 -0.84259224
v -0.47413236 -0.27272847 -0.84617132
v -0.47829646 -0.29164660 -0.85006231
v -0.48282626 -0.31082562 -0.85406476
v -0.48609245 -0.32880574 -0.85763311
v -0.48973739 -0.34706193 -0.86131781
v -0.49364343 -0.36548671 -0.86507928
v -0.49706671 -0.38341936 -0.86866933
v -0.49989772 -0.40076768 -0.87205207
v -0.50263613 -0.41797659 -0.87539458
v -0.50536394 -0.43511900 -0.87872410
v -0.50726116 -0.45147848 -0.88176906
v -0.50813800 -0.46689698 -0.88446784
v -0.50901210 -0.48226708 -0.88715810
v -0.50976276 -0.49748456 -0.88980007
v -0.50820839 -0.51066822 -0.89167511
v -0.50652969 -0.52371317 -0.89350402
v -0.50485468 -0.53673023 -0.89532900
v -0.50120687 -0.54803067 -0.89650160
v -0.49665129 -0.55853814 -0.89737338
v -0.49210033 -0.56903476 -0.89824420
v -0.48657522 -0.57869238 -0.89879435
v -0.47916776 -0.58675301 -0.89872861
v -0.47175971 -0.59481424 -0.89866292
v -0.46435109 -0.60287619 -0.89859724
v -0.45502651 -0.60933876 -0.89790910
v -0.44505560 -0.61527479 -0.89701295
v -0.43507874 -0.62122083 -0.89611745
v -0.42454356 -0.62672001 -0.89504367
v -0.41147402 -0.63014758 -0.89315361
v -0.39827776 -0.63350254 -0.89122790
v -0.38435853 -0.63629729 -0.88907427
v -0.36596733 -0.63547683 -0.88548708
v -0.34736559 -0.63454443 -0.88184196
v 0.12303680 -0.26722613 -0.73316801
v 0.12726231 -0.27923471 -0.73434854
v 0.13170812 -0.29104626 -0.73545527
v 0.13614865 -0.30284378 -0.73656070
v 0.14072073 -0.31451786 -0.73762125
v 0.14574012 -0.32581758 -0.73853612
v 0.15070145 -0.33714843 -0.73946714
v 0.15565784 -0.34846798 -0.74039716
v 0.16060928 -0.35977617 -0.74132633
v 0.16555578 -0.37107313 -0.74225456
v 0.17049733 -0.38235876 -0.74318182
v 0.17555150 -0.39354119 -0.74407095
v 0.18064690 -0.40467697 -0.74494475
v 0.18573749 -0.41580233 -0.74581766
v 0.19082330 -0.42691720 -0.74668974
v 0.19590431 -0.43802160 -0.74756104
v 0.20098056 -0.44911557 -0.74843150
v 0.20637509 -0.45995137 -0.74919975
v 0.21191810 -0.47066125 -0.74991953
v 0.21779810 -0.48110282 -0.75053191
v 0.22367421 -0.49153748 -0.75114393
v 0.22954643 -0.50196517 -0.75175548
v 0.23542097 -0.51238132 -0.75236464
v 0.24229720 -0.52203459 -0.75266045
v 0.24919747 -0.53166509 -0.75294799
v 0.25609559 -0.54129261 -0.75323540
v 0.26299158 -0.55091715 -0.75352281
v 0.26988536 -0.56053859 -0.75380999
v 0.27753112 -0.56959957 -0.75386405
v 0.28587463 -0.57814538 -0.75370234
v 0.29421961 -0.58669275 -0.75354069
v 0.30257177 -0.59523737 -0.75337720
v 0.31093037 -0.60377997 -0.75321221
v 0.32092786 -0.61113328 -0.75254405
v 0.33231652 -0.61748892 -0.75145084
v 0.34862787 -0.62030607 -0.74885195
v 0.36498508 -0.62313104 -0.74624568
v 0.38140118 -0.62595493 -0.74362826
v -0.42343339 0.54624587 -0.68951190
v -0.43665314 0.51481164 -0.69721043
v -0.44825768 0.48520371 -0.70430166
v -0.45937449 0.45623308 -0.71119523
v -0.46133128 0.43688133 -0.71476656
v -0.46286345 0.41803360 -0.71817428
v -0.46452841 0.39911157 -0.72161943
v -0.46627864 0.38016483 -0.72508472
v -0.46802244 0.36128789 -0.72853732
v -0.46975985 0.34248036 -0.73197722
v -0.47023490 0.32501870 -0.73495585
v -0.46870446 0.30964345 -0.73721039
v -0.46780205 0.29367468 -0.73968178
v -0.46708077 0.27756822 -0.74221021
v -0.46636140 0.26150548 -0.74473172
v -0.46564403 0.24548632 -0.74724644
v -0.46492860 0.22951052 -0.74975425
v -0.46380627 0.21398430 -0.75211096
v -0.46249661 0.19868611 -0.75439447
v -0.46043244 0.18417414 -0.75640529
v -0.45837280 0.16969378 -0.75841177
v -0.45631763 0.15524487 -0.76041394
v -0.45426694 0.14082737 -0.76241171
v -0.45222065 0.12644114 -0.76440513
v -0.45038489 0.11188575 -0.76646632
v -0.44939762 0.09654479 -0.76881784
v -0.44872513 0.08094155 -0.77127218
v -0.44833180 0.06511307 -0.77381659
v -0.44745728 0.04979138 -0.77618623
v -0.44628146 0.03479989 -0.77844429
v -0.44510847 0.01984545 -0.78069675
v -0.44425744 0.00462470 -0.78305411
v -0.44493312 -0.01200110 -0.78593242
v -0.44554773 -0.02851873 -0.78878129
v -0.44520018 -0.04408051 -0.79129016
v -0.44536090 -0.06007529 -0.79396671
v -0.44742298 -0.07780188 -0.79728913
v -0.44947755 -0.09546335 -0.80059928
v -0.45074934 -0.11233959 -0.80363166
v -0.45420051 -0.13118204 -0.80740112
v -0.45763722 -0.14994559 -0.81115484
v -0.46052107 -0.16813499 -0.81470913
v -0.46323380 -0.18610580 -0.81819481
v -0.46593601 -0.20400658 -0.82166696
v -0.46868151 -0.22188677 -0.82514387
v -0.47282371 -0.24097615 -0.82908481
v -0.47602931 -0.25914919 -0.83269709
v -0.47922185 -0.27724826 -0.83629477
v -0.48358735 -0.29634106 -0.84027839
v -0.48726237 -0.31474605 -0.84401774
v -0.49051842 -0.33271229 -0.84760541
v -0.49423423 -0.35102692 -0.85133755
v -0.49801081 -0.36933166 -0.85507959
v -0.50090832 -0.38679412 -0.85851616
v -0.50371790 -0.40412033 -0.86191356
v -0.50644833 -0.42131907 -0.86527491
v -0.50882030 -0.43814629 -0.86850709
v -0.51060116 -0.45440194 -0.87153292
v -0.51147270 -0.46981397 -0.87424743
v -0.51230490 -0.48514587 -0.87694126
v -0.51291299 -0.50023824 -0.87955314
v -0.51122940 -0.51330906 -0.88139743
v -0.50954765 -0.52635038 -0.88323724
v -0.50788480 -0.53937691 -0.88507825
v -0.50417525 -0.55062360 -0.88623798
v -0.49961844 -0.56112915 -0.88711494
v -0.49510092 -0.57165331 -0.88800240
v -0.48973903 -0.58144814 -0.88860971
v -0.48228562 -0.58946872 -0.88852835
v -0.47487783 -0.59752893 -0.88846201
v -0.46746996 -0.60559022 -0.88839591
v -0.45841408 -0.61227608 -0.88779086
v -0.44838402 -0.61816102 -0.88686931
v -0.43839601 -0.62409610 -0.88596392
v -0.42833719 -0.62998766 -0.88503802
v -0.41527462 -0.63341814 -0.88313729
v -0.40218306 -0.63685626 -0.88123232
v -0.38896334 -0.64022088 -0.87929100
v -0.37097293 -0.63972282 -0.87580913
v -0.35249650 -0.63888663 -0.87217951
v -0.31938156 -0.62623763 -0.86382955
v 0.13549565 -0.27277595 -0.71939951
v 0.13947755 -0.28499073 -0.72066796
v 0.14384651 -0.29687387 -0.72180837
v 0.14828531 -0.30868247 -0.72292334
v 0.15271884 -0.32047704 -0.72403687
v 0.15719545 -0.33221921 -0.72513366
v 0.16183926 -0.34381095 -0.72617394
v 0.16661379 -0.35528249 -0.72716963
v 0.17138325 -0.36674187 -0.72816426
v 0.17614764 -0.37818912 -0.72915792
v 0.18095437 -0.38958710 -0.73013532
v 0.18605873 -0.40073720 -0.73101556
v 0.19128865 -0.41177553 -0.73185354
v 0.19651389 -0.42280400 -0.73269081
v 0.20173442 -0.43382248 -0.73352724
v 0.20695029 -0.44483119 -0.73436290
v 0.21236518 -0.45567384 -0.73513365
v 0.21817400 -0.46620297 -0.73577791
v 0.22405416 -0.47666749 -0.73639816
v 0.22993729 -0.48711976 -0.73701572
v 0.23581654 -0.49756518 -0.73763299
v 0.24169187 -0.50800359 -0.73824972
v 0.24807498 -0.51805049 -0.73870581
v 0.25494835 -0.52772272 -0.73900723
v 0.26181948 -0.53739190 -0.73930860
v 0.26871833 -0.54703557 -0.73960042
v 0.27562127 -0.55667162 -0.73989028
v 0.28258839 -0.56625563 -0.74015939
v 0.29094350 -0.57481259 -0.73999637
v 0.29930004 -0.58337104 -0.73983324
v 0.30765805 -0.59193105 -0.73967010
v 0.31601751 -0.60049254 -0.73950696
v 0.32844448 -0.60609895 -0.73808634
v 0.34486091 -0.60883665 -0.73543727
v 0.36132413 -0.61158210 -0.73278064
v 0.38135922 -0.61179793 -0.72903061
v -0.43168813 0.53810078 -0.67988712
v -0.44486147 0.50673074 -0.68761671
v -0.45654857 0.47705224 -0.69478196
v -0.46528396 0.45057353 -0.70085293
v -0.46681100 0.43167603 -0.70429033
v -0.46833256 0.41284686 -0.70771539
v -0.46988019 0.39405310 -0.71113944
v -0.47161976 0.37512445 -0.71462250
v -0.47335294 0.35626552 -0.71809274
v -0.47507969 0.33747581 -0.72155023
v -0.47475386 0.32083565 -0.72425938
v -0.47321844 0.30547017 -0.72652608
v -0.47182405 0.29000303 -0.72883666
v -0.47109744 0.27390504 -0.73137921
v -0.47037283 0.25785071 -0.73391491
v -0.46965015 0.24183987 -0.73644370
v -0.46892944 0.22587238 -0.73896569
v -0.46821064 0.20994808 -0.74148083
v -0.46650016 0.19505154 -0.74363625
v -0.46509713 0.17988965 -0.74589431
v -0.46408209 0.16438590 -0.74828309
v -0.46202183 0.14995056 -0.75029516
v -0.45996606 0.13554659 -0.75230283
v -0.45791468 0.12117387 -0.75430614
v -0.45586780 0.10683225 -0.75630516
v -0.45448133 0.09188598 -0.75853044
v -0.45384875 0.07625069 -0.76101387
v -0.45310354 0.06076765 -0.76345044
v -0.45191959 0.04574858 -0.76572645
v -0.45073858 0.03076669 -0.76799679
v -0.44956046 0.01582183 -0.77026141
v -0.44872448 0.00059144 -0.77263880
v -0.44939283 -0.01602281 -0.77553266
v -0.44935641 -0.03192088 -0.77817321
v -0.44900367 -0.04747506 -0.78069633
v -0.44911039 -0.06341653 -0.78337133
v -0.45116526 -0.08113383 -0.78671265
v -0.45274010 -0.09834554 -0.78987843
v -0.45378038 -0.11500544 -0.79285073
v -0.45722499 -0.13384150 -0.79664260
v -0.46065524 -0.15259868 -0.80041867
v -0.46371093 -0.17094590 -0.80405521
v -0.46780139 -0.19017984 -0.80803621
v -0.47167778 -0.20914945 -0.81193250
v -0.47472546 -0.22729667 -0.81553423
v -0.47793230 -0.24552666 -0.81918007
v -0.48112604 -0.26368228 -0.82281089
v -0.48433387 -0.28178847 -0.82643628
v -0.48843637 -0.30063787 -0.83035553
v -0.49169564 -0.31866395 -0.83397728
v -0.49494156 -0.33661640 -0.83758432
v -0.49872810 -0.35498923 -0.84136409
v -0.50185901 -0.37271535 -0.84491152
v -0.50474828 -0.39016736 -0.84836739
v -0.50753641 -0.40747151 -0.85177934
v -0.51011050 -0.42452952 -0.85510957
v -0.51225865 -0.44115782 -0.85828727
v -0.51394039 -0.45732474 -0.86129940
v -0.51480651 -0.47273022 -0.86402965
v -0.51545942 -0.48790458 -0.86668074
v -0.51593852 -0.50288391 -0.86926639
v -0.51425004 -0.51594955 -0.87112105
v -0.51257426 -0.52899504 -0.87297481
v -0.51091611 -0.54202455 -0.87482923
v -0.50714332 -0.55321622 -0.87597543
v -0.50259417 -0.56372744 -0.87686056
v -0.49816012 -0.57432157 -0.87778139
v -0.49290830 -0.58420849 -0.87842900
v -0.48545575 -0.59222841 -0.87834710
v -0.47800246 -0.60024905 -0.87826520
v -0.47058836 -0.60830390 -0.87819642
v -0.46180078 -0.61521268 -0.87767559
v -0.45177385 -0.62109834 -0.87674856
v -0.44173613 -0.62699032 -0.87582064
v -0.43173102 -0.63292456 -0.87490588
v -0.41907361 -0.63668728 -0.87312514
v -0.40598902 -0.64012831 -0.87120944
v -0.39287540 -0.64357698 -0.86928958
v -0.37595433 -0.64394891 -0.86613315
v -0.35754275 -0.64315975 -0.86249983
v -0.32821894 -0.63357997 -0.85532713
v 0.14386818 -0.26620543 -0.70435804
v 0.14794931 -0.27837005 -0.70560759
v 0.15192790 -0.29059669 -0.70688695
v 0.15601481 -0.30271584 -0.70812786
v 0.16045184 -0.31453550 -0.70925224
v 0.16488361 -0.32634112 -0.71037531
v 0.16939332 -0.33806679 -0.71147025
v 0.17390479 -0.34977329 -0.71256161
v 0.17859630 -0.36132047 -0.71359229
v 0.18336508 -0.37279034 -0.71459532
v 0.18812883 -0.38424805 -0.71559739
v 0.19307612 -0.39554650 -0.71653789
v 0.19815773 -0.40672553 -0.71743309
v 0.20325886 -0.41787502 -0.71831954
v 0.20848496 -0.42891386 -0.71916384
v 0.21370634 -0.43994281 -0.72000736
v 0.21892306 -0.45096183 -0.72085011
v 0.22462349 -0.46159777 -0.72153711
v 0.23043527 -0.47213790 -0.72218698
v 0.23624304 -0.48267078 -0.72283643
v 0.24210612 -0.49315146 -0.72346663
v 0.24798849 -0.50360751 -0.72408903
v 0.25387952 -0.51404732 -0.72470713
v 0.26076201 -0.52373439 -0.72501129
v 0.26764229 -0.53341842 -0.72531527
v 0.27452031 -0.54309916 -0.72561926
v 0.28139615 -0.55277687 -0.72592312
v 0.28828371 -0.56244111 -0.72622252
v 0.29602587 -0.57147092 -0.72625363
v 0.30594066 -0.57890469 -0.72560579
v 0.31893274 -0.58409625 -0.72399932
v 0.33194712 -0.58929676 -0.72239000
v 0.34498382 -0.59450608 -0.72077793
v 0.35804293 -0.59972447 -0.71916312
v 0.38487712 -0.59501976 -0.71327585
v -0.42669281 0.56153202 -0.66245812
v -0.43992639 0.52997202 -0.67028165
v -0.45305350 0.49866590 -0.67804217
v -0.46482265 0.46891734 -0.68528163
v -0.47076908 0.44535470 -0.69036955
v -0.47228548 0.42647579 -0.69382429
v -0.47379643 0.40766513 -0.69726658
v -0.47530189 0.38892224 -0.70069641
v -0.47695595 0.37008876 -0.70416993
v -0.47867849 0.35124773 -0.70765775
v -0.48039472 0.33247590 -0.71113282
v -0.47927004 0.31665513 -0.71356934
v -0.47772962 0.30129945 -0.71584833
v -0.47619292 0.28598079 -0.71812183
v -0.47511244 0.27024338 -0.72055286
v -0.47438252 0.25419745 -0.72310269
v -0.47365457 0.23819499 -0.72564566
v -0.47292858 0.22223581 -0.72818166
v -0.47220454 0.20631979 -0.73071086
v -0.47003275 0.19188353 -0.73271483
v -0.46657759 0.17875072 -0.73425472
v -0.46573561 0.16307171 -0.73672163
v -0.46489587 0.14743412 -0.73918200
v -0.46405834 0.13183776 -0.74163586
v -0.46322304 0.11628248 -0.74408329
v -0.46155068 0.10158406 -0.74622691
v -0.45956069 0.08723111 -0.74825174
v -0.45876038 0.07176442 -0.75069100
v -0.45756829 0.05671770 -0.75298488
v -0.45637918 0.04170826 -0.75527310
v -0.45519298 0.02673597 -0.75755560
v -0.45400974 0.01180068 -0.75983256
v -0.45318872 -0.00343931 -0.76222986
v -0.45352265 -0.01973203 -0.76502472
v -0.45316365 -0.03532177 -0.76756907
v -0.45280567 -0.05086834 -0.77010643
v -0.45285857 -0.06675657 -0.77277970
v -0.45489651 -0.08445556 -0.77613652
v -0.45585391 -0.10108900 -0.77910787
v -0.45681110 -0.11767106 -0.78207052
v -0.46024922 -0.13650072 -0.78588492
v -0.46345228 -0.15504768 -0.78960693
v -0.46611083 -0.17302959 -0.79313004
v -0.47019625 -0.19226034 -0.79713547
v -0.47426358 -0.21140602 -0.80112332
v -0.47793490 -0.23012249 -0.80496335
v -0.48221821 -0.24932964 -0.80900282
v -0.48621821 -0.26821131 -0.81293356
v -0.48961440 -0.28648090 -0.81664604
v -0.49287686 -0.30456710 -0.82030213
v -0.49612597 -0.32257929 -0.82394332
v -0.49936187 -0.34051794 -0.82756966
v -0.50281298 -0.35858706 -0.83125901
v -0.50570554 -0.37609759 -0.83474785
v -0.50858665 -0.39353919 -0.83822292
v -0.51135337 -0.41082132 -0.84164947
v -0.51355445 -0.42754808 -0.84487450
v -0.51569611 -0.44416854 -0.84807038
v -0.51727879 -0.46024674 -0.85106838
v -0.51801312 -0.47553557 -0.85377163
v -0.51861340 -0.49066278 -0.85642213
v -0.51896191 -0.50552773 -0.85898048
v -0.51727313 -0.51859218 -0.86084700
v -0.51560831 -0.53164607 -0.86271638
v -0.51394701 -0.54467189 -0.86458176
v -0.51011103 -0.55580848 -0.86571407
v -0.50565422 -0.56639749 -0.86663562
v -0.50121886 -0.57698953 -0.86756194
v -0.49607694 -0.58696830 -0.86825013
v -0.48862523 -0.59498757 -0.86816776
v -0.48117286 -0.60300756 -0.86808538
v -0.47371972 -0.61102837 -0.86800307
v -0.46518651 -0.61814845 -0.86756295
v -0.45516279 -0.62403482 -0.86663067
v -0.44502246 -0.62983990 -0.86566246
v -0.43467405 -0.63548863 -0.86462808
v -0.42202249 -0.63925558 -0.86283755
v -0.40856248 -0.64238763 -0.86078572
v -0.39507061 -0.64552695 -0.85872900
v -0.37797230 -0.64575577 -0.85549402
v -0.35893875 -0.64446265 -0.85163343
v -0.32837895 -0.63388479 -0.84400994
v 0.15283063 -0.25915882 -0.68907583
v 0.15641727 -0.27175325 -0.69050020
v 0.16043493 -0.28397852 -0.69178027
v 0.16441017 -0.29621705 -0.69307065
v 0.16838005 -0.30843908 -0.69435924
v 0.17264837 -0.32040298 -0.69554746
v 0.17710613 -0.33219761 -0.69667107
v 0.18162134 -0.34392881 -0.69777304
v 0.18613134 -0.35564640 -0.69887370
v 0.19063611 -0.36735046 -0.69997311
v 0.19537565 -0.37885332 -0.70099390
v 0.20014066 -0.39031997 -0.70200366
v 0.20522751 -0.40152046 -0.70290726
v 0.21030952 -0.41271028 -0.70380998
v 0.21538669 -0.42388946 -0.70471179
v 0.22048460 -0.43503830 -0.70560461
v 0.22570683 -0.44607764 -0.70645523
v 0.23109345 -0.45697793 -0.70725113
v 0.23691221 -0.46753642 -0.70790690
v 0.24272695 -0.47808754 -0.70856237
v 0.24853764 -0.48863140 -0.70921725
v 0.25434431 -0.49916792 -0.70987177
v 0.26019022 -0.50966471 -0.71051204
v 0.26659277 -0.51973438 -0.71097422
v 0.27348220 -0.52943319 -0.71128100
v 0.28036940 -0.53912884 -0.71158761
v 0.28994757 -0.54682386 -0.71104378
v 0.30025193 -0.55399048 -0.71027231
v 0.31056476 -0.56116301 -0.70950031
v 0.32272008 -0.56699455 -0.70815074
v 0.33576983 -0.57219255 -0.70652378
v 0.34884202 -0.57739949 -0.70489395
v -0.43496117 0.55335504 -0.65284085
v -0.44814819 0.52185953 -0.66069531
v -0.46122921 0.49061710 -0.66848665
v -0.47307995 0.46079895 -0.67580062
v -0.47624883 0.44014090 -0.67989641
v -0.47775462 0.42128056 -0.68336838
v -0.47925493 0.40248835 -0.68682784
v -0.48074988 0.38376385 -0.69027483
v -0.48228720 0.36505765 -0.69372696
v -0.48399916 0.34623456 -0.69723243
v -0.48533261 0.32786033 -0.70058924
v -0.48378342 0.31247723 -0.70288599
v -0.48223805 0.29713127 -0.70517713
v -0.48069641 0.28182238 -0.70746285
v -0.47915849 0.26655036 -0.70974302
v -0.47839049 0.25054574 -0.71229506
v -0.47765729 0.23455162 -0.71485209
v -0.47692603 0.21860078 -0.71740222
v -0.47619677 0.20269302 -0.71994543
v -0.47356454 0.18871634 -0.72179621
v -0.46988422 0.17580773 -0.72326487
v -0.46721470 0.16192947 -0.72509181
v -0.46637279 0.14628920 -0.72756827
v -0.46553308 0.13069022 -0.73003811
v -0.46469560 0.11513229 -0.73250145
v -0.46386030 0.09961531 -0.73495835
v -0.46302724 0.08413912 -0.73740876
v -0.46225646 0.06864545 -0.73987412
v -0.46152046 0.05316118 -0.74234462
v -0.46078649 0.03771799 -0.74480861
v -0.45964465 0.02270773 -0.74712092
v -0.45845628 0.00778199 -0.74941003
v -0.45765021 -0.00746756 -0.75182742
v -0.45733368 -0.02313928 -0.75441033
v -0.45696950 -0.03872139 -0.75696898
v -0.45660636 -0.05426037 -0.75952053
v -0.45660546 -0.07009544 -0.76219183
v -0.45801508 -0.08720414 -0.76534981
v -0.45896730 -0.10383213 -0.76833850
v -0.45991644 -0.12040605 -0.77131760
v -0.46327320 -0.13915972 -0.77512825
v -0.46592426 -0.15719655 -0.77868199
v -0.46851104 -0.17511357 -0.78220314
v -0.47259149 -0.19434114 -0.78623319
v -0.47653389 -0.21337399 -0.79020375
v -0.47962514 -0.23156333 -0.79386812
v -0.48390558 -0.25077122 -0.79793340
v -0.48816678 -0.26989284 -0.80198044
v -0.49189380 -0.28846371 -0.80583161
v -0.49592420 -0.30724254 -0.80977631
v -0.49993688 -0.32593894 -0.81370366
v -0.50377035 -0.34440896 -0.81755835
v -0.50666606 -0.36197832 -0.82108039
v -0.50955033 -0.37947839 -0.82458854
v -0.51242328 -0.39690959 -0.82808298
v -0.51485461 -0.41389245 -0.83141655
v -0.51699746 -0.43056574 -0.83464229
v -0.51913249 -0.44717833 -0.83785635
v -0.52057409 -0.46313113 -0.84082550
v -0.52117133 -0.47829884 -0.84349948
v -0.52176684 -0.49342051 -0.84616530
v -0.52198488 -0.50817120 -0.84869587
v -0.52030993 -0.52124655 -0.85057902
v -0.51864195 -0.53429675 -0.85245931
v -0.51697749 -0.54731882 -0.85433561
v -0.51315528 -0.55846620 -0.85547972
v -0.50861752 -0.56898522 -0.85637993
v -0.50390780 -0.57934344 -0.85721987
v -0.49862599 -0.58920383 -0.85786563
v -0.49089101 -0.59698451 -0.85768789
v -0.48315462 -0.60476691 -0.85751021
v -0.47541663 -0.61255091 -0.85733253
v -0.46679893 -0.61960310 -0.85686171
v -0.45649043 -0.62525541 -0.85582906
v -0.44615200 -0.63089973 -0.85478920
v -0.43580124 -0.63655084 -0.85374814
v -0.42319477 -0.64035934 -0.85196167
v -0.40971208 -0.64347690 -0.84988970
v -0.39621767 -0.64661849 -0.84781945
v -0.37905428 -0.64679861 -0.84454274
v -0.36001921 -0.64550900 -0.84065735
v -0.32898587 -0.63455212 -0.83282918
v 0.17706200 -0.27084082 -0.67396057
v 0.17460638 -0.28827780 -0.67737550
v 0.17692450 -0.30185187 -0.67921877
v 0.18089102 -0.31408572 -0.68051851
v 0.18487501 -0.32628495 -0.68180895
v 0.18936597 -0.33806303 -0.68293059
v 0.19387969 -0.34980538 -0.68404192
v 0.19838816 -0.36153406 -0.68515193
v 0.20289142 -0.37324920 -0.68626058
v 0.20741503 -0.38493082 -0.68735975
v 0.21232134 -0.39629772 -0.68833202
v 0.21740860 -0.40750903 -0.68924326
v 0.22249101 -0.41870967 -0.69015360
v 0.22756858 -0.42989963 -0.69106299
v 0.23264134 -0.44107896 -0.69197160
v 0.23773602 -0.45222721 -0.69287074
v 0.24340974 -0.46292022 -0.69358146
v 0.24923146 -0.47348976 -0.69424284
v 0.25584525 -0.48344961 -0.69464880
v 0.26381594 -0.49237981 -0.69461960
v 0.27178687 -0.50131029 -0.69459027
v 0.27975810 -0.51024109 -0.69456106
v 0.28935069 -0.51796168 -0.69401520
v 0.29966888 -0.52515095 -0.69323993
v 0.30999544 -0.53234601 -0.69246399
v 0.32033047 -0.53954697 -0.69168746
v 0.33067387 -0.54675376 -0.69091028
v 0.34102574 -0.55396646 -0.69013244
v -0.44321299 0.54519439 -0.64324284
v -0.45635357 0.51376319 -0.65112811
v -0.46938863 0.48258430 -0.65895009
v -0.48022276 0.45384231 -0.66593146
v -0.48172331 0.43493214 -0.66943341
v -0.48321849 0.41609043 -0.67292261
v -0.48470822 0.39731666 -0.67639923
v -0.48619258 0.37861046 -0.67986339
v -0.48767164 0.35997158 -0.68331504
v -0.48931494 0.34122601 -0.68681669
v -0.48984820 0.32367519 -0.68990016
v -0.48829409 0.30830187 -0.69220912
v -0.48674375 0.29296568 -0.69451255
v -0.48519710 0.27766645 -0.69681031
v -0.48365423 0.26240411 -0.69910264
v -0.48239681 0.24689561 -0.70149213
v -0.48165831 0.23090984 -0.70406318
v -0.48092180 0.21496730 -0.70662737
v -0.48018730 0.19906783 -0.70918459
v -0.47709540 0.18554991 -0.71088028
v -0.47341278 0.17264539 -0.71235728
v -0.46973592 0.15976103 -0.71383196
v -0.46785048 0.14514369 -0.71594828
v -0.46700859 0.12954204 -0.71843410
v -0.46616897 0.11398149 -0.72091347
v -0.46533152 0.09846190 -0.72338623
v -0.46449625 0.08298309 -0.72585249
v -0.46370515 0.06750441 -0.72832733
v -0.46296707 0.05201749 -0.73081380
v -0.46223095 0.03657167 -0.73329377
v -0.46149677 0.02116678 -0.73576713
v -0.46076453 0.00580266 -0.73823386
v -0.45891723 -0.00845889 -0.74029726
v -0.45898977 -0.02450441 -0.74303573
v -0.45930022 -0.04072764 -0.74585062
v -0.45960972 -0.05690176 -0.74865693
v -0.46021771 -0.07328147 -0.75141859
v -0.46113321 -0.08995239 -0.75456423
v -0.46208033 -0.10657496 -0.75757045
v -0.46302435 -0.12314346 -0.76056677
v -0.46604499 -0.14158508 -0.76428396
v -0.46839660 -0.15934567 -0.76775569
v -0.47091162 -0.17719786 -0.77127463
v -0.47498703 -0.19642225 -0.77532923
v -0.47832111 -0.21490000 -0.77911329
v -0.48131615 -0.23300481 -0.78276825
v -0.48559365 -0.25221342 -0.78685933
v -0.48986179 -0.27137673 -0.79093474
v -0.49288055 -0.28927928 -0.79456621
v -0.49691015 -0.30806270 -0.79853702
v -0.50092208 -0.32676369 -0.80249041
v -0.50433117 -0.34485942 -0.80622417
v -0.50764638 -0.36280912 -0.80991489
v -0.51098025 -0.38071367 -0.81360161
v -0.51424032 -0.39849144 -0.81725246
v -0.51653534 -0.41535664 -0.82056123
v -0.51880258 -0.43214238 -0.82385105
v -0.52106154 -0.44886622 -0.82712877
v -0.52235496 -0.46469170 -0.83006674
v -0.52284276 -0.47976664 -0.83272099
v -0.52332914 -0.49479643 -0.83536732
v -0.52353060 -0.50953591 -0.83790910
v -0.52162904 -0.52241886 -0.83972788
v -0.51973140 -0.53527534 -0.84154290
v -0.51780105 -0.54807389 -0.84334177
v -0.51404023 -0.55927885 -0.84451491
v -0.50932378 -0.56965065 -0.84536129
v -0.50461191 -0.58001250 -0.84620690
v -0.49954385 -0.59005910 -0.84692997
v -0.49180430 -0.59784079 -0.84675032
v -0.48406491 -0.60562551 -0.84657133
v -0.47632438 -0.61341226 -0.84639233
v -0.46787998 -0.62061405 -0.84597760
v -0.45760560 -0.62629914 -0.84495038
v -0.44728225 -0.63196033 -0.84390968
v -0.43692905 -0.63761365 -0.84286177
v -0.42440870 -0.64149749 -0.84109318
v -0.41087133 -0.64457422 -0.83899027
v -0.39736539 -0.64771068 -0.83690363
v -0.38013500 -0.64784056 -0.83358419
v -0.36110035 -0.64655596 -0.82967460
v -0.32989907 -0.63546801 -0.82174104
v 0.21729402 -0.33163229 -0.66403306
v 0.21993284 -0.34489629 -0.66577351
v 0.22336550 -0.35751188 -0.66724992
v 0.22708562 -0.36988011 -0.66862857
v 0.23080041 -0.38223070 -0.67000526
v 0.23520519 -0.39402530 -0.67115366
v 0.24078347 -0.40489617 -0.67191774
v 0.24659361 -0.41557670 -0.67260450
v 0.25255635 -0.42612946 -0.67324001
v 0.25851515 -0.43667525 -0.67387503
v 0.26447004 -0.44721410 -0.67450970
v 0.27152148 -0.45691061 -0.67478859
v 0.27941269 -0.46596748 -0.67479610
v 0.28730381 -0.47502428 -0.67480361
v 0.29519486 -0.48408100 -0.67481112
v 0.30309516 -0.49313065 -0.67481560
v 0.31110203 -0.50210071 -0.67478591
v 0.32005048 -0.51037067 -0.67445475
v -0.45144823 0.53705007 -0.63366395
v -0.46454260 0.50568300 -0.64157993
v -0.47753191 0.47456744 -0.64943248
v -0.48570254 0.44862002 -0.65546131
v -0.48719248 0.42972848 -0.65898049
v -0.48867702 0.41090527 -0.66248691
v -0.49015623 0.39214987 -0.66598070
v -0.49163008 0.37346202 -0.66946191
v -0.49309865 0.35484135 -0.67293054
v -0.49462581 0.33622205 -0.67641050
v -0.49436101 0.31949261 -0.67921770
v -0.49280193 0.30412909 -0.68153882
v -0.49124661 0.28880259 -0.68385440
v -0.48969504 0.27351314 -0.68616438
v -0.48814720 0.25826046 -0.68846881
v -0.48660311 0.24304445 -0.69076765
v -0.48565760 0.22726957 -0.69327885
v -0.48491585 0.21133535 -0.69585711
v -0.48417613 0.19544415 -0.69842833
v -0.48062542 0.18238428 -0.69996709
v -0.47694048 0.16948384 -0.70145243
v -0.47326133 0.15660354 -0.70293540
v -0.46958789 0.14374334 -0.70441610
v -0.46848491 0.12839326 -0.70682395
v -0.46764311 0.11283007 -0.70931923
v -0.46680349 0.09730787 -0.71180797
v -0.46596608 0.08182646 -0.71429008
v -0.46515465 0.06636274 -0.71677428
v -0.46441445 0.05087318 -0.71927685
v -0.46367618 0.03542473 -0.72177273
v -0.46293989 0.02001723 -0.72426200
v -0.46220556 0.00465052 -0.72674471
v -0.45946288 -0.00876428 -0.72850180
v -0.45776242 -0.02313682 -0.73062605
v -0.45807499 -0.03937470 -0.73346186
v -0.45838657 -0.05556339 -0.73628914
v -0.45820636 -0.07124238 -0.73893332
v -0.46014026 -0.08885434 -0.74232048
v -0.46400902 -0.10821331 -0.74638379
v -0.46613196 -0.12588055 -0.74981725
v -0.46852216 -0.14373745 -0.75333536
v -0.47086921 -0.16149507 -0.75682801
v -0.47331256 -0.17928246 -0.76034451
v -0.47728035 -0.19840951 -0.76438755
v -0.48010892 -0.21642660 -0.76801848
v -0.48300785 -0.23444687 -0.77166378
v -0.48728243 -0.25365621 -0.77578080
v -0.49095047 -0.27224723 -0.77967370
v -0.49390826 -0.29013184 -0.78330725
v -0.49789679 -0.30888346 -0.78729016
v -0.50190789 -0.32758898 -0.79126954
v -0.50480783 -0.34523460 -0.79485101
v -0.50804633 -0.36312252 -0.79853994
v -0.51138085 -0.38103446 -0.80225176
v -0.51426440 -0.39848560 -0.80579674
v -0.51657397 -0.41537133 -0.80913311
v -0.51884234 -0.43216577 -0.81244582
v -0.52105302 -0.44885489 -0.81572926
v -0.52241915 -0.46475166 -0.81871247
v -0.52290714 -0.47983423 -0.82138515
v -0.52339369 -0.49487153 -0.82404977
v -0.52365762 -0.50967246 -0.82663065
v -0.52200222 -0.52277499 -0.82854658
v -0.52010334 -0.53563684 -0.83037400
v -0.51805955 -0.54834461 -0.83214670
v -0.51474917 -0.55994111 -0.83348233
v -0.51003063 -0.57031655 -0.83433437
v -0.50519854 -0.58058178 -0.83514541
v -0.50026304 -0.59074634 -0.83591914
v -0.49272025 -0.59869933 -0.83580601
v -0.48497662 -0.60648543 -0.83562517
v -0.47723275 -0.61427414 -0.83544481
v -0.46896169 -0.62162554 -0.83508676
v -0.45868480 -0.62731296 -0.83405286
v -0.44839585 -0.63300711 -0.83301777
v -0.43805760 -0.63867718 -0.83196902
v -0.42562333 -0.64263630 -0.83021867
v -0.41208363 -0.64571530 -0.82810217
v -0.39851376 -0.64880347 -0.82598138
v -0.38121641 -0.64888316 -0.82261896
v -0.36217940 -0.64760131 -0.81868434
v -0.33081284 -0.63638443 -0.81064546
v -0.44651303 0.56047904 -0.61609328
v -0.45966706 0.52892208 -0.62410432
v -0.47187826 0.49849799 -0.63173527
v -0.48257390 0.46979612 -0.63877237
v -0.48909414 0.44557628 -0.64421844
v -0.49087241 0.42638546 -0.64786822
v -0.49267522 0.40723377 -0.65151602
v -0.49447131 0.38815355 -0.65515023
v -0.49626073 0.36914435 -0.65877098
v -0.49804348 0.35020584 -0.66237819
v -0.49981967 0.33133757 -0.66597211
v -0.49887109 0.31531262 -0.66854179
v -0.49730706 0.29995885 -0.67087507
v -0.49574676 0.28464213 -0.67320281
v -0.49419025 0.26936233 -0.67552495
v -0.49263749 0.25411931 -0.67784142
v -0.49108842 0.23891294 -0.68015236
v -0.48965520 0.22363088 -0.68249911
v -0.48890823 0.20770493 -0.68509132
v -0.48784754 0.19213600 -0.68756050
v -0.48415452 0.17921944 -0.68905658
v -0.48046732 0.16632305 -0.69055021
v -0.47678584 0.15344682 -0.69204158
v -0.47311017 0.14059070 -0.69353062
v -0.46996200 0.12724386 -0.69520760
v -0.46911803 0.11167805 -0.69771886
v -0.46827620 0.09615321 -0.70022351
v -0.46743667 0.08066921 -0.70272154
v -0.46660489 0.06522046 -0.70521510
v -0.46586257 0.04972825 -0.70773363
v -0.46512219 0.03427717 -0.71024549
v -0.46438381 0.01886707 -0.71275073
v -0.46354121 0.00359900 -0.71521103
v -0.46000901 -0.00906993 -0.71669608
v -0.45653322 -0.02176709 -0.71819699
v -0.45684785 -0.03801965 -0.72105390
v -0.45716155 -0.05422294 -0.72390217
v -0.45669240 -0.06964325 -0.72646201
v -0.45612788 -0.08493111 -0.72898036
v -0.46001050 -0.10432391 -0.73307818
v -0.46387619 -0.12363195 -0.73715818
v -0.46900672 -0.14404346 -0.74167639
v -0.47334215 -0.16364473 -0.74589896
v -0.47571385 -0.18136740 -0.74941278
v -0.47907189 -0.19993629 -0.75326586
v -0.48189744 -0.21795377 -0.75691956
v -0.48470023 -0.23588952 -0.76055473
v -0.48897189 -0.25509959 -0.76469755
v -0.49204668 -0.27315652 -0.76840699
v -0.49500322 -0.29104507 -0.77206421
v -0.49888408 -0.30970475 -0.77603561
v -0.50248873 -0.32805088 -0.77989882
v -0.50528491 -0.34561014 -0.78346795
v -0.50844657 -0.36343616 -0.78715467
v -0.51178175 -0.38135552 -0.79089165
v -0.51428860 -0.39847976 -0.79432911
v -0.51661265 -0.41538608 -0.79769319
v -0.51888210 -0.43218914 -0.80102879
v -0.52088261 -0.44870153 -0.80426151
v -0.52248347 -0.46481174 -0.80734658
v -0.52297163 -0.47990185 -0.81003773
v -0.52340716 -0.49490237 -0.81270307
v -0.52361310 -0.50966060 -0.81528169
v -0.52237570 -0.52313149 -0.81735539
v -0.52046710 -0.53599143 -0.81919217
v -0.51831830 -0.54861552 -0.82094121
v -0.51545864 -0.56060392 -0.82244122
v -0.51071376 -0.57096237 -0.82329065
v -0.50577164 -0.58113968 -0.82407016
v -0.50083387 -0.59130806 -0.82484907
v -0.49363679 -0.59955847 -0.82485437
v -0.48589066 -0.60734725 -0.82467234
v -0.47814286 -0.61513758 -0.82449031
v -0.47004405 -0.62263769 -0.82418942
v -0.45976460 -0.62832749 -0.82314873
v -0.44947317 -0.63402396 -0.82210696
v -0.43916965 -0.63972712 -0.82106388
v -0.42657319 -0.64355689 -0.81924832
v -0.41230568 -0.64604282 -0.81687337
v -0.39800012 -0.64853537 -0.81449205
v -0.37919435 -0.64739287 -0.81060159
v -0.35919747 -0.64534312 -0.80632126
v -0.45326877 0.55388099 -0.60595381
v -0.46410841 0.52477312 -0.61313438
v -0.47487029 0.49587417 -0.62026340
v -0.48555517 0.46718180 -0.62734145
v -0.49203539 0.44300246 -0.63280725
v -0.49364898 0.42398202 -0.63641822
v -0.49544665 0.40483421 -0.64008760
v -0.49723765 0.38575783 -0.64374322
v -0.49902198 0.36675254 -0.64738536
v -0.50079966 0.34781781 -0.65101385
v -0.50257075 0.32895336 -0.65462887
v -0.50146937 0.31308332 -0.65715790
v -0.50071514 0.29690424 -0.65980893
v -0.49996299 0.28076926 -0.66245288
v -0.49868268 0.26521409 -0.66489202
v -0.49712497 0.24998069 -0.66722059
v -0.49557102 0.23478395 -0.66954362
v -0.49402079 0.21962368 -0.67186105
v -0.49289888 0.20407607 -0.67433017
v -0.49137810 0.18896788 -0.67664438
v -0.48768276 0.17605537 -0.67814869
v -0.48399326 0.16316307 -0.67965078
v -0.48030952 0.15029091 -0.68115044
v -0.47663149 0.13743883 -0.68264776
v -0.47295922 0.12460679 -0.68414277
v -0.47059375 0.11052540 -0.68611228
v -0.46974978 0.09499795 -0.68863291
v -0.46890807 0.07951135 -0.69114685
v -0.46806854 0.06406542 -0.69365424
v -0.46731147 0.04858272 -0.69618428
v -0.46656901 0.03312901 -0.69871211
v -0.46582851 0.01771629 -0.70123333
v -0.46408984 0.00329840 -0.70338500
v -0.46055564 -0.00937585 -0.70487994
v -0.45702702 -0.02203014 -0.70637256
v -0.45561883 -0.03666252 -0.70862669
v -0.45593461 -0.05288042 -0.71149600
v -0.45517591 -0.06804147 -0.71397007
v -0.45404950 -0.08281697 -0.71630460
v -0.45600155 -0.10042436 -0.71973789
v -0.45975938 -0.11965302 -0.72380877
v -0.46298409 -0.13831961 -0.72767687
v -0.46987712 -0.16030988 -0.73284543
v -0.47673029 -0.18217728 -0.73798484
v -0.48086411 -0.20146364 -0.74214000
v -0.48368666 -0.21948154 -0.74581635
v -0.48649806 -0.23742828 -0.74947822
v -0.49017644 -0.25610223 -0.75343734
v -0.49314365 -0.27406645 -0.75713307
v -0.49609894 -0.29195887 -0.76081395
v -0.49987203 -0.31052664 -0.76477337
v -0.50296593 -0.32841977 -0.76848185
v -0.50576240 -0.34598598 -0.77207488
v -0.50884718 -0.36375010 -0.77575928
v -0.51194710 -0.38146725 -0.77943838
v -0.51431268 -0.39847386 -0.78284943
v -0.51665133 -0.41540083 -0.78624141
v -0.51892191 -0.43221253 -0.78959990
v -0.52071190 -0.44854802 -0.79278100
v -0.52240795 -0.46474952 -0.79592037
v -0.52303612 -0.47996953 -0.79867870
v -0.52336246 -0.49488264 -0.80132431
v -0.52356851 -0.50964874 -0.80392069
v -0.52274954 -0.52348822 -0.80615407
v -0.52072740 -0.53625697 -0.80796432
v -0.51857734 -0.54888672 -0.80972517
v -0.51616871 -0.56126720 -0.81139177
v -0.51128954 -0.57151681 -0.81220126
v -0.50630194 -0.58166134 -0.81297106
v -0.50077790 -0.59133959 -0.81355423
v -0.49360821 -0.59962064 -0.81357020
v -0.48566496 -0.60725117 -0.81332070
v -0.47771955 -0.61488390 -0.81307113
v -0.46931615 -0.62213814 -0.81266552
v -0.45886257 -0.62769228 -0.81156045
v -0.44838676 -0.63324559 -0.81045079
v -0.43789786 -0.63880581 -0.80933970
v -0.42461148 -0.64207780 -0.80727959
v -0.41032517 -0.64456099 -0.80488539
v -0.39600426 -0.64705378 -0.80248594
v -0.37624907 -0.64514929 -0.79825121
v -0.35181308 -0.63950390 -0.79244375
v -0.45629209 0.55122781 -0.59440291
v -0.46711123 0.52213973 -0.60162133
v -0.47786227 0.49325034 -0.60879165
v -0.48853645 0.46456754 -0.61591071
v -0.49497661 0.44042864 -0.62139606
v -0.49654847 0.42145067 -0.62501413
v -0.49821827 0.40243447 -0.62865835
v -0.50000417 0.38336197 -0.63233548
v -0.50178337 0.36436048 -0.63599890
v -0.50355601 0.34542963 -0.63964868
v -0.50521868 0.32667476 -0.64324594
v -0.50378853 0.31113887 -0.64566737
v -0.50272590 0.29527101 -0.64821970
v -0.50197089 0.27913547 -0.65087980
v -0.50121790 0.26304385 -0.65353268
v -0.50046700 0.24699596 -0.65617836
v -0.49971813 0.23099165 -0.65881687
v -0.49849573 0.21550678 -0.66127074
v -0.49694431 0.20039241 -0.66359460
v -0.49490774 0.18580052 -0.66573095
v -0.49121013 0.17289209 -0.66724360
v -0.48751834 0.16000386 -0.66875398
v -0.48383230 0.14713576 -0.67026204
v -0.48015195 0.13428773 -0.67176765
v -0.47647741 0.12145975 -0.67327094
v -0.47280857 0.10865175 -0.67477190
v -0.47122413 0.09384207 -0.67703611
v -0.47038025 0.07835286 -0.67956603
v -0.46953854 0.06290435 -0.68208921
v -0.46876121 0.04743656 -0.68462861
v -0.46801659 0.03198022 -0.68717253
v -0.46727395 0.01656489 -0.68970966
v -0.46463892 0.00299753 -0.69154859
v -0.46110272 -0.00968205 -0.69305348
v -0.45757213 -0.02234165 -0.69455606
v -0.45438784 -0.03530326 -0.69618016
v -0.45470580 -0.05153581 -0.69907063
v -0.45365691 -0.06643703 -0.70145732
v -0.45253146 -0.08122677 -0.70380944
v -0.45198211 -0.09651462 -0.70636278
v -0.45562991 -0.11566184 -0.71042329
v -0.45862070 -0.13413283 -0.71423531
v -0.46386248 -0.15461968 -0.71884626
v -0.47071657 -0.17651457 -0.72402310
v -0.47693083 -0.19773664 -0.72895545
v -0.48262569 -0.21840209 -0.73368764
v -0.48828498 -0.23895702 -0.73839349
v -0.49127531 -0.25700879 -0.74213243
v -0.49424124 -0.27497694 -0.74585193
v -0.49719533 -0.29287329 -0.74955660
v -0.50063574 -0.31114662 -0.75342357
v -0.50344360 -0.32878900 -0.75705492
v -0.50624037 -0.34636217 -0.76067197
v -0.50924820 -0.36406434 -0.76435351
v -0.51197010 -0.38145247 -0.76792341
v -0.51433688 -0.39846799 -0.77135783
v -0.51669002 -0.41541556 -0.77477771
v -0.51883787 -0.43212697 -0.77811557
v -0.52054107 -0.44839433 -0.78128767
v -0.52223837 -0.46460509 -0.78444880
v -0.52310073 -0.48003733 -0.78730810
v -0.52331769 -0.49486288 -0.78993344
v -0.52352393 -0.50963682 -0.79254764
v -0.52312368 -0.52384531 -0.79494274
v -0.52098793 -0.53652275 -0.79672593
v -0.51842958 -0.54880935 -0.79835695
v -0.51530623 -0.56058699 -0.79978693
v -0.51031399 -0.57075012 -0.80056393
v -0.50478232 -0.58044291 -0.80115175
v -0.49914780 -0.59003925 -0.80170232
v -0.49229681 -0.59860098 -0.80183065
v -0.48443016 -0.60630691 -0.80160797
v -0.47647858 -0.61394525 -0.80135655
v -0.46783632 -0.62101078 -0.80086803
v -0.45738363 -0.62657714 -0.79975826
v -0.44690487 -0.63213944 -0.79864252
v -0.43640679 -0.63770336 -0.79752326
v -0.42266229 -0.64060920 -0.79529524
v -0.40834111 -0.64307648 -0.79287612
v -0.39363486 -0.64526653 -0.79033208
v -0.37340623 -0.64298970 -0.78591162
v -0.34632352 -0.63520670 -0.77916867
v -0.45955575 0.54832053 -0.58294475
v -0.47011402 0.51950639 -0.59010845
v -0.48085427 0.49062657 -0.59732002
v -0.49151763 0.46195325 -0.60448003
v -0.49791786 0.43785483 -0.60998487
v -0.49948436 0.41888154 -0.61362380
v -0.50104511 0.39997751 -0.61724943
v -0.50277084 0.38096595 -0.62092698
v -0.50454497 0.36196831 -0.62461174
v -0.50631249 0.34304130 -0.62828285
v -0.50766027 0.32460755 -0.63178343
v -0.50622702 0.30907276 -0.63421929
v -0.50479716 0.29357633 -0.63664901
v -0.50397944 0.27750111 -0.63930279
v -0.50322366 0.26140893 -0.64197189
v -0.50246984 0.24536049 -0.64463371
v -0.50171816 0.22935563 -0.64728832
v -0.50096846 0.21339419 -0.64993584
v -0.50022078 0.19747597 -0.65257603
v -0.49820501 0.18286428 -0.65473354
v -0.49473661 0.16972962 -0.65634125
v -0.49104255 0.15684545 -0.65785998
v -0.48735416 0.14398140 -0.65937620
v -0.48367158 0.13113742 -0.66089016
v -0.47999471 0.11831348 -0.66240180
v -0.47632360 0.10550951 -0.66391098
v -0.47269922 0.09268556 -0.66543311
v -0.47185320 0.07719376 -0.66797894
v -0.47100937 0.06174267 -0.67051810
v -0.47021171 0.04628979 -0.67306674
v -0.46946496 0.03083082 -0.67562670
v -0.46872020 0.01541288 -0.67817992
v -0.46518847 0.00269640 -0.67970169
v -0.46165034 -0.00998851 -0.68121666
v -0.45811775 -0.02265342 -0.68272930
v -0.45459074 -0.03529837 -0.68423945
v -0.45326266 -0.04998910 -0.68654835
v -0.45213538 -0.06482992 -0.68892384
v -0.45101088 -0.07963394 -0.69129330
v -0.44988918 -0.09440129 -0.69365698
v -0.45148939 -0.11166006 -0.69700217
v -0.45449257 -0.13016364 -0.70084643
v -0.45782745 -0.14891019 -0.70479959
v -0.46468249 -0.17083266 -0.71001405
v -0.47132525 -0.19247456 -0.71513683
v -0.47705507 -0.21319717 -0.71991587
v -0.48272339 -0.23378529 -0.72465891
v -0.48763803 -0.25361076 -0.72911745
v -0.49234831 -0.27317813 -0.73348981
v -0.49703661 -0.29265428 -0.73784178
v -0.50111353 -0.31150916 -0.74196249
v -0.50392163 -0.32915854 -0.74561793
v -0.50671870 -0.34673867 -0.74925905
v -0.50961620 -0.36434919 -0.75292563
v -0.51199311 -0.38143772 -0.75639647
v -0.51436108 -0.39846212 -0.75985426
v -0.51672029 -0.41542283 -0.76329917
v -0.51866555 -0.43196374 -0.76658762
v -0.52037007 -0.44824046 -0.76978159
v -0.52206856 -0.46446055 -0.77296442
v -0.52306581 -0.48001847 -0.77589083
v -0.52304518 -0.49464539 -0.77845031
v -0.52242798 -0.50871485 -0.78079265
v -0.52177781 -0.52271837 -0.78311682
v -0.51884818 -0.53472435 -0.78463465
v -0.51573718 -0.54655069 -0.78608459
v -0.51257616 -0.55831110 -0.78751308
v -0.50879592 -0.56952149 -0.78872108
v -0.50326025 -0.57922250 -0.78931332
v -0.49742067 -0.58865702 -0.78979784
v -0.49093881 -0.59754217 -0.79005766
v -0.48311016 -0.60529119 -0.78984863
v -0.47523573 -0.61300516 -0.78962439
v -0.46635404 -0.61988151 -0.78905165
v -0.45589215 -0.62545162 -0.78793371
v -0.44541728 -0.63102865 -0.78681433
v -0.43491331 -0.63659912 -0.78568804
v -0.42070964 -0.63913810 -0.78328979
v -0.40637273 -0.64160520 -0.78085226
v -0.39006162 -0.64248902 -0.77775532
v -0.36621261 -0.63727969 -0.77205497
v -0.46281904 0.54541361 -0.57148784
v -0.47325450 0.51672798 -0.57864898
v -0.48384619 0.48800284 -0.58584845
v -0.49449888 0.45933902 -0.59304947
v -0.50085914 0.43528098 -0.59857357
v -0.50242025 0.41631237 -0.60223341
v -0.50397569 0.39741299 -0.60587990
v -0.50553775 0.37856978 -0.60951775
v -0.50730675 0.35957599 -0.61322391
v -0.50906920 0.34065279 -0.61691624
v -0.51010239 0.32253996 -0.62031883
v -0.50866586 0.30700627 -0.62276900
v -0.50723296 0.29151100 -0.62521321
v -0.50598872 0.27586621 -0.62772173
v -0.50523001 0.25977346 -0.63040709
v -0.50447339 0.24372448 -0.63308507
v -0.50371885 0.22771910 -0.63575584
v -0.50296628 0.21175711 -0.63841939
v -0.50221586 0.19583838 -0.64107573
v -0.49892005 0.18249679 -0.64276481
v -0.49652797 0.16828766 -0.64478892
v -0.49415198 0.15409690 -0.64681309
v -0.49087521 0.14082783 -0.64849323
v -0.48719031 0.12798789 -0.65001541
v -0.48351118 0.11516801 -0.65153533
v -0.47983778 0.10236806 -0.65305281
v -0.47617009 0.08958804 -0.65456796
v -0.47332692 0.07603404 -0.65638572
v -0.47248092 0.06058036 -0.65894073
v -0.47166294 0.04514240 -0.66149873
v -0.47091410 0.02968080 -0.66407472
v -0.46928430 0.01510531 -0.66631705
v -0.46573853 0.00239500 -0.66784441
v -0.46219838 -0.01029524 -0.66936940
v -0.45866382 -0.02296546 -0.67089200
v -0.45513481 -0.03561572 -0.67241216
v -0.44896173 -0.04575058 -0.67295617
v -0.44432566 -0.05731936 -0.67406261
v -0.44158819 -0.07064653 -0.67586166
v -0.43885592 -0.08394884 -0.67765731
v -0.43612868 -0.09722632 -0.67944956
v -0.43250975 -0.10964800 -0.68091136
v -0.45335680 -0.14464532 -0.69128281
v -0.45862794 -0.16513152 -0.69595760
v -0.46529838 -0.18682548 -0.70112723
v -0.47146654 -0.20797552 -0.70609975
v -0.47704542 -0.22850712 -0.71084452
v -0.48211196 -0.24849579 -0.71539032
v -0.48685932 -0.26812136 -0.71980786
v -0.49156785 -0.28764018 -0.72419864
v -0.49566361 -0.30653623 -0.72835624
v -0.49936372 -0.32500997 -0.73235965
v -0.50304800 -0.34340483 -0.73634595
v -0.50650227 -0.36153024 -0.74023837
v -0.50910836 -0.37883940 -0.74381602
v -0.51166201 -0.39604449 -0.74736470
v -0.51420599 -0.41318396 -0.75089997
v -0.51589489 -0.42951435 -0.75412023
v -0.51718879 -0.44544670 -0.75719076
v -0.51847833 -0.46132609 -0.76025105
v -0.51959300 -0.47700414 -0.76324058
v -0.51897490 -0.49112970 -0.76560736
v -0.51836216 -0.50522214 -0.76796931
v -0.51769704 -0.51923174 -0.77030611
v -0.51615125 -0.53244686 -0.77232540
v -0.51303923 -0.54428732 -0.77378672
v -0.50984043 -0.55603051 -0.77521348
v -0.50650930 -0.56763840 -0.77658963
v -0.50173575 -0.57800013 -0.77745557
v -0.49567348 -0.58728111 -0.77782321
v -0.48790902 -0.59507370 -0.77768165
v -0.48057520 -0.60325444 -0.77764714
v -0.47331414 -0.61149657 -0.77763814
v -0.46437913 -0.61834109 -0.77704549
v -0.45389497 -0.62390554 -0.77591503
v -0.44339779 -0.62947685 -0.77478319
v -0.43224192 -0.63452113 -0.77342576
v -0.41620207 -0.63556147 -0.77037823
v -0.40008852 -0.63658881 -0.76731366
v -0.38079160 -0.63505739 -0.76315665
v -0.35462579 -0.62798512 -0.75663882
v -0.46608201 0.54250699 -0.56003213
v -0.47650537 0.51383311 -0.56723326
v -0.48685542 0.48536095 -0.57438380
v -0.49748006 0.45672485 -0.58161902
v -0.50380039 0.43270713 -0.58716226
v -0.50535613 0.41374320 -0.59084296
v -0.50690615 0.39484847 -0.59451020
v -0.50845063 0.37602264 -0.59816414
v -0.51006871 0.35718352 -0.60183531
v -0.51182610 0.33826420 -0.60554898
v -0.51254487 0.32047197 -0.60885203
v -0.51110524 0.30493945 -0.61131668
v -0.50966913 0.28944528 -0.61377519
v -0.50823659 0.27398941 -0.61622769
v -0.50723714 0.25813740 -0.61883825
v -0.50647765 0.24208792 -0.62153250
v -0.50572026 0.22608200 -0.62421942
v -0.50496489 0.21011947 -0.62689900
v -0.50409150 0.19432004 -0.62952578
v -0.50021625 0.18155141 -0.63100630
v -0.49723074 0.16792537 -0.63281929
v -0.49485302 0.15372905 -0.63485670
v -0.49248022 0.13956207 -0.63688982
v -0.49011230 0.12542440 -0.63891882
v -0.48702675 0.11202328 -0.64067161
v -0.48335108 0.09922738 -0.64219731
v -0.47968110 0.08645139 -0.64372075
v -0.47601685 0.07369525 -0.64524180
v -0.47395328 0.05941744 -0.64735729
v -0.47311503 0.04399439 -0.64992440
v -0.47236401 0.02853016 -0.65251648
v -0.46983680 0.01480900 -0.65443927
v -0.46628907 0.00209334 -0.65597671
v -0.46274692 -0.01060224 -0.65751171
v -0.45835039 -0.02246257 -0.65872538
v -0.45124134 -0.03173986 -0.65893090
v -0.44413376 -0.04101518 -0.65913630
v -0.43664300 -0.04992740 -0.65919960
v -0.42862451 -0.05834472 -0.65906811
v -0.42212066 -0.06817698 -0.65949476
v -0.41939893 -0.08151866 -0.66131073
v -0.41668233 -0.09483542 -0.66312331
v -0.41298059 -0.10721260 -0.66456950
v -0.40918291 -0.11947788 -0.66597635
v -0.45925108 -0.18115726 -0.68707013
v -0.46586001 -0.20273705 -0.69223917
v -0.47134900 -0.22321178 -0.69698524
v -0.47643748 -0.24324565 -0.70157182
v -0.48135284 -0.26304850 -0.70608234
v -0.48608175 -0.28261018 -0.71051222
v -0.49006182 -0.30142638 -0.71465808
v -0.49388477 -0.32003489 -0.71873516
v -0.49758664 -0.33846951 -0.72275698
v -0.50093114 -0.35652101 -0.72663826
v -0.50375766 -0.37405008 -0.73032188
v -0.50632554 -0.39129114 -0.73390198
v -0.50887102 -0.40845522 -0.73746389
v -0.51086205 -0.42507455 -0.74081671
v -0.51218945 -0.44105849 -0.74392229
v -0.51348931 -0.45696884 -0.74700922
v -0.51457345 -0.47264227 -0.75001043
v -0.51489401 -0.48760486 -0.75273067
v -0.51428568 -0.50172025 -0.75511235
v -0.51360554 -0.51573592 -0.75746173
v -0.51284933 -0.52964914 -0.75977749
v -0.51033556 -0.54201925 -0.76146322
v -0.50709891 -0.55374515 -0.76288807
v -0.50376642 -0.56536692 -0.76427501
v -0.49984351 -0.57646579 -0.76544952
v -0.49204293 -0.58426553 -0.76525271
v -0.48424071 -0.59206700 -0.76505578
v -0.47669825 -0.60008979 -0.76495075
v -0.46932447 -0.60825562 -0.76490527
v -0.45859772 -0.61362231 -0.76368356
v -0.44798878 -0.61910605 -0.76250643
v -0.43747067 -0.62468356 -0.76136440
v -0.42435995 -0.62813509 -0.75931954
v -0.40849409 -0.62934774 -0.75631905
v -0.39244303 -0.63045478 -0.75326216
v -0.36828658 -0.62497294 -0.74739325
v 0.73315006 0.24228974 -0.37024388
v 0.75717211 0.24457398 -0.36496967
v -0.46934462 0.53960055 -0.54857761
v -0.47975594 0.51093853 -0.55581880
v -0.49009398 0.48247802 -0.56300908
v -0.50046122 0.45411062 -0.57018864
v -0.50674170 0.43013328 -0.57575095
v -0.50829202 0.41117403 -0.57945251
v -0.50983673 0.39228395 -0.58314055
v -0.51137584 0.37346277 -0.58681518
v -0.51290929 0.35470998 -0.59047639
v -0.51458311 0.33587539 -0.59418088
v -0.51498783 0.31840360 -0.59738320
v -0.51354504 0.30287221 -0.59986228
v -0.51210576 0.28737918 -0.60233521
v -0.51067013 0.27192447 -0.60480201
v -0.50924498 0.25650084 -0.60726541
v -0.50848258 0.24045077 -0.60997587
v -0.50772232 0.22444430 -0.61267895
v -0.50696409 0.20848127 -0.61537462
v -0.50539064 0.19337729 -0.61775076
v -0.50151318 0.18060543 -0.61924052
v -0.49793407 0.16756277 -0.62083954
v -0.49555463 0.15336087 -0.62289023
v -0.49318013 0.13918835 -0.62493664
v -0.49081051 0.12504514 -0.62697875
v -0.48844579 0.11093116 -0.62901676
v -0.48608592 0.09684630 -0.63105047
v -0.48319125 0.08331549 -0.63287622
v -0.47952470 0.07056338 -0.63440549
v -0.47586387 0.05783109 -0.63593239
v -0.47457835 0.04283566 -0.63834780
v -0.47381470 0.02737891 -0.64095205
v -0.47038981 0.01451244 -0.64255100
v -0.46684009 0.00179142 -0.64409852
v -0.46055454 -0.00830227 -0.64461905
v -0.45343393 -0.01759581 -0.64482635
v -0.44631484 -0.02688737 -0.64503360
v -0.43919721 -0.03617697 -0.64524072
v -0.43208116 -0.04546459 -0.64544791
v -0.42428902 -0.05411619 -0.64540362
v -0.41625816 -0.06254585 -0.64527100
v -0.40822625 -0.07097666 -0.64513838
v -0.40019324 -0.07940862 -0.64500576
v -0.39712730 -0.09243114 -0.64670587
v -0.39334175 -0.10476353 -0.64813584
v -0.38954777 -0.11706501 -0.64955866
v -0.46563399 -0.21789919 -0.68308073
v -0.47074452 -0.23797844 -0.68770832
v -0.47582880 -0.25795949 -0.69231308
v -0.48044842 -0.27744699 -0.69673491
v -0.48443255 -0.29629162 -0.70091230
v -0.48838842 -0.31504399 -0.70506752
v -0.49210793 -0.33351853 -0.70912492
v -0.49534217 -0.35149571 -0.71299452
v -0.49832246 -0.36918563 -0.71676099
v -0.50097239 -0.38652298 -0.72039723
v -0.50344658 -0.40364745 -0.72395957
v -0.50545049 -0.42030156 -0.72734201
v -0.50717521 -0.43665716 -0.73061424
v -0.50848532 -0.45259857 -0.73372793
v -0.50953895 -0.46826732 -0.73674065
v -0.51052719 -0.48383173 -0.73972142
v -0.51019853 -0.49820918 -0.74222159
v -0.50950325 -0.51223099 -0.74458361
v -0.50875121 -0.52616686 -0.74691868
v -0.50762630 -0.53974646 -0.74911398
v -0.50435162 -0.55145490 -0.75053680
v -0.49866751 -0.56108928 -0.75109786
v -0.49254808 -0.57034528 -0.75150263
v -0.48663843 -0.57977253 -0.75198078
v -0.48056343 -0.58905292 -0.75239897
v -0.47281149 -0.59691721 -0.75222230
v -0.46363136 -0.60358787 -0.75154126
v -0.45288351 -0.60895997 -0.75030857
v -0.44212133 -0.61433929 -0.74907428
v -0.43152410 -0.61987454 -0.74790144
v -0.41644624 -0.62172323 -0.74515665
v -0.40053540 -0.62292790 -0.74212682
v -0.38046685 -0.62076402 -0.73764777
v 0.24826419 -0.12035357 -0.52007067
v 0.71126360 0.22428547 -0.36410758
v 0.72851026 0.22112657 -0.36115435
v 0.75168455 0.22271191 -0.35614511
v -0.47260690 0.53669459 -0.53712428
v -0.48300615 0.50804424 -0.54440552
v -0.49333224 0.47959539 -0.55163556
v -0.50358593 0.45134601 -0.55881494
v -0.50968295 0.42755944 -0.56433958
v -0.51122797 0.40860486 -0.56806201
v -0.51276731 0.38971943 -0.57177085
v -0.51430100 0.37090287 -0.57546622
v -0.51582921 0.35215473 -0.57914805
v -0.51735181 0.33347470 -0.58281660
v -0.51743120 0.31633484 -0.58591223
v -0.51598525 0.30080456 -0.58840573
v -0.51454288 0.28531271 -0.59089309
v -0.51310408 0.26985914 -0.59337425
v -0.51166880 0.25444365 -0.59584928
v -0.51048827 0.23881306 -0.59841532
v -0.50972509 0.22280607 -0.60113448
v -0.50896406 0.20684251 -0.60384643
v -0.50669056 0.19243394 -0.60596853
v -0.50281101 0.17965890 -0.60746765
v -0.49893728 0.16690305 -0.60896450
v -0.49625683 0.15299238 -0.61091369
v -0.49388060 0.13881432 -0.61297339
v -0.49150926 0.12466557 -0.61502874
v -0.48914286 0.11054607 -0.61707997
v -0.48678133 0.09645573 -0.61912686
v -0.48442465 0.08239444 -0.62116957
v -0.48207283 0.06836212 -0.62320799
v -0.47936863 0.05470400 -0.62510699
v -0.47605008 0.04166893 -0.62676793
v -0.47450069 0.02696215 -0.62909228
v -0.46989936 0.01521495 -0.63025862
v -0.46276566 0.00590313 -0.63046771
v -0.45563352 -0.00340671 -0.63067687
v -0.44850281 -0.01271458 -0.63088590
v -0.44137365 -0.02202046 -0.63109493
v -0.43424603 -0.03132438 -0.63130397
v -0.42711988 -0.04062631 -0.63151288
v -0.41994166 -0.04987609 -0.63170177
v -0.41189957 -0.05831699 -0.63156807
v -0.40385634 -0.06675903 -0.63143432
v -0.39581206 -0.07520223 -0.63130063
v -0.38776669 -0.08364657 -0.63116682
v -0.37790853 -0.09042384 -0.63036162
v -0.36607862 -0.09540435 -0.62882888
v -0.35413027 -0.10030112 -0.62725693
v -0.34216285 -0.10520571 -0.62568241
v -0.33017629 -0.11011814 -0.62410533
v -0.47014102 -0.25272182 -0.67844611
v -0.47478208 -0.27225372 -0.68290758
v -0.47878516 -0.29114023 -0.68712217
v -0.48277062 -0.30994391 -0.69131827
v -0.48661184 -0.32855183 -0.69544953
v -0.48973513 -0.34645420 -0.69930685
v -0.49273148 -0.36418262 -0.70310676
v -0.49560249 -0.38173991 -0.70685029
v -0.49800509 -0.39882454 -0.71041274
v -0.50002193 -0.41551355 -0.71382493
v -0.50203156 -0.43214238 -0.71722490
v -0.50346637 -0.44821528 -0.72040695
v -0.50448936 -0.46387929 -0.72343111
v -0.50548714 -0.47947401 -0.72643769
v -0.50610059 -0.49468890 -0.72929710
v -0.50539017 -0.50871682 -0.73167157
v -0.50464237 -0.52267540 -0.73402596
v -0.50115174 -0.53424621 -0.73538852
v -0.49741802 -0.54558814 -0.73666006
v -0.49128556 -0.55486757 -0.73706883
v -0.48515591 -0.56414294 -0.73747748
v -0.47916481 -0.57352924 -0.73793447
v -0.47329190 -0.58300817 -0.73843241
v -0.46604139 -0.59132147 -0.73843825
v -0.45542720 -0.59681678 -0.73724753
v -0.44492725 -0.60242593 -0.73610067
v -0.43441433 -0.60804188 -0.73495245
v -0.42084363 -0.61113912 -0.73272425
v -0.40056306 -0.60872287 -0.72812861
v -0.38010380 -0.60622984 -0.72348255
v 0.21731956 -0.12990308 -0.51531553
v 0.24971698 -0.11933660 -0.50676930
v 0.69628251 0.21189854 -0.35562521
v 0.71146607 0.20709834 -0.35337201
v 0.73288149 0.20729887 -0.34894162
v 0.76334649 0.21471955 -0.34135708
v -0.47586885 0.53378886 -0.52567214
v -0.48625603 0.50515026 -0.53299344
v -0.49657017 0.47671306 -0.54026324
v -0.50591010 0.44942012 -0.54712510
v -0.51107818 0.42660010 -0.55231708
v -0.51268995 0.40756986 -0.55608982
v -0.51434857 0.38855493 -0.55986947
v -0.51600105 0.36961016 -0.56363517
v -0.51764745 0.35073522 -0.56738698
v -0.51928777 0.33192968 -0.57112491
v -0.51943409 0.31471738 -0.57426655
v -0.51842594 0.29873660 -0.57694715
v -0.51698041 0.28324589 -0.57944888
v -0.51553845 0.26779342 -0.58194435
v -0.51410007 0.25237909 -0.58443373
v -0.51266521 0.23700275 -0.58691698
v -0.51172858 0.22116727 -0.58958614
v -0.51096463 0.20520318 -0.59231412
v -0.50799137 0.19149002 -0.59417909
v -0.50410962 0.17871177 -0.59568751
v -0.50023371 0.16595273 -0.59719372
v -0.49695966 0.15262359 -0.59892714
v -0.49458170 0.13843995 -0.60100013
v -0.49220866 0.12428568 -0.60306877
v -0.48984054 0.11016066 -0.60513318
v -0.48747724 0.09606483 -0.60719329
v -0.48511887 0.08199807 -0.60924911
v -0.48276541 0.06796031 -0.61130077
v -0.48041672 0.05395146 -0.61334819
v -0.47807288 0.03997141 -0.61539137
v -0.47222126 0.02939358 -0.61609536
v -0.46498385 0.02015384 -0.61627132
v -0.45784009 0.01082763 -0.61648232
v -0.45069781 0.00150342 -0.61669326
v -0.44355705 -0.00781882 -0.61690402
v -0.43641779 -0.01713907 -0.61711490
v -0.42928010 -0.02645735 -0.61732566
v -0.42214388 -0.03577364 -0.61753643
v -0.41500920 -0.04508795 -0.61774713
v -0.40752900 -0.05407655 -0.61782759
v -0.39947450 -0.06252987 -0.61769277
v -0.39141890 -0.07098433 -0.61755788
v -0.38336220 -0.07943994 -0.61742300
v -0.37212518 -0.08496919 -0.61610252
v -0.36050436 -0.09016726 -0.61464298
v -0.34886640 -0.09537300 -0.61318123
v -0.33697665 -0.10037241 -0.61163026
v -0.32496792 -0.10528837 -0.61003965
v -0.31293994 -0.11021220 -0.60844642
v -0.30089271 -0.11514392 -0.60685068
v -0.45540422 -0.27002615 -0.66674739
v -0.46957171 -0.29804179 -0.67473662
v -0.48104867 -0.32326421 -0.68169677
v -0.48411009 -0.34139648 -0.68557507
v -0.48712251 -0.35916352 -0.68940860
v -0.49012285 -0.37685958 -0.69322681
v -0.49254635 -0.39398637 -0.69682306
v -0.49457631 -0.41071045 -0.70026529
v -0.49659890 -0.42737412 -0.70369500
v -0.49841386 -0.44380262 -0.70703936
v -0.49942455 -0.45947805 -0.71008158
v -0.49937484 -0.47418517 -0.71272981
v -0.49817979 -0.48785955 -0.71495497
v -0.49638680 -0.50098342 -0.71695715
v -0.49270412 -0.51245111 -0.71826977
v -0.48902658 -0.52390277 -0.71958053
v -0.48539877 -0.53537667 -0.72090560
v -0.48185661 -0.54690295 -0.72225779
v -0.47773495 -0.55791652 -0.72339773
v -0.47166193 -0.56726158 -0.72383314
v -0.46389696 -0.57517320 -0.72366023
v -0.45311329 -0.58055043 -0.72240585
v -0.44231519 -0.58593482 -0.72114986
v -0.43165925 -0.59145719 -0.71994811
v -0.42006195 -0.59621453 -0.71841371
v -0.39975998 -0.59377491 -0.71378136
v 0.19493473 -0.13250467 -0.50762266
v 0.21993633 -0.12791754 -0.50163180
v 0.25117198 -0.11831809 -0.49344778
v 0.68162078 0.19929726 -0.34716123
v 0.69895577 0.19674620 -0.34404838
v 0.71857518 0.19547439 -0.34019560
v 0.74058020 0.19615690 -0.33556136
v -0.48950559 0.50225657 -0.52158260
v -0.49892032 0.47476378 -0.52853811
v -0.50603992 0.44979334 -0.53455830
v -0.51220697 0.42591926 -0.54018116
v -0.51360363 0.40710601 -0.54389274
v -0.51525277 0.38809323 -0.54769307
v -0.51690418 0.36914191 -0.55148274
v -0.51854956 0.35026041 -0.55525839
v -0.52018887 0.33144841 -0.55902022
v -0.52021641 0.31435043 -0.56213546
v -0.51929969 0.29826871 -0.56486976
v -0.51856339 0.28204888 -0.56766665
v -0.51782918 0.26587358 -0.57045585
v -0.51653177 0.25031415 -0.57301611
v -0.51509380 0.23493892 -0.57551366
v -0.51373267 0.21952787 -0.57803369
v -0.51296592 0.20356327 -0.58077782
v -0.50929290 0.19054553 -0.58238238
v -0.50540900 0.17776409 -0.58390015
v -0.50153095 0.16500184 -0.58541572
v -0.49766302 0.15225448 -0.58693057
v -0.49528334 0.13806528 -0.58901680
v -0.49290857 0.12390547 -0.59109873
v -0.49053872 0.10977493 -0.59317636
v -0.48817378 0.09567360 -0.59524971
v -0.48581371 0.08160137 -0.59731871
v -0.48345849 0.06755817 -0.59938353
v -0.48110810 0.05354389 -0.60144407
v -0.47793558 0.04035533 -0.60318363
v -0.47136888 0.03045490 -0.60362017
v -0.46269751 0.02257644 -0.60325181
v -0.45443523 0.01430164 -0.60304052
v -0.44617119 0.00602508 -0.60282916
v -0.43859652 -0.00290846 -0.60288054
v -0.43144718 -0.01224314 -0.60309315
v -0.42429936 -0.02157581 -0.60330576
v -0.41715306 -0.03090650 -0.60351825
v -0.41000825 -0.04023521 -0.60373080
v -0.40286502 -0.04956193 -0.60394323
v -0.39508063 -0.05828910 -0.60391349
v -0.38701370 -0.06675486 -0.60377753
v -0.37794995 -0.07430190 -0.60326743
v -0.36632302 -0.07949676 -0.60179710
v -0.35467899 -0.08469928 -0.60032457
v -0.34301776 -0.08990948 -0.59884995
v -0.33133933 -0.09512737 -0.59737313
v -0.31964365 -0.10035295 -0.59589410
v -0.30769354 -0.10537142 -0.59432453
v -0.29562390 -0.11030670 -0.59271508
v -0.28353482 -0.11524991 -0.59110296
v -0.27038136 -0.11926347 -0.58910072
v -0.46831170 -0.35751575 -0.67354387
v -0.47410059 -0.37768412 -0.67841423
v -0.47812599 -0.39622483 -0.68262237
v -0.47963208 -0.41249055 -0.68589336
v -0.48113304 -0.42870083 -0.68915319
v -0.48292986 -0.44511828 -0.69251221
v -0.48228928 -0.45936683 -0.69497055
v -0.48110992 -0.47311085 -0.69722515
v -0.48001271 -0.48689091 -0.69950336
v -0.47906306 -0.50076264 -0.70182890
v -0.47683197 -0.51350003 -0.70368201
v -0.47316173 -0.52497941 -0.70500731
v -0.46961820 -0.53654623 -0.70637488
v -0.46607980 -0.54809642 -0.70774049
v -0.45697290 -0.55491477 -0.70708889
v -0.44670233 -0.56076187 -0.70601892
v -0.43652055 -0.56669998 -0.70498395
v -0.42632756 -0.57264453 -0.70394784
v -0.41512924 -0.57776552 -0.70255309
v 0.14610477 -0.14111905 -0.50656515
v 0.17213491 -0.13550982 -0.50013816
v 0.19774856 -0.13034134 -0.49387786
v 0.22255810 -0.12592821 -0.48792192
v 0.25262916 -0.11729803 -0.48010615
v 0.67103457 0.19096066 -0.33713526
v 0.68809009 0.18772765 -0.33418053
v 0.70712286 0.18604749 -0.33053273
v 0.72972488 0.18718654 -0.32563078
v 0.76526260 0.19863358 -0.31616727
v -0.49188203 0.50028360 -0.50982207
v -0.49904680 0.47515216 -0.51591760
v -0.50616997 0.45016691 -0.52197772
v -0.51325172 0.42532653 -0.52800274
v -0.51473165 0.40641931 -0.53177142
v -0.51615763 0.38763118 -0.53550714
v -0.51780802 0.36867324 -0.53932077
v -0.51945239 0.34978521 -0.54312038
v -0.52109069 0.33096674 -0.54690599
v -0.52115846 0.31382021 -0.55005741
v -0.51990288 0.29807740 -0.55267555
v -0.51916546 0.28185058 -0.55549043
v -0.51843011 0.26566833 -0.55829763
v -0.51769662 0.24953046 -0.56109715
v -0.51696533 0.23343679 -0.56388891
v -0.51608521 0.21753854 -0.56661397
v -0.51448715 0.20240439 -0.56904906
v -0.51059526 0.18960045 -0.57057846
v -0.50670916 0.17681581 -0.57210565
v -0.50282890 0.16405036 -0.57363039
v -0.49895456 0.15130411 -0.57515299
v -0.49598563 0.13769031 -0.57702345
v -0.49360910 0.12352493 -0.57911867
v -0.49123755 0.10938889 -0.58120960
v -0.48887089 0.09528206 -0.58329612
v -0.48650911 0.08120435 -0.58537835
v -0.48415220 0.06715569 -0.58745635
v -0.48180017 0.05313598 -0.58953005
v -0.47681719 0.04168493 -0.59058392
v -0.47046089 0.03156997 -0.59110636
v -0.46170777 0.02375811 -0.59070647
v -0.45315668 0.01574706 -0.59038526
v -0.44488597 0.00746412 -0.59017241
v -0.43661350 -0.00082058 -0.58995956
v -0.42833930 -0.00910703 -0.58974659
v -0.42006332 -0.01739525 -0.58953363
v -0.41214731 -0.02602484 -0.58945835
v -0.40499240 -0.03536798 -0.58967268
v -0.39783904 -0.04470914 -0.58988690
v -0.39072356 -0.05393174 -0.59001416
v -0.38259637 -0.06251379 -0.58995926
v -0.37215206 -0.06880718 -0.58892816
v -0.36050192 -0.07400648 -0.58744490
v -0.34883457 -0.07921344 -0.58595943
v -0.33714998 -0.08442809 -0.58447176
v -0.32544813 -0.08965046 -0.58298188
v -0.31372893 -0.09488055 -0.58148980
v -0.30199242 -0.10011839 -0.57999551
v -0.29023847 -0.10536398 -0.57849902
v -0.27822748 -0.11040163 -0.57691073
v -0.26411068 -0.11357474 -0.57454121
v -0.24955601 -0.11639331 -0.57201540
v -0.23722588 -0.12123429 -0.57032442
v -0.22487518 -0.12608336 -0.56863064
v -0.46011177 -0.42524910 -0.67252797
v -0.46202326 -0.44178656 -0.67595327
v -0.46390939 -0.45824927 -0.67935961
v -0.46274874 -0.47203085 -0.68163872
v -0.46181396 -0.48597169 -0.68399411
v -0.46088418 -0.49988064 -0.68634474
v -0.45951971 -0.51411474 -0.68840307
v -0.45192692 -0.52154654 -0.68843710
v 0.08349623 -0.14567997 -0.50777406
v 0.10496111 -0.14363837 -0.50291485
v 0.12652597 -0.14158726 -0.49803302
v 0.14942539 -0.13850304 -0.49268329
v 0.17549402 -0.13287969 -0.48620665
v 0.20034428 -0.12835804 -0.48018622
v 0.22518489 -0.12393507 -0.47418582
v 0.25408855 -0.11627644 -0.46674433
v 0.64780295 0.18902010 -0.32861221
v 0.66252446 0.18383799 -0.32647902
v 0.67955470 0.18059838 -0.32351288
v 0.69662952 0.17735030 -0.32053894
v 0.71980333 0.17896853 -0.31540009
v 0.75229883 0.18799093 -0.30695844
v -0.49200508 0.50068736 -0.49714738
v -0.49917343 0.47554097 -0.50328326
v -0.50630009 0.45054093 -0.50938350
v -0.51338536 0.42568591 -0.51544827
v -0.51586056 0.40573215 -0.51964164
v -0.51724905 0.38697591 -0.52338612
v -0.51871264 0.36820424 -0.52714926
v -0.52035594 0.34930968 -0.53097278
v -0.52199322 0.33048466 -0.53478223
v -0.52210128 0.31328958 -0.53797013
v -0.52080840 0.29757774 -0.54059052
v -0.51976806 0.28165209 -0.54330331
v -0.51903152 0.26546291 -0.54612851
v -0.51829702 0.24931811 -0.54894590
v -0.51756448 0.23321758 -0.55175567
v -0.51683396 0.21716107 -0.55455768
v -0.51523530 0.20202011 -0.55700868
v -0.51189834 0.18865480 -0.55876732
v -0.50801015 0.17586695 -0.56030381
v -0.50412774 0.16309831 -0.56183797
v -0.50025123 0.15034887 -0.56336987
v -0.49668846 0.13731501 -0.56502002
v -0.49431023 0.12314409 -0.56712860
v -0.49193695 0.10900251 -0.56923276
v -0.48956856 0.09489017 -0.57133257
v -0.48720509 0.08080700 -0.57342803
v -0.48484647 0.06675288 -0.57551920
v -0.48086694 0.05429948 -0.57697493
v -0.47569707 0.04301656 -0.57796496
v -0.46931729 0.03291173 -0.57848370
v -0.46117008 0.02450737 -0.57831788
v -0.45202887 0.01704898 -0.57776898
v -0.44359872 0.00890542 -0.57749569
v -0.43531957 0.00061432 -0.57728124
v -0.42703867 -0.00767854 -0.57706684
v -0.41875601 -0.01597316 -0.57685226
v -0.41047159 -0.02426955 -0.57663780
v -0.40218544 -0.03256768 -0.57642323
v -0.39389750 -0.04086758 -0.57620853
v -0.38560781 -0.04916924 -0.57599390
v -0.37799156 -0.05809850 -0.57603627
v -0.36633530 -0.06329454 -0.57454216
v -0.35466179 -0.06849825 -0.57304585
v -0.34297106 -0.07370966 -0.57154733
v -0.33141428 -0.07906721 -0.57010376
v -0.32007441 -0.08464517 -0.56874651
v -0.30871934 -0.09023059 -0.56738734
v -0.29734907 -0.09582349 -0.56602639
v -0.28596357 -0.10142388 -0.56466359
v -0.27456278 -0.10703178 -0.56329900
v -0.26329359 -0.11277901 -0.56198776
v -0.25129426 -0.11789361 -0.56040645
v -0.23896298 -0.12273689 -0.55870551
v -0.22661109 -0.12758823 -0.55700165
v -0.21319126 -0.13152015 -0.55490410
v -0.19955936 -0.13529733 -0.55273342
v -0.18588723 -0.13907260 -0.55055392
v -0.17184892 -0.14256036 -0.54824460
v -0.15647268 -0.14491411 -0.54544514
v -0.14105441 -0.14727432 -0.54263812
v -0.12379506 -0.14807877 -0.53915763
v -0.10613150 -0.14858669 -0.53553754
v -0.08840580 -0.14909641 -0.53190476
v -0.01801634 -0.15212552 -0.51766378
v -0.00027083 -0.15289237 -0.51407415
v 0.02149030 -0.15031667 -0.50902498
v 0.04341865 -0.14767653 -0.50392884
v 0.06495033 -0.14544690 -0.49899167
v 0.08634412 -0.14340742 -0.49411839
v 0.10783735 -0.14135845 -0.48922253
v 0.12943077 -0.13929994 -0.48430389
v 0.15275322 -0.13588139 -0.47877130
v 0.17821331 -0.13077880 -0.47247931
v 0.20294495 -0.12637094 -0.46646842
v 0.22781672 -0.12193811 -0.46042344
v 0.25555018 -0.11525330 -0.45336232
v 0.63889974 0.18145972 -0.31814986
v 0.65450430 0.17711411 -0.31566915
v 0.67135435 0.17374100 -0.31274748
v 0.68839723 0.17048012 -0.30976468
v 0.71191806 0.17239052 -0.30446804
v 0.74392211 0.18102995 -0.29614919
v -0.49236357 0.50084335 -0.48455453
v -0.49930018 0.47593018 -0.49063510
v -0.50643033 0.45091534 -0.49677542
v -0.51351917 0.42604572 -0.50288010
v -0.51699018 0.40504450 -0.50750333
v -0.51837713 0.38628292 -0.51127094
v -0.51975912 0.36758879 -0.51502508
v -0.52126020 0.34883374 -0.51881570
v -0.52289647 0.33000225 -0.52264899
v -0.52304471 0.31275854 -0.52587360
v -0.52175021 0.29704136 -0.52851039
v -0.52045900 0.28136408 -0.53114039
v -0.51963353 0.26525727 -0.53394848
v -0.51889783 0.24910559 -0.53678393
v -0.51816416 0.23299816 -0.53961158
v -0.51743251 0.21693482 -0.54243141
v -0.51530904 0.20231171 -0.54469025
v -0.51243484 0.18847495 -0.54664463
v -0.50931191 0.17491749 -0.54849476
v -0.50542736 0.16214566 -0.55003834
v -0.50154865 0.14939304 -0.55157948
v -0.49767575 0.13665958 -0.55311841
v -0.49501193 0.12276292 -0.55512840
v -0.49263695 0.10861581 -0.55724591
v -0.49026680 0.09449796 -0.55935895
v -0.48790166 0.08040930 -0.56146777
v -0.48492685 0.06694570 -0.56333178
v -0.47974852 0.05564243 -0.56432968
v -0.47457528 0.04435023 -0.56532669
v -0.46817189 0.03425555 -0.56584173
v -0.46063167 0.02525759 -0.56591320
v -0.45148435 0.01779455 -0.56536055
v -0.44233206 0.01032745 -0.56480759
v -0.43402356 0.00205150 -0.56458282
v -0.42573598 -0.00624779 -0.56436688
v -0.41744664 -0.01454882 -0.56415093
v -0.40915549 -0.02285163 -0.56393480
v -0.40086260 -0.03115619 -0.56371874
v -0.39256796 -0.03946252 -0.56350255
v -0.38427156 -0.04777062 -0.56328642
v -0.37578386 -0.05590476 -0.56299752
v -0.36491194 -0.06184065 -0.56179726
v -0.35361010 -0.06739939 -0.56043631
v -0.34229314 -0.07296556 -0.55907351
v -0.33096108 -0.07853917 -0.55770886
v -0.31961381 -0.08412025 -0.55634242
v -0.30825135 -0.08970879 -0.55497414
v -0.29687369 -0.09530482 -0.55360401
v -0.28548080 -0.10090836 -0.55223209
v -0.27407834 -0.10652459 -0.55086046
v -0.26287213 -0.11233816 -0.54956686
v -0.25165179 -0.11815910 -0.54827172
v -0.24039121 -0.12400074 -0.54696876
v -0.22704671 -0.12793776 -0.54487848
v -0.21342620 -0.13169904 -0.54269427
v -0.19977669 -0.13546833 -0.54050541
v -0.18541238 -0.13864230 -0.53805500
v -0.17006251 -0.14098951 -0.53524321
v -0.15467072 -0.14334315 -0.53242362
v -0.13944289 -0.14569679 -0.52980649
v -0.12158494 -0.14618027 -0.52595133
v -0.10390119 -0.14668533 -0.52230471
v -0.08615515 -0.14719218 -0.51864523
v -0.06834648 -0.14770080 -0.51497287
v -0.05072019 -0.14842151 -0.51137835
v -0.03307446 -0.14918011 -0.50778669
v -0.01536793 -0.14994131 -0.50418270
v 0.00293906 -0.15024738 -0.50036740
v 0.02479295 -0.14761059 -0.49525696
v 0.04645285 -0.14521441 -0.49023211
v 0.06777580 -0.14317706 -0.48534498
v 0.08919778 -0.14113025 -0.48043516
v 0.11071943 -0.13907392 -0.47550252
v 0.13234150 -0.13700800 -0.47054678
v 0.15608828 -0.13325402 -0.46482915
v 0.18078806 -0.12879772 -0.45877984
v 0.20555058 -0.12438006 -0.45272443
v 0.23045358 -0.11993732 -0.44663468
v 0.25701398 -0.11422860 -0.43995991
v 0.63216615 0.17577310 -0.30691138
v 0.64775473 0.17142369 -0.30441976
v 0.66337723 0.16706483 -0.30192277
v 0.68025970 0.16368677 -0.29897767
v 0.70696974 0.16817741 -0.29249683
v 0.73555869 0.17408000 -0.28535715
v -0.49277839 0.50094044 -0.47197184
v -0.49970576 0.47602680 -0.47808689
v -0.50659347 0.45125595 -0.48416692
v -0.51365310 0.42640594 -0.49029827
v -0.51812065 0.40435636 -0.49535644
v -0.51950604 0.38558942 -0.49914730
v -0.52088648 0.36688998 -0.50292450
v -0.52226192 0.34825766 -0.50668818
v -0.52380037 0.32951945 -0.51050627
v -0.52398890 0.31222710 -0.51376778
v -0.52269274 0.29650459 -0.51642096
v -0.52139986 0.28082198 -0.51906735
v -0.52023607 0.26505148 -0.52175766
v -0.51949918 0.24889284 -0.52461106
v -0.51876444 0.23277855 -0.52745664
v -0.51803154 0.21670836 -0.53029436
v -0.51538908 0.20259739 -0.53236091
v -0.51242059 0.18884537 -0.53429115
v -0.50963664 0.17494081 -0.53628910
v -0.50672770 0.16119243 -0.53823137
v -0.50284684 0.14843662 -0.53978193
v -0.49897179 0.13569999 -0.54133016
v -0.49571428 0.12238143 -0.54311818
v -0.49333748 0.10822878 -0.54524899
v -0.49096569 0.09410543 -0.54737538
v -0.48859876 0.08001127 -0.54949737
v -0.48381016 0.06830004 -0.55066019
v -0.47862843 0.05698744 -0.55166513
v -0.47345170 0.04568593 -0.55266905
v -0.46702474 0.03560143 -0.55318022
v -0.45968217 0.02640176 -0.55333179
v -0.45093912 0.01854110 -0.55293590
v -0.44178075 0.01106934 -0.55237919
v -0.43272552 0.00349095 -0.55186433
v -0.42443120 -0.00481476 -0.55164683
v -0.41613516 -0.01312223 -0.55142933
v -0.40783730 -0.02143147 -0.55121171
v -0.39953771 -0.02974247 -0.55099410
v -0.39123636 -0.03805524 -0.55077642
v -0.38293323 -0.04636977 -0.55055869
v -0.37446675 -0.05453629 -0.55027866
v -0.36448014 -0.06130265 -0.54941434
v -0.35317096 -0.06686448 -0.54804420
v -0.34184670 -0.07243375 -0.54667228
v -0.33050728 -0.07801048 -0.54529852
v -0.31915268 -0.08359467 -0.54392290
v -0.30778286 -0.08918635 -0.54254550
v -0.29639778 -0.09478552 -0.54116619
v -0.28499743 -0.10039221 -0.53978503
v -0.27366346 -0.10607995 -0.53843307
v -0.26245016 -0.11189680 -0.53713089
v -0.25122270 -0.11772100 -0.53582704
v -0.24012643 -0.12368219 -0.53457665
v -0.22712454 -0.12796932 -0.53260893
v -0.21365018 -0.13186820 -0.53046834
v -0.19896193 -0.13472824 -0.52787596
v -0.18363841 -0.13706893 -0.52505165
v -0.16827306 -0.13941601 -0.52221966
v -0.15286569 -0.14176950 -0.51937991
v -0.13701263 -0.14377783 -0.51638103
v -0.11937074 -0.14427826 -0.51272064
v -0.10166674 -0.14478044 -0.50904733
v -0.08390033 -0.14528440 -0.50536108
v -0.06607117 -0.14579013 -0.50166190
v -0.04817892 -0.14629766 -0.49794957
v -0.03044285 -0.14699461 -0.49430573
v -0.01271429 -0.14775279 -0.49067491
v 0.00621698 -0.14754483 -0.48660824
v 0.02800359 -0.14498255 -0.48149541
v 0.04925600 -0.14294732 -0.47659445
v 0.07060698 -0.14090265 -0.47167078
v 0.09205719 -0.13884848 -0.46672422
v 0.11360735 -0.13678475 -0.46175459
v 0.13525817 -0.13471138 -0.45676178
v 0.15871376 -0.13121547 -0.45111990
v 0.18350668 -0.12669799 -0.44500321
v 0.20857817 -0.12204181 -0.43880144
v 0.23379438 -0.11735874 -0.43256381
v 0.26121479 -0.11096396 -0.42553836
v 0.62560701 0.17022902 -0.29562438
v 0.64114368 0.16584611 -0.29313520
v 0.65671384 0.16145372 -0.29064059
v 0.67523628 0.15940921 -0.28708050
v 0.70234144 0.16422203 -0.28041685
v 0.73328859 0.17201990 -0.27237964
v -0.49080688 0.50355560 -0.45839405
v -0.50012326 0.47611147 -0.46553102
v -0.50701314 0.45132822 -0.47165003
v -0.51386356 0.42668661 -0.47773403
v -0.51925182 0.40366772 -0.48320100
v -0.52063572 0.38489547 -0.48701510
v -0.52201456 0.36619070 -0.49081546
v -0.52338850 0.34755310 -0.49460223
v -0.52475756 0.32898235 -0.49837536
v -0.52493387 0.31169525 -0.50165266
v -0.52363598 0.29596740 -0.50432229
v -0.52234137 0.28027949 -0.50698507
v -0.52105010 0.26463142 -0.50964111
v -0.52010113 0.24867994 -0.51242733
v -0.51936519 0.23255874 -0.51529086
v -0.51853472 0.21657868 -0.51810777
v -0.51546919 0.20288338 -0.52001810
v -0.51240933 0.18921320 -0.52192497
v -0.50962085 0.17530347 -0.52393478
v -0.50684077 0.16141763 -0.52594197
v -0.50406599 0.14755863 -0.52794522
v -0.50026870 0.13473980 -0.52953470
v -0.49641714 0.12199962 -0.53109783
v -0.49403867 0.10784143 -0.53324199
v -0.49166515 0.09371256 -0.53538173
v -0.48788205 0.08098949 -0.53695631
v -0.48269174 0.06965645 -0.53796917
v -0.47750655 0.05833451 -0.53898108
v -0.47232643 0.04702368 -0.53999197
v -0.46587583 0.03694939 -0.54049927
v -0.45852768 0.02774254 -0.54065192
v -0.45039323 0.01928862 -0.54049516
v -0.44122869 0.01181219 -0.53993469
v -0.43205920 0.00433168 -0.53937393
v -0.42312437 -0.00337945 -0.53890663
v -0.41482159 -0.01169337 -0.53868759
v -0.40651700 -0.02000905 -0.53846842
v -0.39821067 -0.02832650 -0.53824925
v -0.38990262 -0.03664572 -0.53803009
v -0.38159275 -0.04496671 -0.53781080
v -0.37314758 -0.05316566 -0.53753978
v -0.36343732 -0.06019995 -0.53677964
v -0.35273135 -0.06632891 -0.53563678
v -0.34139970 -0.07190129 -0.53425568
v -0.33005291 -0.07748114 -0.53287274
v -0.31869093 -0.08306845 -0.53148794
v -0.30731371 -0.08866326 -0.53010130
v -0.29592121 -0.09426556 -0.52871275
v -0.28451344 -0.09987539 -0.52732241
v -0.27324808 -0.10563476 -0.52599055
v -0.26202768 -0.11145488 -0.52467966
v -0.25180945 -0.11819135 -0.52375507
v -0.23971625 -0.12327053 -0.52211857
v -0.22670607 -0.12755989 -0.52013773
v -0.21258469 -0.13089530 -0.51774037
v -0.19720040 -0.13315237 -0.51487052
v -0.18186143 -0.13549289 -0.51202613
v -0.16648054 -0.13783982 -0.50917393
v -0.15105759 -0.14019315 -0.50631392
v -0.13481450 -0.14187521 -0.50315255
v -0.11715244 -0.14237274 -0.49946547
v -0.09942816 -0.14287204 -0.49576545
v -0.08164134 -0.14337309 -0.49205241
v -0.06379162 -0.14387591 -0.48832619
v -0.04587869 -0.14438052 -0.48458681
v -0.02790220 -0.14488693 -0.48083413
v -0.01005539 -0.14555994 -0.47714043
v 0.00950209 -0.14483638 -0.47281888
v 0.03078452 -0.14271818 -0.46786678
v 0.05206480 -0.14067565 -0.46292931
v 0.07344386 -0.13862365 -0.45796892
v 0.09506283 -0.13644449 -0.45293340
v 0.11684807 -0.13420129 -0.44785023
v 0.13868348 -0.13199174 -0.44276270
v 0.16252530 -0.12819353 -0.43694794
v 0.18749441 -0.12354946 -0.43073341
v 0.21260740 -0.11887863 -0.42448306
v 0.23786552 -0.11418082 -0.41819662
v 0.26650482 -0.10680823 -0.41068524
v 0.62005061 0.16550316 -0.28398389
v 0.63463187 0.16034946 -0.28182882
v 0.65018696 0.15595342 -0.27932331
v 0.67257243 0.15703762 -0.27432886
v 0.69812453 0.16059798 -0.26819265
v 0.73646665 0.17433104 -0.25741261
v -0.48504099 0.51017529 -0.44322023
v -0.50054109 0.47619620 -0.45296276
v -0.50743318 0.45140052 -0.45912081
v -0.51428580 0.42674667 -0.46524367
v -0.51957113 0.40382513 -0.47070247
v -0.52087563 0.38512552 -0.47450837
v -0.52225214 0.36641341 -0.47833213
v -0.52362359 0.34776849 -0.48214212
v -0.52499026 0.32919040 -0.48593852
v -0.52543133 0.31162235 -0.48934522
v -0.52458000 0.29542980 -0.49221435
v -0.52328366 0.27973658 -0.49489355
v -0.52199066 0.26408321 -0.49756598
v -0.52070361 0.24846683 -0.50023270
v -0.51996642 0.23233873 -0.50311428
v -0.51861668 0.21687272 -0.50573915
v -0.51554942 0.20316969 -0.50766188
v -0.51248783 0.18949181 -0.50958109
v -0.50960499 0.17566657 -0.51156664
v -0.50682336 0.16177258 -0.51358688
v -0.50404710 0.14790545 -0.51560318
v -0.50127620 0.13406511 -0.51761562
v -0.49769279 0.12105517 -0.51929659
v -0.49474043 0.10745376 -0.52122498
v -0.49196416 0.09371094 -0.52321786
v -0.48676533 0.08235735 -0.52423877
v -0.48157158 0.07101493 -0.52525872
v -0.47638297 0.05968364 -0.52627766
v -0.47119948 0.04836350 -0.52729559
v -0.46472514 0.03829943 -0.52779877
v -0.45737144 0.02908538 -0.52795249
v -0.44984660 0.02003712 -0.52803808
v -0.44067594 0.01255601 -0.52747387
v -0.43150026 0.00507082 -0.52690935
v -0.42231965 -0.00241844 -0.52634454
v -0.41350594 -0.01026224 -0.52592552
v -0.40519464 -0.01858438 -0.52570492
v -0.39688158 -0.02690828 -0.52548420
v -0.38856673 -0.03523396 -0.52526349
v -0.38025016 -0.04356141 -0.52504271
v -0.37182629 -0.05179286 -0.52478069
v -0.36210793 -0.05883221 -0.52401537
v -0.35229111 -0.06579268 -0.52321386
v -0.34095213 -0.07136817 -0.52182359
v -0.32959801 -0.07695112 -0.52043152
v -0.31822860 -0.08254156 -0.51903749
v -0.30684397 -0.08813950 -0.51764160
v -0.29544407 -0.09374496 -0.51624388
v -0.28404555 -0.09937299 -0.51485068
v -0.27283219 -0.10518903 -0.51353282
v -0.26158312 -0.11102347 -0.51220816
v -0.25229925 -0.11857496 -0.51163542
v -0.23930556 -0.12285837 -0.50964528
v -0.22633597 -0.12719339 -0.50767010
v -0.21116470 -0.12960842 -0.50485903
v -0.19547805 -0.13161105 -0.50185919
v -0.18008141 -0.13391416 -0.49897838
v -0.16468498 -0.13626093 -0.49610588
v -0.14924639 -0.13861413 -0.49322557
v -0.13261230 -0.13996905 -0.48989964
v -0.11493006 -0.14046371 -0.48618588
v -0.09718543 -0.14096008 -0.48245898
v -0.07937815 -0.14145824 -0.47871900
v -0.06150784 -0.14195813 -0.47496572
v -0.04357418 -0.14245981 -0.47119913
v -0.02557684 -0.14296328 -0.46741924
v -0.00751547 -0.14346853 -0.46362582
v 0.01248578 -0.14238386 -0.45911509
v 0.03389748 -0.14017311 -0.45408836
v 0.05540998 -0.13795196 -0.44903797
v 0.07702395 -0.13572033 -0.44396380
v 0.09874015 -0.13347813 -0.43886560
v 0.12055930 -0.13122532 -0.43374324
v 0.14203307 -0.12933545 -0.42876366
v 0.16648135 -0.12505206 -0.42269245
v 0.19149166 -0.12039341 -0.41642949
v 0.21664628 -0.11570788 -0.41013038
v 0.24122284 -0.11158944 -0.40406266
v 0.27180967 -0.10264083 -0.39579040
v 0.61458260 0.16084948 -0.27232084
v 0.62892824 0.15551013 -0.27023873
v 0.64628071 0.15257700 -0.26705566
v 0.67004770 0.15477833 -0.26152360
v 0.69406044 0.15700388 -0.25594383
v 0.74002832 0.17694950 -0.24227726
v -0.47925565 0.51681721 -0.42799526
v -0.50095940 0.47628102 -0.44038212
v -0.50785363 0.45147294 -0.44657931
v -0.51359904 0.42796603 -0.45228091
v -0.51865470 0.40527025 -0.45767939
v -0.52057999 0.38591230 -0.46176696
v -0.52189618 0.36725080 -0.46559063
v -0.52326924 0.34859252 -0.46942598
v -0.52463734 0.33000112 -0.47324756
v -0.52529806 0.31219634 -0.47676677
v -0.52445638 0.29598317 -0.47965884
v -0.52370667 0.27972278 -0.48257977
v -0.52293199 0.26353458 -0.48548159
v -0.52164054 0.24791566 -0.48816356
v -0.52056831 0.23211853 -0.49092680
v -0.51869881 0.21716708 -0.49335703
v -0.51562977 0.20345631 -0.49529219
v -0.51256639 0.18977071 -0.49722376
v -0.50958920 0.17603005 -0.49918452
v -0.50680596 0.16212791 -0.50121784
v -0.50402814 0.14825267 -0.50324732
v -0.50125575 0.13440421 -0.50527281
v -0.49848863 0.12058251 -0.50729442
v -0.49544275 0.10706576 -0.50919783
v -0.49084917 0.09509029 -0.51047373
v -0.48564687 0.08372731 -0.51150173
v -0.48044971 0.07237551 -0.51252872
v -0.47525766 0.06103486 -0.51355469
v -0.47007072 0.04970535 -0.51457965
v -0.46357271 0.03965154 -0.51507878
v -0.45621341 0.03043030 -0.51523352
v -0.44885522 0.02121043 -0.51538819
v -0.44012246 0.01330080 -0.51499677
v -0.43094063 0.00581093 -0.51442850
v -0.42175385 -0.00168303 -0.51385987
v -0.41256204 -0.00918107 -0.51329100
v -0.40387017 -0.01715744 -0.51292109
v -0.39555034 -0.02548780 -0.51269889
v -0.38722876 -0.03381995 -0.51247656
v -0.37890542 -0.04215387 -0.51225424
v -0.37050298 -0.05041790 -0.51200157
v -0.36077639 -0.05746230 -0.51123083
v -0.35104269 -0.06451191 -0.51045954
v -0.34050405 -0.07083438 -0.50937605
v -0.32914248 -0.07642046 -0.50797468
v -0.31776574 -0.08201402 -0.50657147
v -0.30637369 -0.08761510 -0.50516635
v -0.29496634 -0.09322371 -0.50375938
v -0.28363624 -0.09892344 -0.50238639
v -0.27241579 -0.10474276 -0.50105983
v -0.26321840 -0.11239746 -0.50051945
v -0.25189635 -0.11816011 -0.49916014
v -0.23884092 -0.12246393 -0.49716231
v -0.22539867 -0.12632285 -0.49496934
v -0.20974244 -0.12831949 -0.49195725
v -0.19404134 -0.13032186 -0.48893654
v -0.17829837 -0.13233276 -0.48590845
v -0.16288635 -0.13467936 -0.48301563
v -0.14743210 -0.13703239 -0.48011485
v -0.13040605 -0.13805939 -0.47662225
v -0.11270354 -0.13855113 -0.47288167
v -0.09493856 -0.13904461 -0.46912789
v -0.07711075 -0.13953982 -0.46536079
v -0.05921981 -0.14003681 -0.46158040
v -0.04119415 -0.14047448 -0.45775959
v -0.02291939 -0.14075606 -0.45385522
v -0.00457789 -0.14103867 -0.44993657
v 0.01603837 -0.13944873 -0.44517019
v 0.03748297 -0.13722855 -0.44010496
v 0.05902863 -0.13499790 -0.43501583
v 0.08067604 -0.13275672 -0.42990267
v 0.10242597 -0.13050492 -0.42476532
v 0.12405729 -0.12842762 -0.41968670
v 0.14553863 -0.12654962 -0.41467839
v 0.17044684 -0.12190311 -0.40840295
v 0.19549848 -0.11722980 -0.40209132
v 0.22069485 -0.11252952 -0.39574328
v 0.24451163 -0.10905468 -0.38992637
v 0.27700266 -0.09856550 -0.38090086
v 0.60907835 0.15616642 -0.26068100
v 0.62390393 0.15122318 -0.25840756
v 0.64449078 0.15091552 -0.25400743
v 0.66782886 0.15276602 -0.24860220
v 0.69293714 0.15596326 -0.24255824
v -0.47345075 0.52348161 -0.41271883
v -0.50137812 0.47636595 -0.42778906
v -0.50736094 0.45250323 -0.43364373
v -0.51244909 0.42967030 -0.43910706
v -0.51751167 0.40695223 -0.44454297
v -0.52042925 0.38654909 -0.44907004
v -0.52158648 0.36804098 -0.45285219
v -0.52291435 0.34941757 -0.45669359
v -0.52428395 0.33081287 -0.46054044
v -0.52517915 0.31275609 -0.46417943
v -0.52426267 0.29660875 -0.46705961
v -0.52348298 0.28036803 -0.46998739
v -0.52273518 0.26414165 -0.47291940
v -0.52198941 0.24795988 -0.47584331
v -0.52124566 0.23182254 -0.47875920
v -0.51878101 0.21746175 -0.48096135
v -0.51571018 0.20374325 -0.48290896
v -0.51264507 0.19004993 -0.48485300
v -0.50958556 0.17638172 -0.48679349
v -0.50678855 0.16248365 -0.48883498
v -0.50400919 0.14860027 -0.49087754
v -0.50123525 0.13474372 -0.49291617
v -0.49846661 0.12091393 -0.49495080
v -0.49499550 0.10767714 -0.49682340
v -0.48973244 0.09647177 -0.49771002
v -0.48452675 0.08509938 -0.49874511
v -0.47932616 0.07373817 -0.49977919
v -0.47413066 0.06238814 -0.50081223
v -0.46894032 0.05104927 -0.50184423
v -0.46241850 0.04100574 -0.50233912
v -0.45505360 0.03177729 -0.50249487
v -0.44768980 0.02255021 -0.50265068
v -0.43956819 0.01404656 -0.50250334
v -0.43038028 0.00655200 -0.50193131
v -0.42118731 -0.00094665 -0.50135899
v -0.41198933 -0.00844940 -0.50078630
v -0.40278634 -0.01595624 -0.50021327
v -0.39421698 -0.02406507 -0.49989313
v -0.38588864 -0.03240370 -0.49966931
v -0.37755853 -0.04074410 -0.49944547
v -0.36917752 -0.04904076 -0.49920216
v -0.35944277 -0.05609023 -0.49842611
v -0.34970084 -0.06314490 -0.49764946
v -0.33995172 -0.07020479 -0.49687228
v -0.32868645 -0.07588912 -0.49550241
v -0.31730229 -0.08148582 -0.49408996
v -0.30590281 -0.08709005 -0.49267560
v -0.29448801 -0.09270180 -0.49125931
v -0.28322646 -0.09847336 -0.48990688
v -0.27301317 -0.10520905 -0.48896676
v -0.26447845 -0.11346510 -0.48868227
v -0.25149295 -0.11774475 -0.48666975
v -0.23860039 -0.12213749 -0.48469904
v -0.22398858 -0.12503216 -0.48206809
v -0.20831797 -0.12702854 -0.47903517
v -0.19260240 -0.12903063 -0.47599354
v -0.17684169 -0.13103849 -0.47294319
v -0.16108465 -0.13309509 -0.46990293
v -0.14561470 -0.13544796 -0.46698171
v -0.12819572 -0.13614620 -0.46332031
v -0.11047291 -0.13663502 -0.45955282
v -0.09268750 -0.13712555 -0.45577198
v -0.07459953 -0.13741112 -0.45188618
v -0.05643272 -0.13768639 -0.44798121
v -0.03819973 -0.13796267 -0.44406199
v -0.01990023 -0.13823996 -0.44012854
v -0.00153382 -0.13851827 -0.43618068
v 0.01959910 -0.13650689 -0.43119344
v 0.04107669 -0.13427722 -0.42608950
v 0.06265561 -0.13203704 -0.42096141
v 0.08433658 -0.12978628 -0.41580915
v 0.10612031 -0.12752484 -0.41063243
v 0.12739062 -0.12576766 -0.40566373
v 0.14947253 -0.12340773 -0.40040329
v 0.17442179 -0.11874661 -0.39407930
v 0.19951493 -0.11405863 -0.38771886
v 0.22401762 -0.10994949 -0.38159743
v 0.24780746 -0.10651450 -0.37575984
v 0.28161576 -0.09496519 -0.36619222
v 0.60455310 0.15228209 -0.24868540
v 0.62311482 0.15037954 -0.24500482
v 0.64370561 0.15006810 -0.24057871
v 0.66568559 0.15081474 -0.23564823
v 0.69926739 0.16082901 -0.22642267
v -0.46762621 0.53016859 -0.39739072
v -0.49930766 0.47906992 -0.41413558
v -0.50620216 0.45423269 -0.42041117
v -0.51129735 0.43137726 -0.42591226
v -0.51636678 0.40863687 -0.43138567
v -0.52027839 0.38718665 -0.43635783
v -0.52143657 0.36866635 -0.44016469
v -0.52259064 0.35021108 -0.44395810
v -0.52393019 0.33162567 -0.44781715
v -0.52506018 0.31331655 -0.45157725
v -0.52414328 0.29715890 -0.45447615
v -0.52325904 0.28101406 -0.45737970
v -0.52251112 0.26477692 -0.46033084
v -0.52176517 0.24858445 -0.46327382
v -0.52102131 0.23243645 -0.46620879
v -0.51875836 0.21786220 -0.46850893
v -0.51579064 0.20403047 -0.47051221
v -0.51272380 0.19032943 -0.47246870
v -0.50966257 0.17665352 -0.47442162
v -0.50677109 0.16283979 -0.47643816
v -0.50399023 0.14894825 -0.47849387
v -0.50121474 0.13508359 -0.48054558
v -0.49844459 0.12124572 -0.48259336
v -0.49400571 0.10907470 -0.48395571
v -0.48861405 0.09785538 -0.48492670
v -0.48340490 0.08647355 -0.48596886
v -0.47820082 0.07510293 -0.48700997
v -0.47300193 0.06374351 -0.48805010
v -0.46780813 0.05239526 -0.48908919
v -0.46126246 0.04236203 -0.48957977
v -0.45389196 0.03312636 -0.48973665
v -0.44652256 0.02389205 -0.48989350
v -0.43901327 0.01479331 -0.48999366
v -0.42981920 0.00729405 -0.48941782
v -0.42062005 -0.00020931 -0.48884168
v -0.41141590 -0.00771677 -0.48826519
v -0.40220672 -0.01522832 -0.48768836
v -0.39299253 -0.02274399 -0.48711130
v -0.38454640 -0.03098518 -0.48684165
v -0.37620947 -0.03933208 -0.48661625
v -0.36784995 -0.04766145 -0.48638254
v -0.35810703 -0.05471598 -0.48560113
v -0.34835693 -0.06177573 -0.48481914
v -0.33859956 -0.06884071 -0.48403654
v -0.32822981 -0.07535712 -0.48301455
v -0.31683823 -0.08095697 -0.48159280
v -0.30543134 -0.08656433 -0.48016918
v -0.29403666 -0.09220424 -0.47875443
v -0.28279912 -0.09803145 -0.47740805
v -0.27463651 -0.10659891 -0.47726518
v -0.26408282 -0.11304702 -0.47618976
v -0.25115722 -0.11738984 -0.47419074
v -0.23821646 -0.12174903 -0.47219157
v -0.22257628 -0.12373943 -0.46914649
v -0.20689121 -0.12573554 -0.46609262
v -0.19116114 -0.12773736 -0.46303001
v -0.17538586 -0.12974495 -0.45995858
v -0.15956517 -0.13175832 -0.45687836
v -0.14366202 -0.13374527 -0.45377496
v -0.12582746 -0.13409543 -0.44993436
v -0.10783300 -0.13436350 -0.44604298
v -0.08977327 -0.13463256 -0.44213751
v -0.07164795 -0.13490258 -0.43821782
v -0.05345664 -0.13517357 -0.43428385
v -0.03519901 -0.13544558 -0.43033561
v -0.01687469 -0.13571857 -0.42637286
v 0.00175817 -0.13578694 -0.42230329
v 0.02316798 -0.13355827 -0.41718459
v 0.04467867 -0.13131911 -0.41204175
v 0.06629095 -0.12906937 -0.40687466
v 0.08800555 -0.12680899 -0.40168309
v 0.10943366 -0.12486412 -0.39661479
v 0.13073123 -0.12310190 -0.39161015
v 0.15341583 -0.12025834 -0.38609415
v 0.17840625 -0.11558259 -0.37972143
v 0.20354097 -0.11087983 -0.37331185
v 0.22728640 -0.10741423 -0.36744407
v 0.25111035 -0.10396889 -0.36156303
v 0.28624076 -0.09135562 -0.35144570
v 0.60454541 0.15208255 -0.23499875
v 0.62232506 0.14953525 -0.23159170
v 0.64291990 0.14922005 -0.22713964
v 0.66354167 0.14886279 -0.22268973
v 0.70572573 0.16579711 -0.21019787
v -0.46254632 0.53607136 -0.38233480
v -0.49471858 0.48442471 -0.39939088
v -0.50538641 0.45560327 -0.40730327
v -0.51022500 0.43300194 -0.41273075
v -0.51522005 0.41032419 -0.41820750
v -0.52012736 0.38782501 -0.42363042
v -0.52128643 0.36929244 -0.42746189
v -0.52244151 0.35082504 -0.43127993
v -0.52359247 0.33242241 -0.43508458
v -0.52494234 0.31389761 -0.43897375
v -0.52402377 0.29770970 -0.44187781
v -0.52310896 0.28158537 -0.44478750
v -0.52228671 0.26541296 -0.44772694
v -0.52154064 0.24920976 -0.45068911
v -0.52079666 0.23305112 -0.45364311
v -0.51835716 0.21863830 -0.45589629
v -0.51574451 0.20444511 -0.45804951
v -0.51280266 0.19060925 -0.46007094
v -0.50973970 0.17692563 -0.46203631
v -0.50675368 0.16319631 -0.46402740
v -0.50397122 0.14929663 -0.46609628
v -0.50119418 0.13542385 -0.46816114
v -0.49776438 0.12222479 -0.46995217
v -0.49298701 0.11037393 -0.47118607
v -0.48760974 0.09912802 -0.47217098
v -0.48228130 0.08784986 -0.47317293
v -0.47707379 0.07646980 -0.47422114
v -0.47187141 0.06510096 -0.47526836
v -0.46667418 0.05374332 -0.47631454
v -0.46010464 0.04372042 -0.47680071
v -0.45272857 0.03447751 -0.47695866
v -0.44535357 0.02523598 -0.47711658
v -0.43797967 0.01599581 -0.47727448
v -0.42925733 0.00803706 -0.47688791
v -0.42005205 0.00052899 -0.47630796
v -0.41084173 -0.00698318 -0.47572771
v -0.40162635 -0.01449945 -0.47514707
v -0.39240593 -0.02201984 -0.47456616
v -0.38320199 -0.02956441 -0.47399354
v -0.37485832 -0.03791781 -0.47376662
v -0.36651284 -0.04627299 -0.47353959
v -0.35676917 -0.05333956 -0.47275579
v -0.34701085 -0.06040440 -0.47196844
v -0.33724526 -0.06747447 -0.47118047
v -0.32747242 -0.07454978 -0.47039193
v -0.31637359 -0.08042745 -0.46908006
v -0.30495927 -0.08603796 -0.46764711
v -0.29363301 -0.09174976 -0.46625313
v -0.28443715 -0.09940664 -0.46570396
v -0.27626061 -0.10798944 -0.46555811
v -0.26370558 -0.11264540 -0.46368960
v -0.25087091 -0.11707907 -0.46171653
v -0.23681629 -0.12045453 -0.45927039
v -0.22116171 -0.12244465 -0.45620438
v -0.20546220 -0.12444047 -0.45312956
v -0.18971762 -0.12644204 -0.45004591
v -0.17387679 -0.12840453 -0.44693351
v -0.15767759 -0.13009872 -0.44369033
v -0.14103171 -0.13145027 -0.44028264
v -0.12294240 -0.13159442 -0.43632382
v -0.10492384 -0.13185824 -0.43240371
v -0.08683988 -0.13212302 -0.42846939
v -0.06869015 -0.13238877 -0.42452070
v -0.05047429 -0.13265549 -0.42055768
v -0.03219195 -0.13292317 -0.41658020
v -0.01384275 -0.13319182 -0.41258812
v 0.00530235 -0.13284107 -0.40830112
v 0.02674505 -0.13060291 -0.40314361
v 0.04828892 -0.12835421 -0.39796174
v 0.06993466 -0.12609485 -0.39275536
v 0.09151890 -0.12396269 -0.38758707
v 0.11275075 -0.12220050 -0.38256788
v 0.13407914 -0.12043030 -0.37752581
v 0.15736851 -0.11710142 -0.37175083
v 0.18240026 -0.11241098 -0.36532912
v 0.20682926 -0.10831115 -0.35915422
v 0.23056221 -0.10487354 -0.35326052
v 0.25596213 -0.10015193 -0.34675166
v 0.58824056 0.15560310 -0.22417189
v 0.60468704 0.15200455 -0.22124171
v 0.62229151 0.14930551 -0.21788271
v 0.64213353 0.14837132 -0.21369015
v 0.67069060 0.15441515 -0.20623036
v -0.45786077 0.54155958 -0.36740708
v -0.49011612 0.48979521 -0.38460302
v -0.50463974 0.45690212 -0.39420608
v -0.50948364 0.43428138 -0.39966992
v -0.51430357 0.41177240 -0.40510675
v -0.51912928 0.38934368 -0.41052926
v -0.52113622 0.36991930 -0.41474390
v -0.52229214 0.35143974 -0.41858658
v -0.52344418 0.33302504 -0.42241576
v -0.52459204 0.31467488 -0.42623153
v -0.52390409 0.29826114 -0.42926455
v -0.52298886 0.28212655 -0.43219304
v -0.52207619 0.26603547 -0.43511361
v -0.52131587 0.24983583 -0.43808904
v -0.52046746 0.23377173 -0.44101864
v -0.51792645 0.21945544 -0.44323388
v -0.51534206 0.20521726 -0.44542429
v -0.51273292 0.19103791 -0.44759783
v -0.50981688 0.17719802 -0.44963741
v -0.50675780 0.16353182 -0.45161161
v -0.50395221 0.14964540 -0.45368475
v -0.50117362 0.13576449 -0.45576280
v -0.49674711 0.12353566 -0.45715493
v -0.49196675 0.11167511 -0.45839718
v -0.48666483 0.10034307 -0.45942125
v -0.48115599 0.08922827 -0.46035728
v -0.47594503 0.07783877 -0.46141261
v -0.47073919 0.06646051 -0.46246696
v -0.46553850 0.05509345 -0.46352023
v -0.45894507 0.04508090 -0.46400192
v -0.45156339 0.03583075 -0.46416095
v -0.44418272 0.02658197 -0.46431991
v -0.43680322 0.01733457 -0.46447888
v -0.42869475 0.00878105 -0.46434158
v -0.41948327 0.00126827 -0.46375784
v -0.41026679 -0.00624862 -0.46317378
v -0.40104520 -0.01376963 -0.46258932
v -0.39181858 -0.02129475 -0.46200460
v -0.38258693 -0.02882398 -0.46141955
v -0.37350497 -0.03650128 -0.46089643
v -0.36515269 -0.04486298 -0.46066788
v -0.35542923 -0.05196096 -0.45989013
v -0.34566262 -0.05903088 -0.45909736
v -0.33588880 -0.06610605 -0.45830399
v -0.32610771 -0.07318647 -0.45751005
v -0.31590840 -0.07989726 -0.45655167
v -0.30448660 -0.08551093 -0.45510939
v -0.29424104 -0.09221198 -0.45413888
v -0.28606382 -0.10079570 -0.45399222
v -0.27627563 -0.10793127 -0.45320743
v -0.26342672 -0.11233196 -0.45121339
v -0.25058427 -0.11676794 -0.44922766
v -0.23541389 -0.11915800 -0.44632885
v -0.21974492 -0.12114783 -0.44324183
v -0.20380352 -0.12294195 -0.44005644
v -0.18768249 -0.12462444 -0.43680960
v -0.17151293 -0.12631199 -0.43355295
v -0.15529461 -0.12800464 -0.43028656
v -0.13836251 -0.12912129 -0.42675009
v -0.12010041 -0.12913097 -0.42270401
v -0.10200858 -0.12934773 -0.41873583
v -0.08390032 -0.12960821 -0.41477251
v -0.06572613 -0.12986967 -0.41079476
v -0.04748565 -0.13013206 -0.40680251
v -0.02917853 -0.13039543 -0.40279567
v -0.01080439 -0.13065974 -0.39877418
v 0.00885464 -0.12988843 -0.39426684
v 0.03033036 -0.12764075 -0.38907033
v 0.05190749 -0.12538245 -0.38384926
v 0.07358680 -0.12311347 -0.37860349
v 0.09481258 -0.12130123 -0.37354690
v 0.11607509 -0.11953107 -0.36849028
v 0.13743438 -0.11775286 -0.36341068
v 0.16133066 -0.11393695 -0.35737324
v 0.18699251 -0.10914247 -0.35086727
v 0.21007815 -0.10577539 -0.34498394
v 0.23384501 -0.10232742 -0.33904660
v 0.26126376 -0.09596607 -0.33173439
v 0.58877695 0.15585732 -0.21026506
v 0.60482872 0.15192646 -0.20746993
v 0.62248808 0.14926258 -0.20407255
v 0.64620346 0.15145694 -0.19838995
v 0.67826360 0.16030915 -0.18956551
v -0.48550022 0.49518138 -0.36977193
v -0.50154334 0.46066639 -0.38008556
v -0.50874126 0.43556261 -0.38659030
v -0.51356649 0.41303438 -0.39206338
v -0.51808095 0.39091533 -0.39738730
v -0.52050823 0.37104133 -0.40180770
v -0.52163178 0.35258245 -0.40566120
v -0.52276307 0.33417618 -0.40950620
v -0.52389044 0.31583428 -0.41333771
v -0.52366400 0.29893613 -0.41658562
v -0.52286869 0.28266838 -0.41958368
v -0.52195561 0.26656708 -0.42252299
v -0.52109081 0.25046271 -0.42547366
v -0.52003700 0.23459502 -0.42833596
v -0.51749480 0.22026862 -0.43056566
v -0.51493901 0.20599042 -0.43278289
v -0.51232862 0.19180122 -0.43497059
v -0.50972354 0.17764063 -0.43715385
v -0.50683331 0.16379681 -0.43921170
v -0.50393313 0.14999457 -0.44125924
v -0.50051731 0.13673252 -0.44308642
v -0.49572837 0.12484849 -0.44433847
v -0.49094495 0.11297826 -0.44558907
v -0.48571852 0.10155992 -0.44665265
v -0.48017466 0.09046690 -0.44758201
v -0.47481447 0.07920985 -0.44858435
v -0.46960521 0.06782214 -0.44964582
v -0.46440110 0.05644566 -0.45070624
v -0.45778370 0.04644350 -0.45118332
v -0.45039636 0.03718608 -0.45134342
v -0.44301012 0.02793005 -0.45150349
v -0.43562502 0.01867540 -0.45166352
v -0.42813143 0.00952601 -0.45177886
v -0.41891375 0.00200851 -0.45119128
v -0.40969107 -0.00551311 -0.45060337
v -0.40046331 -0.01303884 -0.45001516
v -0.39123046 -0.02056870 -0.44942656
v -0.38199258 -0.02810268 -0.44883770
v -0.37274966 -0.03564079 -0.44824848
v -0.36379039 -0.04345072 -0.44777560
v -0.35408711 -0.05058016 -0.44700399
v -0.34431228 -0.05765519 -0.44620585
v -0.33453017 -0.06473547 -0.44540709
v -0.32474086 -0.07182100 -0.44460773
v -0.31494421 -0.07891180 -0.44380778
v -0.30403927 -0.08502465 -0.44256836
v -0.29587027 -0.09359958 -0.44242245
v -0.28769127 -0.10218542 -0.44227502
v -0.27597409 -0.10758803 -0.44071734
v -0.26314756 -0.11201814 -0.43872255
v -0.24960336 -0.11583577 -0.43644822
v -0.23360802 -0.11750166 -0.43320751
v -0.21756467 -0.11917255 -0.42995703
v -0.20147313 -0.12084846 -0.42669678
v -0.18533315 -0.12252942 -0.42342669
v -0.16914454 -0.12421544 -0.42014679
v -0.15290706 -0.12590656 -0.41685700
v -0.13568793 -0.12678760 -0.41319022
v -0.11740234 -0.12679292 -0.40911469
v -0.09908720 -0.12683192 -0.40503925
v -0.08095458 -0.12708811 -0.40104684
v -0.06275587 -0.12734525 -0.39703989
v -0.04449070 -0.12760332 -0.39301834
v -0.02615874 -0.12786233 -0.38898203
v -0.00775959 -0.12812230 -0.38493094
v 0.01241508 -0.12692903 -0.38020039
v 0.03392390 -0.12467178 -0.37496468
v 0.05553443 -0.12240386 -0.36970428
v 0.07691657 -0.12040406 -0.36454707
v 0.09811343 -0.11863396 -0.35947603
v 0.11940668 -0.11685580 -0.35438192
v 0.14079699 -0.11506954 -0.34926459
v 0.16530226 -0.11076493 -0.34296125
v 0.18965785 -0.10667442 -0.33673310
v 0.21333395 -0.10323421 -0.33078334
v 0.23713484 -0.09977585 -0.32480222
v 0.26590696 -0.09232122 -0.31693280
v 0.58931404 0.15611190 -0.19634156
v 0.60497063 0.15184829 -0.19368339
v 0.62594873 0.15187268 -0.18900183
v 0.65376067 0.15736732 -0.18172908
v -0.48087075 0.50058335 -0.35489735
v -0.49710548 0.46583903 -0.36535805
v -0.50799775 0.43684572 -0.37349197
v -0.51267815 0.41445461 -0.37893698
v -0.51664943 0.39288574 -0.38406160
v -0.51990396 0.37213951 -0.38886401
v -0.52087146 0.35382903 -0.39267552
v -0.52198470 0.33542815 -0.39653739
v -0.52311420 0.31707087 -0.40039438
v -0.52318048 0.29986057 -0.40378779
v -0.52249259 0.28347149 -0.40685090
v -0.52172637 0.26720959 -0.40987152
v -0.52092391 0.25103119 -0.41286761
v -0.51960593 0.23541938 -0.41563687
v -0.51706249 0.22108285 -0.41788101
v -0.51452434 0.20677578 -0.42012057
v -0.51192391 0.19256552 -0.42232716
v -0.50931758 0.17839509 -0.42452461
v -0.50671637 0.16425323 -0.42671755
v -0.50391406 0.15034412 -0.42881975
v -0.49950004 0.13805705 -0.43024215
v -0.49470803 0.12616330 -0.43150261
v -0.48992163 0.11428337 -0.43276161
v -0.48477080 0.10277857 -0.43386525
v -0.47922325 0.09167685 -0.43480080
v -0.47368222 0.08058304 -0.43573627
v -0.46846950 0.06918588 -0.43680489
v -0.46326190 0.05779996 -0.43787247
v -0.45662051 0.04780819 -0.43834490
v -0.44922754 0.03854351 -0.43850607
v -0.44183570 0.02928022 -0.43866721
v -0.43444490 0.02001830 -0.43882832
v -0.42705524 0.01075777 -0.43898940
v -0.41834351 0.00274972 -0.43860820
v -0.40911457 -0.00477663 -0.43801644
v -0.39988062 -0.01230710 -0.43742439
v -0.39063561 -0.01983613 -0.43682957
v -0.38125002 -0.02724286 -0.43617922
v -0.37185884 -0.03465404 -0.43552849
v -0.36246198 -0.04206968 -0.43487737
v -0.35281059 -0.04925976 -0.43412489
v -0.34302491 -0.05633733 -0.43332022
v -0.33323199 -0.06342015 -0.43251494
v -0.32343173 -0.07050824 -0.43170908
v -0.31362420 -0.07760161 -0.43090263
v -0.30456796 -0.08538997 -0.43040106
v -0.29669428 -0.09425736 -0.43037644
v -0.28824645 -0.10260659 -0.43012133
v -0.27509916 -0.10672848 -0.42798272
v -0.26192591 -0.11085851 -0.42583987
v -0.24747804 -0.11387991 -0.42319360
v -0.23131084 -0.11540727 -0.41986856
v -0.21524872 -0.11707661 -0.41659495
v -0.19913827 -0.11875097 -0.41331145
v -0.18297930 -0.12043038 -0.41001812
v -0.16677159 -0.12211485 -0.40671486
v -0.15051492 -0.12380442 -0.40340158
v -0.13300793 -0.12444918 -0.39960286
v -0.11469880 -0.12445016 -0.39549789
v -0.09632127 -0.12445116 -0.39137766
v -0.07800262 -0.12456272 -0.38729224
v -0.05977933 -0.12481551 -0.38325599
v -0.04148942 -0.12506922 -0.37920499
v -0.02313255 -0.12532386 -0.37513909
v -0.00470833 -0.12557946 -0.37105834
v 0.01598371 -0.12396281 -0.36610156
v 0.03752572 -0.12169597 -0.36082655
v 0.05906256 -0.11950901 -0.35556841
v 0.08019404 -0.11773896 -0.35048300
v 0.10142150 -0.11596087 -0.34537446
v 0.12274558 -0.11417469 -0.34024271
v 0.14427167 -0.11229294 -0.33504686
v 0.16960879 -0.10753593 -0.32849526
v 0.19288680 -0.10413815 -0.32254586
v 0.21659671 -0.10068758 -0.31655240
v 0.24043174 -0.09721880 -0.31052729
v 0.27051544 -0.08870533 -0.30211091
v 0.58985174 0.15636675 -0.18240134
v 0.60903144 0.15496591 -0.17837600
v 0.63305455 0.15744519 -0.17250298
v 0.66132087 0.16327943 -0.16502000
v -0.47622770 0.50600123 -0.33997914
v -0.49265489 0.47102648 -0.35058835
v -0.50724107 0.43814334 -0.36036953
v -0.51123750 0.41645133 -0.36555338
v -0.51521552 0.39485955 -0.37071323
v -0.51917511 0.37336725 -0.37584934
v -0.52026796 0.35491419 -0.37973896
v -0.52123392 0.33665234 -0.38356221
v -0.52233684 0.31830922 -0.38743240
v -0.52263868 0.30084506 -0.39094841
v -0.52207339 0.28431898 -0.39408368
v -0.52132285 0.26802951 -0.39713052
v -0.52055877 0.25180075 -0.40016225
v -0.51920748 0.23621131 -0.40293542
v -0.51662976 0.22189815 -0.40518001
v -0.51409036 0.20758098 -0.40743405
v -0.51151860 0.19333076 -0.40966755
v -0.50891095 0.17915051 -0.41187915
v -0.50630862 0.16499886 -0.41408631
v -0.50328767 0.15129514 -0.41611066
v -0.49848121 0.13938360 -0.41737854
v -0.49368620 0.12748010 -0.41864738
v -0.48889673 0.11559044 -0.41991481
v -0.48382169 0.10399902 -0.42105895
v -0.47827044 0.09288856 -0.42200074
v -0.47272405 0.08178771 -0.42294168
v -0.46733201 0.07055172 -0.42394418
v -0.46212098 0.05915634 -0.42501894
v -0.45545551 0.04917501 -0.42548653
v -0.44805694 0.03990305 -0.42564881
v -0.44065943 0.03063248 -0.42581105
v -0.43326303 0.02136329 -0.42597321
v -0.42584783 0.01211433 -0.42612720
v -0.41740260 0.00384170 -0.42585614
v -0.40802598 -0.00355719 -0.42520255
v -0.39864373 -0.01096054 -0.42454860
v -0.38925582 -0.01836834 -0.42389423
v -0.37986228 -0.02578060 -0.42323947
v -0.37046310 -0.03319732 -0.42258433
v -0.36105824 -0.04061850 -0.42192876
v -0.35159135 -0.04799207 -0.42124981
v -0.34179768 -0.05507462 -0.42043975
v -0.33199671 -0.06216244 -0.41962910
v -0.32218844 -0.06925555 -0.41881779
v -0.31237289 -0.07635392 -0.41800588
v -0.30337432 -0.08420707 -0.41752723
v -0.29549462 -0.09308119 -0.41750246
v -0.28673020 -0.10115652 -0.41712046
v -0.27357063 -0.10528036 -0.41496727
v -0.26038507 -0.10941236 -0.41280982
v -0.24549153 -0.11204813 -0.40997180
v -0.22900929 -0.11330887 -0.40650415
v -0.21292831 -0.11497665 -0.40320730
v -0.19679895 -0.11664946 -0.39990056
v -0.18062094 -0.11832732 -0.39658380
v -0.16439408 -0.12001023 -0.39325705
v -0.14811815 -0.12169824 -0.38992023
v -0.13032252 -0.12210604 -0.38598803
v -0.11198980 -0.12210264 -0.38185346
v -0.09358850 -0.12209924 -0.37770349
v -0.07511821 -0.12209582 -0.37353790
v -0.05679650 -0.12228043 -0.36944297
v -0.03848179 -0.12252978 -0.36536244
v -0.02009994 -0.12278003 -0.36126688
v -0.00165059 -0.12303121 -0.35715631
v 0.01956055 -0.12098978 -0.35197034
v 0.04113586 -0.11871329 -0.34665585
v 0.06231676 -0.11684607 -0.34151110
v 0.08347866 -0.11506804 -0.33638823
v 0.10473679 -0.11328193 -0.33124208
v 0.12609178 -0.11148769 -0.32607248
v 0.14822096 -0.10912049 -0.32061520
v 0.17250326 -0.10503928 -0.31433398
v 0.19612265 -0.10159647 -0.30832830
v 0.21986645 -0.09813552 -0.30229098
v 0.24373572 -0.09465627 -0.29622173
v 0.27577034 -0.08455919 -0.28700480
v 0.59520262 0.16055959 -0.16658176
v 0.61582261 0.16030964 -0.16198148
v 0.64047486 0.16327263 -0.15583764
v -0.48848939 0.47591639 -0.33590588
v -0.50405157 0.44198608 -0.34617180
v -0.51009840 0.41813463 -0.35227880
v -0.51381016 0.39680442 -0.35735565
v -0.51774544 0.37532163 -0.36251348
v -0.51966375 0.35600090 -0.36678460
v -0.52063131 0.33772463 -0.37063283
v -0.52159560 0.31951120 -0.37446779
v -0.52209622 0.30183092 -0.37809175
v -0.52153128 0.28529230 -0.38124737
v -0.52091885 0.26885048 -0.38437304
v -0.52015489 0.25261018 -0.38742435
v -0.51880431 0.23700854 -0.39021578
v -0.51621896 0.22269176 -0.39247212
v -0.51365578 0.20838724 -0.39473104
v -0.51111281 0.19409701 -0.39699173
v -0.50850391 0.17990690 -0.39921755
v -0.50590032 0.16574545 -0.40143889
v -0.50221920 0.15268408 -0.40319750
v -0.49746084 0.14071217 -0.40449545
v -0.49266279 0.12879890 -0.40577278
v -0.48787031 0.11689948 -0.40704861
v -0.48287115 0.10522126 -0.40823370
v -0.47731626 0.09410208 -0.40918171
v -0.47176611 0.08299251 -0.41012892
v -0.46622080 0.07189253 -0.41107532
v -0.46097830 0.06051482 -0.41214553
v -0.45428872 0.05054394 -0.41260824
v -0.44688448 0.04126469 -0.41277161
v -0.43948132 0.03198683 -0.41293493
v -0.43190190 0.02287917 -0.41302446
v -0.42413661 0.01394920 -0.41303656
v -0.41595173 0.00541616 -0.41287473
v -0.40665993 -0.00207598 -0.41225520
v -0.39726973 -0.00948485 -0.41159678
v -0.38787380 -0.01689819 -0.41093799
v -0.37847227 -0.02431598 -0.41027886
v -0.36906511 -0.03173825 -0.40961924
v -0.35965219 -0.03916499 -0.40895924
v -0.35027844 -0.04663756 -0.40831724
v -0.34056857 -0.05380997 -0.40753940
v -0.33075956 -0.06090279 -0.40672326
v -0.32094324 -0.06800091 -0.40590656
v -0.31111965 -0.07510430 -0.40508926
v -0.30217889 -0.08302236 -0.40463385
v -0.29429317 -0.09190322 -0.40460891
v -0.28521144 -0.09970409 -0.40409833
v -0.27203956 -0.10382988 -0.40193048
v -0.25875014 -0.10788167 -0.39972129
v -0.24350147 -0.11021306 -0.39672625
v -0.22695647 -0.11143216 -0.39321637
v -0.21060348 -0.11287268 -0.38979402
v -0.19445513 -0.11454392 -0.38646388
v -0.17825805 -0.11622021 -0.38312367
v -0.16201201 -0.11790156 -0.37977338
v -0.14571679 -0.11958800 -0.37641293
v -0.12763163 -0.11975813 -0.37234554
v -0.10927528 -0.11975035 -0.36818132
v -0.09085017 -0.11974254 -0.36400148
v -0.07235592 -0.11973470 -0.35980597
v -0.05380737 -0.11973997 -0.35560074
v -0.03546778 -0.11998494 -0.35149050
v -0.01706090 -0.12023079 -0.34736517
v 0.00163872 -0.12028530 -0.34313545
v 0.02314561 -0.11800990 -0.33780652
v 0.04448146 -0.11595528 -0.33256027
v 0.06557806 -0.11417732 -0.32742313
v 0.08677047 -0.11239129 -0.32226270
v 0.10805934 -0.11059714 -0.31707877
v 0.12944533 -0.10879480 -0.31187117
v 0.15224212 -0.10593096 -0.30614519
v 0.17571233 -0.10250252 -0.30012980
v 0.19936539 -0.09904936 -0.29408038
v 0.22334071 -0.09541477 -0.28792182
v 0.24753913 -0.09168272 -0.28169331
v 0.58186555 0.16654687 -0.15460609
v 0.60110044 0.16519940 -0.15051171
v 0.62264812 0.16568075 -0.14552975
v -0.48481807 0.48028913 -0.32140416
v -0.50033182 0.44638458 -0.33171192
v -0.50927591 0.41948867 -0.33912200
v -0.51299220 0.39813983 -0.34423232
v -0.51669180 0.37688723 -0.34931958
v -0.51957339 0.35655764 -0.35403600
v -0.52059019 0.33821976 -0.35792944
v -0.52160352 0.31994537 -0.36180940
v -0.52209425 0.30226475 -0.36545166
v -0.52098846 0.28626695 -0.36839381
v -0.52042550 0.26976278 -0.37156084
v -0.51975042 0.25342059 -0.37466997
v -0.51832747 0.23788063 -0.37744838
v -0.51598889 0.22330411 -0.37982562
v -0.51323271 0.20918246 -0.38201681
v -0.51068413 0.19488658 -0.38429007
v -0.50809634 0.18066427 -0.38653973
v -0.50541461 0.16656923 -0.38874254
v -0.50114912 0.15407515 -0.39026451
v -0.49646139 0.14202055 -0.39160243
v -0.49163783 0.13011968 -0.39287871
v -0.48684233 0.11821051 -0.39416298
v -0.48191923 0.10644532 -0.39538947
v -0.47636068 0.09531739 -0.39634380
v -0.47080684 0.08419907 -0.39729723
v -0.46525788 0.07309038 -0.39824989
v -0.45983380 0.06187540 -0.39925224
v -0.45312011 0.05191500 -0.39970997
v -0.44571021 0.04262845 -0.39987442
v -0.43796664 0.03366296 -0.39989865
v -0.43019447 0.02472507 -0.39991084
v -0.42242238 0.01578728 -0.39992303
v -0.41435081 0.00713287 -0.39981037
v -0.40525225 -0.00055521 -0.39927050
v -0.39589345 -0.00800678 -0.39862409
v -0.38648960 -0.01542566 -0.39796084
v -0.37708005 -0.02284900 -0.39729720
v -0.36766481 -0.03027682 -0.39663321
v -0.35824391 -0.03770912 -0.39596877
v -0.34885383 -0.04517963 -0.39531901
v -0.33933753 -0.05254336 -0.39461914
v -0.32952049 -0.05964120 -0.39379758
v -0.31969613 -0.06674432 -0.39297536
v -0.30986446 -0.07385274 -0.39215261
v -0.30098164 -0.08183586 -0.39172089
v -0.29308987 -0.09072347 -0.39169577
v -0.28369018 -0.09824929 -0.39105484
v -0.27050602 -0.10237701 -0.38887233
v -0.25706351 -0.10630444 -0.38659093
v -0.24150781 -0.10837466 -0.38345680
v -0.22494471 -0.10959194 -0.37992260
v -0.20832868 -0.11081310 -0.37637711
v -0.19210681 -0.11243434 -0.37300143
v -0.17589059 -0.11410905 -0.36963767
v -0.15962534 -0.11578882 -0.36626375
v -0.14324683 -0.11741762 -0.36285383
v -0.12493531 -0.11740547 -0.35867542
v -0.10655525 -0.11739329 -0.35448140
v -0.08810627 -0.11738104 -0.35027158
v -0.06958799 -0.11736876 -0.34604600
v -0.05100002 -0.11735643 -0.34180453
v -0.03244739 -0.11743470 -0.33758917
v -0.01401540 -0.11767614 -0.33343393
v 0.00519886 -0.11730821 -0.32897863
v 0.02668797 -0.11506656 -0.32363039
v 0.04771952 -0.11328869 -0.31847912
v 0.06884646 -0.11150275 -0.31330445
v 0.09006947 -0.10970869 -0.30810627
v 0.11138917 -0.10790647 -0.30288443
v 0.13280624 -0.10609599 -0.29763868
v 0.15548436 -0.10330658 -0.29190993
v 0.17938037 -0.09958427 -0.28571716
v 0.20340496 -0.09584194 -0.27949107
v 0.22755915 -0.09207942 -0.27323139
v 0.25586873 -0.08498174 -0.26535812
v 0.58741760 0.17092751 -0.13864960
v 0.60769677 0.17041011 -0.13412821
v 0.64410472 0.18298198 -0.12331504
v -0.48113734 0.48467314 -0.30686522
v -0.49660245 0.45079440 -0.31721461
v -0.50811094 0.42120042 -0.32579625
v -0.51217306 0.39947715 -0.33108979
v -0.51684451 0.37720406 -0.33663344
v -0.52055275 0.35601050 -0.34173942
v -0.52128577 0.33795726 -0.34553254
v -0.52222306 0.31975248 -0.34940293
v -0.52282757 0.30194712 -0.35311681
v -0.52174771 0.28591508 -0.35608834
v -0.52033955 0.27026179 -0.35890847
v -0.51932138 0.25425643 -0.36188877
v -0.51784998 0.23875384 -0.36466420
v -0.51568210 0.22399403 -0.36713073
v -0.51300091 0.20978631 -0.36936870
v -0.51024872 0.19568333 -0.37156937
v -0.50768822 0.18142261 -0.37384564
v -0.50434542 0.16797298 -0.37577966
v -0.50007731 0.15546836 -0.37731168
v -0.49547625 0.14331530 -0.37869677
v -0.49061134 0.13144247 -0.37996510
v -0.48581284 0.11952353 -0.38125789
v -0.48096594 0.10767120 -0.38252625
v -0.47540358 0.09653449 -0.38348681
v -0.46984610 0.08540743 -0.38444656
v -0.46429342 0.07428999 -0.38540542
v -0.45874554 0.06318218 -0.38636354
v -0.45182124 0.05341169 -0.38673741
v -0.44404209 0.04446577 -0.38674968
v -0.43626302 0.03551994 -0.38676196
v -0.42848405 0.02657421 -0.38677427
v -0.42070514 0.01762858 -0.38678652
v -0.41258320 0.00900756 -0.38665494
v -0.40374312 0.00106151 -0.38622314
v -0.39451498 -0.00652633 -0.38563043
v -0.38510311 -0.01395075 -0.38496274
v -0.37568551 -0.02137965 -0.38429463
v -0.36626229 -0.02881303 -0.38362616
v -0.35683331 -0.03625090 -0.38295725
v -0.34742692 -0.04371934 -0.38229969
v -0.33805671 -0.05123070 -0.38165900
v -0.32827950 -0.05837765 -0.38085184
v -0.31844708 -0.06548580 -0.38002419
v -0.30860734 -0.07259925 -0.37919593
v -0.29978251 -0.08064754 -0.37878817
v -0.29198995 -0.08963725 -0.37880617
v -0.28216645 -0.09679209 -0.37798995
v -0.26896998 -0.10092177 -0.37579277
v -0.25537395 -0.10472453 -0.37343827
v -0.23951057 -0.10653297 -0.37016338
v -0.22292928 -0.10774840 -0.36660478
v -0.20629503 -0.10896771 -0.36303481
v -0.18975399 -0.11032069 -0.35951307
v -0.17351860 -0.11199381 -0.35612565
v -0.15723406 -0.11367202 -0.35272807
v -0.14056863 -0.11506458 -0.34918571
v -0.12223350 -0.11504802 -0.34497750
v -0.10382967 -0.11503141 -0.34075356
v -0.08535677 -0.11501472 -0.33651370
v -0.06681441 -0.11499798 -0.33225793
v -0.04820220 -0.11498117 -0.32798615
v -0.02951972 -0.11496430 -0.32369822
v -0.01096343 -0.11511605 -0.31947309
v 0.00876719 -0.11432426 -0.31478918
v 0.02990289 -0.11240214 -0.30955607
v 0.05096462 -0.11061629 -0.30436730
v 0.07212200 -0.10882235 -0.29915497
v 0.09339643 -0.10700272 -0.29391062
v 0.11481356 -0.10513657 -0.28862423
v 0.13630067 -0.10328565 -0.28332481
v 0.15959109 -0.10000361 -0.27732450
v 0.18352742 -0.09626786 -0.27108496
v 0.20759268 -0.09251200 -0.26481178
v 0.23169582 -0.08881199 -0.25854117
v 0.26444808 -0.07807569 -0.24887413
v 0.59463024 0.17667073 -0.12199995
v 0.62812686 0.18693797 -0.11225639
v -0.71617097 0.34112567 -0.37721559
v -0.71163517 0.32873005 -0.37867251
v -0.70664489 0.31684032 -0.37992242
v -0.70166016 0.30496395 -0.38117090
v -0.47192785 0.49486098 -0.28984642
v -0.49286342 0.45521566 -0.30267972
v -0.50440085 0.42556685 -0.31132716
v -0.51211721 0.40002191 -0.31826472
v -0.51719475 0.37731668 -0.32402036
v -0.52153498 0.35546076 -0.32943439
v -0.52226651 0.33740157 -0.33324960
v -0.52299571 0.31940299 -0.33705205
v -0.52356154 0.30162925 -0.34077138
v -0.52252883 0.28554121 -0.34378171
v -0.52135807 0.26963910 -0.34672266
v -0.51995164 0.25402015 -0.34955207
v -0.51737189 0.23962821 -0.35186318
v -0.51520318 0.22485775 -0.35434547
v -0.51276881 0.21039094 -0.35670519
v -0.51001519 0.19627880 -0.35891971
v -0.50726700 0.18219446 -0.36112982
v -0.50327456 0.16937891 -0.36279681
v -0.49900395 0.15686370 -0.36433899
v -0.49448964 0.14461197 -0.36577177
v -0.48961321 0.13273783 -0.36704481
v -0.48478174 0.12083852 -0.36833328
v -0.47998580 0.10892369 -0.36963308
v -0.47444516 0.09775340 -0.37061080
v -0.46888396 0.08661757 -0.37157685
v -0.46332759 0.07549138 -0.37254202
v -0.45743680 0.06470203 -0.37336209
v -0.45012823 0.05528763 -0.37357756
v -0.44234228 0.04633386 -0.37358990
v -0.43455639 0.03738017 -0.37360224
v -0.42677063 0.02842659 -0.37361464
v -0.41898471 0.01947328 -0.37362695
v -0.41081244 0.01088557 -0.37347630
v -0.40223143 0.00268092 -0.37315401
v -0.39300945 -0.00492620 -0.37256327
v -0.38371441 -0.01247345 -0.37194359
v -0.37428877 -0.01990791 -0.37127104
v -0.36485747 -0.02734687 -0.37059808
v -0.35542047 -0.03479031 -0.36992469
v -0.34599772 -0.04225667 -0.36925927
v -0.33661947 -0.04977371 -0.36861429
v -0.32703659 -0.05711215 -0.36788610
v -0.31719610 -0.06422532 -0.36705297
v -0.30734828 -0.07134382 -0.36621925
v -0.29858160 -0.07945741 -0.36583579
v -0.29104343 -0.08868995 -0.36596155
v -0.28064021 -0.09533250 -0.36490363
v -0.26735258 -0.09939317 -0.36265919
v -0.25368160 -0.10314194 -0.36026335
v -0.23750971 -0.10468794 -0.35684600
v -0.22091024 -0.10590152 -0.35326290
v -0.20425767 -0.10711899 -0.34966832
v -0.18755171 -0.10834035 -0.34606224
v -0.17114203 -0.10987452 -0.34258765
v -0.15483816 -0.11155111 -0.33916619
v -0.13788499 -0.11270677 -0.33548987
v -0.11952619 -0.11268579 -0.33125174
v -0.10109854 -0.11266473 -0.32699773
v -0.08260166 -0.11264358 -0.32272774
v -0.06403515 -0.11262235 -0.31844166
v -0.04539862 -0.11260105 -0.31413943
v -0.02669168 -0.11257966 -0.30982095
v -0.00791390 -0.11255819 -0.30548608
v 0.01212804 -0.11151767 -0.30065396
v 0.03314310 -0.10971635 -0.29544377
v 0.05430053 -0.10786704 -0.29019105
v 0.07555461 -0.10600929 -0.28491434
v 0.09690603 -0.10414304 -0.27961349
v 0.11835544 -0.10226820 -0.27428830
v 0.13985938 -0.10042172 -0.26895624
v 0.16370787 -0.09669255 -0.26270333
v 0.18768464 -0.09294332 -0.25641680
v 0.21179074 -0.08917386 -0.25009635
v 0.23576424 -0.08560131 -0.24384625
v 0.58379984 0.18476701 -0.10899012
v 0.61631107 0.19428909 -0.09956972
v -0.74452150 0.36311105 -0.36693835
v -0.75291026 0.33676594 -0.37423298
v -0.75141120 0.32115036 -0.37705603
v -0.74975848 0.30574286 -0.37980115
v -0.74451226 0.29421115 -0.38092598
v -0.73724896 0.28484157 -0.38114405
v -0.72644478 0.27922824 -0.37977830
v -0.71599817 0.27321610 -0.37857640
v -0.70570141 0.26702785 -0.37744507
v -0.68804616 0.26854572 -0.37304252
v -0.66896623 0.27148688 -0.36802062
v -0.51369554 0.39886856 -0.30614856
v -0.51859665 0.37634024 -0.31185940
v -0.52467054 0.35268751 -0.31807053
v -0.52503651 0.33500451 -0.32174584
v -0.52577186 0.31699827 -0.32557243
v -0.52596241 0.29960701 -0.32914785
v -0.52363878 0.28483257 -0.33160889
v -0.52223068 0.26916501 -0.33446357
v -0.52096909 0.25339201 -0.33737361
v -0.51839972 0.23898295 -0.33970344
v -0.51472348 0.22572258 -0.34154338
v -0.51253641 0.21099630 -0.34402627
v -0.50978136 0.19687495 -0.34625465
v -0.50674558 0.18306656 -0.34835437
v -0.50220203 0.17078699 -0.34979400
v -0.49792889 0.15826119 -0.35134634
v -0.49350154 0.14591061 -0.35282734
v -0.48862204 0.13402681 -0.35410872
v -0.48374909 0.12215551 -0.35538909
v -0.47895014 0.11023089 -0.35669744
v -0.47348532 0.09897412 -0.35771573
v -0.46792039 0.08782951 -0.35868809
v -0.46210381 0.07694274 -0.35954967
v -0.45566601 0.06666788 -0.36014298
v -0.44843227 0.05716686 -0.36039460
v -0.44063947 0.04820521 -0.36040702
v -0.43284675 0.03924366 -0.36041945
v -0.42505416 0.03028222 -0.36043194
v -0.41721818 0.02136210 -0.36042592
v -0.40903857 0.01276691 -0.36027426
v -0.40071729 0.00430305 -0.36006308
v -0.39148718 -0.00331000 -0.35946837
v -0.38225222 -0.01092710 -0.35887337
v -0.37288976 -0.01843380 -0.35822636
v -0.36345038 -0.02587833 -0.35754889
v -0.35400534 -0.03332737 -0.35687104
v -0.34456614 -0.04079163 -0.35619763
v -0.33517990 -0.04831435 -0.35554838
v -0.32578820 -0.05584143 -0.35489875
v -0.31594315 -0.06296290 -0.35406160
v -0.30608726 -0.07008643 -0.35322240
v -0.29737884 -0.07826547 -0.35286358
v -0.29009560 -0.08774129 -0.35309860
v -0.27911144 -0.09387053 -0.35179585
v -0.26567072 -0.09780642 -0.34947804
v -0.25198632 -0.10155666 -0.34706602
v -0.23550521 -0.10283957 -0.34350446
v -0.21888754 -0.10405130 -0.33989683
v -0.20221661 -0.10526691 -0.33627757
v -0.18549223 -0.10648641 -0.33264676
v -0.16876088 -0.10775113 -0.32902351
v -0.15243764 -0.10942613 -0.32557818
v -0.13519590 -0.11034417 -0.32176617
v -0.11681338 -0.11031875 -0.31749803
v -0.09836184 -0.11029322 -0.31321386
v -0.07984091 -0.11026758 -0.30891359
v -0.06125020 -0.11024186 -0.30459708
v -0.04258931 -0.11021604 -0.30026433
v -0.02384460 -0.11017875 -0.29590976
v -0.00498322 -0.11010227 -0.29152024
v 0.01547224 -0.10872546 -0.28649697
v 0.03656502 -0.10687604 -0.28122997
v 0.05775405 -0.10501817 -0.27593890
v 0.07904000 -0.10315180 -0.27062365
v 0.10042356 -0.10127689 -0.26528406
v 0.12181779 -0.09946690 -0.25995514
v 0.14394605 -0.09711599 -0.25434613
v 0.16783473 -0.09337338 -0.24804635
v 0.19185209 -0.08961060 -0.24171264
v 0.21586023 -0.08594266 -0.23540030
v 0.24436215 -0.07864844 -0.22730953
v 0.60449451 0.20164071 -0.08688214
v -0.77021670 0.35321781 -0.36256090
v -0.77428508 0.33153626 -0.36793634
v -0.77363586 0.31502002 -0.37115708
v -0.77153301 0.30011439 -0.37371004
v -0.76484191 0.29015893 -0.37418234
v -0.75815374 0.28020772 -0.37465450
v -0.75161797 0.27010158 -0.37519380
v -0.74510634 0.25997809 -0.37574226
v -0.73547077 0.25316367 -0.37488666
v -0.72390461 0.24836932 -0.37316841
v -0.71250880 0.24336997 -0.37153175
v -0.69922125 0.24032499 -0.36905494
v -0.68382233 0.23944438 -0.36564386
v -0.66764534 0.23932095 -0.36189669
v -0.53035253 0.34728432 -0.30783829
v -0.53047359 0.32986191 -0.31142369
v -0.53082097 0.31226125 -0.31509826
v -0.52913862 0.29679191 -0.31786433
v -0.52708852 0.28173891 -0.32045969
v -0.52471459 0.26705393 -0.32290432
v -0.52203321 0.25271693 -0.32520631
v -0.51925087 0.23851627 -0.32745683
v -0.51567531 0.22514752 -0.32935256
v -0.51207745 0.21182935 -0.33123276
v -0.50954723 0.19747184 -0.33357415
v -0.50597692 0.18418555 -0.33545426
v -0.50117922 0.17214623 -0.33679360
v -0.49685219 0.15966082 -0.33833373
v -0.49251199 0.14721119 -0.33986348
v -0.48762935 0.13531773 -0.34115320
v -0.48275226 0.12343784 -0.34244144
v -0.47791287 0.11154007 -0.34374213
v -0.47252399 0.10019664 -0.34480152
v -0.46678171 0.08921185 -0.34570524
v -0.46033520 0.07892183 -0.34630293
v -0.45389202 0.06863724 -0.34690022
v -0.44664967 0.05912979 -0.34715253
v -0.43893367 0.05007986 -0.34720102
v -0.43113413 0.04111043 -0.34721354
v -0.42333472 0.03214111 -0.34722605
v -0.41544855 0.02325426 -0.34720153
v -0.40726152 0.01465158 -0.34704879
v -0.39907342 0.00604773 -0.34689611
v -0.38996235 -0.00169110 -0.34635153
v -0.38071927 -0.00931414 -0.34575254
v -0.37147126 -0.01694122 -0.34515321
v -0.36204103 -0.02440742 -0.34447855
v -0.35258788 -0.03186205 -0.34379619
v -0.34313226 -0.03932421 -0.34311479
v -0.33373800 -0.04685262 -0.34246123
v -0.32433823 -0.05438539 -0.34180728
v -0.31468832 -0.06169852 -0.34105015
v -0.30482423 -0.06882710 -0.34020537
v -0.29617426 -0.07707170 -0.33987162
v -0.28914636 -0.08679126 -0.34021723
v -0.27758020 -0.09240614 -0.33866650
v -0.26398602 -0.09621698 -0.33627450
v -0.25007999 -0.09978186 -0.33375961
v -0.23349713 -0.10098787 -0.33013889
v -0.21686114 -0.10219772 -0.32650653
v -0.20017186 -0.10341146 -0.32286260
v -0.18342899 -0.10462910 -0.31920689
v -0.16663226 -0.10585065 -0.31553948
v -0.15003249 -0.10729703 -0.31196389
v -0.13250133 -0.10797677 -0.30801454
v -0.11409504 -0.10794687 -0.30371630
v -0.09561955 -0.10791685 -0.29940185
v -0.07706585 -0.10787919 -0.29506764
v -0.05839279 -0.10779870 -0.29069680
v -0.03964878 -0.10771792 -0.28630942
v -0.02083342 -0.10763684 -0.28190532
v -0.00194628 -0.10755543 -0.27748436
v 0.01887039 -0.10588731 -0.27228951
v 0.03999462 -0.10402934 -0.26698422
v 0.06121536 -0.10216287 -0.26165465
v 0.08253329 -0.10028786 -0.25630072
v 0.10394748 -0.09840555 -0.25092277
v 0.12523015 -0.09670785 -0.24561325
v 0.14804272 -0.09380219 -0.23970032
v 0.17197175 -0.09004607 -0.23335344
v 0.19601375 -0.08628302 -0.22697873
v 0.21990858 -0.08272932 -0.22068112
v 0.25428241 -0.07060360 -0.21018979
v -0.78046983 0.36001563 -0.35121125
v -0.78720367 0.33539918 -0.35784394
v -0.78695178 0.31843570 -0.36126745
v -0.78655100 0.30168521 -0.36461231
v -0.78169531 0.28977036 -0.36591986
v -0.77688622 0.27782550 -0.36724454
v -0.77174175 0.26625887 -0.36841288
v -0.76420867 0.25725037 -0.36849594
v -0.75524372 0.24976107 -0.36793143
v -0.74632269 0.24221675 -0.36738852
v -0.73735642 0.23471193 -0.36682683
v -0.72625113 0.22944416 -0.36530435
v -0.71528828 0.22400409 -0.36385065
v -0.70121872 0.22178252 -0.36100772
v -0.68593878 0.22077635 -0.35763147
v -0.66881198 0.22163317 -0.35343969
v -0.64810628 0.22612351 -0.34766281
v -0.62490970 0.23309146 -0.34079316
v -0.55145305 0.29153281 -0.31157121
v -0.53916878 0.28696600 -0.30962840
v -0.53324980 0.27588066 -0.31051630
v -0.52821201 0.26391301 -0.31179202
v -0.52578783 0.24931693 -0.31422016
v -0.52010280 0.23804927 -0.31520042
v -0.51701987 0.22417748 -0.31732535
v -0.51279056 0.21148725 -0.31893897
v -0.50931281 0.19806945 -0.32087818
v -0.50520712 0.18530615 -0.32253581
v -0.50053316 0.17313179 -0.32393923
v -0.49577382 0.16106261 -0.32530108
v -0.49150151 0.14853293 -0.32687163
v -0.48663521 0.13661060 -0.32817826
v -0.48175502 0.12472104 -0.32947487
v -0.47688040 0.11284504 -0.33076999
v -0.47147048 0.10150944 -0.33182868
v -0.46501517 0.09120421 -0.33243072
v -0.45856333 0.08090445 -0.33303243
v -0.45211488 0.07061014 -0.33363381
v -0.44480464 0.06115321 -0.33386123
v -0.43722492 0.05195781 -0.33397174
v -0.42941850 0.04298048 -0.33398438
v -0.42161223 0.03400327 -0.33399698
v -0.41367573 0.02514978 -0.33395365
v -0.40548134 0.01653959 -0.33379993
v -0.39728585 0.00792823 -0.33364618
v -0.38843498 -0.00006949 -0.33321276
v -0.37918371 -0.00769848 -0.33260974
v -0.36992756 -0.01533152 -0.33200645
v -0.36062938 -0.02293412 -0.33138701
v -0.35116813 -0.03039434 -0.33070013
v -0.34170115 -0.03785909 -0.33001286
v -0.33229372 -0.04538851 -0.32935280
v -0.32288590 -0.05292699 -0.32869449
v -0.31343150 -0.06043217 -0.32801846
v -0.30355930 -0.06756582 -0.32716817
v -0.29502270 -0.07592604 -0.32688287
v -0.28819579 -0.08583988 -0.32731742
v -0.27598035 -0.09087966 -0.32548782
v -0.26229843 -0.09462483 -0.32304856
v -0.24808647 -0.09792867 -0.32039446
v -0.23148538 -0.09913280 -0.31674907
v -0.21483108 -0.10034078 -0.31309196
v -0.19812340 -0.10155265 -0.30942321
v -0.18136199 -0.10276841 -0.30574259
v -0.16454665 -0.10398808 -0.30205014
v -0.14767708 -0.10521168 -0.29834580
v -0.12979703 -0.10560080 -0.29423320
v -0.11130964 -0.10551640 -0.28988099
v -0.09275232 -0.10543167 -0.28551233
v -0.07412469 -0.10534662 -0.28112707
v -0.05542633 -0.10526124 -0.27672514
v -0.03665686 -0.10517555 -0.27230653
v -0.01781584 -0.10508952 -0.26787108
v 0.00121651 -0.10490085 -0.26336965
v 0.02227618 -0.10304278 -0.25805017
v 0.04343195 -0.10117622 -0.25270641
v 0.06468449 -0.09930113 -0.24733818
v 0.08603444 -0.09741744 -0.24194534
v 0.10733613 -0.09564848 -0.23658741
v 0.12865008 -0.09394266 -0.23123953
v 0.15214944 -0.09048025 -0.22501861
v 0.17611890 -0.08671057 -0.21862438
v 0.20003237 -0.08307474 -0.21227074
v 0.22448756 -0.07907645 -0.20571567
v -0.78810024 0.36967957 -0.33864957
v -0.79999673 0.33938196 -0.34770861
v -0.79980576 0.32233274 -0.35118306
v -0.79956806 0.30538717 -0.35462505
v -0.79570699 0.29239869 -0.35639593
v -0.79074895 0.28061533 -0.35765937
v -0.78590786 0.26872608 -0.35897228
v -0.78029871 0.25767621 -0.35993081
v -0.77271831 0.24873789 -0.35998872
v -0.76533097 0.23959556 -0.36013427
v -0.75637722 0.23211086 -0.35956833
v -0.74707866 0.22498074 -0.35884789
v -0.73666501 0.21901059 -0.35762510
v -0.72588456 0.21340577 -0.35624039
v -0.71436948 0.20854643 -0.35452864
v -0.70167559 0.20488699 -0.35229123
v -0.68809867 0.20210923 -0.34966362
v -0.66993910 0.20402578 -0.34498656
v -0.64911270 0.20861837 -0.33912835
v -0.62513638 0.21635611 -0.33187822
v -0.55273008 0.25644156 -0.30653235
v -0.53815323 0.25422299 -0.30355358
v -0.53081721 0.24462539 -0.30380517
v -0.52405506 0.23445208 -0.30431095
v -0.51787043 0.22370495 -0.30507132
v -0.51418132 0.21046564 -0.30693451
v -0.50949711 0.19824885 -0.30835199
v -0.50443625 0.18642832 -0.30959892
v -0.49988618 0.17411871 -0.31106722
v -0.49477741 0.16238379 -0.31228516
v -0.49041894 0.14992626 -0.31382912
v -0.48563954 0.13790540 -0.31518376
v -0.48075628 0.12600617 -0.31648877
v -0.47587860 0.11412053 -0.31779233
v -0.46970609 0.10351514 -0.31852627
v -0.46324548 0.09320014 -0.31913239
v -0.45678833 0.08289061 -0.31973818
v -0.45040593 0.07278446 -0.32010230
v -0.44295624 0.06318030 -0.32054579
v -0.43551311 0.05383905 -0.32071921
v -0.42769986 0.04485383 -0.32073194
v -0.41988671 0.03586870 -0.32074460
v -0.41189978 0.02704867 -0.32068226
v -0.40369803 0.01843096 -0.32052749
v -0.39549512 0.00981209 -0.32037270
v -0.38690501 0.00155483 -0.32005197
v -0.37764564 -0.00608011 -0.31944495
v -0.36838129 -0.01371912 -0.31883764
v -0.35911202 -0.02136220 -0.31822997
v -0.34974608 -0.02892426 -0.31758282
v -0.34027097 -0.03639463 -0.31689095
v -0.33084711 -0.04392202 -0.31622300
v -0.32143122 -0.05146621 -0.31556037
v -0.31200987 -0.05901478 -0.31489736
v -0.30229241 -0.06630258 -0.31411070
v -0.29407546 -0.07496601 -0.31396177
v -0.28724381 -0.08488715 -0.31439912
v -0.27430335 -0.08928334 -0.31225565
v -0.26060799 -0.09302997 -0.30980012
v -0.24608931 -0.09607212 -0.30700505
v -0.22947000 -0.09727438 -0.30333495
v -0.21279736 -0.09848049 -0.29965305
v -0.19607121 -0.09969046 -0.29595932
v -0.17926568 -0.10088168 -0.29224306
v -0.16222492 -0.10191704 -0.28843912
v -0.14512788 -0.10295579 -0.28462261
v -0.12692472 -0.10307752 -0.28035602
v -0.10841249 -0.10298825 -0.27597302
v -0.08983015 -0.10289864 -0.27157339
v -0.07117732 -0.10280870 -0.26715708
v -0.05245360 -0.10271842 -0.26272401
v -0.03365859 -0.10262778 -0.25827405
v -0.01479187 -0.10253681 -0.25380710
v 0.00459858 -0.10205850 -0.24913672
v 0.02568962 -0.10019185 -0.24377880
v 0.04687702 -0.09831669 -0.23839641
v 0.06816143 -0.09643293 -0.23298937
v 0.08948319 -0.09459155 -0.22758225
v 0.11073227 -0.09288531 -0.22222018
v 0.13238493 -0.09091318 -0.21670809
v 0.15626621 -0.08715016 -0.21030086
v 0.18021359 -0.08341916 -0.20388466
v 0.20406067 -0.07985874 -0.19752730
v 0.23333335 -0.07188700 -0.18898018
v -0.80165195 0.35550869 -0.33242333
v -0.80810976 0.33116481 -0.33900699
v -0.80889374 0.31307575 -0.34294739
v -0.80800891 0.29685086 -0.34610525
v -0.80435020 0.28366327 -0.34797508
v -0.79978734 0.27147534 -0.34942314
v -0.79489303 0.25966421 -0.35071439
v -0.78712267 0.25094199 -0.35068271
v -0.77935213 0.24221957 -0.35065106
v -0.77209538 0.23295172 -0.35085443
v -0.76485026 0.22367483 -0.35106242
v -0.75508249 0.21673498 -0.35026762
v -0.74450904 0.21127383 -0.34881428
v -0.73366636 0.20575152 -0.34739009
v -0.72203708 0.20102833 -0.34561363
v -0.70936310 0.19736493 -0.34336951
v -0.69649452 0.19386977 -0.34104437
v -0.68289095 0.19109927 -0.33839455
v -0.66790015 0.18971792 -0.33512756
v -0.65011424 0.19115672 -0.33061266
v -0.62519658 0.19982453 -0.32290661
v -0.59789866 0.21080545 -0.31415623
v -0.56708270 0.22681338 -0.30488446
v -0.54180986 0.23389232 -0.29606804
v -0.52851415 0.23034295 -0.29365289
v -0.52166456 0.22026995 -0.29411983
v -0.51557297 0.20944344 -0.29492292
v -0.51007396 0.19803616 -0.29598701
v -0.50366431 0.18755211 -0.29664361
v -0.49923828 0.17510697 -0.29817748
v -0.49412638 0.16336347 -0.29940310
v -0.48933470 0.15132174 -0.30076656
v -0.48464239 0.13920215 -0.30216971
v -0.47975600 0.12729323 -0.30348319
v -0.47414684 0.11610982 -0.30447468
v -0.46793854 0.10552443 -0.30520004
v -0.46147257 0.09519964 -0.30581021
v -0.45501015 0.08488034 -0.30642009
v -0.44847596 0.07463901 -0.30699679
v -0.44110450 0.06521107 -0.30720615
v -0.43373442 0.05578484 -0.30741552
v -0.42597818 0.04673047 -0.30745614
v -0.41815817 0.03773743 -0.30746892
v -0.41012067 0.02895093 -0.30738729
v -0.40191150 0.02032569 -0.30723149
v -0.39370117 0.01169928 -0.30707562
v -0.38537252 0.00318188 -0.30686912
v -0.37610495 -0.00445903 -0.30625811
v -0.36683244 -0.01210401 -0.30564675
v -0.35755497 -0.01975307 -0.30503505
v -0.34827259 -0.02740621 -0.30442303
v -0.33883849 -0.03492778 -0.30374777
v -0.32939813 -0.04245314 -0.30307180
v -0.31997415 -0.05000305 -0.30240482
v -0.31054470 -0.05755735 -0.30173746
v -0.30102354 -0.06503736 -0.30103293
v -0.29312688 -0.07400461 -0.30102220
v -0.28629056 -0.08393303 -0.30146229
v -0.27262348 -0.08768430 -0.29900101
v -0.25891471 -0.09143240 -0.29652917
v -0.24408855 -0.09421222 -0.29359150
v -0.22740804 -0.09537420 -0.28987840
v -0.21051280 -0.09639646 -0.28608543
v -0.19356202 -0.09742207 -0.28227997
v -0.17655537 -0.09845107 -0.27846196
v -0.15949261 -0.09948347 -0.27463138
v -0.14237343 -0.10051927 -0.27078813
v -0.12409429 -0.10059091 -0.26646975
v -0.10550925 -0.10045478 -0.26203579
v -0.08690182 -0.10036029 -0.25760511
v -0.06822373 -0.10026543 -0.25315762
v -0.04947458 -0.10017021 -0.24869320
v -0.03065397 -0.10007463 -0.24421178
v -0.01176147 -0.09997868 -0.23971324
v 0.00798823 -0.09920976 -0.23487180
v 0.02911072 -0.09733451 -0.22947529
v 0.05032985 -0.09545070 -0.22405413
v 0.07164625 -0.09355824 -0.21860811
v 0.09285566 -0.09183039 -0.21322161
v 0.11413596 -0.09011599 -0.20782110
v 0.13647150 -0.08758848 -0.20200165
v 0.16039310 -0.08381190 -0.19554695
v 0.18421224 -0.08020822 -0.18915246
v 0.20809869 -0.07663497 -0.18274832
v -0.81280744 0.34395155 -0.32513443
v -0.81540978 0.32383135 -0.32995358
v -0.81633955 0.30559856 -0.33398017
v -0.81347078 0.29153430 -0.33623150
v -0.80967492 0.27850318 -0.33804619
v -0.80604100 0.26532555 -0.33993006
v -0.80057639 0.25413662 -0.34096256
v -0.79393554 0.24421862 -0.34144953
v -0.78617132 0.23550312 -0.34141776
v -0.77871388 0.22646180 -0.34152710
v -0.77006942 0.21867685 -0.34109133
v -0.76040542 0.21195944 -0.34018973
v -0.75073367 0.20523670 -0.33928746
v -0.74105418 0.19850856 -0.33838442
v -0.72958541 0.19363376 -0.33666816
v -0.71665752 0.19025080 -0.33429277
v -0.70370245 0.18686074 -0.33191240
v -0.69014698 0.18405573 -0.32926685
v -0.67517966 0.18266542 -0.32598951
v -0.66010666 0.18133523 -0.32267445
v -0.64401221 0.18100107 -0.31890810
v -0.62518871 0.18339452 -0.31392199
v -0.59735167 0.19487661 -0.30489081
v -0.56515211 0.21278004 -0.29531282
v -0.53909945 0.22004689 -0.28575355
v -0.52556080 0.21673207 -0.28321838
v -0.51880968 0.20657031 -0.28372991
v -0.51065129 0.19782326 -0.28361076
v -0.50342023 0.18815021 -0.28390592
v -0.49851996 0.17616577 -0.28523895
v -0.49347445 0.16434449 -0.28650334
v -0.48836479 0.15260488 -0.28773537
v -0.48364371 0.14050086 -0.28913608
v -0.47816369 0.12916136 -0.29019636
v -0.47239527 0.11811905 -0.29112586
v -0.46615776 0.10754710 -0.29184538
v -0.45969653 0.09720273 -0.29246414
v -0.45322874 0.08687364 -0.29307809
v -0.44662741 0.07668223 -0.29363152
v -0.43924940 0.06724553 -0.29384229
v -0.43187281 0.05781056 -0.29405308
v -0.42425346 0.04861042 -0.29415697
v -0.41642657 0.03960943 -0.29416984
v -0.40833840 0.03085657 -0.29406866
v -0.40012181 0.02222379 -0.29391178
v -0.39190406 0.01358983 -0.29375491
v -0.38368520 0.00495470 -0.29359800
v -0.37456167 -0.00283523 -0.29304910
v -0.36528096 -0.01048620 -0.29243371
v -0.35599533 -0.01814125 -0.29181799
v -0.34670469 -0.02580038 -0.29120195
v -0.33740366 -0.03345855 -0.29058322
v -0.32794681 -0.04098186 -0.28989920
v -0.31851470 -0.04853750 -0.28922781
v -0.30907714 -0.05609754 -0.28855610
v -0.29966226 -0.06368769 -0.28789604
v -0.29198471 -0.07286701 -0.28798172
v -0.28448990 -0.08221079 -0.28814527
v -0.27054280 -0.08572301 -0.28555393
v -0.25656441 -0.08924312 -0.28295678
v -0.24161997 -0.09193234 -0.27995595
v -0.22475752 -0.09294743 -0.27614865
v -0.20784065 -0.09396674 -0.27232921
v -0.19086803 -0.09498941 -0.26849720
v -0.17383948 -0.09601545 -0.26465252
v -0.15675464 -0.09704489 -0.26079521
v -0.13961330 -0.09807772 -0.25692508
v -0.12128492 -0.09812278 -0.25256592
v -0.10261079 -0.09792551 -0.24807374
v -0.08396731 -0.09781656 -0.24360733
v -0.06526390 -0.09771677 -0.23912854
v -0.04648925 -0.09761660 -0.23463269
v -0.02764296 -0.09751604 -0.23011966
v -0.00872463 -0.09741510 -0.22558941
v 0.01138551 -0.09635462 -0.22057484
v 0.03253956 -0.09447074 -0.21513960
v 0.05379049 -0.09257824 -0.20967948
v 0.07502010 -0.09077787 -0.20424367
v 0.09623560 -0.08906309 -0.19882907
v 0.11754722 -0.08734052 -0.19338997
v 0.14056808 -0.08425563 -0.18725914
v 0.16442114 -0.08055670 -0.18080182
v 0.18822050 -0.07698955 -0.17438479
v 0.21294822 -0.07273661 -0.16760336
v -0.80757880 0.36765707 -0.30656213
v -0.82118893 0.33542156 -0.31658748
v -0.82268339 0.31652540 -0.32091042
v -0.82292622 0.29905245 -0.32463482
v -0.81892675 0.28622338 -0.32636821
v -0.81499428 0.27334827 -0.32812729
v -0.81104761 0.26051477 -0.32987425
v -0.80428386 0.25072438 -0.33030760
v -0.79792166 0.24051185 -0.33092573
v -0.79169536 0.23016387 -0.33160490
v -0.78477108 0.22056635 -0.33195931
v -0.77497035 0.21401478 -0.33098528
v -0.76516116 0.20745759 -0.33001041
v -0.75534350 0.20089476 -0.32903469
v -0.74551743 0.19432628 -0.32805812
v -0.73424387 0.18925358 -0.32642084
v -0.72291672 0.18421249 -0.32476410
v -0.71089786 0.17986387 -0.32279629
v -0.69739026 0.17702450 -0.32015502
v -0.68233758 0.17573740 -0.31681782
v -0.66717464 0.17451450 -0.31344068
v -0.65122205 0.17404991 -0.30971524
v -0.63426560 0.17455456 -0.30554584
v -0.61663824 0.17568018 -0.30108538
v -0.59686732 0.17891259 -0.29566917
v -0.56322378 0.19876350 -0.28575265
v -0.53595459 0.20665333 -0.27525115
v -0.52184004 0.20390409 -0.27244553
v -0.51122916 0.19761015 -0.27122331
v -0.50423002 0.18769825 -0.27162573
v -0.49774319 0.17728308 -0.27225655
v -0.49282163 0.16532686 -0.27358580
v -0.48770878 0.15357865 -0.27482557
v -0.48219097 0.14224683 -0.27588090
v -0.47641340 0.13118491 -0.27681738
v -0.47064051 0.12013189 -0.27775311
v -0.46436828 0.10957880 -0.27846432
v -0.45791730 0.09920942 -0.27909407
v -0.45144418 0.08887053 -0.27971214
v -0.44477546 0.07872917 -0.28024194
v -0.43739095 0.06928369 -0.28045413
v -0.43000779 0.05983995 -0.28066632
v -0.42252570 0.05049368 -0.28083432
v -0.41469193 0.04148475 -0.28084728
v -0.40655300 0.03276561 -0.28072631
v -0.39832893 0.02412527 -0.28056839
v -0.39010373 0.01548376 -0.28041047
v -0.38187742 0.00684107 -0.28025252
v -0.37301582 -0.00120870 -0.27981788
v -0.36372688 -0.00886566 -0.27919847
v -0.35443300 -0.01652671 -0.27857867
v -0.34513417 -0.02419185 -0.27795860
v -0.33571592 -0.03175527 -0.27728853
v -0.32580355 -0.03887278 -0.27640650
v -0.31593132 -0.04603946 -0.27554440
v -0.30605176 -0.05321147 -0.27468169
v -0.29616487 -0.06038879 -0.27381828
v -0.28795618 -0.06910435 -0.27367988
v -0.28092620 -0.07889023 -0.27404848
v -0.26754141 -0.08292975 -0.27168846
v -0.25354430 -0.08645057 -0.26907283
v -0.23905277 -0.08956381 -0.26625326
v -0.22210157 -0.09051569 -0.26239073
v -0.20516299 -0.09153204 -0.25854477
v -0.18816854 -0.09255175 -0.25468609
v -0.17111799 -0.09357482 -0.25081471
v -0.15401106 -0.09460128 -0.24693051
v -0.13684747 -0.09563113 -0.24303344
v -0.11846969 -0.09564950 -0.23863316
v -0.09977075 -0.09544730 -0.23410966
v -0.08102660 -0.09526747 -0.22957999
v -0.06229779 -0.09516272 -0.22506975
v -0.04349759 -0.09505757 -0.22054234
v -0.02462557 -0.09495202 -0.21599762
v -0.00568132 -0.09484607 -0.21143551
v 0.01479042 -0.09349305 -0.20624569
v 0.03597613 -0.09160051 -0.20077157
v 0.05722546 -0.08972779 -0.19528633
v 0.07837640 -0.08801259 -0.18985775
v 0.09962305 -0.08628964 -0.18440461
v 0.12096608 -0.08455887 -0.17892671
v 0.14467473 -0.08091459 -0.17248043
v 0.16839981 -0.07734309 -0.16604547
v 0.19223844 -0.07376311 -0.15958151
v 0.22312756 -0.06440613 -0.15021582
v -0.81098324 0.36456218 -0.29564315
v -0.82361257 0.33339703 -0.30526054
v -0.82640862 0.31308126 -0.31021994
v -0.82668984 0.29556865 -0.31398207
v -0.82379538 0.28154728 -0.31624258
v -0.82038164 0.26811942 -0.31825277
v -0.81483316 0.25701553 -0.31925836
v -0.80806994 0.24722765 -0.31969362
v -0.80149567 0.23724468 -0.32021558
v -0.79526925 0.22689921 -0.32089785
v -0.78719622 0.21852246 -0.32071987
v -0.77863318 0.21066114 -0.32031509
v -0.76948208 0.20341346 -0.31963918
v -0.75966924 0.19685084 -0.31865928
v -0.74914753 0.19101587 -0.31735516
v -0.73784107 0.18598045 -0.31569323
v -0.72651821 0.18093771 -0.31402889
v -0.71504205 0.17602940 -0.31229928
v -0.70294738 0.17173481 -0.31029114
v -0.68937087 0.16893709 -0.30761027
v -0.67423093 0.16770515 -0.30422235
v -0.65841961 0.16711067 -0.30053821
v -0.64140797 0.16768669 -0.29631791
v -0.62399614 0.16860808 -0.29192835
v -0.60474962 0.17132486 -0.28671798
v -0.58297324 0.17652105 -0.28037503
v -0.55317235 0.18970367 -0.27041388
v -0.52590424 0.20020060 -0.26162955
v -0.51304704 0.19615725 -0.25938472
v -0.50504047 0.18724591 -0.25933552
v -0.49721178 0.17815708 -0.25936663
v -0.49216789 0.16631059 -0.26065046
v -0.48673561 0.15486600 -0.26175591
v -0.48044205 0.14428475 -0.26247171
v -0.47465998 0.13321207 -0.26341441
v -0.46888259 0.12214834 -0.26435637
v -0.46257553 0.11161415 -0.26505902
v -0.45613489 0.10121972 -0.26569998
v -0.44965637 0.09087100 -0.26632220
v -0.44292015 0.08077983 -0.26682797
v -0.43552905 0.07132556 -0.26704159
v -0.42813933 0.06187304 -0.26725516
v -0.42075095 0.05242224 -0.26746875
v -0.41295421 0.04336337 -0.26750121
v -0.40476432 0.03467805 -0.26736018
v -0.39653283 0.02603014 -0.26720122
v -0.38830021 0.01738106 -0.26704222
v -0.38006645 0.00873079 -0.26688322
v -0.37146735 0.00042056 -0.26656446
v -0.36195111 -0.00703784 -0.26584500
v -0.35221094 -0.01429788 -0.26502979
v -0.34246397 -0.02156299 -0.26421395
v -0.33271012 -0.02883319 -0.26339757
v -0.32261962 -0.03580446 -0.26243702
v -0.31245172 -0.04271804 -0.26144561
v -0.30255908 -0.04989736 -0.26057664
v -0.29265913 -0.05708202 -0.25970697
v -0.28391728 -0.06533198 -0.25934109
v -0.27689740 -0.07514790 -0.25972047
v -0.26453346 -0.08013036 -0.25779259
v -0.25051761 -0.08365190 -0.25515851
v -0.23648037 -0.08719049 -0.25252286
v -0.21948123 -0.08811565 -0.24862228
v -0.20247982 -0.08909234 -0.24473202
v -0.18546347 -0.09010907 -0.24084660
v -0.16839090 -0.09112916 -0.23694836
v -0.15126182 -0.09215264 -0.23303720
v -0.13407592 -0.09317950 -0.22911307
v -0.11564862 -0.09317110 -0.22467144
v -0.09692477 -0.09296393 -0.22011644
v -0.07812898 -0.09275595 -0.21554391
v -0.05932542 -0.09260327 -0.21098119
v -0.04049958 -0.09249312 -0.20642208
v -0.02160175 -0.09238256 -0.20184553
v -0.00263153 -0.09227157 -0.19725145
v 0.01820301 -0.09062504 -0.19188426
v 0.03942044 -0.08872379 -0.18637107
v 0.06055820 -0.08696452 -0.18090703
v 0.08174015 -0.08524118 -0.17543992
v 0.10301804 -0.08351003 -0.16994807
v 0.12487732 -0.08136246 -0.16422826
v 0.14863637 -0.07769563 -0.15773024
v 0.17238806 -0.07412175 -0.15125360
v 0.19626607 -0.07052888 -0.14474250
v -0.81273878 0.36327410 -0.28394416
v -0.82596272 0.33145294 -0.29389644
v -0.82892638 0.31095150 -0.29896253
v -0.82858396 0.29411340 -0.30245078
v -0.82557714 0.28020948 -0.30467132
v -0.82268596 0.26621401 -0.30693927
v -0.81740081 0.25482491 -0.30807456
v -0.81187016 0.24371572 -0.30909103
v -0.80509466 0.23395067 -0.30952078
v -0.79797208 0.22456138 -0.30978683
v -0.78941131 0.21670151 -0.30938011
v -0.78084755 0.20883887 -0.30897328
v -0.77228069 0.20097341 -0.30856627
v -0.76368499 0.19313228 -0.30814713
v -0.75255281 0.18794067 -0.30655161
v -0.74109942 0.18306087 -0.30481216
v -0.72962862 0.17817366 -0.30307007
v -0.71814036 0.17327903 -0.30132532
v -0.70554197 0.16950624 -0.29907370
v -0.69276953 0.16587982 -0.29674891
v -0.67997128 0.16224608 -0.29441941
v -0.66556394 0.16022517 -0.29135808
v -0.64849079 0.16087890 -0.28708369
v -0.63135427 0.16153507 -0.28279349
v -0.61202335 0.16435307 -0.27751312
v -0.59094125 0.16886352 -0.27144969
v -0.56430298 0.17888035 -0.26287249
v -0.53251815 0.19393820 -0.25197944
v -0.51625526 0.19331372 -0.24817245
v -0.50594920 0.18686950 -0.24670793
v -0.49801964 0.17770065 -0.24706654
v -0.49136451 0.16744305 -0.24762999
v -0.48529434 0.15661597 -0.24845588
v -0.47892025 0.14609975 -0.24914224
v -0.47290346 0.13524291 -0.24998739
v -0.46712160 0.12416841 -0.25093564
v -0.46077958 0.11365318 -0.25162953
v -0.45433891 0.10324364 -0.25227714
v -0.44786537 0.09287507 -0.25290811
v -0.44106144 0.08283422 -0.25338954
v -0.43366382 0.07337116 -0.25360459
v -0.42626753 0.06390984 -0.25381961
v -0.41887259 0.05445024 -0.25403458
v -0.41121039 0.04524821 -0.25413021
v -0.40297255 0.03659390 -0.25397021
v -0.39473358 0.02793841 -0.25381020
v -0.38647652 0.01929773 -0.25364265
v -0.37785903 0.01099347 -0.25331646
v -0.36890936 0.00299585 -0.25284475
v -0.35897425 -0.00408821 -0.25194058
v -0.34922221 -0.01135526 -0.25111955
v -0.33946338 -0.01862740 -0.25029796
v -0.32969770 -0.02590462 -0.24947582
v -0.31983009 -0.03309929 -0.24861147
v -0.30896384 -0.03938869 -0.24731319
v -0.29905811 -0.04657535 -0.24643791
v -0.28914499 -0.05376734 -0.24556194
v -0.27986792 -0.06154986 -0.24496531
v -0.27285820 -0.07139591 -0.24535558
v -0.26151887 -0.07732484 -0.24386626
v -0.24748425 -0.08084708 -0.24121359
v -0.23383698 -0.08475331 -0.23873621
v -0.21688209 -0.08573451 -0.23483725
v -0.19980471 -0.08665973 -0.23089674
v -0.18275286 -0.08766137 -0.22697863
v -0.16565819 -0.08867846 -0.22305341
v -0.14850688 -0.08969893 -0.21911520
v -0.13129865 -0.09072278 -0.21516390
v -0.11282168 -0.09068753 -0.21068066
v -0.09407289 -0.09047537 -0.20609406
v -0.07525196 -0.09026240 -0.20148978
v -0.05635851 -0.09004860 -0.19686778
v -0.03749519 -0.08992321 -0.19227181
v -0.01857150 -0.08980761 -0.18766333
v 0.00047099 -0.08965182 -0.18301751
v 0.02162331 -0.08775055 -0.17749044
v 0.04278089 -0.08591886 -0.17197685
v 0.06389835 -0.08419513 -0.16649584
v 0.08511136 -0.08246361 -0.16099007
v 0.10642057 -0.08072423 -0.15545931
v 0.12892996 -0.07804714 -0.14943898
v 0.15259510 -0.07447937 -0.14294975
v 0.17657337 -0.07073575 -0.13634737
v 0.20673916 -0.06191704 -0.12716979
v -0.81094217 0.36587957 -0.27054417
v -0.82831329 0.32950839 -0.28252992
v -0.83143902 0.30882728 -0.28770089
v -0.83048600 0.29264981 -0.29091829
v -0.82738006 0.27884907 -0.29310456
v -0.82446611 0.26487386 -0.29537481
v -0.81859833 0.25410688 -0.29624164
v -0.81293851 0.24313009 -0.29720384
v -0.80741018 0.23202689 -0.29822499
v -0.80003029 0.22290960 -0.29837179
v -0.79142451 0.21509486 -0.29794234
v -0.78281552 0.20727719 -0.29751268
v -0.77420330 0.19945662 -0.29708290
v -0.76462573 0.19264381 -0.29620314
v -0.75459415 0.18629351 -0.29511416
v -0.74419165 0.18031447 -0.29385570
v -0.73272371 0.17542541 -0.29210538
v -0.72088158 0.17089894 -0.29018658
v -0.70813680 0.16727740 -0.28785503
v -0.69531536 0.16370101 -0.28549516
v -0.68239051 0.16019662 -0.28309479
v -0.66869026 0.15745100 -0.28034374
v -0.65448135 0.15518455 -0.27736667
v -0.63845271 0.15472543 -0.27356106
v -0.61936069 0.15731616 -0.26835909
v -0.59884095 0.16127419 -0.26251793
v -0.57388812 0.16961186 -0.25466326
v -0.54103208 0.18576849 -0.24321671
v -0.51929724 0.19063655 -0.23688558
v -0.50647587 0.18652706 -0.23463941
v -0.49874702 0.17732453 -0.23471940
v -0.48992538 0.16920567 -0.23430221
v -0.48385060 0.15836887 -0.23513348
v -0.47744808 0.14786644 -0.23581365
v -0.47114372 0.13727738 -0.23653620
v -0.46535739 0.12619211 -0.23749071
v -0.45898035 0.11569591 -0.23817578
v -0.45253438 0.10527640 -0.23882769
v -0.44607115 0.09488275 -0.23946989
v -0.43919936 0.08489237 -0.23992661
v -0.43179515 0.07542048 -0.24014309
v -0.42439228 0.06595034 -0.24035956
v -0.41699082 0.05648194 -0.24057595
v -0.40942284 0.04717508 -0.24071738
v -0.40103984 0.03864386 -0.24049494
v -0.39241767 0.03033581 -0.24016666
v -0.38379312 0.02202546 -0.23983829
v -0.37516615 0.01371279 -0.23950984
v -0.36639425 0.00553130 -0.23911811
v -0.35599074 -0.00113204 -0.23800531
v -0.34622687 -0.00840612 -0.23717850
v -0.33645615 -0.01568529 -0.23635113
v -0.32667857 -0.02296956 -0.23552318
v -0.31689420 -0.03025894 -0.23469464
v -0.30594325 -0.03648828 -0.23335598
v -0.29554874 -0.04324538 -0.23226538
v -0.28562245 -0.05044474 -0.23138310
v -0.27580807 -0.05775797 -0.23055235
v -0.26880860 -0.06763425 -0.23095365
v -0.25849769 -0.07451315 -0.22990938
v -0.24444424 -0.07803609 -0.22723806
v -0.23082733 -0.08198728 -0.22476439
v -0.21427773 -0.08334854 -0.22102429
v -0.19717862 -0.08427072 -0.21705671
v -0.18003665 -0.08520863 -0.21308208
v -0.16291983 -0.08622271 -0.20912980
v -0.14574626 -0.08724016 -0.20516443
v -0.12851562 -0.08826098 -0.20118585
v -0.10998884 -0.08819879 -0.19666071
v -0.09121502 -0.08798162 -0.19204237
v -0.07236890 -0.08776361 -0.18740621
v -0.05345009 -0.08754478 -0.18275222
v -0.03448442 -0.08734784 -0.17809145
v -0.01553479 -0.08722718 -0.17345087
v 0.00386735 -0.08677958 -0.16863038
v 0.02504431 -0.08487558 -0.16306710
v 0.04609752 -0.08315148 -0.15757233
v 0.06724590 -0.08141959 -0.15205272
v 0.08849006 -0.07967986 -0.14650810
v 0.10983069 -0.07793222 -0.14093831
v 0.13306367 -0.07466374 -0.13458340
v 0.15716736 -0.07074805 -0.12787841
v 0.18140252 -0.06681102 -0.12113687
v -0.80582666 0.37212393 -0.25552770
v -0.82542902 0.33328333 -0.26865298
v -0.83110827 0.30979952 -0.27507755
v -0.83187711 0.29174095 -0.27913693
v -0.82928044 0.27738357 -0.28157887
v -0.82587147 0.26393816 -0.28362644
v -0.81990927 0.25326738 -0.28445414
v -0.81400758 0.24254403 -0.28530794
v -0.80767846 0.23228958 -0.28595656
v -0.80042022 0.22303373 -0.28616363
v -0.79316324 0.21377951 -0.28637066
v -0.78472173 0.20578104 -0.28601852
v -0.77558583 0.19850923 -0.28534058
v -0.76556027 0.19216223 -0.28424656
v -0.75552523 0.18580922 -0.28315151
v -0.74548072 0.17945020 -0.28205547
v -0.73542672 0.17308518 -0.28095835
v -0.72338957 0.16876073 -0.27893829
v -0.71051902 0.16526842 -0.27653578
v -0.69762182 0.16176890 -0.27412832
v -0.68469787 0.15826210 -0.27171588
v -0.67058194 0.15594059 -0.26875746
v -0.65637267 0.15367177 -0.26576492
v -0.64204019 0.15148525 -0.26272458
v -0.62574148 0.15124801 -0.25878501
v -0.60671377 0.15371124 -0.25359839
v -0.58289027 0.16092947 -0.24621831
v -0.55198449 0.17572574 -0.23668240
v -0.52439797 0.18589976 -0.22654480
v -0.50954521 0.18382323 -0.22335349
v -0.49829233 0.17812350 -0.22182025
v -0.48881215 0.17064603 -0.22110212
v -0.48240447 0.16012472 -0.22178867
v -0.47597343 0.14963613 -0.22246253
v -0.46938083 0.13931552 -0.22306083
v -0.46359003 0.12821946 -0.22402164
v -0.45717791 0.11774233 -0.22469768
v -0.45072657 0.10731282 -0.22535390
v -0.44427368 0.09689405 -0.22600743
v -0.43733388 0.08695427 -0.22643909
v -0.42992309 0.07747355 -0.22665702
v -0.42251363 0.06799457 -0.22687490
v -0.41488269 0.05873030 -0.22699253
v -0.40699905 0.04970832 -0.22699636
v -0.39836976 0.04139419 -0.22666591
v -0.38973811 0.03307773 -0.22633535
v -0.38110405 0.02475896 -0.22600470
v -0.37246758 0.01643788 -0.22567396
v -0.36363655 0.00829447 -0.22525750
v -0.35350430 0.00136039 -0.22426322
v -0.34322488 -0.00545042 -0.22320648
v -0.33344224 -0.01273664 -0.22237328
v -0.32365274 -0.02002797 -0.22153950
v -0.31385642 -0.02732442 -0.22070514
v -0.30312830 -0.03377645 -0.21946163
v -0.29203096 -0.03990746 -0.21805893
v -0.28209150 -0.04711419 -0.21717030
v -0.27214462 -0.05432631 -0.21628103
v -0.26474854 -0.06386288 -0.21651453
v -0.25546986 -0.07169528 -0.21592179
v -0.24139754 -0.07521893 -0.21323177
v -0.22781111 -0.07921520 -0.21076202
v -0.21166804 -0.08095772 -0.20718323
v -0.19454719 -0.08187684 -0.20318852
v -0.17736910 -0.08279905 -0.19918045
v -0.16017583 -0.08376188 -0.19517741
v -0.14297992 -0.08477629 -0.19118474
v -0.12572680 -0.08579408 -0.18717881
v -0.10715009 -0.08570485 -0.18261153
v -0.08835119 -0.08548266 -0.17796132
v -0.06947983 -0.08525962 -0.17329320
v -0.05053557 -0.08503571 -0.16860704
v -0.03151802 -0.08481094 -0.16390274
v -0.01249160 -0.08464124 -0.15920809
v 0.00727136 -0.08390085 -0.15421078
v 0.02833753 -0.08211023 -0.14866927
v 0.04942150 -0.08037798 -0.14313591
v 0.07060087 -0.07863789 -0.13757750
v 0.09206731 -0.07672787 -0.13191240
v 0.11379647 -0.07467061 -0.12615140
v 0.13781470 -0.07076032 -0.11943274
v 0.16196375 -0.06682875 -0.11267748
v 0.19336158 -0.05691804 -0.10286582
v -0.82148391 0.33821884 -0.25423560
v -0.82672709 0.31518412 -0.26049012
v -0.82938272 0.29505047 -0.26548263
v -0.82738149 0.28002921 -0.26822719
v -0.82524323 0.26519606 -0.27089748
v -0.82008016 0.25365376 -0.27211410
v -0.81439620 0.24268748 -0.27307835
v -0.80786425 0.23264094 -0.27363569
v -0.80059856 0.22338361 -0.27384233
v -0.79333425 0.21412796 -0.27404898
v -0.78586632 0.20509055 -0.27415848
v -0.77642864 0.19813105 -0.27333537
v -0.76636255 0.19181998 -0.27221781
v -0.75628680 0.18550283 -0.27109921
v -0.74620140 0.17917961 -0.26997954
v -0.73564219 0.17333309 -0.26864052
v -0.72443831 0.16813591 -0.26700288
v -0.71282506 0.16333826 -0.26517838
v -0.69992882 0.15983634 -0.26275891
v -0.68664765 0.15669499 -0.26016694
v -0.67245966 0.15444462 -0.25715977
v -0.65811974 0.15230629 -0.25409108
v -0.64319700 0.15071677 -0.25076064
v -0.62687880 0.15049419 -0.24679218
v -0.60955262 0.15123349 -0.24236833
v -0.58918023 0.15497826 -0.23654321
v -0.56084180 0.16663432 -0.22706009
v -0.52938110 0.18128036 -0.21616033
v -0.51020962 0.18351747 -0.21095951
v -0.49783704 0.17892350 -0.20890424
v -0.48832628 0.17146546 -0.20817056
v -0.48095590 0.16188355 -0.20842141
v -0.47449630 0.15140882 -0.20908882
v -0.46778160 0.14119366 -0.20963751
v -0.46181944 0.13025045 -0.21052833
v -0.45537218 0.11979246 -0.21119517
v -0.44891551 0.10935295 -0.21185572
v -0.44246238 0.09891921 -0.21251589
v -0.43546498 0.08901994 -0.21292692
v -0.42782107 0.07974824 -0.21304359
v -0.41994286 0.07070281 -0.21305382
v -0.41206467 0.06165746 -0.21306404
v -0.40421605 0.05258410 -0.21308759
v -0.39569405 0.04415034 -0.21280755
v -0.38705286 0.03582546 -0.21247472
v -0.37840927 0.02749826 -0.21214180
v -0.36971927 0.01921007 -0.21178901
v -0.36087289 0.01106355 -0.21136725
v -0.35103783 0.00383448 -0.21050440
v -0.34050500 -0.00275695 -0.20933241
v -0.33042163 -0.00978144 -0.20836435
v -0.32062021 -0.01707985 -0.20752475
v -0.31081191 -0.02438338 -0.20668451
v -0.30030733 -0.03105883 -0.20553759
v -0.28917575 -0.03717584 -0.20411597
v -0.27855206 -0.04377565 -0.20292342
v -0.26859191 -0.05099517 -0.20202774
v -0.26066664 -0.06007145 -0.20203304
v -0.25243536 -0.06887122 -0.20190342
v -0.23834412 -0.07239556 -0.19919461
v -0.22478829 -0.07643705 -0.19672905
v -0.20905304 -0.07856204 -0.19331402
v -0.19191040 -0.07947810 -0.18929209
v -0.17471036 -0.08039723 -0.18525667
v -0.15745266 -0.08131944 -0.18120775
v -0.14020784 -0.08230732 -0.17717613
v -0.12293223 -0.08332206 -0.17314272
v -0.10430540 -0.08320569 -0.16853297
v -0.08548136 -0.08297846 -0.16385081
v -0.06658468 -0.08275035 -0.15915056
v -0.04761494 -0.08252136 -0.15443213
v -0.02857172 -0.08229148 -0.14969547
v -0.00945459 -0.08206072 -0.14494038
v 0.01061823 -0.08107136 -0.13978660
v 0.03172254 -0.07926636 -0.13420317
v 0.05303821 -0.07735462 -0.12854470
v 0.07445194 -0.07543410 -0.12286021
v 0.09596436 -0.07350477 -0.11714954
v 0.11851518 -0.07077257 -0.11101025
v 0.14257853 -0.06684644 -0.10424139
v 0.16725156 -0.06249704 -0.09723125
v -0.81398618 0.34703833 -0.23806293
v -0.82263654 0.32025382 -0.24600597
v -0.82674944 0.29851210 -0.25173384
v -0.82490569 0.28330025 -0.25457317
v -0.82288653 0.26831922 -0.25731909
v -0.81869370 0.25571516 -0.25901222
v -0.81345659 0.24425493 -0.26019916
v -0.80794162 0.23310864 -0.26124933
v -0.80084109 0.22366588 -0.26153812
v -0.79318345 0.21481839 -0.26156008
v -0.78474945 0.20679237 -0.26121202
v -0.77631289 0.19876394 -0.26086384
v -0.76704055 0.19160877 -0.26011965
v -0.75696069 0.18528873 -0.25899473
v -0.74670166 0.17913949 -0.25778848
v -0.73550659 0.17394690 -0.25614339
v -0.72429579 0.16874701 -0.25449598
v -0.71306926 0.16353981 -0.25284624
v -0.70182687 0.15832527 -0.25119418
v -0.68846840 0.15526053 -0.24855278
v -0.67416477 0.15312555 -0.24547611
v -0.65982372 0.15098499 -0.24239138
v -0.64435154 0.14995089 -0.23878706
v -0.62801701 0.14973985 -0.23479107
v -0.61007249 0.15109876 -0.23005658
v -0.58920068 0.15533873 -0.22397365
v -0.56172150 0.16612516 -0.21483754
v -0.53077477 0.18025193 -0.20411980
v -0.51087469 0.18321149 -0.19855469
v -0.49738118 0.17972456 -0.19597134
v -0.48783970 0.17228597 -0.19522196
v -0.47950485 0.16364533 -0.19503157
v -0.47301662 0.15318449 -0.19569243
v -0.46629661 0.14296028 -0.19624467
v -0.46002877 0.13230163 -0.19700292
v -0.45356318 0.12184630 -0.19766818
v -0.44710115 0.11139675 -0.19833307
v -0.44040260 0.10118548 -0.19888781
v -0.43290094 0.09175693 -0.19907427
v -0.42501408 0.08270155 -0.19908458
v -0.41712728 0.07364624 -0.19909488
v -0.40924054 0.06459101 -0.19910517
v -0.40139675 0.05549498 -0.19913495
v -0.39301264 0.04691235 -0.19891980
v -0.38436192 0.03857902 -0.19858468
v -0.37570879 0.03024337 -0.19824946
v -0.36695969 0.02199330 -0.19787195
v -0.35810333 0.01383855 -0.19744726
v -0.34856638 0.00631358 -0.19671772
v -0.33802167 -0.00028332 -0.19553775
v -0.32746658 -0.00688669 -0.19435664
v -0.31758088 -0.01412515 -0.19347873
v -0.30776060 -0.02143578 -0.19263266
v -0.29748031 -0.02833538 -0.19158371
v -0.28633514 -0.03445733 -0.19015229
v -0.27517670 -0.04058656 -0.18871917
v -0.26503071 -0.04765603 -0.18774027
v -0.25656676 -0.05626353 -0.18751074
v -0.24849620 -0.06522956 -0.18745624
v -0.23531827 -0.06959684 -0.18514170
v -0.22175889 -0.07365283 -0.18266535
v -0.20643273 -0.07616148 -0.17941660
v -0.18926822 -0.07707445 -0.17536730
v -0.17204620 -0.07799049 -0.17130445
v -0.15476637 -0.07890961 -0.16722795
v -0.13743003 -0.07983322 -0.16313843
v -0.12013183 -0.08084489 -0.15907745
v -0.10145478 -0.08070132 -0.15442500
v -0.08260553 -0.08046903 -0.14971073
v -0.06368346 -0.08023582 -0.14497824
v -0.04468817 -0.08000173 -0.14022745
v -0.02558283 -0.07973525 -0.13544242
v -0.00629931 -0.07937826 -0.13059366
v 0.01427315 -0.07797715 -0.12519981
v 0.03552542 -0.07606456 -0.11952692
v 0.05687535 -0.07414319 -0.11382797
v 0.07832361 -0.07221296 -0.10810276
v 0.09986903 -0.07027539 -0.10235192
v 0.12324657 -0.06686407 -0.09582849
v 0.14735515 -0.06292202 -0.08900918
v 0.17940320 -0.05240081 -0.07880004
v -0.78335136 0.38114771 -0.21057451
v -0.81510264 0.32907638 -0.22981256
v -0.82381415 0.30233631 -0.23792681
v -0.82226753 0.28674832 -0.24081309
v -0.82042938 0.27155188 -0.24366541
v -0.81725180 0.25783712 -0.24586187
v -0.81201077 0.24636571 -0.24705653
v -0.80677509 0.23490591 -0.24824998
v -0.80048412 0.22458699 -0.24893247
v -0.79206479 0.21653669 -0.24859148
v -0.78363079 0.20849694 -0.24824455
v -0.77518725 0.20046228 -0.24789417
v -0.76674122 0.19242521 -0.24754365
v -0.75763512 0.18507445 -0.24687950
v -0.74657273 0.17975675 -0.24528597
v -0.73531258 0.17462207 -0.24360341
v -0.72402513 0.16949163 -0.24191312
v -0.71272141 0.16435382 -0.24022041
v -0.70108068 0.15953928 -0.23837343
v -0.68867773 0.15548132 -0.23617212
v -0.67587060 0.15180588 -0.23378696
v -0.66152841 0.14966308 -0.23068620
v -0.64550686 0.14918451 -0.22680525
v -0.62915593 0.14898500 -0.22278163
v -0.61053950 0.15101792 -0.21770829
v -0.58922225 0.15569939 -0.21138635
v -0.56260186 0.16561562 -0.20260526
v -0.53216928 0.17922290 -0.19207211
v -0.51154029 0.18290521 -0.18613897
v -0.49692470 0.18052666 -0.18302153
v -0.48735252 0.17310759 -0.18225633
v -0.47805139 0.16541009 -0.18161920
v -0.47153443 0.15496320 -0.18227333
v -0.46480909 0.14472991 -0.18282913
v -0.45822188 0.13436927 -0.18344702
v -0.45154890 0.12410076 -0.18402351
v -0.44456217 0.11414507 -0.18445383
v -0.43762714 0.10429554 -0.18481542
v -0.43009645 0.09472659 -0.18508470
v -0.42220098 0.08566131 -0.18509509
v -0.41430554 0.07659610 -0.18510544
v -0.40641999 0.06752162 -0.18512028
v -0.39857131 0.05841221 -0.18515190
v -0.39032555 0.04968022 -0.18500257
v -0.38166526 0.04133843 -0.18466513
v -0.37300253 0.03299430 -0.18432762
v -0.36419418 0.02478250 -0.18392503
v -0.35532787 0.01661950 -0.18349743
v -0.34608996 0.00879771 -0.18290307
v -0.33553329 0.00219534 -0.18171513
v -0.32496622 -0.00441352 -0.18052600
v -0.31453481 -0.01116386 -0.17940144
v -0.30470246 -0.01848160 -0.17854945
v -0.29464722 -0.02560610 -0.17759994
v -0.28348839 -0.03173298 -0.17615865
v -0.27231631 -0.03786717 -0.17471567
v -0.26146093 -0.04430886 -0.17341842
v -0.25245628 -0.05244572 -0.17295070
v -0.24439390 -0.06144030 -0.17290418
v -0.23230018 -0.06680495 -0.17106433
v -0.21872281 -0.07086251 -0.16857080
v -0.20380707 -0.07375603 -0.16549087
v -0.18662067 -0.07466591 -0.16141412
v -0.16937660 -0.07557885 -0.15732370
v -0.15207459 -0.07649485 -0.15321954
v -0.13471434 -0.07741394 -0.14910156
v -0.11732560 -0.07836258 -0.14498293
v -0.09859820 -0.07819171 -0.14028750
v -0.07966764 -0.07790536 -0.13551642
v -0.06058155 -0.07754648 -0.13069083
v -0.04142056 -0.07718620 -0.12584633
v -0.02218424 -0.07682451 -0.12098276
v -0.00287215 -0.07646138 -0.11610004
v 0.01805104 -0.07477733 -0.11052890
v 0.03933739 -0.07285511 -0.10481556
v 0.06072167 -0.07092404 -0.09907593
v 0.08220363 -0.06898488 -0.09331025
v 0.10396769 -0.06688166 -0.08743868
v 0.12799066 -0.06294508 -0.08060595
v 0.15316226 -0.05812953 -0.07329609
v -0.80361420 0.34221008 -0.21163341
v -0.81229550 0.31541634 -0.21966995
v -0.81658763 0.29349014 -0.22554336
v -0.81539309 0.27756846 -0.22873035
v -0.81413829 0.26175767 -0.23187801
v -0.80897301 0.25018376 -0.23312029
v -0.80327249 0.23919962 -0.23409964
v -0.79757673 0.22822458 -0.23507817
v -0.79070801 0.21850854 -0.23548780
v -0.78227878 0.21044925 -0.23514454
v -0.77384704 0.20238760 -0.23480114
v -0.76541293 0.19432364 -0.23445767
v -0.75600225 0.18727776 -0.23364712
v -0.74614519 0.18068637 -0.23262547
v -0.73486608 0.17556053 -0.23092742
v -0.72357070 0.17042732 -0.22922689
v -0.71226841 0.16527724 -0.22752833
v -0.69987732 0.16122508 -0.22531717
v -0.68746310 0.15716536 -0.22310187
v -0.67502576 0.15309808 -0.22088245
v -0.66211891 0.14947851 -0.21844761
v -0.64666301 0.14841759 -0.21481524
v -0.63029575 0.14822961 -0.21076389
v -0.61100686 0.15093699 -0.20534815
v -0.58924377 0.15606046 -0.19878481
v -0.56315243 0.16543750 -0.19020799
v -0.53356463 0.17819326 -0.18001725
v -0.51220649 0.18259867 -0.17371236
v -0.49714047 0.18066096 -0.17036943
v -0.48686463 0.17393027 -0.16927357
v -0.47697365 0.16680433 -0.16836047
v -0.47004977 0.15674491 -0.16883147
v -0.46312535 0.14669257 -0.16930078
v -0.45573038 0.13710693 -0.16955028
v -0.44873235 0.12713777 -0.16998300
v -0.44173843 0.11717059 -0.17041630
v -0.43466529 0.10728611 -0.17081168
v -0.42728582 0.09770274 -0.17106456
v -0.41938171 0.08862753 -0.17107499
v -0.41147766 0.07955240 -0.17108542
v -0.40359688 0.07045519 -0.17110652
v -0.39573967 0.06133580 -0.17113836
v -0.38763276 0.05245397 -0.17105575
v -0.37896287 0.04410370 -0.17071602
v -0.37029055 0.03575109 -0.17037617
v -0.36142275 0.02757768 -0.16994824
v -0.35254645 0.01940642 -0.16951767
v -0.34360847 0.01128688 -0.16906038
v -0.33303988 0.00467904 -0.16786441
v -0.32246086 -0.00193531 -0.16666727
v -0.31187144 -0.00855618 -0.16546895
v -0.30163753 -0.01552083 -0.16443479
v -0.29178619 -0.02285086 -0.16357628
v -0.28063560 -0.02900279 -0.16213499
v -0.26944977 -0.03514194 -0.16068208
v -0.25825062 -0.04128841 -0.15922745
v -0.24833506 -0.04861797 -0.15835275
v -0.24028099 -0.05764120 -0.15831433
v -0.22927542 -0.06400691 -0.15695609
v -0.21568008 -0.06806606 -0.15444534
v -0.20117609 -0.07134568 -0.15153673
v -0.18396771 -0.07225244 -0.14743243
v -0.16670153 -0.07316226 -0.14331433
v -0.14937727 -0.07407514 -0.13918240
v -0.13186041 -0.07487256 -0.13497703
v -0.11427496 -0.07566517 -0.13075346
v -0.09538562 -0.07536989 -0.12596568
v -0.07634611 -0.07500636 -0.12112542
v -0.05723196 -0.07464139 -0.11626618
v -0.03804272 -0.07427500 -0.11138786
v -0.01877795 -0.07390717 -0.10649032
v 0.00061493 -0.07349291 -0.10155060
v 0.02183795 -0.07156986 -0.09582297
v 0.04315849 -0.06963796 -0.09006898
v 0.06457718 -0.06769722 -0.08428853
v 0.08609214 -0.06574976 -0.07848255
v 0.10867939 -0.06296808 -0.07222580
v 0.13306408 -0.05874789 -0.06520469
v 0.16544241 -0.04788279 -0.05473011
v -0.80066192 0.32865810 -0.20139918
v -0.80949175 0.30133343 -0.20938687
v -0.80867052 0.28540635 -0.21293049
v -0.80756801 0.26939726 -0.21617649
v -0.80503362 0.25496975 -0.21871455
v -0.79950500 0.24377795 -0.21978791
v -0.79398131 0.23259620 -0.22086030
v -0.78833628 0.22155863 -0.22187047
v -0.78091216 0.21241784 -0.22201604
v -0.77226126 0.20457284 -0.22156809
v -0.76282555 0.19754644 -0.22074273
v -0.75338322 0.19051513 -0.21991681
v -0.74393433 0.18347895 -0.21909030
v -0.73478901 0.17666824 -0.21829195
v -0.72311574 0.17136428 -0.21652368
v -0.71107429 0.16696751 -0.21446466
v -0.69864535 0.16294101 -0.21222679
v -0.68613535 0.15896636 -0.20995712
v -0.67360145 0.15498415 -0.20768312
v -0.65952277 0.15254661 -0.20468089
v -0.64510608 0.15041088 -0.20152730
v -0.62985539 0.14907660 -0.19798771
v -0.61147463 0.15085600 -0.19297615
v -0.58926547 0.15642193 -0.18616901
v -0.56334692 0.16561724 -0.17763084
v -0.53498203 0.17714176 -0.16796520
v -0.51287329 0.18229185 -0.16127485
v -0.49780715 0.18034729 -0.15791593
v -0.48637620 0.17475405 -0.15627369
v -0.47609994 0.16799754 -0.15517767
v -0.46784326 0.15923777 -0.15503015
v -0.46059075 0.14949071 -0.15535226
v -0.45302629 0.14005311 -0.15552789
v -0.44590962 0.13018146 -0.15591156
v -0.43890852 0.12020278 -0.15634786
v -0.43174830 0.11038414 -0.15670894
v -0.42447349 0.10068107 -0.15701579
v -0.41655627 0.09160025 -0.15702422
v -0.40864360 0.08251517 -0.15703472
v -0.40076759 0.07339516 -0.15706216
v -0.39290190 0.06426577 -0.15709423
v -0.38493419 0.05523362 -0.15707925
v -0.37625471 0.04687486 -0.15673719
v -0.36752853 0.03855550 -0.15637472
v -0.35864532 0.03037886 -0.15594138
v -0.34975901 0.02219932 -0.15550788
v -0.34086952 0.01401688 -0.15507424
v -0.33054137 0.00716778 -0.15398556
v -0.31995037 0.00054793 -0.15278035
v -0.30934897 -0.00607845 -0.15157399
v -0.29873708 -0.01271136 -0.15036641
v -0.28870231 -0.01989062 -0.14942412
v -0.27777663 -0.02626673 -0.14808115
v -0.26657709 -0.03241085 -0.14661832
v -0.25536418 -0.03856230 -0.14515370
v -0.24427457 -0.04484505 -0.14374901
v -0.23615734 -0.05383224 -0.14368656
v -0.22624408 -0.06120275 -0.14281692
v -0.21248911 -0.06513643 -0.14022531
v -0.19835415 -0.06880648 -0.13739417
v -0.18104884 -0.06960179 -0.13330556
v -0.16361761 -0.07038224 -0.12909600
v -0.14612678 -0.07116535 -0.12487207
v -0.12857606 -0.07195114 -0.12063365
v -0.11096513 -0.07273964 -0.11638070
v -0.09208472 -0.07247059 -0.11157595
v -0.07301709 -0.07210082 -0.10670196
v -0.05387480 -0.07172974 -0.10180894
v -0.03465722 -0.07135721 -0.09689664
v -0.01536393 -0.07098321 -0.09196501
v 0.00437690 -0.07028743 -0.08685008
v 0.02563392 -0.06835472 -0.08108184
v 0.04698876 -0.06641312 -0.07528707
v 0.06844023 -0.06446412 -0.06946636
v 0.08999000 -0.06250684 -0.06361913
v 0.11340377 -0.05904398 -0.05697207
v 0.13952076 -0.05338149 -0.04916148
v -0.79740834 0.31544569 -0.19102363
v -0.80171663 0.29349613 -0.19696771
v -0.80074346 0.27731249 -0.20030187
v -0.79973346 0.26121616 -0.20360743
v -0.79553920 0.24856955 -0.20534532
v -0.79000962 0.23737006 -0.20642573
v -0.78443164 0.22623727 -0.20747915
v -0.77826297 0.21574450 -0.20824176
v -0.76956326 0.20793204 -0.20777194
v -0.76011688 0.20089769 -0.20694138
v -0.75066406 0.19385847 -0.20611025
v -0.74120468 0.18681435 -0.20527855
v -0.73173863 0.17976534 -0.20444624
v -0.72176641 0.17322978 -0.20337246
v -0.70971793 0.16882640 -0.20130244
v -0.69721949 0.16485770 -0.19902258
v -0.68469727 0.16088144 -0.19673838
v -0.67134106 0.15772720 -0.19406162
v -0.65692097 0.15562144 -0.19088411
v -0.64248508 0.15348741 -0.18770890
v -0.62574935 0.15364122 -0.18344651
v -0.60779029 0.15497199 -0.17861468
v -0.58577704 0.16031985 -0.17186989
v -0.56048590 0.16886537 -0.16358955
v -0.53430682 0.17818475 -0.15491371
v -0.51250702 0.18301584 -0.14833717
v -0.49682149 0.18167678 -0.14467035
v -0.48447287 0.17698029 -0.14258933
v -0.47392729 0.17047428 -0.14136416
v -0.46531063 0.16205238 -0.14105016
v -0.45805079 0.15229473 -0.14137444
v -0.45031637 0.14300565 -0.14147519
v -0.44308060 0.13323186 -0.14180912
v -0.43607232 0.12324165 -0.14224842
v -0.42882481 0.11348911 -0.14257470
v -0.42154226 0.10377481 -0.14288366
v -0.41372463 0.09457949 -0.14294264
v -0.40580669 0.08548120 -0.14295481
v -0.39793214 0.07634155 -0.14298707
v -0.39005789 0.06720216 -0.14301936
v -0.38218379 0.05806298 -0.14305164
v -0.37354079 0.04965192 -0.14272860
v -0.36475521 0.04137100 -0.14234072
v -0.35586199 0.03318606 -0.14190443
v -0.34696561 0.02499823 -0.14146797
v -0.33806607 0.01680748 -0.14103137
v -0.32803780 0.00966159 -0.14007844
v -0.31743479 0.00303623 -0.13886516
v -0.30682132 -0.00359567 -0.13765068
v -0.29619735 -0.01023412 -0.13643500
v -0.28561151 -0.01692375 -0.13524027
v -0.27491152 -0.02352479 -0.13399710
v -0.26369816 -0.02967388 -0.13252425
v -0.25197116 -0.03537521 -0.13082260
v -0.23968157 -0.04058907 -0.12887093
v -0.22975184 -0.04796114 -0.12799294
v -0.22100939 -0.05641408 -0.12765400
v -0.20781101 -0.06087172 -0.12530547
v -0.19397022 -0.06478553 -0.12267432
v -0.17783289 -0.06668612 -0.11901758
v -0.16037655 -0.06746247 -0.11477887
v -0.14286046 -0.06824147 -0.11052567
v -0.12528430 -0.06902314 -0.10625788
v -0.10764779 -0.06980750 -0.10197543
v -0.08877712 -0.06956541 -0.09715410
v -0.06968055 -0.06918871 -0.09224592
v -0.05051005 -0.06881150 -0.08731895
v -0.03126406 -0.06843279 -0.08237258
v -0.01194214 -0.06805260 -0.07740669
v 0.00814784 -0.06707428 -0.07211443
v 0.02943898 -0.06513188 -0.06630542
v 0.05082727 -0.06318132 -0.06047007
v 0.07231256 -0.06122325 -0.05460855
v 0.09411319 -0.05907233 -0.04862469
v 0.11899304 -0.05438644 -0.04130208
v 0.15147917 -0.04336398 -0.03065597
v -0.77430278 0.34106252 -0.16698070
v -0.78928828 0.30749646 -0.17825024
v -0.79165548 0.28766489 -0.18326117
v -0.79110193 0.27103627 -0.18681814
v -0.79052281 0.25436637 -0.19035180
v -0.78446054 0.24382560 -0.19118202
v -0.77827853 0.23330458 -0.19195148
v -0.77210051 0.22279026 -0.19272043
v -0.76592636 0.21228266 -0.19348891
v -0.75717562 0.20449482 -0.19299823
v -0.74771053 0.19744852 -0.19216125
v -0.73823887 0.19039735 -0.19132371
v -0.72807980 0.18405014 -0.19015503
v -0.71761245 0.17800641 -0.18884058
v -0.70713365 0.17195606 -0.18752469
v -0.69579113 0.16677770 -0.18579555
v -0.68315709 0.16290219 -0.18344875
v -0.66875130 0.16080844 -0.18025574
v -0.65431345 0.15870298 -0.17705721
v -0.63897675 0.15746763 -0.17343692
v -0.62163186 0.15821850 -0.16886500
v -0.60263151 0.16057931 -0.16351463
v -0.58043033 0.16609083 -0.15665080
v -0.55494148 0.17480892 -0.14823899
v -0.53080601 0.18205640 -0.14049789
v -0.51018411 0.18569225 -0.13445219
v -0.49464846 0.18418744 -0.13084130
v -0.48233792 0.17943682 -0.12877123
v -0.47170722 0.17299850 -0.12750305
v -0.46277261 0.16487290 -0.12704079
v -0.45543069 0.15517803 -0.12733194
v -0.44760057 0.14596458 -0.12739208
v -0.44024542 0.13628899 -0.12767561
v -0.43318689 0.12632899 -0.12809768
v -0.42589471 0.11660100 -0.12840886
v -0.41860440 0.10687546 -0.12871997
v -0.41088679 0.09756526 -0.12883018
v -0.40297362 0.08844409 -0.12884870
v -0.39509052 0.07929440 -0.12888120
v -0.38720763 0.07014496 -0.12891370
v -0.37932497 0.06099575 -0.12894621
v -0.37082112 0.05243490 -0.12869012
v -0.36197594 0.04419255 -0.12827654
v -0.35307264 0.03599931 -0.12783727
v -0.34416619 0.02780316 -0.12739784
v -0.33525655 0.01960410 -0.12695825
v -0.32552913 0.01216047 -0.12614299
v -0.31491408 0.00552959 -0.12492160
v -0.30428854 -0.00110783 -0.12369900
v -0.29365250 -0.00775182 -0.12247518
v -0.28300592 -0.01440238 -0.12125016
v -0.27116036 -0.01997127 -0.11948010
v -0.25888652 -0.02517270 -0.11751959
v -0.24659325 -0.03038237 -0.11555596
v -0.23428053 -0.03560028 -0.11358923
v -0.22283716 -0.04162967 -0.11202372
v -0.21418060 -0.05018951 -0.11172862
v -0.20311984 -0.05659510 -0.11034394
v -0.18925466 -0.06050982 -0.10769315
v -0.17426962 -0.06346063 -0.10454364
v -0.15712820 -0.06453612 -0.10042948
v -0.13958675 -0.06531098 -0.09614688
v -0.12198510 -0.06608851 -0.09184959
v -0.10432295 -0.06686871 -0.08753753
v -0.08546206 -0.06665367 -0.08269971
v -0.06633721 -0.06627067 -0.07775752
v -0.04713766 -0.06588664 -0.07279614
v -0.02786318 -0.06550174 -0.06781553
v -0.00851258 -0.06511533 -0.06281525
v 0.01192781 -0.06385346 -0.05734354
v 0.03325313 -0.06190135 -0.05149360
v 0.05467417 -0.05994249 -0.04561785
v 0.07619423 -0.05797457 -0.03971495
v 0.09897485 -0.05500951 -0.03327018
v 0.13055941 -0.04465903 -0.02294730
v -0.76616216 0.33304709 -0.15414231
v -0.78032273 0.30043495 -0.16504620
v -0.77986795 0.28364959 -0.16868174
v -0.77937263 0.26695898 -0.17228577
v -0.77803963 0.25121176 -0.17546512
v -0.77192736 0.24058416 -0.17628016
v -0.76581913 0.22996370 -0.17709462
v -0.75971502 0.21935038 -0.17790857
v -0.75355220 0.20881027 -0.17869113
v -0.74475014 0.20104708 -0.17817934
v -0.73440421 0.19488932 -0.17691457
v -0.72393113 0.18884623 -0.17559175
v -0.71344662 0.18279654 -0.17426749
v -0.70292157 0.17677043 -0.17292757
v -0.69238430 0.17073815 -0.17158595
v -0.68036747 0.16620761 -0.16953096
v -0.66615587 0.16389644 -0.16641967
v -0.65170026 0.16179127 -0.16320004
v -0.63494796 0.16197847 -0.15888177
v -0.61750305 0.16280851 -0.15424302
v -0.59745640 0.16620447 -0.14836660
v -0.57512921 0.17181714 -0.14141259
v -0.54956245 0.18058762 -0.13292578
v -0.52729219 0.18594196 -0.12604402
v -0.50790685 0.18832369 -0.12056311
v -0.49261788 0.18655707 -0.11705508
v -0.48019880 0.18189815 -0.11492611
v -0.46948272 0.17552774 -0.11361440
v -0.46022928 0.16769935 -0.11300193
v -0.45271745 0.15815341 -0.11321794
v -0.44487894 0.14892992 -0.11327849
v -0.43740398 0.13935287 -0.11351086
v -0.43025807 0.12945913 -0.11389803
v -0.42295814 0.11971986 -0.11421134
v -0.41566002 0.10998305 -0.11452457
v -0.40804273 0.10055760 -0.11468671
v -0.40013433 0.09141347 -0.11471169
v -0.39224264 0.08225372 -0.11474441
v -0.38435116 0.07309421 -0.11477715
v -0.37645993 0.06393494 -0.11480987
v -0.36809558 0.05522383 -0.11462166
v -0.35919064 0.04702018 -0.11418205
v -0.35027727 0.03881862 -0.11373980
v -0.34136072 0.03061413 -0.11329738
v -0.33244100 0.02240674 -0.11285482
v -0.32301533 0.01466446 -0.11217915
v -0.31238821 0.00802805 -0.11094959
v -0.30122223 0.00187370 -0.10947476
v -0.28981915 -0.00408158 -0.10789488
v -0.27840158 -0.01004441 -0.10631301
v -0.26652250 -0.01560551 -0.10452353
v -0.25351521 -0.02016049 -0.10222118
v -0.24119881 -0.02537419 -0.10024241
v -0.22886287 -0.03059615 -0.09826052
v -0.21650736 -0.03582640 -0.09627548
v -0.20722432 -0.04384984 -0.09569906
v -0.19794546 -0.05188455 -0.09512622
v -0.18452591 -0.05622213 -0.09267002
v -0.17037264 -0.05993745 -0.08988746
v -0.15363131 -0.06138882 -0.08593822
v -0.13630565 -0.06237388 -0.08173560
v -0.11867844 -0.06314724 -0.07740867
v -0.10099055 -0.06392326 -0.07306686
v -0.08213950 -0.06373535 -0.06821268
v -0.06298649 -0.06334619 -0.06323642
v -0.04375803 -0.06295550 -0.05824057
v -0.02445458 -0.06256403 -0.05322540
v -0.00507521 -0.06217137 -0.04819058
v 0.01571683 -0.06062492 -0.04253727
v 0.03707470 -0.05866455 -0.03664700
v 0.05853033 -0.05669586 -0.03072991
v 0.08008524 -0.05471805 -0.02478545
v 0.11024664 -0.04549135 -0.01502378
v -0.75140095 0.33213317 -0.13799335
v -0.76846689 0.29644537 -0.15038970
v -0.76802915 0.27964225 -0.15405230
v -0.76759279 0.26288933 -0.15770395
v -0.76546103 0.24798805 -0.16050462
v -0.75934339 0.23734492 -0.16132598
v -0.75315470 0.22678828 -0.16210966
v -0.74626297 0.21698183 -0.16254441
v -0.73937374 0.20717889 -0.16297902
v -0.73008209 0.19989175 -0.16223201
v -0.71956187 0.19387339 -0.16088474
v -0.70902997 0.18784836 -0.15953596
v -0.69848657 0.18181670 -0.15818571
v -0.68630618 0.17745399 -0.15604050
v -0.67393029 0.17326248 -0.15380667
v -0.66153085 0.16906424 -0.15156831
v -0.64772785 0.16626813 -0.14865480
v -0.63090819 0.16650169 -0.14428665
v -0.61245662 0.16833024 -0.13914146
v -0.59208292 0.17203133 -0.13308237
v -0.56981105 0.17756189 -0.12612528
v -0.54602915 0.18451384 -0.11846138
v -0.52437800 0.18922816 -0.11184689
v -0.50562513 0.19096045 -0.10664600
v -0.49058348 0.18893127 -0.10324239
v -0.47805426 0.18436548 -0.10105330
v -0.46725383 0.17806201 -0.09969817
v -0.45768061 0.17053178 -0.09893352
v -0.44999832 0.16113526 -0.09907334
v -0.44215137 0.15190171 -0.09913430
v -0.43455619 0.14242351 -0.09931482
v -0.42732269 0.13259628 -0.09966654
v -0.42001495 0.12284571 -0.09998200
v -0.41270906 0.11309759 -0.10029738
v -0.40519238 0.10355649 -0.10051218
v -0.39728883 0.09438936 -0.10054368
v -0.38938850 0.08521952 -0.10057662
v -0.38148841 0.07604993 -0.10060957
v -0.37358856 0.06688058 -0.10064252
v -0.36531970 0.05806089 -0.10050225
v -0.35639939 0.04985391 -0.10005715
v -0.34747589 0.04164401 -0.09961191
v -0.33815825 0.03379759 -0.09898388
v -0.32881662 0.02596524 -0.09834654
v -0.31934655 0.01824406 -0.09765125
v -0.30798468 0.01226913 -0.09607825
v -0.29657704 0.00631583 -0.09448866
v -0.28515488 0.00035497 -0.09289704
v -0.27371818 -0.00561348 -0.09130340
v -0.26216957 -0.01150033 -0.08966269
v -0.24886894 -0.01580963 -0.08721805
v -0.23578778 -0.02035059 -0.08488176
v -0.22342855 -0.02557661 -0.08288461
v -0.21104968 -0.03081093 -0.08088428
v -0.20024279 -0.03748714 -0.07961124
v -0.19111845 -0.04569028 -0.07911295
v -0.17978388 -0.05192242 -0.07760473
v -0.16566886 -0.05569471 -0.07483049
v -0.14992197 -0.05805257 -0.07131977
v -0.13287619 -0.05930529 -0.06722749
v -0.11536427 -0.06019930 -0.06293502
v -0.09765059 -0.06097112 -0.05856334
v -0.07880943 -0.06081044 -0.05369287
v -0.05962816 -0.06041507 -0.04868240
v -0.04037126 -0.06001816 -0.04365218
v -0.02103827 -0.05961968 -0.03860210
v -0.00163000 -0.05922070 -0.03353258
v 0.01951401 -0.05738943 -0.02769592
v 0.04090545 -0.05541997 -0.02176473
v 0.06373319 -0.05229554 -0.01520553
v 0.08999626 -0.04632111 -0.00712461
v -0.73152494 0.33663788 -0.11925160
v -0.75313467 0.29612491 -0.13397276
v -0.75323004 0.27874225 -0.13792245
v -0.75327575 0.26146767 -0.14183491
v -0.75115699 0.24653894 -0.14465949
v -0.74429184 0.23665749 -0.14512025
v -0.73741597 0.22679371 -0.14557427
v -0.73051196 0.21696575 -0.14601295
v -0.72361046 0.20714130 -0.14645144
v -0.71514970 0.19894658 -0.14611985
v -0.70458364 0.19295929 -0.14465962
v -0.69225419 0.18872370 -0.14252350
v -0.67987466 0.18453577 -0.14027649
v -0.66746908 0.18034367 -0.13802370
v -0.65391594 0.17729621 -0.13521650
v -0.63868481 0.17592335 -0.13159841
v -0.62300569 0.17495696 -0.12777300
v -0.60432428 0.17698349 -0.12249747
v -0.58478796 0.17980209 -0.11682265
v -0.56324071 0.18456973 -0.11018907
v -0.54248697 0.18844998 -0.10396053
v -0.52189791 0.19208066 -0.09783079
v -0.50342160 0.19351986 -0.09274080
v -0.48854512 0.19131002 -0.08940317
v -0.47583285 0.18690968 -0.08711831
v -0.46502051 0.18060131 -0.08575427
v -0.45512652 0.17337015 -0.08483547
v -0.44727328 0.16412356 -0.08489805
v -0.43941790 0.15487993 -0.08495941
v -0.43169814 0.14550485 -0.08508544
v -0.42438075 0.13574047 -0.08540314
v -0.41706514 0.12597856 -0.08572075
v -0.40969244 0.11627609 -0.08601020
v -0.40199199 0.10689285 -0.08614305
v -0.39385879 0.09792642 -0.08607018
v -0.38572514 0.08895946 -0.08599730
v -0.37759101 0.07999200 -0.08592442
v -0.36945641 0.07102401 -0.08585154
v -0.36094382 0.06241284 -0.08560058
v -0.35160083 0.05458175 -0.08495934
v -0.34225309 0.04674667 -0.08431777
v -0.33290055 0.03890759 -0.08367587
v -0.32370400 0.03091434 -0.08310900
v -0.31460500 0.02282285 -0.08258948
v -0.30331874 0.01675417 -0.08104911
v -0.29191869 0.01077053 -0.07946018
v -0.28047740 0.00480407 -0.07785675
v -0.26902157 -0.00116999 -0.07625128
v -0.25755113 -0.00715166 -0.07464375
v -0.24448198 -0.01169517 -0.07229918
v -0.23113306 -0.01601470 -0.06983189
v -0.21797745 -0.02054158 -0.06746127
v -0.20557514 -0.02577998 -0.06544559
v -0.19323583 -0.03110128 -0.06346487
v -0.18426701 -0.03947386 -0.06304239
v -0.17470384 -0.04732011 -0.06234777
v -0.16095196 -0.05144013 -0.05973150
v -0.14620361 -0.05470823 -0.05666588
v -0.12913114 -0.05595706 -0.05254490
v -0.11200324 -0.05720994 -0.04841055
v -0.09430303 -0.05801227 -0.04402685
v -0.07547183 -0.05787890 -0.03914019
v -0.05626223 -0.05747731 -0.03409538
v -0.03697678 -0.05707415 -0.02903064
v -0.01761507 -0.05666939 -0.02394588
v 0.00199198 -0.05611712 -0.01876454
v 0.02494770 -0.05274254 -0.01208229
v 0.04849818 -0.04894159 -0.00515038
v 0.07217516 -0.04512022 0.00181877
v -0.73590791 0.29775271 -0.11656953
v -0.73607463 0.28027818 -0.12057868
v -0.73622483 0.26287678 -0.12456699
v -0.73515791 0.24681515 -0.12793571
v -0.72828031 0.23691146 -0.12840065
v -0.72140545 0.22701153 -0.12886542
v -0.71453303 0.21711530 -0.12933002
v -0.70652342 0.20840986 -0.12922958
v -0.69806564 0.20016822 -0.12890768
v -0.68582767 0.19583324 -0.12671928
v -0.67341864 0.19164455 -0.12445336
v -0.65989572 0.18856966 -0.12164590
v -0.64503574 0.18682615 -0.11818969
v -0.62959892 0.18562444 -0.11446099
v -0.61229575 0.18627134 -0.10982897
v -0.59317899 0.18869478 -0.10432365
v -0.57348448 0.19162743 -0.09855299
v -0.55249476 0.19578701 -0.09216814
v -0.53336698 0.19798975 -0.08671004
v -0.51538461 0.19897178 -0.08182589
v -0.49946529 0.19782911 -0.07795873
v -0.48509079 0.19509777 -0.07485256
v -0.47285801 0.19020146 -0.07279290
v -0.46204260 0.18387693 -0.07142480
v -0.45184946 0.17692125 -0.07036123
v -0.44378361 0.16786313 -0.07032625
v -0.43571752 0.15880476 -0.07029127
v -0.42749903 0.14989455 -0.07018317
v -0.41992328 0.14035822 -0.07038375
v -0.41234872 0.13082343 -0.07058430
v -0.40475988 0.12130507 -0.07077743
v -0.39680952 0.11213721 -0.07079729
v -0.38866365 0.10315713 -0.07072385
v -0.38051730 0.09417652 -0.07065041
v -0.37237051 0.08519539 -0.07057697
v -0.36433443 0.07610811 -0.07055634
v -0.35571709 0.06757076 -0.07026021
v -0.34635845 0.05972895 -0.06961406
v -0.33699498 0.05188314 -0.06896757
v -0.32762671 0.04403331 -0.06832077
v -0.31889763 0.03557793 -0.06797706
v -0.30984983 0.02741480 -0.06748443
v -0.29854441 0.02134021 -0.06593259
v -0.28722516 0.01525817 -0.06437884
v -0.27578667 0.00926577 -0.06277384
v -0.26431161 0.00328609 -0.06115648
v -0.25282189 -0.00270123 -0.05953705
v -0.24008314 -0.00756955 -0.05733990
v -0.22671182 -0.01189091 -0.05485464
v -0.21331435 -0.01622073 -0.05236451
v -0.20008366 -0.02073346 -0.04995913
v -0.18763797 -0.02598430 -0.04792475
v -0.17739104 -0.03323516 -0.04691423
v -0.16780882 -0.04109376 -0.04621395
v -0.15622187 -0.04717366 -0.04459033
v -0.14069019 -0.04976840 -0.04115320
v -0.12420455 -0.05156213 -0.03728700
v -0.10811216 -0.05375253 -0.03361277
v -0.09094787 -0.05504669 -0.02945728
v -0.07212665 -0.05494071 -0.02455452
v -0.05288865 -0.05453288 -0.01947522
v -0.03247230 -0.05316313 -0.01387215
v -0.01204138 -0.05185192 -0.00827860
v 0.00967395 -0.04950014 -0.00211595
v 0.03320641 -0.04565916 0.00485571
v 0.05686550 -0.04179752 0.01186488
v -0.71502554 0.28585398 -0.10123682
v -0.71634597 0.26718858 -0.10583856
v -0.71765864 0.24859488 -0.11042191
v -0.70984584 0.23963147 -0.11043108
v -0.70137578 0.23135500 -0.11011232
v -0.69289988 0.22308013 -0.10979166
v -0.68440944 0.21481609 -0.10946475
v -0.67591673 0.20654984 -0.10913774
v -0.66578311 0.19997145 -0.10799821
v -0.65102112 0.19813505 -0.10457119
v -0.63602400 0.19649297 -0.10103858
v -0.61896247 0.19691092 -0.09649821
v -0.60108525 0.19809735 -0.09157005
v -0.58244139 0.19999470 -0.08627999
v -0.56227607 0.20335886 -0.08025894
v -0.54331619 0.20542677 -0.07484763
v -0.52530521 0.20646821 -0.06991769
v -0.50848085 0.20625523 -0.06558304
v -0.49357155 0.20407277 -0.06219657
v -0.47957316 0.20093872 -0.05926448
v -0.46808714 0.19527459 -0.05756406
v -0.45722350 0.18897271 -0.05617128
v -0.44732034 0.18170616 -0.05524879
v -0.43924293 0.17263515 -0.05521356
v -0.43096611 0.16375870 -0.05508200
v -0.42260009 0.15496755 -0.05490774
v -0.41501337 0.14541657 -0.05510983
v -0.40742788 0.13586712 -0.05531190
v -0.39959812 0.12655619 -0.05539591
v -0.39161104 0.11739777 -0.05540416
v -0.38345248 0.10840399 -0.05533017
v -0.37529340 0.09940968 -0.05525617
v -0.36721087 0.09034148 -0.05521896
v -0.35923123 0.08117506 -0.05523097
v -0.35047430 0.07274456 -0.05487261
v -0.34109986 0.06489199 -0.05422153
v -0.33172065 0.05703542 -0.05357011
v -0.32278344 0.04875602 -0.05313031
v -0.31407732 0.04025503 -0.05280125
v -0.30508095 0.03201996 -0.05233592
v -0.29375634 0.02593945 -0.05077255
v -0.28241783 0.01985147 -0.04920725
v -0.27106541 0.01375601 -0.04764004
v -0.25958827 0.00775482 -0.04601883
v -0.24807923 0.00176186 -0.04438743
v -0.23567237 -0.00343274 -0.04234002
v -0.22227859 -0.00775593 -0.03983670
v -0.20885856 -0.01208758 -0.03732848
v -0.19541220 -0.01642773 -0.03481534
v -0.18210581 -0.02092625 -0.03237478
v -0.17040320 -0.02689581 -0.03068761
v -0.16088903 -0.03484505 -0.03002218
v -0.15128243 -0.04272037 -0.02931580
v -0.13489629 -0.04457913 -0.02547074
v -0.11810131 -0.04612479 -0.02144774
v -0.10167155 -0.04804416 -0.01760513
v -0.08549632 -0.05023637 -0.01389108
v -0.06609654 -0.04964777 -0.00870260
v -0.04582613 -0.04836397 -0.00312873
v -0.02543187 -0.04704288 0.00248592
v -0.00494924 -0.04571607 0.00812490
v 0.01782906 -0.04247383 0.01479889
v 0.09084238 0.00401180 0.04442473
v 0.12306087 0.01505637 0.05533794
v -0.68605989 0.28234783 -0.08182231
v -0.68742663 0.26364058 -0.08646904
v -0.68769515 0.24614471 -0.09055047
v -0.67879832 0.23825155 -0.09003047
v -0.66792786 0.23240034 -0.08852554
v -0.65704435 0.22654210 -0.08701880
v -0.64567387 0.22116561 -0.08527409
v -0.63352734 0.21656321 -0.08314873
v -0.61925685 0.21410821 -0.07997488
v -0.60430998 0.21230105 -0.07647542
v -0.58882153 0.21099779 -0.07271862
v -0.57164615 0.21135539 -0.06813931
v -0.55327010 0.21286537 -0.06298143
v -0.53523892 0.21395829 -0.05800946
v -0.51829183 0.21389519 -0.05358640
v -0.50206035 0.21305625 -0.04952858
v -0.48794401 0.21005197 -0.04652105
v -0.47421229 0.20662487 -0.04371114
v -0.46330211 0.20036282 -0.04229000
v -0.45229846 0.19417414 -0.04082755
v -0.44277832 0.18650478 -0.04009303
v -0.43464342 0.17746578 -0.04003524
v -0.42595464 0.16896802 -0.03970832
v -0.41768643 0.16005573 -0.03958657
v -0.41008875 0.15049006 -0.03979018
v -0.40231729 0.14109546 -0.03990907
v -0.39442044 0.13182351 -0.03996701
v -0.38639650 0.12267459 -0.03996346
v -0.37822518 0.11366706 -0.03988891
v -0.37009603 0.10461818 -0.03983489
v -0.36210424 0.09543775 -0.03984698
v -0.35411251 0.08625739 -0.03985907
v -0.34521535 0.07793430 -0.03943755
v -0.33582512 0.07007097 -0.03878151
v -0.32667953 0.06196900 -0.03824424
v -0.31796238 0.05345847 -0.03791282
v -0.30924296 0.04494572 -0.03758133
v -0.30029830 0.03663839 -0.03714374
v -0.28895447 0.03055195 -0.03556879
v -0.27759665 0.02445803 -0.03399188
v -0.26622486 0.01835661 -0.03241305
v -0.25483909 0.01224767 -0.03083227
v -0.24332307 0.00623763 -0.02919471
v -0.23124963 0.00071530 -0.02729938
v -0.21783330 -0.00360969 -0.02477792
v -0.20439062 -0.00794317 -0.02225151
v -0.19092155 -0.01228517 -0.01972013
v -0.17742600 -0.01663570 -0.01718377
v -0.16404332 -0.02111995 -0.01470764
v -0.15394436 -0.02857385 -0.01377215
v -0.13804848 -0.03087021 -0.01013634
v -0.12209558 -0.03316212 -0.00648458
v -0.11155328 -0.04029334 -0.00535903
v -0.09536964 -0.04245814 -0.00161771
v -0.07899708 -0.04450409 0.00220032
v -0.05899526 -0.04341538 0.00768733
v -0.03868762 -0.04212866 0.01329980
v -0.01829238 -0.04083637 0.01893649
v 0.11301041 0.02309115 0.06797376
v -0.62634355 0.27605256 -0.05487606
v -0.63553578 0.24926661 -0.06346704
v -0.62204927 0.24599004 -0.06067285
v -0.60830814 0.24293749 -0.05776002
v -0.59398639 0.24044053 -0.05456638
v -0.57984233 0.23766130 -0.05151029
v -0.56404048 0.23664358 -0.04756053
v -0.55003619 0.23369147 -0.04455530
v -0.53690833 0.22981274 -0.04199423
v -0.52419394 0.22548284 -0.03964593
v -0.51156682 0.22103390 -0.03734802
v -0.49632320 0.21917428 -0.03376492
v -0.48259380 0.21575552 -0.03093957
v -0.46936247 0.21180372 -0.02836810
v -0.45838878 0.20557921 -0.02691444
v -0.44735846 0.19939128 -0.02543744
v -0.43822321 0.19131719 -0.02489377
v -0.42963058 0.18270320 -0.02461729
v -0.42092791 0.17419316 -0.02428790
v -0.41275805 0.16515918 -0.02421944
v -0.40504497 0.15568025 -0.02437373
v -0.39713567 0.14639343 -0.02443212
v -0.38922676 0.13710704 -0.02449050
v -0.38116580 0.12796775 -0.02447499
v -0.37299004 0.11893844 -0.02440389
v -0.36498603 0.10974392 -0.02441608
v -0.35698208 0.10054950 -0.02442827
v -0.34897822 0.09135517 -0.02444046
v -0.33994013 0.08314009 -0.02395484
v -0.33058596 0.07521699 -0.02331874
v -0.32185775 0.06669689 -0.02298495
v -0.31312731 0.05817459 -0.02265107
v -0.30439454 0.04965007 -0.02231711
v -0.29550192 0.04127015 -0.02190774
v -0.28413874 0.03517777 -0.02032113
v -0.27276152 0.02907789 -0.01873256
v -0.26137036 0.02297050 -0.01714205
v -0.24996510 0.01685557 -0.01554956
v -0.23854579 0.01073310 -0.01395511
v -0.22681484 0.00487464 -0.01221782
v -0.21337588 0.00054783 -0.00967812
v -0.19991051 -0.00378747 -0.00713343
v -0.18641865 -0.00813130 -0.00458374
v -0.17261207 -0.01222411 -0.00189337
v -0.15715431 -0.01486885 0.00156517
v -0.13914633 -0.01527570 0.00621050
v -0.12364294 -0.01797497 0.00966849
v -0.10809835 -0.02068142 0.01313568
v -0.09207724 -0.02300958 0.01681543
v -0.07930565 -0.02825318 0.01896825
v -0.05784586 -0.02587871 0.02516283
v -0.54477137 0.27397239 -0.02101642
v -0.54557496 0.25586399 -0.02542236
v -0.53259176 0.25180453 -0.02292855
v -0.52026427 0.24704857 -0.02076946
v -0.50832319 0.24187425 -0.01880945
v -0.49654287 0.23651233 -0.01693540
v -0.48531714 0.23057008 -0.01534241
v -0.47407755 0.22462051 -0.01374746
v -0.46379343 0.21769917 -0.01263026
v -0.45345339 0.21081848 -0.01148884
v -0.44240355 0.20462422 -0.01000075
v -0.43331677 0.19647665 -0.00948417
v -0.42460242 0.18795653 -0.00915238
v -0.41588587 0.17943421 -0.00882051
v -0.40778118 0.17031078 -0.00878967
v -0.39985943 0.16100907 -0.00884850
v -0.39193809 0.15170780 -0.00890733
v -0.38401705 0.14240691 -0.00896616
v -0.37591895 0.13327730 -0.00893849
v -0.36787659 0.12409380 -0.00893805
v -0.35986045 0.11488527 -0.00895033
v -0.35184434 0.10567683 -0.00896261
v -0.34382832 0.09646847 -0.00897488
v -0.33464864 0.08836197 -0.00842423
v -0.32576343 0.07997043 -0.00801747
v -0.31702191 0.07143854 -0.00768121
v -0.30827808 0.06290444 -0.00734486
v -0.29953203 0.05436812 -0.00700843
v -0.29069164 0.04591530 -0.00662771
v -0.27930906 0.03981697 -0.00502940
v -0.26791245 0.03371113 -0.00342909
v -0.25650176 0.02759775 -0.00182682
v -0.24507700 0.02147682 -0.00022258
v -0.23363811 0.01534833 0.00138365
v -0.22218508 0.00921226 0.00299186
v -0.20787168 0.00565798 0.00595447
v -0.19248322 0.00304085 0.00941844
v -0.17705379 0.00041675 0.01289162
v -0.16158323 -0.00221434 0.01637407
v -0.14607137 -0.00485245 0.01986581
v -0.12683700 -0.00420395 0.02510318
v -0.10690563 -0.00306115 0.03057938
v -0.09126383 -0.00567865 0.03417026
v -0.07559987 -0.00838194 0.03768713
v -0.05338521 -0.00534582 0.04426567
v -0.49944627 0.28585461 0.00668249
v -0.49874815 0.26921549 0.00299566
v -0.49431083 0.25639513 0.00119146
v -0.48336419 0.25013927 0.00264523
v -0.47240537 0.24387649 0.00410062
v -0.46194124 0.23710065 0.00530513
v -0.45229828 0.22949180 0.00609748
v -0.44252896 0.22199792 0.00695019
v -0.43329790 0.21396078 0.00753340
v -0.42520547 0.20479426 0.00755111
v -0.41711289 0.19562761 0.00756882
v -0.40875354 0.18672188 0.00771817
v -0.40125972 0.17696993 0.00744052
v -0.39391166 0.16707991 0.00709199
v -0.38670322 0.15673870 0.00629045
v -0.37879121 0.14772321 0.00660624
v -0.37077603 0.13848758 0.00658733
v -0.36274755 0.12926489 0.00657496
v -0.35471922 0.12004230 0.00656259
v -0.34669092 0.11081979 0.00655022
v -0.33866271 0.10159736 0.00653785
v -0.32967955 0.09327926 0.00698978
v -0.32092687 0.08473775 0.00732843
v -0.31217197 0.07619403 0.00766718
v -0.30341479 0.06764810 0.00800601
v -0.29465532 0.05909994 0.00834493
v -0.28589359 0.05054956 0.00868394
v -0.27446541 0.04446961 0.01030665
v -0.26304930 0.03835779 0.01191872
v -0.25161907 0.03223842 0.01353280
v -0.24017470 0.02611148 0.01514887
v -0.22695021 0.02159434 0.01761275
v -0.21323436 0.01749445 0.02030436
v -0.19753128 0.01516839 0.02393699
v -0.18150626 0.01308825 0.02771244
v -0.16602290 0.01047087 0.03121888
v -0.15049812 0.00784651 0.03473470
v -0.13472211 0.00540339 0.03835949
v -0.11481366 0.00661221 0.04393261
v -0.09482095 0.00782614 0.04952932
v -0.07474338 0.00904523 0.05514978
v -0.05427879 0.01053674 0.06093652
v -0.45973092 0.29165515 0.03162180
v -0.45866969 0.27534097 0.02808961
v -0.45761129 0.25907055 0.02456689
v -0.45013362 0.24925481 0.02426862
v -0.44027525 0.24181172 0.02516123
v -0.43068233 0.23409376 0.02591866
v -0.42256880 0.22490351 0.02593654
v -0.41378215 0.21637622 0.02628929
v -0.40497339 0.20786595 0.02665192
v -0.39723957 0.19829901 0.02648028
v -0.38987103 0.18837790 0.02612820
v -0.38230452 0.17865390 0.02587513
v -0.37410557 0.16954604 0.02593509
v -0.36662185 0.15974660 0.02564225
v -0.35950983 0.14959316 0.02516733
v -0.35240036 0.13944340 0.02469258
v -0.34529343 0.12929729 0.02421800
v -0.33814669 0.11919532 0.02376439
v -0.33070162 0.10938255 0.02345811
v -0.32388559 0.09897813 0.02284542
v -0.31607619 0.08951899 0.02271917
v -0.30730787 0.08096343 0.02306041
v -0.29853725 0.07240561 0.02340174
v -0.28976431 0.06384558 0.02374316
v -0.28098914 0.05528333 0.02408467
v -0.26960769 0.04913573 0.02568714
v -0.25817204 0.04301794 0.02731108
v -0.24470064 0.03875644 0.02991297
v -0.23099941 0.03467313 0.03261794
v -0.21727002 0.03058141 0.03532847
v -0.20351230 0.02648126 0.03804458
v -0.18789920 0.02403486 0.04164312
v -0.17170036 0.02207424 0.04551174
v -0.15545402 0.02010786 0.04939171
v -0.13935634 0.01795881 0.05318923
v -0.12271299 0.01625198 0.05723596
v -0.10272511 0.01748705 0.06286418
v -0.08003284 0.02106346 0.06976243
v -0.05554174 0.02615252 0.07749499
v -0.41349992 0.28619638 0.05579642
v -0.41364273 0.26867113 0.05163883
v -0.41271430 0.25226262 0.04803130
v -0.41000605 0.23766063 0.04532619
v -0.40117195 0.22912930 0.04569247
v -0.39319375 0.21974799 0.04562989
v -0.38497269 0.21061473 0.04568944
v -0.37674826 0.20147920 0.04575004
v -0.36852345 0.19234326 0.04581065
v -0.36103228 0.18249555 0.04550701
v -0.35389897 0.17230615 0.04502699
v -0.34640315 0.16247191 0.04472777
v -0.33850163 0.15303078 0.04462986
v -0.33060071 0.14359036 0.04453195
v -0.32349992 0.13338855 0.04404029
v -0.31666231 0.12294299 0.04342068
v -0.30982789 0.11250234 0.04280137
v -0.30299667 0.10206657 0.04218234
v -0.29616866 0.09163569 0.04156360
v -0.28934386 0.08120970 0.04094516
v -0.28252223 0.07078858 0.04032700
v -0.27635092 0.06086976 0.03946986
v -0.26246035 0.05592754 0.04221965
v -0.24877381 0.05186082 0.04493798
v -0.23505910 0.04778573 0.04766191
v -0.22131610 0.04370223 0.05039145
v -0.20754474 0.03961031 0.05312663
v -0.19374493 0.03550993 0.05586746
v -0.17822266 0.03294224 0.05943095
v -0.16197219 0.03099016 0.06333462
v -0.14567396 0.02903234 0.06724976
v -0.12708177 0.02909188 0.07225490
v -0.10484555 0.03236040 0.07899255
v -0.08118221 0.03682183 0.08639372
v -0.05769104 0.04103752 0.09369090
v 0.00863019 0.06632863 0.11743967
v 0.04234415 0.07924180 0.12952551
v 0.07029022 0.08692977 0.13883477
v 0.10141739 0.09729249 0.14962670
v 0.14084029 0.11477318 0.16431870
v -0.34882167 0.24631029 0.07693972
v -0.35255277 0.22538458 0.07099034
v -0.35471860 0.20605755 0.06584085
v -0.34678859 0.19658111 0.06574180
v -0.33885914 0.18710536 0.06564276
v -0.33093026 0.17763031 0.06554373
v -0.32311141 0.16805097 0.06539039
v -0.31624886 0.15755902 0.06476349
v -0.30938953 0.14707202 0.06413689
v -0.30201522 0.13708226 0.06376667
v -0.29342812 0.12824558 0.06399600
v -0.28483960 0.11940736 0.06422537
v -0.27643064 0.11039728 0.06436568
v -0.26937833 0.10011359 0.06383916
v -0.26232880 0.08983395 0.06331286
v -0.25528207 0.07955839 0.06278676
v -0.24591878 0.07143970 0.06339508
v -0.23365444 0.06599719 0.06541819
v -0.22137144 0.06054641 0.06744438
v -0.20906976 0.05508734 0.06947365
v -0.19674934 0.04961995 0.07150601
v -0.18393195 0.04458078 0.07377359
v -0.16743284 0.04286303 0.07781896
v -0.14777702 0.04395732 0.08338019
v -0.12803937 0.04505618 0.08896456
v -0.10749211 0.04681475 0.09492318
v -0.08357935 0.05152071 0.10248594
v -0.05639246 0.05906241 0.11160181
v -0.01972358 0.07494721 0.12524644
v 0.00836553 0.08303698 0.13473517
v 0.03095027 0.08613323 0.14155944
v 0.05641630 0.09168913 0.14974199
v 0.08031832 0.09576787 0.15715370
v 0.10013033 0.09616829 0.16259316
v 0.12221471 0.09848810 0.16909902
v 0.15758006 0.11229800 0.18190187
v -0.17155288 0.45595309 0.18781820
v -0.17880802 0.43094540 0.18002780
v -0.18095016 0.41094756 0.17470016
v -0.18251544 0.39158097 0.16967876
v -0.18357924 0.37276652 0.16492438
v -0.18531011 0.35336655 0.15985017
v -0.18691549 0.33415273 0.15485418
v -0.18815251 0.31535742 0.15005738
v -0.18938522 0.29662743 0.14527726
v -0.28554454 0.19006085 0.09351725
v -0.28569859 0.16988958 0.08908235
v -0.27734405 0.16074672 0.08917709
v -0.27025688 0.15040252 0.08864306
v -0.26317257 0.14006242 0.08810924
v -0.25609106 0.12972642 0.08757564
v -0.24901237 0.11939453 0.08704225
v -0.24193646 0.10906673 0.08650907
v -0.23486339 0.09874304 0.08597610
v -0.22779311 0.08842344 0.08544334
v -0.21575235 0.08270897 0.08735123
v -0.20322220 0.07742188 0.08949324
v -0.19001828 0.07272717 0.09195855
v -0.17679012 0.06802386 0.09442836
v -0.16353765 0.06331190 0.09690272
v -0.14493948 0.06343302 0.10197356
v -0.12617043 0.06364601 0.10711254
v -0.10717733 0.06399766 0.11234517
v -0.07930715 0.07228094 0.12186716
v -0.05065503 0.08114829 0.13173978
v -0.02763856 0.08485072 0.13885854
v -0.00450181 0.08857249 0.14601451
v 0.01889390 0.09243620 0.15327437
v 0.03804531 0.09245059 0.15846986
v 0.05396207 0.08954517 0.16209535
v 0.07179553 0.08828185 0.16663025
v 0.09140656 0.08852193 0.17200391
v 0.11257944 0.09006140 0.17810945
v 0.13613883 0.09360529 0.18533775
v 0.16547810 0.10207932 0.19530334
v -0.17368136 0.47233653 0.20492201
v -0.18569931 0.44245514 0.19452022
v -0.18816583 0.42208841 0.18899010
v -0.19044593 0.40197510 0.18357122
v -0.19199224 0.38264710 0.17853959
v -0.19149983 0.36536601 0.17455162
v -0.19032805 0.34879434 0.17091797
v -0.18902726 0.33239353 0.16736023
v -0.18882245 0.31498280 0.16326301
v -0.18977769 0.29651091 0.15859661
v -0.18878257 0.27996367 0.15492065
v -0.18771273 0.26353419 0.15129314
v -0.18646277 0.24732175 0.14776647
v -0.18521601 0.23115084 0.14424884
v -0.19357291 0.20595998 0.13596329
v -0.19511522 0.18728396 0.13108827
v -0.19397081 0.17118824 0.12756069
v -0.19731610 0.15094137 0.12181976
v -0.19835064 0.13291858 0.11723889
v -0.19472963 0.11927472 0.11497088
v -0.18529879 0.11103433 0.11557457
v -0.17350765 0.10496289 0.11733866
v -0.16255122 0.09810229 0.11868710
v -0.15265588 0.09025301 0.11951064
v -0.13838245 0.08639038 0.12247787
v -0.11997391 0.08625343 0.12746035
v -0.10117668 0.08640726 0.13261807
v -0.08077394 0.08794836 0.13854410
v -0.06115941 0.08870626 0.14406855
v -0.03895632 0.09172007 0.15083636
v -0.01761539 0.09387908 0.15716538
v -0.00127211 0.09150320 0.16105114
v 0.01469816 0.08874806 0.16474482
v 0.03055125 0.08584382 0.16837101
v 0.04644597 0.08293196 0.17200671
v 0.06352397 0.08101689 0.17620257
v 0.08300275 0.08115615 0.18154249
v 0.10112467 0.08004431 0.18621433
v 0.12082908 0.08025421 0.19163258
v 0.14070547 0.08054757 0.19711758
v 0.16634619 0.08576246 0.20534696
v -0.17984408 0.48468408 0.21988864
v -0.19459099 0.45201808 0.20802151
v -0.19624087 0.43241116 0.20287010
v -0.19748276 0.41327083 0.19794224
v -0.20013265 0.39310735 0.19272400
v -0.20033656 0.37481758 0.18794380
v -0.19936290 0.35802090 0.18418422
v -0.19835737 0.34130296 0.18045227
v -0.19704746 0.32492647 0.17688547
v -0.19574091 0.30859190 0.17332782
v -0.19361137 0.29309216 0.17019556
v -0.19076443 0.27831823 0.16743369
v -0.18793249 0.26356477 0.16467261
v -0.18694194 0.24709649 0.16099638
v -0.18577549 0.23084100 0.15741931
v -0.18372442 0.21546541 0.15429534
v -0.18049073 0.20124154 0.15177119
v -0.17706645 0.18722793 0.14934961
v -0.17352737 0.17335188 0.14699243
v -0.16999438 0.15949960 0.14463930
v -0.16553326 0.14653823 0.14275378
v -0.15825249 0.13620906 0.14227113
v -0.15097429 0.12588352 0.14178865
v -0.14369865 0.11556163 0.14130634
v -0.13383186 0.10761920 0.14210375
v -0.12109160 0.10229025 0.14431426
v -0.10825900 0.09701802 0.14656365
v -0.08994745 0.09668675 0.15149732
v -0.07287456 0.09517513 0.15580894
v -0.05807043 0.09156675 0.15899688
v -0.04173476 0.08929427 0.16292432
v -0.02535251 0.08701531 0.16686295
v -0.00922467 0.08446123 0.17066601
v 0.00676133 0.08173461 0.17438886
v 0.02279036 0.07900064 0.17812172
v 0.03886257 0.07625929 0.18186465
v 0.05526719 0.07376491 0.18575777
v 0.07218385 0.07167228 0.18988736
v 0.08852106 0.06902304 0.19372492
v 0.10564588 0.06701342 0.19793141
v 0.12503721 0.06692078 0.20321788
v 0.14486608 0.06714288 0.20869957
v 0.17082791 0.07258807 0.21711223
v -0.18445450 0.49861351 0.23569052
v -0.20251925 0.46255487 0.22203577
v -0.20586409 0.44122621 0.21597835
v -0.20745778 0.42170063 0.21083693
v -0.20867816 0.40260726 0.20590231
v -0.20961933 0.38384995 0.20112546
v -0.20819582 0.36746070 0.19756950
v -0.20721243 0.35068849 0.19380021
v -0.20623168 0.33396137 0.19004107
v -0.20505334 0.31747270 0.18639371
v -0.20345312 0.30143631 0.18297136
v -0.20081013 0.28644380 0.18008728
v -0.19814472 0.27150902 0.17722329
v -0.19525826 0.25682092 0.17447951
v -0.19237751 0.24216180 0.17174116
v -0.18950245 0.22753161 0.16900820
v -0.18540791 0.21408667 0.16689622
v -0.18102574 0.20093870 0.16493486
v -0.17678024 0.18768702 0.16291097
v -0.17355673 0.17350546 0.16038193
v -0.17003073 0.15963706 0.15801151
v -0.16321866 0.14884862 0.15728696
v -0.15641014 0.13806584 0.15656279
v -0.14957018 0.12732106 0.15585642
v -0.14035435 0.11876863 0.15633170
v -0.12867603 0.11246601 0.15802629
v -0.11856955 0.10470752 0.15893786
v -0.10663883 0.09859770 0.16074832
v -0.09281428 0.09418315 0.16348812
v -0.07895461 0.08976676 0.16623712
v -0.06482539 0.08555951 0.16911064
v -0.04943484 0.08244961 0.17259549
v -0.03308262 0.08015770 0.17654189
v -0.01716366 0.07743128 0.18026446
v -0.00120197 0.07469754 0.18399701
v 0.01461911 0.07179386 0.18764995
v 0.02905814 0.06762559 0.19061811
v 0.04429718 0.06412532 0.19396724
v 0.06009218 0.06107213 0.19757698
v 0.07599897 0.05807303 0.20123053
v 0.09233726 0.05540575 0.20508270
v 0.11016589 0.05398602 0.20964535
v 0.12956315 0.05386877 0.21495323
v 0.14900933 0.05372994 0.22026938
v 0.17350402 0.05786666 0.22800419
v 0.20486751 0.06779476 0.23902351
v -0.18982100 0.51183516 0.25114715
v -0.20899604 0.47456118 0.23682518
v -0.21522173 0.45031780 0.22923657
v -0.21710382 0.43046623 0.22391164
v -0.21864173 0.41102159 0.21878034
v -0.21984071 0.39197496 0.21383904
v -0.21888843 0.37509716 0.21001734
v -0.21744280 0.35874909 0.20646022
v -0.21587156 0.34256807 0.20297828
v -0.21430422 0.32642716 0.19950494
v -0.21304494 0.31003225 0.19588499
v -0.21064660 0.29477978 0.19285639
v -0.20799813 0.27980533 0.18996425
v -0.20535514 0.26486188 0.18707807
v -0.20262203 0.25004047 0.18424636
v -0.19973625 0.23539945 0.18150049
v -0.19630486 0.22130945 0.17903884
v -0.19226222 0.20782706 0.17689319
v -0.18803543 0.19454458 0.17484683
v -0.18365763 0.18142913 0.17288266
v -0.17928603 0.16833223 0.17092124
v -0.17391977 0.15618609 0.16946492
v -0.16741414 0.14511566 0.16858388
v -0.16071759 0.13423274 0.16780101
v -0.15402484 0.12335600 0.16701859
v -0.14497904 0.11465158 0.16741237
v -0.13488698 0.10690074 0.16832620
v -0.12471764 0.09920925 0.16927575
v -0.11206131 0.09376914 0.17145766
v -0.09888200 0.08877666 0.17389250
v -0.08494151 0.08444246 0.17669706
v -0.07082585 0.08023187 0.17957994
v -0.05668084 0.07601254 0.18246883
v -0.04098394 0.07314680 0.18611434
v -0.02616556 0.06945328 0.18931665
v -0.01182311 0.06529792 0.19227560
v 0.00254981 0.06113373 0.19524084
v 0.01727892 0.05724820 0.19837199
v 0.03299619 0.05419445 0.20197763
v 0.04875401 0.05113281 0.20559254
v 0.06455254 0.04806327 0.20921682
v 0.08039194 0.04498578 0.21285045
v 0.09627238 0.04190032 0.21649352
v 0.11385085 0.04024058 0.22095102
v 0.13207915 0.03908791 0.22571088
v 0.15140978 0.03882585 0.23099102
v 0.17451730 0.04173622 0.23808303
v 0.20388414 0.04990594 0.24817824
v -0.21509767 0.48697683 0.25184390
v -0.22464408 0.45935982 0.24247584
v -0.22645217 0.43954003 0.23715347
v -0.22831039 0.41973808 0.23182152
v -0.22979283 0.40037391 0.22670043
v -0.22945046 0.38286716 0.22253792
v -0.22813673 0.36636400 0.21888928
v -0.22675900 0.34996921 0.21528475
v -0.22517799 0.33381736 0.21179581
v -0.22360091 0.31770557 0.20831549
v -0.22148781 0.30215526 0.20512062
v -0.21854638 0.28744262 0.20235957
v -0.21550950 0.27285612 0.19965568
v -0.21252696 0.25825131 0.19693226
v -0.20988400 0.24335669 0.19404402
v -0.20703718 0.22880276 0.19117612
v -0.20301893 0.21517059 0.18909605
v -0.19897379 0.20170188 0.18694408
v -0.19493487 0.18825391 0.18479542
v -0.19065547 0.17505801 0.18277486
v -0.18617310 0.16207679 0.18086290
v -0.18007931 0.15062010 0.17976929
v -0.17399032 0.13917243 0.17867653
v -0.16735412 0.12824450 0.17786218
v -0.15972978 0.11823783 0.17754634
v -0.15053892 0.10967488 0.17801674
v -0.14109090 0.10134176 0.17861447
v -0.12988508 0.09460621 0.18008895
v -0.11723760 0.08916453 0.18227857
v -0.10469963 0.08359689 0.18440714
v -0.09189986 0.07823999 0.18665966
v -0.07853360 0.07336610 0.18918701
v -0.06514308 0.06848335 0.19171894
v -0.05126412 0.06400704 0.19448540
v -0.03711630 0.05973707 0.19737670
v -0.02293919 0.05545825 0.20027398
v -0.00895663 0.05097215 0.20306684
v 0.00514407 0.04655676 0.20590968
v 0.01991722 0.04269895 0.20907493
v 0.03529287 0.03933158 0.21252680
v 0.05070635 0.03595591 0.21598716
v 0.06615781 0.03257194 0.21945606
v 0.08251584 0.02993363 0.22335809
v 0.09909569 0.02744072 0.22735712
v 0.11572257 0.02494073 0.23136747
v 0.13374069 0.02358883 0.23604350
v 0.15380596 0.02393500 0.24170110
v 0.17621601 0.02621588 0.24848050
v 0.20446114 0.03338134 0.25806865
v -0.22113532 0.49872920 0.26606390
v -0.23401916 0.46846369 0.25575417
v -0.23606811 0.44836226 0.25027016
v -0.23777077 0.42867374 0.24498370
v -0.23948391 0.40904152 0.23970808
v -0.24001612 0.39063984 0.23506278
v -0.23868850 0.37412378 0.23139732
v -0.23736432 0.35765037 0.22774132
v -0.23604356 0.34121948 0.22409475
v -0.23446338 0.32508653 0.22059341
v -0.23278648 0.30909109 0.21715264
v -0.22996598 0.29424360 0.21431160
v -0.22713701 0.27943969 0.21148355
v -0.22409490 0.26487553 0.20877357
v -0.22105867 0.25033942 0.20606884
v -0.21802825 0.23583126 0.20336929
v -0.21449398 0.22183542 0.20093557
v -0.21019280 0.20859599 0.19890073
v -0.20588657 0.19538648 0.19687460
v -0.20163509 0.18215042 0.19482672
v -0.19759990 0.16873676 0.19267507
v -0.19232476 0.15650845 0.19115916
v -0.18623197 0.14506036 0.19006211
v -0.18014397 0.13362128 0.18896593
v -0.17398207 0.12226399 0.18791036
v -0.16525362 0.11328655 0.18815267
v -0.15623944 0.10456879 0.18853819
v -0.14751154 0.09558409 0.18877856
v -0.13687305 0.08834087 0.18997777
v -0.12531723 0.08191785 0.19163342
v -0.11374768 0.07548720 0.19329104
v -0.10189413 0.06929321 0.19508575
v -0.08869077 0.06429354 0.19754905
v -0.07532636 0.05940874 0.20008536
v -0.06134521 0.05504527 0.20292121
v -0.04722540 0.05077135 0.20581764
v -0.03371684 0.04591928 0.20840219
v -0.02097790 0.04035438 0.21059775
v -0.00648629 0.03631068 0.21365422
v 0.00803687 0.03225817 0.21671735
v 0.02259169 0.02819683 0.21978714
v 0.03688118 0.02386695 0.22271726
v 0.05181258 0.02006136 0.22595464
v 0.06862886 0.01785377 0.23010862
v 0.08535273 0.01582203 0.23414817
v 0.10209876 0.01315049 0.23830073
v 0.11872336 0.01063123 0.24232502
v 0.13540016 0.00810910 0.24636319
v 0.15619975 0.00905899 0.25240049
v 0.17828982 0.01103569 0.25904888
v 0.20732626 0.01882447 0.26905629
v -0.22628677 0.51294023 0.28252649
v -0.24329442 0.47768259 0.26909983
v -0.24547024 0.45741126 0.26351222
v -0.24745753 0.43739802 0.25804088
v -0.24913651 0.41775960 0.25274804
v -0.25052711 0.39847282 0.24762242
v -0.24927004 0.38186046 0.24389595
v -0.24790584 0.36540002 0.24023683
v -0.24657124 0.34895632 0.23657355
v -0.24524009 0.33255497 0.23291968
v -0.24372776 0.31637540 0.22937109
v -0.24125370 0.30117244 0.22633198
v -0.23842746 0.28634754 0.22348447
v -0.23560691 0.27155250 0.22064270
v -0.23266309 0.25691095 0.21787319
v -0.22962165 0.24239708 0.21516240
v -0.22653827 0.22795664 0.21248139
v -0.22256257 0.21439733 0.21026701
v -0.21847336 0.20097277 0.20811750
v -0.21416523 0.18778130 0.20608665
v -0.20986333 0.17460892 0.20405872
v -0.20556764 0.16145557 0.20203374
v -0.19999599 0.14951956 0.20066547
v -0.19390097 0.13808785 0.19956781
v -0.18781073 0.12666512 0.19847102
v -0.18145962 0.11549712 0.19750994
v -0.17328082 0.10602640 0.19747815
v -0.16456343 0.09705113 0.19771904
v -0.15576313 0.08814890 0.19800115
v -0.14572281 0.08037547 0.19890815
v -0.13432822 0.07382343 0.20049484
v -0.12272833 0.06743845 0.20218012
v -0.11088557 0.06125269 0.20398241
v -0.09882232 0.05524386 0.20588998
v -0.08546419 0.05037477 0.20844056
v -0.07140132 0.04610574 0.21133611
v -0.05836083 0.04089013 0.21371251
v -0.04567885 0.03532744 0.21590319
v -0.03253919 0.03014401 0.21831530
v -0.01808183 0.02609527 0.22137557
v -0.00435008 0.02137154 0.22406660
v 0.00926672 0.01651499 0.22669281
v 0.02378087 0.01241159 0.22975555
v 0.03854757 0.00849187 0.23293424
v 0.05334748 0.00456334 0.23612007
v 0.06861987 0.00100596 0.23952955
v 0.08547021 -0.00123088 0.24370579
v 0.10237017 -0.00347431 0.24789433
v 0.11996058 -0.00517564 0.25240958
v 0.13796639 -0.00657545 0.25711539
v 0.15750410 -0.00672710 0.26255727
v 0.17945111 -0.00489959 0.26916075
v 0.21114129 0.00508461 0.28049937
v -0.25257754 0.48690927 0.28245679
v -0.25473621 0.46661139 0.27684081
v -0.25688645 0.44639245 0.27124664
v -0.25881249 0.42646691 0.26578808
v -0.26046798 0.40687832 0.26048890
v -0.25975624 0.38969752 0.25645074
v -0.25854102 0.37306350 0.25268936
v -0.25716680 0.35663265 0.24902293
v -0.25579610 0.34024397 0.24536589
v -0.25442889 0.32389727 0.24171822
v -0.25254196 0.30810156 0.23835292
v -0.24970429 0.29326931 0.23549324
v -0.24687232 0.27846697 0.23263933
v -0.24404603 0.26369435 0.22979112
v -0.24121408 0.24896233 0.22695455
v -0.23816746 0.23447062 0.22423774
v -0.23459488 0.22051390 0.22180115
v -0.23061647 0.20697279 0.21958143
v -0.22664428 0.19345297 0.21736519
v -0.22242817 0.18019056 0.21528119
v -0.21812439 0.16703615 0.21324855
v -0.21339461 0.15430604 0.21144064
v -0.20792580 0.14228876 0.21001682
v -0.20206626 0.13065279 0.20879719
v -0.19597846 0.11924354 0.20769779
v -0.18912770 0.10855366 0.20699085
v -0.18146077 0.09862509 0.20670173
v -0.17287162 0.08954774 0.20688245
v -0.16374682 0.08095893 0.20733465
v -0.15371799 0.07319009 0.20824389
v -0.14331998 0.06574630 0.20933734
v -0.13168243 0.05941357 0.21105416
v -0.11985796 0.05322920 0.21286026
v -0.10801829 0.04703688 0.21466868
v -0.09550310 0.04142945 0.21681173
v -0.08262549 0.03591644 0.21895435
v -0.07003827 0.03052537 0.22129698
v -0.05717724 0.02514757 0.22359414
v -0.04454128 0.01954303 0.22577196
v -0.03091614 0.01478603 0.22843760
v -0.01726525 0.01002005 0.23110826
v -0.00400020 0.00488404 0.23357894
v 0.01022054 0.00055416 0.23651777
v 0.02499256 -0.00333020 0.23972186
v 0.03979798 -0.00722333 0.24293318
v 0.05463694 -0.01112528 0.24615179
v 0.06933691 -0.01518495 0.24929234
v 0.08641602 -0.01723667 0.25359863
v 0.10499406 -0.01805492 0.25863162
v 0.12293843 -0.01947307 0.26333806
v 0.14094201 -0.02089590 0.26806000
v 0.15900503 -0.02232343 0.27279758
v 0.18061075 -0.02081233 0.27925834
v 0.21551709 -0.00817421 0.29221207
v -0.25521702 0.50285619 0.29937208
v -0.26376185 0.47606891 0.29031277
v -0.26614314 0.45557392 0.28455821
v -0.26826796 0.43540713 0.27895758
v -0.27013317 0.41556886 0.27351192
v -0.27015907 0.39762405 0.26905632
v -0.26896462 0.38094193 0.26525927
v -0.26777333 0.36430392 0.26147225
v -0.26640651 0.34788543 0.25778931
v -0.26502550 0.33152646 0.25412518
v -0.26364803 0.31520939 0.25047040
v -0.26101595 0.30015805 0.24748459
v -0.25817207 0.28534895 0.24461880
v -0.25531784 0.27058521 0.24176718
v -0.25246927 0.25585100 0.23892125
v -0.24964233 0.24113105 0.23607278
v -0.24662419 0.22662896 0.23333241
v -0.24263678 0.21308473 0.23110390
v -0.23865569 0.19956179 0.22887889
v -0.23468080 0.18606009 0.22665736
v -0.23067549 0.17261422 0.22445832
v -0.22636981 0.15947773 0.22242099
v -0.22117038 0.14720422 0.22085062
v -0.21570231 0.13520086 0.21942326
v -0.21021636 0.12323149 0.21800941
v -0.20413104 0.11183574 0.21690744
v -0.19678299 0.10162182 0.21645592
v -0.18912166 0.09170227 0.21616605
v -0.18116404 0.08205859 0.21602847
v -0.17171630 0.07378175 0.21665159
v -0.16169898 0.06601750 0.21756302
v -0.15167518 0.05824821 0.21847503
v -0.14079809 0.05124195 0.21981777
v -0.12932602 0.04475747 0.22145830
v -0.11784059 0.03826544 0.22310074
v -0.10606358 0.03201564 0.22488576
v -0.09326947 0.02665481 0.22717912
v -0.08045458 0.02128526 0.22947623
v -0.06826188 0.01533538 0.23145328
v -0.05643117 0.00904136 0.23324257
v -0.04283851 0.00428190 0.23591109
v -0.02947848 -0.00071379 0.23845516
v -0.01648567 -0.00606157 0.24080800
v -0.00347131 -0.01141821 0.24316472
v 0.01078988 -0.01571643 0.24613683
v 0.02532960 -0.01980772 0.24923912
v 0.03990106 -0.02390793 0.25234815
v 0.05450435 -0.02801710 0.25546399
v 0.06913958 -0.03213526 0.25858665
v 0.08431182 -0.03582990 0.26196629
v 0.10385819 -0.03582982 0.26750022
v 0.12348028 -0.03582973 0.27305558
v 0.14317855 -0.03582964 0.27863252
v 0.16197601 -0.03665558 0.28374964
v 0.18357125 -0.03518448 0.29022828
v -0.25566268 0.52108598 0.31752533
v -0.27122453 0.48712128 0.30463943
v -0.27424282 0.46593481 0.29850414
v -0.27702126 0.44506541 0.29251611
v -0.27961496 0.42445514 0.28664511
v -0.28056610 0.40555376 0.28166699
v -0.27935761 0.38885781 0.27785248
v -0.27815235 0.37220597 0.27404800
v -0.27695027 0.35559815 0.27025363
v -0.27562532 0.33915797 0.26653594
v -0.27423409 0.32282859 0.26286471
v -0.27211154 0.30725837 0.25959060
v -0.26941276 0.29228908 0.25663003
v -0.26664883 0.27741933 0.25371280
v -0.26378894 0.26267815 0.25085491
v -0.26093474 0.24796648 0.24800271
v -0.25808626 0.23328419 0.24515623
v -0.25472531 0.21912704 0.24258631
v -0.25071460 0.20562090 0.24036336
v -0.24670368 0.19214199 0.23814724
v -0.24270272 0.17868063 0.23593266
v -0.23873141 0.16521813 0.23370938
v -0.23440558 0.15211622 0.23167674
v -0.22893278 0.14011464 0.23024443
v -0.22346550 0.12812516 0.22881354
v -0.21800373 0.11614782 0.22738412
v -0.21208276 0.10461415 0.22619583
v -0.20442545 0.09470155 0.22590517
v -0.19676976 0.08479100 0.22561458
v -0.18920250 0.07480264 0.22527944
v -0.18008786 0.06623597 0.22573856
v -0.17038065 0.05820489 0.22649965
v -0.16066822 0.05016948 0.22726114
v -0.15053222 0.04250917 0.22823654
v -0.13958120 0.03557399 0.22962436
v -0.12811662 0.02908503 0.23126942
v -0.11640248 0.02280060 0.23303640
v -0.10363344 0.01743929 0.23533340
v -0.09121171 0.01174102 0.23744765
v -0.07969396 0.00521421 0.23909838
v -0.06816281 -0.00132021 0.24075109
v -0.05483067 -0.00628392 0.24330725
v -0.04189101 -0.01162306 0.24565828
v -0.02904444 -0.01707148 0.24795559
v -0.01595463 -0.02258573 0.25021228
v -0.00387561 -0.02850578 0.25226724
v 0.01001890 -0.03312331 0.25506961
v 0.02463726 -0.03714725 0.25822574
v 0.03928797 -0.04118009 0.26138881
v 0.05397115 -0.04522187 0.26455894
v 0.06868690 -0.04927261 0.26773608
v 0.08307428 -0.05364055 0.27074081
v 0.10173754 -0.05440545 0.27585921
v 0.12133334 -0.05443890 0.28142506
v 0.14100513 -0.05447248 0.28701249
v 0.16075337 -0.05450619 0.29262164
v 0.19765143 -0.04020989 0.30667824
v -0.25412065 0.54141247 0.33682790
v -0.27856955 0.49832100 0.31905740
v -0.28169698 0.47697094 0.31282103
v -0.28469545 0.45582813 0.30667338
v -0.28744853 0.43500772 0.30067652
v -0.29019028 0.41427305 0.29470438
v -0.28950095 0.39702967 0.29058650
v -0.28853554 0.38011122 0.28662881
v -0.28731951 0.36348963 0.28281707
v -0.28610668 0.34691188 0.27901536
v -0.28482336 0.33045018 0.27526283
v -0.28320837 0.31435949 0.27169797
v -0.28049797 0.29938200 0.26872468
v -0.27779317 0.28443548 0.26575759
v -0.27509394 0.26951984 0.26279661
v -0.27224326 0.25478679 0.25992462
v -0.26938346 0.24009754 0.25706619
v -0.26650450 0.22546150 0.25422654
v -0.26273790 0.21170937 0.25186175
v -0.25888559 0.19806772 0.24954914
v -0.25487205 0.18460737 0.24732792
v -0.25086480 0.17116797 0.24511021
v -0.24686378 0.15774952 0.24289595
v -0.24234058 0.14484914 0.24096054
v -0.23692395 0.13281010 0.23949602
v -0.23145355 0.12083890 0.23806386
v -0.22598870 0.10887979 0.23663312
v -0.22002278 0.09740309 0.23546632
v -0.21261525 0.08727454 0.23504889
v -0.20506829 0.07727957 0.23470470
v -0.19759721 0.06684457 0.23461773
v -0.18904488 0.05815356 0.23449822
v -0.17947719 0.05001323 0.23519568
v -0.16977783 0.04198442 0.23595868
v -0.15960896 0.03437241 0.23696016
v -0.14925589 0.02691506 0.23805299
v -0.13836606 0.01992836 0.23941700
v -0.12671448 0.01360955 0.24116585
v -0.11406683 0.00816150 0.24341728
v -0.10258614 0.00164608 0.24506807
v -0.09109209 -0.00487690 0.24672081
v -0.07940429 -0.01124764 0.24846700
v -0.06739661 -0.01735643 0.25037017
v -0.05466234 -0.02284813 0.25263542
v -0.04190783 -0.02834857 0.25490427
v -0.02939086 -0.03408314 0.25704664
v -0.01706584 -0.04000992 0.25908607
v -0.00472321 -0.04594517 0.26112840
v 0.00900314 -0.05070687 0.26385987
v 0.02336024 -0.05495635 0.26689976
v 0.03704764 -0.05981666 0.26959541
v 0.05076080 -0.06468613 0.27229613
v 0.06449980 -0.06956477 0.27500194
v 0.07826471 -0.07445260 0.27771288
v 0.09715685 -0.07502430 0.28296921
v 0.11921401 -0.07298196 0.28978425
v 0.13885665 -0.07305140 0.29538074
v 0.15857556 -0.07312112 0.30099902
v -0.28295216 0.51256031 0.33511168
v -0.28904027 0.48814759 0.32722586
v -0.29214108 0.46684805 0.32098049
v -0.29511982 0.44574872 0.31482053
v -0.29784772 0.42497715 0.30881497
v -0.29848826 0.40636584 0.30395195
v -0.29776013 0.38917777 0.29983974
v -0.29691213 0.37215933 0.29580459
v -0.29606649 0.35518819 0.29178065
v -0.29522321 0.33826417 0.28776792
v -0.29400072 0.32176200 0.28397009
v -0.29158446 0.30647573 0.28082076
v -0.28886801 0.29152101 0.27784097
v -0.28615719 0.27659720 0.27486733
v -0.28345194 0.26170421 0.27189985
v -0.28068084 0.24691103 0.26897636
v -0.27781540 0.23224416 0.26611173
v -0.27450573 0.21803866 0.26349065
v -0.27073598 0.20430517 0.26112035
v -0.26697242 0.19059440 0.25875396
v -0.26302516 0.17708687 0.25649145
v -0.25901529 0.16366591 0.25426868
v -0.25501165 0.15026581 0.25204933
v -0.25014675 0.13770294 0.25028780
v -0.24501930 0.12540750 0.24866889
v -0.23954989 0.11345111 0.24723342
v -0.23408601 0.10150676 0.24579941
v -0.22780393 0.09033929 0.24479562
v -0.22090755 0.07975234 0.24411422
v -0.21336682 0.06976785 0.24376926
v -0.20569715 0.05990600 0.24349219
v -0.19720115 0.05080455 0.24364355
v -0.18855381 0.04183950 0.24387270
v -0.17886749 0.03381728 0.24463718
v -0.16866599 0.02625333 0.24566482
v -0.15832767 0.01880095 0.24675982
v -0.14798136 0.01134284 0.24785565
v -0.13699965 0.00444240 0.24927413
v -0.12527311 -0.00180813 0.25106990
v -0.11330516 -0.00786445 0.25298381
v -0.10132116 -0.01392891 0.25490031
v -0.09019427 -0.02077515 0.25637409
v -0.08015133 -0.02859570 0.25729167
v -0.06744915 -0.03408685 0.25955853
v -0.05477934 -0.03963279 0.26180229
v -0.04250304 -0.04554879 0.26384002
v -0.03020924 -0.05147322 0.26588064
v -0.01870780 -0.05810925 0.26751488
v -0.00761335 -0.06511636 0.26893893
v 0.00430467 -0.07142974 0.27077389
v 0.01801596 -0.07622308 0.27350590
v 0.03175337 -0.08102556 0.27624315
v 0.04551699 -0.08583719 0.27898559
v 0.05930686 -0.09065801 0.28173327
v 0.07312900 -0.09548303 0.28448915
v 0.09182751 -0.09621902 0.28967336
v 0.11357663 -0.09444524 0.29636443
v 0.13546167 -0.09263388 0.30310407
v -0.29514885 0.50060809 0.34233266
v -0.29948261 0.47800162 0.33537224
v -0.30255702 0.45675248 0.32911792
v -0.30551609 0.43569651 0.32294568
v -0.30742741 0.41576731 0.31736037
v -0.30669433 0.39854971 0.31322283
v -0.30596337 0.38138086 0.30909702
v -0.30514494 0.36434945 0.30503118
v -0.30428863 0.34740531 0.30099824
v -0.30343476 0.33050811 0.29697654
v -0.30210367 0.31412905 0.29322332
v -0.29966694 0.29887891 0.29007429
v -0.29719818 0.28369835 0.28695202
v -0.29450491 0.26877421 0.28395930
v -0.29179370 0.25390381 0.28098533
v -0.28908810 0.23906399 0.27801749
v -0.28623074 0.22440633 0.27513939
v -0.28249243 0.21062930 0.27273789
v -0.27871948 0.19691442 0.27036211
v -0.27495277 0.18322220 0.26799026
v -0.27116293 0.16958043 0.26563779
v -0.26715052 0.15617785 0.26340997
v -0.26294553 0.14298379 0.26129037
v -0.25793931 0.13056922 0.25959879
v -0.25293902 0.11816929 0.25790924
v -0.24763127 0.10607696 0.25638607
v -0.24216837 0.09414735 0.25494877
v -0.23557165 0.08328770 0.25410882
v -0.22881988 0.07258154 0.25335237
v -0.22164950 0.06227050 0.25281650
v -0.21382996 0.05256257 0.25262019
v -0.20534226 0.04346917 0.25277191
v -0.19685368 0.03437481 0.25292367
v -0.18793730 0.02566799 0.25329670
v -0.17770338 0.01815186 0.25435060
v -0.16740303 0.01068341 0.25543571
v -0.15720703 0.00310820 0.25646374
v -0.14700368 -0.00447247 0.25749248
v -0.13510197 -0.01054525 0.25939214
v -0.12315521 -0.01660004 0.26130930
v -0.11119036 -0.02266300 0.26322860
v -0.10116601 -0.03046378 0.26415113
v -0.09113326 -0.03826975 0.26507375
v -0.08019192 -0.04528687 0.26645780
v -0.06781407 -0.05106018 0.26857039
v -0.05654972 -0.05783126 0.27010977
v -0.04550979 -0.06481564 0.27153051
v -0.03445892 -0.07180693 0.27295265
v -0.02339710 -0.07880516 0.27437621
v -0.01232431 -0.08581033 0.27580118
v -0.00124054 -0.09256357 0.27714589
v 0.01215943 -0.09786703 0.27981910
v 0.02587402 -0.10267278 0.28256178
v 0.03961476 -0.10748767 0.28530964
v 0.05338173 -0.11231177 0.28806281
v 0.06717498 -0.11714506 0.29082116
v 0.08760665 -0.11641935 0.29689887
v 0.11068676 -0.11354000 0.30428460
v 0.13249944 -0.11180475 0.31101570
v -0.29034984 0.52422875 0.36346090
v -0.30283406 0.49323937 0.35197827
v -0.30804050 0.46976331 0.34451172
v -0.31294483 0.44668415 0.33723342
v -0.31588435 0.42567140 0.33104900
v -0.31562892 0.40793860 0.32662296
v -0.31488493 0.39074835 0.32247621
v -0.31414306 0.37360671 0.31834120
v -0.31336206 0.35655445 0.31424022
v -0.31249520 0.33963719 0.31019837
v -0.31163076 0.32276678 0.30616772
v -0.30951324 0.30717713 0.30282524
v -0.30713296 0.29188544 0.29963458
v -0.30465814 0.27672479 0.29650453
v -0.30218866 0.26159680 0.29338124
v -0.29972452 0.24650140 0.29026467
v -0.29726568 0.23143852 0.28715485
v -0.29424703 0.21695240 0.28435358
v -0.29046464 0.20323339 0.28196838
v -0.28668851 0.18953709 0.27958712
v -0.28291863 0.17586334 0.27720979
v -0.27915496 0.16221218 0.27483636
v -0.27527055 0.14870381 0.27253419
v -0.27072477 0.13584748 0.27058917
v -0.26571831 0.12344791 0.26889360
v -0.26071778 0.11106299 0.26720002
v -0.25569776 0.09871642 0.26552182
v -0.25007752 0.08694901 0.26416454
v -0.24332593 0.07624830 0.26340589
v -0.23657793 0.06555324 0.26264763
v -0.22983351 0.05486386 0.26188979
v -0.22194770 0.04523275 0.26173130
v -0.21346831 0.03614740 0.26188338
v -0.20491582 0.02712701 0.26207313
v -0.19629309 0.01816831 0.26229885
v -0.18701264 0.00980358 0.26286599
v -0.17683914 0.00223955 0.26389512
v -0.16665834 -0.00532993 0.26492500
v -0.15647021 -0.01290486 0.26595563
v -0.14490692 -0.01926110 0.26769409
v -0.13298129 -0.02531437 0.26961449
v -0.12211538 -0.03233202 0.27098295
v -0.11210678 -0.04012506 0.27190620
v -0.10209172 -0.04792312 0.27283004
v -0.09249385 -0.05609899 0.27353707
v -0.08268896 -0.06410147 0.27434811
v -0.07161923 -0.07100774 0.27580392
v -0.06053830 -0.07792102 0.27726123
v -0.04944614 -0.08484131 0.27872002
v -0.03834272 -0.09176861 0.28018028
v -0.02771115 -0.09911957 0.28139627
v -0.01715291 -0.10654747 0.28257149
v -0.00658604 -0.11398144 0.28374767
v 0.00520399 -0.12038472 0.28553993
v 0.01902108 -0.12508391 0.28835213
v 0.03286512 -0.12979229 0.29116985
v 0.04773182 -0.13366859 0.29449508
v 0.06271811 -0.13748190 0.29787096
v 0.08489923 -0.13529511 0.30485490
v 0.10718504 -0.13309984 0.31187132
v 0.14567710 -0.11747456 0.32699305
v -0.30506790 0.50967389 0.36925676
v -0.31049639 0.48589313 0.36161312
v -0.31573844 0.46239522 0.35409585
v -0.32084557 0.43912566 0.34667608
v -0.32401639 0.41789541 0.34034008
v -0.32381496 0.40012464 0.33586806
v -0.32306007 0.38296166 0.33171213
v -0.32230732 0.36584720 0.32756796
v -0.32155672 0.34878105 0.32343549
v -0.32068619 0.33188379 0.31938100
v -0.31929967 0.31554466 0.31561905
v -0.31691092 0.30023631 0.31241173
v -0.31452742 0.28496161 0.30921146
v -0.31210601 0.26976252 0.30604154
v -0.30963051 0.25465432 0.30291048
v -0.30716035 0.23957863 0.29978621
v -0.30469549 0.22453536 0.29666862
v -0.30140170 0.21032818 0.29400557
v -0.29781038 0.19643866 0.29151019
v -0.29417941 0.18261690 0.28904361
v -0.29055464 0.16881873 0.28658119
v -0.28693604 0.15504403 0.28412297
v -0.28332365 0.14129278 0.28166896
v -0.27849048 0.12872356 0.27987179
v -0.27348378 0.11633898 0.27817222
v -0.26848301 0.10396903 0.27647462
v -0.26348811 0.09161366 0.27477902
v -0.25781462 0.07991065 0.27344739
v -0.25099519 0.06928757 0.27272478
v -0.24415521 0.05869200 0.27201512
v -0.23731861 0.04810168 0.27130583
v -0.22972316 0.03821737 0.27099752
v -0.22111088 0.02926838 0.27122378
v -0.21249726 0.02031798 0.27145004
v -0.20388226 0.01136617 0.27167633
v -0.19506621 0.00259410 0.27200702
v -0.18619697 -0.00611145 0.27227047
v -0.17608778 -0.01374854 0.27336669
v -0.16591483 -0.02131773 0.27439919
v -0.15468808 -0.02795578 0.27597588
v -0.14299232 -0.03419380 0.27779114
v -0.13300772 -0.04197396 0.27871498
v -0.12312500 -0.04985506 0.27958342
v -0.11376222 -0.05820528 0.28018084
v -0.10439555 -0.06655896 0.28077850
v -0.09502500 -0.07491610 0.28137645
v -0.08565055 -0.08327673 0.28197461
v -0.07522750 -0.09073076 0.28310928
v -0.06459009 -0.09801166 0.28435048
v -0.05406033 -0.10539991 0.28553298
v -0.04343112 -0.11271592 0.28676286
v -0.03279285 -0.12003816 0.28799379
v -0.02214550 -0.12736666 0.28922576
v -0.01099405 -0.13427885 0.29071066
v 0.00062141 -0.14081316 0.29242700
v 0.01571456 -0.14441840 0.29590279
v 0.03083859 -0.14803693 0.29938418
v 0.04576908 -0.15185775 0.30275759
v 0.06269354 -0.15404326 0.30712861
v 0.08684082 -0.15027212 0.31516352
v 0.10913468 -0.14806555 0.32217577
v -0.31274167 0.50230098 0.37889379
v -0.31814584 0.47855926 0.37123173
v -0.32342330 0.45503965 0.36366376
v -0.32850680 0.43180829 0.35622624
v -0.32978460 0.41249743 0.35090628
v -0.33009240 0.39422420 0.34613582
v -0.33035839 0.37605080 0.34140319
v -0.33045626 0.35810232 0.33677733
v -0.32969487 0.34106314 0.33263576
v -0.32886162 0.32414511 0.32854623
v -0.32669169 0.30859509 0.32519814
v -0.32429671 0.29330662 0.32198286
v -0.32190701 0.27805173 0.31877464
v -0.31952256 0.26283032 0.31557348
v -0.31706026 0.24772307 0.31242427
v -0.31458411 0.23266706 0.30929229
v -0.31191620 0.21783389 0.30627349
v -0.30841681 0.20383804 0.30371240
v -0.30492356 0.18986683 0.30115581
v -0.30129603 0.17605461 0.29867920
v -0.29766792 0.16227238 0.29621044
v -0.29404598 0.14851362 0.29374591
v -0.29026976 0.13493028 0.29137143
v -0.28549790 0.12231539 0.28953627
v -0.28050655 0.10992878 0.28782380
v -0.27552113 0.09755684 0.28611335
v -0.27054158 0.08519956 0.28440493
v -0.26477420 0.07359653 0.28312019
v -0.25806814 0.06288037 0.28233719
v -0.25123149 0.05229425 0.28162572
v -0.24439819 0.04171336 0.28091457
v -0.23677288 0.03186902 0.28062382
v -0.22867204 0.02246376 0.28058460
v -0.22006615 0.01352022 0.28081146
v -0.21145733 0.00457670 0.28103909
v -0.20264305 -0.00418310 0.28137395
v -0.19382672 -0.01294492 0.28170884
v -0.18500833 -0.02170879 0.28204381
v -0.17533763 -0.02971116 0.28282320
v -0.16444547 -0.03662936 0.28423759
v -0.15383647 -0.04381647 0.28550026
v -0.14429633 -0.05196830 0.28620318
v -0.13495465 -0.06030404 0.28680089
v -0.12560910 -0.06864324 0.28739887
v -0.11602458 -0.07677902 0.28811887
v -0.10628223 -0.08478461 0.28891838
v -0.09656321 -0.09281977 0.28970349
v -0.08753195 -0.10146300 0.29013163
v -0.07849801 -0.11010880 0.29055992
v -0.06889633 -0.11826824 0.29127887
v -0.05829567 -0.12557442 0.29250863
v -0.04739277 -0.13263480 0.29388973
v -0.03598053 -0.13927463 0.29552758
v -0.02455537 -0.14592196 0.29716727
v -0.01311726 -0.15257683 0.29880881
v -0.00166619 -0.15923925 0.30045223
v 0.01310600 -0.16311401 0.30378121
v 0.02968422 -0.16550539 0.30801845
v 0.04631091 -0.16790380 0.31226811
v 0.06697360 -0.16697426 0.31855083
v 0.08913635 -0.16486484 0.32557458
v 0.12723213 -0.14959836 0.34062934
v -0.31958058 0.49577892 0.38897187
v -0.32578248 0.47123766 0.38083428
v -0.33109510 0.44769657 0.37321538
v -0.33520696 0.42546067 0.36628526
v -0.33554253 0.40710938 0.36146453
v -0.33587703 0.38881764 0.35665944
v -0.33614284 0.37065271 0.35190713
v -0.33639854 0.35255530 0.34717518
v -0.33665341 0.33451584 0.34245843
v -0.33626348 0.31717148 0.33811000
v -0.33407190 0.30165663 0.33476189
v -0.33167073 0.28638807 0.33153865
v -0.32927483 0.27115294 0.32832253
v -0.32688421 0.25595126 0.32511345
v -0.32447803 0.24080308 0.32192272
v -0.32199588 0.22576664 0.31878304
v -0.31892464 0.21133727 0.31597272
v -0.31542161 0.19735740 0.31340495
v -0.31192476 0.18340212 0.31084168
v -0.30840191 0.16950215 0.30830029
v -0.30477050 0.15573587 0.30582523
v -0.30114526 0.14199300 0.30335435
v -0.29706311 0.12871227 0.30113667
v -0.29233032 0.11607219 0.29927507
v -0.28748956 0.10355570 0.29747701
v -0.28250363 0.09119654 0.29576212
v -0.27752358 0.07885201 0.29404920
v -0.27149439 0.06750526 0.29290143
v -0.26510382 0.05650754 0.29194963
v -0.25829723 0.04590598 0.29122204
v -0.25146732 0.03533450 0.29050907
v -0.24372193 0.02561299 0.29028386
v -0.23578894 0.01606602 0.29015866
v -0.22762251 0.00673371 0.29015735
v -0.21901351 -0.00219576 0.29038975
v -0.21020737 -0.01094911 0.29072541
v -0.20139919 -0.01970449 0.29106110
v -0.19258897 -0.02846190 0.29139692
v -0.18377671 -0.03722135 0.29173279
v -0.17475604 -0.04541580 0.29208526
v -0.16497536 -0.05370216 0.29301751
v -0.15526961 -0.06168242 0.29381648
v -0.14555849 -0.06966709 0.29461586
v -0.13584201 -0.07765617 0.29541570
v -0.12612016 -0.08564967 0.29621601
v -0.11647858 -0.09372272 0.29697224
v -0.10746430 -0.10235266 0.29740083
v -0.09844733 -0.11098516 0.29782951
v -0.08942769 -0.11962022 0.29825833
v -0.08016172 -0.12804699 0.29881316
v -0.07049429 -0.13613386 0.29957345
v -0.06038896 -0.14385302 0.30055702
v -0.04895790 -0.15044780 0.30221954
v -0.03751371 -0.15705015 0.30388400
v -0.02576858 -0.16341521 0.30569795
v -0.01269587 -0.16867514 0.30818641
v 0.00051016 -0.17385039 0.31073585
v 0.01728275 -0.17605093 0.31509891
v 0.03399630 -0.17834988 0.31941932
v 0.05133790 -0.18017189 0.32404703
v 0.07494143 -0.17682612 0.33184478
v 0.10171278 -0.17093588 0.34122831
v -0.31483915 0.51938999 0.41023955
v -0.32356644 0.49216631 0.40062544
v -0.33186048 0.46549985 0.39128330
v -0.33873475 0.44038540 0.38276160
v -0.34096873 0.42006010 0.37684783
v -0.34129477 0.40172663 0.37201235
v -0.34161976 0.38345268 0.36719251
v -0.34192148 0.36526006 0.36240056
v -0.34216785 0.34718037 0.35765418
v -0.34241337 0.32915848 0.35292301
v -0.34137693 0.31246233 0.34891301
v -0.33966285 0.29648271 0.34528828
v -0.33792412 0.28057075 0.34168833
v -0.33618963 0.26469761 0.33809721
v -0.33423412 0.24908318 0.33463821
v -0.33184257 0.23393437 0.33142829
v -0.32939568 0.21887740 0.32825842
v -0.32592276 0.20485021 0.32565770
v -0.32241616 0.19088627 0.32308328
v -0.31891572 0.17694691 0.32051343
v -0.31542143 0.16303204 0.31794804
v -0.31186241 0.14920919 0.31542557
v -0.30823389 0.13548216 0.31294841
v -0.30384704 0.12250287 0.31088841
v -0.29911318 0.10987555 0.30902183
v -0.29438540 0.09726440 0.30715767
v -0.28947598 0.08484551 0.30539680
v -0.28449547 0.07251371 0.30367947
v -0.27820545 0.06142224 0.30266941
v -0.27181700 0.05043399 0.30171505
v -0.26535258 0.03952717 0.30080417
v -0.25852594 0.02896510 0.30008939
v -0.25066105 0.01936593 0.29993001
v -0.24273343 0.00982609 0.29980451
v -0.23480654 0.00028707 0.29967904
v -0.22655721 -0.00895704 0.29972497
v -0.21775924 -0.01770395 0.30006140
v -0.20854999 -0.02608296 0.30061439
v -0.19913682 -0.03428453 0.30127344
v -0.18971936 -0.04248984 0.30193281
v -0.18082595 -0.05117172 0.30231425
v -0.17253841 -0.06039842 0.30237594
v -0.16425054 -0.06962552 0.30243763
v -0.15559845 -0.07853062 0.30269015
v -0.14589702 -0.08651206 0.30349120
v -0.13633223 -0.09462287 0.30421847
v -0.12729912 -0.10320824 0.30466610
v -0.11803140 -0.11159363 0.30523470
v -0.10876006 -0.11998230 0.30580351
v -0.09948508 -0.12837426 0.30637252
v -0.08985700 -0.13646713 0.30712315
v -0.08004837 -0.14441277 0.30796513
v -0.07023405 -0.15236302 0.30880755
v -0.06036245 -0.16027369 0.30967715
v -0.04871939 -0.16668203 0.31145814
v -0.03574472 -0.17197548 0.31391823
v -0.02269654 -0.17723840 0.31641236
v -0.00962602 -0.18250825 0.31890911
v 0.00443063 -0.18697555 0.32190445
v 0.02120540 -0.18919531 0.32628328
v 0.03937838 -0.19029443 0.33136460
v 0.06109228 -0.18849874 0.33823970
v 0.08606128 -0.18407550 0.34675506
v 0.11981235 -0.17247663 0.35971820
v -0.31867635 0.51592797 0.42201605
v -0.32741618 0.48869234 0.41235101
v -0.33583137 0.46190387 0.40289840
v -0.34406033 0.43541825 0.39357966
v -0.34642211 0.41497055 0.38756916
v -0.34704134 0.39634925 0.38254973
v -0.34735686 0.37809297 0.37771520
v -0.34767133 0.35989583 0.37289634
v -0.34793133 0.34181076 0.36812270
v -0.34816751 0.32380646 0.36337712
v -0.34648150 0.30776167 0.35971054
v -0.34477353 0.29178235 0.35606745
v -0.34305131 0.27586040 0.35244352
v -0.34131122 0.25999910 0.34884062
v -0.33957538 0.24417645 0.34524649
v -0.33784378 0.22839233 0.34166116
v -0.33571947 0.21303166 0.33830222
v -0.33262387 0.19864994 0.33548558
v -0.32940045 0.18442462 0.33274749
v -0.32589644 0.17050114 0.33017096
v -0.32239857 0.15660210 0.32759899
v -0.31890684 0.14272742 0.32503155
v -0.31531185 0.12898108 0.32252803
v -0.31062156 0.11630209 0.32062656
v -0.30588663 0.10368748 0.31875506
v -0.30115777 0.09108903 0.31688595
v -0.29643500 0.07850672 0.31501922
v -0.29129791 0.06633350 0.31338161
v -0.28490740 0.05534748 0.31242409
v -0.27852109 0.04436868 0.31146720
v -0.27213895 0.03339708 0.31051093
v -0.26551309 0.02266141 0.30968821
v -0.25759020 0.01312784 0.30956236
v -0.24941911 0.00382317 0.30956957
v -0.24095361 -0.00521270 0.30973393
v -0.23245308 -0.01421858 0.30991644
v -0.22334053 -0.02267135 0.31042412
v -0.21393690 -0.03086676 0.31108499
v -0.20452899 -0.03906590 0.31174612
v -0.19511679 -0.04726876 0.31240758
v -0.18649819 -0.05618945 0.31264722
v -0.17821476 -0.06541184 0.31270912
v -0.16993098 -0.07463462 0.31277102
v -0.16164686 -0.08385780 0.31283295
v -0.15341693 -0.09312955 0.31286612
v -0.14519113 -0.10240529 0.31289709
v -0.13696133 -0.11167788 0.31293008
v -0.12801056 -0.12032066 0.31334043
v -0.11875272 -0.12870057 0.31391013
v -0.10916372 -0.13679941 0.31465104
v -0.09923017 -0.14460848 0.31556940
v -0.08919877 -0.15234348 0.31653595
v -0.07916074 -0.16008362 0.31750318
v -0.06832236 -0.16714916 0.31888300
v -0.05708014 -0.17388541 0.32046810
v -0.04525362 -0.18014231 0.32235098
v -0.03227983 -0.18544762 0.32482129
v -0.01889202 -0.19043061 0.32749805
v -0.00420529 -0.19434968 0.33083639
v 0.01306446 -0.19613820 0.33549410
v 0.03139029 -0.19709520 0.34068099
v 0.05068206 -0.19730456 0.34634855
v 0.07453630 -0.19378687 0.35433719
v 0.10426144 -0.18549746 0.36530629
v -0.32251260 0.51246685 0.43378958
v -0.33123904 0.48524579 0.42408812
v -0.33980098 0.45830894 0.41450980
v -0.34770030 0.43215898 0.40533429
v -0.34935755 0.41242379 0.39969206
v -0.35094607 0.39282551 0.39410600
v -0.35249886 0.37332997 0.38855743
v -0.35339335 0.35455903 0.38339400
v -0.35368907 0.33644652 0.37858078
v -0.35330009 0.31907147 0.37416390
v -0.35158229 0.30306455 0.37049994
v -0.34986866 0.28709704 0.36684495
v -0.34815925 0.27116874 0.36319894
v -0.34642887 0.25530422 0.35957581
v -0.34468749 0.23949334 0.35597003
v -0.34295031 0.22372094 0.35237294
v -0.34048808 0.20869447 0.34918654
v -0.33742908 0.19428262 0.34633827
v -0.33433390 0.17993917 0.34351861
v -0.33124000 0.16562758 0.34070688
v -0.32815200 0.15134330 0.33790052
v -0.32506987 0.13708627 0.33509952
v -0.32154644 0.12322031 0.33216846
v -0.31702292 0.11045463 0.33054960
v -0.31236514 0.09777772 0.32863027
v -0.30771348 0.08511739 0.32671350
v -0.30306789 0.07247364 0.32479921
v -0.29783639 0.06039995 0.32320818
v -0.29117140 0.04968067 0.32239768
v -0.28451011 0.03896732 0.32158759
v -0.27785248 0.02825993 0.32077792
v -0.27097633 0.01776350 0.32008845
v -0.26266867 0.00859126 0.32017094
v -0.25420710 -0.00044091 0.32033578
v -0.24574465 -0.00947409 0.32050070
v -0.23722892 -0.01846071 0.32069361
v -0.22853376 -0.02728676 0.32098189
v -0.21931913 -0.03564645 0.32154655
v -0.20991650 -0.04384315 0.32220981
v -0.20050959 -0.05204358 0.32287335
v -0.19216503 -0.06120238 0.32297033
v -0.18388568 -0.07042045 0.32303241
v -0.17560600 -0.07963893 0.32309452
v -0.16743174 -0.08895154 0.32310060
v -0.15924834 -0.09825612 0.32311153
v -0.15102294 -0.10752387 0.32314461
v -0.14279735 -0.11679181 0.32317770
v -0.13457938 -0.12604783 0.32320780
v -0.12606573 -0.13508454 0.32339087
v -0.11699834 -0.14362362 0.32386488
v -0.10793307 -0.15216315 0.32434148
v -0.09790847 -0.15989409 0.32530817
v -0.08719976 -0.16704130 0.32663435
v -0.07598311 -0.17376831 0.32822150
v -0.06467812 -0.18043758 0.32984999
v -0.05330604 -0.18706793 0.33150867
v -0.03992389 -0.19201261 0.33420601
v -0.02528756 -0.19592759 0.33754563
v -0.01061680 -0.19985059 0.34089348
v 0.00507710 -0.20295206 0.34476045
v 0.02339795 -0.20389934 0.34997210
v 0.04177513 -0.20485716 0.35519779
v 0.06412719 -0.20257099 0.36245412
v 0.09073036 -0.19684567 0.37187424
v -0.32168204 0.51378286 0.44820824
v -0.33450359 0.48236868 0.43613800
v -0.34371841 0.45476705 0.42614645
v -0.35059994 0.42964992 0.41750437
v -0.35225180 0.40991864 0.41183907
v -0.35389748 0.39026129 0.40619498
v -0.35545346 0.37076133 0.40061900
v -0.35699508 0.35134214 0.39506847
v -0.35853100 0.33199465 0.38953844
v -0.35840267 0.31436610 0.38495705
v -0.35667917 0.29837102 0.38128114
v -0.35495991 0.28241527 0.37761426
v -0.35324490 0.26649874 0.37395641
v -0.35153410 0.25062126 0.37030753
v -0.34979564 0.23481379 0.36668527
v -0.34805292 0.21905312 0.36307657
v -0.34525362 0.20436007 0.36006388
v -0.34219101 0.18995699 0.35720605
v -0.33913431 0.17558171 0.35435367
v -0.33603954 0.16127636 0.35153103
v -0.33294794 0.14700089 0.34871528
v -0.32986230 0.13275266 0.34590489
v -0.32621038 0.11907563 0.34341368
v -0.32162520 0.10631208 0.34144118
v -0.31696576 0.09364156 0.33951530
v -0.31231242 0.08098763 0.33759198
v -0.30766517 0.06835024 0.33567110
v -0.30227405 0.05643066 0.33416104
v -0.29574978 0.04558459 0.33327144
v -0.28908914 0.03487546 0.33245856
v -0.28243217 0.02417227 0.33164614
v -0.27543402 0.01379318 0.33102080
v -0.26731449 0.00445240 0.33100316
v -0.25899208 -0.00470223 0.33109507
v -0.25053260 -0.01373273 0.33126053
v -0.24200170 -0.02270012 0.33146390
v -0.23330978 -0.03152376 0.33175310
v -0.22461616 -0.04034915 0.33204240
v -0.21529940 -0.04861630 0.33266449
v -0.20610134 -0.05699712 0.33322126
v -0.19782643 -0.06621050 0.33328354
v -0.18958889 -0.07545792 0.33332574
v -0.18143229 -0.08477778 0.33332467
v -0.17327571 -0.09409763 0.33332360
v -0.16507007 -0.10337415 0.33334860
v -0.15684886 -0.11263726 0.33338180
v -0.14856379 -0.12184472 0.33344868
v -0.14024702 -0.13102522 0.33353209
v -0.13146558 -0.13980189 0.33386043
v -0.12240292 -0.14833808 0.33433595
v -0.11333734 -0.15687706 0.33481163
v -0.10413310 -0.16530177 0.33535877
v -0.09346894 -0.17247796 0.33667004
v -0.08279525 -0.17966056 0.33798248
v -0.07100513 -0.18590480 0.33987501
v -0.05867577 -0.19171134 0.34204367
v -0.04626548 -0.19747327 0.34424824
v -0.03165720 -0.20140256 0.34759092
v -0.01701572 -0.20534077 0.35094127
v -0.00233251 -0.20928091 0.35430360
v 0.01539442 -0.21071263 0.35923427
v 0.03466908 -0.21090861 0.36495206
v 0.05718213 -0.20847756 0.37232760
v 0.08412924 -0.20245703 0.38197097
v -0.32032335 0.51564014 0.46294868
v -0.33362049 0.48372358 0.45054844
v -0.34611663 0.45276994 0.43864247
v -0.35349977 0.42714065 0.42967546
v -0.35514629 0.40741327 0.42398709
v -0.35678661 0.38775986 0.41832000
v -0.35840821 0.36819252 0.41268119
v -0.35994443 0.34877759 0.40710825
v -0.36147499 0.32943434 0.40155584
v -0.36113325 0.31201667 0.39707327
v -0.36019811 0.29523945 0.39293775
v -0.35924134 0.27853239 0.38882717
v -0.35828719 0.26187113 0.38472790
v -0.35661033 0.24596649 0.38104510
v -0.35489812 0.23013958 0.37739336
v -0.35308829 0.21445055 0.37380731
v -0.35001615 0.20002842 0.37093431
v -0.34694991 0.18563412 0.36806688
v -0.34388959 0.17126760 0.36520496
v -0.34083515 0.15692875 0.36234856
v -0.33774084 0.14266133 0.35952297
v -0.33465159 0.12842187 0.35670316
v -0.33073384 0.11500305 0.35434857
v -0.32615021 0.10224262 0.35236746
v -0.32156369 0.08950781 0.35039401
v -0.31690872 0.07686026 0.34846407
v -0.31225982 0.06422924 0.34653670
v -0.30665508 0.05251424 0.34513783
v -0.30020040 0.04160751 0.34420732
v -0.29366556 0.03078595 0.34332335
v -0.28700921 0.02008696 0.34250814
v -0.27988940 0.00982495 0.34194735
v -0.27177197 0.00048667 0.34192967
v -0.26365465 -0.00885150 0.34191200
v -0.25531742 -0.01798862 0.34201336
v -0.24677138 -0.02693682 0.34222725
v -0.23808275 -0.03575806 0.34251750
v -0.22939239 -0.04458103 0.34280774
v -0.22067767 -0.05338536 0.34311020
v -0.21175325 -0.06200476 0.34352443
v -0.20357104 -0.07129315 0.34353939
v -0.19541860 -0.08060827 0.34353831
v -0.18726616 -0.08992338 0.34353730
v -0.17910267 -0.09922871 0.34354210
v -0.17085372 -0.10845860 0.34359249
v -0.16254202 -0.11763384 0.34367618
v -0.15422985 -0.12680960 0.34375983
v -0.14591719 -0.13598588 0.34384355
v -0.13686082 -0.14451523 0.34432113
v -0.12778020 -0.15302885 0.34481019
v -0.11868171 -0.16153243 0.34530723
v -0.10904696 -0.16957913 0.34608579
v -0.09838860 -0.17675482 0.34740141
v -0.08790310 -0.18409313 0.34862223
v -0.07639298 -0.19057037 0.35037783
v -0.06404879 -0.19635752 0.35256588
v -0.05170257 -0.20216706 0.35474867
v -0.03800711 -0.20686074 0.35763088
v -0.02338141 -0.21080285 0.36099067
v -0.00764958 -0.21385369 0.36491764
v 0.01013049 -0.21523470 0.36990008
v 0.02983781 -0.21506403 0.37587041
v 0.05029077 -0.21433933 0.38221082
v 0.07751247 -0.20808119 0.39204314
v -0.31896245 0.51750052 0.47771394
v -0.33243167 0.48539114 0.46515453
v -0.34524500 0.45409840 0.45300922
v -0.35444531 0.42661238 0.44296181
v -0.35752404 0.40542996 0.43643031
v -0.35967594 0.38525823 0.43044600
v -0.36130482 0.36568218 0.42477721
v -0.36289394 0.34621292 0.41914865
v -0.36441907 0.32687387 0.41357386
v -0.36372152 0.30980867 0.40927169
v -0.36280224 0.29301366 0.40510798
v -0.36186668 0.27628365 0.40096632
v -0.36090884 0.25962406 0.39685005
v -0.35995364 0.24301013 0.39274502
v -0.35900107 0.22644167 0.38865125
v -0.35760215 0.21035558 0.38481984
v -0.35477561 0.19569954 0.38179782
v -0.35170576 0.18131404 0.37892079
v -0.34864184 0.16695623 0.37604934
v -0.34558380 0.15262610 0.37318340
v -0.34253055 0.13832459 0.37032360
v -0.33943778 0.12409391 0.36749446
v -0.33525479 0.11093274 0.36527741
v -0.33066940 0.09817855 0.36328954
v -0.32609019 0.08544146 0.36130431
v -0.32150233 0.07273529 0.35932988
v -0.31685179 0.06011064 0.35739595
v -0.31103393 0.04859979 0.35610911
v -0.30457950 0.03769703 0.35517538
v -0.29812914 0.02680116 0.35424224
v -0.29158366 0.01600398 0.35336390
v -0.28434241 0.00585882 0.35286817
v -0.27622706 -0.00347697 0.35285041
v -0.26811188 -0.01281266 0.35283270
v -0.25999677 -0.02214823 0.35281494
v -0.25153804 -0.03117080 0.35298374
v -0.24278806 -0.03993104 0.35330993
v -0.23364915 -0.04834330 0.35384560
v -0.22450690 -0.05675860 0.35438144
v -0.21600553 -0.06575548 0.35456994
v -0.20794152 -0.07514597 0.35452223
v -0.19987778 -0.08453615 0.35447454
v -0.19181430 -0.09392603 0.35442683
v -0.18383938 -0.10339382 0.35433179
v -0.17591181 -0.11290239 0.35421169
v -0.16798489 -0.12241017 0.35409158
v -0.15989053 -0.13176978 0.35406122
v -0.15129296 -0.14068919 0.35429928
v -0.14220528 -0.14918430 0.35479757
v -0.13311453 -0.15768228 0.35529599
v -0.12402072 -0.16618314 0.35579458
v -0.11397898 -0.17387213 0.35679418
v -0.10355657 -0.18124503 0.35799235
v -0.09312570 -0.18862391 0.35919148
v -0.08179839 -0.19525087 0.36086020
v -0.06946343 -0.20103903 0.36305511
v -0.05664730 -0.20644341 0.36549684
v -0.04296905 -0.21114621 0.36838448
v -0.02726892 -0.21417828 0.37232465
v -0.01152456 -0.21721631 0.37627658
v 0.00530027 -0.21939398 0.38078237
v 0.02500277 -0.21922255 0.38677847
v 0.04477854 -0.21905553 0.39279556
v 0.07093561 -0.21367210 0.40211952
v -0.33108529 0.48722014 0.47987366
v -0.34437209 0.45542893 0.46739754
v -0.35417646 0.42731550 0.45695487
v -0.35736451 0.40601024 0.45032808
v -0.36041766 0.38491917 0.44379914
v -0.36341849 0.36395752 0.43732044
v -0.36580649 0.34368518 0.43121082
v -0.36723581 0.32444042 0.42566499
v -0.36631027 0.30760029 0.42147240
v -0.36538732 0.29080677 0.41729137
v -0.36446691 0.27405968 0.41312194
v -0.36353090 0.25737661 0.40897423
v -0.36257204 0.24076439 0.40485227
v -0.36161581 0.22419760 0.40074158
v -0.36002630 0.20829523 0.39699951
v -0.35746527 0.19337913 0.39381418
v -0.35486683 0.17853625 0.39065969
v -0.35227090 0.16372740 0.38751349
v -0.34968045 0.14894968 0.38437387
v -0.34709543 0.13420299 0.38124081
v -0.34422082 0.11976877 0.37827867
v -0.33977324 0.10686466 0.37620020
v -0.33518606 0.09411674 0.37420553
v -0.33060509 0.08138588 0.37221357
v -0.32603025 0.06867207 0.37022427
v -0.32144105 0.05599443 0.36824891
v -0.31541061 0.04468730 0.36707491
v -0.30895638 0.03378851 0.36613792
v -0.30250627 0.02289660 0.36520156
v -0.29606017 0.01201157 0.36426577
v -0.28869236 0.00198768 0.36383840
v -0.28010362 -0.00690864 0.36408094
v -0.27151349 -0.01580642 0.36432353
v -0.26292196 -0.02470565 0.36456621
v -0.25402713 -0.03333149 0.36497352
v -0.24488834 -0.04174064 0.36551234
v -0.23574826 -0.05015466 0.36605030
v -0.22660485 -0.05857173 0.36658847
v -0.21820726 -0.06766464 0.36672080
v -0.21014200 -0.07705650 0.36667290
v -0.20207702 -0.08644807 0.36662501
v -0.19407344 -0.09589370 0.36654410
v -0.18611996 -0.10538282 0.36643645
v -0.17819123 -0.11489258 0.36631584
v -0.17026313 -0.12440156 0.36619523
v -0.16238028 -0.13394888 0.36605072
v -0.15412080 -0.14316542 0.36610833
v -0.14536279 -0.15194830 0.36643237
v -0.13660286 -0.16073310 0.36675653
v -0.12789039 -0.16956253 0.36705440
v -0.11788833 -0.17728329 0.36803803
v -0.10743517 -0.18462722 0.36925861
v -0.09697342 -0.19197717 0.37048018
v -0.08579394 -0.19872798 0.37207875
v -0.07290240 -0.20403998 0.37457889
v -0.05994613 -0.20932446 0.37710598
v -0.04681503 -0.21448882 0.37971804
v -0.03112803 -0.21752977 0.38366961
v -0.01539841 -0.22057797 0.38763219
v 0.00047305 -0.22355069 0.39165783
v 0.01845972 -0.22480434 0.39678183
v 0.04071845 -0.22256556 0.40412980
v 0.07077856 -0.21394929 0.41553867
v -0.32549098 0.49338540 0.49706760
v -0.34312969 0.45713580 0.48201945
v -0.35390729 0.42801952 0.47096568
v -0.35709792 0.40669921 0.46430430
v -0.36027476 0.38547122 0.45767179
v -0.36330241 0.36447093 0.45114550
v -0.36629254 0.34358472 0.44466108
v -0.36889589 0.32316005 0.43841767
v -0.36880285 0.30548754 0.43373042
v -0.36797288 0.28859949 0.42947707
v -0.36704883 0.27185386 0.42529038
v -0.36612731 0.25515449 0.42111525
v -0.36519089 0.23851824 0.41696152
v -0.36423099 0.22195315 0.41283393
v -0.36244771 0.20623764 0.40918398
v -0.35988382 0.19132198 0.40598533
v -0.35732538 0.17643799 0.40279347
v -0.35473573 0.16162087 0.39962900
v -0.35214239 0.14684376 0.39647630
v -0.34955451 0.13209766 0.39333022
v -0.34696037 0.11739364 0.39019728
v -0.34257281 0.10443135 0.38807565
v -0.33811691 0.09155811 0.38599858
v -0.33366644 0.07870350 0.38392484
v -0.32922211 0.06586671 0.38185403
v -0.32478398 0.05304774 0.37978604
v -0.31850064 0.04197802 0.37874717
v -0.31185260 0.03126005 0.37791330
v -0.30520827 0.02054808 0.37707990
v -0.29856768 0.00984211 0.37624696
v -0.29085290 0.00013672 0.37600842
v -0.28226447 -0.00876256 0.37625119
v -0.27367315 -0.01766191 0.37649480
v -0.26508042 -0.02656272 0.37673846
v -0.25613874 -0.03514859 0.37717256
v -0.24698973 -0.04355121 0.37771869
v -0.23784806 -0.05196663 0.37825915
v -0.22870351 -0.06038547 0.37879965
v -0.22040965 -0.06957438 0.37887534
v -0.21234316 -0.07896763 0.37882724
v -0.20433703 -0.08841421 0.37874651
v -0.19635090 -0.09787766 0.37865517
v -0.18840115 -0.10737234 0.37854442
v -0.18047126 -0.11688331 0.37842330
v -0.17259969 -0.12644427 0.37827104
v -0.16477817 -0.13604744 0.37809226
v -0.15646803 -0.14522156 0.37817690
v -0.14770921 -0.15400575 0.37850234
v -0.13901764 -0.16285191 0.37879071
v -0.13041337 -0.17177677 0.37903148
v -0.12045278 -0.17953478 0.37999693
v -0.10999981 -0.18688025 0.38122258
v -0.09975836 -0.19442025 0.38233179
v -0.08891904 -0.20146210 0.38375616
v -0.07609209 -0.20682886 0.38623327
v -0.06324090 -0.21218286 0.38864553
v -0.05026977 -0.21750090 0.39125520
v -0.03498025 -0.22087543 0.39501438
v -0.02070644 -0.22514299 0.39822569
v -0.01063865 -0.23296234 0.39920747
v 0.00351384 -0.23738840 0.40233955
v 0.02318246 -0.23726718 0.40836614
v 0.07012523 -0.21463740 0.42871070
v -0.31743953 0.50206000 0.51573145
v -0.33659810 0.46422395 0.49972543
v -0.35307062 0.42929941 0.48532206
v -0.35683101 0.40738907 0.47829825
v -0.36001042 0.38614616 0.47163123
v -0.36317611 0.36499503 0.46499300
v -0.36617836 0.34408501 0.45846942
v -0.36888212 0.32354873 0.45213741
v -0.36884910 0.30580565 0.44739187
v -0.36876959 0.28816381 0.44268766
v -0.36864769 0.27061841 0.43802232
v -0.36852613 0.25312674 0.43337125
v -0.36778340 0.23629797 0.42908803
v -0.36684659 0.21970832 0.42492831
v -0.36486968 0.20417958 0.42137131
v -0.36230287 0.18926431 0.41815931
v -0.35974157 0.17438073 0.41495419
v -0.35718566 0.15952873 0.41175580
v -0.35460487 0.14473738 0.40858138
v -0.35201412 0.12999187 0.40542221
v -0.34925142 0.11544663 0.40236941
v -0.34486163 0.10248391 0.40023884
v -0.34047803 0.08953957 0.39811131
v -0.33603325 0.07667727 0.39602450
v -0.33158675 0.06384030 0.39394498
v -0.32714641 0.05102114 0.39186838
v -0.32073030 0.04007347 0.39089823
v -0.31414461 0.02929482 0.39002526
v -0.30749872 0.01858194 0.38918835
v -0.30085656 0.00787506 0.38835192
v -0.29301217 -0.00171303 0.38818339
v -0.28442463 -0.01061581 0.38842601
v -0.27583349 -0.01951799 0.38866991
v -0.26723960 -0.02842038 0.38891467
v -0.25825110 -0.03696630 0.38937566
v -0.24910091 -0.04537067 0.38992417
v -0.23994862 -0.05377923 0.39047217
v -0.23080286 -0.06219981 0.39101493
v -0.22261271 -0.07148469 0.39103353
v -0.21460405 -0.08093221 0.39095294
v -0.20661625 -0.09039747 0.39086124
v -0.19862896 -0.09986214 0.39076954
v -0.19068298 -0.10936240 0.39065564
v -0.18282264 -0.11893704 0.39049560
v -0.17499916 -0.12854235 0.39031607
v -0.16717660 -0.13814647 0.39013654
v -0.15881585 -0.14727820 0.39024842
v -0.15014513 -0.15614116 0.39052719
v -0.14154167 -0.16506557 0.39076895
v -0.13293682 -0.17399143 0.39101073
v -0.12301765 -0.18178663 0.39195785
v -0.11277821 -0.18931696 0.39307404
v -0.10255834 -0.19687621 0.39417645
v -0.09204403 -0.20419616 0.39543319
v -0.07921989 -0.20956509 0.39791995
v -0.06637444 -0.21494293 0.40041083
v -0.05318449 -0.22005674 0.40307799
v -0.03758345 -0.22316949 0.40701953
v -0.02729994 -0.23078643 0.40812597
v -0.01846443 -0.23962608 0.40846148
v -0.00396210 -0.24374709 0.41179639
v 0.01252150 -0.24625859 0.41616926
v -0.32924247 0.47215202 0.51796085
v -0.34763744 0.43524045 0.50236702
v -0.35444653 0.41021928 0.49353695
v -0.35898316 0.38758996 0.48604962
v -0.36291403 0.36565602 0.47893569
v -0.36606404 0.34458596 0.47229448
v -0.36886835 0.32393789 0.46587318
v -0.36883533 0.30618384 0.46110353
v -0.36880240 0.28848499 0.45634863
v -0.36873639 0.27087379 0.45162752
v -0.36861464 0.25337192 0.44695300
v -0.36849329 0.23592359 0.44229278
v -0.36837232 0.21852855 0.43764681
v -0.36690253 0.20250051 0.43378359
v -0.36472255 0.18720616 0.43033624
v -0.36215836 0.17232300 0.42711779
v -0.35959959 0.15747140 0.42390615
v -0.35704628 0.14265130 0.42070130
v -0.35447428 0.12788564 0.41751689
v -0.35154307 0.11349907 0.41454494
v -0.34715104 0.10053592 0.41240549
v -0.34276524 0.08759116 0.41026899
v -0.33838564 0.07466474 0.40813556
v -0.33395195 0.06181338 0.40603894
v -0.32950559 0.04896766 0.40397075
v -0.32293984 0.03818775 0.40306443
v -0.31637007 0.02739165 0.40217802
v -0.30978981 0.01661526 0.40130013
v -0.30314609 0.00590747 0.40046018
v -0.29517213 -0.00356338 0.40036228
v -0.28658342 -0.01246773 0.40060592
v -0.27799329 -0.02137353 0.40084961
v -0.26939940 -0.03027862 0.40109468
v -0.26036415 -0.03878462 0.40158290
v -0.25121284 -0.04719073 0.40213373
v -0.24205816 -0.05559994 0.40268475
v -0.23290293 -0.06401478 0.40323439
v -0.22487450 -0.07344772 0.40316349
v -0.21688505 -0.08291478 0.40307137
v -0.20889612 -0.09238127 0.40297931
v -0.20090765 -0.10184717 0.40288723
v -0.19304915 -0.11142721 0.40272442
v -0.18520908 -0.12104598 0.40252811
v -0.17730565 -0.13055858 0.40241477
v -0.16939306 -0.14008591 0.40228280
v -0.16100772 -0.14919855 0.40240785
v -0.15230308 -0.15803444 0.40270561
v -0.14359672 -0.16687210 0.40300342
v -0.13488865 -0.17571150 0.40330130
v -0.12504451 -0.18357457 0.40421131
v -0.11455192 -0.19089033 0.40546808
v -0.10405054 -0.19821221 0.40672591
v -0.09362286 -0.20561060 0.40794051
v -0.08046022 -0.21069591 0.41061878
v -0.06704987 -0.21560018 0.41342202
v -0.05361452 -0.22051360 0.41623044
v -0.03834270 -0.22391117 0.42001170
v -0.03274942 -0.23546989 0.41861969
v -0.02443939 -0.24474205 0.41867861
v -0.01041115 -0.24924986 0.42177850
v 0.00674554 -0.25119293 0.42653093
v 0.02660070 -0.25095358 0.43270066
v -0.32042223 0.48157194 0.53710639
v -0.34083602 0.44257033 0.52025443
v -0.35102788 0.41409555 0.50940639
v -0.35581908 0.39118671 0.50173146
v -0.36034754 0.36863071 0.49423313
v -0.36482728 0.34621045 0.48678651
v -0.36885452 0.32432747 0.47962499
v -0.36882156 0.30656248 0.47483110
v -0.36878860 0.28885275 0.47005212
v -0.36875582 0.27119797 0.46528798
v -0.36870328 0.25361741 0.46054998
v -0.36858171 0.23615892 0.45586634
v -0.36846054 0.21875378 0.45119703
v -0.36702150 0.20268565 0.44729626
v -0.36504138 0.18718737 0.44371676
v -0.36296299 0.17182499 0.44020432
v -0.36088941 0.15649800 0.43669996
v -0.35882062 0.14120631 0.43320370
v -0.35675657 0.12594980 0.42971545
v -0.35383537 0.11155096 0.42672393
v -0.34944111 0.09858739 0.42457545
v -0.34505308 0.08564220 0.42243010
v -0.34067124 0.07271536 0.42028776
v -0.33629563 0.05980683 0.41814843
v -0.33172542 0.04710501 0.41612509
v -0.32515010 0.03630145 0.41523439
v -0.31857863 0.02550427 0.41434425
v -0.31201106 0.01471347 0.41345459
v -0.30543625 0.00393934 0.41257173
v -0.29733282 -0.00541431 0.41254506
v -0.28874287 -0.01432024 0.41278976
v -0.28008303 -0.02316482 0.41307262
v -0.27110404 -0.03172100 0.41353208
v -0.26148269 -0.03969746 0.41434669
v -0.25185889 -0.04768075 0.41516024
v -0.24222986 -0.05566833 0.41597420
v -0.23260760 -0.06367100 0.41678202
v -0.22440793 -0.07296028 0.41680256
v -0.21620815 -0.08224968 0.41682306
v -0.20800821 -0.09153920 0.41684353
v -0.19978647 -0.10080954 0.41687602
v -0.19178197 -0.11027271 0.41678917
v -0.18386175 -0.11980936 0.41665649
v -0.17594224 -0.12934518 0.41652378
v -0.16813476 -0.13897781 0.41633031
v -0.16001111 -0.14833197 0.41630977
v -0.15130004 -0.15717420 0.41660911
v -0.14258726 -0.16601820 0.41690853
v -0.13401133 -0.17498384 0.41713277
v -0.12460785 -0.18323840 0.41780490
v -0.11410854 -0.19055858 0.41906813
v -0.10367578 -0.19794941 0.42029172
v -0.09332085 -0.20541987 0.42146978
v -0.08059551 -0.21088688 0.42392167
v -0.06740087 -0.21598250 0.42661899
v -0.05404495 -0.22097087 0.42939514
v -0.04143548 -0.22661746 0.43176275
v -0.03709036 -0.23922320 0.42969584
v -0.02896573 -0.24864663 0.42965686
v -0.01509311 -0.25328004 0.43268859
v 0.00206005 -0.25522161 0.43746147
v 0.02148736 -0.25533199 0.44343191
v -0.30545047 0.49725330 0.55992299
v -0.33123481 0.45274115 0.53983343
v -0.34760079 0.41798136 0.52531469
v -0.35240635 0.39503485 0.51759106
v -0.35718819 0.37220150 0.50990552
v -0.36170849 0.34971854 0.50239629
v -0.36617941 0.32737148 0.49493933
v -0.36755341 0.30818826 0.48930249
v -0.36826923 0.28972173 0.48406443
v -0.36874199 0.27155533 0.47898337
v -0.36870927 0.25394449 0.47420999
v -0.36867023 0.23639449 0.46945509
v -0.36854884 0.21897927 0.46476239
v -0.36711031 0.20290050 0.46084133
v -0.36513138 0.18739098 0.45724249
v -0.36315709 0.17191787 0.45365214
v -0.36110759 0.15655811 0.45011589
v -0.35903743 0.14125824 0.44660231
v -0.35697201 0.12599356 0.44309679
v -0.35427749 0.11136904 0.43996033
v -0.35018364 0.09811119 0.43762928
v -0.34596455 0.08499828 0.43537638
v -0.34175169 0.07190482 0.43312684
v -0.33754513 0.05883074 0.43088064
v -0.33300427 0.04609559 0.42883018
v -0.32629207 0.03541447 0.42801127
v -0.31962153 0.02470365 0.42717135
v -0.31295475 0.01399876 0.42633191
v -0.30629161 0.00329981 0.42549288
v -0.29733738 -0.00527548 0.42594153
v -0.28835753 -0.01383222 0.42640308
v -0.27937499 -0.02239157 0.42686480
v -0.27038968 -0.03095354 0.42732668
v -0.26041338 -0.03861839 0.42833963
v -0.25062183 -0.04646204 0.42924675
v -0.24098492 -0.05445557 0.43006521
v -0.23134826 -0.06245833 0.43088105
v -0.22314212 -0.07175488 0.43090165
v -0.21493587 -0.08105158 0.43092227
v -0.20671009 -0.09033109 0.43095359
v -0.19847332 -0.09960115 0.43099093
v -0.19042891 -0.10904206 0.43092218
v -0.18250243 -0.11858637 0.43078873
v -0.17467867 -0.12821960 0.43059930
v -0.16693136 -0.13791783 0.43036845
v -0.15901306 -0.14746410 0.43023196
v -0.15029556 -0.15631270 0.43053290
v -0.14170247 -0.16527259 0.43076500
v -0.13315864 -0.17427757 0.43096963
v -0.12417065 -0.18290183 0.43141541
v -0.11373285 -0.19028506 0.43264806
v -0.10337971 -0.19775406 0.43383113
v -0.09301849 -0.20522891 0.43501517
v -0.08067469 -0.21103022 0.43726879
v -0.06723212 -0.21592434 0.44010973
v -0.05348165 -0.22058879 0.44310853
v -0.04482408 -0.22957277 0.44335410
v -0.04048066 -0.24217889 0.44127747
v -0.03235733 -0.25160241 0.44123790
v -0.01804543 -0.25586969 0.44471261
v -0.00017304 -0.25721371 0.44969821
v 0.01975455 -0.25691274 0.45596209
v -0.31742117 0.46718621 0.56195706
v -0.34198260 0.42408299 0.54254419
v -0.34864709 0.39923313 0.53368789
v -0.35378140 0.37602165 0.52575541
v -0.35855392 0.35326347 0.51805931
v -0.36306611 0.33085328 0.51053923
v -0.36510894 0.31098384 0.50448191
v -0.36597517 0.29234928 0.49912801
v -0.36673021 0.27388567 0.49385542
v -0.36743307 0.25553361 0.48862952
v -0.36813360 0.23724347 0.48342124
v -0.36863032 0.21921176 0.47834694
v -0.36719921 0.20311557 0.47440147
v -0.36521909 0.18759716 0.47078472
v -0.36324361 0.17211519 0.46717644
v -0.36127278 0.15666956 0.46357664
v -0.35925445 0.14131021 0.46001518
v -0.35718769 0.12603739 0.45649233
v -0.35443333 0.11146062 0.45337370
v -0.35036767 0.09816646 0.45101359
v -0.34630829 0.08489283 0.44865716
v -0.34209627 0.07178983 0.44639480
v -0.33788732 0.05870927 0.44413763
v -0.33320558 0.04609768 0.44215575
v -0.32643321 0.03546381 0.44136482
v -0.31970927 0.02479365 0.44054896
v -0.31303880 0.01408287 0.43970534
v -0.30637199 0.00337804 0.43886217
v -0.29717660 -0.00498390 0.43944609
v -0.28765482 -0.01305211 0.44021189
v -0.27866596 -0.02161726 0.44067606
v -0.26967433 -0.03018503 0.44114032
v -0.25964394 -0.03781217 0.44218493
v -0.24956107 -0.04540319 0.44325572
v -0.23973800 -0.05324091 0.44417828
v -0.23008692 -0.06124374 0.44500220
v -0.22187433 -0.07054760 0.44502294
v -0.21364449 -0.07983630 0.44505316
v -0.20540138 -0.08911346 0.44509068
v -0.19715808 -0.09839085 0.44512823
v -0.18907368 -0.10780945 0.44507769
v -0.18123360 -0.11744326 0.44489235
v -0.17347926 -0.12715049 0.44466022
v -0.16572610 -0.13685623 0.44442818
v -0.15797414 -0.14656052 0.44419613
v -0.14940336 -0.15554905 0.44441450
v -0.14074655 -0.16446523 0.44467941
v -0.13130425 -0.17270470 0.44537368
v -0.12204184 -0.18110673 0.44596761
v -0.11139111 -0.18832219 0.44731784
v -0.10037382 -0.19523822 0.44886398
v -0.08934136 -0.20215788 0.45041385
v -0.07704792 -0.20802163 0.45264474
v -0.06350666 -0.21285154 0.45554650
v -0.04973593 -0.21751854 0.45856413
v -0.04710994 -0.23159976 0.45554072
v -0.04250763 -0.24399079 0.45359427
v -0.03392213 -0.25312069 0.45352775
v -0.01890034 -0.25671020 0.45748013
v 0.00151086 -0.25595334 0.46404672
v -0.30142489 0.48384792 0.58545917
v -0.32878384 0.43784893 0.56429166
v -0.34281316 0.40552258 0.55104262
v -0.34885144 0.38137212 0.54253495
v -0.35462958 0.35757953 0.53420669
v -0.35991624 0.33437246 0.52619284
v -0.36265936 0.31378523 0.51969290
v -0.36353067 0.29512647 0.51430720
v -0.36439905 0.27653205 0.50894010
v -0.36519331 0.25807154 0.50363290
v -0.36589828 0.23975885 0.49839404
v -0.36660090 0.22150786 0.49317288
v -0.36601076 0.20457532 0.48871762
v -0.36454013 0.18854795 0.48478600
v -0.36299711 0.17263500 0.48090839
v -0.36135814 0.15685825 0.47709811
v -0.35939074 0.14144005 0.47348890
v -0.35740364 0.12608126 0.46990213
v -0.35458934 0.11155231 0.46680158
v -0.35052136 0.09825088 0.46442980
v -0.34645966 0.08497000 0.46206170
v -0.34240422 0.07170966 0.45969725
v -0.33822984 0.05858768 0.45740798
v -0.33340707 0.04609977 0.45549539
v -0.32663110 0.03546029 0.45470059
v -0.31985867 0.02482634 0.45390624
v -0.31312290 0.01416708 0.45309341
v -0.30645245 0.00345636 0.45224610
v -0.29707471 -0.00474647 0.45293328
v -0.28750628 -0.01278153 0.45372611
v -0.27795592 -0.02084188 0.45450637
v -0.26895654 -0.02941412 0.45497394
v -0.25887343 -0.03700482 0.45604956
v -0.24878325 -0.04460088 0.45712602
v -0.23868594 -0.05220228 0.45820323
v -0.22882359 -0.06002724 0.45914564
v -0.22058974 -0.06932515 0.45917475
v -0.21234028 -0.07860941 0.45921248
v -0.20409061 -0.08789390 0.45925015
v -0.19584076 -0.09717863 0.45928794
v -0.18696266 -0.10590713 0.45967466
v -0.17819534 -0.11473761 0.45999882
v -0.16942616 -0.12356997 0.46032307
v -0.16065511 -0.13240419 0.46064734
v -0.15215418 -0.14147803 0.46082145
v -0.14356601 -0.15047774 0.46104321
v -0.13411008 -0.15872648 0.46174228
v -0.12465746 -0.16698565 0.46243751
v -0.11580381 -0.17576866 0.46280167
v -0.10680903 -0.18443434 0.46324217
v -0.09577302 -0.19135670 0.46479923
v -0.08434207 -0.19795863 0.46656772
v -0.07066312 -0.20266747 0.46955851
v -0.05812909 -0.20837860 0.47191635
v -0.04563372 -0.21414742 0.47424626
v -0.04579042 -0.23059171 0.46969104
v -0.04103135 -0.24286371 0.46781769
v -0.03137125 -0.25101832 0.46860641
v -0.31326681 0.45396113 0.58749825
v -0.33675805 0.41203639 0.56857497
v -0.34300327 0.38764596 0.55989885
v -0.34905541 0.36354783 0.55136383
v -0.35482711 0.33982676 0.54302078
v -0.35954940 0.31724387 0.53532088
v -0.36100525 0.29798466 0.52956259
v -0.36195466 0.27929088 0.52411908
v -0.36282510 0.26073647 0.51873875
v -0.36365849 0.24227926 0.51339680
v -0.36436558 0.22400583 0.50814515
v -0.36397317 0.20686276 0.50355023
v -0.36262733 0.19069715 0.49952403
v -0.36122936 0.17462720 0.49554056
v -0.35969102 0.15873735 0.49165079
v -0.35815659 0.14288738 0.48777083
v -0.35662591 0.12707713 0.48390049
v -0.35428497 0.11208373 0.48050979
v -0.35039133 0.09860551 0.47802415
v -0.34649268 0.08515961 0.47554892
v -0.34255344 0.07177968 0.47310469
v -0.33850199 0.05853259 0.47073227
v -0.33360878 0.04610187 0.46884912
v -0.32682917 0.03545676 0.46805045
v -0.32005313 0.02481719 0.46725217
v -0.31328055 0.01418316 0.46645433
v -0.30653304 0.00353477 0.46564472
v -0.29697266 -0.00450878 0.46643612
v -0.28739867 -0.01254844 0.46723294
v -0.27787960 -0.02064718 0.46799621
v -0.26795840 -0.02837303 0.46904358
v -0.25729576 -0.03546242 0.47038910
v -0.24660553 -0.04252819 0.47180483
v -0.23590542 -0.04960047 0.47322187
v -0.22519544 -0.05667929 0.47464019
v -0.21618687 -0.06530173 0.47509891
v -0.20722422 -0.07397025 0.47553045
v -0.19825903 -0.08264121 0.47596210
v -0.18900670 -0.09106153 0.47655302
v -0.17929438 -0.09908067 0.47739896
v -0.17014818 -0.10760882 0.47792688
v -0.16136050 -0.11645819 0.47825363
v -0.15276651 -0.12548095 0.47847185
v -0.14450109 -0.13479325 0.47850701
v -0.13623551 -0.14410579 0.47854227
v -0.12745042 -0.15296771 0.47886476
v -0.11841413 -0.16161574 0.47932512
v -0.10857578 -0.16957715 0.48022652
v -0.09436029 -0.17378703 0.48353645
v -0.08226211 -0.17984527 0.48567206
v -0.07116620 -0.18678160 0.48725098
v -0.05769346 -0.19216527 0.48976427
v -0.29327163 0.47460383 0.61346787
v -0.32443967 0.42486256 0.58987725
v -0.33695465 0.39412236 0.57742828
v -0.34319296 0.36980593 0.56873691
v -0.34925896 0.34576005 0.56017458
v -0.35502425 0.32211030 0.55181676
v -0.35685647 0.30245200 0.54580408
v -0.35838005 0.28316650 0.53999192
v -0.35977572 0.26407248 0.53427309
v -0.36116633 0.24504785 0.52857494
v -0.36212289 0.22651164 0.52314895
v -0.36193165 0.20915461 0.51841122
v -0.36058718 0.19297051 0.51436192
v -0.35924616 0.17682838 0.51032305
v -0.35790864 0.16072808 0.50629467
v -0.35638726 0.14484948 0.50238568
v -0.35485747 0.12902248 0.49849355
v -0.35252386 0.11400624 0.49507934
v -0.34892130 0.10023535 0.49241003
v -0.34511566 0.08668664 0.48986620
v -0.34122121 0.07325003 0.48738143
v -0.33733305 0.05983502 0.48490068
v -0.33237934 0.04744763 0.48304036
v -0.32557318 0.03681377 0.48224968
v -0.31878307 0.02617369 0.48145226
v -0.31199646 0.01553912 0.48065519
v -0.30474967 0.00533941 0.48012361
v -0.29441738 -0.00200667 0.48135504
v -0.28466985 -0.00990415 0.48224944
v -0.27491665 -0.01780622 0.48314434
v -0.26432371 -0.02495084 0.48451376
v -0.25114012 -0.02975157 0.48734903
v -0.24013637 -0.03656121 0.48894075
v -0.22941458 -0.04364309 0.49036819
v -0.21868287 -0.05073153 0.49179697
v -0.20958073 -0.05929914 0.49230233
v -0.20060134 -0.06798210 0.49273705
v -0.19139639 -0.07646853 0.49329734
v -0.18166909 -0.08449657 0.49414924
v -0.17193641 -0.09252903 0.49500161
v -0.16219838 -0.10056593 0.49585444
v -0.15338117 -0.10942233 0.49619007
v -0.14509988 -0.11875238 0.49622554
v -0.13129650 -0.12325614 0.49933863
v -0.11470433 -0.12536389 0.50399446
v -0.09978492 -0.12897347 0.50770706
v -0.08754169 -0.13493791 0.50992376
v -0.07528098 -0.14091089 0.51214367
v 0.13393043 0.02232474 0.62332034
v 0.14320214 0.01316720 0.62371612
v 0.15519567 0.00630619 0.62555063
v 0.17135710 0.00301399 0.62979853
v -0.30486938 0.44499904 0.61558884
v -0.32964468 0.40186700 0.59575748
v -0.33663303 0.37676349 0.58657175
v -0.34338224 0.35200241 0.57755691
v -0.34946212 0.32800871 0.56896734
v -0.35251686 0.30710942 0.56219625
v -0.35416615 0.28767434 0.55627733
v -0.35575742 0.26836288 0.55041116
v -0.35715720 0.24930514 0.54467607
v -0.35855186 0.23031665 0.53896189
v -0.35927084 0.21205047 0.53366250
v -0.35831377 0.19547096 0.52936286
v -0.35720348 0.17908770 0.52516627
v -0.35586733 0.16296907 0.52111477
v -0.35453460 0.14689215 0.51707375
v -0.35308582 0.13097134 0.51311296
v -0.35075957 0.11593219 0.50967515
v -0.34715530 0.10214725 0.50699085
v -0.34355718 0.08838607 0.50431114
v -0.33983979 0.07476725 0.50170887
v -0.33594951 0.06133992 0.49921450
v -0.33076864 0.04915158 0.49747336
v -0.32394844 0.03851604 0.49668318
v -0.31713727 0.02788082 0.49589029
v -0.31034514 0.01723653 0.49508882
v -0.30255771 0.00752279 0.49486130
v -0.29202694 0.00034356 0.49620742
v -0.28171203 -0.00704895 0.49742576
v -0.27194718 -0.01495895 0.49832609
v -0.26067564 -0.02150225 0.50008357
v -0.24747244 -0.02630573 0.50293666
v -0.23424488 -0.03111807 0.50579506
v -0.22290102 -0.03766485 0.50757456
v -0.21214749 -0.04476294 0.50901377
v -0.20295128 -0.05327535 0.50956655
v -0.19379379 -0.06182840 0.51009572
v -0.18405144 -0.06986537 0.51095361
v -0.17430371 -0.07790677 0.51181203
v -0.16191663 -0.08361873 0.51415408
v -0.13706143 -0.07834571 0.52349967
v -0.11558982 -0.07615036 0.53091782
v 0.12879542 0.03500232 0.63927281
v 0.13528773 0.02343924 0.63812119
v 0.14456062 0.01426938 0.63851571
v 0.15733838 0.00808637 0.64085078
v 0.17635807 0.00718732 0.64663243
v -0.31625044 0.41572422 0.61778283
v -0.32890129 0.38489547 0.60515732
v -0.33587849 0.35986933 0.59595680
v -0.34285250 0.33494988 0.58678705
v -0.34811088 0.31183359 0.57866639
v -0.34982485 0.29230890 0.57267618
v -0.35147837 0.27291080 0.56674051
v -0.35312575 0.25358516 0.56082696
v -0.35454118 0.23455225 0.55506891
v -0.35559368 0.21593723 0.54954296
v -0.35485393 0.19912414 0.54509032
v -0.35401711 0.18245441 0.54070848
v -0.35296822 0.16603795 0.53646487
v -0.35192209 0.14966580 0.53223270
v -0.35087878 0.13333777 0.52801192
v -0.34892178 0.11792880 0.52433848
v -0.34538609 0.10406259 0.52159798
v -0.34178627 0.09028736 0.51890326
v -0.33819267 0.07653590 0.51621324
v -0.33456367 0.06284732 0.51355201
v -0.32915512 0.05085849 0.51193142
v -0.32232943 0.04021328 0.51113689
v -0.31550723 0.02957351 0.51034272
v -0.30869097 0.01893691 0.50954765
v -0.30036145 0.00971042 0.50962764
v -0.28981948 0.00252516 0.51098144
v -0.27926829 -0.00466635 0.51233643
v -0.26897106 -0.01210536 0.51354152
v -0.25701863 -0.01804515 0.51569188
v -0.24379571 -0.02285138 0.51856285
v -0.23054841 -0.02766648 0.52143919
v -0.21727665 -0.03249047 0.52432078
v -0.20558919 -0.03877340 0.52629107
v -0.19619894 -0.04714095 0.52694839
v -0.18644150 -0.05518685 0.52781236
v -0.16401544 -0.05193986 0.53586000
v -0.13908774 -0.04655475 0.54530054
v -0.11574941 -0.04267884 0.55381411
v -0.09270889 -0.03915673 0.56213415
v 0.13677149 0.04183672 0.65780360
v 0.14163204 0.02883870 0.65572703
v 0.15204385 0.02061612 0.65675026
v 0.17033334 0.01910540 0.66215378
v -0.29517251 0.43730196 0.64451391
v -0.32118046 0.39301810 0.62379313
v -0.32815912 0.36795276 0.61454117
v -0.33512521 0.34300372 0.60532594
v -0.34209549 0.31815371 0.59613705
v -0.34434077 0.29807314 0.58979517
v -0.34651345 0.27813482 0.58351642
v -0.34868747 0.25826520 0.57725650
v -0.35044479 0.23887256 0.57126343
v -0.35190722 0.21983384 0.56546372
v -0.35117170 0.20299394 0.56098294
v -0.35043827 0.18620165 0.55651468
v -0.34970692 0.16945677 0.55205911
v -0.34867898 0.15304616 0.54779202
v -0.34763888 0.13669431 0.54354531
v -0.34567124 0.12127477 0.53985631
v -0.34223205 0.10729620 0.53704166
v -0.33879900 0.09334265 0.53423202
v -0.33537209 0.07941409 0.53142738
v -0.33217371 0.06530094 0.52849793
v -0.32673004 0.05332768 0.52688599
v -0.31993133 0.04263979 0.52606738
v -0.31313622 0.03195750 0.52524924
v -0.30642629 0.02120491 0.52438414
v -0.29733378 0.01266839 0.52490181
v -0.28681043 0.00544694 0.52624536
v -0.27627802 -0.00178071 0.52759010
v -0.26543972 -0.00874244 0.52910721
v -0.25229391 -0.01361229 0.53194815
v -0.23912139 -0.01848840 0.53479594
v -0.22592489 -0.02337339 0.53764892
v -0.21270436 -0.02826727 0.54050708
v -0.19746527 -0.03137248 0.54451180
v -0.17292713 -0.02616771 0.55381817
v -0.14818521 -0.02088003 0.56321293
v -0.12514421 -0.01721012 0.57161057
v -0.10208569 -0.01361416 0.57999313
v -0.07694489 -0.00826234 0.58953345
v -0.30601484 0.40859577 0.64697355
v -0.32007194 0.37640488 0.63340366
v -0.32741827 0.35103890 0.62390918
v -0.33437321 0.32616672 0.61467922
v -0.33847091 0.30421957 0.60718995
v -0.34058833 0.28430504 0.60090846
v -0.34274241 0.26442435 0.59462476
v -0.34492320 0.24458715 0.58834469
v -0.34709546 0.22482778 0.58208930
v -0.34717312 0.20717178 0.57709831
v -0.34675103 0.19005449 0.57241940
v -0.34602398 0.17328300 0.56793571
v -0.34529895 0.15655883 0.56346470
v -0.34439126 0.14005877 0.55911535
v -0.34241304 0.12462866 0.55541092
v -0.33897269 0.11063056 0.55257893
v -0.33576295 0.09644468 0.54962003
v -0.33268398 0.08216751 0.54659349
v -0.32961091 0.06791775 0.54357266
v -0.32358104 0.05647690 0.54229188
v -0.31677529 0.04577583 0.54146826
v -0.31027985 0.03479441 0.54046625
v -0.30379504 0.02381393 0.53946102
v -0.29326513 0.01659086 0.54081202
v -0.28262946 0.00945082 0.54222041
v -0.27137762 0.00286239 0.54398185
v -0.25892666 -0.00264562 0.54643238
v -0.24574891 -0.00751591 0.54929578
v -0.23254718 -0.01239508 0.55216444
v -0.21726859 -0.01542033 0.55622160
v -0.19891001 -0.01570341 0.56203949
v -0.17521241 -0.01123645 0.57090855
v -0.15044406 -0.00590230 0.58036548
v -0.12551989 -0.00052941 0.58988333
v -0.10044611 0.00487574 0.59945834
v -0.07013471 0.01483605 0.61199707
v -0.28652942 0.42850128 0.67286521
v -0.31163302 0.38520953 0.65253735
v -0.31823391 0.36054486 0.64344054
v -0.32598716 0.33483911 0.63367784
v -0.33258128 0.31038666 0.62464321
v -0.33471382 0.29042661 0.61831689
v -0.33683801 0.27054471 0.61201543
v -0.33897343 0.25072145 0.60572690
v -0.34116107 0.23091668 0.59942681
v -0.34180281 0.21268263 0.59406906
v -0.34145898 0.19546151 0.58931541
v -0.34112191 0.17828599 0.58457249
v -0.34078643 0.16116093 0.57984328
v -0.34045190 0.14408666 0.57512808
v -0.33913806 0.12799916 0.57100767
v -0.33629060 0.11350277 0.56786758
v -0.33319634 0.09910200 0.56476188
v -0.33011660 0.08480728 0.56171757
v -0.32704279 0.07054006 0.55867910
v -0.32060868 0.05946068 0.55762523
v -0.31414402 0.04842133 0.55659258
v -0.30768356 0.03738918 0.55556053
v -0.29973131 0.02775460 0.55540460
v -0.28858680 0.02107844 0.55711424
v -0.27732727 0.01449005 0.55888581
v -0.26557076 0.00833981 0.56094140
v -0.25274375 0.00360138 0.56373274
v -0.23626667 0.00126463 0.56839705
v -0.22017895 -0.00102540 0.57294047
v -0.20028903 0.00008654 0.57967150
v -0.17718992 0.00402919 0.58823752
v -0.15271035 0.00912491 0.59757465
v -0.12775171 0.01455175 0.60715985
v -0.09723842 0.02484945 0.61991310
v -0.06604695 0.03561708 0.63301784
v 0.33112741 0.28090754 0.83044463
v -0.29585072 0.40134397 0.67618972
v -0.31004772 0.36905974 0.66243106
v -0.31644118 0.34466276 0.65343839
v -0.32415202 0.31906378 0.64367789
v -0.32747960 0.29788801 0.63659239
v -0.33012962 0.27745515 0.62993711
v -0.33298582 0.25689387 0.62317878
v -0.33521244 0.23702042 0.61681932
v -0.33641768 0.21820880 0.61109221
v -0.33608133 0.20095217 0.60630572
v -0.33574596 0.18374692 0.60153341
v -0.33541459 0.16658995 0.59677356
v -0.33508757 0.14948070 0.59202582
v -0.33391207 0.13323334 0.58779752
v -0.33106521 0.11862274 0.58457506
v -0.32822406 0.10404162 0.58135915
v -0.32540900 0.08947073 0.57813764
v -0.32241926 0.07509921 0.57502931
v -0.31602302 0.06395972 0.57394165
v -0.30963114 0.05282784 0.57285464
v -0.30295944 0.04196863 0.57193571
v -0.29241839 0.03471549 0.57329345
v -0.28163391 0.02767323 0.57479000
v -0.27113473 0.02035158 0.57611471
v -0.25526872 0.01795306 0.58057499
v -0.23920657 0.01568672 0.58513635
v -0.22260725 0.01386250 0.58999711
v -0.20167305 0.01593396 0.59736764
v -0.18812522 0.01122373 0.60042107
v -0.17385024 0.00713872 0.60388750
v -0.15268004 0.00911374 0.61120450
v -0.09599069 0.04315272 0.63933140
v -0.06535466 0.05345386 0.65218008
v 0.30216777 0.27355412 0.83370078
v 0.32615602 0.27655730 0.84232515
v 0.35842803 0.28668615 0.85565501
v -0.27607739 0.42146415 0.70237470
v -0.30143589 0.37799948 0.68173993
v -0.30814695 0.35324728 0.67250419
v -0.31485802 0.32859671 0.66329747
v -0.32049984 0.30510017 0.65476739
v -0.32247642 0.28529385 0.64848137
v -0.32477194 0.26524451 0.64202225
v -0.32763943 0.24470846 0.63523847
v -0.33007395 0.22466706 0.62873638
v -0.32991517 0.20720711 0.62381369
v -0.33025405 0.18932065 0.61860752
v -0.33003196 0.17203024 0.61375374
v -0.32970628 0.15489177 0.60897690
v -0.32866994 0.13848378 0.60463941
v -0.32583770 0.12383211 0.60138673
v -0.32305589 0.10916775 0.59811401
v -0.32027975 0.09453335 0.59484798
v -0.31693915 0.08046601 0.59192717
v -0.31044918 0.06938715 0.59088266
v -0.30350134 0.05874796 0.59011233
v -0.29431650 0.05020327 0.59066659
v -0.28411236 0.04260004 0.59182084
v -0.27270696 0.03609716 0.59367943
v -0.25705570 0.03349388 0.59803057
v -0.24134950 0.03089476 0.60240078
v -0.22391929 0.02982981 0.60776907
v -0.21261543 0.02310985 0.60953277
v -0.20334814 0.01451660 0.61010003
v -0.19201137 0.00779547 0.61187410
v -0.17760782 0.00380364 0.61541134
v -0.15622036 0.00612070 0.62304324
v -0.06311861 0.07275263 0.67232174
v 0.25734481 0.27008542 0.83281982
v 0.27868399 0.27091926 0.84000105
v 0.30106446 0.27242419 0.84801859
v 0.32438812 0.27497312 0.85609037
v 0.35193402 0.28101444 0.86671239
v -0.28202921 0.39767861 0.70771015
v -0.29874426 0.36293218 0.69230634
v -0.30490446 0.33878291 0.68338382
v -0.31235546 0.31346038 0.67370373
v -0.31539962 0.29256830 0.66673130
v -0.31747377 0.27270100 0.66036910
v -0.31945232 0.25299633 0.65408474
v -0.32229286 0.23252267 0.64729863
v -0.32236829 0.21479979 0.64220309
v -0.32180262 0.19775076 0.63750994
v -0.32200611 0.18001296 0.63236827
v -0.32235736 0.16218920 0.62715375
v -0.32221177 0.14489636 0.62225366
v -0.31950161 0.13009739 0.61890501
v -0.31679708 0.11532914 0.61556339
v -0.31409818 0.10059153 0.61222869
v -0.30987054 0.08733006 0.60981584
v -0.30229241 0.07724049 0.60940540
v -0.29441601 0.06743447 0.60917360
v -0.28623718 0.05791305 0.60912216
v -0.27445382 0.05174239 0.61120719
v -0.25868934 0.04923724 0.61564201
v -0.24288125 0.04672517 0.62008905
v -0.22512667 0.04595667 0.62567109
v -0.22086836 0.03275440 0.62328523
v -0.21427985 0.02170666 0.62227726
v -0.20493636 0.01308271 0.62288433
v -0.19351120 0.00653291 0.62472266
v -0.17849307 0.00311785 0.62865317
v -0.15240322 0.00964129 0.63904542
v 0.21773452 0.27096403 0.83476955
v 0.23740964 0.27045506 0.84105343
v 0.25783506 0.27054316 0.84775329
v 0.27885363 0.27108344 0.85477638
v 0.29943791 0.27116981 0.86152768
v 0.32274815 0.27356872 0.86983144
v 0.34655240 0.27631176 0.87839508
v -0.28356436 0.37834638 0.71571577
v -0.29605526 0.34787959 0.70286244
v -0.30174011 0.32425517 0.69420874
v -0.30702347 0.30111909 0.68582708
v -0.30863363 0.28166687 0.67970937
v -0.31140301 0.26115113 0.67290574
v -0.31418163 0.24070019 0.66611749
v -0.31521195 0.22201547 0.66041070
v -0.31465557 0.20492345 0.65568209
v -0.31410077 0.18788093 0.65096730
v -0.31374890 0.17069478 0.64614451
v -0.31411371 0.15287606 0.64090490
v -0.31153172 0.13791868 0.63745451
v -0.30836040 0.12355735 0.63436878
v -0.30437744 0.10999643 0.63177931
v -0.30040085 0.09645722 0.62919402
v -0.29275984 0.08638662 0.62880796
v -0.28362375 0.07771927 0.62931579
v -0.27283153 0.07059118 0.63080943
v -0.25949779 0.06580947 0.63381118
v -0.24390179 0.06309152 0.63814843
v -0.22501761 0.06336319 0.64442378
v -0.22289804 0.04814430 0.64074641
v -0.21970172 0.03395153 0.63771731
v -0.21333516 0.02268769 0.63657022
v -0.20396966 0.01416698 0.63719541
v -0.19176896 0.00821285 0.63948846
v -0.17529251 0.00653260 0.64462066
v 0.18368779 0.27659655 0.83981919
v 0.20064837 0.27377158 0.84457350
v 0.21935900 0.27245310 0.85033500
v 0.23848756 0.27144501 0.85632277
v 0.25795150 0.27067080 0.86248785
v 0.27846625 0.27075744 0.86924511
v 0.29905838 0.27084190 0.87602711
v 0.32124576 0.27225053 0.88371325
v 0.34505904 0.27499601 0.89231694
v -0.28361428 0.36052701 0.72461158
v -0.29146889 0.33471289 0.71457434
v -0.29823115 0.31007978 0.70523781
v -0.30083132 0.28961897 0.69847685
v -0.30245328 0.27018493 0.69233453
v -0.30462727 0.25028098 0.68587476
v -0.30643097 0.23080525 0.67966056
v -0.30497307 0.21454380 0.67544878
v -0.30491987 0.19697672 0.67039728
v -0.30508846 0.17925134 0.66522700
v -0.30525655 0.16158190 0.66007304
v -0.30233282 0.14691083 0.65680325
v -0.29836005 0.13326994 0.65417635
v -0.29439369 0.11965103 0.65155375
v -0.28886944 0.10752805 0.64987624
v -0.27985740 0.09869818 0.65029848
v -0.26959908 0.09103015 0.65146661
v -0.25622633 0.08625457 0.65449584
v -0.24244615 0.08182560 0.65775925
v -0.22542550 0.08036396 0.66294694
v -0.20591533 0.08114586 0.66960233
v -0.18218909 0.08573665 0.67874634
v -0.21336311 0.03989125 0.65524369
v -0.20808521 0.02760307 0.65343732
v -0.19836345 0.01938089 0.65426868
v -0.18378125 0.01556131 0.65797240
v 0.15759395 0.28923702 0.84944707
v 0.16971895 0.28213385 0.85139340
v 0.18516940 0.27798754 0.85528892
v 0.20184621 0.27489492 0.85989267
v 0.22014289 0.27319482 0.86543196
v 0.23896122 0.27189949 0.87126011
v 0.25772387 0.27049464 0.87703824
v 0.27808142 0.27043363 0.88372976
v 0.29861990 0.27046230 0.89050680
v 0.31963763 0.27083993 0.89754236
v 0.34465465 0.27462879 0.90688038
v -0.28224072 0.34414497 0.73436695
v -0.28778768 0.32066256 0.72572672
v -0.29168656 0.29888558 0.71812600
v -0.29329196 0.27942640 0.71195590
v -0.29553854 0.25941074 0.70541245
v -0.29786226 0.23939079 0.69884223
v -0.29654938 0.22295064 0.69451278
v -0.29510295 0.20668539 0.69027835
v -0.29391149 0.19022101 0.68590176
v -0.29409769 0.17248745 0.68070143
v -0.29243571 0.15656878 0.67663866
v -0.28846139 0.14288720 0.67398947
v -0.28210652 0.13148464 0.67278850
v -0.27421409 0.12154371 0.67251998
v -0.26623455 0.11168742 0.67230481
v -0.25285453 0.10688777 0.67534220
v -0.23932578 0.10219474 0.67845976
v -0.22275537 0.10029618 0.68339372
v -0.20478846 0.09963930 0.68914962
v -0.18145876 0.10387299 0.69809747
v -0.15566251 0.11028215 0.70849210
v 0.14948826 0.30005008 0.86447316
v 0.15754898 0.28928116 0.86402041
v 0.17031340 0.28274253 0.86635011
v 0.18598877 0.27878579 0.87039155
v 0.20276797 0.27577206 0.87507135
v 0.22046226 0.27352357 0.88027585
v 0.23916952 0.27211893 0.88606006
v 0.25795627 0.27072474 0.89187372
v 0.27762708 0.27004874 0.89818805
v 0.29817328 0.27007556 0.90499574
v 0.31928179 0.27052394 0.91211164
v 0.34416518 0.27418745 0.92140853
v -0.28396255 0.32475057 0.74219644
v -0.28604689 0.30472481 0.73567635
v -0.28551936 0.28731546 0.73078573
v -0.28643006 0.26856109 0.72502565
v -0.28737926 0.24983121 0.71925992
v -0.28621247 0.23320507 0.71480972
v -0.28525671 0.21642348 0.71024406
v -0.28449968 0.19950008 0.70557106
v -0.28374478 0.18262441 0.70091134
v -0.28249076 0.16627342 0.69657004
v -0.27525589 0.15564302 0.69588119
v -0.26720583 0.14579071 0.69568962
v -0.25915670 0.13593955 0.69549817
v -0.24839990 0.12863335 0.69694716
v -0.23589318 0.12294967 0.69944990
v -0.21963993 0.12073421 0.70420700
v -0.20126472 0.12044126 0.71022874
v -0.17929135 0.12341849 0.71839792
v -0.14999706 0.13306922 0.73094219
v 0.14948359 0.30014080 0.87909138
v 0.15785418 0.28964108 0.87881798
v 0.17104031 0.28347030 0.88140482
v 0.18658929 0.27938822 0.88538468
v 0.20345382 0.27643877 0.89013124
v 0.22060326 0.27369377 0.89503211
v 0.23935390 0.27231717 0.90086329
v 0.25819266 0.27095842 0.90672904
v 0.27716687 0.26965868 0.91265696
v 0.29823115 0.27013132 0.91979522
v 0.31943703 0.27065465 0.92699522
v 0.34674078 0.27641597 0.93774623
v -0.28891087 0.32022712 0.75325781
v -0.28873295 0.30241987 0.74811375
v -0.28469503 0.28843117 0.74537379
v -0.28248850 0.27269223 0.74151099
v -0.27776095 0.25943580 0.73921508
v -0.27525413 0.24406062 0.73555881
v -0.27420607 0.22732130 0.73101717
v -0.27329797 0.21049610 0.72640371
v -0.26987976 0.19611770 0.72334296
v -0.26554152 0.18264769 0.72085476
v -0.25923762 0.17106900 0.71957517
v -0.25191712 0.16046511 0.71891969
v -0.24256243 0.15178514 0.71950537
v -0.22942248 0.14665407 0.72239149
v -0.21453108 0.14313193 0.72633219
v -0.19747208 0.14159037 0.73157513
v -0.17263910 0.14722063 0.74150825
v 0.14969240 0.30042470 0.89385366
v 0.15833691 0.29016113 0.89373958
v 0.17207849 0.28447783 0.89666504
v 0.18711723 0.27992570 0.90035391
v 0.20401181 0.27699149 0.90513498
v 0.22129560 0.27435425 0.91013271
v 0.23964253 0.27260783 0.91574574
v 0.25854081 0.27129084 0.92166805
v 0.27786261 0.27028596 0.92782301
v 0.29827267 0.27017272 0.93460166
v 0.32131627 0.27229223 0.94291180
v -0.29704919 0.31257188 0.76232189
v -0.29452077 0.29708034 0.75862348
v -0.28983995 0.28372705 0.75627393
v -0.28190270 0.27356312 0.75595152
v -0.27491176 0.26248625 0.75504416
v -0.26648158 0.25280803 0.75502956
v -0.25916168 0.24206203 0.75432944
v -0.25357357 0.22966333 0.75256401
v -0.24947174 0.21586341 0.74988931
v -0.24585930 0.20164558 0.74708444
v -0.23896453 0.19053383 0.74597812
v -0.23000400 0.18140529 0.74630249
v -0.22007172 0.17318915 0.74722028
v -0.20728587 0.16764350 0.74987811
v -0.18610168 0.16993095 0.75764906
v -0.16121879 0.17558737 0.76764822
v 0.15420625 0.30460292 0.91121888
v 0.15971132 0.29148510 0.90921468
v 0.17327426 0.28562707 0.91204125
v 0.18780848 0.28060952 0.91543996
v 0.20506421 0.27798545 0.92045307
v 0.22236924 0.27535388 0.92548060
v 0.24010859 0.27305579 0.93075150
v 0.25939763 0.27207243 0.93692750
v 0.27875423 0.27108565 0.94312513
v 0.29975817 0.27148059 0.95028043
v 0.32626367 0.27661151 0.96066922
v -0.30642769 0.30369839 0.77058357
v -0.30089277 0.29116899 0.76875436
v -0.29302338 0.28093538 0.76838732
v -0.28400815 0.27181917 0.76873523
v -0.27240580 0.26520488 0.77069086
v -0.25959656 0.25973481 0.77338988
v -0.24720216 0.25383717 0.77582324
v -0.23327245 0.24938567 0.77919954
v -0.21967414 0.24458204 0.78236055
v -0.20587325 0.23993805 0.78563672
v -0.19582181 0.23170176 0.78659254
v -0.18829185 0.22107095 0.78599417
v 0.16399983 0.29543626 0.92646796
v 0.17568615 0.28786892 0.92817104
v 0.19028191 0.28288907 0.93161571
v 0.20627269 0.27911875 0.93588626
v 0.22398065 0.27683172 0.94117188
v 0.24181996 0.27460730 0.94652015
v 0.26057199 0.27313453 0.95239705
v 0.28122407 0.27327433 0.95938861
v 0.30363405 0.27488500 0.96740502
v -0.31446078 0.31413078 0.78497994
v -0.31281638 0.29775962 0.78069150
v -0.30629843 0.28620276 0.77947468
v -0.29611388 0.27823430 0.78055876
v -0.28498849 0.27116874 0.78222793
v -0.27075142 0.26709935 0.78583515
v -0.25654405 0.26296327 0.78941250
v -0.23932612 0.26168555 0.79485315
v -0.22124043 0.26118267 0.80081630
v -0.19978951 0.26383245 0.80884957
v 0.17905201 0.29096803 0.94490534
v 0.19376639 0.28607392 0.94842982
v 0.20913789 0.28173029 0.95233929
v 0.22618340 0.27883548 0.95724326
v 0.24473974 0.27722976 0.96303910
v 0.26381865 0.27602679 0.96913064
v 0.28641427 0.27785718 0.97730827
v -0.32517156 0.30392286 0.79235363
v -0.31903270 0.29198965 0.79089117
v -0.30953526 0.28335851 0.79154968
v -0.29914489 0.27559122 0.79276788
v -0.28464618 0.27180403 0.79656267
v -0.27017289 0.26795226 0.80032974
v -0.25280651 0.26685363 0.80589646
v -0.23502423 0.26609668 0.81170583
v -0.21411099 0.26828077 0.81945163
v -0.19071701 0.27275413 0.82871932
v 0.20008974 0.29180071 0.96699649
v 0.21479580 0.28683388 0.97051126
v 0.23171617 0.28380045 0.97535175
v 0.24981667 0.28176385 0.98088896
v 0.27522576 0.28612572 0.99080735
v -0.33092609 0.31660670 0.80820620
v -0.33126819 0.29826036 0.80261618
v -0.32402059 0.28742561 0.80185324
v -0.31280151 0.28048554 0.80360556
v -0.30014357 0.27493030 0.80626142
v -0.28490311 0.27185729 0.81053776
v -0.26903641 0.26934606 0.81519514
v -0.25101057 0.26887035 0.82119542
v -0.23226592 0.26902351 0.82762831
v -0.21141161 0.27113229 0.83536351
v -0.18766494 0.27592421 0.84488475
v -0.34264493 0.30537564 0.81488448
v -0.33688441 0.29307082 0.81316924
v -0.32704723 0.28478733 0.81405348
v -0.31583047 0.27784479 0.81581157
v -0.30092615 0.27448034 0.81990325
v -0.28562784 0.27145612 0.82423162
v -0.26826000 0.27039149 0.82985514
v -0.25015488 0.26997986 0.83592647
v -0.23051603 0.27098072 0.84294581
v -0.20964339 0.27309155 0.85071975
v -0.18577936 0.27798021 0.86034954
v -0.34894463 0.29950184 0.82499099
v -0.34189829 0.28847453 0.82409471
v -0.33018076 0.28204411 0.82618612
v -0.31760457 0.27643216 0.82881868
v -0.30199581 0.27375072 0.83337462
v -0.28629541 0.27111080 0.83797443
v -0.26817009 0.27077225 0.84409976
v -0.25001416 0.27039951 0.85022527
v -0.22973794 0.27200332 0.85767382
v -0.20901929 0.27395418 0.86537874
v -0.18496068 0.27901712 0.87516731
v -0.35601506 0.31088054 0.84002602
v -0.35382268 0.29503331 0.83599573
v -0.34478176 0.28597751 0.83637941
v -0.33311039 0.27950108 0.83844954
v -0.31882265 0.27556399 0.84218913
v -0.30320245 0.27288768 0.84676927
v -0.28647873 0.27123657 0.85203969
v -0.26835284 0.27088925 0.85818762
v -0.24980029 0.27089015 0.86458790
v -0.22934136 0.27265924 0.87217987
v -0.20823883 0.27496713 0.88015664
v -0.18420942 0.27998993 0.88996309
v -0.36497018 0.30236068 0.84839725
v -0.35850060 0.29076254 0.84712064
v -0.34755293 0.28359118 0.84873790
v -0.33582881 0.27716553 0.85085011
v -0.32020459 0.27453563 0.85546440
v -0.30454940 0.27188802 0.86008400
v -0.28709936 0.27093750 0.86584002
v -0.26895973 0.27059564 0.87201953
v -0.24984728 0.27112925 0.87880147
v -0.22943534 0.27284345 0.88639146
v -0.20763254 0.27581340 0.89484417
v -0.18371834 0.28071445 0.90461385
v -0.36905128 0.29867688 0.85990548
v -0.36201629 0.28764096 0.85899156
v -0.35026377 0.28126431 0.86113733
v -0.33727753 0.27607721 0.86407429
v -0.32160670 0.27348769 0.86873579
v -0.30580735 0.27097538 0.87346554
v -0.28772390 0.27063492 0.87965113
v -0.26957592 0.27029327 0.88585877
v -0.24988459 0.27137804 0.89303750
v -0.22946176 0.27309301 0.90066242
v -0.20679492 0.27688193 0.90969944
v -0.17948315 0.28501782 0.92167568
v -0.37006405 0.31609643 0.87893230
v -0.37214199 0.29597589 0.87205505
v -0.36400905 0.28602567 0.87185282
v -0.35233977 0.27956331 0.87395191
v -0.33852288 0.27518889 0.87743938
v -0.32288471 0.27256152 0.88209701
v -0.30649096 0.27062333 0.88722903
v -0.28840581 0.27027678 0.89343834
v -0.27025077 0.26993436 0.89967346
v -0.24986748 0.27167976 0.90732509
v -0.22943121 0.27339774 0.91498661
v -0.20552261 0.27836779 0.92485499
v -0.37480125 0.31175658 0.89002961
v -0.37506872 0.29343763 0.88431233
v -0.36600062 0.28441170 0.88472086
v -0.35440454 0.27787352 0.88677955
v -0.33974636 0.27432233 0.89082885
v -0.32414815 0.27164984 0.89547741
v -0.30717495 0.27027112 0.90100521
v -0.28908467 0.26992196 0.90724063
v -0.27032298 0.27015969 0.91389173
v -0.24989390 0.27193969 0.92160100
v -0.22838174 0.27468345 0.92998582
v -0.20413661 0.27996311 0.94010723
v -0.37648159 0.31046104 0.90313298
v -0.37618625 0.29269508 0.89776093
v -0.36711383 0.28366670 0.89817208
v -0.35565609 0.27698553 0.90014619
v -0.34061515 0.27380440 0.90446067
v -0.32502279 0.27111894 0.90912199
v -0.30753347 0.27023682 0.91500682
v -0.28942427 0.26989731 0.92127705
v -0.26982793 0.27093503 0.92849541
v -0.24932854 0.27277148 0.93627805
v -0.22590005 0.27734801 0.94593626
v -0.37387180 0.31343883 0.91908282
v -0.37675989 0.29249284 0.91157991
v -0.36792338 0.28322238 0.91183430
v -0.35654691 0.27645338 0.91376042
v -0.34122190 0.27354425 0.91827685
v -0.32571191 0.27077004 0.92290032
v -0.30773288 0.27035806 0.92912751
v -0.28966731 0.26996687 0.93539166
v -0.26925799 0.27178344 0.94316757
v -0.24806401 0.27427900 0.95143092
v -0.22325842 0.28005159 0.96181011
v -0.37455079 0.29505333 0.92725831
v -0.36685309 0.28463811 0.92675382
v -0.35570955 0.27762550 0.92852944
v -0.34086680 0.27422947 0.93274152
v -0.32493672 0.27185532 0.93765694
v -0.30711478 0.27127752 0.94380194
v -0.28815466 0.27174425 0.95067525
v -0.26750726 0.27377665 0.95863378
v -0.24341992 0.27905121 0.96882051
v -0.36861959 0.30130979 0.94544417
v -0.36384991 0.28796685 0.94298130
v -0.35346296 0.28018761 0.94425529
v -0.33944130 0.27596700 0.94793433
v -0.32353011 0.27355945 0.95285231
v -0.30610195 0.27258259 0.95875710
v -0.28598467 0.27416146 0.96641713
v -0.26306722 0.27837703 0.97589737
v -0.35303843 0.29902238 0.96445429
v -0.34714264 0.28676736 0.96272504
v -0.33574679 0.27993485 0.96466172
v -0.31965709 0.27767956 0.96971071
v -0.30100164 0.27787751 0.97644603
v -0.27922490 0.28104344 0.98522741
f 1 25 24
f 2 25 1
f 2 26 25
f 3 26 2
f 3 27 26
f 4 27 3
f 4 28 27
f 5 28 4
f 5 29 28
f 6 29 5
f 6 30 29
f 7 30 6
f 7 31 30
f 8 31 7
f 8 32 31
f 9 32 8
f 9 33 32
f 10 33 9
f 10 34 33
f 11 34 10
f 11 35 34
f 12 35 11
f 12 36 35
f 13 36 12
f 13 37 36
f 14 37 13
f 14 38 37
f 15 38 14
f 15 39 38
f 16 39 15
f 16 40 39
f 17 40 16
f 17 41 40
f 18 41 17
f 18 42 41
f 19 42 18
f 19 43 42
f 20 55 54
f 21 55 20
f 21 56 55
f 22 56 21
f 22 57 56
f 23 57 22
f 23 58 57
f 24 58 23
f 24 59 58
f 25 59 24
f 25 60 59
f 26 60 25
f 26 61 60
f 27 61 26
f 27 62 61
f 28 62 27
f 28 63 62
f 29 63 28
f 29 64 63
f 30 64 29
f 30 65 64
f 31 65 30
f 31 66 65
f 32 66 31
f 32 67 66
f 33 67 32
f 33 68 67
f 34 68 33
f 34 69 68
f 35 69 34
f 35 70 69
f 36 70 35
f 36 71 70
f 37 71 36
f 37 72 71
f 38 72 37
f 38 73 72
f 39 73 38
f 39 74 73
f 40 74 39
f 40 75 74
f 41 75 40
f 41 76 75
f 42 76 41
f 42 77 76
f 43 77 42
f 43 78 77
f 44 78 43
f 44 79 78
f 45 79 44
f 45 80 79
f 46 80 45
f 46 81 80
f 47 81 46
f 47 82 81
f 48 82 47
f 48 83 82
f 49 83 48
f 49 84 83
f 50 84 49
f 50 85 84
f 51 98 97
f 52 98 51
f 52 99 98
f 53 99 52
f 53 100 99
f 54 100 53
f 54 101 100
f 55 101 54
f 55 102 101
f 56 102 55
f 56 103 102
f 57 103 56
f 57 104 103
f 58 104 57
f 58 105 104
f 59 105 58
f 59 106 105
f 60 106 59
f 60 107 106
f 61 107 60
f 61 108 107
f 62 108 61
f 62 109 108
f 63 109 62
f 63 110 109
f 64 110 63
f 64 111 110
f 65 111 64
f 65 112 111
f 66 112 65
f 66 113 112
f 67 113 66
f 67 114 113
f 68 114 67
f 68 115 114
f 69 115 68
f 69 116 115
f 70 116 69
f 70 117 116
f 71 117 70
f 71 118 117
f 72 118 71
f 72 119 118
f 73 119 72
f 73 120 119
f 74 120 73
f 74 121 120
f 75 121 74
f 75 122 121
f 76 122 75
f 76 123 122
f 77 123 76
f 77 124 123
f 78 124 77
f 78 125 124
f 79 125 78
f 79 126 125
f 80 126 79
f 80 127 126
f 81 127 80
f 81 128 127
f 82 128 81
f 82 129 128
f 83 129 82
f 83 130 129
f 84 130 83
f 84 131 130
f 85 131 84
f 85 132 131
f 86 132 85
f 86 133 132
f 87 133 86
f 87 134 133
f 88 134 87
f 88 135 134
f 89 135 88
f 89 136 135
f 90 136 89
f 90 137 136
f 91 137 90
f 91 138 137
f 92 138 91
f 92 139 138
f 93 139 92
f 93 140 139
f 94 155 154
f 95 155 94
f 95 156 155
f 96 156 95
f 96 157 156
f 97 157 96
f 97 158 157
f 98 158 97
f 98 159 158
f 99 159 98
f 99 160 159
f 100 160 99
f 100 161 160
f 101 161 100
f 101 162 161
f 102 162 101
f 102 163 162
f 103 163 102
f 103 164 163
f 104 164 103
f 104 165 164
f 105 165 104
f 105 166 165
f 106 166 105
f 106 167 166
f 107 167 106
f 107 168 167
f 108 168 107
f 108 169 168
f 109 169 108
f 109 170 169
f 110 170 109
f 110 171 170
f 111 171 110
f 111 172 171
f 112 172 111
f 112 173 172
f 113 173 112
f 113 174 173
f 114 174 113
f 114 175 174
f 115 175 114
f 115 176 175
f 116 176 115
f 116 177 176
f 117 177 116
f 117 178 177
f 118 178 117
f 118 179 178
f 119 179 118
f 119 180 179
f 120 180 119
f 120 181 180
f 121 181 120
f 121 182 181
f 122 182 121
f 122 183 182
f 123 183 122
f 123 184 183
f 124 184 123
f 124 185 184
f 125 185 124
f 125 186 185
f 126 186 125
f 126 187 186
f 127 187 126
f 127 188 187
f 128 188 127
f 128 189 188
f 129 189 128
f 129 190 189
f 130 190 129
f 130 191 190
f 131 191 130
f 131 192 191
f 132 192 131
f 132 193 192
f 133 193 132
f 133 194 193
f 134 194 133
f 134 195 194
f 135 195 134
f 135 196 195
f 136 196 135
f 136 197 196
f 137 197 136
f 137 198 197
f 138 198 137
f 138 199 198
f 139 199 138
f 139 200 199
f 140 200 139
f 140 201 200
f 141 201 140
f 141 202 201
f 142 202 141
f 142 203 202
f 143 203 142
f 143 204 203
f 144 204 143
f 144 205 204
f 145 205 144
f 145 206 205
f 146 206 145
f 146 207 206
f 147 207 146
f 147 208 207
f 148 208 147
f 148 209 208
f 149 209 148
f 149 210 209
f 150 210 149
f 150 211 210
f 151 228 227
f 152 228 151
f 152 229 228
f 153 229 152
f 153 230 229
f 154 230 153
f 154 231 230
f 155 231 154
f 155 232 231
f 156 232 155
f 156 233 232
f 157 233 156
f 157 234 233
f 158 234 157
f 158 235 234
f 159 235 158
f 159 236 235
f 160 236 159
f 160 237 236
f 161 237 160
f 161 238 237
f 162 238 161
f 162 239 238
f 163 239 162
f 163 240 239
f 164 240 163
f 164 241 240
f 165 241 164
f 165 242 241
f 166 242 165
f 166 243 242
f 167 243 166
f 167 244 243
f 168 244 167
f 168 245 244
f 169 245 168
f 169 246 245
f 170 246 169
f 170 247 246
f 171 247 170
f 171 248 247
f 172 248 171
f 172 249 248
f 173 249 172
f 173 250 249
f 174 250 173
f 174 251 250
f 175 251 174
f 175 252 251
f 176 252 175
f 176 253 252
f 177 253 176
f 177 254 253
f 178 254 177
f 178 255 254
f 179 255 178
f 179 256 255
f 180 256 179
f 180 257 256
f 181 257 180
f 181 258 257
f 182 258 181
f 182 259 258
f 183 259 182
f 183 260 259
f 184 260 183
f 184 261 260
f 185 261 184
f 185 262 261
f 186 262 185
f 186 263 262
f 187 263 186
f 187 264 263
f 188 264 187
f 188 265 264
f 189 265 188
f 189 266 265
f 190 266 189
f 190 267 266
f 191 267 190
f 191 268 267
f 192 268 191
f 192 269 268
f 193 269 192
f 193 270 269
f 194 270 193
f 194 271 270
f 195 271 194
f 195 272 271
f 196 272 195
f 196 273 272
f 197 273 196
f 197 274 273
f 198 274 197
f 198 275 274
f 199 275 198
f 199 276 275
f 200 276 199
f 200 277 276
f 201 277 200
f 201 278 277
f 202 278 201
f 202 279 278
f 203 279 202
f 203 280 279
f 204 280 203
f 204 281 280
f 205 281 204
f 205 282 281
f 206 282 205
f 206 283 282
f 207 283 206
f 207 284 283
f 208 284 207
f 208 285 284
f 209 285 208
f 209 286 285
f 210 286 209
f 210 287 286
f 211 287 210
f 211 288 287
f 212 288 211
f 212 289 288
f 213 289 212
f 213 290 289
f 214 290 213
f 214 291 290
f 215 291 214
f 215 292 291
f 216 292 215
f 216 293 292
f 217 293 216
f 217 294 293
f 218 294 217
f 218 295 294
f 219 295 218
f 219 296 295
f 220 296 219
f 220 297 296
f 221 297 220
f 221 298 297
f 222 298 221
f 222 299 298
f 223 299 222
f 223 300 299
f 224 300 223
f 224 301 300
f 225 301 224
f 226 316 315
f 227 316 226
f 227 317 316
f 228 317 227
f 228 318 317
f 229 318 228
f 229 319 318
f 230 319 229
f 230 320 319
f 231 320 230
f 231 321 320
f 232 321 231
f 232 322 321
f 233 322 232
f 233 323 322
f 234 323 233
f 234 324 323
f 235 324 234
f 235 325 324
f 236 325 235
f 236 326 325
f 237 326 236
f 237 327 326
f 238 327 237
f 238 328 327
f 239 328 238
f 239 329 328
f 240 329 239
f 240 330 329
f 241 330 240
f 241 331 330
f 242 331 241
f 242 332 331
f 243 332 242
f 243 333 332
f 244 333 243
f 244 334 333
f 245 334 244
f 245 335 334
f 246 335 245
f 246 336 335
f 247 336 246
f 247 337 336
f 248 337 247
f 248 338 337
f 249 338 248
f 249 339 338
f 250 339 249
f 250 340 339
f 251 340 250
f 251 341 340
f 252 341 251
f 252 342 341
f 253 342 252
f 253 343 342
f 254 343 253
f 254 344 343
f 255 344 254
f 255 345 344
f 256 345 255
f 256 346 345
f 257 346 256
f 257 347 346
f 258 347 257
f 258 348 347
f 259 348 258
f 259 349 348
f 260 349 259
f 260 350 349
f 261 350 260
f 261 351 350
f 262 351 261
f 262 352 351
f 263 352 262
f 263 353 352
f 264 353 263
f 264 354 353
f 265 354 264
f 265 355 354
f 266 355 265
f 266 356 355
f 267 356 266
f 267 357 356
f 268 357 267
f 268 358 357
f 269 358 268
f 269 359 358
f 270 359 269
f 270 360 359
f 271 360 270
f 271 361 360
f 272 361 271
f 272 362 361
f 273 362 272
f 273 363 362
f 274 363 273
f 274 364 363
f 275 364 274
f 275 365 364
f 276 365 275
f 276 366 365
f 277 366 276
f 277 367 366
f 278 367 277
f 278 368 367
f 279 368 278
f 279 369 368
f 280 369 279
f 280 370 369
f 281 370 280
f 281 371 370
f 282 371 281
f 282 372 371
f 283 372 282
f 283 373 372
f 284 373 283
f 284 374 373
f 285 374 284
f 285 375 374
f 286 375 285
f 286 376 375
f 287 376 286
f 287 377 376
f 288 377 287
f 288 378 377
f 289 378 288
f 289 379 378
f 290 379 289
f 290 380 379
f 291 380 290
f 291 381 380
f 292 381 291
f 292 382 381
f 293 382 292
f 293 383 382
f 294 383 293
f 294 384 383
f 295 384 294
f 295 385 384
f 296 385 295
f 296 386 385
f 297 386 296
f 297 387 386
f 298 387 297
f 298 388 387
f 299 388 298
f 299 389 388
f 300 389 299
f 300 390 389
f 301 390 300
f 301 391 390
f 302 391 301
f 302 392 391
f 303 392 302
f 303 393 392
f 304 393 303
f 304 394 393
f 305 394 304
f 305 395 394
f 306 395 305
f 306 396 395
f 307 396 306
f 307 397 396
f 308 397 307
f 308 398 397
f 309 398 308
f 309 399 398
f 310 399 309
f 310 400 399
f 311 400 310
f 311 401 400
f 312 401 311
f 312 402 401
f 313 402 312
f 313 403 402
f 314 412 411
f 315 412 314
f 315 413 412
f 316 413 315
f 316 414 413
f 317 414 316
f 317 415 414
f 318 415 317
f 318 416 415
f 319 416 318
f 319 417 416
f 320 417 319
f 320 418 417
f 321 418 320
f 321 419 418
f 322 419 321
f 322 420 419
f 323 420 322
f 323 421 420
f 324 421 323
f 324 422 421
f 325 422 324
f 325 423 422
f 326 423 325
f 326 424 423
f 327 424 326
f 327 425 424
f 328 425 327
f 328 426 425
f 329 426 328
f 329 427 426
f 330 427 329
f 330 428 427
f 331 428 330
f 331 429 428
f 332 429 331
f 332 430 429
f 333 430 332
f 333 431 430
f 334 431 333
f 334 432 431
f 335 432 334
f 335 433 432
f 336 433 335
f 336 434 433
f 337 434 336
f 337 435 434
f 338 435 337
f 338 436 435
f 339 436 338
f 339 437 436
f 340 437 339
f 340 438 437
f 341 438 340
f 341 439 438
f 342 439 341
f 342 440 439
f 343 440 342
f 343 441 440
f 344 441 343
f 344 442 441
f 345 442 344
f 345 443 442
f 346 443 345
f 346 444 443
f 347 444 346
f 347 445 444
f 348 445 347
f 348 446 445
f 349 446 348
f 349 447 446
f 350 447 349
f 350 448 447
f 351 448 350
f 351 449 448
f 352 449 351
f 352 450 449
f 353 450 352
f 353 451 450
f 354 451 353
f 354 452 451
f 355 452 354
f 355 453 452
f 356 453 355
f 356 454 453
f 357 454 356
f 357 455 454
f 358 455 357
f 358 456 455
f 359 456 358
f 359 457 456
f 360 457 359
f 360 458 457
f 361 458 360
f 361 459 458
f 362 459 361
f 362 460 459
f 363 460 362
f 363 461 460
f 364 461 363
f 364 462 461
f 365 462 364
f 365 463 462
f 366 463 365
f 366 464 463
f 367 464 366
f 367 465 464
f 368 465 367
f 368 466 465
f 369 466 368
f 369 467 466
f 370 467 369
f 370 468 467
f 371 468 370
f 371 469 468
f 372 469 371
f 372 470 469
f 373 470 372
f 373 471 470
f 374 471 373
f 374 472 471
f 375 472 374
f 375 473 472
f 376 473 375
f 376 474 473
f 377 474 376
f 377 475 474
f 378 475 377
f 378 476 475
f 379 476 378
f 379 477 476
f 380 477 379
f 380 478 477
f 381 478 380
f 381 479 478
f 382 479 381
f 382 480 479
f 383 480 382
f 383 481 480
f 384 481 383
f 384 482 481
f 385 482 384
f 385 483 482
f 386 483 385
f 386 484 483
f 387 484 386
f 387 485 484
f 388 485 387
f 388 486 485
f 389 486 388
f 389 487 486
f 390 487 389
f 390 488 487
f 391 488 390
f 391 489 488
f 392 489 391
f 392 490 489
f 393 490 392
f 393 491 490
f 394 491 393
f 394 492 491
f 395 492 394
f 395 493 492
f 396 493 395
f 396 494 493
f 397 494 396
f 397 495 494
f 398 495 397
f 398 496 495
f 399 496 398
f 399 497 496
f 400 497 399
f 400 498 497
f 401 498 400
f 401 499 498
f 402 499 401
f 402 500 499
f 403 500 402
f 403 501 500
f 404 501 403
f 404 502 501
f 405 502 404
f 405 503 502
f 406 503 405
f 406 504 503
f 407 504 406
f 407 505 504
f 408 505 407
f 408 506 505
f 409 506 408
f 409 507 506
f 410 512 511
f 411 512 410
f 411 513 512
f 412 513 411
f 412 514 513
f 413 514 412
f 413 515 514
f 414 515 413
f 414 516 515
f 415 516 414
f 415 517 516
f 416 517 415
f 416 518 517
f 417 518 416
f 417 519 518
f 418 519 417
f 418 520 519
f 419 520 418
f 419 521 520
f 420 521 419
f 420 522 521
f 421 522 420
f 421 523 522
f 422 523 421
f 422 524 523
f 423 524 422
f 423 525 524
f 424 525 423
f 424 526 525
f 425 526 424
f 425 527 526
f 426 527 425
f 426 528 527
f 427 528 426
f 427 529 528
f 428 529 427
f 428 530 529
f 429 530 428
f 429 531 530
f 430 531 429
f 430 532 531
f 431 532 430
f 431 533 532
f 432 533 431
f 432 534 533
f 433 534 432
f 433 535 534
f 434 535 433
f 434 536 535
f 435 536 434
f 435 537 536
f 436 537 435
f 436 538 537
f 437 538 436
f 437 539 538
f 438 539 437
f 438 540 539
f 439 540 438
f 439 541 540
f 440 541 439
f 440 542 541
f 441 542 440
f 441 543 542
f 442 543 441
f 442 544 543
f 443 544 442
f 443 545 544
f 444 545 443
f 444 546 545
f 445 546 444
f 445 547 546
f 446 547 445
f 446 548 547
f 447 548 446
f 447 549 548
f 448 549 447
f 448 550 549
f 449 550 448
f 449 551 550
f 450 551 449
f 450 552 551
f 452 553 451
f 452 554 553
f 453 554 452
f 453 555 554
f 454 555 453
f 454 556 555
f 455 556 454
f 455 557 556
f 456 557 455
f 456 558 557
f 457 558 456
f 457 559 558
f 458 559 457
f 458 560 559
f 459 560 458
f 459 561 560
f 460 561 459
f 460 562 561
f 461 562 460
f 461 563 562
f 462 563 461
f 462 564 563
f 463 564 462
f 463 565 564
f 464 565 463
f 464 566 565
f 465 566 464
f 465 567 566
f 466 567 465
f 466 568 567
f 467 568 466
f 467 569 568
f 468 569 467
f 468 570 569
f 469 570 468
f 469 571 570
f 470 571 469
f 470 572 571
f 471 572 470
f 471 573 572
f 472 573 471
f 472 574 573
f 473 574 472
f 473 575 574
f 474 575 473
f 474 576 575
f 475 576 474
f 475 577 576
f 476 577 475
f 476 578 577
f 477 578 476
f 477 579 578
f 478 579 477
f 478 580 579
f 479 580 478
f 479 581 580
f 480 581 479
f 480 582 581
f 481 582 480
f 481 583 582
f 482 583 481
f 482 584 583
f 483 584 482
f 483 585 584
f 484 585 483
f 484 586 585
f 485 586 484
f 485 587 586
f 486 587 485
f 486 588 587
f 487 588 486
f 487 589 588
f 488 589 487
f 488 590 589
f 489 590 488
f 489 591 590
f 490 591 489
f 490 592 591
f 491 592 490
f 491 593 592
f 492 593 491
f 492 594 593
f 493 594 492
f 493 595 594
f 494 595 493
f 494 596 595
f 495 596 494
f 495 597 596
f 496 597 495
f 496 598 597
f 497 598 496
f 497 599 598
f 498 599 497
f 498 600 599
f 499 600 498
f 499 601 600
f 500 601 499
f 500 602 601
f 501 602 500
f 501 603 602
f 502 603 501
f 502 604 603
f 503 604 502
f 503 605 604
f 504 605 503
f 504 606 605
f 505 606 504
f 505 607 606
f 506 607 505
f 506 608 607
f 507 608 506
f 507 609 608
f 508 609 507
f 508 610 609
f 509 610 508
f 509 611 610
f 510 611 509
f 510 612 611
f 511 616 615
f 512 616 511
f 512 617 616
f 513 617 512
f 513 618 617
f 514 618 513
f 514 619 618
f 515 619 514
f 515 620 619
f 516 620 515
f 516 621 620
f 517 621 516
f 517 622 621
f 518 622 517
f 518 623 622
f 519 623 518
f 519 624 623
f 520 624 519
f 520 625 624
f 521 625 520
f 521 626 625
f 522 626 521
f 522 627 626
f 523 627 522
f 523 628 627
f 524 628 523
f 524 629 628
f 525 629 524
f 525 630 629
f 526 630 525
f 526 631 630
f 527 631 526
f 527 632 631
f 528 632 527
f 528 633 632
f 529 633 528
f 529 634 633
f 530 634 529
f 530 635 634
f 531 635 530
f 531 636 635
f 532 636 531
f 532 637 636
f 533 637 532
f 533 638 637
f 534 638 533
f 534 639 638
f 535 639 534
f 535 640 639
f 536 640 535
f 536 641 640
f 537 641 536
f 537 642 641
f 538 642 537
f 538 643 642
f 539 643 538
f 539 644 643
f 540 644 539
f 540 645 644
f 541 645 540
f 541 646 645
f 542 646 541
f 542 647 646
f 543 647 542
f 543 648 647
f 544 648 543
f 544 649 648
f 545 649 544
f 545 650 649
f 546 650 545
f 546 651 650
f 547 651 546
f 547 652 651
f 548 652 547
f 548 653 652
f 549 653 548
f 549 654 653
f 550 654 549
f 550 655 654
f 551 655 550
f 551 656 655
f 552 656 551
f 552 657 656
f 553 657 552
f 556 659 555
f 556 660 659
f 557 660 556
f 557 661 660
f 558 661 557
f 558 662 661
f 559 662 558
f 559 663 662
f 560 663 559
f 560 664 663
f 561 664 560
f 561 665 664
f 562 665 561
f 562 666 665
f 563 666 562
f 563 667 666
f 564 667 563
f 564 668 667
f 565 668 564
f 565 669 668
f 566 669 565
f 566 670 669
f 567 670 566
f 567 671 670
f 568 671 567
f 568 672 671
f 569 672 568
f 569 673 672
f 570 673 569
f 570 674 673
f 571 674 570
f 571 675 674
f 572 675 571
f 572 676 675
f 573 676 572
f 573 677 676
f 574 677 573
f 574 678 677
f 575 678 574
f 575 679 678
f 576 679 575
f 576 680 679
f 577 680 576
f 577 681 680
f 578 681 577
f 578 682 681
f 579 682 578
f 579 683 682
f 580 683 579
f 580 684 683
f 581 684 580
f 581 685 684
f 582 685 581
f 582 686 685
f 583 686 582
f 583 687 686
f 584 687 583
f 584 688 687
f 585 688 584
f 585 689 688
f 586 689 585
f 586 690 689
f 587 690 586
f 587 691 690
f 588 691 587
f 588 692 691
f 589 692 588
f 589 693 692
f 590 693 589
f 590 694 693
f 591 694 590
f 591 695 694
f 592 695 591
f 592 696 695
f 593 696 592
f 593 697 696
f 594 697 593
f 594 698 697
f 595 698 594
f 595 699 698
f 596 699 595
f 596 700 699
f 597 700 596
f 597 701 700
f 598 701 597
f 598 702 701
f 599 702 598
f 599 703 702
f 600 703 599
f 600 704 703
f 601 704 600
f 601 705 704
f 602 705 601
f 602 706 705
f 603 706 602
f 603 707 706
f 604 707 603
f 604 708 707
f 605 708 604
f 605 709 708
f 606 709 605
f 606 710 709
f 607 710 606
f 607 711 710
f 608 711 607
f 608 712 711
f 609 712 608
f 609 713 712
f 610 713 609
f 610 714 713
f 611 714 610
f 611 715 714
f 612 715 611
f 612 716 715
f 613 716 612
f 613 717 716
f 614 721 720
f 615 721 614
f 615 722 721
f 616 722 615
f 616 723 722
f 617 723 616
f 617 724 723
f 618 724 617
f 618 725 724
f 619 725 618
f 619 726 725
f 620 726 619
f 620 727 726
f 621 727 620
f 621 728 727
f 622 728 621
f 622 729 728
f 623 729 622
f 623 730 729
f 624 730 623
f 624 731 730
f 625 731 624
f 625 732 731
f 626 732 625
f 626 733 732
f 627 733 626
f 627 734 733
f 628 734 627
f 628 735 734
f 629 735 628
f 629 736 735
f 630 736 629
f 630 737 736
f 631 737 630
f 631 738 737
f 632 738 631
f 632 739 738
f 633 739 632
f 633 740 739
f 634 740 633
f 634 741 740
f 635 741 634
f 635 742 741
f 636 742 635
f 636 743 742
f 637 743 636
f 637 744 743
f 638 744 637
f 638 745 744
f 639 745 638
f 639 746 745
f 640 746 639
f 640 747 746
f 641 747 640
f 641 748 747
f 642 748 641
f 642 749 748
f 643 749 642
f 643 750 749
f 644 750 643
f 644 751 750
f 645 751 644
f 645 752 751
f 646 752 645
f 646 753 752
f 647 753 646
f 647 754 753
f 648 754 647
f 648 755 754
f 649 755 648
f 649 756 755
f 650 756 649
f 650 757 756
f 651 757 650
f 651 758 757
f 652 758 651
f 652 759 758
f 653 759 652
f 653 760 759
f 654 760 653
f 654 761 760
f 655 761 654
f 655 762 761
f 656 762 655
f 656 763 762
f 657 763 656
f 657 764 763
f 658 764 657
f 662 768 661
f 662 769 768
f 663 769 662
f 663 770 769
f 664 770 663
f 664 771 770
f 665 771 664
f 665 772 771
f 666 772 665
f 666 773 772
f 667 773 666
f 667 774 773
f 668 774 667
f 668 775 774
f 669 775 668
f 669 776 775
f 670 776 669
f 670 777 776
f 671 777 670
f 671 778 777
f 672 778 671
f 672 779 778
f 673 779 672
f 673 780 779
f 674 780 673
f 674 781 780
f 675 781 674
f 675 782 781
f 676 782 675
f 676 783 782
f 677 783 676
f 677 784 783
f 678 784 677
f 678 785 784
f 679 785 678
f 679 786 785
f 680 786 679
f 680 787 786
f 681 787 680
f 681 788 787
f 682 788 681
f 682 789 788
f 683 789 682
f 683 790 789
f 684 790 683
f 684 791 790
f 685 791 684
f 685 792 791
f 686 792 685
f 686 793 792
f 687 793 686
f 687 794 793
f 688 794 687
f 688 795 794
f 689 795 688
f 689 796 795
f 690 796 689
f 690 797 796
f 691 797 690
f 691 798 797
f 692 798 691
f 692 799 798
f 693 799 692
f 693 800 799
f 694 800 693
f 694 801 800
f 695 801 694
f 695 802 801
f 696 802 695
f 696 803 802
f 697 803 696
f 697 804 803
f 698 804 697
f 698 805 804
f 699 805 698
f 699 806 805
f 700 806 699
f 700 807 806
f 701 807 700
f 701 808 807
f 702 808 701
f 702 809 808
f 703 809 702
f 703 810 809
f 704 810 703
f 704 811 810
f 705 811 704
f 705 812 811
f 706 812 705
f 706 813 812
f 707 813 706
f 707 814 813
f 708 814 707
f 708 815 814
f 709 815 708
f 709 816 815
f 710 816 709
f 710 817 816
f 711 817 710
f 711 818 817
f 712 818 711
f 712 819 818
f 713 819 712
f 713 820 819
f 714 820 713
f 714 821 820
f 715 821 714
f 715 822 821
f 716 822 715
f 716 823 822
f 717 823 716
f 717 824 823
f 718 824 717
f 718 825 824
f 719 825 718
f 719 826 825
f 721 828 720
f 721 829 828
f 722 829 721
f 722 830 829
f 723 830 722
f 723 831 830
f 724 831 723
f 724 832 831
f 725 832 724
f 725 833 832
f 726 833 725
f 726 834 833
f 727 834 726
f 727 835 834
f 728 835 727
f 728 836 835
f 729 836 728
f 729 837 836
f 730 837 729
f 730 838 837
f 731 838 730
f 731 839 838
f 732 839 731
f 732 840 839
f 733 840 732
f 733 841 840
f 734 841 733
f 734 842 841
f 735 842 734
f 735 843 842
f 736 843 735
f 736 844 843
f 737 844 736
f 737 845 844
f 738 845 737
f 738 846 845
f 739 846 738
f 739 847 846
f 740 847 739
f 740 848 847
f 741 848 740
f 741 849 848
f 742 849 741
f 742 850 849
f 743 850 742
f 743 851 850
f 744 851 743
f 744 852 851
f 745 852 744
f 745 853 852
f 746 853 745
f 746 854 853
f 747 854 746
f 747 855 854
f 748 855 747
f 748 856 855
f 749 856 748
f 749 857 856
f 750 857 749
f 750 858 857
f 751 858 750
f 751 859 858
f 752 859 751
f 752 860 859
f 753 860 752
f 753 861 860
f 754 861 753
f 754 862 861
f 755 862 754
f 755 863 862
f 756 863 755
f 756 864 863
f 757 864 756
f 757 865 864
f 758 865 757
f 758 866 865
f 759 866 758
f 759 867 866
f 760 867 759
f 760 868 867
f 761 868 760
f 761 869 868
f 762 869 761
f 762 870 869
f 763 870 762
f 763 871 870
f 764 871 763
f 764 872 871
f 765 872 764
f 765 873 872
f 766 873 765
f 766 874 873
f 767 874 766
f 771 878 770
f 771 879 878
f 772 879 771
f 772 880 879
f 773 880 772
f 773 881 880
f 774 881 773
f 774 882 881
f 775 882 774
f 775 883 882
f 776 883 775
f 776 884 883
f 777 884 776
f 777 885 884
f 778 885 777
f 778 886 885
f 779 886 778
f 779 887 886
f 780 887 779
f 780 888 887
f 781 888 780
f 781 889 888
f 782 889 781
f 782 890 889
f 783 890 782
f 783 891 890
f 784 891 783
f 784 892 891
f 785 892 784
f 785 893 892
f 786 893 785
f 786 894 893
f 787 894 786
f 787 895 894
f 788 895 787
f 788 896 895
f 789 896 788
f 789 897 896
f 790 897 789
f 790 898 897
f 791 898 790
f 791 899 898
f 792 899 791
f 792 900 899
f 793 900 792
f 793 901 900
f 794 901 793
f 794 902 901
f 795 902 794
f 795 903 902
f 796 903 795
f 796 904 903
f 797 904 796
f 797 905 904
f 798 905 797
f 798 906 905
f 799 906 798
f 799 907 906
f 800 907 799
f 800 908 907
f 801 908 800
f 801 909 908
f 802 909 801
f 802 910 909
f 803 910 802
f 803 911 910
f 804 911 803
f 804 912 911
f 805 912 804
f 805 913 912
f 806 913 805
f 806 914 913
f 807 914 806
f 807 915 914
f 808 915 807
f 808 916 915
f 809 916 808
f 809 917 916
f 810 917 809
f 810 918 917
f 811 918 810
f 811 919 918
f 812 919 811
f 812 920 919
f 813 920 812
f 813 921 920
f 814 921 813
f 814 922 921
f 815 922 814
f 815 923 922
f 816 923 815
f 816 924 923
f 817 924 816
f 817 925 924
f 818 925 817
f 818 926 925
f 819 926 818
f 819 927 926
f 820 927 819
f 820 928 927
f 821 928 820
f 821 929 928
f 822 929 821
f 822 930 929
f 823 930 822
f 823 931 930
f 824 931 823
f 824 932 931
f 825 932 824
f 825 933 932
f 826 933 825
f 826 934 933
f 827 934 826
f 827 935 934
f 828 937 936
f 829 937 828
f 829 938 937
f 830 938 829
f 830 939 938
f 831 939 830
f 831 940 939
f 832 940 831
f 832 941 940
f 833 941 832
f 833 942 941
f 834 942 833
f 834 943 942
f 835 943 834
f 835 944 943
f 836 944 835
f 836 945 944
f 837 945 836
f 837 946 945
f 838 946 837
f 838 947 946
f 839 947 838
f 839 948 947
f 840 948 839
f 840 949 948
f 841 949 840
f 841 950 949
f 842 950 841
f 842 951 950
f 843 951 842
f 843 952 951
f 844 952 843
f 844 953 952
f 845 953 844
f 845 954 953
f 846 954 845
f 846 955 954
f 847 955 846
f 847 956 955
f 848 956 847
f 848 957 956
f 849 957 848
f 849 958 957
f 850 958 849
f 850 959 958
f 851 959 850
f 851 960 959
f 852 960 851
f 852 961 960
f 853 961 852
f 853 962 961
f 854 962 853
f 854 963 962
f 855 963 854
f 855 964 963
f 856 964 855
f 856 965 964
f 857 965 856
f 857 966 965
f 858 966 857
f 858 967 966
f 859 967 858
f 859 968 967
f 860 968 859
f 860 969 968
f 861 969 860
f 861 970 969
f 862 970 861
f 862 971 970
f 863 971 862
f 863 972 971
f 864 972 863
f 864 973 972
f 865 973 864
f 865 974 973
f 866 974 865
f 866 975 974
f 867 975 866
f 867 976 975
f 868 976 867
f 868 977 976
f 869 977 868
f 869 978 977
f 870 978 869
f 870 979 978
f 871 979 870
f 871 980 979
f 872 980 871
f 872 981 980
f 873 981 872
f 873 982 981
f 874 982 873
f 874 983 982
f 875 983 874
f 875 984 983
f 876 984 875
f 876 985 984
f 877 985 876
f 877 986 985
f 881 990 880
f 881 991 990
f 882 991 881
f 882 992 991
f 883 992 882
f 883 993 992
f 884 993 883
f 884 994 993
f 885 994 884
f 885 995 994
f 886 995 885
f 886 996 995
f 887 996 886
f 887 997 996
f 888 997 887
f 888 998 997
f 889 998 888
f 889 999 998
f 890 999 889
f 890 1000 999
f 891 1000 890
f 891 1001 1000
f 892 1001 891
f 892 1002 1001
f 893 1002 892
f 893 1003 1002
f 894 1003 893
f 894 1004 1003
f 895 1004 894
f 895 1005 1004
f 896 1005 895
f 896 1006 1005
f 897 1006 896
f 897 1007 1006
f 898 1007 897
f 898 1008 1007
f 899 1008 898
f 899 1009 1008
f 900 1009 899
f 900 1010 1009
f 901 1010 900
f 901 1011 1010
f 902 1011 901
f 902 1012 1011
f 903 1012 902
f 903 1013 1012
f 904 1013 903
f 904 1014 1013
f 905 1014 904
f 905 1015 1014
f 906 1015 905
f 906 1016 1015
f 907 1016 906
f 907 1017 1016
f 908 1017 907
f 908 1018 1017
f 909 1018 908
f 909 1019 1018
f 910 1019 909
f 910 1020 1019
f 911 1020 910
f 911 1021 1020
f 912 1021 911
f 912 1022 1021
f 913 1022 912
f 913 1023 1022
f 914 1023 913
f 914 1024 1023
f 915 1024 914
f 915 1025 1024
f 916 1025 915
f 916 1026 1025
f 917 1026 916
f 917 1027 1026
f 918 1027 917
f 918 1028 1027
f 919 1028 918
f 919 1029 1028
f 920 1029 919
f 920 1030 1029
f 921 1030 920
f 921 1031 1030
f 922 1031 921
f 922 1032 1031
f 923 1032 922
f 923 1033 1032
f 924 1033 923
f 924 1034 1033
f 925 1034 924
f 925 1035 1034
f 926 1035 925
f 926 1036 1035
f 927 1036 926
f 927 1037 1036
f 928 1037 927
f 928 1038 1037
f 929 1038 928
f 929 1039 1038
f 930 1039 929
f 930 1040 1039
f 931 1040 930
f 931 1041 1040
f 932 1041 931
f 932 1042 1041
f 933 1042 932
f 933 1043 1042
f 934 1043 933
f 934 1044 1043
f 935 1044 934
f 935 1045 1044
f 936 1048 1047
f 937 1048 936
f 937 1049 1048
f 938 1049 937
f 938 1050 1049
f 939 1050 938
f 939 1051 1050
f 940 1051 939
f 940 1052 1051
f 941 1052 940
f 941 1053 1052
f 942 1053 941
f 942 1054 1053
f 943 1054 942
f 943 1055 1054
f 944 1055 943
f 944 1056 1055
f 945 1056 944
f 945 1057 1056
f 946 1057 945
f 946 1058 1057
f 947 1058 946
f 947 1059 1058
f 948 1059 947
f 948 1060 1059
f 949 1060 948
f 949 1061 1060
f 950 1061 949
f 950 1062 1061
f 951 1062 950
f 951 1063 1062
f 952 1063 951
f 952 1064 1063
f 953 1064 952
f 953 1065 1064
f 954 1065 953
f 954 1066 1065
f 955 1066 954
f 955 1067 1066
f 956 1067 955
f 956 1068 1067
f 957 1068 956
f 957 1069 1068
f 958 1069 957
f 958 1070 1069
f 959 1070 958
f 959 1071 1070
f 960 1071 959
f 960 1072 1071
f 961 1072 960
f 961 1073 1072
f 962 1073 961
f 962 1074 1073
f 963 1074 962
f 963 1075 1074
f 964 1075 963
f 964 1076 1075
f 965 1076 964
f 965 1077 1076
f 966 1077 965
f 966 1078 1077
f 967 1078 966
f 967 1079 1078
f 968 1079 967
f 968 1080 1079
f 969 1080 968
f 969 1081 1080
f 970 1081 969
f 970 1082 1081
f 971 1082 970
f 971 1083 1082
f 972 1083 971
f 972 1084 1083
f 973 1084 972
f 973 1085 1084
f 974 1085 973
f 974 1086 1085
f 975 1086 974
f 975 1087 1086
f 976 1087 975
f 976 1088 1087
f 977 1088 976
f 977 1089 1088
f 978 1089 977
f 978 1090 1089
f 979 1090 978
f 979 1091 1090
f 980 1091 979
f 980 1092 1091
f 981 1092 980
f 981 1093 1092
f 982 1093 981
f 982 1094 1093
f 983 1094 982
f 983 1095 1094
f 984 1095 983
f 984 1096 1095
f 985 1096 984
f 985 1097 1096
f 986 1097 985
f 986 1098 1097
f 987 1098 986
f 987 1099 1098
f 988 1099 987
f 988 1100 1099
f 989 1100 988
f 994 1104 993
f 994 1105 1104
f 995 1105 994
f 995 1106 1105
f 996 1106 995
f 996 1107 1106
f 997 1107 996
f 997 1108 1107
f 998 1108 997
f 998 1109 1108
f 999 1109 998
f 999 1110 1109
f 1000 1110 999
f 1000 1111 1110
f 1001 1111 1000
f 1001 1112 1111
f 1002 1112 1001
f 1002 1113 1112
f 1003 1113 1002
f 1003 1114 1113
f 1004 1114 1003
f 1004 1115 1114
f 1005 1115 1004
f 1005 1116 1115
f 1006 1116 1005
f 1006 1117 1116
f 1007 1117 1006
f 1007 1118 1117
f 1008 1118 1007
f 1008 1119 1118
f 1009 1119 1008
f 1009 1120 1119
f 1010 1120 1009
f 1010 1121 1120
f 1011 1121 1010
f 1011 1122 1121
f 1012 1122 1011
f 1012 1123 1122
f 1013 1123 1012
f 1013 1124 1123
f 1014 1124 1013
f 1014 1125 1124
f 1015 1125 1014
f 1015 1126 1125
f 1016 1126 1015
f 1016 1127 1126
f 1017 1127 1016
f 1017 1128 1127
f 1018 1128 1017
f 1018 1129 1128
f 1019 1129 1018
f 1019 1130 1129
f 1020 1130 1019
f 1020 1131 1130
f 1021 1131 1020
f 1021 1132 1131
f 1022 1132 1021
f 1022 1133 1132
f 1023 1133 1022
f 1023 1134 1133
f 1024 1134 1023
f 1024 1135 1134
f 1025 1135 1024
f 1025 1136 1135
f 1026 1136 1025
f 1026 1137 1136
f 1027 1137 1026
f 1027 1138 1137
f 1028 1138 1027
f 1028 1139 1138
f 1029 1139 1028
f 1029 1140 1139
f 1030 1140 1029
f 1030 1141 1140
f 1031 1141 1030
f 1031 1142 1141
f 1032 1142 1031
f 1032 1143 1142
f 1033 1143 1032
f 1033 1144 1143
f 1034 1144 1033
f 1034 1145 1144
f 1035 1145 1034
f 1035 1146 1145
f 1036 1146 1035
f 1036 1147 1146
f 1037 1147 1036
f 1037 1148 1147
f 1038 1148 1037
f 1038 1149 1148
f 1039 1149 1038
f 1039 1150 1149
f 1040 1150 1039
f 1040 1151 1150
f 1041 1151 1040
f 1041 1152 1151
f 1042 1152 1041
f 1042 1153 1152
f 1043 1153 1042
f 1043 1154 1153
f 1044 1154 1043
f 1044 1155 1154
f 1045 1155 1044
f 1045 1156 1155
f 1046 1156 1045
f 1046 1157 1156
f 1047 1160 1159
f 1048 1160 1047
f 1048 1161 1160
f 1049 1161 1048
f 1049 1162 1161
f 1050 1162 1049
f 1050 1163 1162
f 1051 1163 1050
f 1051 1164 1163
f 1052 1164 1051
f 1052 1165 1164
f 1053 1165 1052
f 1053 1166 1165
f 1054 1166 1053
f 1054 1167 1166
f 1055 1167 1054
f 1055 1168 1167
f 1056 1168 1055
f 1056 1169 1168
f 1057 1169 1056
f 1057 1170 1169
f 1058 1170 1057
f 1058 1171 1170
f 1059 1171 1058
f 1059 1172 1171
f 1060 1172 1059
f 1060 1173 1172
f 1061 1173 1060
f 1061 1174 1173
f 1062 1174 1061
f 1062 1175 1174
f 1063 1175 1062
f 1063 1176 1175
f 1064 1176 1063
f 1064 1177 1176
f 1065 1177 1064
f 1065 1178 1177
f 1066 1178 1065
f 1066 1179 1178
f 1067 1179 1066
f 1067 1180 1179
f 1068 1180 1067
f 1068 1181 1180
f 1069 1181 1068
f 1069 1182 1181
f 1070 1182 1069
f 1070 1183 1182
f 1071 1183 1070
f 1071 1184 1183
f 1072 1184 1071
f 1072 1185 1184
f 1073 1185 1072
f 1073 1186 1185
f 1074 1186 1073
f 1074 1187 1186
f 1075 1187 1074
f 1075 1188 1187
f 1076 1188 1075
f 1076 1189 1188
f 1077 1189 1076
f 1077 1190 1189
f 1078 1190 1077
f 1078 1191 1190
f 1079 1191 1078
f 1079 1192 1191
f 1080 1192 1079
f 1080 1193 1192
f 1081 1193 1080
f 1081 1194 1193
f 1082 1194 1081
f 1082 1195 1194
f 1083 1195 1082
f 1083 1196 1195
f 1084 1196 1083
f 1084 1197 1196
f 1085 1197 1084
f 1085 1198 1197
f 1086 1198 1085
f 1086 1199 1198
f 1087 1199 1086
f 1087 1200 1199
f 1088 1200 1087
f 1088 1201 1200
f 1089 1201 1088
f 1089 1202 1201
f 1090 1202 1089
f 1090 1203 1202
f 1091 1203 1090
f 1091 1204 1203
f 1092 1204 1091
f 1092 1205 1204
f 1093 1205 1092
f 1093 1206 1205
f 1094 1206 1093
f 1094 1207 1206
f 1095 1207 1094
f 1095 1208 1207
f 1096 1208 1095
f 1096 1209 1208
f 1097 1209 1096
f 1097 1210 1209
f 1098 1210 1097
f 1098 1211 1210
f 1099 1211 1098
f 1099 1212 1211
f 1100 1212 1099
f 1100 1213 1212
f 1101 1213 1100
f 1101 1214 1213
f 1102 1214 1101
f 1102 1215 1214
f 1103 1215 1102
f 1103 1216 1215
f 1107 1220 1106
f 1107 1221 1220
f 1108 1221 1107
f 1108 1222 1221
f 1109 1222 1108
f 1109 1223 1222
f 1110 1223 1109
f 1110 1224 1223
f 1111 1224 1110
f 1111 1225 1224
f 1112 1225 1111
f 1112 1226 1225
f 1113 1226 1112
f 1113 1227 1226
f 1114 1227 1113
f 1114 1228 1227
f 1115 1228 1114
f 1115 1229 1228
f 1116 1229 1115
f 1116 1230 1229
f 1117 1230 1116
f 1117 1231 1230
f 1118 1231 1117
f 1118 1232 1231
f 1119 1232 1118
f 1119 1233 1232
f 1120 1233 1119
f 1120 1234 1233
f 1121 1234 1120
f 1121 1235 1234
f 1122 1235 1121
f 1122 1236 1235
f 1123 1236 1122
f 1123 1237 1236
f 1124 1237 1123
f 1124 1238 1237
f 1125 1238 1124
f 1125 1239 1238
f 1126 1239 1125
f 1126 1240 1239
f 1127 1240 1126
f 1127 1241 1240
f 1128 1241 1127
f 1128 1242 1241
f 1129 1242 1128
f 1129 1243 1242
f 1130 1243 1129
f 1130 1244 1243
f 1131 1244 1130
f 1131 1245 1244
f 1132 1245 1131
f 1132 1246 1245
f 1133 1246 1132
f 1133 1247 1246
f 1134 1247 1133
f 1134 1248 1247
f 1135 1248 1134
f 1135 1249 1248
f 1136 1249 1135
f 1136 1250 1249
f 1137 1250 1136
f 1137 1251 1250
f 1138 1251 1137
f 1138 1252 1251
f 1139 1252 1138
f 1139 1253 1252
f 1140 1253 1139
f 1140 1254 1253
f 1141 1254 1140
f 1141 1255 1254
f 1142 1255 1141
f 1142 1256 1255
f 1143 1256 1142
f 1143 1257 1256
f 1144 1257 1143
f 1144 1258 1257
f 1145 1258 1144
f 1145 1259 1258
f 1146 1259 1145
f 1146 1260 1259
f 1147 1260 1146
f 1147 1261 1260
f 1148 1261 1147
f 1148 1262 1261
f 1149 1262 1148
f 1149 1263 1262
f 1150 1263 1149
f 1150 1264 1263
f 1151 1264 1150
f 1151 1265 1264
f 1152 1265 1151
f 1152 1266 1265
f 1153 1266 1152
f 1153 1267 1266
f 1154 1267 1153
f 1154 1268 1267
f 1155 1268 1154
f 1155 1269 1268
f 1156 1269 1155
f 1156 1270 1269
f 1157 1270 1156
f 1157 1271 1270
f 1158 1271 1157
f 1158 1272 1271
f 1159 1274 1273
f 1160 1274 1159
f 1160 1275 1274
f 1161 1275 1160
f 1161 1276 1275
f 1162 1276 1161
f 1162 1277 1276
f 1163 1277 1162
f 1163 1278 1277
f 1164 1278 1163
f 1164 1279 1278
f 1165 1279 1164
f 1165 1280 1279
f 1166 1280 1165
f 1166 1281 1280
f 1167 1281 1166
f 1167 1282 1281
f 1168 1282 1167
f 1168 1283 1282
f 1169 1283 1168
f 1169 1284 1283
f 1170 1284 1169
f 1170 1285 1284
f 1171 1285 1170
f 1171 1286 1285
f 1172 1286 1171
f 1172 1287 1286
f 1173 1287 1172
f 1173 1288 1287
f 1174 1288 1173
f 1174 1289 1288
f 1175 1289 1174
f 1175 1290 1289
f 1176 1290 1175
f 1176 1291 1290
f 1177 1291 1176
f 1177 1292 1291
f 1178 1292 1177
f 1178 1293 1292
f 1179 1293 1178
f 1179 1294 1293
f 1180 1294 1179
f 1180 1295 1294
f 1181 1295 1180
f 1181 1296 1295
f 1182 1296 1181
f 1182 1297 1296
f 1183 1297 1182
f 1183 1298 1297
f 1184 1298 1183
f 1184 1299 1298
f 1185 1299 1184
f 1185 1300 1299
f 1186 1300 1185
f 1186 1301 1300
f 1187 1301 1186
f 1187 1302 1301
f 1188 1302 1187
f 1188 1303 1302
f 1189 1303 1188
f 1189 1304 1303
f 1190 1304 1189
f 1190 1305 1304
f 1191 1305 1190
f 1191 1306 1305
f 1192 1306 1191
f 1192 1307 1306
f 1193 1307 1192
f 1193 1308 1307
f 1194 1308 1193
f 1194 1309 1308
f 1195 1309 1194
f 1195 1310 1309
f 1196 1310 1195
f 1196 1311 1310
f 1197 1311 1196
f 1197 1312 1311
f 1198 1312 1197
f 1198 1313 1312
f 1199 1313 1198
f 1199 1314 1313
f 1200 1314 1199
f 1200 1315 1314
f 1201 1315 1200
f 1201 1316 1315
f 1202 1316 1201
f 1202 1317 1316
f 1203 1317 1202
f 1203 1318 1317
f 1204 1318 1203
f 1204 1319 1318
f 1205 1319 1204
f 1205 1320 1319
f 1206 1320 1205
f 1206 1321 1320
f 1207 1321 1206
f 1207 1322 1321
f 1208 1322 1207
f 1208 1323 1322
f 1209 1323 1208
f 1209 1324 1323
f 1210 1324 1209
f 1210 1325 1324
f 1211 1325 1210
f 1211 1326 1325
f 1212 1326 1211
f 1212 1327 1326
f 1213 1327 1212
f 1213 1328 1327
f 1214 1328 1213
f 1214 1329 1328
f 1215 1329 1214
f 1215 1330 1329
f 1216 1330 1215
f 1216 1331 1330
f 1217 1331 1216
f 1217 1332 1331
f 1218 1332 1217
f 1218 1333 1332
f 1219 1333 1218
f 1219 1334 1333
f 1223 1337 1222
f 1223 1338 1337
f 1224 1338 1223
f 1224 1339 1338
f 1225 1339 1224
f 1225 1340 1339
f 1226 1340 1225
f 1226 1341 1340
f 1227 1341 1226
f 1227 1342 1341
f 1228 1342 1227
f 1228 1343 1342
f 1229 1343 1228
f 1229 1344 1343
f 1230 1344 1229
f 1230 1345 1344
f 1231 1345 1230
f 1231 1346 1345
f 1232 1346 1231
f 1232 1347 1346
f 1233 1347 1232
f 1233 1348 1347
f 1234 1348 1233
f 1234 1349 1348
f 1235 1349 1234
f 1235 1350 1349
f 1236 1350 1235
f 1236 1351 1350
f 1237 1351 1236
f 1237 1352 1351
f 1238 1352 1237
f 1238 1353 1352
f 1239 1353 1238
f 1239 1354 1353
f 1240 1354 1239
f 1240 1355 1354
f 1241 1355 1240
f 1241 1356 1355
f 1242 1356 1241
f 1242 1357 1356
f 1243 1357 1242
f 1243 1358 1357
f 1244 1358 1243
f 1244 1359 1358
f 1245 1359 1244
f 1245 1360 1359
f 1246 1360 1245
f 1246 1361 1360
f 1247 1361 1246
f 1247 1362 1361
f 1248 1362 1247
f 1248 1363 1362
f 1249 1363 1248
f 1249 1364 1363
f 1250 1364 1249
f 1250 1365 1364
f 1251 1365 1250
f 1251 1366 1365
f 1252 1366 1251
f 1252 1367 1366
f 1253 1367 1252
f 1253 1368 1367
f 1254 1368 1253
f 1254 1369 1368
f 1255 1369 1254
f 1255 1370 1369
f 1256 1370 1255
f 1256 1371 1370
f 1257 1371 1256
f 1257 1372 1371
f 1258 1372 1257
f 1258 1373 1372
f 1259 1373 1258
f 1259 1374 1373
f 1260 1374 1259
f 1260 1375 1374
f 1261 1375 1260
f 1261 1376 1375
f 1262 1376 1261
f 1262 1377 1376
f 1263 1377 1262
f 1263 1378 1377
f 1264 1378 1263
f 1264 1379 1378
f 1265 1379 1264
f 1265 1380 1379
f 1266 1380 1265
f 1266 1381 1380
f 1267 1381 1266
f 1267 1382 1381
f 1268 1382 1267
f 1268 1383 1382
f 1269 1383 1268
f 1269 1384 1383
f 1270 1384 1269
f 1270 1385 1384
f 1271 1385 1270
f 1271 1386 1385
f 1272 1386 1271
f 1272 1387 1386
f 1274 1388 1273
f 1274 1389 1388
f 1275 1389 1274
f 1275 1390 1389
f 1276 1390 1275
f 1276 1391 1390
f 1277 1391 1276
f 1277 1392 1391
f 1278 1392 1277
f 1278 1393 1392
f 1279 1393 1278
f 1279 1394 1393
f 1280 1394 1279
f 1280 1395 1394
f 1281 1395 1280
f 1281 1396 1395
f 1282 1396 1281
f 1282 1397 1396
f 1283 1397 1282
f 1283 1398 1397
f 1284 1398 1283
f 1284 1399 1398
f 1285 1399 1284
f 1285 1400 1399
f 1286 1400 1285
f 1286 1401 1400
f 1287 1401 1286
f 1287 1402 1401
f 1288 1402 1287
f 1288 1403 1402
f 1289 1403 1288
f 1289 1404 1403
f 1290 1404 1289
f 1290 1405 1404
f 1291 1405 1290
f 1291 1406 1405
f 1292 1406 1291
f 1292 1407 1406
f 1293 1407 1292
f 1293 1408 1407
f 1294 1408 1293
f 1294 1409 1408
f 1295 1409 1294
f 1295 1410 1409
f 1296 1410 1295
f 1296 1411 1410
f 1297 1411 1296
f 1297 1412 1411
f 1298 1412 1297
f 1298 1413 1412
f 1299 1413 1298
f 1299 1414 1413
f 1300 1414 1299
f 1300 1415 1414
f 1301 1415 1300
f 1301 1416 1415
f 1302 1416 1301
f 1302 1417 1416
f 1303 1417 1302
f 1303 1418 1417
f 1304 1418 1303
f 1304 1419 1418
f 1305 1419 1304
f 1305 1420 1419
f 1306 1420 1305
f 1306 1421 1420
f 1307 1421 1306
f 1307 1422 1421
f 1308 1422 1307
f 1308 1423 1422
f 1309 1423 1308
f 1309 1424 1423
f 1310 1424 1309
f 1310 1425 1424
f 1311 1425 1310
f 1311 1426 1425
f 1312 1426 1311
f 1312 1427 1426
f 1313 1427 1312
f 1313 1428 1427
f 1314 1428 1313
f 1314 1429 1428
f 1315 1429 1314
f 1315 1430 1429
f 1316 1430 1315
f 1316 1431 1430
f 1317 1431 1316
f 1317 1432 1431
f 1318 1432 1317
f 1318 1433 1432
f 1319 1433 1318
f 1319 1434 1433
f 1320 1434 1319
f 1320 1435 1434
f 1321 1435 1320
f 1321 1436 1435
f 1322 1436 1321
f 1322 1437 1436
f 1323 1437 1322
f 1323 1438 1437
f 1324 1438 1323
f 1324 1439 1438
f 1325 1439 1324
f 1325 1440 1439
f 1326 1440 1325
f 1326 1441 1440
f 1327 1441 1326
f 1327 1442 1441
f 1328 1442 1327
f 1328 1443 1442
f 1329 1443 1328
f 1329 1444 1443
f 1330 1444 1329
f 1330 1445 1444
f 1331 1445 1330
f 1331 1446 1445
f 1332 1446 1331
f 1332 1447 1446
f 1333 1447 1332
f 1333 1448 1447
f 1334 1448 1333
f 1334 1449 1448
f 1335 1449 1334
f 1335 1450 1449
f 1336 1450 1335
f 1336 1451 1450
f 1339 1453 1338
f 1339 1454 1453
f 1340 1454 1339
f 1340 1455 1454
f 1341 1455 1340
f 1341 1456 1455
f 1342 1456 1341
f 1342 1457 1456
f 1343 1457 1342
f 1343 1458 1457
f 1344 1458 1343
f 1344 1459 1458
f 1345 1459 1344
f 1345 1460 1459
f 1346 1460 1345
f 1346 1461 1460
f 1347 1461 1346
f 1347 1462 1461
f 1348 1462 1347
f 1348 1463 1462
f 1349 1463 1348
f 1349 1464 1463
f 1350 1464 1349
f 1350 1465 1464
f 1351 1465 1350
f 1351 1466 1465
f 1352 1466 1351
f 1352 1467 1466
f 1353 1467 1352
f 1353 1468 1467
f 1354 1468 1353
f 1354 1469 1468
f 1355 1469 1354
f 1355 1470 1469
f 1356 1470 1355
f 1356 1471 1470
f 1357 1471 1356
f 1357 1472 1471
f 1358 1472 1357
f 1358 1473 1472
f 1359 1473 1358
f 1359 1474 1473
f 1360 1474 1359
f 1360 1475 1474
f 1361 1475 1360
f 1361 1476 1475
f 1362 1476 1361
f 1362 1477 1476
f 1363 1477 1362
f 1363 1478 1477
f 1364 1478 1363
f 1364 1479 1478
f 1365 1479 1364
f 1365 1480 1479
f 1366 1480 1365
f 1366 1481 1480
f 1367 1481 1366
f 1367 1482 1481
f 1368 1482 1367
f 1368 1483 1482
f 1369 1483 1368
f 1369 1484 1483
f 1370 1484 1369
f 1370 1485 1484
f 1371 1485 1370
f 1371 1486 1485
f 1372 1486 1371
f 1372 1487 1486
f 1373 1487 1372
f 1373 1488 1487
f 1374 1488 1373
f 1374 1489 1488
f 1375 1489 1374
f 1375 1490 1489
f 1376 1490 1375
f 1376 1491 1490
f 1377 1491 1376
f 1377 1492 1491
f 1378 1492 1377
f 1378 1493 1492
f 1379 1493 1378
f 1379 1494 1493
f 1380 1494 1379
f 1380 1495 1494
f 1381 1495 1380
f 1381 1496 1495
f 1382 1496 1381
f 1382 1497 1496
f 1383 1497 1382
f 1383 1498 1497
f 1384 1498 1383
f 1384 1499 1498
f 1385 1499 1384
f 1385 1500 1499
f 1386 1500 1385
f 1386 1501 1500
f 1387 1501 1386
f 1387 1502 1501
f 1388 1505 1504
f 1389 1505 1388
f 1389 1506 1505
f 1390 1506 1389
f 1390 1507 1506
f 1391 1507 1390
f 1391 1508 1507
f 1392 1508 1391
f 1392 1509 1508
f 1393 1509 1392
f 1393 1510 1509
f 1394 1510 1393
f 1394 1511 1510
f 1395 1511 1394
f 1395 1512 1511
f 1396 1512 1395
f 1396 1513 1512
f 1397 1513 1396
f 1397 1514 1513
f 1398 1514 1397
f 1398 1515 1514
f 1399 1515 1398
f 1399 1516 1515
f 1400 1516 1399
f 1400 1517 1516
f 1401 1517 1400
f 1401 1518 1517
f 1402 1518 1401
f 1402 1519 1518
f 1403 1519 1402
f 1403 1520 1519
f 1404 1520 1403
f 1404 1521 1520
f 1405 1521 1404
f 1405 1522 1521
f 1406 1522 1405
f 1406 1523 1522
f 1407 1523 1406
f 1407 1524 1523
f 1408 1524 1407
f 1408 1525 1524
f 1409 1525 1408
f 1409 1526 1525
f 1410 1526 1409
f 1410 1527 1526
f 1411 1527 1410
f 1411 1528 1527
f 1412 1528 1411
f 1412 1529 1528
f 1413 1529 1412
f 1413 1530 1529
f 1414 1530 1413
f 1414 1531 1530
f 1415 1531 1414
f 1415 1532 1531
f 1416 1532 1415
f 1416 1533 1532
f 1417 1533 1416
f 1417 1534 1533
f 1418 1534 1417
f 1418 1535 1534
f 1419 1535 1418
f 1419 1536 1535
f 1420 1536 1419
f 1420 1537 1536
f 1421 1537 1420
f 1421 1538 1537
f 1422 1538 1421
f 1422 1539 1538
f 1423 1539 1422
f 1423 1540 1539
f 1424 1540 1423
f 1424 1541 1540
f 1425 1541 1424
f 1425 1542 1541
f 1426 1542 1425
f 1426 1543 1542
f 1427 1543 1426
f 1427 1544 1543
f 1428 1544 1427
f 1428 1545 1544
f 1429 1545 1428
f 1429 1546 1545
f 1430 1546 1429
f 1430 1547 1546
f 1431 1547 1430
f 1431 1548 1547
f 1432 1548 1431
f 1432 1549 1548
f 1433 1549 1432
f 1433 1550 1549
f 1434 1550 1433
f 1434 1551 1550
f 1435 1551 1434
f 1435 1552 1551
f 1436 1552 1435
f 1436 1553 1552
f 1437 1553 1436
f 1437 1554 1553
f 1438 1554 1437
f 1438 1555 1554
f 1439 1555 1438
f 1439 1556 1555
f 1440 1556 1439
f 1440 1557 1556
f 1441 1557 1440
f 1441 1558 1557
f 1442 1558 1441
f 1442 1559 1558
f 1443 1559 1442
f 1443 1560 1559
f 1444 1560 1443
f 1444 1561 1560
f 1445 1561 1444
f 1445 1562 1561
f 1446 1562 1445
f 1446 1563 1562
f 1447 1563 1446
f 1447 1564 1563
f 1448 1564 1447
f 1448 1565 1564
f 1449 1565 1448
f 1449 1566 1565
f 1450 1566 1449
f 1450 1567 1566
f 1451 1567 1450
f 1451 1568 1567
f 1452 1568 1451
f 1452 1569 1568
f 1456 1572 1455
f 1456 1573 1572
f 1457 1573 1456
f 1457 1574 1573
f 1458 1574 1457
f 1458 1575 1574
f 1459 1575 1458
f 1459 1576 1575
f 1460 1576 1459
f 1460 1577 1576
f 1461 1577 1460
f 1461 1578 1577
f 1462 1578 1461
f 1462 1579 1578
f 1463 1579 1462
f 1463 1580 1579
f 1464 1580 1463
f 1464 1581 1580
f 1465 1581 1464
f 1465 1582 1581
f 1466 1582 1465
f 1466 1583 1582
f 1467 1583 1466
f 1467 1584 1583
f 1468 1584 1467
f 1468 1585 1584
f 1469 1585 1468
f 1469 1586 1585
f 1470 1586 1469
f 1470 1587 1586
f 1471 1587 1470
f 1471 1588 1587
f 1472 1588 1471
f 1472 1589 1588
f 1473 1589 1472
f 1473 1590 1589
f 1474 1590 1473
f 1474 1591 1590
f 1475 1591 1474
f 1475 1592 1591
f 1476 1592 1475
f 1476 1593 1592
f 1477 1593 1476
f 1477 1594 1593
f 1478 1594 1477
f 1478 1595 1594
f 1479 1595 1478
f 1479 1596 1595
f 1480 1596 1479
f 1480 1597 1596
f 1481 1597 1480
f 1481 1598 1597
f 1482 1598 1481
f 1482 1599 1598
f 1483 1599 1482
f 1483 1600 1599
f 1484 1600 1483
f 1484 1601 1600
f 1485 1601 1484
f 1485 1602 1601
f 1486 1602 1485
f 1486 1603 1602
f 1487 1603 1486
f 1487 1604 1603
f 1488 1604 1487
f 1488 1605 1604
f 1489 1605 1488
f 1489 1606 1605
f 1490 1606 1489
f 1490 1607 1606
f 1491 1607 1490
f 1491 1608 1607
f 1492 1608 1491
f 1492 1609 1608
f 1493 1609 1492
f 1493 1610 1609
f 1494 1610 1493
f 1494 1611 1610
f 1495 1611 1494
f 1495 1612 1611
f 1496 1612 1495
f 1496 1613 1612
f 1497 1613 1496
f 1497 1614 1613
f 1498 1614 1497
f 1498 1615 1614
f 1499 1615 1498
f 1499 1616 1615
f 1500 1616 1499
f 1500 1617 1616
f 1501 1617 1500
f 1501 1618 1617
f 1502 1618 1501
f 1502 1619 1618
f 1503 1619 1502
f 1503 1620 1619
f 1505 1621 1504
f 1505 1622 1621
f 1506 1622 1505
f 1506 1623 1622
f 1507 1623 1506
f 1507 1624 1623
f 1508 1624 1507
f 1508 1625 1624
f 1509 1625 1508
f 1509 1626 1625
f 1510 1626 1509
f 1510 1627 1626
f 1511 1627 1510
f 1511 1628 1627
f 1512 1628 1511
f 1512 1629 1628
f 1513 1629 1512
f 1513 1630 1629
f 1514 1630 1513
f 1514 1631 1630
f 1515 1631 1514
f 1515 1632 1631
f 1516 1632 1515
f 1516 1633 1632
f 1517 1633 1516
f 1517 1634 1633
f 1518 1634 1517
f 1518 1635 1634
f 1519 1635 1518
f 1519 1636 1635
f 1520 1636 1519
f 1520 1637 1636
f 1521 1637 1520
f 1521 1638 1637
f 1522 1638 1521
f 1522 1639 1638
f 1523 1639 1522
f 1523 1640 1639
f 1524 1640 1523
f 1524 1641 1640
f 1525 1641 1524
f 1525 1642 1641
f 1526 1642 1525
f 1526 1643 1642
f 1527 1643 1526
f 1527 1644 1643
f 1528 1644 1527
f 1528 1645 1644
f 1529 1645 1528
f 1529 1646 1645
f 1530 1646 1529
f 1530 1647 1646
f 1531 1647 1530
f 1531 1648 1647
f 1532 1648 1531
f 1532 1649 1648
f 1533 1649 1532
f 1533 1650 1649
f 1534 1650 1533
f 1534 1651 1650
f 1535 1651 1534
f 1535 1652 1651
f 1536 1652 1535
f 1536 1653 1652
f 1537 1653 1536
f 1537 1654 1653
f 1538 1654 1537
f 1538 1655 1654
f 1539 1655 1538
f 1539 1656 1655
f 1540 1656 1539
f 1540 1657 1656
f 1541 1657 1540
f 1541 1658 1657
f 1542 1658 1541
f 1542 1659 1658
f 1543 1659 1542
f 1543 1660 1659
f 1544 1660 1543
f 1544 1661 1660
f 1545 1661 1544
f 1545 1662 1661
f 1546 1662 1545
f 1546 1663 1662
f 1547 1663 1546
f 1547 1664 1663
f 1548 1664 1547
f 1548 1665 1664
f 1549 1665 1548
f 1549 1666 1665
f 1550 1666 1549
f 1550 1667 1666
f 1551 1667 1550
f 1551 1668 1667
f 1552 1668 1551
f 1552 1669 1668
f 1553 1669 1552
f 1553 1670 1669
f 1554 1670 1553
f 1554 1671 1670
f 1555 1671 1554
f 1555 1672 1671
f 1556 1672 1555
f 1556 1673 1672
f 1557 1673 1556
f 1557 1674 1673
f 1558 1674 1557
f 1558 1675 1674
f 1559 1675 1558
f 1559 1676 1675
f 1560 1676 1559
f 1560 1677 1676
f 1561 1677 1560
f 1561 1678 1677
f 1562 1678 1561
f 1562 1679 1678
f 1563 1679 1562
f 1563 1680 1679
f 1564 1680 1563
f 1564 1681 1680
f 1565 1681 1564
f 1565 1682 1681
f 1566 1682 1565
f 1566 1683 1682
f 1567 1683 1566
f 1567 1684 1683
f 1568 1684 1567
f 1568 1685 1684
f 1569 1685 1568
f 1569 1686 1685
f 1570 1686 1569
f 1570 1687 1686
f 1571 1687 1570
f 1571 1688 1687
f 1575 1691 1574
f 1575 1692 1691
f 1576 1692 1575
f 1576 1693 1692
f 1577 1693 1576
f 1577 1694 1693
f 1578 1694 1577
f 1578 1695 1694
f 1579 1695 1578
f 1579 1696 1695
f 1580 1696 1579
f 1580 1697 1696
f 1581 1697 1580
f 1581 1698 1697
f 1582 1698 1581
f 1582 1699 1698
f 1583 1699 1582
f 1583 1700 1699
f 1584 1700 1583
f 1584 1701 1700
f 1585 1701 1584
f 1585 1702 1701
f 1586 1702 1585
f 1586 1703 1702
f 1587 1703 1586
f 1587 1704 1703
f 1588 1704 1587
f 1588 1705 1704
f 1589 1705 1588
f 1589 1706 1705
f 1590 1706 1589
f 1590 1707 1706
f 1591 1707 1590
f 1591 1708 1707
f 1592 1708 1591
f 1592 1709 1708
f 1593 1709 1592
f 1593 1710 1709
f 1594 1710 1593
f 1594 1711 1710
f 1595 1711 1594
f 1595 1712 1711
f 1596 1712 1595
f 1596 1713 1712
f 1597 1713 1596
f 1597 1714 1713
f 1598 1714 1597
f 1598 1715 1714
f 1599 1715 1598
f 1599 1716 1715
f 1600 1716 1599
f 1600 1717 1716
f 1601 1717 1600
f 1601 1718 1717
f 1602 1718 1601
f 1602 1719 1718
f 1603 1719 1602
f 1603 1720 1719
f 1604 1720 1603
f 1604 1721 1720
f 1605 1721 1604
f 1605 1722 1721
f 1606 1722 1605
f 1606 1723 1722
f 1607 1723 1606
f 1607 1724 1723
f 1608 1724 1607
f 1608 1725 1724
f 1609 1725 1608
f 1609 1726 1725
f 1610 1726 1609
f 1610 1727 1726
f 1611 1727 1610
f 1611 1728 1727
f 1612 1728 1611
f 1612 1729 1728
f 1613 1729 1612
f 1613 1730 1729
f 1614 1730 1613
f 1614 1731 1730
f 1615 1731 1614
f 1615 1732 1731
f 1616 1732 1615
f 1616 1733 1732
f 1617 1733 1616
f 1617 1734 1733
f 1618 1734 1617
f 1618 1735 1734
f 1619 1735 1618
f 1619 1736 1735
f 1620 1736 1619
f 1620 1737 1736
f 1621 1739 1738
f 1622 1739 1621
f 1622 1740 1739
f 1623 1740 1622
f 1623 1741 1740
f 1624 1741 1623
f 1624 1742 1741
f 1625 1742 1624
f 1625 1743 1742
f 1626 1743 1625
f 1626 1744 1743
f 1627 1744 1626
f 1627 1745 1744
f 1628 1745 1627
f 1628 1746 1745
f 1629 1746 1628
f 1629 1747 1746
f 1630 1747 1629
f 1630 1748 1747
f 1631 1748 1630
f 1631 1749 1748
f 1632 1749 1631
f 1632 1750 1749
f 1633 1750 1632
f 1633 1751 1750
f 1634 1751 1633
f 1634 1752 1751
f 1635 1752 1634
f 1635 1753 1752
f 1636 1753 1635
f 1636 1754 1753
f 1637 1754 1636
f 1637 1755 1754
f 1638 1755 1637
f 1638 1756 1755
f 1639 1756 1638
f 1639 1757 1756
f 1640 1757 1639
f 1640 1758 1757
f 1641 1758 1640
f 1641 1759 1758
f 1642 1759 1641
f 1642 1760 1759
f 1643 1760 1642
f 1643 1761 1760
f 1644 1761 1643
f 1644 1762 1761
f 1645 1762 1644
f 1645 1763 1762
f 1646 1763 1645
f 1646 1764 1763
f 1647 1764 1646
f 1647 1765 1764
f 1648 1765 1647
f 1648 1766 1765
f 1649 1766 1648
f 1649 1767 1766
f 1650 1767 1649
f 1650 1768 1767
f 1651 1768 1650
f 1651 1769 1768
f 1652 1769 1651
f 1652 1770 1769
f 1653 1770 1652
f 1653 1771 1770
f 1654 1771 1653
f 1654 1772 1771
f 1655 1772 1654
f 1655 1773 1772
f 1656 1773 1655
f 1656 1774 1773
f 1657 1774 1656
f 1657 1775 1774
f 1658 1775 1657
f 1658 1776 1775
f 1659 1776 1658
f 1659 1777 1776
f 1660 1777 1659
f 1660 1778 1777
f 1661 1778 1660
f 1661 1779 1778
f 1662 1779 1661
f 1662 1780 1779
f 1663 1780 1662
f 1663 1781 1780
f 1664 1781 1663
f 1664 1782 1781
f 1665 1782 1664
f 1665 1783 1782
f 1666 1783 1665
f 1666 1784 1783
f 1667 1784 1666
f 1667 1785 1784
f 1668 1785 1667
f 1668 1786 1785
f 1669 1786 1668
f 1669 1787 1786
f 1670 1787 1669
f 1670 1788 1787
f 1671 1788 1670
f 1671 1789 1788
f 1672 1789 1671
f 1672 1790 1789
f 1673 1790 1672
f 1673 1791 1790
f 1674 1791 1673
f 1674 1792 1791
f 1675 1792 1674
f 1675 1793 1792
f 1676 1793 1675
f 1676 1794 1793
f 1677 1794 1676
f 1677 1795 1794
f 1678 1795 1677
f 1678 1796 1795
f 1679 1796 1678
f 1679 1797 1796
f 1680 1797 1679
f 1680 1798 1797
f 1681 1798 1680
f 1681 1799 1798
f 1682 1799 1681
f 1682 1800 1799
f 1683 1800 1682
f 1683 1801 1800
f 1684 1801 1683
f 1684 1802 1801
f 1685 1802 1684
f 1685 1803 1802
f 1686 1803 1685
f 1686 1804 1803
f 1687 1804 1686
f 1687 1805 1804
f 1688 1805 1687
f 1688 1806 1805
f 1689 1806 1688
f 1689 1807 1806
f 1690 1807 1689
f 1690 1808 1807
f 1693 1810 1692
f 1693 1811 1810
f 1694 1811 1693
f 1694 1812 1811
f 1695 1812 1694
f 1695 1813 1812
f 1696 1813 1695
f 1696 1814 1813
f 1697 1814 1696
f 1697 1815 1814
f 1698 1815 1697
f 1698 1816 1815
f 1699 1816 1698
f 1699 1817 1816
f 1700 1817 1699
f 1700 1818 1817
f 1701 1818 1700
f 1701 1819 1818
f 1702 1819 1701
f 1702 1820 1819
f 1703 1820 1702
f 1703 1821 1820
f 1704 1821 1703
f 1704 1822 1821
f 1705 1822 1704
f 1705 1823 1822
f 1706 1823 1705
f 1706 1824 1823
f 1707 1824 1706
f 1707 1825 1824
f 1708 1825 1707
f 1708 1826 1825
f 1709 1826 1708
f 1709 1827 1826
f 1710 1827 1709
f 1710 1828 1827
f 1711 1828 1710
f 1711 1829 1828
f 1712 1829 1711
f 1712 1830 1829
f 1713 1830 1712
f 1713 1831 1830
f 1714 1831 1713
f 1714 1832 1831
f 1715 1832 1714
f 1715 1833 1832
f 1716 1833 1715
f 1716 1834 1833
f 1717 1834 1716
f 1717 1835 1834
f 1718 1835 1717
f 1718 1836 1835
f 1719 1836 1718
f 1719 1837 1836
f 1720 1837 1719
f 1720 1838 1837
f 1721 1838 1720
f 1721 1839 1838
f 1722 1839 1721
f 1722 1840 1839
f 1723 1840 1722
f 1723 1841 1840
f 1724 1841 1723
f 1724 1842 1841
f 1725 1842 1724
f 1725 1843 1842
f 1726 1843 1725
f 1726 1844 1843
f 1727 1844 1726
f 1727 1845 1844
f 1728 1845 1727
f 1728 1846 1845
f 1729 1846 1728
f 1729 1847 1846
f 1730 1847 1729
f 1730 1848 1847
f 1731 1848 1730
f 1731 1849 1848
f 1732 1849 1731
f 1732 1850 1849
f 1733 1850 1732
f 1733 1851 1850
f 1734 1851 1733
f 1734 1852 1851
f 1735 1852 1734
f 1735 1853 1852
f 1736 1853 1735
f 1736 1854 1853
f 1737 1854 1736
f 1737 1855 1854
f 1739 1856 1738
f 1739 1857 1856
f 1740 1857 1739
f 1740 1858 1857
f 1741 1858 1740
f 1741 1859 1858
f 1742 1859 1741
f 1742 1860 1859
f 1743 1860 1742
f 1743 1861 1860
f 1744 1861 1743
f 1744 1862 1861
f 1745 1862 1744
f 1745 1863 1862
f 1746 1863 1745
f 1746 1864 1863
f 1747 1864 1746
f 1747 1865 1864
f 1748 1865 1747
f 1748 1866 1865
f 1749 1866 1748
f 1749 1867 1866
f 1750 1867 1749
f 1750 1868 1867
f 1751 1868 1750
f 1751 1869 1868
f 1752 1869 1751
f 1752 1870 1869
f 1753 1870 1752
f 1753 1871 1870
f 1754 1871 1753
f 1754 1872 1871
f 1755 1872 1754
f 1755 1873 1872
f 1756 1873 1755
f 1756 1874 1873
f 1757 1874 1756
f 1757 1875 1874
f 1758 1875 1757
f 1758 1876 1875
f 1759 1876 1758
f 1759 1877 1876
f 1760 1877 1759
f 1760 1878 1877
f 1761 1878 1760
f 1761 1879 1878
f 1762 1879 1761
f 1762 1880 1879
f 1763 1880 1762
f 1763 1881 1880
f 1764 1881 1763
f 1764 1882 1881
f 1765 1882 1764
f 1765 1883 1882
f 1766 1883 1765
f 1766 1884 1883
f 1767 1884 1766
f 1767 1885 1884
f 1768 1885 1767
f 1768 1886 1885
f 1769 1886 1768
f 1769 1887 1886
f 1770 1887 1769
f 1770 1888 1887
f 1771 1888 1770
f 1771 1889 1888
f 1772 1889 1771
f 1772 1890 1889
f 1773 1890 1772
f 1773 1891 1890
f 1774 1891 1773
f 1774 1892 1891
f 1775 1892 1774
f 1775 1893 1892
f 1776 1893 1775
f 1776 1894 1893
f 1777 1894 1776
f 1777 1895 1894
f 1778 1895 1777
f 1778 1896 1895
f 1779 1896 1778
f 1779 1897 1896
f 1780 1897 1779
f 1780 1898 1897
f 1781 1898 1780
f 1781 1899 1898
f 1782 1899 1781
f 1782 1900 1899
f 1783 1900 1782
f 1783 1901 1900
f 1784 1901 1783
f 1784 1902 1901
f 1785 1902 1784
f 1785 1903 1902
f 1786 1903 1785
f 1786 1904 1903
f 1787 1904 1786
f 1787 1905 1904
f 1788 1905 1787
f 1788 1906 1905
f 1789 1906 1788
f 1789 1907 1906
f 1790 1907 1789
f 1790 1908 1907
f 1791 1908 1790
f 1791 1909 1908
f 1792 1909 1791
f 1792 1910 1909
f 1793 1910 1792
f 1793 1911 1910
f 1794 1911 1793
f 1794 1912 1911
f 1795 1912 1794
f 1795 1913 1912
f 1796 1913 1795
f 1796 1914 1913
f 1797 1914 1796
f 1797 1915 1914
f 1798 1915 1797
f 1798 1916 1915
f 1799 1916 1798
f 1799 1917 1916
f 1800 1917 1799
f 1800 1918 1917
f 1801 1918 1800
f 1801 1919 1918
f 1802 1919 1801
f 1802 1920 1919
f 1803 1920 1802
f 1803 1921 1920
f 1804 1921 1803
f 1804 1922 1921
f 1805 1922 1804
f 1805 1923 1922
f 1806 1923 1805
f 1806 1924 1923
f 1807 1924 1806
f 1807 1925 1924
f 1808 1925 1807
f 1808 1926 1925
f 1809 1926 1808
f 1809 1927 1926
f 1812 1929 1811
f 1812 1930 1929
f 1813 1930 1812
f 1813 1931 1930
f 1814 1931 1813
f 1814 1932 1931
f 1815 1932 1814
f 1815 1933 1932
f 1816 1933 1815
f 1816 1934 1933
f 1817 1934 1816
f 1817 1935 1934
f 1818 1935 1817
f 1818 1936 1935
f 1819 1936 1818
f 1819 1937 1936
f 1820 1937 1819
f 1820 1938 1937
f 1821 1938 1820
f 1821 1939 1938
f 1822 1939 1821
f 1822 1940 1939
f 1823 1940 1822
f 1823 1941 1940
f 1824 1941 1823
f 1824 1942 1941
f 1825 1942 1824
f 1825 1943 1942
f 1826 1943 1825
f 1826 1944 1943
f 1827 1944 1826
f 1827 1945 1944
f 1828 1945 1827
f 1828 1946 1945
f 1829 1946 1828
f 1829 1947 1946
f 1830 1947 1829
f 1830 1948 1947
f 1831 1948 1830
f 1831 1949 1948
f 1832 1949 1831
f 1832 1950 1949
f 1833 1950 1832
f 1833 1951 1950
f 1834 1951 1833
f 1834 1952 1951
f 1835 1952 1834
f 1835 1953 1952
f 1836 1953 1835
f 1836 1954 1953
f 1837 1954 1836
f 1837 1955 1954
f 1838 1955 1837
f 1838 1956 1955
f 1839 1956 1838
f 1839 1957 1956
f 1840 1957 1839
f 1840 1958 1957
f 1841 1958 1840
f 1841 1959 1958
f 1842 1959 1841
f 1842 1960 1959
f 1843 1960 1842
f 1843 1961 1960
f 1844 1961 1843
f 1844 1962 1961
f 1845 1962 1844
f 1845 1963 1962
f 1846 1963 1845
f 1846 1964 1963
f 1847 1964 1846
f 1847 1965 1964
f 1848 1965 1847
f 1848 1966 1965
f 1849 1966 1848
f 1849 1967 1966
f 1850 1967 1849
f 1850 1968 1967
f 1851 1968 1850
f 1851 1969 1968
f 1852 1969 1851
f 1852 1970 1969
f 1853 1970 1852
f 1853 1971 1970
f 1854 1971 1853
f 1854 1972 1971
f 1855 1972 1854
f 1855 1973 1972
f 1856 1975 1974
f 1857 1975 1856
f 1857 1976 1975
f 1858 1976 1857
f 1858 1977 1976
f 1859 1977 1858
f 1859 1978 1977
f 1860 1978 1859
f 1860 1979 1978
f 1861 1979 1860
f 1861 1980 1979
f 1862 1980 1861
f 1862 1981 1980
f 1863 1981 1862
f 1863 1982 1981
f 1864 1982 1863
f 1864 1983 1982
f 1865 1983 1864
f 1865 1984 1983
f 1866 1984 1865
f 1866 1985 1984
f 1867 1985 1866
f 1867 1986 1985
f 1868 1986 1867
f 1868 1987 1986
f 1869 1987 1868
f 1869 1988 1987
f 1870 1988 1869
f 1870 1989 1988
f 1871 1989 1870
f 1871 1990 1989
f 1872 1990 1871
f 1872 1991 1990
f 1873 1991 1872
f 1873 1992 1991
f 1874 1992 1873
f 1874 1993 1992
f 1875 1993 1874
f 1875 1994 1993
f 1876 1994 1875
f 1876 1995 1994
f 1877 1995 1876
f 1877 1996 1995
f 1878 1996 1877
f 1878 1997 1996
f 1879 1997 1878
f 1879 1998 1997
f 1880 1998 1879
f 1880 1999 1998
f 1881 1999 1880
f 1881 2000 1999
f 1882 2000 1881
f 1882 2001 2000
f 1883 2001 1882
f 1883 2002 2001
f 1884 2002 1883
f 1884 2003 2002
f 1885 2003 1884
f 1885 2004 2003
f 1886 2004 1885
f 1886 2005 2004
f 1887 2005 1886
f 1887 2006 2005
f 1888 2006 1887
f 1888 2007 2006
f 1889 2007 1888
f 1889 2008 2007
f 1890 2008 1889
f 1890 2009 2008
f 1891 2009 1890
f 1891 2010 2009
f 1892 2010 1891
f 1892 2011 2010
f 1893 2011 1892
f 1893 2012 2011
f 1894 2012 1893
f 1894 2013 2012
f 1895 2013 1894
f 1895 2014 2013
f 1896 2014 1895
f 1896 2015 2014
f 1897 2015 1896
f 1897 2016 2015
f 1898 2016 1897
f 1898 2017 2016
f 1899 2017 1898
f 1899 2018 2017
f 1900 2018 1899
f 1900 2019 2018
f 1901 2019 1900
f 1901 2020 2019
f 1902 2020 1901
f 1902 2021 2020
f 1903 2021 1902
f 1903 2022 2021
f 1904 2022 1903
f 1904 2023 2022
f 1905 2023 1904
f 1905 2024 2023
f 1906 2024 1905
f 1906 2025 2024
f 1907 2025 1906
f 1907 2026 2025
f 1908 2026 1907
f 1908 2027 2026
f 1909 2027 1908
f 1909 2028 2027
f 1910 2028 1909
f 1910 2029 2028
f 1911 2029 1910
f 1911 2030 2029
f 1912 2030 1911
f 1912 2031 2030
f 1913 2031 1912
f 1913 2032 2031
f 1914 2032 1913
f 1914 2033 2032
f 1915 2033 1914
f 1915 2034 2033
f 1916 2034 1915
f 1916 2035 2034
f 1917 2035 1916
f 1917 2036 2035
f 1918 2036 1917
f 1918 2037 2036
f 1919 2037 1918
f 1919 2038 2037
f 1920 2038 1919
f 1920 2039 2038
f 1921 2039 1920
f 1921 2040 2039
f 1922 2040 1921
f 1922 2041 2040
f 1923 2041 1922
f 1923 2042 2041
f 1924 2042 1923
f 1924 2043 2042
f 1925 2043 1924
f 1925 2044 2043
f 1926 2044 1925
f 1926 2045 2044
f 1927 2045 1926
f 1927 2046 2045
f 1928 2046 1927
f 1928 2047 2046
f 1931 2049 1930
f 1931 2050 2049
f 1932 2050 1931
f 1932 2051 2050
f 1933 2051 1932
f 1933 2052 2051
f 1934 2052 1933
f 1934 2053 2052
f 1935 2053 1934
f 1935 2054 2053
f 1936 2054 1935
f 1936 2055 2054
f 1937 2055 1936
f 1937 2056 2055
f 1938 2056 1937
f 1938 2057 2056
f 1939 2057 1938
f 1939 2058 2057
f 1940 2058 1939
f 1940 2059 2058
f 1941 2059 1940
f 1941 2060 2059
f 1942 2060 1941
f 1942 2061 2060
f 1943 2061 1942
f 1943 2062 2061
f 1944 2062 1943
f 1944 2063 2062
f 1945 2063 1944
f 1945 2064 2063
f 1946 2064 1945
f 1946 2065 2064
f 1947 2065 1946
f 1947 2066 2065
f 1948 2066 1947
f 1948 2067 2066
f 1949 2067 1948
f 1949 2068 2067
f 1950 2068 1949
f 1950 2069 2068
f 1951 2069 1950
f 1951 2070 2069
f 1952 2070 1951
f 1952 2071 2070
f 1953 2071 1952
f 1953 2072 2071
f 1954 2072 1953
f 1954 2073 2072
f 1955 2073 1954
f 1955 2074 2073
f 1956 2074 1955
f 1956 2075 2074
f 1957 2075 1956
f 1957 2076 2075
f 1958 2076 1957
f 1958 2077 2076
f 1959 2077 1958
f 1959 2078 2077
f 1960 2078 1959
f 1960 2079 2078
f 1961 2079 1960
f 1961 2080 2079
f 1962 2080 1961
f 1962 2081 2080
f 1963 2081 1962
f 1963 2082 2081
f 1964 2082 1963
f 1964 2083 2082
f 1965 2083 1964
f 1965 2084 2083
f 1966 2084 1965
f 1966 2085 2084
f 1967 2085 1966
f 1967 2086 2085
f 1968 2086 1967
f 1968 2087 2086
f 1969 2087 1968
f 1969 2088 2087
f 1970 2088 1969
f 1970 2089 2088
f 1971 2089 1970
f 1971 2090 2089
f 1972 2090 1971
f 1972 2091 2090
f 1973 2091 1972
f 1974 2094 2093
f 1975 2094 1974
f 1975 2095 2094
f 1976 2095 1975
f 1976 2096 2095
f 1977 2096 1976
f 1977 2097 2096
f 1978 2097 1977
f 1978 2098 2097
f 1979 2098 1978
f 1979 2099 2098
f 1980 2099 1979
f 1980 2100 2099
f 1981 2100 1980
f 1981 2101 2100
f 1982 2101 1981
f 1982 2102 2101
f 1983 2102 1982
f 1983 2103 2102
f 1984 2103 1983
f 1984 2104 2103
f 1985 2104 1984
f 1985 2105 2104
f 1986 2105 1985
f 1986 2106 2105
f 1987 2106 1986
f 1987 2107 2106
f 1988 2107 1987
f 1988 2108 2107
f 1989 2108 1988
f 1989 2109 2108
f 1990 2109 1989
f 1990 2110 2109
f 1991 2110 1990
f 1991 2111 2110
f 1992 2111 1991
f 1992 2112 2111
f 1993 2112 1992
f 1993 2113 2112
f 1994 2113 1993
f 1994 2114 2113
f 1995 2114 1994
f 1995 2115 2114
f 1996 2115 1995
f 1996 2116 2115
f 1997 2116 1996
f 1997 2117 2116
f 1998 2117 1997
f 1998 2118 2117
f 1999 2118 1998
f 1999 2119 2118
f 2000 2119 1999
f 2000 2120 2119
f 2001 2120 2000
f 2001 2121 2120
f 2002 2121 2001
f 2002 2122 2121
f 2003 2122 2002
f 2003 2123 2122
f 2004 2123 2003
f 2004 2124 2123
f 2005 2124 2004
f 2005 2125 2124
f 2006 2125 2005
f 2006 2126 2125
f 2007 2126 2006
f 2007 2127 2126
f 2008 2127 2007
f 2008 2128 2127
f 2009 2128 2008
f 2009 2129 2128
f 2010 2129 2009
f 2010 2130 2129
f 2011 2130 2010
f 2011 2131 2130
f 2012 2131 2011
f 2012 2132 2131
f 2013 2132 2012
f 2013 2133 2132
f 2014 2133 2013
f 2014 2134 2133
f 2015 2134 2014
f 2015 2135 2134
f 2016 2135 2015
f 2016 2136 2135
f 2017 2136 2016
f 2017 2137 2136
f 2018 2137 2017
f 2018 2138 2137
f 2019 2138 2018
f 2019 2139 2138
f 2020 2139 2019
f 2020 2140 2139
f 2021 2140 2020
f 2021 2141 2140
f 2022 2141 2021
f 2022 2142 2141
f 2023 2142 2022
f 2023 2143 2142
f 2024 2143 2023
f 2024 2144 2143
f 2025 2144 2024
f 2025 2145 2144
f 2026 2145 2025
f 2026 2146 2145
f 2027 2146 2026
f 2027 2147 2146
f 2028 2147 2027
f 2028 2148 2147
f 2029 2148 2028
f 2029 2149 2148
f 2030 2149 2029
f 2030 2150 2149
f 2031 2150 2030
f 2031 2151 2150
f 2032 2151 2031
f 2032 2152 2151
f 2033 2152 2032
f 2033 2153 2152
f 2034 2153 2033
f 2034 2154 2153
f 2035 2154 2034
f 2035 2155 2154
f 2036 2155 2035
f 2036 2156 2155
f 2037 2156 2036
f 2037 2157 2156
f 2038 2157 2037
f 2038 2158 2157
f 2039 2158 2038
f 2039 2159 2158
f 2040 2159 2039
f 2040 2160 2159
f 2041 2160 2040
f 2041 2161 2160
f 2042 2161 2041
f 2042 2162 2161
f 2043 2162 2042
f 2043 2163 2162
f 2044 2163 2043
f 2044 2164 2163
f 2045 2164 2044
f 2045 2165 2164
f 2046 2165 2045
f 2046 2166 2165
f 2047 2166 2046
f 2047 2167 2166
f 2048 2167 2047
f 2048 2168 2167
f 2050 2169 2049
f 2050 2170 2169
f 2051 2170 2050
f 2051 2171 2170
f 2052 2171 2051
f 2052 2172 2171
f 2053 2172 2052
f 2053 2173 2172
f 2054 2173 2053
f 2054 2174 2173
f 2055 2174 2054
f 2055 2175 2174
f 2056 2175 2055
f 2056 2176 2175
f 2057 2176 2056
f 2057 2177 2176
f 2058 2177 2057
f 2058 2178 2177
f 2059 2178 2058
f 2059 2179 2178
f 2060 2179 2059
f 2060 2180 2179
f 2061 2180 2060
f 2061 2181 2180
f 2062 2181 2061
f 2062 2182 2181
f 2063 2182 2062
f 2063 2183 2182
f 2064 2183 2063
f 2064 2184 2183
f 2065 2184 2064
f 2065 2185 2184
f 2066 2185 2065
f 2066 2186 2185
f 2067 2186 2066
f 2067 2187 2186
f 2068 2187 2067
f 2068 2188 2187
f 2069 2188 2068
f 2069 2189 2188
f 2070 2189 2069
f 2070 2190 2189
f 2071 2190 2070
f 2071 2191 2190
f 2072 2191 2071
f 2072 2192 2191
f 2073 2192 2072
f 2073 2193 2192
f 2074 2193 2073
f 2074 2194 2193
f 2075 2194 2074
f 2075 2195 2194
f 2076 2195 2075
f 2076 2196 2195
f 2077 2196 2076
f 2077 2197 2196
f 2078 2197 2077
f 2078 2198 2197
f 2079 2198 2078
f 2079 2199 2198
f 2080 2199 2079
f 2080 2200 2199
f 2081 2200 2080
f 2081 2201 2200
f 2082 2201 2081
f 2082 2202 2201
f 2083 2202 2082
f 2083 2203 2202
f 2084 2203 2083
f 2084 2204 2203
f 2085 2204 2084
f 2085 2205 2204
f 2086 2205 2085
f 2086 2206 2205
f 2087 2206 2086
f 2087 2207 2206
f 2088 2207 2087
f 2088 2208 2207
f 2089 2208 2088
f 2089 2209 2208
f 2090 2209 2089
f 2090 2210 2209
f 2091 2210 2090
f 2091 2211 2210
f 2092 2211 2091
f 2094 2212 2093
f 2094 2213 2212
f 2095 2213 2094
f 2095 2214 2213
f 2096 2214 2095
f 2096 2215 2214
f 2097 2215 2096
f 2097 2216 2215
f 2098 2216 2097
f 2098 2217 2216
f 2099 2217 2098
f 2099 2218 2217
f 2100 2218 2099
f 2100 2219 2218
f 2101 2219 2100
f 2101 2220 2219
f 2102 2220 2101
f 2102 2221 2220
f 2103 2221 2102
f 2103 2222 2221
f 2104 2222 2103
f 2104 2223 2222
f 2105 2223 2104
f 2105 2224 2223
f 2106 2224 2105
f 2106 2225 2224
f 2107 2225 2106
f 2107 2226 2225
f 2108 2226 2107
f 2108 2227 2226
f 2109 2227 2108
f 2109 2228 2227
f 2110 2228 2109
f 2110 2229 2228
f 2111 2229 2110
f 2111 2230 2229
f 2112 2230 2111
f 2112 2231 2230
f 2113 2231 2112
f 2113 2232 2231
f 2114 2232 2113
f 2114 2233 2232
f 2115 2233 2114
f 2115 2234 2233
f 2116 2234 2115
f 2116 2235 2234
f 2117 2235 2116
f 2117 2236 2235
f 2118 2236 2117
f 2118 2237 2236
f 2119 2237 2118
f 2119 2238 2237
f 2120 2238 2119
f 2120 2239 2238
f 2121 2239 2120
f 2121 2240 2239
f 2122 2240 2121
f 2122 2241 2240
f 2123 2241 2122
f 2123 2242 2241
f 2124 2242 2123
f 2124 2243 2242
f 2125 2243 2124
f 2125 2244 2243
f 2126 2244 2125
f 2126 2245 2244
f 2127 2245 2126
f 2127 2246 2245
f 2128 2246 2127
f 2128 2247 2246
f 2129 2247 2128
f 2129 2248 2247
f 2130 2248 2129
f 2130 2249 2248
f 2131 2249 2130
f 2131 2250 2249
f 2132 2250 2131
f 2132 2251 2250
f 2133 2251 2132
f 2133 2252 2251
f 2134 2252 2133
f 2134 2253 2252
f 2135 2253 2134
f 2135 2254 2253
f 2136 2254 2135
f 2136 2255 2254
f 2137 2255 2136
f 2137 2256 2255
f 2138 2256 2137
f 2138 2257 2256
f 2139 2257 2138
f 2139 2258 2257
f 2140 2258 2139
f 2140 2259 2258
f 2141 2259 2140
f 2141 2260 2259
f 2142 2260 2141
f 2142 2261 2260
f 2143 2261 2142
f 2143 2262 2261
f 2144 2262 2143
f 2144 2263 2262
f 2145 2263 2144
f 2145 2264 2263
f 2146 2264 2145
f 2146 2265 2264
f 2147 2265 2146
f 2147 2266 2265
f 2148 2266 2147
f 2148 2267 2266
f 2149 2267 2148
f 2149 2268 2267
f 2150 2268 2149
f 2150 2269 2268
f 2151 2269 2150
f 2151 2270 2269
f 2152 2270 2151
f 2152 2271 2270
f 2153 2271 2152
f 2153 2272 2271
f 2154 2272 2153
f 2154 2273 2272
f 2155 2273 2154
f 2155 2274 2273
f 2156 2274 2155
f 2156 2275 2274
f 2157 2275 2156
f 2157 2276 2275
f 2158 2276 2157
f 2158 2277 2276
f 2159 2277 2158
f 2159 2278 2277
f 2160 2278 2159
f 2160 2279 2278
f 2161 2279 2160
f 2161 2280 2279
f 2162 2280 2161
f 2162 2281 2280
f 2163 2281 2162
f 2163 2282 2281
f 2164 2282 2163
f 2164 2283 2282
f 2165 2283 2164
f 2165 2284 2283
f 2166 2284 2165
f 2166 2285 2284
f 2167 2285 2166
f 2167 2286 2285
f 2168 2286 2167
f 2168 2287 2286
f 2171 2289 2170
f 2171 2290 2289
f 2172 2290 2171
f 2172 2291 2290
f 2173 2291 2172
f 2173 2292 2291
f 2174 2292 2173
f 2174 2293 2292
f 2175 2293 2174
f 2175 2294 2293
f 2176 2294 2175
f 2176 2295 2294
f 2177 2295 2176
f 2177 2296 2295
f 2178 2296 2177
f 2178 2297 2296
f 2179 2297 2178
f 2179 2298 2297
f 2180 2298 2179
f 2180 2299 2298
f 2181 2299 2180
f 2181 2300 2299
f 2182 2300 2181
f 2182 2301 2300
f 2183 2301 2182
f 2183 2302 2301
f 2184 2302 2183
f 2184 2303 2302
f 2185 2303 2184
f 2185 2304 2303
f 2186 2304 2185
f 2186 2305 2304
f 2187 2305 2186
f 2187 2306 2305
f 2188 2306 2187
f 2188 2307 2306
f 2189 2307 2188
f 2189 2308 2307
f 2190 2308 2189
f 2190 2309 2308
f 2191 2309 2190
f 2191 2310 2309
f 2192 2310 2191
f 2192 2311 2310
f 2193 2311 2192
f 2193 2312 2311
f 2194 2312 2193
f 2194 2313 2312
f 2195 2313 2194
f 2195 2314 2313
f 2196 2314 2195
f 2196 2315 2314
f 2197 2315 2196
f 2197 2316 2315
f 2198 2316 2197
f 2198 2317 2316
f 2199 2317 2198
f 2199 2318 2317
f 2200 2318 2199
f 2200 2319 2318
f 2201 2319 2200
f 2201 2320 2319
f 2202 2320 2201
f 2202 2321 2320
f 2203 2321 2202
f 2203 2322 2321
f 2204 2322 2203
f 2204 2323 2322
f 2205 2323 2204
f 2205 2324 2323
f 2206 2324 2205
f 2206 2325 2324
f 2207 2325 2206
f 2207 2326 2325
f 2208 2326 2207
f 2208 2327 2326
f 2209 2327 2208
f 2209 2328 2327
f 2210 2328 2209
f 2210 2329 2328
f 2211 2329 2210
f 2211 2330 2329
f 2212 2332 2331
f 2213 2332 2212
f 2213 2333 2332
f 2214 2333 2213
f 2214 2334 2333
f 2215 2334 2214
f 2215 2335 2334
f 2216 2335 2215
f 2216 2336 2335
f 2217 2336 2216
f 2217 2337 2336
f 2218 2337 2217
f 2218 2338 2337
f 2219 2338 2218
f 2219 2339 2338
f 2220 2339 2219
f 2220 2340 2339
f 2221 2340 2220
f 2221 2341 2340
f 2222 2341 2221
f 2222 2342 2341
f 2223 2342 2222
f 2223 2343 2342
f 2224 2343 2223
f 2224 2344 2343
f 2225 2344 2224
f 2225 2345 2344
f 2226 2345 2225
f 2226 2346 2345
f 2227 2346 2226
f 2227 2347 2346
f 2228 2347 2227
f 2228 2348 2347
f 2229 2348 2228
f 2229 2349 2348
f 2230 2349 2229
f 2230 2350 2349
f 2231 2350 2230
f 2231 2351 2350
f 2232 2351 2231
f 2232 2352 2351
f 2233 2352 2232
f 2233 2353 2352
f 2234 2353 2233
f 2234 2354 2353
f 2235 2354 2234
f 2235 2355 2354
f 2236 2355 2235
f 2236 2356 2355
f 2237 2356 2236
f 2237 2357 2356
f 2238 2357 2237
f 2238 2358 2357
f 2239 2358 2238
f 2239 2359 2358
f 2240 2359 2239
f 2240 2360 2359
f 2241 2360 2240
f 2241 2361 2360
f 2242 2361 2241
f 2242 2362 2361
f 2243 2362 2242
f 2243 2363 2362
f 2244 2363 2243
f 2244 2364 2363
f 2245 2364 2244
f 2245 2365 2364
f 2246 2365 2245
f 2246 2366 2365
f 2247 2366 2246
f 2247 2367 2366
f 2248 2367 2247
f 2248 2368 2367
f 2249 2368 2248
f 2249 2369 2368
f 2250 2369 2249
f 2250 2370 2369
f 2251 2370 2250
f 2251 2371 2370
f 2252 2371 2251
f 2252 2372 2371
f 2253 2372 2252
f 2253 2373 2372
f 2254 2373 2253
f 2254 2374 2373
f 2255 2374 2254
f 2255 2375 2374
f 2256 2375 2255
f 2256 2376 2375
f 2257 2376 2256
f 2257 2377 2376
f 2258 2377 2257
f 2258 2378 2377
f 2259 2378 2258
f 2259 2379 2378
f 2260 2379 2259
f 2260 2380 2379
f 2261 2380 2260
f 2261 2381 2380
f 2262 2381 2261
f 2262 2382 2381
f 2263 2382 2262
f 2263 2383 2382
f 2264 2383 2263
f 2264 2384 2383
f 2265 2384 2264
f 2265 2385 2384
f 2266 2385 2265
f 2266 2386 2385
f 2267 2386 2266
f 2267 2387 2386
f 2268 2387 2267
f 2268 2388 2387
f 2269 2388 2268
f 2269 2389 2388
f 2270 2389 2269
f 2270 2390 2389
f 2271 2390 2270
f 2271 2391 2390
f 2272 2391 2271
f 2272 2392 2391
f 2273 2392 2272
f 2273 2393 2392
f 2274 2393 2273
f 2274 2394 2393
f 2275 2394 2274
f 2275 2395 2394
f 2276 2395 2275
f 2276 2396 2395
f 2277 2396 2276
f 2277 2397 2396
f 2278 2397 2277
f 2278 2398 2397
f 2279 2398 2278
f 2279 2399 2398
f 2280 2399 2279
f 2280 2400 2399
f 2281 2400 2280
f 2281 2401 2400
f 2282 2401 2281
f 2282 2402 2401
f 2283 2402 2282
f 2283 2403 2402
f 2284 2403 2283
f 2284 2404 2403
f 2285 2404 2284
f 2285 2405 2404
f 2286 2405 2285
f 2286 2406 2405
f 2287 2406 2286
f 2287 2407 2406
f 2288 2407 2287
f 2288 2408 2407
f 2291 2410 2290
f 2291 2411 2410
f 2292 2411 2291
f 2292 2412 2411
f 2293 2412 2292
f 2293 2413 2412
f 2294 2413 2293
f 2294 2414 2413
f 2295 2414 2294
f 2295 2415 2414
f 2296 2415 2295
f 2296 2416 2415
f 2297 2416 2296
f 2297 2417 2416
f 2298 2417 2297
f 2298 2418 2417
f 2299 2418 2298
f 2299 2419 2418
f 2300 2419 2299
f 2300 2420 2419
f 2301 2420 2300
f 2301 2421 2420
f 2302 2421 2301
f 2302 2422 2421
f 2303 2422 2302
f 2303 2423 2422
f 2304 2423 2303
f 2304 2424 2423
f 2305 2424 2304
f 2305 2425 2424
f 2306 2425 2305
f 2306 2426 2425
f 2307 2426 2306
f 2307 2427 2426
f 2308 2427 2307
f 2308 2428 2427
f 2309 2428 2308
f 2309 2429 2428
f 2310 2429 2309
f 2310 2430 2429
f 2311 2430 2310
f 2311 2431 2430
f 2312 2431 2311
f 2312 2432 2431
f 2313 2432 2312
f 2313 2433 2432
f 2314 2433 2313
f 2314 2434 2433
f 2315 2434 2314
f 2315 2435 2434
f 2316 2435 2315
f 2316 2436 2435
f 2317 2436 2316
f 2317 2437 2436
f 2318 2437 2317
f 2318 2438 2437
f 2319 2438 2318
f 2319 2439 2438
f 2320 2439 2319
f 2320 2440 2439
f 2321 2440 2320
f 2321 2441 2440
f 2322 2441 2321
f 2322 2442 2441
f 2323 2442 2322
f 2323 2443 2442
f 2324 2443 2323
f 2324 2444 2443
f 2325 2444 2324
f 2325 2445 2444
f 2326 2445 2325
f 2326 2446 2445
f 2327 2446 2326
f 2327 2447 2446
f 2328 2447 2327
f 2328 2448 2447
f 2329 2448 2328
f 2329 2449 2448
f 2330 2449 2329
f 2330 2450 2449
f 2332 2451 2331
f 2332 2452 2451
f 2333 2452 2332
f 2333 2453 2452
f 2334 2453 2333
f 2334 2454 2453
f 2335 2454 2334
f 2335 2455 2454
f 2336 2455 2335
f 2336 2456 2455
f 2337 2456 2336
f 2337 2457 2456
f 2338 2457 2337
f 2338 2458 2457
f 2339 2458 2338
f 2339 2459 2458
f 2340 2459 2339
f 2340 2460 2459
f 2341 2460 2340
f 2341 2461 2460
f 2342 2461 2341
f 2342 2462 2461
f 2343 2462 2342
f 2343 2463 2462
f 2344 2463 2343
f 2344 2464 2463
f 2345 2464 2344
f 2345 2465 2464
f 2346 2465 2345
f 2346 2466 2465
f 2347 2466 2346
f 2347 2467 2466
f 2348 2467 2347
f 2348 2468 2467
f 2349 2468 2348
f 2349 2469 2468
f 2350 2469 2349
f 2350 2470 2469
f 2351 2470 2350
f 2351 2471 2470
f 2352 2471 2351
f 2352 2472 2471
f 2353 2472 2352
f 2353 2473 2472
f 2354 2473 2353
f 2354 2474 2473
f 2355 2474 2354
f 2355 2475 2474
f 2356 2475 2355
f 2356 2476 2475
f 2357 2476 2356
f 2357 2477 2476
f 2358 2477 2357
f 2358 2478 2477
f 2359 2478 2358
f 2359 2479 2478
f 2360 2479 2359
f 2360 2480 2479
f 2361 2480 2360
f 2361 2481 2480
f 2362 2481 2361
f 2362 2482 2481
f 2363 2482 2362
f 2363 2483 2482
f 2364 2483 2363
f 2364 2484 2483
f 2365 2484 2364
f 2365 2485 2484
f 2366 2485 2365
f 2366 2486 2485
f 2367 2486 2366
f 2367 2487 2486
f 2368 2487 2367
f 2368 2488 2487
f 2369 2488 2368
f 2369 2489 2488
f 2370 2489 2369
f 2370 2490 2489
f 2371 2490 2370
f 2371 2491 2490
f 2372 2491 2371
f 2372 2492 2491
f 2373 2492 2372
f 2373 2493 2492
f 2374 2493 2373
f 2374 2494 2493
f 2375 2494 2374
f 2375 2495 2494
f 2376 2495 2375
f 2376 2496 2495
f 2377 2496 2376
f 2377 2497 2496
f 2378 2497 2377
f 2378 2498 2497
f 2379 2498 2378
f 2379 2499 2498
f 2380 2499 2379
f 2380 2500 2499
f 2381 2500 2380
f 2381 2501 2500
f 2382 2501 2381
f 2382 2502 2501
f 2383 2502 2382
f 2383 2503 2502
f 2384 2503 2383
f 2384 2504 2503
f 2385 2504 2384
f 2385 2505 2504
f 2386 2505 2385
f 2386 2506 2505
f 2387 2506 2386
f 2387 2507 2506
f 2388 2507 2387
f 2388 2508 2507
f 2389 2508 2388
f 2389 2509 2508
f 2390 2509 2389
f 2390 2510 2509
f 2391 2510 2390
f 2391 2511 2510
f 2392 2511 2391
f 2392 2512 2511
f 2393 2512 2392
f 2393 2513 2512
f 2394 2513 2393
f 2394 2514 2513
f 2395 2514 2394
f 2395 2515 2514
f 2396 2515 2395
f 2396 2516 2515
f 2397 2516 2396
f 2397 2517 2516
f 2398 2517 2397
f 2398 2518 2517
f 2399 2518 2398
f 2399 2519 2518
f 2400 2519 2399
f 2400 2520 2519
f 2401 2520 2400
f 2401 2521 2520
f 2402 2521 2401
f 2402 2522 2521
f 2403 2522 2402
f 2403 2523 2522
f 2404 2523 2403
f 2404 2524 2523
f 2405 2524 2404
f 2405 2525 2524
f 2406 2525 2405
f 2406 2526 2525
f 2407 2526 2406
f 2407 2527 2526
f 2408 2527 2407
f 2408 2528 2527
f 2409 2528 2408
f 2409 2529 2528
f 2411 2530 2410
f 2411 2531 2530
f 2412 2531 2411
f 2412 2532 2531
f 2413 2532 2412
f 2413 2533 2532
f 2414 2533 2413
f 2414 2534 2533
f 2415 2534 2414
f 2415 2535 2534
f 2416 2535 2415
f 2416 2536 2535
f 2417 2536 2416
f 2417 2537 2536
f 2418 2537 2417
f 2418 2538 2537
f 2419 2538 2418
f 2419 2539 2538
f 2420 2539 2419
f 2420 2540 2539
f 2421 2540 2420
f 2421 2541 2540
f 2422 2541 2421
f 2422 2542 2541
f 2423 2542 2422
f 2423 2543 2542
f 2424 2543 2423
f 2424 2544 2543
f 2425 2544 2424
f 2425 2545 2544
f 2426 2545 2425
f 2426 2546 2545
f 2427 2546 2426
f 2427 2547 2546
f 2428 2547 2427
f 2428 2548 2547
f 2429 2548 2428
f 2429 2549 2548
f 2430 2549 2429
f 2430 2550 2549
f 2431 2550 2430
f 2431 2551 2550
f 2432 2551 2431
f 2432 2552 2551
f 2433 2552 2432
f 2433 2553 2552
f 2434 2553 2433
f 2434 2554 2553
f 2435 2554 2434
f 2435 2555 2554
f 2436 2555 2435
f 2436 2556 2555
f 2437 2556 2436
f 2437 2557 2556
f 2438 2557 2437
f 2438 2558 2557
f 2439 2558 2438
f 2439 2559 2558
f 2440 2559 2439
f 2440 2560 2559
f 2441 2560 2440
f 2441 2561 2560
f 2442 2561 2441
f 2442 2562 2561
f 2443 2562 2442
f 2443 2563 2562
f 2444 2563 2443
f 2444 2564 2563
f 2445 2564 2444
f 2445 2565 2564
f 2446 2565 2445
f 2446 2566 2565
f 2447 2566 2446
f 2447 2567 2566
f 2448 2567 2447
f 2448 2568 2567
f 2449 2568 2448
f 2449 2569 2568
f 2450 2569 2449
f 2452 2570 2451
f 2452 2571 2570
f 2453 2571 2452
f 2453 2572 2571
f 2454 2572 2453
f 2454 2573 2572
f 2455 2573 2454
f 2455 2574 2573
f 2456 2574 2455
f 2456 2575 2574
f 2457 2575 2456
f 2457 2576 2575
f 2458 2576 2457
f 2458 2577 2576
f 2459 2577 2458
f 2459 2578 2577
f 2460 2578 2459
f 2460 2579 2578
f 2461 2579 2460
f 2461 2580 2579
f 2462 2580 2461
f 2462 2581 2580
f 2463 2581 2462
f 2463 2582 2581
f 2464 2582 2463
f 2464 2583 2582
f 2465 2583 2464
f 2465 2584 2583
f 2466 2584 2465
f 2466 2585 2584
f 2467 2585 2466
f 2467 2586 2585
f 2468 2586 2467
f 2468 2587 2586
f 2469 2587 2468
f 2469 2588 2587
f 2470 2588 2469
f 2470 2589 2588
f 2471 2589 2470
f 2471 2590 2589
f 2472 2590 2471
f 2472 2591 2590
f 2473 2591 2472
f 2473 2592 2591
f 2474 2592 2473
f 2474 2593 2592
f 2475 2593 2474
f 2475 2594 2593
f 2476 2594 2475
f 2476 2595 2594
f 2477 2595 2476
f 2477 2596 2595
f 2478 2596 2477
f 2478 2597 2596
f 2479 2597 2478
f 2479 2598 2597
f 2480 2598 2479
f 2480 2599 2598
f 2481 2599 2480
f 2481 2600 2599
f 2482 2600 2481
f 2482 2601 2600
f 2483 2601 2482
f 2483 2602 2601
f 2484 2602 2483
f 2484 2603 2602
f 2485 2603 2484
f 2485 2604 2603
f 2486 2604 2485
f 2486 2605 2604
f 2487 2605 2486
f 2487 2606 2605
f 2488 2606 2487
f 2488 2607 2606
f 2489 2607 2488
f 2489 2608 2607
f 2490 2608 2489
f 2490 2609 2608
f 2491 2609 2490
f 2491 2610 2609
f 2492 2610 2491
f 2492 2611 2610
f 2493 2611 2492
f 2493 2612 2611
f 2494 2612 2493
f 2494 2613 2612
f 2495 2613 2494
f 2495 2614 2613
f 2496 2614 2495
f 2496 2615 2614
f 2497 2615 2496
f 2497 2616 2615
f 2498 2616 2497
f 2498 2617 2616
f 2499 2617 2498
f 2499 2618 2617
f 2500 2618 2499
f 2500 2619 2618
f 2501 2619 2500
f 2501 2620 2619
f 2502 2620 2501
f 2502 2621 2620
f 2503 2621 2502
f 2503 2622 2621
f 2504 2622 2503
f 2504 2623 2622
f 2505 2623 2504
f 2505 2624 2623
f 2506 2624 2505
f 2506 2625 2624
f 2507 2625 2506
f 2507 2626 2625
f 2508 2626 2507
f 2508 2627 2626
f 2509 2627 2508
f 2509 2628 2627
f 2510 2628 2509
f 2510 2629 2628
f 2511 2629 2510
f 2511 2630 2629
f 2512 2630 2511
f 2512 2631 2630
f 2513 2631 2512
f 2513 2632 2631
f 2514 2632 2513
f 2514 2633 2632
f 2515 2633 2514
f 2515 2634 2633
f 2516 2634 2515
f 2516 2635 2634
f 2517 2635 2516
f 2517 2636 2635
f 2518 2636 2517
f 2518 2637 2636
f 2519 2637 2518
f 2519 2638 2637
f 2520 2638 2519
f 2520 2639 2638
f 2521 2639 2520
f 2521 2640 2639
f 2522 2640 2521
f 2522 2641 2640
f 2523 2641 2522
f 2523 2642 2641
f 2524 2642 2523
f 2524 2643 2642
f 2525 2643 2524
f 2525 2644 2643
f 2526 2644 2525
f 2526 2645 2644
f 2527 2645 2526
f 2527 2646 2645
f 2528 2646 2527
f 2528 2647 2646
f 2529 2647 2528
f 2529 2648 2647
f 2531 2649 2530
f 2531 2650 2649
f 2532 2650 2531
f 2532 2651 2650
f 2533 2651 2532
f 2533 2652 2651
f 2534 2652 2533
f 2534 2653 2652
f 2535 2653 2534
f 2535 2654 2653
f 2536 2654 2535
f 2536 2655 2654
f 2537 2655 2536
f 2537 2656 2655
f 2538 2656 2537
f 2538 2657 2656
f 2539 2657 2538
f 2539 2658 2657
f 2540 2658 2539
f 2540 2659 2658
f 2541 2659 2540
f 2541 2660 2659
f 2542 2660 2541
f 2542 2661 2660
f 2543 2661 2542
f 2543 2662 2661
f 2544 2662 2543
f 2544 2663 2662
f 2545 2663 2544
f 2545 2664 2663
f 2546 2664 2545
f 2546 2665 2664
f 2547 2665 2546
f 2547 2666 2665
f 2548 2666 2547
f 2548 2667 2666
f 2549 2667 2548
f 2549 2668 2667
f 2550 2668 2549
f 2550 2669 2668
f 2551 2669 2550
f 2551 2670 2669
f 2552 2670 2551
f 2552 2671 2670
f 2553 2671 2552
f 2553 2672 2671
f 2554 2672 2553
f 2554 2673 2672
f 2555 2673 2554
f 2555 2674 2673
f 2556 2674 2555
f 2556 2675 2674
f 2557 2675 2556
f 2557 2676 2675
f 2558 2676 2557
f 2558 2677 2676
f 2559 2677 2558
f 2559 2678 2677
f 2560 2678 2559
f 2560 2679 2678
f 2561 2679 2560
f 2561 2680 2679
f 2562 2680 2561
f 2562 2681 2680
f 2563 2681 2562
f 2563 2682 2681
f 2564 2682 2563
f 2564 2683 2682
f 2565 2683 2564
f 2565 2684 2683
f 2566 2684 2565
f 2566 2685 2684
f 2567 2685 2566
f 2567 2686 2685
f 2568 2686 2567
f 2568 2687 2686
f 2569 2687 2568
f 2570 2689 2688
f 2571 2689 2570
f 2571 2690 2689
f 2572 2690 2571
f 2572 2691 2690
f 2573 2691 2572
f 2573 2692 2691
f 2574 2692 2573
f 2574 2693 2692
f 2575 2693 2574
f 2575 2694 2693
f 2576 2694 2575
f 2576 2695 2694
f 2577 2695 2576
f 2577 2696 2695
f 2578 2696 2577
f 2578 2697 2696
f 2579 2697 2578
f 2579 2698 2697
f 2580 2698 2579
f 2580 2699 2698
f 2581 2699 2580
f 2581 2700 2699
f 2582 2700 2581
f 2582 2701 2700
f 2583 2701 2582
f 2583 2702 2701
f 2584 2702 2583
f 2584 2703 2702
f 2585 2703 2584
f 2585 2704 2703
f 2586 2704 2585
f 2586 2705 2704
f 2587 2705 2586
f 2587 2706 2705
f 2588 2706 2587
f 2588 2707 2706
f 2589 2707 2588
f 2589 2708 2707
f 2590 2708 2589
f 2590 2709 2708
f 2591 2709 2590
f 2591 2710 2709
f 2592 2710 2591
f 2592 2711 2710
f 2593 2711 2592
f 2593 2712 2711
f 2594 2712 2593
f 2594 2713 2712
f 2595 2713 2594
f 2595 2714 2713
f 2596 2714 2595
f 2596 2715 2714
f 2597 2715 2596
f 2597 2716 2715
f 2598 2716 2597
f 2598 2717 2716
f 2599 2717 2598
f 2599 2718 2717
f 2600 2718 2599
f 2600 2719 2718
f 2601 2719 2600
f 2601 2720 2719
f 2602 2720 2601
f 2602 2721 2720
f 2603 2721 2602
f 2603 2722 2721
f 2604 2722 2603
f 2604 2723 2722
f 2605 2723 2604
f 2605 2724 2723
f 2606 2724 2605
f 2606 2725 2724
f 2607 2725 2606
f 2607 2726 2725
f 2608 2726 2607
f 2608 2727 2726
f 2609 2727 2608
f 2609 2728 2727
f 2610 2728 2609
f 2610 2729 2728
f 2611 2729 2610
f 2611 2730 2729
f 2612 2730 2611
f 2612 2731 2730
f 2613 2731 2612
f 2613 2732 2731
f 2614 2732 2613
f 2614 2733 2732
f 2615 2733 2614
f 2615 2734 2733
f 2616 2734 2615
f 2616 2735 2734
f 2617 2735 2616
f 2617 2736 2735
f 2618 2736 2617
f 2618 2737 2736
f 2619 2737 2618
f 2619 2738 2737
f 2620 2738 2619
f 2620 2739 2738
f 2621 2739 2620
f 2621 2740 2739
f 2622 2740 2621
f 2622 2741 2740
f 2623 2741 2622
f 2623 2742 2741
f 2624 2742 2623
f 2624 2743 2742
f 2625 2743 2624
f 2625 2744 2743
f 2626 2744 2625
f 2626 2745 2744
f 2627 2745 2626
f 2627 2746 2745
f 2628 2746 2627
f 2628 2747 2746
f 2629 2747 2628
f 2629 2748 2747
f 2630 2748 2629
f 2630 2749 2748
f 2631 2749 2630
f 2631 2750 2749
f 2632 2750 2631
f 2632 2751 2750
f 2633 2751 2632
f 2633 2752 2751
f 2634 2752 2633
f 2634 2753 2752
f 2635 2753 2634
f 2635 2754 2753
f 2636 2754 2635
f 2636 2755 2754
f 2637 2755 2636
f 2637 2756 2755
f 2638 2756 2637
f 2638 2757 2756
f 2639 2757 2638
f 2639 2758 2757
f 2640 2758 2639
f 2640 2759 2758
f 2641 2759 2640
f 2641 2760 2759
f 2642 2760 2641
f 2642 2761 2760
f 2643 2761 2642
f 2643 2762 2761
f 2644 2762 2643
f 2644 2763 2762
f 2645 2763 2644
f 2645 2764 2763
f 2646 2764 2645
f 2646 2765 2764
f 2647 2765 2646
f 2647 2766 2765
f 2648 2766 2647
f 2648 2767 2766
f 2650 2768 2649
f 2650 2769 2768
f 2651 2769 2650
f 2651 2770 2769
f 2652 2770 2651
f 2652 2771 2770
f 2653 2771 2652
f 2653 2772 2771
f 2654 2772 2653
f 2654 2773 2772
f 2655 2773 2654
f 2655 2774 2773
f 2656 2774 2655
f 2656 2775 2774
f 2657 2775 2656
f 2657 2776 2775
f 2658 2776 2657
f 2658 2777 2776
f 2659 2777 2658
f 2659 2778 2777
f 2660 2778 2659
f 2660 2779 2778
f 2661 2779 2660
f 2661 2780 2779
f 2662 2780 2661
f 2662 2781 2780
f 2663 2781 2662
f 2663 2782 2781
f 2664 2782 2663
f 2664 2783 2782
f 2665 2783 2664
f 2665 2784 2783
f 2666 2784 2665
f 2666 2785 2784
f 2667 2785 2666
f 2667 2786 2785
f 2668 2786 2667
f 2668 2787 2786
f 2669 2787 2668
f 2669 2788 2787
f 2670 2788 2669
f 2670 2789 2788
f 2671 2789 2670
f 2671 2790 2789
f 2672 2790 2671
f 2672 2791 2790
f 2673 2791 2672
f 2673 2792 2791
f 2674 2792 2673
f 2674 2793 2792
f 2675 2793 2674
f 2675 2794 2793
f 2676 2794 2675
f 2676 2795 2794
f 2677 2795 2676
f 2677 2796 2795
f 2678 2796 2677
f 2678 2797 2796
f 2679 2797 2678
f 2679 2798 2797
f 2680 2798 2679
f 2680 2799 2798
f 2681 2799 2680
f 2681 2800 2799
f 2682 2800 2681
f 2682 2801 2800
f 2683 2801 2682
f 2683 2802 2801
f 2684 2802 2683
f 2684 2803 2802
f 2685 2803 2684
f 2685 2804 2803
f 2686 2804 2685
f 2686 2805 2804
f 2687 2805 2686
f 2689 2806 2688
f 2689 2807 2806
f 2690 2807 2689
f 2690 2808 2807
f 2691 2808 2690
f 2691 2809 2808
f 2692 2809 2691
f 2692 2810 2809
f 2693 2810 2692
f 2693 2811 2810
f 2694 2811 2693
f 2694 2812 2811
f 2695 2812 2694
f 2695 2813 2812
f 2696 2813 2695
f 2696 2814 2813
f 2697 2814 2696
f 2697 2815 2814
f 2698 2815 2697
f 2698 2816 2815
f 2699 2816 2698
f 2699 2817 2816
f 2700 2817 2699
f 2700 2818 2817
f 2701 2818 2700
f 2701 2819 2818
f 2702 2819 2701
f 2702 2820 2819
f 2703 2820 2702
f 2703 2821 2820
f 2704 2821 2703
f 2704 2822 2821
f 2705 2822 2704
f 2705 2823 2822
f 2706 2823 2705
f 2706 2824 2823
f 2707 2824 2706
f 2707 2825 2824
f 2708 2825 2707
f 2708 2826 2825
f 2709 2826 2708
f 2709 2827 2826
f 2710 2827 2709
f 2710 2828 2827
f 2711 2828 2710
f 2711 2829 2828
f 2712 2829 2711
f 2712 2830 2829
f 2713 2830 2712
f 2713 2831 2830
f 2714 2831 2713
f 2714 2832 2831
f 2715 2832 2714
f 2715 2833 2832
f 2716 2833 2715
f 2716 2834 2833
f 2717 2834 2716
f 2717 2835 2834
f 2718 2835 2717
f 2718 2836 2835
f 2719 2836 2718
f 2719 2837 2836
f 2720 2837 2719
f 2720 2838 2837
f 2721 2838 2720
f 2721 2839 2838
f 2722 2839 2721
f 2722 2840 2839
f 2723 2840 2722
f 2723 2841 2840
f 2724 2841 2723
f 2724 2842 2841
f 2725 2842 2724
f 2725 2843 2842
f 2726 2843 2725
f 2726 2844 2843
f 2727 2844 2726
f 2727 2845 2844
f 2728 2845 2727
f 2728 2846 2845
f 2729 2846 2728
f 2729 2847 2846
f 2730 2847 2729
f 2730 2848 2847
f 2731 2848 2730
f 2731 2849 2848
f 2732 2849 2731
f 2732 2850 2849
f 2733 2850 2732
f 2733 2851 2850
f 2734 2851 2733
f 2734 2852 2851
f 2735 2852 2734
f 2735 2853 2852
f 2736 2853 2735
f 2736 2854 2853
f 2737 2854 2736
f 2737 2855 2854
f 2738 2855 2737
f 2738 2856 2855
f 2739 2856 2738
f 2739 2857 2856
f 2740 2857 2739
f 2740 2858 2857
f 2741 2858 2740
f 2741 2859 2858
f 2742 2859 2741
f 2742 2860 2859
f 2743 2860 2742
f 2743 2861 2860
f 2744 2861 2743
f 2744 2862 2861
f 2745 2862 2744
f 2745 2863 2862
f 2746 2863 2745
f 2746 2864 2863
f 2747 2864 2746
f 2747 2865 2864
f 2748 2865 2747
f 2748 2866 2865
f 2749 2866 2748
f 2749 2867 2866
f 2750 2867 2749
f 2750 2868 2867
f 2751 2868 2750
f 2751 2869 2868
f 2752 2869 2751
f 2752 2870 2869
f 2753 2870 2752
f 2753 2871 2870
f 2754 2871 2753
f 2754 2872 2871
f 2755 2872 2754
f 2755 2873 2872
f 2756 2873 2755
f 2756 2874 2873
f 2757 2874 2756
f 2757 2875 2874
f 2758 2875 2757
f 2758 2876 2875
f 2759 2876 2758
f 2759 2877 2876
f 2760 2877 2759
f 2760 2878 2877
f 2761 2878 2760
f 2761 2879 2878
f 2762 2879 2761
f 2762 2880 2879
f 2763 2880 2762
f 2763 2881 2880
f 2764 2881 2763
f 2764 2882 2881
f 2765 2882 2764
f 2765 2883 2882
f 2766 2883 2765
f 2766 2884 2883
f 2767 2884 2766
f 2767 2885 2884
f 2770 2887 2769
f 2770 2888 2887
f 2771 2888 2770
f 2771 2889 2888
f 2772 2889 2771
f 2772 2890 2889
f 2773 2890 2772
f 2773 2891 2890
f 2774 2891 2773
f 2774 2892 2891
f 2775 2892 2774
f 2775 2893 2892
f 2776 2893 2775
f 2776 2894 2893
f 2777 2894 2776
f 2777 2895 2894
f 2778 2895 2777
f 2778 2896 2895
f 2779 2896 2778
f 2779 2897 2896
f 2780 2897 2779
f 2780 2898 2897
f 2781 2898 2780
f 2781 2899 2898
f 2782 2899 2781
f 2782 2900 2899
f 2783 2900 2782
f 2783 2901 2900
f 2784 2901 2783
f 2784 2902 2901
f 2785 2902 2784
f 2785 2903 2902
f 2786 2903 2785
f 2786 2904 2903
f 2787 2904 2786
f 2787 2905 2904
f 2788 2905 2787
f 2788 2906 2905
f 2789 2906 2788
f 2789 2907 2906
f 2790 2907 2789
f 2790 2908 2907
f 2791 2908 2790
f 2791 2909 2908
f 2792 2909 2791
f 2792 2910 2909
f 2793 2910 2792
f 2793 2911 2910
f 2794 2911 2793
f 2794 2912 2911
f 2795 2912 2794
f 2795 2913 2912
f 2796 2913 2795
f 2796 2914 2913
f 2797 2914 2796
f 2797 2915 2914
f 2798 2915 2797
f 2798 2916 2915
f 2799 2916 2798
f 2799 2917 2916
f 2800 2917 2799
f 2800 2918 2917
f 2801 2918 2800
f 2801 2919 2918
f 2802 2919 2801
f 2802 2920 2919
f 2803 2920 2802
f 2803 2921 2920
f 2804 2921 2803
f 2804 2922 2921
f 2805 2922 2804
f 2807 2923 2806
f 2807 2924 2923
f 2808 2924 2807
f 2808 2925 2924
f 2809 2925 2808
f 2809 2926 2925
f 2810 2926 2809
f 2810 2927 2926
f 2811 2927 2810
f 2811 2928 2927
f 2812 2928 2811
f 2812 2929 2928
f 2813 2929 2812
f 2813 2930 2929
f 2814 2930 2813
f 2814 2931 2930
f 2815 2931 2814
f 2815 2932 2931
f 2816 2932 2815
f 2816 2933 2932
f 2817 2933 2816
f 2817 2934 2933
f 2818 2934 2817
f 2818 2935 2934
f 2819 2935 2818
f 2819 2936 2935
f 2820 2936 2819
f 2820 2937 2936
f 2821 2937 2820
f 2821 2938 2937
f 2822 2938 2821
f 2822 2939 2938
f 2823 2939 2822
f 2823 2940 2939
f 2824 2940 2823
f 2824 2941 2940
f 2825 2941 2824
f 2825 2942 2941
f 2826 2942 2825
f 2826 2943 2942
f 2827 2943 2826
f 2827 2944 2943
f 2828 2944 2827
f 2828 2945 2944
f 2829 2945 2828
f 2829 2946 2945
f 2830 2946 2829
f 2830 2947 2946
f 2831 2947 2830
f 2831 2948 2947
f 2832 2948 2831
f 2832 2949 2948
f 2833 2949 2832
f 2833 2950 2949
f 2834 2950 2833
f 2834 2951 2950
f 2835 2951 2834
f 2835 2952 2951
f 2836 2952 2835
f 2836 2953 2952
f 2837 2953 2836
f 2837 2954 2953
f 2838 2954 2837
f 2838 2955 2954
f 2839 2955 2838
f 2839 2956 2955
f 2840 2956 2839
f 2840 2957 2956
f 2841 2957 2840
f 2841 2958 2957
f 2842 2958 2841
f 2842 2959 2958
f 2843 2959 2842
f 2843 2960 2959
f 2844 2960 2843
f 2844 2961 2960
f 2845 2961 2844
f 2845 2962 2961
f 2846 2962 2845
f 2846 2963 2962
f 2847 2963 2846
f 2847 2964 2963
f 2848 2964 2847
f 2848 2965 2964
f 2849 2965 2848
f 2849 2966 2965
f 2850 2966 2849
f 2850 2967 2966
f 2851 2967 2850
f 2851 2968 2967
f 2852 2968 2851
f 2852 2969 2968
f 2853 2969 2852
f 2853 2970 2969
f 2854 2970 2853
f 2854 2971 2970
f 2855 2971 2854
f 2855 2972 2971
f 2856 2972 2855
f 2856 2973 2972
f 2857 2973 2856
f 2857 2974 2973
f 2858 2974 2857
f 2858 2975 2974
f 2859 2975 2858
f 2859 2976 2975
f 2860 2976 2859
f 2860 2977 2976
f 2861 2977 2860
f 2861 2978 2977
f 2862 2978 2861
f 2862 2979 2978
f 2863 2979 2862
f 2863 2980 2979
f 2864 2980 2863
f 2864 2981 2980
f 2865 2981 2864
f 2865 2982 2981
f 2866 2982 2865
f 2866 2983 2982
f 2867 2983 2866
f 2867 2984 2983
f 2868 2984 2867
f 2868 2985 2984
f 2869 2985 2868
f 2869 2986 2985
f 2870 2986 2869
f 2870 2987 2986
f 2871 2987 2870
f 2871 2988 2987
f 2872 2988 2871
f 2872 2989 2988
f 2873 2989 2872
f 2873 2990 2989
f 2874 2990 2873
f 2874 2991 2990
f 2875 2991 2874
f 2875 2992 2991
f 2876 2992 2875
f 2876 2993 2992
f 2877 2993 2876
f 2877 2994 2993
f 2878 2994 2877
f 2878 2995 2994
f 2879 2995 2878
f 2879 2996 2995
f 2880 2996 2879
f 2880 2997 2996
f 2881 2997 2880
f 2881 2998 2997
f 2882 2998 2881
f 2882 2999 2998
f 2883 2999 2882
f 2883 3000 2999
f 2884 3000 2883
f 2884 3001 3000
f 2885 3001 2884
f 2885 3002 3001
f 2886 3002 2885
f 2886 3003 3002
f 2888 3004 2887
f 2888 3005 3004
f 2889 3005 2888
f 2889 3006 3005
f 2890 3006 2889
f 2890 3007 3006
f 2891 3007 2890
f 2891 3008 3007
f 2892 3008 2891
f 2892 3009 3008
f 2893 3009 2892
f 2893 3010 3009
f 2894 3010 2893
f 2894 3011 3010
f 2895 3011 2894
f 2895 3012 3011
f 2896 3012 2895
f 2896 3013 3012
f 2897 3013 2896
f 2897 3014 3013
f 2898 3014 2897
f 2898 3015 3014
f 2899 3015 2898
f 2899 3016 3015
f 2900 3016 2899
f 2900 3017 3016
f 2901 3017 2900
f 2901 3018 3017
f 2902 3018 2901
f 2902 3019 3018
f 2903 3019 2902
f 2903 3020 3019
f 2904 3020 2903
f 2904 3021 3020
f 2905 3021 2904
f 2905 3022 3021
f 2906 3022 2905
f 2906 3023 3022
f 2907 3023 2906
f 2907 3024 3023
f 2908 3024 2907
f 2908 3025 3024
f 2909 3025 2908
f 2909 3026 3025
f 2910 3026 2909
f 2910 3027 3026
f 2911 3027 2910
f 2911 3028 3027
f 2912 3028 2911
f 2912 3029 3028
f 2913 3029 2912
f 2913 3030 3029
f 2914 3030 2913
f 2914 3031 3030
f 2915 3031 2914
f 2915 3032 3031
f 2916 3032 2915
f 2916 3033 3032
f 2917 3033 2916
f 2917 3034 3033
f 2918 3034 2917
f 2918 3035 3034
f 2919 3035 2918
f 2919 3036 3035
f 2920 3036 2919
f 2920 3037 3036
f 2921 3037 2920
f 2921 3038 3037
f 2922 3038 2921
f 2923 3040 3039
f 2924 3040 2923
f 2924 3041 3040
f 2925 3041 2924
f 2925 3042 3041
f 2926 3042 2925
f 2926 3043 3042
f 2927 3043 2926
f 2927 3044 3043
f 2928 3044 2927
f 2928 3045 3044
f 2929 3045 2928
f 2929 3046 3045
f 2930 3046 2929
f 2930 3047 3046
f 2931 3047 2930
f 2931 3048 3047
f 2932 3048 2931
f 2932 3049 3048
f 2933 3049 2932
f 2933 3050 3049
f 2934 3050 2933
f 2934 3051 3050
f 2935 3051 2934
f 2935 3052 3051
f 2936 3052 2935
f 2936 3053 3052
f 2937 3053 2936
f 2937 3054 3053
f 2938 3054 2937
f 2938 3055 3054
f 2939 3055 2938
f 2939 3056 3055
f 2940 3056 2939
f 2940 3057 3056
f 2941 3057 2940
f 2941 3058 3057
f 2942 3058 2941
f 2942 3059 3058
f 2943 3059 2942
f 2943 3060 3059
f 2944 3060 2943
f 2944 3061 3060
f 2945 3061 2944
f 2945 3062 3061
f 2946 3062 2945
f 2946 3063 3062
f 2947 3063 2946
f 2947 3064 3063
f 2948 3064 2947
f 2948 3065 3064
f 2949 3065 2948
f 2949 3066 3065
f 2950 3066 2949
f 2950 3067 3066
f 2951 3067 2950
f 2951 3068 3067
f 2952 3068 2951
f 2952 3069 3068
f 2953 3069 2952
f 2953 3070 3069
f 2954 3070 2953
f 2954 3071 3070
f 2955 3071 2954
f 2955 3072 3071
f 2956 3072 2955
f 2956 3073 3072
f 2957 3073 2956
f 2957 3074 3073
f 2958 3074 2957
f 2958 3075 3074
f 2959 3075 2958
f 2959 3076 3075
f 2960 3076 2959
f 2960 3077 3076
f 2961 3077 2960
f 2961 3078 3077
f 2962 3078 2961
f 2962 3079 3078
f 2963 3079 2962
f 2963 3080 3079
f 2964 3080 2963
f 2964 3081 3080
f 2965 3081 2964
f 2965 3082 3081
f 2966 3082 2965
f 2966 3083 3082
f 2967 3083 2966
f 2967 3084 3083
f 2968 3084 2967
f 2968 3085 3084
f 2969 3085 2968
f 2969 3086 3085
f 2970 3086 2969
f 2970 3087 3086
f 2971 3087 2970
f 2971 3088 3087
f 2972 3088 2971
f 2972 3089 3088
f 2973 3089 2972
f 2973 3090 3089
f 2974 3090 2973
f 2974 3091 3090
f 2975 3091 2974
f 2975 3092 3091
f 2976 3092 2975
f 2976 3093 3092
f 2977 3093 2976
f 2977 3094 3093
f 2978 3094 2977
f 2978 3095 3094
f 2979 3095 2978
f 2979 3096 3095
f 2980 3096 2979
f 2980 3097 3096
f 2981 3097 2980
f 2981 3098 3097
f 2982 3098 2981
f 2982 3099 3098
f 2983 3099 2982
f 2983 3100 3099
f 2984 3100 2983
f 2984 3101 3100
f 2985 3101 2984
f 2985 3102 3101
f 2986 3102 2985
f 2986 3103 3102
f 2987 3103 2986
f 2987 3104 3103
f 2988 3104 2987
f 2988 3105 3104
f 2989 3105 2988
f 2989 3106 3105
f 2990 3106 2989
f 2990 3107 3106
f 2991 3107 2990
f 2991 3108 3107
f 2992 3108 2991
f 2992 3109 3108
f 2993 3109 2992
f 2993 3110 3109
f 2994 3110 2993
f 2994 3111 3110
f 2995 3111 2994
f 2995 3112 3111
f 2996 3112 2995
f 2996 3113 3112
f 2997 3113 2996
f 2997 3114 3113
f 2998 3114 2997
f 2998 3115 3114
f 2999 3115 2998
f 2999 3116 3115
f 3000 3116 2999
f 3000 3117 3116
f 3001 3117 3000
f 3001 3118 3117
f 3002 3118 3001
f 3002 3119 3118
f 3003 3119 3002
f 3003 3120 3119
f 3005 3121 3004
f 3005 3122 3121
f 3006 3122 3005
f 3006 3123 3122
f 3007 3123 3006
f 3007 3124 3123
f 3008 3124 3007
f 3008 3125 3124
f 3009 3125 3008
f 3009 3126 3125
f 3010 3126 3009
f 3010 3127 3126
f 3011 3127 3010
f 3011 3128 3127
f 3012 3128 3011
f 3012 3129 3128
f 3013 3129 3012
f 3013 3130 3129
f 3014 3130 3013
f 3014 3131 3130
f 3015 3131 3014
f 3015 3132 3131
f 3016 3132 3015
f 3016 3133 3132
f 3017 3133 3016
f 3017 3134 3133
f 3018 3134 3017
f 3018 3135 3134
f 3019 3135 3018
f 3019 3136 3135
f 3020 3136 3019
f 3020 3137 3136
f 3021 3137 3020
f 3021 3138 3137
f 3022 3138 3021
f 3022 3139 3138
f 3023 3139 3022
f 3023 3140 3139
f 3024 3140 3023
f 3024 3141 3140
f 3025 3141 3024
f 3025 3142 3141
f 3026 3142 3025
f 3026 3143 3142
f 3027 3143 3026
f 3027 3144 3143
f 3028 3144 3027
f 3028 3145 3144
f 3029 3145 3028
f 3029 3146 3145
f 3030 3146 3029
f 3030 3147 3146
f 3031 3147 3030
f 3031 3148 3147
f 3032 3148 3031
f 3032 3149 3148
f 3033 3149 3032
f 3033 3150 3149
f 3034 3150 3033
f 3034 3151 3150
f 3035 3151 3034
f 3035 3152 3151
f 3036 3152 3035
f 3040 3153 3039
f 3040 3154 3153
f 3041 3154 3040
f 3041 3155 3154
f 3042 3155 3041
f 3042 3156 3155
f 3043 3156 3042
f 3043 3157 3156
f 3044 3157 3043
f 3044 3158 3157
f 3045 3158 3044
f 3045 3159 3158
f 3046 3159 3045
f 3046 3160 3159
f 3047 3160 3046
f 3047 3161 3160
f 3048 3161 3047
f 3048 3162 3161
f 3049 3162 3048
f 3049 3163 3162
f 3050 3163 3049
f 3050 3164 3163
f 3051 3164 3050
f 3051 3165 3164
f 3052 3165 3051
f 3052 3166 3165
f 3053 3166 3052
f 3053 3167 3166
f 3054 3167 3053
f 3054 3168 3167
f 3055 3168 3054
f 3055 3169 3168
f 3056 3169 3055
f 3056 3170 3169
f 3057 3170 3056
f 3057 3171 3170
f 3058 3171 3057
f 3058 3172 3171
f 3059 3172 3058
f 3059 3173 3172
f 3060 3173 3059
f 3060 3174 3173
f 3061 3174 3060
f 3061 3175 3174
f 3062 3175 3061
f 3062 3176 3175
f 3063 3176 3062
f 3063 3177 3176
f 3064 3177 3063
f 3064 3178 3177
f 3065 3178 3064
f 3065 3179 3178
f 3066 3179 3065
f 3066 3180 3179
f 3067 3180 3066
f 3067 3181 3180
f 3068 3181 3067
f 3068 3182 3181
f 3069 3182 3068
f 3069 3183 3182
f 3070 3183 3069
f 3070 3184 3183
f 3071 3184 3070
f 3071 3185 3184
f 3072 3185 3071
f 3072 3186 3185
f 3073 3186 3072
f 3073 3187 3186
f 3074 3187 3073
f 3074 3188 3187
f 3075 3188 3074
f 3075 3189 3188
f 3076 3189 3075
f 3076 3190 3189
f 3077 3190 3076
f 3077 3191 3190
f 3078 3191 3077
f 3078 3192 3191
f 3079 3192 3078
f 3079 3193 3192
f 3080 3193 3079
f 3080 3194 3193
f 3081 3194 3080
f 3081 3195 3194
f 3082 3195 3081
f 3082 3196 3195
f 3083 3196 3082
f 3083 3197 3196
f 3084 3197 3083
f 3084 3198 3197
f 3085 3198 3084
f 3085 3199 3198
f 3086 3199 3085
f 3086 3200 3199
f 3087 3200 3086
f 3087 3201 3200
f 3088 3201 3087
f 3088 3202 3201
f 3089 3202 3088
f 3089 3203 3202
f 3090 3203 3089
f 3090 3204 3203
f 3091 3204 3090
f 3091 3205 3204
f 3092 3205 3091
f 3092 3206 3205
f 3093 3206 3092
f 3093 3207 3206
f 3094 3207 3093
f 3094 3208 3207
f 3095 3208 3094
f 3095 3209 3208
f 3096 3209 3095
f 3096 3210 3209
f 3097 3210 3096
f 3097 3211 3210
f 3098 3211 3097
f 3098 3212 3211
f 3099 3212 3098
f 3099 3213 3212
f 3100 3213 3099
f 3100 3214 3213
f 3101 3214 3100
f 3101 3215 3214
f 3102 3215 3101
f 3102 3216 3215
f 3103 3216 3102
f 3103 3217 3216
f 3104 3217 3103
f 3104 3218 3217
f 3105 3218 3104
f 3105 3219 3218
f 3106 3219 3105
f 3106 3220 3219
f 3107 3220 3106
f 3107 3221 3220
f 3108 3221 3107
f 3108 3222 3221
f 3109 3222 3108
f 3109 3223 3222
f 3110 3223 3109
f 3110 3224 3223
f 3111 3224 3110
f 3111 3225 3224
f 3112 3225 3111
f 3112 3226 3225
f 3113 3226 3112
f 3113 3227 3226
f 3114 3227 3113
f 3114 3228 3227
f 3115 3228 3114
f 3115 3229 3228
f 3116 3229 3115
f 3116 3230 3229
f 3117 3230 3116
f 3117 3231 3230
f 3118 3231 3117
f 3118 3232 3231
f 3119 3232 3118
f 3119 3233 3232
f 3120 3233 3119
f 3120 3234 3233
f 3124 3235 3123
f 3124 3236 3235
f 3125 3236 3124
f 3125 3237 3236
f 3126 3237 3125
f 3126 3238 3237
f 3127 3238 3126
f 3127 3239 3238
f 3128 3239 3127
f 3128 3240 3239
f 3129 3240 3128
f 3129 3241 3240
f 3130 3241 3129
f 3130 3242 3241
f 3131 3242 3130
f 3131 3243 3242
f 3132 3243 3131
f 3132 3244 3243
f 3133 3244 3132
f 3133 3245 3244
f 3134 3245 3133
f 3134 3246 3245
f 3135 3246 3134
f 3135 3247 3246
f 3136 3247 3135
f 3136 3248 3247
f 3137 3248 3136
f 3137 3249 3248
f 3138 3249 3137
f 3138 3250 3249
f 3139 3250 3138
f 3139 3251 3250
f 3140 3251 3139
f 3140 3252 3251
f 3141 3252 3140
f 3141 3253 3252
f 3142 3253 3141
f 3142 3254 3253
f 3143 3254 3142
f 3143 3255 3254
f 3144 3255 3143
f 3144 3256 3255
f 3145 3256 3144
f 3145 3257 3256
f 3146 3257 3145
f 3146 3258 3257
f 3147 3258 3146
f 3147 3259 3258
f 3148 3259 3147
f 3148 3260 3259
f 3149 3260 3148
f 3149 3261 3260
f 3150 3261 3149
f 3150 3262 3261
f 3151 3262 3150
f 3154 3263 3153
f 3154 3264 3263
f 3155 3264 3154
f 3155 3265 3264
f 3156 3265 3155
f 3156 3266 3265
f 3157 3266 3156
f 3157 3267 3266
f 3158 3267 3157
f 3158 3268 3267
f 3159 3268 3158
f 3159 3269 3268
f 3160 3269 3159
f 3160 3270 3269
f 3161 3270 3160
f 3161 3271 3270
f 3162 3271 3161
f 3162 3272 3271
f 3163 3272 3162
f 3163 3273 3272
f 3164 3273 3163
f 3164 3274 3273
f 3165 3274 3164
f 3165 3275 3274
f 3166 3275 3165
f 3166 3276 3275
f 3167 3276 3166
f 3167 3277 3276
f 3168 3277 3167
f 3168 3278 3277
f 3169 3278 3168
f 3169 3279 3278
f 3170 3279 3169
f 3170 3280 3279
f 3171 3280 3170
f 3171 3281 3280
f 3172 3281 3171
f 3172 3282 3281
f 3173 3282 3172
f 3173 3283 3282
f 3174 3283 3173
f 3174 3284 3283
f 3175 3284 3174
f 3175 3285 3284
f 3176 3285 3175
f 3176 3286 3285
f 3177 3286 3176
f 3177 3287 3286
f 3178 3287 3177
f 3178 3288 3287
f 3179 3288 3178
f 3179 3289 3288
f 3180 3289 3179
f 3180 3290 3289
f 3181 3290 3180
f 3181 3291 3290
f 3182 3291 3181
f 3182 3292 3291
f 3183 3292 3182
f 3183 3293 3292
f 3184 3293 3183
f 3184 3294 3293
f 3185 3294 3184
f 3185 3295 3294
f 3186 3295 3185
f 3186 3296 3295
f 3187 3296 3186
f 3187 3297 3296
f 3188 3297 3187
f 3188 3298 3297
f 3189 3298 3188
f 3189 3299 3298
f 3190 3299 3189
f 3190 3300 3299
f 3191 3300 3190
f 3191 3301 3300
f 3192 3301 3191
f 3192 3302 3301
f 3193 3302 3192
f 3193 3303 3302
f 3194 3303 3193
f 3194 3304 3303
f 3195 3304 3194
f 3195 3305 3304
f 3196 3305 3195
f 3196 3306 3305
f 3197 3306 3196
f 3197 3307 3306
f 3198 3307 3197
f 3198 3308 3307
f 3199 3308 3198
f 3199 3309 3308
f 3200 3309 3199
f 3200 3310 3309
f 3201 3310 3200
f 3201 3311 3310
f 3202 3311 3201
f 3202 3312 3311
f 3203 3312 3202
f 3203 3313 3312
f 3204 3313 3203
f 3204 3314 3313
f 3205 3314 3204
f 3205 3315 3314
f 3206 3315 3205
f 3206 3316 3315
f 3207 3316 3206
f 3207 3317 3316
f 3208 3317 3207
f 3208 3318 3317
f 3209 3318 3208
f 3209 3319 3318
f 3210 3319 3209
f 3210 3320 3319
f 3211 3320 3210
f 3211 3321 3320
f 3212 3321 3211
f 3212 3322 3321
f 3213 3322 3212
f 3213 3323 3322
f 3214 3323 3213
f 3214 3324 3323
f 3215 3324 3214
f 3215 3325 3324
f 3216 3325 3215
f 3216 3326 3325
f 3217 3326 3216
f 3217 3327 3326
f 3218 3327 3217
f 3218 3328 3327
f 3219 3328 3218
f 3219 3329 3328
f 3220 3329 3219
f 3220 3330 3329
f 3221 3330 3220
f 3221 3331 3330
f 3222 3331 3221
f 3222 3332 3331
f 3223 3332 3222
f 3223 3333 3332
f 3224 3333 3223
f 3224 3334 3333
f 3225 3334 3224
f 3225 3335 3334
f 3226 3335 3225
f 3226 3336 3335
f 3227 3336 3226
f 3227 3337 3336
f 3228 3337 3227
f 3228 3338 3337
f 3229 3338 3228
f 3229 3339 3338
f 3230 3339 3229
f 3230 3340 3339
f 3231 3340 3230
f 3231 3341 3340
f 3232 3341 3231
f 3232 3342 3341
f 3233 3342 3232
f 3233 3343 3342
f 3234 3343 3233
f 3234 3344 3343
f 3242 3345 3241
f 3242 3346 3345
f 3243 3346 3242
f 3243 3347 3346
f 3244 3347 3243
f 3244 3348 3347
f 3245 3348 3244
f 3245 3349 3348
f 3246 3349 3245
f 3246 3350 3349
f 3247 3350 3246
f 3247 3351 3350
f 3248 3351 3247
f 3248 3352 3351
f 3249 3352 3248
f 3249 3353 3352
f 3250 3353 3249
f 3250 3354 3353
f 3251 3354 3250
f 3251 3355 3354
f 3252 3355 3251
f 3252 3356 3355
f 3253 3356 3252
f 3253 3357 3356
f 3254 3357 3253
f 3254 3358 3357
f 3255 3358 3254
f 3255 3359 3358
f 3256 3359 3255
f 3256 3360 3359
f 3257 3360 3256
f 3257 3361 3360
f 3258 3361 3257
f 3258 3362 3361
f 3259 3362 3258
f 3264 3363 3263
f 3264 3364 3363
f 3265 3364 3264
f 3265 3365 3364
f 3266 3365 3265
f 3266 3366 3365
f 3267 3366 3266
f 3267 3367 3366
f 3268 3367 3267
f 3268 3368 3367
f 3269 3368 3268
f 3269 3369 3368
f 3270 3369 3269
f 3270 3370 3369
f 3271 3370 3270
f 3271 3371 3370
f 3272 3371 3271
f 3272 3372 3371
f 3273 3372 3272
f 3273 3373 3372
f 3274 3373 3273
f 3274 3374 3373
f 3275 3374 3274
f 3275 3375 3374
f 3276 3375 3275
f 3276 3376 3375
f 3277 3376 3276
f 3277 3377 3376
f 3278 3377 3277
f 3278 3378 3377
f 3279 3378 3278
f 3279 3379 3378
f 3280 3379 3279
f 3280 3380 3379
f 3281 3380 3280
f 3281 3381 3380
f 3282 3381 3281
f 3282 3382 3381
f 3283 3382 3282
f 3283 3383 3382
f 3284 3383 3283
f 3284 3384 3383
f 3285 3384 3284
f 3285 3385 3384
f 3286 3385 3285
f 3286 3386 3385
f 3287 3386 3286
f 3287 3387 3386
f 3288 3387 3287
f 3288 3388 3387
f 3289 3388 3288
f 3289 3389 3388
f 3290 3389 3289
f 3290 3390 3389
f 3291 3390 3290
f 3291 3391 3390
f 3292 3391 3291
f 3292 3392 3391
f 3293 3392 3292
f 3293 3393 3392
f 3294 3393 3293
f 3294 3394 3393
f 3295 3394 3294
f 3295 3395 3394
f 3296 3395 3295
f 3296 3396 3395
f 3297 3396 3296
f 3297 3397 3396
f 3298 3397 3297
f 3298 3398 3397
f 3299 3398 3298
f 3299 3399 3398
f 3300 3399 3299
f 3300 3400 3399
f 3301 3400 3300
f 3301 3401 3400
f 3302 3401 3301
f 3302 3402 3401
f 3303 3402 3302
f 3303 3403 3402
f 3304 3403 3303
f 3304 3404 3403
f 3305 3404 3304
f 3305 3405 3404
f 3306 3405 3305
f 3306 3406 3405
f 3307 3406 3306
f 3307 3407 3406
f 3308 3407 3307
f 3308 3408 3407
f 3309 3408 3308
f 3309 3409 3408
f 3310 3409 3309
f 3310 3410 3409
f 3311 3410 3310
f 3311 3411 3410
f 3312 3411 3311
f 3312 3412 3411
f 3313 3412 3312
f 3313 3413 3412
f 3314 3413 3313
f 3314 3414 3413
f 3315 3414 3314
f 3315 3415 3414
f 3316 3415 3315
f 3316 3416 3415
f 3317 3416 3316
f 3317 3417 3416
f 3318 3417 3317
f 3318 3418 3417
f 3319 3418 3318
f 3319 3419 3418
f 3320 3419 3319
f 3320 3420 3419
f 3321 3420 3320
f 3321 3421 3420
f 3322 3421 3321
f 3322 3422 3421
f 3323 3422 3322
f 3323 3423 3422
f 3324 3423 3323
f 3324 3424 3423
f 3325 3424 3324
f 3325 3425 3424
f 3326 3425 3325
f 3326 3426 3425
f 3327 3426 3326
f 3327 3427 3426
f 3328 3427 3327
f 3328 3428 3427
f 3329 3428 3328
f 3329 3429 3428
f 3330 3429 3329
f 3330 3430 3429
f 3331 3430 3330
f 3331 3431 3430
f 3332 3431 3331
f 3332 3432 3431
f 3333 3432 3332
f 3333 3433 3432
f 3334 3433 3333
f 3334 3434 3433
f 3335 3434 3334
f 3335 3435 3434
f 3336 3435 3335
f 3336 3436 3435
f 3337 3436 3336
f 3337 3437 3436
f 3338 3437 3337
f 3338 3438 3437
f 3339 3438 3338
f 3339 3439 3438
f 3340 3439 3339
f 3340 3440 3439
f 3341 3440 3340
f 3341 3441 3440
f 3342 3441 3341
f 3342 3442 3441
f 3343 3442 3342
f 3343 3443 3442
f 3344 3443 3343
f 3344 3444 3443
f 3363 3446 3445
f 3364 3446 3363
f 3364 3447 3446
f 3365 3447 3364
f 3365 3448 3447
f 3366 3448 3365
f 3366 3449 3448
f 3367 3449 3366
f 3367 3450 3449
f 3368 3450 3367
f 3368 3451 3450
f 3369 3451 3368
f 3369 3452 3451
f 3370 3452 3369
f 3370 3453 3452
f 3371 3453 3370
f 3371 3454 3453
f 3372 3454 3371
f 3372 3455 3454
f 3373 3455 3372
f 3373 3456 3455
f 3374 3456 3373
f 3374 3457 3456
f 3375 3457 3374
f 3375 3458 3457
f 3376 3458 3375
f 3376 3459 3458
f 3377 3459 3376
f 3377 3460 3459
f 3378 3460 3377
f 3378 3461 3460
f 3379 3461 3378
f 3379 3462 3461
f 3380 3462 3379
f 3380 3463 3462
f 3381 3463 3380
f 3381 3464 3463
f 3382 3464 3381
f 3382 3465 3464
f 3383 3465 3382
f 3383 3466 3465
f 3384 3466 3383
f 3384 3467 3466
f 3385 3467 3384
f 3385 3468 3467
f 3386 3468 3385
f 3386 3469 3468
f 3387 3469 3386
f 3387 3470 3469
f 3388 3470 3387
f 3388 3471 3470
f 3389 3471 3388
f 3389 3472 3471
f 3390 3472 3389
f 3390 3473 3472
f 3391 3473 3390
f 3391 3474 3473
f 3392 3474 3391
f 3392 3475 3474
f 3393 3475 3392
f 3393 3476 3475
f 3394 3476 3393
f 3394 3477 3476
f 3395 3477 3394
f 3395 3478 3477
f 3396 3478 3395
f 3396 3479 3478
f 3397 3479 3396
f 3397 3480 3479
f 3398 3480 3397
f 3398 3481 3480
f 3399 3481 3398
f 3399 3482 3481
f 3400 3482 3399
f 3400 3483 3482
f 3401 3483 3400
f 3401 3484 3483
f 3402 3484 3401
f 3402 3485 3484
f 3403 3485 3402
f 3403 3486 3485
f 3404 3486 3403
f 3404 3487 3486
f 3405 3487 3404
f 3405 3488 3487
f 3406 3488 3405
f 3406 3489 3488
f 3407 3489 3406
f 3407 3490 3489
f 3408 3490 3407
f 3408 3491 3490
f 3409 3491 3408
f 3409 3492 3491
f 3410 3492 3409
f 3410 3493 3492
f 3411 3493 3410
f 3411 3494 3493
f 3412 3494 3411
f 3412 3495 3494
f 3413 3495 3412
f 3413 3496 3495
f 3414 3496 3413
f 3414 3497 3496
f 3415 3497 3414
f 3415 3498 3497
f 3416 3498 3415
f 3416 3499 3498
f 3417 3499 3416
f 3417 3500 3499
f 3418 3500 3417
f 3418 3501 3500
f 3419 3501 3418
f 3419 3502 3501
f 3420 3502 3419
f 3420 3503 3502
f 3421 3503 3420
f 3421 3504 3503
f 3422 3504 3421
f 3422 3505 3504
f 3423 3505 3422
f 3423 3506 3505
f 3424 3506 3423
f 3424 3507 3506
f 3425 3507 3424
f 3425 3508 3507
f 3426 3508 3425
f 3426 3509 3508
f 3427 3509 3426
f 3427 3510 3509
f 3428 3510 3427
f 3428 3511 3510
f 3429 3511 3428
f 3429 3512 3511
f 3430 3512 3429
f 3430 3513 3512
f 3431 3513 3430
f 3431 3514 3513
f 3432 3514 3431
f 3432 3515 3514
f 3433 3515 3432
f 3433 3516 3515
f 3434 3516 3433
f 3434 3517 3516
f 3435 3517 3434
f 3435 3518 3517
f 3436 3518 3435
f 3436 3519 3518
f 3437 3519 3436
f 3437 3520 3519
f 3438 3520 3437
f 3438 3521 3520
f 3439 3521 3438
f 3439 3522 3521
f 3440 3522 3439
f 3440 3523 3522
f 3441 3523 3440
f 3441 3524 3523
f 3442 3524 3441
f 3442 3525 3524
f 3443 3525 3442
f 3443 3526 3525
f 3444 3526 3443
f 3446 3527 3445
f 3446 3528 3527
f 3447 3528 3446
f 3447 3529 3528
f 3448 3529 3447
f 3448 3530 3529
f 3449 3530 3448
f 3449 3531 3530
f 3450 3531 3449
f 3450 3532 3531
f 3451 3532 3450
f 3451 3533 3532
f 3452 3533 3451
f 3452 3534 3533
f 3453 3534 3452
f 3453 3535 3534
f 3454 3535 3453
f 3454 3536 3535
f 3455 3536 3454
f 3455 3537 3536
f 3456 3537 3455
f 3456 3538 3537
f 3457 3538 3456
f 3457 3539 3538
f 3458 3539 3457
f 3458 3540 3539
f 3459 3540 3458
f 3459 3541 3540
f 3460 3541 3459
f 3460 3542 3541
f 3461 3542 3460
f 3461 3543 3542
f 3462 3543 3461
f 3462 3544 3543
f 3463 3544 3462
f 3463 3545 3544
f 3464 3545 3463
f 3464 3546 3545
f 3465 3546 3464
f 3465 3547 3546
f 3466 3547 3465
f 3466 3548 3547
f 3467 3548 3466
f 3467 3549 3548
f 3468 3549 3467
f 3468 3550 3549
f 3469 3550 3468
f 3469 3551 3550
f 3470 3551 3469
f 3470 3552 3551
f 3471 3552 3470
f 3471 3553 3552
f 3472 3553 3471
f 3472 3554 3553
f 3473 3554 3472
f 3473 3555 3554
f 3474 3555 3473
f 3474 3556 3555
f 3475 3556 3474
f 3475 3557 3556
f 3476 3557 3475
f 3476 3558 3557
f 3477 3558 3476
f 3477 3559 3558
f 3478 3559 3477
f 3478 3560 3559
f 3479 3560 3478
f 3479 3561 3560
f 3480 3561 3479
f 3480 3562 3561
f 3481 3562 3480
f 3481 3563 3562
f 3482 3563 3481
f 3482 3564 3563
f 3483 3564 3482
f 3483 3565 3564
f 3484 3565 3483
f 3484 3566 3565
f 3485 3566 3484
f 3485 3567 3566
f 3486 3567 3485
f 3486 3568 3567
f 3487 3568 3486
f 3487 3569 3568
f 3488 3569 3487
f 3488 3570 3569
f 3489 3570 3488
f 3489 3571 3570
f 3490 3571 3489
f 3490 3572 3571
f 3491 3572 3490
f 3491 3573 3572
f 3492 3573 3491
f 3492 3574 3573
f 3493 3574 3492
f 3493 3575 3574
f 3494 3575 3493
f 3494 3576 3575
f 3495 3576 3494
f 3495 3577 3576
f 3496 3577 3495
f 3496 3578 3577
f 3497 3578 3496
f 3497 3579 3578
f 3498 3579 3497
f 3498 3580 3579
f 3499 3580 3498
f 3499 3581 3580
f 3500 3581 3499
f 3500 3582 3581
f 3501 3582 3500
f 3501 3583 3582
f 3502 3583 3501
f 3502 3584 3583
f 3503 3584 3502
f 3503 3585 3584
f 3504 3585 3503
f 3504 3586 3585
f 3505 3586 3504
f 3505 3587 3586
f 3506 3587 3505
f 3506 3588 3587
f 3507 3588 3506
f 3507 3589 3588
f 3508 3589 3507
f 3508 3590 3589
f 3509 3590 3508
f 3509 3591 3590
f 3510 3591 3509
f 3510 3592 3591
f 3511 3592 3510
f 3511 3593 3592
f 3512 3593 3511
f 3512 3594 3593
f 3513 3594 3512
f 3513 3595 3594
f 3514 3595 3513
f 3514 3596 3595
f 3515 3596 3514
f 3515 3597 3596
f 3516 3597 3515
f 3516 3598 3597
f 3517 3598 3516
f 3517 3599 3598
f 3518 3599 3517
f 3518 3600 3599
f 3519 3600 3518
f 3519 3601 3600
f 3520 3601 3519
f 3520 3602 3601
f 3521 3602 3520
f 3521 3603 3602
f 3522 3603 3521
f 3522 3604 3603
f 3523 3604 3522
f 3523 3605 3604
f 3524 3605 3523
f 3524 3606 3605
f 3525 3606 3524
f 3525 3607 3606
f 3526 3607 3525
f 3526 3608 3607
f 3528 3609 3527
f 3528 3610 3609
f 3529 3610 3528
f 3529 3611 3610
f 3530 3611 3529
f 3530 3612 3611
f 3531 3612 3530
f 3531 3613 3612
f 3532 3613 3531
f 3532 3614 3613
f 3533 3614 3532
f 3533 3615 3614
f 3534 3615 3533
f 3534 3616 3615
f 3535 3616 3534
f 3535 3617 3616
f 3536 3617 3535
f 3536 3618 3617
f 3537 3618 3536
f 3537 3619 3618
f 3538 3619 3537
f 3538 3620 3619
f 3539 3620 3538
f 3539 3621 3620
f 3540 3621 3539
f 3540 3622 3621
f 3541 3622 3540
f 3541 3623 3622
f 3542 3623 3541
f 3542 3624 3623
f 3543 3624 3542
f 3543 3625 3624
f 3544 3625 3543
f 3544 3626 3625
f 3545 3626 3544
f 3545 3627 3626
f 3546 3627 3545
f 3546 3628 3627
f 3547 3628 3546
f 3547 3629 3628
f 3548 3629 3547
f 3548 3630 3629
f 3549 3630 3548
f 3549 3631 3630
f 3550 3631 3549
f 3550 3632 3631
f 3551 3632 3550
f 3551 3633 3632
f 3552 3633 3551
f 3552 3634 3633
f 3553 3634 3552
f 3553 3635 3634
f 3554 3635 3553
f 3554 3636 3635
f 3555 3636 3554
f 3555 3637 3636
f 3556 3637 3555
f 3556 3638 3637
f 3557 3638 3556
f 3557 3639 3638
f 3558 3639 3557
f 3558 3640 3639
f 3559 3640 3558
f 3559 3641 3640
f 3560 3641 3559
f 3560 3642 3641
f 3561 3642 3560
f 3561 3643 3642
f 3562 3643 3561
f 3562 3644 3643
f 3563 3644 3562
f 3563 3645 3644
f 3564 3645 3563
f 3564 3646 3645
f 3565 3646 3564
f 3565 3647 3646
f 3566 3647 3565
f 3566 3648 3647
f 3567 3648 3566
f 3567 3649 3648
f 3568 3649 3567
f 3568 3650 3649
f 3569 3650 3568
f 3569 3651 3650
f 3570 3651 3569
f 3570 3652 3651
f 3571 3652 3570
f 3571 3653 3652
f 3572 3653 3571
f 3572 3654 3653
f 3573 3654 3572
f 3573 3655 3654
f 3574 3655 3573
f 3574 3656 3655
f 3575 3656 3574
f 3575 3657 3656
f 3576 3657 3575
f 3576 3658 3657
f 3577 3658 3576
f 3577 3659 3658
f 3578 3659 3577
f 3578 3660 3659
f 3579 3660 3578
f 3579 3661 3660
f 3580 3661 3579
f 3580 3662 3661
f 3581 3662 3580
f 3581 3663 3662
f 3582 3663 3581
f 3582 3664 3663
f 3583 3664 3582
f 3583 3665 3664
f 3584 3665 3583
f 3584 3666 3665
f 3585 3666 3584
f 3585 3667 3666
f 3586 3667 3585
f 3586 3668 3667
f 3587 3668 3586
f 3587 3669 3668
f 3588 3669 3587
f 3588 3670 3669
f 3589 3670 3588
f 3589 3671 3670
f 3590 3671 3589
f 3590 3672 3671
f 3591 3672 3590
f 3591 3673 3672
f 3592 3673 3591
f 3592 3674 3673
f 3593 3674 3592
f 3593 3675 3674
f 3594 3675 3593
f 3594 3676 3675
f 3595 3676 3594
f 3595 3677 3676
f 3596 3677 3595
f 3596 3678 3677
f 3597 3678 3596
f 3597 3679 3678
f 3598 3679 3597
f 3598 3680 3679
f 3599 3680 3598
f 3599 3681 3680
f 3600 3681 3599
f 3600 3682 3681
f 3601 3682 3600
f 3601 3683 3682
f 3602 3683 3601
f 3602 3684 3683
f 3603 3684 3602
f 3603 3685 3684
f 3604 3685 3603
f 3604 3686 3685
f 3605 3686 3604
f 3605 3687 3686
f 3606 3687 3605
f 3606 3688 3687
f 3607 3688 3606
f 3607 3689 3688
f 3608 3689 3607
f 3608 3690 3689
f 3610 3691 3609
f 3610 3692 3691
f 3611 3692 3610
f 3611 3693 3692
f 3612 3693 3611
f 3612 3694 3693
f 3613 3694 3612
f 3613 3695 3694
f 3614 3695 3613
f 3614 3696 3695
f 3615 3696 3614
f 3615 3697 3696
f 3616 3697 3615
f 3616 3698 3697
f 3617 3698 3616
f 3617 3699 3698
f 3618 3699 3617
f 3618 3700 3699
f 3619 3700 3618
f 3619 3701 3700
f 3620 3701 3619
f 3620 3702 3701
f 3621 3702 3620
f 3621 3703 3702
f 3622 3703 3621
f 3622 3704 3703
f 3623 3704 3622
f 3623 3705 3704
f 3624 3705 3623
f 3624 3706 3705
f 3625 3706 3624
f 3625 3707 3706
f 3626 3707 3625
f 3626 3708 3707
f 3627 3708 3626
f 3627 3709 3708
f 3628 3709 3627
f 3628 3710 3709
f 3629 3710 3628
f 3629 3711 3710
f 3630 3711 3629
f 3630 3712 3711
f 3631 3712 3630
f 3631 3713 3712
f 3632 3713 3631
f 3632 3714 3713
f 3633 3714 3632
f 3633 3715 3714
f 3634 3715 3633
f 3634 3716 3715
f 3635 3716 3634
f 3635 3717 3716
f 3636 3717 3635
f 3636 3718 3717
f 3637 3718 3636
f 3637 3719 3718
f 3638 3719 3637
f 3638 3720 3719
f 3639 3720 3638
f 3639 3721 3720
f 3640 3721 3639
f 3640 3722 3721
f 3641 3722 3640
f 3641 3723 3722
f 3642 3723 3641
f 3642 3724 3723
f 3643 3724 3642
f 3643 3725 3724
f 3644 3725 3643
f 3644 3726 3725
f 3645 3726 3644
f 3645 3727 3726
f 3646 3727 3645
f 3646 3728 3727
f 3647 3728 3646
f 3647 3729 3728
f 3648 3729 3647
f 3648 3730 3729
f 3649 3730 3648
f 3649 3731 3730
f 3650 3731 3649
f 3650 3732 3731
f 3651 3732 3650
f 3651 3733 3732
f 3652 3733 3651
f 3652 3734 3733
f 3653 3734 3652
f 3653 3735 3734
f 3654 3735 3653
f 3654 3736 3735
f 3655 3736 3654
f 3655 3737 3736
f 3656 3737 3655
f 3656 3738 3737
f 3657 3738 3656
f 3657 3739 3738
f 3658 3739 3657
f 3658 3740 3739
f 3659 3740 3658
f 3659 3741 3740
f 3660 3741 3659
f 3660 3742 3741
f 3661 3742 3660
f 3661 3743 3742
f 3662 3743 3661
f 3662 3744 3743
f 3663 3744 3662
f 3663 3745 3744
f 3664 3745 3663
f 3664 3746 3745
f 3665 3746 3664
f 3665 3747 3746
f 3666 3747 3665
f 3666 3748 3747
f 3667 3748 3666
f 3667 3749 3748
f 3668 3749 3667
f 3668 3750 3749
f 3669 3750 3668
f 3669 3751 3750
f 3670 3751 3669
f 3670 3752 3751
f 3671 3752 3670
f 3671 3753 3752
f 3672 3753 3671
f 3672 3754 3753
f 3673 3754 3672
f 3673 3755 3754
f 3674 3755 3673
f 3674 3756 3755
f 3675 3756 3674
f 3675 3757 3756
f 3676 3757 3675
f 3676 3758 3757
f 3677 3758 3676
f 3677 3759 3758
f 3678 3759 3677
f 3678 3760 3759
f 3679 3760 3678
f 3679 3761 3760
f 3680 3761 3679
f 3680 3762 3761
f 3681 3762 3680
f 3681 3763 3762
f 3682 3763 3681
f 3682 3764 3763
f 3683 3764 3682
f 3683 3765 3764
f 3684 3765 3683
f 3684 3766 3765
f 3685 3766 3684
f 3685 3767 3766
f 3686 3767 3685
f 3686 3768 3767
f 3687 3768 3686
f 3687 3769 3768
f 3688 3769 3687
f 3688 3770 3769
f 3689 3770 3688
f 3689 3771 3770
f 3690 3771 3689
f 3692 3772 3691
f 3692 3773 3772
f 3693 3773 3692
f 3693 3774 3773
f 3694 3774 3693
f 3694 3775 3774
f 3695 3775 3694
f 3695 3776 3775
f 3696 3776 3695
f 3696 3777 3776
f 3697 3777 3696
f 3697 3778 3777
f 3698 3778 3697
f 3698 3779 3778
f 3699 3779 3698
f 3699 3780 3779
f 3700 3780 3699
f 3700 3781 3780
f 3701 3781 3700
f 3701 3782 3781
f 3702 3782 3701
f 3702 3783 3782
f 3703 3783 3702
f 3703 3784 3783
f 3704 3784 3703
f 3704 3785 3784
f 3705 3785 3704
f 3705 3786 3785
f 3706 3786 3705
f 3706 3787 3786
f 3707 3787 3706
f 3707 3788 3787
f 3708 3788 3707
f 3708 3789 3788
f 3709 3789 3708
f 3709 3790 3789
f 3710 3790 3709
f 3710 3791 3790
f 3711 3791 3710
f 3711 3792 3791
f 3712 3792 3711
f 3712 3793 3792
f 3713 3793 3712
f 3713 3794 3793
f 3714 3794 3713
f 3714 3795 3794
f 3715 3795 3714
f 3715 3796 3795
f 3716 3796 3715
f 3716 3797 3796
f 3717 3797 3716
f 3717 3798 3797
f 3718 3798 3717
f 3718 3799 3798
f 3719 3799 3718
f 3719 3800 3799
f 3720 3800 3719
f 3720 3801 3800
f 3721 3801 3720
f 3721 3802 3801
f 3722 3802 3721
f 3722 3803 3802
f 3723 3803 3722
f 3723 3804 3803
f 3724 3804 3723
f 3724 3805 3804
f 3725 3805 3724
f 3725 3806 3805
f 3726 3806 3725
f 3726 3807 3806
f 3727 3807 3726
f 3727 3808 3807
f 3728 3808 3727
f 3728 3809 3808
f 3729 3809 3728
f 3729 3810 3809
f 3730 3810 3729
f 3730 3811 3810
f 3731 3811 3730
f 3731 3812 3811
f 3732 3812 3731
f 3732 3813 3812
f 3733 3814 3813
f 3734 3814 3733
f 3734 3815 3814
f 3735 3815 3734
f 3735 3816 3815
f 3736 3816 3735
f 3736 3817 3816
f 3737 3817 3736
f 3737 3818 3817
f 3738 3818 3737
f 3738 3819 3818
f 3739 3819 3738
f 3739 3820 3819
f 3740 3820 3739
f 3740 3821 3820
f 3741 3821 3740
f 3741 3822 3821
f 3742 3822 3741
f 3742 3823 3822
f 3743 3823 3742
f 3743 3824 3823
f 3744 3824 3743
f 3744 3825 3824
f 3745 3825 3744
f 3745 3826 3825
f 3746 3826 3745
f 3746 3827 3826
f 3747 3827 3746
f 3747 3828 3827
f 3748 3828 3747
f 3748 3829 3828
f 3749 3829 3748
f 3749 3830 3829
f 3750 3830 3749
f 3750 3831 3830
f 3751 3831 3750
f 3751 3832 3831
f 3752 3832 3751
f 3752 3833 3832
f 3753 3833 3752
f 3753 3834 3833
f 3754 3834 3753
f 3754 3835 3834
f 3755 3835 3754
f 3755 3836 3835
f 3756 3836 3755
f 3756 3837 3836
f 3757 3837 3756
f 3757 3838 3837
f 3758 3838 3757
f 3758 3839 3838
f 3759 3839 3758
f 3759 3840 3839
f 3760 3840 3759
f 3760 3841 3840
f 3761 3841 3760
f 3761 3842 3841
f 3762 3842 3761
f 3762 3843 3842
f 3763 3843 3762
f 3763 3844 3843
f 3764 3844 3763
f 3764 3845 3844
f 3765 3845 3764
f 3765 3846 3845
f 3766 3846 3765
f 3766 3847 3846
f 3767 3847 3766
f 3767 3848 3847
f 3768 3848 3767
f 3768 3849 3848
f 3769 3849 3768
f 3769 3850 3849
f 3770 3850 3769
f 3770 3851 3850
f 3771 3851 3770
f 3771 3852 3851
f 3773 3853 3772
f 3773 3854 3853
f 3774 3854 3773
f 3774 3855 3854
f 3775 3855 3774
f 3775 3856 3855
f 3776 3856 3775
f 3776 3857 3856
f 3777 3857 3776
f 3777 3858 3857
f 3778 3858 3777
f 3778 3859 3858
f 3779 3859 3778
f 3779 3860 3859
f 3780 3860 3779
f 3780 3861 3860
f 3781 3861 3780
f 3781 3862 3861
f 3782 3862 3781
f 3782 3863 3862
f 3783 3863 3782
f 3783 3864 3863
f 3784 3864 3783
f 3784 3865 3864
f 3785 3865 3784
f 3785 3866 3865
f 3786 3866 3785
f 3786 3867 3866
f 3787 3867 3786
f 3787 3868 3867
f 3788 3868 3787
f 3788 3869 3868
f 3789 3869 3788
f 3789 3870 3869
f 3790 3870 3789
f 3790 3871 3870
f 3791 3871 3790
f 3791 3872 3871
f 3792 3872 3791
f 3792 3873 3872
f 3793 3873 3792
f 3793 3874 3873
f 3794 3874 3793
f 3794 3875 3874
f 3795 3875 3794
f 3795 3876 3875
f 3796 3876 3795
f 3796 3877 3876
f 3797 3877 3796
f 3797 3878 3877
f 3798 3878 3797
f 3798 3879 3878
f 3799 3879 3798
f 3799 3880 3879
f 3800 3880 3799
f 3800 3881 3880
f 3801 3881 3800
f 3801 3882 3881
f 3802 3882 3801
f 3802 3883 3882
f 3803 3883 3802
f 3803 3884 3883
f 3804 3884 3803
f 3804 3885 3884
f 3805 3885 3804
f 3805 3886 3885
f 3806 3886 3805
f 3806 3887 3886
f 3807 3887 3806
f 3807 3888 3887
f 3808 3888 3807
f 3808 3889 3888
f 3809 3889 3808
f 3809 3890 3889
f 3810 3890 3809
f 3810 3891 3890
f 3811 3891 3810
f 3811 3892 3891
f 3812 3892 3811
f 3812 3893 3892
f 3813 3893 3812
f 3813 3894 3893
f 3817 3897 3816
f 3817 3898 3897
f 3818 3898 3817
f 3818 3899 3898
f 3819 3899 3818
f 3819 3900 3899
f 3820 3900 3819
f 3820 3901 3900
f 3821 3901 3820
f 3821 3902 3901
f 3822 3902 3821
f 3822 3903 3902
f 3823 3903 3822
f 3823 3904 3903
f 3824 3904 3823
f 3824 3905 3904
f 3825 3905 3824
f 3825 3906 3905
f 3826 3906 3825
f 3826 3907 3906
f 3827 3907 3826
f 3827 3908 3907
f 3828 3908 3827
f 3828 3909 3908
f 3829 3909 3828
f 3829 3910 3909
f 3830 3910 3829
f 3830 3911 3910
f 3831 3911 3830
f 3831 3912 3911
f 3832 3912 3831
f 3832 3913 3912
f 3833 3913 3832
f 3833 3914 3913
f 3834 3914 3833
f 3834 3915 3914
f 3835 3915 3834
f 3835 3916 3915
f 3836 3916 3835
f 3836 3917 3916
f 3837 3917 3836
f 3837 3918 3917
f 3838 3918 3837
f 3838 3919 3918
f 3839 3919 3838
f 3839 3920 3919
f 3840 3920 3839
f 3840 3921 3920
f 3841 3921 3840
f 3841 3922 3921
f 3842 3922 3841
f 3842 3923 3922
f 3843 3923 3842
f 3843 3924 3923
f 3844 3924 3843
f 3844 3925 3924
f 3845 3925 3844
f 3845 3926 3925
f 3846 3926 3845
f 3846 3927 3926
f 3847 3927 3846
f 3847 3928 3927
f 3848 3928 3847
f 3848 3929 3928
f 3849 3929 3848
f 3849 3930 3929
f 3850 3930 3849
f 3850 3931 3930
f 3851 3931 3850
f 3851 3932 3931
f 3852 3932 3851
f 3854 3935 3853
f 3854 3936 3935
f 3855 3936 3854
f 3855 3937 3936
f 3856 3937 3855
f 3856 3938 3937
f 3857 3938 3856
f 3857 3939 3938
f 3858 3939 3857
f 3858 3940 3939
f 3859 3940 3858
f 3859 3941 3940
f 3860 3941 3859
f 3860 3942 3941
f 3861 3942 3860
f 3861 3943 3942
f 3862 3943 3861
f 3862 3944 3943
f 3863 3944 3862
f 3863 3945 3944
f 3864 3945 3863
f 3864 3946 3945
f 3865 3946 3864
f 3865 3947 3946
f 3866 3947 3865
f 3866 3948 3947
f 3867 3948 3866
f 3867 3949 3948
f 3868 3949 3867
f 3868 3950 3949
f 3869 3950 3868
f 3869 3951 3950
f 3870 3951 3869
f 3870 3952 3951
f 3871 3952 3870
f 3871 3953 3952
f 3872 3953 3871
f 3872 3954 3953
f 3873 3954 3872
f 3873 3955 3954
f 3874 3955 3873
f 3874 3956 3955
f 3875 3956 3874
f 3875 3957 3956
f 3876 3957 3875
f 3876 3958 3957
f 3877 3958 3876
f 3877 3959 3958
f 3878 3959 3877
f 3878 3960 3959
f 3879 3960 3878
f 3879 3961 3960
f 3880 3961 3879
f 3880 3962 3961
f 3881 3962 3880
f 3881 3963 3962
f 3882 3963 3881
f 3882 3964 3963
f 3883 3964 3882
f 3883 3965 3964
f 3884 3965 3883
f 3884 3966 3965
f 3885 3966 3884
f 3885 3967 3966
f 3886 3967 3885
f 3886 3968 3967
f 3887 3968 3886
f 3887 3969 3968
f 3888 3969 3887
f 3888 3970 3969
f 3889 3970 3888
f 3889 3971 3970
f 3890 3971 3889
f 3890 3972 3971
f 3891 3972 3890
f 3891 3973 3972
f 3892 3973 3891
f 3892 3974 3973
f 3893 3974 3892
f 3893 3975 3974
f 3894 3975 3893
f 3894 3976 3975
f 3895 3976 3894
f 3895 3977 3976
f 3896 3977 3895
f 3896 3978 3977
f 3900 3980 3899
f 3900 3981 3980
f 3901 3981 3900
f 3901 3982 3981
f 3902 3982 3901
f 3902 3983 3982
f 3903 3983 3902
f 3903 3984 3983
f 3904 3984 3903
f 3904 3985 3984
f 3905 3985 3904
f 3905 3986 3985
f 3906 3986 3905
f 3906 3987 3986
f 3907 3987 3906
f 3907 3988 3987
f 3908 3988 3907
f 3908 3989 3988
f 3909 3989 3908
f 3909 3990 3989
f 3910 3990 3909
f 3910 3991 3990
f 3911 3991 3910
f 3911 3992 3991
f 3912 3992 3911
f 3912 3993 3992
f 3913 3993 3912
f 3913 3994 3993
f 3914 3994 3913
f 3914 3995 3994
f 3915 3995 3914
f 3915 3996 3995
f 3916 3996 3915
f 3916 3997 3996
f 3917 3997 3916
f 3917 3998 3997
f 3918 3998 3917
f 3918 3999 3998
f 3919 3999 3918
f 3919 4000 3999
f 3920 4000 3919
f 3920 4001 4000
f 3921 4001 3920
f 3921 4002 4001
f 3922 4002 3921
f 3922 4003 4002
f 3923 4003 3922
f 3923 4004 4003
f 3924 4004 3923
f 3924 4005 4004
f 3925 4005 3924
f 3925 4006 4005
f 3926 4006 3925
f 3926 4007 4006
f 3927 4007 3926
f 3927 4008 4007
f 3928 4008 3927
f 3928 4009 4008
f 3929 4009 3928
f 3929 4010 4009
f 3930 4010 3929
f 3930 4011 4010
f 3931 4011 3930
f 3931 4012 4011
f 3932 4012 3931
f 3934 4014 3933
f 3934 4015 4014
f 3936 4017 3935
f 3936 4018 4017
f 3937 4018 3936
f 3937 4019 4018
f 3938 4019 3937
f 3938 4020 4019
f 3939 4020 3938
f 3939 4021 4020
f 3940 4021 3939
f 3940 4022 4021
f 3941 4022 3940
f 3941 4023 4022
f 3942 4023 3941
f 3942 4024 4023
f 3943 4024 3942
f 3943 4025 4024
f 3944 4025 3943
f 3944 4026 4025
f 3945 4026 3944
f 3945 4027 4026
f 3946 4027 3945
f 3946 4028 4027
f 3947 4028 3946
f 3947 4029 4028
f 3948 4029 3947
f 3948 4030 4029
f 3949 4030 3948
f 3949 4031 4030
f 3950 4031 3949
f 3950 4032 4031
f 3951 4032 3950
f 3951 4033 4032
f 3952 4033 3951
f 3952 4034 4033
f 3953 4034 3952
f 3953 4035 4034
f 3954 4035 3953
f 3954 4036 4035
f 3955 4036 3954
f 3955 4037 4036
f 3956 4037 3955
f 3956 4038 4037
f 3957 4038 3956
f 3957 4039 4038
f 3958 4039 3957
f 3958 4040 4039
f 3959 4040 3958
f 3959 4041 4040
f 3960 4041 3959
f 3960 4042 4041
f 3961 4042 3960
f 3961 4043 4042
f 3962 4043 3961
f 3962 4044 4043
f 3963 4044 3962
f 3963 4045 4044
f 3964 4045 3963
f 3964 4046 4045
f 3965 4046 3964
f 3965 4047 4046
f 3966 4047 3965
f 3966 4048 4047
f 3967 4048 3966
f 3967 4049 4048
f 3968 4049 3967
f 3968 4050 4049
f 3969 4050 3968
f 3969 4051 4050
f 3970 4051 3969
f 3970 4052 4051
f 3971 4052 3970
f 3971 4053 4052
f 3972 4053 3971
f 3972 4054 4053
f 3973 4054 3972
f 3973 4055 4054
f 3974 4055 3973
f 3974 4056 4055
f 3975 4056 3974
f 3975 4057 4056
f 3976 4057 3975
f 3976 4058 4057
f 3977 4058 3976
f 3977 4059 4058
f 3978 4059 3977
f 3978 4060 4059
f 3979 4060 3978
f 3983 4065 3982
f 3983 4066 4065
f 3984 4066 3983
f 3984 4067 4066
f 3985 4067 3984
f 3985 4068 4067
f 3986 4068 3985
f 3986 4069 4068
f 3987 4069 3986
f 3987 4070 4069
f 3988 4070 3987
f 3988 4071 4070
f 3989 4071 3988
f 3989 4072 4071
f 3990 4072 3989
f 3990 4073 4072
f 3991 4073 3990
f 3991 4074 4073
f 3992 4074 3991
f 3992 4075 4074
f 3993 4075 3992
f 3993 4076 4075
f 3994 4076 3993
f 3994 4077 4076
f 3995 4077 3994
f 3995 4078 4077
f 3996 4078 3995
f 3996 4079 4078
f 3997 4079 3996
f 3997 4080 4079
f 3998 4080 3997
f 3998 4081 4080
f 3999 4081 3998
f 3999 4082 4081
f 4000 4082 3999
f 4000 4083 4082
f 4001 4083 4000
f 4001 4084 4083
f 4002 4084 4001
f 4002 4085 4084
f 4003 4085 4002
f 4003 4086 4085
f 4004 4086 4003
f 4004 4087 4086
f 4005 4087 4004
f 4005 4088 4087
f 4006 4088 4005
f 4006 4089 4088
f 4007 4089 4006
f 4007 4090 4089
f 4008 4090 4007
f 4008 4091 4090
f 4009 4091 4008
f 4009 4092 4091
f 4010 4092 4009
f 4010 4093 4092
f 4011 4093 4010
f 4011 4094 4093
f 4012 4094 4011
f 4013 4096 4095
f 4015 4097 4014
f 4015 4098 4097
f 4016 4098 4015
f 4016 4099 4098
f 4018 4101 4017
f 4018 4102 4101
f 4019 4102 4018
f 4019 4103 4102
f 4020 4103 4019
f 4020 4104 4103
f 4021 4104 4020
f 4021 4105 4104
f 4022 4105 4021
f 4022 4106 4105
f 4023 4106 4022
f 4023 4107 4106
f 4024 4107 4023
f 4024 4108 4107
f 4025 4108 4024
f 4025 4109 4108
f 4026 4109 4025
f 4026 4110 4109
f 4027 4110 4026
f 4027 4111 4110
f 4028 4111 4027
f 4028 4112 4111
f 4029 4112 4028
f 4029 4113 4112
f 4030 4113 4029
f 4030 4114 4113
f 4031 4114 4030
f 4031 4115 4114
f 4032 4115 4031
f 4032 4116 4115
f 4033 4116 4032
f 4033 4117 4116
f 4034 4117 4033
f 4034 4118 4117
f 4035 4118 4034
f 4035 4119 4118
f 4036 4119 4035
f 4036 4120 4119
f 4037 4120 4036
f 4037 4121 4120
f 4038 4121 4037
f 4038 4122 4121
f 4039 4122 4038
f 4039 4123 4122
f 4040 4123 4039
f 4040 4124 4123
f 4041 4124 4040
f 4041 4125 4124
f 4042 4125 4041
f 4042 4126 4125
f 4043 4126 4042
f 4043 4127 4126
f 4044 4127 4043
f 4044 4128 4127
f 4045 4128 4044
f 4045 4129 4128
f 4046 4129 4045
f 4046 4130 4129
f 4047 4130 4046
f 4047 4131 4130
f 4048 4131 4047
f 4048 4132 4131
f 4049 4132 4048
f 4049 4133 4132
f 4050 4133 4049
f 4050 4134 4133
f 4051 4134 4050
f 4051 4135 4134
f 4052 4135 4051
f 4052 4136 4135
f 4053 4136 4052
f 4053 4137 4136
f 4054 4137 4053
f 4054 4138 4137
f 4055 4138 4054
f 4055 4139 4138
f 4056 4139 4055
f 4056 4140 4139
f 4057 4140 4056
f 4057 4141 4140
f 4058 4141 4057
f 4058 4142 4141
f 4059 4142 4058
f 4059 4143 4142
f 4060 4143 4059
f 4060 4144 4143
f 4061 4144 4060
f 4061 4145 4144
f 4062 4145 4061
f 4062 4146 4145
f 4063 4146 4062
f 4063 4147 4146
f 4064 4147 4063
f 4064 4148 4147
f 4068 4152 4151
f 4069 4152 4068
f 4069 4153 4152
f 4070 4153 4069
f 4070 4154 4153
f 4071 4154 4070
f 4071 4155 4154
f 4072 4155 4071
f 4072 4156 4155
f 4073 4156 4072
f 4073 4157 4156
f 4074 4157 4073
f 4074 4158 4157
f 4075 4158 4074
f 4075 4159 4158
f 4076 4159 4075
f 4076 4160 4159
f 4077 4160 4076
f 4077 4161 4160
f 4078 4161 4077
f 4078 4162 4161
f 4079 4162 4078
f 4079 4163 4162
f 4080 4163 4079
f 4080 4164 4163
f 4081 4164 4080
f 4081 4165 4164
f 4082 4165 4081
f 4082 4166 4165
f 4083 4166 4082
f 4083 4167 4166
f 4084 4167 4083
f 4084 4168 4167
f 4085 4168 4084
f 4085 4169 4168
f 4086 4169 4085
f 4086 4170 4169
f 4087 4170 4086
f 4087 4171 4170
f 4088 4171 4087
f 4088 4172 4171
f 4089 4172 4088
f 4089 4173 4172
f 4090 4173 4089
f 4090 4174 4173
f 4091 4174 4090
f 4091 4175 4174
f 4092 4175 4091
f 4092 4176 4175
f 4093 4176 4092
f 4095 4178 4177
f 4096 4178 4095
f 4096 4179 4178
f 4098 4180 4097
f 4098 4181 4180
f 4099 4181 4098
f 4099 4182 4181
f 4100 4182 4099
f 4100 4183 4182
f 4103 4184 4102
f 4103 4185 4184
f 4104 4185 4103
f 4104 4186 4185
f 4105 4186 4104
f 4105 4187 4186
f 4106 4187 4105
f 4106 4188 4187
f 4107 4188 4106
f 4107 4189 4188
f 4108 4189 4107
f 4108 4190 4189
f 4109 4190 4108
f 4109 4191 4190
f 4110 4191 4109
f 4110 4192 4191
f 4111 4192 4110
f 4111 4193 4192
f 4112 4193 4111
f 4112 4194 4193
f 4113 4194 4112
f 4113 4195 4194
f 4114 4195 4113
f 4114 4196 4195
f 4115 4196 4114
f 4115 4197 4196
f 4116 4197 4115
f 4116 4198 4197
f 4117 4198 4116
f 4117 4199 4198
f 4118 4199 4117
f 4118 4200 4199
f 4119 4200 4118
f 4119 4201 4200
f 4120 4201 4119
f 4120 4202 4201
f 4121 4202 4120
f 4121 4203 4202
f 4122 4203 4121
f 4122 4204 4203
f 4123 4204 4122
f 4123 4205 4204
f 4124 4205 4123
f 4124 4206 4205
f 4125 4206 4124
f 4125 4207 4206
f 4126 4207 4125
f 4126 4208 4207
f 4127 4208 4126
f 4127 4209 4208
f 4128 4209 4127
f 4128 4210 4209
f 4129 4210 4128
f 4129 4211 4210
f 4130 4211 4129
f 4130 4212 4211
f 4131 4212 4130
f 4131 4213 4212
f 4132 4213 4131
f 4132 4214 4213
f 4133 4214 4132
f 4133 4215 4214
f 4134 4215 4133
f 4134 4216 4215
f 4135 4216 4134
f 4135 4217 4216
f 4136 4217 4135
f 4136 4218 4217
f 4137 4218 4136
f 4137 4219 4218
f 4138 4219 4137
f 4138 4220 4219
f 4139 4220 4138
f 4139 4221 4220
f 4140 4221 4139
f 4140 4222 4221
f 4141 4222 4140
f 4141 4223 4222
f 4142 4223 4141
f 4142 4224 4223
f 4143 4224 4142
f 4143 4225 4224
f 4144 4225 4143
f 4144 4226 4225
f 4145 4226 4144
f 4145 4227 4226
f 4146 4227 4145
f 4146 4228 4227
f 4147 4228 4146
f 4147 4229 4228
f 4148 4229 4147
f 4148 4230 4229
f 4149 4230 4148
f 4149 4231 4230
f 4150 4231 4149
f 4150 4232 4231
f 4157 4236 4235
f 4158 4236 4157
f 4158 4237 4236
f 4159 4237 4158
f 4159 4238 4237
f 4160 4238 4159
f 4160 4239 4238
f 4161 4239 4160
f 4161 4240 4239
f 4162 4240 4161
f 4162 4241 4240
f 4163 4241 4162
f 4163 4242 4241
f 4164 4242 4163
f 4164 4243 4242
f 4165 4243 4164
f 4165 4244 4243
f 4166 4244 4165
f 4166 4245 4244
f 4167 4245 4166
f 4167 4246 4245
f 4168 4246 4167
f 4168 4247 4246
f 4169 4247 4168
f 4169 4248 4247
f 4170 4248 4169
f 4170 4249 4248
f 4171 4249 4170
f 4171 4250 4249
f 4172 4250 4171
f 4172 4251 4250
f 4173 4251 4172
f 4173 4252 4251
f 4174 4252 4173
f 4174 4253 4252
f 4175 4253 4174
f 4177 4256 4255
f 4178 4256 4177
f 4178 4257 4256
f 4179 4257 4178
f 4179 4258 4257
f 4181 4259 4180
f 4181 4260 4259
f 4182 4260 4181
f 4182 4261 4260
f 4183 4261 4182
f 4183 4262 4261
f 4185 4264 4184
f 4185 4265 4264
f 4186 4265 4185
f 4186 4266 4265
f 4187 4266 4186
f 4187 4267 4266
f 4188 4267 4187
f 4188 4268 4267
f 4189 4268 4188
f 4189 4269 4268
f 4190 4269 4189
f 4190 4270 4269
f 4191 4270 4190
f 4191 4271 4270
f 4192 4271 4191
f 4192 4272 4271
f 4193 4272 4192
f 4193 4273 4272
f 4194 4273 4193
f 4194 4274 4273
f 4195 4274 4194
f 4195 4275 4274
f 4196 4275 4195
f 4196 4276 4275
f 4197 4276 4196
f 4197 4277 4276
f 4198 4277 4197
f 4198 4278 4277
f 4199 4278 4198
f 4199 4279 4278
f 4200 4279 4199
f 4200 4280 4279
f 4201 4280 4200
f 4201 4281 4280
f 4202 4281 4201
f 4202 4282 4281
f 4203 4282 4202
f 4203 4283 4282
f 4204 4283 4203
f 4204 4284 4283
f 4205 4284 4204
f 4205 4285 4284
f 4206 4285 4205
f 4206 4286 4285
f 4207 4286 4206
f 4207 4287 4286
f 4208 4287 4207
f 4208 4288 4287
f 4209 4288 4208
f 4209 4289 4288
f 4210 4289 4209
f 4210 4290 4289
f 4211 4290 4210
f 4211 4291 4290
f 4212 4291 4211
f 4212 4292 4291
f 4213 4292 4212
f 4213 4293 4292
f 4214 4293 4213
f 4214 4294 4293
f 4215 4294 4214
f 4215 4295 4294
f 4216 4295 4215
f 4216 4296 4295
f 4217 4296 4216
f 4217 4297 4296
f 4218 4297 4217
f 4218 4298 4297
f 4219 4298 4218
f 4219 4299 4298
f 4220 4299 4219
f 4220 4300 4299
f 4221 4300 4220
f 4221 4301 4300
f 4222 4301 4221
f 4222 4302 4301
f 4223 4302 4222
f 4223 4303 4302
f 4224 4303 4223
f 4224 4304 4303
f 4225 4304 4224
f 4225 4305 4304
f 4226 4305 4225
f 4226 4306 4305
f 4227 4306 4226
f 4227 4307 4306
f 4228 4307 4227
f 4228 4308 4307
f 4229 4308 4228
f 4229 4309 4308
f 4230 4309 4229
f 4230 4310 4309
f 4231 4310 4230
f 4231 4311 4310
f 4232 4311 4231
f 4232 4312 4311
f 4233 4312 4232
f 4233 4313 4312
f 4234 4313 4233
f 4234 4314 4313
f 4241 4319 4318
f 4242 4319 4241
f 4242 4320 4319
f 4243 4320 4242
f 4243 4321 4320
f 4244 4321 4243
f 4244 4322 4321
f 4245 4322 4244
f 4245 4323 4322
f 4246 4323 4245
f 4246 4324 4323
f 4247 4324 4246
f 4247 4325 4324
f 4248 4325 4247
f 4254 4329 4328
f 4255 4329 4254
f 4255 4330 4329
f 4256 4330 4255
f 4256 4331 4330
f 4257 4331 4256
f 4257 4332 4331
f 4258 4332 4257
f 4258 4333 4332
f 4259 4335 4334
f 4260 4335 4259
f 4260 4336 4335
f 4261 4336 4260
f 4261 4337 4336
f 4262 4337 4261
f 4262 4338 4337
f 4263 4338 4262
f 4263 4339 4338
f 4265 4340 4264
f 4265 4341 4340
f 4266 4341 4265
f 4266 4342 4341
f 4267 4342 4266
f 4267 4343 4342
f 4268 4343 4267
f 4268 4344 4343
f 4269 4344 4268
f 4269 4345 4344
f 4270 4345 4269
f 4270 4346 4345
f 4271 4346 4270
f 4271 4347 4346
f 4272 4347 4271
f 4272 4348 4347
f 4273 4348 4272
f 4273 4349 4348
f 4274 4349 4273
f 4274 4350 4349
f 4275 4350 4274
f 4275 4351 4350
f 4276 4351 4275
f 4276 4352 4351
f 4277 4352 4276
f 4277 4353 4352
f 4278 4353 4277
f 4278 4354 4353
f 4279 4354 4278
f 4279 4355 4354
f 4280 4355 4279
f 4280 4356 4355
f 4281 4356 4280
f 4281 4357 4356
f 4282 4357 4281
f 4282 4358 4357
f 4283 4358 4282
f 4283 4359 4358
f 4284 4359 4283
f 4284 4360 4359
f 4285 4360 4284
f 4285 4361 4360
f 4286 4361 4285
f 4286 4362 4361
f 4287 4362 4286
f 4287 4363 4362
f 4288 4363 4287
f 4288 4364 4363
f 4289 4364 4288
f 4289 4365 4364
f 4290 4365 4289
f 4290 4366 4365
f 4291 4366 4290
f 4291 4367 4366
f 4292 4367 4291
f 4292 4368 4367
f 4293 4368 4292
f 4293 4369 4368
f 4294 4369 4293
f 4294 4370 4369
f 4295 4370 4294
f 4295 4371 4370
f 4296 4371 4295
f 4296 4372 4371
f 4297 4372 4296
f 4297 4373 4372
f 4298 4373 4297
f 4298 4374 4373
f 4299 4374 4298
f 4299 4375 4374
f 4300 4375 4299
f 4300 4376 4375
f 4301 4376 4300
f 4301 4377 4376
f 4302 4377 4301
f 4302 4378 4377
f 4303 4378 4302
f 4303 4379 4378
f 4304 4379 4303
f 4304 4380 4379
f 4305 4380 4304
f 4305 4381 4380
f 4306 4381 4305
f 4306 4382 4381
f 4307 4382 4306
f 4307 4383 4382
f 4308 4383 4307
f 4308 4384 4383
f 4309 4384 4308
f 4309 4385 4384
f 4310 4385 4309
f 4310 4386 4385
f 4311 4386 4310
f 4311 4387 4386
f 4312 4387 4311
f 4312 4388 4387
f 4313 4388 4312
f 4313 4389 4388
f 4314 4389 4313
f 4314 4390 4389
f 4315 4390 4314
f 4315 4391 4390
f 4316 4391 4315
f 4316 4392 4391
f 4317 4392 4316
f 4317 4393 4392
f 4326 4408 4407
f 4327 4408 4326
f 4327 4409 4408
f 4328 4409 4327
f 4328 4410 4409
f 4329 4410 4328
f 4329 4411 4410
f 4330 4411 4329
f 4330 4412 4411
f 4331 4412 4330
f 4331 4413 4412
f 4332 4413 4331
f 4332 4414 4413
f 4333 4414 4332
f 4333 4415 4414
f 4335 4416 4334
f 4335 4417 4416
f 4336 4417 4335
f 4336 4418 4417
f 4337 4418 4336
f 4337 4419 4418
f 4338 4419 4337
f 4338 4420 4419
f 4339 4420 4338
f 4339 4421 4420
f 4341 4422 4340
f 4341 4423 4422
f 4342 4423 4341
f 4342 4424 4423
f 4343 4424 4342
f 4343 4425 4424
f 4344 4425 4343
f 4344 4426 4425
f 4345 4426 4344
f 4345 4427 4426
f 4346 4427 4345
f 4346 4428 4427
f 4347 4428 4346
f 4347 4429 4428
f 4348 4429 4347
f 4348 4430 4429
f 4349 4430 4348
f 4349 4431 4430
f 4350 4431 4349
f 4350 4432 4431
f 4351 4432 4350
f 4351 4433 4432
f 4352 4433 4351
f 4352 4434 4433
f 4353 4434 4352
f 4353 4435 4434
f 4354 4435 4353
f 4354 4436 4435
f 4355 4436 4354
f 4355 4437 4436
f 4356 4437 4355
f 4356 4438 4437
f 4357 4438 4356
f 4357 4439 4438
f 4358 4439 4357
f 4358 4440 4439
f 4359 4440 4358
f 4359 4441 4440
f 4360 4441 4359
f 4360 4442 4441
f 4361 4442 4360
f 4361 4443 4442
f 4362 4443 4361
f 4362 4444 4443
f 4363 4444 4362
f 4363 4445 4444
f 4364 4445 4363
f 4364 4446 4445
f 4365 4446 4364
f 4365 4447 4446
f 4366 4447 4365
f 4366 4448 4447
f 4367 4448 4366
f 4367 4449 4448
f 4368 4449 4367
f 4368 4450 4449
f 4369 4450 4368
f 4369 4451 4450
f 4370 4451 4369
f 4370 4452 4451
f 4371 4452 4370
f 4371 4453 4452
f 4372 4453 4371
f 4372 4454 4453
f 4373 4454 4372
f 4373 4455 4454
f 4374 4455 4373
f 4374 4456 4455
f 4375 4456 4374
f 4375 4457 4456
f 4376 4457 4375
f 4376 4458 4457
f 4377 4458 4376
f 4377 4459 4458
f 4378 4459 4377
f 4378 4460 4459
f 4379 4460 4378
f 4379 4461 4460
f 4380 4461 4379
f 4380 4462 4461
f 4381 4462 4380
f 4381 4463 4462
f 4382 4463 4381
f 4382 4464 4463
f 4383 4464 4382
f 4383 4465 4464
f 4384 4465 4383
f 4384 4466 4465
f 4385 4466 4384
f 4385 4467 4466
f 4386 4467 4385
f 4386 4468 4467
f 4387 4468 4386
f 4387 4469 4468
f 4388 4469 4387
f 4388 4470 4469
f 4389 4470 4388
f 4389 4471 4470
f 4390 4471 4389
f 4390 4472 4471
f 4391 4472 4390
f 4391 4473 4472
f 4392 4473 4391
f 4392 4474 4473
f 4393 4474 4392
f 4393 4475 4474
f 4394 4475 4393
f 4394 4476 4475
f 4395 4476 4394
f 4395 4477 4476
f 4396 4477 4395
f 4396 4478 4477
f 4397 4478 4396
f 4397 4479 4478
f 4398 4479 4397
f 4398 4480 4479
f 4399 4480 4398
f 4399 4481 4480
f 4400 4481 4399
f 4400 4482 4481
f 4401 4482 4400
f 4401 4483 4482
f 4402 4483 4401
f 4402 4484 4483
f 4403 4488 4487
f 4404 4488 4403
f 4404 4489 4488
f 4405 4489 4404
f 4405 4490 4489
f 4406 4490 4405
f 4406 4491 4490
f 4407 4491 4406
f 4407 4492 4491
f 4408 4492 4407
f 4408 4493 4492
f 4409 4493 4408
f 4409 4494 4493
f 4410 4494 4409
f 4410 4495 4494
f 4411 4495 4410
f 4411 4496 4495
f 4412 4496 4411
f 4412 4497 4496
f 4413 4497 4412
f 4413 4498 4497
f 4414 4498 4413
f 4414 4499 4498
f 4415 4499 4414
f 4415 4500 4499
f 4417 4501 4416
f 4417 4502 4501
f 4418 4502 4417
f 4418 4503 4502
f 4419 4503 4418
f 4419 4504 4503
f 4420 4504 4419
f 4420 4505 4504
f 4421 4505 4420
f 4421 4506 4505
f 4423 4507 4422
f 4423 4508 4507
f 4424 4508 4423
f 4424 4509 4508
f 4425 4509 4424
f 4425 4510 4509
f 4426 4510 4425
f 4426 4511 4510
f 4427 4511 4426
f 4427 4512 4511
f 4428 4512 4427
f 4428 4513 4512
f 4429 4513 4428
f 4429 4514 4513
f 4430 4514 4429
f 4430 4515 4514
f 4431 4515 4430
f 4431 4516 4515
f 4432 4516 4431
f 4432 4517 4516
f 4433 4517 4432
f 4433 4518 4517
f 4434 4518 4433
f 4434 4519 4518
f 4435 4519 4434
f 4435 4520 4519
f 4436 4520 4435
f 4436 4521 4520
f 4437 4521 4436
f 4437 4522 4521
f 4438 4522 4437
f 4438 4523 4522
f 4439 4523 4438
f 4439 4524 4523
f 4440 4524 4439
f 4440 4525 4524
f 4441 4525 4440
f 4441 4526 4525
f 4442 4526 4441
f 4442 4527 4526
f 4443 4527 4442
f 4443 4528 4527
f 4444 4528 4443
f 4444 4529 4528
f 4445 4529 4444
f 4445 4530 4529
f 4446 4530 4445
f 4446 4531 4530
f 4447 4531 4446
f 4447 4532 4531
f 4448 4532 4447
f 4448 4533 4532
f 4449 4533 4448
f 4449 4534 4533
f 4450 4534 4449
f 4450 4535 4534
f 4451 4535 4450
f 4451 4536 4535
f 4452 4536 4451
f 4452 4537 4536
f 4453 4537 4452
f 4453 4538 4537
f 4454 4538 4453
f 4454 4539 4538
f 4455 4539 4454
f 4455 4540 4539
f 4456 4540 4455
f 4456 4541 4540
f 4457 4541 4456
f 4457 4542 4541
f 4458 4542 4457
f 4458 4543 4542
f 4459 4543 4458
f 4459 4544 4543
f 4460 4544 4459
f 4460 4545 4544
f 4461 4545 4460
f 4461 4546 4545
f 4462 4546 4461
f 4462 4547 4546
f 4463 4547 4462
f 4463 4548 4547
f 4464 4548 4463
f 4464 4549 4548
f 4465 4549 4464
f 4465 4550 4549
f 4466 4550 4465
f 4466 4551 4550
f 4467 4551 4466
f 4467 4552 4551
f 4468 4552 4467
f 4468 4553 4552
f 4469 4553 4468
f 4469 4554 4553
f 4470 4554 4469
f 4470 4555 4554
f 4471 4555 4470
f 4471 4556 4555
f 4472 4556 4471
f 4472 4557 4556
f 4473 4557 4472
f 4473 4558 4557
f 4474 4558 4473
f 4474 4559 4558
f 4475 4559 4474
f 4475 4560 4559
f 4476 4560 4475
f 4476 4561 4560
f 4477 4561 4476
f 4477 4562 4561
f 4478 4562 4477
f 4478 4563 4562
f 4479 4563 4478
f 4479 4564 4563
f 4480 4564 4479
f 4480 4565 4564
f 4481 4565 4480
f 4481 4566 4565
f 4482 4566 4481
f 4482 4567 4566
f 4483 4567 4482
f 4483 4568 4567
f 4484 4568 4483
f 4484 4569 4568
f 4485 4569 4484
f 4485 4570 4569
f 4486 4570 4485
f 4486 4571 4570
f 4487 4571 4486
f 4487 4572 4571
f 4488 4572 4487
f 4488 4573 4572
f 4489 4573 4488
f 4489 4574 4573
f 4490 4574 4489
f 4490 4575 4574
f 4491 4575 4490
f 4491 4576 4575
f 4492 4576 4491
f 4492 4577 4576
f 4493 4577 4492
f 4493 4578 4577
f 4494 4578 4493
f 4494 4579 4578
f 4495 4579 4494
f 4495 4580 4579
f 4496 4580 4495
f 4496 4581 4580
f 4497 4581 4496
f 4497 4582 4581
f 4498 4582 4497
f 4498 4583 4582
f 4499 4583 4498
f 4499 4584 4583
f 4500 4584 4499
f 4500 4585 4584
f 4502 4586 4501
f 4502 4587 4586
f 4503 4587 4502
f 4503 4588 4587
f 4504 4588 4503
f 4504 4589 4588
f 4505 4589 4504
f 4505 4590 4589
f 4506 4590 4505
f 4506 4591 4590
f 4508 4592 4507
f 4508 4593 4592
f 4509 4593 4508
f 4509 4594 4593
f 4510 4594 4509
f 4510 4595 4594
f 4511 4595 4510
f 4511 4596 4595
f 4512 4596 4511
f 4512 4597 4596
f 4513 4597 4512
f 4513 4598 4597
f 4514 4598 4513
f 4514 4599 4598
f 4515 4599 4514
f 4515 4600 4599
f 4516 4600 4515
f 4516 4601 4600
f 4517 4601 4516
f 4517 4602 4601
f 4518 4602 4517
f 4518 4603 4602
f 4519 4603 4518
f 4519 4604 4603
f 4520 4604 4519
f 4520 4605 4604
f 4521 4605 4520
f 4521 4606 4605
f 4522 4606 4521
f 4522 4607 4606
f 4523 4607 4522
f 4523 4608 4607
f 4524 4608 4523
f 4524 4609 4608
f 4525 4609 4524
f 4525 4610 4609
f 4526 4610 4525
f 4526 4611 4610
f 4527 4611 4526
f 4527 4612 4611
f 4528 4612 4527
f 4528 4613 4612
f 4529 4613 4528
f 4529 4614 4613
f 4530 4614 4529
f 4530 4615 4614
f 4531 4615 4530
f 4531 4616 4615
f 4532 4616 4531
f 4532 4617 4616
f 4533 4617 4532
f 4533 4618 4617
f 4534 4618 4533
f 4534 4619 4618
f 4535 4619 4534
f 4535 4620 4619
f 4536 4620 4535
f 4536 4621 4620
f 4537 4621 4536
f 4537 4622 4621
f 4538 4622 4537
f 4538 4623 4622
f 4539 4623 4538
f 4539 4624 4623
f 4540 4624 4539
f 4540 4625 4624
f 4541 4625 4540
f 4541 4626 4625
f 4542 4626 4541
f 4542 4627 4626
f 4543 4627 4542
f 4543 4628 4627
f 4544 4628 4543
f 4544 4629 4628
f 4545 4629 4544
f 4545 4630 4629
f 4546 4630 4545
f 4546 4631 4630
f 4547 4631 4546
f 4547 4632 4631
f 4548 4632 4547
f 4548 4633 4632
f 4549 4633 4548
f 4549 4634 4633
f 4550 4634 4549
f 4550 4635 4634
f 4551 4635 4550
f 4551 4636 4635
f 4552 4636 4551
f 4552 4637 4636
f 4553 4637 4552
f 4553 4638 4637
f 4554 4638 4553
f 4554 4639 4638
f 4555 4639 4554
f 4555 4640 4639
f 4556 4640 4555
f 4556 4641 4640
f 4557 4641 4556
f 4557 4642 4641
f 4558 4642 4557
f 4558 4643 4642
f 4559 4643 4558
f 4559 4644 4643
f 4560 4644 4559
f 4560 4645 4644
f 4561 4645 4560
f 4561 4646 4645
f 4562 4646 4561
f 4562 4647 4646
f 4563 4647 4562
f 4563 4648 4647
f 4564 4648 4563
f 4564 4649 4648
f 4565 4649 4564
f 4565 4650 4649
f 4566 4650 4565
f 4566 4651 4650
f 4567 4651 4566
f 4567 4652 4651
f 4568 4652 4567
f 4568 4653 4652
f 4569 4653 4568
f 4569 4654 4653
f 4570 4654 4569
f 4570 4655 4654
f 4571 4655 4570
f 4571 4656 4655
f 4572 4656 4571
f 4572 4657 4656
f 4573 4657 4572
f 4573 4658 4657
f 4574 4658 4573
f 4574 4659 4658
f 4575 4659 4574
f 4575 4660 4659
f 4576 4660 4575
f 4576 4661 4660
f 4577 4661 4576
f 4577 4662 4661
f 4578 4662 4577
f 4578 4663 4662
f 4579 4663 4578
f 4579 4664 4663
f 4580 4664 4579
f 4580 4665 4664
f 4581 4665 4580
f 4581 4666 4665
f 4582 4666 4581
f 4582 4667 4666
f 4583 4667 4582
f 4583 4668 4667
f 4584 4668 4583
f 4584 4669 4668
f 4585 4669 4584
f 4585 4670 4669
f 4587 4671 4586
f 4587 4672 4671
f 4588 4672 4587
f 4588 4673 4672
f 4589 4673 4588
f 4589 4674 4673
f 4590 4674 4589
f 4590 4675 4674
f 4591 4675 4590
f 4591 4676 4675
f 4593 4677 4592
f 4593 4678 4677
f 4594 4678 4593
f 4594 4679 4678
f 4595 4679 4594
f 4595 4680 4679
f 4596 4680 4595
f 4596 4681 4680
f 4597 4681 4596
f 4597 4682 4681
f 4598 4682 4597
f 4598 4683 4682
f 4599 4683 4598
f 4599 4684 4683
f 4600 4684 4599
f 4600 4685 4684
f 4601 4685 4600
f 4601 4686 4685
f 4602 4686 4601
f 4602 4687 4686
f 4603 4687 4602
f 4603 4688 4687
f 4604 4688 4603
f 4604 4689 4688
f 4605 4689 4604
f 4605 4690 4689
f 4606 4690 4605
f 4606 4691 4690
f 4607 4691 4606
f 4607 4692 4691
f 4608 4692 4607
f 4608 4693 4692
f 4609 4693 4608
f 4609 4694 4693
f 4610 4694 4609
f 4610 4695 4694
f 4611 4695 4610
f 4611 4696 4695
f 4612 4696 4611
f 4612 4697 4696
f 4613 4697 4612
f 4613 4698 4697
f 4614 4698 4613
f 4614 4699 4698
f 4615 4699 4614
f 4615 4700 4699
f 4616 4700 4615
f 4616 4701 4700
f 4617 4701 4616
f 4617 4702 4701
f 4618 4702 4617
f 4618 4703 4702
f 4619 4703 4618
f 4619 4704 4703
f 4620 4704 4619
f 4620 4705 4704
f 4621 4705 4620
f 4621 4706 4705
f 4622 4706 4621
f 4622 4707 4706
f 4623 4707 4622
f 4623 4708 4707
f 4624 4708 4623
f 4624 4709 4708
f 4625 4709 4624
f 4625 4710 4709
f 4626 4710 4625
f 4626 4711 4710
f 4627 4711 4626
f 4627 4712 4711
f 4628 4712 4627
f 4628 4713 4712
f 4629 4713 4628
f 4629 4714 4713
f 4630 4714 4629
f 4630 4715 4714
f 4631 4715 4630
f 4631 4716 4715
f 4632 4716 4631
f 4632 4717 4716
f 4633 4717 4632
f 4633 4718 4717
f 4634 4718 4633
f 4634 4719 4718
f 4635 4719 4634
f 4635 4720 4719
f 4636 4720 4635
f 4636 4721 4720
f 4637 4721 4636
f 4637 4722 4721
f 4638 4722 4637
f 4638 4723 4722
f 4639 4723 4638
f 4639 4724 4723
f 4640 4724 4639
f 4640 4725 4724
f 4641 4725 4640
f 4641 4726 4725
f 4642 4726 4641
f 4642 4727 4726
f 4643 4727 4642
f 4643 4728 4727
f 4644 4728 4643
f 4644 4729 4728
f 4645 4729 4644
f 4645 4730 4729
f 4646 4730 4645
f 4646 4731 4730
f 4647 4731 4646
f 4647 4732 4731
f 4648 4732 4647
f 4648 4733 4732
f 4649 4733 4648
f 4649 4734 4733
f 4650 4734 4649
f 4650 4735 4734
f 4651 4735 4650
f 4651 4736 4735
f 4652 4736 4651
f 4652 4737 4736
f 4653 4737 4652
f 4653 4738 4737
f 4654 4738 4653
f 4654 4739 4738
f 4655 4739 4654
f 4655 4740 4739
f 4656 4740 4655
f 4656 4741 4740
f 4657 4741 4656
f 4657 4742 4741
f 4658 4742 4657
f 4658 4743 4742
f 4659 4743 4658
f 4659 4744 4743
f 4660 4744 4659
f 4660 4745 4744
f 4661 4745 4660
f 4661 4746 4745
f 4662 4746 4661
f 4662 4747 4746
f 4663 4747 4662
f 4663 4748 4747
f 4664 4748 4663
f 4664 4749 4748
f 4665 4749 4664
f 4665 4750 4749
f 4666 4750 4665
f 4666 4751 4750
f 4667 4751 4666
f 4667 4752 4751
f 4668 4752 4667
f 4668 4753 4752
f 4669 4753 4668
f 4669 4754 4753
f 4670 4754 4669
f 4670 4755 4754
f 4672 4756 4671
f 4672 4757 4756
f 4673 4757 4672
f 4673 4758 4757
f 4674 4758 4673
f 4674 4759 4758
f 4675 4759 4674
f 4675 4760 4759
f 4676 4760 4675
f 4676 4761 4760
f 4678 4762 4677
f 4678 4763 4762
f 4679 4763 4678
f 4679 4764 4763
f 4680 4764 4679
f 4680 4765 4764
f 4681 4765 4680
f 4681 4766 4765
f 4682 4766 4681
f 4682 4767 4766
f 4683 4767 4682
f 4683 4768 4767
f 4684 4768 4683
f 4684 4769 4768
f 4685 4769 4684
f 4685 4770 4769
f 4686 4770 4685
f 4686 4771 4770
f 4687 4771 4686
f 4687 4772 4771
f 4688 4772 4687
f 4688 4773 4772
f 4689 4773 4688
f 4689 4774 4773
f 4690 4774 4689
f 4690 4775 4774
f 4691 4775 4690
f 4691 4776 4775
f 4692 4776 4691
f 4692 4777 4776
f 4693 4777 4692
f 4693 4778 4777
f 4694 4778 4693
f 4694 4779 4778
f 4695 4779 4694
f 4695 4780 4779
f 4696 4780 4695
f 4696 4781 4780
f 4697 4781 4696
f 4697 4782 4781
f 4698 4782 4697
f 4698 4783 4782
f 4699 4783 4698
f 4699 4784 4783
f 4700 4784 4699
f 4700 4785 4784
f 4701 4785 4700
f 4701 4786 4785
f 4702 4786 4701
f 4702 4787 4786
f 4703 4787 4702
f 4703 4788 4787
f 4704 4788 4703
f 4704 4789 4788
f 4705 4789 4704
f 4705 4790 4789
f 4706 4790 4705
f 4706 4791 4790
f 4707 4791 4706
f 4707 4792 4791
f 4708 4792 4707
f 4708 4793 4792
f 4709 4793 4708
f 4709 4794 4793
f 4710 4794 4709
f 4710 4795 4794
f 4711 4795 4710
f 4711 4796 4795
f 4712 4796 4711
f 4712 4797 4796
f 4713 4797 4712
f 4713 4798 4797
f 4714 4798 4713
f 4714 4799 4798
f 4715 4799 4714
f 4715 4800 4799
f 4716 4800 4715
f 4716 4801 4800
f 4717 4801 4716
f 4717 4802 4801
f 4718 4802 4717
f 4718 4803 4802
f 4719 4803 4718
f 4719 4804 4803
f 4720 4804 4719
f 4720 4805 4804
f 4721 4805 4720
f 4721 4806 4805
f 4722 4806 4721
f 4722 4807 4806
f 4723 4807 4722
f 4723 4808 4807
f 4724 4808 4723
f 4724 4809 4808
f 4725 4809 4724
f 4725 4810 4809
f 4726 4810 4725
f 4726 4811 4810
f 4727 4811 4726
f 4727 4812 4811
f 4728 4812 4727
f 4728 4813 4812
f 4729 4813 4728
f 4729 4814 4813
f 4730 4814 4729
f 4730 4815 4814
f 4731 4815 4730
f 4731 4816 4815
f 4732 4816 4731
f 4732 4817 4816
f 4733 4817 4732
f 4733 4818 4817
f 4734 4818 4733
f 4734 4819 4818
f 4735 4819 4734
f 4735 4820 4819
f 4736 4820 4735
f 4736 4821 4820
f 4737 4821 4736
f 4737 4822 4821
f 4738 4822 4737
f 4738 4823 4822
f 4739 4823 4738
f 4739 4824 4823
f 4740 4824 4739
f 4740 4825 4824
f 4741 4825 4740
f 4741 4826 4825
f 4742 4826 4741
f 4742 4827 4826
f 4743 4827 4742
f 4743 4828 4827
f 4744 4828 4743
f 4744 4829 4828
f 4745 4829 4744
f 4745 4830 4829
f 4746 4830 4745
f 4746 4831 4830
f 4747 4831 4746
f 4747 4832 4831
f 4748 4832 4747
f 4748 4833 4832
f 4749 4833 4748
f 4749 4834 4833
f 4750 4834 4749
f 4750 4835 4834
f 4751 4835 4750
f 4751 4836 4835
f 4752 4836 4751
f 4752 4837 4836
f 4753 4837 4752
f 4753 4838 4837
f 4754 4838 4753
f 4754 4839 4838
f 4755 4839 4754
f 4755 4840 4839
f 4757 4841 4756
f 4757 4842 4841
f 4758 4842 4757
f 4758 4843 4842
f 4759 4843 4758
f 4759 4844 4843
f 4760 4844 4759
f 4760 4845 4844
f 4761 4845 4760
f 4763 4846 4762
f 4763 4847 4846
f 4764 4847 4763
f 4764 4848 4847
f 4765 4848 4764
f 4765 4849 4848
f 4766 4849 4765
f 4766 4850 4849
f 4767 4850 4766
f 4767 4851 4850
f 4768 4851 4767
f 4768 4852 4851
f 4769 4852 4768
f 4769 4853 4852
f 4770 4853 4769
f 4770 4854 4853
f 4771 4854 4770
f 4771 4855 4854
f 4772 4855 4771
f 4772 4856 4855
f 4773 4856 4772
f 4773 4857 4856
f 4774 4857 4773
f 4774 4858 4857
f 4775 4858 4774
f 4775 4859 4858
f 4776 4859 4775
f 4776 4860 4859
f 4777 4860 4776
f 4777 4861 4860
f 4778 4861 4777
f 4778 4862 4861
f 4779 4862 4778
f 4779 4863 4862
f 4780 4863 4779
f 4780 4864 4863
f 4781 4864 4780
f 4781 4865 4864
f 4782 4865 4781
f 4782 4866 4865
f 4783 4866 4782
f 4783 4867 4866
f 4784 4867 4783
f 4784 4868 4867
f 4785 4868 4784
f 4785 4869 4868
f 4786 4869 4785
f 4786 4870 4869
f 4787 4870 4786
f 4787 4871 4870
f 4788 4871 4787
f 4788 4872 4871
f 4789 4872 4788
f 4789 4873 4872
f 4790 4873 4789
f 4790 4874 4873
f 4791 4874 4790
f 4791 4875 4874
f 4792 4875 4791
f 4792 4876 4875
f 4793 4876 4792
f 4793 4877 4876
f 4794 4877 4793
f 4794 4878 4877
f 4795 4878 4794
f 4795 4879 4878
f 4796 4879 4795
f 4796 4880 4879
f 4797 4880 4796
f 4797 4881 4880
f 4798 4881 4797
f 4798 4882 4881
f 4799 4882 4798
f 4799 4883 4882
f 4800 4883 4799
f 4800 4884 4883
f 4801 4884 4800
f 4801 4885 4884
f 4802 4885 4801
f 4802 4886 4885
f 4803 4886 4802
f 4803 4887 4886
f 4804 4887 4803
f 4804 4888 4887
f 4805 4888 4804
f 4805 4889 4888
f 4806 4889 4805
f 4806 4890 4889
f 4807 4890 4806
f 4807 4891 4890
f 4808 4891 4807
f 4808 4892 4891
f 4809 4892 4808
f 4809 4893 4892
f 4810 4893 4809
f 4810 4894 4893
f 4811 4894 4810
f 4811 4895 4894
f 4812 4895 4811
f 4812 4896 4895
f 4813 4896 4812
f 4813 4897 4896
f 4814 4897 4813
f 4814 4898 4897
f 4815 4898 4814
f 4815 4899 4898
f 4816 4899 4815
f 4816 4900 4899
f 4817 4900 4816
f 4817 4901 4900
f 4818 4901 4817
f 4818 4902 4901
f 4819 4902 4818
f 4819 4903 4902
f 4820 4903 4819
f 4820 4904 4903
f 4821 4904 4820
f 4821 4905 4904
f 4822 4905 4821
f 4822 4906 4905
f 4823 4906 4822
f 4823 4907 4906
f 4824 4907 4823
f 4824 4908 4907
f 4825 4908 4824
f 4825 4909 4908
f 4826 4909 4825
f 4826 4910 4909
f 4827 4910 4826
f 4827 4911 4910
f 4828 4911 4827
f 4828 4912 4911
f 4829 4912 4828
f 4829 4913 4912
f 4830 4913 4829
f 4830 4914 4913
f 4831 4914 4830
f 4831 4915 4914
f 4832 4915 4831
f 4832 4916 4915
f 4833 4916 4832
f 4833 4917 4916
f 4834 4917 4833
f 4834 4918 4917
f 4835 4918 4834
f 4835 4919 4918
f 4836 4919 4835
f 4836 4920 4919
f 4837 4920 4836
f 4837 4921 4920
f 4838 4921 4837
f 4838 4922 4921
f 4839 4922 4838
f 4839 4923 4922
f 4840 4923 4839
f 4840 4924 4923
f 4842 4925 4841
f 4842 4926 4925
f 4843 4926 4842
f 4843 4927 4926
f 4844 4927 4843
f 4844 4928 4927
f 4845 4928 4844
f 4845 4929 4928
f 4847 4930 4846
f 4847 4931 4930
f 4848 4931 4847
f 4848 4932 4931
f 4849 4932 4848
f 4849 4933 4932
f 4850 4933 4849
f 4850 4934 4933
f 4851 4934 4850
f 4851 4935 4934
f 4852 4935 4851
f 4852 4936 4935
f 4853 4936 4852
f 4853 4937 4936
f 4854 4937 4853
f 4854 4938 4937
f 4855 4938 4854
f 4855 4939 4938
f 4856 4939 4855
f 4856 4940 4939
f 4857 4940 4856
f 4857 4941 4940
f 4858 4941 4857
f 4858 4942 4941
f 4859 4942 4858
f 4859 4943 4942
f 4860 4943 4859
f 4860 4944 4943
f 4861 4944 4860
f 4861 4945 4944
f 4862 4945 4861
f 4862 4946 4945
f 4863 4946 4862
f 4863 4947 4946
f 4864 4947 4863
f 4864 4948 4947
f 4865 4948 4864
f 4865 4949 4948
f 4866 4949 4865
f 4866 4950 4949
f 4867 4950 4866
f 4867 4951 4950
f 4868 4951 4867
f 4868 4952 4951
f 4869 4952 4868
f 4869 4953 4952
f 4870 4953 4869
f 4870 4954 4953
f 4871 4954 4870
f 4871 4955 4954
f 4872 4955 4871
f 4872 4956 4955
f 4873 4956 4872
f 4873 4957 4956
f 4874 4957 4873
f 4874 4958 4957
f 4875 4958 4874
f 4875 4959 4958
f 4876 4959 4875
f 4876 4960 4959
f 4877 4960 4876
f 4877 4961 4960
f 4878 4961 4877
f 4878 4962 4961
f 4879 4962 4878
f 4879 4963 4962
f 4880 4963 4879
f 4880 4964 4963
f 4881 4964 4880
f 4881 4965 4964
f 4882 4965 4881
f 4882 4966 4965
f 4883 4966 4882
f 4883 4967 4966
f 4884 4967 4883
f 4884 4968 4967
f 4885 4968 4884
f 4885 4969 4968
f 4886 4969 4885
f 4886 4970 4969
f 4887 4970 4886
f 4887 4971 4970
f 4888 4971 4887
f 4888 4972 4971
f 4889 4972 4888
f 4889 4973 4972
f 4890 4973 4889
f 4890 4974 4973
f 4891 4974 4890
f 4891 4975 4974
f 4892 4975 4891
f 4892 4976 4975
f 4893 4976 4892
f 4893 4977 4976
f 4894 4977 4893
f 4894 4978 4977
f 4895 4978 4894
f 4895 4979 4978
f 4896 4979 4895
f 4896 4980 4979
f 4897 4980 4896
f 4897 4981 4980
f 4898 4981 4897
f 4898 4982 4981
f 4899 4982 4898
f 4899 4983 4982
f 4900 4983 4899
f 4900 4984 4983
f 4901 4984 4900
f 4901 4985 4984
f 4902 4985 4901
f 4902 4986 4985
f 4903 4986 4902
f 4903 4987 4986
f 4904 4987 4903
f 4904 4988 4987
f 4905 4988 4904
f 4905 4989 4988
f 4906 4989 4905
f 4906 4990 4989
f 4907 4990 4906
f 4907 4991 4990
f 4908 4991 4907
f 4908 4992 4991
f 4909 4992 4908
f 4909 4993 4992
f 4910 4993 4909
f 4910 4994 4993
f 4911 4994 4910
f 4911 4995 4994
f 4912 4995 4911
f 4912 4996 4995
f 4913 4996 4912
f 4913 4997 4996
f 4914 4997 4913
f 4914 4998 4997
f 4915 4998 4914
f 4915 4999 4998
f 4916 4999 4915
f 4916 5000 4999
f 4917 5000 4916
f 4917 5001 5000
f 4918 5001 4917
f 4918 5002 5001
f 4919 5002 4918
f 4919 5003 5002
f 4920 5003 4919
f 4920 5004 5003
f 4921 5004 4920
f 4921 5005 5004
f 4922 5005 4921
f 4922 5006 5005
f 4923 5006 4922
f 4923 5007 5006
f 4924 5007 4923
f 4924 5008 5007
f 4926 5009 4925
f 4926 5010 5009
f 4927 5010 4926
f 4927 5011 5010
f 4928 5011 4927
f 4928 5012 5011
f 4929 5012 4928
f 4929 5013 5012
f 4931 5014 4930
f 4931 5015 5014
f 4932 5015 4931
f 4932 5016 5015
f 4933 5016 4932
f 4933 5017 5016
f 4934 5017 4933
f 4934 5018 5017
f 4935 5018 4934
f 4935 5019 5018
f 4936 5019 4935
f 4936 5020 5019
f 4937 5020 4936
f 4937 5021 5020
f 4938 5021 4937
f 4938 5022 5021
f 4939 5022 4938
f 4939 5023 5022
f 4940 5023 4939
f 4940 5024 5023
f 4941 5024 4940
f 4941 5025 5024
f 4942 5025 4941
f 4942 5026 5025
f 4943 5026 4942
f 4943 5027 5026
f 4944 5027 4943
f 4944 5028 5027
f 4945 5028 4944
f 4945 5029 5028
f 4946 5029 4945
f 4946 5030 5029
f 4947 5030 4946
f 4947 5031 5030
f 4948 5031 4947
f 4948 5032 5031
f 4949 5032 4948
f 4949 5033 5032
f 4950 5033 4949
f 4950 5034 5033
f 4951 5034 4950
f 4951 5035 5034
f 4952 5035 4951
f 4952 5036 5035
f 4953 5036 4952
f 4953 5037 5036
f 4954 5037 4953
f 4954 5038 5037
f 4955 5038 4954
f 4955 5039 5038
f 4956 5039 4955
f 4956 5040 5039
f 4957 5040 4956
f 4957 5041 5040
f 4958 5041 4957
f 4958 5042 5041
f 4959 5042 4958
f 4959 5043 5042
f 4960 5043 4959
f 4960 5044 5043
f 4961 5044 4960
f 4961 5045 5044
f 4962 5045 4961
f 4962 5046 5045
f 4963 5046 4962
f 4963 5047 5046
f 4964 5047 4963
f 4964 5048 5047
f 4965 5048 4964
f 4965 5049 5048
f 4966 5049 4965
f 4966 5050 5049
f 4967 5050 4966
f 4967 5051 5050
f 4968 5051 4967
f 4968 5052 5051
f 4969 5052 4968
f 4969 5053 5052
f 4970 5053 4969
f 4970 5054 5053
f 4971 5054 4970
f 4971 5055 5054
f 4972 5055 4971
f 4972 5056 5055
f 4973 5056 4972
f 4973 5057 5056
f 4974 5057 4973
f 4974 5058 5057
f 4975 5058 4974
f 4975 5059 5058
f 4976 5059 4975
f 4976 5060 5059
f 4977 5060 4976
f 4977 5061 5060
f 4978 5061 4977
f 4978 5062 5061
f 4979 5062 4978
f 4979 5063 5062
f 4980 5063 4979
f 4980 5064 5063
f 4981 5064 4980
f 4981 5065 5064
f 4982 5065 4981
f 4982 5066 5065
f 4983 5066 4982
f 4983 5067 5066
f 4984 5067 4983
f 4984 5068 5067
f 4985 5068 4984
f 4985 5069 5068
f 4986 5069 4985
f 4986 5070 5069
f 4987 5070 4986
f 4987 5071 5070
f 4988 5071 4987
f 4988 5072 5071
f 4989 5072 4988
f 4989 5073 5072
f 4990 5073 4989
f 4990 5074 5073
f 4991 5074 4990
f 4991 5075 5074
f 4992 5075 4991
f 4992 5076 5075
f 4993 5076 4992
f 4993 5077 5076
f 4994 5077 4993
f 4994 5078 5077
f 4995 5078 4994
f 4995 5079 5078
f 4996 5079 4995
f 4996 5080 5079
f 4997 5080 4996
f 4997 5081 5080
f 4998 5081 4997
f 4998 5082 5081
f 4999 5082 4998
f 4999 5083 5082
f 5000 5083 4999
f 5000 5084 5083
f 5001 5084 5000
f 5001 5085 5084
f 5002 5085 5001
f 5002 5086 5085
f 5003 5086 5002
f 5003 5087 5086
f 5004 5087 5003
f 5004 5088 5087
f 5005 5088 5004
f 5005 5089 5088
f 5006 5089 5005
f 5006 5090 5089
f 5007 5090 5006
f 5007 5091 5090
f 5008 5091 5007
f 5009 5093 5092
f 5010 5093 5009
f 5010 5094 5093
f 5011 5094 5010
f 5011 5095 5094
f 5012 5095 5011
f 5012 5096 5095
f 5013 5096 5012
f 5015 5097 5014
f 5015 5098 5097
f 5016 5098 5015
f 5016 5099 5098
f 5017 5099 5016
f 5017 5100 5099
f 5018 5100 5017
f 5018 5101 5100
f 5019 5101 5018
f 5019 5102 5101
f 5020 5102 5019
f 5020 5103 5102
f 5021 5103 5020
f 5021 5104 5103
f 5022 5104 5021
f 5022 5105 5104
f 5023 5105 5022
f 5023 5106 5105
f 5024 5106 5023
f 5024 5107 5106
f 5025 5107 5024
f 5025 5108 5107
f 5026 5108 5025
f 5026 5109 5108
f 5027 5109 5026
f 5027 5110 5109
f 5028 5110 5027
f 5028 5111 5110
f 5029 5111 5028
f 5029 5112 5111
f 5030 5112 5029
f 5030 5113 5112
f 5031 5113 5030
f 5031 5114 5113
f 5032 5114 5031
f 5032 5115 5114
f 5033 5115 5032
f 5033 5116 5115
f 5034 5116 5033
f 5034 5117 5116
f 5035 5117 5034
f 5035 5118 5117
f 5036 5118 5035
f 5036 5119 5118
f 5037 5119 5036
f 5037 5120 5119
f 5038 5120 5037
f 5038 5121 5120
f 5039 5121 5038
f 5039 5122 5121
f 5040 5122 5039
f 5040 5123 5122
f 5041 5123 5040
f 5041 5124 5123
f 5042 5124 5041
f 5042 5125 5124
f 5043 5125 5042
f 5043 5126 5125
f 5044 5126 5043
f 5044 5127 5126
f 5045 5127 5044
f 5045 5128 5127
f 5046 5128 5045
f 5046 5129 5128
f 5047 5129 5046
f 5047 5130 5129
f 5048 5130 5047
f 5048 5131 5130
f 5049 5131 5048
f 5049 5132 5131
f 5050 5132 5049
f 5050 5133 5132
f 5051 5133 5050
f 5051 5134 5133
f 5052 5134 5051
f 5052 5135 5134
f 5053 5135 5052
f 5053 5136 5135
f 5054 5136 5053
f 5054 5137 5136
f 5055 5137 5054
f 5055 5138 5137
f 5056 5138 5055
f 5056 5139 5138
f 5057 5139 5056
f 5057 5140 5139
f 5058 5140 5057
f 5058 5141 5140
f 5059 5141 5058
f 5059 5142 5141
f 5060 5142 5059
f 5060 5143 5142
f 5061 5143 5060
f 5061 5144 5143
f 5062 5144 5061
f 5062 5145 5144
f 5063 5145 5062
f 5063 5146 5145
f 5064 5146 5063
f 5064 5147 5146
f 5065 5147 5064
f 5065 5148 5147
f 5066 5148 5065
f 5066 5149 5148
f 5067 5149 5066
f 5067 5150 5149
f 5068 5150 5067
f 5068 5151 5150
f 5069 5151 5068
f 5069 5152 5151
f 5070 5152 5069
f 5070 5153 5152
f 5071 5153 5070
f 5071 5154 5153
f 5072 5154 5071
f 5072 5155 5154
f 5073 5155 5072
f 5073 5156 5155
f 5074 5156 5073
f 5074 5157 5156
f 5075 5157 5074
f 5075 5158 5157
f 5076 5158 5075
f 5076 5159 5158
f 5077 5159 5076
f 5077 5160 5159
f 5078 5160 5077
f 5078 5161 5160
f 5079 5161 5078
f 5079 5162 5161
f 5080 5162 5079
f 5080 5163 5162
f 5081 5163 5080
f 5081 5164 5163
f 5082 5164 5081
f 5082 5165 5164
f 5083 5165 5082
f 5083 5166 5165
f 5084 5166 5083
f 5084 5167 5166
f 5085 5167 5084
f 5085 5168 5167
f 5086 5168 5085
f 5086 5169 5168
f 5087 5169 5086
f 5087 5170 5169
f 5088 5170 5087
f 5088 5171 5170
f 5089 5171 5088
f 5089 5172 5171
f 5090 5172 5089
f 5090 5173 5172
f 5091 5173 5090
f 5091 5174 5173
f 5093 5175 5092
f 5093 5176 5175
f 5094 5176 5093
f 5094 5177 5176
f 5095 5177 5094
f 5095 5178 5177
f 5096 5178 5095
f 5096 5179 5178
f 5099 5180 5098
f 5099 5181 5180
f 5100 5181 5099
f 5100 5182 5181
f 5101 5182 5100
f 5101 5183 5182
f 5102 5183 5101
f 5102 5184 5183
f 5103 5184 5102
f 5103 5185 5184
f 5104 5185 5103
f 5104 5186 5185
f 5105 5186 5104
f 5105 5187 5186
f 5106 5187 5105
f 5106 5188 5187
f 5107 5188 5106
f 5107 5189 5188
f 5108 5189 5107
f 5108 5190 5189
f 5109 5190 5108
f 5109 5191 5190
f 5110 5191 5109
f 5110 5192 5191
f 5111 5192 5110
f 5111 5193 5192
f 5112 5193 5111
f 5112 5194 5193
f 5113 5194 5112
f 5113 5195 5194
f 5114 5195 5113
f 5114 5196 5195
f 5115 5196 5114
f 5115 5197 5196
f 5116 5197 5115
f 5116 5198 5197
f 5117 5198 5116
f 5117 5199 5198
f 5118 5199 5117
f 5118 5200 5199
f 5119 5200 5118
f 5119 5201 5200
f 5120 5201 5119
f 5120 5202 5201
f 5121 5202 5120
f 5121 5203 5202
f 5122 5203 5121
f 5122 5204 5203
f 5123 5204 5122
f 5123 5205 5204
f 5124 5205 5123
f 5124 5206 5205
f 5125 5206 5124
f 5125 5207 5206
f 5126 5207 5125
f 5126 5208 5207
f 5127 5208 5126
f 5127 5209 5208
f 5128 5209 5127
f 5128 5210 5209
f 5129 5210 5128
f 5129 5211 5210
f 5130 5211 5129
f 5130 5212 5211
f 5131 5212 5130
f 5131 5213 5212
f 5132 5213 5131
f 5132 5214 5213
f 5133 5214 5132
f 5133 5215 5214
f 5134 5215 5133
f 5134 5216 5215
f 5135 5216 5134
f 5135 5217 5216
f 5136 5217 5135
f 5136 5218 5217
f 5137 5218 5136
f 5137 5219 5218
f 5138 5219 5137
f 5138 5220 5219
f 5139 5220 5138
f 5139 5221 5220
f 5140 5221 5139
f 5140 5222 5221
f 5141 5222 5140
f 5141 5223 5222
f 5142 5223 5141
f 5142 5224 5223
f 5143 5224 5142
f 5143 5225 5224
f 5144 5225 5143
f 5144 5226 5225
f 5145 5226 5144
f 5145 5227 5226
f 5146 5227 5145
f 5146 5228 5227
f 5147 5228 5146
f 5147 5229 5228
f 5148 5229 5147
f 5148 5230 5229
f 5149 5230 5148
f 5149 5231 5230
f 5150 5231 5149
f 5150 5232 5231
f 5151 5232 5150
f 5151 5233 5232
f 5152 5233 5151
f 5152 5234 5233
f 5153 5234 5152
f 5153 5235 5234
f 5154 5235 5153
f 5154 5236 5235
f 5155 5236 5154
f 5155 5237 5236
f 5156 5237 5155
f 5156 5238 5237
f 5157 5238 5156
f 5157 5239 5238
f 5158 5239 5157
f 5158 5240 5239
f 5159 5240 5158
f 5159 5241 5240
f 5160 5241 5159
f 5160 5242 5241
f 5161 5242 5160
f 5161 5243 5242
f 5162 5243 5161
f 5162 5244 5243
f 5163 5244 5162
f 5163 5245 5244
f 5164 5245 5163
f 5164 5246 5245
f 5165 5246 5164
f 5165 5247 5246
f 5166 5247 5165
f 5166 5248 5247
f 5167 5248 5166
f 5167 5249 5248
f 5168 5249 5167
f 5168 5250 5249
f 5169 5250 5168
f 5169 5251 5250
f 5170 5251 5169
f 5170 5252 5251
f 5171 5252 5170
f 5171 5253 5252
f 5172 5253 5171
f 5172 5254 5253
f 5173 5254 5172
f 5173 5255 5254
f 5174 5255 5173
f 5174 5256 5255
f 5176 5257 5175
f 5176 5258 5257
f 5177 5258 5176
f 5177 5259 5258
f 5178 5259 5177
f 5178 5260 5259
f 5179 5260 5178
f 5181 5261 5180
f 5181 5262 5261
f 5182 5262 5181
f 5182 5263 5262
f 5183 5263 5182
f 5183 5264 5263
f 5184 5264 5183
f 5184 5265 5264
f 5185 5265 5184
f 5185 5266 5265
f 5186 5266 5185
f 5186 5267 5266
f 5187 5267 5186
f 5187 5268 5267
f 5188 5268 5187
f 5188 5269 5268
f 5189 5269 5188
f 5189 5270 5269
f 5190 5270 5189
f 5190 5271 5270
f 5191 5271 5190
f 5191 5272 5271
f 5192 5272 5191
f 5192 5273 5272
f 5193 5273 5192
f 5193 5274 5273
f 5194 5274 5193
f 5194 5275 5274
f 5195 5275 5194
f 5195 5276 5275
f 5196 5276 5195
f 5196 5277 5276
f 5197 5277 5196
f 5197 5278 5277
f 5198 5278 5197
f 5198 5279 5278
f 5199 5279 5198
f 5199 5280 5279
f 5200 5280 5199
f 5200 5281 5280
f 5201 5281 5200
f 5201 5282 5281
f 5202 5282 5201
f 5202 5283 5282
f 5203 5283 5202
f 5203 5284 5283
f 5204 5284 5203
f 5204 5285 5284
f 5205 5285 5204
f 5205 5286 5285
f 5206 5286 5205
f 5206 5287 5286
f 5207 5287 5206
f 5207 5288 5287
f 5208 5288 5207
f 5208 5289 5288
f 5209 5289 5208
f 5209 5290 5289
f 5210 5290 5209
f 5210 5291 5290
f 5211 5291 5210
f 5211 5292 5291
f 5212 5292 5211
f 5212 5293 5292
f 5213 5293 5212
f 5213 5294 5293
f 5214 5294 5213
f 5214 5295 5294
f 5215 5295 5214
f 5215 5296 5295
f 5216 5296 5215
f 5216 5297 5296
f 5217 5297 5216
f 5217 5298 5297
f 5218 5298 5217
f 5218 5299 5298
f 5219 5299 5218
f 5219 5300 5299
f 5220 5300 5219
f 5220 5301 5300
f 5221 5301 5220
f 5221 5302 5301
f 5222 5302 5221
f 5222 5303 5302
f 5223 5303 5222
f 5223 5304 5303
f 5224 5304 5223
f 5224 5305 5304
f 5225 5305 5224
f 5225 5306 5305
f 5226 5306 5225
f 5226 5307 5306
f 5227 5307 5226
f 5227 5308 5307
f 5228 5308 5227
f 5228 5309 5308
f 5229 5309 5228
f 5229 5310 5309
f 5230 5310 5229
f 5230 5311 5310
f 5231 5311 5230
f 5231 5312 5311
f 5232 5312 5231
f 5232 5313 5312
f 5233 5313 5232
f 5233 5314 5313
f 5234 5314 5233
f 5234 5315 5314
f 5235 5315 5234
f 5235 5316 5315
f 5236 5316 5235
f 5236 5317 5316
f 5237 5317 5236
f 5237 5318 5317
f 5238 5318 5237
f 5238 5319 5318
f 5239 5319 5238
f 5239 5320 5319
f 5240 5320 5239
f 5240 5321 5320
f 5241 5321 5240
f 5241 5322 5321
f 5242 5322 5241
f 5242 5323 5322
f 5243 5323 5242
f 5243 5324 5323
f 5244 5324 5243
f 5244 5325 5324
f 5245 5325 5244
f 5245 5326 5325
f 5246 5326 5245
f 5246 5327 5326
f 5247 5327 5246
f 5247 5328 5327
f 5248 5328 5247
f 5248 5329 5328
f 5249 5329 5248
f 5249 5330 5329
f 5250 5330 5249
f 5250 5331 5330
f 5251 5331 5250
f 5251 5332 5331
f 5252 5332 5251
f 5252 5333 5332
f 5253 5333 5252
f 5253 5334 5333
f 5254 5334 5253
f 5254 5335 5334
f 5255 5335 5254
f 5255 5336 5335
f 5256 5336 5255
f 5256 5337 5336
f 5258 5338 5257
f 5258 5339 5338
f 5259 5339 5258
f 5259 5340 5339
f 5260 5340 5259
f 5260 5341 5340
f 5262 5342 5261
f 5262 5343 5342
f 5263 5343 5262
f 5263 5344 5343
f 5264 5344 5263
f 5264 5345 5344
f 5265 5345 5264
f 5265 5346 5345
f 5266 5346 5265
f 5266 5347 5346
f 5267 5347 5266
f 5267 5348 5347
f 5268 5348 5267
f 5268 5349 5348
f 5269 5349 5268
f 5269 5350 5349
f 5270 5350 5269
f 5270 5351 5350
f 5271 5351 5270
f 5271 5352 5351
f 5272 5352 5271
f 5272 5353 5352
f 5273 5353 5272
f 5273 5354 5353
f 5274 5354 5273
f 5274 5355 5354
f 5275 5355 5274
f 5275 5356 5355
f 5276 5356 5275
f 5276 5357 5356
f 5277 5357 5276
f 5277 5358 5357
f 5278 5358 5277
f 5278 5359 5358
f 5279 5359 5278
f 5279 5360 5359
f 5280 5360 5279
f 5280 5361 5360
f 5281 5361 5280
f 5281 5362 5361
f 5282 5362 5281
f 5282 5363 5362
f 5283 5363 5282
f 5283 5364 5363
f 5284 5364 5283
f 5284 5365 5364
f 5285 5365 5284
f 5285 5366 5365
f 5286 5366 5285
f 5286 5367 5366
f 5287 5367 5286
f 5287 5368 5367
f 5288 5368 5287
f 5288 5369 5368
f 5289 5369 5288
f 5289 5370 5369
f 5290 5370 5289
f 5290 5371 5370
f 5291 5371 5290
f 5291 5372 5371
f 5292 5372 5291
f 5292 5373 5372
f 5293 5373 5292
f 5293 5374 5373
f 5294 5374 5293
f 5294 5375 5374
f 5295 5375 5294
f 5295 5376 5375
f 5296 5376 5295
f 5296 5377 5376
f 5297 5377 5296
f 5297 5378 5377
f 5298 5378 5297
f 5298 5379 5378
f 5299 5379 5298
f 5299 5380 5379
f 5300 5380 5299
f 5300 5381 5380
f 5301 5381 5300
f 5301 5382 5381
f 5302 5382 5301
f 5302 5383 5382
f 5303 5383 5302
f 5303 5384 5383
f 5304 5384 5303
f 5304 5385 5384
f 5305 5385 5304
f 5305 5386 5385
f 5306 5386 5305
f 5306 5387 5386
f 5307 5387 5306
f 5307 5388 5387
f 5308 5388 5307
f 5308 5389 5388
f 5309 5389 5308
f 5309 5390 5389
f 5310 5390 5309
f 5310 5391 5390
f 5311 5391 5310
f 5311 5392 5391
f 5312 5392 5311
f 5312 5393 5392
f 5313 5393 5312
f 5313 5394 5393
f 5314 5394 5313
f 5314 5395 5394
f 5315 5395 5314
f 5315 5396 5395
f 5316 5396 5315
f 5316 5397 5396
f 5317 5397 5316
f 5317 5398 5397
f 5318 5398 5317
f 5318 5399 5398
f 5319 5399 5318
f 5319 5400 5399
f 5320 5400 5319
f 5320 5401 5400
f 5321 5401 5320
f 5321 5402 5401
f 5322 5402 5321
f 5322 5403 5402
f 5323 5403 5322
f 5323 5404 5403
f 5324 5404 5323
f 5324 5405 5404
f 5325 5405 5324
f 5325 5406 5405
f 5326 5406 5325
f 5326 5407 5406
f 5327 5407 5326
f 5327 5408 5407
f 5328 5408 5327
f 5328 5409 5408
f 5329 5409 5328
f 5329 5410 5409
f 5330 5410 5329
f 5330 5411 5410
f 5331 5411 5330
f 5331 5412 5411
f 5332 5412 5331
f 5332 5413 5412
f 5333 5413 5332
f 5333 5414 5413
f 5334 5414 5333
f 5334 5415 5414
f 5335 5415 5334
f 5335 5416 5415
f 5336 5416 5335
f 5336 5417 5416
f 5337 5417 5336
f 5337 5418 5417
f 5339 5419 5338
f 5339 5420 5419
f 5340 5420 5339
f 5340 5421 5420
f 5341 5421 5340
f 5344 5422 5343
f 5344 5423 5422
f 5345 5423 5344
f 5345 5424 5423
f 5346 5424 5345
f 5346 5425 5424
f 5347 5425 5346
f 5347 5426 5425
f 5348 5426 5347
f 5348 5427 5426
f 5349 5427 5348
f 5349 5428 5427
f 5350 5428 5349
f 5350 5429 5428
f 5351 5429 5350
f 5351 5430 5429
f 5352 5430 5351
f 5352 5431 5430
f 5353 5431 5352
f 5353 5432 5431
f 5354 5432 5353
f 5354 5433 5432
f 5355 5433 5354
f 5355 5434 5433
f 5356 5434 5355
f 5356 5435 5434
f 5357 5435 5356
f 5357 5436 5435
f 5358 5436 5357
f 5358 5437 5436
f 5359 5437 5358
f 5359 5438 5437
f 5360 5438 5359
f 5360 5439 5438
f 5361 5439 5360
f 5361 5440 5439
f 5362 5440 5361
f 5362 5441 5440
f 5363 5441 5362
f 5363 5442 5441
f 5364 5442 5363
f 5364 5443 5442
f 5365 5443 5364
f 5365 5444 5443
f 5366 5444 5365
f 5366 5445 5444
f 5367 5445 5366
f 5367 5446 5445
f 5368 5446 5367
f 5368 5447 5446
f 5369 5447 5368
f 5369 5448 5447
f 5370 5448 5369
f 5370 5449 5448
f 5371 5449 5370
f 5371 5450 5449
f 5372 5450 5371
f 5372 5451 5450
f 5373 5451 5372
f 5373 5452 5451
f 5374 5452 5373
f 5374 5453 5452
f 5375 5453 5374
f 5375 5454 5453
f 5376 5454 5375
f 5376 5455 5454
f 5377 5455 5376
f 5377 5456 5455
f 5378 5456 5377
f 5378 5457 5456
f 5379 5457 5378
f 5379 5458 5457
f 5380 5458 5379
f 5380 5459 5458
f 5381 5459 5380
f 5381 5460 5459
f 5382 5460 5381
f 5382 5461 5460
f 5383 5461 5382
f 5383 5462 5461
f 5384 5462 5383
f 5384 5463 5462
f 5385 5463 5384
f 5385 5464 5463
f 5386 5464 5385
f 5386 5465 5464
f 5387 5465 5386
f 5387 5466 5465
f 5388 5466 5387
f 5388 5467 5466
f 5389 5467 5388
f 5389 5468 5467
f 5390 5468 5389
f 5390 5469 5468
f 5391 5469 5390
f 5391 5470 5469
f 5392 5470 5391
f 5392 5471 5470
f 5393 5471 5392
f 5393 5472 5471
f 5394 5472 5393
f 5394 5473 5472
f 5395 5473 5394
f 5395 5474 5473
f 5396 5474 5395
f 5396 5475 5474
f 5397 5475 5396
f 5397 5476 5475
f 5398 5476 5397
f 5398 5477 5476
f 5399 5477 5398
f 5399 5478 5477
f 5400 5478 5399
f 5400 5479 5478
f 5401 5479 5400
f 5401 5480 5479
f 5402 5480 5401
f 5402 5481 5480
f 5403 5481 5402
f 5403 5482 5481
f 5404 5482 5403
f 5404 5483 5482
f 5405 5483 5404
f 5405 5484 5483
f 5406 5484 5405
f 5406 5485 5484
f 5407 5485 5406
f 5407 5486 5485
f 5408 5486 5407
f 5408 5487 5486
f 5409 5487 5408
f 5409 5488 5487
f 5410 5488 5409
f 5410 5489 5488
f 5411 5489 5410
f 5411 5490 5489
f 5412 5490 5411
f 5412 5491 5490
f 5413 5491 5412
f 5413 5492 5491
f 5414 5492 5413
f 5414 5493 5492
f 5415 5493 5414
f 5415 5494 5493
f 5416 5494 5415
f 5416 5495 5494
f 5417 5495 5416
f 5417 5496 5495
f 5418 5496 5417
f 5419 5498 5497
f 5420 5498 5419
f 5420 5499 5498
f 5421 5499 5420
f 5423 5500 5422
f 5423 5501 5500
f 5424 5501 5423
f 5424 5502 5501
f 5425 5502 5424
f 5425 5503 5502
f 5426 5503 5425
f 5426 5504 5503
f 5427 5504 5426
f 5427 5505 5504
f 5428 5505 5427
f 5428 5506 5505
f 5429 5506 5428
f 5429 5507 5506
f 5430 5507 5429
f 5430 5508 5507
f 5431 5508 5430
f 5431 5509 5508
f 5432 5509 5431
f 5432 5510 5509
f 5433 5510 5432
f 5433 5511 5510
f 5434 5511 5433
f 5434 5512 5511
f 5435 5512 5434
f 5435 5513 5512
f 5436 5513 5435
f 5436 5514 5513
f 5437 5514 5436
f 5437 5515 5514
f 5438 5515 5437
f 5438 5516 5515
f 5439 5516 5438
f 5439 5517 5516
f 5440 5517 5439
f 5440 5518 5517
f 5441 5518 5440
f 5441 5519 5518
f 5442 5519 5441
f 5442 5520 5519
f 5443 5520 5442
f 5443 5521 5520
f 5444 5521 5443
f 5444 5522 5521
f 5445 5522 5444
f 5445 5523 5522
f 5446 5523 5445
f 5446 5524 5523
f 5447 5524 5446
f 5447 5525 5524
f 5448 5525 5447
f 5448 5526 5525
f 5449 5526 5448
f 5449 5527 5526
f 5450 5527 5449
f 5450 5528 5527
f 5451 5528 5450
f 5451 5529 5528
f 5452 5529 5451
f 5452 5530 5529
f 5453 5530 5452
f 5453 5531 5530
f 5454 5531 5453
f 5454 5532 5531
f 5455 5532 5454
f 5455 5533 5532
f 5456 5533 5455
f 5456 5534 5533
f 5457 5534 5456
f 5457 5535 5534
f 5458 5535 5457
f 5458 5536 5535
f 5459 5536 5458
f 5459 5537 5536
f 5460 5537 5459
f 5460 5538 5537
f 5461 5538 5460
f 5461 5539 5538
f 5462 5539 5461
f 5462 5540 5539
f 5463 5540 5462
f 5463 5541 5540
f 5464 5541 5463
f 5464 5542 5541
f 5465 5542 5464
f 5465 5543 5542
f 5466 5543 5465
f 5466 5544 5543
f 5467 5544 5466
f 5467 5545 5544
f 5468 5545 5467
f 5468 5546 5545
f 5469 5546 5468
f 5469 5547 5546
f 5470 5547 5469
f 5470 5548 5547
f 5471 5548 5470
f 5471 5549 5548
f 5472 5549 5471
f 5472 5550 5549
f 5473 5550 5472
f 5473 5551 5550
f 5474 5551 5473
f 5474 5552 5551
f 5475 5552 5474
f 5475 5553 5552
f 5476 5553 5475
f 5476 5554 5553
f 5477 5554 5476
f 5477 5555 5554
f 5478 5555 5477
f 5478 5556 5555
f 5479 5556 5478
f 5479 5557 5556
f 5480 5557 5479
f 5480 5558 5557
f 5481 5558 5480
f 5481 5559 5558
f 5482 5559 5481
f 5482 5560 5559
f 5483 5560 5482
f 5483 5561 5560
f 5484 5561 5483
f 5484 5562 5561
f 5485 5562 5484
f 5485 5563 5562
f 5486 5563 5485
f 5486 5564 5563
f 5487 5564 5486
f 5487 5565 5564
f 5488 5565 5487
f 5488 5566 5565
f 5489 5566 5488
f 5489 5567 5566
f 5490 5567 5489
f 5490 5568 5567
f 5491 5568 5490
f 5491 5569 5568
f 5492 5569 5491
f 5492 5570 5569
f 5493 5570 5492
f 5493 5571 5570
f 5494 5571 5493
f 5494 5572 5571
f 5495 5572 5494
f 5495 5573 5572
f 5496 5573 5495
f 5496 5574 5573
f 5498 5575 5497
f 5498 5576 5575
f 5499 5576 5498
f 5499 5577 5576
f 5501 5578 5500
f 5501 5579 5578
f 5502 5579 5501
f 5502 5580 5579
f 5503 5580 5502
f 5503 5581 5580
f 5504 5581 5503
f 5504 5582 5581
f 5505 5582 5504
f 5505 5583 5582
f 5506 5583 5505
f 5506 5584 5583
f 5507 5584 5506
f 5507 5585 5584
f 5508 5585 5507
f 5508 5586 5585
f 5509 5586 5508
f 5509 5587 5586
f 5510 5587 5509
f 5510 5588 5587
f 5511 5588 5510
f 5511 5589 5588
f 5512 5589 5511
f 5512 5590 5589
f 5513 5590 5512
f 5513 5591 5590
f 5514 5591 5513
f 5514 5592 5591
f 5515 5592 5514
f 5515 5593 5592
f 5516 5593 5515
f 5516 5594 5593
f 5517 5594 5516
f 5517 5595 5594
f 5518 5595 5517
f 5518 5596 5595
f 5519 5596 5518
f 5519 5597 5596
f 5520 5597 5519
f 5520 5598 5597
f 5521 5598 5520
f 5521 5599 5598
f 5522 5599 5521
f 5522 5600 5599
f 5523 5600 5522
f 5523 5601 5600
f 5524 5601 5523
f 5524 5602 5601
f 5525 5602 5524
f 5525 5603 5602
f 5526 5603 5525
f 5526 5604 5603
f 5527 5604 5526
f 5527 5605 5604
f 5528 5605 5527
f 5528 5606 5605
f 5529 5606 5528
f 5529 5607 5606
f 5530 5607 5529
f 5530 5608 5607
f 5531 5608 5530
f 5531 5609 5608
f 5532 5609 5531
f 5532 5610 5609
f 5533 5610 5532
f 5533 5611 5610
f 5534 5611 5533
f 5534 5612 5611
f 5535 5612 5534
f 5535 5613 5612
f 5536 5613 5535
f 5536 5614 5613
f 5537 5614 5536
f 5537 5615 5614
f 5538 5615 5537
f 5538 5616 5615
f 5539 5616 5538
f 5539 5617 5616
f 5540 5617 5539
f 5540 5618 5617
f 5541 5618 5540
f 5541 5619 5618
f 5542 5619 5541
f 5542 5620 5619
f 5543 5620 5542
f 5543 5621 5620
f 5544 5621 5543
f 5544 5622 5621
f 5545 5622 5544
f 5545 5623 5622
f 5546 5623 5545
f 5546 5624 5623
f 5547 5624 5546
f 5547 5625 5624
f 5548 5625 5547
f 5548 5626 5625
f 5549 5626 5548
f 5549 5627 5626
f 5550 5627 5549
f 5550 5628 5627
f 5551 5628 5550
f 5551 5629 5628
f 5552 5629 5551
f 5552 5630 5629
f 5553 5630 5552
f 5553 5631 5630
f 5554 5631 5553
f 5554 5632 5631
f 5555 5632 5554
f 5555 5633 5632
f 5556 5633 5555
f 5556 5634 5633
f 5557 5634 5556
f 5557 5635 5634
f 5558 5635 5557
f 5558 5636 5635
f 5559 5636 5558
f 5559 5637 5636
f 5560 5637 5559
f 5560 5638 5637
f 5561 5638 5560
f 5561 5639 5638
f 5562 5639 5561
f 5562 5640 5639
f 5563 5640 5562
f 5563 5641 5640
f 5564 5641 5563
f 5564 5642 5641
f 5565 5642 5564
f 5565 5643 5642
f 5566 5643 5565
f 5566 5644 5643
f 5567 5644 5566
f 5567 5645 5644
f 5568 5645 5567
f 5568 5646 5645
f 5569 5646 5568
f 5569 5647 5646
f 5570 5647 5569
f 5570 5648 5647
f 5571 5648 5570
f 5571 5649 5648
f 5572 5649 5571
f 5572 5650 5649
f 5573 5650 5572
f 5573 5651 5650
f 5574 5651 5573
f 5574 5652 5651
f 5576 5653 5575
f 5576 5654 5653
f 5577 5654 5576
f 5579 5659 5578
f 5579 5660 5659
f 5580 5660 5579
f 5580 5661 5660
f 5581 5661 5580
f 5581 5662 5661
f 5582 5662 5581
f 5582 5663 5662
f 5583 5663 5582
f 5583 5664 5663
f 5584 5664 5583
f 5584 5665 5664
f 5585 5665 5584
f 5585 5666 5665
f 5586 5666 5585
f 5586 5667 5666
f 5587 5667 5586
f 5587 5668 5667
f 5588 5668 5587
f 5588 5669 5668
f 5589 5669 5588
f 5589 5670 5669
f 5590 5670 5589
f 5590 5671 5670
f 5591 5671 5590
f 5591 5672 5671
f 5592 5672 5591
f 5592 5673 5672
f 5593 5673 5592
f 5593 5674 5673
f 5594 5674 5593
f 5594 5675 5674
f 5595 5675 5594
f 5595 5676 5675
f 5596 5676 5595
f 5596 5677 5676
f 5597 5677 5596
f 5597 5678 5677
f 5598 5678 5597
f 5598 5679 5678
f 5599 5679 5598
f 5599 5680 5679
f 5600 5680 5599
f 5600 5681 5680
f 5601 5681 5600
f 5601 5682 5681
f 5602 5682 5601
f 5602 5683 5682
f 5603 5683 5602
f 5603 5684 5683
f 5604 5684 5603
f 5604 5685 5684
f 5605 5685 5604
f 5605 5686 5685
f 5606 5686 5605
f 5606 5687 5686
f 5607 5687 5606
f 5607 5688 5687
f 5608 5688 5607
f 5608 5689 5688
f 5609 5689 5608
f 5609 5690 5689
f 5610 5690 5609
f 5610 5691 5690
f 5611 5691 5610
f 5611 5692 5691
f 5612 5692 5611
f 5612 5693 5692
f 5613 5693 5612
f 5613 5694 5693
f 5614 5694 5613
f 5614 5695 5694
f 5615 5695 5614
f 5615 5696 5695
f 5616 5696 5615
f 5616 5697 5696
f 5617 5697 5616
f 5617 5698 5697
f 5618 5698 5617
f 5618 5699 5698
f 5619 5699 5618
f 5619 5700 5699
f 5620 5700 5619
f 5620 5701 5700
f 5621 5701 5620
f 5621 5702 5701
f 5622 5702 5621
f 5622 5703 5702
f 5623 5703 5622
f 5623 5704 5703
f 5624 5704 5623
f 5624 5705 5704
f 5625 5705 5624
f 5625 5706 5705
f 5626 5706 5625
f 5626 5707 5706
f 5627 5707 5626
f 5627 5708 5707
f 5628 5708 5627
f 5628 5709 5708
f 5629 5709 5628
f 5629 5710 5709
f 5630 5710 5629
f 5630 5711 5710
f 5631 5711 5630
f 5631 5712 5711
f 5632 5712 5631
f 5632 5713 5712
f 5633 5713 5632
f 5633 5714 5713
f 5634 5714 5633
f 5634 5715 5714
f 5635 5715 5634
f 5635 5716 5715
f 5636 5716 5635
f 5636 5717 5716
f 5637 5717 5636
f 5637 5718 5717
f 5638 5718 5637
f 5638 5719 5718
f 5639 5719 5638
f 5639 5720 5719
f 5640 5720 5639
f 5640 5721 5720
f 5641 5721 5640
f 5641 5722 5721
f 5642 5722 5641
f 5642 5723 5722
f 5643 5723 5642
f 5643 5724 5723
f 5644 5724 5643
f 5644 5725 5724
f 5645 5725 5644
f 5645 5726 5725
f 5646 5726 5645
f 5646 5727 5726
f 5647 5727 5646
f 5647 5728 5727
f 5648 5728 5647
f 5648 5729 5728
f 5649 5729 5648
f 5649 5730 5729
f 5650 5730 5649
f 5650 5731 5730
f 5651 5731 5650
f 5651 5732 5731
f 5652 5732 5651
f 5653 5734 5733
f 5654 5734 5653
f 5655 5738 5737
f 5656 5738 5655
f 5656 5739 5738
f 5657 5739 5656
f 5657 5740 5739
f 5658 5740 5657
f 5658 5741 5740
f 5663 5746 5662
f 5663 5747 5746
f 5664 5747 5663
f 5664 5748 5747
f 5665 5748 5664
f 5665 5749 5748
f 5666 5749 5665
f 5666 5750 5749
f 5667 5750 5666
f 5667 5751 5750
f 5668 5751 5667
f 5668 5752 5751
f 5669 5752 5668
f 5669 5753 5752
f 5670 5753 5669
f 5670 5754 5753
f 5671 5754 5670
f 5671 5755 5754
f 5672 5755 5671
f 5672 5756 5755
f 5673 5756 5672
f 5673 5757 5756
f 5674 5757 5673
f 5674 5758 5757
f 5675 5758 5674
f 5675 5759 5758
f 5676 5759 5675
f 5676 5760 5759
f 5677 5760 5676
f 5677 5761 5760
f 5678 5761 5677
f 5678 5762 5761
f 5679 5762 5678
f 5679 5763 5762
f 5680 5763 5679
f 5680 5764 5763
f 5681 5764 5680
f 5681 5765 5764
f 5682 5765 5681
f 5682 5766 5765
f 5683 5766 5682
f 5683 5767 5766
f 5684 5767 5683
f 5684 5768 5767
f 5685 5768 5684
f 5685 5769 5768
f 5686 5769 5685
f 5686 5770 5769
f 5687 5770 5686
f 5687 5771 5770
f 5688 5771 5687
f 5688 5772 5771
f 5689 5772 5688
f 5689 5773 5772
f 5690 5773 5689
f 5690 5774 5773
f 5691 5774 5690
f 5691 5775 5774
f 5692 5775 5691
f 5692 5776 5775
f 5693 5776 5692
f 5693 5777 5776
f 5694 5777 5693
f 5694 5778 5777
f 5695 5778 5694
f 5695 5779 5778
f 5696 5779 5695
f 5696 5780 5779
f 5697 5780 5696
f 5697 5781 5780
f 5698 5781 5697
f 5698 5782 5781
f 5699 5782 5698
f 5699 5783 5782
f 5700 5783 5699
f 5700 5784 5783
f 5701 5784 5700
f 5701 5785 5784
f 5702 5785 5701
f 5702 5786 5785
f 5703 5786 5702
f 5703 5787 5786
f 5704 5787 5703
f 5704 5788 5787
f 5705 5788 5704
f 5705 5789 5788
f 5706 5789 5705
f 5706 5790 5789
f 5707 5790 5706
f 5707 5791 5790
f 5708 5791 5707
f 5708 5792 5791
f 5709 5792 5708
f 5709 5793 5792
f 5710 5793 5709
f 5710 5794 5793
f 5711 5794 5710
f 5711 5795 5794
f 5712 5795 5711
f 5712 5796 5795
f 5713 5796 5712
f 5713 5797 5796
f 5714 5797 5713
f 5714 5798 5797
f 5715 5798 5714
f 5715 5799 5798
f 5716 5799 5715
f 5716 5800 5799
f 5717 5800 5716
f 5717 5801 5800
f 5718 5801 5717
f 5718 5802 5801
f 5719 5802 5718
f 5719 5803 5802
f 5720 5803 5719
f 5720 5804 5803
f 5721 5804 5720
f 5721 5805 5804
f 5722 5805 5721
f 5722 5806 5805
f 5723 5806 5722
f 5723 5807 5806
f 5724 5807 5723
f 5724 5808 5807
f 5725 5808 5724
f 5725 5809 5808
f 5726 5809 5725
f 5726 5810 5809
f 5727 5810 5726
f 5727 5811 5810
f 5728 5811 5727
f 5728 5812 5811
f 5729 5812 5728
f 5729 5813 5812
f 5730 5813 5729
f 5730 5814 5813
f 5731 5814 5730
f 5731 5815 5814
f 5732 5815 5731
f 5732 5816 5815
f 5734 5817 5733
f 5735 5819 5818
f 5736 5819 5735
f 5736 5820 5819
f 5737 5820 5736
f 5737 5821 5820
f 5738 5821 5737
f 5738 5822 5821
f 5739 5822 5738
f 5739 5823 5822
f 5740 5823 5739
f 5740 5824 5823
f 5741 5824 5740
f 5741 5825 5824
f 5742 5825 5741
f 5742 5826 5825
f 5743 5826 5742
f 5743 5827 5826
f 5744 5827 5743
f 5744 5828 5827
f 5745 5828 5744
f 5745 5829 5828
f 5749 5832 5748
f 5749 5833 5832
f 5750 5833 5749
f 5750 5834 5833
f 5751 5834 5750
f 5751 5835 5834
f 5752 5835 5751
f 5752 5836 5835
f 5753 5836 5752
f 5753 5837 5836
f 5754 5837 5753
f 5754 5838 5837
f 5755 5838 5754
f 5755 5839 5838
f 5756 5839 5755
f 5756 5840 5839
f 5757 5840 5756
f 5757 5841 5840
f 5758 5841 5757
f 5758 5842 5841
f 5759 5842 5758
f 5759 5843 5842
f 5760 5843 5759
f 5760 5844 5843
f 5761 5844 5760
f 5761 5845 5844
f 5762 5845 5761
f 5762 5846 5845
f 5763 5846 5762
f 5763 5847 5846
f 5764 5847 5763
f 5764 5848 5847
f 5765 5848 5764
f 5765 5849 5848
f 5766 5849 5765
f 5766 5850 5849
f 5767 5850 5766
f 5767 5851 5850
f 5768 5851 5767
f 5768 5852 5851
f 5769 5852 5768
f 5769 5853 5852
f 5770 5853 5769
f 5770 5854 5853
f 5771 5854 5770
f 5771 5855 5854
f 5772 5855 5771
f 5772 5856 5855
f 5773 5856 5772
f 5773 5857 5856
f 5774 5857 5773
f 5774 5858 5857
f 5775 5858 5774
f 5775 5859 5858
f 5776 5859 5775
f 5776 5860 5859
f 5777 5860 5776
f 5777 5861 5860
f 5778 5861 5777
f 5778 5862 5861
f 5779 5862 5778
f 5779 5863 5862
f 5780 5863 5779
f 5780 5864 5863
f 5781 5864 5780
f 5781 5865 5864
f 5782 5865 5781
f 5782 5866 5865
f 5783 5866 5782
f 5783 5867 5866
f 5784 5867 5783
f 5784 5868 5867
f 5785 5868 5784
f 5785 5869 5868
f 5786 5869 5785
f 5786 5870 5869
f 5787 5870 5786
f 5787 5871 5870
f 5788 5871 5787
f 5788 5872 5871
f 5789 5872 5788
f 5789 5873 5872
f 5790 5873 5789
f 5790 5874 5873
f 5791 5874 5790
f 5791 5875 5874
f 5792 5875 5791
f 5792 5876 5875
f 5793 5876 5792
f 5793 5877 5876
f 5794 5877 5793
f 5794 5878 5877
f 5795 5878 5794
f 5795 5879 5878
f 5796 5879 5795
f 5796 5880 5879
f 5797 5880 5796
f 5797 5881 5880
f 5798 5881 5797
f 5798 5882 5881
f 5799 5882 5798
f 5799 5883 5882
f 5800 5883 5799
f 5800 5884 5883
f 5801 5884 5800
f 5801 5885 5884
f 5802 5885 5801
f 5802 5886 5885
f 5803 5886 5802
f 5803 5887 5886
f 5804 5887 5803
f 5804 5888 5887
f 5805 5888 5804
f 5805 5889 5888
f 5806 5889 5805
f 5806 5890 5889
f 5807 5890 5806
f 5807 5891 5890
f 5808 5891 5807
f 5808 5892 5891
f 5809 5892 5808
f 5809 5893 5892
f 5810 5893 5809
f 5810 5894 5893
f 5811 5894 5810
f 5811 5895 5894
f 5812 5895 5811
f 5812 5896 5895
f 5813 5896 5812
f 5813 5897 5896
f 5814 5897 5813
f 5814 5898 5897
f 5815 5898 5814
f 5815 5899 5898
f 5816 5899 5815
f 5816 5900 5899
f 5818 5902 5901
f 5819 5902 5818
f 5819 5903 5902
f 5820 5903 5819
f 5820 5904 5903
f 5821 5904 5820
f 5821 5905 5904
f 5822 5905 5821
f 5822 5906 5905
f 5823 5906 5822
f 5823 5907 5906
f 5824 5907 5823
f 5824 5908 5907
f 5825 5908 5824
f 5825 5909 5908
f 5826 5909 5825
f 5826 5910 5909
f 5827 5910 5826
f 5827 5911 5910
f 5828 5911 5827
f 5828 5912 5911
f 5829 5912 5828
f 5829 5913 5912
f 5830 5913 5829
f 5830 5914 5913
f 5831 5914 5830
f 5831 5915 5914
f 5835 5919 5834
f 5835 5920 5919
f 5836 5920 5835
f 5836 5921 5920
f 5837 5921 5836
f 5837 5922 5921
f 5838 5922 5837
f 5838 5923 5922
f 5839 5923 5838
f 5839 5924 5923
f 5840 5924 5839
f 5840 5925 5924
f 5841 5925 5840
f 5841 5926 5925
f 5842 5926 5841
f 5842 5927 5926
f 5843 5927 5842
f 5843 5928 5927
f 5844 5928 5843
f 5844 5929 5928
f 5845 5929 5844
f 5845 5930 5929
f 5846 5930 5845
f 5846 5931 5930
f 5847 5931 5846
f 5847 5932 5931
f 5848 5932 5847
f 5848 5933 5932
f 5849 5933 5848
f 5849 5934 5933
f 5850 5934 5849
f 5850 5935 5934
f 5851 5935 5850
f 5851 5936 5935
f 5852 5936 5851
f 5852 5937 5936
f 5853 5937 5852
f 5853 5938 5937
f 5854 5938 5853
f 5854 5939 5938
f 5855 5939 5854
f 5855 5940 5939
f 5856 5940 5855
f 5856 5941 5940
f 5857 5941 5856
f 5857 5942 5941
f 5858 5942 5857
f 5858 5943 5942
f 5859 5943 5858
f 5859 5944 5943
f 5860 5944 5859
f 5860 5945 5944
f 5861 5945 5860
f 5861 5946 5945
f 5862 5946 5861
f 5862 5947 5946
f 5863 5947 5862
f 5863 5948 5947
f 5864 5948 5863
f 5864 5949 5948
f 5865 5949 5864
f 5865 5950 5949
f 5866 5950 5865
f 5866 5951 5950
f 5867 5951 5866
f 5867 5952 5951
f 5868 5952 5867
f 5868 5953 5952
f 5869 5953 5868
f 5869 5954 5953
f 5870 5954 5869
f 5870 5955 5954
f 5871 5955 5870
f 5871 5956 5955
f 5872 5956 5871
f 5872 5957 5956
f 5873 5957 5872
f 5873 5958 5957
f 5874 5958 5873
f 5874 5959 5958
f 5875 5959 5874
f 5875 5960 5959
f 5876 5960 5875
f 5876 5961 5960
f 5877 5961 5876
f 5877 5962 5961
f 5878 5962 5877
f 5878 5963 5962
f 5879 5963 5878
f 5879 5964 5963
f 5880 5964 5879
f 5880 5965 5964
f 5881 5965 5880
f 5881 5966 5965
f 5882 5966 5881
f 5882 5967 5966
f 5883 5967 5882
f 5883 5968 5967
f 5884 5968 5883
f 5884 5969 5968
f 5885 5969 5884
f 5885 5970 5969
f 5886 5970 5885
f 5886 5971 5970
f 5887 5971 5886
f 5887 5972 5971
f 5888 5972 5887
f 5888 5973 5972
f 5889 5973 5888
f 5889 5974 5973
f 5890 5974 5889
f 5890 5975 5974
f 5891 5975 5890
f 5891 5976 5975
f 5892 5976 5891
f 5892 5977 5976
f 5893 5977 5892
f 5893 5978 5977
f 5894 5978 5893
f 5894 5979 5978
f 5895 5979 5894
f 5895 5980 5979
f 5896 5980 5895
f 5896 5981 5980
f 5897 5981 5896
f 5897 5982 5981
f 5898 5982 5897
f 5898 5983 5982
f 5899 5983 5898
f 5899 5984 5983
f 5900 5984 5899
f 5901 5986 5985
f 5902 5986 5901
f 5902 5987 5986
f 5903 5987 5902
f 5903 5988 5987
f 5904 5988 5903
f 5904 5989 5988
f 5905 5989 5904
f 5905 5990 5989
f 5906 5990 5905
f 5906 5991 5990
f 5907 5991 5906
f 5907 5992 5991
f 5908 5992 5907
f 5908 5993 5992
f 5909 5993 5908
f 5909 5994 5993
f 5910 5994 5909
f 5910 5995 5994
f 5911 5995 5910
f 5911 5996 5995
f 5912 5996 5911
f 5912 5997 5996
f 5913 5997 5912
f 5913 5998 5997
f 5914 5998 5913
f 5914 5999 5998
f 5915 5999 5914
f 5915 6000 5999
f 5916 6000 5915
f 5916 6001 6000
f 5917 6001 5916
f 5917 6002 6001
f 5918 6002 5917
f 5918 6003 6002
f 5922 6005 5921
f 5922 6006 6005
f 5923 6006 5922
f 5923 6007 6006
f 5924 6007 5923
f 5924 6008 6007
f 5925 6008 5924
f 5925 6009 6008
f 5926 6009 5925
f 5926 6010 6009
f 5927 6010 5926
f 5927 6011 6010
f 5928 6011 5927
f 5928 6012 6011
f 5929 6012 5928
f 5929 6013 6012
f 5930 6013 5929
f 5930 6014 6013
f 5931 6014 5930
f 5931 6015 6014
f 5932 6015 5931
f 5932 6016 6015
f 5933 6016 5932
f 5933 6017 6016
f 5934 6017 5933
f 5934 6018 6017
f 5935 6018 5934
f 5935 6019 6018
f 5936 6019 5935
f 5936 6020 6019
f 5937 6020 5936
f 5937 6021 6020
f 5938 6021 5937
f 5938 6022 6021
f 5939 6022 5938
f 5939 6023 6022
f 5940 6023 5939
f 5940 6024 6023
f 5941 6024 5940
f 5941 6025 6024
f 5942 6025 5941
f 5942 6026 6025
f 5943 6026 5942
f 5943 6027 6026
f 5944 6027 5943
f 5944 6028 6027
f 5945 6028 5944
f 5945 6029 6028
f 5946 6029 5945
f 5946 6030 6029
f 5947 6030 5946
f 5947 6031 6030
f 5948 6031 5947
f 5948 6032 6031
f 5949 6032 5948
f 5949 6033 6032
f 5950 6033 5949
f 5950 6034 6033
f 5951 6034 5950
f 5951 6035 6034
f 5952 6035 5951
f 5952 6036 6035
f 5953 6036 5952
f 5953 6037 6036
f 5954 6037 5953
f 5954 6038 6037
f 5955 6038 5954
f 5955 6039 6038
f 5956 6039 5955
f 5956 6040 6039
f 5957 6040 5956
f 5957 6041 6040
f 5958 6041 5957
f 5958 6042 6041
f 5959 6042 5958
f 5959 6043 6042
f 5960 6043 5959
f 5960 6044 6043
f 5961 6044 5960
f 5961 6045 6044
f 5962 6045 5961
f 5962 6046 6045
f 5963 6046 5962
f 5963 6047 6046
f 5964 6047 5963
f 5964 6048 6047
f 5965 6048 5964
f 5965 6049 6048
f 5966 6049 5965
f 5966 6050 6049
f 5967 6050 5966
f 5967 6051 6050
f 5968 6051 5967
f 5968 6052 6051
f 5969 6052 5968
f 5969 6053 6052
f 5970 6053 5969
f 5970 6054 6053
f 5971 6054 5970
f 5971 6055 6054
f 5972 6055 5971
f 5972 6056 6055
f 5973 6056 5972
f 5973 6057 6056
f 5974 6057 5973
f 5974 6058 6057
f 5975 6058 5974
f 5975 6059 6058
f 5976 6059 5975
f 5976 6060 6059
f 5977 6060 5976
f 5977 6061 6060
f 5978 6061 5977
f 5978 6062 6061
f 5979 6062 5978
f 5979 6063 6062
f 5980 6063 5979
f 5980 6064 6063
f 5981 6064 5980
f 5981 6065 6064
f 5982 6065 5981
f 5982 6066 6065
f 5983 6066 5982
f 5983 6067 6066
f 5984 6067 5983
f 5984 6068 6067
f 5986 6069 5985
f 5986 6070 6069
f 5987 6070 5986
f 5987 6071 6070
f 5988 6071 5987
f 5988 6072 6071
f 5989 6072 5988
f 5989 6073 6072
f 5990 6073 5989
f 5990 6074 6073
f 5991 6074 5990
f 5991 6075 6074
f 5992 6075 5991
f 5992 6076 6075
f 5993 6076 5992
f 5993 6077 6076
f 5994 6077 5993
f 5994 6078 6077
f 5995 6078 5994
f 5995 6079 6078
f 5996 6079 5995
f 5996 6080 6079
f 5997 6080 5996
f 5997 6081 6080
f 5998 6081 5997
f 5998 6082 6081
f 5999 6082 5998
f 5999 6083 6082
f 6000 6083 5999
f 6000 6084 6083
f 6001 6084 6000
f 6001 6085 6084
f 6002 6085 6001
f 6002 6086 6085
f 6003 6086 6002
f 6003 6087 6086
f 6004 6087 6003
f 6004 6088 6087
f 6007 6091 6006
f 6007 6092 6091
f 6008 6092 6007
f 6008 6093 6092
f 6009 6093 6008
f 6009 6094 6093
f 6010 6094 6009
f 6010 6095 6094
f 6011 6095 6010
f 6011 6096 6095
f 6012 6096 6011
f 6012 6097 6096
f 6013 6097 6012
f 6013 6098 6097
f 6014 6098 6013
f 6014 6099 6098
f 6015 6099 6014
f 6015 6100 6099
f 6016 6100 6015
f 6016 6101 6100
f 6017 6101 6016
f 6017 6102 6101
f 6018 6102 6017
f 6018 6103 6102
f 6019 6103 6018
f 6019 6104 6103
f 6020 6104 6019
f 6020 6105 6104
f 6021 6105 6020
f 6021 6106 6105
f 6022 6106 6021
f 6022 6107 6106
f 6023 6107 6022
f 6023 6108 6107
f 6024 6108 6023
f 6024 6109 6108
f 6025 6109 6024
f 6025 6110 6109
f 6026 6110 6025
f 6026 6111 6110
f 6027 6111 6026
f 6027 6112 6111
f 6028 6112 6027
f 6028 6113 6112
f 6029 6113 6028
f 6029 6114 6113
f 6030 6114 6029
f 6030 6115 6114
f 6031 6115 6030
f 6031 6116 6115
f 6032 6116 6031
f 6032 6117 6116
f 6033 6117 6032
f 6033 6118 6117
f 6034 6118 6033
f 6034 6119 6118
f 6035 6119 6034
f 6035 6120 6119
f 6036 6120 6035
f 6036 6121 6120
f 6037 6121 6036
f 6037 6122 6121
f 6038 6122 6037
f 6038 6123 6122
f 6039 6123 6038
f 6039 6124 6123
f 6040 6124 6039
f 6040 6125 6124
f 6041 6125 6040
f 6041 6126 6125
f 6042 6126 6041
f 6042 6127 6126
f 6043 6127 6042
f 6043 6128 6127
f 6044 6128 6043
f 6044 6129 6128
f 6045 6129 6044
f 6045 6130 6129
f 6046 6130 6045
f 6046 6131 6130
f 6047 6131 6046
f 6047 6132 6131
f 6048 6132 6047
f 6048 6133 6132
f 6049 6133 6048
f 6049 6134 6133
f 6050 6134 6049
f 6050 6135 6134
f 6051 6135 6050
f 6051 6136 6135
f 6052 6136 6051
f 6052 6137 6136
f 6053 6137 6052
f 6053 6138 6137
f 6054 6138 6053
f 6054 6139 6138
f 6055 6139 6054
f 6055 6140 6139
f 6056 6140 6055
f 6056 6141 6140
f 6057 6141 6056
f 6057 6142 6141
f 6058 6142 6057
f 6058 6143 6142
f 6059 6143 6058
f 6059 6144 6143
f 6060 6144 6059
f 6060 6145 6144
f 6061 6145 6060
f 6061 6146 6145
f 6062 6146 6061
f 6062 6147 6146
f 6063 6147 6062
f 6063 6148 6147
f 6064 6148 6063
f 6064 6149 6148
f 6065 6149 6064
f 6065 6150 6149
f 6066 6150 6065
f 6066 6151 6150
f 6067 6151 6066
f 6067 6152 6151
f 6068 6152 6067
f 6070 6153 6069
f 6070 6154 6153
f 6071 6154 6070
f 6071 6155 6154
f 6072 6155 6071
f 6072 6156 6155
f 6073 6156 6072
f 6073 6157 6156
f 6074 6157 6073
f 6074 6158 6157
f 6075 6158 6074
f 6075 6159 6158
f 6076 6159 6075
f 6076 6160 6159
f 6077 6160 6076
f 6077 6161 6160
f 6078 6161 6077
f 6078 6162 6161
f 6079 6162 6078
f 6079 6163 6162
f 6080 6163 6079
f 6080 6164 6163
f 6081 6164 6080
f 6081 6165 6164
f 6082 6165 6081
f 6082 6166 6165
f 6083 6166 6082
f 6083 6167 6166
f 6084 6167 6083
f 6084 6168 6167
f 6085 6168 6084
f 6085 6169 6168
f 6086 6169 6085
f 6086 6170 6169
f 6087 6170 6086
f 6087 6171 6170
f 6088 6171 6087
f 6088 6172 6171
f 6089 6172 6088
f 6089 6173 6172
f 6090 6173 6089
f 6090 6174 6173
f 6093 6176 6092
f 6093 6177 6176
f 6094 6177 6093
f 6094 6178 6177
f 6095 6178 6094
f 6095 6179 6178
f 6096 6179 6095
f 6096 6180 6179
f 6097 6180 6096
f 6097 6181 6180
f 6098 6181 6097
f 6098 6182 6181
f 6099 6182 6098
f 6099 6183 6182
f 6100 6183 6099
f 6100 6184 6183
f 6101 6184 6100
f 6101 6185 6184
f 6102 6185 6101
f 6102 6186 6185
f 6103 6186 6102
f 6103 6187 6186
f 6104 6187 6103
f 6104 6188 6187
f 6105 6188 6104
f 6105 6189 6188
f 6106 6189 6105
f 6106 6190 6189
f 6107 6190 6106
f 6107 6191 6190
f 6108 6191 6107
f 6108 6192 6191
f 6109 6192 6108
f 6109 6193 6192
f 6110 6193 6109
f 6110 6194 6193
f 6111 6194 6110
f 6111 6195 6194
f 6112 6195 6111
f 6112 6196 6195
f 6113 6196 6112
f 6113 6197 6196
f 6114 6197 6113
f 6114 6198 6197
f 6115 6198 6114
f 6115 6199 6198
f 6116 6199 6115
f 6116 6200 6199
f 6117 6200 6116
f 6117 6201 6200
f 6118 6201 6117
f 6118 6202 6201
f 6119 6202 6118
f 6119 6203 6202
f 6120 6203 6119
f 6120 6204 6203
f 6121 6204 6120
f 6121 6205 6204
f 6122 6205 6121
f 6122 6206 6205
f 6123 6206 6122
f 6123 6207 6206
f 6124 6207 6123
f 6124 6208 6207
f 6125 6208 6124
f 6125 6209 6208
f 6126 6209 6125
f 6126 6210 6209
f 6127 6210 6126
f 6127 6211 6210
f 6128 6211 6127
f 6128 6212 6211
f 6129 6212 6128
f 6129 6213 6212
f 6130 6213 6129
f 6130 6214 6213
f 6131 6214 6130
f 6131 6215 6214
f 6132 6215 6131
f 6132 6216 6215
f 6133 6216 6132
f 6133 6217 6216
f 6134 6217 6133
f 6134 6218 6217
f 6135 6218 6134
f 6135 6219 6218
f 6136 6219 6135
f 6136 6220 6219
f 6137 6220 6136
f 6137 6221 6220
f 6138 6221 6137
f 6138 6222 6221
f 6139 6222 6138
f 6139 6223 6222
f 6140 6223 6139
f 6140 6224 6223
f 6141 6224 6140
f 6141 6225 6224
f 6142 6225 6141
f 6142 6226 6225
f 6143 6226 6142
f 6143 6227 6226
f 6144 6227 6143
f 6144 6228 6227
f 6145 6228 6144
f 6145 6229 6228
f 6146 6229 6145
f 6146 6230 6229
f 6147 6230 6146
f 6147 6231 6230
f 6148 6231 6147
f 6148 6232 6231
f 6149 6232 6148
f 6149 6233 6232
f 6150 6233 6149
f 6150 6234 6233
f 6151 6234 6150
f 6151 6235 6234
f 6152 6235 6151
f 6152 6236 6235
f 6153 6238 6237
f 6154 6238 6153
f 6154 6239 6238
f 6155 6239 6154
f 6155 6240 6239
f 6156 6240 6155
f 6156 6241 6240
f 6157 6241 6156
f 6157 6242 6241
f 6158 6242 6157
f 6158 6243 6242
f 6159 6243 6158
f 6159 6244 6243
f 6160 6244 6159
f 6160 6245 6244
f 6161 6245 6160
f 6161 6246 6245
f 6162 6246 6161
f 6162 6247 6246
f 6163 6247 6162
f 6163 6248 6247
f 6164 6248 6163
f 6164 6249 6248
f 6165 6249 6164
f 6165 6250 6249
f 6166 6250 6165
f 6166 6251 6250
f 6167 6251 6166
f 6167 6252 6251
f 6168 6252 6167
f 6168 6253 6252
f 6169 6253 6168
f 6169 6254 6253
f 6170 6254 6169
f 6170 6255 6254
f 6171 6255 6170
f 6171 6256 6255
f 6172 6256 6171
f 6172 6257 6256
f 6173 6257 6172
f 6173 6258 6257
f 6174 6258 6173
f 6174 6259 6258
f 6175 6259 6174
f 6175 6260 6259
f 6176 6261 6260
f 6178 6262 6177
f 6178 6263 6262
f 6179 6263 6178
f 6179 6264 6263
f 6180 6264 6179
f 6180 6265 6264
f 6181 6265 6180
f 6181 6266 6265
f 6182 6266 6181
f 6182 6267 6266
f 6183 6267 6182
f 6183 6268 6267
f 6184 6268 6183
f 6184 6269 6268
f 6185 6269 6184
f 6185 6270 6269
f 6186 6270 6185
f 6186 6271 6270
f 6187 6271 6186
f 6187 6272 6271
f 6188 6272 6187
f 6188 6273 6272
f 6189 6273 6188
f 6189 6274 6273
f 6190 6274 6189
f 6190 6275 6274
f 6191 6275 6190
f 6191 6276 6275
f 6192 6276 6191
f 6192 6277 6276
f 6193 6277 6192
f 6193 6278 6277
f 6194 6278 6193
f 6194 6279 6278
f 6195 6279 6194
f 6195 6280 6279
f 6196 6280 6195
f 6196 6281 6280
f 6197 6281 6196
f 6197 6282 6281
f 6198 6282 6197
f 6198 6283 6282
f 6199 6283 6198
f 6199 6284 6283
f 6200 6284 6199
f 6200 6285 6284
f 6201 6285 6200
f 6201 6286 6285
f 6202 6286 6201
f 6202 6287 6286
f 6203 6287 6202
f 6203 6288 6287
f 6204 6288 6203
f 6204 6289 6288
f 6205 6289 6204
f 6205 6290 6289
f 6206 6290 6205
f 6206 6291 6290
f 6207 6291 6206
f 6207 6292 6291
f 6208 6292 6207
f 6208 6293 6292
f 6209 6293 6208
f 6209 6294 6293
f 6210 6294 6209
f 6210 6295 6294
f 6211 6295 6210
f 6211 6296 6295
f 6212 6296 6211
f 6212 6297 6296
f 6213 6297 6212
f 6213 6298 6297
f 6214 6298 6213
f 6214 6299 6298
f 6215 6299 6214
f 6215 6300 6299
f 6216 6300 6215
f 6216 6301 6300
f 6217 6301 6216
f 6217 6302 6301
f 6218 6302 6217
f 6218 6303 6302
f 6219 6303 6218
f 6219 6304 6303
f 6220 6304 6219
f 6220 6305 6304
f 6221 6305 6220
f 6221 6306 6305
f 6222 6306 6221
f 6222 6307 6306
f 6223 6307 6222
f 6223 6308 6307
f 6224 6308 6223
f 6224 6309 6308
f 6225 6309 6224
f 6225 6310 6309
f 6226 6310 6225
f 6226 6311 6310
f 6227 6311 6226
f 6227 6312 6311
f 6228 6312 6227
f 6228 6313 6312
f 6229 6313 6228
f 6229 6314 6313
f 6230 6314 6229
f 6230 6315 6314
f 6231 6315 6230
f 6231 6316 6315
f 6232 6316 6231
f 6232 6317 6316
f 6233 6317 6232
f 6233 6318 6317
f 6234 6318 6233
f 6234 6319 6318
f 6235 6319 6234
f 6235 6320 6319
f 6236 6320 6235
f 6236 6321 6320
f 6238 6322 6237
f 6238 6323 6322
f 6239 6323 6238
f 6239 6324 6323
f 6240 6324 6239
f 6240 6325 6324
f 6241 6325 6240
f 6241 6326 6325
f 6242 6326 6241
f 6242 6327 6326
f 6243 6327 6242
f 6243 6328 6327
f 6244 6328 6243
f 6244 6329 6328
f 6245 6329 6244
f 6245 6330 6329
f 6246 6330 6245
f 6246 6331 6330
f 6247 6331 6246
f 6247 6332 6331
f 6248 6332 6247
f 6248 6333 6332
f 6249 6333 6248
f 6249 6334 6333
f 6250 6334 6249
f 6250 6335 6334
f 6251 6335 6250
f 6251 6336 6335
f 6252 6336 6251
f 6252 6337 6336
f 6253 6337 6252
f 6253 6338 6337
f 6254 6338 6253
f 6254 6339 6338
f 6255 6339 6254
f 6255 6340 6339
f 6256 6340 6255
f 6256 6341 6340
f 6257 6341 6256
f 6257 6342 6341
f 6258 6342 6257
f 6258 6343 6342
f 6259 6343 6258
f 6259 6344 6343
f 6260 6344 6259
f 6260 6345 6344
f 6261 6345 6260
f 6261 6346 6345
f 6262 6347 6346
f 6263 6347 6262
f 6263 6348 6347
f 6264 6348 6263
f 6264 6349 6348
f 6265 6349 6264
f 6265 6350 6349
f 6266 6350 6265
f 6266 6351 6350
f 6267 6351 6266
f 6267 6352 6351
f 6268 6352 6267
f 6268 6353 6352
f 6269 6353 6268
f 6269 6354 6353
f 6270 6354 6269
f 6270 6355 6354
f 6271 6355 6270
f 6271 6356 6355
f 6272 6356 6271
f 6272 6357 6356
f 6273 6357 6272
f 6273 6358 6357
f 6274 6358 6273
f 6274 6359 6358
f 6275 6359 6274
f 6275 6360 6359
f 6276 6360 6275
f 6276 6361 6360
f 6277 6361 6276
f 6277 6362 6361
f 6278 6362 6277
f 6278 6363 6362
f 6279 6363 6278
f 6279 6364 6363
f 6280 6364 6279
f 6280 6365 6364
f 6281 6365 6280
f 6281 6366 6365
f 6282 6366 6281
f 6282 6367 6366
f 6283 6367 6282
f 6283 6368 6367
f 6284 6368 6283
f 6284 6369 6368
f 6285 6369 6284
f 6285 6370 6369
f 6286 6370 6285
f 6286 6371 6370
f 6287 6371 6286
f 6287 6372 6371
f 6288 6372 6287
f 6288 6373 6372
f 6289 6373 6288
f 6289 6374 6373
f 6290 6374 6289
f 6290 6375 6374
f 6291 6375 6290
f 6291 6376 6375
f 6292 6376 6291
f 6292 6377 6376
f 6293 6377 6292
f 6293 6378 6377
f 6294 6378 6293
f 6294 6379 6378
f 6295 6379 6294
f 6295 6380 6379
f 6296 6380 6295
f 6296 6381 6380
f 6297 6381 6296
f 6297 6382 6381
f 6298 6382 6297
f 6298 6383 6382
f 6299 6383 6298
f 6299 6384 6383
f 6300 6384 6299
f 6300 6385 6384
f 6301 6385 6300
f 6301 6386 6385
f 6302 6386 6301
f 6302 6387 6386
f 6303 6387 6302
f 6303 6388 6387
f 6304 6388 6303
f 6304 6389 6388
f 6305 6389 6304
f 6305 6390 6389
f 6306 6390 6305
f 6306 6391 6390
f 6307 6391 6306
f 6307 6392 6391
f 6308 6392 6307
f 6308 6393 6392
f 6309 6393 6308
f 6309 6394 6393
f 6310 6394 6309
f 6310 6395 6394
f 6311 6395 6310
f 6311 6396 6395
f 6312 6396 6311
f 6312 6397 6396
f 6313 6397 6312
f 6313 6398 6397
f 6314 6398 6313
f 6314 6399 6398
f 6315 6399 6314
f 6315 6400 6399
f 6316 6400 6315
f 6316 6401 6400
f 6317 6401 6316
f 6317 6402 6401
f 6318 6402 6317
f 6318 6403 6402
f 6319 6403 6318
f 6319 6404 6403
f 6320 6404 6319
f 6320 6405 6404
f 6321 6405 6320
f 6323 6406 6322
f 6323 6407 6406
f 6324 6407 6323
f 6324 6408 6407
f 6325 6408 6324
f 6325 6409 6408
f 6326 6409 6325
f 6326 6410 6409
f 6327 6410 6326
f 6327 6411 6410
f 6328 6411 6327
f 6328 6412 6411
f 6329 6412 6328
f 6329 6413 6412
f 6330 6413 6329
f 6330 6414 6413
f 6331 6414 6330
f 6331 6415 6414
f 6332 6415 6331
f 6332 6416 6415
f 6333 6416 6332
f 6333 6417 6416
f 6334 6417 6333
f 6334 6418 6417
f 6335 6418 6334
f 6335 6419 6418
f 6336 6419 6335
f 6336 6420 6419
f 6337 6420 6336
f 6337 6421 6420
f 6338 6421 6337
f 6338 6422 6421
f 6339 6422 6338
f 6339 6423 6422
f 6340 6423 6339
f 6340 6424 6423
f 6341 6424 6340
f 6341 6425 6424
f 6342 6425 6341
f 6342 6426 6425
f 6343 6426 6342
f 6343 6427 6426
f 6344 6427 6343
f 6344 6428 6427
f 6345 6428 6344
f 6345 6429 6428
f 6346 6429 6345
f 6346 6430 6429
f 6347 6430 6346
f 6347 6431 6430
f 6348 6431 6347
f 6348 6432 6431
f 6349 6432 6348
f 6349 6433 6432
f 6350 6433 6349
f 6350 6434 6433
f 6351 6434 6350
f 6351 6435 6434
f 6352 6435 6351
f 6352 6436 6435
f 6353 6436 6352
f 6353 6437 6436
f 6354 6437 6353
f 6354 6438 6437
f 6355 6438 6354
f 6355 6439 6438
f 6356 6439 6355
f 6356 6440 6439
f 6357 6440 6356
f 6357 6441 6440
f 6358 6441 6357
f 6358 6442 6441
f 6359 6442 6358
f 6359 6443 6442
f 6360 6443 6359
f 6360 6444 6443
f 6361 6444 6360
f 6361 6445 6444
f 6362 6445 6361
f 6362 6446 6445
f 6363 6446 6362
f 6363 6447 6446
f 6364 6447 6363
f 6364 6448 6447
f 6365 6448 6364
f 6365 6449 6448
f 6366 6449 6365
f 6366 6450 6449
f 6367 6450 6366
f 6367 6451 6450
f 6368 6451 6367
f 6368 6452 6451
f 6369 6452 6368
f 6369 6453 6452
f 6370 6453 6369
f 6370 6454 6453
f 6371 6454 6370
f 6371 6455 6454
f 6372 6455 6371
f 6372 6456 6455
f 6373 6456 6372
f 6373 6457 6456
f 6374 6457 6373
f 6374 6458 6457
f 6375 6458 6374
f 6375 6459 6458
f 6376 6459 6375
f 6376 6460 6459
f 6377 6460 6376
f 6377 6461 6460
f 6378 6461 6377
f 6378 6462 6461
f 6379 6462 6378
f 6379 6463 6462
f 6380 6463 6379
f 6380 6464 6463
f 6381 6464 6380
f 6381 6465 6464
f 6382 6465 6381
f 6382 6466 6465
f 6383 6466 6382
f 6383 6467 6466
f 6384 6467 6383
f 6384 6468 6467
f 6385 6468 6384
f 6385 6469 6468
f 6386 6469 6385
f 6386 6470 6469
f 6387 6470 6386
f 6387 6471 6470
f 6388 6471 6387
f 6388 6472 6471
f 6389 6472 6388
f 6389 6473 6472
f 6390 6473 6389
f 6390 6474 6473
f 6391 6474 6390
f 6391 6475 6474
f 6392 6475 6391
f 6392 6476 6475
f 6393 6476 6392
f 6393 6477 6476
f 6394 6477 6393
f 6394 6478 6477
f 6395 6478 6394
f 6395 6479 6478
f 6396 6479 6395
f 6396 6480 6479
f 6397 6480 6396
f 6397 6481 6480
f 6398 6481 6397
f 6398 6482 6481
f 6399 6482 6398
f 6399 6483 6482
f 6400 6483 6399
f 6400 6484 6483
f 6401 6484 6400
f 6401 6485 6484
f 6402 6485 6401
f 6402 6486 6485
f 6403 6486 6402
f 6403 6487 6486
f 6404 6487 6403
f 6404 6488 6487
f 6405 6488 6404
f 6405 6489 6488
f 6407 6490 6406
f 6407 6491 6490
f 6408 6491 6407
f 6408 6492 6491
f 6409 6492 6408
f 6409 6493 6492
f 6410 6493 6409
f 6410 6494 6493
f 6411 6494 6410
f 6411 6495 6494
f 6412 6495 6411
f 6412 6496 6495
f 6413 6496 6412
f 6413 6497 6496
f 6414 6497 6413
f 6414 6498 6497
f 6415 6498 6414
f 6415 6499 6498
f 6416 6499 6415
f 6416 6500 6499
f 6417 6500 6416
f 6417 6501 6500
f 6418 6501 6417
f 6418 6502 6501
f 6419 6502 6418
f 6419 6503 6502
f 6420 6503 6419
f 6420 6504 6503
f 6421 6504 6420
f 6421 6505 6504
f 6422 6505 6421
f 6422 6506 6505
f 6423 6506 6422
f 6423 6507 6506
f 6424 6507 6423
f 6424 6508 6507
f 6425 6508 6424
f 6425 6509 6508
f 6426 6509 6425
f 6426 6510 6509
f 6427 6510 6426
f 6427 6511 6510
f 6428 6511 6427
f 6428 6512 6511
f 6429 6512 6428
f 6429 6513 6512
f 6430 6513 6429
f 6430 6514 6513
f 6431 6514 6430
f 6431 6515 6514
f 6432 6515 6431
f 6432 6516 6515
f 6433 6516 6432
f 6434 6517 6433
f 6434 6518 6517
f 6435 6518 6434
f 6435 6519 6518
f 6436 6519 6435
f 6436 6520 6519
f 6437 6520 6436
f 6437 6521 6520
f 6438 6521 6437
f 6438 6522 6521
f 6439 6522 6438
f 6439 6523 6522
f 6440 6523 6439
f 6440 6524 6523
f 6441 6524 6440
f 6441 6525 6524
f 6442 6525 6441
f 6442 6526 6525
f 6443 6526 6442
f 6443 6527 6526
f 6444 6527 6443
f 6444 6528 6527
f 6445 6528 6444
f 6445 6529 6528
f 6446 6529 6445
f 6446 6530 6529
f 6447 6530 6446
f 6447 6531 6530
f 6448 6531 6447
f 6448 6532 6531
f 6449 6532 6448
f 6449 6533 6532
f 6450 6533 6449
f 6450 6534 6533
f 6451 6534 6450
f 6451 6535 6534
f 6452 6535 6451
f 6452 6536 6535
f 6453 6536 6452
f 6453 6537 6536
f 6454 6537 6453
f 6454 6538 6537
f 6455 6538 6454
f 6455 6539 6538
f 6456 6539 6455
f 6456 6540 6539
f 6457 6540 6456
f 6457 6541 6540
f 6458 6541 6457
f 6458 6542 6541
f 6459 6542 6458
f 6459 6543 6542
f 6460 6543 6459
f 6460 6544 6543
f 6461 6544 6460
f 6461 6545 6544
f 6462 6545 6461
f 6462 6546 6545
f 6463 6546 6462
f 6463 6547 6546
f 6464 6547 6463
f 6464 6548 6547
f 6465 6548 6464
f 6465 6549 6548
f 6466 6549 6465
f 6466 6550 6549
f 6467 6550 6466
f 6467 6551 6550
f 6468 6551 6467
f 6468 6552 6551
f 6469 6552 6468
f 6469 6553 6552
f 6470 6553 6469
f 6470 6554 6553
f 6471 6554 6470
f 6471 6555 6554
f 6472 6555 6471
f 6472 6556 6555
f 6473 6556 6472
f 6473 6557 6556
f 6474 6557 6473
f 6474 6558 6557
f 6475 6558 6474
f 6475 6559 6558
f 6476 6559 6475
f 6476 6560 6559
f 6477 6560 6476
f 6477 6561 6560
f 6478 6561 6477
f 6478 6562 6561
f 6479 6562 6478
f 6479 6563 6562
f 6480 6563 6479
f 6480 6564 6563
f 6481 6564 6480
f 6481 6565 6564
f 6482 6565 6481
f 6482 6566 6565
f 6483 6566 6482
f 6483 6567 6566
f 6484 6567 6483
f 6484 6568 6567
f 6485 6568 6484
f 6485 6569 6568
f 6486 6569 6485
f 6486 6570 6569
f 6487 6570 6486
f 6487 6571 6570
f 6488 6571 6487
f 6488 6572 6571
f 6489 6572 6488
f 6491 6573 6490
f 6491 6574 6573
f 6492 6574 6491
f 6492 6575 6574
f 6493 6575 6492
f 6493 6576 6575
f 6494 6576 6493
f 6494 6577 6576
f 6495 6577 6494
f 6495 6578 6577
f 6496 6578 6495
f 6496 6579 6578
f 6497 6579 6496
f 6497 6580 6579
f 6498 6580 6497
f 6498 6581 6580
f 6499 6581 6498
f 6499 6582 6581
f 6500 6582 6499
f 6500 6583 6582
f 6501 6583 6500
f 6501 6584 6583
f 6502 6584 6501
f 6502 6585 6584
f 6503 6585 6502
f 6503 6586 6585
f 6504 6586 6503
f 6504 6587 6586
f 6505 6587 6504
f 6505 6588 6587
f 6506 6588 6505
f 6506 6589 6588
f 6507 6589 6506
f 6507 6590 6589
f 6508 6590 6507
f 6508 6591 6590
f 6509 6591 6508
f 6509 6592 6591
f 6510 6592 6509
f 6510 6593 6592
f 6511 6593 6510
f 6511 6594 6593
f 6512 6594 6511
f 6512 6595 6594
f 6513 6595 6512
f 6513 6596 6595
f 6514 6596 6513
f 6514 6597 6596
f 6515 6597 6514
f 6515 6598 6597
f 6516 6598 6515
f 6516 6599 6598
f 6517 6600 6599
f 6518 6600 6517
f 6518 6601 6600
f 6519 6601 6518
f 6519 6602 6601
f 6520 6602 6519
f 6520 6603 6602
f 6521 6603 6520
f 6521 6604 6603
f 6522 6604 6521
f 6522 6605 6604
f 6523 6605 6522
f 6523 6606 6605
f 6524 6606 6523
f 6524 6607 6606
f 6525 6607 6524
f 6525 6608 6607
f 6526 6608 6525
f 6526 6609 6608
f 6527 6609 6526
f 6527 6610 6609
f 6528 6610 6527
f 6528 6611 6610
f 6529 6611 6528
f 6529 6612 6611
f 6530 6612 6529
f 6530 6613 6612
f 6531 6613 6530
f 6531 6614 6613
f 6532 6614 6531
f 6532 6615 6614
f 6533 6615 6532
f 6533 6616 6615
f 6534 6616 6533
f 6534 6617 6616
f 6535 6617 6534
f 6535 6618 6617
f 6536 6618 6535
f 6536 6619 6618
f 6537 6619 6536
f 6537 6620 6619
f 6538 6620 6537
f 6538 6621 6620
f 6539 6621 6538
f 6539 6622 6621
f 6540 6622 6539
f 6540 6623 6622
f 6541 6623 6540
f 6541 6624 6623
f 6542 6624 6541
f 6542 6625 6624
f 6543 6625 6542
f 6543 6626 6625
f 6544 6626 6543
f 6544 6627 6626
f 6545 6627 6544
f 6545 6628 6627
f 6546 6628 6545
f 6546 6629 6628
f 6547 6629 6546
f 6547 6630 6629
f 6548 6630 6547
f 6548 6631 6630
f 6549 6631 6548
f 6549 6632 6631
f 6550 6632 6549
f 6550 6633 6632
f 6551 6633 6550
f 6551 6634 6633
f 6552 6634 6551
f 6552 6635 6634
f 6553 6635 6552
f 6553 6636 6635
f 6554 6636 6553
f 6554 6637 6636
f 6555 6637 6554
f 6555 6638 6637
f 6556 6638 6555
f 6556 6639 6638
f 6557 6639 6556
f 6557 6640 6639
f 6558 6640 6557
f 6558 6641 6640
f 6559 6641 6558
f 6559 6642 6641
f 6560 6642 6559
f 6560 6643 6642
f 6561 6643 6560
f 6561 6644 6643
f 6562 6644 6561
f 6562 6645 6644
f 6563 6645 6562
f 6563 6646 6645
f 6564 6646 6563
f 6564 6647 6646
f 6565 6647 6564
f 6565 6648 6647
f 6566 6648 6565
f 6566 6649 6648
f 6567 6649 6566
f 6567 6650 6649
f 6568 6650 6567
f 6568 6651 6650
f 6569 6651 6568
f 6569 6652 6651
f 6570 6652 6569
f 6570 6653 6652
f 6571 6653 6570
f 6571 6654 6653
f 6572 6654 6571
f 6572 6655 6654
f 6575 6656 6574
f 6575 6657 6656
f 6576 6657 6575
f 6576 6658 6657
f 6577 6658 6576
f 6577 6659 6658
f 6578 6659 6577
f 6578 6660 6659
f 6579 6660 6578
f 6579 6661 6660
f 6580 6661 6579
f 6580 6662 6661
f 6581 6662 6580
f 6581 6663 6662
f 6582 6663 6581
f 6582 6664 6663
f 6583 6664 6582
f 6583 6665 6664
f 6584 6665 6583
f 6584 6666 6665
f 6585 6666 6584
f 6585 6667 6666
f 6586 6667 6585
f 6586 6668 6667
f 6587 6668 6586
f 6587 6669 6668
f 6588 6669 6587
f 6588 6670 6669
f 6589 6670 6588
f 6589 6671 6670
f 6590 6671 6589
f 6590 6672 6671
f 6591 6672 6590
f 6591 6673 6672
f 6592 6673 6591
f 6592 6674 6673
f 6593 6674 6592
f 6593 6675 6674
f 6594 6675 6593
f 6594 6676 6675
f 6595 6676 6594
f 6595 6677 6676
f 6596 6677 6595
f 6596 6678 6677
f 6597 6678 6596
f 6597 6679 6678
f 6598 6679 6597
f 6598 6680 6679
f 6599 6680 6598
f 6599 6681 6680
f 6600 6681 6599
f 6600 6682 6681
f 6601 6682 6600
f 6601 6683 6682
f 6602 6683 6601
f 6602 6684 6683
f 6603 6684 6602
f 6603 6685 6684
f 6604 6685 6603
f 6604 6686 6685
f 6605 6686 6604
f 6605 6687 6686
f 6606 6687 6605
f 6606 6688 6687
f 6607 6688 6606
f 6607 6689 6688
f 6608 6689 6607
f 6608 6690 6689
f 6609 6690 6608
f 6609 6691 6690
f 6610 6691 6609
f 6610 6692 6691
f 6611 6692 6610
f 6611 6693 6692
f 6612 6693 6611
f 6612 6694 6693
f 6613 6694 6612
f 6613 6695 6694
f 6614 6695 6613
f 6614 6696 6695
f 6615 6696 6614
f 6615 6697 6696
f 6616 6697 6615
f 6616 6698 6697
f 6617 6698 6616
f 6617 6699 6698
f 6618 6699 6617
f 6618 6700 6699
f 6619 6700 6618
f 6619 6701 6700
f 6620 6701 6619
f 6620 6702 6701
f 6621 6702 6620
f 6621 6703 6702
f 6622 6703 6621
f 6622 6704 6703
f 6623 6704 6622
f 6623 6705 6704
f 6624 6705 6623
f 6624 6706 6705
f 6625 6706 6624
f 6625 6707 6706
f 6626 6707 6625
f 6626 6708 6707
f 6627 6708 6626
f 6627 6709 6708
f 6628 6709 6627
f 6628 6710 6709
f 6629 6710 6628
f 6629 6711 6710
f 6630 6711 6629
f 6630 6712 6711
f 6631 6712 6630
f 6631 6713 6712
f 6632 6713 6631
f 6632 6714 6713
f 6633 6714 6632
f 6633 6715 6714
f 6634 6715 6633
f 6634 6716 6715
f 6635 6716 6634
f 6635 6717 6716
f 6636 6717 6635
f 6636 6718 6717
f 6637 6718 6636
f 6637 6719 6718
f 6638 6719 6637
f 6638 6720 6719
f 6639 6720 6638
f 6639 6721 6720
f 6640 6721 6639
f 6640 6722 6721
f 6641 6722 6640
f 6641 6723 6722
f 6642 6723 6641
f 6642 6724 6723
f 6643 6724 6642
f 6643 6725 6724
f 6644 6725 6643
f 6644 6726 6725
f 6645 6726 6644
f 6645 6727 6726
f 6646 6727 6645
f 6646 6728 6727
f 6647 6728 6646
f 6647 6729 6728
f 6648 6729 6647
f 6648 6730 6729
f 6649 6730 6648
f 6649 6731 6730
f 6650 6731 6649
f 6650 6732 6731
f 6651 6732 6650
f 6651 6733 6732
f 6652 6733 6651
f 6652 6734 6733
f 6653 6734 6652
f 6653 6735 6734
f 6654 6735 6653
f 6654 6736 6735
f 6655 6736 6654
f 6657 6737 6656
f 6657 6738 6737
f 6658 6738 6657
f 6658 6739 6738
f 6659 6739 6658
f 6659 6740 6739
f 6660 6740 6659
f 6660 6741 6740
f 6661 6741 6660
f 6661 6742 6741
f 6662 6742 6661
f 6662 6743 6742
f 6663 6743 6662
f 6663 6744 6743
f 6664 6744 6663
f 6664 6745 6744
f 6665 6745 6664
f 6665 6746 6745
f 6666 6746 6665
f 6666 6747 6746
f 6667 6747 6666
f 6667 6748 6747
f 6668 6748 6667
f 6668 6749 6748
f 6669 6749 6668
f 6669 6750 6749
f 6670 6750 6669
f 6670 6751 6750
f 6671 6751 6670
f 6671 6752 6751
f 6672 6752 6671
f 6672 6753 6752
f 6673 6753 6672
f 6673 6754 6753
f 6674 6754 6673
f 6674 6755 6754
f 6675 6755 6674
f 6675 6756 6755
f 6676 6756 6675
f 6676 6757 6756
f 6677 6757 6676
f 6677 6758 6757
f 6678 6758 6677
f 6678 6759 6758
f 6679 6759 6678
f 6679 6760 6759
f 6680 6760 6679
f 6680 6761 6760
f 6681 6761 6680
f 6681 6762 6761
f 6682 6762 6681
f 6682 6763 6762
f 6683 6763 6682
f 6683 6764 6763
f 6684 6764 6683
f 6684 6765 6764
f 6685 6765 6684
f 6685 6766 6765
f 6686 6766 6685
f 6686 6767 6766
f 6687 6767 6686
f 6687 6768 6767
f 6688 6768 6687
f 6688 6769 6768
f 6689 6769 6688
f 6689 6770 6769
f 6690 6770 6689
f 6690 6771 6770
f 6691 6771 6690
f 6691 6772 6771
f 6692 6772 6691
f 6692 6773 6772
f 6693 6773 6692
f 6693 6774 6773
f 6694 6774 6693
f 6694 6775 6774
f 6695 6775 6694
f 6695 6776 6775
f 6696 6776 6695
f 6696 6777 6776
f 6697 6777 6696
f 6697 6778 6777
f 6698 6778 6697
f 6698 6779 6778
f 6699 6779 6698
f 6699 6780 6779
f 6700 6780 6699
f 6700 6781 6780
f 6701 6781 6700
f 6701 6782 6781
f 6702 6782 6701
f 6702 6783 6782
f 6703 6783 6702
f 6703 6784 6783
f 6704 6784 6703
f 6704 6785 6784
f 6705 6785 6704
f 6705 6786 6785
f 6706 6786 6705
f 6706 6787 6786
f 6707 6787 6706
f 6707 6788 6787
f 6708 6788 6707
f 6708 6789 6788
f 6709 6789 6708
f 6709 6790 6789
f 6710 6790 6709
f 6710 6791 6790
f 6711 6791 6710
f 6711 6792 6791
f 6712 6792 6711
f 6712 6793 6792
f 6713 6793 6712
f 6713 6794 6793
f 6714 6794 6713
f 6714 6795 6794
f 6715 6795 6714
f 6715 6796 6795
f 6716 6796 6715
f 6716 6797 6796
f 6717 6797 6716
f 6717 6798 6797
f 6718 6798 6717
f 6718 6799 6798
f 6719 6799 6718
f 6719 6800 6799
f 6720 6800 6719
f 6720 6801 6800
f 6721 6801 6720
f 6721 6802 6801
f 6722 6802 6721
f 6722 6803 6802
f 6723 6803 6722
f 6723 6804 6803
f 6724 6804 6723
f 6724 6805 6804
f 6725 6805 6724
f 6725 6806 6805
f 6726 6806 6725
f 6726 6807 6806
f 6727 6807 6726
f 6727 6808 6807
f 6728 6808 6727
f 6728 6809 6808
f 6729 6809 6728
f 6729 6810 6809
f 6730 6810 6729
f 6730 6811 6810
f 6731 6811 6730
f 6731 6812 6811
f 6732 6812 6731
f 6732 6813 6812
f 6733 6813 6732
f 6733 6814 6813
f 6734 6814 6733
f 6734 6815 6814
f 6735 6815 6734
f 6735 6816 6815
f 6736 6816 6735
f 6736 6817 6816
f 6738 6819 6818
f 6739 6819 6738
f 6739 6820 6819
f 6740 6820 6739
f 6740 6821 6820
f 6741 6821 6740
f 6741 6822 6821
f 6742 6822 6741
f 6742 6823 6822
f 6743 6823 6742
f 6743 6824 6823
f 6744 6824 6743
f 6744 6825 6824
f 6745 6825 6744
f 6745 6826 6825
f 6746 6826 6745
f 6746 6827 6826
f 6747 6827 6746
f 6747 6828 6827
f 6748 6828 6747
f 6748 6829 6828
f 6749 6829 6748
f 6749 6830 6829
f 6750 6830 6749
f 6750 6831 6830
f 6751 6831 6750
f 6751 6832 6831
f 6752 6832 6751
f 6752 6833 6832
f 6753 6833 6752
f 6753 6834 6833
f 6754 6834 6753
f 6754 6835 6834
f 6755 6835 6754
f 6755 6836 6835
f 6756 6836 6755
f 6756 6837 6836
f 6757 6837 6756
f 6757 6838 6837
f 6758 6838 6757
f 6758 6839 6838
f 6759 6839 6758
f 6759 6840 6839
f 6760 6840 6759
f 6760 6841 6840
f 6761 6841 6760
f 6761 6842 6841
f 6762 6842 6761
f 6762 6843 6842
f 6763 6843 6762
f 6763 6844 6843
f 6764 6844 6763
f 6764 6845 6844
f 6765 6845 6764
f 6765 6846 6845
f 6766 6846 6765
f 6766 6847 6846
f 6767 6847 6766
f 6767 6848 6847
f 6768 6848 6767
f 6768 6849 6848
f 6769 6849 6768
f 6769 6850 6849
f 6770 6850 6769
f 6770 6851 6850
f 6771 6851 6770
f 6771 6852 6851
f 6772 6852 6771
f 6772 6853 6852
f 6773 6853 6772
f 6773 6854 6853
f 6774 6854 6773
f 6774 6855 6854
f 6775 6855 6774
f 6775 6856 6855
f 6776 6856 6775
f 6776 6857 6856
f 6777 6857 6776
f 6777 6858 6857
f 6778 6858 6777
f 6778 6859 6858
f 6779 6859 6778
f 6779 6860 6859
f 6780 6860 6779
f 6780 6861 6860
f 6781 6861 6780
f 6781 6862 6861
f 6782 6862 6781
f 6782 6863 6862
f 6783 6863 6782
f 6783 6864 6863
f 6784 6864 6783
f 6784 6865 6864
f 6785 6865 6784
f 6785 6866 6865
f 6786 6866 6785
f 6786 6867 6866
f 6787 6867 6786
f 6787 6868 6867
f 6788 6868 6787
f 6788 6869 6868
f 6789 6869 6788
f 6789 6870 6869
f 6790 6870 6789
f 6790 6871 6870
f 6791 6871 6790
f 6791 6872 6871
f 6792 6872 6791
f 6792 6873 6872
f 6793 6873 6792
f 6793 6874 6873
f 6794 6874 6793
f 6794 6875 6874
f 6795 6875 6794
f 6795 6876 6875
f 6796 6876 6795
f 6796 6877 6876
f 6797 6877 6796
f 6797 6878 6877
f 6798 6878 6797
f 6798 6879 6878
f 6799 6879 6798
f 6799 6880 6879
f 6800 6880 6799
f 6800 6881 6880
f 6801 6881 6800
f 6801 6882 6881
f 6802 6882 6801
f 6802 6883 6882
f 6803 6883 6802
f 6803 6884 6883
f 6804 6884 6803
f 6804 6885 6884
f 6805 6885 6804
f 6805 6886 6885
f 6806 6886 6805
f 6806 6887 6886
f 6807 6887 6806
f 6807 6888 6887
f 6808 6888 6807
f 6808 6889 6888
f 6809 6889 6808
f 6809 6890 6889
f 6810 6890 6809
f 6810 6891 6890
f 6811 6891 6810
f 6811 6892 6891
f 6812 6892 6811
f 6812 6893 6892
f 6813 6893 6812
f 6813 6894 6893
f 6814 6894 6813
f 6814 6895 6894
f 6815 6895 6814
f 6815 6896 6895
f 6816 6896 6815
f 6816 6897 6896
f 6817 6897 6816
f 6820 6898 6819
f 6820 6899 6898
f 6821 6899 6820
f 6821 6900 6899
f 6822 6900 6821
f 6822 6901 6900
f 6823 6901 6822
f 6823 6902 6901
f 6824 6902 6823
f 6824 6903 6902
f 6825 6903 6824
f 6825 6904 6903
f 6826 6904 6825
f 6826 6905 6904
f 6827 6905 6826
f 6827 6906 6905
f 6828 6906 6827
f 6828 6907 6906
f 6829 6907 6828
f 6829 6908 6907
f 6830 6908 6829
f 6830 6909 6908
f 6831 6909 6830
f 6831 6910 6909
f 6832 6910 6831
f 6832 6911 6910
f 6833 6911 6832
f 6833 6912 6911
f 6834 6912 6833
f 6834 6913 6912
f 6835 6913 6834
f 6835 6914 6913
f 6836 6914 6835
f 6836 6915 6914
f 6837 6915 6836
f 6837 6916 6915
f 6838 6916 6837
f 6838 6917 6916
f 6839 6917 6838
f 6839 6918 6917
f 6840 6918 6839
f 6840 6919 6918
f 6841 6919 6840
f 6841 6920 6919
f 6842 6920 6841
f 6842 6921 6920
f 6843 6921 6842
f 6843 6922 6921
f 6844 6922 6843
f 6844 6923 6922
f 6845 6923 6844
f 6845 6924 6923
f 6846 6924 6845
f 6846 6925 6924
f 6847 6925 6846
f 6847 6926 6925
f 6848 6926 6847
f 6848 6927 6926
f 6849 6927 6848
f 6849 6928 6927
f 6850 6928 6849
f 6850 6929 6928
f 6851 6929 6850
f 6851 6930 6929
f 6852 6930 6851
f 6852 6931 6930
f 6853 6931 6852
f 6853 6932 6931
f 6854 6932 6853
f 6854 6933 6932
f 6855 6933 6854
f 6855 6934 6933
f 6856 6934 6855
f 6856 6935 6934
f 6857 6935 6856
f 6857 6936 6935
f 6858 6936 6857
f 6858 6937 6936
f 6859 6937 6858
f 6859 6938 6937
f 6860 6938 6859
f 6860 6939 6938
f 6861 6939 6860
f 6861 6940 6939
f 6862 6940 6861
f 6862 6941 6940
f 6863 6941 6862
f 6863 6942 6941
f 6864 6942 6863
f 6864 6943 6942
f 6865 6943 6864
f 6865 6944 6943
f 6866 6944 6865
f 6866 6945 6944
f 6867 6945 6866
f 6867 6946 6945
f 6868 6946 6867
f 6868 6947 6946
f 6869 6947 6868
f 6869 6948 6947
f 6870 6948 6869
f 6870 6949 6948
f 6871 6949 6870
f 6871 6950 6949
f 6872 6950 6871
f 6872 6951 6950
f 6873 6951 6872
f 6873 6952 6951
f 6874 6952 6873
f 6874 6953 6952
f 6875 6953 6874
f 6875 6954 6953
f 6876 6954 6875
f 6876 6955 6954
f 6877 6955 6876
f 6877 6956 6955
f 6878 6956 6877
f 6878 6957 6956
f 6879 6957 6878
f 6879 6958 6957
f 6880 6958 6879
f 6880 6959 6958
f 6881 6959 6880
f 6881 6960 6959
f 6882 6960 6881
f 6882 6961 6960
f 6883 6961 6882
f 6883 6962 6961
f 6884 6962 6883
f 6884 6963 6962
f 6885 6963 6884
f 6885 6964 6963
f 6886 6964 6885
f 6886 6965 6964
f 6887 6965 6886
f 6887 6966 6965
f 6888 6966 6887
f 6888 6967 6966
f 6889 6967 6888
f 6889 6968 6967
f 6890 6968 6889
f 6890 6969 6968
f 6891 6969 6890
f 6891 6970 6969
f 6892 6970 6891
f 6892 6971 6970
f 6893 6971 6892
f 6893 6972 6971
f 6894 6972 6893
f 6894 6973 6972
f 6895 6973 6894
f 6895 6974 6973
f 6896 6974 6895
f 6896 6975 6974
f 6897 6975 6896
f 6897 6976 6975
f 6900 6977 6899
f 6900 6978 6977
f 6901 6978 6900
f 6901 6979 6978
f 6902 6979 6901
f 6902 6980 6979
f 6903 6980 6902
f 6903 6981 6980
f 6904 6981 6903
f 6904 6982 6981
f 6905 6982 6904
f 6905 6983 6982
f 6906 6983 6905
f 6906 6984 6983
f 6907 6984 6906
f 6907 6985 6984
f 6908 6985 6907
f 6908 6986 6985
f 6909 6986 6908
f 6909 6987 6986
f 6910 6987 6909
f 6910 6988 6987
f 6911 6988 6910
f 6911 6989 6988
f 6912 6989 6911
f 6912 6990 6989
f 6913 6990 6912
f 6913 6991 6990
f 6914 6991 6913
f 6914 6992 6991
f 6915 6992 6914
f 6915 6993 6992
f 6916 6993 6915
f 6916 6994 6993
f 6917 6994 6916
f 6917 6995 6994
f 6918 6995 6917
f 6918 6996 6995
f 6919 6996 6918
f 6919 6997 6996
f 6920 6997 6919
f 6920 6998 6997
f 6921 6998 6920
f 6921 6999 6998
f 6922 6999 6921
f 6922 7000 6999
f 6923 7000 6922
f 6923 7001 7000
f 6924 7001 6923
f 6924 7002 7001
f 6925 7002 6924
f 6925 7003 7002
f 6926 7003 6925
f 6926 7004 7003
f 6927 7004 6926
f 6927 7005 7004
f 6928 7005 6927
f 6928 7006 7005
f 6929 7006 6928
f 6929 7007 7006
f 6930 7007 6929
f 6930 7008 7007
f 6931 7008 6930
f 6931 7009 7008
f 6932 7009 6931
f 6932 7010 7009
f 6933 7010 6932
f 6933 7011 7010
f 6934 7011 6933
f 6934 7012 7011
f 6935 7012 6934
f 6935 7013 7012
f 6936 7013 6935
f 6936 7014 7013
f 6937 7014 6936
f 6937 7015 7014
f 6938 7015 6937
f 6938 7016 7015
f 6939 7016 6938
f 6939 7017 7016
f 6940 7017 6939
f 6940 7018 7017
f 6941 7018 6940
f 6941 7019 7018
f 6942 7019 6941
f 6942 7020 7019
f 6943 7020 6942
f 6943 7021 7020
f 6944 7021 6943
f 6944 7022 7021
f 6945 7022 6944
f 6945 7023 7022
f 6946 7023 6945
f 6946 7024 7023
f 6947 7024 6946
f 6947 7025 7024
f 6948 7025 6947
f 6948 7026 7025
f 6949 7026 6948
f 6949 7027 7026
f 6950 7027 6949
f 6950 7028 7027
f 6951 7028 6950
f 6951 7029 7028
f 6952 7029 6951
f 6952 7030 7029
f 6953 7030 6952
f 6953 7031 7030
f 6954 7031 6953
f 6954 7032 7031
f 6955 7032 6954
f 6955 7033 7032
f 6956 7033 6955
f 6956 7034 7033
f 6957 7034 6956
f 6957 7035 7034
f 6958 7035 6957
f 6958 7036 7035
f 6959 7036 6958
f 6959 7037 7036
f 6960 7037 6959
f 6960 7038 7037
f 6961 7038 6960
f 6961 7039 7038
f 6962 7039 6961
f 6962 7040 7039
f 6963 7040 6962
f 6963 7041 7040
f 6964 7041 6963
f 6964 7042 7041
f 6965 7042 6964
f 6965 7043 7042
f 6966 7043 6965
f 6966 7044 7043
f 6967 7044 6966
f 6967 7045 7044
f 6968 7045 6967
f 6968 7046 7045
f 6969 7046 6968
f 6969 7047 7046
f 6970 7047 6969
f 6970 7048 7047
f 6971 7048 6970
f 6971 7049 7048
f 6972 7049 6971
f 6972 7050 7049
f 6973 7050 6972
f 6973 7051 7050
f 6974 7051 6973
f 6974 7052 7051
f 6975 7052 6974
f 6975 7053 7052
f 6976 7053 6975
f 6979 7054 6978
f 6979 7055 7054
f 6980 7055 6979
f 6980 7056 7055
f 6981 7056 6980
f 6981 7057 7056
f 6982 7057 6981
f 6982 7058 7057
f 6983 7058 6982
f 6983 7059 7058
f 6984 7059 6983
f 6984 7060 7059
f 6985 7060 6984
f 6985 7061 7060
f 6986 7061 6985
f 6986 7062 7061
f 6987 7062 6986
f 6987 7063 7062
f 6988 7063 6987
f 6988 7064 7063
f 6989 7064 6988
f 6989 7065 7064
f 6990 7065 6989
f 6990 7066 7065
f 6991 7066 6990
f 6991 7067 7066
f 6992 7067 6991
f 6992 7068 7067
f 6993 7068 6992
f 6993 7069 7068
f 6994 7069 6993
f 6994 7070 7069
f 6995 7070 6994
f 6995 7071 7070
f 6996 7071 6995
f 6996 7072 7071
f 6997 7072 6996
f 6997 7073 7072
f 6998 7073 6997
f 6998 7074 7073
f 6999 7074 6998
f 6999 7075 7074
f 7000 7075 6999
f 7000 7076 7075
f 7001 7076 7000
f 7001 7077 7076
f 7002 7077 7001
f 7002 7078 7077
f 7003 7078 7002
f 7003 7079 7078
f 7004 7079 7003
f 7004 7080 7079
f 7005 7080 7004
f 7005 7081 7080
f 7006 7081 7005
f 7006 7082 7081
f 7007 7082 7006
f 7007 7083 7082
f 7008 7083 7007
f 7008 7084 7083
f 7009 7084 7008
f 7009 7085 7084
f 7010 7085 7009
f 7010 7086 7085
f 7011 7086 7010
f 7011 7087 7086
f 7012 7087 7011
f 7012 7088 7087
f 7013 7088 7012
f 7013 7089 7088
f 7014 7089 7013
f 7014 7090 7089
f 7015 7090 7014
f 7015 7091 7090
f 7016 7091 7015
f 7016 7092 7091
f 7017 7092 7016
f 7017 7093 7092
f 7018 7093 7017
f 7018 7094 7093
f 7019 7094 7018
f 7019 7095 7094
f 7020 7095 7019
f 7020 7096 7095
f 7021 7096 7020
f 7021 7097 7096
f 7022 7097 7021
f 7022 7098 7097
f 7023 7098 7022
f 7023 7099 7098
f 7024 7099 7023
f 7024 7100 7099
f 7025 7100 7024
f 7025 7101 7100
f 7026 7101 7025
f 7026 7102 7101
f 7027 7102 7026
f 7027 7103 7102
f 7028 7103 7027
f 7028 7104 7103
f 7029 7104 7028
f 7029 7105 7104
f 7030 7105 7029
f 7030 7106 7105
f 7031 7106 7030
f 7031 7107 7106
f 7032 7107 7031
f 7032 7108 7107
f 7033 7108 7032
f 7033 7109 7108
f 7034 7109 7033
f 7034 7110 7109
f 7035 7110 7034
f 7035 7111 7110
f 7036 7111 7035
f 7036 7112 7111
f 7037 7112 7036
f 7037 7113 7112
f 7038 7113 7037
f 7038 7114 7113
f 7039 7114 7038
f 7039 7115 7114
f 7040 7115 7039
f 7040 7116 7115
f 7041 7116 7040
f 7041 7117 7116
f 7042 7117 7041
f 7042 7118 7117
f 7043 7118 7042
f 7043 7119 7118
f 7044 7119 7043
f 7044 7120 7119
f 7045 7120 7044
f 7045 7121 7120
f 7046 7121 7045
f 7046 7122 7121
f 7047 7122 7046
f 7047 7123 7122
f 7048 7123 7047
f 7048 7124 7123
f 7049 7124 7048
f 7049 7125 7124
f 7050 7125 7049
f 7050 7126 7125
f 7051 7126 7050
f 7051 7127 7126
f 7052 7127 7051
f 7052 7128 7127
f 7053 7128 7052
f 7053 7129 7128
f 7055 7130 7054
f 7055 7131 7130
f 7056 7131 7055
f 7056 7132 7131
f 7057 7132 7056
f 7057 7133 7132
f 7058 7133 7057
f 7058 7134 7133
f 7059 7134 7058
f 7059 7135 7134
f 7060 7135 7059
f 7060 7136 7135
f 7061 7136 7060
f 7061 7137 7136
f 7062 7137 7061
f 7062 7138 7137
f 7063 7138 7062
f 7063 7139 7138
f 7064 7139 7063
f 7064 7140 7139
f 7065 7140 7064
f 7065 7141 7140
f 7066 7141 7065
f 7066 7142 7141
f 7067 7142 7066
f 7067 7143 7142
f 7068 7143 7067
f 7068 7144 7143
f 7069 7144 7068
f 7069 7145 7144
f 7070 7145 7069
f 7070 7146 7145
f 7071 7146 7070
f 7071 7147 7146
f 7072 7147 7071
f 7072 7148 7147
f 7073 7148 7072
f 7073 7149 7148
f 7074 7149 7073
f 7074 7150 7149
f 7075 7150 7074
f 7075 7151 7150
f 7076 7151 7075
f 7076 7152 7151
f 7077 7152 7076
f 7077 7153 7152
f 7078 7153 7077
f 7078 7154 7153
f 7079 7154 7078
f 7079 7155 7154
f 7080 7155 7079
f 7080 7156 7155
f 7081 7156 7080
f 7081 7157 7156
f 7082 7157 7081
f 7082 7158 7157
f 7083 7158 7082
f 7083 7159 7158
f 7084 7159 7083
f 7084 7160 7159
f 7085 7160 7084
f 7085 7161 7160
f 7086 7161 7085
f 7086 7162 7161
f 7087 7162 7086
f 7087 7163 7162
f 7088 7163 7087
f 7088 7164 7163
f 7089 7164 7088
f 7089 7165 7164
f 7090 7165 7089
f 7090 7166 7165
f 7091 7166 7090
f 7091 7167 7166
f 7092 7167 7091
f 7092 7168 7167
f 7093 7168 7092
f 7093 7169 7168
f 7094 7169 7093
f 7094 7170 7169
f 7095 7170 7094
f 7095 7171 7170
f 7096 7171 7095
f 7096 7172 7171
f 7097 7172 7096
f 7097 7173 7172
f 7098 7173 7097
f 7098 7174 7173
f 7099 7174 7098
f 7099 7175 7174
f 7100 7175 7099
f 7100 7176 7175
f 7101 7176 7100
f 7101 7177 7176
f 7102 7177 7101
f 7102 7178 7177
f 7103 7178 7102
f 7103 7179 7178
f 7104 7179 7103
f 7104 7180 7179
f 7105 7180 7104
f 7105 7181 7180
f 7106 7181 7105
f 7106 7182 7181
f 7107 7182 7106
f 7107 7183 7182
f 7108 7183 7107
f 7108 7184 7183
f 7109 7184 7108
f 7109 7185 7184
f 7110 7185 7109
f 7110 7186 7185
f 7111 7186 7110
f 7111 7187 7186
f 7112 7187 7111
f 7112 7188 7187
f 7113 7188 7112
f 7113 7189 7188
f 7114 7189 7113
f 7114 7190 7189
f 7115 7190 7114
f 7115 7191 7190
f 7116 7191 7115
f 7116 7192 7191
f 7117 7192 7116
f 7117 7193 7192
f 7118 7193 7117
f 7118 7194 7193
f 7119 7194 7118
f 7119 7195 7194
f 7120 7195 7119
f 7120 7196 7195
f 7121 7196 7120
f 7121 7197 7196
f 7122 7197 7121
f 7122 7198 7197
f 7123 7198 7122
f 7123 7199 7198
f 7124 7199 7123
f 7124 7200 7199
f 7125 7200 7124
f 7125 7201 7200
f 7126 7201 7125
f 7126 7202 7201
f 7127 7202 7126
f 7127 7203 7202
f 7128 7203 7127
f 7128 7204 7203
f 7129 7204 7128
f 7132 7205 7131
f 7132 7206 7205
f 7133 7206 7132
f 7133 7207 7206
f 7134 7207 7133
f 7134 7208 7207
f 7135 7208 7134
f 7135 7209 7208
f 7136 7209 7135
f 7136 7210 7209
f 7137 7210 7136
f 7137 7211 7210
f 7138 7211 7137
f 7138 7212 7211
f 7139 7212 7138
f 7139 7213 7212
f 7140 7213 7139
f 7140 7214 7213
f 7141 7214 7140
f 7141 7215 7214
f 7142 7215 7141
f 7142 7216 7215
f 7143 7216 7142
f 7143 7217 7216
f 7144 7217 7143
f 7144 7218 7217
f 7145 7218 7144
f 7145 7219 7218
f 7146 7219 7145
f 7146 7220 7219
f 7147 7220 7146
f 7147 7221 7220
f 7148 7221 7147
f 7148 7222 7221
f 7149 7222 7148
f 7149 7223 7222
f 7150 7223 7149
f 7150 7224 7223
f 7151 7224 7150
f 7151 7225 7224
f 7152 7225 7151
f 7152 7226 7225
f 7153 7226 7152
f 7153 7227 7226
f 7154 7227 7153
f 7154 7228 7227
f 7155 7228 7154
f 7155 7229 7228
f 7156 7229 7155
f 7156 7230 7229
f 7157 7230 7156
f 7157 7231 7230
f 7158 7231 7157
f 7158 7232 7231
f 7159 7232 7158
f 7159 7233 7232
f 7160 7233 7159
f 7160 7234 7233
f 7161 7234 7160
f 7161 7235 7234
f 7162 7235 7161
f 7162 7236 7235
f 7163 7236 7162
f 7163 7237 7236
f 7164 7237 7163
f 7164 7238 7237
f 7165 7238 7164
f 7165 7239 7238
f 7166 7239 7165
f 7166 7240 7239
f 7167 7240 7166
f 7167 7241 7240
f 7168 7241 7167
f 7168 7242 7241
f 7169 7242 7168
f 7169 7243 7242
f 7170 7243 7169
f 7170 7244 7243
f 7171 7244 7170
f 7171 7245 7244
f 7172 7245 7171
f 7172 7246 7245
f 7173 7246 7172
f 7173 7247 7246
f 7174 7247 7173
f 7174 7248 7247
f 7175 7248 7174
f 7175 7249 7248
f 7176 7249 7175
f 7176 7250 7249
f 7177 7250 7176
f 7177 7251 7250
f 7178 7251 7177
f 7178 7252 7251
f 7179 7252 7178
f 7179 7253 7252
f 7180 7253 7179
f 7180 7254 7253
f 7181 7254 7180
f 7181 7255 7254
f 7182 7255 7181
f 7182 7256 7255
f 7183 7256 7182
f 7183 7257 7256
f 7184 7257 7183
f 7184 7258 7257
f 7185 7258 7184
f 7185 7259 7258
f 7186 7259 7185
f 7186 7260 7259
f 7187 7260 7186
f 7187 7261 7260
f 7188 7261 7187
f 7188 7262 7261
f 7189 7262 7188
f 7189 7263 7262
f 7190 7263 7189
f 7190 7264 7263
f 7191 7264 7190
f 7191 7265 7264
f 7192 7265 7191
f 7192 7266 7265
f 7193 7266 7192
f 7193 7267 7266
f 7194 7267 7193
f 7194 7268 7267
f 7195 7268 7194
f 7195 7269 7268
f 7196 7269 7195
f 7196 7270 7269
f 7197 7270 7196
f 7197 7271 7270
f 7198 7271 7197
f 7198 7272 7271
f 7199 7272 7198
f 7199 7273 7272
f 7200 7273 7199
f 7200 7274 7273
f 7201 7274 7200
f 7201 7275 7274
f 7202 7275 7201
f 7202 7276 7275
f 7203 7276 7202
f 7203 7277 7276
f 7204 7277 7203
f 7207 7279 7278
f 7208 7279 7207
f 7208 7280 7279
f 7209 7280 7208
f 7209 7281 7280
f 7210 7281 7209
f 7210 7282 7281
f 7211 7282 7210
f 7211 7283 7282
f 7212 7283 7211
f 7212 7284 7283
f 7213 7284 7212
f 7213 7285 7284
f 7214 7285 7213
f 7214 7286 7285
f 7215 7286 7214
f 7215 7287 7286
f 7216 7287 7215
f 7216 7288 7287
f 7217 7288 7216
f 7217 7289 7288
f 7218 7289 7217
f 7218 7290 7289
f 7219 7290 7218
f 7219 7291 7290
f 7220 7291 7219
f 7220 7292 7291
f 7221 7292 7220
f 7221 7293 7292
f 7222 7293 7221
f 7222 7294 7293
f 7223 7294 7222
f 7223 7295 7294
f 7224 7295 7223
f 7224 7296 7295
f 7225 7296 7224
f 7225 7297 7296
f 7226 7297 7225
f 7226 7298 7297
f 7227 7298 7226
f 7227 7299 7298
f 7228 7299 7227
f 7228 7300 7299
f 7229 7300 7228
f 7229 7301 7300
f 7230 7301 7229
f 7230 7302 7301
f 7231 7302 7230
f 7231 7303 7302
f 7232 7303 7231
f 7232 7304 7303
f 7233 7304 7232
f 7233 7305 7304
f 7234 7305 7233
f 7234 7306 7305
f 7235 7306 7234
f 7235 7307 7306
f 7236 7307 7235
f 7236 7308 7307
f 7237 7308 7236
f 7237 7309 7308
f 7238 7309 7237
f 7238 7310 7309
f 7239 7310 7238
f 7239 7311 7310
f 7240 7311 7239
f 7240 7312 7311
f 7241 7312 7240
f 7241 7313 7312
f 7242 7313 7241
f 7242 7314 7313
f 7243 7314 7242
f 7243 7315 7314
f 7244 7315 7243
f 7244 7316 7315
f 7245 7316 7244
f 7245 7317 7316
f 7246 7317 7245
f 7246 7318 7317
f 7247 7318 7246
f 7247 7319 7318
f 7248 7319 7247
f 7248 7320 7319
f 7249 7320 7248
f 7249 7321 7320
f 7250 7321 7249
f 7250 7322 7321
f 7251 7322 7250
f 7251 7323 7322
f 7252 7323 7251
f 7252 7324 7323
f 7253 7324 7252
f 7253 7325 7324
f 7254 7325 7253
f 7254 7326 7325
f 7255 7326 7254
f 7255 7327 7326
f 7256 7327 7255
f 7256 7328 7327
f 7257 7328 7256
f 7257 7329 7328
f 7258 7329 7257
f 7258 7330 7329
f 7259 7330 7258
f 7259 7331 7330
f 7260 7331 7259
f 7260 7332 7331
f 7261 7332 7260
f 7261 7333 7332
f 7262 7333 7261
f 7262 7334 7333
f 7263 7334 7262
f 7263 7335 7334
f 7264 7335 7263
f 7264 7336 7335
f 7265 7336 7264
f 7265 7337 7336
f 7266 7337 7265
f 7266 7338 7337
f 7267 7338 7266
f 7267 7339 7338
f 7268 7339 7267
f 7268 7340 7339
f 7269 7340 7268
f 7269 7341 7340
f 7270 7341 7269
f 7270 7342 7341
f 7271 7342 7270
f 7271 7343 7342
f 7272 7343 7271
f 7272 7344 7343
f 7273 7344 7272
f 7273 7345 7344
f 7274 7345 7273
f 7274 7346 7345
f 7275 7346 7274
f 7275 7347 7346
f 7276 7347 7275
f 7276 7348 7347
f 7277 7348 7276
f 7280 7350 7349
f 7281 7350 7280
f 7281 7351 7350
f 7282 7351 7281
f 7282 7352 7351
f 7283 7352 7282
f 7283 7353 7352
f 7284 7353 7283
f 7284 7354 7353
f 7285 7354 7284
f 7285 7355 7354
f 7286 7355 7285
f 7286 7356 7355
f 7287 7356 7286
f 7287 7357 7356
f 7288 7357 7287
f 7288 7358 7357
f 7289 7358 7288
f 7289 7359 7358
f 7290 7359 7289
f 7290 7360 7359
f 7291 7360 7290
f 7291 7361 7360
f 7292 7361 7291
f 7292 7362 7361
f 7293 7362 7292
f 7293 7363 7362
f 7294 7363 7293
f 7294 7364 7363
f 7295 7364 7294
f 7295 7365 7364
f 7296 7365 7295
f 7296 7366 7365
f 7297 7366 7296
f 7297 7367 7366
f 7298 7367 7297
f 7298 7368 7367
f 7299 7368 7298
f 7299 7369 7368
f 7300 7369 7299
f 7300 7370 7369
f 7301 7370 7300
f 7301 7371 7370
f 7302 7371 7301
f 7302 7372 7371
f 7303 7372 7302
f 7303 7373 7372
f 7304 7373 7303
f 7304 7374 7373
f 7305 7374 7304
f 7305 7375 7374
f 7306 7375 7305
f 7306 7376 7375
f 7307 7376 7306
f 7307 7377 7376
f 7308 7377 7307
f 7308 7378 7377
f 7309 7378 7308
f 7309 7379 7378
f 7310 7379 7309
f 7310 7380 7379
f 7311 7380 7310
f 7311 7381 7380
f 7312 7381 7311
f 7312 7382 7381
f 7313 7382 7312
f 7313 7383 7382
f 7314 7383 7313
f 7314 7384 7383
f 7315 7384 7314
f 7315 7385 7384
f 7316 7385 7315
f 7316 7386 7385
f 7317 7386 7316
f 7317 7387 7386
f 7318 7387 7317
f 7318 7388 7387
f 7319 7388 7318
f 7319 7389 7388
f 7320 7389 7319
f 7320 7390 7389
f 7321 7390 7320
f 7321 7391 7390
f 7322 7391 7321
f 7322 7392 7391
f 7323 7392 7322
f 7323 7393 7392
f 7324 7393 7323
f 7324 7394 7393
f 7325 7394 7324
f 7325 7395 7394
f 7326 7395 7325
f 7326 7396 7395
f 7327 7396 7326
f 7327 7397 7396
f 7328 7397 7327
f 7328 7398 7397
f 7329 7398 7328
f 7329 7399 7398
f 7330 7399 7329
f 7330 7400 7399
f 7331 7400 7330
f 7331 7401 7400
f 7332 7401 7331
f 7332 7402 7401
f 7333 7402 7332
f 7333 7403 7402
f 7334 7403 7333
f 7334 7404 7403
f 7335 7404 7334
f 7335 7405 7404
f 7336 7405 7335
f 7336 7406 7405
f 7337 7406 7336
f 7337 7407 7406
f 7338 7407 7337
f 7338 7408 7407
f 7339 7408 7338
f 7339 7409 7408
f 7340 7409 7339
f 7340 7410 7409
f 7341 7410 7340
f 7341 7411 7410
f 7342 7411 7341
f 7342 7412 7411
f 7343 7412 7342
f 7343 7413 7412
f 7344 7413 7343
f 7344 7414 7413
f 7345 7414 7344
f 7345 7415 7414
f 7346 7415 7345
f 7346 7416 7415
f 7347 7416 7346
f 7347 7417 7416
f 7348 7417 7347
f 7352 7418 7351
f 7352 7419 7418
f 7353 7419 7352
f 7353 7420 7419
f 7354 7420 7353
f 7354 7421 7420
f 7355 7421 7354
f 7355 7422 7421
f 7356 7422 7355
f 7356 7423 7422
f 7357 7423 7356
f 7357 7424 7423
f 7358 7424 7357
f 7358 7425 7424
f 7359 7425 7358
f 7359 7426 7425
f 7360 7426 7359
f 7360 7427 7426
f 7361 7427 7360
f 7361 7428 7427
f 7362 7428 7361
f 7362 7429 7428
f 7363 7429 7362
f 7363 7430 7429
f 7364 7430 7363
f 7364 7431 7430
f 7365 7431 7364
f 7365 7432 7431
f 7366 7432 7365
f 7366 7433 7432
f 7367 7433 7366
f 7367 7434 7433
f 7368 7434 7367
f 7368 7435 7434
f 7369 7435 7368
f 7369 7436 7435
f 7370 7436 7369
f 7370 7437 7436
f 7371 7437 7370
f 7371 7438 7437
f 7372 7438 7371
f 7372 7439 7438
f 7373 7439 7372
f 7373 7440 7439
f 7374 7440 7373
f 7374 7441 7440
f 7375 7441 7374
f 7375 7442 7441
f 7376 7442 7375
f 7376 7443 7442
f 7377 7443 7376
f 7377 7444 7443
f 7378 7444 7377
f 7378 7445 7444
f 7379 7445 7378
f 7379 7446 7445
f 7380 7446 7379
f 7380 7447 7446
f 7381 7447 7380
f 7381 7448 7447
f 7382 7448 7381
f 7382 7449 7448
f 7383 7449 7382
f 7383 7450 7449
f 7384 7450 7383
f 7384 7451 7450
f 7385 7451 7384
f 7385 7452 7451
f 7386 7452 7385
f 7386 7453 7452
f 7387 7453 7386
f 7387 7454 7453
f 7388 7454 7387
f 7388 7455 7454
f 7389 7455 7388
f 7389 7456 7455
f 7390 7456 7389
f 7390 7457 7456
f 7391 7457 7390
f 7391 7458 7457
f 7392 7458 7391
f 7392 7459 7458
f 7393 7459 7392
f 7393 7460 7459
f 7394 7460 7393
f 7394 7461 7460
f 7395 7461 7394
f 7395 7462 7461
f 7396 7462 7395
f 7396 7463 7462
f 7397 7463 7396
f 7397 7464 7463
f 7398 7464 7397
f 7398 7465 7464
f 7399 7465 7398
f 7399 7466 7465
f 7400 7466 7399
f 7400 7467 7466
f 7401 7467 7400
f 7401 7468 7467
f 7402 7468 7401
f 7402 7469 7468
f 7403 7469 7402
f 7403 7470 7469
f 7404 7470 7403
f 7404 7471 7470
f 7405 7471 7404
f 7405 7472 7471
f 7406 7472 7405
f 7406 7473 7472
f 7407 7473 7406
f 7407 7474 7473
f 7408 7474 7407
f 7408 7475 7474
f 7409 7475 7408
f 7409 7476 7475
f 7410 7476 7409
f 7410 7477 7476
f 7411 7477 7410
f 7411 7478 7477
f 7412 7478 7411
f 7412 7479 7478
f 7413 7479 7412
f 7413 7480 7479
f 7414 7480 7413
f 7414 7481 7480
f 7415 7481 7414
f 7415 7482 7481
f 7416 7482 7415
f 7416 7483 7482
f 7417 7483 7416
f 7421 7484 7420
f 7421 7485 7484
f 7422 7485 7421
f 7422 7486 7485
f 7423 7486 7422
f 7423 7487 7486
f 7424 7487 7423
f 7424 7488 7487
f 7425 7488 7424
f 7425 7489 7488
f 7426 7489 7425
f 7426 7490 7489
f 7427 7490 7426
f 7427 7491 7490
f 7428 7491 7427
f 7428 7492 7491
f 7429 7492 7428
f 7429 7493 7492
f 7430 7493 7429
f 7430 7494 7493
f 7431 7494 7430
f 7431 7495 7494
f 7432 7495 7431
f 7432 7496 7495
f 7433 7496 7432
f 7433 7497 7496
f 7434 7497 7433
f 7434 7498 7497
f 7435 7498 7434
f 7435 7499 7498
f 7436 7499 7435
f 7436 7500 7499
f 7437 7500 7436
f 7437 7501 7500
f 7438 7501 7437
f 7438 7502 7501
f 7439 7502 7438
f 7439 7503 7502
f 7440 7503 7439
f 7440 7504 7503
f 7441 7504 7440
f 7441 7505 7504
f 7442 7505 7441
f 7442 7506 7505
f 7443 7506 7442
f 7443 7507 7506
f 7444 7507 7443
f 7444 7508 7507
f 7445 7508 7444
f 7445 7509 7508
f 7446 7509 7445
f 7446 7510 7509
f 7447 7510 7446
f 7447 7511 7510
f 7448 7511 7447
f 7448 7512 7511
f 7449 7512 7448
f 7449 7513 7512
f 7450 7513 7449
f 7450 7514 7513
f 7451 7514 7450
f 7451 7515 7514
f 7452 7515 7451
f 7452 7516 7515
f 7453 7516 7452
f 7453 7517 7516
f 7454 7517 7453
f 7454 7518 7517
f 7455 7518 7454
f 7455 7519 7518
f 7456 7519 7455
f 7456 7520 7519
f 7457 7520 7456
f 7457 7521 7520
f 7458 7521 7457
f 7458 7522 7521
f 7459 7522 7458
f 7459 7523 7522
f 7460 7523 7459
f 7460 7524 7523
f 7461 7524 7460
f 7461 7525 7524
f 7462 7525 7461
f 7462 7526 7525
f 7463 7526 7462
f 7463 7527 7526
f 7464 7527 7463
f 7464 7528 7527
f 7465 7528 7464
f 7465 7529 7528
f 7466 7529 7465
f 7466 7530 7529
f 7467 7530 7466
f 7467 7531 7530
f 7468 7531 7467
f 7468 7532 7531
f 7469 7532 7468
f 7469 7533 7532
f 7470 7533 7469
f 7470 7534 7533
f 7471 7534 7470
f 7471 7535 7534
f 7472 7535 7471
f 7472 7536 7535
f 7473 7536 7472
f 7473 7537 7536
f 7474 7537 7473
f 7474 7538 7537
f 7475 7538 7474
f 7475 7539 7538
f 7476 7539 7475
f 7476 7540 7539
f 7477 7540 7476
f 7477 7541 7540
f 7478 7541 7477
f 7478 7542 7541
f 7479 7542 7478
f 7479 7543 7542
f 7480 7543 7479
f 7480 7544 7543
f 7481 7544 7480
f 7481 7545 7544
f 7482 7545 7481
f 7487 7549 7548
f 7488 7549 7487
f 7488 7550 7549
f 7489 7550 7488
f 7489 7551 7550
f 7490 7551 7489
f 7490 7552 7551
f 7491 7552 7490
f 7491 7553 7552
f 7492 7553 7491
f 7492 7554 7553
f 7493 7554 7492
f 7493 7555 7554
f 7494 7555 7493
f 7494 7556 7555
f 7495 7556 7494
f 7495 7557 7556
f 7496 7557 7495
f 7496 7558 7557
f 7497 7558 7496
f 7497 7559 7558
f 7498 7559 7497
f 7498 7560 7559
f 7499 7560 7498
f 7499 7561 7560
f 7500 7561 7499
f 7500 7562 7561
f 7501 7562 7500
f 7501 7563 7562
f 7502 7563 7501
f 7502 7564 7563
f 7503 7564 7502
f 7503 7565 7564
f 7504 7565 7503
f 7504 7566 7565
f 7505 7566 7504
f 7505 7567 7566
f 7506 7567 7505
f 7506 7568 7567
f 7507 7568 7506
f 7507 7569 7568
f 7508 7569 7507
f 7508 7570 7569
f 7509 7570 7508
f 7509 7571 7570
f 7510 7571 7509
f 7510 7572 7571
f 7511 7572 7510
f 7511 7573 7572
f 7512 7573 7511
f 7512 7574 7573
f 7513 7574 7512
f 7513 7575 7574
f 7514 7575 7513
f 7514 7576 7575
f 7515 7576 7514
f 7515 7577 7576
f 7516 7577 7515
f 7516 7578 7577
f 7517 7578 7516
f 7517 7579 7578
f 7518 7579 7517
f 7518 7580 7579
f 7519 7580 7518
f 7519 7581 7580
f 7520 7581 7519
f 7520 7582 7581
f 7521 7582 7520
f 7521 7583 7582
f 7522 7583 7521
f 7522 7584 7583
f 7523 7584 7522
f 7523 7585 7584
f 7524 7585 7523
f 7524 7586 7585
f 7525 7586 7524
f 7525 7587 7586
f 7526 7587 7525
f 7526 7588 7587
f 7527 7588 7526
f 7527 7589 7588
f 7528 7589 7527
f 7528 7590 7589
f 7529 7590 7528
f 7529 7591 7590
f 7530 7591 7529
f 7530 7592 7591
f 7531 7592 7530
f 7531 7593 7592
f 7532 7593 7531
f 7532 7594 7593
f 7533 7594 7532
f 7533 7595 7594
f 7534 7595 7533
f 7534 7596 7595
f 7535 7596 7534
f 7535 7597 7596
f 7536 7597 7535
f 7536 7598 7597
f 7537 7598 7536
f 7537 7599 7598
f 7538 7599 7537
f 7538 7600 7599
f 7539 7600 7538
f 7539 7601 7600
f 7540 7601 7539
f 7540 7602 7601
f 7541 7602 7540
f 7541 7603 7602
f 7542 7603 7541
f 7542 7604 7603
f 7543 7604 7542
f 7543 7605 7604
f 7544 7605 7543
f 7547 7606 7546
f 7553 7608 7607
f 7554 7608 7553
f 7554 7609 7608
f 7555 7609 7554
f 7555 7610 7609
f 7556 7610 7555
f 7556 7611 7610
f 7557 7611 7556
f 7557 7612 7611
f 7558 7612 7557
f 7558 7613 7612
f 7559 7614 7613
f 7560 7614 7559
f 7560 7615 7614
f 7561 7615 7560
f 7561 7616 7615
f 7562 7616 7561
f 7562 7617 7616
f 7563 7617 7562
f 7563 7618 7617
f 7564 7618 7563
f 7564 7619 7618
f 7565 7619 7564
f 7565 7620 7619
f 7566 7620 7565
f 7566 7621 7620
f 7567 7621 7566
f 7567 7622 7621
f 7568 7622 7567
f 7568 7623 7622
f 7569 7623 7568
f 7569 7624 7623
f 7570 7624 7569
f 7570 7625 7624
f 7571 7625 7570
f 7571 7626 7625
f 7572 7626 7571
f 7572 7627 7626
f 7573 7627 7572
f 7573 7628 7627
f 7574 7628 7573
f 7574 7629 7628
f 7575 7629 7574
f 7575 7630 7629
f 7576 7630 7575
f 7576 7631 7630
f 7577 7631 7576
f 7577 7632 7631
f 7578 7632 7577
f 7578 7633 7632
f 7579 7633 7578
f 7579 7634 7633
f 7580 7634 7579
f 7580 7635 7634
f 7581 7635 7580
f 7581 7636 7635
f 7582 7636 7581
f 7582 7637 7636
f 7583 7637 7582
f 7583 7638 7637
f 7584 7638 7583
f 7584 7639 7638
f 7585 7639 7584
f 7585 7640 7639
f 7586 7640 7585
f 7586 7641 7640
f 7587 7641 7586
f 7587 7642 7641
f 7588 7642 7587
f 7588 7643 7642
f 7589 7643 7588
f 7589 7644 7643
f 7590 7644 7589
f 7590 7645 7644
f 7591 7645 7590
f 7591 7646 7645
f 7592 7646 7591
f 7592 7647 7646
f 7593 7647 7592
f 7593 7648 7647
f 7594 7648 7593
f 7594 7649 7648
f 7595 7649 7594
f 7595 7650 7649
f 7596 7650 7595
f 7596 7651 7650
f 7597 7651 7596
f 7597 7652 7651
f 7598 7652 7597
f 7598 7653 7652
f 7599 7653 7598
f 7599 7654 7653
f 7600 7654 7599
f 7600 7655 7654
f 7601 7655 7600
f 7601 7656 7655
f 7602 7656 7601
f 7602 7657 7656
f 7603 7657 7602
f 7613 7659 7658
f 7614 7659 7613
f 7614 7660 7659
f 7615 7660 7614
f 7615 7661 7660
f 7616 7661 7615
f 7616 7662 7661
f 7617 7662 7616
f 7617 7663 7662
f 7618 7663 7617
f 7618 7664 7663
f 7619 7664 7618
f 7619 7665 7664
f 7620 7665 7619
f 7620 7666 7665
f 7621 7666 7620
f 7621 7667 7666
f 7622 7667 7621
f 7622 7668 7667
f 7623 7668 7622
f 7623 7669 7668
f 7624 7669 7623
f 7624 7670 7669
f 7625 7670 7624
f 7625 7671 7670
f 7626 7671 7625
f 7626 7672 7671
f 7627 7672 7626
f 7627 7673 7672
f 7628 7673 7627
f 7628 7674 7673
f 7629 7674 7628
f 7629 7675 7674
f 7630 7675 7629
f 7630 7676 7675
f 7631 7676 7630
f 7631 7677 7676
f 7632 7677 7631
f 7632 7678 7677
f 7633 7678 7632
f 7633 7679 7678
f 7634 7679 7633
f 7634 7680 7679
f 7635 7680 7634
f 7635 7681 7680
f 7636 7681 7635
f 7636 7682 7681
f 7637 7682 7636
f 7637 7683 7682
f 7638 7683 7637
f 7638 7684 7683
f 7639 7684 7638
f 7639 7685 7684
f 7640 7685 7639
f 7640 7686 7685
f 7641 7686 7640
f 7641 7687 7686
f 7642 7687 7641
f 7642 7688 7687
f 7643 7688 7642
f 7643 7689 7688
f 7644 7689 7643
f 7644 7690 7689
f 7645 7690 7644
f 7645 7691 7690
f 7646 7691 7645
f 7646 7692 7691
f 7647 7692 7646
f 7647 7693 7692
f 7648 7693 7647
f 7648 7694 7693
f 7649 7694 7648
f 7649 7695 7694
f 7650 7695 7649
f 7650 7696 7695
f 7651 7696 7650
f 7651 7697 7696
f 7652 7697 7651
f 7652 7698 7697
f 7653 7698 7652
f 7653 7699 7698
f 7654 7699 7653
f 7654 7700 7699
f 7655 7700 7654
f 7655 7701 7700
f 7656 7701 7655
f 7656 7702 7701
f 7657 7702 7656
f 7661 7704 7703
f 7662 7704 7661
f 7662 7705 7704
f 7663 7705 7662
f 7663 7706 7705
f 7664 7706 7663
f 7664 7707 7706
f 7665 7707 7664
f 7665 7708 7707
f 7666 7708 7665
f 7666 7709 7708
f 7667 7709 7666
f 7667 7710 7709
f 7668 7710 7667
f 7668 7711 7710
f 7669 7711 7668
f 7669 7712 7711
f 7670 7712 7669
f 7670 7713 7712
f 7671 7713 7670
f 7671 7714 7713
f 7672 7714 7671
f 7672 7715 7714
f 7673 7715 7672
f 7673 7716 7715
f 7674 7716 7673
f 7674 7717 7716
f 7675 7717 7674
f 7675 7718 7717
f 7676 7718 7675
f 7676 7719 7718
f 7677 7719 7676
f 7677 7720 7719
f 7678 7720 7677
f 7678 7721 7720
f 7679 7721 7678
f 7679 7722 7721
f 7680 7722 7679
f 7680 7723 7722
f 7681 7723 7680
f 7681 7724 7723
f 7682 7724 7681
f 7682 7725 7724
f 7683 7725 7682
f 7683 7726 7725
f 7684 7726 7683
f 7684 7727 7726
f 7685 7727 7684
f 7685 7728 7727
f 7686 7728 7685
f 7686 7729 7728
f 7687 7729 7686
f 7687 7730 7729
f 7688 7730 7687
f 7688 7731 7730
f 7689 7731 7688
f 7689 7732 7731
f 7690 7732 7689
f 7690 7733 7732
f 7691 7733 7690
f 7691 7734 7733
f 7692 7734 7691
f 7692 7735 7734
f 7693 7735 7692
f 7693 7736 7735
f 7694 7736 7693
f 7694 7737 7736
f 7695 7737 7694
f 7695 7738 7737
f 7696 7738 7695
f 7696 7739 7738
f 7697 7739 7696
f 7697 7740 7739
f 7698 7740 7697
f 7698 7741 7740
f 7699 7741 7698
f 7699 7742 7741
f 7700 7742 7699
f 7700 7743 7742
f 7701 7743 7700
f 7701 7744 7743
f 7702 7744 7701
f 7706 7746 7745
f 7707 7746 7706
f 7707 7747 7746
f 7708 7747 7707
f 7708 7748 7747
f 7709 7748 7708
f 7709 7749 7748
f 7710 7749 7709
f 7710 7750 7749
f 7711 7750 7710
f 7711 7751 7750
f 7712 7751 7711
f 7712 7752 7751
f 7713 7752 7712
f 7713 7753 7752
f 7714 7753 7713
f 7714 7754 7753
f 7715 7754 7714
f 7715 7755 7754
f 7716 7755 7715
f 7716 7756 7755
f 7717 7756 7716
f 7717 7757 7756
f 7718 7757 7717
f 7718 7758 7757
f 7719 7758 7718
f 7719 7759 7758
f 7720 7759 7719
f 7720 7760 7759
f 7721 7760 7720
f 7721 7761 7760
f 7722 7761 7721
f 7722 7762 7761
f 7723 7762 7722
f 7723 7763 7762
f 7724 7763 7723
f 7724 7764 7763
f 7725 7764 7724
f 7725 7765 7764
f 7726 7765 7725
f 7726 7766 7765
f 7727 7766 7726
f 7727 7767 7766
f 7728 7767 7727
f 7728 7768 7767
f 7729 7768 7728
f 7729 7769 7768
f 7730 7769 7729
f 7730 7770 7769
f 7731 7770 7730
f 7731 7771 7770
f 7732 7771 7731
f 7732 7772 7771
f 7733 7772 7732
f 7733 7773 7772
f 7734 7773 7733
f 7734 7774 7773
f 7735 7774 7734
f 7735 7775 7774
f 7736 7775 7735
f 7736 7776 7775
f 7737 7776 7736
f 7737 7777 7776
f 7738 7777 7737
f 7738 7778 7777
f 7739 7778 7738
f 7739 7779 7778
f 7740 7779 7739
f 7740 7780 7779
f 7741 7780 7740
f 7741 7781 7780
f 7742 7781 7741
f 7742 7782 7781
f 7743 7782 7742
f 7743 7783 7782
f 7744 7783 7743
f 7749 7785 7784
f 7750 7785 7749
f 7750 7786 7785
f 7751 7786 7750
f 7751 7787 7786
f 7752 7787 7751
f 7752 7788 7787
f 7753 7788 7752
f 7753 7789 7788
f 7754 7789 7753
f 7754 7790 7789
f 7755 7790 7754
f 7755 7791 7790
f 7756 7791 7755
f 7756 7792 7791
f 7757 7792 7756
f 7757 7793 7792
f 7758 7793 7757
f 7758 7794 7793
f 7759 7794 7758
f 7759 7795 7794
f 7760 7795 7759
f 7760 7796 7795
f 7761 7796 7760
f 7761 7797 7796
f 7762 7797 7761
f 7762 7798 7797
f 7763 7798 7762
f 7763 7799 7798
f 7764 7799 7763
f 7764 7800 7799
f 7765 7800 7764
f 7765 7801 7800
f 7766 7801 7765
f 7766 7802 7801
f 7767 7802 7766
f 7767 7803 7802
f 7768 7803 7767
f 7768 7804 7803
f 7769 7804 7768
f 7769 7805 7804
f 7770 7805 7769
f 7770 7806 7805
f 7771 7806 7770
f 7771 7807 7806
f 7772 7807 7771
f 7772 7808 7807
f 7773 7808 7772
f 7773 7809 7808
f 7774 7809 7773
f 7774 7810 7809
f 7775 7810 7774
f 7775 7811 7810
f 7776 7811 7775
f 7776 7812 7811
f 7777 7812 7776
f 7777 7813 7812
f 7778 7813 7777
f 7778 7814 7813
f 7779 7814 7778
f 7779 7815 7814
f 7780 7815 7779
f 7780 7816 7815
f 7781 7816 7780
f 7781 7817 7816
f 7782 7817 7781
f 7782 7818 7817
f 7783 7818 7782
f 7791 7825 7824
f 7792 7825 7791
f 7792 7826 7825
f 7793 7826 7792
f 7793 7827 7826
f 7794 7827 7793
f 7794 7828 7827
f 7795 7828 7794
f 7795 7829 7828
f 7796 7829 7795
f 7796 7830 7829
f 7797 7830 7796
f 7797 7831 7830
f 7798 7831 7797
f 7798 7832 7831
f 7799 7832 7798
f 7799 7833 7832
f 7800 7833 7799
f 7800 7834 7833
f 7801 7834 7800
f 7801 7835 7834
f 7802 7835 7801
f 7802 7836 7835
f 7803 7836 7802
f 7803 7837 7836
f 7804 7837 7803
f 7804 7838 7837
f 7805 7838 7804
f 7805 7839 7838
f 7806 7839 7805
f 7806 7840 7839
f 7807 7840 7806
f 7807 7841 7840
f 7808 7841 7807
f 7808 7842 7841
f 7809 7842 7808
f 7809 7843 7842
f 7810 7843 7809
f 7810 7844 7843
f 7811 7844 7810
f 7811 7845 7844
f 7812 7845 7811
f 7812 7846 7845
f 7813 7846 7812
f 7813 7847 7846
f 7814 7847 7813
f 7814 7848 7847
f 7815 7848 7814
f 7815 7849 7848
f 7816 7849 7815
f 7816 7850 7849
f 7817 7850 7816
f 7817 7851 7850
f 7818 7851 7817
f 7819 7854 7853
f 7820 7855 7854
f 7821 7855 7820
f 7821 7856 7855
f 7822 7856 7821
f 7822 7857 7856
f 7823 7857 7822
f 7823 7858 7857
f 7832 7870 7869
f 7833 7870 7832
f 7833 7871 7870
f 7834 7871 7833
f 7834 7872 7871
f 7835 7872 7834
f 7835 7873 7872
f 7836 7873 7835
f 7836 7874 7873
f 7837 7874 7836
f 7837 7875 7874
f 7838 7875 7837
f 7838 7876 7875
f 7839 7876 7838
f 7839 7877 7876
f 7840 7877 7839
f 7840 7878 7877
f 7841 7878 7840
f 7841 7879 7878
f 7842 7879 7841
f 7842 7880 7879
f 7843 7880 7842
f 7843 7881 7880
f 7844 7881 7843
f 7844 7882 7881
f 7845 7882 7844
f 7845 7883 7882
f 7846 7883 7845
f 7846 7884 7883
f 7847 7884 7846
f 7847 7885 7884
f 7848 7885 7847
f 7848 7886 7885
f 7849 7886 7848
f 7851 7889 7888
f 7852 7890 7889
f 7853 7890 7852
f 7853 7891 7890
f 7854 7891 7853
f 7854 7892 7891
f 7855 7892 7854
f 7855 7893 7892
f 7856 7893 7855
f 7856 7894 7893
f 7857 7894 7856
f 7857 7895 7894
f 7858 7895 7857
f 7858 7896 7895
f 7859 7896 7858
f 7859 7897 7896
f 7860 7900 7899
f 7861 7900 7860
f 7861 7901 7900
f 7862 7901 7861
f 7862 7902 7901
f 7863 7902 7862
f 7863 7903 7902
f 7864 7903 7863
f 7864 7904 7903
f 7865 7904 7864
f 7865 7905 7904
f 7866 7905 7865
f 7866 7906 7905
f 7867 7906 7866
f 7867 7907 7906
f 7868 7907 7867
f 7868 7908 7907
f 7879 7919 7918
f 7880 7919 7879
f 7880 7920 7919
f 7881 7920 7880
f 7881 7921 7920
f 7882 7921 7881
f 7882 7922 7921
f 7883 7922 7882
f 7883 7923 7922
f 7884 7923 7883
f 7884 7924 7923
f 7885 7924 7884
f 7885 7925 7924
f 7886 7925 7885
f 7886 7926 7925
f 7887 7927 7926
f 7888 7927 7887
f 7888 7928 7927
f 7889 7928 7888
f 7889 7929 7928
f 7890 7929 7889
f 7890 7930 7929
f 7891 7930 7890
f 7891 7931 7930
f 7892 7931 7891
f 7892 7932 7931
f 7893 7932 7892
f 7893 7933 7932
f 7894 7933 7893
f 7894 7934 7933
f 7895 7934 7894
f 7895 7935 7934
f 7896 7935 7895
f 7896 7936 7935
f 7897 7936 7896
f 7897 7937 7936
f 7898 7937 7897
f 7898 7938 7937
f 7899 7941 7940
f 7900 7941 7899
f 7900 7942 7941
f 7901 7942 7900
f 7901 7943 7942
f 7902 7943 7901
f 7902 7944 7943
f 7903 7944 7902
f 7903 7945 7944
f 7904 7945 7903
f 7904 7946 7945
f 7905 7946 7904
f 7905 7947 7946
f 7906 7947 7905
f 7906 7948 7947
f 7907 7948 7906
f 7907 7949 7948
f 7908 7949 7907
f 7908 7950 7949
f 7909 7950 7908
f 7909 7951 7950
f 7910 7951 7909
f 7910 7952 7951
f 7911 7952 7910
f 7911 7953 7952
f 7912 7953 7911
f 7912 7954 7953
f 7913 7954 7912
f 7913 7955 7954
f 7914 7955 7913
f 7914 7956 7955
f 7915 7956 7914
f 7915 7957 7956
f 7916 7957 7915
f 7916 7958 7957
f 7917 7958 7916
f 7917 7959 7958
f 7918 7959 7917
f 7918 7960 7959
f 7919 7960 7918
f 7919 7961 7960
f 7920 7961 7919
f 7920 7962 7961
f 7921 7962 7920
f 7921 7963 7962
f 7922 7963 7921
f 7922 7964 7963
f 7923 7964 7922
f 7923 7965 7964
f 7924 7965 7923
f 7924 7966 7965
f 7925 7966 7924
f 7925 7967 7966
f 7926 7967 7925
f 7926 7968 7967
f 7927 7968 7926
f 7927 7969 7968
f 7928 7969 7927
f 7928 7970 7969
f 7929 7970 7928
f 7929 7971 7970
f 7930 7971 7929
f 7930 7972 7971
f 7931 7972 7930
f 7931 7973 7972
f 7932 7973 7931
f 7932 7974 7973
f 7933 7974 7932
f 7933 7975 7974
f 7934 7975 7933
f 7934 7976 7975
f 7935 7976 7934
f 7935 7977 7976
f 7936 7977 7935
f 7936 7978 7977
f 7937 7978 7936
f 7937 7979 7978
f 7938 7979 7937
f 7938 7980 7979
f 7939 7980 7938
f 7939 7981 7980
f 7940 7984 7983
f 7941 7984 7940
f 7941 7985 7984
f 7942 7985 7941
f 7942 7986 7985
f 7943 7986 7942
f 7943 7987 7986
f 7944 7987 7943
f 7944 7988 7987
f 7945 7988 7944
f 7945 7989 7988
f 7946 7989 7945
f 7946 7990 7989
f 7947 7990 7946
f 7947 7991 7990
f 7948 7991 7947
f 7948 7992 7991
f 7949 7992 7948
f 7949 7993 7992
f 7950 7993 7949
f 7950 7994 7993
f 7951 7994 7950
f 7951 7995 7994
f 7952 7995 7951
f 7952 7996 7995
f 7953 7996 7952
f 7953 7997 7996
f 7954 7997 7953
f 7954 7998 7997
f 7955 7998 7954
f 7955 7999 7998
f 7956 7999 7955
f 7956 8000 7999
f 7957 8000 7956
f 7957 8001 8000
f 7958 8001 7957
f 7958 8002 8001
f 7959 8002 7958
f 7959 8003 8002
f 7960 8003 7959
f 7960 8004 8003
f 7961 8004 7960
f 7961 8005 8004
f 7962 8005 7961
f 7962 8006 8005
f 7963 8006 7962
f 7963 8007 8006
f 7964 8007 7963
f 7964 8008 8007
f 7965 8008 7964
f 7965 8009 8008
f 7966 8009 7965
f 7966 8010 8009
f 7967 8010 7966
f 7967 8011 8010
f 7968 8011 7967
f 7968 8012 8011
f 7969 8012 7968
f 7969 8013 8012
f 7970 8013 7969
f 7970 8014 8013
f 7971 8014 7970
f 7971 8015 8014
f 7972 8015 7971
f 7972 8016 8015
f 7973 8016 7972
f 7973 8017 8016
f 7974 8017 7973
f 7974 8018 8017
f 7975 8018 7974
f 7975 8019 8018
f 7976 8019 7975
f 7976 8020 8019
f 7977 8020 7976
f 7977 8021 8020
f 7978 8021 7977
f 7978 8022 8021
f 7979 8022 7978
f 7979 8023 8022
f 7980 8023 7979
f 7980 8024 8023
f 7981 8024 7980
f 7981 8025 8024
f 7982 8025 7981
f 7982 8026 8025
f 7983 8030 8029
f 7984 8030 7983
f 7984 8031 8030
f 7985 8031 7984
f 7985 8032 8031
f 7986 8032 7985
f 7986 8033 8032
f 7987 8033 7986
f 7987 8034 8033
f 7988 8034 7987
f 7988 8035 8034
f 7989 8035 7988
f 7989 8036 8035
f 7990 8036 7989
f 7990 8037 8036
f 7991 8037 7990
f 7991 8038 8037
f 7992 8038 7991
f 7992 8039 8038
f 7993 8039 7992
f 7993 8040 8039
f 7994 8040 7993
f 7994 8041 8040
f 7995 8041 7994
f 7995 8042 8041
f 7996 8042 7995
f 7996 8043 8042
f 7997 8043 7996
f 7997 8044 8043
f 7998 8044 7997
f 7998 8045 8044
f 7999 8045 7998
f 7999 8046 8045
f 8000 8046 7999
f 8000 8047 8046
f 8001 8047 8000
f 8001 8048 8047
f 8002 8048 8001
f 8002 8049 8048
f 8003 8049 8002
f 8003 8050 8049
f 8004 8050 8003
f 8004 8051 8050
f 8005 8051 8004
f 8005 8052 8051
f 8006 8052 8005
f 8006 8053 8052
f 8007 8053 8006
f 8007 8054 8053
f 8008 8054 8007
f 8008 8055 8054
f 8009 8055 8008
f 8009 8056 8055
f 8010 8056 8009
f 8010 8057 8056
f 8011 8057 8010
f 8011 8058 8057
f 8012 8058 8011
f 8012 8059 8058
f 8013 8059 8012
f 8013 8060 8059
f 8014 8060 8013
f 8014 8061 8060
f 8015 8061 8014
f 8015 8062 8061
f 8016 8062 8015
f 8016 8063 8062
f 8017 8063 8016
f 8017 8064 8063
f 8018 8064 8017
f 8018 8065 8064
f 8019 8065 8018
f 8019 8066 8065
f 8020 8066 8019
f 8020 8067 8066
f 8021 8067 8020
f 8021 8068 8067
f 8022 8068 8021
f 8022 8069 8068
f 8023 8069 8022
f 8023 8070 8069
f 8024 8070 8023
f 8024 8071 8070
f 8025 8071 8024
f 8025 8072 8071
f 8026 8072 8025
f 8026 8073 8072
f 8027 8073 8026
f 8027 8074 8073
f 8028 8074 8027
f 8028 8075 8074
f 8030 8077 8029
f 8030 8078 8077
f 8031 8078 8030
f 8031 8079 8078
f 8032 8079 8031
f 8032 8080 8079
f 8033 8080 8032
f 8033 8081 8080
f 8034 8081 8033
f 8034 8082 8081
f 8035 8082 8034
f 8035 8083 8082
f 8036 8083 8035
f 8036 8084 8083
f 8037 8084 8036
f 8037 8085 8084
f 8038 8085 8037
f 8038 8086 8085
f 8039 8086 8038
f 8039 8087 8086
f 8040 8087 8039
f 8040 8088 8087
f 8041 8088 8040
f 8041 8089 8088
f 8042 8089 8041
f 8042 8090 8089
f 8043 8090 8042
f 8043 8091 8090
f 8044 8091 8043
f 8044 8092 8091
f 8045 8092 8044
f 8045 8093 8092
f 8046 8093 8045
f 8046 8094 8093
f 8047 8094 8046
f 8047 8095 8094
f 8048 8095 8047
f 8048 8096 8095
f 8049 8096 8048
f 8049 8097 8096
f 8050 8097 8049
f 8050 8098 8097
f 8051 8098 8050
f 8051 8099 8098
f 8052 8099 8051
f 8052 8100 8099
f 8053 8100 8052
f 8053 8101 8100
f 8054 8101 8053
f 8054 8102 8101
f 8055 8102 8054
f 8055 8103 8102
f 8056 8103 8055
f 8056 8104 8103
f 8057 8104 8056
f 8057 8105 8104
f 8058 8105 8057
f 8058 8106 8105
f 8059 8106 8058
f 8059 8107 8106
f 8060 8107 8059
f 8060 8108 8107
f 8061 8108 8060
f 8061 8109 8108
f 8062 8109 8061
f 8062 8110 8109
f 8063 8110 8062
f 8063 8111 8110
f 8064 8111 8063
f 8064 8112 8111
f 8065 8112 8064
f 8065 8113 8112
f 8066 8113 8065
f 8066 8114 8113
f 8067 8114 8066
f 8067 8115 8114
f 8068 8115 8067
f 8068 8116 8115
f 8069 8116 8068
f 8069 8117 8116
f 8070 8117 8069
f 8070 8118 8117
f 8071 8118 8070
f 8071 8119 8118
f 8072 8119 8071
f 8072 8120 8119
f 8073 8120 8072
f 8073 8121 8120
f 8074 8121 8073
f 8074 8122 8121
f 8075 8122 8074
f 8075 8123 8122
f 8076 8123 8075
f 8076 8124 8123
f 8077 8127 8126
f 8078 8127 8077
f 8078 8128 8127
f 8079 8128 8078
f 8079 8129 8128
f 8080 8129 8079
f 8080 8130 8129
f 8081 8130 8080
f 8081 8131 8130
f 8082 8131 8081
f 8082 8132 8131
f 8083 8132 8082
f 8083 8133 8132
f 8084 8133 8083
f 8084 8134 8133
f 8085 8134 8084
f 8085 8135 8134
f 8086 8135 8085
f 8086 8136 8135
f 8087 8136 8086
f 8087 8137 8136
f 8088 8137 8087
f 8088 8138 8137
f 8089 8138 8088
f 8089 8139 8138
f 8090 8139 8089
f 8090 8140 8139
f 8091 8140 8090
f 8091 8141 8140
f 8092 8141 8091
f 8092 8142 8141
f 8093 8142 8092
f 8093 8143 8142
f 8094 8143 8093
f 8094 8144 8143
f 8095 8144 8094
f 8095 8145 8144
f 8096 8145 8095
f 8096 8146 8145
f 8097 8146 8096
f 8097 8147 8146
f 8098 8147 8097
f 8098 8148 8147
f 8099 8148 8098
f 8099 8149 8148
f 8100 8149 8099
f 8100 8150 8149
f 8101 8150 8100
f 8101 8151 8150
f 8102 8151 8101
f 8102 8152 8151
f 8103 8152 8102
f 8103 8153 8152
f 8104 8153 8103
f 8104 8154 8153
f 8105 8154 8104
f 8105 8155 8154
f 8106 8155 8105
f 8106 8156 8155
f 8107 8156 8106
f 8107 8157 8156
f 8108 8157 8107
f 8108 8158 8157
f 8109 8158 8108
f 8109 8159 8158
f 8110 8159 8109
f 8110 8160 8159
f 8111 8160 8110
f 8111 8161 8160
f 8112 8161 8111
f 8112 8162 8161
f 8113 8162 8112
f 8113 8163 8162
f 8114 8163 8113
f 8114 8164 8163
f 8115 8164 8114
f 8115 8165 8164
f 8116 8165 8115
f 8116 8166 8165
f 8117 8166 8116
f 8117 8167 8166
f 8118 8167 8117
f 8118 8168 8167
f 8119 8168 8118
f 8119 8169 8168
f 8120 8169 8119
f 8120 8170 8169
f 8121 8170 8120
f 8121 8171 8170
f 8122 8171 8121
f 8122 8172 8171
f 8123 8172 8122
f 8123 8173 8172
f 8124 8173 8123
f 8124 8174 8173
f 8125 8174 8124
f 8125 8175 8174
f 8126 8178 8177
f 8127 8178 8126
f 8127 8179 8178
f 8128 8179 8127
f 8128 8180 8179
f 8129 8180 8128
f 8129 8181 8180
f 8130 8181 8129
f 8130 8182 8181
f 8131 8182 8130
f 8131 8183 8182
f 8132 8183 8131
f 8132 8184 8183
f 8133 8184 8132
f 8133 8185 8184
f 8134 8185 8133
f 8134 8186 8185
f 8135 8186 8134
f 8135 8187 8186
f 8136 8187 8135
f 8136 8188 8187
f 8137 8188 8136
f 8137 8189 8188
f 8138 8189 8137
f 8138 8190 8189
f 8139 8190 8138
f 8139 8191 8190
f 8140 8191 8139
f 8140 8192 8191
f 8141 8192 8140
f 8141 8193 8192
f 8142 8193 8141
f 8142 8194 8193
f 8143 8194 8142
f 8143 8195 8194
f 8144 8195 8143
f 8144 8196 8195
f 8145 8196 8144
f 8145 8197 8196
f 8146 8197 8145
f 8146 8198 8197
f 8147 8198 8146
f 8147 8199 8198
f 8148 8199 8147
f 8148 8200 8199
f 8149 8200 8148
f 8149 8201 8200
f 8150 8201 8149
f 8150 8202 8201
f 8151 8202 8150
f 8151 8203 8202
f 8152 8203 8151
f 8152 8204 8203
f 8153 8204 8152
f 8153 8205 8204
f 8154 8205 8153
f 8154 8206 8205
f 8155 8206 8154
f 8155 8207 8206
f 8156 8207 8155
f 8156 8208 8207
f 8157 8208 8156
f 8157 8209 8208
f 8158 8209 8157
f 8158 8210 8209
f 8159 8210 8158
f 8159 8211 8210
f 8160 8211 8159
f 8160 8212 8211
f 8161 8212 8160
f 8161 8213 8212
f 8162 8213 8161
f 8162 8214 8213
f 8163 8214 8162
f 8163 8215 8214
f 8164 8215 8163
f 8164 8216 8215
f 8165 8216 8164
f 8165 8217 8216
f 8166 8217 8165
f 8166 8218 8217
f 8167 8218 8166
f 8167 8219 8218
f 8168 8219 8167
f 8168 8220 8219
f 8169 8220 8168
f 8169 8221 8220
f 8170 8221 8169
f 8170 8222 8221
f 8171 8222 8170
f 8171 8223 8222
f 8172 8223 8171
f 8172 8224 8223
f 8173 8224 8172
f 8173 8225 8224
f 8174 8225 8173
f 8174 8226 8225
f 8175 8226 8174
f 8175 8227 8226
f 8176 8227 8175
f 8176 8228 8227
f 8178 8230 8177
f 8178 8231 8230
f 8179 8231 8178
f 8179 8232 8231
f 8180 8232 8179
f 8180 8233 8232
f 8181 8233 8180
f 8181 8234 8233
f 8182 8234 8181
f 8182 8235 8234
f 8183 8235 8182
f 8183 8236 8235
f 8184 8236 8183
f 8184 8237 8236
f 8185 8237 8184
f 8185 8238 8237
f 8186 8238 8185
f 8186 8239 8238
f 8187 8239 8186
f 8187 8240 8239
f 8188 8240 8187
f 8188 8241 8240
f 8189 8241 8188
f 8189 8242 8241
f 8190 8242 8189
f 8190 8243 8242
f 8191 8243 8190
f 8191 8244 8243
f 8192 8244 8191
f 8192 8245 8244
f 8193 8245 8192
f 8193 8246 8245
f 8194 8246 8193
f 8194 8247 8246
f 8195 8247 8194
f 8195 8248 8247
f 8196 8248 8195
f 8196 8249 8248
f 8197 8249 8196
f 8197 8250 8249
f 8198 8250 8197
f 8198 8251 8250
f 8199 8251 8198
f 8199 8252 8251
f 8200 8252 8199
f 8200 8253 8252
f 8201 8253 8200
f 8201 8254 8253
f 8202 8254 8201
f 8202 8255 8254
f 8203 8255 8202
f 8203 8256 8255
f 8204 8256 8203
f 8204 8257 8256
f 8205 8257 8204
f 8205 8258 8257
f 8206 8258 8205
f 8206 8259 8258
f 8207 8259 8206
f 8207 8260 8259
f 8208 8260 8207
f 8208 8261 8260
f 8209 8261 8208
f 8209 8262 8261
f 8210 8262 8209
f 8210 8263 8262
f 8211 8263 8210
f 8211 8264 8263
f 8212 8264 8211
f 8212 8265 8264
f 8213 8265 8212
f 8213 8266 8265
f 8214 8266 8213
f 8214 8267 8266
f 8215 8267 8214
f 8215 8268 8267
f 8216 8268 8215
f 8216 8269 8268
f 8217 8269 8216
f 8217 8270 8269
f 8218 8270 8217
f 8218 8271 8270
f 8219 8271 8218
f 8219 8272 8271
f 8220 8272 8219
f 8220 8273 8272
f 8221 8273 8220
f 8221 8274 8273
f 8222 8274 8221
f 8222 8275 8274
f 8223 8275 8222
f 8223 8276 8275
f 8224 8276 8223
f 8224 8277 8276
f 8225 8277 8224
f 8225 8278 8277
f 8226 8278 8225
f 8226 8279 8278
f 8227 8279 8226
f 8227 8280 8279
f 8228 8280 8227
f 8228 8281 8280
f 8229 8281 8228
f 8229 8282 8281
f 8230 8285 8284
f 8231 8285 8230
f 8231 8286 8285
f 8232 8286 8231
f 8232 8287 8286
f 8233 8287 8232
f 8233 8288 8287
f 8234 8288 8233
f 8234 8289 8288
f 8235 8289 8234
f 8235 8290 8289
f 8236 8290 8235
f 8236 8291 8290
f 8237 8291 8236
f 8237 8292 8291
f 8238 8292 8237
f 8238 8293 8292
f 8239 8293 8238
f 8239 8294 8293
f 8240 8294 8239
f 8240 8295 8294
f 8241 8295 8240
f 8241 8296 8295
f 8242 8296 8241
f 8242 8297 8296
f 8243 8297 8242
f 8243 8298 8297
f 8244 8298 8243
f 8244 8299 8298
f 8245 8299 8244
f 8245 8300 8299
f 8246 8300 8245
f 8246 8301 8300
f 8247 8301 8246
f 8247 8302 8301
f 8248 8302 8247
f 8248 8303 8302
f 8249 8303 8248
f 8249 8304 8303
f 8250 8304 8249
f 8250 8305 8304
f 8251 8305 8250
f 8251 8306 8305
f 8252 8306 8251
f 8252 8307 8306
f 8253 8307 8252
f 8253 8308 8307
f 8254 8308 8253
f 8254 8309 8308
f 8255 8309 8254
f 8255 8310 8309
f 8256 8310 8255
f 8256 8311 8310
f 8257 8311 8256
f 8257 8312 8311
f 8258 8312 8257
f 8258 8313 8312
f 8259 8313 8258
f 8259 8314 8313
f 8260 8314 8259
f 8260 8315 8314
f 8261 8315 8260
f 8261 8316 8315
f 8262 8316 8261
f 8262 8317 8316
f 8263 8317 8262
f 8263 8318 8317
f 8264 8318 8263
f 8264 8319 8318
f 8265 8319 8264
f 8265 8320 8319
f 8266 8320 8265
f 8266 8321 8320
f 8267 8321 8266
f 8267 8322 8321
f 8268 8322 8267
f 8268 8323 8322
f 8269 8323 8268
f 8269 8324 8323
f 8270 8324 8269
f 8270 8325 8324
f 8271 8325 8270
f 8271 8326 8325
f 8272 8326 8271
f 8272 8327 8326
f 8273 8327 8272
f 8273 8328 8327
f 8274 8328 8273
f 8274 8329 8328
f 8275 8329 8274
f 8275 8330 8329
f 8276 8330 8275
f 8276 8331 8330
f 8277 8331 8276
f 8277 8332 8331
f 8278 8332 8277
f 8278 8333 8332
f 8279 8333 8278
f 8279 8334 8333
f 8280 8334 8279
f 8280 8335 8334
f 8281 8335 8280
f 8281 8336 8335
f 8282 8336 8281
f 8282 8337 8336
f 8283 8337 8282
f 8283 8338 8337
f 8284 8340 8339
f 8285 8340 8284
f 8285 8341 8340
f 8286 8341 8285
f 8286 8342 8341
f 8287 8342 8286
f 8287 8343 8342
f 8288 8343 8287
f 8288 8344 8343
f 8289 8344 8288
f 8289 8345 8344
f 8290 8345 8289
f 8290 8346 8345
f 8291 8346 8290
f 8291 8347 8346
f 8292 8347 8291
f 8292 8348 8347
f 8293 8348 8292
f 8293 8349 8348
f 8294 8349 8293
f 8294 8350 8349
f 8295 8350 8294
f 8295 8351 8350
f 8296 8351 8295
f 8296 8352 8351
f 8297 8352 8296
f 8297 8353 8352
f 8298 8353 8297
f 8298 8354 8353
f 8299 8354 8298
f 8299 8355 8354
f 8300 8355 8299
f 8300 8356 8355
f 8301 8356 8300
f 8301 8357 8356
f 8302 8357 8301
f 8302 8358 8357
f 8303 8358 8302
f 8303 8359 8358
f 8304 8359 8303
f 8304 8360 8359
f 8305 8360 8304
f 8305 8361 8360
f 8306 8361 8305
f 8306 8362 8361
f 8307 8362 8306
f 8307 8363 8362
f 8308 8363 8307
f 8308 8364 8363
f 8309 8364 8308
f 8309 8365 8364
f 8310 8365 8309
f 8310 8366 8365
f 8311 8366 8310
f 8311 8367 8366
f 8312 8367 8311
f 8312 8368 8367
f 8313 8368 8312
f 8313 8369 8368
f 8314 8369 8313
f 8314 8370 8369
f 8315 8370 8314
f 8315 8371 8370
f 8316 8371 8315
f 8316 8372 8371
f 8317 8372 8316
f 8317 8373 8372
f 8318 8373 8317
f 8318 8374 8373
f 8319 8374 8318
f 8319 8375 8374
f 8320 8375 8319
f 8320 8376 8375
f 8321 8376 8320
f 8321 8377 8376
f 8322 8377 8321
f 8322 8378 8377
f 8323 8378 8322
f 8323 8379 8378
f 8324 8379 8323
f 8324 8380 8379
f 8325 8380 8324
f 8325 8381 8380
f 8326 8381 8325
f 8326 8382 8381
f 8327 8382 8326
f 8327 8383 8382
f 8328 8383 8327
f 8328 8384 8383
f 8329 8384 8328
f 8329 8385 8384
f 8330 8385 8329
f 8330 8386 8385
f 8331 8386 8330
f 8331 8387 8386
f 8332 8387 8331
f 8332 8388 8387
f 8333 8388 8332
f 8333 8389 8388
f 8334 8389 8333
f 8334 8390 8389
f 8335 8390 8334
f 8335 8391 8390
f 8336 8391 8335
f 8336 8392 8391
f 8337 8392 8336
f 8337 8393 8392
f 8338 8393 8337
f 8338 8394 8393
f 8339 8397 8396
f 8340 8397 8339
f 8340 8398 8397
f 8341 8398 8340
f 8341 8399 8398
f 8342 8399 8341
f 8342 8400 8399
f 8343 8400 8342
f 8343 8401 8400
f 8344 8401 8343
f 8344 8402 8401
f 8345 8402 8344
f 8345 8403 8402
f 8346 8403 8345
f 8346 8404 8403
f 8347 8404 8346
f 8347 8405 8404
f 8348 8405 8347
f 8348 8406 8405
f 8349 8406 8348
f 8349 8407 8406
f 8350 8407 8349
f 8350 8408 8407
f 8351 8408 8350
f 8351 8409 8408
f 8352 8409 8351
f 8352 8410 8409
f 8353 8410 8352
f 8353 8411 8410
f 8354 8411 8353
f 8354 8412 8411
f 8355 8412 8354
f 8355 8413 8412
f 8356 8413 8355
f 8356 8414 8413
f 8357 8414 8356
f 8357 8415 8414
f 8358 8415 8357
f 8358 8416 8415
f 8359 8416 8358
f 8359 8417 8416
f 8360 8417 8359
f 8360 8418 8417
f 8361 8418 8360
f 8361 8419 8418
f 8362 8419 8361
f 8362 8420 8419
f 8363 8420 8362
f 8363 8421 8420
f 8364 8421 8363
f 8364 8422 8421
f 8365 8422 8364
f 8365 8423 8422
f 8366 8423 8365
f 8366 8424 8423
f 8367 8424 8366
f 8367 8425 8424
f 8368 8425 8367
f 8368 8426 8425
f 8369 8426 8368
f 8369 8427 8426
f 8370 8427 8369
f 8370 8428 8427
f 8371 8428 8370
f 8371 8429 8428
f 8372 8429 8371
f 8372 8430 8429
f 8373 8430 8372
f 8373 8431 8430
f 8374 8431 8373
f 8374 8432 8431
f 8375 8432 8374
f 8375 8433 8432
f 8376 8433 8375
f 8376 8434 8433
f 8377 8434 8376
f 8377 8435 8434
f 8378 8435 8377
f 8378 8436 8435
f 8379 8436 8378
f 8379 8437 8436
f 8380 8437 8379
f 8380 8438 8437
f 8381 8438 8380
f 8381 8439 8438
f 8382 8439 8381
f 8382 8440 8439
f 8383 8440 8382
f 8383 8441 8440
f 8384 8441 8383
f 8384 8442 8441
f 8385 8442 8384
f 8385 8443 8442
f 8386 8443 8385
f 8386 8444 8443
f 8387 8444 8386
f 8387 8445 8444
f 8388 8445 8387
f 8388 8446 8445
f 8389 8446 8388
f 8389 8447 8446
f 8390 8447 8389
f 8390 8448 8447
f 8391 8448 8390
f 8391 8449 8448
f 8392 8449 8391
f 8392 8450 8449
f 8393 8450 8392
f 8393 8451 8450
f 8394 8451 8393
f 8394 8452 8451
f 8395 8452 8394
f 8397 8455 8454
f 8398 8455 8397
f 8398 8456 8455
f 8399 8456 8398
f 8399 8457 8456
f 8400 8457 8399
f 8400 8458 8457
f 8401 8458 8400
f 8401 8459 8458
f 8402 8459 8401
f 8402 8460 8459
f 8403 8460 8402
f 8403 8461 8460
f 8404 8461 8403
f 8404 8462 8461
f 8405 8462 8404
f 8405 8463 8462
f 8406 8463 8405
f 8406 8464 8463
f 8407 8464 8406
f 8407 8465 8464
f 8408 8465 8407
f 8408 8466 8465
f 8409 8466 8408
f 8409 8467 8466
f 8410 8467 8409
f 8410 8468 8467
f 8411 8468 8410
f 8411 8469 8468
f 8412 8469 8411
f 8412 8470 8469
f 8413 8470 8412
f 8413 8471 8470
f 8414 8471 8413
f 8414 8472 8471
f 8415 8472 8414
f 8415 8473 8472
f 8416 8473 8415
f 8416 8474 8473
f 8417 8474 8416
f 8417 8475 8474
f 8418 8475 8417
f 8418 8476 8475
f 8419 8476 8418
f 8419 8477 8476
f 8420 8477 8419
f 8420 8478 8477
f 8421 8478 8420
f 8421 8479 8478
f 8422 8479 8421
f 8422 8480 8479
f 8423 8480 8422
f 8423 8481 8480
f 8424 8481 8423
f 8424 8482 8481
f 8425 8482 8424
f 8425 8483 8482
f 8426 8483 8425
f 8426 8484 8483
f 8427 8484 8426
f 8427 8485 8484
f 8428 8485 8427
f 8428 8486 8485
f 8429 8486 8428
f 8429 8487 8486
f 8430 8487 8429
f 8430 8488 8487
f 8431 8488 8430
f 8431 8489 8488
f 8432 8489 8431
f 8432 8490 8489
f 8433 8490 8432
f 8433 8491 8490
f 8434 8491 8433
f 8434 8492 8491
f 8435 8492 8434
f 8435 8493 8492
f 8436 8493 8435
f 8436 8494 8493
f 8437 8494 8436
f 8437 8495 8494
f 8438 8495 8437
f 8438 8496 8495
f 8439 8496 8438
f 8439 8497 8496
f 8440 8497 8439
f 8440 8498 8497
f 8441 8498 8440
f 8441 8499 8498
f 8442 8499 8441
f 8442 8500 8499
f 8443 8500 8442
f 8443 8501 8500
f 8444 8501 8443
f 8444 8502 8501
f 8445 8502 8444
f 8445 8503 8502
f 8446 8503 8445
f 8446 8504 8503
f 8447 8504 8446
f 8447 8505 8504
f 8448 8505 8447
f 8448 8506 8505
f 8449 8506 8448
f 8449 8507 8506
f 8450 8507 8449
f 8450 8508 8507
f 8451 8508 8450
f 8451 8509 8508
f 8452 8509 8451
f 8452 8510 8509
f 8453 8510 8452
f 8453 8511 8510
f 8455 8512 8454
f 8455 8513 8512
f 8456 8513 8455
f 8456 8514 8513
f 8457 8514 8456
f 8457 8515 8514
f 8458 8515 8457
f 8458 8516 8515
f 8459 8516 8458
f 8459 8517 8516
f 8460 8517 8459
f 8460 8518 8517
f 8461 8518 8460
f 8461 8519 8518
f 8462 8519 8461
f 8462 8520 8519
f 8463 8520 8462
f 8463 8521 8520
f 8464 8521 8463
f 8464 8522 8521
f 8465 8522 8464
f 8465 8523 8522
f 8466 8523 8465
f 8466 8524 8523
f 8467 8524 8466
f 8467 8525 8524
f 8468 8525 8467
f 8468 8526 8525
f 8469 8526 8468
f 8469 8527 8526
f 8470 8527 8469
f 8470 8528 8527
f 8471 8528 8470
f 8471 8529 8528
f 8472 8529 8471
f 8472 8530 8529
f 8473 8530 8472
f 8473 8531 8530
f 8474 8531 8473
f 8474 8532 8531
f 8475 8532 8474
f 8475 8533 8532
f 8476 8533 8475
f 8476 8534 8533
f 8477 8534 8476
f 8477 8535 8534
f 8478 8535 8477
f 8478 8536 8535
f 8479 8536 8478
f 8479 8537 8536
f 8480 8537 8479
f 8480 8538 8537
f 8481 8538 8480
f 8481 8539 8538
f 8482 8539 8481
f 8482 8540 8539
f 8483 8540 8482
f 8483 8541 8540
f 8484 8541 8483
f 8484 8542 8541
f 8485 8542 8484
f 8485 8543 8542
f 8486 8543 8485
f 8486 8544 8543
f 8487 8544 8486
f 8487 8545 8544
f 8488 8545 8487
f 8488 8546 8545
f 8489 8546 8488
f 8489 8547 8546
f 8490 8547 8489
f 8490 8548 8547
f 8491 8548 8490
f 8491 8549 8548
f 8492 8549 8491
f 8492 8550 8549
f 8493 8550 8492
f 8493 8551 8550
f 8494 8551 8493
f 8494 8552 8551
f 8495 8552 8494
f 8495 8553 8552
f 8496 8553 8495
f 8496 8554 8553
f 8497 8554 8496
f 8497 8555 8554
f 8498 8555 8497
f 8498 8556 8555
f 8499 8556 8498
f 8499 8557 8556
f 8500 8557 8499
f 8500 8558 8557
f 8501 8558 8500
f 8501 8559 8558
f 8502 8559 8501
f 8502 8560 8559
f 8503 8560 8502
f 8503 8561 8560
f 8504 8561 8503
f 8504 8562 8561
f 8505 8562 8504
f 8505 8563 8562
f 8506 8563 8505
f 8506 8564 8563
f 8507 8564 8506
f 8507 8565 8564
f 8508 8565 8507
f 8508 8566 8565
f 8509 8566 8508
f 8509 8567 8566
f 8510 8567 8509
f 8510 8568 8567
f 8511 8568 8510
f 8511 8569 8568
f 8512 8572 8571
f 8513 8572 8512
f 8513 8573 8572
f 8514 8573 8513
f 8514 8574 8573
f 8515 8574 8514
f 8515 8575 8574
f 8516 8575 8515
f 8516 8576 8575
f 8517 8576 8516
f 8517 8577 8576
f 8518 8577 8517
f 8518 8578 8577
f 8519 8578 8518
f 8519 8579 8578
f 8520 8579 8519
f 8520 8580 8579
f 8521 8580 8520
f 8521 8581 8580
f 8522 8581 8521
f 8522 8582 8581
f 8523 8582 8522
f 8523 8583 8582
f 8524 8583 8523
f 8524 8584 8583
f 8525 8584 8524
f 8525 8585 8584
f 8526 8585 8525
f 8526 8586 8585
f 8527 8586 8526
f 8527 8587 8586
f 8528 8587 8527
f 8528 8588 8587
f 8529 8588 8528
f 8529 8589 8588
f 8530 8589 8529
f 8530 8590 8589
f 8531 8590 8530
f 8531 8591 8590
f 8532 8591 8531
f 8532 8592 8591
f 8533 8592 8532
f 8533 8593 8592
f 8534 8593 8533
f 8534 8594 8593
f 8535 8594 8534
f 8535 8595 8594
f 8536 8595 8535
f 8536 8596 8595
f 8537 8596 8536
f 8537 8597 8596
f 8538 8597 8537
f 8538 8598 8597
f 8539 8598 8538
f 8539 8599 8598
f 8540 8599 8539
f 8540 8600 8599
f 8541 8600 8540
f 8541 8601 8600
f 8542 8601 8541
f 8542 8602 8601
f 8543 8602 8542
f 8543 8603 8602
f 8544 8603 8543
f 8544 8604 8603
f 8545 8604 8544
f 8545 8605 8604
f 8546 8605 8545
f 8546 8606 8605
f 8547 8606 8546
f 8547 8607 8606
f 8548 8607 8547
f 8548 8608 8607
f 8549 8608 8548
f 8549 8609 8608
f 8550 8609 8549
f 8550 8610 8609
f 8551 8610 8550
f 8551 8611 8610
f 8552 8611 8551
f 8552 8612 8611
f 8553 8612 8552
f 8553 8613 8612
f 8554 8613 8553
f 8554 8614 8613
f 8555 8614 8554
f 8555 8615 8614
f 8556 8615 8555
f 8556 8616 8615
f 8557 8616 8556
f 8557 8617 8616
f 8558 8617 8557
f 8558 8618 8617
f 8559 8618 8558
f 8559 8619 8618
f 8560 8619 8559
f 8560 8620 8619
f 8561 8620 8560
f 8561 8621 8620
f 8562 8621 8561
f 8562 8622 8621
f 8563 8622 8562
f 8563 8623 8622
f 8564 8623 8563
f 8564 8624 8623
f 8565 8624 8564
f 8565 8625 8624
f 8566 8625 8565
f 8566 8626 8625
f 8567 8626 8566
f 8567 8627 8626
f 8568 8627 8567
f 8568 8628 8627
f 8569 8628 8568
f 8569 8629 8628
f 8570 8629 8569
f 8570 8630 8629
f 8572 8632 8571
f 8572 8633 8632
f 8573 8633 8572
f 8573 8634 8633
f 8574 8634 8573
f 8574 8635 8634
f 8575 8635 8574
f 8575 8636 8635
f 8576 8636 8575
f 8576 8637 8636
f 8577 8637 8576
f 8577 8638 8637
f 8578 8638 8577
f 8578 8639 8638
f 8579 8639 8578
f 8579 8640 8639
f 8580 8640 8579
f 8580 8641 8640
f 8581 8641 8580
f 8581 8642 8641
f 8582 8642 8581
f 8582 8643 8642
f 8583 8643 8582
f 8583 8644 8643
f 8584 8644 8583
f 8584 8645 8644
f 8585 8645 8584
f 8585 8646 8645
f 8586 8646 8585
f 8586 8647 8646
f 8587 8647 8586
f 8587 8648 8647
f 8588 8648 8587
f 8588 8649 8648
f 8589 8649 8588
f 8589 8650 8649
f 8590 8650 8589
f 8590 8651 8650
f 8591 8651 8590
f 8591 8652 8651
f 8592 8652 8591
f 8592 8653 8652
f 8593 8653 8592
f 8593 8654 8653
f 8594 8654 8593
f 8594 8655 8654
f 8595 8655 8594
f 8595 8656 8655
f 8596 8656 8595
f 8596 8657 8656
f 8597 8657 8596
f 8597 8658 8657
f 8598 8658 8597
f 8598 8659 8658
f 8599 8659 8598
f 8599 8660 8659
f 8600 8660 8599
f 8600 8661 8660
f 8601 8661 8600
f 8601 8662 8661
f 8602 8662 8601
f 8602 8663 8662
f 8603 8663 8602
f 8603 8664 8663
f 8604 8664 8603
f 8604 8665 8664
f 8605 8665 8604
f 8605 8666 8665
f 8606 8666 8605
f 8606 8667 8666
f 8607 8667 8606
f 8607 8668 8667
f 8608 8668 8607
f 8608 8669 8668
f 8609 8669 8608
f 8609 8670 8669
f 8610 8670 8609
f 8610 8671 8670
f 8611 8671 8610
f 8611 8672 8671
f 8612 8672 8611
f 8612 8673 8672
f 8613 8673 8612
f 8613 8674 8673
f 8614 8674 8613
f 8614 8675 8674
f 8615 8675 8614
f 8615 8676 8675
f 8616 8676 8615
f 8616 8677 8676
f 8617 8677 8616
f 8617 8678 8677
f 8618 8678 8617
f 8618 8679 8678
f 8619 8679 8618
f 8619 8680 8679
f 8620 8680 8619
f 8620 8681 8680
f 8621 8681 8620
f 8621 8682 8681
f 8622 8682 8621
f 8622 8683 8682
f 8623 8683 8622
f 8623 8684 8683
f 8624 8684 8623
f 8624 8685 8684
f 8625 8685 8624
f 8625 8686 8685
f 8626 8686 8625
f 8626 8687 8686
f 8627 8687 8626
f 8627 8688 8687
f 8628 8688 8627
f 8628 8689 8688
f 8629 8689 8628
f 8629 8690 8689
f 8630 8690 8629
f 8630 8691 8690
f 8631 8691 8630
f 8633 8693 8632
f 8633 8694 8693
f 8634 8694 8633
f 8634 8695 8694
f 8635 8695 8634
f 8635 8696 8695
f 8636 8696 8635
f 8636 8697 8696
f 8637 8697 8636
f 8637 8698 8697
f 8638 8698 8637
f 8638 8699 8698
f 8639 8699 8638
f 8639 8700 8699
f 8640 8700 8639
f 8640 8701 8700
f 8641 8701 8640
f 8641 8702 8701
f 8642 8702 8641
f 8642 8703 8702
f 8643 8703 8642
f 8643 8704 8703
f 8644 8704 8643
f 8644 8705 8704
f 8645 8705 8644
f 8645 8706 8705
f 8646 8706 8645
f 8646 8707 8706
f 8647 8707 8646
f 8647 8708 8707
f 8648 8708 8647
f 8648 8709 8708
f 8649 8709 8648
f 8649 8710 8709
f 8650 8710 8649
f 8650 8711 8710
f 8651 8711 8650
f 8651 8712 8711
f 8652 8712 8651
f 8652 8713 8712
f 8653 8713 8652
f 8653 8714 8713
f 8654 8714 8653
f 8654 8715 8714
f 8655 8715 8654
f 8655 8716 8715
f 8656 8716 8655
f 8656 8717 8716
f 8657 8717 8656
f 8657 8718 8717
f 8658 8718 8657
f 8658 8719 8718
f 8659 8719 8658
f 8659 8720 8719
f 8660 8720 8659
f 8660 8721 8720
f 8661 8721 8660
f 8661 8722 8721
f 8662 8722 8661
f 8662 8723 8722
f 8663 8723 8662
f 8663 8724 8723
f 8664 8724 8663
f 8664 8725 8724
f 8665 8725 8664
f 8665 8726 8725
f 8666 8726 8665
f 8666 8727 8726
f 8667 8727 8666
f 8667 8728 8727
f 8668 8728 8667
f 8668 8729 8728
f 8669 8729 8668
f 8669 8730 8729
f 8670 8730 8669
f 8670 8731 8730
f 8671 8731 8670
f 8671 8732 8731
f 8672 8732 8671
f 8672 8733 8732
f 8673 8733 8672
f 8673 8734 8733
f 8674 8734 8673
f 8674 8735 8734
f 8675 8735 8674
f 8675 8736 8735
f 8676 8736 8675
f 8676 8737 8736
f 8677 8737 8676
f 8677 8738 8737
f 8678 8738 8677
f 8678 8739 8738
f 8679 8739 8678
f 8679 8740 8739
f 8680 8740 8679
f 8680 8741 8740
f 8681 8741 8680
f 8681 8742 8741
f 8682 8742 8681
f 8682 8743 8742
f 8683 8743 8682
f 8683 8744 8743
f 8684 8744 8683
f 8684 8745 8744
f 8685 8745 8684
f 8685 8746 8745
f 8686 8746 8685
f 8686 8747 8746
f 8687 8747 8686
f 8687 8748 8747
f 8688 8748 8687
f 8688 8749 8748
f 8689 8749 8688
f 8689 8750 8749
f 8690 8750 8689
f 8690 8751 8750
f 8691 8751 8690
f 8691 8752 8751
f 8692 8752 8691
f 8692 8753 8752
f 8694 8755 8693
f 8694 8756 8755
f 8695 8756 8694
f 8695 8757 8756
f 8696 8757 8695
f 8696 8758 8757
f 8697 8758 8696
f 8697 8759 8758
f 8698 8759 8697
f 8698 8760 8759
f 8699 8760 8698
f 8699 8761 8760
f 8700 8761 8699
f 8700 8762 8761
f 8701 8762 8700
f 8701 8763 8762
f 8702 8763 8701
f 8702 8764 8763
f 8703 8764 8702
f 8703 8765 8764
f 8704 8765 8703
f 8704 8766 8765
f 8705 8766 8704
f 8705 8767 8766
f 8706 8767 8705
f 8706 8768 8767
f 8707 8768 8706
f 8707 8769 8768
f 8708 8769 8707
f 8708 8770 8769
f 8709 8770 8708
f 8709 8771 8770
f 8710 8771 8709
f 8710 8772 8771
f 8711 8772 8710
f 8711 8773 8772
f 8712 8773 8711
f 8712 8774 8773
f 8713 8774 8712
f 8713 8775 8774
f 8714 8775 8713
f 8714 8776 8775
f 8715 8776 8714
f 8715 8777 8776
f 8716 8777 8715
f 8716 8778 8777
f 8717 8778 8716
f 8717 8779 8778
f 8718 8779 8717
f 8718 8780 8779
f 8719 8780 8718
f 8719 8781 8780
f 8720 8781 8719
f 8720 8782 8781
f 8721 8782 8720
f 8721 8783 8782
f 8722 8783 8721
f 8722 8784 8783
f 8723 8784 8722
f 8723 8785 8784
f 8724 8785 8723
f 8724 8786 8785
f 8725 8786 8724
f 8725 8787 8786
f 8726 8787 8725
f 8726 8788 8787
f 8727 8788 8726
f 8727 8789 8788
f 8728 8789 8727
f 8728 8790 8789
f 8729 8790 8728
f 8729 8791 8790
f 8730 8791 8729
f 8730 8792 8791
f 8731 8792 8730
f 8731 8793 8792
f 8732 8793 8731
f 8732 8794 8793
f 8733 8794 8732
f 8733 8795 8794
f 8734 8795 8733
f 8734 8796 8795
f 8735 8796 8734
f 8735 8797 8796
f 8736 8797 8735
f 8736 8798 8797
f 8737 8798 8736
f 8737 8799 8798
f 8738 8799 8737
f 8738 8800 8799
f 8739 8800 8738
f 8739 8801 8800
f 8740 8801 8739
f 8740 8802 8801
f 8741 8802 8740
f 8741 8803 8802
f 8742 8803 8741
f 8742 8804 8803
f 8743 8804 8742
f 8743 8805 8804
f 8744 8805 8743
f 8744 8806 8805
f 8745 8806 8744
f 8745 8807 8806
f 8746 8807 8745
f 8746 8808 8807
f 8747 8808 8746
f 8747 8809 8808
f 8748 8809 8747
f 8748 8810 8809
f 8749 8810 8748
f 8749 8811 8810
f 8750 8811 8749
f 8750 8812 8811
f 8751 8812 8750
f 8751 8813 8812
f 8752 8813 8751
f 8752 8814 8813
f 8753 8814 8752
f 8753 8815 8814
f 8754 8815 8753
f 8754 8816 8815
f 8755 8818 8817
f 8756 8818 8755
f 8756 8819 8818
f 8757 8819 8756
f 8757 8820 8819
f 8758 8820 8757
f 8758 8821 8820
f 8759 8821 8758
f 8759 8822 8821
f 8760 8822 8759
f 8760 8823 8822
f 8761 8823 8760
f 8761 8824 8823
f 8762 8824 8761
f 8762 8825 8824
f 8763 8825 8762
f 8763 8826 8825
f 8764 8826 8763
f 8764 8827 8826
f 8765 8827 8764
f 8765 8828 8827
f 8766 8828 8765
f 8766 8829 8828
f 8767 8829 8766
f 8767 8830 8829
f 8768 8830 8767
f 8768 8831 8830
f 8769 8831 8768
f 8769 8832 8831
f 8770 8832 8769
f 8770 8833 8832
f 8771 8833 8770
f 8771 8834 8833
f 8772 8834 8771
f 8772 8835 8834
f 8773 8835 8772
f 8773 8836 8835
f 8774 8836 8773
f 8774 8837 8836
f 8775 8837 8774
f 8775 8838 8837
f 8776 8838 8775
f 8776 8839 8838
f 8777 8839 8776
f 8777 8840 8839
f 8778 8840 8777
f 8778 8841 8840
f 8779 8841 8778
f 8779 8842 8841
f 8780 8842 8779
f 8780 8843 8842
f 8781 8843 8780
f 8781 8844 8843
f 8782 8844 8781
f 8782 8845 8844
f 8783 8845 8782
f 8783 8846 8845
f 8784 8846 8783
f 8784 8847 8846
f 8785 8847 8784
f 8785 8848 8847
f 8786 8848 8785
f 8786 8849 8848
f 8787 8849 8786
f 8787 8850 8849
f 8788 8850 8787
f 8788 8851 8850
f 8789 8851 8788
f 8789 8852 8851
f 8790 8852 8789
f 8790 8853 8852
f 8791 8853 8790
f 8791 8854 8853
f 8792 8854 8791
f 8792 8855 8854
f 8793 8855 8792
f 8793 8856 8855
f 8794 8856 8793
f 8794 8857 8856
f 8795 8857 8794
f 8795 8858 8857
f 8796 8858 8795
f 8796 8859 8858
f 8797 8859 8796
f 8797 8860 8859
f 8798 8860 8797
f 8798 8861 8860
f 8799 8861 8798
f 8799 8862 8861
f 8800 8862 8799
f 8800 8863 8862
f 8801 8863 8800
f 8801 8864 8863
f 8802 8864 8801
f 8802 8865 8864
f 8803 8865 8802
f 8803 8866 8865
f 8804 8866 8803
f 8804 8867 8866
f 8805 8867 8804
f 8805 8868 8867
f 8806 8868 8805
f 8806 8869 8868
f 8807 8869 8806
f 8807 8870 8869
f 8808 8870 8807
f 8808 8871 8870
f 8809 8871 8808
f 8809 8872 8871
f 8810 8872 8809
f 8810 8873 8872
f 8811 8873 8810
f 8811 8874 8873
f 8812 8874 8811
f 8812 8875 8874
f 8813 8875 8812
f 8813 8876 8875
f 8814 8876 8813
f 8814 8877 8876
f 8815 8877 8814
f 8815 8878 8877
f 8816 8878 8815
f 8816 8879 8878
f 8818 8881 8817
f 8818 8882 8881
f 8819 8882 8818
f 8819 8883 8882
f 8820 8883 8819
f 8820 8884 8883
f 8821 8884 8820
f 8821 8885 8884
f 8822 8885 8821
f 8822 8886 8885
f 8823 8886 8822
f 8823 8887 8886
f 8824 8887 8823
f 8824 8888 8887
f 8825 8888 8824
f 8825 8889 8888
f 8826 8889 8825
f 8826 8890 8889
f 8827 8890 8826
f 8827 8891 8890
f 8828 8891 8827
f 8828 8892 8891
f 8829 8892 8828
f 8829 8893 8892
f 8830 8893 8829
f 8830 8894 8893
f 8831 8894 8830
f 8831 8895 8894
f 8832 8895 8831
f 8832 8896 8895
f 8833 8896 8832
f 8833 8897 8896
f 8834 8897 8833
f 8834 8898 8897
f 8835 8898 8834
f 8835 8899 8898
f 8836 8899 8835
f 8836 8900 8899
f 8837 8900 8836
f 8837 8901 8900
f 8838 8901 8837
f 8838 8902 8901
f 8839 8902 8838
f 8839 8903 8902
f 8840 8903 8839
f 8840 8904 8903
f 8841 8904 8840
f 8841 8905 8904
f 8842 8905 8841
f 8842 8906 8905
f 8843 8906 8842
f 8843 8907 8906
f 8844 8907 8843
f 8844 8908 8907
f 8845 8908 8844
f 8845 8909 8908
f 8846 8909 8845
f 8846 8910 8909
f 8847 8910 8846
f 8847 8911 8910
f 8848 8911 8847
f 8848 8912 8911
f 8849 8912 8848
f 8849 8913 8912
f 8850 8913 8849
f 8850 8914 8913
f 8851 8914 8850
f 8851 8915 8914
f 8852 8915 8851
f 8852 8916 8915
f 8853 8916 8852
f 8853 8917 8916
f 8854 8917 8853
f 8854 8918 8917
f 8855 8918 8854
f 8855 8919 8918
f 8856 8919 8855
f 8856 8920 8919
f 8857 8920 8856
f 8857 8921 8920
f 8858 8921 8857
f 8858 8922 8921
f 8859 8922 8858
f 8859 8923 8922
f 8860 8923 8859
f 8860 8924 8923
f 8861 8924 8860
f 8861 8925 8924
f 8862 8925 8861
f 8862 8926 8925
f 8863 8926 8862
f 8863 8927 8926
f 8864 8927 8863
f 8864 8928 8927
f 8865 8928 8864
f 8865 8929 8928
f 8866 8929 8865
f 8866 8930 8929
f 8867 8930 8866
f 8867 8931 8930
f 8868 8931 8867
f 8868 8932 8931
f 8869 8932 8868
f 8869 8933 8932
f 8870 8933 8869
f 8870 8934 8933
f 8871 8934 8870
f 8871 8935 8934
f 8872 8935 8871
f 8872 8936 8935
f 8873 8936 8872
f 8873 8937 8936
f 8874 8937 8873
f 8874 8938 8937
f 8875 8938 8874
f 8875 8939 8938
f 8876 8939 8875
f 8876 8940 8939
f 8877 8940 8876
f 8877 8941 8940
f 8878 8941 8877
f 8878 8942 8941
f 8879 8942 8878
f 8879 8943 8942
f 8880 8943 8879
f 8880 8944 8943
f 8882 8945 8881
f 8882 8946 8945
f 8883 8946 8882
f 8883 8947 8946
f 8884 8947 8883
f 8884 8948 8947
f 8885 8948 8884
f 8885 8949 8948
f 8886 8949 8885
f 8886 8950 8949
f 8887 8950 8886
f 8887 8951 8950
f 8888 8951 8887
f 8888 8952 8951
f 8889 8952 8888
f 8889 8953 8952
f 8890 8953 8889
f 8890 8954 8953
f 8891 8954 8890
f 8891 8955 8954
f 8892 8955 8891
f 8892 8956 8955
f 8893 8956 8892
f 8893 8957 8956
f 8894 8957 8893
f 8894 8958 8957
f 8895 8958 8894
f 8895 8959 8958
f 8896 8959 8895
f 8896 8960 8959
f 8897 8960 8896
f 8897 8961 8960
f 8898 8961 8897
f 8898 8962 8961
f 8899 8962 8898
f 8899 8963 8962
f 8900 8963 8899
f 8900 8964 8963
f 8901 8964 8900
f 8901 8965 8964
f 8902 8965 8901
f 8902 8966 8965
f 8903 8966 8902
f 8903 8967 8966
f 8904 8967 8903
f 8904 8968 8967
f 8905 8968 8904
f 8905 8969 8968
f 8906 8969 8905
f 8906 8970 8969
f 8907 8970 8906
f 8907 8971 8970
f 8908 8971 8907
f 8908 8972 8971
f 8909 8972 8908
f 8909 8973 8972
f 8910 8973 8909
f 8910 8974 8973
f 8911 8974 8910
f 8911 8975 8974
f 8912 8975 8911
f 8912 8976 8975
f 8913 8976 8912
f 8913 8977 8976
f 8914 8977 8913
f 8914 8978 8977
f 8915 8978 8914
f 8915 8979 8978
f 8916 8979 8915
f 8916 8980 8979
f 8917 8980 8916
f 8917 8981 8980
f 8918 8981 8917
f 8918 8982 8981
f 8919 8982 8918
f 8919 8983 8982
f 8920 8983 8919
f 8920 8984 8983
f 8921 8984 8920
f 8921 8985 8984
f 8922 8985 8921
f 8922 8986 8985
f 8923 8986 8922
f 8923 8987 8986
f 8924 8987 8923
f 8924 8988 8987
f 8925 8988 8924
f 8925 8989 8988
f 8926 8989 8925
f 8926 8990 8989
f 8927 8990 8926
f 8927 8991 8990
f 8928 8991 8927
f 8928 8992 8991
f 8929 8992 8928
f 8929 8993 8992
f 8930 8993 8929
f 8930 8994 8993
f 8931 8994 8930
f 8931 8995 8994
f 8932 8995 8931
f 8932 8996 8995
f 8933 8996 8932
f 8933 8997 8996
f 8934 8997 8933
f 8934 8998 8997
f 8935 8998 8934
f 8935 8999 8998
f 8936 8999 8935
f 8936 9000 8999
f 8937 9000 8936
f 8937 9001 9000
f 8938 9001 8937
f 8938 9002 9001
f 8939 9002 8938
f 8939 9003 9002
f 8940 9003 8939
f 8940 9004 9003
f 8941 9004 8940
f 8941 9005 9004
f 8942 9005 8941
f 8942 9006 9005
f 8943 9006 8942
f 8943 9007 9006
f 8944 9007 8943
f 8944 9008 9007
f 8946 9009 8945
f 8946 9010 9009
f 8947 9010 8946
f 8947 9011 9010
f 8948 9011 8947
f 8948 9012 9011
f 8949 9012 8948
f 8949 9013 9012
f 8950 9013 8949
f 8950 9014 9013
f 8951 9014 8950
f 8951 9015 9014
f 8952 9015 8951
f 8952 9016 9015
f 8953 9016 8952
f 8953 9017 9016
f 8954 9017 8953
f 8954 9018 9017
f 8955 9018 8954
f 8955 9019 9018
f 8956 9019 8955
f 8956 9020 9019
f 8957 9020 8956
f 8957 9021 9020
f 8958 9021 8957
f 8958 9022 9021
f 8959 9022 8958
f 8959 9023 9022
f 8960 9023 8959
f 8960 9024 9023
f 8961 9024 8960
f 8961 9025 9024
f 8962 9025 8961
f 8962 9026 9025
f 8963 9026 8962
f 8963 9027 9026
f 8964 9027 8963
f 8964 9028 9027
f 8965 9028 8964
f 8965 9029 9028
f 8966 9029 8965
f 8966 9030 9029
f 8967 9030 8966
f 8967 9031 9030
f 8968 9031 8967
f 8968 9032 9031
f 8969 9032 8968
f 8969 9033 9032
f 8970 9033 8969
f 8970 9034 9033
f 8971 9034 8970
f 8971 9035 9034
f 8972 9035 8971
f 8972 9036 9035
f 8973 9036 8972
f 8973 9037 9036
f 8974 9037 8973
f 8974 9038 9037
f 8975 9038 8974
f 8975 9039 9038
f 8976 9039 8975
f 8976 9040 9039
f 8977 9040 8976
f 8977 9041 9040
f 8978 9041 8977
f 8978 9042 9041
f 8979 9042 8978
f 8979 9043 9042
f 8980 9043 8979
f 8980 9044 9043
f 8981 9044 8980
f 8981 9045 9044
f 8982 9045 8981
f 8982 9046 9045
f 8983 9046 8982
f 8983 9047 9046
f 8984 9047 8983
f 8984 9048 9047
f 8985 9048 8984
f 8985 9049 9048
f 8986 9049 8985
f 8986 9050 9049
f 8987 9050 8986
f 8987 9051 9050
f 8988 9051 8987
f 8988 9052 9051
f 8989 9052 8988
f 8989 9053 9052
f 8990 9053 8989
f 8990 9054 9053
f 8991 9054 8990
f 8991 9055 9054
f 8992 9055 8991
f 8992 9056 9055
f 8993 9056 8992
f 8993 9057 9056
f 8994 9057 8993
f 8994 9058 9057
f 8995 9058 8994
f 8995 9059 9058
f 8996 9059 8995
f 8996 9060 9059
f 8997 9060 8996
f 8997 9061 9060
f 8998 9061 8997
f 8998 9062 9061
f 8999 9062 8998
f 8999 9063 9062
f 9000 9063 8999
f 9000 9064 9063
f 9001 9064 9000
f 9001 9065 9064
f 9002 9065 9001
f 9002 9066 9065
f 9003 9066 9002
f 9003 9067 9066
f 9004 9067 9003
f 9004 9068 9067
f 9005 9068 9004
f 9005 9069 9068
f 9006 9069 9005
f 9006 9070 9069
f 9007 9070 9006
f 9007 9071 9070
f 9008 9071 9007
f 9008 9072 9071
f 9010 9073 9009
f 9010 9074 9073
f 9011 9074 9010
f 9011 9075 9074
f 9012 9075 9011
f 9012 9076 9075
f 9013 9076 9012
f 9013 9077 9076
f 9014 9077 9013
f 9014 9078 9077
f 9015 9078 9014
f 9015 9079 9078
f 9016 9079 9015
f 9016 9080 9079
f 9017 9080 9016
f 9017 9081 9080
f 9018 9081 9017
f 9018 9082 9081
f 9019 9082 9018
f 9019 9083 9082
f 9020 9083 9019
f 9020 9084 9083
f 9021 9084 9020
f 9021 9085 9084
f 9022 9085 9021
f 9022 9086 9085
f 9023 9086 9022
f 9023 9087 9086
f 9024 9087 9023
f 9024 9088 9087
f 9025 9088 9024
f 9025 9089 9088
f 9026 9089 9025
f 9026 9090 9089
f 9027 9090 9026
f 9027 9091 9090
f 9028 9091 9027
f 9028 9092 9091
f 9029 9092 9028
f 9029 9093 9092
f 9030 9093 9029
f 9030 9094 9093
f 9031 9094 9030
f 9031 9095 9094
f 9032 9095 9031
f 9032 9096 9095
f 9033 9096 9032
f 9033 9097 9096
f 9034 9097 9033
f 9034 9098 9097
f 9035 9098 9034
f 9035 9099 9098
f 9036 9099 9035
f 9036 9100 9099
f 9037 9100 9036
f 9037 9101 9100
f 9038 9101 9037
f 9038 9102 9101
f 9039 9102 9038
f 9039 9103 9102
f 9040 9103 9039
f 9040 9104 9103
f 9041 9104 9040
f 9041 9105 9104
f 9042 9105 9041
f 9042 9106 9105
f 9043 9106 9042
f 9043 9107 9106
f 9044 9107 9043
f 9044 9108 9107
f 9045 9108 9044
f 9045 9109 9108
f 9046 9109 9045
f 9046 9110 9109
f 9047 9110 9046
f 9047 9111 9110
f 9048 9111 9047
f 9048 9112 9111
f 9049 9112 9048
f 9049 9113 9112
f 9050 9113 9049
f 9050 9114 9113
f 9051 9114 9050
f 9051 9115 9114
f 9052 9115 9051
f 9052 9116 9115
f 9053 9116 9052
f 9053 9117 9116
f 9054 9117 9053
f 9054 9118 9117
f 9055 9118 9054
f 9055 9119 9118
f 9056 9119 9055
f 9056 9120 9119
f 9057 9120 9056
f 9057 9121 9120
f 9058 9121 9057
f 9058 9122 9121
f 9059 9122 9058
f 9059 9123 9122
f 9060 9123 9059
f 9060 9124 9123
f 9061 9124 9060
f 9061 9125 9124
f 9062 9125 9061
f 9062 9126 9125
f 9063 9126 9062
f 9063 9127 9126
f 9064 9127 9063
f 9064 9128 9127
f 9065 9128 9064
f 9065 9129 9128
f 9066 9129 9065
f 9066 9130 9129
f 9067 9130 9066
f 9067 9131 9130
f 9068 9131 9067
f 9068 9132 9131
f 9069 9132 9068
f 9069 9133 9132
f 9070 9133 9069
f 9070 9134 9133
f 9071 9134 9070
f 9071 9135 9134
f 9072 9135 9071
f 9072 9136 9135
f 9074 9137 9073
f 9074 9138 9137
f 9075 9138 9074
f 9075 9139 9138
f 9076 9139 9075
f 9076 9140 9139
f 9077 9140 9076
f 9077 9141 9140
f 9078 9141 9077
f 9078 9142 9141
f 9079 9142 9078
f 9079 9143 9142
f 9080 9143 9079
f 9080 9144 9143
f 9081 9144 9080
f 9081 9145 9144
f 9082 9145 9081
f 9082 9146 9145
f 9083 9146 9082
f 9083 9147 9146
f 9084 9147 9083
f 9084 9148 9147
f 9085 9148 9084
f 9085 9149 9148
f 9086 9149 9085
f 9086 9150 9149
f 9087 9150 9086
f 9087 9151 9150
f 9088 9151 9087
f 9088 9152 9151
f 9089 9152 9088
f 9089 9153 9152
f 9090 9153 9089
f 9090 9154 9153
f 9091 9154 9090
f 9091 9155 9154
f 9092 9155 9091
f 9092 9156 9155
f 9093 9156 9092
f 9093 9157 9156
f 9094 9157 9093
f 9094 9158 9157
f 9095 9158 9094
f 9095 9159 9158
f 9096 9159 9095
f 9096 9160 9159
f 9097 9160 9096
f 9097 9161 9160
f 9098 9161 9097
f 9098 9162 9161
f 9099 9162 9098
f 9099 9163 9162
f 9100 9163 9099
f 9100 9164 9163
f 9101 9164 9100
f 9101 9165 9164
f 9102 9165 9101
f 9102 9166 9165
f 9103 9166 9102
f 9103 9167 9166
f 9104 9167 9103
f 9104 9168 9167
f 9105 9168 9104
f 9105 9169 9168
f 9106 9169 9105
f 9106 9170 9169
f 9107 9170 9106
f 9107 9171 9170
f 9108 9171 9107
f 9108 9172 9171
f 9109 9172 9108
f 9109 9173 9172
f 9110 9173 9109
f 9110 9174 9173
f 9111 9174 9110
f 9111 9175 9174
f 9112 9175 9111
f 9112 9176 9175
f 9113 9176 9112
f 9113 9177 9176
f 9114 9177 9113
f 9114 9178 9177
f 9115 9178 9114
f 9115 9179 9178
f 9116 9179 9115
f 9116 9180 9179
f 9117 9180 9116
f 9117 9181 9180
f 9118 9181 9117
f 9118 9182 9181
f 9119 9182 9118
f 9119 9183 9182
f 9120 9183 9119
f 9120 9184 9183
f 9121 9184 9120
f 9121 9185 9184
f 9122 9185 9121
f 9122 9186 9185
f 9123 9186 9122
f 9123 9187 9186
f 9124 9187 9123
f 9124 9188 9187
f 9125 9188 9124
f 9125 9189 9188
f 9126 9189 9125
f 9126 9190 9189
f 9127 9190 9126
f 9127 9191 9190
f 9128 9191 9127
f 9128 9192 9191
f 9129 9192 9128
f 9129 9193 9192
f 9130 9193 9129
f 9130 9194 9193
f 9131 9194 9130
f 9131 9195 9194
f 9132 9195 9131
f 9132 9196 9195
f 9133 9196 9132
f 9133 9197 9196
f 9134 9197 9133
f 9134 9198 9197
f 9135 9198 9134
f 9135 9199 9198
f 9136 9199 9135
f 9136 9200 9199
f 9139 9201 9138
f 9139 9202 9201
f 9140 9202 9139
f 9140 9203 9202
f 9141 9203 9140
f 9141 9204 9203
f 9142 9204 9141
f 9142 9205 9204
f 9143 9205 9142
f 9143 9206 9205
f 9144 9206 9143
f 9144 9207 9206
f 9145 9207 9144
f 9145 9208 9207
f 9146 9208 9145
f 9146 9209 9208
f 9147 9209 9146
f 9147 9210 9209
f 9148 9210 9147
f 9148 9211 9210
f 9149 9211 9148
f 9149 9212 9211
f 9150 9212 9149
f 9150 9213 9212
f 9151 9213 9150
f 9151 9214 9213
f 9152 9214 9151
f 9152 9215 9214
f 9153 9215 9152
f 9153 9216 9215
f 9154 9216 9153
f 9154 9217 9216
f 9155 9217 9154
f 9155 9218 9217
f 9156 9218 9155
f 9156 9219 9218
f 9157 9219 9156
f 9157 9220 9219
f 9158 9220 9157
f 9158 9221 9220
f 9159 9221 9158
f 9159 9222 9221
f 9160 9222 9159
f 9160 9223 9222
f 9161 9223 9160
f 9161 9224 9223
f 9162 9224 9161
f 9162 9225 9224
f 9163 9225 9162
f 9163 9226 9225
f 9164 9226 9163
f 9164 9227 9226
f 9165 9227 9164
f 9165 9228 9227
f 9166 9228 9165
f 9166 9229 9228
f 9167 9229 9166
f 9167 9230 9229
f 9168 9230 9167
f 9168 9231 9230
f 9169 9231 9168
f 9169 9232 9231
f 9170 9232 9169
f 9170 9233 9232
f 9171 9233 9170
f 9171 9234 9233
f 9172 9234 9171
f 9172 9235 9234
f 9173 9235 9172
f 9173 9236 9235
f 9174 9236 9173
f 9174 9237 9236
f 9175 9237 9174
f 9175 9238 9237
f 9176 9238 9175
f 9176 9239 9238
f 9177 9239 9176
f 9177 9240 9239
f 9178 9240 9177
f 9178 9241 9240
f 9179 9241 9178
f 9179 9242 9241
f 9180 9242 9179
f 9180 9243 9242
f 9181 9243 9180
f 9181 9244 9243
f 9182 9244 9181
f 9182 9245 9244
f 9183 9245 9182
f 9183 9246 9245
f 9184 9246 9183
f 9184 9247 9246
f 9185 9247 9184
f 9185 9248 9247
f 9186 9248 9185
f 9186 9249 9248
f 9187 9249 9186
f 9187 9250 9249
f 9188 9250 9187
f 9188 9251 9250
f 9189 9251 9188
f 9189 9252 9251
f 9190 9252 9189
f 9190 9253 9252
f 9191 9253 9190
f 9191 9254 9253
f 9192 9254 9191
f 9192 9255 9254
f 9193 9255 9192
f 9193 9256 9255
f 9194 9256 9193
f 9194 9257 9256
f 9195 9257 9194
f 9195 9258 9257
f 9196 9258 9195
f 9196 9259 9258
f 9197 9259 9196
f 9197 9260 9259
f 9198 9260 9197
f 9198 9261 9260
f 9199 9261 9198
f 9199 9262 9261
f 9200 9262 9199
f 9200 9263 9262
f 9202 9264 9201
f 9202 9265 9264
f 9203 9265 9202
f 9203 9266 9265
f 9204 9266 9203
f 9204 9267 9266
f 9205 9267 9204
f 9205 9268 9267
f 9206 9268 9205
f 9206 9269 9268
f 9207 9269 9206
f 9207 9270 9269
f 9208 9270 9207
f 9208 9271 9270
f 9209 9271 9208
f 9209 9272 9271
f 9210 9272 9209
f 9210 9273 9272
f 9211 9273 9210
f 9211 9274 9273
f 9212 9274 9211
f 9212 9275 9274
f 9213 9275 9212
f 9213 9276 9275
f 9214 9276 9213
f 9214 9277 9276
f 9215 9277 9214
f 9215 9278 9277
f 9216 9278 9215
f 9216 9279 9278
f 9217 9279 9216
f 9217 9280 9279
f 9218 9280 9217
f 9218 9281 9280
f 9219 9281 9218
f 9219 9282 9281
f 9220 9282 9219
f 9220 9283 9282
f 9221 9283 9220
f 9221 9284 9283
f 9222 9284 9221
f 9222 9285 9284
f 9223 9285 9222
f 9223 9286 9285
f 9224 9286 9223
f 9224 9287 9286
f 9225 9287 9224
f 9225 9288 9287
f 9226 9288 9225
f 9226 9289 9288
f 9227 9289 9226
f 9227 9290 9289
f 9228 9290 9227
f 9228 9291 9290
f 9229 9291 9228
f 9229 9292 9291
f 9230 9292 9229
f 9230 9293 9292
f 9231 9293 9230
f 9231 9294 9293
f 9232 9294 9231
f 9232 9295 9294
f 9233 9295 9232
f 9233 9296 9295
f 9234 9296 9233
f 9234 9297 9296
f 9235 9297 9234
f 9235 9298 9297
f 9236 9298 9235
f 9236 9299 9298
f 9237 9299 9236
f 9237 9300 9299
f 9238 9300 9237
f 9238 9301 9300
f 9239 9301 9238
f 9239 9302 9301
f 9240 9302 9239
f 9240 9303 9302
f 9241 9303 9240
f 9241 9304 9303
f 9242 9304 9241
f 9242 9305 9304
f 9243 9305 9242
f 9243 9306 9305
f 9244 9306 9243
f 9244 9307 9306
f 9245 9307 9244
f 9245 9308 9307
f 9246 9308 9245
f 9246 9309 9308
f 9247 9309 9246
f 9247 9310 9309
f 9248 9310 9247
f 9248 9311 9310
f 9249 9311 9248
f 9249 9312 9311
f 9250 9312 9249
f 9250 9313 9312
f 9251 9313 9250
f 9251 9314 9313
f 9252 9314 9251
f 9252 9315 9314
f 9253 9315 9252
f 9253 9316 9315
f 9254 9316 9253
f 9254 9317 9316
f 9255 9317 9254
f 9255 9318 9317
f 9256 9318 9255
f 9256 9319 9318
f 9257 9319 9256
f 9257 9320 9319
f 9258 9320 9257
f 9258 9321 9320
f 9259 9321 9258
f 9259 9322 9321
f 9260 9322 9259
f 9260 9323 9322
f 9261 9323 9260
f 9261 9324 9323
f 9262 9324 9261
f 9262 9325 9324
f 9263 9325 9262
f 9263 9326 9325
f 9265 9327 9264
f 9265 9328 9327
f 9266 9328 9265
f 9266 9329 9328
f 9267 9329 9266
f 9267 9330 9329
f 9268 9330 9267
f 9268 9331 9330
f 9269 9331 9268
f 9269 9332 9331
f 9270 9332 9269
f 9270 9333 9332
f 9271 9333 9270
f 9271 9334 9333
f 9272 9334 9271
f 9272 9335 9334
f 9273 9335 9272
f 9273 9336 9335
f 9274 9336 9273
f 9274 9337 9336
f 9275 9337 9274
f 9275 9338 9337
f 9276 9338 9275
f 9276 9339 9338
f 9277 9339 9276
f 9277 9340 9339
f 9278 9340 9277
f 9278 9341 9340
f 9279 9341 9278
f 9279 9342 9341
f 9280 9342 9279
f 9280 9343 9342
f 9281 9343 9280
f 9281 9344 9343
f 9282 9344 9281
f 9282 9345 9344
f 9283 9345 9282
f 9283 9346 9345
f 9284 9346 9283
f 9284 9347 9346
f 9285 9347 9284
f 9285 9348 9347
f 9286 9348 9285
f 9286 9349 9348
f 9287 9349 9286
f 9287 9350 9349
f 9288 9350 9287
f 9288 9351 9350
f 9289 9351 9288
f 9289 9352 9351
f 9290 9352 9289
f 9290 9353 9352
f 9291 9353 9290
f 9291 9354 9353
f 9292 9354 9291
f 9292 9355 9354
f 9293 9355 9292
f 9293 9356 9355
f 9294 9356 9293
f 9294 9357 9356
f 9295 9357 9294
f 9295 9358 9357
f 9296 9358 9295
f 9296 9359 9358
f 9297 9359 9296
f 9297 9360 9359
f 9298 9360 9297
f 9298 9361 9360
f 9299 9361 9298
f 9299 9362 9361
f 9300 9362 9299
f 9300 9363 9362
f 9301 9363 9300
f 9301 9364 9363
f 9302 9364 9301
f 9302 9365 9364
f 9303 9365 9302
f 9303 9366 9365
f 9304 9366 9303
f 9304 9367 9366
f 9305 9367 9304
f 9305 9368 9367
f 9306 9368 9305
f 9306 9369 9368
f 9307 9369 9306
f 9307 9370 9369
f 9308 9370 9307
f 9308 9371 9370
f 9309 9371 9308
f 9309 9372 9371
f 9310 9372 9309
f 9310 9373 9372
f 9311 9373 9310
f 9311 9374 9373
f 9312 9374 9311
f 9312 9375 9374
f 9313 9375 9312
f 9313 9376 9375
f 9314 9376 9313
f 9314 9377 9376
f 9315 9377 9314
f 9315 9378 9377
f 9316 9378 9315
f 9316 9379 9378
f 9317 9379 9316
f 9317 9380 9379
f 9318 9380 9317
f 9318 9381 9380
f 9319 9381 9318
f 9319 9382 9381
f 9320 9382 9319
f 9320 9383 9382
f 9321 9383 9320
f 9321 9384 9383
f 9322 9384 9321
f 9322 9385 9384
f 9323 9385 9322
f 9323 9386 9385
f 9324 9386 9323
f 9324 9387 9386
f 9325 9387 9324
f 9325 9388 9387
f 9329 9389 9328
f 9329 9390 9389
f 9330 9390 9329
f 9330 9391 9390
f 9331 9391 9330
f 9331 9392 9391
f 9332 9392 9331
f 9332 9393 9392
f 9333 9393 9332
f 9333 9394 9393
f 9334 9394 9333
f 9334 9395 9394
f 9335 9395 9334
f 9335 9396 9395
f 9336 9396 9335
f 9336 9397 9396
f 9337 9397 9336
f 9337 9398 9397
f 9338 9398 9337
f 9338 9399 9398
f 9339 9399 9338
f 9339 9400 9399
f 9340 9400 9339
f 9340 9401 9400
f 9341 9401 9340
f 9341 9402 9401
f 9342 9402 9341
f 9342 9403 9402
f 9343 9403 9342
f 9343 9404 9403
f 9344 9404 9343
f 9344 9405 9404
f 9345 9405 9344
f 9345 9406 9405
f 9346 9406 9345
f 9346 9407 9406
f 9347 9407 9346
f 9347 9408 9407
f 9348 9408 9347
f 9348 9409 9408
f 9349 9409 9348
f 9349 9410 9409
f 9350 9410 9349
f 9350 9411 9410
f 9351 9411 9350
f 9351 9412 9411
f 9352 9412 9351
f 9352 9413 9412
f 9353 9413 9352
f 9353 9414 9413
f 9354 9414 9353
f 9354 9415 9414
f 9355 9415 9354
f 9355 9416 9415
f 9356 9416 9355
f 9356 9417 9416
f 9357 9417 9356
f 9357 9418 9417
f 9358 9418 9357
f 9358 9419 9418
f 9359 9419 9358
f 9359 9420 9419
f 9360 9420 9359
f 9360 9421 9420
f 9361 9421 9360
f 9361 9422 9421
f 9362 9422 9361
f 9362 9423 9422
f 9363 9423 9362
f 9363 9424 9423
f 9364 9424 9363
f 9364 9425 9424
f 9365 9425 9364
f 9365 9426 9425
f 9366 9426 9365
f 9366 9427 9426
f 9367 9427 9366
f 9367 9428 9427
f 9368 9428 9367
f 9368 9429 9428
f 9369 9429 9368
f 9369 9430 9429
f 9370 9430 9369
f 9370 9431 9430
f 9371 9431 9370
f 9371 9432 9431
f 9372 9432 9371
f 9372 9433 9432
f 9373 9433 9372
f 9373 9434 9433
f 9374 9434 9373
f 9374 9435 9434
f 9375 9435 9374
f 9375 9436 9435
f 9376 9436 9375
f 9376 9437 9436
f 9377 9437 9376
f 9377 9438 9437
f 9378 9438 9377
f 9378 9439 9438
f 9379 9439 9378
f 9379 9440 9439
f 9380 9440 9379
f 9380 9441 9440
f 9381 9441 9380
f 9381 9442 9441
f 9382 9442 9381
f 9382 9443 9442
f 9383 9443 9382
f 9383 9444 9443
f 9384 9444 9383
f 9384 9445 9444
f 9385 9445 9384
f 9385 9446 9445
f 9386 9446 9385
f 9386 9447 9446
f 9387 9447 9386
f 9387 9448 9447
f 9388 9448 9387
f 9388 9449 9448
f 9390 9451 9389
f 9390 9452 9451
f 9391 9452 9390
f 9391 9453 9452
f 9392 9453 9391
f 9392 9454 9453
f 9393 9454 9392
f 9393 9455 9454
f 9394 9455 9393
f 9394 9456 9455
f 9395 9456 9394
f 9395 9457 9456
f 9396 9457 9395
f 9396 9458 9457
f 9397 9458 9396
f 9397 9459 9458
f 9398 9459 9397
f 9398 9460 9459
f 9399 9460 9398
f 9399 9461 9460
f 9400 9461 9399
f 9400 9462 9461
f 9401 9462 9400
f 9401 9463 9462
f 9402 9463 9401
f 9402 9464 9463
f 9403 9464 9402
f 9403 9465 9464
f 9404 9465 9403
f 9404 9466 9465
f 9405 9466 9404
f 9405 9467 9466
f 9406 9467 9405
f 9406 9468 9467
f 9407 9468 9406
f 9407 9469 9468
f 9408 9469 9407
f 9408 9470 9469
f 9409 9470 9408
f 9409 9471 9470
f 9410 9471 9409
f 9410 9472 9471
f 9411 9472 9410
f 9411 9473 9472
f 9412 9473 9411
f 9412 9474 9473
f 9413 9474 9412
f 9413 9475 9474
f 9414 9475 9413
f 9414 9476 9475
f 9415 9476 9414
f 9415 9477 9476
f 9416 9477 9415
f 9416 9478 9477
f 9417 9478 9416
f 9417 9479 9478
f 9418 9479 9417
f 9418 9480 9479
f 9419 9480 9418
f 9419 9481 9480
f 9420 9481 9419
f 9420 9482 9481
f 9421 9482 9420
f 9421 9483 9482
f 9422 9483 9421
f 9422 9484 9483
f 9423 9484 9422
f 9423 9485 9484
f 9424 9485 9423
f 9424 9486 9485
f 9425 9486 9424
f 9425 9487 9486
f 9426 9487 9425
f 9426 9488 9487
f 9427 9488 9426
f 9427 9489 9488
f 9428 9489 9427
f 9428 9490 9489
f 9429 9490 9428
f 9429 9491 9490
f 9430 9491 9429
f 9430 9492 9491
f 9431 9492 9430
f 9431 9493 9492
f 9432 9493 9431
f 9432 9494 9493
f 9433 9494 9432
f 9433 9495 9494
f 9434 9495 9433
f 9434 9496 9495
f 9435 9496 9434
f 9435 9497 9496
f 9436 9497 9435
f 9436 9498 9497
f 9437 9498 9436
f 9437 9499 9498
f 9438 9499 9437
f 9438 9500 9499
f 9439 9500 9438
f 9439 9501 9500
f 9440 9501 9439
f 9440 9502 9501
f 9441 9502 9440
f 9441 9503 9502
f 9442 9503 9441
f 9442 9504 9503
f 9443 9504 9442
f 9443 9505 9504
f 9444 9505 9443
f 9444 9506 9505
f 9445 9506 9444
f 9445 9507 9506
f 9446 9507 9445
f 9446 9508 9507
f 9447 9508 9446
f 9447 9509 9508
f 9448 9509 9447
f 9448 9510 9509
f 9449 9510 9448
f 9449 9511 9510
f 9450 9511 9449
f 9450 9512 9511
f 9452 9513 9451
f 9452 9514 9513
f 9453 9514 9452
f 9453 9515 9514
f 9454 9515 9453
f 9454 9516 9515
f 9455 9516 9454
f 9455 9517 9516
f 9456 9517 9455
f 9456 9518 9517
f 9457 9518 9456
f 9457 9519 9518
f 9458 9519 9457
f 9458 9520 9519
f 9459 9520 9458
f 9459 9521 9520
f 9460 9521 9459
f 9460 9522 9521
f 9461 9522 9460
f 9461 9523 9522
f 9462 9523 9461
f 9462 9524 9523
f 9463 9524 9462
f 9463 9525 9524
f 9464 9525 9463
f 9464 9526 9525
f 9465 9526 9464
f 9465 9527 9526
f 9466 9527 9465
f 9466 9528 9527
f 9467 9528 9466
f 9467 9529 9528
f 9468 9529 9467
f 9468 9530 9529
f 9469 9530 9468
f 9469 9531 9530
f 9470 9531 9469
f 9470 9532 9531
f 9471 9532 9470
f 9471 9533 9532
f 9472 9533 9471
f 9472 9534 9533
f 9473 9534 9472
f 9473 9535 9534
f 9474 9535 9473
f 9474 9536 9535
f 9475 9536 9474
f 9475 9537 9536
f 9476 9537 9475
f 9476 9538 9537
f 9477 9538 9476
f 9477 9539 9538
f 9478 9539 9477
f 9478 9540 9539
f 9479 9540 9478
f 9479 9541 9540
f 9480 9541 9479
f 9480 9542 9541
f 9481 9542 9480
f 9481 9543 9542
f 9482 9543 9481
f 9482 9544 9543
f 9483 9544 9482
f 9483 9545 9544
f 9484 9545 9483
f 9484 9546 9545
f 9485 9546 9484
f 9485 9547 9546
f 9486 9547 9485
f 9486 9548 9547
f 9487 9548 9486
f 9487 9549 9548
f 9488 9549 9487
f 9488 9550 9549
f 9489 9550 9488
f 9489 9551 9550
f 9490 9551 9489
f 9490 9552 9551
f 9491 9552 9490
f 9491 9553 9552
f 9492 9553 9491
f 9492 9554 9553
f 9493 9554 9492
f 9493 9555 9554
f 9494 9555 9493
f 9494 9556 9555
f 9495 9556 9494
f 9495 9557 9556
f 9496 9557 9495
f 9496 9558 9557
f 9497 9558 9496
f 9497 9559 9558
f 9498 9559 9497
f 9498 9560 9559
f 9499 9560 9498
f 9499 9561 9560
f 9500 9561 9499
f 9500 9562 9561
f 9501 9562 9500
f 9501 9563 9562
f 9502 9563 9501
f 9502 9564 9563
f 9503 9564 9502
f 9503 9565 9564
f 9504 9565 9503
f 9504 9566 9565
f 9505 9566 9504
f 9505 9567 9566
f 9506 9567 9505
f 9506 9568 9567
f 9507 9568 9506
f 9507 9569 9568
f 9508 9569 9507
f 9508 9570 9569
f 9509 9570 9508
f 9509 9571 9570
f 9510 9571 9509
f 9510 9572 9571
f 9511 9572 9510
f 9511 9573 9572
f 9512 9573 9511
f 9512 9574 9573
f 9515 9575 9514
f 9515 9576 9575
f 9516 9576 9515
f 9516 9577 9576
f 9517 9577 9516
f 9517 9578 9577
f 9518 9578 9517
f 9518 9579 9578
f 9519 9579 9518
f 9519 9580 9579
f 9520 9580 9519
f 9520 9581 9580
f 9521 9581 9520
f 9521 9582 9581
f 9522 9582 9521
f 9522 9583 9582
f 9523 9583 9522
f 9523 9584 9583
f 9524 9584 9523
f 9524 9585 9584
f 9525 9585 9524
f 9525 9586 9585
f 9526 9586 9525
f 9526 9587 9586
f 9527 9587 9526
f 9527 9588 9587
f 9528 9588 9527
f 9528 9589 9588
f 9529 9589 9528
f 9529 9590 9589
f 9530 9590 9529
f 9530 9591 9590
f 9531 9591 9530
f 9531 9592 9591
f 9532 9592 9531
f 9532 9593 9592
f 9533 9593 9532
f 9533 9594 9593
f 9534 9594 9533
f 9534 9595 9594
f 9535 9595 9534
f 9535 9596 9595
f 9536 9596 9535
f 9536 9597 9596
f 9537 9597 9536
f 9537 9598 9597
f 9538 9598 9537
f 9538 9599 9598
f 9539 9599 9538
f 9539 9600 9599
f 9540 9600 9539
f 9540 9601 9600
f 9541 9601 9540
f 9541 9602 9601
f 9542 9602 9541
f 9542 9603 9602
f 9543 9603 9542
f 9543 9604 9603
f 9544 9604 9543
f 9544 9605 9604
f 9545 9605 9544
f 9545 9606 9605
f 9546 9606 9545
f 9546 9607 9606
f 9547 9607 9546
f 9547 9608 9607
f 9548 9608 9547
f 9548 9609 9608
f 9549 9609 9548
f 9549 9610 9609
f 9550 9610 9549
f 9550 9611 9610
f 9551 9611 9550
f 9551 9612 9611
f 9552 9612 9551
f 9552 9613 9612
f 9553 9613 9552
f 9553 9614 9613
f 9554 9614 9553
f 9554 9615 9614
f 9555 9615 9554
f 9555 9616 9615
f 9556 9616 9555
f 9556 9617 9616
f 9557 9617 9556
f 9557 9618 9617
f 9558 9618 9557
f 9558 9619 9618
f 9559 9619 9558
f 9559 9620 9619
f 9560 9620 9559
f 9560 9621 9620
f 9561 9621 9560
f 9561 9622 9621
f 9562 9622 9561
f 9562 9623 9622
f 9563 9623 9562
f 9563 9624 9623
f 9564 9624 9563
f 9564 9625 9624
f 9565 9625 9564
f 9565 9626 9625
f 9566 9626 9565
f 9566 9627 9626
f 9567 9627 9566
f 9567 9628 9627
f 9568 9628 9567
f 9568 9629 9628
f 9569 9629 9568
f 9569 9630 9629
f 9570 9630 9569
f 9570 9631 9630
f 9571 9631 9570
f 9571 9632 9631
f 9572 9632 9571
f 9572 9633 9632
f 9573 9633 9572
f 9573 9634 9633
f 9574 9634 9573
f 9576 9635 9575
f 9576 9636 9635
f 9577 9636 9576
f 9577 9637 9636
f 9578 9637 9577
f 9578 9638 9637
f 9579 9638 9578
f 9579 9639 9638
f 9580 9639 9579
f 9580 9640 9639
f 9581 9640 9580
f 9581 9641 9640
f 9582 9641 9581
f 9582 9642 9641
f 9583 9642 9582
f 9583 9643 9642
f 9584 9643 9583
f 9584 9644 9643
f 9585 9644 9584
f 9585 9645 9644
f 9586 9645 9585
f 9586 9646 9645
f 9587 9646 9586
f 9587 9647 9646
f 9588 9647 9587
f 9588 9648 9647
f 9589 9648 9588
f 9589 9649 9648
f 9590 9649 9589
f 9590 9650 9649
f 9591 9650 9590
f 9591 9651 9650
f 9592 9651 9591
f 9592 9652 9651
f 9593 9652 9592
f 9593 9653 9652
f 9594 9653 9593
f 9594 9654 9653
f 9595 9654 9594
f 9595 9655 9654
f 9596 9655 9595
f 9596 9656 9655
f 9597 9656 9596
f 9597 9657 9656
f 9598 9657 9597
f 9598 9658 9657
f 9599 9658 9598
f 9599 9659 9658
f 9600 9659 9599
f 9600 9660 9659
f 9601 9660 9600
f 9601 9661 9660
f 9602 9661 9601
f 9602 9662 9661
f 9603 9662 9602
f 9603 9663 9662
f 9604 9663 9603
f 9604 9664 9663
f 9605 9664 9604
f 9605 9665 9664
f 9606 9665 9605
f 9606 9666 9665
f 9607 9666 9606
f 9607 9667 9666
f 9608 9667 9607
f 9608 9668 9667
f 9609 9668 9608
f 9609 9669 9668
f 9610 9669 9609
f 9610 9670 9669
f 9611 9670 9610
f 9611 9671 9670
f 9612 9671 9611
f 9612 9672 9671
f 9613 9672 9612
f 9613 9673 9672
f 9614 9673 9613
f 9614 9674 9673
f 9615 9674 9614
f 9615 9675 9674
f 9616 9675 9615
f 9616 9676 9675
f 9617 9676 9616
f 9617 9677 9676
f 9618 9677 9617
f 9618 9678 9677
f 9619 9678 9618
f 9619 9679 9678
f 9620 9679 9619
f 9620 9680 9679
f 9621 9680 9620
f 9621 9681 9680
f 9622 9681 9621
f 9622 9682 9681
f 9623 9682 9622
f 9623 9683 9682
f 9624 9683 9623
f 9624 9684 9683
f 9625 9684 9624
f 9625 9685 9684
f 9626 9685 9625
f 9626 9686 9685
f 9627 9686 9626
f 9627 9687 9686
f 9628 9687 9627
f 9628 9688 9687
f 9629 9688 9628
f 9629 9689 9688
f 9630 9689 9629
f 9630 9690 9689
f 9631 9690 9630
f 9631 9691 9690
f 9632 9691 9631
f 9632 9692 9691
f 9633 9692 9632
f 9637 9693 9636
f 9637 9694 9693
f 9638 9694 9637
f 9638 9695 9694
f 9639 9695 9638
f 9639 9696 9695
f 9640 9696 9639
f 9640 9697 9696
f 9641 9697 9640
f 9641 9698 9697
f 9642 9698 9641
f 9642 9699 9698
f 9643 9699 9642
f 9643 9700 9699
f 9644 9700 9643
f 9644 9701 9700
f 9645 9701 9644
f 9645 9702 9701
f 9646 9702 9645
f 9646 9703 9702
f 9647 9703 9646
f 9647 9704 9703
f 9648 9704 9647
f 9648 9705 9704
f 9649 9705 9648
f 9649 9706 9705
f 9650 9706 9649
f 9650 9707 9706
f 9651 9707 9650
f 9651 9708 9707
f 9652 9708 9651
f 9652 9709 9708
f 9653 9709 9652
f 9653 9710 9709
f 9654 9710 9653
f 9654 9711 9710
f 9655 9711 9654
f 9655 9712 9711
f 9656 9712 9655
f 9656 9713 9712
f 9657 9713 9656
f 9657 9714 9713
f 9658 9714 9657
f 9658 9715 9714
f 9659 9715 9658
f 9659 9716 9715
f 9660 9716 9659
f 9660 9717 9716
f 9661 9717 9660
f 9661 9718 9717
f 9662 9718 9661
f 9662 9719 9718
f 9663 9719 9662
f 9663 9720 9719
f 9664 9720 9663
f 9664 9721 9720
f 9665 9721 9664
f 9665 9722 9721
f 9666 9722 9665
f 9666 9723 9722
f 9667 9723 9666
f 9667 9724 9723
f 9668 9724 9667
f 9668 9725 9724
f 9669 9725 9668
f 9669 9726 9725
f 9670 9726 9669
f 9670 9727 9726
f 9671 9727 9670
f 9671 9728 9727
f 9672 9728 9671
f 9672 9729 9728
f 9673 9729 9672
f 9673 9730 9729
f 9674 9730 9673
f 9674 9731 9730
f 9675 9731 9674
f 9675 9732 9731
f 9676 9732 9675
f 9676 9733 9732
f 9677 9733 9676
f 9677 9734 9733
f 9678 9734 9677
f 9678 9735 9734
f 9679 9735 9678
f 9679 9736 9735
f 9680 9736 9679
f 9680 9737 9736
f 9681 9737 9680
f 9681 9738 9737
f 9682 9738 9681
f 9682 9739 9738
f 9683 9739 9682
f 9683 9740 9739
f 9684 9740 9683
f 9684 9741 9740
f 9685 9741 9684
f 9685 9742 9741
f 9686 9742 9685
f 9686 9743 9742
f 9687 9743 9686
f 9687 9744 9743
f 9688 9744 9687
f 9694 9745 9693
f 9694 9746 9745
f 9695 9746 9694
f 9695 9747 9746
f 9696 9747 9695
f 9696 9748 9747
f 9697 9748 9696
f 9697 9749 9748
f 9698 9749 9697
f 9698 9750 9749
f 9699 9750 9698
f 9699 9751 9750
f 9700 9751 9699
f 9700 9752 9751
f 9701 9752 9700
f 9701 9753 9752
f 9702 9753 9701
f 9702 9754 9753
f 9703 9754 9702
f 9703 9755 9754
f 9704 9755 9703
f 9704 9756 9755
f 9705 9756 9704
f 9705 9757 9756
f 9706 9757 9705
f 9706 9758 9757
f 9707 9758 9706
f 9707 9759 9758
f 9708 9759 9707
f 9708 9760 9759
f 9709 9760 9708
f 9709 9761 9760
f 9710 9761 9709
f 9710 9762 9761
f 9711 9762 9710
f 9711 9763 9762
f 9712 9763 9711
f 9712 9764 9763
f 9713 9764 9712
f 9713 9765 9764
f 9714 9765 9713
f 9714 9766 9765
f 9715 9766 9714
f 9715 9767 9766
f 9716 9767 9715
f 9716 9768 9767
f 9717 9768 9716
f 9717 9769 9768
f 9718 9769 9717
f 9718 9770 9769
f 9719 9770 9718
f 9719 9771 9770
f 9720 9771 9719
f 9720 9772 9771
f 9721 9772 9720
f 9721 9773 9772
f 9722 9773 9721
f 9722 9774 9773
f 9723 9774 9722
f 9723 9775 9774
f 9724 9775 9723
f 9724 9776 9775
f 9725 9776 9724
f 9725 9777 9776
f 9726 9777 9725
f 9726 9778 9777
f 9727 9778 9726
f 9727 9779 9778
f 9728 9779 9727
f 9728 9780 9779
f 9729 9780 9728
f 9729 9781 9780
f 9730 9781 9729
f 9730 9782 9781
f 9731 9782 9730
f 9731 9783 9782
f 9732 9783 9731
f 9732 9784 9783
f 9733 9784 9732
f 9733 9785 9784
f 9734 9785 9733
f 9734 9786 9785
f 9735 9786 9734
f 9735 9787 9786
f 9736 9787 9735
f 9736 9788 9787
f 9737 9788 9736
f 9737 9789 9788
f 9738 9789 9737
f 9738 9790 9789
f 9739 9790 9738
f 9739 9791 9790
f 9740 9791 9739
f 9740 9792 9791
f 9741 9792 9740
f 9747 9797 9746
f 9747 9798 9797
f 9748 9798 9747
f 9748 9799 9798
f 9749 9799 9748
f 9749 9800 9799
f 9750 9800 9749
f 9750 9801 9800
f 9751 9801 9750
f 9751 9802 9801
f 9752 9802 9751
f 9752 9803 9802
f 9753 9803 9752
f 9753 9804 9803
f 9754 9804 9753
f 9754 9805 9804
f 9755 9805 9754
f 9755 9806 9805
f 9756 9806 9755
f 9756 9807 9806
f 9757 9807 9756
f 9757 9808 9807
f 9758 9808 9757
f 9758 9809 9808
f 9759 9809 9758
f 9759 9810 9809
f 9760 9810 9759
f 9760 9811 9810
f 9761 9811 9760
f 9761 9812 9811
f 9762 9812 9761
f 9762 9813 9812
f 9763 9813 9762
f 9763 9814 9813
f 9764 9814 9763
f 9764 9815 9814
f 9765 9815 9764
f 9765 9816 9815
f 9766 9816 9765
f 9766 9817 9816
f 9767 9817 9766
f 9767 9818 9817
f 9768 9818 9767
f 9768 9819 9818
f 9769 9819 9768
f 9769 9820 9819
f 9770 9820 9769
f 9770 9821 9820
f 9771 9821 9770
f 9771 9822 9821
f 9772 9822 9771
f 9772 9823 9822
f 9773 9823 9772
f 9773 9824 9823
f 9774 9824 9773
f 9774 9825 9824
f 9775 9825 9774
f 9775 9826 9825
f 9776 9826 9775
f 9776 9827 9826
f 9777 9827 9776
f 9777 9828 9827
f 9778 9828 9777
f 9778 9829 9828
f 9779 9829 9778
f 9779 9830 9829
f 9780 9830 9779
f 9780 9831 9830
f 9781 9831 9780
f 9781 9832 9831
f 9782 9832 9781
f 9782 9833 9832
f 9783 9833 9782
f 9783 9834 9833
f 9784 9834 9783
f 9784 9835 9834
f 9785 9835 9784
f 9785 9836 9835
f 9786 9836 9785
f 9786 9837 9836
f 9787 9837 9786
f 9793 9839 9838
f 9794 9839 9793
f 9794 9840 9839
f 9795 9840 9794
f 9795 9841 9840
f 9796 9841 9795
f 9796 9842 9841
f 9799 9843 9798
f 9799 9844 9843
f 9800 9844 9799
f 9800 9845 9844
f 9801 9845 9800
f 9801 9846 9845
f 9802 9846 9801
f 9802 9847 9846
f 9803 9847 9802
f 9803 9848 9847
f 9804 9848 9803
f 9804 9849 9848
f 9805 9849 9804
f 9805 9850 9849
f 9806 9850 9805
f 9806 9851 9850
f 9807 9851 9806
f 9807 9852 9851
f 9808 9852 9807
f 9808 9853 9852
f 9809 9853 9808
f 9809 9854 9853
f 9810 9854 9809
f 9810 9855 9854
f 9811 9855 9810
f 9811 9856 9855
f 9812 9856 9811
f 9812 9857 9856
f 9813 9857 9812
f 9813 9858 9857
f 9814 9858 9813
f 9814 9859 9858
f 9815 9859 9814
f 9815 9860 9859
f 9816 9860 9815
f 9816 9861 9860
f 9817 9861 9816
f 9817 9862 9861
f 9818 9862 9817
f 9818 9863 9862
f 9819 9863 9818
f 9819 9864 9863
f 9820 9864 9819
f 9820 9865 9864
f 9821 9865 9820
f 9821 9866 9865
f 9822 9866 9821
f 9822 9867 9866
f 9823 9867 9822
f 9823 9868 9867
f 9824 9868 9823
f 9824 9869 9868
f 9825 9869 9824
f 9825 9870 9869
f 9826 9870 9825
f 9826 9871 9870
f 9827 9871 9826
f 9827 9872 9871
f 9828 9872 9827
f 9828 9873 9872
f 9829 9873 9828
f 9829 9874 9873
f 9830 9874 9829
f 9830 9875 9874
f 9831 9875 9830
f 9831 9876 9875
f 9832 9876 9831
f 9832 9877 9876
f 9833 9877 9832
f 9833 9878 9877
f 9834 9878 9833
f 9834 9879 9878
f 9835 9879 9834
f 9839 9882 9838
f 9839 9883 9882
f 9840 9883 9839
f 9840 9884 9883
f 9841 9884 9840
f 9841 9885 9884
f 9842 9885 9841
f 9844 9886 9843
f 9844 9887 9886
f 9845 9887 9844
f 9845 9888 9887
f 9846 9888 9845
f 9846 9889 9888
f 9847 9889 9846
f 9847 9890 9889
f 9848 9890 9847
f 9848 9891 9890
f 9849 9891 9848
f 9849 9892 9891
f 9850 9892 9849
f 9850 9893 9892
f 9851 9893 9850
f 9851 9894 9893
f 9852 9894 9851
f 9852 9895 9894
f 9853 9895 9852
f 9853 9896 9895
f 9854 9896 9853
f 9854 9897 9896
f 9855 9897 9854
f 9855 9898 9897
f 9856 9898 9855
f 9856 9899 9898
f 9857 9899 9856
f 9857 9900 9899
f 9858 9900 9857
f 9858 9901 9900
f 9859 9901 9858
f 9859 9902 9901
f 9860 9902 9859
f 9860 9903 9902
f 9861 9903 9860
f 9861 9904 9903
f 9862 9904 9861
f 9862 9905 9904
f 9863 9905 9862
f 9863 9906 9905
f 9864 9906 9863
f 9864 9907 9906
f 9865 9907 9864
f 9865 9908 9907
f 9866 9908 9865
f 9866 9909 9908
f 9867 9909 9866
f 9867 9910 9909
f 9868 9910 9867
f 9868 9911 9910
f 9869 9911 9868
f 9869 9912 9911
f 9870 9912 9869
f 9870 9913 9912
f 9871 9913 9870
f 9871 9914 9913
f 9872 9914 9871
f 9872 9915 9914
f 9873 9915 9872
f 9873 9916 9915
f 9874 9916 9873
f 9874 9917 9916
f 9875 9917 9874
f 9875 9918 9917
f 9876 9918 9875
f 9876 9919 9918
f 9877 9919 9876
f 9878 9920 9877
f 9878 9921 9920
f 9879 9922 9921
f 9880 9922 9879
f 9881 9923 9880
f 9888 9924 9887
f 9888 9925 9924
f 9889 9925 9888
f 9889 9926 9925
f 9890 9926 9889
f 9890 9927 9926
f 9891 9927 9890
f 9891 9928 9927
f 9892 9928 9891
f 9892 9929 9928
f 9893 9929 9892
f 9893 9930 9929
f 9894 9930 9893
f 9894 9931 9930
f 9895 9931 9894
f 9895 9932 9931
f 9896 9932 9895
f 9896 9933 9932
f 9897 9933 9896
f 9897 9934 9933
f 9898 9934 9897
f 9898 9935 9934
f 9899 9935 9898
f 9899 9936 9935
f 9900 9936 9899
f 9900 9937 9936
f 9901 9937 9900
f 9901 9938 9937
f 9902 9938 9901
f 9902 9939 9938
f 9903 9939 9902
f 9903 9940 9939
f 9904 9940 9903
f 9904 9941 9940
f 9905 9941 9904
f 9905 9942 9941
f 9906 9942 9905
f 9906 9943 9942
f 9907 9943 9906
f 9907 9944 9943
f 9908 9944 9907
f 9908 9945 9944
f 9909 9945 9908
f 9909 9946 9945
f 9910 9946 9909
f 9910 9947 9946
f 9911 9947 9910
f 9911 9948 9947
f 9912 9948 9911
f 9912 9949 9948
f 9913 9949 9912
f 9913 9950 9949
f 9914 9950 9913
f 9914 9951 9950
f 9915 9951 9914
f 9915 9952 9951
f 9916 9952 9915
f 9916 9953 9952
f 9917 9953 9916
f 9917 9954 9953
f 9918 9954 9917
f 9918 9955 9954
f 9919 9955 9918
f 9919 9956 9955
f 9920 9956 9919
f 9920 9957 9956
f 9921 9957 9920
f 9921 9958 9957
f 9922 9958 9921
f 9922 9959 9958
f 9923 9959 9922
f 9925 9960 9924
f 9925 9961 9960
f 9926 9961 9925
f 9926 9962 9961
f 9927 9962 9926
f 9927 9963 9962
f 9928 9963 9927
f 9928 9964 9963
f 9929 9964 9928
f 9929 9965 9964
f 9930 9965 9929
f 9930 9966 9965
f 9931 9966 9930
f 9931 9967 9966
f 9932 9967 9931
f 9932 9968 9967
f 9933 9968 9932
f 9933 9969 9968
f 9934 9969 9933
f 9934 9970 9969
f 9935 9970 9934
f 9935 9971 9970
f 9936 9971 9935
f 9936 9972 9971
f 9937 9972 9936
f 9937 9973 9972
f 9938 9973 9937
f 9938 9974 9973
f 9939 9974 9938
f 9939 9975 9974
f 9940 9975 9939
f 9940 9976 9975
f 9941 9976 9940
f 9941 9977 9976
f 9942 9977 9941
f 9942 9978 9977
f 9943 9978 9942
f 9943 9979 9978
f 9944 9979 9943
f 9944 9980 9979
f 9945 9980 9944
f 9945 9981 9980
f 9946 9981 9945
f 9946 9982 9981
f 9947 9982 9946
f 9947 9983 9982
f 9948 9983 9947
f 9948 9984 9983
f 9949 9984 9948
f 9949 9985 9984
f 9950 9985 9949
f 9950 9986 9985
f 9951 9986 9950
f 9951 9987 9986
f 9952 9987 9951
f 9952 9988 9987
f 9953 9988 9952
f 9953 9989 9988
f 9954 9989 9953
f 9954 9990 9989
f 9955 9990 9954
f 9955 9991 9990
f 9956 9991 9955
f 9956 9992 9991
f 9957 9992 9956
f 9957 9993 9992
f 9958 9993 9957
f 9959 9994 9958
f 9962 9996 9961
f 9962 9997 9996
f 9963 9997 9962
f 9963 9998 9997
f 9964 9998 9963
f 9964 9999 9998
f 9965 9999 9964
f 9965 10000 9999
f 9966 10000 9965
f 9966 10001 10000
f 9967 10001 9966
f 9967 10002 10001
f 9968 10002 9967
f 9968 10003 10002
f 9969 10003 9968
f 9969 10004 10003
f 9970 10004 9969
f 9970 10005 10004
f 9971 10005 9970
f 9971 10006 10005
f 9972 10006 9971
f 9972 10007 10006
f 9973 10007 9972
f 9973 10008 10007
f 9974 10008 9973
f 9974 10009 10008
f 9975 10009 9974
f 9975 10010 10009
f 9976 10010 9975
f 9976 10011 10010
f 9977 10011 9976
f 9977 10012 10011
f 9978 10012 9977
f 9978 10013 10012
f 9979 10013 9978
f 9979 10014 10013
f 9980 10014 9979
f 9980 10015 10014
f 9981 10015 9980
f 9981 10016 10015
f 9982 10016 9981
f 9982 10017 10016
f 9983 10017 9982
f 9983 10018 10017
f 9984 10018 9983
f 9984 10019 10018
f 9985 10019 9984
f 9985 10020 10019
f 9986 10020 9985
f 9986 10021 10020
f 9987 10021 9986
f 9987 10022 10021
f 9988 10022 9987
f 9988 10023 10022
f 9989 10023 9988
f 9989 10024 10023
f 9990 10024 9989
f 9990 10025 10024
f 9991 10025 9990
f 9991 10026 10025
f 9992 10026 9991
f 9993 10027 9992
f 9993 10028 10027
f 9994 10028 9993
f 9995 10030 10029
f 9997 10032 9996
f 9997 10033 10032
f 9998 10033 9997
f 9998 10034 10033
f 9999 10034 9998
f 9999 10035 10034
f 10000 10035 9999
f 10000 10036 10035
f 10001 10036 10000
f 10001 10037 10036
f 10002 10037 10001
f 10002 10038 10037
f 10003 10038 10002
f 10003 10039 10038
f 10004 10039 10003
f 10004 10040 10039
f 10005 10040 10004
f 10005 10041 10040
f 10006 10041 10005
f 10006 10042 10041
f 10007 10042 10006
f 10007 10043 10042
f 10008 10043 10007
f 10008 10044 10043
f 10009 10044 10008
f 10009 10045 10044
f 10010 10045 10009
f 10010 10046 10045
f 10011 10046 10010
f 10011 10047 10046
f 10012 10047 10011
f 10012 10048 10047
f 10013 10048 10012
f 10013 10049 10048
f 10014 10049 10013
f 10014 10050 10049
f 10015 10050 10014
f 10015 10051 10050
f 10016 10051 10015
f 10016 10052 10051
f 10017 10052 10016
f 10017 10053 10052
f 10018 10053 10017
f 10018 10054 10053
f 10019 10054 10018
f 10019 10055 10054
f 10020 10055 10019
f 10020 10056 10055
f 10021 10056 10020
f 10021 10057 10056
f 10022 10057 10021
f 10022 10058 10057
f 10023 10058 10022
f 10023 10059 10058
f 10024 10059 10023
f 10024 10060 10059
f 10025 10060 10024
f 10025 10061 10060
f 10026 10061 10025
f 10026 10062 10061
f 10028 10063 10027
f 10029 10066 10065
f 10030 10066 10029
f 10030 10067 10066
f 10031 10067 10030
f 10031 10068 10067
f 10034 10069 10033
f 10034 10070 10069
f 10035 10070 10034
f 10035 10071 10070
f 10036 10071 10035
f 10036 10072 10071
f 10037 10072 10036
f 10037 10073 10072
f 10038 10073 10037
f 10038 10074 10073
f 10039 10074 10038
f 10039 10075 10074
f 10040 10075 10039
f 10040 10076 10075
f 10041 10076 10040
f 10041 10077 10076
f 10042 10077 10041
f 10042 10078 10077
f 10043 10078 10042
f 10043 10079 10078
f 10044 10079 10043
f 10044 10080 10079
f 10045 10080 10044
f 10045 10081 10080
f 10046 10081 10045
f 10046 10082 10081
f 10047 10082 10046
f 10047 10083 10082
f 10048 10083 10047
f 10048 10084 10083
f 10049 10084 10048
f 10049 10085 10084
f 10050 10085 10049
f 10050 10086 10085
f 10051 10086 10050
f 10051 10087 10086
f 10052 10087 10051
f 10052 10088 10087
f 10053 10088 10052
f 10053 10089 10088
f 10054 10089 10053
f 10054 10090 10089
f 10055 10090 10054
f 10055 10091 10090
f 10056 10091 10055
f 10056 10092 10091
f 10057 10092 10056
f 10057 10093 10092
f 10058 10093 10057
f 10058 10094 10093
f 10059 10094 10058
f 10059 10095 10094
f 10060 10095 10059
f 10060 10096 10095
f 10061 10096 10060
f 10061 10097 10096
f 10062 10097 10061
f 10062 10098 10097
f 10064 10101 10100
f 10065 10101 10064
f 10065 10102 10101
f 10066 10102 10065
f 10066 10103 10102
f 10067 10103 10066
f 10067 10104 10103
f 10068 10104 10067
f 10068 10105 10104
f 10071 10106 10070
f 10071 10107 10106
f 10072 10107 10071
f 10072 10108 10107
f 10073 10108 10072
f 10073 10109 10108
f 10074 10109 10073
f 10074 10110 10109
f 10075 10110 10074
f 10075 10111 10110
f 10076 10111 10075
f 10076 10112 10111
f 10077 10112 10076
f 10077 10113 10112
f 10078 10113 10077
f 10078 10114 10113
f 10079 10114 10078
f 10079 10115 10114
f 10080 10115 10079
f 10080 10116 10115
f 10081 10116 10080
f 10081 10117 10116
f 10082 10117 10081
f 10082 10118 10117
f 10083 10118 10082
f 10083 10119 10118
f 10084 10119 10083
f 10084 10120 10119
f 10085 10120 10084
f 10085 10121 10120
f 10086 10121 10085
f 10086 10122 10121
f 10087 10122 10086
f 10087 10123 10122
f 10088 10123 10087
f 10088 10124 10123
f 10089 10124 10088
f 10089 10125 10124
f 10090 10125 10089
f 10090 10126 10125
f 10091 10126 10090
f 10091 10127 10126
f 10092 10127 10091
f 10092 10128 10127
f 10093 10128 10092
f 10093 10129 10128
f 10094 10129 10093
f 10094 10130 10129
f 10095 10130 10094
f 10095 10131 10130
f 10096 10131 10095
f 10096 10132 10131
f 10097 10132 10096
f 10097 10133 10132
f 10098 10133 10097
f 10099 10136 10135
f 10100 10136 10099
f 10100 10137 10136
f 10101 10137 10100
f 10101 10138 10137
f 10102 10138 10101
f 10102 10139 10138
f 10103 10139 10102
f 10103 10140 10139
f 10104 10140 10103
f 10104 10141 10140
f 10105 10141 10104
f 10105 10142 10141
f 10108 10143 10107
f 10108 10144 10143
f 10109 10144 10108
f 10109 10145 10144
f 10110 10145 10109
f 10110 10146 10145
f 10111 10146 10110
f 10111 10147 10146
f 10112 10147 10111
f 10112 10148 10147
f 10113 10148 10112
f 10113 10149 10148
f 10114 10149 10113
f 10114 10150 10149
f 10115 10150 10114
f 10115 10151 10150
f 10116 10151 10115
f 10116 10152 10151
f 10117 10152 10116
f 10117 10153 10152
f 10118 10153 10117
f 10118 10154 10153
f 10119 10154 10118
f 10119 10155 10154
f 10120 10155 10119
f 10120 10156 10155
f 10121 10156 10120
f 10121 10157 10156
f 10122 10157 10121
f 10122 10158 10157
f 10123 10158 10122
f 10123 10159 10158
f 10124 10159 10123
f 10124 10160 10159
f 10125 10160 10124
f 10125 10161 10160
f 10126 10161 10125
f 10126 10162 10161
f 10127 10162 10126
f 10127 10163 10162
f 10128 10163 10127
f 10129 10164 10128
f 10130 10165 10129
f 10130 10166 10165
f 10131 10166 10130
f 10131 10167 10166
f 10132 10167 10131
f 10132 10168 10167
f 10133 10168 10132
f 10134 10171 10170
f 10135 10171 10134
f 10135 10172 10171
f 10136 10172 10135
f 10136 10173 10172
f 10137 10173 10136
f 10137 10174 10173
f 10138 10174 10137
f 10138 10175 10174
f 10139 10175 10138
f 10139 10176 10175
f 10140 10176 10139
f 10140 10177 10176
f 10141 10177 10140
f 10141 10178 10177
f 10142 10178 10141
f 10142 10179 10178
f 10145 10180 10144
f 10145 10181 10180
f 10146 10181 10145
f 10146 10182 10181
f 10147 10182 10146
f 10147 10183 10182
f 10148 10183 10147
f 10148 10184 10183
f 10149 10184 10148
f 10149 10185 10184
f 10150 10185 10149
f 10150 10186 10185
f 10151 10186 10150
f 10151 10187 10186
f 10152 10187 10151
f 10152 10188 10187
f 10153 10188 10152
f 10153 10189 10188
f 10154 10189 10153
f 10154 10190 10189
f 10155 10190 10154
f 10155 10191 10190
f 10156 10191 10155
f 10156 10192 10191
f 10157 10192 10156
f 10157 10193 10192
f 10158 10193 10157
f 10158 10194 10193
f 10159 10194 10158
f 10159 10195 10194
f 10160 10195 10159
f 10160 10196 10195
f 10161 10196 10160
f 10161 10197 10196
f 10162 10197 10161
f 10162 10198 10197
f 10163 10198 10162
f 10163 10199 10198
f 10164 10199 10163
f 10164 10200 10199
f 10169 10202 10201
f 10170 10202 10169
f 10170 10203 10202
f 10171 10203 10170
f 10171 10204 10203
f 10172 10204 10171
f 10172 10205 10204
f 10173 10205 10172
f 10173 10206 10205
f 10174 10206 10173
f 10174 10207 10206
f 10175 10207 10174
f 10175 10208 10207
f 10176 10208 10175
f 10176 10209 10208
f 10177 10209 10176
f 10177 10210 10209
f 10178 10210 10177
f 10178 10211 10210
f 10179 10211 10178
f 10179 10212 10211
f 10182 10213 10181
f 10182 10214 10213
f 10183 10214 10182
f 10183 10215 10214
f 10184 10215 10183
f 10184 10216 10215
f 10185 10216 10184
f 10185 10217 10216
f 10186 10217 10185
f 10186 10218 10217
f 10187 10218 10186
f 10187 10219 10218
f 10188 10219 10187
f 10188 10220 10219
f 10189 10220 10188
f 10189 10221 10220
f 10190 10221 10189
f 10190 10222 10221
f 10191 10222 10190
f 10191 10223 10222
f 10192 10223 10191
f 10192 10224 10223
f 10193 10224 10192
f 10193 10225 10224
f 10194 10225 10193
f 10194 10226 10225
f 10195 10226 10194
f 10195 10227 10226
f 10196 10227 10195
f 10196 10228 10227
f 10197 10228 10196
f 10197 10229 10228
f 10198 10229 10197
f 10198 10230 10229
f 10199 10230 10198
f 10199 10231 10230
f 10200 10231 10199
f 10202 10232 10201
f 10202 10233 10232
f 10203 10233 10202
f 10203 10234 10233
f 10204 10234 10203
f 10204 10235 10234
f 10205 10235 10204
f 10205 10236 10235
f 10206 10236 10205
f 10206 10237 10236
f 10207 10237 10206
f 10207 10238 10237
f 10208 10238 10207
f 10208 10239 10238
f 10209 10239 10208
f 10209 10240 10239
f 10210 10240 10209
f 10210 10241 10240
f 10211 10241 10210
f 10211 10242 10241
f 10212 10242 10211
f 10212 10243 10242
f 10214 10244 10213
f 10214 10245 10244
f 10215 10245 10214
f 10215 10246 10245
f 10216 10246 10215
f 10216 10247 10246
f 10217 10247 10216
f 10217 10248 10247
f 10218 10248 10217
f 10218 10249 10248
f 10219 10249 10218
f 10219 10250 10249
f 10220 10250 10219
f 10220 10251 10250
f 10221 10251 10220
f 10221 10252 10251
f 10222 10252 10221
f 10222 10253 10252
f 10223 10253 10222
f 10223 10254 10253
f 10224 10254 10223
f 10224 10255 10254
f 10225 10255 10224
f 10225 10256 10255
f 10226 10256 10225
f 10226 10257 10256
f 10227 10257 10226
f 10227 10258 10257
f 10228 10258 10227
f 10228 10259 10258
f 10229 10259 10228
f 10229 10260 10259
f 10230 10260 10229
f 10233 10261 10232
f 10233 10262 10261
f 10234 10262 10233
f 10234 10263 10262
f 10235 10263 10234
f 10235 10264 10263
f 10236 10264 10235
f 10236 10265 10264
f 10237 10265 10236
f 10237 10266 10265
f 10238 10266 10237
f 10238 10267 10266
f 10239 10267 10238
f 10239 10268 10267
f 10240 10268 10239
f 10240 10269 10268
f 10241 10269 10240
f 10241 10270 10269
f 10242 10270 10241
f 10242 10271 10270
f 10243 10271 10242
f 10245 10272 10244
f 10245 10273 10272
f 10246 10273 10245
f 10246 10274 10273
f 10247 10274 10246
f 10247 10275 10274
f 10248 10275 10247
f 10248 10276 10275
f 10249 10276 10248
f 10249 10277 10276
f 10250 10277 10249
f 10250 10278 10277
f 10251 10278 10250
f 10251 10279 10278
f 10252 10279 10251
f 10252 10280 10279
f 10253 10280 10252
f 10253 10281 10280
f 10254 10281 10253
f 10254 10282 10281
f 10255 10282 10254
f 10255 10283 10282
f 10256 10283 10255
f 10256 10284 10283
f 10257 10284 10256
f 10257 10285 10284
f 10258 10285 10257
f 10258 10286 10285
f 10259 10286 10258
f 10259 10287 10286
f 10260 10287 10259
f 10262 10288 10261
f 10262 10289 10288
f 10263 10289 10262
f 10263 10290 10289
f 10264 10290 10263
f 10264 10291 10290
f 10265 10291 10264
f 10265 10292 10291
f 10266 10292 10265
f 10266 10293 10292
f 10267 10293 10266
f 10267 10294 10293
f 10268 10294 10267
f 10268 10295 10294
f 10269 10295 10268
f 10269 10296 10295
f 10270 10296 10269
f 10270 10297 10296
f 10271 10297 10270
f 10271 10298 10297
f 10273 10299 10272
f 10273 10300 10299
f 10274 10300 10273
f 10274 10301 10300
f 10275 10301 10274
f 10275 10302 10301
f 10276 10302 10275
f 10276 10303 10302
f 10277 10303 10276
f 10277 10304 10303
f 10278 10304 10277
f 10278 10305 10304
f 10279 10305 10278
f 10279 10306 10305
f 10280 10306 10279
f 10280 10307 10306
f 10281 10307 10280
f 10281 10308 10307
f 10282 10308 10281
f 10282 10309 10308
f 10283 10309 10282
f 10283 10310 10309
f 10284 10310 10283
f 10290 10311 10289
f 10290 10312 10311
f 10291 10312 10290
f 10291 10313 10312
f 10292 10313 10291
f 10292 10314 10313
f 10293 10314 10292
f 10293 10315 10314
f 10294 10315 10293
f 10294 10316 10315
f 10295 10316 10294
f 10295 10317 10316
f 10296 10317 10295
f 10296 10318 10317
f 10297 10318 10296
f 10297 10319 10318
f 10298 10319 10297
f 10299 10321 10320
f 10300 10321 10299
f 10300 10322 10321
f 10301 10322 10300
f 10301 10323 10322
f 10302 10323 10301
f 10302 10324 10323
f 10303 10324 10302
f 10303 10325 10324
f 10304 10325 10303
f 10304 10326 10325
f 10305 10326 10304
f 10305 10327 10326
f 10306 10327 10305
f 10306 10328 10327
f 10307 10328 10306
f 10307 10329 10328
f 10308 10329 10307
f 10313 10330 10312
f 10313 10331 10330
f 10314 10331 10313
f 10314 10332 10331
f 10315 10332 10314
f 10315 10333 10332
f 10316 10333 10315
f 10316 10334 10333
f 10317 10334 10316
f 10317 10335 10334
f 10318 10335 10317
f 10318 10336 10335
f 10319 10336 10318
f 10321 10337 10320
f 10321 10338 10337
f 10322 10338 10321
f 10322 10339 10338
f 10323 10339 10322
f 10323 10340 10339
f 10324 10340 10323
f 10324 10341 10340
f 10325 10341 10324
f 10325 10342 10341
f 10326 10342 10325
f 10326 10343 10342
f 10327 10343 10326
f 10327 10344 10343
f 10328 10344 10327
f 10328 10345 10344
f 10329 10345 10328
f 10329 10346 10345
f 10332 10347 10331
f 10332 10348 10347
f 10333 10348 10332
f 10333 10349 10348
f 10334 10349 10333
f 10334 10350 10349
f 10335 10350 10334
f 10335 10351 10350
f 10336 10351 10335
f 10337 10353 10352
f 10338 10353 10337
f 10338 10354 10353
f 10339 10354 10338
f 10339 10355 10354
f 10340 10355 10339
f 10340 10356 10355
f 10341 10356 10340
f 10341 10357 10356
f 10342 10357 10341
f 10342 10358 10357
f 10343 10358 10342
f 10343 10359 10358
f 10344 10359 10343
f 10344 10360 10359
f 10345 10360 10344
f 10345 10361 10360
f 10346 10361 10345
f 10346 10362 10361
f 10353 10363 10352
f 10353 10364 10363
f 10354 10364 10353
f 10354 10365 10364
f 10355 10365 10354
f 10355 10366 10365
f 10356 10366 10355
f 10356 10367 10366
f 10357 10367 10356
f 10357 10368 10367
f 10358 10368 10357
f 10358 10369 10368
f 10359 10369 10358
f 10359 10370 10369
f 10360 10370 10359
f 10360 10371 10370
f 10361 10371 10360
f 10361 10372 10371
f 10362 10372 10361
f 10362 10373 10372
f 10364 10374 10363
f 10364 10375 10374
f 10365 10375 10364
f 10365 10376 10375
f 10366 10376 10365
f 10366 10377 10376
f 10367 10377 10366
f 10367 10378 10377
f 10368 10378 10367
f 10368 10379 10378
f 10369 10379 10368
f 10369 10380 10379
f 10370 10380 10369
f 10370 10381 10380
f 10371 10381 10370
f 10371 10382 10381
f 10372 10382 10371
f 10372 10383 10382
f 10373 10383 10372
f 10373 10384 10383
f 10374 10386 10385
f 10375 10386 10374
f 10375 10387 10386
f 10376 10387 10375
f 10376 10388 10387
f 10377 10388 10376
f 10377 10389 10388
f 10378 10389 10377
f 10378 10390 10389
f 10379 10390 10378
f 10379 10391 10390
f 10380 10391 10379
f 10380 10392 10391
f 10381 10392 10380
f 10381 10393 10392
f 10382 10393 10381
f 10382 10394 10393
f 10383 10394 10382
f 10383 10395 10394
f 10384 10395 10383
f 10384 10396 10395
f 10386 10397 10385
f 10386 10398 10397
f 10387 10398 10386
f 10387 10399 10398
f 10388 10399 10387
f 10388 10400 10399
f 10389 10400 10388
f 10389 10401 10400
f 10390 10401 10389
f 10390 10402 10401
f 10391 10402 10390
f 10391 10403 10402
f 10392 10403 10391
f 10392 10404 10403
f 10393 10404 10392
f 10393 10405 10404
f 10394 10405 10393
f 10394 10406 10405
f 10395 10406 10394
f 10395 10407 10406
f 10396 10407 10395
f 10396 10408 10407
f 10398 10409 10397
f 10398 10410 10409
f 10399 10410 10398
f 10399 10411 10410
f 10400 10411 10399
f 10400 10412 10411
f 10401 10412 10400
f 10401 10413 10412
f 10402 10413 10401
f 10402 10414 10413
f 10403 10414 10402
f 10403 10415 10414
f 10404 10415 10403
f 10404 10416 10415
f 10405 10416 10404
f 10405 10417 10416
f 10406 10417 10405
f 10406 10418 10417
f 10407 10418 10406
f 10407 10419 10418
f 10408 10419 10407
f 10408 10420 10419
f 10409 10422 10421
f 10410 10422 10409
f 10410 10423 10422
f 10411 10423 10410
f 10411 10424 10423
f 10412 10424 10411
f 10412 10425 10424
f 10413 10425 10412
f 10413 10426 10425
f 10414 10426 10413
f 10414 10427 10426
f 10415 10427 10414
f 10415 10428 10427
f 10416 10428 10415
f 10416 10429 10428
f 10417 10429 10416
f 10417 10430 10429
f 10418 10430 10417
f 10418 10431 10430
f 10419 10431 10418
f 10419 10432 10431
f 10420 10432 10419
f 10422 10433 10421
f 10422 10434 10433
f 10423 10434 10422
f 10423 10435 10434
f 10424 10435 10423
f 10424 10436 10435
f 10425 10436 10424
f 10425 10437 10436
f 10426 10437 10425
f 10426 10438 10437
f 10427 10438 10426
f 10427 10439 10438
f 10428 10439 10427
f 10428 10440 10439
f 10429 10440 10428
f 10429 10441 10440
f 10430 10441 10429
f 10430 10442 10441
f 10431 10442 10430
f 10431 10443 10442
f 10432 10443 10431
f 10432 10444 10443
f 10434 10445 10433
f 10434 10446 10445
f 10435 10446 10434
f 10435 10447 10446
f 10436 10447 10435
f 10436 10448 10447
f 10437 10448 10436
f 10437 10449 10448
f 10438 10449 10437
f 10438 10450 10449
f 10439 10450 10438
f 10439 10451 10450
f 10440 10451 10439
f 10440 10452 10451
f 10441 10452 10440
f 10441 10453 10452
f 10442 10453 10441
f 10442 10454 10453
f 10443 10454 10442
f 10443 10455 10454
f 10444 10455 10443
f 10446 10456 10445
f 10446 10457 10456
f 10447 10457 10446
f 10447 10458 10457
f 10448 10458 10447
f 10448 10459 10458
f 10449 10459 10448
f 10449 10460 10459
f 10450 10460 10449
f 10450 10461 10460
f 10451 10461 10450
f 10451 10462 10461
f 10452 10462 10451
f 10452 10463 10462
f 10453 10463 10452
f 10453 10464 10463
f 10454 10464 10453
f 10454 10465 10464
f 10455 10465 10454
f 10455 10466 10465
f 10458 10467 10457
f 10458 10468 10467
f 10459 10468 10458
f 10459 10469 10468
f 10460 10469 10459
f 10460 10470 10469
f 10461 10470 10460
f 10461 10471 10470
f 10462 10471 10461
f 10462 10472 10471
f 10463 10472 10462
f 10463 10473 10472
f 10464 10473 10463
f 10464 10474 10473
f 10465 10474 10464
f 10465 10475 10474
f 10466 10475 10465
f 10468 10476 10467
f 10468 10477 10476
f 10469 10477 10468
f 10469 10478 10477
f 10470 10478 10469
f 10470 10479 10478
f 10471 10479 10470
f 10471 10480 10479
f 10472 10480 10471
f 10472 10481 10480
f 10473 10481 10472
f 10473 10482 10481
f 10474 10482 10473
f 10474 10483 10482
f 10475 10483 10474
f 10478 10484 10477
f 10478 10485 10484
f 10479 10485 10478
f 10479 10486 10485
f 10480 10486 10479
f 10480 10487 10486
f 10481 10487 10480
f 10481 10488 10487
f 10482 10488 10481
f 10482 10489 10488
f 10483 10489 10482