# https://github.com/mikedh/trimesh
v -0.37503359 0.47994775 -0.82849640
v -0.38509518 0.46939144 -0.82126558
v -0.39513347 0.45885965 -0.81405151
v -0.40514851 0.44835219 -0.80685419
v -0.40807578 0.43595877 -0.80810815
v -0.40575311 0.42212713 -0.81563699
v -0.40340325 0.40825590 -0.82320976
v -0.40103778 0.39434814 -0.83081293
v -0.37598976 0.53215015 -0.78933680
v -0.38655797 0.52172452 -0.78152794
v -0.39709949 0.51132506 -0.77373868
v -0.40761447 0.50095177 -0.76596898
v -0.41810301 0.49060455 -0.75821882
v -0.42856523 0.48028332 -0.75048816
v -0.43797803 0.46971637 -0.74399287
v -0.44519553 0.45858878 -0.74009866
v -0.44799170 0.44628185 -0.74146098
v -0.44837984 0.43331164 -0.74569374
v -0.44879314 0.42033035 -0.74990302
v -0.44629067 0.40652016 -0.75759727
v -0.44402945 0.39274487 -0.76501530
v -0.44176275 0.37893626 -0.77245110
v -0.43962640 0.36513451 -0.77968407
v -0.43718141 0.35120997 -0.78741443
v -0.43486711 0.33729187 -0.79494178
v -0.42540565 0.32124424 -0.81104642
v -0.41490415 0.30481970 -0.82842332
v -0.35115018 0.55151242 -0.79022759
v -0.40135109 0.55086106 -0.73575509
v -0.40944043 0.53989238 -0.73086607
v -0.41667151 0.52872717 -0.72698265
v -0.42389342 0.51757616 -0.72310412
v -0.43110615 0.50643927 -0.71923047
v -0.43830982 0.49531645 -0.71536177
v -0.44550437 0.48420769 -0.71149790
v -0.45268986 0.47311294 -0.70763898
v -0.45986623 0.46203220 -0.70378482
v -0.46431887 0.45023090 -0.70315683
v -0.46439025 0.43723565 -0.70773059
v -0.46446171 0.42422095 -0.71231127
v -0.46453330 0.41118672 -0.71689880
v -0.46487364 0.39820826 -0.72117341
v -0.46529716 0.38523513 -0.72535551
v -0.46572128 0.37224424 -0.72954333
v -0.46614596 0.35923558 -0.73373687
v -0.46657127 0.34620914 -0.73793608
v -0.46699712 0.33316478 -0.74214119
v -0.46317336 0.31884426 -0.75143397
v -0.45378241 0.30282125 -0.76740283
v -0.43995568 0.28539348 -0.78870845
v -0.42976755 0.26897934 -0.80568612
v -0.42352992 0.25370234 -0.81795186
v -0.41726753 0.23836485 -0.83026612
v -0.36182669 0.56649166 -0.75403559
v -0.39419284 0.56140721 -0.72068906
v -0.41480079 0.55354679 -0.70110655
v -0.42233816 0.54249394 -0.69686240
v -0.42986500 0.53145647 -0.69262415
v -0.43738145 0.52043432 -0.68839175
v -0.44488740 0.50942743 -0.68416518
v -0.45238298 0.49843585 -0.67994457
v -0.45986816 0.48745954 -0.67572975
v -0.46727252 0.47647968 -0.67160398
v -0.47440827 0.46544540 -0.66778940
v -0.48049244 0.45414278 -0.66521305
v -0.48057553 0.44121161 -0.66973698
v -0.48065874 0.42826122 -0.67426771
v -0.48074207 0.41529143 -0.67880517
v -0.48082557 0.40230227 -0.68334943
v -0.48090914 0.38929364 -0.68790048
v -0.48099282 0.37626556 -0.69245839
v -0.48128590 0.36327830 -0.69677418
v -0.48171961 0.35031343 -0.70092934
v -0.48215386 0.33733085 -0.70509011
v -0.48010886 0.32359624 -0.71221256
v -0.47474235 0.30883890 -0.72330827
v -0.46999374 0.29421991 -0.73368335
v -0.46723637 0.28016117 -0.74169534
v -0.46447179 0.26606566 -0.74972832
v -0.45444527 0.24969168 -0.76646334
v -0.32121199 0.58208913 -0.77333689
v -0.36247295 0.57894856 -0.72976977
v -0.38704798 0.57193357 -0.70565116
v -0.41143039 0.56497353 -0.68172169
v -0.42744258 0.55603731 -0.66755986
v -0.43494117 0.54502672 -0.66335577
v -0.44242939 0.53403139 -0.65915757
v -0.44990724 0.52305126 -0.65496516
v -0.45737475 0.51208627 -0.65077859
v -0.46483195 0.50113648 -0.64659768
v -0.47227883 0.49020183 -0.64242268
v -0.47864670 0.47899821 -0.63951176
v -0.48364115 0.46743867 -0.63821489
v -0.48863348 0.45588407 -0.63691860
v -0.49047974 0.44347528 -0.63933325
v -0.49133939 0.43078396 -0.64291680
v -0.49230886 0.41810790 -0.64637601
v -0.49327946 0.40541732 -0.64983922
v -0.49425116 0.39271218 -0.65330637
v -0.49522397 0.37999249 -0.65677750
v -0.49619794 0.36725819 -0.66025263
v -0.49727523 0.35453898 -0.66361040
v -0.49737096 0.34151718 -0.66813886
v -0.49761340 0.32851931 -0.67249990
v -0.49230531 0.31384453 -0.68346846
v -0.48697799 0.29911664 -0.69447672
v -0.48163140 0.28433537 -0.70552486
v -0.47679549 0.26966286 -0.71598130
v -0.79915136 0.35605133 -0.33615065
v -0.80903333 0.34671879 -0.32876849
v -0.81556326 0.33636507 -0.32537985
v -0.81531018 0.32387742 -0.33009604
v -0.81358796 0.31090012 -0.33657736
v -0.32660013 0.59566098 -0.74351341
v -0.35533640 0.58949018 -0.71467811
v -0.37991649 0.58244020 -0.69064146
v -0.40430415 0.57544559 -0.66679305
v -0.42850152 0.56850547 -0.64313072
v -0.43998405 0.55850810 -0.63427925
v -0.44744432 0.54753941 -0.63011485
v -0.45489424 0.53658593 -0.62595624
v -0.46230289 0.52563953 -0.62183952
v -0.46729386 0.51408619 -0.62054825
v -0.47228265 0.50253785 -0.61925751
v -0.47726932 0.49099439 -0.61796737
v -0.48225385 0.47945592 -0.61667776
v -0.48723632 0.46792239 -0.61538869
v -0.49221653 0.45639381 -0.61410022
v -0.49613249 0.44457975 -0.61406201
v -0.49689499 0.43189585 -0.61773664
v -0.49765849 0.41919646 -0.62141579
v -0.49843761 0.40648568 -0.62508208
v -0.49940979 0.39381382 -0.62852615
v -0.50038302 0.38112748 -0.63197416
v -0.50135744 0.36842665 -0.63542616
v -0.50233293 0.35571125 -0.63888210
v -0.50330955 0.34298128 -0.64234197
v -0.50428724 0.33023673 -0.64580578
v -0.50259238 0.31667870 -0.65244347
v -0.78123027 0.38756612 -0.32648847
v -0.79459172 0.37924543 -0.31501403
v -0.80634719 0.37048221 -0.30543041
v -0.81233150 0.35997692 -0.30269501
v -0.81801665 0.34939030 -0.30031145
v -0.82369703 0.33881253 -0.29792994
v -0.82577801 0.32710481 -0.29983500
v -0.82754982 0.31529009 -0.30211180
v -0.82922441 0.30343416 -0.30450827
v -0.82587218 0.28993630 -0.31291389
v -0.80797887 0.27164447 -0.33871800
v -0.43904284 0.12399108 -0.78938115
v -0.43376935 0.10871815 -0.80049044
v -0.42936525 0.09369022 -0.81057417
v -0.42580485 0.07890527 -0.81966090
v -0.42054588 0.06349819 -0.83080202
v -0.31559715 0.60532147 -0.73284066
v -0.34558696 0.59939176 -0.70266056
v -0.37109172 0.59252006 -0.67764044
v -0.39638823 0.58570451 -0.65282470
v -0.42139375 0.57892364 -0.62830979
v -0.44499406 0.57190138 -0.60539263
v -0.45099241 0.56060296 -0.60293108
v -0.45597771 0.54906082 -0.60164595
v -0.46096087 0.53752363 -0.60036135
v -0.46594191 0.52599138 -0.59907734
v -0.47092083 0.51446402 -0.59779388
v -0.47589764 0.50294161 -0.59651095
v -0.48087227 0.49142414 -0.59522855
v -0.48584482 0.47991154 -0.59394664
v -0.49081522 0.46840394 -0.59266543
v -0.49578348 0.45690119 -0.59138465
v -0.50074965 0.44540340 -0.59010446
v -0.50251913 0.43302885 -0.59257460
v -0.50328398 0.42036393 -0.59622866
v -0.50404978 0.40768358 -0.59988713
v -0.50481653 0.39498770 -0.60355002
v -0.50558424 0.38227636 -0.60721749
v -0.50649041 0.36958915 -0.61072725
v -0.50746632 0.35690710 -0.61416018
v -0.50844336 0.34421057 -0.61759704
v -0.50942147 0.33149949 -0.62103778
v -0.77503979 0.39785349 -0.31171101
v -0.78784484 0.38935375 -0.30093440
v -0.79974145 0.38062459 -0.29121655
v -0.80751783 0.37067473 -0.28636467
v -0.81438696 0.36046544 -0.28258100
v -0.82032156 0.34998137 -0.27990016
v -0.82573432 0.33934498 -0.27783477
v -0.82865202 0.32792708 -0.27873096
v -0.83110195 0.31635594 -0.28018472
v -0.83323216 0.30467546 -0.28202125
v -0.83047771 0.29140159 -0.28967819
v -0.82602686 0.27753931 -0.29936898
v -0.82200158 0.26360977 -0.30819961
v -0.46429279 0.13241559 -0.73998559
v -0.46128312 0.11798840 -0.74832493
v -0.45108372 0.10109752 -0.76527309
v -0.44635832 0.08599476 -0.77569777
v -0.44283733 0.07125924 -0.78469634
v -0.43930602 0.05648070 -0.79372126
v -0.43576443 0.04165898 -0.80277258
v -0.43124226 0.02645360 -0.81301481
v -0.42891321 0.01197817 -0.82063866
v -0.42680213 -0.00245321 -0.82801241
v -0.41568998 -0.02014522 -0.84622610
v -0.40542904 -0.03760994 -0.86344337
v -0.40440911 -0.05178730 -0.86955291
v -0.40338716 -0.06599234 -0.87567437
v -0.40236321 -0.08022515 -0.88180786
v -0.40976033 -0.23114662 -0.92719918
v -0.42055589 -0.24091224 -0.91903275
v -0.42655566 -0.25258023 -0.91670042
v -0.43108568 -0.26483592 -0.91615754
v -0.43736148 -0.27637395 -0.91348213
v -0.44492793 -0.28736770 -0.90922517
v -0.45097974 -0.29897124 -0.90681392
v -0.45522431 -0.31131920 -0.90661085
v -0.45946857 -0.32366645 -0.90640789
v -0.46398461 -0.33589762 -0.90587139
v -0.46885824 -0.34797406 -0.90489537
v -0.47196847 -0.36080241 -0.90608287
v -0.47490641 -0.37371054 -0.90748417
v -0.47784561 -0.38662437 -0.90888602
v -0.47959733 -0.40006372 -0.91175175
v -0.48107198 -0.41363785 -0.91496325
v -0.48158568 -0.42765194 -0.91936451
v -0.48209018 -0.44169003 -0.92378420
v -0.47748658 -0.45803806 -0.93451798
v -0.33047646 0.60802919 -0.69685709
v -0.35605791 0.60111809 -0.67184639
v -0.38143036 0.59426349 -0.64704001
v -0.40659633 0.58746469 -0.62243557
v -0.43042538 0.58044493 -0.59934324
v -0.44604737 0.57150352 -0.58573359
v -0.45494062 0.56094742 -0.57991207
v -0.45987773 0.54942286 -0.57867646
v -0.46481282 0.53790301 -0.57744139
v -0.46974587 0.52638799 -0.57620680
v -0.47467685 0.51487768 -0.57497269
v -0.47960582 0.50337213 -0.57373911
v -0.48453274 0.49187130 -0.57250601
v -0.48945764 0.48037526 -0.57127351
v -0.49438050 0.46888393 -0.57004142
v -0.49933439 0.45740631 -0.56877124
v -0.50428861 0.44593427 -0.56749874
v -0.50811344 0.43415588 -0.56754595
v -0.50887966 0.42152521 -0.57117510
v -0.50964683 0.40887922 -0.57480860
v -0.51041490 0.39621782 -0.57844657
v -0.51118398 0.38354099 -0.58208895
v -0.51195395 0.37084869 -0.58573574
v -0.51272488 0.35814092 -0.58938700
v -0.73439813 0.41031227 -0.33316854
v -0.76778597 0.40780017 -0.29823211
v -0.78149092 0.39955682 -0.28643310
v -0.79194766 0.39038551 -0.27844620
v -0.79979151 0.38045460 -0.27353022
v -0.80753958 0.37051564 -0.26872006
v -0.81310034 0.35992151 -0.26648742
v -0.81820136 0.34919378 -0.26479509
v -0.82335460 0.33848983 -0.26303843
v -0.82561862 0.32687816 -0.26470146
v -0.82803255 0.31530711 -0.26618940
v -0.83048064 0.30374059 -0.26763889
v -0.83030474 0.29131603 -0.27220622
v -0.82919717 0.27856675 -0.27788764
v -0.82620066 0.26510158 -0.28567258
v -0.81511950 0.24905084 -0.30339324
v -0.46601066 0.11962515 -0.72356242
v -0.46473667 0.10578116 -0.72980803
v -0.46346009 0.09190892 -0.73606652
v -0.46219698 0.07801382 -0.74231851
v -0.45808768 0.06310812 -0.75198030
v -0.45341617 0.04796427 -0.76232922
v -0.44872895 0.03276939 -0.77271301
v -0.44402593 0.01752322 -0.78313190
v -0.44127616 0.00292643 -0.79122621
v -0.44059217 -0.01096526 -0.79685569
v -0.43990692 -0.02488223 -0.80249536
v -0.43910795 -0.03886548 -0.80828047
v -0.43800718 -0.05298492 -0.81443733
v -0.43931440 -0.06624255 -0.81770700
v -0.43965879 -0.07987269 -0.82214081
v -0.43636659 -0.09488449 -0.83096331
v -0.43575591 -0.10892390 -0.83656615
v -0.43809187 -0.12186881 -0.83862180
v -0.43849656 -0.13556170 -0.84301329
v -0.43890175 -0.14927387 -0.84741092
v -0.44064620 -0.16248606 -0.85019541
v -0.44445100 -0.17490585 -0.85049021
v -0.44825613 -0.18732682 -0.85078496
v -0.45064136 -0.20031141 -0.85280180
v -0.45266682 -0.21344841 -0.85525835
v -0.45632356 -0.22594158 -0.85573781
v -0.46041697 -0.23826039 -0.85568726
v -0.46451038 -0.25057903 -0.85563678
v -0.46741894 -0.26338267 -0.85702837
v -0.47003841 -0.27631173 -0.85877430
v -0.47389537 -0.28873500 -0.85901415
v -0.47775272 -0.30115926 -0.85925418
v -0.48161030 -0.31358442 -0.85949415
v -0.48430514 -0.32650283 -0.86115545
v -0.48711658 -0.33937904 -0.86267686
v -0.49034554 -0.35208306 -0.86368948
v -0.49357557 -0.36479118 -0.86470252
v -0.49656039 -0.37761036 -0.86601770
v -0.49886972 -0.39073068 -0.86816388
v -0.50107306 -0.40390727 -0.87044340
v -0.50324839 -0.41710663 -0.87276119
v -0.50542527 -0.43031564 -0.87508053
v -0.50718302 -0.44372311 -0.87791961
v -0.50782049 -0.45764852 -0.88214320
v -0.50791377 -0.47183996 -0.88704437
v -0.50800717 -0.48605362 -0.89195323
v -0.50695342 -0.50081640 -0.89828640
v -0.30146527 0.61346239 -0.70702511
v -0.34100673 0.60972601 -0.66604561
v -0.36645529 0.60283232 -0.64124876
v -0.39169663 0.59599471 -0.61665374
v -0.41377237 0.58849800 -0.59567606
v -0.43249875 0.58027428 -0.57853621
v -0.44523302 0.57064807 -0.56829798
v -0.45454329 0.56021392 -0.56200576
v -0.46383402 0.54980183 -0.55572665
v -0.46880615 0.53832102 -0.55444205
v -0.47372690 0.52683258 -0.55321509
v -0.47864568 0.51534891 -0.55198860
v -0.48356238 0.50386989 -0.55076259
v -0.48847708 0.49239567 -0.54953712
v -0.49338973 0.48092616 -0.54831213
v -0.49830040 0.46946132 -0.54708767
v -0.50320899 0.45800126 -0.54586369
v -0.50686151 0.44620270 -0.54610223
v -0.51028818 0.43434083 -0.54660434
v -0.51176316 0.42193285 -0.54938596
v -0.51274252 0.40937355 -0.55275077
v -0.51378119 0.39681655 -0.55605137
v -0.51482093 0.38424563 -0.55935562
v -0.51586187 0.37166071 -0.56266361
v -0.72138232 0.41801926 -0.32712084
v -0.75516427 0.41614956 -0.29108509
v -0.76962769 0.40810251 -0.27844262
v -0.78227538 0.39956760 -0.26791352
v -0.79101247 0.38989946 -0.26196527
v -0.79984152 0.38028511 -0.25589976
v -0.80637038 0.36999202 -0.25253287
v -0.81117749 0.35918126 -0.25118932
v -0.81598240 0.34837571 -0.24984643
v -0.82044667 0.33746892 -0.24890329
v -0.82270765 0.32586819 -0.25056058
v -0.82496995 0.31426060 -0.25221881
v -0.82741386 0.30270427 -0.25366485
v -0.82696581 0.29020295 -0.25853595
v -0.82601267 0.27751505 -0.26401296
v -0.82490069 0.26475081 -0.26968667
v -0.81874287 0.25028464 -0.28135499
v -0.80864888 0.23444889 -0.29771435
v -0.46772462 0.10686402 -0.70717686
v -0.46645382 0.09302293 -0.71339869
v -0.46518049 0.07915360 -0.71963316
v -0.46396810 0.06527794 -0.72580451
v -0.46280798 0.05139327 -0.73192334
v -0.46164551 0.03748085 -0.73805434
v -0.46048075 0.02354057 -0.74419761
v -0.45672584 0.00865133 -0.75344449
v -0.45356011 -0.00606749 -0.76200151
v -0.45246574 -0.02007594 -0.76809335
v -0.45043808 -0.03445091 -0.77531230
v -0.44840568 -0.04885956 -0.78254819
v -0.44749913 -0.06288464 -0.78844494
v -0.44880784 -0.07611226 -0.79169226
v -0.45011795 -0.08935376 -0.79494303
v -0.45083871 -0.10283191 -0.79890704
v -0.45188922 -0.11620248 -0.80248094
v -0.45440754 -0.12902750 -0.80429298
v -0.45692745 -0.14186004 -0.80610621
v -0.45944872 -0.15470007 -0.80792046
v -0.46187791 -0.16758415 -0.80984867
v -0.46480137 -0.18028247 -0.81118298
v -0.46733513 -0.19314106 -0.81299043
v -0.46935731 -0.20621163 -0.81541950
v -0.47138110 -0.21929240 -0.81785041
v -0.47457823 -0.23190999 -0.81886357
v -0.47717071 -0.24477808 -0.82061166
v -0.47976458 -0.25765342 -0.82236063
v -0.48235992 -0.27053598 -0.82411057
v -0.48513979 -0.28334984 -0.82563907
v -0.48864281 -0.29586858 -0.82629043
v -0.49127463 -0.30875647 -0.82800329
v -0.49390784 -0.32165143 -0.82971704
v -0.49654254 -0.33455351 -0.83143181
v -0.49948618 -0.34733090 -0.83277231
v -0.50223905 -0.36019662 -0.83434784
v -0.50454211 -0.37326470 -0.83647555
v -0.50684679 -0.38634175 -0.83860487
v -0.50914145 -0.39943278 -0.84074968
v -0.51131272 -0.41258806 -0.84304899
v -0.51294935 -0.42599171 -0.84600735
v -0.51456422 -0.43941861 -0.84899729
v -0.51618063 -0.45285839 -0.85199010
v -0.51631498 -0.46698380 -0.85680890
v -0.51621085 -0.48123991 -0.86192870
v -0.51600057 -0.49556807 -0.86718732
v -0.51325262 -0.51109213 -0.87558019
v -0.50837171 -0.52764571 -0.88661623
v -0.27043328 0.61851001 -0.71936142
v -0.31819305 0.61654961 -0.66912478
v -0.35146302 0.61141098 -0.63545078
v -0.37677982 0.60453445 -0.61086535
v -0.39708868 0.59656602 -0.59200209
v -0.41587999 0.58831155 -0.57485700
v -0.43456405 0.58010423 -0.55780983
v -0.44442090 0.56979489 -0.55091059
v -0.45371920 0.55937606 -0.54464537
v -0.46299794 0.54897922 -0.53839320
v -0.47225723 0.53860414 -0.53215426
v -0.47768953 0.52727515 -0.53032976
v -0.48259613 0.51581794 -0.52911079
v -0.48750064 0.50436538 -0.52789235
v -0.49240315 0.49291760 -0.52667445
v -0.49704874 0.48140663 -0.52575254
v -0.50046819 0.46957013 -0.52625203
v -0.50388819 0.45773160 -0.52675170
v -0.50730872 0.44589114 -0.52725142
v -0.51072985 0.43404865 -0.52775115
v -0.51354933 0.42203629 -0.52895188
v -0.51439279 0.40946302 -0.53245610
v -0.51523721 0.39687485 -0.53596443
v -0.51622576 0.38431272 -0.53930998
v -0.51726556 0.37175095 -0.54260075
v -0.74283344 0.42459035 -0.28358608
v -0.75686514 0.41638699 -0.27149799
v -0.77125615 0.40834263 -0.25897107
v -0.77977389 0.39859679 -0.25330243
v -0.78845423 0.38892463 -0.24743453
v -0.79724491 0.37931159 -0.24142827
v -0.80245292 0.36862615 -0.23961762
v -0.80767733 0.35795370 -0.23778488
v -0.81289840 0.34728825 -0.23595335
v -0.81683588 0.33622733 -0.23562883
v -0.81951255 0.32476833 -0.23678817
v -0.82206160 0.31326351 -0.23809949
v -0.82435280 0.30166993 -0.23971690
v -0.82360870 0.28908402 -0.24491820
v -0.82276738 0.27644351 -0.25024223
v -0.82171977 0.26371166 -0.25581825
v -0.81709522 0.24976650 -0.26563314
v -0.80956483 0.23480494 -0.27890214
v -0.78685147 0.21466000 -0.31017524
v -0.46943459 0.09413213 -0.69082880
v -0.46816704 0.08029393 -0.69702685
v -0.46689689 0.06642756 -0.70323759
v -0.46573514 0.05257154 -0.70932889
v -0.46457815 0.03869028 -0.71542412
v -0.46341884 0.02478131 -0.72153163
v -0.46225715 0.01084452 -0.72765118
v -0.46064782 -0.00327982 -0.73431385
v -0.45880142 -0.01751925 -0.74126947
v -0.45924610 -0.03095606 -0.74550134
v -0.45968857 -0.04440159 -0.74971133
v -0.45765486 -0.05880146 -0.75695014
v -0.45694080 -0.07273195 -0.76259023
v -0.45757318 -0.08618343 -0.76662707
v -0.45780987 -0.09980202 -0.77114421
v -0.45804691 -0.11344061 -0.77566803
v -0.45962766 -0.12658551 -0.77858627
v -0.46214244 -0.13938378 -0.78038722
v -0.46434417 -0.15231144 -0.78256720
v -0.46604005 -0.16544636 -0.78535920
v -0.46842539 -0.17832269 -0.78732544
v -0.47134414 -0.19099669 -0.78865212
v -0.47426414 -0.20367613 -0.78997940
v -0.47691002 -0.21647149 -0.79163951
v -0.47910467 -0.22945656 -0.79384726
v -0.48210070 -0.24212563 -0.79508972
v -0.48509800 -0.25479978 -0.79633272
v -0.48809645 -0.26747903 -0.79757619
v -0.49080393 -0.28028458 -0.79917425
v -0.49331817 -0.29317796 -0.80100906
v -0.49614584 -0.30594793 -0.80246639
v -0.49897486 -0.31872386 -0.80392438
v -0.50180525 -0.33150584 -0.80538315
v -0.50422555 -0.34447002 -0.80734289
v -0.50663304 -0.35744861 -0.80932134
v -0.50907058 -0.37042311 -0.81126630
v -0.51150966 -0.38340572 -0.81321245
v -0.51395899 -0.39644298 -0.81516594
v -0.51577228 -0.40966964 -0.81786585
v -0.51756787 -0.42296675 -0.82060826
v -0.51936507 -0.43627557 -0.82335305
v -0.52116388 -0.44959620 -0.82610035
v -0.52230835 -0.46322590 -0.82965344
v -0.52274954 -0.47719249 -0.83407450
v -0.52319139 -0.49117893 -0.83850175
v -0.52363384 -0.50518525 -0.84293532
v -0.51956129 -0.52130884 -0.85292459
v -0.51474166 -0.53782707 -0.86384863
v -0.50148916 -0.55835932 -0.88516986
v -0.23917961 0.62359375 -0.73178601
v -0.28736606 0.62158448 -0.68126899
v -0.33476499 0.61960804 -0.63157755
v -0.36140910 0.61298174 -0.60557044
v -0.38037416 0.60464883 -0.58832133
v -0.39923063 0.59636366 -0.57117105
v -0.41797939 0.58812582 -0.55411869
v -0.43430513 0.57936954 -0.53982276
v -0.44361106 0.56894410 -0.53357124
v -0.45289740 0.55854058 -0.52733278
v -0.46216422 0.54815888 -0.52110744
v -0.47141162 0.53779894 -0.51489520
v -0.48063964 0.52746081 -0.50869596
v -0.48652834 0.51628482 -0.50633866
v -0.49068519 0.50466639 -0.50597662
v -0.49409789 0.49285322 -0.50647354
v -0.49751118 0.48103803 -0.50697064
v -0.50092500 0.46922088 -0.50746775
v -0.50433946 0.45740172 -0.50796497
v -0.50775445 0.44558057 -0.50846225
v -0.51117003 0.43375745 -0.50895965
v -0.51458621 0.42193234 -0.50945711
v -0.51617169 0.40959004 -0.51208109
v -0.51701552 0.39702588 -0.51557070
v -0.51786041 0.38444689 -0.51906443
v -0.73026687 0.43240640 -0.27853265
v -0.74455822 0.42481172 -0.26400909
v -0.75855947 0.41662356 -0.25198564
v -0.76876622 0.40736267 -0.24436998
v -0.77727759 0.39762801 -0.23872185
v -0.78590125 0.38795182 -0.23293377
v -0.79297549 0.37782967 -0.22894843
v -0.79796940 0.36708698 -0.22739099
v -0.80311620 0.35639840 -0.22565201
v -0.80833560 0.34573999 -0.22382556
v -0.81143558 0.33442345 -0.22448148
v -0.81406504 0.32295492 -0.22569068
v -0.81674051 0.31149578 -0.22684771
v -0.81912601 0.29993823 -0.22834721
v -0.81916511 0.28761247 -0.23260900
v -0.81913757 0.27524620 -0.23695579
v -0.81854475 0.26267442 -0.24197520
v -0.81401265 0.24877135 -0.25164652
v -0.80883443 0.23460938 -0.26209497
v -0.79636264 0.21793954 -0.28117162
v -0.47240257 0.09523653 -0.66835636
v -0.47114071 0.08142934 -0.67451817
v -0.46987635 0.06759409 -0.68069261
v -0.46864977 0.05374474 -0.68683165
v -0.46749815 0.03989452 -0.69289136
v -0.46634421 0.02601670 -0.69896317
v -0.46518800 0.01211120 -0.70504707
v -0.46194485 -0.00256931 -0.71361977
v -0.45723867 -0.01781610 -0.72394532
v -0.45755085 -0.03128337 -0.72831535
v -0.45799437 -0.04472193 -0.73253584
v -0.45843852 -0.05817901 -0.73676211
v -0.45849064 -0.07180059 -0.74146253
v -0.46007928 -0.08486792 -0.74433619
v -0.46244529 -0.09765501 -0.74628574
v -0.46481282 -0.11045022 -0.74823648
v -0.46522319 -0.12400234 -0.75253183
v -0.46703008 -0.13703600 -0.75516176
v -0.46872222 -0.15012591 -0.75793332
v -0.47041592 -0.16322762 -0.76070738
v -0.47211114 -0.17634112 -0.76348388
v -0.47494546 -0.18901631 -0.76489657
v -0.47761011 -0.20176542 -0.76651537
v -0.47968936 -0.21475659 -0.76884097
v -0.48177022 -0.22775754 -0.77116835
v -0.48438013 -0.24055389 -0.77286184
v -0.48737171 -0.25320169 -0.77409780
v -0.49013883 -0.26594749 -0.77560663
v -0.49232292 -0.27894181 -0.77782190
v -0.49452347 -0.29193926 -0.78002077
v -0.49734619 -0.30468526 -0.78147048
v -0.50017029 -0.31743729 -0.78292090
v -0.50269133 -0.33032474 -0.78474069
v -0.50478560 -0.34340322 -0.78708082
v -0.50703585 -0.35642505 -0.78923529
v -0.50946939 -0.36937711 -0.79117066
v -0.51190442 -0.38233733 -0.79310727
v -0.51387161 -0.39551181 -0.79561597
v -0.51571077 -0.40875426 -0.79828459
v -0.51750350 -0.42202950 -0.80101395
v -0.51929778 -0.43531638 -0.80374569
v -0.52091485 -0.44869554 -0.80669802
v -0.52233416 -0.46217772 -0.80989653
v -0.52282184 -0.47609913 -0.81423849
v -0.52326304 -0.49006179 -0.81864446
v -0.52357042 -0.50410616 -0.82322109
v -0.52253395 -0.51879531 -0.82945120
v -0.52003920 -0.53419405 -0.83747929
v -0.51747531 -0.54966205 -0.84560502
v -0.50383127 -0.57040417 -0.86734939
v -0.25549525 0.62646794 -0.69443852
v -0.30351397 0.62448639 -0.64424658
v -0.34459782 0.62111062 -0.60188824
v -0.36362875 0.61274666 -0.58463383
v -0.38255060 0.60443062 -0.56747824
v -0.40136427 0.59616214 -0.55042076
v -0.42007071 0.58794075 -0.53346056
v -0.43350950 0.57850587 -0.52250433
v -0.44280341 0.56809562 -0.51627958
v -0.45207784 0.55770737 -0.51006788
v -0.46133280 0.54734081 -0.50386924
v -0.47056836 0.53699601 -0.49768358
v -0.47990179 0.52670288 -0.49137622
v -0.48741037 0.51596433 -0.48715746
v -0.49128428 0.50429374 -0.48711455
v -0.49464950 0.49248904 -0.48765734
v -0.49801537 0.48068219 -0.48820028
v -0.50136948 0.46890467 -0.48883650
v -0.50478935 0.45707291 -0.48923963
v -0.50819880 0.44527104 -0.48973456
v -0.51160884 0.43346721 -0.49022955
v -0.51501942 0.42166138 -0.49072465
v -0.51794374 0.40971655 -0.49178335
v -0.51878709 0.39717633 -0.49525443
v -0.70028955 0.43636569 -0.28929102
v -0.72824109 0.43208289 -0.26116356
v -0.74346924 0.42421407 -0.24776627
v -0.75674731 0.41583019 -0.23661451
v -0.76593453 0.40628186 -0.23020287
v -0.77478647 0.39666122 -0.22417170
v -0.78335363 0.38698101 -0.21846297
v -0.78853208 0.37629512 -0.21669498
v -0.79352403 0.36555970 -0.21514192
v -0.79856080 0.35484496 -0.21353412
v -0.80350304 0.34410778 -0.21203433
v -0.80606103 0.33262774 -0.21331944
v -0.80862224 0.32114306 -0.21460283
v -0.81129539 0.30968851 -0.21575707
v -0.81327480 0.29800552 -0.21772595
v -0.81338406 0.28570682 -0.22189072
v -0.81336087 0.27334645 -0.22621736
v -0.81332874 0.26096416 -0.23056096
v -0.80987358 0.24742506 -0.23893452
v -0.80597073 0.23369913 -0.24784741
v -0.79641032 0.21802442 -0.26343331
v -0.77153927 0.19707349 -0.29707924
v -0.47706780 0.08357643 -0.64860970
v -0.47284293 0.06875559 -0.65824485
v -0.47158167 0.05492328 -0.66439563
v -0.47040558 0.04109359 -0.67045534
v -0.46925703 0.02724679 -0.67649174
v -0.46791664 0.01330499 -0.68276453
v -0.46323708 -0.00186141 -0.69300181
v -0.45854172 -0.01707895 -0.70327348
v -0.45585990 -0.03160987 -0.71117276
v -0.45630169 -0.04503169 -0.71537608
v -0.45674410 -0.05847200 -0.71958524
v -0.45623085 -0.07228618 -0.72493720
v -0.45639616 -0.08587025 -0.72949004
v -0.45875892 -0.09864641 -0.73143309
v -0.46112323 -0.11143067 -0.73337746
v -0.46344641 -0.12423931 -0.73537380
v -0.46587563 -0.13701607 -0.73724663
v -0.46911088 -0.14948885 -0.73815972
v -0.47234705 -0.16196536 -0.73907304
v -0.47558418 -0.17444557 -0.73998666
v -0.47830665 -0.18713346 -0.74151790
v -0.48038098 -0.20008639 -0.74382824
v -0.48245677 -0.21304902 -0.74614024
v -0.48453423 -0.22602145 -0.74845409
v -0.48665020 -0.23898861 -0.75072515
v -0.48947671 -0.25167534 -0.75214577
v -0.49165565 -0.26463515 -0.75434756
v -0.49383616 -0.27760419 -0.75655097
v -0.49601820 -0.29058257 -0.75875598
v -0.49854210 -0.30342731 -0.76055223
v -0.50116360 -0.31623897 -0.76223356
v -0.50325286 -0.32928458 -0.76456022
v -0.50534368 -0.34234008 -0.76688874
v -0.50743729 -0.35540494 -0.76921749
v -0.50986683 -0.36833471 -0.77114338
v -0.51195383 -0.38142267 -0.77348721
v -0.51379108 -0.39463088 -0.77613759
v -0.51562995 -0.40785044 -0.77879018
v -0.51743925 -0.42109522 -0.78148282
v -0.51915282 -0.43439510 -0.78429621
v -0.52056819 -0.44784194 -0.78747654
v -0.52198511 -0.46130267 -0.79066020
v -0.52289391 -0.47500941 -0.79446787
v -0.52327472 -0.48897564 -0.79892534
v -0.52347964 -0.50304323 -0.80360436
v -0.52355850 -0.51719087 -0.80844486
v -0.52106959 -0.53255922 -0.81643116
v -0.51830095 -0.54809552 -0.82477230
v -0.51196045 -0.56535757 -0.83749896
v -0.50181979 -0.58448380 -0.85490108
v -0.21787483 0.63014835 -0.71395880
v -0.26953307 0.62883192 -0.65984756
v -0.31723943 0.62683922 -0.61014551
v -0.34605509 0.62067431 -0.58184576
v -0.36583978 0.61251247 -0.56377864
v -0.38471857 0.60421324 -0.54671609
v -0.40348962 0.59596139 -0.52975088
v -0.42215389 0.58775645 -0.51288217
v -0.43271604 0.57764453 -0.50523359
v -0.44199800 0.56724954 -0.49903551
v -0.45126051 0.55687636 -0.49285042
v -0.46050364 0.54652494 -0.48667833
v -0.47005528 0.53627849 -0.48014385
v -0.47980094 0.52611005 -0.47337741
v -0.48584393 0.51501143 -0.47084492
v -0.49188167 0.50392234 -0.46831462
v -0.49540603 0.49218065 -0.46866578
v -0.49876624 0.48039368 -0.46920601
v -0.50212711 0.46860456 -0.46974635
v -0.50548857 0.45681325 -0.47028679
v -0.50885063 0.44501978 -0.47082731
v -0.51221335 0.43322411 -0.47136793
v -0.51557666 0.42142630 -0.47190866
v -0.51867241 0.40955082 -0.47275895
v -0.52007085 0.39718962 -0.47557068
v -0.71249843 0.43954352 -0.25760883
v -0.72705609 0.43144125 -0.24504250
v -0.74229413 0.42359203 -0.23166959
v -0.75237995 0.41428614 -0.22424449
v -0.76149058 0.40472341 -0.21793868
v -0.77068353 0.39521283 -0.21152779
v -0.77833152 0.38526428 -0.20690091
v -0.78373760 0.37465400 -0.20487173
v -0.78908432 0.36403438 -0.20290852
v -0.79407150 0.35331219 -0.20136070
v -0.79813570 0.34230900 -0.20088540
v -0.80069131 0.33083364 -0.20216738
v -0.80324811 0.31935307 -0.20344996
v -0.80585504 0.30788285 -0.20467603
v -0.80742770 0.29607412 -0.20711209
v -0.80753255 0.28377831 -0.21126753
v -0.80758834 0.27144811 -0.21548679
v -0.80755192 0.25906888 -0.21982054
v -0.80420530 0.24557050 -0.22803918
v -0.80035108 0.23186582 -0.23686558
v -0.79275000 0.21685760 -0.25010222
v -0.77946615 0.19984175 -0.26996660
v -0.48512217 0.08645193 -0.62030423
v -0.48236626 0.07218050 -0.62816709
v -0.47454125 0.05611075 -0.64200860
v -0.47330058 0.04228751 -0.64811546
v -0.47215739 0.02847160 -0.65411675
v -0.46919343 0.01398135 -0.66227531
v -0.46452460 -0.00115611 -0.67245936
v -0.45984000 -0.01634451 -0.68267763
v -0.45513970 -0.03158411 -0.69293052
v -0.45461327 -0.04534068 -0.69825959
v -0.45459372 -0.05893404 -0.70299679
v -0.45397627 -0.07277064 -0.70844990
v -0.45335776 -0.08663200 -0.71391284
v -0.45507902 -0.09963606 -0.71660656
v -0.45744005 -0.11240940 -0.71854448
v -0.45952117 -0.12529835 -0.72081822
v -0.46152988 -0.13822538 -0.72318161
v -0.46471494 -0.15070719 -0.72414792
v -0.46794808 -0.16317460 -0.72505850
v -0.47117993 -0.17564657 -0.72597200
v -0.47434962 -0.18814728 -0.72696114
v -0.47729212 -0.20074284 -0.72822320
v -0.48023257 -0.21334490 -0.72948968
v -0.48317418 -0.22595221 -0.73075664
v -0.48610219 -0.23857073 -0.73204195
v -0.48878849 -0.25129393 -0.73361892
v -0.49143925 -0.26403880 -0.73524094
v -0.49409145 -0.27679050 -0.73686385
v -0.49674499 -0.28954887 -0.73848754
v -0.49936283 -0.30232966 -0.74015683
v -0.50167745 -0.31524605 -0.74219334
v -0.50381243 -0.32824802 -0.74444938
v -0.50589991 -0.34128064 -0.74676633
v -0.50798893 -0.35432306 -0.74908483
v -0.51004386 -0.36739078 -0.75144839
v -0.51187652 -0.38056615 -0.75408387
v -0.51371086 -0.39375281 -0.75672168
v -0.51554668 -0.40695077 -0.75936174
v -0.51737529 -0.42016399 -0.76201469
v -0.51880968 -0.43356559 -0.76514947
v -0.52022272 -0.44699109 -0.76831508
v -0.52163720 -0.46043035 -0.77148384
v -0.52296573 -0.47392327 -0.77476209
v -0.52318466 -0.48793963 -0.77939415
v -0.52338916 -0.50198376 -0.78405088
v -0.52359402 -0.51604915 -0.78871471
v -0.52193534 -0.53100544 -0.79565626
v -0.51912367 -0.54653472 -0.80401450
v -0.51541555 -0.56252563 -0.81347984
v -0.50491643 -0.58178562 -0.83125287
v -0.23527046 0.63321358 -0.67557794
v -0.28345510 0.63117659 -0.62554199
v -0.32035166 0.62675935 -0.58821619
v -0.34727737 0.62018627 -0.56213582
v -0.36804223 0.61227912 -0.54300451
v -0.38687813 0.60399669 -0.52603436
v -0.40560675 0.59576136 -0.50916076
v -0.42263526 0.58718717 -0.49419484
v -0.43192479 0.57678556 -0.48801035
v -0.44119483 0.56640577 -0.48183888
v -0.45044544 0.55604774 -0.47568029
v -0.46021605 0.54584712 -0.46891972
v -0.47070041 0.53585720 -0.46133468
v -0.47824514 0.52514535 -0.45709488
v -0.48428133 0.51406085 -0.45457253
v -0.49031234 0.50298584 -0.45205235
v -0.49616003 0.49187332 -0.44973817
v -0.49951467 0.48010617 -0.45027575
v -0.50286990 0.46833685 -0.45081344
v -0.50622576 0.45656541 -0.45135123
v -0.50958222 0.44479179 -0.45188910
v -0.51259869 0.43292180 -0.45281839
v -0.51518440 0.42092755 -0.45424423
v -0.51777136 0.40892750 -0.45567077
v -0.69079316 0.44533229 -0.26087925
v -0.71133310 0.43889150 -0.24147770
v -0.72587425 0.43080124 -0.22896357
v -0.73910612 0.42238384 -0.21794131
v -0.74801826 0.41274410 -0.21189065
v -0.75705230 0.40316695 -0.20569015
v -0.76624441 0.39366421 -0.19929731
v -0.77236456 0.38326266 -0.19645025
v -0.77772444 0.37264237 -0.19447953
v -0.78313249 0.36204547 -0.19245006
v -0.78853655 0.35145620 -0.19042207
v -0.79214722 0.34031665 -0.19047293
v -0.79503530 0.32894966 -0.19136345
v -0.79788083 0.31756529 -0.19230473
v -0.80043650 0.30608416 -0.19358476
v -0.80158466 0.29414412 -0.19650564
v -0.80168515 0.28185114 -0.20065178
v -0.80178589 0.26953995 -0.20480408
v -0.80177921 0.25717503 -0.20908800
v -0.79834700 0.24365276 -0.21737953
v -0.79473603 0.23003399 -0.22589262
v -0.78808588 0.21535191 -0.23797391
v -0.77526051 0.19851625 -0.25730291
v -0.48650968 0.08704212 -0.59992778
v -0.48375645 0.07279639 -0.60775447
v -0.48099607 0.05851346 -0.61560166
v -0.47613198 0.04382655 -0.62668896
v -0.47504526 0.02969116 -0.63183749
v -0.47046554 0.01465523 -0.64186096
v -0.46580738 -0.00045339 -0.65199214
v -0.46113354 -0.01561276 -0.66215736
v -0.45644403 -0.03082315 -0.67235678
v -0.45292911 -0.04564889 -0.68118620
v -0.45234564 -0.05943288 -0.68656844
v -0.45172691 -0.07325400 -0.69200063
v -0.45110705 -0.08709980 -0.69744253
v -0.45140561 -0.10062397 -0.70180607
v -0.45359850 -0.11344897 -0.70393288
v -0.45560250 -0.12635565 -0.70628685
v -0.45760798 -0.13927230 -0.70864272
v -0.46032557 -0.15192372 -0.71015698
v -0.46355563 -0.16438204 -0.71106476
v -0.46673468 -0.17686449 -0.71203464
v -0.46990132 -0.18935621 -0.71302080
v -0.47291341 -0.20191386 -0.71419251
v -0.47585073 -0.21450676 -0.71545517
v -0.47878921 -0.22710486 -0.71671838
v -0.48155010 -0.23978083 -0.71819562
v -0.48425987 -0.25248432 -0.71973610
v -0.48690754 -0.26522037 -0.72135329
v -0.48955658 -0.27796313 -0.72297132
v -0.49220708 -0.29071262 -0.72459024
v -0.49461332 -0.30357197 -0.72650427
v -0.49694130 -0.31647298 -0.72851515
v -0.49925429 -0.32938951 -0.73054713
v -0.50156879 -0.34231460 -0.73258054
v -0.50384641 -0.35526484 -0.73466146
v -0.50585192 -0.36834243 -0.73707300
v -0.50774354 -0.38148063 -0.73962545
v -0.50963676 -0.39462978 -0.74217999
v -0.51153153 -0.40778983 -0.74473667
v -0.51327199 -0.42103013 -0.74748361
v -0.51465112 -0.43444446 -0.75067121
v -0.51598722 -0.44789267 -0.75391579
v -0.51732481 -0.46135509 -0.75716382
v -0.51857424 -0.47487244 -0.76052362
v -0.51897389 -0.48879448 -0.76491833
v -0.51915890 -0.50283551 -0.76958007
v -0.51933837 -0.51690048 -0.77425605
v -0.51857895 -0.53142476 -0.78007942
v -0.51617855 -0.54674572 -0.78790665
v -0.51369733 -0.56214082 -0.79584455
v -0.50674242 -0.57969624 -0.80924058
v -0.48888376 -0.60252035 -0.83594126
v -0.24939184 0.63554966 -0.64106560
v -0.29139227 0.63216597 -0.59814155
v -0.32297605 0.62657064 -0.56691515
v -0.34849539 0.61969995 -0.54249489
v -0.36993071 0.61197507 -0.52265644
v -0.38902932 0.60378093 -0.50543261
v -0.40771574 0.59556216 -0.48865017
v -0.42185810 0.58631533 -0.47699240
v -0.43113568 0.57592899 -0.47083446
v -0.44039384 0.56556433 -0.46468940
v -0.45038402 0.55540878 -0.45770383
v -0.46087724 0.54541016 -0.45013604
v -0.47065845 0.53526306 -0.44336683
v -0.47669312 0.52418303 -0.44085240
v -0.48272255 0.51311255 -0.43834013
v -0.48874685 0.50205159 -0.43583000
v -0.49476594 0.49100009 -0.43332207
v -0.50026053 0.47981966 -0.43140921
v -0.50361025 0.46807012 -0.43194425
v -0.50654751 0.45620620 -0.43295166
v -0.50912690 0.44423988 -0.43437004
v -0.51170760 0.43226767 -0.43578911
v -0.51428956 0.42028970 -0.43720883
v -0.51687276 0.40830585 -0.43862930
v -0.69384736 0.44586271 -0.23989639
v -0.70956188 0.43806666 -0.22608802
v -0.72469538 0.43016291 -0.21292663
v -0.73475134 0.42083579 -0.20558637
v -0.74366236 0.41120407 -0.19955300
v -0.75261968 0.40161246 -0.19345720
v -0.76109433 0.39190313 -0.18790865
v -0.76640153 0.38126242 -0.18600635
v -0.77171516 0.37063202 -0.18409382
v -0.77712363 0.36003911 -0.18206874
v -0.78252828 0.34945390 -0.18004513
v -0.78539395 0.33808583 -0.18095663
v -0.78827262 0.32671779 -0.18185459
v -0.79116005 0.31534860 -0.18274373
v -0.79404843 0.30397579 -0.18363315
v -0.79507470 0.29199934 -0.18668549
v -0.79551852 0.27982038 -0.19041905
v -0.79593819 0.26761699 -0.19418642
v -0.79606342 0.25536615 -0.19843765
v -0.79249275 0.24173635 -0.20672734
v -0.78898358 0.22815610 -0.21509393
v -0.78338695 0.21383438 -0.22590737
v -0.77098864 0.19715166 -0.24467528
v -0.48789206 0.08763012 -0.57962638
v -0.48514575 0.07341143 -0.58741230
v -0.48239225 0.05915566 -0.59521842
v -0.47963160 0.04486266 -0.60304493
v -0.47195944 0.02880087 -0.61663723
v -0.46677658 0.01356390 -0.62733203
v -0.46157524 -0.00172735 -0.63806486
v -0.45635539 -0.01707315 -0.64883602
v -0.45111686 -0.03247380 -0.65964568
v -0.44552943 -0.04805047 -0.67088228
v -0.44512424 -0.06176640 -0.67603713
v -0.44545108 -0.07523353 -0.68033779
v -0.44577837 -0.08871973 -0.68464446
v -0.44607908 -0.10223524 -0.68898922
v -0.44923958 -0.11468545 -0.68996435
v -0.45169029 -0.12741119 -0.69177973
v -0.45369262 -0.14031750 -0.69412798
v -0.45594269 -0.15313844 -0.69618672
v -0.45913339 -0.16560185 -0.69713479
v -0.46229598 -0.17808060 -0.69811779
v -0.46545953 -0.19056337 -0.69910091
v -0.46854123 -0.20308314 -0.70018291
v -0.47147545 -0.21566689 -0.70144171
v -0.47426799 -0.22831343 -0.70287091
v -0.47700456 -0.24098919 -0.70436907
v -0.47973782 -0.25367305 -0.70587331
v -0.48238236 -0.26640022 -0.70748568
v -0.48502833 -0.27913409 -0.70909888
v -0.48747903 -0.29195666 -0.71094763
v -0.48986527 -0.30481464 -0.71287620
v -0.49221161 -0.31769824 -0.71485561
v -0.49452144 -0.33060634 -0.71688169
v -0.49683282 -0.34352300 -0.71890914
v -0.49889672 -0.35655534 -0.72123629
v -0.50093728 -0.36960846 -0.72359508
v -0.50282925 -0.38273707 -0.72613591
v -0.50471914 -0.39587811 -0.72868323
v -0.50652575 -0.40906757 -0.73133469
v -0.50817865 -0.42233741 -0.73417515
v -0.50964469 -0.43570369 -0.73724508
v -0.51097733 -0.44914398 -0.74048048
v -0.51227927 -0.46261299 -0.74375802
v -0.51345921 -0.47615251 -0.74718803
v -0.51413959 -0.48993650 -0.75122672
v -0.51432085 -0.50396889 -0.75587505
v -0.51444209 -0.51805043 -0.76060325
v -0.51436281 -0.53224713 -0.76558167
v -0.51195902 -0.54755682 -0.77338415
v -0.50936246 -0.56299335 -0.78143275
v -0.50358337 -0.57997710 -0.79335576
v -0.49363944 -0.59900367 -0.81035519
v -0.26224652 0.63760740 -0.60813075
v -0.29408360 0.63196570 -0.57675231
v -0.32558990 0.62638271 -0.54569983
v -0.34970912 0.61921531 -0.52292264
v -0.37110305 0.61150545 -0.50318396
v -0.39117226 0.60356611 -0.48491043
v -0.40981665 0.59536374 -0.46821851
v -0.42108309 0.58544594 -0.45983723
v -0.43034875 0.57507473 -0.45370570
v -0.44055912 0.56496340 -0.44649613
v -0.45106122 0.55495608 -0.43894556
v -0.46153623 0.54497457 -0.43141448
v -0.46911702 0.53428912 -0.42715415
v -0.47514492 0.52322310 -0.42464978
v -0.48116767 0.51216662 -0.42214757
v -0.48718518 0.50111961 -0.41964749
v -0.49319759 0.49008211 -0.41714957
v -0.49933282 0.47908822 -0.41450810
v -0.50320643 0.46749684 -0.41443881
v -0.50571632 0.45553517 -0.41592389
v -0.50824201 0.44357136 -0.41739327
v -0.51081896 0.43161538 -0.41880628
v -0.51339716 0.41965356 -0.42021999
v -0.66489279 0.44963354 -0.25137317
v -0.69066232 0.44462153 -0.22612804
v -0.70632750 0.43682310 -0.21241501
v -0.72051060 0.42865607 -0.20037965
v -0.72998667 0.41916865 -0.19372407
v -0.73931205 0.40966609 -0.18723144
v -0.74820286 0.40006295 -0.18122819
v -0.75513476 0.38990003 -0.17746726
v -0.76044238 0.37926346 -0.17556913
v -0.76574624 0.36863407 -0.17367229
v -0.77111852 0.35803401 -0.17169386
v -0.77579212 0.34722656 -0.17051794
v -0.77864915 0.33585769 -0.17143595
v -0.78151202 0.32448661 -0.17234868
v -0.78439796 0.31311885 -0.17323618
v -0.78728479 0.30174744 -0.17412393
v -0.78784180 0.28962177 -0.17770916
v -0.78828931 0.27744466 -0.18142670
v -0.78872883 0.26524857 -0.18515904
v -0.78885257 0.25293177 -0.18926337
v -0.78577733 0.23953377 -0.19708708
v -0.78263116 0.22607726 -0.20500520
v -0.77844143 0.21223353 -0.21414849
v -0.76622558 0.19561994 -0.23264334
v -0.48652989 0.07402420 -0.56714487
v -0.48316485 0.05958040 -0.57563132
v -0.47752228 0.04430073 -0.58678865
v -0.46760997 0.02730396 -0.60426825
v -0.45879233 0.01094473 -0.61785561
v -0.45357692 -0.00435081 -0.62857133
v -0.44834292 -0.01970091 -0.63932526
v -0.44309023 -0.03510589 -0.65011770
v -0.43729818 -0.05075656 -0.66155893
v -0.43499324 -0.06517278 -0.66892654
v -0.43531302 -0.07864742 -0.67322373
v -0.43563327 -0.09214116 -0.67752707
v -0.43575478 -0.10572901 -0.68207061
v -0.43832535 -0.11840851 -0.68373895
v -0.44179302 -0.13075297 -0.68435335
v -0.44526136 -0.14309990 -0.68496788
v -0.44879025 -0.15542617 -0.68551189
v -0.45329356 -0.16737504 -0.68490648
v -0.45784381 -0.17930277 -0.68424475
v -0.46102431 -0.19176877 -0.68520147
v -0.46417558 -0.20425068 -0.68619412
v -0.46699989 -0.21686804 -0.68757570
v -0.46973199 -0.22952883 -0.68906862
v -0.47246549 -0.24219584 -0.69056225
v -0.47520024 -0.25486904 -0.69205654
v -0.47786373 -0.26757836 -0.69363803
v -0.48035896 -0.28036445 -0.69542187
v -0.48274061 -0.29320601 -0.69734371
v -0.48512375 -0.30605564 -0.69926673
v -0.48748836 -0.31892183 -0.70121467
v -0.48979506 -0.33182150 -0.70323491
v -0.49191764 -0.34480909 -0.70547807
v -0.49395341 -0.35784423 -0.70782834
v -0.49599072 -0.37088940 -0.71018046
v -0.49792132 -0.38399184 -0.71266401
v -0.49979413 -0.39713094 -0.71522063
v -0.50144213 -0.41038084 -0.71805054
v -0.50309169 -0.42364305 -0.72088313
v -0.50464463 -0.43696132 -0.72383600
v -0.50597376 -0.45039371 -0.72706228
v -0.50717419 -0.46389911 -0.73044854
v -0.50835055 -0.47743100 -0.73386902
v -0.50931185 -0.49107695 -0.73755366
v -0.50947446 -0.50510758 -0.74220651
v -0.50955236 -0.51919878 -0.74696863
v -0.50963038 -0.53331184 -0.75173825
v -0.50770229 -0.54838723 -0.75893807
v -0.50503439 -0.56384462 -0.76704353
v -0.50037986 -0.58028150 -0.77756464
v -0.48999587 -0.59950030 -0.79503793
v -0.22714192 0.64179671 -0.62464577
v -0.26500556 0.63739544 -0.58665252
v -0.29676408 0.63176626 -0.55544925
v -0.32819325 0.62619549 -0.52456957
v -0.35091865 0.61873233 -0.50341868
v -0.37227133 0.61103755 -0.48377922
v -0.39330694 0.60335207 -0.46446735
v -0.41103706 0.59495670 -0.44884714
v -0.42031023 0.58457893 -0.44272912
v -0.43074149 0.57451105 -0.43529662
v -0.44125238 0.56449503 -0.42776325
v -0.45173621 0.55450487 -0.42024937
v -0.46155301 0.54437912 -0.41347778
v -0.46757936 0.53331757 -0.41098130
v -0.47360054 0.52226555 -0.40848693
v -0.47961652 0.51122302 -0.40599471
v -0.48576248 0.50022537 -0.40335158
v -0.49198076 0.48925829 -0.40062246
v -0.49738672 0.47808632 -0.39881104
v -0.50191349 0.46668541 -0.39799526
v -0.50520080 0.45495117 -0.39858681
v -0.50770831 0.44300041 -0.40006608
v -0.51021707 0.43104354 -0.40154612
v -0.51272714 0.41908059 -0.40302697
v -0.67214835 0.45132211 -0.22566144
v -0.68748289 0.44338256 -0.21238430
v -0.70309871 0.43558174 -0.19876614
v -0.71480280 0.42670912 -0.18959635
v -0.72422189 0.41721001 -0.18302488
v -0.73372656 0.40776491 -0.17634578
v -0.74320835 0.39834234 -0.16968264
v -0.74904644 0.38785851 -0.16718459
v -0.75448698 0.37726572 -0.16513863
v -0.75979120 0.36664045 -0.16324593
v -0.76511717 0.35603020 -0.16132544
v -0.76905102 0.34499770 -0.16100198
v -0.77190655 0.33363029 -0.16191830
v -0.77476299 0.32225913 -0.16283491
v -0.77763796 0.31088978 -0.16373156
v -0.78013700 0.29939640 -0.16506295
v -0.78060114 0.28724167 -0.16874386
v -0.78106093 0.27506927 -0.17243545
v -0.78149563 0.26287231 -0.17616154
v -0.78123641 0.25042999 -0.18069567
v -0.77823800 0.23705734 -0.18840623
v -0.77508104 0.22359735 -0.19631207
v -0.77066827 0.20967843 -0.20568545
v -0.75870174 0.19314937 -0.22383371
v -0.72866738 0.17034939 -0.26298019
v -0.48627380 0.07407029 -0.54885119
v -0.48065361 0.05886254 -0.55992579
v -0.47501242 0.04359806 -0.57104176
v -0.46490839 0.02670873 -0.58737040
v -0.45080853 0.00832569 -0.60837960
v -0.44557899 -0.00697414 -0.61907822
v -0.44033086 -0.02232855 -0.62981498
v -0.43506396 -0.03773784 -0.64059013
v -0.42906669 -0.05346271 -0.65223533
v -0.42485455 -0.06858175 -0.66181058
v -0.42516726 -0.08206390 -0.66610438
v -0.42548043 -0.09556517 -0.67040426
v -0.42542189 -0.10922568 -0.67514646
v -0.42739967 -0.12213549 -0.67750704
v -0.43086800 -0.13448681 -0.67812109
v -0.43433708 -0.14684066 -0.67873538
v -0.43801340 -0.15911703 -0.67910677
v -0.44243628 -0.17110410 -0.67860025
v -0.44699004 -0.18303758 -0.67793882
v -0.45154279 -0.19496843 -0.67727757
v -0.45619062 -0.20685850 -0.67650312
v -0.45996729 -0.21909386 -0.67675591
v -0.46357831 -0.23139711 -0.67720473
v -0.46718988 -0.24370217 -0.67765355
v -0.47066459 -0.25606522 -0.67826509
v -0.47325301 -0.26879531 -0.67992699
v -0.47563007 -0.28162044 -0.68184197
v -0.47800860 -0.29445365 -0.68375820
v -0.48038867 -0.30729496 -0.68567562
v -0.48277017 -0.32014433 -0.68759418
v -0.48495290 -0.33308694 -0.68975216
v -0.48698390 -0.34610417 -0.69209403
v -0.48901647 -0.35913143 -0.69443774
v -0.49105057 -0.37216872 -0.69678313
v -0.49301982 -0.38524497 -0.69920963
v -0.49472016 -0.39845014 -0.70196086
v -0.49636480 -0.41169250 -0.70478296
v -0.49801096 -0.42494705 -0.70760757
v -0.49965096 -0.43821737 -0.71044409
v -0.50090390 -0.45167452 -0.71374840
v -0.50207537 -0.46518365 -0.71715552
v -0.50324821 -0.47870785 -0.72056645
v -0.50442225 -0.49224713 -0.72398114
v -0.50459504 -0.50626290 -0.72860372
v -0.50466913 -0.52034563 -0.73335218
v -0.50435138 -0.53463268 -0.73857945
v -0.50225991 -0.54977489 -0.74595028
v -0.49878114 -0.56560487 -0.75500417
v -0.49433517 -0.58193517 -0.76523846
v -0.48486561 -0.60070813 -0.78155065
v -0.46347818 -0.62508732 -0.81107497
v -0.23531473 0.64276516 -0.59709144
v -0.26775348 0.63718438 -0.56526124
v -0.29943377 0.63156766 -0.53423202
v -0.33043578 0.62606728 -0.50413293
v -0.35212395 0.61825109 -0.48398271
v -0.37343553 0.61057127 -0.46444187
v -0.39460605 0.60294223 -0.44503042
v -0.41038400 0.59410232 -0.43164089
v -0.42093098 0.58405173 -0.42410532
v -0.43145075 0.57402706 -0.41658917
v -0.44194341 0.56402826 -0.40909240
v -0.45240900 0.55405515 -0.40161487
v -0.46002585 0.54339588 -0.39733458
v -0.46604547 0.53234833 -0.39484808
v -0.47220218 0.52134693 -0.39220327
v -0.47842452 0.51037395 -0.38948041
v -0.48464105 0.49941131 -0.38676012
v -0.49082619 0.48845223 -0.38407120
v -0.49534944 0.47706121 -0.38325831
v -0.49987140 0.46567333 -0.38244557
v -0.50439209 0.45428866 -0.38163313
v -0.50719053 0.44243500 -0.38277206
v -0.50969559 0.43049508 -0.38424557
v -0.63207483 0.45203510 -0.24961130
v -0.66898090 0.45007536 -0.21189792
v -0.68430918 0.44214576 -0.19866511
v -0.69974369 0.43430468 -0.18529166
v -0.70909917 0.42476359 -0.17882116
v -0.71846133 0.41525280 -0.17233345
v -0.72796935 0.40581346 -0.16566955
v -0.73634338 0.39606676 -0.16028999
v -0.74196309 0.38551936 -0.15804860
v -0.74764115 0.37499940 -0.15573698
v -0.75331455 0.36448824 -0.15342730
v -0.75898325 0.35398579 -0.15111953
v -0.76231205 0.34276956 -0.15148905
v -0.76516604 0.33140361 -0.15240365
v -0.76802093 0.32003388 -0.15331855
v -0.77088010 0.30866143 -0.15422992
v -0.77290201 0.29701746 -0.15610480
v -0.77336138 0.28486189 -0.15977958
v -0.77382129 0.27269021 -0.16345921
v -0.77426326 0.26049632 -0.16716515
v -0.77361995 0.24792813 -0.17212765
v -0.77062452 0.23455626 -0.17981099
v -0.76753110 0.22111744 -0.18761894
v -0.76283360 0.20710258 -0.19729206
v -0.75117815 0.19067889 -0.21502437
v -0.72424674 0.16894284 -0.25045866
v -0.48376656 0.07333894 -0.53322053
v -0.47814777 0.05814623 -0.54425412
v -0.47250801 0.04289692 -0.55532885
v -0.46215507 0.02593467 -0.57189059
v -0.44526729 0.00657505 -0.59606755
v -0.43758148 -0.00959733 -0.60958552
v -0.43231919 -0.02495605 -0.62030512
v -0.42703810 -0.04036966 -0.63106298
v -0.42083502 -0.05616893 -0.64291143
v -0.41470817 -0.07199329 -0.65468919
v -0.41501385 -0.08548297 -0.65897959
v -0.41521731 -0.09903014 -0.66339594
v -0.41508058 -0.11272524 -0.66821653
v -0.41646242 -0.12586640 -0.67126852
v -0.41993147 -0.13822462 -0.67188227
v -0.42350882 -0.15054400 -0.67237025
v -0.42722580 -0.16281156 -0.67269528
v -0.43156785 -0.17483704 -0.67228758
v -0.43612510 -0.18677624 -0.67162645
v -0.44070610 -0.19870307 -0.67093652
v -0.44556141 -0.21051772 -0.66992289
v -0.44942278 -0.22272560 -0.67007732
v -0.45303470 -0.23503472 -0.67052591
v -0.45664713 -0.24734567 -0.67097455
v -0.46029547 -0.25964397 -0.67138141
v -0.46370724 -0.27204135 -0.67206824
v -0.46658668 -0.28466204 -0.67338485
v -0.46946746 -0.29728818 -0.67470205
v -0.47234946 -0.30991980 -0.67601985
v -0.47525969 -0.32254553 -0.67730618
v -0.47763076 -0.33540598 -0.67923355
v -0.47985515 -0.34833789 -0.68133789
v -0.48208109 -0.36127871 -0.68344361
v -0.48430857 -0.37422857 -0.68555081
v -0.48641711 -0.38723975 -0.68780261
v -0.48797014 -0.40050465 -0.69071895
v -0.48952463 -0.41378221 -0.69363797
v -0.49108061 -0.42707253 -0.69655991
v -0.49265042 -0.44037008 -0.69946986
v -0.49359164 -0.45396325 -0.70313460
v -0.49436471 -0.46764916 -0.70700580
v -0.49513879 -0.48135248 -0.71088201
v -0.49593800 -0.49506217 -0.71473426
v -0.49573115 -0.50925231 -0.71979684
v -0.49517480 -0.52362752 -0.72528607
v -0.49463019 -0.53802264 -0.73076999
v -0.49302223 -0.55294096 -0.73753852
v -0.48952919 -0.56877851 -0.74658167
v -0.48626703 -0.58454853 -0.75536168
v -0.47725970 -0.60309720 -0.77106577
v -0.45614836 -0.62752092 -0.80136526
v -0.18590546 0.64385670 -0.62930846
v -0.23735467 0.64236897 -0.57647353
v -0.27042732 0.63695997 -0.54402649
v -0.30209273 0.63136983 -0.51310003
v -0.33191237 0.62548763 -0.48418686
v -0.35332504 0.61777151 -0.46461436
v -0.37459570 0.61010653 -0.44517159
v -0.39482319 0.60227758 -0.42686629
v -0.40932807 0.59315312 -0.41493523
v -0.42060956 0.58329815 -0.40659490
v -0.43185869 0.57347143 -0.39827847
v -0.44263205 0.56356299 -0.39048314
v -0.45248437 0.55345821 -0.38370961
v -0.45865181 0.54245281 -0.38106316
v -0.46487826 0.53147405 -0.37834656
v -0.47109887 0.52050555 -0.37563246
v -0.47731364 0.50954735 -0.37292096
v -0.48352253 0.49859941 -0.37021199
v -0.48879835 0.48741642 -0.36855048
v -0.49331677 0.47603837 -0.36774066
v -0.49783391 0.46466354 -0.36693108
v -0.50234979 0.45329186 -0.36612171
v -0.50667429 0.44187120 -0.36552745
v -0.50914329 0.42993930 -0.36703098
v -0.63924742 0.45366472 -0.22406180
v -0.66366613 0.44822383 -0.20059790
v -0.68071264 0.44078937 -0.18545622
v -0.69404131 0.43235481 -0.17450963
v -0.70339996 0.42281955 -0.16805406
v -0.71273696 0.41330633 -0.16161340
v -0.72221643 0.40386340 -0.15500107
v -0.72929472 0.39373675 -0.15111095
v -0.73490304 0.38318717 -0.14888903
v -0.74056143 0.37266251 -0.14660661
v -0.74623728 0.36215323 -0.14430094
v -0.75153458 0.35153794 -0.14242387
v -0.75465584 0.34025761 -0.14302929
v -0.75779486 0.32898018 -0.14361535
v -0.76093447 0.31770030 -0.14420155
v -0.76407480 0.30641806 -0.14478786
v -0.76566780 0.29463881 -0.14714767
v -0.76612240 0.28248236 -0.15081632
v -0.76657748 0.27030978 -0.15448982
v -0.76703179 0.25812066 -0.15816984
v -0.76600319 0.24542616 -0.16355933
v -0.76299721 0.23205061 -0.17123099
v -0.75986314 0.21862124 -0.17876910
v -0.75499803 0.20452642 -0.18889771
v -0.74351984 0.18816260 -0.20637076
v -0.71831334 0.16701792 -0.23970520
v -0.48126474 0.07260917 -0.51762342
v -0.47564733 0.05743147 -0.52861619
v -0.46992368 0.04216738 -0.53974861
v -0.45850047 0.02455186 -0.55503953
v -0.44102877 0.00528729 -0.58226573
v -0.42958432 -0.01222041 -0.60009336
v -0.42430791 -0.02758343 -0.61079574
v -0.41901261 -0.04300135 -0.62153637
v -0.41260314 -0.05887521 -0.63358742
v -0.40526718 -0.07514469 -0.64673376
v -0.40485272 -0.08890463 -0.65184939
v -0.40487567 -0.10252415 -0.65646374
v -0.40473065 -0.11622767 -0.66128081
v -0.40551361 -0.12960124 -0.66502345
v -0.40899134 -0.14196335 -0.66562772
v -0.41270918 -0.15423588 -0.66595244
v -0.41642743 -0.16650978 -0.66627735
v -0.42068818 -0.17857380 -0.66596830
v -0.42524898 -0.19051875 -0.66530758
v -0.43006283 -0.20236078 -0.66434944
v -0.43492225 -0.21418038 -0.66333646
v -0.43886876 -0.22636066 -0.66339278
v -0.44248149 -0.23867564 -0.66384101
v -0.44610712 -0.25098744 -0.66427487
v -0.44987905 -0.26324150 -0.66453731
v -0.45334643 -0.27562189 -0.66515851
v -0.45622489 -0.28824863 -0.66647422
v -0.45910457 -0.30088079 -0.66779041
v -0.46199968 -0.31351256 -0.66909057
v -0.46498391 -0.32611269 -0.67028755
v -0.46741036 -0.33895499 -0.67214531
v -0.46963203 -0.35189313 -0.67424798
v -0.47185531 -0.36484030 -0.67635208
v -0.47410923 -0.37778378 -0.67842317
v -0.47633129 -0.39075062 -0.68053520
v -0.47788006 -0.40402201 -0.68344909
v -0.47943026 -0.41730607 -0.68636572
v -0.48098198 -0.43060291 -0.68928516
v -0.48260972 -0.44387922 -0.69211876
v -0.48365259 -0.45743108 -0.69565266
v -0.48441961 -0.47112373 -0.69952047
v -0.48518857 -0.48483336 -0.70339209
v -0.48602977 -0.49852780 -0.70718354
v -0.48600948 -0.51263577 -0.71200895
v -0.48544428 -0.52701807 -0.71749276
v -0.48492825 -0.54140288 -0.72292656
v -0.48378113 -0.55610824 -0.72912371
v -0.48034480 -0.57191998 -0.73807120
v -0.47710803 -0.58767873 -0.74679369
v -0.46965599 -0.60548568 -0.76058388
v -0.44877201 -0.62979227 -0.79051363
v -0.19701810 0.64543802 -0.59854788
v -0.23938692 0.64197415 -0.55593324
v -0.27238661 0.63657743 -0.52365816
v -0.30474105 0.63117284 -0.49205285
v -0.33315060 0.62499464 -0.46478733
v -0.35452193 0.61729348 -0.44531322
v -0.37392196 0.60921246 -0.42800564
v -0.39274704 0.60106951 -0.41131330
v -0.40659073 0.59180152 -0.40015143
v -0.41786498 0.58195823 -0.39184049
v -0.42910698 0.57214302 -0.38355333
v -0.44031692 0.56235594 -0.37528986
v -0.45027250 0.55229115 -0.36841714
v -0.45756668 0.54158425 -0.36451307
v -0.46378550 0.53062016 -0.36180776
v -0.46999842 0.51966637 -0.35910499
v -0.47620559 0.50872290 -0.35640475
v -0.48226026 0.49775118 -0.35387173
v -0.48677510 0.48638293 -0.35306478
v -0.49128866 0.47501788 -0.35225806
v -0.49580103 0.46365601 -0.35145155
v -0.50036705 0.45231223 -0.35058331
v -0.50493914 0.44097397 -0.34970704
v -0.50819153 0.42927396 -0.35031751
v -0.64120412 0.45383871 -0.20450167
v -0.65834820 0.44637182 -0.18931723
v -0.67538691 0.43894160 -0.17422922
v -0.68749386 0.43016264 -0.16469637
v -0.69767976 0.42086965 -0.15732358
v -0.70704502 0.41136956 -0.15086924
v -0.71646756 0.40191475 -0.14434029
v -0.72224748 0.39140716 -0.14193368
v -0.72785801 0.38085952 -0.13971564
v -0.73348308 0.37032607 -0.13747787
v -0.73916131 0.35981867 -0.13517617
v -0.74374390 0.34898514 -0.13411762
v -0.74685925 0.33770227 -0.13472819
v -0.74999046 0.32642162 -0.13532157
v -0.75312954 0.31514081 -0.13590693
v -0.75626916 0.30385759 -0.13649240
v -0.75752437 0.29196957 -0.13923098
v -0.75821340 0.27988699 -0.14262079
v -0.75890326 0.26778963 -0.14601474
v -0.75959390 0.25567743 -0.14941286
v -0.75838625 0.24292414 -0.15499072
v -0.75536960 0.22954488 -0.16265069
v -0.75234467 0.21612868 -0.17033181
v -0.74716157 0.20195000 -0.18050243
v -0.73565829 0.18557720 -0.19795020
v -0.71185744 0.16491397 -0.22956474
v -0.47876829 0.07188097 -0.50205994
v -0.47315225 0.05671825 -0.51301199
v -0.46654579 0.04115952 -0.52512223
v -0.45584342 0.02410127 -0.54197484
v -0.43679661 0.00400145 -0.56848460
v -0.42297614 -0.01434620 -0.58899772
v -0.41629699 -0.03021067 -0.60128683
v -0.41098753 -0.04563292 -0.61201018
v -0.40437105 -0.06158156 -0.62426311
v -0.39701703 -0.07785713 -0.63738930
v -0.39469400 -0.09217082 -0.64467460
v -0.39452553 -0.10602104 -0.64952588
v -0.39437220 -0.11973301 -0.65433943
v -0.39455327 -0.13334003 -0.65877169
v -0.39817962 -0.14565261 -0.65920371
v -0.40189874 -0.15793148 -0.65952832
v -0.40561828 -0.17021167 -0.65985304
v -0.40979731 -0.18231441 -0.65964252
v -0.41454446 -0.19419344 -0.65876889
v -0.41940954 -0.20602193 -0.65775615
v -0.42427301 -0.21784648 -0.65674382
v -0.42830506 -0.22999902 -0.65670216
v -0.43191871 -0.24231988 -0.65715009
v -0.43568060 -0.25458267 -0.65742505
v -0.43945372 -0.26684213 -0.65768731
v -0.44297698 -0.27920541 -0.65824300
v -0.44585437 -0.29183820 -0.65955770
v -0.44871151 -0.30433396 -0.66086537
v -0.45171645 -0.31707686 -0.66206723
v -0.45469984 -0.32968277 -0.66326332
v -0.45718196 -0.34250674 -0.66505152
v -0.45940095 -0.35545117 -0.66715252
v -0.46163735 -0.36839780 -0.66923636
v -0.46394318 -0.38132399 -0.67124146
v -0.46623820 -0.39426404 -0.67326248
v -0.46778268 -0.40754190 -0.67617393
v -0.46932861 -0.42083248 -0.67908812
v -0.47093222 -0.43411091 -0.68193859
v -0.47256202 -0.44739082 -0.68476260
v -0.47370696 -0.46090123 -0.68816584
v -0.47446796 -0.47460058 -0.69203013
v -0.47527990 -0.48829466 -0.69584000
v -0.47611523 -0.50199562 -0.69962794
v -0.47628233 -0.51602119 -0.70421666
v -0.47572920 -0.53040093 -0.70967013
v -0.47522095 -0.54478508 -0.71507877
v -0.47453663 -0.55927664 -0.72070575
v -0.47119635 -0.57504410 -0.72951108
v -0.46734044 -0.59109646 -0.73894608
v -0.45674187 -0.61040276 -0.75645465
v -0.44139853 -0.63206267 -0.77966624
v -0.20033240 0.64529979 -0.57653713
v -0.24141151 0.64158082 -0.53547007
v -0.27433863 0.63619632 -0.50336605
v -0.30691144 0.63086981 -0.47160745
v -0.33391979 0.62439603 -0.44597045
v -0.35294726 0.61617166 -0.42914897
v -0.37186554 0.60799450 -0.41242406
v -0.39067557 0.59986413 -0.39579481
v -0.40385872 0.59045261 -0.38539672
v -0.41512585 0.58062094 -0.37711507
v -0.42636076 0.57081735 -0.36885715
v -0.43758845 0.56104791 -0.36059502
v -0.44717878 0.55090475 -0.35414645
v -0.45476538 0.54028362 -0.34992421
v -0.46234089 0.52967811 -0.34570813
v -0.46890092 0.51882941 -0.34262058
v -0.47510046 0.50790054 -0.33993161
v -0.48024637 0.49670705 -0.33841789
v -0.48475638 0.48535177 -0.33761400
v -0.48938709 0.47403222 -0.33667365
v -0.49407142 0.46273130 -0.33567181
v -0.49875411 0.45143431 -0.33467034
v -0.50291920 0.43999955 -0.33424872
v -0.50685644 0.42850351 -0.33408266
v -0.63556510 0.45189062 -0.19355310
v -0.65300721 0.44451356 -0.17807846
v -0.66999525 0.43707544 -0.16309223
v -0.68021727 0.42776138 -0.15571220
v -0.69041222 0.41847205 -0.14835174
v -0.70058018 0.40920728 -0.14101075
v -0.70956939 0.39962783 -0.13499072
v -0.71520150 0.38907805 -0.13275816
v -0.72081435 0.37853235 -0.13054401
v -0.72642273 0.36799508 -0.12833163
v -0.73208660 0.35748449 -0.12605302
v -0.73595238 0.34643206 -0.12581041
v -0.73906708 0.33514822 -0.12642010
v -0.74218512 0.32386273 -0.12702678
v -0.74532348 0.31258094 -0.12761128
v -0.74845469 0.30129430 -0.12820490
v -0.74916220 0.28923041 -0.13155885
v -0.74986011 0.27714854 -0.13492870
v -0.75054497 0.26504737 -0.13831854
v -0.75123066 0.25293145 -0.14171252
v -0.74946392 0.23999166 -0.14791213
v -0.74662554 0.22666813 -0.15534578
v -0.74377406 0.21330702 -0.16280569
v -0.73804879 0.19894294 -0.17356606
v -0.72644818 0.18253337 -0.19107229
v -0.47627717 0.07115432 -0.48652980
v -0.47066256 0.05600655 -0.49744126
v -0.46317399 0.04015348 -0.51052237
v -0.45247179 0.02310787 -0.52731818
v -0.43257076 0.00271753 -0.55472398
v -0.41874611 -0.01562079 -0.57517445
v -0.40828651 -0.03283780 -0.59177840
v -0.40296283 -0.04826435 -0.60248452
v -0.39613879 -0.06428798 -0.61493862
v -0.38876674 -0.08056965 -0.62804466
v -0.38417324 -0.09587969 -0.63795906
v -0.38352454 -0.10976078 -0.64332527
v -0.38287467 -0.12366655 -0.64870107
v -0.38211983 -0.13763641 -0.65420663
v -0.38636389 -0.14972441 -0.65392494
v -0.39060751 -0.16181129 -0.65364313
v -0.39463401 -0.17386511 -0.65333968
v -0.39900625 -0.18601567 -0.65318120
v -0.40387705 -0.19785309 -0.65216881
v -0.40874621 -0.20968653 -0.65115672
v -0.41361374 -0.22151603 -0.65014493
v -0.41773176 -0.23364069 -0.65000540
v -0.42147118 -0.24591713 -0.65030730
v -0.42524514 -0.25818098 -0.65056932
v -0.42901942 -0.27044582 -0.65083140
v -0.43259886 -0.28279191 -0.65132171
v -0.43547523 -0.29543078 -0.65263551
v -0.43844360 -0.30803731 -0.65384352
v -0.44142497 -0.32064399 -0.65503818
v -0.44440755 -0.33325568 -0.65623337
v -0.44694558 -0.34606126 -0.65795219
v -0.44916436 -0.35901096 -0.66004872
v -0.45146614 -0.37193465 -0.66205096
v -0.45376945 -0.38486680 -0.66405439
v -0.45607430 -0.39780760 -0.66605926
v -0.45767793 -0.41106433 -0.66889346
v -0.45925733 -0.42434484 -0.67176074
v -0.46088150 -0.43761867 -0.67457968
v -0.46250722 -0.45090488 -0.67740113
v -0.46375480 -0.46437365 -0.68067402
v -0.46453643 -0.47806767 -0.68450326
v -0.46536487 -0.49175820 -0.68828303
v -0.46619427 -0.50546569 -0.69206744
v -0.46654969 -0.51940846 -0.69642001
v -0.46602526 -0.53377801 -0.70182353
v -0.46550825 -0.54816908 -0.70722663
v -0.46398696 -0.56305486 -0.71383196
v -0.45885232 -0.57967079 -0.72474593
v -0.45353258 -0.59642500 -0.73589736
v -0.44377023 -0.61534506 -0.75235915
v -0.15714447 0.64784008 -0.60146588
v -0.20363271 0.64516222 -0.55461925
v -0.24342853 0.64118898 -0.51508367
v -0.27628332 0.63581669 -0.48314956
v -0.30878526 0.63050210 -0.45155844
v -0.33189860 0.62315547 -0.43029636
v -0.35091063 0.61494380 -0.41353872
v -0.36981368 0.60677928 -0.39687717
v -0.38860866 0.59866136 -0.38031086
v -0.40113217 0.58910644 -0.37067112
v -0.41239208 0.57928628 -0.36241865
v -0.42361987 0.56949425 -0.35418981
v -0.43495759 0.55976528 -0.34582672
v -0.44409075 0.54952103 -0.33990189
v -0.45167270 0.53891057 -0.33569393
v -0.45924357 0.52831572 -0.33149216
v -0.46680328 0.51773632 -0.32729650
v -0.47374222 0.50701386 -0.32378685
v -0.47842604 0.49571490 -0.32278791
v -0.48310825 0.48441988 -0.32178935
v -0.48778883 0.47312880 -0.32079113
v -0.49246776 0.46184167 -0.31979325
v -0.49697080 0.45051101 -0.31899077
v -0.50090390 0.43902731 -0.31882533
v -0.50483674 0.42754433 -0.31865993
v -0.62761390 0.44929624 -0.18521130
v -0.64753544 0.44261876 -0.16700181
v -0.66271025 0.43467069 -0.15409671
v -0.67294145 0.42536038 -0.14672893
v -0.68314642 0.41607499 -0.13937974
v -0.69332439 0.40681419 -0.13205001
v -0.70119458 0.39690614 -0.12730899
v -0.70731109 0.38649812 -0.12453791
v -0.71342152 0.37610060 -0.12176960
v -0.71938270 0.36567026 -0.11916563
v -0.72501308 0.35515073 -0.11693148
v -0.72815990 0.34387866 -0.11750223
v -0.73127395 0.33259386 -0.11811101
v -0.73438859 0.32130659 -0.11871995
v -0.73751664 0.31002083 -0.11931463
v -0.74009418 0.29855785 -0.12053450
v -0.74079669 0.28649020 -0.12388439
v -0.74150002 0.27440786 -0.12723835
v -0.74218374 0.26230422 -0.13061966
v -0.74286443 0.25018448 -0.13400953
v -0.74047947 0.23703872 -0.14089432
v -0.73768449 0.22372596 -0.14825676
v -0.73482019 0.21035703 -0.15570930
v -0.72797865 0.19561294 -0.16771096
v -0.71649140 0.17923577 -0.18503541
v -0.47379139 0.07042923 -0.47103295
v -0.46817821 0.05529639 -0.48190400
v -0.45980832 0.03914927 -0.49594897
v -0.44910625 0.02211626 -0.51268810
v -0.42888087 0.00162375 -0.54037637
v -0.41452241 -0.01689347 -0.56137198
v -0.40059841 -0.03534868 -0.58190042
v -0.39493853 -0.05089566 -0.59295928
v -0.38790631 -0.06699447 -0.60561389
v -0.37914446 -0.08378747 -0.62027925
v -0.36964014 -0.10092216 -0.63582253
v -0.36897770 -0.11482454 -0.64119333
v -0.36831409 -0.12875170 -0.64657372
v -0.36737970 -0.14280583 -0.65227520
v -0.37162969 -0.15490863 -0.65199316
v -0.37587929 -0.16701031 -0.65171117
v -0.38013446 -0.17910856 -0.65142220
v -0.38521644 -0.19088364 -0.65017503
v -0.39086372 -0.20243154 -0.64827049
v -0.39650744 -0.21397217 -0.64636719
v -0.40214765 -0.22550553 -0.64446515
v -0.40704802 -0.23732598 -0.64341974
v -0.41102561 -0.24951310 -0.64344597
v -0.41480073 -0.26178235 -0.64370775
v -0.41857621 -0.27405265 -0.64396966
v -0.42221203 -0.28638145 -0.64439464
v -0.42516536 -0.29899412 -0.64561647
v -0.42814469 -0.31160158 -0.64680976
v -0.43112525 -0.32421401 -0.64800358
v -0.43410701 -0.33683148 -0.64919782
v -0.43670118 -0.34961858 -0.65084738
v -0.43898797 -0.36254442 -0.65285945
v -0.44128725 -0.37547413 -0.65486008
v -0.44358808 -0.38841239 -0.65686190
v -0.44589043 -0.40135920 -0.65886509
v -0.44758511 -0.41458097 -0.66158521
v -0.44920370 -0.42784876 -0.66439903
v -0.45082378 -0.44112891 -0.66721553
v -0.45244539 -0.45442140 -0.67003465
v -0.45379943 -0.46784684 -0.67317331
v -0.45462096 -0.48152688 -0.67694497
v -0.45523810 -0.49531707 -0.68096364
v -0.45535034 -0.50935626 -0.68558484
v -0.45506266 -0.52360064 -0.69068617
v -0.45333630 -0.53853303 -0.69749731
v -0.45160604 -0.55349892 -0.70432377
v -0.44997105 -0.56845200 -0.71104807
v -0.44494861 -0.58502883 -0.72179973
v -0.43978968 -0.60172015 -0.73272997
v -0.43106189 -0.62015992 -0.74791604
v -0.16055526 0.64769626 -0.57936949
v -0.20691913 0.64502513 -0.53279346
v -0.24543801 0.64079863 -0.49477360
v -0.27822080 0.63543838 -0.46300834
v -0.30704761 0.62931097 -0.43555197
v -0.32985708 0.62191188 -0.41468474
v -0.34887853 0.61371875 -0.39796335
v -0.36776638 0.60556674 -0.38136488
v -0.38654634 0.59746128 -0.36486122
v -0.39841095 0.58776283 -0.35597444
v -0.40966371 0.57795429 -0.34775108
v -0.42090049 0.56817764 -0.33953336
v -0.43233201 0.55848521 -0.33108795
v -0.44100836 0.54813975 -0.32568333
v -0.44858563 0.53754002 -0.32148963
v -0.45615184 0.52695578 -0.31730208
v -0.46370694 0.51638705 -0.31312063
v -0.47089627 0.50574148 -0.30933961
v -0.47679502 0.49477360 -0.30698842
v -0.48151922 0.48350483 -0.30594116
v -0.48619440 0.47222754 -0.30494690
v -0.49086797 0.46095419 -0.30395299
v -0.49496436 0.44952798 -0.30360153
v -0.49889308 0.43805727 -0.30343676
v -0.50291103 0.42661202 -0.30317199
v -0.61972129 0.44671819 -0.17680149
v -0.63980335 0.44008642 -0.15846893
v -0.65513521 0.43218341 -0.14542788
v -0.66566879 0.42296028 -0.13774411
v -0.67588282 0.41367859 -0.13040723
v -0.68606979 0.40442145 -0.12308975
v -0.69281679 0.39418340 -0.11962458
v -0.69893861 0.38377500 -0.11685686
v -0.70505428 0.37337700 -0.11409192
v -0.71116501 0.36298978 -0.11132839
v -0.71658003 0.35240299 -0.10934436
v -0.72005188 0.34122837 -0.10954777
v -0.72347987 0.33003923 -0.10980096
v -0.72659379 0.31875104 -0.11040901
v -0.72970867 0.30746037 -0.11101694
v -0.73173076 0.29582044 -0.11286142
v -0.73242825 0.28374898 -0.11620723
v -0.73312664 0.27166289 -0.11955712
v -0.73381966 0.25956008 -0.12291814
v -0.73424828 0.24735573 -0.12658402
v -0.73148978 0.23408405 -0.13387237
v -0.72872394 0.22077732 -0.14117995
v -0.72586107 0.20740536 -0.14860880
v -0.71788526 0.19227514 -0.16186455
v -0.70652497 0.17593497 -0.17899270
v -0.47131094 0.06970569 -0.45556930
v -0.46569923 0.05458775 -0.46640009
v -0.45644873 0.03814687 -0.48140180
v -0.44574684 0.02112646 -0.49808460
v -0.42616507 0.00087570 -0.52494639
v -0.41030505 -0.01816424 -0.54759014
v -0.39637700 -0.03660997 -0.56805575
v -0.38691467 -0.05352684 -0.58343452
v -0.37914172 -0.06989550 -0.59689897
v -0.36615282 -0.08824588 -0.61637086
v -0.35507181 -0.10597686 -0.63368082
v -0.35439563 -0.11990061 -0.63905627
v -0.35371819 -0.13384919 -0.64444131
v -0.35260275 -0.14798811 -0.65033895
v -0.35685873 -0.16010578 -0.65005660
v -0.36111429 -0.17222230 -0.64977431
v -0.36556110 -0.18426363 -0.64927095
v -0.37072098 -0.19602518 -0.64794326
v -0.37637958 -0.20758528 -0.64603722
v -0.38203463 -0.21913809 -0.64413232
v -0.38779178 -0.23064168 -0.64210635
v -0.39263299 -0.24250212 -0.64113826
v -0.39689848 -0.25458980 -0.64083618
v -0.40116352 -0.26667628 -0.64053410
v -0.40542811 -0.27876151 -0.64023203
v -0.40955874 -0.29090032 -0.64008516
v -0.41277230 -0.30341724 -0.64100450
v -0.41598684 -0.31593794 -0.64192420
v -0.41920233 -0.32846245 -0.64284408
v -0.42241883 -0.34099078 -0.64376426
v -0.42521793 -0.35370016 -0.64517272
v -0.42749131 -0.36664012 -0.64719695
v -0.42976630 -0.37958878 -0.64922261
v -0.43204275 -0.39254612 -0.65124965
v -0.43433136 -0.40550750 -0.65326560
v -0.43588448 -0.41879973 -0.65614593
v -0.43717840 -0.43221930 -0.65933448
v -0.43847370 -0.44565296 -0.66252643
v -0.43977034 -0.45910075 -0.66572165
v -0.44083211 -0.47266865 -0.66919786
v -0.44093341 -0.48668545 -0.67380846
v -0.44103485 -0.50072360 -0.67842609
v -0.44118369 -0.51476151 -0.68299508
v -0.44098276 -0.52898127 -0.68798351
v -0.43923870 -0.54393649 -0.69479930
v -0.43754750 -0.55889881 -0.70156330
v -0.43592405 -0.57386106 -0.70825803
v -0.43109795 -0.59035933 -0.71874863
v -0.42601797 -0.60702646 -0.72955608
v -0.40572372 -0.63097662 -0.75839174
v -0.11651845 0.65015906 -0.60491121
v -0.16395164 0.64755309 -0.55736661
v -0.21019177 0.64488870 -0.51105940
v -0.24743994 0.64040971 -0.47453934
v -0.27816352 0.63461131 -0.44512179
v -0.30538607 0.62813932 -0.41950390
v -0.32778257 0.62066245 -0.39914918
v -0.34685099 0.61249632 -0.38242266
v -0.36572361 0.60435694 -0.36588711
v -0.38441730 0.59624690 -0.34952438
v -0.39569506 0.58642185 -0.34130660
v -0.40694067 0.57662487 -0.33311230
v -0.41828775 0.56688857 -0.32479396
v -0.42971167 0.55720770 -0.31637871
v -0.43793163 0.54676104 -0.31149074
v -0.44550422 0.53617197 -0.30731124
v -0.45306575 0.52559835 -0.30313787
v -0.46079516 0.51508641 -0.29877251
v -0.46774876 0.50439167 -0.29526028
v -0.47364357 0.49343425 -0.29291698
v -0.47953346 0.48248583 -0.29057562
v -0.48460382 0.47132847 -0.28914088
v -0.48903787 0.46000561 -0.28841114
v -0.49304694 0.44857022 -0.28815305
v -0.49731502 0.43720713 -0.28760624
v -0.50158232 0.42584628 -0.28705955
v -0.61243081 0.44425899 -0.16775143
v -0.63244730 0.43766022 -0.14951535
v -0.64620376 0.42930993 -0.13827297
v -0.65751940 0.42030847 -0.12974048
v -0.66861999 0.41128251 -0.12143569
v -0.67830288 0.40187910 -0.11470460
v -0.68443608 0.39145976 -0.11193747
v -0.69056541 0.38105154 -0.10917053
v -0.69668895 0.37065393 -0.10640609
v -0.70280629 0.36026666 -0.10364442
v -0.70750791 0.34946054 -0.10246833
v -0.71098053 0.33828220 -0.10267155
v -0.71445340 0.32710305 -0.10287479
v -0.71792650 0.31592309 -0.10307805
v -0.72140020 0.30474240 -0.10328100
v -0.72312891 0.29300743 -0.10545100
v -0.72405696 0.28100687 -0.10852739
v -0.72475034 0.26891696 -0.11187320
v -0.72544461 0.25681239 -0.11522307
v -0.72526586 0.24440712 -0.11956494
v -0.72249460 0.23112759 -0.12684621
v -0.71971613 0.21781299 -0.13414671
v -0.71689695 0.20445201 -0.14150426
v -0.70778143 0.18893391 -0.15601210
v -0.69649571 0.17261289 -0.17300452
v -0.47466791 0.08411424 -0.42911232
v -0.46883580 0.06898371 -0.44013867
v -0.46322551 0.05388063 -0.45092937
v -0.45309517 0.03714628 -0.46688098
v -0.44239351 0.02013845 -0.48350748
v -0.42345488 0.00012919 -0.50954837
v -0.40609398 -0.01943311 -0.53382885
v -0.39216194 -0.03786938 -0.55423182
v -0.37883466 -0.05617840 -0.57397473
v -0.36618024 -0.07433084 -0.59297830
v -0.35313728 -0.09271248 -0.61245531
v -0.34046814 -0.11104381 -0.63153386
v -0.33977810 -0.12498900 -0.63691396
v -0.33893403 -0.13901652 -0.64247882
v -0.33778891 -0.15318334 -0.64839780
v -0.34205091 -0.16531590 -0.64811522
v -0.34640202 -0.17741293 -0.64772975
v -0.35095236 -0.18943121 -0.64711440
v -0.35619071 -0.20117903 -0.64570618
v -0.36186072 -0.21275137 -0.64379859
v -0.36761060 -0.22428349 -0.64179581
v -0.37347376 -0.23576151 -0.63965940
v -0.37818363 -0.24769059 -0.63885140
v -0.38245493 -0.25979239 -0.63854903
v -0.38672572 -0.27189296 -0.63824672
v -0.39107087 -0.28396189 -0.63785791
v -0.39513555 -0.29614407 -0.63779336
v -0.39835072 -0.30867663 -0.63871348
v -0.40156689 -0.32121307 -0.63963389
v -0.40478402 -0.33375329 -0.64055455
v -0.40808001 -0.34626454 -0.64138496
v -0.41083074 -0.35901058 -0.64285064
v -0.41310206 -0.37196767 -0.64487666
v -0.41537488 -0.38493347 -0.64690387
v -0.41766277 -0.39790210 -0.64891666
v -0.42005473 -0.41083485 -0.65081125
v -0.42156383 -0.42416212 -0.65373939
v -0.42285177 -0.43760026 -0.65693039
v -0.42414102 -0.45105252 -0.66012478
v -0.42555290 -0.46446499 -0.66318059
v -0.42661756 -0.47804710 -0.66664773
v -0.42670816 -0.49208415 -0.67126173
v -0.42682001 -0.50613296 -0.67585796
v -0.42705202 -0.52014840 -0.68032032
v -0.42687118 -0.53437400 -0.68527466
v -0.42512366 -0.54934549 -0.69207829
v -0.42348650 -0.56429738 -0.69876266
v -0.42184579 -0.57928222 -0.70546168
v -0.41495544 -0.59676367 -0.71835655
v -0.40432692 -0.61607128 -0.73567957
v -0.11975288 0.64994997 -0.58302587
v -0.16720399 0.64738202 -0.53559810
v -0.21345070 0.64475280 -0.48941636
v -0.24909329 0.63994575 -0.45475331
v -0.27653098 0.63342953 -0.42901090
v -0.30372840 0.62697029 -0.40349382
v -0.32571262 0.61941564 -0.38364786
v -0.34482795 0.61127669 -0.36691660
v -0.36368537 0.60314977 -0.35044372
v -0.38171396 0.59489709 -0.33485636
v -0.39298454 0.58508354 -0.32666761
v -0.40423036 0.57529986 -0.31849408
v -0.41568026 0.56560206 -0.31008410
v -0.42709658 0.55593276 -0.30169886
v -0.43486044 0.54538476 -0.29732400
v -0.44242844 0.53480637 -0.29315871
v -0.45005590 0.52426147 -0.28892162
v -0.45794520 0.51380271 -0.28438932
v -0.46460697 0.50304425 -0.28120628
v -0.47049773 0.49209723 -0.27887085
v -0.47638366 0.48115924 -0.27653736
v -0.48226473 0.47023019 -0.27420577
v -0.48746833 0.45912847 -0.27262133
v -0.49173203 0.44777763 -0.27207667
v -0.49599487 0.43642893 -0.27153209
v -0.50065273 0.42519224 -0.27054814
v -0.60143244 0.44086128 -0.16275765
v -0.62509203 0.43523422 -0.14056255
v -0.63726735 0.42643490 -0.13111410
v -0.64860892 0.41743794 -0.12258022
v -0.65997541 0.40848604 -0.11400592
v -0.66953433 0.39904401 -0.10743483
v -0.67605841 0.38873693 -0.10424098
v -0.68219334 0.37832838 -0.10147715
v -0.68832207 0.36793026 -0.09871609
v -0.69444466 0.35754257 -0.09595779
v -0.69843000 0.34651616 -0.09558790
v -0.70190340 0.33533415 -0.09579094
v -0.70537740 0.32415146 -0.09599350
v -0.70885259 0.31296819 -0.09619521
v -0.71232790 0.30178410 -0.09639692
v -0.71338719 0.28983289 -0.09931373
v -0.71434605 0.27783650 -0.10234780
v -0.71530592 0.26582691 -0.10538521
v -0.71626669 0.25380397 -0.10842621
v -0.71556222 0.24122253 -0.11334837
v -0.71292198 0.22798070 -0.12046116
v -0.71027488 0.21470466 -0.12759233
v -0.70762056 0.20139416 -0.13474235
v -0.69676727 0.18528561 -0.15117089
v -0.68491876 0.16876489 -0.16874991
v -0.47241619 0.08345424 -0.41350678
v -0.46636593 0.06826327 -0.42474106
v -0.46038893 0.05304707 -0.43590921
v -0.44974771 0.03614749 -0.45238632
v -0.43904623 0.01915222 -0.46895677
v -0.42075023 -0.00061577 -0.49418208
v -0.40188923 -0.02070009 -0.52008820
v -0.38795313 -0.03912688 -0.54042864
v -0.37201768 -0.05837154 -0.56307697
v -0.35319504 -0.07877430 -0.58905041
v -0.34009784 -0.09718728 -0.60853261
v -0.32582894 -0.11612309 -0.62938178
v -0.32512498 -0.13008976 -0.63476646
v -0.32407555 -0.14421082 -0.64055437
v -0.32293802 -0.15839157 -0.64645177
v -0.32720605 -0.17053904 -0.64616895
v -0.33175081 -0.18257900 -0.64556855
v -0.33630818 -0.19461137 -0.64495271
v -0.34162560 -0.20634528 -0.64346379
v -0.34736809 -0.21790595 -0.64148438
v -0.35324731 -0.22940369 -0.63934481
v -0.35912237 -0.24089327 -0.63720673
v -0.36369982 -0.25289139 -0.63655907
v -0.36797690 -0.26500738 -0.63625646
v -0.37233010 -0.27709115 -0.63586563
v -0.37670940 -0.28916249 -0.63544405
v -0.38067800 -0.30140030 -0.63549614
v -0.38389480 -0.31394860 -0.63641697
v -0.38711259 -0.32650074 -0.63733810
v -0.39041477 -0.33902186 -0.63816291
v -0.39372861 -0.35154185 -0.63897562
v -0.39640945 -0.36433357 -0.64052325
v -0.39867857 -0.37730786 -0.64255071
v -0.40096584 -0.39028373 -0.64456034
v -0.40335461 -0.40322509 -0.64645517
v -0.40574488 -0.41617456 -0.64835119
v -0.40720960 -0.42953712 -0.65132713
v -0.40849143 -0.44299382 -0.65452063
v -0.40988770 -0.45641476 -0.65758574
v -0.41131726 -0.46983507 -0.66061670
v -0.41237029 -0.48343799 -0.66409183
v -0.41245019 -0.49749526 -0.66870916
v -0.41266656 -0.51151222 -0.67317408
v -0.41288847 -0.52554744 -0.67763948
v -0.41272786 -0.53977883 -0.68255979
v -0.41104868 -0.55473351 -0.68926704
v -0.40754813 -0.57056451 -0.69812071
v -0.40325245 -0.58680785 -0.70792139
v -0.39320570 -0.60579664 -0.72449189
v -0.38078687 -0.62610137 -0.74404544
v -0.12278435 0.64970058 -0.56143731
v -0.17011547 0.64713979 -0.51427627
v -0.21669599 0.64461750 -0.46786386
v -0.24749012 0.63875377 -0.43857908
v -0.27490225 0.63225049 -0.41293824
v -0.30207470 0.62580413 -0.38752159
v -0.32364726 0.61817169 -0.36818081
v -0.34279269 0.61005586 -0.35146332
v -0.36165172 0.60194534 -0.33503458
v -0.37901592 0.59354979 -0.32021716
v -0.39027929 0.58374780 -0.31205732
v -0.40163571 0.57400429 -0.30378363
v -0.41307798 0.56431812 -0.29540369
v -0.42422056 0.55459428 -0.28734037
v -0.43179491 0.54401106 -0.28318313
v -0.43935823 0.53344327 -0.27903193
v -0.44721663 0.52296919 -0.27455014
v -0.45510066 0.51252145 -0.27003363
v -0.46147084 0.50169927 -0.26717749
v -0.46735758 0.49076265 -0.26484996
v -0.47323951 0.47983500 -0.26252431
v -0.47941637 0.46899658 -0.25986975
v -0.48499972 0.45800957 -0.25786683
v -0.49042043 0.44698703 -0.25604069
v -0.49467808 0.43565267 -0.25549835
v -0.50075769 0.42482632 -0.25293839
v -0.59165609 0.43775553 -0.15641983
v -0.61614162 0.43235782 -0.13337940
v -0.62856340 0.42362589 -0.12368789
v -0.63998121 0.41464847 -0.11509667
v -0.65136349 0.40569893 -0.10653213
v -0.65990233 0.39595652 -0.10111634
v -0.66658270 0.38569036 -0.09776032
v -0.67325491 0.37543678 -0.09440838
v -0.67991900 0.36519572 -0.09106053
v -0.68587232 0.35475478 -0.08850023
v -0.68934685 0.34357011 -0.08870243
v -0.69282216 0.33238479 -0.08890390
v -0.69629788 0.32119864 -0.08910540
v -0.69977379 0.31001171 -0.08930693
v -0.70268375 0.29864576 -0.09014214
v -0.70363659 0.28665546 -0.09317086
v -0.70459050 0.27465186 -0.09620292
v -0.70554405 0.26263455 -0.09923986
v -0.70649838 0.25060388 -0.10228049
v -0.70485473 0.23770948 -0.10824436
v -0.70219892 0.22445452 -0.11535517
v -0.69953418 0.21116461 -0.12248676
v -0.69548637 0.19737956 -0.13118629
v -0.68365866 0.18093094 -0.14866558
v -0.66733032 0.16287389 -0.17124632
v -0.47016945 0.08279572 -0.39793581
v -0.46390134 0.06754437 -0.40937626
v -0.45704731 0.05203770 -0.42149621
v -0.44640628 0.03515051 -0.43791783
v -0.43570501 0.01816778 -0.45443240
v -0.41805121 -0.00135920 -0.47884750
v -0.39769074 -0.02196518 -0.50636804
v -0.38375068 -0.04038251 -0.52664608
v -0.36727527 -0.06001452 -0.55117440
v -0.34018603 -0.08322591 -0.58511537
v -0.32674924 -0.10177528 -0.60492688
v -0.31115419 -0.12121471 -0.62722445
v -0.31039050 -0.13522004 -0.63266587
v -0.30917978 -0.14941815 -0.63862503
v -0.30804998 -0.16361281 -0.64450091
v -0.31249866 -0.17570873 -0.64401853
v -0.31706396 -0.18775763 -0.64340204
v -0.32162836 -0.19980408 -0.64278573
v -0.32706389 -0.21150899 -0.64117193
v -0.33295926 -0.22302650 -0.63902920
v -0.33885044 -0.23453586 -0.63688809
v -0.34473744 -0.24603702 -0.63474840
v -0.34918144 -0.25810465 -0.63426131
v -0.35354275 -0.27020332 -0.63386840
v -0.35792881 -0.28229013 -0.63344646
v -0.36231428 -0.29437527 -0.63302463
v -0.36618596 -0.30666906 -0.63319343
v -0.36940438 -0.31923315 -0.63411504
v -0.37271285 -0.33176410 -0.63493425
v -0.37602770 -0.34429613 -0.63574725
v -0.37934348 -0.35683152 -0.63656056
v -0.38195387 -0.36966926 -0.63819015
v -0.38424051 -0.38265240 -0.64019662
v -0.38662603 -0.39560238 -0.64209163
v -0.38901308 -0.40856051 -0.64398795
v -0.39140162 -0.42152679 -0.64588535
v -0.39282164 -0.43492472 -0.64890915
v -0.39420214 -0.44835410 -0.65198356
v -0.39562476 -0.46177906 -0.65501374
v -0.39704883 -0.47521752 -0.65804690
v -0.39809024 -0.48884124 -0.66152996
v -0.39826974 -0.50286919 -0.66602218
v -0.39848110 -0.51690364 -0.67048413
v -0.39748436 -0.53150916 -0.67636198
v -0.39544553 -0.54661977 -0.68346524
v -0.39106455 -0.56284314 -0.69331521
v -0.38672435 -0.57909364 -0.70313287
v -0.38193187 -0.59560108 -0.71349502
v -0.12580349 0.64945209 -0.53993660
v -0.17301522 0.64689845 -0.49304053
v -0.21703376 0.64383954 -0.44954154
v -0.24589077 0.63756460 -0.42244333
v -0.27327740 0.63107431 -0.39690363
v -0.30042484 0.62464064 -0.37158704
v -0.32158643 0.61693043 -0.35274786
v -0.34071681 0.60882711 -0.33609340
v -0.35962251 0.60074353 -0.31965953
v -0.37632319 0.59220517 -0.30560666
v -0.38757938 0.58241475 -0.29747564
v -0.39904624 0.57271129 -0.28910261
v -0.41048089 0.56303674 -0.28075263
v -0.42116523 0.55321246 -0.27321115
v -0.42873496 0.54263985 -0.26906797
v -0.43649149 0.53213280 -0.26471409
v -0.44438282 0.52167940 -0.26020610
v -0.45226154 0.51124263 -0.25570530
v -0.45834029 0.50035673 -0.25317392
v -0.46422309 0.48943049 -0.25085422
v -0.47031522 0.47857001 -0.24830088
v -0.47656277 0.46776247 -0.24557285
v -0.48206770 0.45676631 -0.24365848
v -0.48756889 0.44577762 -0.24174543
v -0.49378753 0.43499473 -0.23903841
v -0.50211412 0.42480895 -0.23400135
v -0.58061862 0.43429637 -0.15145977
v -0.60579419 0.42908663 -0.12773067
v -0.61861157 0.42046115 -0.11763387
v -0.63134968 0.41185778 -0.10760987
v -0.64274788 0.40291065 -0.09905509
v -0.65026218 0.39286631 -0.09479248
v -0.65695125 0.38259774 -0.09143888
v -0.66364789 0.37234637 -0.08807194
v -0.67036474 0.36211604 -0.08467758
v -0.67608321 0.35159913 -0.08238806
v -0.67989379 0.34051123 -0.08221757
v -0.68370414 0.32942399 -0.08204710
v -0.68721247 0.31824395 -0.08221291
v -0.69068915 0.30705333 -0.08241425
v -0.69292927 0.29547265 -0.08399568
v -0.69387621 0.28347480 -0.08702337
v -0.69482350 0.27146345 -0.09005528
v -0.69577181 0.25943881 -0.09309053
v -0.69679797 0.24742578 -0.09604324
v -0.69413346 0.23419188 -0.10313374
v -0.69145817 0.22092250 -0.11024691
v -0.68877286 0.20761774 -0.11738205
v -0.68240297 0.19304729 -0.12866367
v -0.67051619 0.17656496 -0.14615956
v -0.46792766 0.08213864 -0.38239938
v -0.46155128 0.06686467 -0.39392129
v -0.45371172 0.05103014 -0.40710908
v -0.44307083 0.03415532 -0.42347538
v -0.43236980 0.01718511 -0.43993416
v -0.41535777 -0.00210110 -0.46354455
v -0.39349851 -0.02322837 -0.49266830
v -0.37955451 -0.04163626 -0.51288420
v -0.36182261 -0.06151047 -0.53741777
v -0.32715315 -0.08768568 -0.58117312
v -0.31326020 -0.10641432 -0.60144389
v -0.29706210 -0.12608954 -0.62436026
v -0.29547358 -0.14041746 -0.63072610
v -0.29424658 -0.15463856 -0.63669080
v -0.29179889 -0.16934878 -0.64405251
v -0.29638577 -0.18141276 -0.64342117
v -0.30097169 -0.19347422 -0.64279002
v -0.30555612 -0.20553337 -0.64215952
v -0.31176898 -0.21695657 -0.63967109
v -0.31825721 -0.22826059 -0.63686460
v -0.32441992 -0.23967998 -0.63442552
v -0.33031893 -0.25119278 -0.63228422
v -0.33470863 -0.26329830 -0.63186616
v -0.33910149 -0.27540067 -0.63144386
v -0.34349370 -0.28750131 -0.63102156
v -0.34788531 -0.29960030 -0.63059938
v -0.35165930 -0.31195039 -0.63088518
v -0.35497406 -0.32449123 -0.63169873
v -0.35828999 -0.33703536 -0.63251227
v -0.36160681 -0.34958282 -0.63332593
v -0.36492452 -0.36213368 -0.63413990
v -0.36748657 -0.37500799 -0.63582540
v -0.36986893 -0.38796666 -0.63772070
v -0.37225276 -0.40093344 -0.63961720
v -0.37463805 -0.41390836 -0.64151490
v -0.37702489 -0.42689148 -0.64341384
v -0.37849623 -0.44028297 -0.64637423
v -0.37984538 -0.45366248 -0.64937651
v -0.38053420 -0.46750689 -0.65335619
v -0.38113770 -0.48132798 -0.65733695
v -0.38107425 -0.49546584 -0.66209733
v -0.37971652 -0.51020825 -0.66836739
v -0.37835598 -0.52498114 -0.67465043
v -0.37706295 -0.53975260 -0.68086475
v -0.37455505 -0.55510962 -0.68850219
v -0.37017015 -0.57136726 -0.69833690
v -0.36587453 -0.58762950 -0.70808285
v -0.12881036 0.64920473 -0.51852322
v -0.17590328 0.64665818 -0.47189036
v -0.21534951 0.64261442 -0.43346220
v -0.24429519 0.63637835 -0.40634596
v -0.27165642 0.62990087 -0.38090709
v -0.29877892 0.62347990 -0.35569009
v -0.31953016 0.61569196 -0.33734891
v -0.33864546 0.60760111 -0.32075727
v -0.35759783 0.59954441 -0.30431855
v -0.37363571 0.59086323 -0.29102483
v -0.38500130 0.58111238 -0.28279561
v -0.39646196 0.57142097 -0.27445099
v -0.40788901 0.56175798 -0.26613081
v -0.41811550 0.55183303 -0.25910762
v -0.42576978 0.54129350 -0.25488117
v -0.43366835 0.53083450 -0.25038171
v -0.44155437 0.52039206 -0.24588943
v -0.44933182 0.50994146 -0.24150929
v -0.45521542 0.49901658 -0.23919547
v -0.46122262 0.48813444 -0.23674285
v -0.46751511 0.47733891 -0.23397402
v -0.47364041 0.46651083 -0.23138453
v -0.47914115 0.45552537 -0.22947676
v -0.48467067 0.44455627 -0.22753462
v -0.49178329 0.43403140 -0.22384931
v -0.50081199 0.42405486 -0.21805082
v -0.56820261 0.43045062 -0.14799388
v -0.59543532 0.42581180 -0.12207567
v -0.60830015 0.41719362 -0.11195993
v -0.62115324 0.40861714 -0.10184234
v -0.63375247 0.40001214 -0.09199002
v -0.64068556 0.38979453 -0.08838397
v -0.64742768 0.37953669 -0.08498386
v -0.65416133 0.36929151 -0.08158797
v -0.66088670 0.35905904 -0.07819629
v -0.66585803 0.34831157 -0.07674339
v -0.66967106 0.33721766 -0.07657298
v -0.67348385 0.32612443 -0.07640260
v -0.67729634 0.31503189 -0.07623222
v -0.68111831 0.30394307 -0.07605118
v -0.68290389 0.29221424 -0.07813493
v -0.68406099 0.28027669 -0.08092142
v -0.68504727 0.26827204 -0.08390234
v -0.68599051 0.25624010 -0.08693558
v -0.68607825 0.24391674 -0.09092800
v -0.68339258 0.23066786 -0.09802280
v -0.68069851 0.21738426 -0.10513752
v -0.67799753 0.20406623 -0.11227068
v -0.66928756 0.18870439 -0.12613845
v -0.65718788 0.17213649 -0.14382286
v -0.47203937 0.09668089 -0.35546440
v -0.46569085 0.08148303 -0.36689723
v -0.45931706 0.06622466 -0.37837556
v -0.45038256 0.05006427 -0.39256880
v -0.43974143 0.03316193 -0.40905890
v -0.42904061 0.01620422 -0.42546216
v -0.41266981 -0.00284147 -0.44827300
v -0.39018121 -0.02417899 -0.47801033
v -0.37536457 -0.04288813 -0.49914292
v -0.35645142 -0.06317970 -0.52492934
v -0.31409630 -0.09215365 -0.57722354
v -0.29974425 -0.11106262 -0.59795392
v -0.28347832 -0.13077530 -0.62087983
v -0.27848318 -0.14638759 -0.63108557
v -0.27476886 -0.16156532 -0.63985610
v -0.27298263 -0.17605382 -0.64645457
v -0.27758053 -0.18814094 -0.64582175
v -0.28217754 -0.20022558 -0.64518911
v -0.28692207 -0.21225029 -0.64438772
v -0.29343721 -0.22358321 -0.64157242
v -0.29994625 -0.23490554 -0.63875973
v -0.30644923 -0.24621734 -0.63594961
v -0.31246963 -0.25770760 -0.63368511
v -0.31718147 -0.26970968 -0.63290930
v -0.32189214 -0.28170872 -0.63213366
v -0.32660156 -0.29370466 -0.63135827
v -0.33127522 -0.30571157 -0.63062257
v -0.33498541 -0.31810981 -0.63098776
v -0.33832583 -0.33066216 -0.63177675
v -0.34166712 -0.34321779 -0.63256592
v -0.34500930 -0.35577673 -0.63335526
v -0.34830558 -0.36835858 -0.63419855
v -0.35049492 -0.38141257 -0.63631415
v -0.35254434 -0.39453581 -0.63859367
v -0.35459530 -0.40766901 -0.64087498
v -0.35683769 -0.42135829 -0.64324093
v -0.35856941 -0.43402264 -0.64559525
v -0.35915864 -0.44782579 -0.64957207
v -0.35974857 -0.46164706 -0.65355402
v -0.36034304 -0.47548494 -0.65753704
v -0.36097854 -0.48932314 -0.66147882
v -0.36056018 -0.50365084 -0.66664505
v -0.35917804 -0.51843607 -0.67293447
v -0.35787424 -0.53321528 -0.67914283
v -0.35658291 -0.54801786 -0.68534648
v -0.35358977 -0.56362861 -0.69353330
v -0.33860129 -0.58480233 -0.71565521
v -0.13180505 0.64895833 -0.49719667
v -0.17682414 0.64598817 -0.45293280
v -0.21366918 0.64139223 -0.41742051
v -0.24254008 0.63515812 -0.39046317
v -0.27003926 0.62873024 -0.36494830
v -0.29713690 0.62232196 -0.33983058
v -0.31747839 0.61445618 -0.32198384
v -0.33657867 0.60637772 -0.30545476
v -0.35556889 0.59834582 -0.28902096
v -0.37095353 0.58952391 -0.27647153
v -0.38242990 0.57981306 -0.26814342
v -0.39388287 0.57013321 -0.25982860
v -0.40530226 0.56048173 -0.25153813
v -0.41507131 0.55045629 -0.24502976
v -0.42295730 0.53998667 -0.24056046
v -0.43085057 0.52953863 -0.23607668
v -0.43873128 0.51910722 -0.23160002
v -0.44621649 0.50859338 -0.22754809
v -0.45213860 0.49768993 -0.22519569
v -0.45843256 0.48689476 -0.22243384
v -0.46472037 0.47611019 -0.21967469
v -0.47072351 0.46526152 -0.21722279
v -0.47622010 0.45428678 -0.21532162
v -0.48228863 0.44347656 -0.21279132
v -0.48978361 0.43307021 -0.20869412
v -0.49957645 0.42332026 -0.20207085
v -0.55784059 0.42717960 -0.14224114
v -0.58479351 0.42245662 -0.11671247
v -0.59867990 0.41412279 -0.10550772
v -0.61155581 0.40554836 -0.09539782
v -0.62323636 0.39667252 -0.08658890
v -0.63048834 0.38654098 -0.08264518
v -0.63772988 0.37642401 -0.07870713
v -0.64466721 0.36623421 -0.07509885
v -0.65140110 0.35599956 -0.07170983
v -0.65562165 0.34502038 -0.07109253
v -0.65943891 0.33392102 -0.07092019
v -0.66327238 0.32282746 -0.07072965
v -0.66710556 0.31173462 -0.07053913
v -0.67077148 0.30059043 -0.07053374
v -0.67192262 0.28865486 -0.07331689
v -0.67307490 0.27670711 -0.07610288
v -0.67422843 0.26474726 -0.07889171
v -0.67537051 0.25277111 -0.08169739
v -0.67445886 0.24011548 -0.08679137
v -0.67179227 0.22686264 -0.09384618
v -0.66911894 0.21357568 -0.10091915
v -0.66636145 0.20022881 -0.10809641
v -0.65372854 0.18354355 -0.12630047
v -0.63998771 0.16640222 -0.14576855
v -0.46979904 0.09608789 -0.33967346
v -0.46275580 0.08058813 -0.35221541
v -0.45564866 0.06508974 -0.36447442
v -0.44587490 0.04860926 -0.37973744
v -0.43532336 0.03178723 -0.39589494
v -0.42471263 0.01487088 -0.41214302
v -0.40992945 -0.00360089 -0.43309790
v -0.38750842 -0.02489955 -0.46266210
v -0.37118095 -0.04413813 -0.48542213
v -0.35108590 -0.06484717 -0.51245403
v -0.30101547 -0.09662984 -0.57326674
v -0.28620136 -0.11572020 -0.59445697
v -0.26206613 -0.13836043 -0.62618673
v -0.25832149 -0.15353951 -0.63496095
v -0.25447851 -0.16879568 -0.64385939
v -0.25409180 -0.18278542 -0.64886618
v -0.25870082 -0.19489583 -0.64823192
v -0.26330227 -0.20700620 -0.64760518
v -0.26849970 -0.21888366 -0.64630258
v -0.27503580 -0.23023498 -0.64348102
v -0.28154212 -0.24158497 -0.64068890
v -0.28791609 -0.25297418 -0.63804269
v -0.29352111 -0.26465610 -0.63626605
v -0.29824486 -0.27668145 -0.63548833
v -0.30296740 -0.28870368 -0.63471085
v -0.30758706 -0.30076393 -0.63404930
v -0.31214362 -0.31284681 -0.63345861
v -0.31554356 -0.32540065 -0.63418579
v -0.31888852 -0.33798045 -0.63497686
v -0.32223433 -0.35056362 -0.63576818
v -0.32547966 -0.36319238 -0.63667554
v -0.32856819 -0.37589124 -0.63776356
v -0.33061308 -0.38903636 -0.64004779
v -0.33265948 -0.40219140 -0.64233375
v -0.33469149 -0.41536328 -0.64463979
v -0.33670115 -0.42855549 -0.64697492
v -0.33831862 -0.44192857 -0.64976400
v -0.33889580 -0.45576829 -0.65375257
v -0.33949113 -0.46961871 -0.65772647
v -0.34011403 -0.48347539 -0.66167462
v -0.34073779 -0.49735022 -0.66562808
v -0.33995026 -0.51187408 -0.67121398
v -0.33863577 -0.52666098 -0.67741644
v -0.33508521 -0.54248810 -0.68620944
v -0.32523721 -0.56122136 -0.70229077
v -0.13478762 0.64871287 -0.47595635
v -0.17518094 0.64475596 -0.43678930
v -0.21199280 0.64017296 -0.40141648
v -0.24074955 0.63393188 -0.37465957
v -0.26842591 0.62756234 -0.34902728
v -0.29549870 0.62116671 -0.32400835
v -0.31543118 0.61322308 -0.30665252
v -0.33451638 0.60515714 -0.29018581
v -0.35349181 0.59713751 -0.27381387
v -0.36838466 0.58821309 -0.26182997
v -0.37986362 0.57851630 -0.25352049
v -0.39135352 0.56882936 -0.24529399
v -0.40253764 0.55916286 -0.23717278
v -0.41218191 0.54911906 -0.23081565
v -0.42015016 0.53868228 -0.22626702
v -0.42803818 0.52824521 -0.22179888
v -0.43591362 0.51782477 -0.21733780
v -0.44310677 0.50724769 -0.21361189
v -0.44935855 0.49644163 -0.21090446
v -0.45564786 0.48565742 -0.20815226
v -0.46193102 0.47488376 -0.20540278
v -0.46781209 0.46401459 -0.20308757
v -0.47366139 0.45314708 -0.20080359
v -0.47991154 0.44239911 -0.19807874
v -0.48778832 0.43211117 -0.19357274
v -0.49872145 0.42269236 -0.18571864
v -0.54772931 0.42397842 -0.13619547
v -0.57375383 0.41898853 -0.11176418
v -0.58809483 0.41077656 -0.10009865
v -0.60195059 0.40247712 -0.08894803
v -0.61270767 0.39332888 -0.08118132
v -0.61997151 0.38319370 -0.07723914
v -0.62722492 0.37307310 -0.07330262
v -0.63447428 0.36296895 -0.06936485
v -0.64140570 0.35278711 -0.06577106
v -0.64540470 0.34173486 -0.06540165
v -0.64924091 0.33063462 -0.06521120
v -0.65307677 0.31953517 -0.06502075
v -0.65691245 0.30843648 -0.06483033
v -0.65977961 0.29703626 -0.06570944
v -0.66092592 0.28509051 -0.06849210
v -0.66206127 0.27312872 -0.07129106
v -0.66318256 0.26114979 -0.07410969
v -0.66430509 0.24915856 -0.07693123
v -0.66210455 0.23607555 -0.08344135
v -0.65941954 0.22280462 -0.09049874
v -0.65657896 0.20945047 -0.09773927
v -0.65028018 0.19491456 -0.10883348
v -0.63666749 0.17788008 -0.12807751
v -0.47297645 0.11014085 -0.31436813
v -0.46594211 0.09478813 -0.32646805
v -0.45886230 0.07936491 -0.33863667
v -0.45135310 0.06373832 -0.35130250
v -0.44136250 0.04719212 -0.36675695
v -0.43080539 0.03037734 -0.38286743
v -0.42014867 0.01345410 -0.39911336
v -0.40484264 -0.00519380 -0.42058489
v -0.38484111 -0.02561862 -0.44734550
v -0.36700353 -0.04538627 -0.47172186
v -0.34572601 -0.06651288 -0.49999183
v -0.28791058 -0.10111426 -0.56930274
v -0.27040079 -0.12120753 -0.59345782
v -0.24184872 -0.14550130 -0.63005823
v -0.23806982 -0.16072333 -0.63885355
v -0.23396333 -0.17610869 -0.64803094
v -0.23512593 -0.18954378 -0.65128744
v -0.23974091 -0.20167948 -0.65065742
v -0.24435104 -0.21381414 -0.65003186
v -0.25000721 -0.22554226 -0.64822465
v -0.25650761 -0.23693411 -0.64546090
v -0.26290777 -0.24835242 -0.64280635
v -0.26930234 -0.25976074 -0.64015418
v -0.27449617 -0.27163261 -0.63885736
v -0.27922708 -0.28368321 -0.63808322
v -0.28379670 -0.29579499 -0.63749081
v -0.28836545 -0.30790439 -0.63689858
v -0.29267082 -0.32011819 -0.63660443
v -0.29601941 -0.33272231 -0.63739741
v -0.29932672 -0.34534717 -0.63823855
v -0.30256251 -0.35800555 -0.63916230
v -0.30579928 -0.37066785 -0.64008647
v -0.30860168 -0.38351679 -0.64150715
v -0.31064349 -0.39669380 -0.64379793
v -0.31265327 -0.40989512 -0.64612871
v -0.31465808 -0.42310938 -0.64846873
v -0.31666443 -0.43633386 -0.65081060
v -0.31797555 -0.44987053 -0.65395170
v -0.31857175 -0.46373349 -0.65791649
v -0.31918204 -0.47760880 -0.66187119
v -0.31979311 -0.49150217 -0.66583103
v -0.31642586 -0.50718027 -0.67436409
v -0.30687964 -0.52565825 -0.69000906
v -0.08477797 0.64984775 -0.50726408
v -0.13631213 0.64815295 -0.45634955
v -0.17354161 0.64352673 -0.42068383
v -0.21032035 0.63895649 -0.38544980
v -0.23896313 0.63270831 -0.35889220
v -0.26671612 0.62637442 -0.33325145
v -0.29386434 0.62001413 -0.30822328
v -0.31338841 0.61199278 -0.29135486
v -0.33245865 0.60393906 -0.27495030
v -0.35025159 0.59565496 -0.25989699
v -0.36436662 0.58655655 -0.24878429
v -0.37566826 0.57682693 -0.24068853
v -0.38693759 0.56712520 -0.23261595
v -0.39817467 0.55745113 -0.22456641
v -0.40777659 0.54740566 -0.21827190
v -0.41600120 0.53704172 -0.21345742
v -0.42421177 0.52669561 -0.20865117
v -0.43240824 0.51636726 -0.20385316
v -0.44000894 0.50590605 -0.19969375
v -0.44658387 0.49519572 -0.19664066
v -0.45286849 0.48442242 -0.19389808
v -0.45914698 0.47365975 -0.19115819
v -0.46504375 0.46280688 -0.18882912
v -0.47129461 0.45206016 -0.18611161
v -0.47753939 0.44132388 -0.18339673
v -0.48629358 0.43129092 -0.17794478
v -0.49946037 0.42250842 -0.16767545
v -0.53336203 0.41958389 -0.13477509
v -0.56313878 0.41564006 -0.10632894
v -0.57742769 0.40740654 -0.09475886
v -0.59165657 0.39920750 -0.08323730
v -0.60227245 0.39001203 -0.07565127
v -0.60962498 0.37989593 -0.07162652
v -0.61696672 0.36979467 -0.06760769
v -0.62429768 0.35970828 -0.06359475
v -0.63045025 0.34928650 -0.06086878
v -0.63452333 0.33824819 -0.06042202
v -0.63859564 0.32721168 -0.05997533
v -0.64266735 0.31617701 -0.05952872
v -0.64670831 0.30513474 -0.05911537
v -0.64876050 0.29347342 -0.06089132
v -0.64987463 0.28150880 -0.06370370
v -0.65098983 0.26953182 -0.06651898
v -0.65210629 0.25754252 -0.06933717
v -0.65242279 0.24528274 -0.07304303
v -0.64967155 0.23201005 -0.08014516
v -0.64680237 0.21866661 -0.08738831
v -0.64392561 0.20528787 -0.09465063
v -0.63335788 0.18932103 -0.11044333
v -0.61805642 0.17169796 -0.13150720
v -0.46909285 0.10890027 -0.30088839
v -0.46205732 0.09355740 -0.31294861
v -0.45497483 0.07814359 -0.32507908
v -0.44688997 0.06232892 -0.33834216
v -0.43685609 0.04577685 -0.35379377
v -0.42629343 0.02896932 -0.36985728
v -0.41529468 0.01193484 -0.38643080
v -0.39976156 -0.00678491 -0.40808597
v -0.38119134 -0.02668945 -0.43316320
v -0.36200839 -0.04692926 -0.45896241
v -0.34037179 -0.06817685 -0.48754275
v -0.28190532 -0.10300536 -0.55736285
v -0.23973949 -0.13215908 -0.60904086
v -0.22154462 -0.15267272 -0.63394296
v -0.21763039 -0.16797552 -0.64287263
v -0.21335453 -0.18345508 -0.65222150
v -0.21608087 -0.19633043 -0.65372241
v -0.22070312 -0.20849106 -0.65309530
v -0.22532441 -0.22064918 -0.65246826
v -0.23135391 -0.23226111 -0.65025568
v -0.23778038 -0.24370867 -0.64759272
v -0.24420117 -0.25514615 -0.64493203
v -0.25061634 -0.26657355 -0.64227372
v -0.25532171 -0.27866614 -0.64154130
v -0.25990358 -0.29080456 -0.64094722
v -0.26448455 -0.30294061 -0.64035326
v -0.26906461 -0.31507429 -0.63975942
v -0.27305925 -0.32744324 -0.63982755
v -0.27631488 -0.34011501 -0.64073306
v -0.27955362 -0.35279796 -0.64165914
v -0.28279334 -0.36548474 -0.64258546
v -0.28603408 -0.37817550 -0.64351213
v -0.28853577 -0.39118072 -0.64528000
v -0.29053414 -0.40440691 -0.64762312
v -0.29211915 -0.41781965 -0.65044028
v -0.29214239 -0.43191367 -0.65504074
v -0.29184857 -0.44616559 -0.66000974
v -0.28873274 -0.46166292 -0.66820580
v -0.28517812 -0.47738975 -0.67691535
v -0.08869264 0.64977688 -0.48502326
v -0.13471065 0.64691365 -0.44014138
v -0.17190611 0.64230031 -0.40461618
v -0.20865181 0.63774282 -0.36952049
v -0.23718081 0.63148773 -0.34316102
v -0.26491004 0.62516636 -0.31761944
v -0.29218447 0.61885297 -0.29252815
v -0.31127113 0.61074674 -0.27617544
v -0.32845518 0.60226583 -0.26183960
v -0.34555262 0.59382766 -0.24757598
v -0.36001268 0.58482069 -0.23612432
v -0.37131321 0.57509995 -0.22805199
v -0.38258141 0.56540698 -0.22000274
v -0.39374661 0.55572420 -0.21205266
v -0.40337694 0.54569435 -0.20574430
v -0.41160005 0.53533864 -0.20094362
v -0.41980907 0.52500063 -0.19615118
v -0.42800409 0.51468033 -0.19136693
v -0.43566316 0.50424266 -0.18715468
v -0.44245848 0.49359822 -0.18387006
v -0.44924575 0.48296624 -0.18058929
v -0.45602512 0.47234684 -0.17731237
v -0.46268725 0.46171051 -0.17415772
v -0.46893275 0.45097551 -0.17145015
v -0.47517219 0.44025090 -0.16874520
v -0.48514858 0.43056804 -0.16197878
v -0.49986473 0.42223278 -0.15005252
v -0.52632153 0.41724271 -0.12534247
v -0.55325258 0.41249728 -0.10008032
v -0.56754202 0.40425903 -0.08854717
v -0.58179814 0.39606288 -0.07703338
v -0.59160340 0.38662699 -0.07035663
v -0.59925395 0.37659067 -0.06602153
v -0.60676795 0.36653352 -0.06182935
v -0.61411029 0.35644418 -0.05781853
v -0.61947966 0.34578106 -0.05595974
v -0.62355644 0.33473542 -0.05551308
v -0.62763882 0.32369351 -0.05505957
v -0.63175154 0.31266302 -0.05457211
v -0.63586360 0.30163443 -0.05408473
v -0.63716024 0.28972891 -0.05668731
v -0.63837910 0.27778712 -0.05937922
v -0.63959914 0.26583353 -0.06207379
v -0.64082038 0.25386813 -0.06477102
v -0.63971364 0.24114040 -0.07003546
v -0.63678992 0.22779879 -0.07730979
v -0.63385838 0.21442166 -0.08460350
v -0.62924773 0.20045778 -0.09376092
v -0.61393327 0.18314613 -0.11450581
v -0.47169343 0.12275309 -0.27604395
v -0.46521530 0.10766163 -0.28742957
v -0.45817861 0.09232859 -0.29945019
v -0.45109344 0.07692417 -0.31154257
v -0.44243276 0.06092142 -0.32539919
v -0.43235570 0.04436347 -0.34084773
v -0.42178747 0.02756319 -0.35686445
v -0.41044652 0.01041742 -0.37376356
v -0.39468619 -0.00837424 -0.39560109
v -0.37610456 -0.02827438 -0.42061028
v -0.35667437 -0.04859453 -0.44660166
v -0.33502319 -0.06983906 -0.47510675
v -0.21076898 -0.14248621 -0.62258029
v -0.20114970 -0.15987626 -0.63784504
v -0.19696918 -0.17530873 -0.64705449
v -0.18804595 -0.19256395 -0.66158223
v -0.19132611 -0.20527354 -0.66247284
v -0.19458039 -0.21799706 -0.66339374
v -0.19853730 -0.23045565 -0.66352856
v -0.20573096 -0.24166639 -0.66003245
v -0.21291634 -0.25286421 -0.65654045
v -0.21972384 -0.26419359 -0.65346771
v -0.22524567 -0.27601472 -0.65183580
v -0.22996309 -0.28814688 -0.65110666
v -0.23467937 -0.30027613 -0.65037763
v -0.23956040 -0.31272706 -0.64961076
v -0.24326244 -0.32486761 -0.64987427
v -0.24583000 -0.33786249 -0.65156776
v -0.24836200 -0.35087973 -0.65330386
v -0.25089550 -0.36390445 -0.65504098
v -0.25278533 -0.37720400 -0.65750891
v -0.25411978 -0.39074665 -0.66060925
v -0.09258985 0.64970624 -0.46287969
v -0.13310340 0.64567506 -0.42398167
v -0.17027448 0.64107680 -0.38858622
v -0.20698714 0.63653201 -0.35362828
v -0.23540255 0.63026983 -0.32746580
v -0.26310810 0.62396115 -0.30202308
v -0.28940353 0.61744004 -0.27804926
v -0.30657429 0.60890228 -0.26378971
v -0.32376003 0.60043114 -0.24949360
v -0.34085917 0.59200251 -0.23526952
v -0.35566449 0.58308709 -0.22348094
v -0.36696386 0.57337511 -0.21543196
v -0.37823090 0.56369096 -0.20740601
v -0.38919413 0.55396736 -0.19969445
v -0.39898297 0.54398537 -0.19323280
v -0.40720454 0.53363776 -0.18844593
v -0.41541204 0.52330780 -0.18366724
v -0.42357785 0.51298845 -0.17892656
v -0.43132305 0.50258136 -0.17463195
v -0.43811643 0.49194485 -0.17135683
v -0.44490191 0.48132083 -0.16808556
v -0.45177004 0.47073337 -0.16472027
v -0.45866808 0.46016896 -0.16131783
v -0.46540236 0.44957539 -0.15808739
v -0.47219759 0.43901289 -0.15478636
v -0.48232466 0.42938346 -0.14787401
v -0.49497166 0.42048553 -0.13822201
v -0.51879960 0.41476658 -0.11643575
v -0.54272169 0.40917185 -0.09451561
v -0.55799669 0.40120834 -0.08195054
v -0.57193077 0.39291540 -0.07082380
v -0.58087391 0.38322410 -0.06510676
v -0.58853787 0.37318414 -0.06077309
v -0.59618962 0.36316010 -0.05644629
v -0.60384756 0.35315737 -0.05210641
v -0.60853255 0.34228235 -0.05100181
v -0.61265051 0.33124083 -0.05051430
v -0.61676776 0.32020128 -0.05002687
v -0.62088424 0.30916372 -0.04953954
v -0.62415659 0.29786679 -0.04997456
v -0.62536949 0.28592470 -0.05266413
v -0.62658352 0.27397081 -0.05535635
v -0.62773925 0.26198623 -0.05811654
v -0.62889373 0.24998876 -0.06088209
v -0.62615401 0.23672388 -0.06792616
v -0.62320864 0.22336029 -0.07520647
v -0.61985177 0.20982897 -0.08294995
v -0.60927808 0.19388294 -0.09864375
v -0.47390568 0.13640501 -0.25174874
v -0.46815419 0.12161749 -0.26227856
v -0.46134374 0.10642489 -0.27399155
v -0.45430595 0.09110168 -0.28597274
v -0.44699976 0.07563192 -0.29826817
v -0.43798158 0.05951579 -0.31247354
v -0.42786121 0.04295196 -0.32791889
v -0.41728750 0.02615892 -0.34388891
v -0.40560418 0.00890182 -0.36111155
v -0.38961655 -0.00996177 -0.38313034
v -0.37102357 -0.02985751 -0.40807158
v -0.35152861 -0.05019230 -0.43405122
v -0.32968017 -0.07149953 -0.46268383
v -0.18928024 -0.15006030 -0.62765247
v -0.18055974 -0.16715042 -0.64187992
v -0.16376948 -0.18731406 -0.66511917
v -0.15830922 -0.20333236 -0.67576116
v -0.16116266 -0.21625802 -0.67714304
v -0.16361220 -0.22934373 -0.67897803
v -0.17056355 -0.24071354 -0.67578518
v -0.17699422 -0.25226936 -0.67316985
v -0.18328787 -0.26386631 -0.67070389
v -0.18930438 -0.27556011 -0.66854465
v -0.19404669 -0.28774521 -0.66781020
v -0.19807449 -0.30020985 -0.66787618
v -0.20193702 -0.31274065 -0.66812766
v -0.20579988 -0.32527253 -0.66837925
v -0.09082752 0.64841515 -0.44681227
v -0.13133699 0.64440387 -0.40803283
v -0.16864665 0.63985616 -0.37259385
v -0.20532636 0.63532406 -0.33777311
v -0.23362839 0.62905478 -0.31180656
v -0.26130915 0.62275839 -0.28646347
v -0.28499806 0.61565435 -0.26533270
v -0.30188298 0.60706007 -0.25141865
v -0.31907040 0.59859854 -0.23716223
v -0.33617130 0.59017956 -0.22297755
v -0.35132203 0.58135575 -0.21085408
v -0.36262020 0.57165259 -0.20282845
v -0.37388608 0.56197721 -0.19482571
v -0.38464725 0.55221272 -0.18735139
v -0.39459461 0.54227853 -0.18073739
v -0.40281466 0.53193903 -0.17596428
v -0.41102067 0.52161717 -0.17119932
v -0.41913819 0.51129389 -0.16652243
v -0.42698854 0.50092226 -0.16212556
v -0.43378013 0.49029365 -0.15885992
v -0.44056371 0.47967756 -0.15559810
v -0.44759437 0.46914169 -0.15206566
v -0.45453522 0.45859754 -0.14862484
v -0.46126726 0.44801220 -0.14540400
v -0.46837538 0.43754405 -0.14177296
v -0.47823790 0.42785150 -0.13516439
v -0.49008393 0.41874018 -0.12640433
v -0.51027805 0.41201004 -0.10861006
v -0.53247088 0.40592527 -0.08862834
v -0.54859352 0.39819795 -0.07518689
v -0.56226385 0.38982531 -0.06438165
v -0.57036299 0.37988424 -0.05959871
v -0.57813406 0.36986867 -0.05516456
v -0.58589250 0.35986936 -0.05073762
v -0.59338456 0.34981075 -0.04659355
v -0.59754694 0.33877179 -0.04606279
v -0.60170847 0.32773501 -0.04553213
v -0.60586917 0.31670040 -0.04500158
v -0.61000240 0.30565968 -0.04450024
v -0.61234826 0.29406747 -0.04594664
v -0.61349422 0.28209388 -0.04870426
v -0.61464137 0.27010822 -0.05146467
v -0.61578971 0.25811037 -0.05422788
v -0.61552072 0.24564679 -0.05854484
v -0.61238277 0.23223910 -0.06600747
v -0.60899007 0.21871476 -0.07375995
v -0.60475200 0.20487851 -0.08245043
v -0.47037408 0.13526106 -0.23804067
v -0.46440142 0.12041034 -0.24877715
v -0.45747814 0.10519007 -0.26057434
v -0.45043930 0.08987668 -0.27251619
v -0.44255954 0.07422093 -0.28540134
v -0.43353632 0.05811205 -0.29956517
v -0.42337272 0.04154232 -0.31500718
v -0.41247848 0.02464631 -0.33127815
v -0.40076771 0.00738804 -0.34847480
v -0.38455260 -0.01154751 -0.37067357
v -0.36594829 -0.03143885 -0.39554706
v -0.34653640 -0.05173509 -0.42135116
v -0.32434279 -0.07315825 -0.45027396
v -0.16768654 -0.15767136 -0.63274944
v -0.04137657 0.64974940 -0.47697622
v -0.08900055 0.64711219 -0.43085444
v -0.12957463 0.64313555 -0.39212060
v -0.16698797 0.63863075 -0.35667565
v -0.20366946 0.63411885 -0.32195488
v -0.23185827 0.62784237 -0.29618299
v -0.25671396 0.62091935 -0.27390844
v -0.28040546 0.61382645 -0.25283724
v -0.29719728 0.60522008 -0.23906228
v -0.31438634 0.59676814 -0.22484542
v -0.33148891 0.58835870 -0.21070006
v -0.34698525 0.57962668 -0.19824375
v -0.35828218 0.56993228 -0.19024137
v -0.36954695 0.56026566 -0.18226182
v -0.38010591 0.55046016 -0.17502344
v -0.39021191 0.54057384 -0.16825803
v -0.39843044 0.53024250 -0.16349865
v -0.40663493 0.51992869 -0.15874739
v -0.41470417 0.50960141 -0.15413396
v -0.42265975 0.49926534 -0.14963548
v -0.42944944 0.48864463 -0.14637929
v -0.43623111 0.47803634 -0.14312692
v -0.44342440 0.46755219 -0.13942832
v -0.45040810 0.45702827 -0.13594937
v -0.45713788 0.44645116 -0.13273813
v -0.46455893 0.43607739 -0.12877910
v -0.47415686 0.42632169 -0.12247255
v -0.48547214 0.41707203 -0.11430806
v -0.50441694 0.40999988 -0.09791228
v -0.52391750 0.40315872 -0.08089353
v -0.53868461 0.39504299 -0.06895674
v -0.55254316 0.38671947 -0.05798347
v -0.56052005 0.37673795 -0.05334910
v -0.56787920 0.36659649 -0.04937587
v -0.57566005 0.35659742 -0.04494056
v -0.58235490 0.34629515 -0.04167465
v -0.58652121 0.33524892 -0.04114401
v -0.59068674 0.32420486 -0.04061346
v -0.59488630 0.31317356 -0.04004513
v -0.59910667 0.30215126 -0.03945340
v -0.60046065 0.29024336 -0.04197592
v -0.60158616 0.27825266 -0.04475078
v -0.60271275 0.26624969 -0.04752847
v -0.60384047 0.25423446 -0.05030900
v -0.60162002 0.24113594 -0.05674321
v -0.59825891 0.22764054 -0.06443116
v -0.59483999 0.21409141 -0.07219349
v -0.58237517 0.19754687 -0.08984920
v -0.47374159 0.14921367 -0.21266535
v -0.46684843 0.13411903 -0.22435547
v -0.46054453 0.11916825 -0.23541769
v -0.45361853 0.10395716 -0.24717790
v -0.44657862 0.08865358 -0.25908047
v -0.43812525 0.07281181 -0.27255166
v -0.42909700 0.05671017 -0.28667402
v -0.41889015 0.04013456 -0.30211255
v -0.40765521 0.02312852 -0.31870466
v -0.39593703 0.00587609 -0.33585328
v -0.37944984 -0.01314726 -0.35827979
v -0.36087874 -0.03301841 -0.38303664
v -0.34155005 -0.05327607 -0.40866596
v -0.31901103 -0.07481523 -0.43787712
v -0.04319733 0.64920855 -0.45708305
v -0.08717772 0.64581215 -0.41493276
v -0.12781630 0.64187008 -0.37624478
v -0.16519779 0.63737816 -0.34093723
v -0.20201640 0.63291651 -0.30617341
v -0.22825322 0.62621731 -0.28253767
v -0.25212443 0.61908257 -0.26136881
v -0.27581847 0.61200082 -0.24035706
v -0.29299280 0.60349303 -0.22621694
v -0.30970779 0.59493983 -0.21254316
v -0.32681209 0.58654004 -0.19843706
v -0.34265405 0.57789981 -0.18564987
v -0.35394984 0.56821424 -0.17767070
v -0.36509874 0.55852830 -0.16983615
v -0.37557015 0.54870981 -0.16271059
v -0.38583484 0.53887147 -0.15579468
v -0.39405182 0.52854812 -0.15104902
v -0.40223014 0.51823616 -0.14633770
v -0.41027573 0.50791115 -0.14176114
v -0.41830802 0.49760315 -0.13719213
v -0.42512438 0.48699772 -0.13391490
v -0.43202856 0.47643018 -0.13053904
v -0.43926013 0.46596485 -0.12680821
v -0.44628665 0.45546117 -0.12329143
v -0.45300618 0.44490802 -0.12009934
v -0.46074823 0.43461296 -0.11580472
v -0.47008154 0.42479402 -0.10979845
v -0.48160365 0.41561115 -0.10143439
v -0.49953890 0.40826586 -0.08617055
v -0.51477981 0.40022662 -0.07378026
v -0.52917540 0.39200181 -0.06228118
v -0.54247504 0.38351333 -0.05194493
v -0.55069214 0.37359577 -0.04706815
v -0.55823886 0.36350393 -0.04290679
v -0.56559730 0.35337535 -0.03894244
v -0.57133508 0.34278220 -0.03672177
v -0.57556224 0.33174577 -0.03612981
v -0.57978845 0.32071176 -0.03553797
v -0.58401370 0.30968013 -0.03494627
v -0.58748263 0.29841867 -0.03517249
v -0.58860189 0.28642794 -0.03794485
v -0.58972222 0.27442497 -0.04072004
v -0.59075177 0.26238081 -0.04359785
v -0.59108859 0.25010371 -0.04723209
v -0.58771312 0.23662290 -0.05490553
v -0.58399820 0.22299778 -0.06295930
v -0.57857233 0.20878032 -0.07288682
v -0.47026211 0.14807615 -0.19899879
v -0.46332863 0.13297890 -0.21069306
v -0.45669359 0.11792809 -0.22207883
v -0.44976491 0.10272615 -0.23380212
v -0.44268528 0.08741925 -0.24570778
v -0.43369681 0.07140456 -0.25971907
v -0.42466363 0.05531018 -0.27380010
v -0.41441354 0.03872865 -0.28923506
v -0.40283775 0.02161256 -0.30614626
v -0.39109445 0.00435971 -0.32326639
v -0.37427464 -0.01477295 -0.34598556
v -0.35581493 -0.03459617 -0.37054038
v -0.33656952 -0.05481525 -0.39599562
v -0.31399968 -0.07635639 -0.42514688
v -0.28389484 -0.10078166 -0.46263918
v 0.01041073 0.64979392 -0.49122807
v -0.04141569 0.64789820 -0.44103435
v -0.08535902 0.64451510 -0.39904720
v -0.12606201 0.64060760 -0.36040533
v -0.16341169 0.63612843 -0.32523462
v -0.19952647 0.63152879 -0.29131329
v -0.22366688 0.62437153 -0.26995364
v -0.24754055 0.61724806 -0.24884459
v -0.27123711 0.61017746 -0.22789212
v -0.28883818 0.60177869 -0.21334261
v -0.30503479 0.59311384 -0.20025544
v -0.32214072 0.58472347 -0.18618850
v -0.33832854 0.57617521 -0.17307246
v -0.34962317 0.56649846 -0.16511643
v -0.36056915 0.55677181 -0.15751827
v -0.37103993 0.54696155 -0.15041280
v -0.38146338 0.53717119 -0.14334734
v -0.38967884 0.52685595 -0.13861533
v -0.39780870 0.51654005 -0.13396740
v -0.40585288 0.50622296 -0.12940393
v -0.41388375 0.49592289 -0.12484799
v -0.42080492 0.48535296 -0.12146673
v -0.42787206 0.47483677 -0.11792509
v -0.43510151 0.46437967 -0.11420531
v -0.44217089 0.45389625 -0.11065093
v -0.44921362 0.44342160 -0.10711987
v -0.45694324 0.43315071 -0.10284983
v -0.46604660 0.42327806 -0.09710492
v -0.47774085 0.41415241 -0.08857971
v -0.49247625 0.40591899 -0.07678607
v -0.50563675 0.39729276 -0.06666273
v -0.52072263 0.38926211 -0.05446019
v -0.53245538 0.38032088 -0.04583787
v -0.54062718 0.37038448 -0.04102669
v -0.54859060 0.36040884 -0.03643239
v -0.55595911 0.35027832 -0.03247113
v -0.56097519 0.33946541 -0.03103561
v -0.56495547 0.32834810 -0.03071346
v -0.56892306 0.31722838 -0.03040458
v -0.57312667 0.30618209 -0.02984066
v -0.57560855 0.29460892 -0.03113418
v -0.57663649 0.28257921 -0.03399997
v -0.57764918 0.27053174 -0.03688641
v -0.57866293 0.25847146 -0.03977592
v -0.57717037 0.24560264 -0.04538267
v -0.57315838 0.23190255 -0.05372679
v -0.56896710 0.21810660 -0.06227748
v -0.55106121 0.19981781 -0.08571895
v -0.47451708 0.16223387 -0.17285474
v -0.46678847 0.14694051 -0.18535516
v -0.45975110 0.13181956 -0.19712248
v -0.45284855 0.11668983 -0.20876051
v -0.44591719 0.10149704 -0.22044702
v -0.43826774 0.08600672 -0.23293330
v -0.42927432 0.06999919 -0.24690358
v -0.42023614 0.05391205 -0.26094335
v -0.40968916 0.03723652 -0.27665162
v -0.39802608 0.02009841 -0.29360288
v -0.38593623 0.00273192 -0.31104606
v -0.36910501 -0.01639690 -0.33370453
v -0.35075679 -0.03617217 -0.35805818
v -0.33159479 -0.05635263 -0.38334009
v -0.30901319 -0.07788884 -0.41241062
v -0.29507712 -0.09640504 -0.43203387
v 0.00626198 0.64972228 -0.46887180
v -0.03963812 0.64659083 -0.42502224
v -0.08354445 0.64322096 -0.38319761
v -0.12431170 0.63934797 -0.34460205
v -0.16162965 0.63488156 -0.30956766
v -0.19502109 0.62969130 -0.27860275
v -0.21908619 0.62252802 -0.25738508
v -0.24296227 0.61541581 -0.23633571
v -0.26666132 0.60835630 -0.21544242
v -0.28468922 0.60006660 -0.20048596
v -0.30069557 0.59136724 -0.18763660
v -0.31747490 0.58290905 -0.17395435
v -0.33400869 0.57445288 -0.16051143
v -0.34530210 0.56478494 -0.15257852
v -0.35604510 0.55501747 -0.14521544
v -0.36651525 0.54521543 -0.13813004
v -0.37695870 0.53543848 -0.13106273
v -0.38531142 0.52516586 -0.12619758
v -0.39339289 0.51484615 -0.12161272
v -0.40143558 0.50453693 -0.11706231
v -0.40946507 0.49424475 -0.11251940
v -0.41649112 0.48371035 -0.10903475
v -0.42372125 0.47324556 -0.10532834
v -0.43094856 0.46279663 -0.10161956
v -0.43806079 0.45233348 -0.09802786
v -0.44541717 0.44195271 -0.09417114
v -0.45314395 0.43169066 -0.08991434
v -0.46219212 0.42181247 -0.08424298
v -0.47359088 0.41261429 -0.07605635
v -0.48508242 0.40347913 -0.06775878
v -0.49802151 0.39479145 -0.05790305
v -0.51226699 0.38652146 -0.04663657
v -0.52311200 0.37732294 -0.03899118
v -0.53076708 0.36723244 -0.03474933
v -0.53878081 0.35726619 -0.03011724
v -0.54631299 0.34717879 -0.02599449
v -0.55066222 0.33616230 -0.02528047
v -0.55476034 0.32507369 -0.02483491
v -0.55873060 0.31394839 -0.02452620
v -0.56270033 0.30282432 -0.02421754
v -0.56393468 0.29086047 -0.02685161
v -0.56485724 0.27878797 -0.02982517
v -0.56578082 0.26670226 -0.03280198
v -0.56653225 0.25434917 -0.03575095
v -0.56273848 0.24093837 -0.04404490
v -0.55878252 0.22723922 -0.05230797
v -0.55255824 0.21277127 -0.06303448
v -0.48550609 0.17850019 -0.13956006
v -0.47069630 0.16097398 -0.15965825
v -0.46327272 0.14579099 -0.17178629
v -0.45591465 0.13057415 -0.18386118
v -0.44900942 0.11545347 -0.19546267
v -0.44207546 0.10026983 -0.20711249
v -0.43385607 0.08459607 -0.22017576
v -0.42485771 0.06859569 -0.23410514
v -0.41581458 0.05251579 -0.24810375
v -0.40489057 0.03571845 -0.26417068
v -0.39322016 0.01858607 -0.28107452
v -0.38078350 0.00110588 -0.29883882
v -0.36394092 -0.01801910 -0.32143673
v -0.34570444 -0.03774638 -0.34559008
v -0.32662591 -0.05788821 -0.37069932
v -0.30458724 -0.07921857 -0.39908278
v -0.29171383 -0.09733682 -0.41747880
v 0.11249604 -0.25929254 -0.86446828
v 0.12921844 -0.27737758 -0.89009017
v 0.00660483 0.64870018 -0.45127571
v -0.03786459 0.64528644 -0.40904665
v -0.08173397 0.64192975 -0.36738387
v -0.12256540 0.63809121 -0.32883483
v -0.15917243 0.63348687 -0.29464614
v -0.19052140 0.62785619 -0.26590821
v -0.21463934 0.62071580 -0.24469775
v -0.23838958 0.61358571 -0.22384216
v -0.26209113 0.60653734 -0.20300788
v -0.28054598 0.59835696 -0.18764704
v -0.29655084 0.58966744 -0.17483594
v -0.31281456 0.58109683 -0.16173461
v -0.32969448 0.57273281 -0.14796680
v -0.34098670 0.56307358 -0.14005692
v -0.35152659 0.55326527 -0.13292769
v -0.36199611 0.54347146 -0.12586230
v -0.37243897 0.53370267 -0.11881493
v -0.38092804 0.52347255 -0.11381848
v -0.38898259 0.51315427 -0.10927361
v -0.39702389 0.50285298 -0.10473624
v -0.40505195 0.49256867 -0.10020632
v -0.41234115 0.48211130 -0.09645150
v -0.41957611 0.47165650 -0.09274873
v -0.42680129 0.46121576 -0.08905095
v -0.43395635 0.45077288 -0.08542219
v -0.44162643 0.44048604 -0.08124183
v -0.44935033 0.43023276 -0.07699823
v -0.45759800 0.42014328 -0.07219198
v -0.46731827 0.41048560 -0.06581300
v -0.47768936 0.40103954 -0.05873231
v -0.49074015 0.39238471 -0.04878786
v -0.50377500 0.38377035 -0.03884609
v -0.51364386 0.37428883 -0.03226586
v -0.52161145 0.36428481 -0.02770516
v -0.52908033 0.35415536 -0.02367043
v -0.53617555 0.34393391 -0.02002908
v -0.54033798 0.33285561 -0.01951906
v -0.54449958 0.32177934 -0.01900913
v -0.54852748 0.31066498 -0.01864171
v -0.55197924 0.29937643 -0.01889126
v -0.55272943 0.28725591 -0.02203882
v -0.55357039 0.27514914 -0.02509367
v -0.55448848 0.26305252 -0.02807008
v -0.55342519 0.25031838 -0.03318069
v -0.54889286 0.23645993 -0.04203049
v -0.54478890 0.22269797 -0.05043217
v -0.52666891 0.20438027 -0.07394584
v -0.47783300 0.17597963 -0.13060895
v -0.46551040 0.15926740 -0.14796117
v -0.45807919 0.14408827 -0.16005763
v -0.45072961 0.12888072 -0.17208374
v -0.44398111 0.11381906 -0.18347761
v -0.43715030 0.09867726 -0.19497724
v -0.42874208 0.08294676 -0.20820200
v -0.42011288 0.06707975 -0.22168571
v -0.41139892 0.05112138 -0.23528124
v -0.40009770 0.03420219 -0.25170463
v -0.38841999 0.01707555 -0.26856118
v -0.37563634 -0.00051842 -0.28664470
v -0.35878238 -0.01963955 -0.30918208
v -0.34067556 -0.03931244 -0.33311656
v -0.32166281 -0.05942201 -0.35807332
v -0.30122909 -0.08016189 -0.38461608
v -0.28910235 -0.09799489 -0.40213612
v 0.10620375 -0.25664237 -0.83800256
v 0.11851180 -0.27567637 -0.85608357
v 0.13033901 -0.29461533 -0.87366563
v 0.16069254 -0.32058147 -0.91154450
v 0.05848329 0.64976972 -0.48311228
v 0.00834428 0.64738369 -0.43518066
v -0.03607542 0.64398080 -0.39312780
v -0.07992760 0.64064145 -0.35160586
v -0.12082309 0.63683724 -0.31310359
v -0.15467553 0.63164127 -0.28188518
v -0.18602738 0.62602335 -0.25322977
v -0.21068324 0.61901581 -0.23152044
v -0.23382249 0.61175793 -0.21136388
v -0.25752649 0.60472059 -0.19058852
v -0.27640846 0.59664965 -0.17482580
v -0.29241183 0.58797002 -0.16205284
v -0.30834198 0.57933009 -0.14933829
v -0.32518491 0.57096660 -0.13564909
v -0.33651787 0.56132585 -0.12771837
v -0.34701356 0.55151522 -0.12065494
v -0.35748249 0.54172963 -0.11360954
v -0.36792472 0.53196901 -0.10658209
v -0.37652478 0.52177501 -0.10148191
v -0.38457787 0.51146460 -0.09695007
v -0.39261770 0.50117117 -0.09242568
v -0.40051699 0.49086168 -0.08804298
v -0.40778908 0.48040766 -0.08431544
v -0.41482744 0.46990865 -0.08082916
v -0.42185691 0.45942307 -0.07734731
v -0.42894584 0.44896916 -0.07379757
v -0.43631989 0.43860868 -0.06994117
v -0.44365880 0.42825598 -0.06611641
v -0.45138875 0.41802856 -0.06187189
v -0.46104905 0.40835807 -0.05557511
v -0.47116038 0.39884278 -0.04879073
v -0.48345971 0.38997826 -0.03967387
v -0.49597335 0.38121632 -0.03031625
v -0.50416881 0.37125251 -0.02553558
v -0.51241601 0.36132541 -0.02069290
v -0.51992816 0.35120499 -0.01662588
v -0.52614087 0.34071916 -0.01393723
v -0.53013140 0.32958367 -0.01361400
v -0.53416735 0.31846333 -0.01324172
v -0.53831375 0.30737811 -0.01275107
v -0.54081148 0.29579204 -0.01402119
v -0.54155582 0.28366083 -0.01716816
v -0.54230100 0.27151552 -0.02031879
v -0.54317951 0.25939745 -0.02333122
v -0.53999257 0.24598527 -0.03070458
v -0.53543311 0.23210374 -0.03956057
v -0.52972376 0.21781382 -0.04966361
v -0.46978167 0.17333621 -0.12206466
v -0.46032959 0.15756249 -0.13627577
v -0.45240110 0.14222579 -0.14886785
v -0.44535875 0.12712552 -0.16052395
v -0.43860242 0.11206733 -0.17188884
v -0.43139550 0.09680488 -0.18375647
v -0.42279649 0.08101494 -0.19714431
v -0.41415617 0.06514908 -0.21059652
v -0.40535301 0.04916502 -0.22424456
v -0.39451838 0.03241277 -0.24011047
v -0.38362747 0.01556036 -0.25609276
v -0.37049466 -0.00214098 -0.27446359
v -0.35362938 -0.02125827 -0.29694062
v -0.33568293 -0.04086584 -0.32062411
v -0.31670552 -0.06095401 -0.34546208
v -0.29787692 -0.08110354 -0.37017509
v -0.27203265 -0.10392637 -0.40255415
v 0.09974567 -0.25393307 -0.81145918
v 0.11236845 -0.27304399 -0.82981408
v 0.12453076 -0.29206890 -0.84769434
v 0.13608247 -0.31094825 -0.86493516
v 0.14720875 -0.32974738 -0.88173729
v 0.05483757 0.64956665 -0.46134210
v 0.01007974 0.64607024 -0.41912249
v -0.03428360 0.64267671 -0.37725204
v -0.07811792 0.63935441 -0.33587116
v -0.11851030 0.63546002 -0.29800448
v -0.15018432 0.62979794 -0.26914039
v -0.18153903 0.62419283 -0.24056725
v -0.20673293 0.61731833 -0.21836232
v -0.22929806 0.60994089 -0.19886231
v -0.25296745 0.60290611 -0.17818430
v -0.27227664 0.59494472 -0.16202217
v -0.28827846 0.58627492 -0.14928731
v -0.30420718 0.57764477 -0.13661061
v -0.32053715 0.56916803 -0.12349663
v -0.33201104 0.55956972 -0.11544064
v -0.34250611 0.54976732 -0.10839721
v -0.35297439 0.53998989 -0.10137173
v -0.36324862 0.53019559 -0.09453949
v -0.37146837 0.51991326 -0.08985148
v -0.37911329 0.50950557 -0.08575985
v -0.38674682 0.49911335 -0.08167430
v -0.39436904 0.48873663 -0.07759484
v -0.40180296 0.47832900 -0.07370744
v -0.40884286 0.46783474 -0.07022903
v -0.41587386 0.45735386 -0.06675503
v -0.42300633 0.44691595 -0.06316913
v -0.43046394 0.43658257 -0.05923518
v -0.43780440 0.42623487 -0.05541923
v -0.44558683 0.41602656 -0.05113104
v -0.45478311 0.40623161 -0.04534266
v -0.46486491 0.39671180 -0.03860941
v -0.47616127 0.38756678 -0.03058114
v -0.48728678 0.37840939 -0.02272230
v -0.49505210 0.36831924 -0.01841310
v -0.50294548 0.35828590 -0.01396187
v -0.51077032 0.34825277 -0.00957698
v -0.51621455 0.33753619 -0.00771410
v -0.52030247 0.32642403 -0.00729011
v -0.52425969 0.31527460 -0.00700453
v -0.52821642 0.30412632 -0.00671898
v -0.52971053 0.29222777 -0.00905624
v -0.53042889 0.28007990 -0.01222382
v -0.53114808 0.26791781 -0.01539511
v -0.53112590 0.25550947 -0.01936246
v -0.52663106 0.24167433 -0.02811360
v -0.52212167 0.22779442 -0.03689306
v -0.50764227 0.21068530 -0.05635177
v -0.48080677 0.18950428 -0.08906768
v -0.46256799 0.17096485 -0.11262074
v -0.45501295 0.15581316 -0.12475325
v -0.44672951 0.14036544 -0.13768511
v -0.43999290 0.12537198 -0.14897497
v -0.43306857 0.11026365 -0.16048308
v -0.42546535 0.09487334 -0.17273813
v -0.41685528 0.07908452 -0.18609470
v -0.40820765 0.06322114 -0.19951130
v -0.39900613 0.04710485 -0.21354456
v -0.38815677 0.03035172 -0.22937566
v -0.37724608 0.01350382 -0.24529628
v -0.36450079 -0.00406377 -0.26322192
v -0.34848192 -0.02287524 -0.28471231
v -0.33069599 -0.04241746 -0.30814591
v -0.31175399 -0.06248422 -0.33286551
v -0.29453069 -0.08204351 -0.35575980
v 0.09601094 -0.23783477 -0.78339732
v 0.10255218 -0.25462714 -0.79507005
v 0.10833614 -0.27119392 -0.80593795
v 0.11853679 -0.28945529 -0.82162064
v 0.13040833 -0.30841604 -0.83914340
v 0.14180826 -0.32728061 -0.85617900
v 0.15310089 -0.34618405 -0.87312305
v 0.17985624 -0.37107930 -0.90694249
v 0.11130068 0.64981717 -0.49751690
v 0.05651101 0.64824665 -0.44513619
v 0.01181124 0.64475977 -0.40310094
v -0.03249583 0.64137554 -0.36141220
v -0.07629372 0.63806629 -0.32019109
v -0.11402212 0.63360602 -0.28519264
v -0.14569879 0.62795687 -0.25641173
v -0.17705636 0.62236458 -0.22792071
v -0.20278835 0.61562335 -0.20522332
v -0.22535083 0.60825711 -0.18578301
v -0.24841394 0.60109383 -0.16579519
v -0.26815048 0.59324211 -0.14923617
v -0.28415078 0.58458221 -0.13653928
v -0.30007803 0.57596171 -0.12390033
v -0.31593272 0.56738061 -0.11131898
v -0.32750973 0.55781567 -0.10317793
v -0.33743182 0.54788101 -0.09675135
v -0.34729737 0.53796118 -0.09037455
v -0.35714009 0.52806443 -0.08401255
v -0.36531702 0.51777554 -0.07938252
v -0.37296429 0.50737250 -0.07529988
v -0.38060018 0.49698496 -0.07122333
v -0.38822466 0.48661283 -0.06715284
v -0.39575914 0.47623551 -0.06317092
v -0.40286219 0.46576217 -0.05963577
v -0.40989470 0.45528594 -0.05616963
v -0.41707072 0.44486409 -0.05254775
v -0.42461208 0.43455788 -0.04853663
v -0.43195406 0.42421514 -0.04472947
v -0.43978906 0.41402599 -0.04039785
v -0.44852048 0.40410629 -0.03511565
v -0.45857275 0.39458188 -0.02843336
v -0.46903428 0.38520390 -0.02130959
v -0.47838444 0.37554064 -0.01534898
v -0.48625293 0.36547735 -0.01094516
v -0.49383867 0.35535192 -0.00683387
v -0.50160676 0.34529868 -0.00252372
v -0.50627905 0.33435023 -0.00148521
v -0.51041108 0.32324558 -0.00101753
v -0.51442426 0.31210735 -0.00067524
v -0.51831365 0.30093321 -0.00046383
v -0.51887792 0.28874516 -0.00378303
v -0.51954478 0.27657345 -0.00699798
v -0.52025807 0.26440141 -0.01016827
v -0.51839787 0.25141051 -0.01608183
v -0.51343846 0.23741637 -0.02530453
v -0.50882149 0.22348851 -0.03417573
v -0.48990038 0.20494448 -0.05831554
v -0.47279266 0.18687387 -0.08055513
v -0.45740509 0.16925953 -0.10098989
v -0.44929084 0.15393113 -0.11368039
v -0.44137645 0.13861009 -0.12617564
v -0.43461978 0.12361598 -0.13744995
v -0.42744619 0.10843027 -0.14918736
v -0.41953951 0.09294320 -0.16172780
v -0.41091838 0.07715551 -0.17505312
v -0.40230766 0.06130970 -0.18838678
v -0.39266300 0.04504590 -0.20285085
v -0.38179892 0.02829187 -0.21864712
v -0.37080726 0.01141996 -0.23460397
v -0.35668671 -0.00662749 -0.25395322
v -0.34277031 -0.02469246 -0.27311099
v -0.32571474 -0.04396730 -0.29568201
v -0.30680823 -0.06401265 -0.32028362
v -0.29203254 -0.08267690 -0.34046072
v 0.09920028 -0.23868451 -0.76750314
v 0.10572793 -0.25545743 -0.77912033
v 0.11157994 -0.27203485 -0.79002351
v 0.11734158 -0.28862953 -0.80084479
v 0.12469409 -0.30587080 -0.81340653
v 0.13615049 -0.32471889 -0.83043838
v 0.14753649 -0.34361997 -0.84741908
v 0.15889052 -0.36258829 -0.86439019
v 0.17055048 -0.38175392 -0.88171923
v 0.10688861 0.64974529 -0.47494063
v 0.05818059 0.64692980 -0.42896762
v 0.01353878 0.64345229 -0.38711601
v -0.03071210 0.64007729 -0.34560812
v -0.07447363 0.63678110 -0.30454615
v -0.10972728 0.63179564 -0.27220359
v -0.14121893 0.62611818 -0.24369919
v -0.17257930 0.62053865 -0.21529011
v -0.19884951 0.61393082 -0.19210340
v -0.22140929 0.60657573 -0.17272265
v -0.24386597 0.59928370 -0.15342118
v -0.26402998 0.59154183 -0.13646768
v -0.28002876 0.58289170 -0.12380868
v -0.29595453 0.57428104 -0.11120744
v -0.31009120 0.56529588 -0.10044581
v -0.32142618 0.55567753 -0.09257989
v -0.33131880 0.54574013 -0.08620248
v -0.34118849 0.53582591 -0.07983986
v -0.35103527 0.52593452 -0.07349198
v -0.35915419 0.51563531 -0.06893544
v -0.36681890 0.50524074 -0.06484608
v -0.37445712 0.49485779 -0.06077850
v -0.38208398 0.48449033 -0.05671698
v -0.38961381 0.47411576 -0.05275098
v -0.39688540 0.46369091 -0.04904939
v -0.40391940 0.45321944 -0.04559108
v -0.41113907 0.44281361 -0.04193341
v -0.41872519 0.43252394 -0.03788648
v -0.42610782 0.42219689 -0.03404715
v -0.43399546 0.41202688 -0.02967232
v -0.44240439 0.40202203 -0.02474369
v -0.45228380 0.39245310 -0.01826257
v -0.46200833 0.38286978 -0.01193495
v -0.46947756 0.37267038 -0.00797193
v -0.47737256 0.36261189 -0.00355482
v -0.48504382 0.35250846 0.00063287
v -0.49227169 0.34229416 0.00435897
v -0.49634799 0.33116540 0.00476390
v -0.50046915 0.32005185 0.00521678
v -0.50458020 0.30893734 0.00565967
v -0.50753856 0.29747579 0.00488379
v -0.50809652 0.28527796 0.00156579
v -0.50865513 0.27306509 -0.00175629
v -0.50935394 0.26088044 -0.00493464
v -0.50565070 0.24730536 -0.01278760
v -0.50066459 0.23329005 -0.02201401
v -0.49396777 0.21868926 -0.03307130
v -0.47513789 0.20015645 -0.05704467
v -0.46357247 0.18385470 -0.07332369
v -0.45190302 0.16744408 -0.08973719
v -0.44357321 0.15205057 -0.10261620
v -0.43602839 0.13685639 -0.11467692
v -0.42901096 0.12178166 -0.12619247
v -0.42182848 0.10659844 -0.13790111
v -0.41361797 0.09101446 -0.15072547
v -0.40500528 0.07523451 -0.16399875
v -0.39641204 0.05939971 -0.17727059
v -0.38632351 0.04298814 -0.19216336
v -0.37544480 0.02623323 -0.20792489
v -0.36420715 0.00927965 -0.22409454
v -0.34887305 -0.00919109 -0.24468496
v -0.33493048 -0.02726431 -0.26381087
v -0.32073918 -0.04551538 -0.28323233
v -0.30186826 -0.06553931 -0.30771640
v -0.28970680 -0.08324845 -0.32501370
v 0.10239054 -0.23953518 -0.75164706
v 0.10889757 -0.25628614 -0.76320130
v 0.11488127 -0.27289772 -0.77420795
v 0.12057416 -0.28945255 -0.78491694
v 0.12636131 -0.30609280 -0.79574353
v 0.13207890 -0.32275751 -0.80651098
v 0.14189517 -0.34102890 -0.82172960
v 0.15326715 -0.35996625 -0.83865541
v 0.16477714 -0.37903613 -0.85575593
v 0.17646635 -0.39825580 -0.87307620
v 0.20090209 -0.42252603 -0.90425617
v 0.10517856 0.64911360 -0.45521346
v 0.05984632 0.64561582 -0.41283625
v 0.01526240 0.64214778 -0.37116748
v -0.02893239 0.63878202 -0.32983971
v -0.07025329 0.63497472 -0.29140741
v -0.10553314 0.63000870 -0.25913426
v -0.13674475 0.62428182 -0.23100272
v -0.16810790 0.61871511 -0.20267542
v -0.19491638 0.61224067 -0.17900254
v -0.21747348 0.60489678 -0.15968114
v -0.23987487 0.59760362 -0.14049315
v -0.25991514 0.58984381 -0.12371672
v -0.27475634 0.58093023 -0.11229042
v -0.28887212 0.57189476 -0.10159821
v -0.30293325 0.56289428 -0.09094741
v -0.31531283 0.55353242 -0.08202325
v -0.32520953 0.54360062 -0.07566004
v -0.33508325 0.53369176 -0.06931156
v -0.34508240 0.52372897 -0.06300806
v -0.35290617 0.51347375 -0.05858674
v -0.36067715 0.50311011 -0.05439842
v -0.36831766 0.49273184 -0.05033981
v -0.37594685 0.48236901 -0.04628724
v -0.38347206 0.47199726 -0.04233714
v -0.39091247 0.46162102 -0.03846985
v -0.39794800 0.45115423 -0.03501938
v -0.40521136 0.44076449 -0.03132612
v -0.41279939 0.43047974 -0.02728841
v -0.42026561 0.42017999 -0.02337223
v -0.42820594 0.41002914 -0.01895443
v -0.43661714 0.40002972 -0.01403728
v -0.44599807 0.39032540 -0.00809703
v -0.45350897 0.38011783 -0.00410895
v -0.46081510 0.36986992 -0.00033000
v -0.46847051 0.35974002 0.00382107
v -0.47624484 0.34966367 0.00810312
v -0.48246014 0.33914974 0.01075207
v -0.48657912 0.32802826 0.01119895
v -0.49063373 0.31688964 0.01157871
v -0.49468777 0.30575261 0.01195841
v -0.49674988 0.29401398 0.01023810
v -0.49730155 0.28180638 0.00692132
v -0.49785390 0.26958373 0.00360045
v -0.49787369 0.25718063 -0.00028801
v -0.49311787 0.24326691 -0.00923284
v -0.48836118 0.22931172 -0.01819153
v -0.47879305 0.21378787 -0.03225920
v -0.46496147 0.19683528 -0.05086608
v -0.45328912 0.18049279 -0.06720984
v -0.44619998 0.16556339 -0.07871257
v -0.43786004 0.15017150 -0.09156067
v -0.43056786 0.13506560 -0.10331375
v -0.42340681 0.11994888 -0.11494439
v -0.41621548 0.10476813 -0.12662430
v -0.40770072 0.08908713 -0.13973114
v -0.39912486 0.07332457 -0.15292226
v -0.39052087 0.05749113 -0.16616273
v -0.37998778 0.04093159 -0.18148215
v -0.36901608 0.02414862 -0.19729266
v -0.35744223 0.00708165 -0.21377012
v -0.34105974 -0.01175457 -0.23541714
v -0.32709104 -0.02983604 -0.25451124
v -0.31238529 -0.04826965 -0.27442312
v -0.29704237 -0.06725343 -0.29485208
v -0.28738603 -0.08381878 -0.30959988
v 0.10817423 -0.24133168 -0.73861307
v 0.11207027 -0.25711662 -0.74732268
v 0.11817641 -0.27375898 -0.75842226
v 0.12381613 -0.29027981 -0.76903617
v 0.12958783 -0.30689982 -0.77980793
v 0.13528502 -0.32354224 -0.79051518
v 0.14100495 -0.34024358 -0.80126292
v 0.14764236 -0.35734603 -0.81301695
v 0.15908419 -0.37635177 -0.82997870
v 0.17066656 -0.39549178 -0.84711742
v 0.18238504 -0.41476554 -0.86442894
v 0.19491114 -0.43443769 -0.88264048
v 0.10680006 0.64778912 -0.43895295
v 0.06150822 0.64430499 -0.39674202
v 0.01698207 0.64084619 -0.35525528
v -0.02715670 0.63748962 -0.31410679
v -0.06564993 0.63308591 -0.27868509
v -0.10134476 0.62822419 -0.24608292
v -0.13250044 0.62249768 -0.21809226
v -0.16364211 0.61689377 -0.19007657
v -0.19098896 0.61055303 -0.16592066
v -0.21354334 0.60322028 -0.14665852
v -0.23594216 0.59593815 -0.12752928
v -0.25340897 0.58758670 -0.11345148
v -0.26757520 0.57851774 -0.10275484
v -0.28170335 0.56948799 -0.09208230
v -0.29577681 0.56049317 -0.08145109
v -0.30920318 0.55138868 -0.07147302
v -0.31910393 0.54146236 -0.06512398
v -0.32898176 0.53155905 -0.05878966
v -0.33870357 0.52164531 -0.05260779
v -0.34666157 0.51131344 -0.04824370
v -0.35453895 0.50098079 -0.04395689
v -0.36218181 0.49060717 -0.03990726
v -0.36981282 0.48024949 -0.03586373
v -0.37733391 0.46988001 -0.03192938
v -0.38484365 0.45952603 -0.02800081
v -0.39198044 0.44909036 -0.02445452
v -0.39928758 0.43871671 -0.02072586
v -0.40687746 0.42843691 -0.01669736
v -0.41442746 0.41816449 -0.01270471
v -0.42242056 0.40803286 -0.00824417
v -0.43083400 0.39803880 -0.00333849
v -0.43779916 0.38765970 0.00006149
v -0.44500670 0.37736496 0.00371975
v -0.45221859 0.36708817 0.00738778
v -0.45977098 0.35692641 0.01141745
v -0.46744171 0.34681752 0.01557687
v -0.47264010 0.33600265 0.01715073
v -0.47677332 0.32488000 0.01760950
v -0.48085895 0.31374532 0.01801894
v -0.48491541 0.30260375 0.01839836
v -0.48603478 0.29057425 0.01569065
v -0.48656109 0.27835125 0.01235511
v -0.48710561 0.26611847 0.00903393
v -0.48587343 0.25331932 0.00383610
v -0.48095465 0.23934379 -0.00525606
v -0.47607756 0.22533946 -0.01431744
v -0.46621665 0.20969816 -0.02846490
v -0.45461470 0.19345956 -0.04485103
v -0.44574505 0.17801385 -0.05818251
v -0.43902555 0.16320482 -0.06925818
v -0.43215135 0.14829388 -0.08051380
v -0.42497718 0.13323191 -0.09210362
v -0.41780737 0.11811764 -0.10370573
v -0.41040078 0.10287029 -0.11557601
v -0.40182284 0.08717300 -0.12870756
v -0.39324892 0.07141606 -0.14185403
v -0.38450268 0.05553904 -0.15520294
v -0.37365574 0.03887624 -0.17080715
v -0.36243889 0.02201241 -0.18682824
v -0.34937897 0.00442988 -0.20483725
v -0.33324677 -0.01431792 -0.22614975
v -0.31918705 -0.03243065 -0.24528126
v -0.30389675 -0.05107195 -0.26575536
v -0.29244682 -0.06842867 -0.28215408
v -0.27396658 -0.08840645 -0.30609789
v 0.11675046 -0.24414614 -0.72858793
v 0.11839088 -0.25910276 -0.73485363
v 0.12146534 -0.27461860 -0.74266613
v 0.12710541 -0.29112536 -0.75324291
v 0.13280821 -0.30770528 -0.76390272
v 0.13853326 -0.32434365 -0.77460200
v 0.14417078 -0.34099910 -0.78522307
v 0.14994478 -0.35775670 -0.79600662
v 0.15574729 -0.37457603 -0.80683696
v 0.16495748 -0.39276552 -0.82135576
v 0.17656384 -0.41195723 -0.83848035
v 0.18851651 -0.43136558 -0.85600418
v 0.20152329 -0.45127279 -0.87469238
v 0.22847760 -0.47680977 -0.90848452
v 0.10841781 0.64646769 -0.42273003
v 0.06316631 0.64299715 -0.38068476
v 0.01869786 0.63954771 -0.33937925
v -0.02450122 0.63600922 -0.29931149
v -0.06105224 0.63119948 -0.26597843
v -0.09706053 0.62647510 -0.23323518
v -0.12831725 0.62072837 -0.20514250
v -0.15918194 0.61507475 -0.17749359
v -0.18706723 0.60886788 -0.15285775
v -0.20961888 0.60154623 -0.13365470
v -0.22963618 0.59372300 -0.11702440
v -0.24806726 0.58560288 -0.10199890
v -0.26039562 0.57610589 -0.09322137
v -0.27453613 0.56708175 -0.08256847
v -0.28862196 0.55809253 -0.07195682
v -0.30265334 0.54913813 -0.06138618
v -0.31300208 0.53932548 -0.05459435
v -0.32288399 0.52942765 -0.04827414
v -0.33245960 0.51948166 -0.04226094
v -0.34042037 0.50915438 -0.03790634
v -0.34836844 0.49884355 -0.03355870
v -0.35604960 0.48848376 -0.02948083
v -0.36367652 0.47812837 -0.02545327
v -0.37119937 0.46776399 -0.02152770
v -0.37871134 0.45741457 -0.01760780
v -0.38601673 0.44702783 -0.01389650
v -0.39336771 0.43667030 -0.01013262
v -0.40095949 0.42639542 -0.00611333
v -0.40854004 0.41613579 -0.00210001
v -0.41618010 0.40591094 0.00198098
v -0.42269927 0.39539203 0.00490154
v -0.42921141 0.38488454 0.00781893
v -0.43650150 0.37461114 0.01155115
v -0.44370621 0.36433038 0.01519968
v -0.45117906 0.35414374 0.01913320
v -0.45861626 0.34396476 0.02303517
v -0.46281150 0.33285275 0.02355494
v -0.46694738 0.32172558 0.02401337
v -0.47107580 0.31059831 0.02446467
v -0.47487640 0.29937458 0.02457328
v -0.47534713 0.28714260 0.02119236
v -0.47581849 0.27489522 0.01780719
v -0.47634909 0.26265049 0.01447930
v -0.47391313 0.24947017 0.00803094
v -0.46896997 0.23547629 -0.00106187
v -0.46438470 0.22155313 -0.00979148
v -0.45593375 0.20636232 -0.02260253
v -0.44498256 0.19031236 -0.03806574
v -0.43827540 0.17555889 -0.04907775
v -0.43137747 0.16069242 -0.06030701
v -0.42484868 0.14589466 -0.07116289
v -0.41901982 0.13127729 -0.08129515
v -0.41221258 0.11628792 -0.09247644
v -0.40450600 0.10094563 -0.10462542
v -0.39596200 0.08526457 -0.11767872
v -0.38737726 0.06950896 -0.13079405
v -0.37818891 0.05348579 -0.14456862
v -0.36723703 0.03679096 -0.16023432
v -0.35586500 0.01987728 -0.17636906
v -0.34131524 0.00177794 -0.19590382
v -0.32543421 -0.01688115 -0.21688285
v -0.30981383 -0.03554594 -0.23761515
v -0.29540664 -0.05387477 -0.25708595
v -0.28584141 -0.07055470 -0.27142528
v 0.12445159 -0.23231067 -0.71314257
v 0.12532647 -0.24696052 -0.71856308
v 0.12697564 -0.26191986 -0.72481847
v 0.12856047 -0.27688482 -0.73101431
v 0.13058369 -0.29204193 -0.73768812
v 0.13604839 -0.30851892 -0.74805558
v 0.14177532 -0.32514355 -0.75871915
v 0.14739116 -0.34177616 -0.76927924
v 0.15310441 -0.35849583 -0.77995956
v 0.15889849 -0.37529698 -0.79074234
v 0.16497818 -0.39225948 -0.80184788
v 0.17120506 -0.40933180 -0.81312817
v 0.18246903 -0.42843252 -0.82984459
v 0.19507711 -0.44814280 -0.84803301
v 0.20814012 -0.46811989 -0.86673862
v 0.22217911 -0.48857573 -0.88652438
v 0.16418517 0.64694262 -0.45744097
v 0.11005224 0.64514506 -0.40656540
v 0.06482058 0.64169228 -0.36466432
v 0.02040973 0.63825202 -0.32353926
v -0.01990479 0.63411111 -0.28652519
v -0.05646020 0.62931532 -0.25328737
v -0.09259077 0.62457532 -0.22043581
v -0.12413978 0.61896139 -0.19221038
v -0.15498739 0.61331660 -0.16466105
v -0.18315119 0.60718513 -0.13981380
v -0.20331800 0.59932685 -0.12310407
v -0.22315282 0.59146696 -0.10671031
v -0.24273041 0.58362079 -0.09055672
v -0.25417668 0.57392168 -0.08270772
v -0.26737052 0.56467605 -0.07305672
v -0.28146866 0.55569249 -0.06246462
v -0.29551232 0.54674363 -0.05191347
v -0.30690393 0.53718978 -0.04407110
v -0.31678987 0.52729744 -0.03776500
v -0.32621902 0.51731914 -0.03191980
v -0.33418265 0.50699645 -0.02757466
v -0.34213349 0.49669018 -0.02323646
v -0.34992096 0.48636156 -0.01906054
v -0.35754329 0.47600901 -0.01504900
v -0.36506838 0.46564916 -0.01113209
v -0.37258261 0.45530432 -0.00722085
v -0.38005689 0.44496664 -0.00334530
v -0.38745177 0.43462524 0.00045359
v -0.39504543 0.42435530 0.00446369
v -0.40128821 0.41373307 0.00708028
v -0.40776458 0.40318748 0.00994266
v -0.41428930 0.39266846 0.01285934
v -0.42080697 0.38216081 0.01577287
v -0.42790076 0.37183005 0.01928903
v -0.43520507 0.36157569 0.02302910
v -0.44258383 0.35135996 0.02685190
v -0.44862375 0.34077227 0.02928647
v -0.45277822 0.32964259 0.02976036
v -0.45701560 0.31853968 0.03032137
v -0.46125069 0.30743858 0.03088080
v -0.46418229 0.29594833 0.03008020
v -0.46464661 0.28370681 0.02670071
v -0.46511149 0.27144989 0.02331696
v -0.46557930 0.25917822 0.01993137
v -0.46215096 0.24568224 0.01246162
v -0.45776883 0.23185351 0.00398170
v -0.45337287 0.21798119 -0.00452496
v -0.44550973 0.20296864 -0.01668195
v -0.43752837 0.18786192 -0.02898069
v -0.43040529 0.17297484 -0.04039538
v -0.42326656 0.15802968 -0.05184301
v -0.41744590 0.14346269 -0.06192020
v -0.41160366 0.12884174 -0.07203470
v -0.40573978 0.11416654 -0.08218674
v -0.39866018 0.09903731 -0.09363568
v -0.39010546 0.08335756 -0.10665806
v -0.38151005 0.06760328 -0.11974233
v -0.37187880 0.05143373 -0.13394052
v -0.36068261 0.03465886 -0.14981459
v -0.34929439 0.01774321 -0.16591509
v -0.33325106 -0.00087415 -0.18696988
v -0.31762201 -0.01944426 -0.20761633
v -0.30043560 -0.03866289 -0.22994496
v -0.28691491 -0.05667811 -0.24841492
v -0.27923957 -0.07267960 -0.26070216
v 0.13321635 -0.23519377 -0.70333582
v 0.13405462 -0.24983034 -0.70870054
v 0.13556018 -0.26473686 -0.71478349
v 0.13713650 -0.27969813 -0.72095084
v 0.13899130 -0.29479200 -0.72742414
v 0.14102842 -0.30998459 -0.73410153
v 0.14501125 -0.32594186 -0.74286640
v 0.15062726 -0.34256008 -0.75338930
v 0.15626256 -0.35923532 -0.76394832
v 0.16205187 -0.37601966 -0.77468783
v 0.16806333 -0.39294073 -0.78568107
v 0.17424051 -0.40997833 -0.79686809
v 0.18048939 -0.42709699 -0.80814856
v 0.18875933 -0.44506654 -0.82161498
v 0.20164232 -0.46493182 -0.84005642
v 0.21476170 -0.48497897 -0.85877919
v 0.23051721 -0.50617534 -0.88036549
v 0.16603182 0.64555454 -0.44138095
v 0.11209504 0.64373916 -0.39085519
v 0.06648631 0.64038718 -0.34869605
v 0.02211773 0.63695937 -0.30773523
v -0.01530554 0.63221341 -0.27376336
v -0.05187381 0.62743354 -0.24061193
v -0.08800894 0.62270737 -0.20785406
v -0.11996800 0.61719692 -0.17929591
v -0.15081522 0.61156458 -0.15182886
v -0.17699052 0.60499221 -0.12907970
v -0.19682339 0.59706330 -0.11276031
v -0.21667264 0.58921212 -0.09640127
v -0.23640443 0.58140725 -0.08013903
v -0.24884711 0.57194865 -0.07129584
v -0.26026317 0.56228447 -0.06348908
v -0.27431691 0.55329293 -0.05297451
v -0.28837287 0.54434967 -0.04244281
v -0.30080944 0.53505546 -0.03355424
v -0.31069949 0.52516860 -0.02726224
v -0.31998190 0.51515788 -0.02158433
v -0.32794830 0.50483972 -0.01724865
v -0.33590195 0.49453804 -0.01291990
v -0.34379593 0.48424065 -0.00864635
v -0.35141364 0.47389090 -0.00465079
v -0.35894096 0.46353558 -0.00074255
v -0.36645746 0.45319530 0.00316004
v -0.37396306 0.44286990 0.00705700
v -0.38047236 0.43229371 0.00993217
v -0.38661188 0.42163002 0.01242990
v -0.39274576 0.41097626 0.01492531
v -0.39901146 0.40037042 0.01756055
v -0.40587679 0.38994402 0.02081956
v -0.41239998 0.37943628 0.02372922
v -0.41927445 0.36904159 0.02700680
v -0.42663074 0.35879993 0.03078839
v -0.43398529 0.34857515 0.03457357
v -0.43862197 0.33757681 0.03554358
v -0.44277111 0.32643989 0.03600866
v -0.44696710 0.31531894 0.03652316
v -0.45120665 0.30421337 0.03708368
v -0.45337260 0.29248703 0.03548687
v -0.45385101 0.28024197 0.03213017
v -0.45430809 0.26797485 0.02874636
v -0.45476574 0.25569227 0.02535829
v -0.45105559 0.24210097 0.01761524
v -0.44670075 0.22827218 0.00918754
v -0.44233221 0.21440005 0.00073340
v -0.43665028 0.20007165 -0.00910680
v -0.42943695 0.18520762 -0.02056420
v -0.42219299 0.17028047 -0.03207023
v -0.41587797 0.15560158 -0.04261918
v -0.41004404 0.14103101 -0.05267867
v -0.40412569 0.12638579 -0.06284136
v -0.39794382 0.11160570 -0.07329559
v -0.39145064 0.09667269 -0.08409233
v -0.38425329 0.08145196 -0.09564561
v -0.37564722 0.06569903 -0.10869885
v -0.36547002 0.04934787 -0.12342642
v -0.35413143 0.03252782 -0.13940004
v -0.34272701 0.01561020 -0.15546630
v -0.32518640 -0.00352639 -0.17803541
v -0.30981019 -0.02200725 -0.19835030
v -0.29182011 -0.04150949 -0.22145888
v -0.27880621 -0.05934476 -0.23933525
v -0.27226105 -0.07493994 -0.25038728
v 0.14198150 -0.23807703 -0.69352865
v 0.14282747 -0.25271645 -0.69888484
v 0.14414452 -0.26755381 -0.70474881
v 0.14571229 -0.28251141 -0.71088767
v 0.14739813 -0.29754183 -0.71716106
v 0.14944431 -0.31273669 -0.72382694
v 0.15150912 -0.32797009 -0.73052245
v 0.15394464 -0.34337568 -0.73762268
v 0.15949270 -0.36000320 -0.74805135
v 0.16519918 -0.37674102 -0.75866443
v 0.17117758 -0.39363426 -0.76958346
v 0.17726998 -0.41062364 -0.78064036
v 0.18351814 -0.42772645 -0.79188007
v 0.18997729 -0.44496584 -0.80336219
v 0.19717744 -0.46255395 -0.81565470
v 0.20821212 -0.48173255 -0.83207422
v 0.22256143 -0.50232196 -0.85207242
v 0.23886614 -0.52379775 -0.87419868
v 0.16787438 0.64416963 -0.42535672
v 0.11413345 0.64233625 -0.37517878
v 0.06815202 0.63908428 -0.33276805
v 0.02585719 0.63523364 -0.29402417
v -0.01067359 0.63030982 -0.26105604
v -0.04729306 0.62555408 -0.22795203
v -0.08343270 0.62084168 -0.19528764
v -0.11580190 0.61543477 -0.16639903
v -0.14580652 0.60962492 -0.13986826
v -0.17151505 0.60295594 -0.11766065
v -0.19033194 0.59480095 -0.10242163
v -0.21019562 0.58695829 -0.08609725
v -0.22994179 0.57916212 -0.06986944
v -0.24352238 0.56997746 -0.05989429
v -0.25494087 0.56032044 -0.05210734
v -0.26716670 0.55089390 -0.04348644
v -0.28123498 0.54195625 -0.03297421
v -0.29471871 0.53292239 -0.02304377
v -0.30461279 0.52304101 -0.01676585
v -0.31374815 0.51299775 -0.01125453
v -0.32171738 0.50268412 -0.00692830
v -0.32967386 0.49238700 -0.00260898
v -0.33761761 0.48210627 0.00170345
v -0.34528759 0.47177401 0.00574133
v -0.35281718 0.46142331 0.00964093
v -0.35977310 0.45093831 0.01295723
v -0.36567831 0.44018763 0.01519887
v -0.37181765 0.42951030 0.01768442
v -0.37806138 0.41887283 0.02028086
v -0.38420027 0.40821847 0.02277308
v -0.39033347 0.39757401 0.02526298
v -0.39718735 0.38714218 0.02849936
v -0.40399045 0.37671089 0.03168798
v -0.41064477 0.36625206 0.03472757
v -0.41800857 0.35601035 0.03850446
v -0.42420468 0.34544894 0.04107952
v -0.42861086 0.33437836 0.04180651
v -0.43276277 0.32323653 0.04227126
v -0.43691400 0.31209663 0.04273593
v -0.44115168 0.30098468 0.04329098
v -0.44247356 0.28899863 0.04082152
v -0.44298199 0.27675465 0.03750394
v -0.44346040 0.26448610 0.03415044
v -0.44391149 0.25219363 0.03076366
v -0.43985522 0.23848692 0.02268204
v -0.43547979 0.22464292 0.01425644
v -0.43178254 0.21097349 0.00652540
v -0.42818937 0.19730118 -0.00110821
v -0.42124122 0.18251993 -0.01225392
v -0.41431600 0.16769421 -0.02339168
v -0.40849033 0.15317376 -0.03339652
v -0.40246436 0.13854115 -0.04362526
v -0.39636201 0.12383565 -0.05394875
v -0.38996166 0.10898298 -0.06459931
v -0.38345242 0.09404416 -0.07537936
v -0.37691745 0.07904627 -0.08620202
v -0.36978871 0.06379620 -0.09766359
v -0.35893816 0.04721987 -0.11305099
v -0.34758347 0.03039784 -0.12899064
v -0.33606020 0.01344262 -0.14513080
v -0.31712124 -0.00617880 -0.16910040
v -0.30199873 -0.02457012 -0.18908469
v -0.28335401 -0.04430312 -0.21281102
v -0.27222213 -0.06146750 -0.22864650
v -0.25625327 -0.08044393 -0.24961142
v 0.15165496 -0.24128881 -0.68468034
v 0.15160072 -0.25560266 -0.68906873
v 0.15272863 -0.27037069 -0.69471443
v 0.15428780 -0.28532454 -0.70082486
v 0.15581632 -0.30029589 -0.70691174
v 0.15785941 -0.31548855 -0.71355331
v 0.15994307 -0.33072791 -0.72024763
v 0.16224094 -0.34608012 -0.72717917
v 0.16476113 -0.36155006 -0.73435718
v 0.16837163 -0.37747297 -0.74270523
v 0.17428574 -0.39432642 -0.75351721
v 0.18037535 -0.41129950 -0.76453203
v 0.18654089 -0.42835465 -0.77564394
v 0.19289324 -0.44553623 -0.78697145
v 0.20001523 -0.46307725 -0.79913729
v 0.20727633 -0.48073167 -0.81146961
v 0.21478651 -0.49854505 -0.82408643
v 0.23084165 -0.51987511 -0.84586293
v 0.24722588 -0.54144311 -0.86802381
v 0.16971283 0.64278775 -0.40936813
v 0.11616747 0.64093643 -0.35953620
v 0.06981392 0.63778436 -0.31687638
v 0.03036873 0.63334382 -0.28111807
v -0.00604729 0.62840849 -0.24836421
v -0.04268379 0.62366939 -0.21534210
v -0.07886206 0.61897826 -0.18273658
v -0.11164147 0.61367506 -0.15351973
v -0.13922597 0.60733122 -0.12951484
v -0.16548210 0.60079324 -0.10682045
v -0.18430656 0.59264624 -0.09161928
v -0.20372176 0.58470565 -0.07579824
v -0.22348227 0.57691795 -0.05960483
v -0.23820245 0.56800801 -0.04850308
v -0.24962336 0.55835813 -0.04073589
v -0.26101172 0.54873574 -0.03299080
v -0.27409860 0.53956336 -0.02350768
v -0.28812486 0.53066576 -0.01305536
v -0.29852977 0.52091473 -0.00627581
v -0.30751789 0.51083881 -0.00093041
v -0.31548986 0.50052977 0.00338639
v -0.32344913 0.49023715 0.00769630
v -0.33139572 0.47996098 0.01199931
v -0.33916512 0.46965837 0.01612740
v -0.34512970 0.45890030 0.01841574
v -0.35104468 0.44813958 0.02065650
v -0.35695469 0.43738779 0.02289539
v -0.36287317 0.42664859 0.02514611
v -0.36943531 0.41609490 0.02806012
v -0.37565181 0.40545973 0.03062358
v -0.38179004 0.39481467 0.03311028
v -0.38840562 0.38431436 0.03609107
v -0.39536470 0.37392452 0.03942940
v -0.40210560 0.36348808 0.04254793
v -0.40934592 0.35311696 0.04633130
v -0.41365826 0.34210134 0.04681014
v -0.41790017 0.33097601 0.04736329
v -0.42240849 0.31993139 0.04819216
v -0.42689919 0.30888546 0.04900401
v -0.43105921 0.29774457 0.04947526
v -0.43156058 0.28550577 0.04616298
v -0.43206254 0.27325177 0.04284659
v -0.43256518 0.26098260 0.03952609
v -0.43308422 0.24875721 0.03616921
v -0.42900822 0.23498234 0.02813851
v -0.42541978 0.22137651 0.02055359
v -0.42182112 0.20773217 0.01294723
v -0.41821229 0.19404921 0.00531932
v -0.41304386 0.17983170 -0.00394201
v -0.40688029 0.16525018 -0.01425262
v -0.40080932 0.15065067 -0.02448164
v -0.39471534 0.13599586 -0.03474938
v -0.38847831 0.12124594 -0.04518123
v -0.38197872 0.10636003 -0.05590227
v -0.37545347 0.09141541 -0.06666563
v -0.36865270 0.07616867 -0.07742420
v -0.36186942 0.06119375 -0.08879734
v -0.35240954 0.04509291 -0.10268071
v -0.34103879 0.02826892 -0.11858643
v -0.32802984 0.01080205 -0.13623303
v -0.30905563 -0.00883136 -0.16016488
v -0.29320702 -0.02747782 -0.18084931
v -0.27488637 -0.04709727 -0.20416158
v -0.26564151 -0.06358911 -0.21796341
v 0.16714741 -0.23227552 -0.67752278
v 0.16425280 -0.24555813 -0.67890495
v 0.16173869 -0.25898582 -0.68069017
v 0.16131252 -0.27318746 -0.68468016
v 0.16286306 -0.28813761 -0.69076228
v 0.16440010 -0.30311155 -0.69683909
v 0.16627376 -0.31824017 -0.70328063
v 0.16837625 -0.33348545 -0.70997363
v 0.17053649 -0.34878439 -0.71673757
v 0.17306578 -0.36425620 -0.72390240
v 0.17560145 -0.37976450 -0.73108453
v 0.17838649 -0.39540336 -0.73854172
v 0.18347709 -0.41197500 -0.74845755
v 0.18958813 -0.42899352 -0.75947231
v 0.19582710 -0.44611496 -0.77063930
v 0.20290969 -0.46362427 -0.78272027
v 0.21010648 -0.48123682 -0.79494065
v 0.21739466 -0.49894440 -0.80727655
v 0.22630830 -0.51736820 -0.82136393
v 0.23913246 -0.53745079 -0.83964539
v 0.26011124 -0.56096005 -0.86666262
v 0.17154719 0.64140898 -0.39341512
v 0.11819711 0.63953960 -0.34392723
v 0.07172526 0.63643360 -0.30127507
v 0.03487458 0.63145638 -0.26822832
v -0.00142662 0.62650955 -0.23568782
v -0.03806795 0.62178439 -0.20275979
v -0.07428360 0.61711419 -0.17021428
v -0.10615412 0.61161971 -0.14200036
v -0.13264853 0.60503864 -0.11916632
v -0.15892549 0.59851164 -0.09651971
v -0.17884722 0.59062254 -0.08025670
v -0.19725107 0.58245403 -0.06550426
v -0.21702588 0.57467490 -0.04934523
v -0.23288736 0.56604034 -0.03712220
v -0.24431066 0.55639762 -0.02937473
v -0.25570145 0.54678237 -0.02164930
v -0.26705986 0.53719443 -0.01394583
v -0.28100228 0.52827895 -0.00361026
v -0.29245043 0.51878971 0.00420786
v -0.30129102 0.50868106 0.00938806
v -0.30926579 0.49837655 0.01369543
v -0.31722784 0.48808849 0.01799592
v -0.32465574 0.47768220 0.02175871
v -0.33013275 0.46678481 0.02353941
v -0.33639285 0.45610142 0.02612091
v -0.34231263 0.44533968 0.02835892
v -0.34822753 0.43458688 0.03059507
v -0.35413748 0.42384300 0.03282936
v -0.36049289 0.41323069 0.03552219
v -0.36705434 0.40268737 0.03842971
v -0.37324363 0.39205438 0.04096031
v -0.37961999 0.38148531 0.04368613
v -0.38658607 0.37109494 0.04702047
v -0.39354351 0.36071751 0.05035066
v -0.39886391 0.34988654 0.05200487
v -0.40309986 0.33874995 0.05254723
v -0.40733495 0.32761565 0.05308948
v -0.41166648 0.31651217 0.05373172
v -0.41617778 0.30546489 0.05455997
v -0.41985640 0.29417300 0.05453144
v -0.42046902 0.28195891 0.05134149
v -0.42095685 0.26969224 0.04801827
v -0.42144537 0.25741029 0.04469091
v -0.42193446 0.24511304 0.04135942
v -0.41862294 0.23162086 0.03409307
v -0.41505212 0.21801376 0.02654797
v -0.41147122 0.20436835 0.01898163
v -0.40788025 0.19068444 0.01139394
v -0.40478304 0.17712316 0.00430742
v -0.39916047 0.16271459 -0.00541008
v -0.39307490 0.14811023 -0.01562242
v -0.38696629 0.13345057 -0.02587343
v -0.38051069 0.11862855 -0.03650010
v -0.37399513 0.10373686 -0.04720451
v -0.36752683 0.08881085 -0.05787513
v -0.36109984 0.07384870 -0.06851816
v -0.35290235 0.05823562 -0.08102328
v -0.34431544 0.04243069 -0.09395294
v -0.33449736 0.02614104 -0.10818736
v -0.31999898 0.00816133 -0.12733473
v -0.30098951 -0.01148407 -0.15122883
v -0.28385803 -0.03058144 -0.17319162
v -0.26641712 -0.04989193 -0.19551052
v -0.25844795 -0.06592948 -0.20793222
v 0.17978495 -0.23654899 -0.67176431
v 0.17686796 -0.24983332 -0.67312169
v 0.17435583 -0.26327151 -0.67490649
v 0.17193556 -0.27675182 -0.67679042
v 0.17143802 -0.29095063 -0.68070006
v 0.17298362 -0.30592713 -0.68676674
v 0.17468730 -0.32099149 -0.69300890
v 0.17680869 -0.33624279 -0.69970065
v 0.17897816 -0.35154408 -0.70645291
v 0.18136929 -0.36696199 -0.71344912
v 0.18391450 -0.38247237 -0.72061849
v 0.18668538 -0.39810410 -0.72803688
v 0.18981530 -0.41391090 -0.73584628
v 0.19300161 -0.42977691 -0.74372685
v 0.19883712 -0.44672474 -0.75442684
v 0.20581236 -0.46417573 -0.76635152
v 0.21294516 -0.48174658 -0.77846092
v 0.22021709 -0.49943119 -0.79073602
v 0.22883746 -0.51771969 -0.80446261
v 0.23816298 -0.53636074 -0.81895959
v 0.24807763 -0.55531245 -0.83410519
v 0.27332091 -0.58065104 -0.86560398
v 0.17337748 0.64003330 -0.37749749
v 0.12022238 0.63814569 -0.32835177
v 0.07622816 0.63453442 -0.28830558
v 0.03937471 0.62957138 -0.25535485
v 0.00311480 0.62462878 -0.22295307
v -0.03345769 0.61990166 -0.19019267
v -0.06967833 0.61524516 -0.15773967
v -0.09955884 0.60931718 -0.13160850
v -0.12607417 0.60274714 -0.10882267
v -0.15237196 0.59623104 -0.08622377
v -0.17339261 0.58860058 -0.06890395
v -0.19157125 0.58038700 -0.05442198
v -0.21057265 0.57243294 -0.03909059
v -0.22757708 0.56407440 -0.02575161
v -0.23900276 0.55443889 -0.01802383
v -0.25039595 0.54483080 -0.01031805
v -0.26175681 0.53524995 -0.00263413
v -0.27388126 0.52589262 0.00583280
v -0.28637478 0.51666600 0.01468518
v -0.29506755 0.50652450 0.01970087
v -0.30304512 0.49622452 0.02399881
v -0.31019402 0.48573211 0.02746244
v -0.31567904 0.47482577 0.02924228
v -0.32116041 0.46392661 0.03102095
v -0.32722330 0.45318857 0.03339316
v -0.33357704 0.44253862 0.03606450
v -0.33949679 0.43178478 0.03829790
v -0.34541157 0.42103988 0.04052944
v -0.35154599 0.41036505 0.04298797
v -0.35811394 0.39982072 0.04589216
v -0.36467481 0.38928774 0.04879322
v -0.37093154 0.37861735 0.05124915
v -0.37780356 0.36826411 0.05461489
v -0.38369861 0.35758227 0.05684730
v -0.38785839 0.34641358 0.05730684
v -0.39238432 0.33535281 0.05814204
v -0.39676809 0.32425451 0.05883279
v -0.40100580 0.31311649 0.05937466
v -0.40542722 0.30203539 0.06010586
v -0.40836003 0.29051352 0.05930907
v -0.40901181 0.27830184 0.05616640
v -0.40966430 0.26607576 0.05302003
v -0.41019908 0.25379905 0.04974796
v -0.41068146 0.24149099 0.04641728
v -0.40792391 0.22816187 0.03974188
v -0.40433592 0.21454191 0.03220029
v -0.40101662 0.20097142 0.02492530
v -0.39802027 0.18746953 0.01797342
v -0.39501616 0.17393266 0.01100354
v -0.39144063 0.16017897 0.00343253
v -0.38534042 0.14556977 -0.00676315
v -0.37904829 0.13084999 -0.01717239
v -0.37255517 0.11601517 -0.02780495
v -0.36616293 0.10116399 -0.03834824
v -0.35974577 0.08625498 -0.04893255
v -0.35250080 0.07101732 -0.06039225
v -0.34393126 0.05527619 -0.07324576
v -0.33532131 0.03946078 -0.08615995
v -0.32667062 0.02357055 -0.09913522
v -0.31196770 0.00552045 -0.11843591
v -0.29292291 -0.01413694 -0.14229225
v -0.27450413 -0.03368670 -0.16552986
v -0.25867555 -0.05242884 -0.18609627
v -0.25117201 -0.06829927 -0.19799230
v 0.19243994 -0.24082834 -0.66599786
v 0.18950044 -0.25411439 -0.66733050
v 0.18699029 -0.26756305 -0.66911477
v 0.18485782 -0.28115860 -0.67129749
v 0.18340951 -0.29501694 -0.67420095
v 0.18208821 -0.30893627 -0.67724198
v 0.18312407 -0.32375157 -0.68276334
v 0.18524036 -0.33899990 -0.68942857
v 0.18741907 -0.35430351 -0.69616914
v 0.18967162 -0.36966741 -0.70299733
v 0.19222640 -0.38517985 -0.71015388
v 0.19504850 -0.40082973 -0.71760273
v 0.19807494 -0.41659462 -0.72527808
v 0.20127159 -0.43246281 -0.73314440
v 0.20447646 -0.44837183 -0.74103099
v 0.20870915 -0.46472612 -0.75001585
v 0.21584040 -0.48228022 -0.76208097
v 0.22303371 -0.49991700 -0.77422959
v 0.23139878 -0.51808560 -0.78763771
v 0.24066848 -0.53668636 -0.80202496
v 0.25004742 -0.55540091 -0.81654930
v 0.26380670 -0.57598901 -0.83574712
v 0.30350447 -0.60741717 -0.88254088
v 0.17520373 0.63866055 -0.36161515
v 0.12224333 0.63675487 -0.31280977
v 0.08072533 0.63263768 -0.27535263
v 0.04386916 0.62768871 -0.24249768
v 0.00761766 0.62275755 -0.21020123
v -0.02885300 0.61802119 -0.17764072
v -0.06413207 0.61316860 -0.14622703
v -0.09337264 0.60710663 -0.12081513
v -0.11950289 0.60045671 -0.09848387
v -0.14582147 0.59395146 -0.07593268
v -0.16794272 0.58658034 -0.05756103
v -0.18612793 0.57837570 -0.04311534
v -0.20421714 0.57021433 -0.02874591
v -0.22227161 0.56211036 -0.01439131
v -0.23369966 0.55248195 -0.00668320
v -0.24509528 0.54288095 0.00100298
v -0.25645852 0.53330719 0.00866735
v -0.26778954 0.52376062 0.01630999
v -0.28030282 0.51454359 0.02515616
v -0.28884751 0.50436914 0.03000802
v -0.29571554 0.49379137 0.03317279
v -0.30120853 0.48287603 0.03495177
v -0.30669788 0.47196788 0.03672957
v -0.31218356 0.46106699 0.03850620
v -0.31766558 0.45017329 0.04028165
v -0.32434487 0.43960556 0.04327342
v -0.33076245 0.42898148 0.04600389
v -0.33668211 0.41823557 0.04823268
v -0.34259680 0.40749860 0.05045961
v -0.34916914 0.39695257 0.05335832
v -0.35573643 0.38641858 0.05625604
v -0.36228952 0.37589401 0.05914338
v -0.36855122 0.36530066 0.06173792
v -0.37271538 0.35412320 0.06219737
v -0.37687877 0.34294766 0.06265675
v -0.38104147 0.33177406 0.06311604
v -0.38564825 0.32073197 0.06402975
v -0.39026344 0.30969653 0.06495339
v -0.39467078 0.29860386 0.06566568
v -0.39684647 0.28684855 0.06409383
v -0.39749196 0.27462557 0.06095163
v -0.39813817 0.26238817 0.05780573
v -0.39878517 0.25013638 0.05465612
v -0.39941284 0.23786391 0.05148220
v -0.39726672 0.22471571 0.04545325
v -0.39427206 0.21127394 0.03854305
v -0.39126962 0.19779742 0.03161498
v -0.38825941 0.18428601 0.02466899
v -0.38524145 0.17073962 0.01770500
v -0.38221565 0.15715809 0.01072295
v -0.37759152 0.14302461 0.00208129
v -0.37118679 0.12826790 -0.00841177
v -0.36480427 0.11346925 -0.01889702
v -0.35839695 0.09861310 -0.02942300
v -0.35196465 0.08369912 -0.03998995
v -0.34354874 0.06806700 -0.05262675
v -0.33495623 0.05231545 -0.06546483
v -0.32620555 0.03640377 -0.07833530
v -0.31796256 0.02069663 -0.09099804
v -0.30317581 0.00261586 -0.11032616
v -0.28486490 -0.01678682 -0.13334575
v -0.26514527 -0.03679362 -0.15786405
v -0.25196427 -0.05460094 -0.17561096
v -0.23209225 -0.07487811 -0.20035423
v 0.20511243 -0.24511361 -0.66022348
v 0.20215027 -0.25840133 -0.66153127
v 0.19964215 -0.27186051 -0.66331518
v 0.19779915 -0.28557190 -0.66579652
v 0.19628178 -0.29941523 -0.66862190
v 0.19496597 -0.31334683 -0.67166233
v 0.19364886 -0.32729241 -0.67470580
v 0.19367130 -0.34175670 -0.67915738
v 0.19585922 -0.35706270 -0.68588632
v 0.19805202 -0.37240264 -0.69263017
v 0.20053712 -0.38788694 -0.69969082
v 0.20341054 -0.40355504 -0.70716983
v 0.20634823 -0.41928381 -0.71472746
v 0.20954020 -0.43514830 -0.72256380
v 0.21275543 -0.45105940 -0.73043603
v 0.21672325 -0.46730661 -0.73911315
v 0.22091880 -0.48368621 -0.74804312
v 0.22588748 -0.50041908 -0.75780237
v 0.23395459 -0.51845074 -0.77084893
v 0.24319474 -0.53702199 -0.78515476
v 0.25254312 -0.55570626 -0.79959607
v 0.26569083 -0.57602406 -0.81808090
v 0.27980047 -0.59682935 -0.83761221
v 0.17702591 0.63729095 -0.34576800
v 0.12492992 0.63522595 -0.29796702
v 0.08521678 0.63074327 -0.26241609
v 0.04835792 0.62580842 -0.22965677
v 0.01211487 0.62088865 -0.19746538
v -0.02425388 0.61614299 -0.16510394
v -0.05728667 0.61080456 -0.13602482
v -0.08728608 0.60491890 -0.10993278
v -0.11307896 0.59819996 -0.08800588
v -0.13927406 0.59167302 -0.06564640
v -0.16249754 0.58456194 -0.04622793
v -0.18068931 0.57636613 -0.03181844
v -0.19878508 0.56821358 -0.01748501
v -0.21697092 0.56014800 -0.00304129
v -0.22840138 0.55052674 0.00464719
v -0.23979935 0.54093289 0.01231381
v -0.25116500 0.53136617 0.01995868
v -0.26249841 0.52182662 0.02758189
v -0.27379978 0.51231408 0.03518352
v -0.28122026 0.50186002 0.03888976
v -0.28672123 0.49093565 0.04066788
v -0.29221854 0.48001847 0.04244482
v -0.29771221 0.46910858 0.04422059
v -0.30320224 0.45820591 0.04599517
v -0.30868864 0.44731048 0.04776858
v -0.31474018 0.43657330 0.05011570
v -0.32146758 0.42602792 0.05314973
v -0.32794905 0.41543016 0.05593908
v -0.33386859 0.40469211 0.05816327
v -0.34021989 0.39408305 0.06082818
v -0.34679365 0.38354799 0.06372257
v -0.35336035 0.37302437 0.06661382
v -0.35734889 0.36178729 0.06689043
v -0.36171803 0.35065973 0.06755432
v -0.36588508 0.33947730 0.06801351
v -0.37005138 0.32829684 0.06847265
v -0.37428442 0.31713793 0.06900039
v -0.37890485 0.30609524 0.06992383
v -0.38352370 0.29505640 0.07084695
v -0.38519910 0.28314328 0.06876668
v -0.38596430 0.27094665 0.06575364
v -0.38660449 0.25869805 0.06260853
v -0.38724545 0.24643497 0.05945972
v -0.38788715 0.23415744 0.05630718
v -0.38694999 0.22137506 0.05153264
v -0.38394856 0.20792465 0.04463507
v -0.38093942 0.19443950 0.03771969
v -0.37792245 0.18091945 0.03078642
v -0.37489769 0.16736443 0.02383520
v -0.37202087 0.15382446 0.01702609
v -0.36937690 0.14032818 0.01044685
v -0.36345086 0.12572691 0.00047896
v -0.35705334 0.11092331 -0.00998907
v -0.35063094 0.09606220 -0.02049776
v -0.34316787 0.08080347 -0.03209534
v -0.33459279 0.06511538 -0.04485786
v -0.32616925 0.04941856 -0.05748209
v -0.31819022 0.03381410 -0.06966492
v -0.30714417 0.01709621 -0.08503904
v -0.29219350 -0.00104815 -0.10447872
v -0.27671891 -0.01946739 -0.12448943
v -0.25578147 -0.03990218 -0.15019417
v -0.24470736 -0.05696633 -0.16570012
v 0.22097224 -0.23618744 -0.65335178
v 0.21780244 -0.24940482 -0.65444106
v 0.21481751 -0.26269418 -0.65572417
v 0.21257065 -0.27625826 -0.65777731
v 0.21075955 -0.28999171 -0.66028732
v 0.20917270 -0.30381986 -0.66303474
v 0.20786242 -0.31776381 -0.66607457
v 0.20666419 -0.33176410 -0.66923577
v 0.20604447 -0.34599718 -0.67300594
v 0.20563474 -0.36032781 -0.67700106
v 0.20650068 -0.37516394 -0.68233651
v 0.20884664 -0.39059365 -0.68922913
v 0.21177152 -0.40627995 -0.69673836
v 0.21471937 -0.42201114 -0.70428252
v 0.21780741 -0.43783328 -0.71198487
v 0.22106123 -0.45375764 -0.71987247
v 0.22507356 -0.47002050 -0.72856873
v 0.22923279 -0.48638362 -0.73743206
v 0.23345232 -0.50281352 -0.74637192
v 0.23838474 -0.51957440 -0.75607556
v 0.24574105 -0.53736722 -0.76834774
v 0.25503343 -0.55601096 -0.78267962
v 0.26757535 -0.57606107 -0.80046195
v 0.28146467 -0.59675491 -0.81969345
v 0.30876088 -0.62312734 -0.85312283
v 0.17894489 0.63590336 -0.33005577
v 0.13032423 0.63312840 -0.28584069
v 0.08970252 0.62885135 -0.24949600
v 0.05284101 0.62393057 -0.21683210
v 0.01660646 0.61902213 -0.18474545
v -0.01966031 0.61426699 -0.15258229
v -0.05044393 0.60844147 -0.12582655
v -0.08080935 0.60264421 -0.09944978
v -0.10701220 0.59602457 -0.07718106
v -0.13272974 0.58939564 -0.05536493
v -0.15705706 0.58254522 -0.03490461
v -0.17525537 0.57435828 -0.02053129
v -0.19335771 0.56621456 -0.00623380
v -0.21027480 0.55785435 0.00689936
v -0.22111279 0.54809415 0.01397249
v -0.23212200 0.53840786 0.02122681
v -0.24310158 0.52874774 0.02846161
v -0.25405169 0.51911348 0.03567699
v -0.26497242 0.50950515 0.04287299
v -0.27154452 0.49883533 0.04571576
v -0.27772242 0.48807845 0.04816671
v -0.28322411 0.47715953 0.04994160
v -0.28872213 0.46624789 0.05171532
v -0.29421648 0.45534346 0.05348786
v -0.29970723 0.44444624 0.05525923
v -0.30519432 0.43355626 0.05702943
v -0.31186375 0.42299125 0.05999429
v -0.31859148 0.41245574 0.06302212
v -0.32513678 0.40188453 0.06587008
v -0.33126616 0.39121208 0.06830174
v -0.33784643 0.38067594 0.07119279
v -0.34218132 0.36952537 0.07181584
v -0.34610608 0.35826203 0.07202446
v -0.35007101 0.34701109 0.07227413
v -0.35458937 0.33591998 0.07308526
v -0.35904714 0.32481512 0.07383613
v -0.36321640 0.31362969 0.07429501
v -0.36753008 0.30248880 0.07490136
v -0.37215418 0.29144269 0.07582429
v -0.37311947 0.27930865 0.07302514
v -0.37402987 0.26714501 0.07016612
v -0.37494123 0.25496832 0.06730402
v -0.37569389 0.24272971 0.06427597
v -0.37632924 0.23044081 0.06112393
v -0.37633693 0.21794230 0.05732633
v -0.37332013 0.20447984 0.05043234
v -0.37029552 0.19098260 0.04352053
v -0.36735260 0.17747885 0.03668243
v -0.36470824 0.16403854 0.03014039
v -0.36205748 0.15056542 0.02358236
v -0.35940018 0.13705935 0.01700830
v -0.35571495 0.12318591 0.00936970
v -0.34930241 0.10837737 -0.00108110
v -0.34278861 0.09348594 -0.01165097
v -0.33423081 0.07786093 -0.02433842
v -0.32602680 0.06229521 -0.03667999
v -0.31806478 0.04675334 -0.04879001
v -0.31006724 0.03114207 -0.06095411
v -0.29624474 0.01346802 -0.07914446
v -0.28119838 -0.00471645 -0.09862444
v -0.26441425 -0.02359991 -0.11992765
v -0.24641268 -0.04301238 -0.14252023
v -0.23745240 -0.05933109 -0.15579191
v 0.23460734 -0.24080537 -0.64852208
v 0.23051001 -0.25370196 -0.64865071
v 0.22750220 -0.26699293 -0.64990902
v 0.22554615 -0.28067261 -0.65226054
v 0.22373910 -0.29441807 -0.65477008
v 0.22208238 -0.30823094 -0.65743947
v 0.22077760 -0.32218719 -0.66047871
v 0.21980742 -0.33628300 -0.66387051
v 0.21911472 -0.35049945 -0.66755617
v 0.21871327 -0.36484379 -0.67155075
v 0.21831128 -0.37920704 -0.67555058
v 0.21799143 -0.39362094 -0.67964184
v 0.22013146 -0.40900454 -0.68630809
v 0.22308944 -0.42473811 -0.69383889
v 0.22607328 -0.44051787 -0.70140779
v 0.22942986 -0.45648074 -0.70937783
v 0.23345381 -0.47274631 -0.71805847
v 0.23754543 -0.48908064 -0.72682285
v 0.24177673 -0.50551319 -0.73574650
v 0.24690211 -0.52234966 -0.74562168
v 0.25288206 -0.53958106 -0.75640911
v 0.25890976 -0.55688393 -0.76726264
v 0.26945731 -0.57609880 -0.78288692
v 0.28332907 -0.59676522 -0.80203384
v 0.30862507 -0.62228245 -0.83324498
v 0.18091309 0.63450760 -0.31443042
v 0.13571332 0.63103288 -0.27372602
v 0.09418258 0.62696177 -0.23659232
v 0.05732138 0.62205440 -0.20402652
v 0.02109242 0.61715794 -0.17204145
v -0.01291880 0.61191988 -0.14220898
v -0.04360386 0.60607928 -0.11563230
v -0.07399603 0.60029441 -0.08930928
v -0.10094937 0.59385055 -0.06636328
v -0.12656924 0.58720648 -0.04471003
v -0.15162130 0.58053029 -0.02359110
v -0.16982614 0.57235217 -0.00925388
v -0.18579113 0.56371182 0.00287371
v -0.20140876 0.55504441 0.01467216
v -0.21214007 0.54525691 0.02161638
v -0.22217093 0.53533131 0.02787157
v -0.23316845 0.52567124 0.03510043
v -0.24413645 0.51603717 0.04230987
v -0.25507501 0.50642896 0.04949997
v -0.26269507 0.49601823 0.05338067
v -0.26715964 0.48482355 0.05410821
v -0.27380601 0.47419170 0.05702224
v -0.27972755 0.46338576 0.05921377
v -0.28522626 0.45247957 0.06098427
v -0.29072133 0.44158062 0.06275360
v -0.29621276 0.43068886 0.06452174
v -0.30225283 0.41995236 0.06684389
v -0.30898848 0.40941468 0.06986894
v -0.31571648 0.39888895 0.07289056
v -0.32232574 0.38834456 0.07579687
v -0.32702497 0.37728390 0.07678189
v -0.33095315 0.36601219 0.07699047
v -0.33488104 0.35474131 0.07719903
v -0.33880857 0.34347132 0.07740758
v -0.34278387 0.33221599 0.07766472
v -0.34730619 0.32112005 0.07847553
v -0.35182714 0.31002748 0.07928611
v -0.35634673 0.29893827 0.08009645
v -0.36011562 0.28763050 0.08014696
v -0.36101928 0.27546749 0.07729086
v -0.36192399 0.26329145 0.07443169
v -0.36282963 0.25110230 0.07156945
v -0.36373621 0.23890005 0.06870413
v -0.36464381 0.22668466 0.06583572
v -0.36538383 0.21440379 0.06279261
v -0.36270303 0.20103844 0.05626002
v -0.36005834 0.18765378 0.04975493
v -0.35740721 0.17423651 0.04323398
v -0.35474962 0.16078646 0.03669711
v -0.35208553 0.14730358 0.03014428
v -0.34941491 0.13378768 0.02357541
v -0.34673777 0.12023870 0.01699045
v -0.34155145 0.10583142 0.00782689
v -0.33387041 0.09055243 -0.00390601
v -0.32588497 0.07511616 -0.01596788
v -0.31793991 0.05963647 -0.02800561
v -0.30995944 0.04408783 -0.04009697
v -0.29974312 0.02771773 -0.05450325
v -0.28528452 0.00981905 -0.07329273
v -0.27019036 -0.00838904 -0.09276330
v -0.25175038 -0.02785756 -0.11570746
v -0.23714107 -0.04608833 -0.13473694
v -0.22646086 -0.06301865 -0.14974183
v 0.24982318 -0.24598634 -0.64529145
v 0.24470821 -0.25853375 -0.64437348
v 0.24034230 -0.27134746 -0.64422846
v 0.23854081 -0.28509349 -0.64673555
v 0.23673783 -0.29885095 -0.64924473
v 0.23501077 -0.31264839 -0.65183616
v 0.23372942 -0.32662365 -0.65489328
v 0.23297077 -0.34080884 -0.65849704
v 0.23221123 -0.35501096 -0.66210514
v 0.23181148 -0.36936659 -0.66609222
v 0.23141785 -0.38374364 -0.67009145
v 0.23137556 -0.39827463 -0.67446196
v 0.23180777 -0.41300985 -0.67933291
v 0.23230460 -0.42779356 -0.68427819
v 0.23443396 -0.44323963 -0.69093275
v 0.23779736 -0.45920342 -0.69888443
v 0.24183294 -0.47547179 -0.70754969
v 0.24587999 -0.49178648 -0.71623957
v 0.25009978 -0.50821233 -0.72512275
v 0.25543767 -0.52513236 -0.73518884
v 0.26138651 -0.54234916 -0.74590945
v 0.26742890 -0.55965602 -0.75674385
v 0.27584630 -0.57799208 -0.77008480
v 0.28534785 -0.59684122 -0.78458297
v 0.30896786 -0.62163925 -0.81393021
v 0.18287705 0.63311487 -0.29883873
v 0.14109726 0.62893939 -0.26162305
v 0.09904625 0.62499166 -0.22408870
v 0.06180466 0.62017876 -0.19124550
v 0.02557277 0.61529601 -0.15935335
v -0.00602587 0.60953987 -0.13199264
v -0.03676645 0.60371804 -0.10544200
v -0.06718536 0.59794557 -0.07917272
v -0.09489050 0.59167796 -0.05555256
v -0.12052605 0.58504462 -0.03394913
v -0.14529654 0.57831025 -0.01317296
v -0.16118965 0.56959748 -0.00117133
v -0.17689867 0.56089634 0.01066431
v -0.19253901 0.55223328 0.02244820
v -0.20501526 0.54286361 0.03110423
v -0.21309997 0.53246778 0.03540529
v -0.22322710 0.52259225 0.04174478
v -0.23421299 0.51295829 0.04894827
v -0.24516940 0.50335026 0.05613242
v -0.25390381 0.49321556 0.06111082
v -0.25828898 0.48199821 0.06175610
v -0.26277405 0.47080949 0.06250204
v -0.26942337 0.46018440 0.06541175
v -0.27606544 0.44957086 0.06831827
v -0.28173101 0.43871355 0.07025169
v -0.28722677 0.42782006 0.07201780
v -0.29271889 0.41693377 0.07378273
v -0.29937842 0.40637138 0.07672080
v -0.30611435 0.39584351 0.07973965
v -0.31172931 0.38502127 0.08163710
v -0.31543338 0.37367773 0.08161689
v -0.31965888 0.36247993 0.08212101
v -0.32364067 0.35121578 0.08238064
v -0.32757133 0.33993825 0.08258913
v -0.33150169 0.32866162 0.08279760
v -0.33548740 0.31740198 0.08306219
v -0.34001374 0.30630118 0.08387271
v -0.34453869 0.29520378 0.08468299
v -0.34782001 0.28374171 0.08423764
v -0.34911403 0.27168414 0.08178180
v -0.35008898 0.25951904 0.07899956
v -0.35098210 0.24731608 0.07613052
v -0.35187617 0.23509993 0.07325839
v -0.35277119 0.22287060 0.07038315
v -0.35366720 0.21062805 0.06750482
v -0.35233262 0.19767408 0.06235690
v -0.34973040 0.18429627 0.05591327
v -0.34712186 0.17088608 0.04945405
v -0.34450707 0.15744346 0.04297921
v -0.34188586 0.14396825 0.03648867
v -0.33925837 0.13046037 0.02998239
v -0.33662444 0.11691967 0.02346030
v -0.33363691 0.10323155 0.01656793
v -0.32574373 0.08788176 0.00465482
v -0.31781557 0.07246387 -0.00731113
v -0.30985209 0.05697744 -0.01933028
v -0.30185318 0.04142202 -0.03140298
v -0.28893316 0.02412743 -0.04853410
v -0.27431151 0.00616583 -0.06743419
v -0.25814518 -0.01242099 -0.08794607
v -0.23906399 -0.03212278 -0.11147977
v -0.22776130 -0.04920222 -0.12705626
v -0.20999913 -0.06864223 -0.14929597
v 0.26507309 -0.25117889 -0.64205366
v 0.25995007 -0.26373956 -0.64113522
v 0.25600547 -0.27672160 -0.64142948
v 0.25236797 -0.28981677 -0.64204091
v 0.24975576 -0.30329037 -0.64371109
v 0.24795797 -0.31707224 -0.64622462
v 0.24690565 -0.33114284 -0.64951199
v 0.24615429 -0.34534159 -0.65311533
v 0.24540199 -0.35955730 -0.65672296
v 0.24492942 -0.37389615 -0.66062546
v 0.24454413 -0.38828704 -0.66462409
v 0.24478152 -0.40293595 -0.66927421
v 0.24516034 -0.41766182 -0.67407793
v 0.24566844 -0.43246099 -0.67902291
v 0.24617739 -0.44728431 -0.68397588
v 0.24721114 -0.46233800 -0.68948197
v 0.25021091 -0.47819692 -0.69704235
v 0.25426963 -0.49451435 -0.70571667
v 0.25842148 -0.51091105 -0.71450073
v 0.26397240 -0.52791476 -0.72475696
v 0.26989004 -0.54511702 -0.73541105
v 0.27594706 -0.56242776 -0.74622625
v 0.28478134 -0.58093280 -0.75996065
v 0.29430339 -0.59978884 -0.77443463
v 0.31092674 -0.62167096 -0.79636419
v 0.18769610 0.63112772 -0.28608596
v 0.14647602 0.62684798 -0.24953170
v 0.10440952 0.62291592 -0.21209548
v 0.06628229 0.61830544 -0.17848055
v 0.03091310 0.61324787 -0.14753267
v 0.00086283 0.60716099 -0.12177861
v -0.02991350 0.60135365 -0.09527364
v -0.06037732 0.59559757 -0.06904009
v -0.08883557 0.58950686 -0.04474885
v -0.11448679 0.58288419 -0.02319519
v -0.13612364 0.57543147 -0.00557755
v -0.15256292 0.56684476 0.00692615
v -0.16800249 0.55807966 0.01845820
v -0.18366554 0.54942101 0.03022750
v -0.19789201 0.54047084 0.04058998
v -0.20598154 0.53007811 0.04488296
v -0.21405813 0.51970208 0.04916907
v -0.22428131 0.50987685 0.05559216
v -0.23525558 0.50026900 0.06277037
v -0.24510886 0.49041176 0.06884417
v -0.24949601 0.47919238 0.06948866
v -0.25388214 0.46797580 0.07013299
v -0.25838771 0.45679307 0.07089727
v -0.26503998 0.44617474 0.07380263
v -0.27168500 0.43556800 0.07670484
v -0.27823630 0.42494977 0.07951757
v -0.28373277 0.41406175 0.08128046
v -0.28976130 0.40332586 0.08357771
v -0.29650515 0.39279583 0.08659378
v -0.30028149 0.38146323 0.08664330
v -0.30398816 0.37011155 0.08662310
v -0.30769482 0.35875976 0.08660290
v -0.31180885 0.34752283 0.08699129
v -0.31606033 0.33632684 0.08751824
v -0.32025230 0.32511622 0.08798614
v -0.32418546 0.31383291 0.08819453
v -0.32818162 0.30256900 0.08846659
v -0.33271194 0.29146335 0.08927680
v -0.33528903 0.27978274 0.08812033
v -0.33657843 0.26771218 0.08566401
v -0.33786908 0.25563043 0.08320542
v -0.33916083 0.24353750 0.08074456
v -0.34016231 0.23134424 0.07798687
v -0.34105173 0.21910347 0.07511197
v -0.34194207 0.20684947 0.07223397
v -0.34157112 0.19418725 0.06807485
v -0.33895439 0.18079738 0.06163435
v -0.33633131 0.16737510 0.05517827
v -0.33370188 0.15392034 0.04870655
v -0.33106610 0.14043294 0.04221914
v -0.32859290 0.12696771 0.03588773
v -0.32625407 0.11351650 0.02968390
v -0.32390982 0.10003413 0.02346569
v -0.31769171 0.08523589 0.01329400
v -0.30974525 0.06981129 0.00134656
v -0.30176345 0.05431813 -0.01065400
v -0.29237574 0.03829093 -0.02410636
v -0.27811110 0.02053311 -0.04255826
v -0.26332569 0.00250834 -0.06156880
v -0.24352391 -0.01734560 -0.08573657
v -0.22635508 -0.03639558 -0.10724457
v -0.21837655 -0.05231776 -0.11937148
v 0.28548983 -0.24380533 -0.63972789
v 0.28035715 -0.25638306 -0.63880855
v 0.27598861 -0.26923063 -0.63867217
v 0.27217349 -0.28227746 -0.63910407
v 0.26853302 -0.29538989 -0.63971597
v 0.26489180 -0.30850497 -0.64032811
v 0.26124987 -0.32162270 -0.64094031
v 0.26010209 -0.33566895 -0.64412242
v 0.25935799 -0.34988132 -0.64772540
v 0.25861302 -0.36411062 -0.65133250
v 0.25806713 -0.37843260 -0.65515047
v 0.25794357 -0.39293385 -0.65941018
v 0.25820896 -0.40760472 -0.66407818
v 0.25853404 -0.42232111 -0.66881472
v 0.25905344 -0.43713579 -0.67375928
v 0.25957370 -0.45197466 -0.67871189
v 0.26100427 -0.46719557 -0.68461555
v 0.26264262 -0.48252729 -0.69074345
v 0.26428431 -0.49788988 -0.69688356
v 0.26674181 -0.51360929 -0.70388043
v 0.27250636 -0.53069693 -0.71432614
v 0.27843782 -0.54790288 -0.72496074
v 0.28446430 -0.56519920 -0.73570985
v 0.29373446 -0.58388096 -0.74985486
v 0.30325916 -0.60273659 -0.76428598
v 0.32149318 -0.62528634 -0.78782737
v 0.19308448 0.62902266 -0.27391040
v 0.15184958 0.62475848 -0.23745197
v 0.10976768 0.62084216 -0.20011371
v 0.07075430 0.61643451 -0.16573164
v 0.03759658 0.61090767 -0.13704547
v 0.00752002 0.60483354 -0.11134384
v -0.02302090 0.59898072 -0.08515067
v -0.05356390 0.59324872 -0.05891930
v -0.08278459 0.58733708 -0.03395218
v -0.10630901 0.58023381 -0.01455680
v -0.12694608 0.57255113 0.00202170
v -0.14502393 0.56434625 0.01610088
v -0.15934855 0.55531996 0.02649794
v -0.17478837 0.54660755 0.03801007
v -0.19040570 0.53799093 0.04971347
v -0.19886470 0.52768904 0.05435852
v -0.20694609 0.51731598 0.05863656
v -0.21501453 0.50695956 0.06290776
v -0.22533357 0.49718517 0.06941381
v -0.23629871 0.48757043 0.07660256
v -0.24069943 0.47638541 0.07722443
v -0.24508749 0.46516684 0.07786796
v -0.24947451 0.45395091 0.07851133
v -0.25400066 0.44277436 0.07929388
v -0.26065588 0.43216279 0.08219492
v -0.26730382 0.42156276 0.08509278
v -0.27394450 0.41097432 0.08798749
v -0.28023937 0.40030578 0.09054157
v -0.28510803 0.38925985 0.09167688
v -0.28881729 0.37790012 0.09165668
v -0.29252654 0.36654028 0.09163647
v -0.29623583 0.35518035 0.09161627
v -0.29994518 0.34382036 0.09159608
v -0.30394718 0.33254355 0.09186878
v -0.30820259 0.32134074 0.09239564
v -0.31245714 0.31014013 0.09292239
v -0.31671086 0.29894173 0.09344903
v -0.32086644 0.28771698 0.09387790
v -0.32273474 0.27581644 0.09201022
v -0.32401955 0.26373285 0.08955343
v -0.32530558 0.25163805 0.08709436
v -0.32659274 0.23953201 0.08463301
v -0.32788113 0.22741479 0.08216938
v -0.32917067 0.21528633 0.07970347
v -0.33019885 0.20306505 0.07697041
v -0.33079708 0.19069634 0.07379951
v -0.32816574 0.17729439 0.06736214
v -0.32552809 0.16385999 0.06090920
v -0.32314351 0.15047610 0.05470311
v -0.32080272 0.13707697 0.04853249
v -0.31845656 0.12364690 0.04234762
v -0.31610492 0.11018571 0.03614844
v -0.31374785 0.09669335 0.02993489
v -0.30963883 0.08258973 0.02193413
v -0.30167404 0.06715842 0.01000519
v -0.29367390 0.05165851 -0.00197678
v -0.28158629 0.03471471 -0.01813383
v -0.26727694 0.01693477 -0.03657574
v -0.25232702 -0.00115343 -0.05569657
v -0.23016413 -0.02183267 -0.08219812
v -0.21544716 -0.04003950 -0.10114141
v -0.20799571 -0.05578328 -0.11269446
v 0.30081627 -0.24900788 -0.63647604
v 0.29605168 -0.26173300 -0.63594079
v 0.29221117 -0.27478707 -0.63635027
v 0.28838274 -0.28784749 -0.63677263
v 0.28473926 -0.30097717 -0.63738513
v 0.28109506 -0.31410953 -0.63799781
v 0.27801797 -0.32745385 -0.63919318
v 0.27547556 -0.34100229 -0.64093930
v 0.27296707 -0.35457182 -0.64272285
v 0.27184430 -0.36867091 -0.64593387
v 0.27122468 -0.38297588 -0.64966726
v 0.27138194 -0.39759475 -0.65420610
v 0.27165794 -0.41228098 -0.65887386
v 0.27193433 -0.42698991 -0.66354877
v 0.27245960 -0.44181800 -0.66848731
v 0.27336025 -0.45681667 -0.67382073
v 0.27485773 -0.47207591 -0.67977870
v 0.27647480 -0.48741126 -0.68586898
v 0.27813184 -0.50279206 -0.69200957
v 0.28032053 -0.51841563 -0.69870973
v 0.28376478 -0.53457814 -0.70672101
v 0.28723577 -0.55079043 -0.71477187
v 0.29323015 -0.56807232 -0.72545367
v 0.30268779 -0.58682919 -0.73974872
v 0.31221515 -0.60568440 -0.75413716
v 0.33206555 -0.62890369 -0.77928573
v 0.20015997 0.62656558 -0.26339686
v 0.15721801 0.62267107 -0.22538386
v 0.11512071 0.61877036 -0.18814340
v 0.07522070 0.61456597 -0.15299873
v 0.04427695 0.60856849 -0.12656313
v 0.01417411 0.60250717 -0.10091390
v -0.01613083 0.59660876 -0.07503144
v -0.04670118 0.59088916 -0.04885325
v -0.07624518 0.58496034 -0.02333518
v -0.09709337 0.57734519 -0.00693455
v -0.11776388 0.56966943 0.00962479
v -0.13748558 0.56184798 0.02527481
v -0.15182415 0.55282688 0.03565371
v -0.16610743 0.54384059 0.04599262
v -0.18154746 0.53518063 0.05748473
v -0.19174942 0.52530044 0.06383196
v -0.19983560 0.51493043 0.06810195
v -0.20790885 0.50457710 0.07236513
v -0.21596919 0.49424022 0.07662147
v -0.22638386 0.48451701 0.08320980
v -0.23189917 0.47357726 0.08496340
v -0.23628922 0.46235666 0.08560612
v -0.24067821 0.45113876 0.08624870
v -0.24506612 0.43992358 0.08689112
v -0.24961288 0.42875332 0.08769190
v -0.25627103 0.41814849 0.09058858
v -0.26292190 0.40755525 0.09348211
v -0.26956555 0.39697358 0.09637250
v -0.27338400 0.38563406 0.09645808
v -0.27722552 0.37430128 0.09656670
v -0.28104848 0.36296391 0.09665705
v -0.28476042 0.35159582 0.09663685
v -0.28847235 0.34022766 0.09661665
v -0.29218432 0.32885942 0.09659645
v -0.29607385 0.31754205 0.09675352
v -0.30033320 0.30633238 0.09728028
v -0.30459169 0.29512495 0.09780693
v -0.30862570 0.28385401 0.09810971
v -0.31028655 0.27188110 0.09603687
v -0.31178299 0.25984937 0.09379639
v -0.31302020 0.24772899 0.09129281
v -0.31425855 0.23559716 0.08878686
v -0.31549808 0.22345389 0.08627856
v -0.31673881 0.21129914 0.08376788
v -0.31798071 0.19913290 0.08125482
v -0.31922373 0.18695517 0.07873940
v -0.31771430 0.17389759 0.07344890
v -0.31537157 0.16055027 0.06731132
v -0.31302348 0.14717212 0.06115957
v -0.31066993 0.13376309 0.05499361
v -0.30831096 0.12032305 0.04881339
v -0.30594650 0.10685190 0.04261887
v -0.30357659 0.09334952 0.03640999
v -0.30120116 0.07981580 0.03018669
v -0.29360202 0.06450527 0.01866478
v -0.28504181 0.04881615 0.00615255
v -0.27078477 0.03113449 -0.01215463
v -0.25643063 0.01333239 -0.03058650
v -0.23978589 -0.00534587 -0.05137087
v -0.21747285 -0.02608775 -0.07794546
v -0.20607211 -0.04314831 -0.09346040
v -0.19177218 -0.06130184 -0.11194810
v 0.31617713 -0.25422210 -0.63321692
v 0.31231949 -0.26728657 -0.63361257
v 0.30847520 -0.28035772 -0.63402241
v 0.30500939 -0.29335865 -0.63437992
v 0.30098689 -0.30657873 -0.63504833
v 0.29761499 -0.31982923 -0.63594294
v 0.29497951 -0.33335537 -0.63759196
v 0.29242158 -0.34691820 -0.63932282
v 0.28991464 -0.36050844 -0.64110845
v 0.28740618 -0.37410668 -0.64289498
v 0.28521833 -0.38783485 -0.64501303
v 0.28484190 -0.40226310 -0.64899367
v 0.28512847 -0.41696474 -0.65366113
v 0.28541547 -0.43168905 -0.65833575
v 0.28588703 -0.44650763 -0.66320705
v 0.28722459 -0.46168816 -0.66897690
v 0.28873700 -0.47696537 -0.67493528
v 0.29033077 -0.49230367 -0.68098623
v 0.29200324 -0.50770265 -0.68712717
v 0.29499742 -0.52366102 -0.69464165
v 0.29844919 -0.53984046 -0.70263994
v 0.30194303 -0.55607575 -0.71069336
v 0.30687723 -0.57293832 -0.72024882
v 0.31369641 -0.59062171 -0.73177034
v 0.32213724 -0.60903150 -0.74498904
v 0.34369105 -0.63295859 -0.77182537
v 0.21027122 0.62347299 -0.25584114
v 0.16258126 0.62058562 -0.21332733
v 0.12046865 0.61670053 -0.17618449
v 0.08143967 0.61231971 -0.14199449
v 0.05095422 0.60623050 -0.11608566
v 0.02082513 0.60018182 -0.09048880
v -0.00924330 0.59423763 -0.06491594
v -0.03984098 0.58853036 -0.03879089
v -0.06680352 0.58211714 -0.01618312
v -0.08794262 0.57447106 0.00075961
v -0.10857703 0.56678623 0.01723174
v -0.12915455 0.55916417 0.03367088
v -0.14430039 0.55033404 0.04480871
v -0.15859756 0.54135287 0.05512951
v -0.17283975 0.53240627 0.06541063
v -0.18463574 0.52291238 0.07330331
v -0.19272672 0.51254547 0.07756525
v -0.20080476 0.50219512 0.08182037
v -0.20886987 0.49186134 0.08606868
v -0.21692212 0.48154405 0.09031024
v -0.22309530 0.47076797 0.09270559
v -0.22748731 0.45954537 0.09334750
v -0.23187827 0.44832548 0.09398928
v -0.23626815 0.43710834 0.09463090
v -0.24065699 0.42589387 0.09527235
v -0.24522437 0.41472992 0.09609130
v -0.25188544 0.40413189 0.09898364
v -0.25846168 0.39352441 0.10179598
v -0.26187205 0.38206550 0.10147443
v -0.26528281 0.37060523 0.10115284
v -0.26890698 0.35920268 0.10104262
v -0.27286977 0.34789443 0.10126854
v -0.27683219 0.33658719 0.10149445
v -0.28069764 0.32525340 0.10162423
v -0.28441229 0.31387690 0.10160404
v -0.28818884 0.30251825 0.10164551
v -0.29245213 0.29130176 0.10217217
v -0.29575604 0.27980563 0.10174268
v -0.29741350 0.26781940 0.09966923
v -0.29907221 0.25582379 0.09759414
v -0.30073225 0.24381880 0.09551745
v -0.30221593 0.23175047 0.09326141
v -0.30345082 0.21959537 0.09075316
v -0.30468684 0.20742880 0.08824252
v -0.30592403 0.19525070 0.08572952
v -0.30716240 0.18306108 0.08321414
v -0.30591488 0.17007563 0.07819992
v -0.30407137 0.15687706 0.07257999
v -0.30222398 0.14365059 0.06694819
v -0.30037269 0.13039613 0.06130447
v -0.29815614 0.11699619 0.05528506
v -0.29577884 0.10351504 0.04909519
v -0.29339606 0.09000263 0.04289099
v -0.29100773 0.07645885 0.03667238
v -0.28552905 0.06185182 0.02732530
v -0.27427277 0.04525390 0.01212836
v -0.25997117 0.02755027 -0.00616875
v -0.24551716 0.00970719 -0.02464617
v -0.22516662 -0.01025321 -0.04911931
v -0.20475905 -0.03035039 -0.07368524
v -0.19639552 -0.04636225 -0.08607597
v 0.33969659 -0.24786845 -0.63388020
v 0.33356753 -0.26015392 -0.63197595
v 0.32862896 -0.27285436 -0.63127840
v 0.32478085 -0.28594261 -0.63168854
v 0.32093218 -0.29903263 -0.63209879
v 0.31727600 -0.31219459 -0.63270557
v 0.31462306 -0.32572666 -0.63433534
v 0.31198856 -0.33927342 -0.63598639
v 0.30941495 -0.35285065 -0.63770181
v 0.30690953 -0.36646163 -0.63948941
v 0.30445060 -0.38009870 -0.64132708
v 0.30298263 -0.39411953 -0.64418072
v 0.30155396 -0.40816909 -0.64707869
v 0.30012622 -0.42223302 -0.64998180
v 0.29891834 -0.43639579 -0.65311438
v 0.29958862 -0.45130286 -0.65817767
v 0.30111298 -0.46656814 -0.66412479
v 0.30264029 -0.48186338 -0.67008352
v 0.30421057 -0.49720451 -0.67609507
v 0.30628264 -0.51277459 -0.68263143
v 0.30970353 -0.52891690 -0.69056553
v 0.31316280 -0.54511315 -0.69855064
v 0.31667960 -0.56137168 -0.70660675
v 0.32319200 -0.57889211 -0.71776444
v 0.33005020 -0.59660888 -0.72929537
v 0.34232444 -0.61661983 -0.74643785
v 0.21955475 0.62055326 -0.24747172
v 0.16793936 0.61850214 -0.20128237
v 0.12581149 0.61463273 -0.16423699
v 0.08824971 0.60994625 -0.13157508
v 0.05762838 0.60389352 -0.10561305
v 0.02747306 0.59785759 -0.08006854
v -0.00235831 0.59186733 -0.05480416
v -0.03298329 0.58617246 -0.02873223
v -0.05715961 0.57913095 -0.00890844
v -0.07932912 0.57172000 0.00898570
v -0.09953270 0.56393570 0.02498614
v -0.11999632 0.55628639 0.04126257
v -0.13677728 0.54784137 0.05396292
v -0.15108834 0.53886545 0.06426565
v -0.16509783 0.52986455 0.07428752
v -0.17623955 0.52021241 0.08151516
v -0.18372150 0.50969481 0.08516673
v -0.19157541 0.49928650 0.08918808
v -0.19941746 0.48889390 0.09320335
v -0.20724764 0.47851697 0.09721256
v -0.21340869 0.46773353 0.09958727
v -0.21775760 0.45649534 0.10018344
v -0.22261979 0.44539306 0.10128551
v -0.22746654 0.43429187 0.10237388
v -0.23185733 0.42307544 0.10301454
v -0.23624708 0.41186172 0.10365504
v -0.24083513 0.40070423 0.10449210
v -0.24693136 0.38995919 0.10681947
v -0.25034347 0.37849182 0.10649800
v -0.25375602 0.36702305 0.10617648
v -0.25716895 0.35555291 0.10585493
v -0.26058230 0.34408137 0.10553334
v -0.26454118 0.33276239 0.10575181
v -0.26850721 0.32144648 0.10597771
v -0.27247292 0.31013155 0.10620359
v -0.27643830 0.29881757 0.10642945
v -0.28034633 0.28748792 0.10659866
v -0.28286111 0.27574930 0.10538279
v -0.28451514 0.26374969 0.10330871
v -0.28617045 0.25174072 0.10123304
v -0.28782707 0.23972233 0.09915571
v -0.28948498 0.22769451 0.09707677
v -0.29114419 0.21565725 0.09499618
v -0.29261500 0.20355205 0.09272455
v -0.29384750 0.19136208 0.09021159
v -0.29508117 0.17916057 0.08769625
v -0.29390767 0.16618799 0.08276866
v -0.29205000 0.15297462 0.07714902
v -0.29018840 0.13973328 0.07151747
v -0.28832287 0.12646392 0.06587402
v -0.28645334 0.11316641 0.06021858
v -0.28457987 0.09984066 0.05455114
v -0.28270242 0.08648660 0.04887166
v -0.28071842 0.07306802 0.04321766
v -0.27745524 0.05919809 0.03598677
v -0.26349172 0.04168769 0.01811085
v -0.24914551 0.02396204 -0.00017616
v -0.23452787 0.00605620 -0.01876294
v -0.21051070 -0.01517286 -0.04686212
v -0.19380164 -0.03400417 -0.06762084
v -0.18643944 -0.04967359 -0.07896298
v 0.36045772 -0.25496286 -0.63598084
v 0.35447586 -0.26732966 -0.63424015
v 0.34835467 -0.27963847 -0.63235593
v 0.34223729 -0.29193959 -0.63047272
v 0.33727577 -0.30464900 -0.62975931
v 0.33431089 -0.31808078 -0.63107139
v 0.33167884 -0.33164069 -0.63272339
v 0.32904527 -0.34520802 -0.63437617
v 0.32645595 -0.35879973 -0.63607633
v 0.32395208 -0.37243152 -0.63786596
v 0.32226792 -0.38637996 -0.64049309
v 0.32080615 -0.40042526 -0.64335072
v 0.31937668 -0.41449666 -0.64624542
v 0.31795534 -0.42858520 -0.64915264
v 0.31653264 -0.44268730 -0.65206265
v 0.31635910 -0.45728830 -0.65625381
v 0.31622946 -0.47192681 -0.66049600
v 0.31656775 -0.48676983 -0.66522336
v 0.31826168 -0.50209272 -0.67111027
v 0.32099551 -0.51801801 -0.67854458
v 0.32443902 -0.53418326 -0.68648130
v 0.32790580 -0.55039650 -0.69445336
v 0.33268324 -0.56718010 -0.70378363
v 0.33954826 -0.58486104 -0.71527410
v 0.34653062 -0.60264623 -0.72690195
v 0.36343148 -0.62458527 -0.74876010
v 0.28028885 0.61992490 -0.28492054
v 0.22840038 0.61772501 -0.23867275
v 0.17329234 0.61642069 -0.18924896
v 0.13114923 0.61256683 -0.15230086
v 0.09633099 0.60729796 -0.12239370
v 0.06429946 0.60155761 -0.09514531
v 0.03411792 0.59553444 -0.06965309
v 0.00435234 0.58953631 -0.04452941
v -0.02388774 0.58331048 -0.02085220
v -0.04750945 0.57614285 -0.00162906
v -0.07071315 0.56896818 0.01721416
v -0.09094520 0.56119084 0.03319246
v -0.11105749 0.55345964 0.04907618
v -0.12925482 0.54534894 0.06311634
v -0.14198133 0.53599626 0.07184281
v -0.15433502 0.52659416 0.08021761
v -0.16664994 0.51722163 0.08856616
v -0.17411105 0.50669521 0.09218484
v -0.18097636 0.49603778 0.09522613
v -0.18883058 0.48564211 0.09923898
v -0.19667296 0.47526211 0.10324576
v -0.20378786 0.46471548 0.10654551
v -0.20776749 0.45337793 0.10677657
v -0.21174677 0.44204143 0.10700760
v -0.21648392 0.43090439 0.10798287
v -0.22134735 0.41980523 0.10908353
v -0.22620876 0.40871066 0.11018373
v -0.23106812 0.39762071 0.11128347
v -0.23553114 0.38636306 0.11176880
v -0.23879831 0.37491298 0.11152880
v -0.24221261 0.36343575 0.11120737
v -0.24562728 0.35195711 0.11088588
v -0.24904241 0.34047711 0.11056437
v -0.25245792 0.32899565 0.11024280
v -0.25619888 0.31760541 0.11024246
v -0.26016852 0.30628085 0.11046835
v -0.26413786 0.29495725 0.11069423
v -0.26806974 0.28362378 0.11088332
v -0.27011910 0.27173740 0.10920669
v -0.27200279 0.25979400 0.10736337
v -0.27356344 0.24774534 0.10519682
v -0.27512538 0.23568676 0.10302850
v -0.27668861 0.22361834 0.10085838
v -0.27825311 0.21154001 0.09868650
v -0.27986377 0.19946563 0.09655754
v -0.28152213 0.18739596 0.09447307
v -0.28298000 0.17525361 0.09218578
v -0.28188106 0.16229405 0.08734482
v -0.28000912 0.14906584 0.08172546
v -0.27813327 0.13580963 0.07609419
v -0.27635616 0.12255844 0.07055368
v -0.27459338 0.10928551 0.06501967
v -0.27282697 0.09598497 0.05947415
v -0.27105683 0.08265676 0.05391708
v -0.26928303 0.06930079 0.04834844
v -0.26441523 0.05488341 0.03966812
v -0.25269863 0.03811750 0.02410001
v -0.23830773 0.02036980 0.00582311
v -0.22148916 0.00170514 -0.01492026
v -0.19593015 -0.02006627 -0.04448637
v -0.18432583 -0.03714446 -0.06004573
v -0.17106491 -0.05487531 -0.07729619
v 0.38146025 -0.26214129 -0.63824868
v 0.37546983 -0.27453479 -0.63651365
v 0.36932954 -0.28686658 -0.63462484
v 0.36319306 -0.29919061 -0.63273716
v 0.35819003 -0.31191477 -0.63199276
v 0.35335791 -0.32469743 -0.63142025
v 0.34878248 -0.33757129 -0.63110673
v 0.34614992 -0.35115933 -0.63276154
v 0.34354469 -0.36476544 -0.63444626
v 0.34159407 -0.37862405 -0.63679767
v 0.34013990 -0.39268053 -0.63965660
v 0.33868435 -0.40675035 -0.64251822
v 0.33725414 -0.42084369 -0.64540970
v 0.33583918 -0.43495688 -0.64832091
v 0.33540154 -0.44946101 -0.65223157
v 0.33532426 -0.46412393 -0.65651506
v 0.33520773 -0.47879237 -0.66076469
v 0.33509102 -0.49348140 -0.66502029
v 0.33569199 -0.50847495 -0.67001504
v 0.33762097 -0.52402133 -0.67637432
v 0.33953956 -0.53959447 -0.68273205
v 0.34267920 -0.55569071 -0.69034886
v 0.34904134 -0.57313061 -0.70127726
v 0.35594589 -0.59084505 -0.71277744
v 0.36756006 -0.61054873 -0.72912520
v 0.29080001 0.61665803 -0.27683419
v 0.23724797 0.61489612 -0.22987181
v 0.17864017 0.61434120 -0.17722711
v 0.13746649 0.61029184 -0.14132577
v 0.10441244 0.60464954 -0.11321214
v 0.07096741 0.59922284 -0.08468244
v 0.04075970 0.59321237 -0.05924247
v 0.01097048 0.58722627 -0.03417239
v -0.01418925 0.58031207 -0.01354841
v -0.03785302 0.57315278 0.00565505
v -0.06134950 0.56604403 0.02472275
v -0.08235524 0.55844527 0.04140112
v -0.10249583 0.55072111 0.05726281
v -0.11969630 0.54237443 0.07029106
v -0.13118266 0.53272229 0.07778420
v -0.14356022 0.52332020 0.08615434
v -0.15589890 0.51394755 0.09449819
v -0.16525777 0.50388122 0.09995175
v -0.17198397 0.49318710 0.10284732
v -0.17870285 0.48250464 0.10573974
v -0.18608701 0.47200382 0.10928538
v -0.19392970 0.46163648 0.11328368
v -0.19814163 0.45035383 0.11373956
v -0.20212275 0.43901339 0.11397036
v -0.20610352 0.42767394 0.11420116
v -0.21034308 0.41640392 0.11468568
v -0.21520977 0.40530330 0.11578540
v -0.22007442 0.39420724 0.11688464
v -0.22442773 0.38297778 0.11748368
v -0.22740225 0.37137431 0.11672961
v -0.23055889 0.35981745 0.11615346
v -0.23401518 0.34834117 0.11587118
v -0.23747185 0.33686370 0.11558886
v -0.24090315 0.32537770 0.11528116
v -0.24432085 0.31388634 0.11495963
v -0.24784285 0.30242348 0.11474050
v -0.25181615 0.29109025 0.11496639
v -0.25500524 0.27952918 0.11441825
v -0.25705254 0.26762956 0.11274108
v -0.25910112 0.25572237 0.11106282
v -0.26115102 0.24380764 0.10938350
v -0.26285356 0.23178029 0.10735788
v -0.26441306 0.21969993 0.10518769
v -0.26597387 0.20760965 0.10301572
v -0.26753595 0.19550946 0.10084197
v -0.26909930 0.18339930 0.09866643
v -0.27053988 0.17124037 0.09636579
v -0.27052152 0.15861036 0.09261119
v -0.26875708 0.14540759 0.08711371
v -0.26698896 0.13217744 0.08160483
v -0.26521716 0.11891983 0.07608450
v -0.26344168 0.10563467 0.07055271
v -0.26166251 0.09232187 0.06500942
v -0.25987965 0.07898135 0.05945458
v -0.25717694 0.06530882 0.05297266
v -0.24988689 0.05007106 0.04189401
v -0.23829681 0.03333182 0.02649642
v -0.22663994 0.01649608 0.01101007
v -0.20687194 -0.00318501 -0.01262697
v -0.18321152 -0.02431878 -0.04020128
v -0.17437938 -0.04044770 -0.05293319
v 0.40850312 -0.25690487 -0.64220774
v 0.40254903 -0.26934919 -0.64052594
v 0.39655012 -0.28176954 -0.63879657
v 0.39042026 -0.29413491 -0.63693297
v 0.38573551 -0.30700946 -0.63652223
v 0.38105142 -0.31988224 -0.63611156
v 0.37623560 -0.33270520 -0.63556737
v 0.37135035 -0.34550011 -0.63495243
v 0.36646616 -0.35829243 -0.63433760
v 0.36214951 -0.37129220 -0.63429552
v 0.35951468 -0.38491938 -0.63595462
v 0.35806677 -0.39900044 -0.63881749
v 0.35661751 -0.41309491 -0.64168310
v 0.35518643 -0.42721015 -0.64457130
v 0.35446981 -0.44161308 -0.64818841
v 0.35441151 -0.45628735 -0.65247899
v 0.35435319 -0.47098252 -0.65677577
v 0.35425127 -0.48568159 -0.66103441
v 0.35450912 -0.50054264 -0.66566515
v 0.35653859 -0.51612681 -0.67210621
v 0.35850158 -0.53171593 -0.67848885
v 0.36044592 -0.54732871 -0.68486172
v 0.36495155 -0.56400442 -0.69385701
v 0.37088218 -0.58130157 -0.70432025
v 0.37877589 -0.59945059 -0.71680444
v 0.39831665 -0.62243968 -0.74121588
v 0.18696187 0.61163127 -0.16807924
v 0.14535218 0.60768092 -0.13186920
v 0.11231265 0.60204053 -0.10385589
v 0.07763229 0.59688914 -0.07422443
v 0.04739840 0.59089136 -0.04883667
v 0.01846224 0.58472139 -0.02466540
v -0.00445790 0.57730579 -0.00626550
v -0.02818363 0.57015920 0.01293741
v -0.05172858 0.56306034 0.03199198
v -0.07376283 0.55569899 0.04961213
v -0.09209796 0.54755139 0.06367764
v -0.10863038 0.53904229 0.07601718
v -0.12215754 0.52987188 0.08546215
v -0.13346855 0.52021039 0.09277163
v -0.14513589 0.51066983 0.10043684
v -0.15640077 0.50106609 0.10772191
v -0.16313323 0.49037129 0.11061386
v -0.16985834 0.47968814 0.11350263
v -0.17657609 0.46901661 0.11638825
v -0.18334463 0.45837161 0.11932729
v -0.18850888 0.44732746 0.12070752
v -0.19249184 0.43598312 0.12093811
v -0.19647448 0.42463979 0.12116869
v -0.20045674 0.41329741 0.12139924
v -0.20443867 0.40195602 0.12162977
v -0.20906720 0.39078957 0.12249270
v -0.21346460 0.37956449 0.12313076
v -0.21643935 0.36795345 0.12237703
v -0.21941495 0.35633910 0.12162310
v -0.22239140 0.34472144 0.12086894
v -0.22574426 0.33320573 0.12048299
v -0.22920325 0.32171819 0.12020069
v -0.23266262 0.31022945 0.11991835
v -0.23612238 0.29873943 0.11963601
v -0.23958249 0.28724825 0.11935361
v -0.24191445 0.27542633 0.11796032
v -0.24395967 0.26351342 0.11628257
v -0.24600616 0.25159296 0.11460374
v -0.24805395 0.23966490 0.11292387
v -0.25010303 0.22772925 0.11124291
v -0.25211650 0.21577480 0.10952442
v -0.25367361 0.20367256 0.10735238
v -0.25523198 0.19156033 0.10517853
v -0.25679162 0.17943817 0.10300291
v -0.25748485 0.16703442 0.09996595
v -0.25771338 0.15446959 0.09646406
v -0.25762928 0.14178871 0.09264708
v -0.25584847 0.12854640 0.08714044
v -0.25406396 0.11527660 0.08162236
v -0.25227579 0.10197920 0.07609281
v -0.25048384 0.08865410 0.07055174
v -0.24866065 0.07529218 0.06497173
v -0.24379463 0.06089315 0.05635252
v -0.23532189 0.04524658 0.04412553
v -0.22367528 0.02847229 0.02871489
v -0.21098100 0.01126861 0.01223653
v -0.19221812 -0.00808741 -0.01032793
v -0.17220438 -0.02798228 -0.03417497
v -0.16442560 -0.04375339 -0.04581537
v 0.44668609 -0.27004534 -0.66150749
v 0.43208554 -0.27952355 -0.65118909
v 0.41830802 -0.28924301 -0.64168125
v 0.41341504 -0.30208030 -0.64107370
v 0.40871766 -0.31498474 -0.64066172
v 0.40402099 -0.32788745 -0.64024979
v 0.39922169 -0.34075087 -0.63973415
v 0.39432257 -0.35357529 -0.63911730
v 0.39052555 -0.36680257 -0.63960928
v 0.38714743 -0.38018751 -0.64052409
v 0.38354287 -0.39349237 -0.64121181
v 0.37990546 -0.40678823 -0.64186740
v 0.37626725 -0.42008701 -0.64252317
v 0.37357646 -0.43374938 -0.64413720
v 0.37353170 -0.44843286 -0.64842916
v 0.37348688 -0.46313724 -0.65272737
v 0.37344196 -0.47786254 -0.65703166
v 0.37336227 -0.49259520 -0.66130686
v 0.37541372 -0.50818580 -0.66774946
v 0.37746957 -0.52380967 -0.67420584
v 0.37946686 -0.53944170 -0.68061203
v 0.38344198 -0.55589670 -0.68903756
v 0.38949922 -0.57326585 -0.69965124
v 0.39581046 -0.59072071 -0.71042204
v 0.41494089 -0.61348945 -0.73432356
v 0.19698201 0.60856038 -0.16055714
v 0.15323739 0.60507023 -0.12241321
v 0.12015896 0.59944314 -0.09444866
v 0.08508490 0.59438312 -0.06453037
v 0.05403403 0.58857137 -0.03843568
v 0.02774647 0.58181584 -0.01688384
v 0.00501327 0.57435763 0.00127867
v -0.01848112 0.56715763 0.02019869
v -0.04208101 0.56006998 0.03924623
v -0.06437684 0.55276781 0.05706297
v -0.08098304 0.54421270 0.06941650
v -0.09755113 0.53570616 0.08175019
v -0.11316774 0.52702945 0.09318185
v -0.12449367 0.51736975 0.10048234
v -0.13578849 0.50773650 0.10776280
v -0.14698650 0.49811360 0.11495957
v -0.15418203 0.48753026 0.11828991
v -0.16085993 0.47683278 0.12112318
v -0.16753067 0.46614680 0.12395342
v -0.17419426 0.45547223 0.12678061
v -0.17952245 0.44446719 0.12831485
v -0.18318032 0.43303546 0.12822790
v -0.18709369 0.42167029 0.12838934
v -0.19101618 0.41030833 0.12855987
v -0.19493841 0.39894706 0.12873039
v -0.19886038 0.38758653 0.12890089
v -0.20247988 0.37614477 0.12877662
v -0.20546313 0.36452845 0.12803133
v -0.20843895 0.35290653 0.12727773
v -0.21141566 0.34128135 0.12652393
v -0.21439318 0.32965279 0.12576991
v -0.21746001 0.31804591 0.12510221
v -0.22092137 0.30654836 0.12481994
v -0.22438307 0.29504955 0.12453764
v -0.22752936 0.28345802 0.12394562
v -0.22977930 0.27160195 0.12247318
v -0.23184799 0.25968558 0.12082067
v -0.23360491 0.24766882 0.11885950
v -0.23536314 0.23564316 0.11689687
v -0.23712267 0.22360855 0.11493278
v -0.23902571 0.21160817 0.11310725
v -0.24107529 0.19964394 0.11142359
v -0.24290687 0.18760446 0.10952255
v -0.24418396 0.17538363 0.10707169
v -0.24440376 0.16282007 0.10357331
v -0.24462385 0.15023990 0.10007030
v -0.24484427 0.13764308 0.09656266
v -0.24469383 0.12491076 0.09268309
v -0.24289660 0.11162872 0.08716726
v -0.24109565 0.09831905 0.08163995
v -0.23929094 0.08498165 0.07610113
v -0.23527712 0.07088944 0.06836220
v -0.23038433 0.05646823 0.05973945
v -0.22072014 0.04040992 0.04636268
v -0.20901668 0.02360046 0.03093897
v -0.19392738 0.00556830 0.01212381
v -0.17752756 -0.01300210 -0.00802313
v -0.16235346 -0.03124791 -0.02697703
v -0.15012950 -0.04856316 -0.04301558
v 0.45652074 -0.31718490 -0.66523910
v 0.44207504 -0.32667792 -0.65509599
v 0.42767751 -0.33613923 -0.64498669
v 0.42240959 -0.34886843 -0.64401364
v 0.41902822 -0.36228293 -0.64493126
v 0.41564578 -0.37570149 -0.64584923
v 0.41226223 -0.38912410 -0.64676738
v 0.40870199 -0.40248522 -0.64750916
v 0.40505740 -0.41581830 -0.64816719
v 0.40286040 -0.42970169 -0.65028334
v 0.40108243 -0.44375479 -0.65282464
v 0.39900327 -0.45770493 -0.65506595
v 0.39692259 -0.47166547 -0.65730888
v 0.39484036 -0.48563632 -0.65955353
v 0.39534900 -0.50062913 -0.66441870
v 0.39640310 -0.51585996 -0.66984230
v 0.39848548 -0.53152364 -0.67631394
v 0.40196517 -0.54777467 -0.68420959
v 0.40810895 -0.56513029 -0.69481558
v 0.41427016 -0.58254486 -0.70545459
v 0.20700869 0.60548747 -0.15303014
v 0.16112208 0.60245967 -0.11295784
v 0.12800477 0.59684592 -0.08504204
v 0.09312189 0.59174925 -0.05539866
v 0.06066659 0.58625257 -0.02803951
v 0.03703522 0.57890886 -0.00909848
v 0.01425843 0.57146019 0.00904897
v -0.00877220 0.56415403 0.02746478
v -0.03241425 0.55707467 0.04649285
v -0.05303945 0.54938209 0.06264818
v -0.07034048 0.54098403 0.07562938
v -0.08658960 0.53239709 0.08761622
v -0.10298567 0.52390140 0.09976099
v -0.11551474 0.51452786 0.10819655
v -0.12633789 0.50477767 0.11499891
v -0.13701221 0.49502277 0.12166706
v -0.14571555 0.48480937 0.12644137
v -0.15202494 0.47401810 0.12890935
v -0.15832843 0.46323696 0.13137501
v -0.16497177 0.45255417 0.13417287
v -0.17106426 0.44174263 0.13644129
v -0.17472248 0.43030930 0.13635448
v -0.17838083 0.41887560 0.13626766
v -0.18203929 0.40744150 0.13618083
v -0.18587521 0.39605430 0.13626616
v -0.18979847 0.38469103 0.13643646
v -0.19334796 0.37322715 0.13624364
v -0.19587846 0.36148360 0.13505922
v -0.19842544 0.34973902 0.13388921
v -0.20107563 0.33801761 0.13281810
v -0.20372687 0.32629141 0.13174658
v -0.20638297 0.31456152 0.13067825
v -0.20936246 0.30291876 0.12992415
v -0.21262613 0.29135409 0.12944664
v -0.21520689 0.27958927 0.12830085
v -0.21745533 0.26772198 0.12682837
v -0.21970503 0.25584805 0.12535508
v -0.22195598 0.24396749 0.12388095
v -0.22373635 0.23193918 0.12194344
v -0.22549286 0.21989445 0.11997980
v -0.22725065 0.20784076 0.11801470
v -0.22900976 0.19577809 0.11604813
v -0.23077017 0.18370640 0.11408010
v -0.23156224 0.17132445 0.11115670
v -0.23141395 0.15863407 0.10730350
v -0.23150815 0.14600174 0.10368377
v -0.23172009 0.13338950 0.10017501
v -0.23193231 0.12076055 0.09666160
v -0.23171501 0.10797621 0.09271923
v -0.22990127 0.09465425 0.08719418
v -0.22676933 0.08087433 0.08035816
v -0.22186559 0.06647750 0.07175974
v -0.21694598 0.05203406 0.06313346
v -0.20608148 0.03556103 0.04860547
v -0.19162859 0.01780948 0.03049949
v -0.17705107 -0.00007159 0.01224430
v -0.16280010 -0.01792913 -0.00571253
v -0.15232755 -0.03457364 -0.01994092
v 0.46507266 -0.37879217 -0.67198080
v 0.45078635 -0.38828716 -0.66201228
v 0.43751389 -0.39810938 -0.65304470
v 0.43441850 -0.41168386 -0.65426171
v 0.43268031 -0.42577380 -0.65684134
v 0.43094066 -0.43987578 -0.65942323
v 0.42919955 -0.45398974 -0.66200727
v 0.42715710 -0.46800104 -0.66429228
v 0.42669442 -0.48263204 -0.66816908
v 0.42755708 -0.49779579 -0.67338520
v 0.42822817 -0.51291025 -0.67841578
v 0.42874664 -0.52798951 -0.68329984
v 0.43479434 -0.54527706 -0.69376701
v 0.44179782 -0.56299597 -0.70521379
v 0.21704197 0.60241252 -0.14549819
v 0.17043945 0.59954107 -0.10486841
v 0.13585010 0.59424895 -0.07563600
v 0.10115902 0.58911526 -0.04626678
v 0.06932613 0.58348477 -0.01958611
v 0.04632850 0.57600045 -0.00130932
v 0.02350806 0.56856132 0.01682303
v 0.00089433 0.56115955 0.03478235
v -0.02251258 0.55402470 0.05352550
v -0.04145398 0.54593772 0.06801672
v -0.06000286 0.53782630 0.08215151
v -0.07628272 0.52924252 0.09412916
v -0.09248940 0.52069736 0.10605297
v -0.10602760 0.51156276 0.11542998
v -0.11645020 0.50171173 0.12182518
v -0.12702972 0.49192941 0.12838009
v -0.13745679 0.48213997 0.13479728
v -0.14377068 0.47134888 0.13726158
v -0.15007865 0.46056792 0.13972358
v -0.15696436 0.44994608 0.14274618
v -0.16474687 0.43956953 0.14663850
v -0.16824557 0.42809787 0.14639880
v -0.17142411 0.41654113 0.14584933
v -0.17460330 0.40498194 0.14529975
v -0.17778316 0.39342040 0.14475006
v -0.18096371 0.38185641 0.14420027
v -0.18422849 0.37031266 0.14373133
v -0.18675759 0.35856539 0.14254829
v -0.18928784 0.34681284 0.14136472
v -0.19181924 0.33505499 0.14018062
v -0.19436523 0.32329562 0.13900907
v -0.19701648 0.31156048 0.13793825
v -0.19966879 0.29982054 0.13686699
v -0.20211096 0.28801510 0.13558957
v -0.20386386 0.27600387 0.13363867
v -0.20542271 0.26392663 0.13149580
v -0.20735838 0.25195014 0.12971768
v -0.20960781 0.24005830 0.12824351
v -0.21185853 0.22815979 0.12676851
v -0.21384610 0.21617496 0.12503417
v -0.21560085 0.20411108 0.12306952
v -0.21735688 0.19203824 0.12110340
v -0.21845715 0.17975374 0.11849188
v -0.21945192 0.16742393 0.11577324
v -0.21980917 0.15488149 0.11242518
v -0.21965212 0.14216076 0.10856731
v -0.21949482 0.12942144 0.10470382
v -0.21933728 0.11666351 0.10083468
v -0.21917951 0.10388693 0.09695987
v -0.21827120 0.09084784 0.09234047
v -0.21335652 0.07647534 0.08376630
v -0.20842597 0.06205634 0.07516439
v -0.20315570 0.04748309 0.06621509
v -0.19088827 0.03052682 0.05034290
v -0.17368545 0.01183181 0.02957073
v -0.16011859 -0.00573024 0.01236518
v -0.14645766 -0.02340753 -0.00495779
v -0.13604033 -0.04005289 -0.01909281
v 0.22708181 0.59933555 -0.13796131
v 0.18539141 0.59540963 -0.10212317
v 0.14369494 0.59165210 -0.06623056
v 0.10919631 0.58648121 -0.03713472
v 0.07945788 0.58039016 -0.01252958
v 0.05562633 0.57309061 0.00648364
v 0.03276216 0.56566101 0.02460085
v 0.01011211 0.55826724 0.04253855
v -0.01086693 0.55057180 0.05890606
v -0.02985276 0.54248869 0.07339253
v -0.04873589 0.53444934 0.08780062
v -0.06596638 0.52608514 0.10064807
v -0.08136709 0.51734263 0.11176215
v -0.09636362 0.50855446 0.12250441
v -0.10751921 0.49887887 0.12958096
v -0.11792967 0.48905298 0.13595271
v -0.13093817 0.47990319 0.14482610
v -0.14041358 0.46990854 0.15031922
v -0.14835820 0.45955208 0.15434901
v -0.15629062 0.44921154 0.15837266
v -0.16415112 0.43887147 0.16233259
v -0.16806759 0.42752454 0.16250059
v -0.17147803 0.41604573 0.16218124
v -0.17488888 0.40456542 0.16186187
v -0.17830016 0.39308378 0.16154245
v -0.18162078 0.38157621 0.16113508
v -0.18383262 0.36976576 0.15965588
v -0.18487567 0.35762841 0.15704463
v -0.18591973 0.34547886 0.15443078
v -0.18681298 0.33327502 0.15166727
v -0.18763384 0.32103771 0.14882980
v -0.18845557 0.30878714 0.14598927
v -0.19029923 0.29681450 0.14413624
v -0.19225310 0.28486478 0.14238761
v -0.19400457 0.27284807 0.14043994
v -0.19575731 0.26082242 0.13849080
v -0.19742413 0.24876218 0.13645536
v -0.19898216 0.23665993 0.13431117
v -0.20054147 0.22454780 0.13216524
v -0.20210202 0.21242581 0.13001755
v -0.20393407 0.20037602 0.12813170
v -0.20508081 0.18810739 0.12557420
v -0.20606902 0.17577761 0.12285827
v -0.20705828 0.16343516 0.12013954
v -0.20804854 0.15107997 0.11741801
v -0.20802209 0.13839094 0.11369732
v -0.20785616 0.12563972 0.10983479
v -0.20769002 0.11286984 0.10596662
v -0.20714487 0.09995912 0.10172122
v -0.20442200 0.08632036 0.09533191
v -0.19986391 0.07205020 0.08713067
v -0.19495824 0.05762590 0.07857618
v -0.18849993 0.04264483 0.06848219
v -0.17227748 0.02434990 0.04876120
v -0.15677343 0.00620163 0.02972021
v -0.14087449 -0.01217263 0.01026309
v -0.12948827 -0.02909972 -0.00476929
v -0.11548761 -0.04699880 -0.02240406
v 0.23712824 0.59625661 -0.13041949
v 0.19717734 0.59195781 -0.09633995
v 0.15153927 0.58905542 -0.05682570
v 0.11723375 0.58384711 -0.02800249
v 0.09012080 0.57717705 -0.00596419
v 0.06492869 0.57017934 0.01428040
v 0.04202073 0.56275934 0.03238243
v 0.01933432 0.55537343 0.05029848
v 0.00071165 0.54713333 0.06437289
v -0.01826742 0.53904235 0.07880577
v -0.03718398 0.53100437 0.09319878
v -0.05524933 0.52283180 0.10679997
v -0.07027633 0.51399451 0.11752131
v -0.08524258 0.50519294 0.12819931
v -0.09957267 0.49628627 0.13828421
v -0.11386136 0.48741683 0.14834334
v -0.12809388 0.47862831 0.15813108
v -0.14523672 0.47052285 0.17118119
v -0.16302487 0.46268880 0.18463561
v -0.18203212 0.45522982 0.19927700
v -0.21174549 0.37720001 0.20254023
v -0.20541695 0.36283165 0.19311789
v -0.20128797 0.34931841 0.18554161
v -0.19628814 0.33552673 0.17711437
v -0.19021170 0.32139280 0.16763568
v -0.18938637 0.30869961 0.16321898
v -0.18978144 0.29633355 0.15997648
v -0.18900067 0.28361386 0.15559147
v -0.18820308 0.27086839 0.15118413
v -0.18712945 0.25802118 0.14650311
v -0.18763681 0.24561726 0.14334890
v -0.18938920 0.23356782 0.14139862
v -0.19096954 0.22145760 0.13927856
v -0.19252673 0.20933022 0.13713303
v -0.19336171 0.19697313 0.13428216
v -0.19396953 0.18453284 0.13120623
v -0.19410259 0.17193133 0.12766364
v -0.19464327 0.15943949 0.12451338
v -0.19562799 0.14707159 0.12179175
v -0.19637536 0.13461572 0.11883470
v -0.19620080 0.12185255 0.11497315
v -0.19546308 0.10889047 0.11055580
v -0.19354218 0.09552544 0.10497516
v -0.19043879 0.08174928 0.09822945
v -0.18585384 0.06745568 0.09002329
v -0.18125468 0.05311776 0.08179169
v -0.17157620 0.03705363 0.06856712
v -0.15359265 0.01814840 0.04717322
v -0.13914900 0.00089697 0.03062327
v -0.12316604 -0.01809385 0.00974032
v -0.11353441 -0.03444475 -0.00352612
v -0.08455656 -0.05385270 -0.02137753
v 0.24756853 0.59309304 -0.12323803
v 0.20897834 0.58850157 -0.09054933
v 0.16263823 0.58575016 -0.05049611
v 0.12527134 0.58121300 -0.01887008
v 0.10064864 0.57399303 0.00074486
v 0.07514922 0.56706178 0.02121622
v 0.05128380 0.55985624 0.04016778
v 0.02977134 0.55220139 0.05691503
v 0.01171061 0.54382771 0.07041139
v -0.00668751 0.53559625 0.08424632
v -0.02564806 0.52756220 0.09863423
v -0.04353946 0.51934177 0.11202566
v -0.05970976 0.51077145 0.12379859
v -0.07480253 0.50199556 0.13456215
v -0.09618172 0.49480709 0.15132697
v -0.11044908 0.48594341 0.16133749
v -0.20983201 0.28929099 0.19200474
v -0.19834580 0.27350798 0.17735343
v -0.18758929 0.25787580 0.16330092
v -0.18680465 0.24511008 0.15891290
v -0.18572953 0.23223709 0.15423776
v -0.18465249 0.21934110 0.14955425
v -0.18215384 0.20599398 0.14348695
v -0.18285483 0.19358997 0.14051327
v -0.18355660 0.18117189 0.13753623
v -0.18408000 0.16868450 0.13438186
v -0.18420655 0.15605855 0.13083754
v -0.18433326 0.14341561 0.12728846
v -0.18446015 0.13075562 0.12373458
v -0.18378074 0.11782219 0.11939077
v -0.18184750 0.10446631 0.11381933
v -0.17991015 0.09108221 0.10823613
v -0.17642352 0.07716772 0.10113362
v -0.17181160 0.06285060 0.09292255
v -0.16582462 0.04804049 0.08335660
v -0.15292771 0.03088987 0.06702166
v -0.13649075 0.01247639 0.04720044
v -0.11548696 -0.00757107 0.02288032
v -0.10662296 -0.02361956 0.01041962
v -0.10124569 -0.03853782 0.00135982
v 0.27143577 0.58706272 -0.12866953
v 0.22079445 0.58504093 -0.08475130
v 0.17752583 0.58161873 -0.04771617
v 0.13554451 0.57808685 -0.01184389
v 0.11118601 0.57080626 0.00745998
v 0.08603318 0.56379449 0.02753949
v 0.06055656 0.55695057 0.04795199
v 0.04080755 0.54889137 0.06298047
v 0.02272191 0.54051840 0.07645667
v 0.00464431 0.53220701 0.08994359
v -0.01381700 0.52404958 0.10381213
v -0.03150696 0.51577407 0.11696874
v -0.04910925 0.50753951 0.13006015
v -0.06947790 0.50003707 0.14579386
v -0.28080142 0.51538533 0.33592778
v -0.29420260 0.50676823 0.34521699
v -0.29889879 0.49598810 0.34623218
v -0.30349571 0.48518741 0.34715420
v -0.30808815 0.47438994 0.34807327
v -0.31267893 0.46359637 0.34899199
v -0.31726804 0.45280674 0.34991032
v -0.32185546 0.44202104 0.35082835
v -0.32644126 0.43123928 0.35174605
v -0.32839057 0.41975161 0.35014319
v -0.32851401 0.40776032 0.34679043
v -0.32854608 0.39572796 0.34334552
v -0.32856920 0.38367674 0.33988729
v -0.32755142 0.37131912 0.33542594
v -0.32439154 0.35833859 0.32890233
v -0.32112765 0.34529752 0.32226989
v -0.31736746 0.33208305 0.31515124
v -0.20891710 0.23887852 0.19294573
v -0.19014588 0.22075896 0.17122012
v -0.18115887 0.20548561 0.15891406
v -0.17828225 0.19200997 0.15249649
v -0.17477764 0.17831112 0.14546265
v -0.17373037 0.16533664 0.14079730
v -0.17416885 0.15280153 0.13756444
v -0.17428887 0.14015108 0.13401838
v -0.17302163 0.12704580 0.12912199
v -0.17084828 0.11362881 0.12333935
v -0.16820255 0.10003261 0.11708990
v -0.16624869 0.08662937 0.11150412
v -0.16237611 0.07257565 0.10404447
v -0.15600654 0.05766857 0.09414426
v -0.14658986 0.04170904 0.08126255
v -0.13420503 0.02470159 0.06547005
v -0.11336620 0.00479072 0.04141043
v -0.09938683 -0.01292711 0.02401166
v -0.09100589 -0.02883099 0.01205620
v -0.08204020 -0.04499271 -0.00048756
v 0.23262569 0.58157587 -0.07894585
v 0.19244882 0.57747740 -0.04492963
v 0.14698187 0.57470369 -0.00589800
v 0.12173290 0.56761652 0.01418117
v 0.09692848 0.56052393 0.03386935
v 0.07086520 0.55380952 0.05476914
v 0.05185613 0.54557776 0.06905272
v 0.03374247 0.53720611 0.08251168
v 0.01562991 0.52889776 0.09598788
v -0.00181888 0.52049649 0.10885588
v -0.01957125 0.51222825 0.12202808
v -0.03969790 0.50459254 0.13746220
v -0.24310346 0.54146057 0.32625693
v -0.26650438 0.53518212 0.34494990
v -0.28287929 0.52725744 0.35701433
v -0.29917628 0.51937050 0.36902130
v -0.30706802 0.50942749 0.37307355
v -0.31174368 0.49868804 0.37407932
v -0.31641746 0.48795283 0.37508464
v -0.32108936 0.47722194 0.37608957
v -0.32575947 0.46649536 0.37709412
v -0.33042765 0.45577306 0.37809825
v -0.33509395 0.44505501 0.37910199
v -0.33967507 0.43431902 0.38002589
v -0.34110737 0.42273888 0.37794855
v -0.34123877 0.41079533 0.37462696
v -0.34137031 0.39883596 0.37130097
v -0.34150204 0.38686070 0.36797059
v -0.34163398 0.37486961 0.36463580
v -0.34169844 0.36284363 0.36123189
v -0.34173051 0.35079220 0.35779226
v -0.34176260 0.33872426 0.35434788
v -0.34179476 0.32663986 0.35089886
v -0.33973333 0.31393161 0.34543633
v -0.33666870 0.30090386 0.33900303
v -0.32921821 0.28655285 0.32834688
v -0.31919762 0.27138734 0.31520495
v -0.17457409 0.17807651 0.16166312
v -0.17131115 0.16443573 0.15487970
v -0.16695842 0.15042338 0.14703470
v -0.16212402 0.13622227 0.13871343
v -0.16059990 0.12302556 0.13358103
v -0.15845449 0.10960650 0.12784037
v -0.15549342 0.09589846 0.12130205
v -0.15255773 0.08216693 0.11477918
v -0.14619502 0.06729020 0.10492469
v -0.13862588 0.05197082 0.09388598
v -0.12690476 0.03522917 0.07880081
v -0.11250927 0.01752636 0.06109631
v -0.09171987 -0.00240042 0.03715070
v -0.08323874 -0.01829911 0.02514638
v -0.07869323 -0.03292168 0.01695690
v 0.26309487 0.57408446 -0.09054933
v 0.20605390 0.57362151 -0.04086984
v 0.16187046 0.57055897 -0.00316416
v 0.13228934 0.56442392 0.02090843
v 0.10783510 0.55724984 0.04020580
v 0.08294430 0.55026591 0.05993894
v 0.06345269 0.54213756 0.07462888
v 0.04476538 0.53389239 0.08858293
v 0.02668099 0.52557230 0.10198897
v 0.00971805 0.51705110 0.11435800
v -0.00767499 0.50869083 0.12714876
v -0.25082013 0.55464160 0.35266119
v -0.26718622 0.54665720 0.36466300
v -0.28347468 0.53871065 0.37660787
v -0.29888397 0.53060359 0.38773894
v -0.31058609 0.52162534 0.39538273
v -0.31528899 0.51092315 0.39641979
v -0.31970006 0.50015181 0.39718220
v -0.32404694 0.48936763 0.39788485
v -0.32839262 0.47858652 0.39858735
v -0.33273706 0.46780846 0.39928961
v -0.33708027 0.45703337 0.39999166
v -0.34142229 0.44626132 0.40069357
v -0.34576309 0.43549234 0.40139526
v -0.34771046 0.42408147 0.39982274
v -0.34890127 0.41245750 0.39752838
v -0.35005555 0.40081248 0.39519614
v -0.35119212 0.38915145 0.39284378
v -0.35232973 0.37747943 0.39048919
v -0.35346845 0.36579645 0.38813242
v -0.35456547 0.35409033 0.38573268
v -0.35470581 0.34209955 0.38241571
v -0.35480246 0.33008030 0.37905249
v -0.35329482 0.31757942 0.37415013
v -0.35032529 0.30462751 0.36784178
v -0.34734827 0.29164302 0.36151755
v -0.34435624 0.27862367 0.35517019
v -0.34125629 0.26554137 0.34871054
v -0.33814833 0.25242555 0.34223428
v -0.33540055 0.23938793 0.33609498
v -0.32488757 0.22394237 0.32248387
v -0.15558042 0.13405414 0.14884897
v -0.14815694 0.11899846 0.13804765
v -0.14603969 0.10557739 0.13234900
v -0.14233325 0.09161974 0.12510863
v -0.13632610 0.07688476 0.11563615
v -0.12880303 0.06161119 0.10468535
v -0.11898262 0.04553251 0.09149743
v -0.10488044 0.02797825 0.07414711
v -0.08670240 0.00898638 0.05282506
v -0.07557245 -0.00775273 0.03830412
v -0.06645959 -0.02388340 0.02571916
v -0.06198116 -0.03850398 0.01761448
v 0.21782102 0.57016516 -0.03506326
v 0.17603552 0.56657171 0.00028506
v 0.14769994 0.56014943 0.02311584
v 0.11852454 0.55402386 0.04676253
v 0.09528077 0.54666269 0.06489222
v 0.07627763 0.53841466 0.07907670
v 0.05585464 0.53056246 0.09461037
v 0.03817306 0.52214295 0.10759535
v 0.02119775 0.51361829 0.11993542
v -0.25100556 0.56594932 0.37186226
v -0.26733688 0.55795485 0.38379329
v -0.28008267 0.54914689 0.39237043
v -0.29182258 0.54013342 0.40001312
v -0.30352673 0.53114730 0.40763250
v -0.31473309 0.52207333 0.41479337
v -0.31914279 0.51132333 0.41555831
v -0.32355112 0.50057667 0.41632298
v -0.32795811 0.48983327 0.41708744
v -0.33236372 0.47909316 0.41785160
v -0.33676803 0.46835637 0.41861561
v -0.34114355 0.45761564 0.41935343
v -0.34547555 0.44686693 0.42005107
v -0.34980634 0.43612123 0.42074853
v -0.35163873 0.42470518 0.41907933
v -0.35282877 0.41310650 0.41679871
v -0.35401988 0.40149713 0.41451603
v -0.35521209 0.38987717 0.41223124
v -0.35644999 0.37825820 0.41016600
v -0.35754180 0.36658895 0.40760022
v -0.35868099 0.35492086 0.40525550
v -0.35982123 0.34324184 0.40290859
v -0.36096257 0.33155185 0.40055948
v -0.36120820 0.31959063 0.39735308
v -0.36025801 0.30726421 0.39300126
v -0.35925379 0.29490092 0.38859183
v -0.35790375 0.28241360 0.38384593
v -0.35494068 0.26942047 0.37755114
v -0.35197014 0.25639471 0.37124056
v -0.34893528 0.24331892 0.36485964
v -0.34584185 0.23019429 0.35841376
v -0.34274048 0.21703599 0.35195139
v -0.33660892 0.20290418 0.34257275
v -0.32910958 0.18829842 0.33186787
v -0.13134129 0.10082210 0.13468994
v -0.12595387 0.08630989 0.12585030
v -0.11887603 0.07120937 0.11537088
v -0.11107136 0.05582170 0.10417663
v -0.09628279 0.03809376 0.08623344
v -0.08215787 0.02049718 0.06890554
v -0.06791764 0.00277788 0.05144216
v -0.05409481 -0.01488705 0.03435770
v -0.04647253 -0.03054760 0.02324419
v 0.19023085 0.56257594 0.00374165
v 0.16441600 0.55558193 0.02415038
v 0.13064884 0.55047405 0.05199792
v 0.10763642 0.54305387 0.06985320
v 0.08893995 0.53472775 0.08370486
v 0.06864665 0.52683717 0.09906641
v -0.24466753 0.57566947 0.38488322
v -0.26113838 0.56769216 0.39690289
v -0.27294457 0.55864978 0.40457088
v -0.28471461 0.54963505 0.41221544
v -0.29644871 0.54064792 0.41983661
v -0.30813763 0.53168380 0.42737532
v -0.31858048 0.52244908 0.43385527
v -0.32298020 0.51172185 0.43461564
v -0.32719707 0.50095177 0.43520507
v -0.33142766 0.49018803 0.43580824
v -0.33565718 0.47942689 0.43641126
v -0.33988574 0.46866840 0.43701413
v -0.34411323 0.45791250 0.43761685
v -0.34833971 0.44715926 0.43821943
v -0.35256514 0.43640855 0.43882188
v -0.35472336 0.42510319 0.43747222
v -0.35635787 0.41364890 0.43562564
v -0.35792974 0.40216857 0.43371728
v -0.35912120 0.39057392 0.43144622
v -0.36031371 0.37896860 0.42917302
v -0.36150733 0.36735269 0.42689776
v -0.36270204 0.35572612 0.42462039
v -0.36387566 0.34408256 0.42231992
v -0.36501643 0.33241847 0.41998506
v -0.36536312 0.32051268 0.41689223
v -0.36441869 0.30821428 0.41256696
v -0.36347261 0.29589450 0.40823421
v -0.36252487 0.28355327 0.40389395
v -0.36152908 0.27117670 0.39950186
v -0.36052489 0.25877634 0.39509571
v -0.35951895 0.24635412 0.39068183
v -0.35851118 0.23390996 0.38626009
v -0.35651261 0.22117323 0.38079551
v -0.35188407 0.20752315 0.37298754
v -0.34566659 0.19337164 0.36355808
v -0.33942574 0.17916694 0.35409319
v -0.33296266 0.16484557 0.34440219
v -0.32644781 0.15046044 0.33464810
v -0.30935553 0.13261539 0.31472853
v -0.08778802 0.04822808 0.09839554
v -0.07314848 0.03051275 0.08064148
v -0.05880738 0.01280919 0.06314977
v -0.04345955 -0.00531400 0.04466477
v -0.03105164 -0.02254456 0.02898553
v -0.02685476 -0.03708718 0.02119809
v 0.20445651 0.55857164 0.00720563
v 0.17856032 0.55158526 0.02762299
v 0.14841521 0.54565251 0.05201545
v 0.12091039 0.53923494 0.07398603
v 0.10126813 0.53111619 0.08867139
v -0.22693248 0.58270264 0.38725337
v -0.25159386 0.57661855 0.40685892
v -0.26540035 0.56803936 0.41636494
v -0.27717429 0.55901617 0.42398649
v -0.28891224 0.55002058 0.43158472
v -0.29951897 0.54078382 0.43813589
v -0.30928516 0.53137040 0.44390967
v -0.31840321 0.52182287 0.44908464
v -0.32270521 0.51108718 0.44975564
v -0.32700601 0.50035435 0.45042646
v -0.33128276 0.48961863 0.45107561
v -0.33550653 0.47887230 0.45167595
v -0.33972931 0.46812859 0.45227617
v -0.34395102 0.45738742 0.45287618
v -0.34817174 0.44664890 0.45347607
v -0.35239145 0.43591303 0.45407587
v -0.35461608 0.42464173 0.45279759
v -0.35630444 0.41321838 0.45101216
v -0.35799399 0.40178677 0.44922546
v -0.35963655 0.39033356 0.44739193
v -0.36127242 0.37886968 0.44554958
v -0.36290950 0.36739725 0.44370583
v -0.36454776 0.35591629 0.44186074
v -0.36618727 0.34442675 0.44001424
v -0.36782801 0.33292869 0.43816641
v -0.36889461 0.32125503 0.43577200
v -0.36856103 0.30916014 0.43204659
v -0.36762059 0.29686832 0.42774025
v -0.36667857 0.28455517 0.42342648
v -0.36573488 0.27222061 0.41910517
v -0.36478958 0.25986463 0.41477641
v -0.36380225 0.24747489 0.41040167
v -0.36280051 0.23505950 0.40600717
v -0.36179703 0.22262222 0.40160495
v -0.36014053 0.20996046 0.39657405
v -0.35709733 0.19683975 0.39021307
v -0.35396165 0.18365888 0.38375506
v -0.34847137 0.16969790 0.37503836
v -0.34223935 0.15545686 0.36560044
v -0.33579761 0.14110212 0.35594878
v -0.32929197 0.12667949 0.34622255
v -0.31747907 0.11047235 0.33139798
v -0.03306415 0.00433250 0.05519300
v -0.01970216 -0.01317309 0.03865938
v -0.01115424 -0.02915009 0.02672471
v 0.23773551 0.55035543 -0.00691855
v 0.19273481 0.54758012 0.03110301
v 0.16624239 0.54081446 0.05203303
v 0.13830285 0.53447735 0.07433247
v 0.11526335 0.52712047 0.09211732
v -0.20830826 0.58955711 0.38884497
v -0.23307690 0.58343780 0.40847155
v -0.25806755 0.57726598 0.42829108
v -0.26946992 0.56834364 0.43558052
v -0.27929288 0.55887711 0.44137016
v -0.28909299 0.54943264 0.44714630
v -0.29887030 0.54001015 0.45290899
v -0.30862486 0.53060955 0.45865828
v -0.31805140 0.52115458 0.46410927
v -0.32234773 0.51043320 0.46477738
v -0.32664290 0.49971467 0.46544528
v -0.33093694 0.48899913 0.46611300
v -0.33522978 0.47828645 0.46678057
v -0.33952147 0.46757668 0.46744794
v -0.34378931 0.45686382 0.46809387
v -0.34800425 0.44614002 0.46869111
v -0.35221821 0.43541887 0.46928820
v -0.35450202 0.42417961 0.46807405
v -0.35618803 0.41277188 0.46629661
v -0.35787520 0.40135586 0.46451786
v -0.35956362 0.38993165 0.46273786
v -0.36125323 0.37849915 0.46095654
v -0.36291087 0.36704907 0.45914263
v -0.36454687 0.35558411 0.45730585
v -0.36618409 0.34411064 0.45546773
v -0.36782250 0.33262861 0.45362821
v -0.36887756 0.32096830 0.45123515
v -0.36885548 0.30898124 0.44782057
v -0.36882669 0.29697564 0.44439501
v -0.36874127 0.28493661 0.44091108
v -0.36865568 0.27288061 0.43742228
v -0.36857000 0.26080766 0.43392855
v -0.36799505 0.24856895 0.42996594
v -0.36705217 0.23619823 0.42564863
v -0.36607322 0.22379537 0.42129114
v -0.36469004 0.21124558 0.41654342
v -0.36167043 0.19815989 0.41023266
v -0.35864314 0.18504103 0.40390587
v -0.35556692 0.17187572 0.39752376
v -0.35242850 0.15865932 0.39107347
v -0.34928197 0.14540882 0.38460657
v -0.34504974 0.13177387 0.37709451
v -0.33758214 0.11704325 0.36648196
v -0.32490334 0.10054287 0.35087404
v -0.31145316 0.08370995 0.33450675
v 0.21988410 0.54067600 0.02264613
v 0.18107678 0.53664839 0.05487055
v 0.15406501 0.53008837 0.07623952
v -0.18963191 0.59643078 0.39044103
v -0.21445468 0.59026355 0.41003910
v -0.23898181 0.58412045 0.42938983
v -0.25896093 0.57673353 0.44453231
v -0.26865152 0.56748390 0.45019841
v -0.27853188 0.55804658 0.45602742
v -0.28838897 0.54863137 0.46184275
v -0.29822335 0.53923947 0.46763229
v -0.30796626 0.52985066 0.47336966
v -0.31771135 0.52045959 0.47910896
v -0.32199121 0.50978088 0.47975934
v -0.32628077 0.49907672 0.48042437
v -0.33056912 0.48837540 0.48108920
v -0.33485636 0.47767699 0.48175383
v -0.33914241 0.46698144 0.48241830
v -0.34338582 0.45627788 0.48304376
v -0.34755865 0.44555858 0.48360419
v -0.35173053 0.43484172 0.48416445
v -0.35425738 0.42368343 0.48318595
v -0.35607192 0.41232654 0.48153892
v -0.35775673 0.40092611 0.47976813
v -0.35944277 0.38951749 0.47799605
v -0.36113003 0.37810063 0.47622269
v -0.36281854 0.36667550 0.47444806
v -0.36450821 0.35524216 0.47267216
v -0.36618087 0.34379536 0.47087780
v -0.36781701 0.33232936 0.46904662
v -0.36886054 0.32068238 0.46665487
v -0.36883846 0.30871192 0.46325570
v -0.36881635 0.29672498 0.45985186
v -0.36879420 0.28472149 0.45644337
v -0.36875486 0.27269629 0.45301390
v -0.36866933 0.26064044 0.44953611
v -0.36858371 0.24856767 0.44605345
v -0.36849797 0.23647787 0.44256586
v -0.36841211 0.22437106 0.43907335
v -0.36817130 0.21219902 0.43542928
v -0.36621183 0.19947062 0.43015057
v -0.36319721 0.18638335 0.42386341
v -0.36017492 0.17326294 0.41756037
v -0.35714504 0.16010924 0.41124132
v -0.35403576 0.14689903 0.40483814
v -0.35089457 0.13364707 0.39839569
v -0.34774524 0.12036089 0.39193660
v -0.34178528 0.10611654 0.38279068
v -0.33202243 0.09056487 0.37000638
v -0.31910491 0.07389574 0.35419455
v -0.30207661 0.05576499 0.33443603
v 0.23841546 0.53569192 0.02222592
v 0.21735817 0.52764130 0.03800541
v -0.19540973 0.59702331 0.41126966
v -0.22004685 0.59084493 0.43064401
v -0.23933202 0.58350444 0.44510472
v -0.25684735 0.57581413 0.45795029
v -0.26759720 0.56656957 0.46456042
v -0.27746707 0.55714440 0.47036564
v -0.28731379 0.54774147 0.47615725
v -0.29713738 0.53836054 0.48193520
v -0.30636910 0.52886069 0.48717254
v -0.31516364 0.51927680 0.49201146
v -0.32007551 0.50873703 0.49325404
v -0.32431856 0.49803320 0.49387720
v -0.32849154 0.48731434 0.49443612
v -0.33266354 0.47659796 0.49499488
v -0.33683461 0.46588400 0.49555352
v -0.34100476 0.45517248 0.49611205
v -0.34517393 0.44446337 0.49667042
v -0.34934214 0.43375674 0.49722868
v -0.35206982 0.42266375 0.49644372
v -0.35402617 0.41135696 0.49493748
v -0.35595706 0.40003592 0.49340546
v -0.35785419 0.38869807 0.49183980
v -0.35975254 0.37735301 0.49027309
v -0.36165205 0.36600071 0.48870537
v -0.36355281 0.35464114 0.48713666
v -0.36545482 0.34327435 0.48556700
v -0.36735797 0.33190024 0.48399630
v -0.36872634 0.32036319 0.48192134
v -0.36882150 0.30844340 0.47864759
v -0.36879942 0.29647309 0.47525913
v -0.36877730 0.28448626 0.47186601
v -0.36875519 0.27248293 0.46846822
v -0.36873299 0.26046303 0.46506575
v -0.36868298 0.24841808 0.46163234
v -0.36859745 0.23634547 0.45816070
v -0.36851177 0.22425587 0.45468417
v -0.36822814 0.21208774 0.45101592
v -0.36661080 0.19948368 0.44608194
v -0.36495513 0.18684341 0.44110495
v -0.36320359 0.17414826 0.43603033
v -0.36144844 0.16142711 0.43094534
v -0.35867873 0.14835370 0.42489171
v -0.35563973 0.13516304 0.41857433
v -0.35250384 0.12190968 0.41215625
v -0.34734622 0.10795836 0.40380913
v -0.34068152 0.09346569 0.39401802
v -0.33369797 0.07881828 0.38391015
v -0.32645142 0.06403258 0.37353799
v -0.30463773 0.04425764 0.34927762
v 0.27731600 0.52615052 0.00318627
v 0.23586386 0.52263945 0.03761328
v -0.17238396 0.60290837 0.40890005
v -0.20105618 0.59758919 0.43190190
v -0.22001982 0.59012413 0.44600761
v -0.23761222 0.58240485 0.45887059
v -0.25511348 0.57472563 0.47166693
v -0.26654539 0.56565738 0.47888848
v -0.27640483 0.55624443 0.48466998
v -0.28535259 0.54663736 0.48961815
v -0.29417866 0.53702414 0.49446064
v -0.30298731 0.52742988 0.49929360
v -0.31177863 0.51785451 0.50411701
v -0.31749398 0.50752640 0.50610143
v -0.32175088 0.49683675 0.50673848
v -0.32600668 0.48614982 0.50737536
v -0.33026135 0.47546571 0.50801206
v -0.33446169 0.46477047 0.50859922
v -0.33862817 0.45406917 0.50915575
v -0.34279364 0.44337025 0.50971210
v -0.34695825 0.43267378 0.51026833
v -0.34985903 0.42163864 0.50964993
v -0.35181278 0.41034251 0.50814921
v -0.35376769 0.39903951 0.50664759
v -0.35572383 0.38772950 0.50514501
v -0.35765556 0.37640542 0.50361764
v -0.35955250 0.36506411 0.50205570
v -0.36145070 0.35371563 0.50049287
v -0.36335009 0.34235984 0.49892902
v -0.36525074 0.33099687 0.49736416
v -0.36658981 0.31946316 0.49527168
v -0.36706072 0.30766505 0.49236333
v -0.36749351 0.29584154 0.48941532
v -0.36788923 0.28399265 0.48642847
v -0.36828542 0.27212933 0.48343799
v -0.36868209 0.26025158 0.48044389
v -0.36869398 0.24824212 0.47708410
v -0.36867175 0.23620582 0.47368765
v -0.36861113 0.22414103 0.47025040
v -0.36828482 0.21197675 0.46655822
v -0.36666983 0.19939055 0.46164680
v -0.36505163 0.18677925 0.45672554
v -0.36343020 0.17414278 0.45179448
v -0.36169875 0.16144688 0.44675276
v -0.35994282 0.14871833 0.44168097
v -0.35818335 0.13596366 0.43659881
v -0.35642022 0.12318283 0.43150616
v -0.35281420 0.10976948 0.42466170
v -0.34618682 0.09531944 0.41494519
v -0.33953351 0.08081283 0.40519065
v -0.33259678 0.06616274 0.39515373
v -0.32558641 0.05143813 0.38503301
v -0.30719262 0.03277818 0.36408323
v -0.18180828 0.60430741 0.43297923
v -0.20064799 0.59676427 0.44691330
v -0.21830331 0.58901250 0.45978037
v -0.23584320 0.58129525 0.47255883
v -0.25329256 0.57361788 0.48527130
v -0.26426452 0.56445283 0.49205142
v -0.27314219 0.55481499 0.49691582
v -0.28198239 0.54519147 0.50175226
v -0.29080516 0.53558683 0.50657916
v -0.29961056 0.52600116 0.51139653
v -0.30839863 0.51643431 0.51620448
v -0.31491703 0.50631785 0.51892579
v -0.31917048 0.49563792 0.51956058
v -0.32342279 0.48496082 0.52019519
v -0.32767400 0.47428647 0.52082968
v -0.33192411 0.46361485 0.52146399
v -0.33617309 0.45294604 0.52209812
v -0.34041789 0.44227916 0.52272922
v -0.34457883 0.43159288 0.52328348
v -0.34765252 0.42061549 0.52283043
v -0.34960368 0.40933007 0.52133518
v -0.35155603 0.39803773 0.51983911
v -0.35350960 0.38673845 0.51834208
v -0.35546434 0.37543222 0.51684403
v -0.35742030 0.36411905 0.51534516
v -0.35935277 0.35279197 0.51382244
v -0.36124960 0.34144723 0.51226437
v -0.36314765 0.33009529 0.51070529
v -0.36444655 0.31856170 0.50858521
v -0.36491576 0.30677477 0.50568765
v -0.36538550 0.29497388 0.50278670
v -0.36585581 0.28315905 0.49988228
v -0.36626017 0.27131021 0.49691221
v -0.36665523 0.25944403 0.49392933
v -0.36705074 0.24756344 0.49094287
v -0.36744675 0.23566833 0.48795271
v -0.36784324 0.22375877 0.48495892
v -0.36798111 0.21175405 0.48171830
v -0.36672869 0.19929768 0.47716734
v -0.36511284 0.18670422 0.47226858
v -0.36349377 0.17408568 0.46735999
v -0.36187151 0.16144198 0.46244162
v -0.36019525 0.14875665 0.45746571
v -0.35843855 0.13602071 0.45240709
v -0.35667828 0.12325865 0.44733813
v -0.35391718 0.11014173 0.44131762
v -0.34955040 0.09646208 0.43377224
v -0.34495762 0.08266965 0.42600289
v -0.33837637 0.06816945 0.41634214
v -0.33149672 0.05352037 0.40638560
v -0.31886482 0.03685878 0.39096743
v -0.30293706 0.01898826 0.37240431
v -0.14305522 0.60664988 0.41632468
v -0.18001193 0.60315007 0.44672272
v -0.19850229 0.59554088 0.46029806
v -0.21612191 0.58779418 0.47309586
v -0.23365049 0.58008760 0.48582757
v -0.24829328 0.57175821 0.49593574
v -0.26046902 0.56288725 0.50379854
v -0.26942489 0.55327678 0.50872159
v -0.27836272 0.54368567 0.51363480
v -0.28728265 0.53411382 0.51853818
v -0.29618466 0.52456111 0.52343172
v -0.30502373 0.51501626 0.52827394
v -0.31234476 0.50511152 0.53172714
v -0.31659466 0.49444136 0.53235966
v -0.32084352 0.48377392 0.53299206
v -0.32508972 0.47310892 0.53362292
v -0.32925457 0.46242565 0.53417957
v -0.33341843 0.45174485 0.53473616
v -0.33758134 0.44106647 0.53529257
v -0.34174329 0.43039054 0.53584880
v -0.34510231 0.41950029 0.53566366
v -0.34715998 0.40825444 0.53427464
v -0.34920037 0.39699715 0.53286767
v -0.35124192 0.38573331 0.53145993
v -0.35325184 0.37445378 0.53002095
v -0.35520518 0.36315134 0.52852750
v -0.35715973 0.35184196 0.52703321
v -0.35911551 0.34052563 0.52553803
v -0.36104876 0.32919553 0.52401984
v -0.36230755 0.31766200 0.52187234
v -0.36277506 0.30588627 0.51898557
v -0.36324304 0.29409656 0.51609534
v -0.36371163 0.28229290 0.51320165
v -0.36418074 0.27047524 0.51030463
v -0.36463249 0.25863814 0.50738734
v -0.36502638 0.24676916 0.50441206
v -0.36542076 0.23488571 0.50143319
v -0.36581561 0.22298779 0.49845070
v -0.36579576 0.21094620 0.49507606
v -0.36494079 0.19862625 0.49091482
v -0.36398166 0.18625297 0.48665029
v -0.36295876 0.17383839 0.48232013
v -0.36193404 0.16140193 0.47798231
v -0.36031413 0.14875203 0.47307968
v -0.35868773 0.13607585 0.46816424
v -0.35693559 0.12333426 0.46312383
v -0.35408691 0.11020632 0.45704475
v -0.34987748 0.09659664 0.44967619
v -0.34549096 0.08289132 0.44213057
v -0.34089163 0.06907705 0.43437394
v -0.33627790 0.05521948 0.42659298
v -0.32687607 0.03968925 0.41428086
v -0.31170535 0.02211565 0.39650145
v -0.29483497 0.00386579 0.37709060
v -0.14995138 0.60744327 0.43802971
v -0.17683585 0.60167921 0.45917901
v -0.19633661 0.59431428 0.47363472
v -0.21394478 0.58657831 0.48638564
v -0.22863504 0.57821810 0.49649367
v -0.24310781 0.56985497 0.50641686
v -0.25667861 0.56132376 0.51552999
v -0.26563230 0.55172127 0.52043796
v -0.27456799 0.54213810 0.52533621
v -0.28348580 0.53257418 0.53022450
v -0.29238570 0.52302933 0.53510302
v -0.30086920 0.51340389 0.53960681
v -0.30889344 0.50368416 0.54369569
v -0.31316283 0.49302760 0.54434651
v -0.31736994 0.48235816 0.54494107
v -0.32153317 0.47168022 0.54549611
v -0.32569546 0.46100476 0.54605097
v -0.32985675 0.45033166 0.54660577
v -0.33401713 0.43966109 0.54716045
v -0.33817655 0.42899287 0.54771495
v -0.34180909 0.41818497 0.54778481
v -0.34391689 0.40696168 0.54644883
v -0.34602588 0.39573225 0.54511207
v -0.34807160 0.38447875 0.54371518
v -0.35011181 0.37321693 0.54231119
v -0.35215318 0.36194858 0.54090649
v -0.35419574 0.35067374 0.53950101
v -0.35623950 0.33939233 0.53809458
v -0.35828444 0.32810447 0.53668743
v -0.35971376 0.31663072 0.53470767
v -0.36039963 0.30492952 0.53203547
v -0.36105520 0.29320633 0.52933151
v -0.36157167 0.28142852 0.52649468
v -0.36203906 0.26962206 0.52360839
v -0.36250702 0.25780162 0.52071857
v -0.36297551 0.24596718 0.51782542
v -0.36339888 0.23410466 0.51488620
v -0.36379209 0.22221838 0.51191491
v -0.36361477 0.21013997 0.50840741
v -0.36275882 0.19783154 0.50426161
v -0.36190137 0.18550223 0.50010872
v -0.36098495 0.17313369 0.49589506
v -0.35995954 0.16070944 0.49157372
v -0.35893235 0.14826329 0.48724470
v -0.35790336 0.13579516 0.48290810
v -0.35687250 0.12330500 0.47856376
v -0.35425612 0.11027071 0.47272640
v -0.35005304 0.09668083 0.46539181
v -0.34583744 0.08305042 0.45803541
v -0.34143117 0.06931937 0.45048964
v -0.33682528 0.05548326 0.44274575
v -0.32965055 0.04073204 0.43257353
v -0.31978941 0.02500722 0.41985723
v -0.30439782 0.00730599 0.40191129
v -0.11328607 0.61033326 0.42348441
v -0.14678796 0.60596395 0.45053631
v -0.17366478 0.60021061 0.47161573
v -0.19417514 0.59309006 0.48694545
v -0.20891304 0.58469903 0.49705341
v -0.22344922 0.57630920 0.50699151
v -0.23792659 0.56795335 0.51688939
v -0.25234550 0.55963117 0.52674729
v -0.26184475 0.55016792 0.53213876
v -0.27077830 0.54059261 0.53702188
v -0.27930662 0.53094125 0.54154211
v -0.28764266 0.52126402 0.54589295
v -0.29596382 0.51160413 0.55023611
v -0.30427012 0.50196153 0.55457139
v -0.30937541 0.49152401 0.55598605
v -0.31364131 0.48087755 0.55663472
v -0.31790611 0.47023401 0.55728322
v -0.32214135 0.45958582 0.55790550
v -0.32630011 0.44892052 0.55845857
v -0.33045793 0.43825763 0.55901146
v -0.33461481 0.42759719 0.55956423
v -0.33852091 0.41687164 0.55988741
v -0.34062621 0.40565655 0.55855578
v -0.34273264 0.39443532 0.55722338
v -0.34484029 0.38320792 0.55589032
v -0.34694397 0.37197292 0.55455184
v -0.34898281 0.36071306 0.55315173
v -0.35102287 0.34944674 0.55175078
v -0.35306409 0.33817393 0.55034912
v -0.35510647 0.32689455 0.54894656
v -0.35649717 0.31541887 0.54693991
v -0.35723874 0.30374318 0.54433018
v -0.35796714 0.29205081 0.54170471
v -0.35862121 0.28032342 0.53900677
v -0.35927597 0.26858300 0.53630590
v -0.35993147 0.25682953 0.53360200
v -0.36058766 0.24506298 0.53089505
v -0.36124462 0.23328334 0.52818513
v -0.36176986 0.22144967 0.52534914
v -0.36143813 0.20933531 0.52171236
v -0.36058110 0.19703840 0.51758194
v -0.35972267 0.18472062 0.51344448
v -0.35886282 0.17238197 0.50929999
v -0.35798913 0.16001840 0.50513703
v -0.35696125 0.14758448 0.50082445
v -0.35593158 0.13512865 0.49650428
v -0.35490006 0.12265082 0.49217647
v -0.35261634 0.10973879 0.48667195
v -0.34943339 0.09650098 0.48031861
v -0.34601885 0.08315422 0.47373962
v -0.34179702 0.06950308 0.46639535
v -0.33737102 0.05574623 0.45884946
v -0.33003461 0.04095872 0.44856277
v -0.31993169 0.02516949 0.43566456
v -0.31008697 0.00940536 0.42299119
v -0.28723478 -0.01095189 0.39807177
v -0.11652968 0.61027861 0.44183308
v -0.14362949 0.60448682 0.46302319
v -0.17046699 0.59873712 0.48400432
v -0.18899561 0.59117061 0.49749610
v -0.20362526 0.58276069 0.50747603
v -0.21819548 0.57438487 0.51741540
v -0.23270662 0.56604302 0.52731448
v -0.24715902 0.55773503 0.53717351
v -0.25768626 0.54852563 0.54348260
v -0.26605287 0.53881967 0.54783756
v -0.27440450 0.52913111 0.55218470
v -0.28274116 0.51945996 0.55652410
v -0.29106292 0.50980604 0.56085563
v -0.29936981 0.50016940 0.56517953
v -0.30559301 0.49002242 0.56761014
v -0.30985662 0.47938329 0.56825686
v -0.31411907 0.46874696 0.56890339
v -0.31838036 0.45811352 0.56954968
v -0.32264054 0.44748288 0.57019579
v -0.32689956 0.43685508 0.57084179
v -0.33105814 0.42620349 0.57139671
v -0.33521152 0.41555324 0.57194763
v -0.33734050 0.40435341 0.57064432
v -0.33944446 0.39314041 0.56931633
v -0.34154955 0.38192117 0.56798756
v -0.34365579 0.37069577 0.56665802
v -0.34576324 0.35946423 0.56532782
v -0.34785497 0.34822169 0.56398135
v -0.34989366 0.33695740 0.56258434
v -0.35193354 0.32568657 0.56118643
v -0.35328561 0.31420892 0.55915302
v -0.35402489 0.30254170 0.55655187
v -0.35476497 0.29086196 0.55394799
v -0.35550582 0.27916965 0.55134124
v -0.35618842 0.26744705 0.54867715
v -0.35684168 0.25570247 0.54598236
v -0.35749564 0.24394482 0.54328448
v -0.35815033 0.23217410 0.54058361
v -0.35880578 0.22039029 0.53787977
v -0.35865551 0.20834236 0.53442544
v -0.35810795 0.19615282 0.53059787
v -0.35749844 0.18392479 0.52670753
v -0.35668743 0.17161344 0.52262473
v -0.35582513 0.15926543 0.51848871
v -0.35496134 0.14689645 0.51434559
v -0.35396385 0.13446350 0.51007241
v -0.35293168 0.12199799 0.50576103
v -0.35027862 0.10897680 0.49993303
v -0.34740335 0.09585289 0.49388984
v -0.34413353 0.08256707 0.48747012
v -0.34078887 0.06922413 0.48097166
v -0.33743533 0.05584583 0.47445601
v -0.33041751 0.04118473 0.46450442
v -0.32016331 0.02536213 0.45151034
v -0.31023857 0.00958867 0.43880689
v -0.29489517 -0.00813513 0.42100784
v -0.26477247 -0.03098123 0.38900042
v -0.07591074 0.61236793 0.42394027
v -0.11330602 0.60877544 0.45430025
v -0.14034429 0.60298228 0.47537178
v -0.16447878 0.59662640 0.49385405
v -0.18337505 0.58914995 0.50763643
v -0.19801131 0.58074683 0.51759243
v -0.21258815 0.57237786 0.52750802
v -0.22710589 0.56404287 0.53738338
v -0.24070054 0.55553436 0.54643714
v -0.25243190 0.54661906 0.55381680
v -0.26092270 0.53694856 0.55827194
v -0.26939788 0.52729583 0.56271887
v -0.27784410 0.51765752 0.56714553
v -0.28616643 0.50800955 0.57146561
v -0.29447395 0.49837890 0.57577807
v -0.30181566 0.48852286 0.57921880
v -0.30607694 0.47789094 0.57986349
v -0.31033704 0.46726191 0.58050799
v -0.31459603 0.45663568 0.58115238
v -0.31885388 0.44601235 0.58179653
v -0.32311058 0.43539178 0.58244056
v -0.32736611 0.42477411 0.58308434
v -0.33159032 0.41415107 0.58370042
v -0.33403841 0.40304646 0.58269495
v -0.33616129 0.39184743 0.58139074
v -0.33826387 0.38063639 0.58006632
v -0.34036762 0.36941925 0.57874113
v -0.34247249 0.35819590 0.57741523
v -0.34457856 0.34696633 0.57608867
v -0.34668580 0.33573061 0.57476133
v -0.34876558 0.32448050 0.57340699
v -0.35007903 0.31300083 0.57134700
v -0.35081601 0.30134210 0.56875443
v -0.35155380 0.28967085 0.56615919
v -0.35229239 0.27798706 0.56356108
v -0.35303175 0.26629069 0.56096011
v -0.35375690 0.25457722 0.55834264
v -0.35440862 0.24282844 0.55565381
v -0.35506108 0.23106664 0.55296201
v -0.35571426 0.21929176 0.55026728
v -0.35536107 0.20719032 0.54663891
v -0.35494950 0.19505261 0.54295164
v -0.35443246 0.18286334 0.53916174
v -0.35382003 0.17062496 0.53527832
v -0.35320663 0.15836696 0.53138876
v -0.35259223 0.14608939 0.52749294
v -0.35192207 0.13377433 0.52353996
v -0.35081372 0.12129621 0.51917487
v -0.34794539 0.10821626 0.51316863
v -0.34507003 0.09510408 0.50714755
v -0.34217444 0.08195518 0.50109941
v -0.33883068 0.06862529 0.49462572
v -0.33547804 0.05526011 0.48813486
v -0.32883888 0.04074114 0.47857115
v -0.32056138 0.02561160 0.46746585
v -0.31038973 0.00977144 0.45457700
v -0.29292488 -0.00867266 0.43485707
v -0.27569386 -0.02713347 0.41532859
v -0.07961901 0.61239368 0.44269130
v -0.11000993 0.60725719 0.46667856
v -0.13704172 0.60147488 0.48768142
v -0.15723568 0.59422880 0.50256819
v -0.17718478 0.58699805 0.51725453
v -0.19240105 0.57873434 0.52770215
v -0.20698449 0.57037222 0.53759396
v -0.22079135 0.56187356 0.54679930
v -0.23370451 0.55320507 0.55521113
v -0.24657299 0.54456669 0.56359392
v -0.25559860 0.53503054 0.56851888
v -0.26407552 0.52538323 0.57295477
v -0.27253690 0.51575357 0.57738250
v -0.28098273 0.50614160 0.58180213
v -0.28941315 0.49654716 0.58621365
v -0.29779363 0.48696151 0.59058589
v -0.30220491 0.47637555 0.59136653
v -0.30640802 0.46573937 0.59195942
v -0.31061015 0.45510578 0.59255213
v -0.31481117 0.44447479 0.59314477
v -0.31901121 0.43384647 0.59373724
v -0.32321018 0.42322075 0.59432954
v -0.32740811 0.41259763 0.59492171
v -0.33021277 0.40159720 0.59424597
v -0.33233854 0.39040661 0.59295064
v -0.33447504 0.37921265 0.59166342
v -0.33661351 0.36801293 0.59037620
v -0.33875313 0.35680720 0.58908832
v -0.34089386 0.34559545 0.58779979
v -0.34303579 0.33437774 0.58651048
v -0.34517884 0.32315403 0.58522058
v -0.34655830 0.31170180 0.58322972
v -0.34741670 0.30008709 0.58075893
v -0.34828088 0.28846189 0.57828999
v -0.34908393 0.27680632 0.57576180
v -0.34982100 0.26511848 0.57316941
v -0.35055885 0.25341806 0.57057434
v -0.35129753 0.24170505 0.56797642
v -0.35197684 0.22996099 0.56532043
v -0.35248479 0.21815084 0.56250310
v -0.35207170 0.20604004 0.55883354
v -0.35165796 0.19391085 0.55515838
v -0.35124359 0.18176322 0.55147761
v -0.35075715 0.16957439 0.54772532
v -0.35014176 0.15732561 0.54384881
v -0.34952545 0.14505725 0.53996611
v -0.34890810 0.13276926 0.53607726
v -0.34763417 0.12024699 0.53157532
v -0.34526181 0.10734022 0.52604997
v -0.34274122 0.09435673 0.52037966
v -0.33985862 0.08122395 0.51436585
v -0.33687654 0.06802768 0.50825143
v -0.33352482 0.05467560 0.50178534
v -0.32581750 0.03980510 0.49126256
v -0.31807768 0.02487080 0.48069510
v -0.31032047 0.00987761 0.47009695
v -0.29248509 -0.00867763 0.45009884
v -0.27358571 -0.02770603 0.42908174
v -0.25097281 -0.04815016 0.40457264
v -0.07544681 0.61066878 0.45433497
v -0.10671886 0.60574132 0.47903803
v -0.12990245 0.59909821 0.49653351
v -0.14999309 0.59183133 0.51128173
v -0.16996323 0.58460802 0.52594143
v -0.18679449 0.57672316 0.53780526
v -0.20081554 0.56823385 0.54716265
v -0.21378495 0.55953991 0.55558795
v -0.22670940 0.55087614 0.56398404
v -0.23958912 0.54224229 0.57235110
v -0.25027853 0.53311408 0.57875818
v -0.25875714 0.52347213 0.58318299
v -0.26722023 0.51384777 0.58759969
v -0.27566779 0.50424111 0.59200829
v -0.28394982 0.49461406 0.59627336
v -0.29214242 0.48498496 0.60046345
v -0.29799762 0.47477448 0.60254729
v -0.30222401 0.46415120 0.60316122
v -0.30644068 0.45352837 0.60376716
v -0.31063977 0.44290385 0.60435802
v -0.31483781 0.43228197 0.60494876
v -0.31903484 0.42166269 0.60553938
v -0.32323083 0.41104603 0.60612977
v -0.32639930 0.40015176 0.60578829
v -0.32852268 0.38896817 0.60449702
v -0.33064723 0.37777856 0.60320503
v -0.33277434 0.36658332 0.60191369
v -0.33491153 0.35538453 0.60062969
v -0.33704987 0.34417978 0.59934509
v -0.33918938 0.33296907 0.59805977
v -0.34132999 0.32175228 0.59677374
v -0.34266871 0.31029588 0.59475416
v -0.34350473 0.29868218 0.59227270
v -0.34435153 0.28705937 0.58979779
v -0.34521398 0.27542901 0.58733380
v -0.34607729 0.26378670 0.58486724
v -0.34694156 0.25213248 0.58239830
v -0.34780663 0.24046628 0.57992673
v -0.34867263 0.22878812 0.57745260
v -0.34920269 0.21699388 0.57466692
v -0.34878740 0.20489153 0.57100934
v -0.34837151 0.19277084 0.56734627
v -0.34795493 0.18063171 0.56367761
v -0.34753776 0.16847417 0.56000334
v -0.34708196 0.15628596 0.55628860
v -0.34646368 0.14402680 0.55241895
v -0.34584442 0.13174805 0.54854327
v -0.34399301 0.11904668 0.54352540
v -0.34161821 0.10614774 0.53801751
v -0.33923799 0.09321950 0.53249711
v -0.33685237 0.08026189 0.52696413
v -0.33446133 0.06727477 0.52141857
v -0.33057004 0.05375154 0.51447648
v -0.32281142 0.03887412 0.50394219
v -0.31504536 0.02394136 0.49338651
v -0.30728814 0.00895873 0.48282456
v -0.29204643 -0.00868259 0.46530014
v -0.27148187 -0.02827743 0.44280693
v -0.25039637 -0.04816907 0.41979855
v -0.22419794 -0.06999224 0.39200225
v -0.03609436 0.61311823 0.43788359
v -0.07127967 0.60894591 0.46596462
v -0.10240567 0.60399675 0.49046275
v -0.12263918 0.59669346 0.50527322
v -0.14275098 0.58943403 0.51999462
v -0.16274215 0.58221817 0.53462774
v -0.18077275 0.57461548 0.54752719
v -0.19379872 0.56589592 0.55596596
v -0.20677945 0.55720663 0.56437546
v -0.21971519 0.54854745 0.57275575
v -0.23260619 0.53991824 0.58110708
v -0.24496241 0.53119898 0.58898973
v -0.25344273 0.52156240 0.59340352
v -0.26186666 0.51193327 0.59777254
v -0.27009034 0.50227517 0.60196728
v -0.27829966 0.49263403 0.60615480
v -0.28649470 0.48300964 0.61033493
v -0.29377687 0.47317055 0.61369848
v -0.29800135 0.46255362 0.61431068
v -0.30222473 0.45193937 0.61492264
v -0.30644703 0.44132784 0.61553448
v -0.31066829 0.43071902 0.61614621
v -0.31486443 0.42010650 0.61673599
v -0.31905845 0.40949625 0.61732465
v -0.32259089 0.39870825 0.61731547
v -0.32471186 0.38753164 0.61602819
v -0.32683396 0.37634900 0.61474013
v -0.32895723 0.36516035 0.61345148
v -0.33108163 0.35396561 0.61216199
v -0.33321092 0.34276596 0.61087531
v -0.33534795 0.33156216 0.60959387
v -0.33748615 0.32035238 0.60831183
v -0.33878410 0.30889177 0.60626358
v -0.33961758 0.29728487 0.60378969
v -0.34045190 0.28566593 0.60131323
v -0.34128714 0.27403504 0.59883422
v -0.34214792 0.26239952 0.59637523
v -0.34300956 0.25075206 0.59391367
v -0.34387210 0.23909269 0.59144962
v -0.34473550 0.22742134 0.58898306
v -0.34501135 0.21555614 0.58597559
v -0.34481549 0.20352916 0.58253235
v -0.34462211 0.19148582 0.57908666
v -0.34442842 0.17942522 0.57563603
v -0.34425202 0.16735296 0.57219660
v -0.34383205 0.15518548 0.56852883
v -0.34340692 0.14299804 0.56485146
v -0.34272888 0.13071004 0.56093657
v -0.34035701 0.11784808 0.55545855
v -0.33797979 0.10495695 0.54996806
v -0.33570880 0.09207363 0.54456800
v -0.33349356 0.07918191 0.53921187
v -0.33127344 0.06626172 0.53384393
v -0.32641861 0.05242189 0.52603722
v -0.31981042 0.03794471 0.51660055
v -0.31201836 0.02301355 0.50605696
v -0.30282271 0.00754407 0.49420094
v -0.28673404 -0.01038458 0.47594991
v -0.26938230 -0.02884766 0.45650420
v -0.24673533 -0.04927664 0.43212494
v -0.22954726 -0.06788989 0.41277421
v -0.20801671 -0.08815287 0.38936731
v -0.03192994 0.61138523 0.44958231
v -0.06713540 0.60722917 0.47759604
v -0.09502847 0.60156369 0.49914601
v -0.11527513 0.59426582 0.51392227
v -0.13540006 0.58701181 0.52860963
v -0.15540436 0.57980132 0.54320908
v -0.17274168 0.57203871 0.55545050
v -0.18649314 0.56349003 0.56450975
v -0.19955558 0.55482143 0.57296604
v -0.21257241 0.54618317 0.58139277
v -0.22554389 0.53757501 0.58979017
v -0.23847021 0.52899683 0.59815836
v -0.24797478 0.51961517 0.60347545
v -0.25621524 0.50994503 0.60766762
v -0.26444134 0.50029171 0.61185247
v -0.27265304 0.49065521 0.61603004
v -0.28085044 0.48103550 0.62020028
v -0.28903356 0.47143257 0.62436330
v -0.29378355 0.46095788 0.62544727
v -0.29800504 0.45034993 0.62605745
v -0.30222544 0.43974474 0.62666756
v -0.30644479 0.42914224 0.62727743
v -0.31066304 0.41854247 0.62788719
v -0.31488025 0.40794539 0.62849677
v -0.31878749 0.39726666 0.62882757
v -0.32090601 0.38609698 0.62754416
v -0.32302570 0.37492129 0.62626010
v -0.32514656 0.36373961 0.62497532
v -0.32726854 0.35255188 0.62368989
v -0.32939166 0.34135813 0.62240374
v -0.33151594 0.33015835 0.62111688
v -0.33364734 0.31895429 0.61983478
v -0.33490458 0.30748948 0.61775815
v -0.33573550 0.29588938 0.61529177
v -0.33656728 0.28427726 0.61282283
v -0.33739990 0.27265316 0.61035138
v -0.33823338 0.26101708 0.60787731
v -0.33908263 0.24937347 0.60541433
v -0.33994260 0.23772086 0.60295773
v -0.34080344 0.22605631 0.60049856
v -0.34083423 0.21412298 0.59727925
v -0.34063509 0.20210205 0.59384573
v -0.34043586 0.19006394 0.59040749
v -0.34023932 0.17800957 0.58696705
v -0.34004247 0.16593793 0.58352172
v -0.33984533 0.15384898 0.58007139
v -0.33964795 0.14174271 0.57661611
v -0.33889142 0.12943743 0.57264388
v -0.33716980 0.11679637 0.56778139
v -0.33496290 0.10397101 0.56246716
v -0.33275113 0.09111740 0.55714113
v -0.33053449 0.07823547 0.55180335
v -0.32804927 0.06523637 0.54621142
v -0.32166955 0.05088963 0.53702909
v -0.31526566 0.03648850 0.52781194
v -0.30883744 0.02203268 0.51855981
v -0.29650837 0.00548997 0.50385535
v -0.28023294 -0.01250047 0.48549035
v -0.26599935 -0.02986796 0.46898502
v -0.24307963 -0.05038260 0.44443342
v -0.22665942 -0.06871332 0.42585605
v -0.21410440 -0.08575638 0.41082850
v -0.19202124 -0.10630305 0.38696066
v 0.01240947 0.61284602 0.42897478
v -0.02781259 0.60966349 0.46130395
v -0.06262429 0.60543156 0.48888400
v -0.08668799 0.59891367 0.50697505
v -0.10788648 0.59183264 0.52254897
v -0.12803340 0.58458602 0.53721035
v -0.14678842 0.57708848 0.55065501
v -0.16367318 0.56921917 0.56245548
v -0.17909659 0.56106263 0.57297230
v -0.19217202 0.55239826 0.58141375
v -0.20520179 0.54376423 0.58982581
v -0.21818615 0.53516018 0.59820855
v -0.23083566 0.52651525 0.60630381
v -0.24218111 0.51758808 0.61324650
v -0.25046235 0.50793183 0.61746293
v -0.25872907 0.49829260 0.62167192
v -0.26698121 0.48867032 0.62587357
v -0.27520970 0.47906259 0.63005960
v -0.28339520 0.46946436 0.63421273
v -0.28957060 0.45936397 0.63657093
v -0.29379019 0.44876233 0.63717937
v -0.29799724 0.43816042 0.63777739
v -0.30216676 0.42755145 0.63834250
v -0.30633533 0.41694501 0.63890755
v -0.31050289 0.40634105 0.63947237
v -0.31466946 0.39573961 0.64003712
v -0.31677568 0.38457346 0.63874853
v -0.31884933 0.37339187 0.63742888
v -0.32098937 0.36222237 0.63616735
v -0.32313055 0.35104692 0.63490510
v -0.32527286 0.33986560 0.63364220
v -0.32741633 0.32867831 0.63237864
v -0.32956091 0.31748509 0.63111442
v -0.33070907 0.30599558 0.62894756
v -0.33167353 0.29444143 0.62661159
v -0.33263895 0.28287598 0.62427342
v -0.33351779 0.27127311 0.62185365
v -0.33434871 0.25964385 0.61938709
v -0.33518052 0.24800259 0.61691809
v -0.33601815 0.23635079 0.61445099
v -0.33686376 0.22468916 0.61198783
v -0.33666208 0.21269153 0.60856938
v -0.33646011 0.20067674 0.60514599
v -0.33625782 0.18864478 0.60171771
v -0.33605525 0.17659561 0.59828454
v -0.33585545 0.16453016 0.59484929
v -0.33565548 0.15244745 0.59140915
v -0.33545521 0.14034742 0.58796412
v -0.33411813 0.12786065 0.58347607
v -0.33246100 0.11524663 0.57868946
v -0.33080059 0.10260751 0.57389337
v -0.32913688 0.08994322 0.56908774
v -0.32746986 0.07725368 0.56427252
v -0.32332814 0.06370719 0.55718279
v -0.31708825 0.04941413 0.54815930
v -0.31082502 0.03506772 0.53910208
v -0.30453837 0.02066763 0.53001106
v -0.29019681 0.00343676 0.51350558
v -0.27373427 -0.01461558 0.49502724
v -0.25609922 -0.03317201 0.47544470
v -0.24001843 -0.05127914 0.45726654
v -0.22377661 -0.06953532 0.43891507
v -0.21122389 -0.08656595 0.42394009
v -0.19858679 -0.10370269 0.40886673
v -0.17677066 -0.12423892 0.38529727
v 0.01198665 0.61210620 0.44477925
v -0.02371695 0.60794759 0.47302595
v -0.05395387 0.60270667 0.49648324
v -0.07805456 0.59619755 0.51455003
v -0.10049802 0.58939946 0.53117555
v -0.12066692 0.58216029 0.54581076
v -0.13768694 0.57426274 0.55767781
v -0.15459907 0.56639796 0.56946486
v -0.17142908 0.55857128 0.58119470
v -0.18478839 0.54997510 0.58986157
v -0.19783111 0.54134524 0.59825891
v -0.21070255 0.53271490 0.60651523
v -0.22301346 0.52398777 0.61428428
v -0.23528454 0.51528889 0.62202817
v -0.24464379 0.50590265 0.62719107
v -0.25291330 0.49626788 0.63139039
v -0.26116827 0.48665005 0.63558227
v -0.26940876 0.47704908 0.63976687
v -0.27762631 0.46746281 0.64393646
v -0.28538764 0.45777842 0.64770436
v -0.28941128 0.44713229 0.64813763
v -0.29353938 0.43651593 0.64866489
v -0.29770723 0.42591277 0.64922845
v -0.30187413 0.41531211 0.64979184
v -0.30604002 0.40471399 0.65035516
v -0.31020492 0.39411837 0.65091830
v -0.31280410 0.38309410 0.65007758
v -0.31474939 0.37188414 0.64864886
v -0.31669584 0.36066738 0.64721930
v -0.31880799 0.34949031 0.64593667
v -0.32094795 0.33831480 0.64467740
v -0.32308906 0.32713336 0.64341748
v -0.32523131 0.31594598 0.64215684
v -0.32632309 0.30444655 0.63994777
v -0.32703578 0.29282489 0.63739383
v -0.32793036 0.28124437 0.63500065
v -0.32889396 0.26967242 0.63266653
v -0.32985845 0.25808915 0.63033015
v -0.33082393 0.24649453 0.62799144
v -0.33179033 0.23488854 0.62565041
v -0.33244255 0.22317444 0.62302178
v -0.33249494 0.21126179 0.61984599
v -0.33229011 0.19925317 0.61643279
v -0.33208495 0.18722738 0.61301464
v -0.33187953 0.17518440 0.60959154
v -0.33167383 0.16312419 0.60616362
v -0.33147061 0.15104760 0.60273337
v -0.33100727 0.13886985 0.59906173
v -0.32934952 0.12628545 0.59429771
v -0.32768849 0.11367605 0.58952421
v -0.32603055 0.10104369 0.58474708
v -0.32439059 0.08839326 0.57997984
v -0.32272196 0.07570927 0.57517987
v -0.31808323 0.06200169 0.56766021
v -0.31307951 0.04813255 0.55979657
v -0.30681282 0.03379297 0.55076689
v -0.29680711 0.01812380 0.53830218
v -0.28320375 0.00114790 0.52252489
v -0.26723802 -0.01672990 0.50456053
v -0.24619032 -0.03647900 0.48191017
v -0.23553599 -0.05267723 0.46876892
v -0.22089507 -0.07035720 0.45194787
v -0.20830083 -0.08739108 0.43698505
v -0.19571294 -0.10449854 0.42200753
v -0.18406287 -0.12134246 0.40787271
v -0.16150279 -0.14223294 0.38366973
v 0.06547914 0.61169320 0.41641536
v 0.01610451 0.61037433 0.45654854
v -0.01962636 0.60623384 0.48473352
v -0.04527979 0.59998065 0.50408560
v -0.06941751 0.59348017 0.52212822
v -0.09310971 0.58696640 0.53980190
v -0.11155738 0.57933414 0.55287367
v -0.12857983 0.57143527 0.56470495
v -0.14551936 0.56357491 0.57647854
v -0.16237661 0.55575269 0.58819497
v -0.17740469 0.54755187 0.59830952
v -0.19046037 0.53892618 0.60669208
v -0.20286509 0.53018361 0.61450940
v -0.21518984 0.52145982 0.62226629
v -0.22747470 0.51276422 0.62999797
v -0.23882842 0.50387460 0.63691384
v -0.24710077 0.49424425 0.64110345
v -0.25535858 0.48463082 0.64528567
v -0.26356515 0.47502494 0.64942789
v -0.27165034 0.46540812 0.65346766
v -0.27972174 0.45580763 0.65750045
v -0.28536665 0.44559047 0.65937746
v -0.28938749 0.43495286 0.65980935
v -0.29340762 0.42431721 0.66024119
v -0.29742697 0.41368347 0.66067296
v -0.30158186 0.40308863 0.66122633
v -0.30574510 0.39249882 0.66178793
v -0.30883744 0.38161665 0.66139263
v -0.31078035 0.37041318 0.65996814
v -0.31272441 0.35920298 0.65854281
v -0.31466964 0.34798604 0.65711665
v -0.31662786 0.33676574 0.65570027
v -0.31876665 0.32559013 0.65444392
v -0.32090655 0.31440860 0.65318698
v -0.32195091 0.30290183 0.65094399
v -0.32266089 0.29128578 0.64839739
v -0.32337165 0.27965727 0.64584810
v -0.32418716 0.26804727 0.64338970
v -0.32514891 0.25646886 0.64105964
v -0.32611161 0.24487914 0.63872737
v -0.32707521 0.23327802 0.63639277
v -0.32740331 0.22147022 0.63348138
v -0.32708934 0.20944934 0.62998605
v -0.32712707 0.19752048 0.62680393
v -0.32719296 0.18558452 0.62364298
v -0.32725894 0.17363274 0.62047786
v -0.32732505 0.16166513 0.61730856
v -0.32729134 0.14964962 0.61404455
v -0.32625204 0.13729313 0.60986406
v -0.32461798 0.12472230 0.60513812
v -0.32298070 0.11212666 0.60040283
v -0.32134017 0.09950610 0.59565818
v -0.31969637 0.08686057 0.59090412
v -0.31646389 0.07366014 0.58469784
v -0.31181642 0.05995228 0.57719457
v -0.30715445 0.04620164 0.56966788
v -0.30178350 0.03217117 0.56148446
v -0.28854153 0.01539649 0.54610747
v -0.27490923 -0.00159090 0.53035307
v -0.25576487 -0.02057627 0.50954044
v -0.23627257 -0.03978894 0.48838133
v -0.22558697 -0.05600325 0.47525153
v -0.21781395 -0.07125029 0.46477062
v -0.20536530 -0.08822105 0.44999135
v -0.19284411 -0.10529296 0.43512529
v -0.18119615 -0.12212435 0.42104012
v -0.16948192 -0.13905151 0.40687481
v -0.13418177 -0.16469759 0.37102002
v 0.05637114 0.61281824 0.43987039
v 0.02021729 0.60864460 0.46830335
v -0.01224777 0.60379350 0.49353904
v -0.03660296 0.59725368 0.51169205
v -0.06078597 0.59076375 0.52971756
v -0.08445161 0.58424413 0.54731226
v -0.10238113 0.57649225 0.55988717
v -0.11944814 0.56860167 0.57171977
v -0.13643192 0.56074965 0.58349472
v -0.15331855 0.55293244 0.59519958
v -0.17002094 0.54512858 0.60675746
v -0.18264742 0.53640074 0.61473536
v -0.19502616 0.52765185 0.62250513
v -0.20736477 0.51893133 0.63024974
v -0.21966343 0.51023906 0.63796920
v -0.23192234 0.50157487 0.64566380
v -0.24129145 0.49222180 0.65081108
v -0.24948694 0.48259628 0.65492594
v -0.25758898 0.47296715 0.65896344
v -0.26567727 0.46335447 0.66299415
v -0.27375177 0.45375803 0.66701788
v -0.28132698 0.44405049 0.67060369
v -0.28534573 0.43341947 0.67103434
v -0.28936377 0.42279038 0.67146486
v -0.29338107 0.41216323 0.67189533
v -0.29739761 0.40153801 0.67232573
v -0.30141348 0.39091471 0.67275608
v -0.30485457 0.38013515 0.67267460
v -0.30682775 0.36894727 0.67128354
v -0.30875793 0.35774040 0.66985232
v -0.31070074 0.34653002 0.66843039
v -0.31264472 0.33531290 0.66700768
v -0.31458986 0.32408902 0.66558403
v -0.31658658 0.31287292 0.66420472
v -0.31758356 0.30135882 0.66192818
v -0.31829083 0.28974831 0.65938884
v -0.31899881 0.27812541 0.65684676
v -0.31970763 0.26649001 0.65430212
v -0.32044399 0.25485018 0.65177870
v -0.32140389 0.24326533 0.64945281
v -0.32236475 0.23166911 0.64712459
v -0.32236835 0.21976745 0.64393193
v -0.32205087 0.20775051 0.64044577
v -0.32173288 0.19571590 0.63695455
v -0.32177246 0.18377598 0.63378102
v -0.32183486 0.17182732 0.63062376
v -0.32189733 0.15986280 0.62746233
v -0.32195985 0.14788242 0.62429667
v -0.32062066 0.13543364 0.61985940
v -0.31925574 0.12295419 0.61539292
v -0.31788829 0.11045138 0.61091799
v -0.31651828 0.09792516 0.60643482
v -0.31485027 0.08527743 0.60167539
v -0.31001824 0.07154830 0.59403914
v -0.30512917 0.05776139 0.58634084
v -0.29923698 0.04359573 0.57772082
v -0.29115343 0.02863904 0.56709707
v -0.27872038 0.01213507 0.55250245
v -0.26500446 -0.00488628 0.53672022
v -0.24300875 -0.02486888 0.51337469
v -0.22634600 -0.04310183 0.49485832
v -0.21688345 -0.05888993 0.48288405
v -0.20927081 -0.07408231 0.47258198
v -0.20162620 -0.08933847 0.46223664
v -0.18998031 -0.10608599 0.44822010
v -0.17843382 -0.12286890 0.43427527
v -0.16696720 -0.13969375 0.42038450
v -0.15250781 -0.15768644 0.40373373
v 0.06052059 0.61106932 0.45166066
v 0.02432502 0.60691696 0.48004371
v -0.00356367 0.60106409 0.50120258
v -0.02796342 0.59453470 0.51933742
v -0.05218318 0.58805352 0.53733844
v -0.07399839 0.58111262 0.55325705
v -0.09311976 0.57363021 0.56683564
v -0.11021508 0.56574410 0.57865518
v -0.12722698 0.55789644 0.59041703
v -0.14415608 0.55008698 0.60212165
v -0.16062161 0.54222447 0.61343437
v -0.17456271 0.53380972 0.62254220
v -0.18698613 0.52507114 0.63032663
v -0.19936915 0.51636100 0.63808578
v -0.21171194 0.50767910 0.64581966
v -0.22401470 0.49902543 0.65352851
v -0.23549750 0.49020344 0.66052413
v -0.24359040 0.48055565 0.66453648
v -0.25166962 0.47092423 0.66854203
v -0.25973517 0.46130902 0.67254078
v -0.26778710 0.45171008 0.67653280
v -0.27584863 0.44213343 0.68053859
v -0.28126720 0.43187693 0.68220872
v -0.28512096 0.42121103 0.68249422
v -0.28897426 0.41054639 0.68277967
v -0.29282707 0.39988303 0.68306506
v -0.29667944 0.38922104 0.68335050
v -0.30053133 0.37856027 0.68363583
v -0.30232903 0.36733001 0.68209487
v -0.30412847 0.35609254 0.68055338
v -0.30610165 0.34489644 0.67916453
v -0.30807599 0.33369377 0.67777491
v -0.31005153 0.32248452 0.67638445
v -0.31202823 0.31126863 0.67499316
v -0.31279060 0.29969215 0.67251593
v -0.31360215 0.28811768 0.67007923
v -0.31445742 0.27654397 0.66767836
v -0.31531358 0.26495847 0.66527516
v -0.31604370 0.25332314 0.66275579
v -0.31675124 0.24166836 0.66021287
v -0.31765833 0.23006161 0.65784544
v -0.31733775 0.21806616 0.65437347
v -0.31701672 0.20605312 0.65089655
v -0.31669518 0.19402248 0.64741451
v -0.31637320 0.18197417 0.64392734
v -0.31641465 0.17002316 0.64076233
v -0.31647348 0.15806176 0.63760871
v -0.31597242 0.14590502 0.63394660
v -0.31460482 0.13345009 0.62949854
v -0.31323460 0.12097190 0.62504214
v -0.31180286 0.10845107 0.62052417
v -0.30989212 0.09574952 0.61556756
v -0.30654463 0.08254609 0.60930580
v -0.30204237 0.06892508 0.60199136
v -0.29707646 0.05511104 0.59424740
v -0.28862235 0.04007613 0.58333427
v -0.28051046 0.02510263 0.57271647
v -0.26890346 0.00887522 0.55891502
v -0.25206771 -0.00922956 0.54035032
v -0.23022757 -0.02916993 0.51721650
v -0.21641056 -0.04641767 0.50134104
v -0.20835644 -0.06171432 0.49068379
v -0.20072456 -0.07691536 0.48039621
v -0.19306062 -0.09218024 0.47006541
v -0.18539467 -0.10749849 0.45971870
v -0.17594710 -0.12351419 0.44773352
v -0.16448440 -0.14032491 0.43389353
v -0.15012334 -0.15826853 0.41738850
v 0.06466497 0.60932249 0.46343657
v 0.02988214 0.60487235 0.49050304
v 0.00515079 0.59832758 0.50884593
v -0.01932037 0.59181464 0.52698594
v -0.04357693 0.58534217 0.54496235
v -0.06353381 0.57797766 0.55920827
v -0.08311253 0.57059616 0.57314241
v -0.10097590 0.56288463 0.58559519
v -0.11801597 0.55504137 0.59734398
v -0.13497306 0.54723626 0.60903561
v -0.15073720 0.53920400 0.61969757
v -0.16623184 0.53115928 0.63013732
v -0.17878242 0.52245051 0.63800842
v -0.19118074 0.51374322 0.64575630
v -0.20353881 0.50506425 0.65347898
v -0.21585676 0.49641338 0.66117662
v -0.22780453 0.48770741 0.66855884
v -0.23807479 0.47861204 0.67447454
v -0.24615602 0.46898541 0.67847037
v -0.25422359 0.45937499 0.68245935
v -0.26227751 0.44978085 0.68644178
v -0.26979619 0.44006589 0.68995702
v -0.27694300 0.43026984 0.69314861
v -0.28059515 0.41955653 0.69325680
v -0.28424716 0.40884379 0.69336504
v -0.28801319 0.39816251 0.69357425
v -0.29186404 0.38750544 0.69385886
v -0.29571447 0.37684968 0.69414341
v -0.29813236 0.36579713 0.69315851
v -0.29985198 0.35454392 0.69155282
v -0.30157277 0.34328306 0.68994612
v -0.30340225 0.33204511 0.68843377
v -0.30537543 0.32084084 0.68704706
v -0.30734974 0.30962995 0.68565959
v -0.30803895 0.29803774 0.68312651
v -0.30856994 0.28638640 0.68044913
v -0.30929604 0.27477935 0.67794204
v -0.31014922 0.26319763 0.67554498
v -0.31100324 0.25160411 0.67314535
v -0.31185818 0.23999883 0.67074341
v -0.31222758 0.22823355 0.66790432
v -0.31201413 0.21627505 0.66454029
v -0.31196496 0.20435041 0.66131872
v -0.31166181 0.19233048 0.65786541
v -0.31133625 0.18028612 0.65438741
v -0.31101024 0.16822408 0.65090430
v -0.31105357 0.15626203 0.64774781
v -0.30996487 0.14392118 0.64357078
v -0.30842781 0.13141455 0.63898534
v -0.30651754 0.11876342 0.63405818
v -0.30460337 0.10608609 0.62912083
v -0.30253521 0.09333301 0.62403822
v -0.29803273 0.07974630 0.61675578
v -0.29319644 0.06601112 0.60916257
v -0.28748167 0.05194188 0.60076666
v -0.27896553 0.03688109 0.58983070
v -0.26946425 0.02142881 0.57799006
v -0.25600699 0.00455816 0.56255758
v -0.23910451 -0.01358172 0.54398787
v -0.21742126 -0.03347943 0.52106583
v -0.20744559 -0.04939349 0.50871658
v -0.19982637 -0.06453972 0.49848631
v -0.19201855 -0.07980503 0.48807114
v -0.18371312 -0.09530120 0.47719014
v -0.17632392 -0.11052356 0.46712643
v -0.16969518 -0.12552220 0.45774016
v -0.16200629 -0.14095485 0.44737694
v -0.14775598 -0.15884493 0.43102825
v -0.13222955 -0.17728932 0.41349506
v 0.10979526 0.61081153 0.44286656
v 0.06880014 0.60757875 0.47520170
v 0.03866896 0.60211903 0.49814764
v 0.01389287 0.59558469 0.51647162
v -0.01067381 0.58909351 0.53463751
v -0.03332471 0.58225858 0.55116069
v -0.05305787 0.57483929 0.56516594
v -0.07267736 0.56746280 0.57909048
v -0.09173061 0.56002331 0.59253973
v -0.10879887 0.55218434 0.60427541
v -0.12525211 0.54425782 0.61548996
v -0.14084364 0.53618068 0.62596661
v -0.15636705 0.52813894 0.63639742
v -0.17057607 0.51982898 0.64569271
v -0.18298972 0.51112461 0.65342927
v -0.19536306 0.50244850 0.66114074
v -0.20760463 0.49377763 0.66874695
v -0.21950345 0.48505816 0.67606258
v -0.23136553 0.47636560 0.68335575
v -0.24064605 0.46704790 0.68839222
v -0.24871558 0.45744228 0.69237155
v -0.25615606 0.44769254 0.69580317
v -0.26338196 0.43790346 0.69905061
v -0.27059790 0.42812794 0.70229357
v -0.27644315 0.41800243 0.70433354
v -0.28009313 0.40729588 0.70444137
v -0.28374293 0.39658988 0.70454925
v -0.28739256 0.38588434 0.70465714
v -0.29104203 0.37517929 0.70476502
v -0.29394051 0.36426595 0.70420939
v -0.29565772 0.35301876 0.70260847
v -0.29737607 0.34176385 0.70100641
v -0.29909563 0.33050129 0.69940323
v -0.30081636 0.31923100 0.69779897
v -0.30267587 0.30799285 0.69631565
v -0.30329183 0.29638490 0.69372708
v -0.30381989 0.28473818 0.69105697
v -0.30434853 0.27307823 0.68838388
v -0.30498895 0.26143816 0.68580651
v -0.30584005 0.24984841 0.68341315
v -0.30669200 0.23824687 0.68101734
v -0.30647752 0.22630827 0.67766839
v -0.30575532 0.21419694 0.67386234
v -0.30569384 0.20227075 0.67064047
v -0.30564031 0.19033079 0.66742146
v -0.30558670 0.17837459 0.66419810
v -0.30553299 0.16640206 0.66097033
v -0.30507764 0.15428539 0.65737891
v -0.30315933 0.14168164 0.65247339
v -0.30124348 0.12905388 0.64756346
v -0.29932585 0.11640066 0.64264530
v -0.29740429 0.10372124 0.63771695
v -0.29394183 0.09050897 0.63139927
v -0.28906783 0.07679617 0.62380546
v -0.28417829 0.06303964 0.61618745
v -0.27667278 0.04836429 0.60620683
v -0.26532745 0.03233755 0.59275758
v -0.25369480 0.01614442 0.57903141
v -0.24066974 -0.00059661 0.56403202
v -0.22611472 -0.01794279 0.54763281
v -0.20726672 -0.03686609 0.52733803
v -0.19893160 -0.05221127 0.51650751
v -0.19089741 -0.06750565 0.50593412
v -0.18260506 -0.08294564 0.49511302
v -0.17427593 -0.09845404 0.48424387
v -0.16724825 -0.11355027 0.47453821
v -0.16060045 -0.12855873 0.46516350
v -0.15408464 -0.14356716 0.45589569
v -0.14582074 -0.15926357 0.44502941
v -0.13030379 -0.17769007 0.42756397
v 0.11556929 0.60870260 0.45329505
v 0.07289398 0.60584503 0.48698381
v 0.04745958 0.59936464 0.50579560
v 0.02263869 0.59284067 0.52410060
v -0.00202373 0.58637118 0.54229224
v -0.02279623 0.57911175 0.55713451
v -0.04257054 0.57169759 0.57113010
v -0.06223088 0.56432611 0.58504498
v -0.08177825 0.55699700 0.59887993
v -0.09957568 0.54932553 0.61121154
v -0.11532044 0.54122883 0.62177366
v -0.13094094 0.53315467 0.63224137
v -0.14649315 0.52511573 0.64266330
v -0.16197753 0.51711190 0.65303981
v -0.17479609 0.50850517 0.66110474
v -0.18718471 0.49983191 0.66880494
v -0.19928534 0.49112496 0.67626375
v -0.21119927 0.48240793 0.68356925
v -0.22307639 0.47371781 0.69085205
v -0.23491690 0.46505451 0.69811249
v -0.24250136 0.45532733 0.70165551
v -0.24975894 0.44553256 0.70491672
v -0.25701630 0.43575403 0.70818210
v -0.26426357 0.42598903 0.71144289
v -0.27150074 0.41623759 0.71469915
v -0.27555111 0.40564400 0.71515983
v -0.27892846 0.39486995 0.71502936
v -0.28230599 0.38409528 0.71489894
v -0.28568369 0.37331998 0.71476853
v -0.28906164 0.36254415 0.71463811
v -0.29082218 0.35131416 0.71308172
v -0.29249832 0.34005257 0.71144885
v -0.29426512 0.32880861 0.70989388
v -0.29603311 0.31755716 0.70833784
v -0.29776603 0.30628780 0.70674872
v -0.29825395 0.29464760 0.70405644
v -0.29892832 0.28304866 0.70152551
v -0.29960337 0.27143720 0.69899184
v -0.30012634 0.25976759 0.69632000
v -0.30068099 0.24809411 0.69367272
v -0.30145624 0.23647401 0.69121766
v -0.30073079 0.22438414 0.68742669
v -0.30000421 0.21227477 0.68362969
v -0.29942513 0.20019187 0.67995870
v -0.29936737 0.18825284 0.67674667
v -0.29930949 0.17629753 0.67353022
v -0.29925156 0.16432592 0.67030936
v -0.29798201 0.15195240 0.66600406
v -0.29605642 0.13934678 0.66110766
v -0.29412687 0.12671503 0.65620112
v -0.29219332 0.11405713 0.65128440
v -0.28879008 0.10089318 0.64504719
v -0.28372523 0.08714990 0.63731527
v -0.27864394 0.07336187 0.62955821
v -0.27217188 0.05906966 0.62054479
v -0.26118836 0.04321378 0.60747534
v -0.24979533 0.02715264 0.59402090
v -0.23744337 0.01069596 0.57968760
v -0.22434618 -0.00608965 0.56466550
v -0.21116708 -0.02298020 0.54954952
v -0.19802341 -0.03993562 0.53444493
v -0.18978044 -0.05525212 0.52373052
v -0.18150111 -0.07063623 0.51296890
v -0.17318515 -0.08608839 0.50215960
v -0.16483232 -0.10160905 0.49130243
v -0.15816768 -0.11657862 0.48195404
v -0.15176772 -0.13150038 0.47283193
v -0.14548799 -0.14642517 0.46380612
v -0.13707770 -0.16217679 0.45284128
v -0.12831773 -0.17817232 0.44147968
v -0.09864869 -0.20186573 0.41129971
v 0.12138258 0.60658586 0.46367964
v 0.08122981 0.60318863 0.49508968
v 0.05625402 0.59660900 0.51344687
v 0.03138826 0.59009534 0.53173286
v 0.00769574 0.58340895 0.54902929
v -0.01227227 0.57596511 0.56312865
v -0.03208557 0.56855547 0.57711256
v -0.05178463 0.56118864 0.59101593
v -0.07137045 0.55386412 0.60483932
v -0.08949129 0.54626399 0.61741114
v -0.10537954 0.53819704 0.62806314
v -0.12102907 0.53012574 0.63852191
v -0.13661015 0.52208978 0.64893496
v -0.15212321 0.51408887 0.65930259
v -0.16659985 0.50588489 0.66878265
v -0.17899689 0.49721283 0.67646551
v -0.19096293 0.48847121 0.68378341
v -0.20289196 0.47975668 0.69107860
v -0.21487135 0.47109121 0.69842726
v -0.22653316 0.46238089 0.70550853
v -0.23661438 0.45329720 0.71121937
v -0.24420103 0.44359159 0.71475869
v -0.25145993 0.43381748 0.71801615
v -0.25857866 0.42402244 0.72115523
v -0.26428580 0.41386583 0.72306305
v -0.26998830 0.40371752 0.72496927
v -0.27369988 0.39303792 0.72513318
v -0.27700251 0.38224712 0.72493857
v -0.28030545 0.37145546 0.72474408
v -0.28360865 0.36066291 0.72454953
v -0.28607243 0.34963399 0.72361708
v -0.28773859 0.33837494 0.72198200
v -0.28940594 0.32710803 0.72034580
v -0.29107442 0.31583324 0.71870846
v -0.29264858 0.30452293 0.71698582
v -0.29312322 0.29288346 0.71429145
v -0.29359838 0.28123060 0.71159405
v -0.29421744 0.26960674 0.70902008
v -0.29489008 0.25798583 0.70648998
v -0.29556346 0.24635242 0.70395714
v -0.29554427 0.23449667 0.70080835
v -0.29498741 0.22246110 0.69717938
v -0.29425639 0.21035370 0.69339120
v -0.29352421 0.19822682 0.68959701
v -0.29309687 0.18617569 0.68606818
v -0.29303473 0.17422129 0.68285871
v -0.29281580 0.16220108 0.67950571
v -0.29088697 0.14961959 0.67462850
v -0.28895414 0.13701209 0.66974121
v -0.28612453 0.12409029 0.66404933
v -0.28258169 0.11090771 0.65771461
v -0.27812994 0.09739543 0.65056145
v -0.27295369 0.08360793 0.64275253
v -0.26597264 0.06918173 0.63332266
v -0.25691023 0.05401202 0.62202162
v -0.24561623 0.03803394 0.60871130
v -0.23408392 0.02185191 0.59523302
v -0.22113843 0.00522956 0.58034587
v -0.20694202 -0.01195326 0.56438184
v -0.19158839 -0.02961754 0.54735941
v -0.18301299 -0.04501112 0.53639096
v -0.17684250 -0.05961879 0.52756536
v -0.17064954 -0.07427956 0.51870763
v -0.16375883 -0.08923326 0.50921100
v -0.15574282 -0.10463747 0.49868992
v -0.14945842 -0.11947341 0.48971233
v -0.14318486 -0.13435152 0.48073226
v -0.13683410 -0.14930390 0.47167048
v -0.12810242 -0.16517498 0.46045014
v -0.11973933 -0.18096793 0.44954705
v -0.09825002 -0.20168599 0.42678061
v 0.12719212 0.60447043 0.47405753
v 0.09006653 0.60042286 0.50276893
v 0.06505224 0.59385222 0.52110136
v 0.04014158 0.58734900 0.53936845
v 0.01831818 0.58024353 0.55500066
v -0.00174902 0.57281780 0.56913978
v -0.02160344 0.56541330 0.58311385
v -0.04134333 0.55805159 0.59700739
v -0.06096968 0.55073214 0.61082095
v -0.07821069 0.54292077 0.62259167
v -0.09462113 0.53497082 0.63365972
v -0.11056406 0.52696395 0.64433777
v -0.12643573 0.51899290 0.65496814
v -0.14223661 0.51105738 0.66555101
v -0.15773393 0.50309986 0.67588472
v -0.17065617 0.49455562 0.68399835
v -0.18272333 0.48583797 0.69138044
v -0.19477563 0.47715336 0.69875932
v -0.20679019 0.46849591 0.70611513
v -0.21797676 0.45966280 0.71276051
v -0.22807077 0.45058021 0.71846384
v -0.23814024 0.44151977 0.72415334
v -0.24559814 0.43180087 0.72757465
v -0.25131294 0.42163694 0.72948062
v -0.25702310 0.41148129 0.73138505
v -0.26277786 0.40134722 0.73333091
v -0.26827684 0.39115334 0.73505592
v -0.27176869 0.38041836 0.73502845
v -0.27504840 0.36962470 0.73481536
v -0.27830923 0.35882470 0.73458546
v -0.28157032 0.34802359 0.73435545
v -0.28349814 0.33684444 0.73295653
v -0.28520185 0.32559440 0.73135918
v -0.28685024 0.31432047 0.72971112
v -0.28807479 0.30291557 0.72768855
v -0.28820625 0.29118186 0.72470266
v -0.28853941 0.27949232 0.72189015
v -0.28895137 0.26781192 0.71914327
v -0.28950480 0.25615981 0.71651733
v -0.28970867 0.24438946 0.71357989
v -0.28913030 0.23236750 0.70994866
v -0.28866503 0.22036165 0.70641243
v -0.28824776 0.20835264 0.70291388
v -0.28777531 0.19630885 0.69936198
v -0.28703752 0.18416436 0.69557065
v -0.28676242 0.17214586 0.69218361
v -0.28572860 0.15987034 0.68812025
v -0.28336003 0.14714934 0.68286902
v -0.27982131 0.13402651 0.67657340
v -0.27627307 0.12086861 0.67026085
v -0.27254584 0.10762040 0.66378099
v -0.26677153 0.09366906 0.65547389
v -0.25978446 0.07927570 0.64607763
v -0.25264287 0.06478312 0.63653135
v -0.24135122 0.04885514 0.62327814
v -0.22928874 0.03260017 0.60932052
v -0.21546243 0.01567647 0.59377199
v -0.20101559 -0.00153830 0.57764912
v -0.18503657 -0.01936151 0.56013697
v -0.17211793 -0.03621691 0.54533446
v -0.16557725 -0.05092980 0.53621209
v -0.15936378 -0.06557490 0.52736998
v -0.15312767 -0.08027334 0.51849568
v -0.14688706 -0.09501895 0.50960535
v -0.14340855 -0.10882416 0.50317824
v -0.13982613 -0.12269974 0.49664918
v -0.13459897 -0.13720368 0.48863539
v -0.12787697 -0.15229289 0.47926843
v -0.11955170 -0.16801754 0.46844810
v -0.11133859 -0.18375662 0.45771390
v -0.09563801 -0.20232800 0.44022802
v 0.13299799 0.60235637 0.48442885
v 0.10022213 0.59736919 0.50932491
v 0.07385430 0.59109420 0.52875924
v 0.04913964 0.58454776 0.54680049
v 0.02895237 0.57707471 0.56097859
v 0.00883708 0.56965542 0.57511318
v -0.01111000 0.56226772 0.58912158
v -0.03089079 0.55491108 0.60300523
v -0.04962045 0.54737848 0.61600220
v -0.06673518 0.53953075 0.62762523
v -0.08375710 0.53171873 0.63918340
v -0.09973439 0.52371413 0.64985579
v -0.11564019 0.51574534 0.66048044
v -0.13147500 0.50781214 0.67105764
v -0.14723931 0.49991423 0.68158776
v -0.16137002 0.49166381 0.69071919
v -0.17461085 0.48323634 0.69909257
v -0.18667763 0.47455451 0.70646048
v -0.19870664 0.46589988 0.71380526
v -0.20941629 0.45694339 0.72001594
v -0.21952309 0.44786194 0.72571176
v -0.22975719 0.43884224 0.73152560
v -0.23795752 0.42931664 0.73558050
v -0.24452907 0.41937929 0.73822498
v -0.25029960 0.40924096 0.74017614
v -0.25575411 0.39902723 0.74185491
v -0.26065648 0.38867185 0.74305499
v -0.26555637 0.37832180 0.74425453
v -0.26951194 0.36771703 0.74463207
v -0.27361140 0.35715416 0.74513566
v -0.27770996 0.34659359 0.74563926
v -0.28180763 0.33603531 0.74614263
v -0.28384030 0.32489112 0.74484110
v -0.28573027 0.31369942 0.74341303
v -0.28615576 0.30207673 0.74070078
v -0.28439519 0.28980294 0.73606974
v -0.28399017 0.27790403 0.73262095
v -0.28426757 0.26618963 0.72976625
v -0.28397706 0.25429147 0.72640920
v -0.28331929 0.24226597 0.72272509
v -0.28273919 0.23024531 0.71910435
v -0.28219965 0.21821867 0.71551442
v -0.28177765 0.20620993 0.71202326
v -0.28135502 0.19418325 0.70852679
v -0.28093177 0.18213865 0.70502514
v -0.28050789 0.17007606 0.70151836
v -0.27706856 0.15704249 0.69534546
v -0.27352318 0.14394376 0.68907076
v -0.26996836 0.13081005 0.68277925
v -0.26640403 0.11764121 0.67647094
v -0.26059052 0.10370905 0.66816378
v -0.25358796 0.08934527 0.65879267
v -0.24655758 0.07492448 0.64938420
v -0.23556823 0.05914179 0.63645279
v -0.22490551 0.04335760 0.62378305
v -0.21756312 0.02871466 0.61406595
v -0.19510059 0.00885662 0.59089088
v -0.17847480 -0.00913012 0.57287401
v -0.16192749 -0.02718228 0.55490273
v -0.15433246 -0.04223354 0.54487729
v -0.14807782 -0.05687009 0.53603244
v -0.14182112 -0.07155280 0.52717388
v -0.13561979 -0.08626153 0.51835275
v -0.13221861 -0.10002250 0.51201934
v -0.12865788 -0.11387303 0.50553489
v -0.12505108 -0.12777352 0.49900046
v -0.12143464 -0.14171116 0.49244854
v -0.11769266 -0.15572828 0.48577541
v -0.11125155 -0.17076823 0.47667557
v -0.10208823 -0.18685830 0.46512341
v -0.08633890 -0.20545025 0.44764838
v 0.14213064 0.59952396 0.49195057
v 0.11106964 0.59416378 0.51530349
v 0.08266014 0.58833498 0.53642040
v 0.05982799 0.58137023 0.55279475
v 0.03959832 0.57390225 0.56696314
v 0.01944510 0.56648725 0.58108437
v -0.00060523 0.55911875 0.59513587
v -0.02042700 0.55176723 0.60900950
v -0.03808749 0.54398096 0.62104690
v -0.05524283 0.53613579 0.63266623
v -0.07231493 0.52832860 0.64422905
v -0.08889113 0.52046025 0.65538079
v -0.10483116 0.51249373 0.66599965
v -0.12069999 0.50456285 0.67657113
v -0.13539396 0.49639580 0.68614447
v -0.14966759 0.48817223 0.69536793
v -0.16363090 0.47991714 0.70433575
v -0.17748450 0.47167915 0.71322072
v -0.19062072 0.46330300 0.72149771
v -0.20097312 0.45425382 0.72737968
v -0.21127672 0.44522145 0.73322719
v -0.22155453 0.43621165 0.73906010
v -0.22897689 0.42647967 0.74242806
v -0.23635329 0.41675234 0.74576062
v -0.24323212 0.40690866 0.74866617
v -0.24814869 0.39655042 0.74987304
v -0.25306273 0.38619751 0.75107926
v -0.25815991 0.37590086 0.75244623
v -0.26361525 0.36571008 0.75412637
v -0.26923016 0.35557213 0.75594747
v -0.27596089 0.34575650 0.75874233
v -0.28268352 0.33595270 0.76153374
v -0.29364565 0.32737130 0.76802421
v -0.30315813 0.31840631 0.77325881
v -0.30941078 0.30852431 0.77565533
v -0.29300743 0.29204735 0.75826788
v -0.28364938 0.27755255 0.74701470
v -0.27917796 0.26444745 0.74002004
v -0.27757519 0.25216255 0.73552650
v -0.27676001 0.24009149 0.73171663
v -0.27628523 0.22810416 0.72819996
v -0.27576125 0.21608397 0.72463554
v -0.27530950 0.20406786 0.72112972
v -0.27445105 0.19190808 0.71726215
v -0.27290455 0.17951421 0.71278495
v -0.27065930 0.16687825 0.70768744
v -0.26710835 0.15380360 0.70143431
v -0.26354793 0.14069405 0.69516456
v -0.25997800 0.12754947 0.68887812
v -0.25437555 0.11371662 0.68079150
v -0.24736686 0.09938534 0.67145354
v -0.23990001 0.08485635 0.66169876
v -0.22972704 0.06938554 0.64954048
v -0.22315313 0.05504686 0.64054716
v -0.22290193 0.04277467 0.63713413
v -0.21890953 0.02922650 0.63040531
v -0.17192414 0.00108394 0.58558953
v -0.15409577 -0.01734812 0.56655449
v -0.14412615 -0.03318077 0.55446362
v -0.13679171 -0.04816514 0.54469508
v -0.13051440 -0.06283211 0.53585219
v -0.12435257 -0.07750416 0.52710003
v -0.12093680 -0.09125373 0.52077806
v -0.11749021 -0.10504680 0.51442009
v -0.11386860 -0.11893515 0.50789773
v -0.11023730 -0.13286059 0.50135785
v -0.10757996 -0.14646772 0.49567765
v -0.10339299 -0.16066073 0.48862493
v -0.09836987 -0.17519632 0.48081604
v -0.09170678 -0.19037654 0.47153133
v -0.07340496 -0.20991994 0.45182806
v 0.15308075 0.59629822 0.49793372
v 0.12192945 0.59095472 0.52128887
v 0.09149093 0.58556992 0.54406691
v 0.07052822 0.57818913 0.55879563
v 0.05025606 0.57072639 0.57295430
v 0.03006484 0.56331557 0.58706218
v 0.00996893 0.55595309 0.60110694
v -0.00925744 0.54845953 0.61442673
v -0.02653756 0.54057848 0.62609905
v -0.04373359 0.53273576 0.63771456
v -0.06084614 0.52493113 0.64927363
v -0.07787582 0.51716429 0.66077679
v -0.09400858 0.50923806 0.67152578
v -0.10938828 0.50118190 0.68164253
v -0.12347423 0.49285802 0.69066155
v -0.13770954 0.48461631 0.69982064
v -0.15200023 0.47643429 0.70903933
v -0.16588680 0.46819639 0.71792239
v -0.17970271 0.45998499 0.72675622
v -0.19203044 0.45143580 0.73431945
v -0.20305911 0.44258821 0.74077278
v -0.21259466 0.43338317 0.74594653
v -0.22003625 0.42365289 0.74931955
v -0.22756945 0.41396385 0.75277615
v -0.23406687 0.40401509 0.75534207
v -0.23987231 0.39389253 0.75731283
v -0.24556114 0.38374817 0.75918525
v -0.25078607 0.37348613 0.76065838
v -0.25600767 0.36323056 0.76213056
v -0.26406342 0.35377175 0.76606244
v -0.27254513 0.34445232 0.77036905
v -0.28670794 0.33676171 0.77961433
v -0.30128586 0.32923621 0.78923255
v -0.31918865 0.32271454 0.80175436
v -0.33430642 0.31545001 0.81186956
v -0.34343156 0.30648887 0.81678092
v -0.29083130 0.27935058 0.76831281
v -0.27514845 0.26301935 0.75118607
v -0.27203271 0.25029004 0.74538869
v -0.27022603 0.23792468 0.74072629
v -0.26951808 0.22586825 0.73701751
v -0.26823676 0.21361810 0.73280263
v -0.26686305 0.20131813 0.72850132
v -0.26531026 0.18894081 0.72403759
v -0.26339495 0.17642777 0.71925038
v -0.26070422 0.16364694 0.71377724
v -0.25713825 0.15056150 0.70752925
v -0.25349864 0.13742070 0.70120823
v -0.24785067 0.12360373 0.69311517
v -0.24115674 0.10940769 0.68409216
v -0.23318861 0.09475126 0.67393667
v -0.22389705 0.07960961 0.66260308
v -0.21627982 0.06496173 0.65272856
v -0.21850751 0.05353029 0.65151519
v -0.21829335 0.04127677 0.64814734
v -0.21502392 0.02797823 0.64207923
v -0.20384714 0.01197075 0.62902188
v -0.13392362 -0.02413137 0.56404638
v -0.12625766 -0.03920190 0.55402291
v -0.11920749 -0.05411129 0.54453069
v -0.11308541 -0.06874684 0.53584731
v -0.10965504 -0.08248501 0.52953666
v -0.10621575 -0.09625886 0.52320963
v -0.10268672 -0.11009721 0.51679450
v -0.09924431 -0.12393779 0.51044756
v -0.09659304 -0.13752699 0.50479478
v -0.09393565 -0.15114766 0.49912900
v -0.08905862 -0.16560511 0.49148127
v -0.08476578 -0.17988831 0.48434320
v -0.07694174 -0.19550933 0.47405043
v -0.05893454 -0.21495861 0.45466813
v -0.04234020 -0.23398146 0.43651962
v 0.16404344 0.59306872 0.50392377
v 0.13280161 0.58774203 0.52728105
v 0.10341787 0.58212155 0.54909039
v 0.08124033 0.57500452 0.56480318
v 0.06092560 0.56754696 0.57895213
v 0.04069633 0.56014037 0.59304661
v 0.02055831 0.55278313 0.60708165
v 0.00235133 0.54504931 0.61948937
v -0.01497283 0.53717148 0.63116050
v -0.03220883 0.52933115 0.64277148
v -0.04936109 0.52152884 0.65432614
v -0.06643050 0.51376444 0.66582495
v -0.08317245 0.50597829 0.67705882
v -0.09741393 0.49763840 0.68616837
v -0.11153457 0.48931435 0.69518620
v -0.12573123 0.48105437 0.70428097
v -0.14035113 0.47294593 0.71375036
v -0.15427077 0.46470809 0.72263145
v -0.16809766 0.45649126 0.73144460
v -0.18091001 0.44805810 0.73939794
v -0.19286266 0.43944222 0.74662292
v -0.20343958 0.43050340 0.75267434
v -0.21131000 0.42088228 0.75640470
v -0.21885172 0.41119269 0.75985700
v -0.22486946 0.40111256 0.76200068
v -0.23072949 0.39100069 0.76401120
v -0.23658203 0.38089690 0.76601791
v -0.24242623 0.37080100 0.76802003
v -0.24963279 0.36109170 0.77120173
v -0.25731605 0.35153133 0.77479970
v -0.27058589 0.34355754 0.78323489
v -0.28673851 0.33644214 0.79417646
v -0.30782840 0.33078992 0.80940896
v -0.32829347 0.32503539 0.82411999
v -0.34855059 0.31929526 0.83867002
v -0.35879108 0.31070688 0.84454614
v -0.35996151 0.29948238 0.84255314
v -0.27194259 0.26183546 0.76305008
v -0.26437712 0.24778724 0.75340384
v -0.26173562 0.23516992 0.74802953
v -0.26023895 0.22287181 0.74364495
v -0.25901151 0.21063350 0.73948914
v -0.25772518 0.19835590 0.73527652
v -0.25606206 0.18594021 0.73072952
v -0.25358102 0.17324638 0.72546238
v -0.25073931 0.16041243 0.71987319
v -0.24672616 0.14717957 0.71325237
v -0.24107088 0.13339005 0.70518625
v -0.23495758 0.11941238 0.69670844
v -0.22648786 0.10463051 0.68615520
v -0.21742597 0.08960204 0.67506886
v -0.20551540 0.07358418 0.66146892
v -0.20930865 0.06267241 0.66163456
v -0.21140486 0.05119833 0.66030985
v -0.21145472 0.03903374 0.65718478
v -0.20830268 0.02577607 0.65123957
v -0.19617549 0.00944855 0.63738757
v -0.11603921 -0.03013431 0.56362379
v -0.10832161 -0.04524578 0.55358046
v -0.10181833 -0.05998958 0.54459453
v -0.09837335 -0.07371635 0.53829527
v -0.09491941 -0.08747877 0.53197962
v -0.09145650 -0.10127701 0.52564758
v -0.08827138 -0.11500949 0.51955259
v -0.08560761 -0.12858747 0.51391077
v -0.08293767 -0.14219688 0.50825584
v -0.07975436 -0.15602113 0.50213850
v -0.07543328 -0.17029095 0.49500406
v -0.07173585 -0.18436952 0.48841339
v -0.06296650 -0.20035043 0.47731093
v -0.04918684 -0.21824606 0.46174225
v -0.04707130 -0.23187253 0.45652196
v -0.03645414 -0.24871646 0.44373155
v 0.17501871 0.58983552 0.50992066
v 0.14368615 0.58452570 0.53328001
v 0.11599667 0.57852799 0.55358487
v 0.09232008 0.57173711 0.57051605
v 0.07160696 0.56436402 0.58495659
v 0.05133959 0.55696166 0.59903765
v 0.03145903 0.54954094 0.61280853
v 0.01399108 0.54163092 0.62454784
v -0.00339322 0.53376001 0.63623124
v -0.02067010 0.52592218 0.64783847
v -0.03786297 0.51812243 0.65938920
v -0.05497248 0.51036060 0.67088395
v -0.07097657 0.50238883 0.68145162
v -0.08541951 0.49408898 0.69070166
v -0.09957492 0.48576477 0.69971842
v -0.11373258 0.47748634 0.70874882
v -0.12848137 0.46940133 0.71829605
v -0.14263633 0.46121430 0.72734803
v -0.15647416 0.45299199 0.73614049
v -0.16977380 0.44467559 0.74448359
v -0.18175220 0.43605891 0.75170588
v -0.19292887 0.42726907 0.75825024
v -0.20126876 0.41776502 0.76236981
v -0.20950404 0.40825394 0.76640493
v -0.21574764 0.39822996 0.76873475
v -0.22161540 0.38811633 0.77074450
v -0.22742967 0.37799823 0.77271098
v -0.23314042 0.36786172 0.77459085
v -0.24129853 0.35841131 0.77858084
v -0.25156406 0.34956831 0.78439212
v -0.26620296 0.34198281 0.79398209
v -0.28678584 0.33612815 0.80871356
v -0.31218997 0.33172321 0.82762724
v -0.33566260 0.32685924 0.84489703
v -0.35586914 0.32113725 0.85936582
v -0.36763626 0.31302640 0.86655241
v -0.37428954 0.30344877 0.86932135
v -0.26180616 0.25859919 0.76888818
v -0.25486377 0.24473009 0.75981081
v -0.25262159 0.23222758 0.75479847
v -0.25095564 0.21987398 0.75027972
v -0.24979389 0.20765111 0.74619293
v -0.24858102 0.19539165 0.74205637
v -0.24625118 0.18276538 0.73694277
v -0.24375790 0.17006201 0.73168015
v -0.23996407 0.15692344 0.72527796
v -0.23426667 0.14315027 0.71720839
v -0.22852187 0.12932065 0.70908672
v -0.21967024 0.11445327 0.69824326
v -0.21054137 0.09944073 0.68714321
v -0.19852448 0.08343229 0.67350489
v -0.19632146 0.07056628 0.66842926
v -0.20052144 0.05978454 0.66894919
v -0.20284410 0.04835420 0.66781664
v -0.20237817 0.03604303 0.66425842
v -0.19841652 0.02250936 0.65762126
v -0.10582457 -0.02107009 0.57322121
v -0.09808721 -0.03615993 0.56319964
v -0.08951913 -0.05158656 0.55243492
v -0.08533400 -0.06555489 0.54550868
v -0.08125914 -0.07952067 0.53867012
v -0.07717278 -0.09352586 0.53181219
v -0.07388448 -0.10728544 0.52564806
v -0.07210709 -0.12054131 0.52080739
v -0.07032617 -0.13382353 0.51595712
v -0.06854171 -0.14713219 0.51109713
v -0.06610775 -0.16070078 0.50565702
v -0.06239919 -0.17476119 0.49908307
v -0.05868065 -0.18885942 0.49249145
v -0.04983597 -0.20487976 0.48135442
v -0.04532198 -0.21935320 0.47403750
v -0.04476137 -0.23239060 0.47021407
v -0.04022327 -0.24694028 0.46285841
v 0.19252561 0.58518606 0.51042902
v 0.15458304 0.58130568 0.53928584
v 0.12859748 0.57492822 0.55808729
v 0.10479401 0.56815785 0.57506996
v 0.08230016 0.56117755 0.59096771
v 0.06199462 0.55377942 0.60503531
v 0.04315633 0.54611522 0.61787939
v 0.02564722 0.53820759 0.62961453
v 0.00821685 0.53034031 0.64129812
v -0.00911439 0.52250820 0.65291280
v -0.02634799 0.51471108 0.66445982
v -0.04349796 0.50695175 0.67595059
v -0.05853062 0.49873763 0.68565762
v -0.07337742 0.49052688 0.69521922
v -0.08759524 0.48220921 0.70425820
v -0.10173126 0.47391665 0.71323937
v -0.11649933 0.46582773 0.72277057
v -0.13098347 0.45771497 0.73207206
v -0.14483219 0.44948712 0.74084383
v -0.15857597 0.44127649 0.74953741
v -0.17047326 0.43263116 0.75666553
v -0.18205048 0.42393813 0.76352936
v -0.19075978 0.41452402 0.76794988
v -0.19889422 0.40497953 0.77188420
v -0.20550285 0.39504629 0.77451736
v -0.21178395 0.38503793 0.77687335
v -0.21795298 0.37501100 0.77913630
v -0.22432943 0.36505243 0.78158015
v -0.23243587 0.35558465 0.78551239
v -0.24504483 0.34739166 0.79331744
v -0.26341012 0.34085512 0.80608076
v -0.28664890 0.33576292 0.82305282
v -0.31427044 0.33200720 0.84381950
v -0.34238166 0.32849789 0.86503524
v -0.35966477 0.32196042 0.87694669
v -0.37314630 0.31437424 0.88559538
v -0.37845644 0.30442956 0.88720363
v -0.37237576 0.29111883 0.87897748
v -0.24479584 0.24150726 0.76575083
v -0.24262725 0.22902045 0.76081634
v -0.24092938 0.21665098 0.75628269
v -0.23957975 0.20436458 0.75204462
v -0.23780191 0.19192490 0.74742985
v -0.23513719 0.17918712 0.74204016
v -0.23227940 0.16636153 0.73647577
v -0.22666425 0.15264176 0.72851020
v -0.22067264 0.13876210 0.72020710
v -0.21238016 0.12410722 0.70989293
v -0.20324029 0.10912764 0.69882792
v -0.19097523 0.09308216 0.68502790
v -0.17858629 0.07692541 0.67110163
v -0.18534817 0.06696592 0.67384857
v -0.18948239 0.05615449 0.67430741
v -0.19114543 0.04452542 0.67261010
v -0.19009034 0.03197949 0.66853666
v -0.18382932 0.01766154 0.65990829
v -0.08785663 -0.02707747 0.57281524
v -0.07649349 -0.04342652 0.55964655
v -0.06903994 -0.05850221 0.54988378
v -0.06493842 -0.07247066 0.54304516
v -0.06082533 -0.08647858 0.53618729
v -0.05749305 -0.10024879 0.53000534
v -0.05516628 -0.11369692 0.52469790
v -0.05336671 -0.12698571 0.51984662
v -0.05156355 -0.14030097 0.51498562
v -0.05045029 -0.15339379 0.51072502
v -0.04762884 -0.16712599 0.50495493
v -0.04466283 -0.18094078 0.49904966
v -0.04022965 -0.19532320 0.49184307
v -0.03300831 -0.21076983 0.48216712
v -0.03482395 -0.22291854 0.48045558
v -0.03491365 -0.23571964 0.47721720
v -0.03052751 -0.25021666 0.47001794
v 0.21631414 0.57917172 0.50571048
v 0.16557120 0.57802892 0.54542404
v 0.14122035 0.57132202 0.56259757
v 0.11728945 0.56457239 0.57963169
v 0.09378820 0.55781120 0.59632581
v 0.07266147 0.55059373 0.61103964
v 0.05487102 0.54268438 0.62295783
v 0.03732014 0.53477931 0.63468921
v 0.01984967 0.52691430 0.64636785
v 0.00246233 0.51908827 0.65799135
v -0.01481611 0.51129472 0.66953772
v -0.03111297 0.50332350 0.68026835
v -0.04606196 0.49507982 0.68987131
v -0.06094841 0.48686919 0.69943374
v -0.07559548 0.47864771 0.70880568
v -0.08976628 0.47035500 0.71778554
v -0.10449696 0.46224800 0.72725260
v -0.11925951 0.45419675 0.73675883
v -0.13317172 0.44597667 0.74555469
v -0.14672965 0.43770993 0.75406045
v -0.15917261 0.42919704 0.76162815
v -0.17077509 0.42050266 0.76848978
v -0.18014276 0.41125396 0.77345532
v -0.18824588 0.40169433 0.77734876
v -0.19515310 0.39183399 0.78022659
v -0.20135130 0.38179681 0.78250259
v -0.20753044 0.37176591 0.78476530
v -0.21435027 0.36192232 0.78757882
v -0.22332993 0.35269046 0.79224443
v -0.23803577 0.34507856 0.80181950
v -0.25939488 0.33938453 0.81710809
v -0.28805774 0.33583620 0.83867925
v -0.31737971 0.33258581 0.86084431
v -0.34646374 0.32937995 0.88283414
v -0.36259496 0.32253402 0.89372474
v -0.37433058 0.31446072 0.90085083
v -0.37940329 0.30446446 0.90225446
v -0.37564349 0.29185855 0.89605671
v -0.23344280 0.23790060 0.77059907
v -0.23148558 0.22546816 0.76586008
v -0.23000203 0.21315490 0.76152343
v -0.22861956 0.20085026 0.75726825
v -0.22633301 0.18824598 0.75222665
v -0.22341381 0.17542005 0.74663168
v -0.21907115 0.16212162 0.73979819
v -0.21279171 0.14818002 0.73127967
v -0.20509994 0.13374808 0.72152686
v -0.19537911 0.11861991 0.71000284
v -0.18343559 0.10271974 0.69653624
v -0.16890398 0.08591459 0.68080622
v -0.16222878 0.07158252 0.67187649
v -0.17054574 0.06211206 0.67596072
v -0.17483750 0.05133601 0.67655081
v -0.17584468 0.03947308 0.67428410
v -0.17246611 0.02613322 0.66819626
v -0.07569171 -0.01865026 0.58073884
v -0.06366473 -0.03519190 0.56704146
v -0.05375255 -0.05108365 0.55517054
v -0.04858820 -0.06540792 0.54742819
v -0.04444828 -0.07941854 0.54057032
v -0.04123623 -0.09314216 0.53451419
v -0.03819135 -0.10683873 0.52859628
v -0.03637305 -0.12013409 0.52374393
v -0.03468117 -0.13340987 0.51899582
v -0.03367399 -0.14646609 0.51484138
v -0.03195691 -0.15979880 0.51005888
v -0.02896972 -0.17361532 0.50415522
v -0.02688013 -0.18713625 0.49903196
v -0.01909829 -0.20276655 0.48889968
v -0.01703778 -0.21634334 0.48378479
v -0.01933749 -0.22833157 0.48249981
v -0.01900978 -0.24130590 0.47889957
v 0.24253851 0.57262409 0.49903604
v 0.17918086 0.57424855 0.54899871
v 0.15386531 0.56770962 0.56711572
v 0.12980640 0.56098074 0.58420128
v 0.10624158 0.55422616 0.60089397
v 0.08428282 0.54719001 0.61625832
v 0.06660318 0.53924847 0.62804389
v 0.04901043 0.53134596 0.63977146
v 0.03149974 0.52348322 0.65144509
v 0.01407103 0.51565975 0.66306478
v -0.00326728 0.50787324 0.67462313
v -0.01858234 0.49965903 0.68448955
v -0.03357050 0.49141532 0.69409269
v -0.04849675 0.48320484 0.70365602
v -0.06335977 0.47502702 0.71317828
v -0.07778129 0.46678743 0.72233939
v -0.09247420 0.45866224 0.73174220
v -0.10644455 0.45040172 0.74054515
v -0.11912232 0.44185600 0.74826407
v -0.13241026 0.43350631 0.75651044
v -0.14505325 0.42503107 0.76422024
v -0.15734154 0.41650212 0.77163887
v -0.16845571 0.40770116 0.77806950
v -0.17692101 0.39822870 0.78225619
v -0.18448448 0.38853574 0.78568113
v -0.19090635 0.37855178 0.78813851
v -0.19707756 0.36851206 0.79038554
v -0.20390613 0.35866421 0.79319590
v -0.21303311 0.34946656 0.79797071
v -0.23089731 0.34272942 0.81020981
v -0.25497401 0.33780038 0.82777166
v -0.28846353 0.33562648 0.85340196
v -0.31986529 0.33298758 0.87728018
v -0.34773147 0.32945397 0.89816374
v -0.36348000 0.32251614 0.90869695
v -0.37440753 0.31422478 0.91511250
v -0.37863034 0.30399427 0.91578698
v -0.37663734 0.29192540 0.91112840
v -0.22226003 0.23434447 0.77561581
v -0.22042879 0.22194108 0.77099782
v -0.21903630 0.20964693 0.76675099
v -0.21753557 0.19729795 0.76240546
v -0.21455485 0.18447180 0.75678003
v -0.21148732 0.17158987 0.75107241
v -0.20491965 0.15758738 0.74233985
v -0.19782957 0.14337593 0.73314506
v -0.18749197 0.12809026 0.72113478
v -0.17590557 0.11234504 0.70802993
v -0.16089694 0.09543493 0.69194973
v -0.14487791 0.07811560 0.67497432
v -0.12710680 0.06013899 0.65645993
v -0.10855782 0.04181208 0.63724720
v -0.09162975 0.02392006 0.61941379
v -0.07669818 0.00659828 0.60328805
v -0.06289555 -0.01042984 0.58812058
v -0.05082885 -0.02695270 0.57444048
v -0.04062263 -0.04291659 0.56235874
v -0.03220838 -0.05833239 0.55181915
v -0.02804153 -0.07234569 0.54496121
v -0.02495074 -0.08602300 0.53903103
v -0.02187886 -0.09972456 0.53310949
v -0.01934509 -0.11326865 0.52764916
v -0.01788775 -0.12646212 0.52312064
v -0.01686529 -0.13952503 0.51896572
v -0.01584109 -0.15261021 0.51480377
v -0.01337184 -0.16623583 0.50937295
v -0.01130463 -0.17974457 0.50428653
v -0.00923312 -0.19328146 0.49918956
v 0.00136578 -0.20996442 0.48661605
v 0.00133112 -0.22279882 0.48334646
v 0.00037967 -0.23531076 0.48087668
v 0.00492452 -0.24988414 0.47357935
v 0.20064716 0.56870842 0.54623121
v 0.16653246 0.56409079 0.57164186
v 0.14234495 0.55738294 0.58877885
v 0.11871638 0.55063504 0.60546994
v 0.09674224 0.54359448 0.62079644
v 0.07835282 0.53580737 0.63313740
v 0.06071810 0.52790749 0.64486122
v 0.04316710 0.52004701 0.65652984
v 0.02569691 0.51222622 0.66814560
v 0.00902061 0.50427485 0.67910916
v -0.00602874 0.49598789 0.68871850
v -0.02105619 0.48774409 0.69832182
v -0.03602235 0.47953379 0.70788598
v -0.05092423 0.47135597 0.71740836
v -0.06576575 0.46321127 0.72689205
v -0.08010241 0.45498788 0.73596215
v -0.09271818 0.44637492 0.74359107
v -0.10517211 0.43775931 0.75109315
v -0.11805405 0.42929190 0.75896674
v -0.13105190 0.42089447 0.76694864
v -0.14313088 0.41229713 0.77416307
v -0.15490629 0.40365639 0.78112972
v -0.16437078 0.39443651 0.78614676
v -0.17241848 0.38486236 0.78996867
v -0.17912698 0.37494573 0.79265893
v -0.18560481 0.36497995 0.79515678
v -0.19306150 0.35529569 0.79848981
v -0.20328587 0.34639430 0.80418068
v -0.22367492 0.34035683 0.81852835
v -0.25340107 0.33701703 0.84084523
v -0.28897634 0.33544803 0.86817503
v -0.32205749 0.33330676 0.89341396
v -0.34752235 0.32910416 0.91218817
v -0.36261868 0.32199299 0.92213523
v -0.37214053 0.31330514 0.92733312
v -0.37626672 0.30305678 0.92792553
v -0.37388498 0.29088277 0.92295182
v -0.20993039 0.23044559 0.77967197
v -0.20843890 0.21813311 0.77535683
v -0.20714985 0.20585977 0.77120942
v -0.20471999 0.19321699 0.76607817
v -0.20184672 0.18041152 0.76055962
v -0.19622554 0.16672695 0.75267392
v -0.18940122 0.15262665 0.74374396
v -0.17932282 0.13745853 0.73200399
v -0.16830012 0.12193124 0.71943599
v -0.15289877 0.10494474 0.70308101
v -0.13685702 0.08766840 0.68615264
v -0.11862247 0.06959654 0.66731137
v -0.10005148 0.05131782 0.64815480
v -0.08181041 0.03304793 0.62925762
v -0.06658120 0.01586966 0.61329764
v -0.05038418 -0.00210801 0.59575891
v -0.03798584 -0.01870893 0.58184355
v -0.02748416 -0.03474421 0.56955165
v -0.01776712 -0.05057767 0.55792290
v -0.01172349 -0.06521964 0.54946280
v -0.00863652 -0.07889127 0.54355586
v -0.00554203 -0.09259624 0.53763461
v -0.00243998 -0.10633468 0.53169882
v -0.00106188 -0.11950093 0.52725339
v 0.00000000 -0.13255003 0.52310735
v 0.00129487 -0.14576146 0.51869237
v 0.00314385 -0.15916441 0.51381928
v 0.00611224 -0.17299464 0.50796425
v 0.00908775 -0.18685803 0.50209516
v 0.02162658 -0.20422827 0.48787338
v 0.02339820 -0.21773462 0.48303413
v 0.02084348 -0.22967400 0.48196849
v 0.02132682 -0.24274410 0.47824520
v 0.22221617 0.56314176 0.54345047
v 0.18304233 0.55961967 0.57299119
v 0.15496020 0.55376661 0.59331834
v 0.13121265 0.54703772 0.61005378
v 0.10989112 0.53984052 0.62478453
v 0.09051363 0.53227073 0.63790965
v 0.07244319 0.52446389 0.64995855
v 0.05485179 0.51660568 0.66162211
v 0.03734002 0.50878751 0.67323405
v 0.02158148 0.50061023 0.68339199
v 0.00651980 0.49231675 0.69297874
v -0.00851898 0.48406619 0.70255876
v -0.02352449 0.47585589 0.71212310
v -0.03846602 0.46767828 0.72164607
v -0.05334628 0.45953360 0.73112988
v -0.06630693 0.45095518 0.73901135
v -0.07895994 0.44233879 0.74664408
v -0.09156631 0.43374929 0.75424749
v -0.10374642 0.42508864 0.76150143
v -0.11698684 0.41674009 0.76965898
v -0.12899546 0.40811062 0.77678758
v -0.14095254 0.39950383 0.78388202
v -0.15162343 0.39059106 0.78989893
v -0.15988961 0.38106406 0.79389048
v -0.16723475 0.37130842 0.79710805
v -0.17352280 0.36128119 0.79943484
v -0.18047407 0.35144797 0.80232644
v -0.19210257 0.34292418 0.80918676
v -0.21657823 0.33801937 0.82695353
v -0.25195265 0.33626944 0.85399431
v -0.28943011 0.33525369 0.88285661
v -0.32324085 0.33333901 0.90864027
v -0.34648129 0.32851580 0.92546803
v -0.36057574 0.32112801 0.93453437
v -0.36862683 0.31202197 0.93846631
v -0.37235373 0.30166388 0.93871850
v -0.37059790 0.28968200 0.93429595
v -0.19755861 0.22653374 0.78371960
v -0.19627857 0.21427351 0.77959573
v -0.19420964 0.20175302 0.77479237
v -0.19130382 0.18895239 0.76926732
v -0.18612836 0.17542562 0.76179332
v -0.17907543 0.16127901 0.75270218
v -0.16896644 0.14613260 0.74098122
v -0.15781380 0.13059793 0.72835022
v -0.14281978 0.11378321 0.71240753
v -0.12744087 0.09676347 0.69611347
v -0.11013500 0.07904146 0.67814285
v -0.09155331 0.06081444 0.65905190
v -0.07254762 0.04235063 0.63957113
v -0.05674294 0.02483365 0.62281930
v -0.03987251 0.00687848 0.60512745
v -0.02513567 -0.01046057 0.58925080
v -0.01433714 -0.02656651 0.57674915
v -0.00458527 -0.04238545 0.56513399
v 0.00548103 -0.05837126 0.55323189
v 0.00918964 -0.07225239 0.54680723
v 0.01290810 -0.08617037 0.54036552
v 0.01683361 -0.10019342 0.53373605
v 0.02015728 -0.11404189 0.52761889
v 0.02150232 -0.12723014 0.52320766
v 0.02284980 -0.14044230 0.51878840
v 0.02539998 -0.15410371 0.51331997
v 0.02838271 -0.16794798 0.50746876
v 0.03214607 -0.18210305 0.50093162
v 0.04222890 -0.19857468 0.48889267
v 0.24426758 0.55746526 0.54034173
v 0.20448929 0.55405200 0.57028461
v 0.16760541 0.55014217 0.59785920
v 0.14431453 0.54330236 0.61415952
v 0.12306585 0.53607929 0.62878054
v 0.10306310 0.52864349 0.64238238
v 0.08434523 0.52097815 0.65493053
v 0.06639846 0.51316094 0.66671968
v 0.04932616 0.50526685 0.67805809
v 0.03416521 0.49693894 0.68768257
v 0.01906529 0.48864514 0.69726849
v 0.00402388 0.48038569 0.70681787
v -0.01100362 0.47217125 0.71636778
v -0.02598507 0.46399382 0.72589159
v -0.04023682 0.45568305 0.73481613
v -0.05267452 0.44696203 0.74223125
v -0.06516971 0.43829331 0.74970424
v -0.07781857 0.42970178 0.75731581
v -0.09014478 0.42106587 0.76466620
v -0.10259939 0.41250074 0.77213413
v -0.11496361 0.40395001 0.77953559
v -0.12696467 0.39534113 0.78664106
v -0.13720018 0.38629872 0.79226863
v -0.14650775 0.37703609 0.79712147
v -0.15375447 0.36724102 0.80024248
v -0.16031457 0.35727477 0.80278808
v -0.16695680 0.34734407 0.80540639
v -0.17906457 0.33894002 0.81264669
v -0.21035880 0.33592668 0.83611971
v -0.25124773 0.33573160 0.86774158
v -0.28969651 0.33500722 0.89733881
v -0.32379770 0.33319330 0.92329127
v -0.34352440 0.32737687 0.93709123
v -0.35655019 0.31968883 0.94522470
v -0.36357990 0.31029129 0.94827878
v -0.36665550 0.29974595 0.94797814
v -0.36346415 0.28734124 0.94235009
v -0.18498935 0.22256252 0.78762668
v -0.18369026 0.21028481 0.78349668
v -0.18076225 0.19749221 0.77797395
v -0.17599554 0.18410991 0.77087706
v -0.16872133 0.16992010 0.76163232
v -0.15857905 0.15479450 0.74992812
v -0.14694522 0.13914329 0.73693484
v -0.13205348 0.12240173 0.72114056
v -0.11684135 0.10547706 0.70505160
v -0.09949642 0.08778980 0.68711662
v -0.08225248 0.07004195 0.66924441
v -0.06403186 0.05188600 0.65051186
v -0.04662484 0.03389731 0.63245213
v -0.02936368 0.01586254 0.61449355
v -0.01350559 -0.00180316 0.59771568
v -0.00118156 -0.01838348 0.58395135
v 0.00992303 -0.03462810 0.57121700
v 0.02245006 -0.05141740 0.55724227
v 0.02872849 -0.06616420 0.54862720
v 0.03247830 -0.08009423 0.54217857
v 0.03699705 -0.09432168 0.53505868
v 0.04174582 -0.10866575 0.52773100
v 0.04311287 -0.12187285 0.52331185
v 0.04503367 -0.13529678 0.51840872
v 0.04780421 -0.14904550 0.51276475
v 0.05073884 -0.16288193 0.50697130
v 0.05554169 -0.17741486 0.49955359
v 0.22555250 0.54856563 0.56796783
v 0.18673693 0.54506463 0.59705001
v 0.15757668 0.53952926 0.61816126
v 0.13626651 0.53231066 0.63278443
v 0.11563468 0.52500987 0.64686304
v 0.09686717 0.51734740 0.65941036
v 0.07827186 0.50970805 0.67183071
v 0.06197241 0.50158894 0.68235660
v 0.04677187 0.49326098 0.69198108
v 0.03163321 0.48496693 0.70156634
v 0.01655299 0.47670740 0.71111530
v 0.00153356 0.46848142 0.72062582
v -0.01348133 0.46030268 0.73014480
v -0.02660560 0.45170134 0.73809683
v -0.03908256 0.44297782 0.74551803
v -0.05148855 0.43427411 0.75288945
v -0.06403358 0.42564350 0.76038688
v -0.07651215 0.41703394 0.76783830
v -0.08872446 0.40839326 0.77507615
v -0.10029599 0.39962170 0.78178614
v -0.11027855 0.39046487 0.78717148
v -0.12023783 0.38132936 0.79254436
v -0.12879185 0.37184423 0.79674345
v -0.13846074 0.36268216 0.80188531
v -0.14574245 0.35289562 0.80502564
v -0.15204386 0.34285578 0.80734479
v -0.15845339 0.33285782 0.80975807
v -0.24950814 0.33490360 0.88058174
v -0.28999731 0.33477145 0.91181052
v -0.32124504 0.33216044 0.93527520
v -0.34025726 0.32614914 0.94843024
v -0.35149121 0.31795031 0.95502484
v -0.35777441 0.30833921 0.95743871
v -0.36013490 0.29758611 0.95653409
v -0.35589695 0.28487197 0.95003736
v -0.17057049 0.21803844 0.78999394
v -0.16849197 0.20551048 0.78521174
v -0.16424602 0.19230095 0.77858329
v -0.15836941 0.17855941 0.77056074
v -0.14801580 0.16339992 0.75872195
v -0.13614288 0.14770868 0.74557507
v -0.12166961 0.13113843 0.73019761
v -0.10624358 0.11418924 0.71398830
v -0.08915149 0.09662904 0.69633776
v -0.07198553 0.07895368 0.67860091
v -0.05416691 0.06097690 0.66028368
v -0.03650627 0.04295592 0.64207715
v -0.01912430 0.02493084 0.62408483
v -0.00296494 0.00721235 0.60711426
v 0.01381894 -0.01080036 0.58958685
v 0.02515252 -0.02709594 0.57670325
v 0.03817401 -0.04402254 0.56235629
v 0.04832391 -0.06005836 0.55045247
v 0.05210524 -0.07400046 0.54399687
v 0.05722306 -0.08843172 0.53638536
v 0.06261621 -0.10299721 0.52852720
v 0.06480137 -0.11649626 0.52341646
v 0.06749340 -0.13019820 0.51786286
v 0.07029533 -0.14396767 0.51220727
v 0.08254554 -0.16109273 0.49840555
v 0.24570522 0.54327738 0.56647253
v 0.20668560 0.53980088 0.59562552
v 0.17239325 0.53540325 0.62090731
v 0.14949320 0.52853453 0.63679612
v 0.12825182 0.52136445 0.65133220
v 0.10941114 0.51371020 0.66389811
v 0.09069303 0.50609100 0.67637855
v 0.07464179 0.49790433 0.68666285
v 0.05940152 0.48957631 0.69628733
v 0.04422335 0.48128220 0.70587260
v 0.02910485 0.47302243 0.71542060
v 0.01404633 0.46479648 0.72493094
v -0.00039110 0.45646548 0.73393685
v -0.01294382 0.44771066 0.74138486
v -0.02545652 0.43898377 0.74880916
v -0.03791385 0.43028069 0.75619686
v -0.05030368 0.42159805 0.76353770
v -0.06284843 0.41299284 0.77101755
v -0.07495412 0.40431175 0.77814019
v -0.08432747 0.39495125 0.78298807
v -0.09366203 0.38560537 0.78780985
v -0.10310623 0.37631333 0.79272956
v -0.11308006 0.36718863 0.79809922
v -0.12183686 0.35776219 0.80245590
v -0.13028581 0.34827420 0.80656010
v -0.13688877 0.33829984 0.80912054
v -0.14182192 0.32787612 0.81028223
v -0.28869626 0.33408239 0.92489481
v -0.31713897 0.33068433 0.94592714
v -0.33555228 0.32450795 0.95853770
v -0.34524909 0.31586888 0.96381700
v -0.35065216 0.30600253 0.96548122
v -0.35204354 0.29509905 0.96374089
v -0.34671146 0.28192279 0.95636052
v -0.15505445 0.21318604 0.79147202
v -0.14961247 0.19962789 0.78385586
v -0.14377388 0.18591009 0.77589417
v -0.13523169 0.17132570 0.76563251
v -0.12549940 0.15632218 0.75434887
v -0.11128812 0.13987312 0.73925251
v -0.09564754 0.12289997 0.72292358
v -0.07896271 0.10551403 0.70568657
v -0.06172179 0.08786262 0.68795443
v -0.04383934 0.06991468 0.66965359
v -0.02606741 0.05190695 0.65142268
v -0.00891696 0.03400496 0.63369673
v 0.00845967 0.01593707 0.61575490
v 0.02784171 -0.00288085 0.59607995
v 0.04040293 -0.01955343 0.58219701
v 0.05392208 -0.03661634 0.56747812
v 0.06797615 -0.05393483 0.55228299
v 0.07209511 -0.06799188 0.54555899
v 0.07751195 -0.08252345 0.53771621
v 0.08294631 -0.09710205 0.52984792
v 0.08966082 -0.11216094 0.52087301
v 0.09771594 -0.12772970 0.51073736
v 0.11373334 -0.14611831 0.49376056
v 0.22671926 0.53451473 0.59419501
v 0.19260511 0.53005499 0.61924404
v 0.16274595 0.52475101 0.64081579
v 0.14144322 0.51758540 0.65535384
v 0.12197720 0.51006663 0.66839373
v 0.10359063 0.50236094 0.68055832
v 0.08745302 0.49418488 0.69087893
v 0.07205421 0.48588490 0.70060146
v 0.05683642 0.47759080 0.71018666
v 0.04167954 0.46933073 0.71973366
v 0.02658181 0.46110484 0.72924399
v 0.01320689 0.45250160 0.73733735
v 0.00074214 0.44371268 0.74468565
v -0.01179993 0.43498075 0.75210762
v -0.02430852 0.42627823 0.75951129
v -0.03673402 0.41759235 0.76685548
v -0.04911992 0.40893379 0.77417606
v -0.05940702 0.39976722 0.77975851
v -0.06881057 0.39039767 0.78461188
v -0.07819438 0.38104779 0.78945512
v -0.08754689 0.37171441 0.79427838
v -0.09684636 0.36239153 0.79906362
v -0.10612655 0.35308805 0.80383909
v -0.11341206 0.34326500 0.80695319
v -0.11907010 0.33301052 0.80870992
v -0.12472383 0.32276389 0.81046534
v -0.28753999 0.33343512 0.93806970
v -0.31381842 0.32943302 0.95722234
v -0.32998654 0.32261926 0.96790975
v -0.33881775 0.31373265 0.97244573
v -0.34356591 0.30367640 0.97355431
v -0.34381104 0.29230016 0.97087550
v -0.33601081 0.27850994 0.96132278
v -0.13560170 0.20715693 0.78967738
v -0.12795572 0.19290867 0.78022063
v -0.12010769 0.17855015 0.77058107
v -0.11049108 0.16360161 0.75943589
v -0.10004167 0.14833912 0.74757272
v -0.08540252 0.13171744 0.73215258
v -0.06877725 0.11439612 0.71503234
v -0.05146127 0.09676877 0.69730508
v -0.03342583 0.07882156 0.67894512
v -0.01563148 0.06085548 0.66076547
v 0.00171426 0.04293849 0.64294237
v 0.02023274 0.02454982 0.62410057
v 0.03998572 0.00566140 0.60418582
v 0.05567432 -0.01200055 0.58769834
v 0.06969436 -0.02919875 0.57260787
v 0.08441407 -0.04670805 0.55690223
v 0.09252869 -0.06209325 0.54679942
v 0.09986338 -0.07726911 0.53734767
v 0.10791090 -0.09273579 0.52727586
v 0.12640619 -0.11181513 0.50827789
v 0.21290530 0.52468336 0.61757344
v 0.18146789 0.51971680 0.64036846
v 0.15466058 0.51379895 0.65938342
v 0.13456540 0.50641662 0.67289728
v 0.11680252 0.49855581 0.68450725
v 0.10061681 0.49038064 0.69483203
v 0.08485811 0.48215616 0.70481789
v 0.06947479 0.47389206 0.71450663
v 0.05427710 0.46563235 0.72405469
v 0.03934085 0.45735729 0.73339880
v 0.02682705 0.44853082 0.74075180
v 0.01434562 0.43973392 0.74808753
v 0.00187089 0.43097287 0.75542706
v -0.01065712 0.42226288 0.76282018
v -0.02313407 0.41357768 0.77018046
v -0.03488954 0.40474418 0.77695179
v -0.04415348 0.39529756 0.78166354
v -0.05344769 0.38588303 0.78640664
v -0.06275058 0.37649515 0.79116303
v -0.07205603 0.36713243 0.79592764
v -0.08142653 0.35781163 0.80075258
v -0.08957385 0.34818456 0.80456507
v -0.09557569 0.33799171 0.80659461
v -0.10157225 0.32780790 0.80862242
v -0.10745066 0.31760177 0.81055427
v -0.24359912 0.33222944 0.91835195
v -0.28259772 0.33171481 0.94804782
v -0.30758780 0.32735053 0.96606332
v -0.32194600 0.32001814 0.97520214
v -0.33046868 0.31104019 0.97946483
v -0.33465597 0.30081722 0.98009914
v -0.33385742 0.28912950 0.97655243
v -0.11986221 0.21418647 0.79406792
v -0.11343831 0.20031691 0.78567100
v -0.10510036 0.18582766 0.77565455
v -0.09465464 0.17064740 0.76385260
v -0.08512127 0.15568434 0.75280297
v -0.07240074 0.13968365 0.73905510
v -0.05859510 0.12327532 0.72437501
v -0.04112989 0.10564903 0.70659029
v -0.02301517 0.08772601 0.68823427
v -0.00519845 0.06980151 0.67010570
v 0.01325471 0.05157966 0.65141571
v 0.03200778 0.03316401 0.63244772
v 0.05213314 0.01420606 0.61229402
v 0.07096672 -0.00443728 0.59320730
v 0.08541199 -0.02174394 0.57781231
v 0.09947713 -0.03900595 0.56271935
v 0.11778956 -0.05775629 0.54400426
v 0.12519130 -0.07296035 0.53452426
v 0.14701200 -0.09306252 0.51278657
v 0.23275660 0.51941001 0.61633605
v 0.20169108 0.51433665 0.63874823
v 0.17038827 0.50943208 0.66138363
v 0.14717582 0.50276023 0.67740875
v 0.13004078 0.49474311 0.68846405
v 0.11380994 0.48656815 0.69879043
v 0.09769330 0.47841865 0.70903611
v 0.08226907 0.47015458 0.71872532
v 0.06690843 0.46192461 0.72837454
v 0.05302642 0.45338121 0.73681813
v 0.04047725 0.44455135 0.74417388
v 0.02796760 0.43574929 0.75150645
v 0.01546913 0.42698196 0.75883913
v 0.00299857 0.41824520 0.76615822
v -0.00950374 0.40955409 0.77351302
v -0.01978577 0.40032795 0.77904117
v -0.02907795 0.39087275 0.78375733
v -0.03835117 0.38143679 0.78846395
v -0.04762983 0.37202653 0.79318112
v -0.05694212 0.36264950 0.79793221
v -0.06623523 0.35329178 0.80267352
v -0.07211389 0.34303397 0.80458641
v -0.07801639 0.33279252 0.80652165
v -0.08398852 0.32258022 0.80851728
v -0.08995546 0.31237677 0.81051111
v -0.24085304 0.33112079 0.93024039
v -0.27648896 0.32966387 0.95704240
v -0.30023733 0.32494801 0.97396588
v -0.31424606 0.31751502 0.98278409
v -0.32140628 0.30814061 0.98589516
v -0.32448393 0.29758894 0.98559928
v -0.32144004 0.28523305 0.98018479
v -0.09724004 0.20724180 0.78973812
v -0.09002032 0.19310080 0.78069323
v -0.08052038 0.17822638 0.76972640
v -0.06983034 0.16293404 0.75774765
v -0.05661276 0.14680748 0.74363315
v -0.04468190 0.13100308 0.73058027
v -0.02927107 0.11405271 0.71458751
v -0.01234705 0.09654684 0.69730198
v 0.00576591 0.07857721 0.67899400
v 0.02479632 0.06022170 0.65989000
v 0.04394343 0.04172911 0.64066267
v 0.06412588 0.02280384 0.62053770
v 0.08516543 0.00349641 0.59966367
v 0.09987818 -0.01386325 0.58410060
v 0.12070910 -0.03330734 0.56335139
v 0.14317256 -0.05339836 0.54119563
v 0.15474793 -0.06999308 0.52821583
v 0.22066467 0.50923884 0.63821405
v 0.18994585 0.50417942 0.66029489
v 0.15968682 0.49910876 0.68191975
v 0.14330547 0.49092275 0.69242871
v 0.12702936 0.48274806 0.70275670
v 0.11082450 0.47460917 0.71303952
v 0.09508733 0.46641010 0.72295189
v 0.07968587 0.45818010 0.73260140
v 0.06672601 0.44940040 0.74025834
v 0.05415757 0.44056308 0.74760348
v 0.04161258 0.43175760 0.75493866
v 0.02909739 0.42298228 0.76225877
v 0.01659157 0.41424215 0.76958048
v 0.00464217 0.40539733 0.77645332
v -0.00465288 0.39590275 0.78114688
v -0.01396733 0.38643745 0.78586251
v -0.02329852 0.37721005 0.79046023
v -0.03254465 0.36756599 0.79526919
v -0.04186859 0.35804662 0.80001718
v -0.04919647 0.34827429 0.80310786
v -0.05510836 0.33800492 0.80503708
v -0.06101529 0.32774419 0.80696464
v -0.06691727 0.31749207 0.80889064
v -0.07281430 0.30724853 0.81081498
v -0.07711589 0.29656914 0.81141818
v -0.23459336 0.32902333 0.93918872
v -0.27027333 0.32758275 0.96594292
v -0.29200286 0.32229280 0.98113513
v -0.30410826 0.31430960 0.98834151
v -0.31086171 0.30481067 0.99110258
v -0.31275657 0.29390568 0.98982054
v -0.30490404 0.28012305 0.98041302
v -0.07421438 0.20017610 0.78515279
v -0.06639737 0.18582214 0.77562970
v -0.05421574 0.17010462 0.76244944
v -0.04324381 0.15468517 0.75026292
v -0.03221406 0.13918446 0.73801219
v -0.01551836 0.12187701 0.72100472
v 0.00117021 0.10448291 0.70398110
v 0.01668709 0.08736531 0.68791687
v 0.03580595 0.06903210 0.66881204
v 0.05519147 0.05051450 0.64945853
v 0.07514294 0.03171523 0.62960464
v 0.09794236 0.01189842 0.60733253
v 0.11435977 -0.00597417 0.59039551
v 0.20863883 0.49912331 0.65997249
v 0.17865676 0.49398521 0.68140531
v 0.15671636 0.48706660 0.69630367
v 0.14027514 0.47892034 0.70673090
v 0.12402513 0.47078174 0.71701521
v 0.10792964 0.46265858 0.72718632
v 0.09255898 0.45441118 0.73677748
v 0.08025137 0.44546098 0.74387354
v 0.06783529 0.43657413 0.75106752
v 0.05528764 0.42775711 0.75837851
v 0.04274682 0.41897598 0.76569325
v 0.03021455 0.41023034 0.77301037
v 0.01967212 0.40101287 0.77870280
v 0.01041343 0.39149332 0.78334761
v 0.00112599 0.38200518 0.78802210
v -0.00819098 0.37254897 0.79272681
v -0.01749562 0.36311373 0.79742748
v -0.02653932 0.35363322 0.80191916
v -0.03224839 0.34327960 0.80366760
v -0.03795312 0.33293387 0.80541474
v -0.04379633 0.32263497 0.80727839
v -0.04971107 0.31236538 0.80920362
v -0.05562085 0.30210444 0.81112719
v -0.05814040 0.29090595 0.81024939
v -0.22616246 0.32631448 0.94633555
v -0.26174945 0.32484666 0.97292733
v -0.28260410 0.31930453 0.98734564
v -0.29433477 0.31120881 0.99421728
v -0.29963779 0.30128324 0.99576467
v -0.29903746 0.28963950 0.99241281
v -0.05461150 0.20615348 0.78648877
v -0.05102435 0.19306032 0.78051376
v -0.04181256 0.17825472 0.76985204
v -0.03080532 0.16285290 0.75768191
v -0.01866938 0.14704518 0.74455589
v -0.00175273 0.12970866 0.72742802
v 0.01221147 0.11319076 0.71274036
v 0.02748900 0.09618909 0.69693738
v 0.04665026 0.07789299 0.67787051
v 0.06619921 0.05937514 0.65845478
v 0.08615871 0.04062557 0.63867038
v 0.11072545 0.02030449 0.61500502
v 0.12885678 0.00192331 0.59669715
v 0.22747575 0.49403110 0.65959007
v 0.19799808 0.48875532 0.68053961
v 0.17021433 0.48318857 0.70013797
v 0.15381666 0.47502106 0.71049386
v 0.13734770 0.46692377 0.72092098
v 0.12102809 0.45884401 0.73123968
v 0.10610575 0.45047697 0.74043208
v 0.09376443 0.44152328 0.74753004
v 0.08146065 0.43259683 0.75460649
v 0.06894349 0.42376012 0.76186627
v 0.05640238 0.41496691 0.76915497
v 0.04404268 0.40616518 0.77630454
v 0.03474294 0.39661652 0.78095841
v 0.02546191 0.38708708 0.78560287
v 0.01617793 0.37758237 0.79025561
v 0.00688141 0.36810505 0.79492468
v -0.00241054 0.35865065 0.79959601
v -0.00975847 0.34870186 0.80267680
v -0.01548354 0.33833268 0.80442792
v -0.02120425 0.32797143 0.80617779
v -0.02692060 0.31761804 0.80792618
v -0.03261756 0.30726838 0.80966097
v -0.03689519 0.29653400 0.81022859
v -0.03859746 0.28508261 0.80867374
v -0.21695955 0.32338801 0.95285225
v -0.25105730 0.32149497 0.97812939
v -0.26957858 0.31527877 0.99057269
v -0.28083879 0.30703512 0.99703056
v -0.28552628 0.29691708 0.99806046
v -0.27558884 0.28252724 0.98698795
v -0.03214304 0.19928341 0.78252017
v -0.02787328 0.18595476 0.77599043
v -0.01836071 0.17102465 0.76510465
v -0.00494926 0.15486357 0.75096965
v 0.00960636 0.13828148 0.73586631
v 0.02325220 0.12189820 0.72149909
v 0.03828936 0.10501157 0.70595664
v 0.05761182 0.08671577 0.68682885
v 0.07720578 0.06823485 0.66745019
v 0.09828588 0.04918526 0.64680827
v 0.12351470 0.02871462 0.62268132
v 0.15113714 0.00735457 0.59652632
v 0.21741813 0.48350415 0.67967045
v 0.18805498 0.47828734 0.70048159
v 0.16731118 0.47113150 0.71432585
v 0.15092374 0.46300375 0.72465080
v 0.13448049 0.45494264 0.73503429
v 0.11967667 0.44653556 0.74409825
v 0.10730623 0.43757719 0.75119436
v 0.09496877 0.42864731 0.75827277
v 0.08262701 0.41975495 0.76536363
v 0.07005063 0.41095841 0.77265477
v 0.05895012 0.40182444 0.77875167
v 0.04983851 0.39221239 0.78323334
v 0.04054593 0.38267022 0.78786862
v 0.03125578 0.37315142 0.79250771
v 0.02194646 0.36366174 0.79716849
v 0.01271045 0.35417673 0.80177516
v 0.00702429 0.34376845 0.80348182
v 0.00151606 0.33332118 0.80504483
v -0.00413939 0.32292193 0.80673057
v -0.00984797 0.31254593 0.80846202
v -0.01555226 0.30217779 0.81019223
v -0.01800757 0.29091710 0.80925626
v -0.01970695 0.27944016 0.80769789
v -0.19853126 0.31786194 0.95179343
v -0.23661481 0.31707811 0.98026419
v -0.25638378 0.31120390 0.99369150
v -0.26616770 0.30252206 0.99890912
v -0.26608652 0.29100314 0.99600035
v -0.01320829 0.20552412 0.78453225
v -0.00890567 0.19218540 0.77799606
v -0.00459084 0.17880887 0.77144134
v 0.00701733 0.16321740 0.75884950
v 0.02061299 0.14696139 0.74459743
v 0.03429241 0.13060521 0.73025751
v 0.04848284 0.11437692 0.71554190
v 0.06857321 0.09553732 0.69578540
v 0.08821121 0.07709365 0.67644453
v 0.11095341 0.05757970 0.65450269
v 0.12678507 0.04038745 0.63902956
v 0.13168278 0.02603761 0.63110203
v 0.20754601 0.47299507 0.69954383
v 0.18078937 0.46724445 0.71820140
v 0.16441482 0.45910272 0.72848040
v 0.14803763 0.45101461 0.73877454
v 0.13244969 0.44278726 0.74844223
v 0.12095636 0.43360317 0.75480199
v 0.10853697 0.42468157 0.76192129
v 0.09617200 0.41578320 0.76900554
v 0.08372882 0.40694118 0.77616233
v 0.07370374 0.39752141 0.78136241
v 0.06476045 0.38785124 0.78568918
v 0.05559718 0.37826043 0.79020059
v 0.04633387 0.36871907 0.79479921
v 0.03739562 0.35920376 0.79942054
v 0.02946976 0.34926772 0.80265832
v 0.02375967 0.33884618 0.80437422
v 0.01806096 0.32843047 0.80608290
v 0.01254188 0.31797495 0.80764705
v 0.00702656 0.30752656 0.80921018
v 0.00258213 0.29679137 0.80989915
v 0.00121965 0.28520435 0.80806583
v -0.00013856 0.27360660 0.80622673
v -0.00163201 0.26203737 0.80449611
v -0.21775335 0.31139496 0.97874910
v -0.23605371 0.30508685 0.99098575
v -0.24037905 0.29480353 0.99169666
v 0.00499388 0.21201085 0.78719622
v 0.00873885 0.19883658 0.78113979
v 0.01249368 0.18562767 0.77506751
v 0.01969200 0.17136469 0.76615179
v 0.03238754 0.15541108 0.75269502
v 0.04607017 0.13908952 0.73840696
v 0.06038278 0.12250179 0.72358066
v 0.07952810 0.10435960 0.70474547
v 0.09920966 0.08595331 0.68544286
v 0.12278611 0.06623850 0.66289550
v 0.13106745 0.05117773 0.65297073
v 0.13153072 0.03852131 0.64950407
v 0.13589290 0.02461294 0.64280355
v 0.22799721 0.46747375 0.69789332
v 0.19798288 0.46247318 0.71911198
v 0.17787422 0.45520782 0.73236609
v 0.16152522 0.44710204 0.74260187
v 0.14524624 0.43903205 0.75279421
v 0.13372484 0.42984465 0.75915390
v 0.12223285 0.42068291 0.76549792
v 0.10980021 0.41178933 0.77261126
v 0.09740567 0.40292299 0.77970284
v 0.08849545 0.39320725 0.78397989
v 0.07952675 0.38352868 0.78830987
v 0.07057487 0.37386826 0.79263163
v 0.06135979 0.36429891 0.79717267
v 0.05208756 0.35476819 0.80176592
v 0.04610118 0.34439102 0.80369377
v 0.04054647 0.33390865 0.80527300
v 0.03483739 0.32347602 0.80697984
v 0.02912610 0.31305289 0.80869073
v 0.02359613 0.30258915 0.81025600
v 0.02110969 0.29129511 0.80934119
v 0.01946318 0.27976313 0.80773968
v 0.01799626 0.26817253 0.80598944
v 0.01664164 0.25654110 0.80414528
v 0.01528595 0.24490036 0.80229956
v 0.01798000 0.23209104 0.79713804
v 0.02143605 0.21903498 0.79134607
v 0.02520622 0.20585732 0.78528929
v 0.02898632 0.19264498 0.77921653
v 0.03519379 0.17868529 0.77114487
v 0.04565708 0.16341960 0.75956947
v 0.05810255 0.14750026 0.74635112
v 0.07129636 0.13132033 0.73217577
v 0.09077394 0.11309232 0.71346432
v 0.11020596 0.09481233 0.69444096
v 0.13341090 0.07527106 0.67228609
v 0.14040470 0.06063670 0.66346061
v 0.13874386 0.04865663 0.66175973
v 0.13949046 0.03591105 0.65807039
v 0.14400075 0.02195503 0.65126884
v 0.22062227 0.45640495 0.71569467
v 0.19330615 0.45083863 0.73469561
v 0.17671573 0.44277617 0.74508929
v 0.15969542 0.43487248 0.75584245
v 0.14663798 0.42604941 0.76341617
v 0.13499884 0.41691366 0.76985592
v 0.12349128 0.40777844 0.77619785
v 0.11106230 0.39890864 0.78329158
v 0.10290797 0.38898811 0.78694135
v 0.09435881 0.37918782 0.79091483
v 0.08535946 0.36952469 0.79525763
v 0.07639337 0.35987541 0.79957896
v 0.06820878 0.35004327 0.80327284
v 0.06251942 0.33956924 0.80494940
v 0.05683531 0.32910258 0.80662394
v 0.05127010 0.31861264 0.80820411
v 0.04570873 0.30812988 0.80978310
v 0.04118268 0.29737231 0.81052297
v 0.03968484 0.28578418 0.80880207
v 0.03806751 0.27422026 0.80717611
v 0.03642309 0.26265535 0.80557013
v 0.03485061 0.25106174 0.80390346
v 0.03568353 0.23877610 0.80027413
v 0.03890120 0.22578882 0.79469520
v 0.04212669 0.21277002 0.78910273
v 0.04551066 0.19967578 0.78337359
v 0.05071976 0.18601733 0.77614576
v 0.06123009 0.17075805 0.76457381
v 0.07179315 0.15542221 0.75294387
v 0.08398402 0.13953821 0.73996609
v 0.10245895 0.12169269 0.72182345
v 0.12141082 0.10360676 0.70326626
v 0.14403298 0.08430132 0.68167430
v 0.15428947 0.06868742 0.67020482
v 0.15034442 0.05741426 0.67038536
v 0.14874661 0.04540950 0.66863686
v 0.14991385 0.03252653 0.66461205
v 0.15590864 0.01778036 0.65633261
v 0.21460876 0.44505903 0.73235881
v 0.19202349 0.43842024 0.74752170
v 0.17564255 0.43034577 0.75772369
v 0.16023725 0.42208406 0.76715493
v 0.14923042 0.41277951 0.77306306
v 0.13694194 0.40382648 0.78000945
v 0.12474857 0.39488560 0.78688812
v 0.11666343 0.38493487 0.79046744
v 0.10863221 0.37498894 0.79400778
v 0.10023461 0.36515626 0.79784811
v 0.09122650 0.35550284 0.80218589
v 0.08454563 0.34526017 0.80465037
v 0.07898038 0.33473468 0.80621684
v 0.07330231 0.32424751 0.80787641
v 0.06760618 0.31377387 0.80955279
v 0.06202001 0.30327916 0.81114233
v 0.05931794 0.29200399 0.81039804
v 0.05729399 0.28053799 0.80910337
v 0.05569872 0.26894614 0.80745941
v 0.05420512 0.25731725 0.80573088
v 0.05321413 0.24553750 0.80359203
v 0.05585118 0.23271565 0.79850274
v 0.05914267 0.21967971 0.79287487
v 0.06244221 0.20661184 0.78723329
v 0.06601581 0.19343464 0.78136128
v 0.07587636 0.17838635 0.77036071
v 0.08649883 0.16305546 0.75872499
v 0.09717481 0.14764731 0.74703062
v 0.11453006 0.13017938 0.72987002
v 0.13358058 0.11211006 0.71130294
v 0.15766008 0.09241655 0.68860221
v 0.17394529 0.07498509 0.67224568
v 0.16689885 0.06464813 0.67495888
v 0.16295914 0.05336259 0.67513180
v 0.16175291 0.04122482 0.67306554
v 0.16426498 0.02790748 0.66794819
v 0.23965898 0.43837675 0.72709697
v 0.21102272 0.43316880 0.74704170
v 0.19161218 0.42581171 0.75962967
v 0.17445953 0.41796404 0.77042592
v 0.16235979 0.40891770 0.77718753
v 0.15143421 0.39961246 0.78301644
v 0.13953204 0.39058429 0.78963619
v 0.13102138 0.38072702 0.79354197
v 0.12301465 0.37076080 0.79704797
v 0.11446027 0.36095464 0.80099869
v 0.10611463 0.35111463 0.80478638
v 0.10031141 0.34062573 0.80653304
v 0.09509903 0.32998934 0.80780607
v 0.08965154 0.31942245 0.80927020
v 0.08399790 0.30891874 0.81090242
v 0.07942909 0.29812911 0.81166142
v 0.07745513 0.28663355 0.81032670
v 0.07549935 0.27512601 0.80897552
v 0.07347555 0.26363024 0.80767757
v 0.07178189 0.25203523 0.80611098
v 0.07355323 0.23945464 0.80173796
v 0.07607683 0.22663723 0.79675007
v 0.07884808 0.21372266 0.79155517
v 0.08217892 0.20061927 0.78589970
v 0.09067718 0.18598439 0.77604395
v 0.10015144 0.17101179 0.76538306
v 0.11086648 0.15561701 0.75370044
v 0.12738267 0.13843738 0.73728639
v 0.14607066 0.12052120 0.71908438
v 0.17130026 0.10053751 0.69553369
v 0.20065455 0.07917736 0.66859293
v 0.19583999 0.06811810 0.66946840
v 0.18539159 0.05879763 0.67494017
v 0.18080908 0.04768793 0.67563152
v 0.18129253 0.03500062 0.67218655
v 0.21502510 0.41945741 0.75564158
v 0.19626240 0.41197485 0.76768059
v 0.17902809 0.40417537 0.77851415
v 0.16751553 0.39499891 0.78478914
v 0.15502395 0.38610250 0.79185492
v 0.14464332 0.37670535 0.79724050
v 0.13733780 0.36654660 0.80017078
v 0.12997124 0.35641900 0.80315375
v 0.12140622 0.34661981 0.80710131
v 0.11648436 0.33588278 0.80813146
v 0.11116920 0.32525548 0.80947852
v 0.10569045 0.31467894 0.81095874
v 0.10034842 0.30407333 0.81233084
v 0.09743283 0.29281610 0.81175345
v 0.09522758 0.28136143 0.81060362
v 0.09318052 0.26985708 0.80932492
v 0.09127715 0.25830609 0.80792886
v 0.09127921 0.24621423 0.80499470
v 0.09356921 0.23346139 0.80021089
v 0.09623032 0.22057785 0.79512143
v 0.09889731 0.20766579 0.79002070
v 0.10609128 0.19342066 0.78125405
v 0.11546654 0.17849521 0.77071172
v 0.12487066 0.16350560 0.76013261
v 0.14066660 0.14657487 0.74436331
v 0.15890938 0.12883377 0.72659075
v 0.22261143 0.40486205 0.76139063
v 0.20290974 0.39763820 0.77414471
v 0.18593444 0.39005658 0.78469032
v 0.17380379 0.38078818 0.79149324
v 0.16185641 0.37185290 0.79796797
v 0.15372509 0.36180079 0.80168098
v 0.14608927 0.35172465 0.80486494
v 0.13774690 0.34184971 0.80861777
v 0.13253449 0.33117068 0.80987239
v 0.12749483 0.32045239 0.81099045
v 0.12256704 0.30971006 0.81202030
v 0.11793245 0.29889414 0.81281656
v 0.11560404 0.28745604 0.81176513
v 0.11335331 0.27599111 0.81064993
v 0.11111406 0.26451716 0.80952418
v 0.10985636 0.25276443 0.80760854
v 0.11164276 0.24014907 0.80324394
v 0.11343256 0.22750969 0.79887104
v 0.11583265 0.21467373 0.79400152
v 0.12201164 0.20072955 0.78608268
v 0.13047498 0.18608432 0.77631307
v 0.13993375 0.17109796 0.76572835
v 0.15698288 0.15383284 0.74900621
v 0.17528209 0.13611032 0.73125350
v 0.23701529 0.38855523 0.76174438
v 0.21353897 0.38229096 0.77745819
v 0.19697815 0.37436059 0.78769696
v 0.18359746 0.36567330 0.79542017
v 0.17193240 0.35658565 0.80178827
v 0.16366984 0.34664986 0.80545580
v 0.15587689 0.33661070 0.80875379
v 0.15010475 0.32605684 0.81044525
v 0.14535896 0.31523955 0.81132025
v 0.14034341 0.30449900 0.81241167
v 0.13710345 0.29328555 0.81208646
v 0.13443306 0.28191563 0.81130564
v 0.13173173 0.27055010 0.81054860
v 0.12977882 0.25897402 0.80919164
v 0.13081959 0.24655853 0.80543625
v 0.13208379 0.23406059 0.80149704
v 0.13390061 0.22138582 0.79710978
v 0.13931541 0.20766468 0.78983074
v 0.14734721 0.19315523 0.78044176
v 0.15541179 0.17858654 0.77101445
v 0.17301926 0.16119327 0.75390536
v 0.19645521 0.14200212 0.73208702
v 0.22611268 0.36642247 0.77925891
v 0.20626520 0.35934022 0.79207206
v 0.18997064 0.35141194 0.80208379
v 0.17710006 0.34264892 0.80939102
v 0.16710368 0.33317342 0.81442529
v 0.16001980 0.32295743 0.81715173
v 0.15757431 0.31152451 0.81619388
v 0.15529791 0.30004132 0.81510025
v 0.15547341 0.28789118 0.81205332
v 0.15407981 0.27615133 0.81025243
v 0.15346259 0.26418939 0.80783045
v 0.15348604 0.25203782 0.80489445
v 0.15373459 0.23980808 0.80177498
v 0.15495472 0.22728960 0.79787570
v 0.16011952 0.21363685 0.79081917
v 0.16638784 0.19963278 0.78287131
v 0.17932983 0.18367422 0.76957351
v 0.19814335 0.16595007 0.75155777
v 0.22804901 0.35322976 0.78949851
v 0.20634818 0.34666339 0.80374509
v 0.18741934 0.33945346 0.81581706
v 0.17225985 0.33132210 0.82492065
v 0.16182032 0.32199535 0.83029735
v 0.15593857 0.31148672 0.83206874
v 0.15577818 0.29945624 0.82930511
v 0.16023315 0.28616625 0.82287556
v 0.17000268 0.27139753 0.81221783
v 0.17825010 0.25698936 0.80275601
v 0.18416798 0.24317406 0.79513425
v 0.18829049 0.22981773 0.78893113
v 0.19446713 0.21585280 0.78108484
v 0.20476314 0.20068301 0.76994741
v 0.24575815 0.34815642 0.79020536
v 0.21669492 0.34346479 0.81020331
v 0.19526619 0.33689877 0.82420665
v 0.17666353 0.32966793 0.83599794
v 0.16262493 0.32129669 0.84420061
v 0.15365523 0.31162244 0.84840912
v 0.15228471 0.29993609 0.84661585
v 0.16331634 0.28489405 0.83500999
v 0.19316308 0.26467457 0.80849713
v 0.25919119 0.34417281 0.79431981
v 0.22526433 0.34072316 0.81807184
v 0.19941230 0.33530417 0.83550680
v 0.17875920 0.32861790 0.84887487
v 0.16313899 0.32067570 0.85829884
v 0.15214178 0.31155518 0.86409414
v 0.14961621 0.30019674 0.86322111
v 0.16701905 0.28345534 0.84663367
v 0.28886250 0.33600286 0.78591913
v 0.23088524 0.33874041 0.82825416
v 0.20383613 0.33363807 0.84657246
v 0.18129766 0.32745296 0.86137760
v 0.16360793 0.32006782 0.87239760
v 0.15221596 0.31106740 0.87848771
v 0.14975250 0.29970768 0.87757236
v 0.17024668 0.28214547 0.85861176
v 0.23541564 0.33703890 0.83927804
v 0.20548828 0.33269218 0.85978746
v 0.18237486 0.32667130 0.87499756
v 0.16470170 0.31929630 0.88597262
v 0.15278560 0.31044912 0.89245659
v 0.15005256 0.29917589 0.89175862
v 0.23756951 0.33595023 0.85213596
v 0.20738608 0.33168355 0.87278205
v 0.18395706 0.32575855 0.88819218
v 0.16649568 0.31834105 0.89897001
v 0.15542844 0.30928057 0.90477401
v 0.15395865 0.29767868 0.90309471
v 0.28031361 0.33656478 0.83634418
v 0.23959565 0.33489546 0.86506623
v 0.20881392 0.33079791 0.88611335
v 0.18515499 0.32494742 0.90165591
v 0.16846560 0.31734031 0.91180259
v 0.15812857 0.30809760 0.91702300
v 0.15784347 0.29618776 0.91442966
v 0.28128800 0.33576518 0.85014880
v 0.24007669 0.33424008 0.87916374
v 0.21020332 0.32992342 0.89944458
v 0.18672501 0.32403994 0.91480052
v 0.17170028 0.31600657 0.92362833
v 0.16289444 0.30636561 0.92764735
v 0.16359562 0.29419661 0.92429882
v 0.27995312 0.33555773 0.86569929
v 0.24064369 0.33356380 0.89316034
v 0.21230084 0.32886586 0.91219944
v 0.19012563 0.32265371 0.92650366
v 0.17569086 0.31447387 0.93484956
v 0.16829978 0.30446389 0.93776459
v 0.17090285 0.29178855 0.93295753
v 0.27848825 0.33538514 0.88130581
v 0.24161978 0.33278322 0.90680838
v 0.21470353 0.32772988 0.92469329
v 0.19401054 0.32114121 0.93781424
v 0.17969839 0.31301239 0.94583869
v 0.17368995 0.30256653 0.94788343
v 0.18030375 0.28881869 0.94000226
v 0.27723590 0.33515984 0.89670545
v 0.24264929 0.33199003 0.92038351
v 0.21735375 0.32653040 0.93697268
v 0.19908442 0.31931761 0.94819576
v 0.18695575 0.31054235 0.95472223
v 0.18210971 0.29986256 0.95566672
v 0.19325542 0.28489542 0.94432938
v 0.27603260 0.33492360 0.91202468
v 0.24442990 0.33100408 0.93335372
v 0.22138464 0.32497245 0.94817382
v 0.20471953 0.31734717 0.95813674
v 0.19426262 0.30813438 0.96336478
v 0.19162521 0.29686651 0.96261644
v 0.20795190 0.28050289 0.94734782
v 0.27720210 0.33408099 0.92549723
v 0.24669762 0.32975113 0.94622254
v 0.22536370 0.32342860 0.95939785
v 0.21026137 0.31540152 0.96813995
v 0.20163718 0.30570850 0.97195530
v 0.20114756 0.29386830 0.96957123
v 0.27958149 0.33292943 0.93802184
v 0.25116497 0.32821524 0.95680362
v 0.23100023 0.32145372 0.96934706
v 0.21799529 0.31288081 0.97646952
v 0.21100710 0.30275488 0.97902948
v 0.21251148 0.29037881 0.97513616
v 0.32292640 0.33335018 0.92242974
v 0.28330576 0.33143395 0.94950551
v 0.25724000 0.32612213 0.96645188
v 0.23833390 0.31903702 0.97800374
v 0.22623071 0.31022838 0.98442090
v 0.22106229 0.29961956 0.98559409
v 0.22899538 0.28552341 0.97684038
v 0.32615420 0.33200994 0.93427068
v 0.28848651 0.32956561 0.95987421
v 0.26369345 0.32393146 0.97580826
v 0.24731696 0.31619054 0.98541623
v 0.23692609 0.30692974 0.99052030
v 0.23386599 0.29575631 0.99009657
v 0.25254625 0.27878150 0.97325027
v 0.33508435 0.32917967 0.94189644
v 0.29551139 0.32722449 0.96884739
v 0.27298248 0.32100758 0.98302996
v 0.25753838 0.31302097 0.99190545
v 0.24901542 0.30326435 0.99558723
v 0.24923627 0.29121265 0.99269384
v 0.30539972 0.32414845 0.97567582
v 0.28386968 0.31766987 0.98906392
v 0.27027401 0.30919531 0.99652457
v 0.26263970 0.29919475 0.99952590
v 0.27338243 0.28434342 0.98874694
v 0.32438740 0.31873542 0.97572941
v 0.30013984 0.31293845 0.99109721
v 0.28738919 0.30422637 0.99789888
v 0.28586259 0.29260081 0.99632239
v 0.33612454 0.30310133 0.97850764
v 0.33492208 0.29131874 0.97667885
f 1 13 12
f 2 13 1
f 2 14 13
f 3 14 2
f 3 15 14
f 4 15 3
f 4 16 15
f 5 16 4
f 5 17 16
f 6 17 5
f 6 18 17
f 7 18 6
f 7 19 18
f 8 19 7
f 8 20 19
f 9 30 29
f 10 30 9
f 10 31 30
f 11 31 10
f 11 32 31
f 12 32 11
f 12 33 32
f 13 33 12
f 13 34 33
f 14 34 13
f 14 35 34
f 15 35 14
f 15 36 35
f 16 36 15
f 16 37 36
f 17 37 16
f 17 38 37
f 18 38 17
f 18 39 38
f 19 39 18
f 19 40 39
f 20 40 19
f 20 41 40
f 21 41 20
f 21 42 41
f 22 42 21
f 22 43 42
f 23 43 22
f 23 44 43
f 24 44 23
f 24 45 44
f 25 45 24
f 25 46 45
f 26 46 25
f 26 47 46
f 27 47 26
f 28 55 54
f 29 56 55
f 30 56 29
f 30 57 56
f 31 57 30
f 31 58 57
f 32 58 31
f 32 59 58
f 33 59 32
f 33 60 59
f 34 60 33
f 34 61 60
f 35 61 34
f 35 62 61
f 36 62 35
f 36 63 62
f 37 63 36
f 37 64 63
f 38 64 37
f 38 65 64
f 39 65 38
f 39 66 65
f 40 66 39
f 40 67 66
f 41 67 40
f 41 68 67
f 42 68 41
f 42 69 68
f 43 69 42
f 43 70 69
f 44 70 43
f 44 71 70
f 45 71 44
f 45 72 71
f 46 72 45
f 46 73 72
f 47 73 46
f 47 74 73
f 48 74 47
f 48 75 74
f 49 75 48
f 49 76 75
f 50 76 49
f 50 77 76
f 51 77 50
f 51 78 77
f 52 78 51
f 52 79 78
f 53 79 52
f 53 80 79
f 54 83 82
f 55 83 54
f 55 84 83
f 56 84 55
f 56 85 84
f 57 85 56
f 57 86 85
f 58 86 57
f 58 87 86
f 59 87 58
f 59 88 87
f 60 88 59
f 60 89 88
f 61 89 60
f 61 90 89
f 62 90 61
f 62 91 90
f 63 91 62
f 63 92 91
f 64 92 63
f 64 93 92
f 65 93 64
f 65 94 93
f 66 94 65
f 66 95 94
f 67 95 66
f 67 96 95
f 68 96 67
f 68 97 96
f 69 97 68
f 69 98 97
f 70 98 69
f 70 99 98
f 71 99 70
f 71 100 99
f 72 100 71
f 72 101 100
f 73 101 72
f 73 102 101
f 74 102 73
f 74 103 102
f 75 103 74
f 75 104 103
f 76 104 75
f 76 105 104
f 77 105 76
f 77 106 105
f 78 106 77
f 78 107 106
f 79 107 78
f 79 108 107
f 80 108 79
f 81 115 114
f 82 115 81
f 82 116 115
f 83 116 82
f 83 117 116
f 84 117 83
f 84 118 117
f 85 118 84
f 85 119 118
f 86 119 85
f 86 120 119
f 87 120 86
f 87 121 120
f 88 121 87
f 88 122 121
f 89 122 88
f 89 123 122
f 90 123 89
f 90 124 123
f 91 124 90
f 91 125 124
f 92 125 91
f 92 126 125
f 93 126 92
f 93 127 126
f 94 127 93
f 94 128 127
f 95 128 94
f 95 129 128
f 96 129 95
f 96 130 129
f 97 130 96
f 97 131 130
f 98 131 97
f 98 132 131
f 99 132 98
f 99 133 132
f 100 133 99
f 100 134 133
f 101 134 100
f 101 135 134
f 102 135 101
f 102 136 135
f 103 136 102
f 103 137 136
f 104 137 103
f 104 138 137
f 105 138 104
f 105 139 138
f 106 139 105
f 109 143 142
f 110 143 109
f 110 144 143
f 111 144 110
f 111 145 144
f 112 145 111
f 112 146 145
f 113 146 112
f 113 147 146
f 114 157 156
f 115 157 114
f 115 158 157
f 116 158 115
f 116 159 158
f 117 159 116
f 117 160 159
f 118 160 117
f 118 161 160
f 119 161 118
f 119 162 161
f 120 162 119
f 120 163 162
f 121 163 120
f 121 164 163
f 122 164 121
f 122 165 164
f 123 165 122
f 123 166 165
f 124 166 123
f 124 167 166
f 125 167 124
f 125 168 167
f 126 168 125
f 126 169 168
f 127 169 126
f 127 170 169
f 128 170 127
f 128 171 170
f 129 171 128
f 129 172 171
f 130 172 129
f 130 173 172
f 131 173 130
f 131 174 173
f 132 174 131
f 132 175 174
f 133 175 132
f 133 176 175
f 134 176 133
f 134 177 176
f 135 177 134
f 135 178 177
f 136 178 135
f 136 179 178
f 137 179 136
f 137 180 179
f 138 180 137
f 138 181 180
f 139 181 138
f 140 183 182
f 141 183 140
f 141 184 183
f 142 184 141
f 142 185 184
f 143 185 142
f 143 186 185
f 144 186 143
f 144 187 186
f 145 187 144
f 145 188 187
f 146 188 145
f 146 189 188
f 147 189 146
f 147 190 189
f 148 190 147
f 148 191 190
f 149 191 148
f 149 192 191
f 150 192 149
f 150 193 192
f 152 195 151
f 152 196 195
f 153 196 152
f 153 197 196
f 154 197 153
f 154 198 197
f 155 198 154
f 155 199 198
f 157 229 156
f 157 230 229
f 158 230 157
f 158 231 230
f 159 231 158
f 159 232 231
f 160 232 159
f 160 233 232
f 161 233 160
f 161 234 233
f 162 234 161
f 162 235 234
f 163 235 162
f 163 236 235
f 164 236 163
f 164 237 236
f 165 237 164
f 165 238 237
f 166 238 165
f 166 239 238
f 167 239 166
f 167 240 239
f 168 240 167
f 168 241 240
f 169 241 168
f 169 242 241
f 170 242 169
f 170 243 242
f 171 243 170
f 171 244 243
f 172 244 171
f 172 245 244
f 173 245 172
f 173 246 245
f 174 246 173
f 174 247 246
f 175 247 174
f 175 248 247
f 176 248 175
f 176 249 248
f 177 249 176
f 177 250 249
f 178 250 177
f 178 251 250
f 179 251 178
f 179 252 251
f 180 252 179
f 182 255 254
f 183 255 182
f 183 256 255
f 184 256 183
f 184 257 256
f 185 257 184
f 185 258 257
f 186 258 185
f 186 259 258
f 187 259 186
f 187 260 259
f 188 260 187
f 188 261 260
f 189 261 188
f 189 262 261
f 190 262 189
f 190 263 262
f 191 263 190
f 191 264 263
f 192 264 191
f 192 265 264
f 193 265 192
f 193 266 265
f 194 266 193
f 194 267 266
f 197 269 196
f 197 270 269
f 198 270 197
f 198 271 270
f 199 271 198
f 199 272 271
f 200 272 199
f 200 273 272
f 201 273 200
f 201 274 273
f 202 274 201
f 202 275 274
f 203 275 202
f 203 276 275
f 204 276 203
f 204 277 276
f 205 277 204
f 205 278 277
f 206 278 205
f 206 279 278
f 207 279 206
f 207 280 279
f 208 280 207
f 208 281 280
f 209 281 208
f 209 282 281
f 210 293 292
f 211 294 293
f 212 294 211
f 212 295 294
f 213 295 212
f 213 296 295
f 214 296 213
f 214 297 296
f 215 297 214
f 215 298 297
f 216 298 215
f 216 299 298
f 217 299 216
f 217 300 299
f 218 300 217
f 218 301 300
f 219 301 218
f 219 302 301
f 220 302 219
f 220 303 302
f 221 303 220
f 221 304 303
f 222 304 221
f 222 305 304
f 223 305 222
f 223 306 305
f 224 306 223
f 224 307 306
f 225 307 224
f 225 308 307
f 226 308 225
f 226 309 308
f 227 309 226
f 227 310 309
f 228 310 227
f 228 311 310
f 229 317 316
f 230 317 229
f 230 318 317
f 231 318 230
f 231 319 318
f 232 319 231
f 232 320 319
f 233 320 232
f 233 321 320
f 234 321 233
f 234 322 321
f 235 322 234
f 235 323 322
f 236 323 235
f 236 324 323
f 237 324 236
f 237 325 324
f 238 325 237
f 238 326 325
f 239 326 238
f 239 327 326
f 240 327 239
f 240 328 327
f 241 328 240
f 241 329 328
f 242 329 241
f 242 330 329
f 243 330 242
f 243 331 330
f 244 331 243
f 244 332 331
f 245 332 244
f 245 333 332
f 246 333 245
f 246 334 333
f 247 334 246
f 247 335 334
f 248 335 247
f 248 336 335
f 249 336 248
f 249 337 336
f 250 337 249
f 250 338 337
f 251 338 250
f 251 339 338
f 252 339 251
f 253 341 340
f 254 341 253
f 254 342 341
f 255 342 254
f 255 343 342
f 256 343 255
f 256 344 343
f 257 344 256
f 257 345 344
f 258 345 257
f 258 346 345
f 259 346 258
f 259 347 346
f 260 347 259
f 260 348 347
f 261 348 260
f 261 349 348
f 262 349 261
f 262 350 349
f 263 350 262
f 263 351 350
f 264 351 263
f 264 352 351
f 265 352 264
f 265 353 352
f 266 353 265
f 266 354 353
f 267 354 266
f 267 355 354
f 268 355 267
f 268 356 355
f 271 358 270
f 271 359 358
f 272 359 271
f 272 360 359
f 273 360 272
f 273 361 360
f 274 361 273
f 274 362 361
f 275 362 274
f 275 363 362
f 276 363 275
f 276 364 363
f 277 364 276
f 277 365 364
f 278 365 277
f 278 366 365
f 279 366 278
f 279 367 366
f 280 367 279
f 280 368 367
f 281 368 280
f 281 369 368
f 282 369 281
f 282 370 369
f 283 370 282
f 283 371 370
f 284 371 283
f 284 372 371
f 285 372 284
f 285 373 372
f 286 373 285
f 286 374 373
f 287 374 286
f 287 375 374
f 288 375 287
f 288 376 375
f 289 376 288
f 289 377 376
f 290 377 289
f 290 378 377
f 291 378 290
f 291 379 378
f 292 379 291
f 292 380 379
f 293 380 292
f 293 381 380
f 294 381 293
f 294 382 381
f 295 382 294
f 295 383 382
f 296 383 295
f 296 384 383
f 297 384 296
f 297 385 384
f 298 385 297
f 298 386 385
f 299 386 298
f 299 387 386
f 300 387 299
f 300 388 387
f 301 388 300
f 301 389 388
f 302 389 301
f 302 390 389
f 303 390 302
f 303 391 390
f 304 391 303
f 304 392 391
f 305 392 304
f 305 393 392
f 306 393 305
f 306 394 393
f 307 394 306
f 307 395 394
f 308 395 307
f 308 396 395
f 309 396 308
f 309 397 396
f 310 397 309
f 310 398 397
f 311 398 310
f 311 399 398
f 312 399 311
f 312 400 399
f 313 400 312
f 313 401 400
f 314 401 313
f 314 402 401
f 315 402 314
f 315 403 402
f 316 407 406
f 317 407 316
f 317 408 407
f 318 408 317
f 318 409 408
f 319 409 318
f 319 410 409
f 320 410 319
f 320 411 410
f 321 411 320
f 321 412 411
f 322 412 321
f 322 413 412
f 323 413 322
f 323 414 413
f 324 414 323
f 324 415 414
f 325 415 324
f 325 416 415
f 326 416 325
f 326 417 416
f 327 417 326
f 327 418 417
f 328 418 327
f 328 419 418
f 329 419 328
f 329 420 419
f 330 420 329
f 330 421 420
f 331 421 330
f 331 422 421
f 332 422 331
f 332 423 422
f 333 423 332
f 333 424 423
f 334 424 333
f 334 425 424
f 335 425 334
f 335 426 425
f 336 426 335
f 336 427 426
f 337 427 336
f 337 428 427
f 338 428 337
f 338 429 428
f 339 429 338
f 339 430 429
f 341 431 340
f 341 432 431
f 342 432 341
f 342 433 432
f 343 433 342
f 343 434 433
f 344 434 343
f 344 435 434
f 345 435 344
f 345 436 435
f 346 436 345
f 346 437 436
f 347 437 346
f 347 438 437
f 348 438 347
f 348 439 438
f 349 439 348
f 349 440 439
f 350 440 349
f 350 441 440
f 351 441 350
f 351 442 441
f 352 442 351
f 352 443 442
f 353 443 352
f 353 444 443
f 354 444 353
f 354 445 444
f 355 445 354
f 355 446 445
f 356 446 355
f 356 447 446
f 357 447 356
f 357 448 447
f 360 450 359
f 360 451 450
f 361 451 360
f 361 452 451
f 362 452 361
f 362 453 452
f 363 453 362
f 363 454 453
f 364 454 363
f 364 455 454
f 365 455 364
f 365 456 455
f 366 456 365
f 366 457 456
f 367 457 366
f 367 458 457
f 368 458 367
f 368 459 458
f 369 459 368
f 369 460 459
f 370 460 369
f 370 461 460
f 371 461 370
f 371 462 461
f 372 462 371
f 372 463 462
f 373 463 372
f 373 464 463
f 374 464 373
f 374 465 464
f 375 465 374
f 375 466 465
f 376 466 375
f 376 467 466
f 377 467 376
f 377 468 467
f 378 468 377
f 378 469 468
f 379 469 378
f 379 470 469
f 380 470 379
f 380 471 470
f 381 471 380
f 381 472 471
f 382 472 381
f 382 473 472
f 383 473 382
f 383 474 473
f 384 474 383
f 384 475 474
f 385 475 384
f 385 476 475
f 386 476 385
f 386 477 476
f 387 477 386
f 387 478 477
f 388 478 387
f 388 479 478
f 389 479 388
f 389 480 479
f 390 480 389
f 390 481 480
f 391 481 390
f 391 482 481
f 392 482 391
f 392 483 482
f 393 483 392
f 393 484 483
f 394 484 393
f 394 485 484
f 395 485 394
f 395 486 485
f 396 486 395
f 396 487 486
f 397 487 396
f 397 488 487
f 398 488 397
f 398 489 488
f 399 489 398
f 399 490 489
f 400 490 399
f 400 491 490
f 401 491 400
f 401 492 491
f 402 492 401
f 402 493 492
f 403 493 402
f 403 494 493
f 404 494 403
f 404 495 494
f 405 495 404
f 405 496 495
f 406 500 499
f 407 500 406
f 407 501 500
f 408 501 407
f 408 502 501
f 409 502 408
f 409 503 502
f 410 503 409
f 410 504 503
f 411 504 410
f 411 505 504
f 412 505 411
f 412 506 505
f 413 506 412
f 413 507 506
f 414 507 413
f 414 508 507
f 415 508 414
f 415 509 508
f 416 509 415
f 416 510 509
f 417 510 416
f 417 511 510
f 418 511 417
f 418 512 511
f 419 512 418
f 419 513 512
f 420 513 419
f 420 514 513
f 421 514 420
f 421 515 514
f 422 515 421
f 422 516 515
f 423 516 422
f 423 517 516
f 424 517 423
f 424 518 517
f 425 518 424
f 425 519 518
f 426 519 425
f 426 520 519
f 427 520 426
f 427 521 520
f 428 521 427
f 428 522 521
f 429 522 428
f 429 523 522
f 430 523 429
f 431 525 524
f 432 525 431
f 432 526 525
f 433 526 432
f 433 527 526
f 434 527 433
f 434 528 527
f 435 528 434
f 435 529 528
f 436 529 435
f 436 530 529
f 437 530 436
f 437 531 530
f 438 531 437
f 438 532 531
f 439 532 438
f 439 533 532
f 440 533 439
f 440 534 533
f 441 534 440
f 441 535 534
f 442 535 441
f 442 536 535
f 443 536 442
f 443 537 536
f 444 537 443
f 444 538 537
f 445 538 444
f 445 539 538
f 446 539 445
f 446 540 539
f 447 540 446
f 447 541 540
f 448 541 447
f 448 542 541
f 449 542 448
f 449 543 542
f 451 544 450
f 451 545 544
f 452 545 451
f 452 546 545
f 453 546 452
f 453 547 546
f 454 547 453
f 454 548 547
f 455 548 454
f 455 549 548
f 456 549 455
f 456 550 549
f 457 550 456
f 457 551 550
f 458 551 457
f 458 552 551
f 459 552 458
f 459 553 552
f 460 553 459
f 460 554 553
f 461 554 460
f 461 555 554
f 462 555 461
f 462 556 555
f 463 556 462
f 463 557 556
f 464 557 463
f 464 558 557
f 465 558 464
f 465 559 558
f 466 559 465
f 466 560 559
f 467 560 466
f 467 561 560
f 468 561 467
f 468 562 561
f 469 562 468
f 469 563 562
f 470 563 469
f 470 564 563
f 471 564 470
f 471 565 564
f 472 565 471
f 472 566 565
f 473 566 472
f 473 567 566
f 474 567 473
f 474 568 567
f 475 568 474
f 475 569 568
f 476 569 475
f 476 570 569
f 477 570 476
f 477 571 570
f 478 571 477
f 478 572 571
f 479 572 478
f 479 573 572
f 480 573 479
f 480 574 573
f 481 574 480
f 481 575 574
f 482 575 481
f 482 576 575
f 483 576 482
f 483 577 576
f 484 577 483
f 484 578 577
f 485 578 484
f 485 579 578
f 486 579 485
f 486 580 579
f 487 580 486
f 487 581 580
f 488 581 487
f 488 582 581
f 489 582 488
f 489 583 582
f 490 583 489
f 490 584 583
f 491 584 490
f 491 585 584
f 492 585 491
f 492 586 585
f 493 586 492
f 493 587 586
f 494 587 493
f 494 588 587
f 495 588 494
f 495 589 588
f 496 589 495
f 496 590 589
f 497 590 496
f 497 591 590
f 498 591 497
f 498 592 591
f 500 594 499
f 500 595 594
f 501 595 500
f 501 596 595
f 502 596 501
f 502 597 596
f 503 597 502
f 503 598 597
f 504 598 503
f 504 599 598
f 505 599 504
f 505 600 599
f 506 600 505
f 506 601 600
f 507 601 506
f 507 602 601
f 508 602 507
f 508 603 602
f 509 603 508
f 509 604 603
f 510 604 509
f 510 605 604
f 511 605 510
f 511 606 605
f 512 606 511
f 512 607 606
f 513 607 512
f 513 608 607
f 514 608 513
f 514 609 608
f 515 609 514
f 515 610 609
f 516 610 515
f 516 611 610
f 517 611 516
f 517 612 611
f 518 612 517
f 518 613 612
f 519 613 518
f 519 614 613
f 520 614 519
f 520 615 614
f 521 615 520
f 521 616 615
f 522 616 521
f 522 617 616
f 523 617 522
f 524 619 618
f 525 619 524
f 525 620 619
f 526 620 525
f 526 621 620
f 527 621 526
f 527 622 621
f 528 622 527
f 528 623 622
f 529 623 528
f 529 624 623
f 530 624 529
f 530 625 624
f 531 625 530
f 531 626 625
f 532 626 531
f 532 627 626
f 533 627 532
f 533 628 627
f 534 628 533
f 534 629 628
f 535 629 534
f 535 630 629
f 536 630 535
f 536 631 630
f 537 631 536
f 537 632 631
f 538 632 537
f 538 633 632
f 539 633 538
f 539 634 633
f 540 634 539
f 540 635 634
f 541 635 540
f 541 636 635
f 542 636 541
f 542 637 636
f 543 637 542
f 543 638 637
f 546 640 545
f 546 641 640
f 547 641 546
f 547 642 641
f 548 642 547
f 548 643 642
f 549 643 548
f 549 644 643
f 550 644 549
f 550 645 644
f 551 645 550
f 551 646 645
f 552 646 551
f 552 647 646
f 553 647 552
f 553 648 647
f 554 648 553
f 554 649 648
f 555 649 554
f 555 650 649
f 556 650 555
f 556 651 650
f 557 651 556
f 557 652 651
f 558 652 557
f 558 653 652
f 559 653 558
f 559 654 653
f 560 654 559
f 560 655 654
f 561 655 560
f 561 656 655
f 562 656 561
f 562 657 656
f 563 657 562
f 563 658 657
f 564 658 563
f 564 659 658
f 565 659 564
f 565 660 659
f 566 660 565
f 566 661 660
f 567 661 566
f 567 662 661
f 568 662 567
f 568 663 662
f 569 663 568
f 569 664 663
f 570 664 569
f 570 665 664
f 571 665 570
f 571 666 665
f 572 666 571
f 572 667 666
f 573 667 572
f 573 668 667
f 574 668 573
f 574 669 668
f 575 669 574
f 575 670 669
f 576 670 575
f 576 671 670
f 577 671 576
f 577 672 671
f 578 672 577
f 578 673 672
f 579 673 578
f 579 674 673
f 580 674 579
f 580 675 674
f 581 675 580
f 581 676 675
f 582 676 581
f 582 677 676
f 583 677 582
f 583 678 677
f 584 678 583
f 584 679 678
f 585 679 584
f 585 680 679
f 586 680 585
f 586 681 680
f 587 681 586
f 587 682 681
f 588 682 587
f 588 683 682
f 589 683 588
f 589 684 683
f 590 684 589
f 590 685 684
f 591 685 590
f 591 686 685
f 592 686 591
f 592 687 686
f 593 687 592
f 593 688 687
f 594 691 690
f 595 691 594
f 595 692 691
f 596 692 595
f 596 693 692
f 597 693 596
f 597 694 693
f 598 694 597
f 598 695 694
f 599 695 598
f 599 696 695
f 600 696 599
f 600 697 696
f 601 697 600
f 601 698 697
f 602 698 601
f 602 699 698
f 603 699 602
f 603 700 699
f 604 700 603
f 604 701 700
f 605 701 604
f 605 702 701
f 606 702 605
f 606 703 702
f 607 703 606
f 607 704 703
f 608 704 607
f 608 705 704
f 609 705 608
f 609 706 705
f 610 706 609
f 610 707 706
f 611 707 610
f 611 708 707
f 612 708 611
f 612 709 708
f 613 709 612
f 613 710 709
f 614 710 613
f 614 711 710
f 615 711 614
f 615 712 711
f 616 712 615
f 616 713 712
f 617 713 616
f 617 714 713
f 619 715 618
f 619 716 715
f 620 716 619
f 620 717 716
f 621 717 620
f 621 718 717
f 622 718 621
f 622 719 718
f 623 719 622
f 623 720 719
f 624 720 623
f 624 721 720
f 625 721 624
f 625 722 721
f 626 722 625
f 626 723 722
f 627 723 626
f 627 724 723
f 628 724 627
f 628 725 724
f 629 725 628
f 629 726 725
f 630 726 629
f 630 727 726
f 631 727 630
f 631 728 727
f 632 728 631
f 632 729 728
f 633 729 632
f 633 730 729
f 634 730 633
f 634 731 730
f 635 731 634
f 635 732 731
f 636 732 635
f 636 733 732
f 637 733 636
f 637 734 733
f 638 734 637
f 638 735 734
f 639 735 638
f 639 736 735
f 641 737 640
f 641 738 737
f 642 738 641
f 642 739 738
f 643 739 642
f 643 740 739
f 644 740 643
f 644 741 740
f 645 741 644
f 645 742 741
f 646 742 645
f 646 743 742
f 647 743 646
f 647 744 743
f 648 744 647
f 648 745 744
f 649 745 648
f 649 746 745
f 650 746 649
f 650 747 746
f 651 747 650
f 651 748 747
f 652 748 651
f 652 749 748
f 653 749 652
f 653 750 749
f 654 750 653
f 654 751 750
f 655 751 654
f 655 752 751
f 656 752 655
f 656 753 752
f 657 753 656
f 657 754 753
f 658 754 657
f 658 755 754
f 659 755 658
f 659 756 755
f 660 756 659
f 660 757 756
f 661 757 660
f 661 758 757
f 662 758 661
f 662 759 758
f 663 759 662
f 663 760 759
f 664 760 663
f 664 761 760
f 665 761 664
f 665 762 761
f 666 762 665
f 666 763 762
f 667 763 666
f 667 764 763
f 668 764 667
f 668 765 764
f 669 765 668
f 669 766 765
f 670 766 669
f 670 767 766
f 671 767 670
f 671 768 767
f 672 768 671
f 672 769 768
f 673 769 672
f 673 770 769
f 674 770 673
f 674 771 770
f 675 771 674
f 675 772 771
f 676 772 675
f 676 773 772
f 677 773 676
f 677 774 773
f 678 774 677
f 678 775 774
f 679 775 678
f 679 776 775
f 680 776 679
f 680 777 776
f 681 777 680
f 681 778 777
f 682 778 681
f 682 779 778
f 683 779 682
f 683 780 779
f 684 780 683
f 684 781 780
f 685 781 684
f 685 782 781
f 686 782 685
f 686 783 782
f 687 783 686
f 687 784 783
f 688 784 687
f 688 785 784
f 689 785 688
f 689 786 785
f 691 788 787
f 692 788 691
f 692 789 788
f 693 789 692
f 693 790 789
f 694 790 693
f 694 791 790
f 695 791 694
f 695 792 791
f 696 792 695
f 696 793 792
f 697 793 696
f 697 794 793
f 698 794 697
f 698 795 794
f 699 795 698
f 699 796 795
f 700 796 699
f 700 797 796
f 701 797 700
f 701 798 797
f 702 798 701
f 702 799 798
f 703 799 702
f 703 800 799
f 704 800 703
f 704 801 800
f 705 801 704
f 705 802 801
f 706 802 705
f 706 803 802
f 707 803 706
f 707 804 803
f 708 804 707
f 708 805 804
f 709 805 708
f 709 806 805
f 710 806 709
f 710 807 806
f 711 807 710
f 711 808 807
f 712 808 711
f 712 809 808
f 713 809 712
f 713 810 809
f 714 810 713
f 715 812 811
f 716 812 715
f 716 813 812
f 717 813 716
f 717 814 813
f 718 814 717
f 718 815 814
f 719 815 718
f 719 816 815
f 720 816 719
f 720 817 816
f 721 817 720
f 721 818 817
f 722 818 721
f 722 819 818
f 723 819 722
f 723 820 819
f 724 820 723
f 724 821 820
f 725 821 724
f 725 822 821
f 726 822 725
f 726 823 822
f 727 823 726
f 727 824 823
f 728 824 727
f 728 825 824
f 729 825 728
f 729 826 825
f 730 826 729
f 730 827 826
f 731 827 730
f 731 828 827
f 732 828 731
f 732 829 828
f 733 829 732
f 733 830 829
f 734 830 733
f 734 831 830
f 735 831 734
f 735 832 831
f 736 832 735
f 736 833 832
f 738 834 737
f 738 835 834
f 739 835 738
f 739 836 835
f 740 836 739
f 740 837 836
f 741 837 740
f 741 838 837
f 742 838 741
f 742 839 838
f 743 839 742
f 743 840 839
f 744 840 743
f 744 841 840
f 745 841 744
f 745 842 841
f 746 842 745
f 746 843 842
f 747 843 746
f 747 844 843
f 748 844 747
f 748 845 844
f 749 845 748
f 749 846 845
f 750 846 749
f 750 847 846
f 751 847 750
f 751 848 847
f 752 848 751
f 752 849 848
f 753 849 752
f 753 850 849
f 754 850 753
f 754 851 850
f 755 851 754
f 755 852 851
f 756 852 755
f 756 853 852
f 757 853 756
f 757 854 853
f 758 854 757
f 758 855 854
f 759 855 758
f 759 856 855
f 760 856 759
f 760 857 856
f 761 857 760
f 761 858 857
f 762 858 761
f 762 859 858
f 763 859 762
f 763 860 859
f 764 860 763
f 764 861 860
f 765 861 764
f 765 862 861
f 766 862 765
f 766 863 862
f 767 863 766
f 767 864 863
f 768 864 767
f 768 865 864
f 769 865 768
f 769 866 865
f 770 866 769
f 770 867 866
f 771 867 770
f 771 868 867
f 772 868 771
f 772 869 868
f 773 869 772
f 773 870 869
f 774 870 773
f 774 871 870
f 775 871 774
f 775 872 871
f 776 872 775
f 776 873 872
f 777 873 776
f 777 874 873
f 778 874 777
f 778 875 874
f 779 875 778
f 779 876 875
f 780 876 779
f 780 877 876
f 781 877 780
f 781 878 877
f 782 878 781
f 782 879 878
f 783 879 782
f 783 880 879
f 784 880 783
f 784 881 880
f 785 881 784
f 785 882 881
f 786 882 785
f 786 883 882
f 788 885 787
f 788 886 885
f 789 886 788
f 789 887 886
f 790 887 789
f 790 888 887
f 791 888 790
f 791 889 888
f 792 889 791
f 792 890 889
f 793 890 792
f 793 891 890
f 794 891 793
f 794 892 891
f 795 892 794
f 795 893 892
f 796 893 795
f 796 894 893
f 797 894 796
f 797 895 894
f 798 895 797
f 798 896 895
f 799 896 798
f 799 897 896
f 800 897 799
f 800 898 897
f 801 898 800
f 801 899 898
f 802 899 801
f 802 900 899
f 803 900 802
f 803 901 900
f 804 901 803
f 804 902 901
f 805 902 804
f 805 903 902
f 806 903 805
f 806 904 903
f 807 904 806
f 807 905 904
f 808 905 807
f 808 906 905
f 809 906 808
f 809 907 906
f 810 907 809
f 810 908 907
f 812 909 811
f 812 910 909
f 813 910 812
f 813 911 910
f 814 911 813
f 814 912 911
f 815 912 814
f 815 913 912
f 816 913 815
f 816 914 913
f 817 914 816
f 817 915 914
f 818 915 817
f 818 916 915
f 819 916 818
f 819 917 916
f 820 917 819
f 820 918 917
f 821 918 820
f 821 919 918
f 822 919 821
f 822 920 919
f 823 920 822
f 823 921 920
f 824 921 823
f 824 922 921
f 825 922 824
f 825 923 922
f 826 923 825
f 826 924 923
f 827 924 826
f 827 925 924
f 828 925 827
f 828 926 925
f 829 926 828
f 829 927 926
f 830 927 829
f 830 928 927
f 831 928 830
f 831 929 928
f 832 929 831
f 832 930 929
f 833 930 832
f 833 931 930
f 835 932 834
f 835 933 932
f 836 933 835
f 836 934 933
f 837 934 836
f 837 935 934
f 838 935 837
f 838 936 935
f 839 936 838
f 839 937 936
f 840 937 839
f 840 938 937
f 841 938 840
f 841 939 938
f 842 939 841
f 842 940 939
f 843 940 842
f 843 941 940
f 844 941 843
f 844 942 941
f 845 942 844
f 845 943 942
f 846 943 845
f 846 944 943
f 847 944 846
f 847 945 944
f 848 945 847
f 848 946 945
f 849 946 848
f 849 947 946
f 850 947 849
f 850 948 947
f 851 948 850
f 851 949 948
f 852 949 851
f 852 950 949
f 853 950 852
f 853 951 950
f 854 951 853
f 854 952 951
f 855 952 854
f 855 953 952
f 856 953 855
f 856 954 953
f 857 954 856
f 857 955 954
f 858 955 857
f 858 956 955
f 859 956 858
f 859 957 956
f 860 957 859
f 860 958 957
f 861 958 860
f 861 959 958
f 862 959 861
f 862 960 959
f 863 960 862
f 863 961 960
f 864 961 863
f 864 962 961
f 865 962 864
f 865 963 962
f 866 963 865
f 866 964 963
f 867 964 866
f 867 965 964
f 868 965 867
f 868 966 965
f 869 966 868
f 869 967 966
f 870 967 869
f 870 968 967
f 871 968 870
f 871 969 968
f 872 969 871
f 872 970 969
f 873 970 872
f 873 971 970
f 874 971 873
f 874 972 971
f 875 972 874
f 875 973 972
f 876 973 875
f 876 974 973
f 877 974 876
f 877 975 974
f 878 975 877
f 878 976 975
f 879 976 878
f 879 977 976
f 880 977 879
f 880 978 977
f 881 978 880
f 881 979 978
f 882 979 881
f 882 980 979
f 883 980 882
f 883 981 980
f 884 981 883
f 884 982 981
f 886 983 885
f 886 984 983
f 887 984 886
f 887 985 984
f 888 985 887
f 888 986 985
f 889 986 888
f 889 987 986
f 890 987 889
f 890 988 987
f 891 988 890
f 891 989 988
f 892 989 891
f 892 990 989
f 893 990 892
f 893 991 990
f 894 991 893
f 894 992 991
f 895 992 894
f 895 993 992
f 896 993 895
f 896 994 993
f 897 994 896
f 897 995 994
f 898 995 897
f 898 996 995
f 899 996 898
f 899 997 996
f 900 997 899
f 900 998 997
f 901 998 900
f 901 999 998
f 902 999 901
f 902 1000 999
f 903 1000 902
f 903 1001 1000
f 904 1001 903
f 904 1002 1001
f 905 1002 904
f 905 1003 1002
f 906 1003 905
f 906 1004 1003
f 907 1004 906
f 907 1005 1004
f 908 1005 907
f 909 1007 1006
f 910 1007 909
f 910 1008 1007
f 911 1008 910
f 911 1009 1008
f 912 1009 911
f 912 1010 1009
f 913 1010 912
f 913 1011 1010
f 914 1011 913
f 914 1012 1011
f 915 1012 914
f 915 1013 1012
f 916 1013 915
f 916 1014 1013
f 917 1014 916
f 917 1015 1014
f 918 1015 917
f 918 1016 1015
f 919 1016 918
f 919 1017 1016
f 920 1017 919
f 920 1018 1017
f 921 1018 920
f 921 1019 1018
f 922 1019 921
f 922 1020 1019
f 923 1020 922
f 923 1021 1020
f 924 1021 923
f 924 1022 1021
f 925 1022 924
f 925 1023 1022
f 926 1023 925
f 926 1024 1023
f 927 1024 926
f 927 1025 1024
f 928 1025 927
f 928 1026 1025
f 929 1026 928
f 929 1027 1026
f 930 1027 929
f 930 1028 1027
f 931 1028 930
f 931 1029 1028
f 934 1030 933
f 934 1031 1030
f 935 1031 934
f 935 1032 1031
f 936 1032 935
f 936 1033 1032
f 937 1033 936
f 937 1034 1033
f 938 1034 937
f 938 1035 1034
f 939 1035 938
f 939 1036 1035
f 940 1036 939
f 940 1037 1036
f 941 1037 940
f 941 1038 1037
f 942 1038 941
f 942 1039 1038
f 943 1039 942
f 943 1040 1039
f 944 1040 943
f 944 1041 1040
f 945 1041 944
f 945 1042 1041
f 946 1042 945
f 946 1043 1042
f 947 1043 946
f 947 1044 1043
f 948 1044 947
f 948 1045 1044
f 949 1045 948
f 949 1046 1045
f 950 1046 949
f 950 1047 1046
f 951 1047 950
f 951 1048 1047
f 952 1048 951
f 952 1049 1048
f 953 1049 952
f 953 1050 1049
f 954 1050 953
f 954 1051 1050
f 955 1051 954
f 955 1052 1051
f 956 1052 955
f 956 1053 1052
f 957 1053 956
f 957 1054 1053
f 958 1054 957
f 958 1055 1054
f 959 1055 958
f 959 1056 1055
f 960 1056 959
f 960 1057 1056
f 961 1057 960
f 961 1058 1057
f 962 1058 961
f 962 1059 1058
f 963 1059 962
f 963 1060 1059
f 964 1060 963
f 964 1061 1060
f 965 1061 964
f 965 1062 1061
f 966 1062 965
f 966 1063 1062
f 967 1063 966
f 967 1064 1063
f 968 1064 967
f 968 1065 1064
f 969 1065 968
f 969 1066 1065
f 970 1066 969
f 970 1067 1066
f 971 1067 970
f 971 1068 1067
f 972 1068 971
f 972 1069 1068
f 973 1069 972
f 973 1070 1069
f 974 1070 973
f 974 1071 1070
f 975 1071 974
f 975 1072 1071
f 976 1072 975
f 976 1073 1072
f 977 1073 976
f 977 1074 1073
f 978 1074 977
f 978 1075 1074
f 979 1075 978
f 979 1076 1075
f 980 1076 979
f 980 1077 1076
f 981 1077 980
f 981 1078 1077
f 982 1078 981
f 982 1079 1078
f 983 1081 1080
f 984 1081 983
f 984 1082 1081
f 985 1082 984
f 985 1083 1082
f 986 1083 985
f 986 1084 1083
f 987 1084 986
f 987 1085 1084
f 988 1085 987
f 988 1086 1085
f 989 1086 988
f 989 1087 1086
f 990 1087 989
f 990 1088 1087
f 991 1088 990
f 991 1089 1088
f 992 1089 991
f 992 1090 1089
f 993 1090 992
f 993 1091 1090
f 994 1091 993
f 994 1092 1091
f 995 1092 994
f 995 1093 1092
f 996 1093 995
f 996 1094 1093
f 997 1094 996
f 997 1095 1094
f 998 1095 997
f 998 1096 1095
f 999 1096 998
f 999 1097 1096
f 1000 1097 999
f 1000 1098 1097
f 1001 1098 1000
f 1001 1099 1098
f 1002 1099 1001
f 1002 1100 1099
f 1003 1100 1002
f 1003 1101 1100
f 1004 1101 1003
f 1004 1102 1101
f 1005 1102 1004
f 1005 1103 1102
f 1007 1104 1006
f 1007 1105 1104
f 1008 1105 1007
f 1008 1106 1105
f 1009 1106 1008
f 1009 1107 1106
f 1010 1107 1009
f 1010 1108 1107
f 1011 1108 1010
f 1011 1109 1108
f 1012 1109 1011
f 1012 1110 1109
f 1013 1110 1012
f 1013 1111 1110
f 1014 1111 1013
f 1014 1112 1111
f 1015 1112 1014
f 1015 1113 1112
f 1016 1113 1015
f 1016 1114 1113
f 1017 1114 1016
f 1017 1115 1114
f 1018 1115 1017
f 1018 1116 1115
f 1019 1116 1018
f 1019 1117 1116
f 1020 1117 1019
f 1020 1118 1117
f 1021 1118 1020
f 1021 1119 1118
f 1022 1119 1021
f 1022 1120 1119
f 1023 1120 1022
f 1023 1121 1120
f 1024 1121 1023
f 1024 1122 1121
f 1025 1122 1024
f 1025 1123 1122
f 1026 1123 1025
f 1026 1124 1123
f 1027 1124 1026
f 1027 1125 1124
f 1028 1125 1027
f 1028 1126 1125
f 1029 1126 1028
f 1029 1127 1126
f 1031 1129 1030
f 1031 1130 1129
f 1032 1130 1031
f 1032 1131 1130
f 1033 1131 1032
f 1033 1132 1131
f 1034 1132 1033
f 1034 1133 1132
f 1035 1133 1034
f 1035 1134 1133
f 1036 1134 1035
f 1036 1135 1134
f 1037 1135 1036
f 1037 1136 1135
f 1038 1136 1037
f 1038 1137 1136
f 1039 1137 1038
f 1039 1138 1137
f 1040 1138 1039
f 1040 1139 1138
f 1041 1139 1040
f 1041 1140 1139
f 1042 1140 1041
f 1042 1141 1140
f 1043 1141 1042
f 1043 1142 1141
f 1044 1142 1043
f 1044 1143 1142
f 1045 1143 1044
f 1045 1144 1143
f 1046 1144 1045
f 1046 1145 1144
f 1047 1145 1046
f 1047 1146 1145
f 1048 1146 1047
f 1048 1147 1146
f 1049 1147 1048
f 1049 1148 1147
f 1050 1148 1049
f 1050 1149 1148
f 1051 1149 1050
f 1051 1150 1149
f 1052 1150 1051
f 1052 1151 1150
f 1053 1151 1052
f 1053 1152 1151
f 1054 1152 1053
f 1054 1153 1152
f 1055 1153 1054
f 1055 1154 1153
f 1056 1154 1055
f 1056 1155 1154
f 1057 1155 1056
f 1057 1156 1155
f 1058 1156 1057
f 1058 1157 1156
f 1059 1157 1058
f 1059 1158 1157
f 1060 1158 1059
f 1060 1159 1158
f 1061 1159 1060
f 1061 1160 1159
f 1062 1160 1061
f 1062 1161 1160
f 1063 1161 1062
f 1063 1162 1161
f 1064 1162 1063
f 1064 1163 1162
f 1065 1163 1064
f 1065 1164 1163
f 1066 1164 1065
f 1066 1165 1164
f 1067 1165 1066
f 1067 1166 1165
f 1068 1166 1067
f 1068 1167 1166
f 1069 1167 1068
f 1069 1168 1167
f 1070 1168 1069
f 1070 1169 1168
f 1071 1169 1070
f 1071 1170 1169
f 1072 1170 1071
f 1072 1171 1170
f 1073 1171 1072
f 1073 1172 1171
f 1074 1172 1073
f 1074 1173 1172
f 1075 1173 1074
f 1075 1174 1173
f 1076 1174 1075
f 1076 1175 1174
f 1077 1175 1076
f 1077 1176 1175
f 1078 1176 1077
f 1078 1177 1176
f 1079 1177 1078
f 1079 1178 1177
f 1081 1180 1080
f 1081 1181 1180
f 1082 1181 1081
f 1082 1182 1181
f 1083 1182 1082
f 1083 1183 1182
f 1084 1183 1083
f 1084 1184 1183
f 1085 1184 1084
f 1085 1185 1184
f 1086 1185 1085
f 1086 1186 1185
f 1087 1186 1086
f 1087 1187 1186
f 1088 1187 1087
f 1088 1188 1187
f 1089 1188 1088
f 1089 1189 1188
f 1090 1189 1089
f 1090 1190 1189
f 1091 1190 1090
f 1091 1191 1190
f 1092 1191 1091
f 1092 1192 1191
f 1093 1192 1092
f 1093 1193 1192
f 1094 1193 1093
f 1094 1194 1193
f 1095 1194 1094
f 1095 1195 1194
f 1096 1195 1095
f 1096 1196 1195
f 1097 1196 1096
f 1097 1197 1196
f 1098 1197 1097
f 1098 1198 1197
f 1099 1198 1098
f 1099 1199 1198
f 1100 1199 1099
f 1100 1200 1199
f 1101 1200 1100
f 1101 1201 1200
f 1102 1201 1101
f 1102 1202 1201
f 1103 1202 1102
f 1104 1204 1203
f 1105 1204 1104
f 1105 1205 1204
f 1106 1205 1105
f 1106 1206 1205
f 1107 1206 1106
f 1107 1207 1206
f 1108 1207 1107
f 1108 1208 1207
f 1109 1208 1108
f 1109 1209 1208
f 1110 1209 1109
f 1110 1210 1209
f 1111 1210 1110
f 1111 1211 1210
f 1112 1211 1111
f 1112 1212 1211
f 1113 1212 1112
f 1113 1213 1212
f 1114 1213 1113
f 1114 1214 1213
f 1115 1214 1114
f 1115 1215 1214
f 1116 1215 1115
f 1116 1216 1215
f 1117 1216 1116
f 1117 1217 1216
f 1118 1217 1117
f 1118 1218 1217
f 1119 1218 1118
f 1119 1219 1218
f 1120 1219 1119
f 1120 1220 1219
f 1121 1220 1120
f 1121 1221 1220
f 1122 1221 1121
f 1122 1222 1221
f 1123 1222 1122
f 1123 1223 1222
f 1124 1223 1123
f 1124 1224 1223
f 1125 1224 1124
f 1125 1225 1224
f 1126 1225 1125
f 1126 1226 1225
f 1127 1226 1126
f 1127 1227 1226
f 1128 1228 1227
f 1130 1229 1129
f 1130 1230 1229
f 1131 1230 1130
f 1131 1231 1230
f 1132 1231 1131
f 1132 1232 1231
f 1133 1232 1132
f 1133 1233 1232
f 1134 1233 1133
f 1134 1234 1233
f 1135 1234 1134
f 1135 1235 1234
f 1136 1235 1135
f 1136 1236 1235
f 1137 1236 1136
f 1137 1237 1236
f 1138 1237 1137
f 1138 1238 1237
f 1139 1238 1138
f 1139 1239 1238
f 1140 1239 1139
f 1140 1240 1239
f 1141 1240 1140
f 1141 1241 1240
f 1142 1241 1141
f 1142 1242 1241
f 1143 1242 1142
f 1143 1243 1242
f 1144 1243 1143
f 1144 1244 1243
f 1145 1244 1144
f 1145 1245 1244
f 1146 1245 1145
f 1146 1246 1245
f 1147 1246 1146
f 1147 1247 1246
f 1148 1247 1147
f 1148 1248 1247
f 1149 1248 1148
f 1149 1249 1248
f 1150 1249 1149
f 1150 1250 1249
f 1151 1250 1150
f 1151 1251 1250
f 1152 1251 1151
f 1152 1252 1251
f 1153 1252 1152
f 1153 1253 1252
f 1154 1253 1153
f 1154 1254 1253
f 1155 1254 1154
f 1155 1255 1254
f 1156 1255 1155
f 1156 1256 1255
f 1157 1256 1156
f 1157 1257 1256
f 1158 1257 1157
f 1158 1258 1257
f 1159 1258 1158
f 1159 1259 1258
f 1160 1259 1159
f 1160 1260 1259
f 1161 1260 1160
f 1161 1261 1260
f 1162 1261 1161
f 1162 1262 1261
f 1163 1262 1162
f 1163 1263 1262
f 1164 1263 1163
f 1164 1264 1263
f 1165 1264 1164
f 1165 1265 1264
f 1166 1265 1165
f 1166 1266 1265
f 1167 1266 1166
f 1167 1267 1266
f 1168 1267 1167
f 1168 1268 1267
f 1169 1268 1168
f 1169 1269 1268
f 1170 1269 1169
f 1170 1270 1269
f 1171 1270 1170
f 1171 1271 1270
f 1172 1271 1171
f 1172 1272 1271
f 1173 1272 1172
f 1173 1273 1272
f 1174 1273 1173
f 1174 1274 1273
f 1175 1274 1174
f 1175 1275 1274
f 1176 1275 1175
f 1176 1276 1275
f 1177 1276 1176
f 1177 1277 1276
f 1178 1277 1177
f 1178 1278 1277
f 1179 1278 1178
f 1179 1279 1278
f 1181 1281 1180
f 1181 1282 1281
f 1182 1282 1181
f 1182 1283 1282
f 1183 1283 1182
f 1183 1284 1283
f 1184 1284 1183
f 1184 1285 1284
f 1185 1285 1184
f 1185 1286 1285
f 1186 1286 1185
f 1186 1287 1286
f 1187 1287 1186
f 1187 1288 1287
f 1188 1288 1187
f 1188 1289 1288
f 1189 1289 1188
f 1189 1290 1289
f 1190 1290 1189
f 1190 1291 1290
f 1191 1291 1190
f 1191 1292 1291
f 1192 1292 1191
f 1192 1293 1292
f 1193 1293 1192
f 1193 1294 1293
f 1194 1294 1193
f 1194 1295 1294
f 1195 1295 1194
f 1195 1296 1295
f 1196 1296 1195
f 1196 1297 1296
f 1197 1297 1196
f 1197 1298 1297
f 1198 1298 1197
f 1198 1299 1298
f 1199 1299 1198
f 1199 1300 1299
f 1200 1300 1199
f 1200 1301 1300
f 1201 1301 1200
f 1201 1302 1301
f 1202 1302 1201
f 1202 1303 1302
f 1204 1304 1203
f 1204 1305 1304
f 1205 1305 1204
f 1205 1306 1305
f 1206 1306 1205
f 1206 1307 1306
f 1207 1307 1206
f 1207 1308 1307
f 1208 1308 1207
f 1208 1309 1308
f 1209 1309 1208
f 1209 1310 1309
f 1210 1310 1209
f 1210 1311 1310
f 1211 1311 1210
f 1211 1312 1311
f 1212 1312 1211
f 1212 1313 1312
f 1213 1313 1212
f 1213 1314 1313
f 1214 1314 1213
f 1214 1315 1314
f 1215 1315 1214
f 1215 1316 1315
f 1216 1316 1215
f 1216 1317 1316
f 1217 1317 1216
f 1217 1318 1317
f 1218 1318 1217
f 1218 1319 1318
f 1219 1319 1218
f 1219 1320 1319
f 1220 1320 1219
f 1220 1321 1320
f 1221 1321 1220
f 1221 1322 1321
f 1222 1322 1221
f 1222 1323 1322
f 1223 1323 1222
f 1223 1324 1323
f 1224 1324 1223
f 1224 1325 1324
f 1225 1325 1224
f 1225 1326 1325
f 1226 1326 1225
f 1226 1327 1326
f 1227 1327 1226
f 1227 1328 1327
f 1228 1329 1328
f 1230 1330 1229
f 1230 1331 1330
f 1231 1331 1230
f 1231 1332 1331
f 1232 1332 1231
f 1232 1333 1332
f 1233 1333 1232
f 1233 1334 1333
f 1234 1334 1233
f 1234 1335 1334
f 1235 1335 1234
f 1235 1336 1335
f 1236 1336 1235
f 1236 1337 1336
f 1237 1337 1236
f 1237 1338 1337
f 1238 1338 1237
f 1238 1339 1338
f 1239 1339 1238
f 1239 1340 1339
f 1240 1340 1239
f 1240 1341 1340
f 1241 1341 1240
f 1241 1342 1341
f 1242 1342 1241
f 1242 1343 1342
f 1243 1343 1242
f 1243 1344 1343
f 1244 1344 1243
f 1244 1345 1344
f 1245 1345 1244
f 1245 1346 1345
f 1246 1346 1245
f 1246 1347 1346
f 1247 1347 1246
f 1247 1348 1347
f 1248 1348 1247
f 1248 1349 1348
f 1249 1349 1248
f 1249 1350 1349
f 1250 1350 1249
f 1250 1351 1350
f 1251 1351 1250
f 1251 1352 1351
f 1252 1352 1251
f 1252 1353 1352
f 1253 1353 1252
f 1253 1354 1353
f 1254 1354 1253
f 1254 1355 1354
f 1255 1355 1254
f 1255 1356 1355
f 1256 1356 1255
f 1256 1357 1356
f 1257 1357 1256
f 1257 1358 1357
f 1258 1358 1257
f 1258 1359 1358
f 1259 1359 1258
f 1259 1360 1359
f 1260 1360 1259
f 1260 1361 1360
f 1261 1361 1260
f 1261 1362 1361
f 1262 1362 1261
f 1262 1363 1362
f 1263 1363 1262
f 1263 1364 1363
f 1264 1364 1263
f 1264 1365 1364
f 1265 1365 1264
f 1265 1366 1365
f 1266 1366 1265
f 1266 1367 1366
f 1267 1367 1266
f 1267 1368 1367
f 1268 1368 1267
f 1268 1369 1368
f 1269 1369 1268
f 1269 1370 1369
f 1270 1370 1269
f 1270 1371 1370
f 1271 1371 1270
f 1271 1372 1371
f 1272 1372 1271
f 1272 1373 1372
f 1273 1373 1272
f 1273 1374 1373
f 1274 1374 1273
f 1274 1375 1374
f 1275 1375 1274
f 1275 1376 1375
f 1276 1376 1275
f 1276 1377 1376
f 1277 1377 1276
f 1277 1378 1377
f 1278 1378 1277
f 1278 1379 1378
f 1279 1379 1278
f 1279 1380 1379
f 1281 1381 1280
f 1281 1382 1381
f 1282 1382 1281
f 1282 1383 1382
f 1283 1383 1282
f 1283 1384 1383
f 1284 1384 1283
f 1284 1385 1384
f 1285 1385 1284
f 1285 1386 1385
f 1286 1386 1285
f 1286 1387 1386
f 1287 1387 1286
f 1287 1388 1387
f 1288 1388 1287
f 1288 1389 1388
f 1289 1389 1288
f 1289 1390 1389
f 1290 1390 1289
f 1290 1391 1390
f 1291 1391 1290
f 1291 1392 1391
f 1292 1392 1291
f 1292 1393 1392
f 1293 1393 1292
f 1293 1394 1393
f 1294 1394 1293
f 1294 1395 1394
f 1295 1395 1294
f 1295 1396 1395
f 1296 1396 1295
f 1296 1397 1396
f 1297 1397 1296
f 1297 1398 1397
f 1298 1398 1297
f 1298 1399 1398
f 1299 1399 1298
f 1299 1400 1399
f 1300 1400 1299
f 1300 1401 1400
f 1301 1401 1300
f 1301 1402 1401
f 1302 1402 1301
f 1302 1403 1402
f 1303 1403 1302
f 1303 1404 1403
f 1305 1405 1304
f 1305 1406 1405
f 1306 1406 1305
f 1306 1407 1406
f 1307 1407 1306
f 1307 1408 1407
f 1308 1408 1307
f 1308 1409 1408
f 1309 1409 1308
f 1309 1410 1409
f 1310 1410 1309
f 1310 1411 1410
f 1311 1411 1310
f 1311 1412 1411
f 1312 1412 1311
f 1312 1413 1412
f 1313 1413 1312
f 1313 1414 1413
f 1314 1414 1313
f 1314 1415 1414
f 1315 1415 1314
f 1315 1416 1415
f 1316 1416 1315
f 1316 1417 1416
f 1317 1417 1316
f 1317 1418 1417
f 1318 1418 1317
f 1318 1419 1418
f 1319 1419 1318
f 1319 1420 1419
f 1320 1420 1319
f 1320 1421 1420
f 1321 1421 1320
f 1321 1422 1421
f 1322 1422 1321
f 1322 1423 1422
f 1323 1423 1322
f 1323 1424 1423
f 1324 1424 1323
f 1324 1425 1424
f 1325 1425 1324
f 1325 1426 1425
f 1326 1426 1325
f 1326 1427 1426
f 1327 1427 1326
f 1327 1428 1427
f 1328 1428 1327
f 1328 1429 1428
f 1329 1429 1328
f 1329 1430 1429
f 1331 1431 1330
f 1331 1432 1431
f 1332 1432 1331
f 1332 1433 1432
f 1333 1433 1332
f 1333 1434 1433
f 1334 1434 1333
f 1334 1435 1434
f 1335 1435 1334
f 1335 1436 1435
f 1336 1436 1335
f 1336 1437 1436
f 1337 1437 1336
f 1337 1438 1437
f 1338 1438 1337
f 1338 1439 1438
f 1339 1439 1338
f 1339 1440 1439
f 1340 1440 1339
f 1340 1441 1440
f 1341 1441 1340
f 1341 1442 1441
f 1342 1442 1341
f 1342 1443 1442
f 1343 1443 1342
f 1343 1444 1443
f 1344 1444 1343
f 1344 1445 1444
f 1345 1445 1344
f 1345 1446 1445
f 1346 1446 1345
f 1346 1447 1446
f 1347 1447 1346
f 1347 1448 1447
f 1348 1448 1347
f 1348 1449 1448
f 1349 1449 1348
f 1349 1450 1449
f 1350 1450 1349
f 1350 1451 1450
f 1351 1451 1350
f 1351 1452 1451
f 1352 1452 1351
f 1352 1453 1452
f 1353 1453 1352
f 1353 1454 1453
f 1354 1454 1353
f 1354 1455 1454
f 1355 1455 1354
f 1355 1456 1455
f 1356 1456 1355
f 1356 1457 1456
f 1357 1457 1356
f 1357 1458 1457
f 1358 1458 1357
f 1358 1459 1458
f 1359 1459 1358
f 1359 1460 1459
f 1360 1460 1359
f 1360 1461 1460
f 1361 1461 1360
f 1361 1462 1461
f 1362 1462 1361
f 1362 1463 1462
f 1363 1463 1362
f 1363 1464 1463
f 1364 1464 1363
f 1364 1465 1464
f 1365 1465 1364
f 1365 1466 1465
f 1366 1466 1365
f 1366 1467 1466
f 1367 1467 1366
f 1367 1468 1467
f 1368 1468 1367
f 1368 1469 1468
f 1369 1469 1368
f 1369 1470 1469
f 1370 1470 1369
f 1370 1471 1470
f 1371 1471 1370
f 1371 1472 1471
f 1372 1472 1371
f 1372 1473 1472
f 1373 1473 1372
f 1373 1474 1473
f 1374 1474 1373
f 1374 1475 1474
f 1375 1475 1374
f 1375 1476 1475
f 1376 1476 1375
f 1376 1477 1476
f 1377 1477 1376
f 1377 1478 1477
f 1378 1478 1377
f 1378 1479 1478
f 1379 1479 1378
f 1379 1480 1479
f 1380 1480 1379
f 1380 1481 1480
f 1382 1482 1381
f 1382 1483 1482
f 1383 1483 1382
f 1383 1484 1483
f 1384 1484 1383
f 1384 1485 1484
f 1385 1485 1384
f 1385 1486 1485
f 1386 1486 1385
f 1386 1487 1486
f 1387 1487 1386
f 1387 1488 1487
f 1388 1488 1387
f 1388 1489 1488
f 1389 1489 1388
f 1389 1490 1489
f 1390 1490 1389
f 1390 1491 1490
f 1391 1491 1390
f 1391 1492 1491
f 1392 1492 1391
f 1392 1493 1492
f 1393 1493 1392
f 1393 1494 1493
f 1394 1494 1393
f 1394 1495 1494
f 1395 1495 1394
f 1395 1496 1495
f 1396 1496 1395
f 1396 1497 1496
f 1397 1497 1396
f 1397 1498 1497
f 1398 1498 1397
f 1398 1499 1498
f 1399 1499 1398
f 1399 1500 1499
f 1400 1500 1399
f 1400 1501 1500
f 1401 1501 1400
f 1401 1502 1501
f 1402 1502 1401
f 1402 1503 1502
f 1403 1503 1402
f 1403 1504 1503
f 1404 1504 1403
f 1404 1505 1504
f 1406 1506 1405
f 1406 1507 1506
f 1407 1507 1406
f 1407 1508 1507
f 1408 1508 1407
f 1408 1509 1508
f 1409 1509 1408
f 1409 1510 1509
f 1410 1510 1409
f 1410 1511 1510
f 1411 1511 1410
f 1411 1512 1511
f 1412 1512 1411
f 1412 1513 1512
f 1413 1513 1412
f 1413 1514 1513
f 1414 1514 1413
f 1414 1515 1514
f 1415 1515 1414
f 1415 1516 1515
f 1416 1516 1415
f 1416 1517 1516
f 1417 1517 1416
f 1417 1518 1517
f 1418 1518 1417
f 1418 1519 1518
f 1419 1519 1418
f 1419 1520 1519
f 1420 1520 1419
f 1420 1521 1520
f 1421 1521 1420
f 1421 1522 1521
f 1422 1522 1421
f 1422 1523 1522
f 1423 1523 1422
f 1423 1524 1523
f 1424 1524 1423
f 1424 1525 1524
f 1425 1525 1424
f 1425 1526 1525
f 1426 1526 1425
f 1426 1527 1526
f 1427 1527 1426
f 1427 1528 1527
f 1428 1528 1427
f 1428 1529 1528
f 1429 1529 1428
f 1429 1530 1529
f 1430 1530 1429
f 1432 1531 1431
f 1432 1532 1531
f 1433 1532 1432
f 1433 1533 1532
f 1434 1533 1433
f 1434 1534 1533
f 1435 1534 1434
f 1435 1535 1534
f 1436 1535 1435
f 1436 1536 1535
f 1437 1536 1436
f 1437 1537 1536
f 1438 1537 1437
f 1438 1538 1537
f 1439 1538 1438
f 1439 1539 1538
f 1440 1539 1439
f 1440 1540 1539
f 1441 1540 1440
f 1441 1541 1540
f 1442 1541 1441
f 1442 1542 1541
f 1443 1542 1442
f 1443 1543 1542
f 1444 1543 1443
f 1444 1544 1543
f 1445 1544 1444
f 1445 1545 1544
f 1446 1545 1445
f 1446 1546 1545
f 1447 1546 1446
f 1447 1547 1546
f 1448 1547 1447
f 1448 1548 1547
f 1449 1548 1448
f 1449 1549 1548
f 1450 1549 1449
f 1450 1550 1549
f 1451 1550 1450
f 1451 1551 1550
f 1452 1551 1451
f 1452 1552 1551
f 1453 1552 1452
f 1453 1553 1552
f 1454 1553 1453
f 1454 1554 1553
f 1455 1554 1454
f 1455 1555 1554
f 1456 1555 1455
f 1456 1556 1555
f 1457 1556 1456
f 1457 1557 1556
f 1458 1557 1457
f 1458 1558 1557
f 1459 1558 1458
f 1459 1559 1558
f 1460 1559 1459
f 1460 1560 1559
f 1461 1560 1460
f 1461 1561 1560
f 1462 1561 1461
f 1462 1562 1561
f 1463 1562 1462
f 1463 1563 1562
f 1464 1563 1463
f 1464 1564 1563
f 1465 1564 1464
f 1465 1565 1564
f 1466 1565 1465
f 1466 1566 1565
f 1467 1566 1466
f 1467 1567 1566
f 1468 1567 1467
f 1468 1568 1567
f 1469 1568 1468
f 1469 1569 1568
f 1470 1569 1469
f 1470 1570 1569
f 1471 1570 1470
f 1471 1571 1570
f 1472 1571 1471
f 1472 1572 1571
f 1473 1572 1472
f 1473 1573 1572
f 1474 1573 1473
f 1474 1574 1573
f 1475 1574 1474
f 1475 1575 1574
f 1476 1575 1475
f 1476 1576 1575
f 1477 1576 1476
f 1477 1577 1576
f 1478 1577 1477
f 1478 1578 1577
f 1479 1578 1478
f 1479 1579 1578
f 1480 1579 1479
f 1480 1580 1579
f 1481 1580 1480
f 1482 1582 1581
f 1483 1582 1482
f 1483 1583 1582
f 1484 1583 1483
f 1484 1584 1583
f 1485 1584 1484
f 1485 1585 1584
f 1486 1585 1485
f 1486 1586 1585
f 1487 1586 1486
f 1487 1587 1586
f 1488 1587 1487
f 1488 1588 1587
f 1489 1588 1488
f 1489 1589 1588
f 1490 1589 1489
f 1490 1590 1589
f 1491 1590 1490
f 1491 1591 1590
f 1492 1591 1491
f 1492 1592 1591
f 1493 1592 1492
f 1493 1593 1592
f 1494 1593 1493
f 1494 1594 1593
f 1495 1594 1494
f 1495 1595 1594
f 1496 1595 1495
f 1496 1596 1595
f 1497 1596 1496
f 1497 1597 1596
f 1498 1597 1497
f 1498 1598 1597
f 1499 1598 1498
f 1499 1599 1598
f 1500 1599 1499
f 1500 1600 1599
f 1501 1600 1500
f 1501 1601 1600
f 1502 1601 1501
f 1502 1602 1601
f 1503 1602 1502
f 1503 1603 1602
f 1504 1603 1503
f 1504 1604 1603
f 1505 1604 1504
f 1505 1605 1604
f 1507 1606 1506
f 1507 1607 1606
f 1508 1607 1507
f 1508 1608 1607
f 1509 1608 1508
f 1509 1609 1608
f 1510 1609 1509
f 1510 1610 1609
f 1511 1610 1510
f 1511 1611 1610
f 1512 1611 1511
f 1512 1612 1611
f 1513 1612 1512
f 1513 1613 1612
f 1514 1613 1513
f 1514 1614 1613
f 1515 1614 1514
f 1515 1615 1614
f 1516 1615 1515
f 1516 1616 1615
f 1517 1616 1516
f 1517 1617 1616
f 1518 1617 1517
f 1518 1618 1617
f 1519 1618 1518
f 1519 1619 1618
f 1520 1619 1519
f 1520 1620 1619
f 1521 1620 1520
f 1521 1621 1620
f 1522 1621 1521
f 1522 1622 1621
f 1523 1622 1522
f 1523 1623 1622
f 1524 1623 1523
f 1524 1624 1623
f 1525 1624 1524
f 1525 1625 1624
f 1526 1625 1525
f 1526 1626 1625
f 1527 1626 1526
f 1527 1627 1626
f 1528 1627 1527
f 1528 1628 1627
f 1529 1628 1528
f 1529 1629 1628
f 1530 1629 1529
f 1530 1630 1629
f 1532 1631 1531
f 1532 1632 1631
f 1533 1632 1532
f 1533 1633 1632
f 1534 1633 1533
f 1534 1634 1633
f 1535 1634 1534
f 1535 1635 1634
f 1536 1635 1535
f 1536 1636 1635
f 1537 1636 1536
f 1537 1637 1636
f 1538 1637 1537
f 1538 1638 1637
f 1539 1638 1538
f 1539 1639 1638
f 1540 1639 1539
f 1540 1640 1639
f 1541 1640 1540
f 1541 1641 1640
f 1542 1641 1541
f 1542 1642 1641
f 1543 1642 1542
f 1543 1643 1642
f 1544 1643 1543
f 1544 1644 1643
f 1545 1644 1544
f 1545 1645 1644
f 1546 1645 1545
f 1546 1646 1645
f 1547 1646 1546
f 1547 1647 1646
f 1548 1647 1547
f 1548 1648 1647
f 1549 1648 1548
f 1549 1649 1648
f 1550 1649 1549
f 1550 1650 1649
f 1551 1650 1550
f 1551 1651 1650
f 1552 1651 1551
f 1552 1652 1651
f 1553 1652 1552
f 1553 1653 1652
f 1554 1653 1553
f 1554 1654 1653
f 1555 1654 1554
f 1555 1655 1654
f 1556 1655 1555
f 1556 1656 1655
f 1557 1656 1556
f 1557 1657 1656
f 1558 1657 1557
f 1558 1658 1657
f 1559 1658 1558
f 1559 1659 1658
f 1560 1659 1559
f 1560 1660 1659
f 1561 1660 1560
f 1561 1661 1660
f 1562 1661 1561
f 1562 1662 1661
f 1563 1662 1562
f 1563 1663 1662
f 1564 1663 1563
f 1564 1664 1663
f 1565 1664 1564
f 1565 1665 1664
f 1566 1665 1565
f 1566 1666 1665
f 1567 1666 1566
f 1567 1667 1666
f 1568 1667 1567
f 1568 1668 1667
f 1569 1668 1568
f 1569 1669 1668
f 1570 1669 1569
f 1570 1670 1669
f 1571 1670 1570
f 1571 1671 1670
f 1572 1671 1571
f 1572 1672 1671
f 1573 1672 1572
f 1573 1673 1672
f 1574 1673 1573
f 1574 1674 1673
f 1575 1674 1574
f 1575 1675 1674
f 1576 1675 1575
f 1576 1676 1675
f 1577 1676 1576
f 1577 1677 1676
f 1578 1677 1577
f 1578 1678 1677
f 1579 1678 1578
f 1579 1679 1678
f 1580 1679 1579
f 1580 1680 1679
f 1582 1681 1581
f 1582 1682 1681
f 1583 1682 1582
f 1583 1683 1682
f 1584 1683 1583
f 1584 1684 1683
f 1585 1684 1584
f 1585 1685 1684
f 1586 1685 1585
f 1586 1686 1685
f 1587 1686 1586
f 1587 1687 1686
f 1588 1687 1587
f 1588 1688 1687
f 1589 1688 1588
f 1589 1689 1688
f 1590 1689 1589
f 1590 1690 1689
f 1591 1690 1590
f 1591 1691 1690
f 1592 1691 1591
f 1592 1692 1691
f 1593 1692 1592
f 1593 1693 1692
f 1594 1693 1593
f 1594 1694 1693
f 1595 1694 1594
f 1595 1695 1694
f 1596 1695 1595
f 1596 1696 1695
f 1597 1696 1596
f 1597 1697 1696
f 1598 1697 1597
f 1598 1698 1697
f 1599 1698 1598
f 1599 1699 1698
f 1600 1699 1599
f 1600 1700 1699
f 1601 1700 1600
f 1601 1701 1700
f 1602 1701 1601
f 1602 1702 1701
f 1603 1702 1602
f 1603 1703 1702
f 1604 1703 1603
f 1604 1704 1703
f 1605 1704 1604
f 1605 1705 1704
f 1607 1706 1606
f 1607 1707 1706
f 1608 1707 1607
f 1608 1708 1707
f 1609 1708 1608
f 1609 1709 1708
f 1610 1709 1609
f 1610 1710 1709
f 1611 1710 1610
f 1611 1711 1710
f 1612 1711 1611
f 1612 1712 1711
f 1613 1712 1612
f 1613 1713 1712
f 1614 1713 1613
f 1614 1714 1713
f 1615 1714 1614
f 1615 1715 1714
f 1616 1715 1615
f 1616 1716 1715
f 1617 1716 1616
f 1617 1717 1716
f 1618 1717 1617
f 1618 1718 1717
f 1619 1718 1618
f 1619 1719 1718
f 1620 1719 1619
f 1620 1720 1719
f 1621 1720 1620
f 1621 1721 1720
f 1622 1721 1621
f 1622 1722 1721
f 1623 1722 1622
f 1623 1723 1722
f 1624 1723 1623
f 1624 1724 1723
f 1625 1724 1624
f 1625 1725 1724
f 1626 1725 1625
f 1626 1726 1725
f 1627 1726 1626
f 1627 1727 1726
f 1628 1727 1627
f 1628 1728 1727
f 1629 1728 1628
f 1629 1729 1728
f 1630 1729 1629
f 1630 1730 1729
f 1632 1731 1631
f 1632 1732 1731
f 1633 1732 1632
f 1633 1733 1732
f 1634 1733 1633
f 1634 1734 1733
f 1635 1734 1634
f 1635 1735 1734
f 1636 1735 1635
f 1636 1736 1735
f 1637 1736 1636
f 1637 1737 1736
f 1638 1737 1637
f 1638 1738 1737
f 1639 1738 1638
f 1639 1739 1738
f 1640 1739 1639
f 1640 1740 1739
f 1641 1740 1640
f 1641 1741 1740
f 1642 1741 1641
f 1642 1742 1741
f 1643 1742 1642
f 1643 1743 1742
f 1644 1743 1643
f 1644 1744 1743
f 1645 1744 1644
f 1645 1745 1744
f 1646 1745 1645
f 1646 1746 1745
f 1647 1746 1646
f 1647 1747 1746
f 1648 1747 1647
f 1648 1748 1747
f 1649 1748 1648
f 1649 1749 1748
f 1650 1749 1649
f 1650 1750 1749
f 1651 1750 1650
f 1651 1751 1750
f 1652 1751 1651
f 1652 1752 1751
f 1653 1752 1652
f 1653 1753 1752
f 1654 1753 1653
f 1654 1754 1753
f 1655 1754 1654
f 1655 1755 1754
f 1656 1755 1655
f 1656 1756 1755
f 1657 1756 1656
f 1657 1757 1756
f 1658 1757 1657
f 1658 1758 1757
f 1659 1758 1658
f 1659 1759 1758
f 1660 1759 1659
f 1660 1760 1759
f 1661 1760 1660
f 1661 1761 1760
f 1662 1761 1661
f 1662 1762 1761
f 1663 1762 1662
f 1663 1763 1762
f 1664 1763 1663
f 1664 1764 1763
f 1665 1764 1664
f 1665 1765 1764
f 1666 1765 1665
f 1666 1766 1765
f 1667 1766 1666
f 1667 1767 1766
f 1668 1767 1667
f 1668 1768 1767
f 1669 1768 1668
f 1669 1769 1768
f 1670 1769 1669
f 1670 1770 1769
f 1671 1770 1670
f 1671 1771 1770
f 1672 1771 1671
f 1672 1772 1771
f 1673 1772 1672
f 1673 1773 1772
f 1674 1773 1673
f 1674 1774 1773
f 1675 1774 1674
f 1675 1775 1774
f 1676 1775 1675
f 1676 1776 1775
f 1677 1776 1676
f 1677 1777 1776
f 1678 1777 1677
f 1678 1778 1777
f 1679 1778 1678
f 1679 1779 1778
f 1680 1779 1679
f 1680 1780 1779
f 1681 1782 1781
f 1682 1782 1681
f 1682 1783 1782
f 1683 1783 1682
f 1683 1784 1783
f 1684 1784 1683
f 1684 1785 1784
f 1685 1785 1684
f 1685 1786 1785
f 1686 1786 1685
f 1686 1787 1786
f 1687 1787 1686
f 1687 1788 1787
f 1688 1788 1687
f 1688 1789 1788
f 1689 1789 1688
f 1689 1790 1789
f 1690 1790 1689
f 1690 1791 1790
f 1691 1791 1690
f 1691 1792 1791
f 1692 1792 1691
f 1692 1793 1792
f 1693 1793 1692
f 1693 1794 1793
f 1694 1794 1693
f 1694 1795 1794
f 1695 1795 1694
f 1695 1796 1795
f 1696 1796 1695
f 1696 1797 1796
f 1697 1797 1696
f 1697 1798 1797
f 1698 1798 1697
f 1698 1799 1798
f 1699 1799 1698
f 1699 1800 1799
f 1700 1800 1699
f 1700 1801 1800
f 1701 1801 1700
f 1701 1802 1801
f 1702 1802 1701
f 1702 1803 1802
f 1703 1803 1702
f 1703 1804 1803
f 1704 1804 1703
f 1704 1805 1804
f 1705 1805 1704
f 1705 1806 1805
f 1707 1807 1706
f 1707 1808 1807
f 1708 1808 1707
f 1708 1809 1808
f 1709 1809 1708
f 1709 1810 1809
f 1710 1810 1709
f 1710 1811 1810
f 1711 1811 1710
f 1711 1812 1811
f 1712 1812 1711
f 1712 1813 1812
f 1713 1813 1712
f 1713 1814 1813
f 1714 1814 1713
f 1714 1815 1814
f 1715 1815 1714
f 1715 1816 1815
f 1716 1816 1715
f 1716 1817 1816
f 1717 1817 1716
f 1717 1818 1817
f 1718 1818 1717
f 1718 1819 1818
f 1719 1819 1718
f 1719 1820 1819
f 1720 1820 1719
f 1720 1821 1820
f 1721 1821 1720
f 1721 1822 1821
f 1722 1822 1721
f 1722 1823 1822
f 1723 1823 1722
f 1723 1824 1823
f 1724 1824 1723
f 1724 1825 1824
f 1725 1825 1724
f 1725 1826 1825
f 1726 1826 1725
f 1726 1827 1826
f 1727 1827 1726
f 1727 1828 1827
f 1728 1828 1727
f 1728 1829 1828
f 1729 1829 1728
f 1729 1830 1829
f 1730 1830 1729
f 1730 1831 1830
f 1731 1833 1832
f 1732 1833 1731
f 1732 1834 1833
f 1733 1834 1732
f 1733 1835 1834
f 1734 1835 1733
f 1734 1836 1835
f 1735 1836 1734
f 1735 1837 1836
f 1736 1837 1735
f 1736 1838 1837
f 1737 1838 1736
f 1737 1839 1838
f 1738 1839 1737
f 1738 1840 1839
f 1739 1840 1738
f 1739 1841 1840
f 1740 1841 1739
f 1740 1842 1841
f 1741 1842 1740
f 1741 1843 1842
f 1742 1843 1741
f 1742 1844 1843
f 1743 1844 1742
f 1743 1845 1844
f 1744 1845 1743
f 1744 1846 1845
f 1745 1846 1744
f 1745 1847 1846
f 1746 1847 1745
f 1746 1848 1847
f 1747 1848 1746
f 1747 1849 1848
f 1748 1849 1747
f 1748 1850 1849
f 1749 1850 1748
f 1749 1851 1850
f 1750 1851 1749
f 1750 1852 1851
f 1751 1852 1750
f 1751 1853 1852
f 1752 1853 1751
f 1752 1854 1853
f 1753 1854 1752
f 1753 1855 1854
f 1754 1855 1753
f 1754 1856 1855
f 1755 1856 1754
f 1755 1857 1856
f 1756 1857 1755
f 1756 1858 1857
f 1757 1858 1756
f 1757 1859 1858
f 1758 1859 1757
f 1758 1860 1859
f 1759 1860 1758
f 1759 1861 1860
f 1760 1861 1759
f 1760 1862 1861
f 1761 1862 1760
f 1761 1863 1862
f 1762 1863 1761
f 1762 1864 1863
f 1763 1864 1762
f 1763 1865 1864
f 1764 1865 1763
f 1764 1866 1865
f 1765 1866 1764
f 1765 1867 1866
f 1766 1867 1765
f 1766 1868 1867
f 1767 1868 1766
f 1767 1869 1868
f 1768 1869 1767
f 1768 1870 1869
f 1769 1870 1768
f 1769 1871 1870
f 1770 1871 1769
f 1770 1872 1871
f 1771 1872 1770
f 1771 1873 1872
f 1772 1873 1771
f 1772 1874 1873
f 1773 1874 1772
f 1773 1875 1874
f 1774 1875 1773
f 1774 1876 1875
f 1775 1876 1774
f 1775 1877 1876
f 1776 1877 1775
f 1776 1878 1877
f 1777 1878 1776
f 1777 1879 1878
f 1778 1879 1777
f 1778 1880 1879
f 1779 1880 1778
f 1779 1881 1880
f 1780 1881 1779
f 1782 1882 1781
f 1782 1883 1882
f 1783 1883 1782
f 1783 1884 1883
f 1784 1884 1783
f 1784 1885 1884
f 1785 1885 1784
f 1785 1886 1885
f 1786 1886 1785
f 1786 1887 1886
f 1787 1887 1786
f 1787 1888 1887
f 1788 1888 1787
f 1788 1889 1888
f 1789 1889 1788
f 1789 1890 1889
f 1790 1890 1789
f 1790 1891 1890
f 1791 1891 1790
f 1791 1892 1891
f 1792 1892 1791
f 1792 1893 1892
f 1793 1893 1792
f 1793 1894 1893
f 1794 1894 1793
f 1794 1895 1894
f 1795 1895 1794
f 1795 1896 1895
f 1796 1896 1795
f 1796 1897 1896
f 1797 1897 1796
f 1797 1898 1897
f 1798 1898 1797
f 1798 1899 1898
f 1799 1899 1798
f 1799 1900 1899
f 1800 1900 1799
f 1800 1901 1900
f 1801 1901 1800
f 1801 1902 1901
f 1802 1902 1801
f 1802 1903 1902
f 1803 1903 1802
f 1803 1904 1903
f 1804 1904 1803
f 1804 1905 1904
f 1805 1905 1804
f 1805 1906 1905
f 1806 1906 1805
f 1806 1907 1906
f 1808 1908 1807
f 1808 1909 1908
f 1809 1909 1808
f 1809 1910 1909
f 1810 1910 1809
f 1810 1911 1910
f 1811 1911 1810
f 1811 1912 1911
f 1812 1912 1811
f 1812 1913 1912
f 1813 1913 1812
f 1813 1914 1913
f 1814 1914 1813
f 1814 1915 1914
f 1815 1915 1814
f 1815 1916 1915
f 1816 1916 1815
f 1816 1917 1916
f 1817 1917 1816
f 1817 1918 1917
f 1818 1918 1817
f 1818 1919 1918
f 1819 1919 1818
f 1819 1920 1919
f 1820 1920 1819
f 1820 1921 1920
f 1821 1921 1820
f 1821 1922 1921
f 1822 1922 1821
f 1822 1923 1922
f 1823 1923 1822
f 1823 1924 1923
f 1824 1924 1823
f 1824 1925 1924
f 1825 1925 1824
f 1825 1926 1925
f 1826 1926 1825
f 1826 1927 1926
f 1827 1927 1826
f 1827 1928 1927
f 1828 1928 1827
f 1828 1929 1928
f 1829 1929 1828
f 1829 1930 1929
f 1830 1930 1829
f 1830 1931 1930
f 1831 1931 1830
f 1831 1932 1931
f 1833 1933 1832
f 1833 1934 1933
f 1834 1934 1833
f 1834 1935 1934
f 1835 1935 1834
f 1835 1936 1935
f 1836 1936 1835
f 1836 1937 1936
f 1837 1937 1836
f 1837 1938 1937
f 1838 1938 1837
f 1838 1939 1938
f 1839 1939 1838
f 1839 1940 1939
f 1840 1940 1839
f 1840 1941 1940
f 1841 1941 1840
f 1841 1942 1941
f 1842 1942 1841
f 1842 1943 1942
f 1843 1943 1842
f 1843 1944 1943
f 1844 1944 1843
f 1844 1945 1944
f 1845 1945 1844
f 1845 1946 1945
f 1846 1946 1845
f 1846 1947 1946
f 1847 1947 1846
f 1847 1948 1947
f 1848 1948 1847
f 1848 1949 1948
f 1849 1949 1848
f 1849 1950 1949
f 1850 1950 1849
f 1850 1951 1950
f 1851 1951 1850
f 1851 1952 1951
f 1852 1952 1851
f 1852 1953 1952
f 1853 1953 1852
f 1853 1954 1953
f 1854 1954 1853
f 1854 1955 1954
f 1855 1955 1854
f 1855 1956 1955
f 1856 1956 1855
f 1856 1957 1956
f 1857 1957 1856
f 1857 1958 1957
f 1858 1958 1857
f 1858 1959 1958
f 1859 1959 1858
f 1859 1960 1959
f 1860 1960 1859
f 1860 1961 1960
f 1861 1961 1860
f 1861 1962 1961
f 1862 1962 1861
f 1862 1963 1962
f 1863 1963 1862
f 1863 1964 1963
f 1864 1964 1863
f 1864 1965 1964
f 1865 1965 1864
f 1865 1966 1965
f 1866 1966 1865
f 1866 1967 1966
f 1867 1967 1866
f 1867 1968 1967
f 1868 1968 1867
f 1868 1969 1968
f 1869 1969 1868
f 1869 1970 1969
f 1870 1970 1869
f 1870 1971 1970
f 1871 1971 1870
f 1871 1972 1971
f 1872 1972 1871
f 1872 1973 1972
f 1873 1973 1872
f 1873 1974 1973
f 1874 1974 1873
f 1874 1975 1974
f 1875 1975 1874
f 1875 1976 1975
f 1876 1976 1875
f 1876 1977 1976
f 1877 1977 1876
f 1877 1978 1977
f 1878 1978 1877
f 1878 1979 1978
f 1879 1979 1878
f 1879 1980 1979
f 1880 1980 1879
f 1880 1981 1980
f 1881 1981 1880
f 1881 1982 1981
f 1883 1983 1882
f 1883 1984 1983
f 1884 1984 1883
f 1884 1985 1984
f 1885 1985 1884
f 1885 1986 1985
f 1886 1986 1885
f 1886 1987 1986
f 1887 1987 1886
f 1887 1988 1987
f 1888 1988 1887
f 1888 1989 1988
f 1889 1989 1888
f 1889 1990 1989
f 1890 1990 1889
f 1890 1991 1990
f 1891 1991 1890
f 1891 1992 1991
f 1892 1992 1891
f 1892 1993 1992
f 1893 1993 1892
f 1893 1994 1993
f 1894 1994 1893
f 1894 1995 1994
f 1895 1995 1894
f 1895 1996 1995
f 1896 1996 1895
f 1896 1997 1996
f 1897 1997 1896
f 1897 1998 1997
f 1898 1998 1897
f 1898 1999 1998
f 1899 1999 1898
f 1899 2000 1999
f 1900 2000 1899
f 1900 2001 2000
f 1901 2001 1900
f 1901 2002 2001
f 1902 2002 1901
f 1902 2003 2002
f 1903 2003 1902
f 1903 2004 2003
f 1904 2004 1903
f 1904 2005 2004
f 1905 2005 1904
f 1905 2006 2005
f 1906 2006 1905
f 1906 2007 2006
f 1907 2007 1906
f 1907 2008 2007
f 1909 2009 1908
f 1909 2010 2009
f 1910 2010 1909
f 1910 2011 2010
f 1911 2011 1910
f 1911 2012 2011
f 1912 2012 1911
f 1912 2013 2012
f 1913 2013 1912
f 1913 2014 2013
f 1914 2014 1913
f 1914 2015 2014
f 1915 2015 1914
f 1915 2016 2015
f 1916 2016 1915
f 1916 2017 2016
f 1917 2017 1916
f 1917 2018 2017
f 1918 2018 1917
f 1918 2019 2018
f 1919 2019 1918
f 1919 2020 2019
f 1920 2020 1919
f 1920 2021 2020
f 1921 2021 1920
f 1921 2022 2021
f 1922 2022 1921
f 1922 2023 2022
f 1923 2023 1922
f 1923 2024 2023
f 1924 2024 1923
f 1924 2025 2024
f 1925 2025 1924
f 1925 2026 2025
f 1926 2026 1925
f 1926 2027 2026
f 1927 2027 1926
f 1927 2028 2027
f 1928 2028 1927
f 1928 2029 2028
f 1929 2029 1928
f 1929 2030 2029
f 1930 2030 1929
f 1930 2031 2030
f 1931 2031 1930
f 1931 2032 2031
f 1932 2032 1931
f 1932 2033 2032
f 1934 2034 1933
f 1934 2035 2034
f 1935 2035 1934
f 1935 2036 2035
f 1936 2036 1935
f 1936 2037 2036
f 1937 2037 1936
f 1937 2038 2037
f 1938 2038 1937
f 1938 2039 2038
f 1939 2039 1938
f 1939 2040 2039
f 1940 2040 1939
f 1940 2041 2040
f 1941 2041 1940
f 1941 2042 2041
f 1942 2042 1941
f 1942 2043 2042
f 1943 2043 1942
f 1943 2044 2043
f 1944 2044 1943
f 1944 2045 2044
f 1945 2045 1944
f 1945 2046 2045
f 1946 2046 1945
f 1946 2047 2046
f 1947 2047 1946
f 1947 2048 2047
f 1948 2048 1947
f 1948 2049 2048
f 1949 2049 1948
f 1949 2050 2049
f 1950 2050 1949
f 1950 2051 2050
f 1951 2051 1950
f 1951 2052 2051
f 1952 2052 1951
f 1952 2053 2052
f 1953 2053 1952
f 1953 2054 2053
f 1954 2054 1953
f 1954 2055 2054
f 1955 2055 1954
f 1955 2056 2055
f 1956 2056 1955
f 1956 2057 2056
f 1957 2057 1956
f 1957 2058 2057
f 1958 2058 1957
f 1958 2059 2058
f 1959 2059 1958
f 1959 2060 2059
f 1960 2060 1959
f 1960 2061 2060
f 1961 2061 1960
f 1961 2062 2061
f 1962 2062 1961
f 1962 2063 2062
f 1963 2063 1962
f 1963 2064 2063
f 1964 2064 1963
f 1964 2065 2064
f 1965 2065 1964
f 1965 2066 2065
f 1966 2066 1965
f 1966 2067 2066
f 1967 2067 1966
f 1967 2068 2067
f 1968 2068 1967
f 1968 2069 2068
f 1969 2069 1968
f 1969 2070 2069
f 1970 2070 1969
f 1970 2071 2070
f 1971 2071 1970
f 1971 2072 2071
f 1972 2072 1971
f 1972 2073 2072
f 1973 2073 1972
f 1973 2074 2073
f 1974 2074 1973
f 1974 2075 2074
f 1975 2075 1974
f 1975 2076 2075
f 1976 2076 1975
f 1976 2077 2076
f 1977 2077 1976
f 1977 2078 2077
f 1978 2078 1977
f 1978 2079 2078
f 1979 2079 1978
f 1979 2080 2079
f 1980 2080 1979
f 1980 2081 2080
f 1981 2081 1980
f 1984 2082 1983
f 1984 2083 2082
f 1985 2083 1984
f 1985 2084 2083
f 1986 2084 1985
f 1986 2085 2084
f 1987 2085 1986
f 1987 2086 2085
f 1988 2086 1987
f 1988 2087 2086
f 1989 2087 1988
f 1989 2088 2087
f 1990 2088 1989
f 1990 2089 2088
f 1991 2089 1990
f 1991 2090 2089
f 1992 2090 1991
f 1992 2091 2090
f 1993 2091 1992
f 1993 2092 2091
f 1994 2092 1993
f 1994 2093 2092
f 1995 2093 1994
f 1995 2094 2093
f 1996 2094 1995
f 1996 2095 2094
f 1997 2095 1996
f 1997 2096 2095
f 1998 2096 1997
f 1998 2097 2096
f 1999 2097 1998
f 1999 2098 2097
f 2000 2098 1999
f 2000 2099 2098
f 2001 2099 2000
f 2001 2100 2099
f 2002 2100 2001
f 2002 2101 2100
f 2003 2101 2002
f 2003 2102 2101
f 2004 2102 2003
f 2004 2103 2102
f 2005 2103 2004
f 2005 2104 2103
f 2006 2104 2005
f 2006 2105 2104
f 2007 2105 2006
f 2007 2106 2105
f 2008 2106 2007
f 2008 2107 2106
f 2010 2108 2009
f 2010 2109 2108
f 2011 2109 2010
f 2011 2110 2109
f 2012 2110 2011
f 2012 2111 2110
f 2013 2111 2012
f 2013 2112 2111
f 2014 2112 2013
f 2014 2113 2112
f 2015 2113 2014
f 2015 2114 2113
f 2016 2114 2015
f 2016 2115 2114
f 2017 2115 2016
f 2017 2116 2115
f 2018 2116 2017
f 2018 2117 2116
f 2019 2117 2018
f 2019 2118 2117
f 2020 2118 2019
f 2020 2119 2118
f 2021 2119 2020
f 2021 2120 2119
f 2022 2120 2021
f 2022 2121 2120
f 2023 2121 2022
f 2023 2122 2121
f 2024 2122 2023
f 2024 2123 2122
f 2025 2123 2024
f 2025 2124 2123
f 2026 2124 2025
f 2026 2125 2124
f 2027 2125 2026
f 2027 2126 2125
f 2028 2126 2027
f 2028 2127 2126
f 2029 2127 2028
f 2029 2128 2127
f 2030 2128 2029
f 2030 2129 2128
f 2031 2129 2030
f 2031 2130 2129
f 2032 2130 2031
f 2032 2131 2130
f 2033 2131 2032
f 2035 2132 2034
f 2035 2133 2132
f 2036 2133 2035
f 2036 2134 2133
f 2037 2134 2036
f 2037 2135 2134
f 2038 2135 2037
f 2038 2136 2135
f 2039 2136 2038
f 2039 2137 2136
f 2040 2137 2039
f 2040 2138 2137
f 2041 2138 2040
f 2041 2139 2138
f 2042 2139 2041
f 2042 2140 2139
f 2043 2140 2042
f 2044 2141 2043
f 2044 2142 2141
f 2045 2142 2044
f 2045 2143 2142
f 2046 2143 2045
f 2046 2144 2143
f 2047 2144 2046
f 2047 2145 2144
f 2048 2145 2047
f 2048 2146 2145
f 2049 2146 2048
f 2049 2147 2146
f 2050 2147 2049
f 2050 2148 2147
f 2051 2148 2050
f 2051 2149 2148
f 2052 2149 2051
f 2052 2150 2149
f 2053 2150 2052
f 2053 2151 2150
f 2054 2151 2053
f 2054 2152 2151
f 2055 2152 2054
f 2055 2153 2152
f 2056 2153 2055
f 2056 2154 2153
f 2057 2154 2056
f 2057 2155 2154
f 2058 2155 2057
f 2058 2156 2155
f 2059 2156 2058
f 2059 2157 2156
f 2060 2157 2059
f 2060 2158 2157
f 2061 2158 2060
f 2061 2159 2158
f 2062 2159 2061
f 2062 2160 2159
f 2063 2160 2062
f 2063 2161 2160
f 2064 2161 2063
f 2064 2162 2161
f 2065 2162 2064
f 2065 2163 2162
f 2066 2163 2065
f 2066 2164 2163
f 2067 2164 2066
f 2067 2165 2164
f 2068 2165 2067
f 2068 2166 2165
f 2069 2166 2068
f 2069 2167 2166
f 2070 2167 2069
f 2070 2168 2167
f 2071 2168 2070
f 2071 2169 2168
f 2072 2169 2071
f 2072 2170 2169
f 2073 2170 2072
f 2073 2171 2170
f 2074 2171 2073
f 2074 2172 2171
f 2075 2172 2074
f 2075 2173 2172
f 2076 2173 2075
f 2076 2174 2173
f 2077 2174 2076
f 2077 2175 2174
f 2078 2175 2077
f 2078 2176 2175
f 2079 2176 2078
f 2079 2177 2176
f 2080 2177 2079
f 2080 2178 2177
f 2081 2178 2080
f 2083 2179 2082
f 2083 2180 2179
f 2084 2180 2083
f 2084 2181 2180
f 2085 2181 2084
f 2085 2182 2181
f 2086 2182 2085
f 2086 2183 2182
f 2087 2183 2086
f 2087 2184 2183
f 2088 2184 2087
f 2088 2185 2184
f 2089 2185 2088
f 2089 2186 2185
f 2090 2186 2089
f 2090 2187 2186
f 2091 2187 2090
f 2091 2188 2187
f 2092 2188 2091
f 2092 2189 2188
f 2093 2189 2092
f 2093 2190 2189
f 2094 2190 2093
f 2094 2191 2190
f 2095 2191 2094
f 2095 2192 2191
f 2096 2192 2095
f 2096 2193 2192
f 2097 2193 2096
f 2097 2194 2193
f 2098 2194 2097
f 2098 2195 2194
f 2099 2195 2098
f 2099 2196 2195
f 2100 2196 2099
f 2100 2197 2196
f 2101 2197 2100
f 2101 2198 2197
f 2102 2198 2101
f 2102 2199 2198
f 2103 2199 2102
f 2103 2200 2199
f 2104 2200 2103
f 2104 2201 2200
f 2105 2201 2104
f 2105 2202 2201
f 2106 2202 2105
f 2106 2203 2202
f 2107 2203 2106
f 2107 2204 2203
f 2109 2205 2108
f 2109 2206 2205
f 2110 2206 2109
f 2110 2207 2206
f 2111 2207 2110
f 2111 2208 2207
f 2112 2208 2111
f 2112 2209 2208
f 2113 2209 2112
f 2113 2210 2209
f 2114 2210 2113
f 2114 2211 2210
f 2115 2211 2114
f 2115 2212 2211
f 2116 2212 2115
f 2116 2213 2212
f 2117 2213 2116
f 2117 2214 2213
f 2118 2214 2117
f 2118 2215 2214
f 2119 2215 2118
f 2119 2216 2215
f 2120 2216 2119
f 2120 2217 2216
f 2121 2217 2120
f 2121 2218 2217
f 2122 2218 2121
f 2122 2219 2218
f 2123 2219 2122
f 2123 2220 2219
f 2124 2220 2123
f 2124 2221 2220
f 2125 2221 2124
f 2125 2222 2221
f 2126 2222 2125
f 2126 2223 2222
f 2127 2223 2126
f 2127 2224 2223
f 2128 2224 2127
f 2128 2225 2224
f 2129 2225 2128
f 2129 2226 2225
f 2130 2226 2129
f 2130 2227 2226
f 2131 2227 2130
f 2131 2228 2227
f 2132 2230 2229
f 2133 2230 2132
f 2133 2231 2230
f 2134 2231 2133
f 2134 2232 2231
f 2135 2232 2134
f 2135 2233 2232
f 2136 2233 2135
f 2136 2234 2233
f 2137 2234 2136
f 2137 2235 2234
f 2138 2235 2137
f 2138 2236 2235
f 2139 2236 2138
f 2139 2237 2236
f 2140 2237 2139
f 2140 2238 2237
f 2142 2239 2141
f 2142 2240 2239
f 2143 2240 2142
f 2143 2241 2240
f 2144 2241 2143
f 2144 2242 2241
f 2145 2242 2144
f 2145 2243 2242
f 2146 2243 2145
f 2146 2244 2243
f 2147 2244 2146
f 2147 2245 2244
f 2148 2245 2147
f 2148 2246 2245
f 2149 2246 2148
f 2149 2247 2246
f 2150 2247 2149
f 2150 2248 2247
f 2151 2248 2150
f 2151 2249 2248
f 2152 2249 2151
f 2152 2250 2249
f 2153 2250 2152
f 2153 2251 2250
f 2154 2251 2153
f 2154 2252 2251
f 2155 2252 2154
f 2155 2253 2252
f 2156 2253 2155
f 2156 2254 2253
f 2157 2254 2156
f 2157 2255 2254
f 2158 2255 2157
f 2158 2256 2255
f 2159 2256 2158
f 2159 2257 2256
f 2160 2257 2159
f 2160 2258 2257
f 2161 2258 2160
f 2161 2259 2258
f 2162 2259 2161
f 2162 2260 2259
f 2163 2260 2162
f 2163 2261 2260
f 2164 2261 2163
f 2164 2262 2261
f 2165 2262 2164
f 2165 2263 2262
f 2166 2263 2165
f 2166 2264 2263
f 2167 2264 2166
f 2167 2265 2264
f 2168 2265 2167
f 2168 2266 2265
f 2169 2266 2168
f 2169 2267 2266
f 2170 2267 2169
f 2170 2268 2267
f 2171 2268 2170
f 2171 2269 2268
f 2172 2269 2171
f 2172 2270 2269
f 2173 2270 2172
f 2173 2271 2270
f 2174 2271 2173
f 2174 2272 2271
f 2175 2272 2174
f 2175 2273 2272
f 2176 2273 2175
f 2176 2274 2273
f 2177 2274 2176
f 2177 2275 2274
f 2178 2275 2177
f 2180 2276 2179
f 2180 2277 2276
f 2181 2277 2180
f 2181 2278 2277
f 2182 2278 2181
f 2182 2279 2278
f 2183 2279 2182
f 2183 2280 2279
f 2184 2280 2183
f 2184 2281 2280
f 2185 2281 2184
f 2185 2282 2281
f 2186 2282 2185
f 2186 2283 2282
f 2187 2283 2186
f 2187 2284 2283
f 2188 2284 2187
f 2188 2285 2284
f 2189 2285 2188
f 2189 2286 2285
f 2190 2286 2189
f 2190 2287 2286
f 2191 2287 2190
f 2191 2288 2287
f 2192 2288 2191
f 2192 2289 2288
f 2193 2289 2192
f 2193 2290 2289
f 2194 2290 2193
f 2194 2291 2290
f 2195 2291 2194
f 2195 2292 2291
f 2196 2292 2195
f 2196 2293 2292
f 2197 2293 2196
f 2197 2294 2293
f 2198 2294 2197
f 2198 2295 2294
f 2199 2295 2198
f 2199 2296 2295
f 2200 2296 2199
f 2200 2297 2296
f 2201 2297 2200
f 2201 2298 2297
f 2202 2298 2201
f 2202 2299 2298
f 2203 2299 2202
f 2203 2300 2299
f 2204 2300 2203
f 2204 2301 2300
f 2206 2302 2205
f 2206 2303 2302
f 2207 2303 2206
f 2207 2304 2303
f 2208 2304 2207
f 2208 2305 2304
f 2209 2305 2208
f 2209 2306 2305
f 2210 2306 2209
f 2210 2307 2306
f 2211 2307 2210
f 2211 2308 2307
f 2212 2308 2211
f 2212 2309 2308
f 2213 2309 2212
f 2213 2310 2309
f 2214 2310 2213
f 2214 2311 2310
f 2215 2311 2214
f 2215 2312 2311
f 2216 2312 2215
f 2216 2313 2312
f 2217 2313 2216
f 2217 2314 2313
f 2218 2314 2217
f 2218 2315 2314
f 2219 2315 2218
f 2219 2316 2315
f 2220 2316 2219
f 2220 2317 2316
f 2221 2317 2220
f 2221 2318 2317
f 2222 2318 2221
f 2222 2319 2318
f 2223 2319 2222
f 2223 2320 2319
f 2224 2320 2223
f 2224 2321 2320
f 2225 2321 2224
f 2225 2322 2321
f 2226 2322 2225
f 2226 2323 2322
f 2227 2323 2226
f 2227 2324 2323
f 2228 2324 2227
f 2228 2325 2324
f 2230 2326 2229
f 2230 2327 2326
f 2231 2327 2230
f 2231 2328 2327
f 2232 2328 2231
f 2232 2329 2328
f 2233 2329 2232
f 2233 2330 2329
f 2234 2330 2233
f 2234 2331 2330
f 2235 2331 2234
f 2235 2332 2331
f 2236 2332 2235
f 2236 2333 2332
f 2237 2333 2236
f 2237 2334 2333
f 2238 2334 2237
f 2238 2335 2334
f 2240 2336 2239
f 2240 2337 2336
f 2241 2337 2240
f 2241 2338 2337
f 2242 2338 2241
f 2242 2339 2338
f 2243 2339 2242
f 2243 2340 2339
f 2244 2340 2243
f 2244 2341 2340
f 2245 2341 2244
f 2245 2342 2341
f 2246 2342 2245
f 2246 2343 2342
f 2247 2343 2246
f 2247 2344 2343
f 2248 2344 2247
f 2248 2345 2344
f 2249 2345 2248
f 2249 2346 2345
f 2250 2346 2249
f 2250 2347 2346
f 2251 2347 2250
f 2251 2348 2347
f 2252 2348 2251
f 2252 2349 2348
f 2253 2349 2252
f 2253 2350 2349
f 2254 2350 2253
f 2254 2351 2350
f 2255 2351 2254
f 2255 2352 2351
f 2256 2352 2255
f 2256 2353 2352
f 2257 2353 2256
f 2257 2354 2353
f 2258 2354 2257
f 2258 2355 2354
f 2259 2355 2258
f 2259 2356 2355
f 2260 2356 2259
f 2260 2357 2356
f 2261 2357 2260
f 2261 2358 2357
f 2262 2358 2261
f 2262 2359 2358
f 2263 2359 2262
f 2263 2360 2359
f 2264 2360 2263
f 2264 2361 2360
f 2265 2361 2264
f 2265 2362 2361
f 2266 2362 2265
f 2266 2363 2362
f 2267 2363 2266
f 2267 2364 2363
f 2268 2364 2267
f 2268 2365 2364
f 2269 2365 2268
f 2269 2366 2365
f 2270 2366 2269
f 2270 2367 2366
f 2271 2367 2270
f 2271 2368 2367
f 2272 2368 2271
f 2272 2369 2368
f 2273 2369 2272
f 2273 2370 2369
f 2274 2370 2273
f 2277 2371 2276
f 2277 2372 2371
f 2278 2372 2277
f 2278 2373 2372
f 2279 2373 2278
f 2279 2374 2373
f 2280 2374 2279
f 2280 2375 2374
f 2281 2375 2280
f 2281 2376 2375
f 2282 2376 2281
f 2282 2377 2376
f 2283 2377 2282
f 2283 2378 2377
f 2284 2378 2283
f 2284 2379 2378
f 2285 2379 2284
f 2285 2380 2379
f 2286 2380 2285
f 2286 2381 2380
f 2287 2381 2286
f 2287 2382 2381
f 2288 2382 2287
f 2288 2383 2382
f 2289 2383 2288
f 2289 2384 2383
f 2290 2384 2289
f 2290 2385 2384
f 2291 2385 2290
f 2291 2386 2385
f 2292 2386 2291
f 2292 2387 2386
f 2293 2387 2292
f 2293 2388 2387
f 2294 2388 2293
f 2294 2389 2388
f 2295 2389 2294
f 2295 2390 2389
f 2296 2390 2295
f 2296 2391 2390
f 2297 2391 2296
f 2297 2392 2391
f 2298 2392 2297
f 2298 2393 2392
f 2299 2393 2298
f 2299 2394 2393
f 2300 2394 2299
f 2300 2395 2394
f 2301 2395 2300
f 2301 2396 2395
f 2303 2397 2302
f 2303 2398 2397
f 2304 2398 2303
f 2304 2399 2398
f 2305 2399 2304
f 2305 2400 2399
f 2306 2400 2305
f 2306 2401 2400
f 2307 2401 2306
f 2307 2402 2401
f 2308 2402 2307
f 2308 2403 2402
f 2309 2403 2308
f 2309 2404 2403
f 2310 2404 2309
f 2310 2405 2404
f 2311 2405 2310
f 2311 2406 2405
f 2312 2406 2311
f 2312 2407 2406
f 2313 2407 2312
f 2313 2408 2407
f 2314 2408 2313
f 2314 2409 2408
f 2315 2409 2314
f 2315 2410 2409
f 2316 2410 2315
f 2316 2411 2410
f 2317 2411 2316
f 2317 2412 2411
f 2318 2412 2317
f 2318 2413 2412
f 2319 2413 2318
f 2319 2414 2413
f 2320 2414 2319
f 2320 2415 2414
f 2321 2415 2320
f 2321 2416 2415
f 2322 2416 2321
f 2322 2417 2416
f 2323 2417 2322
f 2323 2418 2417
f 2324 2418 2323
f 2324 2419 2418
f 2325 2419 2324
f 2326 2421 2420
f 2327 2421 2326
f 2327 2422 2421
f 2328 2422 2327
f 2328 2423 2422
f 2329 2423 2328
f 2329 2424 2423
f 2330 2424 2329
f 2330 2425 2424
f 2331 2425 2330
f 2331 2426 2425
f 2332 2426 2331
f 2332 2427 2426
f 2333 2427 2332
f 2333 2428 2427
f 2334 2428 2333
f 2334 2429 2428
f 2335 2429 2334
f 2335 2430 2429
f 2337 2431 2336
f 2337 2432 2431
f 2338 2432 2337
f 2339 2433 2338
f 2339 2434 2433
f 2340 2434 2339
f 2340 2435 2434
f 2341 2435 2340
f 2341 2436 2435
f 2342 2436 2341
f 2342 2437 2436
f 2343 2437 2342
f 2343 2438 2437
f 2344 2438 2343
f 2344 2439 2438
f 2345 2439 2344
f 2345 2440 2439
f 2346 2440 2345
f 2346 2441 2440
f 2347 2441 2346
f 2347 2442 2441
f 2348 2442 2347
f 2348 2443 2442
f 2349 2443 2348
f 2349 2444 2443
f 2350 2444 2349
f 2350 2445 2444
f 2351 2445 2350
f 2351 2446 2445
f 2352 2446 2351
f 2352 2447 2446
f 2353 2447 2352
f 2353 2448 2447
f 2354 2448 2353
f 2354 2449 2448
f 2355 2449 2354
f 2355 2450 2449
f 2356 2450 2355
f 2356 2451 2450
f 2357 2451 2356
f 2357 2452 2451
f 2358 2452 2357
f 2358 2453 2452
f 2359 2453 2358
f 2359 2454 2453
f 2360 2454 2359
f 2360 2455 2454
f 2361 2455 2360
f 2361 2456 2455
f 2362 2456 2361
f 2362 2457 2456
f 2363 2457 2362
f 2363 2458 2457
f 2364 2458 2363
f 2364 2459 2458
f 2365 2459 2364
f 2365 2460 2459
f 2366 2460 2365
f 2366 2461 2460
f 2367 2461 2366
f 2367 2462 2461
f 2368 2462 2367
f 2371 2464 2463
f 2372 2464 2371
f 2372 2465 2464
f 2373 2465 2372
f 2373 2466 2465
f 2374 2466 2373
f 2374 2467 2466
f 2375 2467 2374
f 2375 2468 2467
f 2376 2468 2375
f 2376 2469 2468
f 2377 2469 2376
f 2377 2470 2469
f 2378 2470 2377
f 2378 2471 2470
f 2379 2471 2378
f 2379 2472 2471
f 2380 2472 2379
f 2380 2473 2472
f 2381 2473 2380
f 2381 2474 2473
f 2382 2474 2381
f 2382 2475 2474
f 2383 2475 2382
f 2383 2476 2475
f 2384 2476 2383
f 2384 2477 2476
f 2385 2477 2384
f 2385 2478 2477
f 2386 2478 2385
f 2386 2479 2478
f 2387 2479 2386
f 2387 2480 2479
f 2388 2480 2387
f 2388 2481 2480
f 2389 2481 2388
f 2389 2482 2481
f 2390 2482 2389
f 2390 2483 2482
f 2391 2483 2390
f 2391 2484 2483
f 2392 2484 2391
f 2392 2485 2484
f 2393 2485 2392
f 2393 2486 2485
f 2394 2486 2393
f 2394 2487 2486
f 2395 2487 2394
f 2395 2488 2487
f 2396 2488 2395
f 2396 2489 2488
f 2397 2490 2489
f 2398 2490 2397
f 2398 2491 2490
f 2399 2491 2398
f 2399 2492 2491
f 2400 2492 2399
f 2400 2493 2492
f 2401 2493 2400
f 2401 2494 2493
f 2402 2494 2401
f 2402 2495 2494
f 2403 2495 2402
f 2403 2496 2495
f 2404 2496 2403
f 2404 2497 2496
f 2405 2497 2404
f 2405 2498 2497
f 2406 2498 2405
f 2406 2499 2498
f 2407 2499 2406
f 2407 2500 2499
f 2408 2500 2407
f 2408 2501 2500
f 2409 2501 2408
f 2409 2502 2501
f 2410 2502 2409
f 2410 2503 2502
f 2411 2503 2410
f 2411 2504 2503
f 2412 2504 2411
f 2412 2505 2504
f 2413 2505 2412
f 2413 2506 2505
f 2414 2506 2413
f 2414 2507 2506
f 2415 2507 2414
f 2415 2508 2507
f 2416 2508 2415
f 2416 2509 2508
f 2417 2509 2416
f 2417 2510 2509
f 2418 2510 2417
f 2418 2511 2510
f 2419 2511 2418
f 2419 2512 2511
f 2421 2513 2420
f 2421 2514 2513
f 2422 2514 2421
f 2422 2515 2514
f 2423 2515 2422
f 2423 2516 2515
f 2424 2516 2423
f 2424 2517 2516
f 2425 2517 2424
f 2425 2518 2517
f 2426 2518 2425
f 2426 2519 2518
f 2427 2519 2426
f 2427 2520 2519
f 2428 2520 2427
f 2428 2521 2520
f 2429 2521 2428
f 2429 2522 2521
f 2430 2522 2429
f 2430 2523 2522
f 2432 2524 2431
f 2433 2526 2525
f 2434 2526 2433
f 2434 2527 2526
f 2435 2527 2434
f 2435 2528 2527
f 2436 2528 2435
f 2436 2529 2528
f 2437 2529 2436
f 2437 2530 2529
f 2438 2530 2437
f 2438 2531 2530
f 2439 2531 2438
f 2439 2532 2531
f 2440 2532 2439
f 2440 2533 2532
f 2441 2533 2440
f 2441 2534 2533
f 2442 2534 2441
f 2442 2535 2534
f 2443 2535 2442
f 2443 2536 2535
f 2444 2536 2443
f 2444 2537 2536
f 2445 2537 2444
f 2445 2538 2537
f 2446 2538 2445
f 2446 2539 2538
f 2447 2539 2446
f 2447 2540 2539
f 2448 2540 2447
f 2448 2541 2540
f 2449 2541 2448
f 2449 2542 2541
f 2450 2542 2449
f 2450 2543 2542
f 2451 2543 2450
f 2451 2544 2543
f 2452 2544 2451
f 2452 2545 2544
f 2453 2545 2452
f 2453 2546 2545
f 2454 2546 2453
f 2454 2547 2546
f 2455 2547 2454
f 2455 2548 2547
f 2456 2548 2455
f 2456 2549 2548
f 2457 2549 2456
f 2457 2550 2549
f 2458 2550 2457
f 2458 2551 2550
f 2459 2551 2458
f 2464 2552 2463
f 2464 2553 2552
f 2465 2553 2464
f 2465 2554 2553
f 2466 2554 2465
f 2466 2555 2554
f 2467 2555 2466
f 2467 2556 2555
f 2468 2556 2467
f 2468 2557 2556
f 2469 2557 2468
f 2469 2558 2557
f 2470 2558 2469
f 2470 2559 2558
f 2471 2559 2470
f 2471 2560 2559
f 2472 2560 2471
f 2472 2561 2560
f 2473 2561 2472
f 2473 2562 2561
f 2474 2562 2473
f 2474 2563 2562
f 2475 2563 2474
f 2475 2564 2563
f 2476 2564 2475
f 2476 2565 2564
f 2477 2565 2476
f 2477 2566 2565
f 2478 2566 2477
f 2478 2567 2566
f 2479 2567 2478
f 2479 2568 2567
f 2480 2568 2479
f 2480 2569 2568
f 2481 2569 2480
f 2481 2570 2569
f 2482 2570 2481
f 2482 2571 2570
f 2483 2571 2482
f 2483 2572 2571
f 2484 2572 2483
f 2484 2573 2572
f 2485 2573 2484
f 2485 2574 2573
f 2486 2574 2485
f 2486 2575 2574
f 2487 2575 2486
f 2487 2576 2575
f 2488 2576 2487
f 2488 2577 2576
f 2489 2577 2488
f 2489 2578 2577
f 2490 2578 2489
f 2490 2579 2578
f 2491 2579 2490
f 2491 2580 2579
f 2492 2580 2491
f 2492 2581 2580
f 2493 2581 2492
f 2493 2582 2581
f 2494 2582 2493
f 2494 2583 2582
f 2495 2583 2494
f 2495 2584 2583
f 2496 2584 2495
f 2496 2585 2584
f 2497 2585 2496
f 2497 2586 2585
f 2498 2586 2497
f 2498 2587 2586
f 2499 2587 2498
f 2499 2588 2587
f 2500 2588 2499
f 2500 2589 2588
f 2501 2589 2500
f 2501 2590 2589
f 2502 2590 2501
f 2502 2591 2590
f 2503 2591 2502
f 2503 2592 2591
f 2504 2592 2503
f 2504 2593 2592
f 2505 2593 2504
f 2505 2594 2593
f 2506 2594 2505
f 2506 2595 2594
f 2507 2595 2506
f 2507 2596 2595
f 2508 2596 2507
f 2508 2597 2596
f 2509 2597 2508
f 2509 2598 2597
f 2510 2598 2509
f 2510 2599 2598
f 2511 2599 2510
f 2511 2600 2599
f 2512 2600 2511
f 2513 2602 2601
f 2514 2602 2513
f 2514 2603 2602
f 2515 2603 2514
f 2515 2604 2603
f 2516 2604 2515
f 2516 2605 2604
f 2517 2605 2516
f 2517 2606 2605
f 2518 2606 2517
f 2518 2607 2606
f 2519 2607 2518
f 2519 2608 2607
f 2520 2608 2519
f 2520 2609 2608
f 2521 2609 2520
f 2521 2610 2609
f 2522 2610 2521
f 2522 2611 2610
f 2523 2611 2522
f 2523 2612 2611
f 2526 2614 2613
f 2527 2614 2526
f 2527 2615 2614
f 2528 2615 2527
f 2528 2616 2615
f 2529 2616 2528
f 2529 2617 2616
f 2530 2617 2529
f 2530 2618 2617
f 2531 2618 2530
f 2531 2619 2618
f 2532 2619 2531
f 2532 2620 2619
f 2533 2620 2532
f 2533 2621 2620
f 2534 2621 2533
f 2534 2622 2621
f 2535 2622 2534
f 2535 2623 2622
f 2536 2623 2535
f 2536 2624 2623
f 2537 2624 2536
f 2537 2625 2624
f 2538 2625 2537
f 2538 2626 2625
f 2539 2626 2538
f 2539 2627 2626
f 2540 2627 2539
f 2540 2628 2627
f 2541 2628 2540
f 2541 2629 2628
f 2542 2629 2541
f 2542 2630 2629
f 2543 2630 2542
f 2543 2631 2630
f 2544 2631 2543
f 2544 2632 2631
f 2545 2632 2544
f 2553 2633 2552
f 2553 2634 2633
f 2554 2634 2553
f 2554 2635 2634
f 2555 2635 2554
f 2555 2636 2635
f 2556 2636 2555
f 2556 2637 2636
f 2557 2637 2556
f 2557 2638 2637
f 2558 2638 2557
f 2558 2639 2638
f 2559 2639 2558
f 2559 2640 2639
f 2560 2640 2559
f 2560 2641 2640
f 2561 2641 2560
f 2561 2642 2641
f 2562 2642 2561
f 2562 2643 2642
f 2563 2643 2562
f 2563 2644 2643
f 2564 2644 2563
f 2564 2645 2644
f 2565 2645 2564
f 2565 2646 2645
f 2566 2646 2565
f 2566 2647 2646
f 2567 2647 2566
f 2567 2648 2647
f 2568 2648 2567
f 2568 2649 2648
f 2569 2649 2568
f 2569 2650 2649
f 2570 2650 2569
f 2570 2651 2650
f 2571 2651 2570
f 2571 2652 2651
f 2572 2652 2571
f 2572 2653 2652
f 2573 2653 2572
f 2573 2654 2653
f 2574 2654 2573
f 2574 2655 2654
f 2575 2655 2574
f 2575 2656 2655
f 2576 2656 2575
f 2576 2657 2656
f 2577 2657 2576
f 2577 2658 2657
f 2578 2658 2577
f 2578 2659 2658
f 2579 2659 2578
f 2579 2660 2659
f 2580 2660 2579
f 2580 2661 2660
f 2581 2661 2580
f 2581 2662 2661
f 2582 2662 2581
f 2582 2663 2662
f 2583 2663 2582
f 2583 2664 2663
f 2584 2664 2583
f 2584 2665 2664
f 2585 2665 2584
f 2585 2666 2665
f 2586 2666 2585
f 2586 2667 2666
f 2587 2667 2586
f 2587 2668 2667
f 2588 2668 2587
f 2588 2669 2668
f 2589 2669 2588
f 2589 2670 2669
f 2590 2670 2589
f 2590 2671 2670
f 2591 2671 2590
f 2591 2672 2671
f 2592 2672 2591
f 2592 2673 2672
f 2593 2673 2592
f 2593 2674 2673
f 2594 2674 2593
f 2594 2675 2674
f 2595 2675 2594
f 2595 2676 2675
f 2596 2676 2595
f 2596 2677 2676
f 2597 2677 2596
f 2597 2678 2677
f 2598 2678 2597
f 2598 2679 2678
f 2599 2679 2598
f 2599 2680 2679
f 2600 2680 2599
f 2601 2682 2681
f 2602 2682 2601
f 2602 2683 2682
f 2603 2683 2602
f 2603 2684 2683
f 2604 2684 2603
f 2604 2685 2684
f 2605 2685 2604
f 2605 2686 2685
f 2606 2686 2605
f 2606 2687 2686
f 2607 2687 2606
f 2607 2688 2687
f 2608 2688 2607
f 2608 2689 2688
f 2609 2689 2608
f 2609 2690 2689
f 2610 2690 2609
f 2610 2691 2690
f 2611 2691 2610
f 2611 2692 2691
f 2612 2692 2611
f 2612 2693 2692
f 2614 2694 2613
f 2614 2695 2694
f 2615 2695 2614
f 2616 2697 2696
f 2617 2697 2616
f 2617 2698 2697
f 2618 2698 2617
f 2618 2699 2698
f 2619 2699 2618
f 2619 2700 2699
f 2620 2700 2619
f 2620 2701 2700
f 2621 2701 2620
f 2621 2702 2701
f 2622 2702 2621
f 2622 2703 2702
f 2623 2703 2622
f 2623 2704 2703
f 2624 2704 2623
f 2624 2705 2704
f 2625 2705 2624
f 2625 2706 2705
f 2626 2706 2625
f 2626 2707 2706
f 2627 2707 2626
f 2634 2708 2633
f 2634 2709 2708
f 2635 2709 2634
f 2635 2710 2709
f 2636 2710 2635
f 2636 2711 2710
f 2637 2711 2636
f 2637 2712 2711
f 2638 2712 2637
f 2638 2713 2712
f 2639 2713 2638
f 2639 2714 2713
f 2640 2714 2639
f 2640 2715 2714
f 2641 2715 2640
f 2641 2716 2715
f 2642 2716 2641
f 2642 2717 2716
f 2643 2717 2642
f 2643 2718 2717
f 2644 2718 2643
f 2644 2719 2718
f 2645 2719 2644
f 2645 2720 2719
f 2646 2720 2645
f 2646 2721 2720
f 2647 2721 2646
f 2647 2722 2721
f 2648 2722 2647
f 2648 2723 2722
f 2649 2723 2648
f 2649 2724 2723
f 2650 2724 2649
f 2650 2725 2724
f 2651 2725 2650
f 2651 2726 2725
f 2652 2726 2651
f 2652 2727 2726
f 2653 2727 2652
f 2653 2728 2727
f 2654 2728 2653
f 2654 2729 2728
f 2655 2729 2654
f 2655 2730 2729
f 2656 2730 2655
f 2656 2731 2730
f 2657 2731 2656
f 2657 2732 2731
f 2658 2732 2657
f 2658 2733 2732
f 2659 2733 2658
f 2659 2734 2733
f 2660 2734 2659
f 2660 2735 2734
f 2661 2735 2660
f 2661 2736 2735
f 2662 2736 2661
f 2662 2737 2736
f 2663 2737 2662
f 2663 2738 2737
f 2664 2738 2663
f 2664 2739 2738
f 2665 2739 2664
f 2665 2740 2739
f 2666 2740 2665
f 2666 2741 2740
f 2667 2741 2666
f 2667 2742 2741
f 2668 2742 2667
f 2668 2743 2742
f 2669 2743 2668
f 2669 2744 2743
f 2670 2744 2669
f 2670 2745 2744
f 2671 2745 2670
f 2671 2746 2745
f 2672 2746 2671
f 2672 2747 2746
f 2673 2747 2672
f 2673 2748 2747
f 2674 2748 2673
f 2674 2749 2748
f 2675 2749 2674
f 2675 2750 2749
f 2676 2750 2675
f 2676 2751 2750
f 2677 2751 2676
f 2677 2752 2751
f 2678 2752 2677
f 2678 2753 2752
f 2679 2753 2678
f 2679 2754 2753
f 2680 2754 2679
f 2682 2755 2681
f 2682 2756 2755
f 2683 2756 2682
f 2683 2757 2756
f 2684 2757 2683
f 2684 2758 2757
f 2685 2758 2684
f 2685 2759 2758
f 2686 2759 2685
f 2686 2760 2759
f 2687 2760 2686
f 2687 2761 2760
f 2688 2761 2687
f 2688 2762 2761
f 2689 2762 2688
f 2689 2763 2762
f 2690 2763 2689
f 2690 2764 2763
f 2691 2764 2690
f 2691 2765 2764
f 2692 2765 2691
f 2692 2766 2765
f 2693 2766 2692
f 2693 2767 2766
f 2695 2768 2694
f 2708 2770 2769
f 2709 2770 2708
f 2709 2771 2770
f 2710 2771 2709
f 2710 2772 2771
f 2711 2772 2710
f 2711 2773 2772
f 2712 2773 2711
f 2712 2774 2773
f 2713 2774 2712
f 2713 2775 2774
f 2714 2775 2713
f 2714 2776 2775
f 2715 2776 2714
f 2715 2777 2776
f 2716 2777 2715
f 2716 2778 2777
f 2717 2778 2716
f 2717 2779 2778
f 2718 2779 2717
f 2718 2780 2779
f 2719 2780 2718
f 2719 2781 2780
f 2720 2781 2719
f 2720 2782 2781
f 2721 2782 2720
f 2721 2783 2782
f 2722 2783 2721
f 2722 2784 2783
f 2723 2784 2722
f 2723 2785 2784
f 2724 2785 2723
f 2724 2786 2785
f 2725 2786 2724
f 2725 2787 2786
f 2726 2787 2725
f 2726 2788 2787
f 2727 2788 2726
f 2727 2789 2788
f 2728 2789 2727
f 2728 2790 2789
f 2729 2790 2728
f 2729 2791 2790
f 2730 2791 2729
f 2730 2792 2791
f 2731 2792 2730
f 2731 2793 2792
f 2732 2793 2731
f 2732 2794 2793
f 2733 2794 2732
f 2733 2795 2794
f 2734 2795 2733
f 2734 2796 2795
f 2735 2796 2734
f 2735 2797 2796
f 2736 2797 2735
f 2736 2798 2797
f 2737 2798 2736
f 2737 2799 2798
f 2738 2799 2737
f 2738 2800 2799
f 2739 2800 2738
f 2739 2801 2800
f 2740 2801 2739
f 2740 2802 2801
f 2741 2802 2740
f 2741 2803 2802
f 2742 2803 2741
f 2742 2804 2803
f 2743 2804 2742
f 2743 2805 2804
f 2744 2805 2743
f 2744 2806 2805
f 2745 2806 2744
f 2745 2807 2806
f 2746 2807 2745
f 2746 2808 2807
f 2747 2808 2746
f 2747 2809 2808
f 2748 2809 2747
f 2748 2810 2809
f 2749 2810 2748
f 2749 2811 2810
f 2750 2811 2749
f 2750 2812 2811
f 2751 2812 2750
f 2751 2813 2812
f 2752 2813 2751
f 2752 2814 2813
f 2753 2814 2752
f 2753 2815 2814
f 2754 2815 2753
f 2754 2816 2815
f 2755 2818 2817
f 2756 2818 2755
f 2756 2819 2818
f 2757 2819 2756
f 2757 2820 2819
f 2758 2820 2757
f 2758 2821 2820
f 2759 2821 2758
f 2759 2822 2821
f 2760 2822 2759
f 2760 2823 2822
f 2761 2823 2760
f 2761 2824 2823
f 2762 2824 2761
f 2762 2825 2824
f 2763 2825 2762
f 2763 2826 2825
f 2764 2826 2763
f 2764 2827 2826
f 2765 2827 2764
f 2765 2828 2827
f 2766 2828 2765
f 2766 2829 2828
f 2767 2829 2766
f 2767 2830 2829
f 2770 2831 2769
f 2770 2832 2831
f 2771 2832 2770
f 2771 2833 2832
f 2772 2833 2771
f 2772 2834 2833
f 2773 2834 2772
f 2773 2835 2834
f 2774 2835 2773
f 2774 2836 2835
f 2775 2836 2774
f 2775 2837 2836
f 2776 2837 2775
f 2776 2838 2837
f 2777 2838 2776
f 2777 2839 2838
f 2778 2839 2777
f 2778 2840 2839
f 2779 2840 2778
f 2779 2841 2840
f 2780 2841 2779
f 2780 2842 2841
f 2781 2842 2780
f 2781 2843 2842
f 2782 2843 2781
f 2782 2844 2843
f 2783 2844 2782
f 2783 2845 2844
f 2784 2845 2783
f 2784 2846 2845
f 2785 2846 2784
f 2785 2847 2846
f 2786 2847 2785
f 2786 2848 2847
f 2787 2848 2786
f 2787 2849 2848
f 2788 2849 2787
f 2788 2850 2849
f 2789 2850 2788
f 2789 2851 2850
f 2790 2851 2789
f 2790 2852 2851
f 2791 2852 2790
f 2791 2853 2852
f 2792 2853 2791
f 2792 2854 2853
f 2793 2854 2792
f 2793 2855 2854
f 2794 2855 2793
f 2794 2856 2855
f 2795 2856 2794
f 2795 2857 2856
f 2796 2857 2795
f 2796 2858 2857
f 2797 2858 2796
f 2797 2859 2858
f 2798 2859 2797
f 2798 2860 2859
f 2799 2860 2798
f 2799 2861 2860
f 2800 2861 2799
f 2800 2862 2861
f 2801 2862 2800
f 2801 2863 2862
f 2802 2863 2801
f 2802 2864 2863
f 2803 2864 2802
f 2803 2865 2864
f 2804 2865 2803
f 2804 2866 2865
f 2805 2866 2804
f 2805 2867 2866
f 2806 2867 2805
f 2806 2868 2867
f 2807 2868 2806
f 2807 2869 2868
f 2808 2869 2807
f 2808 2870 2869
f 2809 2870 2808
f 2809 2871 2870
f 2810 2871 2809
f 2810 2872 2871
f 2811 2872 2810
f 2811 2873 2872
f 2812 2873 2811
f 2812 2874 2873
f 2813 2874 2812
f 2813 2875 2874
f 2814 2875 2813
f 2814 2876 2875
f 2815 2876 2814
f 2815 2877 2876
f 2816 2877 2815
f 2818 2878 2817
f 2818 2879 2878
f 2819 2879 2818
f 2819 2880 2879
f 2820 2880 2819
f 2820 2881 2880
f 2821 2881 2820
f 2821 2882 2881
f 2822 2882 2821
f 2822 2883 2882
f 2823 2883 2822
f 2823 2884 2883
f 2824 2884 2823
f 2824 2885 2884
f 2825 2885 2824
f 2825 2886 2885
f 2826 2886 2825
f 2826 2887 2886
f 2827 2887 2826
f 2827 2888 2887
f 2828 2888 2827
f 2828 2889 2888
f 2829 2889 2828
f 2829 2890 2889
f 2830 2890 2829
f 2830 2891 2890
f 2831 2894 2893
f 2832 2894 2831
f 2832 2895 2894
f 2833 2895 2832
f 2833 2896 2895
f 2834 2896 2833
f 2834 2897 2896
f 2835 2897 2834
f 2835 2898 2897
f 2836 2898 2835
f 2836 2899 2898
f 2837 2899 2836
f 2837 2900 2899
f 2838 2900 2837
f 2838 2901 2900
f 2839 2901 2838
f 2839 2902 2901
f 2840 2902 2839
f 2840 2903 2902
f 2841 2903 2840
f 2841 2904 2903
f 2842 2904 2841
f 2842 2905 2904
f 2843 2905 2842
f 2843 2906 2905
f 2844 2906 2843
f 2844 2907 2906
f 2845 2907 2844
f 2845 2908 2907
f 2846 2908 2845
f 2846 2909 2908
f 2847 2909 2846
f 2847 2910 2909
f 2848 2910 2847
f 2848 2911 2910
f 2849 2911 2848
f 2849 2912 2911
f 2850 2912 2849
f 2850 2913 2912
f 2851 2913 2850
f 2851 2914 2913
f 2852 2914 2851
f 2852 2915 2914
f 2853 2915 2852
f 2853 2916 2915
f 2854 2916 2853
f 2854 2917 2916
f 2855 2917 2854
f 2855 2918 2917
f 2856 2918 2855
f 2856 2919 2918
f 2857 2919 2856
f 2857 2920 2919
f 2858 2920 2857
f 2858 2921 2920
f 2859 2921 2858
f 2859 2922 2921
f 2860 2922 2859
f 2860 2923 2922
f 2861 2923 2860
f 2861 2924 2923
f 2862 2924 2861
f 2862 2925 2924
f 2863 2925 2862
f 2863 2926 2925
f 2864 2926 2863
f 2864 2927 2926
f 2865 2927 2864
f 2865 2928 2927
f 2866 2928 2865
f 2866 2929 2928
f 2867 2929 2866
f 2867 2930 2929
f 2868 2930 2867
f 2868 2931 2930
f 2869 2931 2868
f 2869 2932 2931
f 2870 2932 2869
f 2870 2933 2932
f 2871 2933 2870
f 2871 2934 2933
f 2872 2934 2871
f 2872 2935 2934
f 2873 2935 2872
f 2873 2936 2935
f 2874 2936 2873
f 2874 2937 2936
f 2875 2937 2874
f 2875 2938 2937
f 2876 2938 2875
f 2876 2939 2938
f 2877 2939 2876
f 2878 2942 2941
f 2879 2942 2878
f 2879 2943 2942
f 2880 2943 2879
f 2880 2944 2943
f 2881 2944 2880
f 2881 2945 2944
f 2882 2945 2881
f 2882 2946 2945
f 2883 2946 2882
f 2883 2947 2946
f 2884 2947 2883
f 2884 2948 2947
f 2885 2948 2884
f 2885 2949 2948
f 2886 2949 2885
f 2886 2950 2949
f 2887 2950 2886
f 2887 2951 2950
f 2888 2951 2887
f 2888 2952 2951
f 2889 2952 2888
f 2889 2953 2952
f 2890 2953 2889
f 2890 2954 2953
f 2891 2954 2890
f 2891 2955 2954
f 2892 2955 2891
f 2892 2956 2955
f 2894 2957 2893
f 2894 2958 2957
f 2895 2958 2894
f 2895 2959 2958
f 2896 2959 2895
f 2896 2960 2959
f 2897 2960 2896
f 2897 2961 2960
f 2898 2961 2897
f 2898 2962 2961
f 2899 2962 2898
f 2899 2963 2962
f 2900 2963 2899
f 2900 2964 2963
f 2901 2964 2900
f 2901 2965 2964
f 2902 2965 2901
f 2902 2966 2965
f 2903 2966 2902
f 2903 2967 2966
f 2904 2967 2903
f 2904 2968 2967
f 2905 2968 2904
f 2905 2969 2968
f 2906 2969 2905
f 2906 2970 2969
f 2907 2970 2906
f 2907 2971 2970
f 2908 2971 2907
f 2908 2972 2971
f 2909 2972 2908
f 2909 2973 2972
f 2910 2973 2909
f 2910 2974 2973
f 2911 2974 2910
f 2911 2975 2974
f 2912 2975 2911
f 2912 2976 2975
f 2913 2976 2912
f 2913 2977 2976
f 2914 2977 2913
f 2914 2978 2977
f 2915 2978 2914
f 2915 2979 2978
f 2916 2979 2915
f 2916 2980 2979
f 2917 2980 2916
f 2917 2981 2980
f 2918 2981 2917
f 2918 2982 2981
f 2919 2982 2918
f 2919 2983 2982
f 2920 2983 2919
f 2920 2984 2983
f 2921 2984 2920
f 2921 2985 2984
f 2922 2985 2921
f 2922 2986 2985
f 2923 2986 2922
f 2923 2987 2986
f 2924 2987 2923
f 2924 2988 2987
f 2925 2988 2924
f 2925 2989 2988
f 2926 2989 2925
f 2926 2990 2989
f 2927 2990 2926
f 2927 2991 2990
f 2928 2991 2927
f 2928 2992 2991
f 2929 2992 2928
f 2929 2993 2992
f 2930 2993 2929
f 2930 2994 2993
f 2931 2994 2930
f 2931 2995 2994
f 2932 2995 2931
f 2932 2996 2995
f 2933 2996 2932
f 2933 2997 2996
f 2934 2997 2933
f 2934 2998 2997
f 2935 2998 2934
f 2935 2999 2998
f 2936 2999 2935
f 2936 3000 2999
f 2937 3000 2936
f 2937 3001 3000
f 2938 3001 2937
f 2938 3002 3001
f 2939 3002 2938
f 2939 3003 3002
f 2940 3003 2939
f 2941 3005 3004
f 2942 3005 2941
f 2942 3006 3005
f 2943 3006 2942
f 2943 3007 3006
f 2944 3007 2943
f 2944 3008 3007
f 2945 3008 2944
f 2945 3009 3008
f 2946 3009 2945
f 2946 3010 3009
f 2947 3010 2946
f 2947 3011 3010
f 2948 3011 2947
f 2948 3012 3011
f 2949 3012 2948
f 2949 3013 3012
f 2950 3013 2949
f 2950 3014 3013
f 2951 3014 2950
f 2951 3015 3014
f 2952 3015 2951
f 2952 3016 3015
f 2953 3016 2952
f 2953 3017 3016
f 2954 3017 2953
f 2954 3018 3017
f 2955 3018 2954
f 2955 3019 3018
f 2956 3019 2955
f 2956 3020 3019
f 2958 3023 2957
f 2958 3024 3023
f 2959 3024 2958
f 2959 3025 3024
f 2960 3025 2959
f 2960 3026 3025
f 2961 3026 2960
f 2961 3027 3026
f 2962 3027 2961
f 2962 3028 3027
f 2963 3028 2962
f 2963 3029 3028
f 2964 3029 2963
f 2964 3030 3029
f 2965 3030 2964
f 2965 3031 3030
f 2966 3031 2965
f 2966 3032 3031
f 2967 3032 2966
f 2967 3033 3032
f 2968 3033 2967
f 2968 3034 3033
f 2969 3034 2968
f 2969 3035 3034
f 2970 3035 2969
f 2970 3036 3035
f 2971 3036 2970
f 2971 3037 3036
f 2972 3037 2971
f 2972 3038 3037
f 2973 3038 2972
f 2973 3039 3038
f 2974 3039 2973
f 2974 3040 3039
f 2975 3040 2974
f 2975 3041 3040
f 2976 3041 2975
f 2976 3042 3041
f 2977 3042 2976
f 2977 3043 3042
f 2978 3043 2977
f 2978 3044 3043
f 2979 3044 2978
f 2979 3045 3044
f 2980 3045 2979
f 2980 3046 3045
f 2981 3046 2980
f 2981 3047 3046
f 2982 3047 2981
f 2982 3048 3047
f 2983 3048 2982
f 2983 3049 3048
f 2984 3049 2983
f 2984 3050 3049
f 2985 3050 2984
f 2985 3051 3050
f 2986 3051 2985
f 2986 3052 3051
f 2987 3052 2986
f 2987 3053 3052
f 2988 3053 2987
f 2988 3054 3053
f 2989 3054 2988
f 2989 3055 3054
f 2990 3055 2989
f 2990 3056 3055
f 2991 3056 2990
f 2991 3057 3056
f 2992 3057 2991
f 2992 3058 3057
f 2993 3058 2992
f 2993 3059 3058
f 2994 3059 2993
f 2994 3060 3059
f 2995 3060 2994
f 2995 3061 3060
f 2996 3061 2995
f 2996 3062 3061
f 2997 3062 2996
f 2997 3063 3062
f 2998 3063 2997
f 2998 3064 3063
f 2999 3064 2998
f 2999 3065 3064
f 3000 3065 2999
f 3000 3066 3065
f 3001 3066 3000
f 3001 3067 3066
f 3002 3067 3001
f 3002 3068 3067
f 3003 3068 3002
f 3005 3070 3004
f 3005 3071 3070
f 3006 3071 3005
f 3006 3072 3071
f 3007 3072 3006
f 3007 3073 3072
f 3008 3073 3007
f 3008 3074 3073
f 3009 3074 3008
f 3009 3075 3074
f 3010 3075 3009
f 3010 3076 3075
f 3011 3076 3010
f 3011 3077 3076
f 3012 3077 3011
f 3012 3078 3077
f 3013 3078 3012
f 3013 3079 3078
f 3014 3079 3013
f 3014 3080 3079
f 3015 3080 3014
f 3015 3081 3080
f 3016 3081 3015
f 3016 3082 3081
f 3017 3082 3016
f 3017 3083 3082
f 3018 3083 3017
f 3018 3084 3083
f 3019 3084 3018
f 3019 3085 3084
f 3020 3085 3019
f 3020 3086 3085
f 3022 3087 3021
f 3022 3088 3087
f 3023 3092 3091
f 3024 3092 3023
f 3024 3093 3092
f 3025 3093 3024
f 3025 3094 3093
f 3026 3094 3025
f 3026 3095 3094
f 3027 3095 3026
f 3027 3096 3095
f 3028 3096 3027
f 3028 3097 3096
f 3029 3097 3028
f 3029 3098 3097
f 3030 3098 3029
f 3030 3099 3098
f 3031 3099 3030
f 3031 3100 3099
f 3032 3100 3031
f 3032 3101 3100
f 3033 3101 3032
f 3033 3102 3101
f 3034 3102 3033
f 3034 3103 3102
f 3035 3103 3034
f 3035 3104 3103
f 3036 3104 3035
f 3036 3105 3104
f 3037 3105 3036
f 3037 3106 3105
f 3038 3106 3037
f 3038 3107 3106
f 3039 3107 3038
f 3039 3108 3107
f 3040 3108 3039
f 3040 3109 3108
f 3041 3109 3040
f 3041 3110 3109
f 3042 3110 3041
f 3042 3111 3110
f 3043 3111 3042
f 3043 3112 3111
f 3044 3112 3043
f 3044 3113 3112
f 3045 3113 3044
f 3045 3114 3113
f 3046 3114 3045
f 3046 3115 3114
f 3047 3115 3046
f 3047 3116 3115
f 3048 3116 3047
f 3048 3117 3116
f 3049 3117 3048
f 3049 3118 3117
f 3050 3118 3049
f 3050 3119 3118
f 3051 3119 3050
f 3051 3120 3119
f 3052 3120 3051
f 3052 3121 3120
f 3053 3121 3052
f 3053 3122 3121
f 3054 3122 3053
f 3054 3123 3122
f 3055 3123 3054
f 3055 3124 3123
f 3056 3124 3055
f 3056 3125 3124
f 3057 3125 3056
f 3057 3126 3125
f 3058 3126 3057
f 3058 3127 3126
f 3059 3127 3058
f 3059 3128 3127
f 3060 3128 3059
f 3060 3129 3128
f 3061 3129 3060
f 3061 3130 3129
f 3062 3130 3061
f 3062 3131 3130
f 3063 3131 3062
f 3063 3132 3131
f 3064 3132 3063
f 3064 3133 3132
f 3065 3133 3064
f 3065 3134 3133
f 3066 3134 3065
f 3066 3135 3134
f 3067 3135 3066
f 3067 3136 3135
f 3068 3136 3067
f 3068 3137 3136
f 3069 3137 3068
f 3071 3138 3070
f 3071 3139 3138
f 3072 3139 3071
f 3072 3140 3139
f 3073 3140 3072
f 3073 3141 3140
f 3074 3141 3073
f 3074 3142 3141
f 3075 3142 3074
f 3075 3143 3142
f 3076 3143 3075
f 3076 3144 3143
f 3077 3144 3076
f 3077 3145 3144
f 3078 3145 3077
f 3078 3146 3145
f 3079 3146 3078
f 3079 3147 3146
f 3080 3147 3079
f 3080 3148 3147
f 3081 3148 3080
f 3081 3149 3148
f 3082 3149 3081
f 3082 3150 3149
f 3083 3150 3082
f 3083 3151 3150
f 3084 3151 3083
f 3084 3152 3151
f 3085 3152 3084
f 3085 3153 3152
f 3086 3153 3085
f 3086 3154 3153
f 3088 3155 3087
f 3088 3156 3155
f 3089 3156 3088
f 3089 3157 3156
f 3090 3157 3089
f 3090 3158 3157
f 3092 3160 3091
f 3092 3161 3160
f 3093 3161 3092
f 3093 3162 3161
f 3094 3162 3093
f 3094 3163 3162
f 3095 3163 3094
f 3095 3164 3163
f 3096 3164 3095
f 3096 3165 3164
f 3097 3165 3096
f 3097 3166 3165
f 3098 3166 3097
f 3098 3167 3166
f 3099 3167 3098
f 3099 3168 3167
f 3100 3168 3099
f 3100 3169 3168
f 3101 3169 3100
f 3101 3170 3169
f 3102 3170 3101
f 3102 3171 3170
f 3103 3171 3102
f 3103 3172 3171
f 3104 3172 3103
f 3104 3173 3172
f 3105 3173 3104
f 3105 3174 3173
f 3106 3174 3105
f 3106 3175 3174
f 3107 3175 3106
f 3107 3176 3175
f 3108 3176 3107
f 3108 3177 3176
f 3109 3177 3108
f 3109 3178 3177
f 3110 3178 3109
f 3110 3179 3178
f 3111 3179 3110
f 3111 3180 3179
f 3112 3180 3111
f 3112 3181 3180
f 3113 3181 3112
f 3113 3182 3181
f 3114 3182 3113
f 3114 3183 3182
f 3115 3183 3114
f 3115 3184 3183
f 3116 3184 3115
f 3116 3185 3184
f 3117 3185 3116
f 3117 3186 3185
f 3118 3186 3117
f 3118 3187 3186
f 3119 3187 3118
f 3119 3188 3187
f 3120 3188 3119
f 3120 3189 3188
f 3121 3189 3120
f 3121 3190 3189
f 3122 3190 3121
f 3122 3191 3190
f 3123 3191 3122
f 3123 3192 3191
f 3124 3192 3123
f 3124 3193 3192
f 3125 3193 3124
f 3125 3194 3193
f 3126 3194 3125
f 3126 3195 3194
f 3127 3195 3126
f 3127 3196 3195
f 3128 3196 3127
f 3128 3197 3196
f 3129 3197 3128
f 3129 3198 3197
f 3130 3198 3129
f 3130 3199 3198
f 3131 3199 3130
f 3131 3200 3199
f 3132 3200 3131
f 3132 3201 3200
f 3133 3201 3132
f 3133 3202 3201
f 3134 3202 3133
f 3134 3203 3202
f 3135 3203 3134
f 3135 3204 3203
f 3136 3204 3135
f 3136 3205 3204
f 3137 3205 3136
f 3137 3206 3205
f 3138 3208 3207
f 3139 3208 3138
f 3139 3209 3208
f 3140 3209 3139
f 3140 3210 3209
f 3141 3210 3140
f 3141 3211 3210
f 3142 3211 3141
f 3142 3212 3211
f 3143 3212 3142
f 3143 3213 3212
f 3144 3213 3143
f 3144 3214 3213
f 3145 3214 3144
f 3145 3215 3214
f 3146 3215 3145
f 3146 3216 3215
f 3147 3216 3146
f 3147 3217 3216
f 3148 3217 3147
f 3148 3218 3217
f 3149 3218 3148
f 3149 3219 3218
f 3150 3219 3149
f 3150 3220 3219
f 3151 3220 3150
f 3151 3221 3220
f 3152 3221 3151
f 3152 3222 3221
f 3153 3222 3152
f 3153 3223 3222
f 3154 3223 3153
f 3155 3225 3224
f 3156 3225 3155
f 3156 3226 3225
f 3157 3226 3156
f 3157 3227 3226
f 3158 3227 3157
f 3158 3228 3227
f 3159 3228 3158
f 3159 3229 3228
f 3161 3233 3160
f 3161 3234 3233
f 3162 3234 3161
f 3162 3235 3234
f 3163 3235 3162
f 3163 3236 3235
f 3164 3236 3163
f 3164 3237 3236
f 3165 3237 3164
f 3165 3238 3237
f 3166 3238 3165
f 3166 3239 3238
f 3167 3239 3166
f 3167 3240 3239
f 3168 3240 3167
f 3168 3241 3240
f 3169 3241 3168
f 3169 3242 3241
f 3170 3242 3169
f 3170 3243 3242
f 3171 3243 3170
f 3171 3244 3243
f 3172 3244 3171
f 3172 3245 3244
f 3173 3245 3172
f 3173 3246 3245
f 3174 3246 3173
f 3174 3247 3246
f 3175 3247 3174
f 3175 3248 3247
f 3176 3248 3175
f 3176 3249 3248
f 3177 3249 3176
f 3177 3250 3249
f 3178 3250 3177
f 3178 3251 3250
f 3179 3251 3178
f 3179 3252 3251
f 3180 3252 3179
f 3180 3253 3252
f 3181 3253 3180
f 3181 3254 3253
f 3182 3254 3181
f 3182 3255 3254
f 3183 3255 3182
f 3183 3256 3255
f 3184 3256 3183
f 3184 3257 3256
f 3185 3257 3184
f 3185 3258 3257
f 3186 3258 3185
f 3186 3259 3258
f 3187 3259 3186
f 3187 3260 3259
f 3188 3260 3187
f 3188 3261 3260
f 3189 3261 3188
f 3189 3262 3261
f 3190 3262 3189
f 3190 3263 3262
f 3191 3263 3190
f 3191 3264 3263
f 3192 3264 3191
f 3192 3265 3264
f 3193 3265 3192
f 3193 3266 3265
f 3194 3266 3193
f 3194 3267 3266
f 3195 3267 3194
f 3195 3268 3267
f 3196 3268 3195
f 3196 3269 3268
f 3197 3269 3196
f 3197 3270 3269
f 3198 3270 3197
f 3198 3271 3270
f 3199 3271 3198
f 3199 3272 3271
f 3200 3272 3199
f 3200 3273 3272
f 3201 3273 3200
f 3201 3274 3273
f 3202 3274 3201
f 3202 3275 3274
f 3203 3275 3202
f 3203 3276 3275
f 3204 3276 3203
f 3204 3277 3276
f 3205 3277 3204
f 3205 3278 3277
f 3206 3278 3205
f 3206 3279 3278
f 3207 3280 3279
f 3208 3280 3207
f 3208 3281 3280
f 3209 3281 3208
f 3209 3282 3281
f 3210 3282 3209
f 3210 3283 3282
f 3211 3283 3210
f 3211 3284 3283
f 3212 3284 3211
f 3212 3285 3284
f 3213 3285 3212
f 3213 3286 3285
f 3214 3286 3213
f 3214 3287 3286
f 3215 3287 3214
f 3215 3288 3287
f 3216 3288 3215
f 3216 3289 3288
f 3217 3289 3216
f 3217 3290 3289
f 3218 3290 3217
f 3218 3291 3290
f 3219 3291 3218
f 3219 3292 3291
f 3220 3292 3219
f 3220 3293 3292
f 3221 3293 3220
f 3221 3294 3293
f 3222 3294 3221
f 3222 3295 3294
f 3223 3295 3222
f 3223 3296 3295
f 3225 3297 3224
f 3225 3298 3297
f 3226 3298 3225
f 3226 3299 3298
f 3227 3299 3226
f 3227 3300 3299
f 3228 3300 3227
f 3228 3301 3300
f 3229 3301 3228
f 3229 3302 3301
f 3230 3302 3229
f 3230 3303 3302
f 3231 3303 3230
f 3231 3304 3303
f 3233 3306 3232
f 3233 3307 3306
f 3234 3307 3233
f 3234 3308 3307
f 3235 3308 3234
f 3235 3309 3308
f 3236 3309 3235
f 3236 3310 3309
f 3237 3310 3236
f 3237 3311 3310
f 3238 3311 3237
f 3238 3312 3311
f 3239 3312 3238
f 3239 3313 3312
f 3240 3313 3239
f 3240 3314 3313
f 3241 3314 3240
f 3241 3315 3314
f 3242 3315 3241
f 3242 3316 3315
f 3243 3316 3242
f 3243 3317 3316
f 3244 3317 3243
f 3244 3318 3317
f 3245 3318 3244
f 3245 3319 3318
f 3246 3319 3245
f 3246 3320 3319
f 3247 3320 3246
f 3247 3321 3320
f 3248 3321 3247
f 3248 3322 3321
f 3249 3322 3248
f 3249 3323 3322
f 3250 3323 3249
f 3250 3324 3323
f 3251 3324 3250
f 3251 3325 3324
f 3252 3325 3251
f 3252 3326 3325
f 3253 3326 3252
f 3253 3327 3326
f 3254 3327 3253
f 3254 3328 3327
f 3255 3328 3254
f 3255 3329 3328
f 3256 3329 3255
f 3256 3330 3329
f 3257 3330 3256
f 3257 3331 3330
f 3258 3331 3257
f 3258 3332 3331
f 3259 3332 3258
f 3259 3333 3332
f 3260 3333 3259
f 3260 3334 3333
f 3261 3334 3260
f 3261 3335 3334
f 3262 3335 3261
f 3262 3336 3335
f 3263 3336 3262
f 3263 3337 3336
f 3264 3337 3263
f 3264 3338 3337
f 3265 3338 3264
f 3265 3339 3338
f 3266 3339 3265
f 3266 3340 3339
f 3267 3340 3266
f 3267 3341 3340
f 3268 3341 3267
f 3268 3342 3341
f 3269 3342 3268
f 3269 3343 3342
f 3270 3343 3269
f 3270 3344 3343
f 3271 3344 3270
f 3271 3345 3344
f 3272 3345 3271
f 3272 3346 3345
f 3273 3346 3272
f 3273 3347 3346
f 3274 3347 3273
f 3274 3348 3347
f 3275 3348 3274
f 3275 3349 3348
f 3276 3349 3275
f 3276 3350 3349
f 3277 3350 3276
f 3277 3351 3350
f 3278 3351 3277
f 3278 3352 3351
f 3279 3352 3278
f 3279 3353 3352
f 3280 3353 3279
f 3280 3354 3353
f 3281 3354 3280
f 3281 3355 3354
f 3282 3355 3281
f 3282 3356 3355
f 3283 3356 3282
f 3283 3357 3356
f 3284 3357 3283
f 3284 3358 3357
f 3285 3358 3284
f 3285 3359 3358
f 3286 3359 3285
f 3286 3360 3359
f 3287 3360 3286
f 3287 3361 3360
f 3288 3361 3287
f 3288 3362 3361
f 3289 3362 3288
f 3289 3363 3362
f 3290 3363 3289
f 3290 3364 3363
f 3291 3364 3290
f 3291 3365 3364
f 3292 3365 3291
f 3292 3366 3365
f 3293 3366 3292
f 3293 3367 3366
f 3294 3367 3293
f 3294 3368 3367
f 3295 3368 3294
f 3295 3369 3368
f 3296 3369 3295
f 3296 3370 3369
f 3298 3371 3297
f 3298 3372 3371
f 3299 3372 3298
f 3299 3373 3372
f 3300 3373 3299
f 3300 3374 3373
f 3301 3374 3300
f 3301 3375 3374
f 3302 3375 3301
f 3302 3376 3375
f 3303 3376 3302
f 3303 3377 3376
f 3304 3377 3303
f 3304 3378 3377
f 3305 3378 3304
f 3305 3379 3378
f 3307 3382 3306
f 3307 3383 3382
f 3308 3383 3307
f 3308 3384 3383
f 3309 3384 3308
f 3309 3385 3384
f 3310 3385 3309
f 3310 3386 3385
f 3311 3386 3310
f 3311 3387 3386
f 3312 3387 3311
f 3312 3388 3387
f 3313 3388 3312
f 3313 3389 3388
f 3314 3389 3313
f 3314 3390 3389
f 3315 3390 3314
f 3315 3391 3390
f 3316 3391 3315
f 3316 3392 3391
f 3317 3392 3316
f 3317 3393 3392
f 3318 3393 3317
f 3318 3394 3393
f 3319 3394 3318
f 3319 3395 3394
f 3320 3395 3319
f 3320 3396 3395
f 3321 3396 3320
f 3321 3397 3396
f 3322 3397 3321
f 3322 3398 3397
f 3323 3398 3322
f 3323 3399 3398
f 3324 3399 3323
f 3324 3400 3399
f 3325 3400 3324
f 3325 3401 3400
f 3326 3401 3325
f 3326 3402 3401
f 3327 3402 3326
f 3327 3403 3402
f 3328 3403 3327
f 3328 3404 3403
f 3329 3404 3328
f 3329 3405 3404
f 3330 3405 3329
f 3330 3406 3405
f 3331 3406 3330
f 3331 3407 3406
f 3332 3407 3331
f 3332 3408 3407
f 3333 3408 3332
f 3333 3409 3408
f 3334 3409 3333
f 3334 3410 3409
f 3335 3410 3334
f 3335 3411 3410
f 3336 3411 3335
f 3336 3412 3411
f 3337 3412 3336
f 3337 3413 3412
f 3338 3413 3337
f 3338 3414 3413
f 3339 3414 3338
f 3339 3415 3414
f 3340 3415 3339
f 3340 3416 3415
f 3341 3416 3340
f 3341 3417 3416
f 3342 3417 3341
f 3342 3418 3417
f 3343 3418 3342
f 3343 3419 3418
f 3344 3419 3343
f 3344 3420 3419
f 3345 3420 3344
f 3345 3421 3420
f 3346 3421 3345
f 3346 3422 3421
f 3347 3422 3346
f 3347 3423 3422
f 3348 3423 3347
f 3348 3424 3423
f 3349 3424 3348
f 3349 3425 3424
f 3350 3425 3349
f 3350 3426 3425
f 3351 3426 3350
f 3351 3427 3426
f 3352 3427 3351
f 3352 3428 3427
f 3353 3428 3352
f 3353 3429 3428
f 3354 3429 3353
f 3354 3430 3429
f 3355 3430 3354
f 3355 3431 3430
f 3356 3431 3355
f 3356 3432 3431
f 3357 3432 3356
f 3357 3433 3432
f 3358 3433 3357
f 3358 3434 3433
f 3359 3434 3358
f 3359 3435 3434
f 3360 3435 3359
f 3360 3436 3435
f 3361 3436 3360
f 3361 3437 3436
f 3362 3437 3361
f 3362 3438 3437
f 3363 3438 3362
f 3363 3439 3438
f 3364 3439 3363
f 3364 3440 3439
f 3365 3440 3364
f 3365 3441 3440
f 3366 3441 3365
f 3366 3442 3441
f 3367 3442 3366
f 3367 3443 3442
f 3368 3443 3367
f 3368 3444 3443
f 3369 3444 3368
f 3369 3445 3444
f 3370 3445 3369
f 3370 3446 3445
f 3372 3447 3371
f 3372 3448 3447
f 3373 3448 3372
f 3373 3449 3448
f 3374 3449 3373
f 3374 3450 3449
f 3375 3450 3374
f 3375 3451 3450
f 3376 3451 3375
f 3376 3452 3451
f 3377 3452 3376
f 3377 3453 3452
f 3378 3453 3377
f 3378 3454 3453
f 3379 3454 3378
f 3379 3455 3454
f 3380 3455 3379
f 3380 3456 3455
f 3381 3456 3380
f 3381 3457 3456
f 3383 3459 3382
f 3383 3460 3459
f 3384 3460 3383
f 3384 3461 3460
f 3385 3461 3384
f 3385 3462 3461
f 3386 3462 3385
f 3386 3463 3462
f 3387 3463 3386
f 3387 3464 3463
f 3388 3464 3387
f 3388 3465 3464
f 3389 3465 3388
f 3389 3466 3465
f 3390 3466 3389
f 3390 3467 3466
f 3391 3467 3390
f 3391 3468 3467
f 3392 3468 3391
f 3392 3469 3468
f 3393 3469 3392
f 3393 3470 3469
f 3394 3470 3393
f 3394 3471 3470
f 3395 3471 3394
f 3395 3472 3471
f 3396 3472 3395
f 3396 3473 3472
f 3397 3473 3396
f 3397 3474 3473
f 3398 3474 3397
f 3398 3475 3474
f 3399 3475 3398
f 3399 3476 3475
f 3400 3476 3399
f 3400 3477 3476
f 3401 3477 3400
f 3401 3478 3477
f 3402 3478 3401
f 3402 3479 3478
f 3403 3479 3402
f 3403 3480 3479
f 3404 3480 3403
f 3404 3481 3480
f 3405 3481 3404
f 3405 3482 3481
f 3406 3482 3405
f 3406 3483 3482
f 3407 3483 3406
f 3407 3484 3483
f 3408 3484 3407
f 3408 3485 3484
f 3409 3485 3408
f 3409 3486 3485
f 3410 3486 3409
f 3410 3487 3486
f 3411 3487 3410
f 3411 3488 3487
f 3412 3488 3411
f 3412 3489 3488
f 3413 3489 3412
f 3413 3490 3489
f 3414 3490 3413
f 3414 3491 3490
f 3415 3491 3414
f 3415 3492 3491
f 3416 3492 3415
f 3416 3493 3492
f 3417 3493 3416
f 3417 3494 3493
f 3418 3494 3417
f 3418 3495 3494
f 3419 3495 3418
f 3419 3496 3495
f 3420 3496 3419
f 3420 3497 3496
f 3421 3497 3420
f 3421 3498 3497
f 3422 3498 3421
f 3422 3499 3498
f 3423 3499 3422
f 3423 3500 3499
f 3424 3500 3423
f 3424 3501 3500
f 3425 3501 3424
f 3425 3502 3501
f 3426 3502 3425
f 3426 3503 3502
f 3427 3503 3426
f 3427 3504 3503
f 3428 3504 3427
f 3428 3505 3504
f 3429 3505 3428
f 3429 3506 3505
f 3430 3506 3429
f 3430 3507 3506
f 3431 3507 3430
f 3431 3508 3507
f 3432 3508 3431
f 3432 3509 3508
f 3433 3509 3432
f 3433 3510 3509
f 3434 3510 3433
f 3434 3511 3510
f 3435 3511 3434
f 3435 3512 3511
f 3436 3512 3435
f 3436 3513 3512
f 3437 3513 3436
f 3437 3514 3513
f 3438 3514 3437
f 3438 3515 3514
f 3439 3515 3438
f 3439 3516 3515
f 3440 3516 3439
f 3440 3517 3516
f 3441 3517 3440
f 3441 3518 3517
f 3442 3518 3441
f 3442 3519 3518
f 3443 3519 3442
f 3443 3520 3519
f 3444 3520 3443
f 3444 3521 3520
f 3445 3521 3444
f 3445 3522 3521
f 3446 3522 3445
f 3446 3523 3522
f 3448 3524 3447
f 3448 3525 3524
f 3449 3525 3448
f 3449 3526 3525
f 3450 3526 3449
f 3450 3527 3526
f 3451 3527 3450
f 3451 3528 3527
f 3452 3528 3451
f 3452 3529 3528
f 3453 3529 3452
f 3453 3530 3529
f 3454 3530 3453
f 3454 3531 3530
f 3455 3531 3454
f 3455 3532 3531
f 3456 3532 3455
f 3456 3533 3532
f 3457 3533 3456
f 3457 3534 3533
f 3458 3534 3457
f 3458 3535 3534
f 3460 3538 3459
f 3460 3539 3538
f 3461 3539 3460
f 3461 3540 3539
f 3462 3540 3461
f 3462 3541 3540
f 3463 3541 3462
f 3463 3542 3541
f 3464 3542 3463
f 3464 3543 3542
f 3465 3543 3464
f 3465 3544 3543
f 3466 3544 3465
f 3466 3545 3544
f 3467 3545 3466
f 3467 3546 3545
f 3468 3546 3467
f 3468 3547 3546
f 3469 3547 3468
f 3469 3548 3547
f 3470 3548 3469
f 3470 3549 3548
f 3471 3549 3470
f 3471 3550 3549
f 3472 3550 3471
f 3472 3551 3550
f 3473 3551 3472
f 3473 3552 3551
f 3474 3552 3473
f 3474 3553 3552
f 3475 3553 3474
f 3475 3554 3553
f 3476 3554 3475
f 3476 3555 3554
f 3477 3555 3476
f 3477 3556 3555
f 3478 3556 3477
f 3478 3557 3556
f 3479 3557 3478
f 3479 3558 3557
f 3480 3558 3479
f 3480 3559 3558
f 3481 3559 3480
f 3481 3560 3559
f 3482 3560 3481
f 3482 3561 3560
f 3483 3561 3482
f 3483 3562 3561
f 3484 3562 3483
f 3484 3563 3562
f 3485 3563 3484
f 3485 3564 3563
f 3486 3564 3485
f 3486 3565 3564
f 3487 3565 3486
f 3487 3566 3565
f 3488 3566 3487
f 3488 3567 3566
f 3489 3567 3488
f 3489 3568 3567
f 3490 3568 3489
f 3490 3569 3568
f 3491 3569 3490
f 3491 3570 3569
f 3492 3570 3491
f 3492 3571 3570
f 3493 3571 3492
f 3493 3572 3571
f 3494 3572 3493
f 3494 3573 3572
f 3495 3573 3494
f 3495 3574 3573
f 3496 3574 3495
f 3496 3575 3574
f 3497 3575 3496
f 3497 3576 3575
f 3498 3576 3497
f 3498 3577 3576
f 3499 3577 3498
f 3499 3578 3577
f 3500 3578 3499
f 3500 3579 3578
f 3501 3579 3500
f 3501 3580 3579
f 3502 3580 3501
f 3502 3581 3580
f 3503 3581 3502
f 3503 3582 3581
f 3504 3582 3503
f 3504 3583 3582
f 3505 3583 3504
f 3505 3584 3583
f 3506 3584 3505
f 3506 3585 3584
f 3507 3585 3506
f 3507 3586 3585
f 3508 3586 3507
f 3508 3587 3586
f 3509 3587 3508
f 3509 3588 3587
f 3510 3588 3509
f 3510 3589 3588
f 3511 3589 3510
f 3511 3590 3589
f 3512 3590 3511
f 3512 3591 3590
f 3513 3591 3512
f 3513 3592 3591
f 3514 3592 3513
f 3514 3593 3592
f 3515 3593 3514
f 3515 3594 3593
f 3516 3594 3515
f 3516 3595 3594
f 3517 3595 3516
f 3517 3596 3595
f 3518 3596 3517
f 3518 3597 3596
f 3519 3597 3518
f 3519 3598 3597
f 3520 3598 3519
f 3520 3599 3598
f 3521 3599 3520
f 3521 3600 3599
f 3522 3600 3521
f 3522 3601 3600
f 3523 3601 3522
f 3524 3603 3602
f 3525 3603 3524
f 3525 3604 3603
f 3526 3604 3525
f 3526 3605 3604
f 3527 3605 3526
f 3527 3606 3605
f 3528 3606 3527
f 3528 3607 3606
f 3529 3607 3528
f 3529 3608 3607
f 3530 3608 3529
f 3530 3609 3608
f 3531 3609 3530
f 3531 3610 3609
f 3532 3610 3531
f 3532 3611 3610
f 3533 3611 3532
f 3533 3612 3611
f 3534 3612 3533
f 3534 3613 3612
f 3535 3613 3534
f 3535 3614 3613
f 3536 3614 3535
f 3536 3615 3614
f 3537 3615 3536
f 3537 3616 3615
f 3538 3619 3618
f 3539 3619 3538
f 3539 3620 3619
f 3540 3620 3539
f 3540 3621 3620
f 3541 3621 3540
f 3541 3622 3621
f 3542 3622 3541
f 3542 3623 3622
f 3543 3623 3542
f 3543 3624 3623
f 3544 3624 3543
f 3544 3625 3624
f 3545 3625 3544
f 3545 3626 3625
f 3546 3626 3545
f 3546 3627 3626
f 3547 3627 3546
f 3547 3628 3627
f 3548 3628 3547
f 3548 3629 3628
f 3549 3629 3548
f 3549 3630 3629
f 3550 3630 3549
f 3550 3631 3630
f 3551 3631 3550
f 3551 3632 3631
f 3552 3632 3551
f 3552 3633 3632
f 3553 3633 3552
f 3553 3634 3633
f 3554 3634 3553
f 3554 3635 3634
f 3555 3635 3554
f 3555 3636 3635
f 3556 3636 3555
f 3556 3637 3636
f 3557 3637 3556
f 3557 3638 3637
f 3558 3638 3557
f 3558 3639 3638
f 3559 3639 3558
f 3559 3640 3639
f 3560 3640 3559
f 3560 3641 3640
f 3561 3641 3560
f 3561 3642 3641
f 3562 3642 3561
f 3562 3643 3642
f 3563 3643 3562
f 3563 3644 3643
f 3564 3644 3563
f 3564 3645 3644
f 3565 3645 3564
f 3565 3646 3645
f 3566 3646 3565
f 3566 3647 3646
f 3567 3647 3566
f 3567 3648 3647
f 3568 3648 3567
f 3568 3649 3648
f 3569 3649 3568
f 3569 3650 3649
f 3570 3650 3569
f 3570 3651 3650
f 3571 3651 3570
f 3571 3652 3651
f 3572 3652 3571
f 3572 3653 3652
f 3573 3653 3572
f 3573 3654 3653
f 3574 3654 3573
f 3574 3655 3654
f 3575 3655 3574
f 3575 3656 3655
f 3576 3656 3575
f 3576 3657 3656
f 3577 3657 3576
f 3577 3658 3657
f 3578 3658 3577
f 3578 3659 3658
f 3579 3659 3578
f 3579 3660 3659
f 3580 3660 3579
f 3580 3661 3660
f 3581 3661 3580
f 3581 3662 3661
f 3582 3662 3581
f 3582 3663 3662
f 3583 3663 3582
f 3583 3664 3663
f 3584 3664 3583
f 3584 3665 3664
f 3585 3665 3584
f 3585 3666 3665
f 3586 3666 3585
f 3586 3667 3666
f 3587 3667 3586
f 3587 3668 3667
f 3588 3668 3587
f 3588 3669 3668
f 3589 3669 3588
f 3589 3670 3669
f 3590 3670 3589
f 3590 3671 3670
f 3591 3671 3590
f 3591 3672 3671
f 3592 3672 3591
f 3592 3673 3672
f 3593 3673 3592
f 3593 3674 3673
f 3594 3674 3593
f 3594 3675 3674
f 3595 3675 3594
f 3595 3676 3675
f 3596 3676 3595
f 3596 3677 3676
f 3597 3677 3596
f 3597 3678 3677
f 3598 3678 3597
f 3598 3679 3678
f 3599 3679 3598
f 3599 3680 3679
f 3600 3680 3599
f 3600 3681 3680
f 3601 3681 3600
f 3601 3682 3681
f 3603 3683 3602
f 3603 3684 3683
f 3604 3684 3603
f 3604 3685 3684
f 3605 3685 3604
f 3605 3686 3685
f 3606 3686 3605
f 3606 3687 3686
f 3607 3687 3606
f 3607 3688 3687
f 3608 3688 3607
f 3608 3689 3688
f 3609 3689 3608
f 3609 3690 3689
f 3610 3690 3609
f 3610 3691 3690
f 3611 3691 3610
f 3611 3692 3691
f 3612 3692 3611
f 3612 3693 3692
f 3613 3693 3612
f 3613 3694 3693
f 3614 3694 3613
f 3614 3695 3694
f 3615 3695 3614
f 3615 3696 3695
f 3616 3696 3615
f 3616 3697 3696
f 3617 3697 3616
f 3617 3698 3697
f 3619 3700 3618
f 3619 3701 3700
f 3620 3701 3619
f 3620 3702 3701
f 3621 3702 3620
f 3621 3703 3702
f 3622 3703 3621
f 3622 3704 3703
f 3623 3704 3622
f 3623 3705 3704
f 3624 3705 3623
f 3624 3706 3705
f 3625 3706 3624
f 3625 3707 3706
f 3626 3707 3625
f 3626 3708 3707
f 3627 3708 3626
f 3627 3709 3708
f 3628 3709 3627
f 3628 3710 3709
f 3629 3710 3628
f 3629 3711 3710
f 3630 3711 3629
f 3630 3712 3711
f 3631 3712 3630
f 3631 3713 3712
f 3632 3713 3631
f 3632 3714 3713
f 3633 3714 3632
f 3633 3715 3714
f 3634 3715 3633
f 3634 3716 3715
f 3635 3716 3634
f 3635 3717 3716
f 3636 3717 3635
f 3636 3718 3717
f 3637 3718 3636
f 3637 3719 3718
f 3638 3719 3637
f 3638 3720 3719
f 3639 3720 3638
f 3639 3721 3720
f 3640 3721 3639
f 3640 3722 3721
f 3641 3722 3640
f 3641 3723 3722
f 3642 3723 3641
f 3642 3724 3723
f 3643 3724 3642
f 3643 3725 3724
f 3644 3725 3643
f 3644 3726 3725
f 3645 3726 3644
f 3645 3727 3726
f 3646 3727 3645
f 3646 3728 3727
f 3647 3728 3646
f 3647 3729 3728
f 3648 3729 3647
f 3648 3730 3729
f 3649 3730 3648
f 3649 3731 3730
f 3650 3731 3649
f 3650 3732 3731
f 3651 3732 3650
f 3651 3733 3732
f 3652 3733 3651
f 3652 3734 3733
f 3653 3734 3652
f 3653 3735 3734
f 3654 3735 3653
f 3654 3736 3735
f 3655 3736 3654
f 3655 3737 3736
f 3656 3737 3655
f 3656 3738 3737
f 3657 3738 3656
f 3657 3739 3738
f 3658 3739 3657
f 3658 3740 3739
f 3659 3740 3658
f 3659 3741 3740
f 3660 3741 3659
f 3660 3742 3741
f 3661 3742 3660
f 3661 3743 3742
f 3662 3743 3661
f 3662 3744 3743
f 3663 3744 3662
f 3663 3745 3744
f 3664 3745 3663
f 3664 3746 3745
f 3665 3746 3664
f 3665 3747 3746
f 3666 3747 3665
f 3666 3748 3747
f 3667 3748 3666
f 3667 3749 3748
f 3668 3749 3667
f 3668 3750 3749
f 3669 3750 3668
f 3669 3751 3750
f 3670 3751 3669
f 3670 3752 3751
f 3671 3752 3670
f 3671 3753 3752
f 3672 3753 3671
f 3672 3754 3753
f 3673 3754 3672
f 3673 3755 3754
f 3674 3755 3673
f 3674 3756 3755
f 3675 3756 3674
f 3675 3757 3756
f 3676 3757 3675
f 3676 3758 3757
f 3677 3758 3676
f 3677 3759 3758
f 3678 3759 3677
f 3678 3760 3759
f 3679 3760 3678
f 3679 3761 3760
f 3680 3761 3679
f 3680 3762 3761
f 3681 3762 3680
f 3681 3763 3762
f 3682 3763 3681
f 3682 3764 3763
f 3684 3765 3683
f 3684 3766 3765
f 3685 3766 3684
f 3685 3767 3766
f 3686 3767 3685
f 3686 3768 3767
f 3687 3768 3686
f 3687 3769 3768
f 3688 3769 3687
f 3688 3770 3769
f 3689 3770 3688
f 3689 3771 3770
f 3690 3771 3689
f 3690 3772 3771
f 3691 3772 3690
f 3691 3773 3772
f 3692 3773 3691
f 3692 3774 3773
f 3693 3774 3692
f 3693 3775 3774
f 3694 3775 3693
f 3694 3776 3775
f 3695 3776 3694
f 3695 3777 3776
f 3696 3777 3695
f 3696 3778 3777
f 3697 3778 3696
f 3697 3779 3778
f 3698 3779 3697
f 3698 3780 3779
f 3699 3780 3698
f 3699 3781 3780
f 3701 3783 3700
f 3701 3784 3783
f 3702 3784 3701
f 3702 3785 3784
f 3703 3785 3702
f 3703 3786 3785
f 3704 3786 3703
f 3704 3787 3786
f 3705 3787 3704
f 3705 3788 3787
f 3706 3788 3705
f 3706 3789 3788
f 3707 3789 3706
f 3707 3790 3789
f 3708 3790 3707
f 3708 3791 3790
f 3709 3791 3708
f 3709 3792 3791
f 3710 3792 3709
f 3710 3793 3792
f 3711 3793 3710
f 3711 3794 3793
f 3712 3794 3711
f 3712 3795 3794
f 3713 3795 3712
f 3713 3796 3795
f 3714 3796 3713
f 3714 3797 3796
f 3715 3797 3714
f 3715 3798 3797
f 3716 3798 3715
f 3716 3799 3798
f 3717 3799 3716
f 3717 3800 3799
f 3718 3800 3717
f 3718 3801 3800
f 3719 3801 3718
f 3719 3802 3801
f 3720 3802 3719
f 3720 3803 3802
f 3721 3803 3720
f 3721 3804 3803
f 3722 3804 3721
f 3722 3805 3804
f 3723 3805 3722
f 3723 3806 3805
f 3724 3806 3723
f 3724 3807 3806
f 3725 3807 3724
f 3725 3808 3807
f 3726 3808 3725
f 3726 3809 3808
f 3727 3809 3726
f 3727 3810 3809
f 3728 3810 3727
f 3728 3811 3810
f 3729 3811 3728
f 3729 3812 3811
f 3730 3812 3729
f 3730 3813 3812
f 3731 3813 3730
f 3731 3814 3813
f 3732 3814 3731
f 3732 3815 3814
f 3733 3815 3732
f 3733 3816 3815
f 3734 3816 3733
f 3734 3817 3816
f 3735 3817 3734
f 3735 3818 3817
f 3736 3818 3735
f 3736 3819 3818
f 3737 3819 3736
f 3737 3820 3819
f 3738 3820 3737
f 3738 3821 3820
f 3739 3821 3738
f 3739 3822 3821
f 3740 3822 3739
f 3740 3823 3822
f 3741 3823 3740
f 3741 3824 3823
f 3742 3824 3741
f 3742 3825 3824
f 3743 3825 3742
f 3743 3826 3825
f 3744 3826 3743
f 3744 3827 3826
f 3745 3827 3744
f 3745 3828 3827
f 3746 3828 3745
f 3746 3829 3828
f 3747 3829 3746
f 3747 3830 3829
f 3748 3830 3747
f 3748 3831 3830
f 3749 3831 3748
f 3749 3832 3831
f 3750 3832 3749
f 3750 3833 3832
f 3751 3833 3750
f 3751 3834 3833
f 3752 3834 3751
f 3752 3835 3834
f 3753 3835 3752
f 3753 3836 3835
f 3754 3836 3753
f 3754 3837 3836
f 3755 3837 3754
f 3755 3838 3837
f 3756 3838 3755
f 3756 3839 3838
f 3757 3839 3756
f 3757 3840 3839
f 3758 3840 3757
f 3758 3841 3840
f 3759 3841 3758
f 3759 3842 3841
f 3760 3842 3759
f 3760 3843 3842
f 3761 3843 3760
f 3761 3844 3843
f 3762 3844 3761
f 3762 3845 3844
f 3763 3845 3762
f 3763 3846 3845
f 3764 3846 3763
f 3764 3847 3846
f 3766 3848 3765
f 3766 3849 3848
f 3767 3849 3766
f 3767 3850 3849
f 3768 3850 3767
f 3768 3851 3850
f 3769 3851 3768
f 3769 3852 3851
f 3770 3852 3769
f 3770 3853 3852
f 3771 3853 3770
f 3771 3854 3853
f 3772 3854 3771
f 3772 3855 3854
f 3773 3855 3772
f 3773 3856 3855
f 3774 3856 3773
f 3774 3857 3856
f 3775 3857 3774
f 3775 3858 3857
f 3776 3858 3775
f 3776 3859 3858
f 3777 3859 3776
f 3777 3860 3859
f 3778 3860 3777
f 3778 3861 3860
f 3779 3861 3778
f 3779 3862 3861
f 3780 3862 3779
f 3780 3863 3862
f 3781 3863 3780
f 3781 3864 3863
f 3782 3864 3781
f 3782 3865 3864
f 3784 3867 3783
f 3784 3868 3867
f 3785 3868 3784
f 3785 3869 3868
f 3786 3869 3785
f 3786 3870 3869
f 3787 3870 3786
f 3787 3871 3870
f 3788 3871 3787
f 3788 3872 3871
f 3789 3872 3788
f 3789 3873 3872
f 3790 3873 3789
f 3790 3874 3873
f 3791 3874 3790
f 3791 3875 3874
f 3792 3875 3791
f 3792 3876 3875
f 3793 3876 3792
f 3793 3877 3876
f 3794 3877 3793
f 3794 3878 3877
f 3795 3878 3794
f 3795 3879 3878
f 3796 3879 3795
f 3796 3880 3879
f 3797 3880 3796
f 3797 3881 3880
f 3798 3881 3797
f 3798 3882 3881
f 3799 3882 3798
f 3799 3883 3882
f 3800 3883 3799
f 3800 3884 3883
f 3801 3884 3800
f 3801 3885 3884
f 3802 3885 3801
f 3802 3886 3885
f 3803 3886 3802
f 3803 3887 3886
f 3804 3887 3803
f 3804 3888 3887
f 3805 3888 3804
f 3805 3889 3888
f 3806 3889 3805
f 3806 3890 3889
f 3807 3890 3806
f 3807 3891 3890
f 3808 3891 3807
f 3808 3892 3891
f 3809 3892 3808
f 3809 3893 3892
f 3810 3893 3809
f 3810 3894 3893
f 3811 3894 3810
f 3811 3895 3894
f 3812 3895 3811
f 3812 3896 3895
f 3813 3896 3812
f 3813 3897 3896
f 3814 3897 3813
f 3814 3898 3897
f 3815 3898 3814
f 3815 3899 3898
f 3816 3899 3815
f 3816 3900 3899
f 3817 3900 3816
f 3817 3901 3900
f 3818 3901 3817
f 3818 3902 3901
f 3819 3902 3818
f 3819 3903 3902
f 3820 3903 3819
f 3820 3904 3903
f 3821 3904 3820
f 3821 3905 3904
f 3822 3905 3821
f 3822 3906 3905
f 3823 3906 3822
f 3823 3907 3906
f 3824 3907 3823
f 3824 3908 3907
f 3825 3908 3824
f 3825 3909 3908
f 3826 3909 3825
f 3826 3910 3909
f 3827 3910 3826
f 3827 3911 3910
f 3828 3911 3827
f 3828 3912 3911
f 3829 3912 3828
f 3829 3913 3912
f 3830 3913 3829
f 3830 3914 3913
f 3831 3914 3830
f 3831 3915 3914
f 3832 3915 3831
f 3832 3916 3915
f 3833 3916 3832
f 3833 3917 3916
f 3834 3917 3833
f 3834 3918 3917
f 3835 3918 3834
f 3835 3919 3918
f 3836 3919 3835
f 3836 3920 3919
f 3837 3920 3836
f 3837 3921 3920
f 3838 3921 3837
f 3838 3922 3921
f 3839 3922 3838
f 3839 3923 3922
f 3840 3923 3839
f 3840 3924 3923
f 3841 3924 3840
f 3841 3925 3924
f 3842 3925 3841
f 3842 3926 3925
f 3843 3926 3842
f 3843 3927 3926
f 3844 3927 3843
f 3844 3928 3927
f 3845 3928 3844
f 3845 3929 3928
f 3846 3929 3845
f 3846 3930 3929
f 3847 3930 3846
f 3848 3932 3931
f 3849 3932 3848
f 3849 3933 3932
f 3850 3933 3849
f 3850 3934 3933
f 3851 3934 3850
f 3851 3935 3934
f 3852 3935 3851
f 3852 3936 3935
f 3853 3936 3852
f 3853 3937 3936
f 3854 3937 3853
f 3854 3938 3937
f 3855 3938 3854
f 3855 3939 3938
f 3856 3939 3855
f 3856 3940 3939
f 3857 3940 3856
f 3857 3941 3940
f 3858 3941 3857
f 3858 3942 3941
f 3859 3942 3858
f 3859 3943 3942
f 3860 3943 3859
f 3860 3944 3943
f 3861 3944 3860
f 3861 3945 3944
f 3862 3945 3861
f 3862 3946 3945
f 3863 3946 3862
f 3863 3947 3946
f 3864 3947 3863
f 3864 3948 3947
f 3865 3948 3864
f 3865 3949 3948
f 3866 3949 3865
f 3866 3950 3949
f 3868 3952 3867
f 3868 3953 3952
f 3869 3953 3868
f 3869 3954 3953
f 3870 3954 3869
f 3870 3955 3954
f 3871 3955 3870
f 3871 3956 3955
f 3872 3956 3871
f 3872 3957 3956
f 3873 3957 3872
f 3873 3958 3957
f 3874 3958 3873
f 3874 3959 3958
f 3875 3959 3874
f 3875 3960 3959
f 3876 3960 3875
f 3876 3961 3960
f 3877 3961 3876
f 3877 3962 3961
f 3878 3962 3877
f 3878 3963 3962
f 3879 3963 3878
f 3879 3964 3963
f 3880 3964 3879
f 3880 3965 3964
f 3881 3965 3880
f 3881 3966 3965
f 3882 3966 3881
f 3882 3967 3966
f 3883 3967 3882
f 3883 3968 3967
f 3884 3968 3883
f 3884 3969 3968
f 3885 3969 3884
f 3885 3970 3969
f 3886 3970 3885
f 3886 3971 3970
f 3887 3971 3886
f 3887 3972 3971
f 3888 3972 3887
f 3888 3973 3972
f 3889 3973 3888
f 3889 3974 3973
f 3890 3974 3889
f 3890 3975 3974
f 3891 3975 3890
f 3891 3976 3975
f 3892 3976 3891
f 3892 3977 3976
f 3893 3977 3892
f 3893 3978 3977
f 3894 3978 3893
f 3894 3979 3978
f 3895 3979 3894
f 3895 3980 3979
f 3896 3980 3895
f 3896 3981 3980
f 3897 3981 3896
f 3897 3982 3981
f 3898 3982 3897
f 3898 3983 3982
f 3899 3983 3898
f 3899 3984 3983
f 3900 3984 3899
f 3900 3985 3984
f 3901 3985 3900
f 3901 3986 3985
f 3902 3986 3901
f 3902 3987 3986
f 3903 3987 3902
f 3903 3988 3987
f 3904 3988 3903
f 3904 3989 3988
f 3905 3989 3904
f 3905 3990 3989
f 3906 3990 3905
f 3906 3991 3990
f 3907 3991 3906
f 3907 3992 3991
f 3908 3992 3907
f 3908 3993 3992
f 3909 3993 3908
f 3909 3994 3993
f 3910 3994 3909
f 3910 3995 3994
f 3911 3995 3910
f 3911 3996 3995
f 3912 3996 3911
f 3912 3997 3996
f 3913 3997 3912
f 3913 3998 3997
f 3914 3998 3913
f 3914 3999 3998
f 3915 3999 3914
f 3915 4000 3999
f 3916 4000 3915
f 3916 4001 4000
f 3917 4001 3916
f 3917 4002 4001
f 3918 4002 3917
f 3918 4003 4002
f 3919 4003 3918
f 3919 4004 4003
f 3920 4004 3919
f 3920 4005 4004
f 3921 4005 3920
f 3921 4006 4005
f 3922 4006 3921
f 3922 4007 4006
f 3923 4007 3922
f 3923 4008 4007
f 3924 4008 3923
f 3924 4009 4008
f 3925 4009 3924
f 3925 4010 4009
f 3926 4010 3925
f 3926 4011 4010
f 3927 4011 3926
f 3927 4012 4011
f 3928 4012 3927
f 3928 4013 4012
f 3929 4013 3928
f 3929 4014 4013
f 3930 4014 3929
f 3930 4015 4014
f 3932 4016 3931
f 3932 4017 4016
f 3933 4017 3932
f 3933 4018 4017
f 3934 4018 3933
f 3934 4019 4018
f 3935 4019 3934
f 3935 4020 4019
f 3936 4020 3935
f 3936 4021 4020
f 3937 4021 3936
f 3937 4022 4021
f 3938 4022 3937
f 3938 4023 4022
f 3939 4023 3938
f 3939 4024 4023
f 3940 4024 3939
f 3940 4025 4024
f 3941 4025 3940
f 3941 4026 4025
f 3942 4026 3941
f 3942 4027 4026
f 3943 4027 3942
f 3943 4028 4027
f 3944 4028 3943
f 3944 4029 4028
f 3945 4029 3944
f 3945 4030 4029
f 3946 4030 3945
f 3946 4031 4030
f 3947 4031 3946
f 3947 4032 4031
f 3948 4032 3947
f 3948 4033 4032
f 3949 4033 3948
f 3949 4034 4033
f 3950 4034 3949
f 3950 4035 4034
f 3951 4035 3950
f 3951 4036 4035
f 3953 4038 3952
f 3953 4039 4038
f 3954 4039 3953
f 3954 4040 4039
f 3955 4040 3954
f 3955 4041 4040
f 3956 4041 3955
f 3956 4042 4041
f 3957 4042 3956
f 3957 4043 4042
f 3958 4043 3957
f 3958 4044 4043
f 3959 4044 3958
f 3959 4045 4044
f 3960 4045 3959
f 3960 4046 4045
f 3961 4046 3960
f 3961 4047 4046
f 3962 4047 3961
f 3962 4048 4047
f 3963 4048 3962
f 3963 4049 4048
f 3964 4049 3963
f 3964 4050 4049
f 3965 4050 3964
f 3965 4051 4050
f 3966 4051 3965
f 3966 4052 4051
f 3967 4052 3966
f 3967 4053 4052
f 3968 4053 3967
f 3968 4054 4053
f 3969 4054 3968
f 3969 4055 4054
f 3970 4055 3969
f 3970 4056 4055
f 3971 4056 3970
f 3971 4057 4056
f 3972 4057 3971
f 3972 4058 4057
f 3973 4058 3972
f 3973 4059 4058
f 3974 4059 3973
f 3974 4060 4059
f 3975 4060 3974
f 3975 4061 4060
f 3976 4061 3975
f 3976 4062 4061
f 3977 4062 3976
f 3977 4063 4062
f 3978 4063 3977
f 3978 4064 4063
f 3979 4064 3978
f 3979 4065 4064
f 3980 4065 3979
f 3980 4066 4065
f 3981 4066 3980
f 3981 4067 4066
f 3982 4067 3981
f 3982 4068 4067
f 3983 4068 3982
f 3983 4069 4068
f 3984 4069 3983
f 3984 4070 4069
f 3985 4070 3984
f 3985 4071 4070
f 3986 4071 3985
f 3986 4072 4071
f 3987 4072 3986
f 3987 4073 4072
f 3988 4073 3987
f 3988 4074 4073
f 3989 4074 3988
f 3989 4075 4074
f 3990 4075 3989
f 3990 4076 4075
f 3991 4076 3990
f 3991 4077 4076
f 3992 4077 3991
f 3992 4078 4077
f 3993 4078 3992
f 3993 4079 4078
f 3994 4079 3993
f 3994 4080 4079
f 3995 4080 3994
f 3995 4081 4080
f 3996 4081 3995
f 3996 4082 4081
f 3997 4082 3996
f 3997 4083 4082
f 3998 4083 3997
f 3998 4084 4083
f 3999 4084 3998
f 3999 4085 4084
f 4000 4085 3999
f 4000 4086 4085
f 4001 4086 4000
f 4001 4087 4086
f 4002 4087 4001
f 4002 4088 4087
f 4003 4088 4002
f 4003 4089 4088
f 4004 4089 4003
f 4004 4090 4089
f 4005 4090 4004
f 4005 4091 4090
f 4006 4091 4005
f 4006 4092 4091
f 4007 4092 4006
f 4007 4093 4092
f 4008 4093 4007
f 4008 4094 4093
f 4009 4094 4008
f 4009 4095 4094
f 4010 4095 4009
f 4010 4096 4095
f 4011 4096 4010
f 4011 4097 4096
f 4012 4097 4011
f 4012 4098 4097
f 4013 4098 4012
f 4013 4099 4098
f 4014 4099 4013
f 4014 4100 4099
f 4015 4100 4014
f 4015 4101 4100
f 4017 4102 4016
f 4017 4103 4102
f 4018 4103 4017
f 4018 4104 4103
f 4019 4104 4018
f 4019 4105 4104
f 4020 4105 4019
f 4020 4106 4105
f 4021 4106 4020
f 4021 4107 4106
f 4022 4107 4021
f 4022 4108 4107
f 4023 4108 4022
f 4023 4109 4108
f 4024 4109 4023
f 4024 4110 4109
f 4025 4110 4024
f 4025 4111 4110
f 4026 4111 4025
f 4026 4112 4111
f 4027 4112 4026
f 4027 4113 4112
f 4028 4113 4027
f 4028 4114 4113
f 4029 4114 4028
f 4029 4115 4114
f 4030 4115 4029
f 4030 4116 4115
f 4031 4116 4030
f 4031 4117 4116
f 4032 4117 4031
f 4032 4118 4117
f 4033 4118 4032
f 4033 4119 4118
f 4034 4119 4033
f 4034 4120 4119
f 4035 4120 4034
f 4035 4121 4120
f 4036 4121 4035
f 4036 4122 4121
f 4037 4122 4036
f 4037 4123 4122
f 4039 4125 4038
f 4039 4126 4125
f 4040 4126 4039
f 4040 4127 4126
f 4041 4127 4040
f 4041 4128 4127
f 4042 4128 4041
f 4042 4129 4128
f 4043 4129 4042
f 4043 4130 4129
f 4044 4130 4043
f 4044 4131 4130
f 4045 4131 4044
f 4045 4132 4131
f 4046 4132 4045
f 4046 4133 4132
f 4047 4133 4046
f 4047 4134 4133
f 4048 4134 4047
f 4048 4135 4134
f 4049 4135 4048
f 4049 4136 4135
f 4050 4136 4049
f 4050 4137 4136
f 4051 4137 4050
f 4051 4138 4137
f 4052 4138 4051
f 4052 4139 4138
f 4053 4139 4052
f 4053 4140 4139
f 4054 4140 4053
f 4054 4141 4140
f 4055 4141 4054
f 4055 4142 4141
f 4056 4142 4055
f 4056 4143 4142
f 4057 4143 4056
f 4057 4144 4143
f 4058 4144 4057
f 4058 4145 4144
f 4059 4145 4058
f 4059 4146 4145
f 4060 4146 4059
f 4060 4147 4146
f 4061 4147 4060
f 4061 4148 4147
f 4062 4148 4061
f 4062 4149 4148
f 4063 4149 4062
f 4063 4150 4149
f 4064 4150 4063
f 4064 4151 4150
f 4065 4151 4064
f 4065 4152 4151
f 4066 4152 4065
f 4066 4153 4152
f 4067 4153 4066
f 4067 4154 4153
f 4068 4154 4067
f 4068 4155 4154
f 4069 4155 4068
f 4069 4156 4155
f 4070 4156 4069
f 4070 4157 4156
f 4071 4157 4070
f 4071 4158 4157
f 4072 4158 4071
f 4072 4159 4158
f 4073 4159 4072
f 4073 4160 4159
f 4074 4160 4073
f 4074 4161 4160
f 4075 4161 4074
f 4075 4162 4161
f 4076 4162 4075
f 4076 4163 4162
f 4077 4163 4076
f 4077 4164 4163
f 4078 4164 4077
f 4078 4165 4164
f 4079 4165 4078
f 4079 4166 4165
f 4080 4166 4079
f 4080 4167 4166
f 4081 4167 4080
f 4081 4168 4167
f 4082 4168 4081
f 4082 4169 4168
f 4083 4169 4082
f 4083 4170 4169
f 4084 4170 4083
f 4084 4171 4170
f 4085 4171 4084
f 4085 4172 4171
f 4086 4172 4085
f 4086 4173 4172
f 4087 4173 4086
f 4087 4174 4173
f 4088 4174 4087
f 4088 4175 4174
f 4089 4175 4088
f 4089 4176 4175
f 4090 4176 4089
f 4090 4177 4176
f 4091 4177 4090
f 4091 4178 4177
f 4092 4178 4091
f 4092 4179 4178
f 4093 4179 4092
f 4093 4180 4179
f 4094 4180 4093
f 4094 4181 4180
f 4095 4181 4094
f 4095 4182 4181
f 4096 4182 4095
f 4096 4183 4182
f 4097 4183 4096
f 4097 4184 4183
f 4098 4184 4097
f 4098 4185 4184
f 4099 4185 4098
f 4099 4186 4185
f 4100 4186 4099
f 4100 4187 4186
f 4101 4187 4100
f 4101 4188 4187
f 4103 4189 4102
f 4103 4190 4189
f 4104 4190 4103
f 4104 4191 4190
f 4105 4191 4104
f 4105 4192 4191
f 4106 4192 4105
f 4106 4193 4192
f 4107 4193 4106
f 4107 4194 4193
f 4108 4194 4107
f 4108 4195 4194
f 4109 4195 4108
f 4109 4196 4195
f 4110 4196 4109
f 4110 4197 4196
f 4111 4197 4110
f 4111 4198 4197
f 4112 4198 4111
f 4112 4199 4198
f 4113 4199 4112
f 4113 4200 4199
f 4114 4200 4113
f 4114 4201 4200
f 4115 4201 4114
f 4115 4202 4201
f 4116 4202 4115
f 4116 4203 4202
f 4117 4203 4116
f 4117 4204 4203
f 4118 4204 4117
f 4118 4205 4204
f 4119 4205 4118
f 4119 4206 4205
f 4120 4206 4119
f 4120 4207 4206
f 4121 4207 4120
f 4121 4208 4207
f 4122 4208 4121
f 4122 4209 4208
f 4123 4209 4122
f 4123 4210 4209
f 4124 4210 4123
f 4124 4211 4210
f 4126 4212 4125
f 4126 4213 4212
f 4127 4213 4126
f 4127 4214 4213
f 4128 4214 4127
f 4128 4215 4214
f 4129 4215 4128
f 4129 4216 4215
f 4130 4216 4129
f 4130 4217 4216
f 4131 4217 4130
f 4131 4218 4217
f 4132 4218 4131
f 4132 4219 4218
f 4133 4219 4132
f 4133 4220 4219
f 4134 4220 4133
f 4134 4221 4220
f 4135 4221 4134
f 4135 4222 4221
f 4136 4222 4135
f 4136 4223 4222
f 4137 4223 4136
f 4137 4224 4223
f 4138 4224 4137
f 4138 4225 4224
f 4139 4225 4138
f 4139 4226 4225
f 4140 4226 4139
f 4140 4227 4226
f 4141 4227 4140
f 4141 4228 4227
f 4142 4228 4141
f 4142 4229 4228
f 4143 4229 4142
f 4143 4230 4229
f 4144 4230 4143
f 4144 4231 4230
f 4145 4231 4144
f 4145 4232 4231
f 4146 4232 4145
f 4146 4233 4232
f 4147 4233 4146
f 4147 4234 4233
f 4148 4234 4147
f 4148 4235 4234
f 4149 4235 4148
f 4149 4236 4235
f 4150 4236 4149
f 4150 4237 4236
f 4151 4237 4150
f 4151 4238 4237
f 4152 4238 4151
f 4152 4239 4238
f 4153 4239 4152
f 4153 4240 4239
f 4154 4240 4153
f 4154 4241 4240
f 4155 4241 4154
f 4155 4242 4241
f 4156 4242 4155
f 4156 4243 4242
f 4157 4243 4156
f 4157 4244 4243
f 4158 4244 4157
f 4158 4245 4244
f 4159 4245 4158
f 4159 4246 4245
f 4160 4246 4159
f 4160 4247 4246
f 4161 4247 4160
f 4161 4248 4247
f 4162 4248 4161
f 4162 4249 4248
f 4163 4249 4162
f 4163 4250 4249
f 4164 4250 4163
f 4164 4251 4250
f 4165 4251 4164
f 4165 4252 4251
f 4166 4252 4165
f 4166 4253 4252
f 4167 4253 4166
f 4167 4254 4253
f 4168 4254 4167
f 4168 4255 4254
f 4169 4255 4168
f 4169 4256 4255
f 4170 4256 4169
f 4170 4257 4256
f 4171 4257 4170
f 4171 4258 4257
f 4172 4258 4171
f 4172 4259 4258
f 4173 4259 4172
f 4173 4260 4259
f 4174 4260 4173
f 4174 4261 4260
f 4175 4261 4174
f 4175 4262 4261
f 4176 4262 4175
f 4176 4263 4262
f 4177 4263 4176
f 4177 4264 4263
f 4178 4264 4177
f 4178 4265 4264
f 4179 4265 4178
f 4179 4266 4265
f 4180 4266 4179
f 4180 4267 4266
f 4181 4267 4180
f 4181 4268 4267
f 4182 4268 4181
f 4182 4269 4268
f 4183 4269 4182
f 4183 4270 4269
f 4184 4270 4183
f 4184 4271 4270
f 4185 4271 4184
f 4185 4272 4271
f 4186 4272 4185
f 4186 4273 4272
f 4187 4273 4186
f 4187 4274 4273
f 4188 4274 4187
f 4189 4276 4275
f 4190 4276 4189
f 4190 4277 4276
f 4191 4277 4190
f 4191 4278 4277
f 4192 4278 4191
f 4192 4279 4278
f 4193 4279 4192
f 4193 4280 4279
f 4194 4280 4193
f 4194 4281 4280
f 4195 4281 4194
f 4195 4282 4281
f 4196 4282 4195
f 4196 4283 4282
f 4197 4283 4196
f 4197 4284 4283
f 4198 4284 4197
f 4198 4285 4284
f 4199 4285 4198
f 4199 4286 4285
f 4200 4286 4199
f 4200 4287 4286
f 4201 4287 4200
f 4201 4288 4287
f 4202 4288 4201
f 4202 4289 4288
f 4203 4289 4202
f 4203 4290 4289
f 4204 4290 4203
f 4204 4291 4290
f 4205 4291 4204
f 4205 4292 4291
f 4206 4292 4205
f 4206 4293 4292
f 4207 4293 4206
f 4207 4294 4293
f 4208 4294 4207
f 4208 4295 4294
f 4209 4295 4208
f 4209 4296 4295
f 4210 4296 4209
f 4210 4297 4296
f 4211 4297 4210
f 4211 4298 4297
f 4213 4300 4212
f 4213 4301 4300
f 4214 4301 4213
f 4214 4302 4301
f 4215 4302 4214
f 4215 4303 4302
f 4216 4303 4215
f 4216 4304 4303
f 4217 4304 4216
f 4217 4305 4304
f 4218 4305 4217
f 4218 4306 4305
f 4219 4306 4218
f 4219 4307 4306
f 4220 4307 4219
f 4220 4308 4307
f 4221 4308 4220
f 4221 4309 4308
f 4222 4309 4221
f 4222 4310 4309
f 4223 4310 4222
f 4223 4311 4310
f 4224 4311 4223
f 4224 4312 4311
f 4225 4312 4224
f 4225 4313 4312
f 4226 4313 4225
f 4226 4314 4313
f 4227 4314 4226
f 4227 4315 4314
f 4228 4315 4227
f 4228 4316 4315
f 4229 4316 4228
f 4229 4317 4316
f 4230 4317 4229
f 4230 4318 4317
f 4231 4318 4230
f 4231 4319 4318
f 4232 4319 4231
f 4232 4320 4319
f 4233 4320 4232
f 4233 4321 4320
f 4234 4321 4233
f 4234 4322 4321
f 4235 4322 4234
f 4235 4323 4322
f 4236 4323 4235
f 4236 4324 4323
f 4237 4324 4236
f 4237 4325 4324
f 4238 4325 4237
f 4238 4326 4325
f 4239 4326 4238
f 4239 4327 4326
f 4240 4327 4239
f 4240 4328 4327
f 4241 4328 4240
f 4241 4329 4328
f 4242 4329 4241
f 4242 4330 4329
f 4243 4330 4242
f 4243 4331 4330
f 4244 4331 4243
f 4244 4332 4331
f 4245 4332 4244
f 4245 4333 4332
f 4246 4333 4245
f 4246 4334 4333
f 4247 4334 4246
f 4247 4335 4334
f 4248 4335 4247
f 4248 4336 4335
f 4249 4336 4248
f 4249 4337 4336
f 4250 4337 4249
f 4250 4338 4337
f 4251 4338 4250
f 4251 4339 4338
f 4252 4339 4251
f 4252 4340 4339
f 4253 4340 4252
f 4253 4341 4340
f 4254 4341 4253
f 4254 4342 4341
f 4255 4342 4254
f 4255 4343 4342
f 4256 4343 4255
f 4256 4344 4343
f 4257 4344 4256
f 4257 4345 4344
f 4258 4345 4257
f 4258 4346 4345
f 4259 4346 4258
f 4259 4347 4346
f 4260 4347 4259
f 4260 4348 4347
f 4261 4348 4260
f 4261 4349 4348
f 4262 4349 4261
f 4262 4350 4349
f 4263 4350 4262
f 4263 4351 4350
f 4264 4351 4263
f 4264 4352 4351
f 4265 4352 4264
f 4265 4353 4352
f 4266 4353 4265
f 4266 4354 4353
f 4267 4354 4266
f 4267 4355 4354
f 4268 4355 4267
f 4268 4356 4355
f 4269 4356 4268
f 4269 4357 4356
f 4270 4357 4269
f 4270 4358 4357
f 4271 4358 4270
f 4271 4359 4358
f 4272 4359 4271
f 4272 4360 4359
f 4273 4360 4272
f 4273 4361 4360
f 4274 4361 4273
f 4274 4362 4361
f 4276 4363 4275
f 4276 4364 4363
f 4277 4364 4276
f 4277 4365 4364
f 4278 4365 4277
f 4278 4366 4365
f 4279 4366 4278
f 4279 4367 4366
f 4280 4367 4279
f 4280 4368 4367
f 4281 4368 4280
f 4281 4369 4368
f 4282 4369 4281
f 4282 4370 4369
f 4283 4370 4282
f 4283 4371 4370
f 4284 4371 4283
f 4284 4372 4371
f 4285 4372 4284
f 4285 4373 4372
f 4286 4373 4285
f 4286 4374 4373
f 4287 4374 4286
f 4287 4375 4374
f 4288 4375 4287
f 4288 4376 4375
f 4289 4376 4288
f 4289 4377 4376
f 4290 4377 4289
f 4290 4378 4377
f 4291 4378 4290
f 4291 4379 4378
f 4292 4379 4291
f 4292 4380 4379
f 4293 4380 4292
f 4293 4381 4380
f 4294 4381 4293
f 4294 4382 4381
f 4295 4382 4294
f 4295 4383 4382
f 4296 4383 4295
f 4296 4384 4383
f 4297 4384 4296
f 4297 4385 4384
f 4298 4385 4297
f 4298 4386 4385
f 4299 4386 4298
f 4299 4387 4386
f 4301 4388 4300
f 4301 4389 4388
f 4302 4389 4301
f 4302 4390 4389
f 4303 4390 4302
f 4303 4391 4390
f 4304 4391 4303
f 4304 4392 4391
f 4305 4392 4304
f 4305 4393 4392
f 4306 4393 4305
f 4306 4394 4393
f 4307 4394 4306
f 4307 4395 4394
f 4308 4395 4307
f 4308 4396 4395
f 4309 4396 4308
f 4309 4397 4396
f 4310 4397 4309
f 4310 4398 4397
f 4311 4398 4310
f 4311 4399 4398
f 4312 4399 4311
f 4312 4400 4399
f 4313 4400 4312
f 4313 4401 4400
f 4314 4401 4313
f 4314 4402 4401
f 4315 4402 4314
f 4315 4403 4402
f 4316 4403 4315
f 4316 4404 4403
f 4317 4404 4316
f 4317 4405 4404
f 4318 4405 4317
f 4318 4406 4405
f 4319 4406 4318
f 4319 4407 4406
f 4320 4407 4319
f 4320 4408 4407
f 4321 4408 4320
f 4321 4409 4408
f 4322 4409 4321
f 4322 4410 4409
f 4323 4410 4322
f 4323 4411 4410
f 4324 4411 4323
f 4324 4412 4411
f 4325 4412 4324
f 4325 4413 4412
f 4326 4413 4325
f 4326 4414 4413
f 4327 4414 4326
f 4327 4415 4414
f 4328 4415 4327
f 4328 4416 4415
f 4329 4416 4328
f 4329 4417 4416
f 4330 4417 4329
f 4330 4418 4417
f 4331 4418 4330
f 4331 4419 4418
f 4332 4419 4331
f 4332 4420 4419
f 4333 4420 4332
f 4333 4421 4420
f 4334 4421 4333
f 4334 4422 4421
f 4335 4422 4334
f 4335 4423 4422
f 4336 4423 4335
f 4336 4424 4423
f 4337 4424 4336
f 4337 4425 4424
f 4338 4425 4337
f 4338 4426 4425
f 4339 4426 4338
f 4339 4427 4426
f 4340 4427 4339
f 4340 4428 4427
f 4341 4428 4340
f 4341 4429 4428
f 4342 4429 4341
f 4342 4430 4429
f 4343 4430 4342
f 4343 4431 4430
f 4344 4431 4343
f 4344 4432 4431
f 4345 4432 4344
f 4345 4433 4432
f 4346 4433 4345
f 4346 4434 4433
f 4347 4434 4346
f 4347 4435 4434
f 4348 4435 4347
f 4348 4436 4435
f 4349 4436 4348
f 4349 4437 4436
f 4350 4437 4349
f 4350 4438 4437
f 4351 4438 4350
f 4351 4439 4438
f 4352 4439 4351
f 4352 4440 4439
f 4353 4440 4352
f 4353 4441 4440
f 4354 4441 4353
f 4354 4442 4441
f 4355 4442 4354
f 4355 4443 4442
f 4356 4443 4355
f 4356 4444 4443
f 4357 4444 4356
f 4357 4445 4444
f 4358 4445 4357
f 4358 4446 4445
f 4359 4446 4358
f 4359 4447 4446
f 4360 4447 4359
f 4360 4448 4447
f 4361 4448 4360
f 4361 4449 4448
f 4362 4449 4361
f 4362 4450 4449
f 4364 4451 4363
f 4364 4452 4451
f 4365 4452 4364
f 4365 4453 4452
f 4366 4453 4365
f 4366 4454 4453
f 4367 4454 4366
f 4367 4455 4454
f 4368 4455 4367
f 4368 4456 4455
f 4369 4456 4368
f 4369 4457 4456
f 4370 4457 4369
f 4370 4458 4457
f 4371 4458 4370
f 4371 4459 4458
f 4372 4459 4371
f 4372 4460 4459
f 4373 4460 4372
f 4373 4461 4460
f 4374 4461 4373
f 4374 4462 4461
f 4375 4462 4374
f 4375 4463 4462
f 4376 4463 4375
f 4376 4464 4463
f 4377 4464 4376
f 4377 4465 4464
f 4378 4465 4377
f 4378 4466 4465
f 4379 4466 4378
f 4379 4467 4466
f 4380 4467 4379
f 4380 4468 4467
f 4381 4468 4380
f 4381 4469 4468
f 4382 4469 4381
f 4382 4470 4469
f 4383 4470 4382
f 4383 4471 4470
f 4384 4471 4383
f 4384 4472 4471
f 4385 4472 4384
f 4385 4473 4472
f 4386 4473 4385
f 4386 4474 4473
f 4387 4474 4386
f 4387 4475 4474
f 4389 4476 4388
f 4389 4477 4476
f 4390 4477 4389
f 4390 4478 4477
f 4391 4478 4390
f 4391 4479 4478
f 4392 4479 4391
f 4392 4480 4479
f 4393 4480 4392
f 4393 4481 4480
f 4394 4481 4393
f 4394 4482 4481
f 4395 4482 4394
f 4395 4483 4482
f 4396 4483 4395
f 4396 4484 4483
f 4397 4484 4396
f 4397 4485 4484
f 4398 4485 4397
f 4398 4486 4485
f 4399 4486 4398
f 4399 4487 4486
f 4400 4487 4399
f 4400 4488 4487
f 4401 4488 4400
f 4401 4489 4488
f 4402 4489 4401
f 4402 4490 4489
f 4403 4490 4402
f 4403 4491 4490
f 4404 4491 4403
f 4404 4492 4491
f 4405 4492 4404
f 4405 4493 4492
f 4406 4493 4405
f 4406 4494 4493
f 4407 4494 4406
f 4407 4495 4494
f 4408 4495 4407
f 4408 4496 4495
f 4409 4496 4408
f 4409 4497 4496
f 4410 4497 4409
f 4410 4498 4497
f 4411 4498 4410
f 4411 4499 4498
f 4412 4499 4411
f 4412 4500 4499
f 4413 4500 4412
f 4413 4501 4500
f 4414 4501 4413
f 4414 4502 4501
f 4415 4502 4414
f 4415 4503 4502
f 4416 4503 4415
f 4416 4504 4503
f 4417 4504 4416
f 4417 4505 4504
f 4418 4505 4417
f 4418 4506 4505
f 4419 4506 4418
f 4419 4507 4506
f 4420 4507 4419
f 4420 4508 4507
f 4421 4508 4420
f 4421 4509 4508
f 4422 4509 4421
f 4422 4510 4509
f 4423 4510 4422
f 4423 4511 4510
f 4424 4511 4423
f 4424 4512 4511
f 4425 4512 4424
f 4425 4513 4512
f 4426 4513 4425
f 4426 4514 4513
f 4427 4514 4426
f 4427 4515 4514
f 4428 4515 4427
f 4428 4516 4515
f 4429 4516 4428
f 4429 4517 4516
f 4430 4517 4429
f 4430 4518 4517
f 4431 4518 4430
f 4431 4519 4518
f 4432 4519 4431
f 4432 4520 4519
f 4433 4520 4432
f 4433 4521 4520
f 4434 4521 4433
f 4434 4522 4521
f 4435 4522 4434
f 4435 4523 4522
f 4436 4523 4435
f 4436 4524 4523
f 4437 4524 4436
f 4437 4525 4524
f 4438 4525 4437
f 4438 4526 4525
f 4439 4526 4438
f 4439 4527 4526
f 4440 4527 4439
f 4440 4528 4527
f 4441 4528 4440
f 4441 4529 4528
f 4442 4529 4441
f 4442 4530 4529
f 4443 4530 4442
f 4443 4531 4530
f 4444 4531 4443
f 4444 4532 4531
f 4445 4532 4444
f 4445 4533 4532
f 4446 4533 4445
f 4446 4534 4533
f 4447 4534 4446
f 4447 4535 4534
f 4448 4535 4447
f 4448 4536 4535
f 4449 4536 4448
f 4449 4537 4536
f 4450 4537 4449
f 4450 4538 4537
f 4452 4539 4451
f 4452 4540 4539
f 4453 4540 4452
f 4453 4541 4540
f 4454 4541 4453
f 4454 4542 4541
f 4455 4542 4454
f 4455 4543 4542
f 4456 4543 4455
f 4456 4544 4543
f 4457 4544 4456
f 4457 4545 4544
f 4458 4545 4457
f 4458 4546 4545
f 4459 4546 4458
f 4459 4547 4546
f 4460 4547 4459
f 4460 4548 4547
f 4461 4548 4460
f 4461 4549 4548
f 4462 4549 4461
f 4462 4550 4549
f 4463 4550 4462
f 4463 4551 4550
f 4464 4551 4463
f 4464 4552 4551
f 4465 4552 4464
f 4465 4553 4552
f 4466 4553 4465
f 4466 4554 4553
f 4467 4554 4466
f 4467 4555 4554
f 4468 4555 4467
f 4468 4556 4555
f 4469 4556 4468
f 4469 4557 4556
f 4470 4557 4469
f 4470 4558 4557
f 4471 4558 4470
f 4471 4559 4558
f 4472 4559 4471
f 4472 4560 4559
f 4473 4560 4472
f 4473 4561 4560
f 4474 4561 4473
f 4474 4562 4561
f 4475 4562 4474
f 4475 4563 4562
f 4477 4564 4476
f 4477 4565 4564
f 4478 4565 4477
f 4478 4566 4565
f 4479 4566 4478
f 4479 4567 4566
f 4480 4567 4479
f 4480 4568 4567
f 4481 4568 4480
f 4481 4569 4568
f 4482 4569 4481
f 4482 4570 4569
f 4483 4570 4482
f 4483 4571 4570
f 4484 4571 4483
f 4484 4572 4571
f 4485 4572 4484
f 4485 4573 4572
f 4486 4573 4485
f 4486 4574 4573
f 4487 4574 4486
f 4487 4575 4574
f 4488 4575 4487
f 4488 4576 4575
f 4489 4576 4488
f 4489 4577 4576
f 4490 4577 4489
f 4490 4578 4577
f 4491 4578 4490
f 4491 4579 4578
f 4492 4579 4491
f 4492 4580 4579
f 4493 4580 4492
f 4493 4581 4580
f 4494 4581 4493
f 4494 4582 4581
f 4495 4582 4494
f 4495 4583 4582
f 4496 4583 4495
f 4496 4584 4583
f 4497 4584 4496
f 4497 4585 4584
f 4498 4585 4497
f 4498 4586 4585
f 4499 4586 4498
f 4499 4587 4586
f 4500 4587 4499
f 4500 4588 4587
f 4501 4588 4500
f 4501 4589 4588
f 4502 4589 4501
f 4502 4590 4589
f 4503 4590 4502
f 4503 4591 4590
f 4504 4591 4503
f 4504 4592 4591
f 4505 4592 4504
f 4505 4593 4592
f 4506 4593 4505
f 4506 4594 4593
f 4507 4594 4506
f 4507 4595 4594
f 4508 4595 4507
f 4508 4596 4595
f 4509 4596 4508
f 4509 4597 4596
f 4510 4597 4509
f 4510 4598 4597
f 4511 4598 4510
f 4511 4599 4598
f 4512 4599 4511
f 4512 4600 4599
f 4513 4600 4512
f 4513 4601 4600
f 4514 4601 4513
f 4514 4602 4601
f 4515 4602 4514
f 4515 4603 4602
f 4516 4603 4515
f 4516 4604 4603
f 4517 4604 4516
f 4517 4605 4604
f 4518 4605 4517
f 4518 4606 4605
f 4519 4606 4518
f 4519 4607 4606
f 4520 4607 4519
f 4520 4608 4607
f 4521 4608 4520
f 4521 4609 4608
f 4522 4609 4521
f 4522 4610 4609
f 4523 4610 4522
f 4523 4611 4610
f 4524 4611 4523
f 4524 4612 4611
f 4525 4612 4524
f 4525 4613 4612
f 4526 4613 4525
f 4526 4614 4613
f 4527 4614 4526
f 4527 4615 4614
f 4528 4615 4527
f 4528 4616 4615
f 4529 4616 4528
f 4529 4617 4616
f 4530 4617 4529
f 4530 4618 4617
f 4531 4618 4530
f 4531 4619 4618
f 4532 4619 4531
f 4532 4620 4619
f 4533 4620 4532
f 4533 4621 4620
f 4534 4621 4533
f 4534 4622 4621
f 4535 4622 4534
f 4535 4623 4622
f 4536 4623 4535
f 4536 4624 4623
f 4537 4624 4536
f 4537 4625 4624
f 4538 4625 4537
f 4539 4627 4626
f 4540 4627 4539
f 4540 4628 4627
f 4541 4628 4540
f 4541 4629 4628
f 4542 4629 4541
f 4542 4630 4629
f 4543 4630 4542
f 4543 4631 4630
f 4544 4631 4543
f 4544 4632 4631
f 4545 4632 4544
f 4545 4633 4632
f 4546 4633 4545
f 4546 4634 4633
f 4547 4634 4546
f 4547 4635 4634
f 4548 4635 4547
f 4548 4636 4635
f 4549 4636 4548
f 4549 4637 4636
f 4550 4637 4549
f 4550 4638 4637
f 4551 4638 4550
f 4551 4639 4638
f 4552 4639 4551
f 4552 4640 4639
f 4553 4640 4552
f 4553 4641 4640
f 4554 4641 4553
f 4554 4642 4641
f 4555 4642 4554
f 4555 4643 4642
f 4556 4643 4555
f 4556 4644 4643
f 4557 4644 4556
f 4557 4645 4644
f 4558 4645 4557
f 4558 4646 4645
f 4559 4646 4558
f 4559 4647 4646
f 4560 4647 4559
f 4560 4648 4647
f 4561 4648 4560
f 4561 4649 4648
f 4562 4649 4561
f 4562 4650 4649
f 4563 4650 4562
f 4563 4651 4650
f 4565 4652 4564
f 4565 4653 4652
f 4566 4653 4565
f 4566 4654 4653
f 4567 4654 4566
f 4567 4655 4654
f 4568 4655 4567
f 4568 4656 4655
f 4569 4656 4568
f 4569 4657 4656
f 4570 4657 4569
f 4570 4658 4657
f 4571 4658 4570
f 4571 4659 4658
f 4572 4659 4571
f 4572 4660 4659
f 4573 4660 4572
f 4573 4661 4660
f 4574 4661 4573
f 4574 4662 4661
f 4575 4662 4574
f 4575 4663 4662
f 4576 4663 4575
f 4576 4664 4663
f 4577 4664 4576
f 4577 4665 4664
f 4578 4665 4577
f 4578 4666 4665
f 4579 4666 4578
f 4579 4667 4666
f 4580 4667 4579
f 4580 4668 4667
f 4581 4668 4580
f 4581 4669 4668
f 4582 4669 4581
f 4582 4670 4669
f 4583 4670 4582
f 4583 4671 4670
f 4584 4671 4583
f 4584 4672 4671
f 4585 4672 4584
f 4585 4673 4672
f 4586 4673 4585
f 4586 4674 4673
f 4587 4674 4586
f 4587 4675 4674
f 4588 4675 4587
f 4588 4676 4675
f 4589 4676 4588
f 4589 4677 4676
f 4590 4677 4589
f 4590 4678 4677
f 4591 4678 4590
f 4591 4679 4678
f 4592 4679 4591
f 4592 4680 4679
f 4593 4680 4592
f 4593 4681 4680
f 4594 4681 4593
f 4594 4682 4681
f 4595 4682 4594
f 4595 4683 4682
f 4596 4683 4595
f 4596 4684 4683
f 4597 4684 4596
f 4597 4685 4684
f 4598 4685 4597
f 4598 4686 4685
f 4599 4686 4598
f 4599 4687 4686
f 4600 4687 4599
f 4600 4688 4687
f 4601 4688 4600
f 4601 4689 4688
f 4602 4689 4601
f 4602 4690 4689
f 4603 4690 4602
f 4603 4691 4690
f 4604 4691 4603
f 4604 4692 4691
f 4605 4692 4604
f 4605 4693 4692
f 4606 4693 4605
f 4606 4694 4693
f 4607 4694 4606
f 4607 4695 4694
f 4608 4695 4607
f 4608 4696 4695
f 4609 4696 4608
f 4609 4697 4696
f 4610 4697 4609
f 4610 4698 4697
f 4611 4698 4610
f 4611 4699 4698
f 4612 4699 4611
f 4612 4700 4699
f 4613 4700 4612
f 4613 4701 4700
f 4614 4701 4613
f 4614 4702 4701
f 4615 4702 4614
f 4615 4703 4702
f 4616 4703 4615
f 4616 4704 4703
f 4617 4704 4616
f 4617 4705 4704
f 4618 4705 4617
f 4618 4706 4705
f 4619 4706 4618
f 4619 4707 4706
f 4620 4707 4619
f 4620 4708 4707
f 4621 4708 4620
f 4621 4709 4708
f 4622 4709 4621
f 4622 4710 4709
f 4623 4710 4622
f 4623 4711 4710
f 4624 4711 4623
f 4624 4712 4711
f 4625 4712 4624
f 4625 4713 4712
f 4627 4714 4626
f 4627 4715 4714
f 4628 4715 4627
f 4628 4716 4715
f 4629 4716 4628
f 4629 4717 4716
f 4630 4717 4629
f 4630 4718 4717
f 4631 4718 4630
f 4631 4719 4718
f 4632 4719 4631
f 4632 4720 4719
f 4633 4720 4632
f 4633 4721 4720
f 4634 4721 4633
f 4634 4722 4721
f 4635 4722 4634
f 4635 4723 4722
f 4636 4723 4635
f 4636 4724 4723
f 4637 4724 4636
f 4637 4725 4724
f 4638 4725 4637
f 4638 4726 4725
f 4639 4726 4638
f 4639 4727 4726
f 4640 4727 4639
f 4640 4728 4727
f 4641 4728 4640
f 4641 4729 4728
f 4642 4729 4641
f 4642 4730 4729
f 4643 4730 4642
f 4643 4731 4730
f 4644 4731 4643
f 4644 4732 4731
f 4645 4732 4644
f 4645 4733 4732
f 4646 4733 4645
f 4646 4734 4733
f 4647 4734 4646
f 4647 4735 4734
f 4648 4735 4647
f 4648 4736 4735
f 4649 4736 4648
f 4649 4737 4736
f 4650 4737 4649
f 4650 4738 4737
f 4651 4738 4650
f 4651 4739 4738
f 4653 4740 4652
f 4653 4741 4740
f 4654 4741 4653
f 4654 4742 4741
f 4655 4742 4654
f 4655 4743 4742
f 4656 4743 4655
f 4656 4744 4743
f 4657 4744 4656
f 4657 4745 4744
f 4658 4745 4657
f 4658 4746 4745
f 4659 4746 4658
f 4659 4747 4746
f 4660 4747 4659
f 4660 4748 4747
f 4661 4748 4660
f 4661 4749 4748
f 4662 4749 4661
f 4662 4750 4749
f 4663 4750 4662
f 4663 4751 4750
f 4664 4751 4663
f 4664 4752 4751
f 4665 4752 4664
f 4665 4753 4752
f 4666 4753 4665
f 4666 4754 4753
f 4667 4754 4666
f 4667 4755 4754
f 4668 4755 4667
f 4668 4756 4755
f 4669 4756 4668
f 4669 4757 4756
f 4670 4757 4669
f 4670 4758 4757
f 4671 4758 4670
f 4671 4759 4758
f 4672 4759 4671
f 4672 4760 4759
f 4673 4760 4672
f 4673 4761 4760
f 4674 4761 4673
f 4674 4762 4761
f 4675 4762 4674
f 4675 4763 4762
f 4676 4763 4675
f 4676 4764 4763
f 4677 4764 4676
f 4677 4765 4764
f 4678 4765 4677
f 4678 4766 4765
f 4679 4766 4678
f 4679 4767 4766
f 4680 4767 4679
f 4680 4768 4767
f 4681 4768 4680
f 4681 4769 4768
f 4682 4769 4681
f 4682 4770 4769
f 4683 4770 4682
f 4683 4771 4770
f 4684 4771 4683
f 4684 4772 4771
f 4685 4772 4684
f 4685 4773 4772
f 4686 4773 4685
f 4686 4774 4773
f 4687 4774 4686
f 4687 4775 4774
f 4688 4775 4687
f 4688 4776 4775
f 4689 4776 4688
f 4689 4777 4776
f 4690 4777 4689
f 4690 4778 4777
f 4691 4778 4690
f 4691 4779 4778
f 4692 4779 4691
f 4692 4780 4779
f 4693 4780 4692
f 4693 4781 4780
f 4694 4781 4693
f 4694 4782 4781
f 4695 4782 4694
f 4695 4783 4782
f 4696 4783 4695
f 4696 4784 4783
f 4697 4784 4696
f 4697 4785 4784
f 4698 4785 4697
f 4698 4786 4785
f 4699 4786 4698
f 4699 4787 4786
f 4700 4787 4699
f 4700 4788 4787
f 4701 4788 4700
f 4701 4789 4788
f 4702 4789 4701
f 4702 4790 4789
f 4703 4790 4702
f 4703 4791 4790
f 4704 4791 4703
f 4704 4792 4791
f 4705 4792 4704
f 4705 4793 4792
f 4706 4793 4705
f 4706 4794 4793
f 4707 4794 4706
f 4707 4795 4794
f 4708 4795 4707
f 4708 4796 4795
f 4709 4796 4708
f 4709 4797 4796
f 4710 4797 4709
f 4710 4798 4797
f 4711 4798 4710
f 4711 4799 4798
f 4712 4799 4711
f 4712 4800 4799
f 4713 4800 4712
f 4713 4801 4800
f 4715 4802 4714
f 4715 4803 4802
f 4716 4803 4715
f 4716 4804 4803
f 4717 4804 4716
f 4717 4805 4804
f 4718 4805 4717
f 4718 4806 4805
f 4719 4806 4718
f 4719 4807 4806
f 4720 4807 4719
f 4720 4808 4807
f 4721 4808 4720
f 4721 4809 4808
f 4722 4809 4721
f 4722 4810 4809
f 4723 4810 4722
f 4723 4811 4810
f 4724 4811 4723
f 4724 4812 4811
f 4725 4812 4724
f 4725 4813 4812
f 4726 4813 4725
f 4726 4814 4813
f 4727 4814 4726
f 4727 4815 4814
f 4728 4815 4727
f 4728 4816 4815
f 4729 4816 4728
f 4729 4817 4816
f 4730 4817 4729
f 4730 4818 4817
f 4731 4818 4730
f 4731 4819 4818
f 4732 4819 4731
f 4732 4820 4819
f 4733 4820 4732
f 4733 4821 4820
f 4734 4821 4733
f 4734 4822 4821
f 4735 4822 4734
f 4735 4823 4822
f 4736 4823 4735
f 4736 4824 4823
f 4737 4824 4736
f 4737 4825 4824
f 4738 4825 4737
f 4738 4826 4825
f 4739 4826 4738
f 4739 4827 4826
f 4741 4828 4740
f 4741 4829 4828
f 4742 4829 4741
f 4742 4830 4829
f 4743 4830 4742
f 4743 4831 4830
f 4744 4831 4743
f 4744 4832 4831
f 4745 4832 4744
f 4745 4833 4832
f 4746 4833 4745
f 4746 4834 4833
f 4747 4834 4746
f 4747 4835 4834
f 4748 4835 4747
f 4748 4836 4835
f 4749 4836 4748
f 4749 4837 4836
f 4750 4837 4749
f 4750 4838 4837
f 4751 4838 4750
f 4751 4839 4838
f 4752 4839 4751
f 4752 4840 4839
f 4753 4840 4752
f 4753 4841 4840
f 4754 4841 4753
f 4754 4842 4841
f 4755 4842 4754
f 4755 4843 4842
f 4756 4843 4755
f 4756 4844 4843
f 4757 4844 4756
f 4757 4845 4844
f 4758 4845 4757
f 4758 4846 4845
f 4759 4846 4758
f 4759 4847 4846
f 4760 4847 4759
f 4760 4848 4847
f 4761 4848 4760
f 4761 4849 4848
f 4762 4849 4761
f 4762 4850 4849
f 4763 4850 4762
f 4763 4851 4850
f 4764 4851 4763
f 4764 4852 4851
f 4765 4852 4764
f 4765 4853 4852
f 4766 4853 4765
f 4766 4854 4853
f 4767 4854 4766
f 4767 4855 4854
f 4768 4855 4767
f 4768 4856 4855
f 4769 4856 4768
f 4769 4857 4856
f 4770 4857 4769
f 4770 4858 4857
f 4771 4858 4770
f 4771 4859 4858
f 4772 4859 4771
f 4772 4860 4859
f 4773 4860 4772
f 4773 4861 4860
f 4774 4861 4773
f 4774 4862 4861
f 4775 4862 4774
f 4775 4863 4862
f 4776 4863 4775
f 4776 4864 4863
f 4777 4864 4776
f 4777 4865 4864
f 4778 4865 4777
f 4778 4866 4865
f 4779 4866 4778
f 4779 4867 4866
f 4780 4867 4779
f 4780 4868 4867
f 4781 4868 4780
f 4781 4869 4868
f 4782 4869 4781
f 4782 4870 4869
f 4783 4870 4782
f 4783 4871 4870
f 4784 4871 4783
f 4784 4872 4871
f 4785 4872 4784
f 4785 4873 4872
f 4786 4873 4785
f 4786 4874 4873
f 4787 4874 4786
f 4787 4875 4874
f 4788 4875 4787
f 4788 4876 4875
f 4789 4876 4788
f 4789 4877 4876
f 4790 4877 4789
f 4790 4878 4877
f 4791 4878 4790
f 4791 4879 4878
f 4792 4879 4791
f 4792 4880 4879
f 4793 4880 4792
f 4793 4881 4880
f 4794 4881 4793
f 4794 4882 4881
f 4795 4882 4794
f 4795 4883 4882
f 4796 4883 4795
f 4796 4884 4883
f 4797 4884 4796
f 4797 4885 4884
f 4798 4885 4797
f 4798 4886 4885
f 4799 4886 4798
f 4799 4887 4886
f 4800 4887 4799
f 4800 4888 4887
f 4801 4888 4800
f 4802 4890 4889
f 4803 4890 4802
f 4803 4891 4890
f 4804 4891 4803
f 4804 4892 4891
f 4805 4892 4804
f 4805 4893 4892
f 4806 4893 4805
f 4806 4894 4893
f 4807 4894 4806
f 4807 4895 4894
f 4808 4895 4807
f 4808 4896 4895
f 4809 4896 4808
f 4809 4897 4896
f 4810 4897 4809
f 4810 4898 4897
f 4811 4898 4810
f 4811 4899 4898
f 4812 4899 4811
f 4812 4900 4899
f 4813 4900 4812
f 4813 4901 4900
f 4814 4901 4813
f 4814 4902 4901
f 4815 4902 4814
f 4815 4903 4902
f 4816 4903 4815
f 4816 4904 4903
f 4817 4904 4816
f 4817 4905 4904
f 4818 4905 4817
f 4818 4906 4905
f 4819 4906 4818
f 4819 4907 4906
f 4820 4907 4819
f 4820 4908 4907
f 4821 4908 4820
f 4821 4909 4908
f 4822 4909 4821
f 4822 4910 4909
f 4823 4910 4822
f 4823 4911 4910
f 4824 4911 4823
f 4824 4912 4911
f 4825 4912 4824
f 4825 4913 4912
f 4826 4913 4825
f 4826 4914 4913
f 4827 4914 4826
f 4829 4915 4828
f 4829 4916 4915
f 4830 4916 4829
f 4830 4917 4916
f 4831 4917 4830
f 4831 4918 4917
f 4832 4918 4831
f 4832 4919 4918
f 4833 4919 4832
f 4833 4920 4919
f 4834 4920 4833
f 4834 4921 4920
f 4835 4921 4834
f 4835 4922 4921
f 4836 4922 4835
f 4836 4923 4922
f 4837 4923 4836
f 4837 4924 4923
f 4838 4924 4837
f 4838 4925 4924
f 4839 4925 4838
f 4839 4926 4925
f 4840 4926 4839
f 4840 4927 4926
f 4841 4927 4840
f 4841 4928 4927
f 4842 4928 4841
f 4842 4929 4928
f 4843 4929 4842
f 4843 4930 4929
f 4844 4930 4843
f 4844 4931 4930
f 4845 4931 4844
f 4845 4932 4931
f 4846 4932 4845
f 4846 4933 4932
f 4847 4933 4846
f 4847 4934 4933
f 4848 4934 4847
f 4848 4935 4934
f 4849 4935 4848
f 4849 4936 4935
f 4850 4936 4849
f 4850 4937 4936
f 4851 4937 4850
f 4851 4938 4937
f 4852 4938 4851
f 4852 4939 4938
f 4853 4939 4852
f 4853 4940 4939
f 4854 4940 4853
f 4854 4941 4940
f 4855 4941 4854
f 4855 4942 4941
f 4856 4942 4855
f 4856 4943 4942
f 4857 4943 4856
f 4857 4944 4943
f 4858 4944 4857
f 4858 4945 4944
f 4859 4945 4858
f 4859 4946 4945
f 4860 4946 4859
f 4860 4947 4946
f 4861 4947 4860
f 4861 4948 4947
f 4862 4948 4861
f 4862 4949 4948
f 4863 4949 4862
f 4863 4950 4949
f 4864 4950 4863
f 4864 4951 4950
f 4865 4951 4864
f 4865 4952 4951
f 4866 4952 4865
f 4866 4953 4952
f 4867 4953 4866
f 4867 4954 4953
f 4868 4954 4867
f 4868 4955 4954
f 4869 4955 4868
f 4869 4956 4955
f 4870 4956 4869
f 4870 4957 4956
f 4871 4957 4870
f 4871 4958 4957
f 4872 4958 4871
f 4872 4959 4958
f 4873 4959 4872
f 4873 4960 4959
f 4874 4960 4873
f 4874 4961 4960
f 4875 4961 4874
f 4875 4962 4961
f 4876 4962 4875
f 4876 4963 4962
f 4877 4963 4876
f 4877 4964 4963
f 4878 4964 4877
f 4878 4965 4964
f 4879 4965 4878
f 4879 4966 4965
f 4880 4966 4879
f 4880 4967 4966
f 4881 4967 4880
f 4881 4968 4967
f 4882 4968 4881
f 4882 4969 4968
f 4883 4969 4882
f 4883 4970 4969
f 4884 4970 4883
f 4884 4971 4970
f 4885 4971 4884
f 4885 4972 4971
f 4886 4972 4885
f 4886 4973 4972
f 4887 4973 4886
f 4887 4974 4973
f 4888 4974 4887
f 4888 4975 4974
f 4890 4976 4889
f 4890 4977 4976
f 4891 4977 4890
f 4891 4978 4977
f 4892 4978 4891
f 4892 4979 4978
f 4893 4979 4892
f 4893 4980 4979
f 4894 4980 4893
f 4894 4981 4980
f 4895 4981 4894
f 4895 4982 4981
f 4896 4982 4895
f 4896 4983 4982
f 4897 4983 4896
f 4897 4984 4983
f 4898 4984 4897
f 4898 4985 4984
f 4899 4985 4898
f 4899 4986 4985
f 4900 4986 4899
f 4900 4987 4986
f 4901 4987 4900
f 4901 4988 4987
f 4902 4988 4901
f 4902 4989 4988
f 4903 4989 4902
f 4903 4990 4989
f 4904 4990 4903
f 4904 4991 4990
f 4905 4991 4904
f 4905 4992 4991
f 4906 4992 4905
f 4906 4993 4992
f 4907 4993 4906
f 4907 4994 4993
f 4908 4994 4907
f 4908 4995 4994
f 4909 4995 4908
f 4909 4996 4995
f 4910 4996 4909
f 4910 4997 4996
f 4911 4997 4910
f 4911 4998 4997
f 4912 4998 4911
f 4912 4999 4998
f 4913 4999 4912
f 4913 5000 4999
f 4914 5000 4913
f 4914 5001 5000
f 4915 5003 5002
f 4916 5003 4915
f 4917 5004 4916
f 4917 5005 5004
f 4918 5005 4917
f 4918 5006 5005
f 4919 5006 4918
f 4919 5007 5006
f 4920 5007 4919
f 4920 5008 5007
f 4921 5008 4920
f 4921 5009 5008
f 4922 5009 4921
f 4922 5010 5009
f 4923 5010 4922
f 4923 5011 5010
f 4924 5011 4923
f 4924 5012 5011
f 4925 5012 4924
f 4925 5013 5012
f 4926 5013 4925
f 4926 5014 5013
f 4927 5014 4926
f 4927 5015 5014
f 4928 5015 4927
f 4928 5016 5015
f 4929 5016 4928
f 4929 5017 5016
f 4930 5017 4929
f 4930 5018 5017
f 4931 5018 4930
f 4931 5019 5018
f 4932 5019 4931
f 4932 5020 5019
f 4933 5020 4932
f 4933 5021 5020
f 4934 5021 4933
f 4934 5022 5021
f 4935 5022 4934
f 4935 5023 5022
f 4936 5023 4935
f 4936 5024 5023
f 4937 5024 4936
f 4937 5025 5024
f 4938 5025 4937
f 4938 5026 5025
f 4939 5026 4938
f 4939 5027 5026
f 4940 5027 4939
f 4940 5028 5027
f 4941 5028 4940
f 4941 5029 5028
f 4942 5029 4941
f 4942 5030 5029
f 4943 5030 4942
f 4943 5031 5030
f 4944 5031 4943
f 4944 5032 5031
f 4945 5032 4944
f 4945 5033 5032
f 4946 5033 4945
f 4946 5034 5033
f 4947 5034 4946
f 4947 5035 5034
f 4948 5035 4947
f 4948 5036 5035
f 4949 5036 4948
f 4949 5037 5036
f 4950 5037 4949
f 4950 5038 5037
f 4951 5038 4950
f 4951 5039 5038
f 4952 5039 4951
f 4952 5040 5039
f 4953 5040 4952
f 4953 5041 5040
f 4954 5041 4953
f 4954 5042 5041
f 4955 5042 4954
f 4955 5043 5042
f 4956 5043 4955
f 4956 5044 5043
f 4957 5044 4956
f 4957 5045 5044
f 4958 5045 4957
f 4958 5046 5045
f 4959 5046 4958
f 4959 5047 5046
f 4960 5047 4959
f 4960 5048 5047
f 4961 5048 4960
f 4961 5049 5048
f 4962 5049 4961
f 4962 5050 5049
f 4963 5050 4962
f 4963 5051 5050
f 4964 5051 4963
f 4964 5052 5051
f 4965 5052 4964
f 4965 5053 5052
f 4966 5053 4965
f 4966 5054 5053
f 4967 5054 4966
f 4967 5055 5054
f 4968 5055 4967
f 4968 5056 5055
f 4969 5056 4968
f 4969 5057 5056
f 4970 5057 4969
f 4970 5058 5057
f 4971 5058 4970
f 4971 5059 5058
f 4972 5059 4971
f 4972 5060 5059
f 4973 5060 4972
f 4973 5061 5060
f 4974 5061 4973
f 4974 5062 5061
f 4975 5062 4974
f 4975 5063 5062
f 4977 5064 4976
f 4977 5065 5064
f 4978 5065 4977
f 4978 5066 5065
f 4979 5066 4978
f 4979 5067 5066
f 4980 5067 4979
f 4980 5068 5067
f 4981 5068 4980
f 4981 5069 5068
f 4982 5069 4981
f 4982 5070 5069
f 4983 5070 4982
f 4983 5071 5070
f 4984 5071 4983
f 4984 5072 5071
f 4985 5072 4984
f 4985 5073 5072
f 4986 5073 4985
f 4986 5074 5073
f 4987 5074 4986
f 4987 5075 5074
f 4988 5075 4987
f 4988 5076 5075
f 4989 5076 4988
f 4989 5077 5076
f 4990 5077 4989
f 4990 5078 5077
f 4991 5078 4990
f 4991 5079 5078
f 4992 5079 4991
f 4992 5080 5079
f 4993 5080 4992
f 4993 5081 5080
f 4994 5081 4993
f 4994 5082 5081
f 4995 5082 4994
f 4995 5083 5082
f 4996 5083 4995
f 4996 5084 5083
f 4997 5084 4996
f 4997 5085 5084
f 4998 5085 4997
f 4998 5086 5085
f 4999 5086 4998
f 4999 5087 5086
f 5000 5087 4999
f 5000 5088 5087
f 5001 5088 5000
f 5003 5089 5002
f 5003 5090 5089
f 5005 5091 5004
f 5005 5092 5091
f 5006 5092 5005
f 5006 5093 5092
f 5007 5093 5006
f 5007 5094 5093
f 5008 5094 5007
f 5008 5095 5094
f 5009 5095 5008
f 5009 5096 5095
f 5010 5096 5009
f 5010 5097 5096
f 5011 5097 5010
f 5011 5098 5097
f 5012 5098 5011
f 5012 5099 5098
f 5013 5099 5012
f 5013 5100 5099
f 5014 5100 5013
f 5014 5101 5100
f 5015 5101 5014
f 5015 5102 5101
f 5016 5102 5015
f 5016 5103 5102
f 5017 5103 5016
f 5017 5104 5103
f 5018 5104 5017
f 5018 5105 5104
f 5019 5105 5018
f 5019 5106 5105
f 5020 5106 5019
f 5020 5107 5106
f 5021 5107 5020
f 5021 5108 5107
f 5022 5108 5021
f 5022 5109 5108
f 5023 5109 5022
f 5023 5110 5109
f 5024 5110 5023
f 5024 5111 5110
f 5025 5111 5024
f 5025 5112 5111
f 5026 5112 5025
f 5026 5113 5112
f 5027 5113 5026
f 5027 5114 5113
f 5028 5114 5027
f 5028 5115 5114
f 5029 5115 5028
f 5029 5116 5115
f 5030 5116 5029
f 5030 5117 5116
f 5031 5117 5030
f 5031 5118 5117
f 5032 5118 5031
f 5032 5119 5118
f 5033 5119 5032
f 5033 5120 5119
f 5034 5120 5033
f 5034 5121 5120
f 5035 5121 5034
f 5035 5122 5121
f 5036 5122 5035
f 5036 5123 5122
f 5037 5123 5036
f 5037 5124 5123
f 5038 5124 5037
f 5038 5125 5124
f 5039 5125 5038
f 5039 5126 5125
f 5040 5126 5039
f 5040 5127 5126
f 5041 5127 5040
f 5041 5128 5127
f 5042 5128 5041
f 5042 5129 5128
f 5043 5129 5042
f 5043 5130 5129
f 5044 5130 5043
f 5044 5131 5130
f 5045 5131 5044
f 5045 5132 5131
f 5046 5132 5045
f 5046 5133 5132
f 5047 5133 5046
f 5047 5134 5133
f 5048 5134 5047
f 5048 5135 5134
f 5049 5135 5048
f 5049 5136 5135
f 5050 5136 5049
f 5050 5137 5136
f 5051 5137 5050
f 5051 5138 5137
f 5052 5138 5051
f 5052 5139 5138
f 5053 5139 5052
f 5053 5140 5139
f 5054 5140 5053
f 5054 5141 5140
f 5055 5141 5054
f 5055 5142 5141
f 5056 5142 5055
f 5056 5143 5142
f 5057 5143 5056
f 5057 5144 5143
f 5058 5144 5057
f 5058 5145 5144
f 5059 5145 5058
f 5059 5146 5145
f 5060 5146 5059
f 5060 5147 5146
f 5061 5147 5060
f 5061 5148 5147
f 5062 5148 5061
f 5062 5149 5148
f 5063 5149 5062
f 5064 5151 5150
f 5065 5151 5064
f 5065 5152 5151
f 5066 5152 5065
f 5066 5153 5152
f 5067 5153 5066
f 5067 5154 5153
f 5068 5154 5067
f 5068 5155 5154
f 5069 5155 5068
f 5069 5156 5155
f 5070 5156 5069
f 5070 5157 5156
f 5071 5157 5070
f 5071 5158 5157
f 5072 5158 5071
f 5072 5159 5158
f 5073 5159 5072
f 5073 5160 5159
f 5074 5160 5073
f 5074 5161 5160
f 5075 5161 5074
f 5075 5162 5161
f 5076 5162 5075
f 5076 5163 5162
f 5077 5163 5076
f 5077 5164 5163
f 5078 5164 5077
f 5078 5165 5164
f 5079 5165 5078
f 5079 5166 5165
f 5080 5166 5079
f 5080 5167 5166
f 5081 5167 5080
f 5081 5168 5167
f 5082 5168 5081
f 5082 5169 5168
f 5083 5169 5082
f 5083 5170 5169
f 5084 5170 5083
f 5084 5171 5170
f 5085 5171 5084
f 5085 5172 5171
f 5086 5172 5085
f 5086 5173 5172
f 5087 5173 5086
f 5087 5174 5173
f 5088 5174 5087
f 5088 5175 5174
f 5092 5176 5091
f 5092 5177 5176
f 5093 5177 5092
f 5093 5178 5177
f 5094 5178 5093
f 5094 5179 5178
f 5095 5179 5094
f 5095 5180 5179
f 5096 5180 5095
f 5096 5181 5180
f 5097 5181 5096
f 5097 5182 5181
f 5098 5182 5097
f 5098 5183 5182
f 5099 5183 5098
f 5099 5184 5183
f 5100 5184 5099
f 5100 5185 5184
f 5101 5185 5100
f 5101 5186 5185
f 5102 5186 5101
f 5102 5187 5186
f 5103 5187 5102
f 5103 5188 5187
f 5104 5188 5103
f 5104 5189 5188
f 5105 5189 5104
f 5105 5190 5189
f 5106 5190 5105
f 5106 5191 5190
f 5107 5191 5106
f 5107 5192 5191
f 5108 5192 5107
f 5108 5193 5192
f 5109 5193 5108
f 5109 5194 5193
f 5110 5194 5109
f 5110 5195 5194
f 5111 5195 5110
f 5111 5196 5195
f 5112 5196 5111
f 5112 5197 5196
f 5113 5197 5112
f 5113 5198 5197
f 5114 5198 5113
f 5114 5199 5198
f 5115 5199 5114
f 5115 5200 5199
f 5116 5200 5115
f 5116 5201 5200
f 5117 5201 5116
f 5117 5202 5201
f 5118 5202 5117
f 5118 5203 5202
f 5119 5203 5118
f 5119 5204 5203
f 5120 5204 5119
f 5120 5205 5204
f 5121 5205 5120
f 5121 5206 5205
f 5122 5206 5121
f 5122 5207 5206
f 5123 5207 5122
f 5123 5208 5207
f 5124 5208 5123
f 5124 5209 5208
f 5125 5209 5124
f 5125 5210 5209
f 5126 5210 5125
f 5126 5211 5210
f 5127 5211 5126
f 5127 5212 5211
f 5128 5212 5127
f 5128 5213 5212
f 5129 5213 5128
f 5129 5214 5213
f 5130 5214 5129
f 5130 5215 5214
f 5131 5215 5130
f 5131 5216 5215
f 5132 5216 5131
f 5132 5217 5216
f 5133 5217 5132
f 5133 5218 5217
f 5134 5218 5133
f 5134 5219 5218
f 5135 5219 5134
f 5135 5220 5219
f 5136 5220 5135
f 5136 5221 5220
f 5137 5221 5136
f 5137 5222 5221
f 5138 5222 5137
f 5138 5223 5222
f 5139 5223 5138
f 5139 5224 5223
f 5140 5224 5139
f 5140 5225 5224
f 5141 5225 5140
f 5141 5226 5225
f 5142 5226 5141
f 5142 5227 5226
f 5143 5227 5142
f 5143 5228 5227
f 5144 5228 5143
f 5144 5229 5228
f 5145 5229 5144
f 5145 5230 5229
f 5146 5230 5145
f 5146 5231 5230
f 5147 5231 5146
f 5147 5232 5231
f 5148 5232 5147
f 5148 5233 5232
f 5149 5233 5148
f 5149 5234 5233
f 5151 5235 5150
f 5151 5236 5235
f 5152 5236 5151
f 5152 5237 5236
f 5153 5237 5152
f 5153 5238 5237
f 5154 5238 5153
f 5154 5239 5238
f 5155 5239 5154
f 5155 5240 5239
f 5156 5240 5155
f 5156 5241 5240
f 5157 5241 5156
f 5157 5242 5241
f 5158 5242 5157
f 5158 5243 5242
f 5159 5243 5158
f 5159 5244 5243
f 5160 5244 5159
f 5160 5245 5244
f 5161 5245 5160
f 5161 5246 5245
f 5162 5246 5161
f 5162 5247 5246
f 5163 5247 5162
f 5163 5248 5247
f 5164 5248 5163
f 5164 5249 5248
f 5165 5249 5164
f 5165 5250 5249
f 5166 5250 5165
f 5166 5251 5250
f 5167 5251 5166
f 5167 5252 5251
f 5168 5252 5167
f 5168 5253 5252
f 5169 5253 5168
f 5169 5254 5253
f 5170 5254 5169
f 5170 5255 5254
f 5171 5255 5170
f 5171 5256 5255
f 5172 5256 5171
f 5172 5257 5256
f 5173 5257 5172
f 5173 5258 5257
f 5174 5258 5173
f 5174 5259 5258
f 5175 5259 5174
f 5177 5260 5176
f 5177 5261 5260
f 5178 5261 5177
f 5178 5262 5261
f 5179 5262 5178
f 5179 5263 5262
f 5180 5263 5179
f 5180 5264 5263
f 5181 5264 5180
f 5181 5265 5264
f 5182 5265 5181
f 5182 5266 5265
f 5183 5266 5182
f 5183 5267 5266
f 5184 5267 5183
f 5184 5268 5267
f 5185 5268 5184
f 5185 5269 5268
f 5186 5269 5185
f 5186 5270 5269
f 5187 5270 5186
f 5187 5271 5270
f 5188 5271 5187
f 5188 5272 5271
f 5189 5272 5188
f 5189 5273 5272
f 5190 5273 5189
f 5190 5274 5273
f 5191 5274 5190
f 5191 5275 5274
f 5192 5275 5191
f 5192 5276 5275
f 5193 5276 5192
f 5193 5277 5276
f 5194 5277 5193
f 5194 5278 5277
f 5195 5278 5194
f 5195 5279 5278
f 5196 5279 5195
f 5196 5280 5279
f 5197 5280 5196
f 5197 5281 5280
f 5198 5281 5197
f 5198 5282 5281
f 5199 5282 5198
f 5199 5283 5282
f 5200 5283 5199
f 5200 5284 5283
f 5201 5284 5200
f 5201 5285 5284
f 5202 5285 5201
f 5202 5286 5285
f 5203 5286 5202
f 5203 5287 5286
f 5204 5287 5203
f 5204 5288 5287
f 5205 5288 5204
f 5205 5289 5288
f 5206 5289 5205
f 5206 5290 5289
f 5207 5290 5206
f 5207 5291 5290
f 5208 5291 5207
f 5208 5292 5291
f 5209 5292 5208
f 5209 5293 5292
f 5210 5293 5209
f 5210 5294 5293
f 5211 5294 5210
f 5211 5295 5294
f 5212 5295 5211
f 5212 5296 5295
f 5213 5296 5212
f 5213 5297 5296
f 5214 5297 5213
f 5214 5298 5297
f 5215 5298 5214
f 5215 5299 5298
f 5216 5299 5215
f 5216 5300 5299
f 5217 5300 5216
f 5217 5301 5300
f 5218 5301 5217
f 5218 5302 5301
f 5219 5302 5218
f 5219 5303 5302
f 5220 5303 5219
f 5220 5304 5303
f 5221 5304 5220
f 5221 5305 5304
f 5222 5305 5221
f 5222 5306 5305
f 5223 5306 5222
f 5223 5307 5306
f 5224 5307 5223
f 5224 5308 5307
f 5225 5308 5224
f 5225 5309 5308
f 5226 5309 5225
f 5226 5310 5309
f 5227 5310 5226
f 5227 5311 5310
f 5228 5311 5227
f 5228 5312 5311
f 5229 5312 5228
f 5229 5313 5312
f 5230 5313 5229
f 5230 5314 5313
f 5231 5314 5230
f 5231 5315 5314
f 5232 5315 5231
f 5232 5316 5315
f 5233 5316 5232
f 5233 5317 5316
f 5234 5317 5233
f 5234 5318 5317
f 5239 5319 5238
f 5239 5320 5319
f 5240 5320 5239
f 5240 5321 5320
f 5241 5321 5240
f 5241 5322 5321
f 5242 5322 5241
f 5242 5323 5322
f 5243 5323 5242
f 5243 5324 5323
f 5244 5324 5243
f 5244 5325 5324
f 5245 5325 5244
f 5245 5326 5325
f 5246 5326 5245
f 5246 5327 5326
f 5247 5327 5246
f 5247 5328 5327
f 5248 5328 5247
f 5248 5329 5328
f 5249 5329 5248
f 5249 5330 5329
f 5250 5330 5249
f 5250 5331 5330
f 5251 5331 5250
f 5251 5332 5331
f 5252 5332 5251
f 5252 5333 5332
f 5253 5333 5252
f 5253 5334 5333
f 5254 5334 5253
f 5254 5335 5334
f 5255 5335 5254
f 5255 5336 5335
f 5256 5336 5255
f 5256 5337 5336
f 5257 5337 5256
f 5257 5338 5337
f 5258 5338 5257
f 5261 5339 5260
f 5261 5340 5339
f 5262 5340 5261
f 5262 5341 5340
f 5263 5341 5262
f 5263 5342 5341
f 5264 5342 5263
f 5264 5343 5342
f 5265 5343 5264
f 5265 5344 5343
f 5266 5344 5265
f 5266 5345 5344
f 5267 5345 5266
f 5267 5346 5345
f 5268 5346 5267
f 5268 5347 5346
f 5269 5347 5268
f 5269 5348 5347
f 5270 5348 5269
f 5270 5349 5348
f 5271 5349 5270
f 5271 5350 5349
f 5272 5350 5271
f 5272 5351 5350
f 5273 5351 5272
f 5273 5352 5351
f 5274 5352 5273
f 5274 5353 5352
f 5275 5353 5274
f 5275 5354 5353
f 5276 5354 5275
f 5276 5355 5354
f 5277 5355 5276
f 5277 5356 5355
f 5278 5356 5277
f 5278 5357 5356
f 5279 5357 5278
f 5279 5358 5357
f 5280 5358 5279
f 5280 5359 5358
f 5281 5359 5280
f 5281 5360 5359
f 5282 5360 5281
f 5282 5361 5360
f 5283 5361 5282
f 5283 5362 5361
f 5284 5362 5283
f 5284 5363 5362
f 5285 5363 5284
f 5285 5364 5363
f 5286 5364 5285
f 5286 5365 5364
f 5287 5365 5286
f 5287 5366 5365
f 5288 5366 5287
f 5288 5367 5366
f 5289 5367 5288
f 5289 5368 5367
f 5290 5368 5289
f 5290 5369 5368
f 5291 5369 5290
f 5291 5370 5369
f 5292 5370 5291
f 5292 5371 5370
f 5293 5371 5292
f 5293 5372 5371
f 5294 5372 5293
f 5294 5373 5372
f 5295 5373 5294
f 5295 5374 5373
f 5296 5374 5295
f 5296 5375 5374
f 5297 5375 5296
f 5297 5376 5375
f 5298 5376 5297
f 5298 5377 5376
f 5299 5377 5298
f 5299 5378 5377
f 5300 5378 5299
f 5300 5379 5378
f 5301 5379 5300
f 5301 5380 5379
f 5302 5380 5301
f 5302 5381 5380
f 5303 5381 5302
f 5303 5382 5381
f 5304 5382 5303
f 5304 5383 5382
f 5305 5383 5304
f 5305 5384 5383
f 5306 5384 5305
f 5306 5385 5384
f 5307 5385 5306
f 5307 5386 5385
f 5308 5386 5307
f 5308 5387 5386
f 5309 5387 5308
f 5309 5388 5387
f 5310 5388 5309
f 5310 5389 5388
f 5311 5389 5310
f 5311 5390 5389
f 5312 5390 5311
f 5312 5391 5390
f 5313 5391 5312
f 5313 5392 5391
f 5314 5392 5313
f 5314 5393 5392
f 5315 5393 5314
f 5315 5394 5393
f 5316 5394 5315
f 5316 5395 5394
f 5317 5395 5316
f 5317 5396 5395
f 5318 5396 5317
f 5324 5398 5397
f 5325 5398 5324
f 5325 5399 5398
f 5326 5399 5325
f 5326 5400 5399
f 5327 5400 5326
f 5327 5401 5400
f 5328 5401 5327
f 5328 5402 5401
f 5329 5402 5328
f 5329 5403 5402
f 5330 5403 5329
f 5330 5404 5403
f 5331 5404 5330
f 5331 5405 5404
f 5332 5405 5331
f 5332 5406 5405
f 5333 5406 5332
f 5333 5407 5406
f 5334 5407 5333
f 5334 5408 5407
f 5335 5408 5334
f 5335 5409 5408
f 5336 5409 5335
f 5336 5410 5409
f 5337 5410 5336
f 5340 5411 5339
f 5340 5412 5411
f 5341 5412 5340
f 5341 5413 5412
f 5342 5413 5341
f 5342 5414 5413
f 5343 5414 5342
f 5343 5415 5414
f 5344 5415 5343
f 5344 5416 5415
f 5345 5416 5344
f 5345 5417 5416
f 5346 5417 5345
f 5346 5418 5417
f 5347 5418 5346
f 5347 5419 5418
f 5348 5419 5347
f 5348 5420 5419
f 5349 5420 5348
f 5349 5421 5420
f 5350 5421 5349
f 5350 5422 5421
f 5351 5422 5350
f 5351 5423 5422
f 5352 5423 5351
f 5352 5424 5423
f 5353 5424 5352
f 5353 5425 5424
f 5354 5425 5353
f 5354 5426 5425
f 5355 5426 5354
f 5355 5427 5426
f 5356 5427 5355
f 5356 5428 5427
f 5357 5428 5356
f 5357 5429 5428
f 5358 5429 5357
f 5358 5430 5429
f 5359 5430 5358
f 5359 5431 5430
f 5360 5431 5359
f 5360 5432 5431
f 5361 5432 5360
f 5361 5433 5432
f 5362 5433 5361
f 5362 5434 5433
f 5363 5434 5362
f 5363 5435 5434
f 5364 5435 5363
f 5364 5436 5435
f 5365 5436 5364
f 5365 5437 5436
f 5366 5437 5365
f 5366 5438 5437
f 5367 5438 5366
f 5367 5439 5438
f 5368 5439 5367
f 5368 5440 5439
f 5369 5440 5368
f 5369 5441 5440
f 5370 5441 5369
f 5370 5442 5441
f 5371 5442 5370
f 5371 5443 5442
f 5372 5443 5371
f 5372 5444 5443
f 5373 5444 5372
f 5373 5445 5444
f 5374 5445 5373
f 5374 5446 5445
f 5375 5446 5374
f 5375 5447 5446
f 5376 5447 5375
f 5376 5448 5447
f 5377 5448 5376
f 5377 5449 5448
f 5378 5449 5377
f 5378 5450 5449
f 5379 5450 5378
f 5379 5451 5450
f 5380 5451 5379
f 5380 5452 5451
f 5381 5452 5380
f 5381 5453 5452
f 5382 5453 5381
f 5382 5454 5453
f 5383 5454 5382
f 5383 5455 5454
f 5384 5455 5383
f 5384 5456 5455
f 5385 5456 5384
f 5385 5457 5456
f 5386 5457 5385
f 5386 5458 5457
f 5387 5458 5386
f 5387 5459 5458
f 5388 5459 5387
f 5388 5460 5459
f 5389 5460 5388
f 5389 5461 5460
f 5390 5461 5389
f 5390 5462 5461
f 5391 5462 5390
f 5391 5463 5462
f 5392 5463 5391
f 5392 5464 5463
f 5393 5464 5392
f 5393 5465 5464
f 5394 5465 5393
f 5394 5466 5465
f 5395 5466 5394
f 5395 5467 5466
f 5396 5467 5395
f 5396 5468 5467
f 5412 5469 5411
f 5412 5470 5469
f 5413 5470 5412
f 5413 5471 5470
f 5414 5471 5413
f 5414 5472 5471
f 5415 5472 5414
f 5415 5473 5472
f 5416 5473 5415
f 5416 5474 5473
f 5417 5474 5416
f 5417 5475 5474
f 5418 5475 5417
f 5418 5476 5475
f 5419 5476 5418
f 5419 5477 5476
f 5420 5477 5419
f 5420 5478 5477
f 5421 5478 5420
f 5421 5479 5478
f 5422 5479 5421
f 5422 5480 5479
f 5423 5480 5422
f 5423 5481 5480
f 5424 5481 5423
f 5424 5482 5481
f 5425 5482 5424
f 5425 5483 5482
f 5426 5483 5425
f 5426 5484 5483
f 5427 5484 5426
f 5427 5485 5484
f 5428 5485 5427
f 5428 5486 5485
f 5429 5486 5428
f 5429 5487 5486
f 5430 5487 5429
f 5430 5488 5487
f 5431 5488 5430
f 5431 5489 5488
f 5432 5489 5431
f 5432 5490 5489
f 5433 5490 5432
f 5433 5491 5490
f 5434 5491 5433
f 5434 5492 5491
f 5435 5492 5434
f 5435 5493 5492
f 5436 5493 5435
f 5436 5494 5493
f 5437 5494 5436
f 5437 5495 5494
f 5438 5495 5437
f 5438 5496 5495
f 5439 5496 5438
f 5439 5497 5496
f 5440 5497 5439
f 5440 5498 5497
f 5441 5498 5440
f 5441 5499 5498
f 5442 5499 5441
f 5442 5500 5499
f 5443 5500 5442
f 5443 5501 5500
f 5444 5501 5443
f 5444 5502 5501
f 5445 5502 5444
f 5445 5503 5502
f 5446 5503 5445
f 5446 5504 5503
f 5447 5504 5446
f 5447 5505 5504
f 5448 5505 5447
f 5448 5506 5505
f 5449 5506 5448
f 5449 5507 5506
f 5450 5507 5449
f 5450 5508 5507
f 5451 5508 5450
f 5451 5509 5508
f 5452 5509 5451
f 5452 5510 5509
f 5453 5510 5452
f 5453 5511 5510
f 5454 5511 5453
f 5454 5512 5511
f 5455 5512 5454
f 5455 5513 5512
f 5456 5513 5455
f 5456 5514 5513
f 5457 5514 5456
f 5457 5515 5514
f 5458 5515 5457
f 5458 5516 5515
f 5459 5516 5458
f 5459 5517 5516
f 5460 5517 5459
f 5460 5518 5517
f 5461 5518 5460
f 5461 5519 5518
f 5462 5519 5461
f 5462 5520 5519
f 5463 5520 5462
f 5463 5521 5520
f 5464 5521 5463
f 5464 5522 5521
f 5465 5522 5464
f 5465 5523 5522
f 5466 5523 5465
f 5466 5524 5523
f 5467 5524 5466
f 5467 5525 5524
f 5468 5525 5467
f 5468 5526 5525
f 5470 5527 5469
f 5470 5528 5527
f 5471 5528 5470
f 5471 5529 5528
f 5472 5529 5471
f 5472 5530 5529
f 5473 5530 5472
f 5473 5531 5530
f 5474 5531 5473
f 5474 5532 5531
f 5475 5532 5474
f 5475 5533 5532
f 5476 5533 5475
f 5476 5534 5533
f 5477 5534 5476
f 5477 5535 5534
f 5478 5535 5477
f 5478 5536 5535
f 5479 5536 5478
f 5479 5537 5536
f 5480 5537 5479
f 5480 5538 5537
f 5481 5538 5480
f 5481 5539 5538
f 5482 5539 5481
f 5482 5540 5539
f 5483 5540 5482
f 5483 5541 5540
f 5484 5541 5483
f 5484 5542 5541
f 5485 5542 5484
f 5485 5543 5542
f 5486 5543 5485
f 5486 5544 5543
f 5487 5544 5486
f 5487 5545 5544
f 5488 5545 5487
f 5488 5546 5545
f 5489 5546 5488
f 5496 5548 5547
f 5497 5548 5496
f 5497 5549 5548
f 5498 5549 5497
f 5498 5550 5549
f 5499 5550 5498
f 5499 5551 5550
f 5500 5551 5499
f 5500 5552 5551
f 5501 5552 5500
f 5501 5553 5552
f 5502 5553 5501
f 5502 5554 5553
f 5503 5554 5502
f 5503 5555 5554
f 5504 5555 5503
f 5504 5556 5555
f 5505 5556 5504
f 5505 5557 5556
f 5506 5557 5505
f 5506 5558 5557
f 5507 5558 5506
f 5507 5559 5558
f 5508 5559 5507
f 5508 5560 5559
f 5509 5560 5508
f 5509 5561 5560
f 5510 5561 5509
f 5510 5562 5561
f 5511 5562 5510
f 5511 5563 5562
f 5512 5563 5511
f 5512 5564 5563
f 5513 5564 5512
f 5513 5565 5564
f 5514 5565 5513
f 5514 5566 5565
f 5515 5566 5514
f 5515 5567 5566
f 5516 5567 5515
f 5516 5568 5567
f 5517 5568 5516
f 5517 5569 5568
f 5518 5569 5517
f 5518 5570 5569
f 5519 5570 5518
f 5519 5571 5570
f 5520 5571 5519
f 5520 5572 5571
f 5521 5572 5520
f 5521 5573 5572
f 5522 5573 5521
f 5522 5574 5573
f 5523 5574 5522
f 5523 5575 5574
f 5524 5575 5523
f 5524 5576 5575
f 5525 5576 5524
f 5525 5577 5576
f 5526 5577 5525
f 5526 5578 5577
f 5528 5579 5527
f 5528 5580 5579
f 5529 5580 5528
f 5529 5581 5580
f 5530 5581 5529
f 5530 5582 5581
f 5531 5582 5530
f 5531 5583 5582
f 5532 5583 5531
f 5532 5584 5583
f 5533 5584 5532
f 5533 5585 5584
f 5534 5585 5533
f 5534 5586 5585
f 5535 5586 5534
f 5535 5587 5586
f 5536 5587 5535
f 5536 5588 5587
f 5537 5588 5536
f 5537 5589 5588
f 5538 5589 5537
f 5538 5590 5589
f 5539 5590 5538
f 5539 5591 5590
f 5540 5591 5539
f 5540 5592 5591
f 5541 5592 5540
f 5541 5593 5592
f 5542 5593 5541
f 5542 5594 5593
f 5543 5594 5542
f 5555 5595 5554
f 5555 5596 5595
f 5556 5596 5555
f 5556 5597 5596
f 5557 5597 5556
f 5557 5598 5597
f 5558 5598 5557
f 5558 5599 5598
f 5559 5599 5558
f 5559 5600 5599
f 5560 5600 5559
f 5560 5601 5600
f 5561 5601 5560
f 5561 5602 5601
f 5562 5602 5561
f 5562 5603 5602
f 5563 5603 5562
f 5563 5604 5603
f 5564 5604 5563
f 5564 5605 5604
f 5565 5605 5564
f 5565 5606 5605
f 5566 5606 5565
f 5566 5607 5606
f 5567 5607 5566
f 5567 5608 5607
f 5568 5608 5567
f 5568 5609 5608
f 5569 5609 5568
f 5569 5610 5609
f 5570 5610 5569
f 5570 5611 5610
f 5571 5611 5570
f 5571 5612 5611
f 5572 5612 5571
f 5572 5613 5612
f 5573 5613 5572
f 5573 5614 5613
f 5574 5614 5573
f 5574 5615 5614
f 5575 5615 5574
f 5575 5616 5615
f 5576 5616 5575
f 5576 5617 5616
f 5577 5617 5576
f 5577 5618 5617
f 5578 5618 5577
f 5580 5619 5579
f 5580 5620 5619
f 5581 5620 5580
f 5581 5621 5620
f 5582 5621 5581
f 5582 5622 5621
f 5583 5622 5582
f 5583 5623 5622
f 5584 5623 5583
f 5584 5624 5623
f 5585 5624 5584
f 5585 5625 5624
f 5586 5625 5585
f 5586 5626 5625
f 5587 5626 5586
f 5587 5627 5626
f 5588 5627 5587
f 5588 5628 5627
f 5589 5628 5588
f 5589 5629 5628
f 5590 5629 5589
f 5590 5630 5629
f 5591 5630 5590
f 5591 5631 5630
f 5592 5631 5591
f 5592 5632 5631
f 5593 5632 5592
f 5600 5650 5599
f 5600 5651 5650
f 5601 5651 5600
f 5601 5652 5651
f 5602 5652 5601
f 5602 5653 5652
f 5603 5653 5602
f 5603 5654 5653
f 5604 5654 5603
f 5604 5655 5654
f 5605 5655 5604
f 5605 5656 5655
f 5606 5656 5605
f 5606 5657 5656
f 5607 5657 5606
f 5607 5658 5657
f 5608 5658 5607
f 5608 5659 5658
f 5609 5659 5608
f 5609 5660 5659
f 5610 5660 5609
f 5610 5661 5660
f 5611 5661 5610
f 5611 5662 5661
f 5612 5662 5611
f 5612 5663 5662
f 5613 5663 5612
f 5613 5664 5663
f 5614 5664 5613
f 5614 5665 5664
f 5615 5665 5614
f 5615 5666 5665
f 5616 5666 5615
f 5616 5667 5666
f 5617 5667 5616
f 5617 5668 5667
f 5618 5668 5617
f 5618 5669 5668
f 5621 5670 5620
f 5621 5671 5670
f 5622 5671 5621
f 5622 5672 5671
f 5623 5672 5622
f 5623 5673 5672
f 5624 5673 5623
f 5624 5674 5673
f 5625 5674 5624
f 5625 5675 5674
f 5626 5675 5625
f 5626 5676 5675
f 5627 5676 5626
f 5627 5677 5676
f 5628 5677 5627
f 5628 5678 5677
f 5629 5678 5628
f 5629 5679 5678
f 5630 5679 5629
f 5630 5680 5679
f 5631 5680 5630
f 5631 5681 5680
f 5632 5681 5631
f 5633 5685 5684
f 5634 5685 5633
f 5634 5686 5685
f 5635 5686 5634
f 5635 5687 5686
f 5636 5687 5635
f 5636 5688 5687
f 5637 5688 5636
f 5637 5689 5688
f 5638 5689 5637
f 5638 5690 5689
f 5639 5690 5638
f 5639 5691 5690
f 5640 5691 5639
f 5640 5692 5691
f 5641 5692 5640
f 5641 5693 5692
f 5642 5693 5641
f 5642 5694 5693
f 5643 5694 5642
f 5643 5695 5694
f 5644 5695 5643
f 5644 5696 5695
f 5645 5696 5644
f 5645 5697 5696
f 5646 5697 5645
f 5646 5698 5697
f 5647 5698 5646
f 5647 5699 5698
f 5648 5699 5647
f 5648 5700 5699
f 5649 5700 5648
f 5649 5701 5700
f 5655 5707 5654
f 5655 5708 5707
f 5656 5708 5655
f 5656 5709 5708
f 5657 5709 5656
f 5657 5710 5709
f 5658 5710 5657
f 5658 5711 5710
f 5659 5711 5658
f 5659 5712 5711
f 5660 5712 5659
f 5660 5713 5712
f 5661 5713 5660
f 5661 5714 5713
f 5662 5714 5661
f 5662 5715 5714
f 5663 5715 5662
f 5663 5716 5715
f 5664 5716 5663
f 5664 5717 5716
f 5665 5717 5664
f 5665 5718 5717
f 5666 5718 5665
f 5666 5719 5718
f 5667 5719 5666
f 5667 5720 5719
f 5668 5720 5667
f 5668 5721 5720
f 5669 5721 5668
f 5671 5722 5670
f 5672 5723 5671
f 5672 5724 5723
f 5673 5724 5672
f 5673 5725 5724
f 5674 5725 5673
f 5674 5726 5725
f 5675 5726 5674
f 5675 5727 5726
f 5676 5727 5675
f 5676 5728 5727
f 5677 5728 5676
f 5677 5729 5728
f 5678 5729 5677
f 5678 5730 5729
f 5679 5730 5678
f 5679 5731 5730
f 5680 5731 5679
f 5680 5732 5731
f 5681 5732 5680
f 5682 5734 5733
f 5683 5734 5682
f 5683 5735 5734
f 5684 5735 5683
f 5684 5736 5735
f 5685 5736 5684
f 5685 5737 5736
f 5686 5737 5685
f 5686 5738 5737
f 5687 5738 5686
f 5687 5739 5738
f 5688 5739 5687
f 5688 5740 5739
f 5689 5740 5688
f 5689 5741 5740
f 5690 5741 5689
f 5690 5742 5741
f 5691 5742 5690
f 5691 5743 5742
f 5692 5743 5691
f 5692 5744 5743
f 5693 5744 5692
f 5693 5745 5744
f 5694 5745 5693
f 5694 5746 5745
f 5695 5746 5694
f 5695 5747 5746
f 5696 5747 5695
f 5696 5748 5747
f 5697 5748 5696
f 5697 5749 5748
f 5698 5749 5697
f 5698 5750 5749
f 5699 5750 5698
f 5699 5751 5750
f 5700 5751 5699
f 5700 5752 5751
f 5701 5752 5700
f 5701 5753 5752
f 5702 5753 5701
f 5702 5754 5753
f 5703 5754 5702
f 5703 5755 5754
f 5704 5755 5703
f 5704 5756 5755
f 5705 5756 5704
f 5705 5757 5756
f 5706 5757 5705
f 5711 5763 5710
f 5711 5764 5763
f 5712 5764 5711
f 5712 5765 5764
f 5713 5765 5712
f 5713 5766 5765
f 5714 5766 5713
f 5714 5767 5766
f 5715 5767 5714
f 5715 5768 5767
f 5716 5768 5715
f 5716 5769 5768
f 5717 5769 5716
f 5717 5770 5769
f 5718 5770 5717
f 5718 5771 5770
f 5719 5771 5718
f 5719 5772 5771
f 5720 5772 5719
f 5720 5773 5772
f 5721 5773 5720
f 5721 5774 5773
f 5724 5775 5723
f 5724 5776 5775
f 5725 5776 5724
f 5725 5777 5776
f 5726 5777 5725
f 5726 5778 5777
f 5727 5778 5726
f 5727 5779 5778
f 5728 5779 5727
f 5728 5780 5779
f 5729 5780 5728
f 5729 5781 5780
f 5730 5781 5729
f 5730 5782 5781
f 5731 5782 5730
f 5731 5783 5782
f 5732 5783 5731
f 5733 5785 5784
f 5734 5785 5733
f 5734 5786 5785
f 5735 5786 5734
f 5735 5787 5786
f 5736 5787 5735
f 5736 5788 5787
f 5737 5788 5736
f 5737 5789 5788
f 5738 5789 5737
f 5738 5790 5789
f 5739 5790 5738
f 5739 5791 5790
f 5740 5791 5739
f 5740 5792 5791
f 5741 5792 5740
f 5741 5793 5792
f 5742 5793 5741
f 5742 5794 5793
f 5743 5794 5742
f 5743 5795 5794
f 5744 5795 5743
f 5744 5796 5795
f 5745 5796 5744
f 5745 5797 5796
f 5746 5797 5745
f 5746 5798 5797
f 5747 5798 5746
f 5747 5799 5798
f 5748 5799 5747
f 5748 5800 5799
f 5749 5800 5748
f 5749 5801 5800
f 5750 5801 5749
f 5750 5802 5801
f 5751 5802 5750
f 5751 5803 5802
f 5752 5803 5751
f 5752 5804 5803
f 5753 5804 5752
f 5753 5805 5804
f 5754 5805 5753
f 5754 5806 5805
f 5755 5806 5754
f 5755 5807 5806
f 5756 5807 5755
f 5756 5808 5807
f 5757 5808 5756
f 5757 5809 5808
f 5758 5809 5757
f 5758 5810 5809
f 5759 5810 5758
f 5759 5811 5810
f 5760 5811 5759
f 5760 5812 5811
f 5761 5812 5760
f 5761 5813 5812
f 5762 5813 5761
f 5762 5814 5813
f 5766 5818 5765
f 5766 5819 5818
f 5767 5819 5766
f 5767 5820 5819
f 5768 5820 5767
f 5768 5821 5820
f 5769 5821 5768
f 5769 5822 5821
f 5770 5822 5769
f 5770 5823 5822
f 5771 5823 5770
f 5771 5824 5823
f 5772 5824 5771
f 5772 5825 5824
f 5773 5825 5772
f 5773 5826 5825
f 5774 5826 5773
f 5777 5827 5776
f 5777 5828 5827
f 5778 5828 5777
f 5778 5829 5828
f 5779 5829 5778
f 5779 5830 5829
f 5780 5830 5779
f 5780 5831 5830
f 5781 5831 5780
f 5781 5832 5831
f 5782 5832 5781
f 5784 5834 5833
f 5785 5834 5784
f 5785 5835 5834
f 5786 5835 5785
f 5786 5836 5835
f 5787 5836 5786
f 5787 5837 5836
f 5788 5837 5787
f 5788 5838 5837
f 5789 5838 5788
f 5789 5839 5838
f 5790 5839 5789
f 5790 5840 5839
f 5791 5840 5790
f 5791 5841 5840
f 5792 5841 5791
f 5792 5842 5841
f 5793 5842 5792
f 5793 5843 5842
f 5794 5843 5793
f 5794 5844 5843
f 5795 5844 5794
f 5795 5845 5844
f 5796 5845 5795
f 5796 5846 5845
f 5797 5846 5796
f 5797 5847 5846
f 5798 5847 5797
f 5798 5848 5847
f 5799 5848 5798
f 5799 5849 5848
f 5800 5849 5799
f 5800 5850 5849
f 5801 5850 5800
f 5801 5851 5850
f 5802 5851 5801
f 5802 5852 5851
f 5803 5852 5802
f 5803 5853 5852
f 5804 5853 5803
f 5804 5854 5853
f 5805 5854 5804
f 5805 5855 5854
f 5806 5855 5805
f 5806 5856 5855
f 5807 5856 5806
f 5807 5857 5856
f 5808 5857 5807
f 5808 5858 5857
f 5809 5858 5808
f 5809 5859 5858
f 5810 5859 5809
f 5810 5860 5859
f 5811 5860 5810
f 5811 5861 5860
f 5812 5861 5811
f 5812 5862 5861
f 5813 5862 5812
f 5813 5863 5862
f 5814 5863 5813
f 5814 5864 5863
f 5815 5864 5814
f 5815 5865 5864
f 5816 5865 5815
f 5816 5866 5865
f 5817 5866 5816
f 5817 5867 5866
f 5822 5872 5821
f 5822 5873 5872
f 5823 5873 5822
f 5823 5874 5873
f 5824 5874 5823
f 5824 5875 5874
f 5825 5875 5824
f 5825 5876 5875
f 5826 5876 5825
f 5826 5877 5876
f 5828 5878 5827
f 5828 5879 5878
f 5829 5879 5828
f 5829 5880 5879
f 5830 5880 5829
f 5830 5881 5880
f 5831 5881 5830
f 5831 5882 5881
f 5832 5882 5831
f 5833 5884 5883
f 5834 5884 5833
f 5834 5885 5884
f 5835 5885 5834
f 5835 5886 5885
f 5836 5886 5835
f 5836 5887 5886
f 5837 5887 5836
f 5837 5888 5887
f 5838 5888 5837
f 5838 5889 5888
f 5839 5889 5838
f 5839 5890 5889
f 5840 5890 5839
f 5840 5891 5890
f 5841 5891 5840
f 5841 5892 5891
f 5842 5892 5841
f 5842 5893 5892
f 5843 5893 5842
f 5843 5894 5893
f 5844 5894 5843
f 5844 5895 5894
f 5845 5895 5844
f 5845 5896 5895
f 5846 5896 5845
f 5846 5897 5896
f 5847 5897 5846
f 5847 5898 5897
f 5848 5898 5847
f 5848 5899 5898
f 5849 5899 5848
f 5849 5900 5899
f 5850 5900 5849
f 5850 5901 5900
f 5851 5901 5850
f 5851 5902 5901
f 5852 5902 5851
f 5852 5903 5902
f 5853 5903 5852
f 5853 5904 5903
f 5854 5904 5853
f 5854 5905 5904
f 5855 5905 5854
f 5855 5906 5905
f 5856 5906 5855
f 5856 5907 5906
f 5857 5907 5856
f 5857 5908 5907
f 5858 5908 5857
f 5858 5909 5908
f 5859 5909 5858
f 5859 5910 5909
f 5860 5910 5859
f 5860 5911 5910
f 5861 5911 5860
f 5861 5912 5911
f 5862 5912 5861
f 5862 5913 5912
f 5863 5913 5862
f 5863 5914 5913
f 5864 5914 5863
f 5864 5915 5914
f 5865 5915 5864
f 5865 5916 5915
f 5866 5916 5865
f 5866 5917 5916
f 5867 5917 5866
f 5867 5918 5917
f 5868 5918 5867
f 5868 5919 5918
f 5869 5919 5868
f 5869 5920 5919
f 5870 5920 5869
f 5870 5921 5920
f 5871 5921 5870
f 5875 5925 5874
f 5875 5926 5925
f 5876 5926 5875
f 5876 5927 5926
f 5877 5927 5876
f 5879 5928 5878
f 5879 5929 5928
f 5880 5929 5879
f 5880 5930 5929
f 5881 5930 5880
f 5881 5931 5930
f 5882 5931 5881
f 5882 5932 5931
f 5883 5934 5933
f 5884 5934 5883
f 5884 5935 5934
f 5885 5935 5884
f 5885 5936 5935
f 5886 5936 5885
f 5886 5937 5936
f 5887 5937 5886
f 5887 5938 5937
f 5888 5938 5887
f 5888 5939 5938
f 5889 5939 5888
f 5889 5940 5939
f 5890 5940 5889
f 5890 5941 5940
f 5891 5941 5890
f 5891 5942 5941
f 5892 5942 5891
f 5892 5943 5942
f 5893 5943 5892
f 5893 5944 5943
f 5894 5944 5893
f 5894 5945 5944
f 5895 5945 5894
f 5895 5946 5945
f 5896 5946 5895
f 5896 5947 5946
f 5897 5947 5896
f 5897 5948 5947
f 5898 5948 5897
f 5898 5949 5948
f 5899 5949 5898
f 5899 5950 5949
f 5900 5950 5899
f 5900 5951 5950
f 5901 5951 5900
f 5901 5952 5951
f 5902 5952 5901
f 5902 5953 5952
f 5903 5953 5902
f 5903 5954 5953
f 5904 5954 5903
f 5904 5955 5954
f 5905 5955 5904
f 5905 5956 5955
f 5906 5956 5905
f 5906 5957 5956
f 5907 5957 5906
f 5907 5958 5957
f 5908 5958 5907
f 5908 5959 5958
f 5909 5959 5908
f 5909 5960 5959
f 5910 5960 5909
f 5910 5961 5960
f 5911 5961 5910
f 5911 5962 5961
f 5912 5962 5911
f 5912 5963 5962
f 5913 5963 5912
f 5913 5964 5963
f 5914 5964 5913
f 5914 5965 5964
f 5915 5965 5914
f 5915 5966 5965
f 5916 5966 5915
f 5916 5967 5966
f 5917 5967 5916
f 5917 5968 5967
f 5918 5968 5917
f 5918 5969 5968
f 5919 5969 5918
f 5919 5970 5969
f 5920 5970 5919
f 5920 5971 5970
f 5921 5971 5920
f 5921 5972 5971
f 5922 5972 5921
f 5922 5973 5972
f 5923 5973 5922
f 5923 5974 5973
f 5924 5974 5923
f 5924 5975 5974
f 5930 5978 5929
f 5930 5979 5978
f 5931 5979 5930
f 5931 5980 5979
f 5932 5980 5931
f 5933 5982 5981
f 5934 5982 5933
f 5934 5983 5982
f 5935 5983 5934
f 5935 5984 5983
f 5936 5984 5935
f 5936 5985 5984
f 5937 5985 5936
f 5937 5986 5985
f 5938 5986 5937
f 5938 5987 5986
f 5939 5987 5938
f 5939 5988 5987
f 5940 5988 5939
f 5940 5989 5988
f 5941 5989 5940
f 5941 5990 5989
f 5942 5990 5941
f 5942 5991 5990
f 5943 5991 5942
f 5943 5992 5991
f 5944 5992 5943
f 5944 5993 5992
f 5945 5993 5944
f 5945 5994 5993
f 5946 5994 5945
f 5946 5995 5994
f 5947 5995 5946
f 5947 5996 5995
f 5948 5996 5947
f 5948 5997 5996
f 5949 5997 5948
f 5949 5998 5997
f 5950 5998 5949
f 5950 5999 5998
f 5951 5999 5950
f 5951 6000 5999
f 5952 6000 5951
f 5952 6001 6000
f 5953 6001 5952
f 5953 6002 6001
f 5954 6002 5953
f 5954 6003 6002
f 5955 6003 5954
f 5955 6004 6003
f 5956 6004 5955
f 5956 6005 6004
f 5957 6005 5956
f 5957 6006 6005
f 5958 6006 5957
f 5958 6007 6006
f 5959 6007 5958
f 5959 6008 6007
f 5960 6008 5959
f 5960 6009 6008
f 5961 6009 5960
f 5961 6010 6009
f 5962 6010 5961
f 5962 6011 6010
f 5963 6011 5962
f 5963 6012 6011
f 5964 6012 5963
f 5964 6013 6012
f 5965 6013 5964
f 5965 6014 6013
f 5966 6014 5965
f 5966 6015 6014
f 5967 6015 5966
f 5967 6016 6015
f 5968 6016 5967
f 5968 6017 6016
f 5969 6017 5968
f 5969 6018 6017
f 5970 6018 5969
f 5970 6019 6018
f 5971 6019 5970
f 5971 6020 6019
f 5972 6020 5971
f 5972 6021 6020
f 5973 6021 5972
f 5973 6022 6021
f 5974 6022 5973
f 5974 6023 6022
f 5975 6023 5974
f 5975 6024 6023
f 5976 6024 5975
f 5976 6025 6024
f 5977 6025 5976
f 5977 6026 6025
f 5979 6029 5978
f 5979 6030 6029
f 5980 6030 5979
f 5982 6031 5981
f 5982 6032 6031
f 5983 6032 5982
f 5983 6033 6032
f 5984 6033 5983
f 5984 6034 6033
f 5985 6034 5984
f 5985 6035 6034
f 5986 6035 5985
f 5986 6036 6035
f 5987 6036 5986
f 5987 6037 6036
f 5988 6037 5987
f 5988 6038 6037
f 5989 6038 5988
f 5989 6039 6038
f 5990 6039 5989
f 5990 6040 6039
f 5991 6040 5990
f 5991 6041 6040
f 5992 6041 5991
f 5992 6042 6041
f 5993 6042 5992
f 5993 6043 6042
f 5994 6043 5993
f 5994 6044 6043
f 5995 6044 5994
f 5995 6045 6044
f 5996 6045 5995
f 5996 6046 6045
f 5997 6046 5996
f 5997 6047 6046
f 5998 6047 5997
f 5998 6048 6047
f 5999 6048 5998
f 5999 6049 6048
f 6000 6049 5999
f 6000 6050 6049
f 6001 6050 6000
f 6001 6051 6050
f 6002 6051 6001
f 6002 6052 6051
f 6003 6052 6002
f 6003 6053 6052
f 6004 6053 6003
f 6004 6054 6053
f 6005 6054 6004
f 6005 6055 6054
f 6006 6055 6005
f 6006 6056 6055
f 6007 6056 6006
f 6007 6057 6056
f 6008 6057 6007
f 6008 6058 6057
f 6009 6058 6008
f 6009 6059 6058
f 6010 6059 6009
f 6010 6060 6059
f 6011 6060 6010
f 6011 6061 6060
f 6012 6061 6011
f 6012 6062 6061
f 6013 6062 6012
f 6013 6063 6062
f 6014 6063 6013
f 6014 6064 6063
f 6015 6064 6014
f 6015 6065 6064
f 6016 6065 6015
f 6016 6066 6065
f 6017 6066 6016
f 6017 6067 6066
f 6018 6067 6017
f 6018 6068 6067
f 6019 6068 6018
f 6019 6069 6068
f 6020 6069 6019
f 6020 6070 6069
f 6021 6070 6020
f 6021 6071 6070
f 6022 6071 6021
f 6022 6072 6071
f 6023 6072 6022
f 6023 6073 6072
f 6024 6073 6023
f 6024 6074 6073
f 6025 6074 6024
f 6025 6075 6074
f 6026 6075 6025
f 6026 6076 6075
f 6027 6076 6026
f 6027 6077 6076
f 6028 6077 6027
f 6030 6080 6029
f 6030 6081 6080
f 6031 6083 6082
f 6032 6083 6031
f 6032 6084 6083
f 6033 6084 6032
f 6033 6085 6084
f 6034 6085 6033
f 6034 6086 6085
f 6035 6086 6034
f 6035 6087 6086
f 6036 6087 6035
f 6036 6088 6087
f 6037 6088 6036
f 6037 6089 6088
f 6038 6089 6037
f 6038 6090 6089
f 6039 6090 6038
f 6039 6091 6090
f 6040 6091 6039
f 6040 6092 6091
f 6041 6092 6040
f 6041 6093 6092
f 6042 6093 6041
f 6042 6094 6093
f 6043 6094 6042
f 6043 6095 6094
f 6044 6095 6043
f 6044 6096 6095
f 6045 6096 6044
f 6045 6097 6096
f 6046 6097 6045
f 6046 6098 6097
f 6047 6098 6046
f 6047 6099 6098
f 6048 6099 6047
f 6048 6100 6099
f 6049 6100 6048
f 6049 6101 6100
f 6050 6101 6049
f 6050 6102 6101
f 6051 6102 6050
f 6051 6103 6102
f 6052 6103 6051
f 6052 6104 6103
f 6053 6104 6052
f 6053 6105 6104
f 6054 6105 6053
f 6054 6106 6105
f 6055 6106 6054
f 6055 6107 6106
f 6056 6107 6055
f 6056 6108 6107
f 6057 6108 6056
f 6057 6109 6108
f 6058 6109 6057
f 6058 6110 6109
f 6059 6110 6058
f 6059 6111 6110
f 6060 6111 6059
f 6060 6112 6111
f 6061 6112 6060
f 6061 6113 6112
f 6062 6113 6061
f 6062 6114 6113
f 6063 6114 6062
f 6063 6115 6114
f 6064 6115 6063
f 6064 6116 6115
f 6065 6116 6064
f 6065 6117 6116
f 6066 6117 6065
f 6066 6118 6117
f 6067 6118 6066
f 6067 6119 6118
f 6068 6119 6067
f 6068 6120 6119
f 6069 6120 6068
f 6069 6121 6120
f 6070 6121 6069
f 6070 6122 6121
f 6071 6122 6070
f 6071 6123 6122
f 6072 6123 6071
f 6072 6124 6123
f 6073 6124 6072
f 6073 6125 6124
f 6074 6125 6073
f 6074 6126 6125
f 6075 6126 6074
f 6075 6127 6126
f 6076 6127 6075
f 6076 6128 6127
f 6077 6128 6076
f 6077 6129 6128
f 6078 6129 6077
f 6078 6130 6129
f 6079 6130 6078
f 6079 6131 6130
f 6083 6133 6082
f 6083 6134 6133
f 6084 6134 6083
f 6084 6135 6134
f 6085 6135 6084
f 6085 6136 6135
f 6086 6136 6085
f 6086 6137 6136
f 6087 6137 6086
f 6087 6138 6137
f 6088 6138 6087
f 6088 6139 6138
f 6089 6139 6088
f 6089 6140 6139
f 6090 6140 6089
f 6090 6141 6140
f 6091 6141 6090
f 6091 6142 6141
f 6092 6142 6091
f 6092 6143 6142
f 6093 6143 6092
f 6093 6144 6143
f 6094 6144 6093
f 6094 6145 6144
f 6095 6145 6094
f 6095 6146 6145
f 6096 6146 6095
f 6096 6147 6146
f 6097 6147 6096
f 6097 6148 6147
f 6098 6148 6097
f 6098 6149 6148
f 6099 6149 6098
f 6099 6150 6149
f 6100 6150 6099
f 6100 6151 6150
f 6101 6151 6100
f 6101 6152 6151
f 6102 6152 6101
f 6102 6153 6152
f 6103 6153 6102
f 6103 6154 6153
f 6104 6154 6103
f 6104 6155 6154
f 6105 6155 6104
f 6105 6156 6155
f 6106 6156 6105
f 6106 6157 6156
f 6107 6157 6106
f 6107 6158 6157
f 6108 6158 6107
f 6108 6159 6158
f 6109 6159 6108
f 6109 6160 6159
f 6110 6160 6109
f 6110 6161 6160
f 6111 6161 6110
f 6111 6162 6161
f 6112 6162 6111
f 6112 6163 6162
f 6113 6163 6112
f 6113 6164 6163
f 6114 6164 6113
f 6114 6165 6164
f 6115 6165 6114
f 6115 6166 6165
f 6116 6166 6115
f 6116 6167 6166
f 6117 6167 6116
f 6117 6168 6167
f 6118 6168 6117
f 6118 6169 6168
f 6119 6169 6118
f 6119 6170 6169
f 6120 6170 6119
f 6120 6171 6170
f 6121 6171 6120
f 6121 6172 6171
f 6122 6172 6121
f 6122 6173 6172
f 6123 6173 6122
f 6123 6174 6173
f 6124 6174 6123
f 6124 6175 6174
f 6125 6175 6124
f 6125 6176 6175
f 6126 6176 6125
f 6126 6177 6176
f 6127 6177 6126
f 6127 6178 6177
f 6128 6178 6127
f 6128 6179 6178
f 6129 6179 6128
f 6129 6180 6179
f 6130 6180 6129
f 6130 6181 6180
f 6131 6181 6130
f 6131 6182 6181
f 6132 6182 6131
f 6132 6183 6182
f 6133 6186 6185
f 6134 6186 6133
f 6134 6187 6186
f 6135 6187 6134
f 6135 6188 6187
f 6136 6188 6135
f 6136 6189 6188
f 6137 6189 6136
f 6137 6190 6189
f 6138 6190 6137
f 6138 6191 6190
f 6139 6191 6138
f 6139 6192 6191
f 6140 6192 6139
f 6140 6193 6192
f 6141 6193 6140
f 6141 6194 6193
f 6142 6194 6141
f 6142 6195 6194
f 6143 6195 6142
f 6143 6196 6195
f 6144 6196 6143
f 6144 6197 6196
f 6145 6197 6144
f 6145 6198 6197
f 6146 6198 6145
f 6146 6199 6198
f 6147 6199 6146
f 6147 6200 6199
f 6148 6200 6147
f 6148 6201 6200
f 6149 6201 6148
f 6149 6202 6201
f 6150 6202 6149
f 6150 6203 6202
f 6151 6203 6150
f 6151 6204 6203
f 6152 6204 6151
f 6152 6205 6204
f 6153 6205 6152
f 6153 6206 6205
f 6154 6206 6153
f 6154 6207 6206
f 6155 6207 6154
f 6155 6208 6207
f 6156 6208 6155
f 6156 6209 6208
f 6157 6209 6156
f 6157 6210 6209
f 6158 6210 6157
f 6158 6211 6210
f 6159 6211 6158
f 6159 6212 6211
f 6160 6212 6159
f 6160 6213 6212
f 6161 6213 6160
f 6161 6214 6213
f 6162 6214 6161
f 6162 6215 6214
f 6163 6215 6162
f 6163 6216 6215
f 6164 6216 6163
f 6164 6217 6216
f 6165 6217 6164
f 6165 6218 6217
f 6166 6218 6165
f 6166 6219 6218
f 6167 6219 6166
f 6167 6220 6219
f 6168 6220 6167
f 6168 6221 6220
f 6169 6221 6168
f 6169 6222 6221
f 6170 6222 6169
f 6170 6223 6222
f 6171 6223 6170
f 6171 6224 6223
f 6172 6224 6171
f 6172 6225 6224
f 6173 6225 6172
f 6173 6226 6225
f 6174 6226 6173
f 6174 6227 6226
f 6175 6227 6174
f 6175 6228 6227
f 6176 6228 6175
f 6176 6229 6228
f 6177 6229 6176
f 6177 6230 6229
f 6178 6230 6177
f 6178 6231 6230
f 6179 6231 6178
f 6179 6232 6231
f 6180 6232 6179
f 6180 6233 6232
f 6181 6233 6180
f 6181 6234 6233
f 6182 6234 6181
f 6182 6235 6234
f 6183 6235 6182
f 6183 6236 6235
f 6184 6236 6183
f 6184 6237 6236
f 6186 6239 6185
f 6186 6240 6239
f 6187 6240 6186
f 6187 6241 6240
f 6188 6241 6187
f 6188 6242 6241
f 6189 6242 6188
f 6189 6243 6242
f 6190 6243 6189
f 6190 6244 6243
f 6191 6244 6190
f 6191 6245 6244
f 6192 6245 6191
f 6192 6246 6245
f 6193 6246 6192
f 6193 6247 6246
f 6194 6247 6193
f 6194 6248 6247
f 6195 6248 6194
f 6195 6249 6248
f 6196 6249 6195
f 6196 6250 6249
f 6197 6250 6196
f 6197 6251 6250
f 6198 6251 6197
f 6198 6252 6251
f 6199 6252 6198
f 6199 6253 6252
f 6200 6253 6199
f 6200 6254 6253
f 6201 6254 6200
f 6201 6255 6254
f 6202 6255 6201
f 6202 6256 6255
f 6203 6256 6202
f 6203 6257 6256
f 6204 6257 6203
f 6204 6258 6257
f 6205 6258 6204
f 6205 6259 6258
f 6206 6259 6205
f 6206 6260 6259
f 6207 6260 6206
f 6207 6261 6260
f 6208 6261 6207
f 6208 6262 6261
f 6209 6262 6208
f 6209 6263 6262
f 6210 6263 6209
f 6210 6264 6263
f 6211 6264 6210
f 6211 6265 6264
f 6212 6265 6211
f 6212 6266 6265
f 6213 6266 6212
f 6213 6267 6266
f 6214 6267 6213
f 6214 6268 6267
f 6215 6268 6214
f 6215 6269 6268
f 6216 6269 6215
f 6216 6270 6269
f 6217 6270 6216
f 6217 6271 6270
f 6218 6271 6217
f 6218 6272 6271
f 6219 6272 6218
f 6219 6273 6272
f 6220 6273 6219
f 6220 6274 6273
f 6221 6274 6220
f 6221 6275 6274
f 6222 6275 6221
f 6222 6276 6275
f 6223 6276 6222
f 6223 6277 6276
f 6224 6277 6223
f 6224 6278 6277
f 6225 6278 6224
f 6225 6279 6278
f 6226 6279 6225
f 6226 6280 6279
f 6227 6280 6226
f 6227 6281 6280
f 6228 6281 6227
f 6228 6282 6281
f 6229 6282 6228
f 6229 6283 6282
f 6230 6283 6229
f 6230 6284 6283
f 6231 6284 6230
f 6231 6285 6284
f 6232 6285 6231
f 6232 6286 6285
f 6233 6286 6232
f 6233 6287 6286
f 6234 6287 6233
f 6234 6288 6287
f 6235 6288 6234
f 6235 6289 6288
f 6236 6289 6235
f 6236 6290 6289
f 6237 6290 6236
f 6237 6291 6290
f 6238 6291 6237
f 6238 6292 6291
f 6239 6294 6293
f 6240 6294 6239
f 6240 6295 6294
f 6241 6295 6240
f 6241 6296 6295
f 6242 6296 6241
f 6242 6297 6296
f 6243 6297 6242
f 6243 6298 6297
f 6244 6298 6243
f 6244 6299 6298
f 6245 6299 6244
f 6245 6300 6299
f 6246 6300 6245
f 6246 6301 6300
f 6247 6301 6246
f 6247 6302 6301
f 6248 6302 6247
f 6248 6303 6302
f 6249 6303 6248
f 6249 6304 6303
f 6250 6304 6249
f 6250 6305 6304
f 6251 6305 6250
f 6251 6306 6305
f 6252 6306 6251
f 6252 6307 6306
f 6253 6307 6252
f 6253 6308 6307
f 6254 6308 6253
f 6254 6309 6308
f 6255 6309 6254
f 6255 6310 6309
f 6256 6310 6255
f 6256 6311 6310
f 6257 6311 6256
f 6257 6312 6311
f 6258 6312 6257
f 6258 6313 6312
f 6259 6313 6258
f 6259 6314 6313
f 6260 6314 6259
f 6260 6315 6314
f 6261 6315 6260
f 6261 6316 6315
f 6262 6316 6261
f 6262 6317 6316
f 6263 6317 6262
f 6263 6318 6317
f 6264 6318 6263
f 6264 6319 6318
f 6265 6319 6264
f 6265 6320 6319
f 6266 6320 6265
f 6266 6321 6320
f 6267 6321 6266
f 6267 6322 6321
f 6268 6322 6267
f 6268 6323 6322
f 6269 6323 6268
f 6269 6324 6323
f 6270 6324 6269
f 6270 6325 6324
f 6271 6325 6270
f 6271 6326 6325
f 6272 6326 6271
f 6272 6327 6326
f 6273 6327 6272
f 6273 6328 6327
f 6274 6328 6273
f 6274 6329 6328
f 6275 6329 6274
f 6275 6330 6329
f 6276 6330 6275
f 6276 6331 6330
f 6277 6331 6276
f 6277 6332 6331
f 6278 6332 6277
f 6278 6333 6332
f 6279 6333 6278
f 6279 6334 6333
f 6280 6334 6279
f 6280 6335 6334
f 6281 6335 6280
f 6281 6336 6335
f 6282 6336 6281
f 6282 6337 6336
f 6283 6337 6282
f 6283 6338 6337
f 6284 6338 6283
f 6284 6339 6338
f 6285 6339 6284
f 6285 6340 6339
f 6286 6340 6285
f 6286 6341 6340
f 6287 6341 6286
f 6287 6342 6341
f 6288 6342 6287
f 6288 6343 6342
f 6289 6343 6288
f 6289 6344 6343
f 6290 6344 6289
f 6290 6345 6344
f 6291 6345 6290
f 6291 6346 6345
f 6292 6346 6291
f 6292 6347 6346
f 6294 6349 6293
f 6294 6350 6349
f 6295 6350 6294
f 6295 6351 6350
f 6296 6351 6295
f 6296 6352 6351
f 6297 6352 6296
f 6297 6353 6352
f 6298 6353 6297
f 6298 6354 6353
f 6299 6354 6298
f 6299 6355 6354
f 6300 6355 6299
f 6300 6356 6355
f 6301 6356 6300
f 6301 6357 6356
f 6302 6357 6301
f 6302 6358 6357
f 6303 6358 6302
f 6303 6359 6358
f 6304 6359 6303
f 6304 6360 6359
f 6305 6360 6304
f 6305 6361 6360
f 6306 6361 6305
f 6306 6362 6361
f 6307 6362 6306
f 6307 6363 6362
f 6308 6363 6307
f 6308 6364 6363
f 6309 6364 6308
f 6309 6365 6364
f 6310 6365 6309
f 6310 6366 6365
f 6311 6366 6310
f 6311 6367 6366
f 6312 6367 6311
f 6312 6368 6367
f 6313 6368 6312
f 6313 6369 6368
f 6314 6369 6313
f 6314 6370 6369
f 6315 6370 6314
f 6315 6371 6370
f 6316 6371 6315
f 6316 6372 6371
f 6317 6372 6316
f 6317 6373 6372
f 6318 6373 6317
f 6318 6374 6373
f 6319 6374 6318
f 6319 6375 6374
f 6320 6375 6319
f 6320 6376 6375
f 6321 6376 6320
f 6321 6377 6376
f 6322 6377 6321
f 6322 6378 6377
f 6323 6378 6322
f 6323 6379 6378
f 6324 6379 6323
f 6324 6380 6379
f 6325 6380 6324
f 6325 6381 6380
f 6326 6381 6325
f 6326 6382 6381
f 6327 6382 6326
f 6327 6383 6382
f 6328 6383 6327
f 6328 6384 6383
f 6329 6384 6328
f 6329 6385 6384
f 6330 6385 6329
f 6330 6386 6385
f 6331 6386 6330
f 6331 6387 6386
f 6332 6387 6331
f 6332 6388 6387
f 6333 6388 6332
f 6333 6389 6388
f 6334 6389 6333
f 6334 6390 6389
f 6335 6390 6334
f 6335 6391 6390
f 6336 6391 6335
f 6336 6392 6391
f 6337 6392 6336
f 6337 6393 6392
f 6338 6393 6337
f 6338 6394 6393
f 6339 6394 6338
f 6339 6395 6394
f 6340 6395 6339
f 6340 6396 6395
f 6341 6396 6340
f 6341 6397 6396
f 6342 6397 6341
f 6342 6398 6397
f 6343 6398 6342
f 6343 6399 6398
f 6344 6399 6343
f 6344 6400 6399
f 6345 6400 6344
f 6345 6401 6400
f 6346 6401 6345
f 6346 6402 6401
f 6347 6402 6346
f 6347 6403 6402
f 6348 6403 6347
f 6348 6404 6403
f 6349 6407 6406
f 6350 6407 6349
f 6350 6408 6407
f 6351 6408 6350
f 6351 6409 6408
f 6352 6409 6351
f 6352 6410 6409
f 6353 6410 6352
f 6353 6411 6410
f 6354 6411 6353
f 6354 6412 6411
f 6355 6412 6354
f 6355 6413 6412
f 6356 6413 6355
f 6356 6414 6413
f 6357 6414 6356
f 6357 6415 6414
f 6358 6415 6357
f 6358 6416 6415
f 6359 6416 6358
f 6359 6417 6416
f 6360 6417 6359
f 6360 6418 6417
f 6361 6418 6360
f 6361 6419 6418
f 6362 6419 6361
f 6362 6420 6419
f 6363 6420 6362
f 6363 6421 6420
f 6364 6421 6363
f 6364 6422 6421
f 6365 6422 6364
f 6365 6423 6422
f 6366 6423 6365
f 6366 6424 6423
f 6367 6424 6366
f 6367 6425 6424
f 6368 6425 6367
f 6368 6426 6425
f 6369 6426 6368
f 6369 6427 6426
f 6370 6427 6369
f 6370 6428 6427
f 6371 6428 6370
f 6371 6429 6428
f 6372 6429 6371
f 6372 6430 6429
f 6373 6430 6372
f 6373 6431 6430
f 6374 6431 6373
f 6374 6432 6431
f 6375 6432 6374
f 6375 6433 6432
f 6376 6433 6375
f 6376 6434 6433
f 6377 6434 6376
f 6377 6435 6434
f 6378 6435 6377
f 6378 6436 6435
f 6379 6436 6378
f 6379 6437 6436
f 6380 6437 6379
f 6380 6438 6437
f 6381 6438 6380
f 6381 6439 6438
f 6382 6439 6381
f 6382 6440 6439
f 6383 6440 6382
f 6383 6441 6440
f 6384 6441 6383
f 6384 6442 6441
f 6385 6442 6384
f 6385 6443 6442
f 6386 6443 6385
f 6386 6444 6443
f 6387 6444 6386
f 6387 6445 6444
f 6388 6445 6387
f 6388 6446 6445
f 6389 6446 6388
f 6389 6447 6446
f 6390 6447 6389
f 6390 6448 6447
f 6391 6448 6390
f 6391 6449 6448
f 6392 6449 6391
f 6392 6450 6449
f 6393 6450 6392
f 6393 6451 6450
f 6394 6451 6393
f 6394 6452 6451
f 6395 6452 6394
f 6395 6453 6452
f 6396 6453 6395
f 6396 6454 6453
f 6397 6454 6396
f 6397 6455 6454
f 6398 6455 6397
f 6398 6456 6455
f 6399 6456 6398
f 6399 6457 6456
f 6400 6457 6399
f 6400 6458 6457
f 6401 6458 6400
f 6401 6459 6458
f 6402 6459 6401
f 6402 6460 6459
f 6403 6460 6402
f 6403 6461 6460
f 6404 6461 6403
f 6404 6462 6461
f 6405 6463 6462
f 6407 6464 6406
f 6407 6465 6464
f 6408 6465 6407
f 6408 6466 6465
f 6409 6466 6408
f 6409 6467 6466
f 6410 6467 6409
f 6410 6468 6467
f 6411 6468 6410
f 6411 6469 6468
f 6412 6469 6411
f 6412 6470 6469
f 6413 6470 6412
f 6413 6471 6470
f 6414 6471 6413
f 6414 6472 6471
f 6415 6472 6414
f 6415 6473 6472
f 6416 6473 6415
f 6416 6474 6473
f 6417 6474 6416
f 6417 6475 6474
f 6418 6475 6417
f 6418 6476 6475
f 6419 6476 6418
f 6419 6477 6476
f 6420 6477 6419
f 6420 6478 6477
f 6421 6478 6420
f 6421 6479 6478
f 6422 6479 6421
f 6422 6480 6479
f 6423 6480 6422
f 6423 6481 6480
f 6424 6481 6423
f 6424 6482 6481
f 6425 6482 6424
f 6425 6483 6482
f 6426 6483 6425
f 6426 6484 6483
f 6427 6484 6426
f 6427 6485 6484
f 6428 6485 6427
f 6428 6486 6485
f 6429 6486 6428
f 6429 6487 6486
f 6430 6487 6429
f 6430 6488 6487
f 6431 6488 6430
f 6431 6489 6488
f 6432 6489 6431
f 6432 6490 6489
f 6433 6490 6432
f 6433 6491 6490
f 6434 6491 6433
f 6434 6492 6491
f 6435 6492 6434
f 6435 6493 6492
f 6436 6493 6435
f 6436 6494 6493
f 6437 6494 6436
f 6437 6495 6494
f 6438 6495 6437
f 6438 6496 6495
f 6439 6496 6438
f 6439 6497 6496
f 6440 6497 6439
f 6440 6498 6497
f 6441 6498 6440
f 6441 6499 6498
f 6442 6499 6441
f 6442 6500 6499
f 6443 6500 6442
f 6443 6501 6500
f 6444 6501 6443
f 6444 6502 6501
f 6445 6502 6444
f 6445 6503 6502
f 6446 6503 6445
f 6446 6504 6503
f 6447 6504 6446
f 6447 6505 6504
f 6448 6505 6447
f 6448 6506 6505
f 6449 6506 6448
f 6449 6507 6506
f 6450 6507 6449
f 6450 6508 6507
f 6451 6508 6450
f 6451 6509 6508
f 6452 6509 6451
f 6452 6510 6509
f 6453 6510 6452
f 6453 6511 6510
f 6454 6511 6453
f 6454 6512 6511
f 6455 6512 6454
f 6455 6513 6512
f 6456 6513 6455
f 6456 6514 6513
f 6457 6514 6456
f 6457 6515 6514
f 6458 6515 6457
f 6458 6516 6515
f 6459 6516 6458
f 6459 6517 6516
f 6460 6517 6459
f 6460 6518 6517
f 6461 6518 6460
f 6461 6519 6518
f 6462 6519 6461
f 6462 6520 6519
f 6463 6520 6462
f 6463 6521 6520
f 6465 6523 6464
f 6465 6524 6523
f 6466 6524 6465
f 6466 6525 6524
f 6467 6525 6466
f 6467 6526 6525
f 6468 6526 6467
f 6468 6527 6526
f 6469 6527 6468
f 6469 6528 6527
f 6470 6528 6469
f 6470 6529 6528
f 6471 6529 6470
f 6471 6530 6529
f 6472 6530 6471
f 6472 6531 6530
f 6473 6531 6472
f 6473 6532 6531
f 6474 6532 6473
f 6474 6533 6532
f 6475 6533 6474
f 6475 6534 6533
f 6476 6534 6475
f 6476 6535 6534
f 6477 6535 6476
f 6477 6536 6535
f 6478 6536 6477
f 6478 6537 6536
f 6479 6537 6478
f 6479 6538 6537
f 6480 6538 6479
f 6480 6539 6538
f 6481 6539 6480
f 6481 6540 6539
f 6482 6540 6481
f 6482 6541 6540
f 6483 6541 6482
f 6483 6542 6541
f 6484 6542 6483
f 6484 6543 6542
f 6485 6543 6484
f 6485 6544 6543
f 6486 6544 6485
f 6486 6545 6544
f 6487 6545 6486
f 6487 6546 6545
f 6488 6546 6487
f 6488 6547 6546
f 6489 6547 6488
f 6489 6548 6547
f 6490 6548 6489
f 6490 6549 6548
f 6491 6549 6490
f 6491 6550 6549
f 6492 6550 6491
f 6492 6551 6550
f 6493 6551 6492
f 6493 6552 6551
f 6494 6552 6493
f 6494 6553 6552
f 6495 6553 6494
f 6495 6554 6553
f 6496 6554 6495
f 6496 6555 6554
f 6497 6555 6496
f 6497 6556 6555
f 6498 6556 6497
f 6498 6557 6556
f 6499 6557 6498
f 6499 6558 6557
f 6500 6558 6499
f 6500 6559 6558
f 6501 6559 6500
f 6501 6560 6559
f 6502 6560 6501
f 6502 6561 6560
f 6503 6561 6502
f 6503 6562 6561
f 6504 6562 6503
f 6504 6563 6562
f 6505 6563 6504
f 6505 6564 6563
f 6506 6564 6505
f 6506 6565 6564
f 6507 6565 6506
f 6507 6566 6565
f 6508 6566 6507
f 6508 6567 6566
f 6509 6567 6508
f 6509 6568 6567
f 6510 6568 6509
f 6510 6569 6568
f 6511 6569 6510
f 6511 6570 6569
f 6512 6570 6511
f 6512 6571 6570
f 6513 6571 6512
f 6513 6572 6571
f 6514 6572 6513
f 6514 6573 6572
f 6515 6573 6514
f 6515 6574 6573
f 6516 6574 6515
f 6516 6575 6574
f 6517 6575 6516
f 6517 6576 6575
f 6518 6576 6517
f 6518 6577 6576
f 6519 6577 6518
f 6519 6578 6577
f 6520 6578 6519
f 6520 6579 6578
f 6521 6579 6520
f 6521 6580 6579
f 6522 6580 6521
f 6522 6581 6580
f 6523 6584 6583
f 6524 6584 6523
f 6524 6585 6584
f 6525 6585 6524
f 6525 6586 6585
f 6526 6586 6525
f 6526 6587 6586
f 6527 6587 6526
f 6527 6588 6587
f 6528 6588 6527
f 6528 6589 6588
f 6529 6589 6528
f 6529 6590 6589
f 6530 6590 6529
f 6530 6591 6590
f 6531 6591 6530
f 6531 6592 6591
f 6532 6592 6531
f 6532 6593 6592
f 6533 6593 6532
f 6533 6594 6593
f 6534 6594 6533
f 6534 6595 6594
f 6535 6595 6534
f 6535 6596 6595
f 6536 6596 6535
f 6536 6597 6596
f 6537 6597 6536
f 6537 6598 6597
f 6538 6598 6537
f 6538 6599 6598
f 6539 6599 6538
f 6539 6600 6599
f 6540 6600 6539
f 6540 6601 6600
f 6541 6601 6540
f 6541 6602 6601
f 6542 6602 6541
f 6542 6603 6602
f 6543 6603 6542
f 6543 6604 6603
f 6544 6604 6543
f 6544 6605 6604
f 6545 6605 6544
f 6545 6606 6605
f 6546 6606 6545
f 6546 6607 6606
f 6547 6607 6546
f 6547 6608 6607
f 6548 6608 6547
f 6548 6609 6608
f 6549 6609 6548
f 6549 6610 6609
f 6550 6610 6549
f 6550 6611 6610
f 6551 6611 6550
f 6551 6612 6611
f 6552 6612 6551
f 6552 6613 6612
f 6553 6613 6552
f 6553 6614 6613
f 6554 6614 6553
f 6554 6615 6614
f 6555 6615 6554
f 6555 6616 6615
f 6556 6616 6555
f 6556 6617 6616
f 6557 6617 6556
f 6557 6618 6617
f 6558 6618 6557
f 6558 6619 6618
f 6559 6619 6558
f 6559 6620 6619
f 6560 6620 6559
f 6560 6621 6620
f 6561 6621 6560
f 6561 6622 6621
f 6562 6622 6561
f 6562 6623 6622
f 6563 6623 6562
f 6563 6624 6623
f 6564 6624 6563
f 6564 6625 6624
f 6565 6625 6564
f 6565 6626 6625
f 6566 6626 6565
f 6566 6627 6626
f 6567 6627 6566
f 6567 6628 6627
f 6568 6628 6567
f 6568 6629 6628
f 6569 6629 6568
f 6569 6630 6629
f 6570 6630 6569
f 6570 6631 6630
f 6571 6631 6570
f 6571 6632 6631
f 6572 6632 6571
f 6572 6633 6632
f 6573 6633 6572
f 6573 6634 6633
f 6574 6634 6573
f 6574 6635 6634
f 6575 6635 6574
f 6575 6636 6635
f 6576 6636 6575
f 6576 6637 6636
f 6577 6637 6576
f 6577 6638 6637
f 6578 6638 6577
f 6578 6639 6638
f 6579 6639 6578
f 6579 6640 6639
f 6580 6640 6579
f 6580 6641 6640
f 6581 6641 6580
f 6581 6642 6641
f 6582 6642 6581
f 6582 6643 6642
f 6584 6645 6583
f 6584 6646 6645
f 6585 6646 6584
f 6585 6647 6646
f 6586 6647 6585
f 6586 6648 6647
f 6587 6648 6586
f 6587 6649 6648
f 6588 6649 6587
f 6588 6650 6649
f 6589 6650 6588
f 6589 6651 6650
f 6590 6651 6589
f 6590 6652 6651
f 6591 6652 6590
f 6591 6653 6652
f 6592 6653 6591
f 6592 6654 6653
f 6593 6654 6592
f 6593 6655 6654
f 6594 6655 6593
f 6594 6656 6655
f 6595 6656 6594
f 6595 6657 6656
f 6596 6657 6595
f 6596 6658 6657
f 6597 6658 6596
f 6597 6659 6658
f 6598 6659 6597
f 6598 6660 6659
f 6599 6660 6598
f 6599 6661 6660
f 6600 6661 6599
f 6600 6662 6661
f 6601 6662 6600
f 6601 6663 6662
f 6602 6663 6601
f 6602 6664 6663
f 6603 6664 6602
f 6603 6665 6664
f 6604 6665 6603
f 6604 6666 6665
f 6605 6666 6604
f 6605 6667 6666
f 6606 6667 6605
f 6606 6668 6667
f 6607 6668 6606
f 6607 6669 6668
f 6608 6669 6607
f 6608 6670 6669
f 6609 6670 6608
f 6609 6671 6670
f 6610 6671 6609
f 6610 6672 6671
f 6611 6672 6610
f 6611 6673 6672
f 6612 6673 6611
f 6612 6674 6673
f 6613 6674 6612
f 6613 6675 6674
f 6614 6675 6613
f 6614 6676 6675
f 6615 6676 6614
f 6615 6677 6676
f 6616 6677 6615
f 6616 6678 6677
f 6617 6678 6616
f 6617 6679 6678
f 6618 6679 6617
f 6618 6680 6679
f 6619 6680 6618
f 6619 6681 6680
f 6620 6681 6619
f 6620 6682 6681
f 6621 6682 6620
f 6621 6683 6682
f 6622 6683 6621
f 6622 6684 6683
f 6623 6684 6622
f 6623 6685 6684
f 6624 6685 6623
f 6624 6686 6685
f 6625 6686 6624
f 6625 6687 6686
f 6626 6687 6625
f 6626 6688 6687
f 6627 6688 6626
f 6627 6689 6688
f 6628 6689 6627
f 6628 6690 6689
f 6629 6690 6628
f 6629 6691 6690
f 6630 6691 6629
f 6630 6692 6691
f 6631 6692 6630
f 6631 6693 6692
f 6632 6693 6631
f 6632 6694 6693
f 6633 6694 6632
f 6633 6695 6694
f 6634 6695 6633
f 6634 6696 6695
f 6635 6696 6634
f 6635 6697 6696
f 6636 6697 6635
f 6636 6698 6697
f 6637 6698 6636
f 6637 6699 6698
f 6638 6699 6637
f 6638 6700 6699
f 6639 6700 6638
f 6639 6701 6700
f 6640 6701 6639
f 6640 6702 6701
f 6641 6702 6640
f 6641 6703 6702
f 6642 6703 6641
f 6642 6704 6703
f 6643 6704 6642
f 6643 6705 6704
f 6644 6705 6643
f 6644 6706 6705
f 6645 6709 6708
f 6646 6709 6645
f 6646 6710 6709
f 6647 6710 6646
f 6647 6711 6710
f 6648 6711 6647
f 6648 6712 6711
f 6649 6712 6648
f 6649 6713 6712
f 6650 6713 6649
f 6650 6714 6713
f 6651 6714 6650
f 6651 6715 6714
f 6652 6715 6651
f 6652 6716 6715
f 6653 6716 6652
f 6653 6717 6716
f 6654 6717 6653
f 6654 6718 6717
f 6655 6718 6654
f 6655 6719 6718
f 6656 6719 6655
f 6656 6720 6719
f 6657 6720 6656
f 6657 6721 6720
f 6658 6721 6657
f 6658 6722 6721
f 6659 6722 6658
f 6659 6723 6722
f 6660 6723 6659
f 6660 6724 6723
f 6661 6724 6660
f 6661 6725 6724
f 6662 6725 6661
f 6662 6726 6725
f 6663 6726 6662
f 6663 6727 6726
f 6664 6727 6663
f 6664 6728 6727
f 6665 6728 6664
f 6665 6729 6728
f 6666 6729 6665
f 6666 6730 6729
f 6667 6730 6666
f 6667 6731 6730
f 6668 6731 6667
f 6668 6732 6731
f 6669 6732 6668
f 6669 6733 6732
f 6670 6733 6669
f 6670 6734 6733
f 6671 6734 6670
f 6671 6735 6734
f 6672 6735 6671
f 6672 6736 6735
f 6673 6736 6672
f 6673 6737 6736
f 6674 6737 6673
f 6674 6738 6737
f 6675 6738 6674
f 6675 6739 6738
f 6676 6739 6675
f 6676 6740 6739
f 6677 6740 6676
f 6677 6741 6740
f 6678 6741 6677
f 6678 6742 6741
f 6679 6742 6678
f 6679 6743 6742
f 6680 6743 6679
f 6680 6744 6743
f 6681 6744 6680
f 6681 6745 6744
f 6682 6745 6681
f 6682 6746 6745
f 6683 6746 6682
f 6683 6747 6746
f 6684 6747 6683
f 6684 6748 6747
f 6685 6748 6684
f 6685 6749 6748
f 6686 6749 6685
f 6686 6750 6749
f 6687 6750 6686
f 6687 6751 6750
f 6688 6751 6687
f 6688 6752 6751
f 6689 6752 6688
f 6689 6753 6752
f 6690 6753 6689
f 6690 6754 6753
f 6691 6754 6690
f 6691 6755 6754
f 6692 6755 6691
f 6692 6756 6755
f 6693 6756 6692
f 6693 6757 6756
f 6694 6757 6693
f 6694 6758 6757
f 6695 6758 6694
f 6695 6759 6758
f 6696 6759 6695
f 6696 6760 6759
f 6697 6760 6696
f 6697 6761 6760
f 6698 6761 6697
f 6698 6762 6761
f 6699 6762 6698
f 6699 6763 6762
f 6700 6763 6699
f 6700 6764 6763
f 6701 6764 6700
f 6701 6765 6764
f 6702 6765 6701
f 6702 6766 6765
f 6703 6766 6702
f 6703 6767 6766
f 6704 6767 6703
f 6704 6768 6767
f 6705 6768 6704
f 6705 6769 6768
f 6706 6769 6705
f 6706 6770 6769
f 6707 6770 6706
f 6707 6771 6770
f 6709 6773 6708
f 6709 6774 6773
f 6710 6774 6709
f 6710 6775 6774
f 6711 6775 6710
f 6711 6776 6775
f 6712 6776 6711
f 6712 6777 6776
f 6713 6777 6712
f 6713 6778 6777
f 6714 6778 6713
f 6714 6779 6778
f 6715 6779 6714
f 6715 6780 6779
f 6716 6780 6715
f 6716 6781 6780
f 6717 6781 6716
f 6717 6782 6781
f 6718 6782 6717
f 6718 6783 6782
f 6719 6783 6718
f 6719 6784 6783
f 6720 6784 6719
f 6720 6785 6784
f 6721 6785 6720
f 6721 6786 6785
f 6722 6786 6721
f 6722 6787 6786
f 6723 6787 6722
f 6723 6788 6787
f 6724 6788 6723
f 6724 6789 6788
f 6725 6789 6724
f 6725 6790 6789
f 6726 6790 6725
f 6726 6791 6790
f 6727 6791 6726
f 6727 6792 6791
f 6728 6792 6727
f 6728 6793 6792
f 6729 6793 6728
f 6729 6794 6793
f 6730 6794 6729
f 6730 6795 6794
f 6731 6795 6730
f 6731 6796 6795
f 6732 6796 6731
f 6732 6797 6796
f 6733 6797 6732
f 6733 6798 6797
f 6734 6798 6733
f 6734 6799 6798
f 6735 6799 6734
f 6735 6800 6799
f 6736 6800 6735
f 6736 6801 6800
f 6737 6801 6736
f 6737 6802 6801
f 6738 6802 6737
f 6738 6803 6802
f 6739 6803 6738
f 6739 6804 6803
f 6740 6804 6739
f 6740 6805 6804
f 6741 6805 6740
f 6741 6806 6805
f 6742 6806 6741
f 6742 6807 6806
f 6743 6807 6742
f 6743 6808 6807
f 6744 6808 6743
f 6744 6809 6808
f 6745 6809 6744
f 6745 6810 6809
f 6746 6810 6745
f 6746 6811 6810
f 6747 6811 6746
f 6747 6812 6811
f 6748 6812 6747
f 6748 6813 6812
f 6749 6813 6748
f 6749 6814 6813
f 6750 6814 6749
f 6750 6815 6814
f 6751 6815 6750
f 6751 6816 6815
f 6752 6816 6751
f 6752 6817 6816
f 6753 6817 6752
f 6753 6818 6817
f 6754 6818 6753
f 6754 6819 6818
f 6755 6819 6754
f 6755 6820 6819
f 6756 6820 6755
f 6756 6821 6820
f 6757 6821 6756
f 6757 6822 6821
f 6758 6822 6757
f 6758 6823 6822
f 6759 6823 6758
f 6759 6824 6823
f 6760 6824 6759
f 6760 6825 6824
f 6761 6825 6760
f 6761 6826 6825
f 6762 6826 6761
f 6762 6827 6826
f 6763 6827 6762
f 6763 6828 6827
f 6764 6828 6763
f 6764 6829 6828
f 6765 6829 6764
f 6765 6830 6829
f 6766 6830 6765
f 6766 6831 6830
f 6767 6831 6766
f 6767 6832 6831
f 6768 6832 6767
f 6768 6833 6832
f 6769 6833 6768
f 6769 6834 6833
f 6770 6834 6769
f 6770 6835 6834
f 6771 6835 6770
f 6771 6836 6835
f 6772 6836 6771
f 6772 6837 6836
f 6773 6840 6839
f 6774 6840 6773
f 6774 6841 6840
f 6775 6841 6774
f 6775 6842 6841
f 6776 6842 6775
f 6776 6843 6842
f 6777 6843 6776
f 6777 6844 6843
f 6778 6844 6777
f 6778 6845 6844
f 6779 6845 6778
f 6779 6846 6845
f 6780 6846 6779
f 6780 6847 6846
f 6781 6847 6780
f 6781 6848 6847
f 6782 6848 6781
f 6782 6849 6848
f 6783 6849 6782
f 6783 6850 6849
f 6784 6850 6783
f 6784 6851 6850
f 6785 6851 6784
f 6785 6852 6851
f 6786 6852 6785
f 6786 6853 6852
f 6787 6853 6786
f 6787 6854 6853
f 6788 6854 6787
f 6788 6855 6854
f 6789 6855 6788
f 6789 6856 6855
f 6790 6856 6789
f 6790 6857 6856
f 6791 6857 6790
f 6791 6858 6857
f 6792 6858 6791
f 6792 6859 6858
f 6793 6859 6792
f 6793 6860 6859
f 6794 6860 6793
f 6794 6861 6860
f 6795 6861 6794
f 6795 6862 6861
f 6796 6862 6795
f 6796 6863 6862
f 6797 6863 6796
f 6797 6864 6863
f 6798 6864 6797
f 6798 6865 6864
f 6799 6865 6798
f 6799 6866 6865
f 6800 6866 6799
f 6800 6867 6866
f 6801 6867 6800
f 6801 6868 6867
f 6802 6868 6801
f 6802 6869 6868
f 6803 6869 6802
f 6803 6870 6869
f 6804 6870 6803
f 6804 6871 6870
f 6805 6871 6804
f 6805 6872 6871
f 6806 6872 6805
f 6806 6873 6872
f 6807 6873 6806
f 6807 6874 6873
f 6808 6874 6807
f 6808 6875 6874
f 6809 6875 6808
f 6809 6876 6875
f 6810 6876 6809
f 6810 6877 6876
f 6811 6877 6810
f 6811 6878 6877
f 6812 6878 6811
f 6812 6879 6878
f 6813 6879 6812
f 6813 6880 6879
f 6814 6880 6813
f 6814 6881 6880
f 6815 6881 6814
f 6815 6882 6881
f 6816 6882 6815
f 6816 6883 6882
f 6817 6883 6816
f 6817 6884 6883
f 6818 6884 6817
f 6818 6885 6884
f 6819 6885 6818
f 6819 6886 6885
f 6820 6886 6819
f 6820 6887 6886
f 6821 6887 6820
f 6821 6888 6887
f 6822 6888 6821
f 6822 6889 6888
f 6823 6889 6822
f 6823 6890 6889
f 6824 6890 6823
f 6824 6891 6890
f 6825 6891 6824
f 6825 6892 6891
f 6826 6892 6825
f 6826 6893 6892
f 6827 6893 6826
f 6827 6894 6893
f 6828 6894 6827
f 6828 6895 6894
f 6829 6895 6828
f 6829 6896 6895
f 6830 6896 6829
f 6830 6897 6896
f 6831 6897 6830
f 6831 6898 6897
f 6832 6898 6831
f 6832 6899 6898
f 6833 6899 6832
f 6833 6900 6899
f 6834 6900 6833
f 6834 6901 6900
f 6835 6901 6834
f 6835 6902 6901
f 6836 6902 6835
f 6836 6903 6902
f 6837 6903 6836
f 6837 6904 6903
f 6838 6904 6837
f 6838 6905 6904
f 6840 6908 6907
f 6841 6908 6840
f 6841 6909 6908
f 6842 6909 6841
f 6842 6910 6909
f 6843 6910 6842
f 6843 6911 6910
f 6844 6911 6843
f 6844 6912 6911
f 6845 6912 6844
f 6845 6913 6912
f 6846 6913 6845
f 6846 6914 6913
f 6847 6914 6846
f 6847 6915 6914
f 6848 6915 6847
f 6848 6916 6915
f 6849 6916 6848
f 6849 6917 6916
f 6850 6917 6849
f 6850 6918 6917
f 6851 6918 6850
f 6851 6919 6918
f 6852 6919 6851
f 6852 6920 6919
f 6853 6920 6852
f 6853 6921 6920
f 6854 6921 6853
f 6854 6922 6921
f 6855 6922 6854
f 6855 6923 6922
f 6856 6923 6855
f 6856 6924 6923
f 6857 6924 6856
f 6857 6925 6924
f 6858 6925 6857
f 6858 6926 6925
f 6859 6926 6858
f 6859 6927 6926
f 6860 6927 6859
f 6860 6928 6927
f 6861 6928 6860
f 6861 6929 6928
f 6862 6929 6861
f 6862 6930 6929
f 6863 6930 6862
f 6863 6931 6930
f 6864 6931 6863
f 6864 6932 6931
f 6865 6932 6864
f 6865 6933 6932
f 6866 6933 6865
f 6866 6934 6933
f 6867 6934 6866
f 6867 6935 6934
f 6868 6935 6867
f 6868 6936 6935
f 6869 6936 6868
f 6869 6937 6936
f 6870 6937 6869
f 6870 6938 6937
f 6871 6938 6870
f 6871 6939 6938
f 6872 6939 6871
f 6872 6940 6939
f 6873 6940 6872
f 6873 6941 6940
f 6874 6941 6873
f 6874 6942 6941
f 6875 6942 6874
f 6875 6943 6942
f 6876 6943 6875
f 6876 6944 6943
f 6877 6944 6876
f 6877 6945 6944
f 6878 6945 6877
f 6878 6946 6945
f 6879 6946 6878
f 6879 6947 6946
f 6880 6947 6879
f 6880 6948 6947
f 6881 6948 6880
f 6881 6949 6948
f 6882 6949 6881
f 6882 6950 6949
f 6883 6950 6882
f 6883 6951 6950
f 6884 6951 6883
f 6884 6952 6951
f 6885 6952 6884
f 6885 6953 6952
f 6886 6953 6885
f 6886 6954 6953
f 6887 6954 6886
f 6887 6955 6954
f 6888 6955 6887
f 6888 6956 6955
f 6889 6956 6888
f 6889 6957 6956
f 6890 6957 6889
f 6890 6958 6957
f 6891 6958 6890
f 6891 6959 6958
f 6892 6959 6891
f 6892 6960 6959
f 6893 6960 6892
f 6893 6961 6960
f 6894 6961 6893
f 6894 6962 6961
f 6895 6962 6894
f 6895 6963 6962
f 6896 6963 6895
f 6896 6964 6963
f 6897 6964 6896
f 6897 6965 6964
f 6898 6965 6897
f 6898 6966 6965
f 6899 6966 6898
f 6899 6967 6966
f 6900 6967 6899
f 6900 6968 6967
f 6901 6968 6900
f 6901 6969 6968
f 6902 6969 6901
f 6902 6970 6969
f 6903 6970 6902
f 6903 6971 6970
f 6904 6971 6903
f 6904 6972 6971
f 6905 6972 6904
f 6905 6973 6972
f 6906 6974 6973
f 6908 6975 6907
f 6908 6976 6975
f 6909 6976 6908
f 6909 6977 6976
f 6910 6977 6909
f 6910 6978 6977
f 6911 6978 6910
f 6911 6979 6978
f 6912 6979 6911
f 6912 6980 6979
f 6913 6980 6912
f 6913 6981 6980
f 6914 6981 6913
f 6914 6982 6981
f 6915 6982 6914
f 6915 6983 6982
f 6916 6983 6915
f 6916 6984 6983
f 6917 6984 6916
f 6917 6985 6984
f 6918 6985 6917
f 6918 6986 6985
f 6919 6986 6918
f 6919 6987 6986
f 6920 6987 6919
f 6920 6988 6987
f 6921 6988 6920
f 6921 6989 6988
f 6922 6989 6921
f 6922 6990 6989
f 6923 6990 6922
f 6923 6991 6990
f 6924 6991 6923
f 6924 6992 6991
f 6925 6992 6924
f 6925 6993 6992
f 6926 6993 6925
f 6926 6994 6993
f 6927 6994 6926
f 6927 6995 6994
f 6928 6995 6927
f 6928 6996 6995
f 6929 6996 6928
f 6929 6997 6996
f 6930 6997 6929
f 6930 6998 6997
f 6931 6998 6930
f 6931 6999 6998
f 6932 6999 6931
f 6932 7000 6999
f 6933 7000 6932
f 6933 7001 7000
f 6934 7001 6933
f 6934 7002 7001
f 6935 7002 6934
f 6935 7003 7002
f 6936 7003 6935
f 6936 7004 7003
f 6937 7004 6936
f 6937 7005 7004
f 6938 7005 6937
f 6938 7006 7005
f 6939 7006 6938
f 6939 7007 7006
f 6940 7007 6939
f 6940 7008 7007
f 6941 7008 6940
f 6941 7009 7008
f 6942 7009 6941
f 6942 7010 7009
f 6943 7010 6942
f 6943 7011 7010
f 6944 7011 6943
f 6944 7012 7011
f 6945 7012 6944
f 6945 7013 7012
f 6946 7013 6945
f 6946 7014 7013
f 6947 7014 6946
f 6947 7015 7014
f 6948 7015 6947
f 6948 7016 7015
f 6949 7016 6948
f 6949 7017 7016
f 6950 7017 6949
f 6950 7018 7017
f 6951 7018 6950
f 6951 7019 7018
f 6952 7019 6951
f 6952 7020 7019
f 6953 7020 6952
f 6953 7021 7020
f 6954 7021 6953
f 6954 7022 7021
f 6955 7022 6954
f 6955 7023 7022
f 6956 7023 6955
f 6956 7024 7023
f 6957 7024 6956
f 6957 7025 7024
f 6958 7025 6957
f 6958 7026 7025
f 6959 7026 6958
f 6959 7027 7026
f 6960 7027 6959
f 6960 7028 7027
f 6961 7028 6960
f 6961 7029 7028
f 6962 7029 6961
f 6962 7030 7029
f 6963 7030 6962
f 6963 7031 7030
f 6964 7031 6963
f 6964 7032 7031
f 6965 7032 6964
f 6965 7033 7032
f 6966 7033 6965
f 6966 7034 7033
f 6967 7034 6966
f 6967 7035 7034
f 6968 7035 6967
f 6968 7036 7035
f 6969 7036 6968
f 6969 7037 7036
f 6970 7037 6969
f 6970 7038 7037
f 6971 7038 6970
f 6971 7039 7038
f 6972 7039 6971
f 6972 7040 7039
f 6973 7040 6972
f 6973 7041 7040
f 6974 7041 6973
f 6974 7042 7041
f 6976 7043 6975
f 6976 7044 7043
f 6977 7044 6976
f 6977 7045 7044
f 6978 7045 6977
f 6978 7046 7045
f 6979 7046 6978
f 6979 7047 7046
f 6980 7047 6979
f 6980 7048 7047
f 6981 7048 6980
f 6981 7049 7048
f 6982 7049 6981
f 6982 7050 7049
f 6983 7050 6982
f 6983 7051 7050
f 6984 7051 6983
f 6984 7052 7051
f 6985 7052 6984
f 6985 7053 7052
f 6986 7053 6985
f 6986 7054 7053
f 6987 7054 6986
f 6987 7055 7054
f 6988 7055 6987
f 6988 7056 7055
f 6989 7056 6988
f 6989 7057 7056
f 6990 7057 6989
f 6990 7058 7057
f 6991 7058 6990
f 6991 7059 7058
f 6992 7059 6991
f 6992 7060 7059
f 6993 7060 6992
f 6993 7061 7060
f 6994 7061 6993
f 6994 7062 7061
f 6995 7062 6994
f 6995 7063 7062
f 6996 7063 6995
f 6996 7064 7063
f 6997 7064 6996
f 6997 7065 7064
f 6998 7065 6997
f 6998 7066 7065
f 6999 7066 6998
f 6999 7067 7066
f 7000 7067 6999
f 7000 7068 7067
f 7001 7068 7000
f 7001 7069 7068
f 7002 7069 7001
f 7002 7070 7069
f 7003 7070 7002
f 7003 7071 7070
f 7004 7071 7003
f 7004 7072 7071
f 7005 7072 7004
f 7005 7073 7072
f 7006 7073 7005
f 7006 7074 7073
f 7007 7074 7006
f 7007 7075 7074
f 7008 7075 7007
f 7008 7076 7075
f 7009 7076 7008
f 7009 7077 7076
f 7010 7077 7009
f 7010 7078 7077
f 7011 7078 7010
f 7011 7079 7078
f 7012 7079 7011
f 7012 7080 7079
f 7013 7080 7012
f 7013 7081 7080
f 7014 7081 7013
f 7014 7082 7081
f 7015 7082 7014
f 7015 7083 7082
f 7016 7083 7015
f 7016 7084 7083
f 7017 7084 7016
f 7017 7085 7084
f 7018 7085 7017
f 7018 7086 7085
f 7019 7086 7018
f 7019 7087 7086
f 7020 7087 7019
f 7020 7088 7087
f 7021 7088 7020
f 7021 7089 7088
f 7022 7089 7021
f 7022 7090 7089
f 7023 7090 7022
f 7023 7091 7090
f 7024 7091 7023
f 7024 7092 7091
f 7025 7092 7024
f 7025 7093 7092
f 7026 7093 7025
f 7026 7094 7093
f 7027 7094 7026
f 7027 7095 7094
f 7028 7095 7027
f 7028 7096 7095
f 7029 7096 7028
f 7029 7097 7096
f 7030 7097 7029
f 7030 7098 7097
f 7031 7098 7030
f 7031 7099 7098
f 7032 7099 7031
f 7032 7100 7099
f 7033 7100 7032
f 7033 7101 7100
f 7034 7101 7033
f 7034 7102 7101
f 7035 7102 7034
f 7035 7103 7102
f 7036 7103 7035
f 7036 7104 7103
f 7037 7104 7036
f 7037 7105 7104
f 7038 7105 7037
f 7038 7106 7105
f 7039 7106 7038
f 7039 7107 7106
f 7040 7107 7039
f 7040 7108 7107
f 7041 7108 7040
f 7041 7109 7108
f 7042 7109 7041
f 7042 7110 7109
f 7043 7113 7112
f 7044 7113 7043
f 7044 7114 7113
f 7045 7114 7044
f 7045 7115 7114
f 7046 7115 7045
f 7046 7116 7115
f 7047 7116 7046
f 7047 7117 7116
f 7048 7117 7047
f 7048 7118 7117
f 7049 7118 7048
f 7049 7119 7118
f 7050 7119 7049
f 7050 7120 7119
f 7051 7120 7050
f 7051 7121 7120
f 7052 7121 7051
f 7052 7122 7121
f 7053 7122 7052
f 7053 7123 7122
f 7054 7123 7053
f 7054 7124 7123
f 7055 7124 7054
f 7055 7125 7124
f 7056 7125 7055
f 7056 7126 7125
f 7057 7126 7056
f 7057 7127 7126
f 7058 7127 7057
f 7058 7128 7127
f 7059 7128 7058
f 7059 7129 7128
f 7060 7129 7059
f 7060 7130 7129
f 7061 7130 7060
f 7061 7131 7130
f 7062 7131 7061
f 7062 7132 7131
f 7063 7132 7062
f 7063 7133 7132
f 7064 7133 7063
f 7064 7134 7133
f 7065 7134 7064
f 7065 7135 7134
f 7066 7135 7065
f 7066 7136 7135
f 7067 7136 7066
f 7067 7137 7136
f 7068 7137 7067
f 7068 7138 7137
f 7069 7138 7068
f 7069 7139 7138
f 7070 7139 7069
f 7070 7140 7139
f 7071 7140 7070
f 7071 7141 7140
f 7072 7141 7071
f 7072 7142 7141
f 7073 7142 7072
f 7073 7143 7142
f 7074 7143 7073
f 7074 7144 7143
f 7075 7144 7074
f 7075 7145 7144
f 7076 7145 7075
f 7076 7146 7145
f 7077 7146 7076
f 7077 7147 7146
f 7078 7147 7077
f 7078 7148 7147
f 7079 7148 7078
f 7079 7149 7148
f 7080 7149 7079
f 7080 7150 7149
f 7081 7150 7080
f 7081 7151 7150
f 7082 7151 7081
f 7082 7152 7151
f 7083 7152 7082
f 7083 7153 7152
f 7084 7153 7083
f 7084 7154 7153
f 7085 7154 7084
f 7085 7155 7154
f 7086 7155 7085
f 7086 7156 7155
f 7087 7156 7086
f 7087 7157 7156
f 7088 7157 7087
f 7088 7158 7157
f 7089 7158 7088
f 7089 7159 7158
f 7090 7159 7089
f 7090 7160 7159
f 7091 7160 7090
f 7091 7161 7160
f 7092 7161 7091
f 7092 7162 7161
f 7093 7162 7092
f 7093 7163 7162
f 7094 7163 7093
f 7094 7164 7163
f 7095 7164 7094
f 7095 7165 7164
f 7096 7165 7095
f 7096 7166 7165
f 7097 7166 7096
f 7097 7167 7166
f 7098 7167 7097
f 7098 7168 7167
f 7099 7168 7098
f 7099 7169 7168
f 7100 7169 7099
f 7100 7170 7169
f 7101 7170 7100
f 7101 7171 7170
f 7102 7171 7101
f 7102 7172 7171
f 7103 7172 7102
f 7103 7173 7172
f 7104 7173 7103
f 7104 7174 7173
f 7105 7174 7104
f 7105 7175 7174
f 7106 7175 7105
f 7106 7176 7175
f 7107 7176 7106
f 7107 7177 7176
f 7108 7177 7107
f 7108 7178 7177
f 7109 7178 7108
f 7109 7179 7178
f 7110 7179 7109
f 7110 7180 7179
f 7111 7180 7110
f 7111 7181 7180
f 7113 7182 7112
f 7113 7183 7182
f 7114 7183 7113
f 7114 7184 7183
f 7115 7184 7114
f 7115 7185 7184
f 7116 7185 7115
f 7116 7186 7185
f 7117 7186 7116
f 7117 7187 7186
f 7118 7187 7117
f 7118 7188 7187
f 7119 7188 7118
f 7119 7189 7188
f 7120 7189 7119
f 7120 7190 7189
f 7121 7190 7120
f 7121 7191 7190
f 7122 7191 7121
f 7122 7192 7191
f 7123 7192 7122
f 7123 7193 7192
f 7124 7193 7123
f 7124 7194 7193
f 7125 7194 7124
f 7125 7195 7194
f 7126 7195 7125
f 7126 7196 7195
f 7127 7196 7126
f 7127 7197 7196
f 7128 7197 7127
f 7128 7198 7197
f 7129 7198 7128
f 7129 7199 7198
f 7130 7199 7129
f 7130 7200 7199
f 7131 7200 7130
f 7131 7201 7200
f 7132 7201 7131
f 7132 7202 7201
f 7133 7202 7132
f 7133 7203 7202
f 7134 7203 7133
f 7134 7204 7203
f 7135 7204 7134
f 7135 7205 7204
f 7136 7205 7135
f 7136 7206 7205
f 7137 7206 7136
f 7137 7207 7206
f 7138 7207 7137
f 7138 7208 7207
f 7139 7208 7138
f 7139 7209 7208
f 7140 7209 7139
f 7140 7210 7209
f 7141 7210 7140
f 7141 7211 7210
f 7142 7211 7141
f 7142 7212 7211
f 7143 7212 7142
f 7143 7213 7212
f 7144 7213 7143
f 7144 7214 7213
f 7145 7214 7144
f 7145 7215 7214
f 7146 7215 7145
f 7146 7216 7215
f 7147 7216 7146
f 7147 7217 7216
f 7148 7217 7147
f 7148 7218 7217
f 7149 7218 7148
f 7149 7219 7218
f 7150 7219 7149
f 7150 7220 7219
f 7151 7220 7150
f 7151 7221 7220
f 7152 7221 7151
f 7152 7222 7221
f 7153 7222 7152
f 7153 7223 7222
f 7154 7223 7153
f 7154 7224 7223
f 7155 7224 7154
f 7155 7225 7224
f 7156 7225 7155
f 7156 7226 7225
f 7157 7226 7156
f 7157 7227 7226
f 7158 7227 7157
f 7158 7228 7227
f 7159 7228 7158
f 7159 7229 7228
f 7160 7229 7159
f 7160 7230 7229
f 7161 7230 7160
f 7161 7231 7230
f 7162 7231 7161
f 7162 7232 7231
f 7163 7232 7162
f 7163 7233 7232
f 7164 7233 7163
f 7164 7234 7233
f 7165 7234 7164
f 7165 7235 7234
f 7166 7235 7165
f 7166 7236 7235
f 7167 7236 7166
f 7167 7237 7236
f 7168 7237 7167
f 7168 7238 7237
f 7169 7238 7168
f 7169 7239 7238
f 7170 7239 7169
f 7170 7240 7239
f 7171 7240 7170
f 7171 7241 7240
f 7172 7241 7171
f 7172 7242 7241
f 7173 7242 7172
f 7173 7243 7242
f 7174 7243 7173
f 7174 7244 7243
f 7175 7244 7174
f 7175 7245 7244
f 7176 7245 7175
f 7176 7246 7245
f 7177 7246 7176
f 7177 7247 7246
f 7178 7247 7177
f 7178 7248 7247
f 7179 7248 7178
f 7179 7249 7248
f 7180 7249 7179
f 7180 7250 7249
f 7181 7250 7180
f 7181 7251 7250
f 7183 7253 7182
f 7183 7254 7253
f 7184 7254 7183
f 7184 7255 7254
f 7185 7255 7184
f 7185 7256 7255
f 7186 7256 7185
f 7186 7257 7256
f 7187 7257 7186
f 7187 7258 7257
f 7188 7258 7187
f 7188 7259 7258
f 7189 7259 7188
f 7189 7260 7259
f 7190 7260 7189
f 7190 7261 7260
f 7191 7261 7190
f 7191 7262 7261
f 7192 7262 7191
f 7192 7263 7262
f 7193 7263 7192
f 7193 7264 7263
f 7194 7264 7193
f 7194 7265 7264
f 7195 7265 7194
f 7195 7266 7265
f 7196 7266 7195
f 7196 7267 7266
f 7197 7267 7196
f 7197 7268 7267
f 7198 7268 7197
f 7198 7269 7268
f 7199 7269 7198
f 7199 7270 7269
f 7200 7270 7199
f 7200 7271 7270
f 7201 7271 7200
f 7201 7272 7271
f 7202 7272 7201
f 7202 7273 7272
f 7203 7273 7202
f 7203 7274 7273
f 7204 7274 7203
f 7204 7275 7274
f 7205 7275 7204
f 7205 7276 7275
f 7206 7276 7205
f 7206 7277 7276
f 7207 7277 7206
f 7207 7278 7277
f 7208 7278 7207
f 7208 7279 7278
f 7209 7279 7208
f 7209 7280 7279
f 7210 7280 7209
f 7210 7281 7280
f 7211 7281 7210
f 7211 7282 7281
f 7212 7282 7211
f 7212 7283 7282
f 7213 7283 7212
f 7213 7284 7283
f 7214 7284 7213
f 7214 7285 7284
f 7215 7285 7214
f 7215 7286 7285
f 7216 7286 7215
f 7216 7287 7286
f 7217 7287 7216
f 7217 7288 7287
f 7218 7288 7217
f 7218 7289 7288
f 7219 7289 7218
f 7219 7290 7289
f 7220 7290 7219
f 7220 7291 7290
f 7221 7291 7220
f 7221 7292 7291
f 7222 7292 7221
f 7222 7293 7292
f 7223 7293 7222
f 7223 7294 7293
f 7224 7294 7223
f 7224 7295 7294
f 7225 7295 7224
f 7225 7296 7295
f 7226 7296 7225
f 7226 7297 7296
f 7227 7297 7226
f 7227 7298 7297
f 7228 7298 7227
f 7228 7299 7298
f 7229 7299 7228
f 7229 7300 7299
f 7230 7300 7229
f 7230 7301 7300
f 7231 7301 7230
f 7231 7302 7301
f 7232 7302 7231
f 7232 7303 7302
f 7233 7303 7232
f 7233 7304 7303
f 7234 7304 7233
f 7234 7305 7304
f 7235 7305 7234
f 7235 7306 7305
f 7236 7306 7235
f 7236 7307 7306
f 7237 7307 7236
f 7237 7308 7307
f 7238 7308 7237
f 7238 7309 7308
f 7239 7309 7238
f 7239 7310 7309
f 7240 7310 7239
f 7240 7311 7310
f 7241 7311 7240
f 7241 7312 7311
f 7242 7312 7241
f 7242 7313 7312
f 7243 7313 7242
f 7243 7314 7313
f 7244 7314 7243
f 7244 7315 7314
f 7245 7315 7244
f 7245 7316 7315
f 7246 7316 7245
f 7246 7317 7316
f 7247 7317 7246
f 7247 7318 7317
f 7248 7318 7247
f 7248 7319 7318
f 7249 7319 7248
f 7249 7320 7319
f 7250 7320 7249
f 7250 7321 7320
f 7251 7321 7250
f 7251 7322 7321
f 7252 7322 7251
f 7252 7323 7322
f 7254 7324 7253
f 7254 7325 7324
f 7255 7325 7254
f 7255 7326 7325
f 7256 7326 7255
f 7256 7327 7326
f 7257 7327 7256
f 7257 7328 7327
f 7258 7328 7257
f 7258 7329 7328
f 7259 7329 7258
f 7259 7330 7329
f 7260 7330 7259
f 7260 7331 7330
f 7261 7331 7260
f 7261 7332 7331
f 7262 7332 7261
f 7262 7333 7332
f 7263 7333 7262
f 7263 7334 7333
f 7264 7334 7263
f 7264 7335 7334
f 7265 7335 7264
f 7265 7336 7335
f 7266 7336 7265
f 7266 7337 7336
f 7267 7337 7266
f 7267 7338 7337
f 7268 7338 7267
f 7268 7339 7338
f 7269 7339 7268
f 7269 7340 7339
f 7270 7340 7269
f 7270 7341 7340
f 7271 7341 7270
f 7271 7342 7341
f 7272 7342 7271
f 7272 7343 7342
f 7273 7343 7272
f 7273 7344 7343
f 7274 7344 7273
f 7274 7345 7344
f 7275 7345 7274
f 7275 7346 7345
f 7276 7346 7275
f 7276 7347 7346
f 7277 7347 7276
f 7277 7348 7347
f 7278 7348 7277
f 7278 7349 7348
f 7279 7349 7278
f 7279 7350 7349
f 7280 7350 7279
f 7280 7351 7350
f 7281 7351 7280
f 7281 7352 7351
f 7282 7352 7281
f 7282 7353 7352
f 7283 7353 7282
f 7283 7354 7353
f 7284 7354 7283
f 7284 7355 7354
f 7285 7355 7284
f 7285 7356 7355
f 7286 7356 7285
f 7286 7357 7356
f 7287 7357 7286
f 7287 7358 7357
f 7288 7358 7287
f 7288 7359 7358
f 7289 7359 7288
f 7289 7360 7359
f 7290 7360 7289
f 7290 7361 7360
f 7291 7361 7290
f 7291 7362 7361
f 7292 7362 7291
f 7292 7363 7362
f 7293 7363 7292
f 7293 7364 7363
f 7294 7364 7293
f 7294 7365 7364
f 7295 7365 7294
f 7295 7366 7365
f 7296 7366 7295
f 7296 7367 7366
f 7297 7367 7296
f 7297 7368 7367
f 7298 7368 7297
f 7298 7369 7368
f 7299 7369 7298
f 7299 7370 7369
f 7300 7370 7299
f 7300 7371 7370
f 7301 7371 7300
f 7301 7372 7371
f 7302 7372 7301
f 7302 7373 7372
f 7303 7373 7302
f 7303 7374 7373
f 7304 7374 7303
f 7304 7375 7374
f 7305 7375 7304
f 7305 7376 7375
f 7306 7376 7305
f 7306 7377 7376
f 7307 7377 7306
f 7307 7378 7377
f 7308 7378 7307
f 7308 7379 7378
f 7309 7379 7308
f 7309 7380 7379
f 7310 7380 7309
f 7310 7381 7380
f 7311 7381 7310
f 7311 7382 7381
f 7312 7382 7311
f 7312 7383 7382
f 7313 7383 7312
f 7313 7384 7383
f 7314 7384 7313
f 7314 7385 7384
f 7315 7385 7314
f 7315 7386 7385
f 7316 7386 7315
f 7316 7387 7386
f 7317 7387 7316
f 7317 7388 7387
f 7318 7388 7317
f 7318 7389 7388
f 7319 7389 7318
f 7319 7390 7389
f 7320 7390 7319
f 7320 7391 7390
f 7321 7391 7320
f 7321 7392 7391
f 7322 7392 7321
f 7322 7393 7392
f 7323 7393 7322
f 7323 7394 7393
f 7325 7395 7324
f 7325 7396 7395
f 7326 7396 7325
f 7326 7397 7396
f 7327 7397 7326
f 7327 7398 7397
f 7328 7398 7327
f 7328 7399 7398
f 7329 7399 7328
f 7329 7400 7399
f 7330 7400 7329
f 7330 7401 7400
f 7331 7401 7330
f 7331 7402 7401
f 7332 7402 7331
f 7332 7403 7402
f 7333 7403 7332
f 7333 7404 7403
f 7334 7404 7333
f 7334 7405 7404
f 7335 7405 7334
f 7335 7406 7405
f 7336 7406 7335
f 7336 7407 7406
f 7337 7407 7336
f 7337 7408 7407
f 7338 7408 7337
f 7338 7409 7408
f 7339 7409 7338
f 7339 7410 7409
f 7340 7410 7339
f 7340 7411 7410
f 7341 7411 7340
f 7341 7412 7411
f 7342 7412 7341
f 7342 7413 7412
f 7343 7413 7342
f 7343 7414 7413
f 7344 7414 7343
f 7344 7415 7414
f 7345 7415 7344
f 7345 7416 7415
f 7346 7416 7345
f 7346 7417 7416
f 7347 7417 7346
f 7347 7418 7417
f 7348 7418 7347
f 7348 7419 7418
f 7349 7419 7348
f 7349 7420 7419
f 7350 7420 7349
f 7350 7421 7420
f 7351 7421 7350
f 7351 7422 7421
f 7352 7422 7351
f 7352 7423 7422
f 7353 7423 7352
f 7353 7424 7423
f 7354 7424 7353
f 7354 7425 7424
f 7355 7425 7354
f 7355 7426 7425
f 7356 7426 7355
f 7356 7427 7426
f 7357 7427 7356
f 7357 7428 7427
f 7358 7428 7357
f 7358 7429 7428
f 7359 7429 7358
f 7359 7430 7429
f 7360 7430 7359
f 7360 7431 7430
f 7361 7431 7360
f 7361 7432 7431
f 7362 7432 7361
f 7362 7433 7432
f 7363 7433 7362
f 7363 7434 7433
f 7364 7434 7363
f 7364 7435 7434
f 7365 7435 7364
f 7365 7436 7435
f 7366 7436 7365
f 7366 7437 7436
f 7367 7437 7366
f 7367 7438 7437
f 7368 7438 7367
f 7368 7439 7438
f 7369 7439 7368
f 7369 7440 7439
f 7370 7440 7369
f 7370 7441 7440
f 7371 7441 7370
f 7371 7442 7441
f 7372 7442 7371
f 7372 7443 7442
f 7373 7443 7372
f 7373 7444 7443
f 7374 7444 7373
f 7374 7445 7444
f 7375 7445 7374
f 7375 7446 7445
f 7376 7446 7375
f 7376 7447 7446
f 7377 7447 7376
f 7377 7448 7447
f 7378 7448 7377
f 7378 7449 7448
f 7379 7449 7378
f 7379 7450 7449
f 7380 7450 7379
f 7380 7451 7450
f 7381 7451 7380
f 7381 7452 7451
f 7382 7452 7381
f 7382 7453 7452
f 7383 7453 7382
f 7383 7454 7453
f 7384 7454 7383
f 7384 7455 7454
f 7385 7455 7384
f 7385 7456 7455
f 7386 7456 7385
f 7386 7457 7456
f 7387 7457 7386
f 7387 7458 7457
f 7388 7458 7387
f 7388 7459 7458
f 7389 7459 7388
f 7389 7460 7459
f 7390 7460 7389
f 7390 7461 7460
f 7391 7461 7390
f 7391 7462 7461
f 7392 7462 7391
f 7392 7463 7462
f 7393 7463 7392
f 7393 7464 7463
f 7394 7464 7393
f 7394 7465 7464
f 7396 7466 7395
f 7396 7467 7466
f 7397 7467 7396
f 7397 7468 7467
f 7398 7468 7397
f 7398 7469 7468
f 7399 7469 7398
f 7399 7470 7469
f 7400 7470 7399
f 7400 7471 7470
f 7401 7471 7400
f 7401 7472 7471
f 7402 7472 7401
f 7402 7473 7472
f 7403 7473 7402
f 7403 7474 7473
f 7404 7474 7403
f 7404 7475 7474
f 7405 7475 7404
f 7405 7476 7475
f 7406 7476 7405
f 7406 7477 7476
f 7407 7477 7406
f 7407 7478 7477
f 7408 7478 7407
f 7408 7479 7478
f 7409 7479 7408
f 7409 7480 7479
f 7410 7480 7409
f 7410 7481 7480
f 7411 7481 7410
f 7411 7482 7481
f 7412 7482 7411
f 7412 7483 7482
f 7413 7483 7412
f 7413 7484 7483
f 7414 7484 7413
f 7414 7485 7484
f 7415 7485 7414
f 7415 7486 7485
f 7416 7486 7415
f 7416 7487 7486
f 7417 7487 7416
f 7417 7488 7487
f 7418 7488 7417
f 7418 7489 7488
f 7419 7489 7418
f 7419 7490 7489
f 7420 7490 7419
f 7420 7491 7490
f 7421 7491 7420
f 7421 7492 7491
f 7422 7492 7421
f 7422 7493 7492
f 7423 7493 7422
f 7423 7494 7493
f 7424 7494 7423
f 7424 7495 7494
f 7425 7495 7424
f 7425 7496 7495
f 7426 7496 7425
f 7426 7497 7496
f 7427 7497 7426
f 7427 7498 7497
f 7428 7498 7427
f 7428 7499 7498
f 7429 7499 7428
f 7430 7501 7500
f 7431 7501 7430
f 7431 7502 7501
f 7432 7502 7431
f 7432 7503 7502
f 7433 7503 7432
f 7433 7504 7503
f 7434 7504 7433
f 7434 7505 7504
f 7435 7505 7434
f 7435 7506 7505
f 7436 7506 7435
f 7436 7507 7506
f 7437 7507 7436
f 7437 7508 7507
f 7438 7508 7437
f 7438 7509 7508
f 7439 7509 7438
f 7439 7510 7509
f 7440 7510 7439
f 7440 7511 7510
f 7441 7511 7440
f 7441 7512 7511
f 7442 7512 7441
f 7442 7513 7512
f 7443 7513 7442
f 7443 7514 7513
f 7444 7514 7443
f 7444 7515 7514
f 7445 7515 7444
f 7445 7516 7515
f 7446 7516 7445
f 7446 7517 7516
f 7447 7517 7446
f 7447 7518 7517
f 7448 7518 7447
f 7448 7519 7518
f 7449 7519 7448
f 7449 7520 7519
f 7450 7520 7449
f 7450 7521 7520
f 7451 7521 7450
f 7452 7522 7451
f 7452 7523 7522
f 7453 7523 7452
f 7453 7524 7523
f 7454 7524 7453
f 7454 7525 7524
f 7455 7525 7454
f 7455 7526 7525
f 7456 7526 7455
f 7456 7527 7526
f 7457 7527 7456
f 7457 7528 7527
f 7458 7528 7457
f 7458 7529 7528
f 7459 7529 7458
f 7459 7530 7529
f 7460 7530 7459
f 7460 7531 7530
f 7461 7531 7460
f 7461 7532 7531
f 7462 7532 7461
f 7462 7533 7532
f 7463 7533 7462
f 7463 7534 7533
f 7464 7534 7463
f 7464 7535 7534
f 7465 7535 7464
f 7465 7536 7535
f 7467 7537 7466
f 7467 7538 7537
f 7468 7538 7467
f 7468 7539 7538
f 7469 7539 7468
f 7469 7540 7539
f 7470 7540 7469
f 7470 7541 7540
f 7471 7541 7470
f 7471 7542 7541
f 7472 7542 7471
f 7472 7543 7542
f 7473 7543 7472
f 7473 7544 7543
f 7474 7544 7473
f 7474 7545 7544
f 7475 7545 7474
f 7475 7546 7545
f 7476 7546 7475
f 7476 7547 7546
f 7477 7547 7476
f 7477 7548 7547
f 7478 7548 7477
f 7478 7549 7548
f 7479 7549 7478
f 7479 7550 7549
f 7480 7550 7479
f 7480 7551 7550
f 7481 7551 7480
f 7481 7552 7551
f 7482 7552 7481
f 7482 7553 7552
f 7483 7553 7482
f 7483 7554 7553
f 7484 7554 7483
f 7484 7555 7554
f 7485 7555 7484
f 7485 7556 7555
f 7486 7556 7485
f 7486 7557 7556
f 7487 7557 7486
f 7487 7558 7557
f 7488 7558 7487
f 7488 7559 7558
f 7489 7559 7488
f 7489 7560 7559
f 7490 7560 7489
f 7490 7561 7560
f 7491 7561 7490
f 7491 7562 7561
f 7492 7562 7491
f 7492 7563 7562
f 7493 7563 7492
f 7493 7564 7563
f 7494 7564 7493
f 7494 7565 7564
f 7495 7565 7494
f 7495 7566 7565
f 7496 7566 7495
f 7496 7567 7566
f 7497 7567 7496
f 7497 7568 7567
f 7498 7568 7497
f 7498 7569 7568
f 7499 7569 7498
f 7499 7570 7569
f 7500 7570 7499
f 7503 7573 7502
f 7503 7574 7573
f 7504 7574 7503
f 7504 7575 7574
f 7505 7575 7504
f 7505 7576 7575
f 7506 7576 7505
f 7506 7577 7576
f 7507 7577 7506
f 7507 7578 7577
f 7508 7578 7507
f 7508 7579 7578
f 7509 7579 7508
f 7509 7580 7579
f 7510 7580 7509
f 7510 7581 7580
f 7511 7581 7510
f 7511 7582 7581
f 7512 7582 7511
f 7512 7583 7582
f 7513 7583 7512
f 7513 7584 7583
f 7514 7584 7513
f 7514 7585 7584
f 7515 7585 7514
f 7515 7586 7585
f 7516 7586 7515
f 7516 7587 7586
f 7517 7587 7516
f 7517 7588 7587
f 7518 7588 7517
f 7518 7589 7588
f 7519 7589 7518
f 7519 7590 7589
f 7520 7590 7519
f 7520 7591 7590
f 7521 7591 7520
f 7521 7592 7591
f 7524 7594 7523
f 7524 7595 7594
f 7525 7595 7524
f 7525 7596 7595
f 7526 7596 7525
f 7526 7597 7596
f 7527 7597 7526
f 7527 7598 7597
f 7528 7598 7527
f 7528 7599 7598
f 7529 7599 7528
f 7529 7600 7599
f 7530 7600 7529
f 7530 7601 7600
f 7531 7601 7530
f 7531 7602 7601
f 7532 7602 7531
f 7532 7603 7602
f 7533 7603 7532
f 7533 7604 7603
f 7534 7604 7533
f 7534 7605 7604
f 7535 7605 7534
f 7535 7606 7605
f 7536 7606 7535
f 7536 7607 7606
f 7538 7609 7537
f 7538 7610 7609
f 7539 7610 7538
f 7539 7611 7610
f 7540 7611 7539
f 7540 7612 7611
f 7541 7612 7540
f 7541 7613 7612
f 7542 7613 7541
f 7542 7614 7613
f 7543 7614 7542
f 7543 7615 7614
f 7544 7615 7543
f 7544 7616 7615
f 7545 7616 7544
f 7545 7617 7616
f 7546 7617 7545
f 7546 7618 7617
f 7547 7618 7546
f 7547 7619 7618
f 7548 7619 7547
f 7548 7620 7619
f 7549 7620 7548
f 7549 7621 7620
f 7550 7621 7549
f 7550 7622 7621
f 7551 7622 7550
f 7551 7623 7622
f 7552 7623 7551
f 7552 7624 7623
f 7553 7624 7552
f 7553 7625 7624
f 7554 7625 7553
f 7554 7626 7625
f 7555 7626 7554
f 7555 7627 7626
f 7556 7627 7555
f 7556 7628 7627
f 7557 7628 7556
f 7557 7629 7628
f 7558 7629 7557
f 7558 7630 7629
f 7559 7630 7558
f 7559 7631 7630
f 7560 7631 7559
f 7560 7632 7631
f 7561 7632 7560
f 7561 7633 7632
f 7562 7633 7561
f 7562 7634 7633
f 7563 7634 7562
f 7563 7635 7634
f 7564 7635 7563
f 7564 7636 7635
f 7565 7636 7564
f 7565 7637 7636
f 7566 7637 7565
f 7566 7638 7637
f 7567 7638 7566
f 7567 7639 7638
f 7568 7639 7567
f 7568 7640 7639
f 7569 7640 7568
f 7569 7641 7640
f 7570 7641 7569
f 7570 7642 7641
f 7571 7642 7570
f 7571 7643 7642
f 7572 7643 7571
f 7572 7644 7643
f 7575 7646 7574
f 7575 7647 7646
f 7576 7647 7575
f 7576 7648 7647
f 7577 7648 7576
f 7577 7649 7648
f 7578 7649 7577
f 7578 7650 7649
f 7579 7650 7578
f 7579 7651 7650
f 7580 7651 7579
f 7580 7652 7651
f 7581 7652 7580
f 7581 7653 7652
f 7582 7653 7581
f 7582 7654 7653
f 7583 7654 7582
f 7583 7655 7654
f 7584 7655 7583
f 7584 7656 7655
f 7585 7656 7584
f 7585 7657 7656
f 7586 7657 7585
f 7586 7658 7657
f 7587 7658 7586
f 7587 7659 7658
f 7588 7659 7587
f 7588 7660 7659
f 7589 7660 7588
f 7589 7661 7660
f 7590 7661 7589
f 7590 7662 7661
f 7591 7662 7590
f 7591 7663 7662
f 7592 7663 7591
f 7592 7664 7663
f 7593 7664 7592
f 7593 7665 7664
f 7595 7666 7594
f 7595 7667 7666
f 7596 7667 7595
f 7596 7668 7667
f 7597 7668 7596
f 7597 7669 7668
f 7598 7669 7597
f 7598 7670 7669
f 7599 7670 7598
f 7599 7671 7670
f 7600 7671 7599
f 7600 7672 7671
f 7601 7672 7600
f 7601 7673 7672
f 7602 7673 7601
f 7602 7674 7673
f 7603 7674 7602
f 7603 7675 7674
f 7604 7675 7603
f 7604 7676 7675
f 7605 7676 7604
f 7605 7677 7676
f 7606 7677 7605
f 7606 7678 7677
f 7607 7678 7606
f 7607 7679 7678
f 7608 7679 7607
f 7608 7680 7679
f 7610 7682 7609
f 7610 7683 7682
f 7611 7683 7610
f 7611 7684 7683
f 7612 7684 7611
f 7612 7685 7684
f 7613 7685 7612
f 7613 7686 7685
f 7614 7686 7613
f 7614 7687 7686
f 7615 7687 7614
f 7615 7688 7687
f 7616 7688 7615
f 7616 7689 7688
f 7617 7689 7616
f 7617 7690 7689
f 7618 7690 7617
f 7618 7691 7690
f 7619 7691 7618
f 7619 7692 7691
f 7620 7692 7619
f 7620 7693 7692
f 7621 7693 7620
f 7621 7694 7693
f 7622 7694 7621
f 7622 7695 7694
f 7623 7695 7622
f 7623 7696 7695
f 7624 7696 7623
f 7624 7697 7696
f 7625 7697 7624
f 7625 7698 7697
f 7626 7698 7625
f 7626 7699 7698
f 7627 7699 7626
f 7627 7700 7699
f 7628 7700 7627
f 7628 7701 7700
f 7629 7701 7628
f 7629 7702 7701
f 7630 7702 7629
f 7630 7703 7702
f 7631 7703 7630
f 7631 7704 7703
f 7632 7704 7631
f 7632 7705 7704
f 7633 7705 7632
f 7633 7706 7705
f 7634 7706 7633
f 7634 7707 7706
f 7635 7707 7634
f 7635 7708 7707
f 7636 7708 7635
f 7636 7709 7708
f 7637 7709 7636
f 7637 7710 7709
f 7638 7710 7637
f 7638 7711 7710
f 7639 7711 7638
f 7639 7712 7711
f 7640 7712 7639
f 7640 7713 7712
f 7641 7713 7640
f 7641 7714 7713
f 7642 7714 7641
f 7642 7715 7714
f 7643 7715 7642
f 7643 7716 7715
f 7644 7716 7643
f 7644 7717 7716
f 7645 7717 7644
f 7645 7718 7717
f 7647 7719 7646
f 7647 7720 7719
f 7648 7720 7647
f 7648 7721 7720
f 7649 7721 7648
f 7649 7722 7721
f 7650 7722 7649
f 7650 7723 7722
f 7651 7723 7650
f 7651 7724 7723
f 7652 7724 7651
f 7652 7725 7724
f 7653 7725 7652
f 7653 7726 7725
f 7654 7726 7653
f 7654 7727 7726
f 7655 7727 7654
f 7655 7728 7727
f 7656 7728 7655
f 7656 7729 7728
f 7657 7729 7656
f 7657 7730 7729
f 7658 7730 7657
f 7658 7731 7730
f 7659 7731 7658
f 7659 7732 7731
f 7660 7732 7659
f 7660 7733 7732
f 7661 7733 7660
f 7661 7734 7733
f 7662 7734 7661
f 7662 7735 7734
f 7663 7735 7662
f 7663 7736 7735
f 7664 7736 7663
f 7664 7737 7736
f 7665 7737 7664
f 7666 7739 7738
f 7667 7739 7666
f 7667 7740 7739
f 7668 7740 7667
f 7668 7741 7740
f 7669 7741 7668
f 7669 7742 7741
f 7670 7742 7669
f 7670 7743 7742
f 7671 7743 7670
f 7671 7744 7743
f 7672 7744 7671
f 7672 7745 7744
f 7673 7745 7672
f 7673 7746 7745
f 7674 7746 7673
f 7674 7747 7746
f 7675 7747 7674
f 7675 7748 7747
f 7676 7748 7675
f 7676 7749 7748
f 7677 7749 7676
f 7677 7750 7749
f 7678 7750 7677
f 7678 7751 7750
f 7679 7751 7678
f 7679 7752 7751
f 7680 7752 7679
f 7680 7753 7752
f 7681 7753 7680
f 7681 7754 7753
f 7683 7755 7682
f 7683 7756 7755
f 7684 7756 7683
f 7684 7757 7756
f 7685 7757 7684
f 7685 7758 7757
f 7686 7758 7685
f 7686 7759 7758
f 7687 7759 7686
f 7687 7760 7759
f 7688 7760 7687
f 7688 7761 7760
f 7689 7761 7688
f 7689 7762 7761
f 7690 7762 7689
f 7690 7763 7762
f 7691 7763 7690
f 7691 7764 7763
f 7692 7764 7691
f 7692 7765 7764
f 7693 7765 7692
f 7693 7766 7765
f 7694 7766 7693
f 7694 7767 7766
f 7695 7767 7694
f 7695 7768 7767
f 7696 7768 7695
f 7696 7769 7768
f 7697 7769 7696
f 7697 7770 7769
f 7698 7770 7697
f 7698 7771 7770
f 7699 7771 7698
f 7699 7772 7771
f 7700 7772 7699
f 7700 7773 7772
f 7701 7773 7700
f 7701 7774 7773
f 7702 7774 7701
f 7702 7775 7774
f 7703 7775 7702
f 7703 7776 7775
f 7704 7776 7703
f 7704 7777 7776
f 7705 7777 7704
f 7705 7778 7777
f 7706 7778 7705
f 7706 7779 7778
f 7707 7779 7706
f 7707 7780 7779
f 7708 7780 7707
f 7708 7781 7780
f 7709 7781 7708
f 7709 7782 7781
f 7710 7782 7709
f 7710 7783 7782
f 7711 7783 7710
f 7711 7784 7783
f 7712 7784 7711
f 7712 7785 7784
f 7713 7785 7712
f 7713 7786 7785
f 7714 7786 7713
f 7714 7787 7786
f 7715 7787 7714
f 7715 7788 7787
f 7716 7788 7715
f 7716 7789 7788
f 7717 7789 7716
f 7717 7790 7789
f 7718 7790 7717
f 7718 7791 7790
f 7721 7793 7720
f 7721 7794 7793
f 7722 7794 7721
f 7722 7795 7794
f 7723 7795 7722
f 7723 7796 7795
f 7724 7796 7723
f 7724 7797 7796
f 7725 7797 7724
f 7725 7798 7797
f 7726 7798 7725
f 7726 7799 7798
f 7727 7799 7726
f 7727 7800 7799
f 7728 7800 7727
f 7728 7801 7800
f 7729 7801 7728
f 7729 7802 7801
f 7730 7802 7729
f 7730 7803 7802
f 7731 7803 7730
f 7731 7804 7803
f 7732 7804 7731
f 7732 7805 7804
f 7733 7805 7732
f 7733 7806 7805
f 7734 7806 7733
f 7734 7807 7806
f 7735 7807 7734
f 7735 7808 7807
f 7736 7808 7735
f 7736 7809 7808
f 7737 7809 7736
f 7737 7810 7809
f 7739 7811 7738
f 7739 7812 7811
f 7740 7812 7739
f 7740 7813 7812
f 7741 7813 7740
f 7741 7814 7813
f 7742 7814 7741
f 7742 7815 7814
f 7743 7815 7742
f 7743 7816 7815
f 7744 7816 7743
f 7744 7817 7816
f 7745 7817 7744
f 7745 7818 7817
f 7746 7818 7745
f 7746 7819 7818
f 7747 7819 7746
f 7747 7820 7819
f 7748 7820 7747
f 7748 7821 7820
f 7749 7821 7748
f 7749 7822 7821
f 7750 7822 7749
f 7750 7823 7822
f 7751 7823 7750
f 7751 7824 7823
f 7752 7824 7751
f 7752 7825 7824
f 7753 7825 7752
f 7753 7826 7825
f 7754 7826 7753
f 7754 7827 7826
f 7756 7828 7755
f 7756 7829 7828
f 7757 7829 7756
f 7757 7830 7829
f 7758 7830 7757
f 7758 7831 7830
f 7759 7831 7758
f 7759 7832 7831
f 7760 7832 7759
f 7760 7833 7832
f 7761 7833 7760
f 7761 7834 7833
f 7762 7834 7761
f 7762 7835 7834
f 7763 7835 7762
f 7763 7836 7835
f 7764 7836 7763
f 7764 7837 7836
f 7765 7837 7764
f 7765 7838 7837
f 7766 7838 7765
f 7766 7839 7838
f 7767 7839 7766
f 7767 7840 7839
f 7768 7840 7767
f 7768 7841 7840
f 7769 7841 7768
f 7769 7842 7841
f 7770 7842 7769
f 7770 7843 7842
f 7771 7843 7770
f 7771 7844 7843
f 7772 7844 7771
f 7772 7845 7844
f 7773 7845 7772
f 7773 7846 7845
f 7774 7846 7773
f 7774 7847 7846
f 7775 7847 7774
f 7775 7848 7847
f 7776 7848 7775
f 7776 7849 7848
f 7777 7849 7776
f 7777 7850 7849
f 7778 7850 7777
f 7778 7851 7850
f 7779 7851 7778
f 7779 7852 7851
f 7780 7852 7779
f 7780 7853 7852
f 7781 7853 7780
f 7781 7854 7853
f 7782 7854 7781
f 7782 7855 7854
f 7783 7855 7782
f 7783 7856 7855
f 7784 7856 7783
f 7784 7857 7856
f 7785 7857 7784
f 7785 7858 7857
f 7786 7858 7785
f 7786 7859 7858
f 7787 7859 7786
f 7787 7860 7859
f 7788 7860 7787
f 7788 7861 7860
f 7789 7861 7788
f 7789 7862 7861
f 7790 7862 7789
f 7790 7863 7862
f 7791 7863 7790
f 7791 7864 7863
f 7792 7864 7791
f 7792 7865 7864
f 7794 7866 7793
f 7794 7867 7866
f 7795 7867 7794
f 7795 7868 7867
f 7796 7868 7795
f 7796 7869 7868
f 7797 7869 7796
f 7797 7870 7869
f 7798 7870 7797
f 7798 7871 7870
f 7799 7871 7798
f 7799 7872 7871
f 7800 7872 7799
f 7800 7873 7872
f 7801 7873 7800
f 7801 7874 7873
f 7802 7874 7801
f 7802 7875 7874
f 7803 7875 7802
f 7803 7876 7875
f 7804 7876 7803
f 7804 7877 7876
f 7805 7877 7804
f 7805 7878 7877
f 7806 7878 7805
f 7806 7879 7878
f 7807 7879 7806
f 7807 7880 7879
f 7808 7880 7807
f 7808 7881 7880
f 7809 7881 7808
f 7809 7882 7881
f 7810 7882 7809
f 7811 7884 7883
f 7812 7884 7811
f 7812 7885 7884
f 7813 7885 7812
f 7813 7886 7885
f 7814 7886 7813
f 7814 7887 7886
f 7815 7887 7814
f 7815 7888 7887
f 7816 7888 7815
f 7816 7889 7888
f 7817 7889 7816
f 7817 7890 7889
f 7818 7890 7817
f 7818 7891 7890
f 7819 7891 7818
f 7819 7892 7891
f 7820 7892 7819
f 7820 7893 7892
f 7821 7893 7820
f 7821 7894 7893
f 7822 7894 7821
f 7822 7895 7894
f 7823 7895 7822
f 7823 7896 7895
f 7824 7896 7823
f 7824 7897 7896
f 7825 7897 7824
f 7825 7898 7897
f 7826 7898 7825
f 7826 7899 7898
f 7827 7899 7826
f 7829 7900 7828
f 7830 7901 7829
f 7830 7902 7901
f 7831 7902 7830
f 7831 7903 7902
f 7832 7903 7831
f 7832 7904 7903
f 7833 7904 7832
f 7833 7905 7904
f 7834 7905 7833
f 7834 7906 7905
f 7835 7906 7834
f 7835 7907 7906
f 7836 7907 7835
f 7836 7908 7907
f 7837 7908 7836
f 7837 7909 7908
f 7838 7909 7837
f 7838 7910 7909
f 7839 7910 7838
f 7839 7911 7910
f 7840 7911 7839
f 7840 7912 7911
f 7841 7912 7840
f 7841 7913 7912
f 7842 7913 7841
f 7842 7914 7913
f 7843 7914 7842
f 7843 7915 7914
f 7844 7915 7843
f 7844 7916 7915
f 7845 7916 7844
f 7845 7917 7916
f 7846 7917 7845
f 7846 7918 7917
f 7847 7918 7846
f 7847 7919 7918
f 7848 7919 7847
f 7848 7920 7919
f 7849 7920 7848
f 7849 7921 7920
f 7850 7921 7849
f 7850 7922 7921
f 7851 7922 7850
f 7851 7923 7922
f 7852 7923 7851
f 7852 7924 7923
f 7853 7924 7852
f 7853 7925 7924
f 7854 7925 7853
f 7854 7926 7925
f 7855 7926 7854
f 7855 7927 7926
f 7856 7927 7855
f 7856 7928 7927
f 7857 7928 7856
f 7857 7929 7928
f 7858 7929 7857
f 7858 7930 7929
f 7859 7930 7858
f 7859 7931 7930
f 7860 7931 7859
f 7860 7932 7931
f 7861 7932 7860
f 7861 7933 7932
f 7862 7933 7861
f 7862 7934 7933
f 7863 7934 7862
f 7863 7935 7934
f 7864 7935 7863
f 7864 7936 7935
f 7865 7936 7864
f 7865 7937 7936
f 7867 7938 7866
f 7867 7939 7938
f 7868 7939 7867
f 7868 7940 7939
f 7869 7940 7868
f 7869 7941 7940
f 7870 7941 7869
f 7870 7942 7941
f 7871 7942 7870
f 7871 7943 7942
f 7872 7943 7871
f 7872 7944 7943
f 7873 7944 7872
f 7873 7945 7944
f 7874 7945 7873
f 7874 7946 7945
f 7875 7946 7874
f 7875 7947 7946
f 7876 7947 7875
f 7876 7948 7947
f 7877 7948 7876
f 7877 7949 7948
f 7878 7949 7877
f 7878 7950 7949
f 7879 7950 7878
f 7883 7955 7954
f 7884 7955 7883
f 7884 7956 7955
f 7885 7956 7884
f 7885 7957 7956
f 7886 7957 7885
f 7886 7958 7957
f 7887 7958 7886
f 7887 7959 7958
f 7888 7959 7887
f 7888 7960 7959
f 7889 7960 7888
f 7889 7961 7960
f 7890 7961 7889
f 7890 7962 7961
f 7891 7962 7890
f 7891 7963 7962
f 7892 7963 7891
f 7892 7964 7963
f 7893 7964 7892
f 7893 7965 7964
f 7894 7965 7893
f 7894 7966 7965
f 7895 7966 7894
f 7895 7967 7966
f 7896 7967 7895
f 7896 7968 7967
f 7897 7968 7896
f 7897 7969 7968
f 7898 7969 7897
f 7898 7970 7969
f 7899 7970 7898
f 7899 7971 7970
f 7902 7972 7901
f 7902 7973 7972
f 7903 7973 7902
f 7903 7974 7973
f 7904 7974 7903
f 7904 7975 7974
f 7905 7975 7904
f 7905 7976 7975
f 7906 7976 7905
f 7906 7977 7976
f 7907 7977 7906
f 7907 7978 7977
f 7908 7978 7907
f 7908 7979 7978
f 7909 7979 7908
f 7909 7980 7979
f 7910 7980 7909
f 7910 7981 7980
f 7911 7981 7910
f 7911 7982 7981
f 7912 7982 7911
f 7912 7983 7982
f 7913 7983 7912
f 7913 7984 7983
f 7914 7984 7913
f 7914 7985 7984
f 7915 7985 7914
f 7915 7986 7985
f 7916 7986 7915
f 7916 7987 7986
f 7917 7987 7916
f 7917 7988 7987
f 7918 7988 7917
f 7918 7989 7988
f 7919 7989 7918
f 7919 7990 7989
f 7920 7990 7919
f 7920 7991 7990
f 7921 7991 7920
f 7921 7992 7991
f 7922 7992 7921
f 7922 7993 7992
f 7923 7993 7922
f 7923 7994 7993
f 7924 7994 7923
f 7924 7995 7994
f 7925 7995 7924
f 7925 7996 7995
f 7926 7996 7925
f 7926 7997 7996
f 7927 7997 7926
f 7927 7998 7997
f 7928 7998 7927
f 7928 7999 7998
f 7929 7999 7928
f 7929 8000 7999
f 7930 8000 7929
f 7930 8001 8000
f 7931 8001 7930
f 7931 8002 8001
f 7932 8002 7931
f 7932 8003 8002
f 7933 8003 7932
f 7933 8004 8003
f 7934 8004 7933
f 7934 8005 8004
f 7935 8005 7934
f 7935 8006 8005
f 7936 8006 7935
f 7936 8007 8006
f 7937 8007 7936
f 7937 8008 8007
f 7939 8009 7938
f 7939 8010 8009
f 7940 8010 7939
f 7940 8011 8010
f 7941 8011 7940
f 7941 8012 8011
f 7942 8012 7941
f 7942 8013 8012
f 7943 8013 7942
f 7943 8014 8013
f 7944 8014 7943
f 7944 8015 8014
f 7945 8015 7944
f 7945 8016 8015
f 7946 8016 7945
f 7946 8017 8016
f 7947 8017 7946
f 7947 8018 8017
f 7948 8018 7947
f 7948 8019 8018
f 7949 8019 7948
f 7949 8020 8019
f 7950 8020 7949
f 7950 8021 8020
f 7951 8021 7950
f 7951 8022 8021
f 7952 8022 7951
f 7952 8023 8022
f 7953 8023 7952
f 7953 8024 8023
f 7954 8024 7953
f 7954 8025 8024
f 7955 8025 7954
f 7955 8026 8025
f 7956 8026 7955
f 7956 8027 8026
f 7957 8027 7956
f 7957 8028 8027
f 7958 8028 7957
f 7958 8029 8028
f 7959 8029 7958
f 7959 8030 8029
f 7960 8030 7959
f 7960 8031 8030
f 7961 8031 7960
f 7961 8032 8031
f 7962 8032 7961
f 7962 8033 8032
f 7963 8033 7962
f 7963 8034 8033
f 7964 8034 7963
f 7964 8035 8034
f 7965 8035 7964
f 7965 8036 8035
f 7966 8036 7965
f 7966 8037 8036
f 7967 8037 7966
f 7967 8038 8037
f 7968 8038 7967
f 7968 8039 8038
f 7969 8039 7968
f 7969 8040 8039
f 7970 8040 7969
f 7970 8041 8040
f 7971 8041 7970
f 7973 8042 7972
f 7973 8043 8042
f 7974 8043 7973
f 7974 8044 8043
f 7975 8044 7974
f 7975 8045 8044
f 7976 8045 7975
f 7976 8046 8045
f 7977 8046 7976
f 7977 8047 8046
f 7978 8047 7977
f 7978 8048 8047
f 7979 8048 7978
f 7979 8049 8048
f 7980 8049 7979
f 7980 8050 8049
f 7981 8050 7980
f 7981 8051 8050
f 7982 8051 7981
f 7982 8052 8051
f 7983 8052 7982
f 7983 8053 8052
f 7984 8053 7983
f 7984 8054 8053
f 7985 8054 7984
f 7985 8055 8054
f 7986 8055 7985
f 7986 8056 8055
f 7987 8056 7986
f 7987 8057 8056
f 7988 8057 7987
f 7988 8058 8057
f 7989 8058 7988
f 7989 8059 8058
f 7990 8059 7989
f 7990 8060 8059
f 7991 8060 7990
f 7991 8061 8060
f 7992 8061 7991
f 7992 8062 8061
f 7993 8062 7992
f 7993 8063 8062
f 7994 8063 7993
f 7994 8064 8063
f 7995 8064 7994
f 7995 8065 8064
f 7996 8065 7995
f 7996 8066 8065
f 7997 8066 7996
f 7997 8067 8066
f 7998 8067 7997
f 7998 8068 8067
f 7999 8068 7998
f 7999 8069 8068
f 8000 8069 7999
f 8000 8070 8069
f 8001 8070 8000
f 8001 8071 8070
f 8002 8071 8001
f 8002 8072 8071
f 8003 8072 8002
f 8003 8073 8072
f 8004 8073 8003
f 8004 8074 8073
f 8005 8074 8004
f 8005 8075 8074
f 8006 8075 8005
f 8006 8076 8075
f 8007 8076 8006
f 8007 8077 8076
f 8008 8077 8007
f 8008 8078 8077
f 8010 8079 8009
f 8010 8080 8079
f 8011 8080 8010
f 8011 8081 8080
f 8012 8081 8011
f 8012 8082 8081
f 8013 8082 8012
f 8013 8083 8082
f 8014 8083 8013
f 8014 8084 8083
f 8015 8084 8014
f 8015 8085 8084
f 8016 8085 8015
f 8016 8086 8085
f 8017 8086 8016
f 8017 8087 8086
f 8018 8087 8017
f 8018 8088 8087
f 8019 8088 8018
f 8019 8089 8088
f 8020 8089 8019
f 8020 8090 8089
f 8021 8090 8020
f 8021 8091 8090
f 8022 8091 8021
f 8022 8092 8091
f 8023 8092 8022
f 8023 8093 8092
f 8024 8093 8023
f 8024 8094 8093
f 8025 8094 8024
f 8025 8095 8094
f 8026 8095 8025
f 8026 8096 8095
f 8027 8096 8026
f 8027 8097 8096
f 8028 8097 8027
f 8028 8098 8097
f 8029 8098 8028
f 8029 8099 8098
f 8030 8099 8029
f 8030 8100 8099
f 8031 8100 8030
f 8031 8101 8100
f 8032 8101 8031
f 8032 8102 8101
f 8033 8102 8032
f 8033 8103 8102
f 8034 8103 8033
f 8034 8104 8103
f 8035 8104 8034
f 8035 8105 8104
f 8036 8105 8035
f 8036 8106 8105
f 8037 8106 8036
f 8037 8107 8106
f 8038 8107 8037
f 8043 8108 8042
f 8043 8109 8108
f 8044 8109 8043
f 8044 8110 8109
f 8045 8110 8044
f 8045 8111 8110
f 8046 8111 8045
f 8046 8112 8111
f 8047 8112 8046
f 8047 8113 8112
f 8048 8113 8047
f 8048 8114 8113
f 8049 8114 8048
f 8049 8115 8114
f 8050 8115 8049
f 8050 8116 8115
f 8051 8116 8050
f 8051 8117 8116
f 8052 8117 8051
f 8052 8118 8117
f 8053 8118 8052
f 8053 8119 8118
f 8054 8119 8053
f 8054 8120 8119
f 8055 8120 8054
f 8055 8121 8120
f 8056 8121 8055
f 8056 8122 8121
f 8057 8122 8056
f 8057 8123 8122
f 8058 8123 8057
f 8058 8124 8123
f 8059 8124 8058
f 8059 8125 8124
f 8060 8125 8059
f 8060 8126 8125
f 8061 8126 8060
f 8061 8127 8126
f 8062 8127 8061
f 8062 8128 8127
f 8063 8128 8062
f 8063 8129 8128
f 8064 8129 8063
f 8064 8130 8129
f 8065 8130 8064
f 8065 8131 8130
f 8066 8131 8065
f 8066 8132 8131
f 8067 8132 8066
f 8067 8133 8132
f 8068 8133 8067
f 8068 8134 8133
f 8069 8134 8068
f 8069 8135 8134
f 8070 8135 8069
f 8070 8136 8135
f 8071 8136 8070
f 8072 8137 8071
f 8073 8138 8072
f 8073 8139 8138
f 8074 8139 8073
f 8074 8140 8139
f 8075 8140 8074
f 8075 8141 8140
f 8076 8141 8075
f 8076 8142 8141
f 8077 8142 8076
f 8077 8143 8142
f 8078 8143 8077
f 8078 8144 8143
f 8080 8145 8079
f 8080 8146 8145
f 8081 8146 8080
f 8081 8147 8146
f 8082 8147 8081
f 8082 8148 8147
f 8083 8148 8082
f 8083 8149 8148
f 8084 8149 8083
f 8084 8150 8149
f 8085 8150 8084
f 8085 8151 8150
f 8086 8151 8085
f 8086 8152 8151
f 8087 8152 8086
f 8087 8153 8152
f 8088 8153 8087
f 8088 8154 8153
f 8089 8154 8088
f 8089 8155 8154
f 8090 8155 8089
f 8090 8156 8155
f 8091 8156 8090
f 8091 8157 8156
f 8092 8157 8091
f 8092 8158 8157
f 8093 8158 8092
f 8093 8159 8158
f 8094 8159 8093
f 8094 8160 8159
f 8095 8160 8094
f 8095 8161 8160
f 8096 8161 8095
f 8096 8162 8161
f 8097 8162 8096
f 8097 8163 8162
f 8098 8163 8097
f 8098 8164 8163
f 8099 8164 8098
f 8099 8165 8164
f 8100 8165 8099
f 8100 8166 8165
f 8101 8166 8100
f 8101 8167 8166
f 8102 8167 8101
f 8102 8168 8167
f 8103 8168 8102
f 8103 8169 8168
f 8104 8169 8103
f 8104 8170 8169
f 8105 8170 8104
f 8105 8171 8170
f 8106 8171 8105
f 8110 8172 8109
f 8110 8173 8172
f 8111 8173 8110
f 8111 8174 8173
f 8112 8174 8111
f 8112 8175 8174
f 8113 8175 8112
f 8113 8176 8175
f 8114 8176 8113
f 8114 8177 8176
f 8115 8177 8114
f 8115 8178 8177
f 8116 8178 8115
f 8116 8179 8178
f 8117 8179 8116
f 8117 8180 8179
f 8118 8180 8117
f 8118 8181 8180
f 8119 8181 8118
f 8119 8182 8181
f 8120 8182 8119
f 8120 8183 8182
f 8121 8183 8120
f 8121 8184 8183
f 8122 8184 8121
f 8122 8185 8184
f 8123 8185 8122
f 8123 8186 8185
f 8124 8186 8123
f 8124 8187 8186
f 8125 8187 8124
f 8125 8188 8187
f 8126 8188 8125
f 8126 8189 8188
f 8127 8189 8126
f 8127 8190 8189
f 8128 8190 8127
f 8128 8191 8190
f 8129 8191 8128
f 8129 8192 8191
f 8130 8192 8129
f 8130 8193 8192
f 8131 8193 8130
f 8131 8194 8193
f 8132 8194 8131
f 8132 8195 8194
f 8133 8195 8132
f 8133 8196 8195
f 8134 8196 8133
f 8134 8197 8196
f 8135 8197 8134
f 8135 8198 8197
f 8136 8198 8135
f 8138 8199 8137
f 8139 8200 8138
f 8139 8201 8200
f 8140 8201 8139
f 8140 8202 8201
f 8141 8202 8140
f 8141 8203 8202
f 8142 8203 8141
f 8142 8204 8203
f 8143 8204 8142
f 8143 8205 8204
f 8144 8205 8143
f 8144 8206 8205
f 8146 8207 8145
f 8146 8208 8207
f 8147 8208 8146
f 8147 8209 8208
f 8148 8209 8147
f 8148 8210 8209
f 8149 8210 8148
f 8149 8211 8210
f 8150 8211 8149
f 8150 8212 8211
f 8151 8212 8150
f 8151 8213 8212
f 8152 8213 8151
f 8152 8214 8213
f 8153 8214 8152
f 8153 8215 8214
f 8154 8215 8153
f 8154 8216 8215
f 8155 8216 8154
f 8155 8217 8216
f 8156 8217 8155
f 8156 8218 8217
f 8157 8218 8156
f 8157 8219 8218
f 8158 8219 8157
f 8158 8220 8219
f 8159 8220 8158
f 8159 8221 8220
f 8160 8221 8159
f 8160 8222 8221
f 8161 8222 8160
f 8161 8223 8222
f 8162 8223 8161
f 8162 8224 8223
f 8163 8224 8162
f 8163 8225 8224
f 8164 8225 8163
f 8164 8226 8225
f 8165 8226 8164
f 8165 8227 8226
f 8166 8227 8165
f 8166 8228 8227
f 8167 8228 8166
f 8167 8229 8228
f 8168 8229 8167
f 8168 8230 8229
f 8169 8230 8168
f 8169 8231 8230
f 8170 8231 8169
f 8173 8232 8172
f 8173 8233 8232
f 8174 8233 8173
f 8174 8234 8233
f 8175 8234 8174
f 8175 8235 8234
f 8176 8235 8175
f 8176 8236 8235
f 8177 8236 8176
f 8177 8237 8236
f 8178 8237 8177
f 8178 8238 8237
f 8179 8238 8178
f 8179 8239 8238
f 8180 8239 8179
f 8180 8240 8239
f 8181 8240 8180
f 8181 8241 8240
f 8182 8241 8181
f 8182 8242 8241
f 8183 8242 8182
f 8183 8243 8242
f 8184 8243 8183
f 8184 8244 8243
f 8185 8244 8184
f 8185 8245 8244
f 8186 8245 8185
f 8186 8246 8245
f 8187 8246 8186
f 8187 8247 8246
f 8188 8247 8187
f 8188 8248 8247
f 8189 8248 8188
f 8189 8249 8248
f 8190 8249 8189
f 8190 8250 8249
f 8191 8250 8190
f 8191 8251 8250
f 8192 8251 8191
f 8192 8252 8251
f 8193 8252 8192
f 8193 8253 8252
f 8194 8253 8193
f 8194 8254 8253
f 8195 8254 8194
f 8195 8255 8254
f 8196 8255 8195
f 8196 8256 8255
f 8197 8256 8196
f 8197 8257 8256
f 8198 8257 8197
f 8198 8258 8257
f 8201 8259 8200
f 8201 8260 8259
f 8202 8260 8201
f 8202 8261 8260
f 8203 8261 8202
f 8203 8262 8261
f 8204 8262 8203
f 8204 8263 8262
f 8205 8263 8204
f 8205 8264 8263
f 8206 8264 8205
f 8206 8265 8264
f 8208 8266 8207
f 8208 8267 8266
f 8209 8267 8208
f 8209 8268 8267
f 8210 8268 8209
f 8210 8269 8268
f 8211 8269 8210
f 8211 8270 8269
f 8212 8270 8211
f 8212 8271 8270
f 8213 8271 8212
f 8213 8272 8271
f 8214 8272 8213
f 8214 8273 8272
f 8215 8273 8214
f 8215 8274 8273
f 8216 8274 8215
f 8216 8275 8274
f 8217 8275 8216
f 8217 8276 8275
f 8218 8276 8217
f 8218 8277 8276
f 8219 8277 8218
f 8219 8278 8277
f 8220 8278 8219
f 8220 8279 8278
f 8221 8279 8220
f 8221 8280 8279
f 8222 8280 8221
f 8222 8281 8280
f 8223 8281 8222
f 8223 8282 8281
f 8224 8282 8223
f 8224 8283 8282
f 8225 8283 8224
f 8225 8284 8283
f 8226 8284 8225
f 8226 8285 8284
f 8227 8285 8226
f 8227 8286 8285
f 8228 8286 8227
f 8228 8287 8286
f 8229 8287 8228
f 8229 8288 8287
f 8230 8288 8229
f 8234 8289 8233
f 8234 8290 8289
f 8235 8290 8234
f 8235 8291 8290
f 8236 8291 8235
f 8236 8292 8291
f 8237 8292 8236
f 8237 8293 8292
f 8238 8293 8237
f 8238 8294 8293
f 8239 8294 8238
f 8239 8295 8294
f 8240 8295 8239
f 8240 8296 8295
f 8241 8296 8240
f 8241 8297 8296
f 8242 8297 8241
f 8242 8298 8297
f 8243 8298 8242
f 8243 8299 8298
f 8244 8299 8243
f 8244 8300 8299
f 8245 8300 8244
f 8245 8301 8300
f 8246 8301 8245
f 8246 8302 8301
f 8247 8302 8246
f 8247 8303 8302
f 8248 8303 8247
f 8248 8304 8303
f 8249 8304 8248
f 8249 8305 8304
f 8250 8305 8249
f 8250 8306 8305
f 8251 8306 8250
f 8251 8307 8306
f 8252 8307 8251
f 8252 8308 8307
f 8253 8308 8252
f 8253 8309 8308
f 8254 8309 8253
f 8254 8310 8309
f 8255 8310 8254
f 8255 8311 8310
f 8256 8311 8255
f 8256 8312 8311
f 8257 8312 8256
f 8257 8313 8312
f 8258 8313 8257
f 8258 8314 8313
f 8260 8315 8259
f 8260 8316 8315
f 8261 8316 8260
f 8261 8317 8316
f 8262 8317 8261
f 8262 8318 8317
f 8263 8318 8262
f 8263 8319 8318
f 8264 8319 8263
f 8264 8320 8319
f 8265 8320 8264
f 8265 8321 8320
f 8267 8322 8266
f 8267 8323 8322
f 8268 8323 8267
f 8268 8324 8323
f 8269 8324 8268
f 8269 8325 8324
f 8270 8325 8269
f 8270 8326 8325
f 8271 8326 8270
f 8271 8327 8326
f 8272 8327 8271
f 8272 8328 8327
f 8273 8328 8272
f 8273 8329 8328
f 8274 8329 8273
f 8274 8330 8329
f 8275 8330 8274
f 8275 8331 8330
f 8276 8331 8275
f 8276 8332 8331
f 8277 8332 8276
f 8277 8333 8332
f 8278 8333 8277
f 8278 8334 8333
f 8279 8334 8278
f 8279 8335 8334
f 8280 8335 8279
f 8280 8336 8335
f 8281 8336 8280
f 8281 8337 8336
f 8282 8337 8281
f 8282 8338 8337
f 8283 8338 8282
f 8283 8339 8338
f 8284 8339 8283
f 8284 8340 8339
f 8285 8340 8284
f 8285 8341 8340
f 8286 8341 8285
f 8291 8342 8290
f 8291 8343 8342
f 8292 8343 8291
f 8292 8344 8343
f 8293 8344 8292
f 8293 8345 8344
f 8294 8345 8293
f 8294 8346 8345
f 8295 8346 8294
f 8295 8347 8346
f 8296 8347 8295
f 8296 8348 8347
f 8297 8348 8296
f 8297 8349 8348
f 8298 8349 8297
f 8298 8350 8349
f 8299 8350 8298
f 8299 8351 8350
f 8300 8351 8299
f 8300 8352 8351
f 8301 8352 8300
f 8301 8353 8352
f 8302 8353 8301
f 8302 8354 8353
f 8303 8354 8302
f 8303 8355 8354
f 8304 8355 8303
f 8304 8356 8355
f 8305 8356 8304
f 8305 8357 8356
f 8306 8357 8305
f 8306 8358 8357
f 8307 8358 8306
f 8307 8359 8358
f 8308 8359 8307
f 8308 8360 8359
f 8309 8360 8308
f 8309 8361 8360
f 8310 8361 8309
f 8310 8362 8361
f 8311 8362 8310
f 8311 8363 8362
f 8312 8363 8311
f 8312 8364 8363
f 8313 8364 8312
f 8313 8365 8364
f 8314 8365 8313
f 8314 8366 8365
f 8315 8368 8367
f 8316 8368 8315
f 8316 8369 8368
f 8317 8369 8316
f 8317 8370 8369
f 8318 8370 8317
f 8318 8371 8370
f 8319 8371 8318
f 8319 8372 8371
f 8320 8372 8319
f 8320 8373 8372
f 8321 8373 8320
f 8322 8375 8374
f 8323 8375 8322
f 8323 8376 8375
f 8324 8376 8323
f 8324 8377 8376
f 8325 8377 8324
f 8325 8378 8377
f 8326 8378 8325
f 8326 8379 8378
f 8327 8379 8326
f 8327 8380 8379
f 8328 8380 8327
f 8328 8381 8380
f 8329 8381 8328
f 8329 8382 8381
f 8330 8382 8329
f 8330 8383 8382
f 8331 8383 8330
f 8331 8384 8383
f 8332 8384 8331
f 8332 8385 8384
f 8333 8385 8332
f 8333 8386 8385
f 8334 8386 8333
f 8334 8387 8386
f 8335 8387 8334
f 8335 8388 8387
f 8336 8388 8335
f 8336 8389 8388
f 8337 8389 8336
f 8337 8390 8389
f 8338 8390 8337
f 8338 8391 8390
f 8339 8391 8338
f 8340 8392 8339
f 8343 8393 8342
f 8343 8394 8393
f 8344 8394 8343
f 8344 8395 8394
f 8345 8395 8344
f 8345 8396 8395
f 8346 8396 8345
f 8346 8397 8396
f 8347 8397 8346
f 8347 8398 8397
f 8348 8398 8347
f 8348 8399 8398
f 8349 8399 8348
f 8349 8400 8399
f 8350 8400 8349
f 8350 8401 8400
f 8351 8401 8350
f 8351 8402 8401
f 8352 8402 8351
f 8352 8403 8402
f 8353 8403 8352
f 8353 8404 8403
f 8354 8404 8353
f 8354 8405 8404
f 8355 8405 8354
f 8355 8406 8405
f 8356 8406 8355
f 8356 8407 8406
f 8357 8407 8356
f 8357 8408 8407
f 8358 8408 8357
f 8358 8409 8408
f 8359 8409 8358
f 8359 8410 8409
f 8360 8410 8359
f 8360 8411 8410
f 8361 8411 8360
f 8361 8412 8411
f 8362 8412 8361
f 8362 8413 8412
f 8363 8413 8362
f 8363 8414 8413
f 8364 8414 8363
f 8364 8415 8414
f 8365 8415 8364
f 8365 8416 8415
f 8366 8416 8365
f 8366 8417 8416
f 8368 8419 8418
f 8369 8419 8368
f 8369 8420 8419
f 8370 8420 8369
f 8370 8421 8420
f 8371 8421 8370
f 8371 8422 8421
f 8372 8422 8371
f 8372 8423 8422
f 8373 8423 8372
f 8373 8424 8423
f 8375 8425 8374
f 8375 8426 8425
f 8376 8426 8375
f 8376 8427 8426
f 8377 8427 8376
f 8377 8428 8427
f 8378 8428 8377
f 8378 8429 8428
f 8379 8429 8378
f 8379 8430 8429
f 8380 8430 8379
f 8380 8431 8430
f 8381 8431 8380
f 8381 8432 8431
f 8382 8432 8381
f 8382 8433 8432
f 8383 8433 8382
f 8383 8434 8433
f 8384 8434 8383
f 8384 8435 8434
f 8385 8435 8384
f 8385 8436 8435
f 8386 8436 8385
f 8386 8437 8436
f 8387 8437 8386
f 8387 8438 8437
f 8388 8438 8387
f 8388 8439 8438
f 8389 8439 8388
f 8390 8440 8389
f 8390 8441 8440
f 8391 8441 8390
f 8395 8442 8394
f 8395 8443 8442
f 8396 8443 8395
f 8396 8444 8443
f 8397 8444 8396
f 8397 8445 8444
f 8398 8445 8397
f 8398 8446 8445
f 8399 8446 8398
f 8399 8447 8446
f 8400 8447 8399
f 8400 8448 8447
f 8401 8448 8400
f 8401 8449 8448
f 8402 8449 8401
f 8402 8450 8449
f 8403 8450 8402
f 8403 8451 8450
f 8404 8451 8403
f 8404 8452 8451
f 8405 8452 8404
f 8405 8453 8452
f 8406 8453 8405
f 8406 8454 8453
f 8407 8454 8406
f 8407 8455 8454
f 8408 8455 8407
f 8408 8456 8455
f 8409 8456 8408
f 8409 8457 8456
f 8410 8457 8409
f 8410 8458 8457
f 8411 8458 8410
f 8411 8459 8458
f 8412 8459 8411
f 8412 8460 8459
f 8413 8460 8412
f 8413 8461 8460
f 8414 8461 8413
f 8414 8462 8461
f 8415 8462 8414
f 8415 8463 8462
f 8416 8463 8415
f 8416 8464 8463
f 8417 8464 8416
f 8417 8465 8464
f 8419 8467 8418
f 8419 8468 8467
f 8420 8468 8419
f 8420 8469 8468
f 8421 8469 8420
f 8421 8470 8469
f 8422 8470 8421
f 8422 8471 8470
f 8423 8471 8422
f 8423 8472 8471
f 8424 8472 8423
f 8424 8473 8472
f 8426 8474 8425
f 8426 8475 8474
f 8427 8475 8426
f 8427 8476 8475
f 8428 8476 8427
f 8428 8477 8476
f 8429 8477 8428
f 8429 8478 8477
f 8430 8478 8429
f 8430 8479 8478
f 8431 8479 8430
f 8431 8480 8479
f 8432 8480 8431
f 8432 8481 8480
f 8433 8481 8432
f 8433 8482 8481
f 8434 8482 8433
f 8434 8483 8482
f 8435 8483 8434
f 8435 8484 8483
f 8436 8484 8435
f 8436 8485 8484
f 8437 8485 8436
f 8437 8486 8485
f 8438 8486 8437
f 8444 8487 8443
f 8444 8488 8487
f 8445 8488 8444
f 8445 8489 8488
f 8446 8489 8445
f 8446 8490 8489
f 8447 8490 8446
f 8447 8491 8490
f 8448 8491 8447
f 8448 8492 8491
f 8449 8492 8448
f 8449 8493 8492
f 8450 8493 8449
f 8450 8494 8493
f 8451 8494 8450
f 8451 8495 8494
f 8452 8495 8451
f 8452 8496 8495
f 8453 8496 8452
f 8453 8497 8496
f 8454 8497 8453
f 8454 8498 8497
f 8455 8498 8454
f 8455 8499 8498
f 8456 8499 8455
f 8456 8500 8499
f 8457 8500 8456
f 8457 8501 8500
f 8458 8501 8457
f 8458 8502 8501
f 8459 8502 8458
f 8459 8503 8502
f 8460 8503 8459
f 8460 8504 8503
f 8461 8504 8460
f 8461 8505 8504
f 8462 8505 8461
f 8462 8506 8505
f 8463 8506 8462
f 8463 8507 8506
f 8464 8507 8463
f 8464 8508 8507
f 8465 8508 8464
f 8465 8509 8508
f 8466 8509 8465
f 8466 8510 8509
f 8468 8511 8467
f 8468 8512 8511
f 8469 8512 8468
f 8469 8513 8512
f 8470 8513 8469
f 8470 8514 8513
f 8471 8514 8470
f 8471 8515 8514
f 8472 8515 8471
f 8472 8516 8515
f 8473 8516 8472
f 8474 8518 8517
f 8475 8518 8474
f 8475 8519 8518
f 8476 8519 8475
f 8476 8520 8519
f 8477 8520 8476
f 8477 8521 8520
f 8478 8521 8477
f 8478 8522 8521
f 8479 8522 8478
f 8479 8523 8522
f 8480 8523 8479
f 8480 8524 8523
f 8481 8524 8480
f 8481 8525 8524
f 8482 8525 8481
f 8482 8526 8525
f 8483 8526 8482
f 8483 8527 8526
f 8484 8527 8483
f 8484 8528 8527
f 8485 8528 8484
f 8485 8529 8528
f 8486 8529 8485
f 8488 8530 8487
f 8488 8531 8530
f 8489 8531 8488
f 8489 8532 8531
f 8490 8532 8489
f 8490 8533 8532
f 8491 8533 8490
f 8491 8534 8533
f 8492 8534 8491
f 8492 8535 8534
f 8493 8535 8492
f 8493 8536 8535
f 8494 8536 8493
f 8494 8537 8536
f 8495 8537 8494
f 8495 8538 8537
f 8496 8538 8495
f 8496 8539 8538
f 8497 8539 8496
f 8497 8540 8539
f 8498 8540 8497
f 8498 8541 8540
f 8499 8541 8498
f 8499 8542 8541
f 8500 8542 8499
f 8500 8543 8542
f 8501 8543 8500
f 8501 8544 8543
f 8502 8544 8501
f 8502 8545 8544
f 8503 8545 8502
f 8503 8546 8545
f 8504 8546 8503
f 8504 8547 8546
f 8505 8547 8504
f 8505 8548 8547
f 8506 8548 8505
f 8506 8549 8548
f 8507 8549 8506
f 8507 8550 8549
f 8508 8550 8507
f 8508 8551 8550
f 8509 8551 8508
f 8509 8552 8551
f 8510 8552 8509
f 8510 8553 8552
f 8512 8554 8511
f 8512 8555 8554
f 8513 8555 8512
f 8513 8556 8555
f 8514 8556 8513
f 8514 8557 8556
f 8515 8557 8514
f 8515 8558 8557
f 8516 8558 8515
f 8516 8559 8558
f 8518 8560 8517
f 8518 8561 8560
f 8519 8561 8518
f 8519 8562 8561
f 8520 8562 8519
f 8520 8563 8562
f 8521 8563 8520
f 8521 8564 8563
f 8522 8564 8521
f 8522 8565 8564
f 8523 8565 8522
f 8523 8566 8565
f 8524 8566 8523
f 8524 8567 8566
f 8525 8567 8524
f 8525 8568 8567
f 8526 8568 8525
f 8526 8569 8568
f 8527 8569 8526
f 8527 8570 8569
f 8528 8570 8527
f 8529 8571 8528
f 8532 8572 8531
f 8532 8573 8572
f 8533 8573 8532
f 8533 8574 8573
f 8534 8574 8533
f 8534 8575 8574
f 8535 8575 8534
f 8535 8576 8575
f 8536 8576 8535
f 8536 8577 8576
f 8537 8577 8536
f 8537 8578 8577
f 8538 8578 8537
f 8538 8579 8578
f 8539 8579 8538
f 8539 8580 8579
f 8540 8580 8539
f 8540 8581 8580
f 8541 8581 8540
f 8541 8582 8581
f 8542 8582 8541
f 8542 8583 8582
f 8543 8583 8542
f 8543 8584 8583
f 8544 8584 8543
f 8544 8585 8584
f 8545 8585 8544
f 8545 8586 8585
f 8546 8586 8545
f 8546 8587 8586
f 8547 8587 8546
f 8547 8588 8587
f 8548 8588 8547
f 8548 8589 8588
f 8549 8589 8548
f 8549 8590 8589
f 8550 8590 8549
f 8550 8591 8590
f 8551 8591 8550
f 8551 8592 8591
f 8552 8592 8551
f 8552 8593 8592
f 8553 8593 8552
f 8553 8594 8593
f 8555 8595 8554
f 8555 8596 8595
f 8556 8596 8555
f 8556 8597 8596
f 8557 8597 8556
f 8557 8598 8597
f 8558 8598 8557
f 8558 8599 8598
f 8559 8599 8558
f 8560 8601 8600
f 8561 8601 8560
f 8561 8602 8601
f 8562 8602 8561
f 8562 8603 8602
f 8563 8603 8562
f 8563 8604 8603
f 8564 8604 8563
f 8564 8605 8604
f 8565 8605 8564
f 8565 8606 8605
f 8566 8606 8565
f 8566 8607 8606
f 8567 8607 8566
f 8567 8608 8607
f 8568 8608 8567
f 8568 8609 8608
f 8569 8609 8568
f 8569 8610 8609
f 8570 8610 8569
f 8570 8611 8610
f 8571 8611 8570
f 8574 8612 8573
f 8574 8613 8612
f 8575 8613 8574
f 8575 8614 8613
f 8576 8614 8575
f 8576 8615 8614
f 8577 8615 8576
f 8577 8616 8615
f 8578 8616 8577
f 8578 8617 8616
f 8579 8617 8578
f 8579 8618 8617
f 8580 8618 8579
f 8580 8619 8618
f 8581 8619 8580
f 8581 8620 8619
f 8582 8620 8581
f 8582 8621 8620
f 8583 8621 8582
f 8583 8622 8621
f 8584 8622 8583
f 8584 8623 8622
f 8585 8623 8584
f 8585 8624 8623
f 8586 8624 8585
f 8586 8625 8624
f 8587 8625 8586
f 8587 8626 8625
f 8588 8626 8587
f 8588 8627 8626
f 8589 8627 8588
f 8589 8628 8627
f 8590 8628 8589
f 8590 8629 8628
f 8591 8629 8590
f 8591 8630 8629
f 8592 8630 8591
f 8592 8631 8630
f 8593 8631 8592
f 8593 8632 8631
f 8594 8632 8593
f 8594 8633 8632
f 8597 8635 8596
f 8597 8636 8635
f 8598 8636 8597
f 8598 8637 8636
f 8599 8637 8598
f 8600 8639 8638
f 8601 8639 8600
f 8601 8640 8639
f 8602 8640 8601
f 8602 8641 8640
f 8603 8641 8602
f 8603 8642 8641
f 8604 8642 8603
f 8604 8643 8642
f 8605 8643 8604
f 8605 8644 8643
f 8606 8644 8605
f 8606 8645 8644
f 8607 8645 8606
f 8607 8646 8645
f 8608 8646 8607
f 8608 8647 8646
f 8609 8647 8608
f 8609 8648 8647
f 8610 8648 8609
f 8610 8649 8648
f 8611 8649 8610
f 8611 8650 8649
f 8613 8651 8612
f 8613 8652 8651
f 8614 8652 8613
f 8614 8653 8652
f 8615 8653 8614
f 8615 8654 8653
f 8616 8654 8615
f 8616 8655 8654
f 8617 8655 8616
f 8617 8656 8655
f 8618 8656 8617
f 8618 8657 8656
f 8619 8657 8618
f 8619 8658 8657
f 8620 8658 8619
f 8620 8659 8658
f 8621 8659 8620
f 8621 8660 8659
f 8622 8660 8621
f 8622 8661 8660
f 8623 8661 8622
f 8623 8662 8661
f 8624 8662 8623
f 8624 8663 8662
f 8625 8663 8624
f 8625 8664 8663
f 8626 8664 8625
f 8626 8665 8664
f 8627 8665 8626
f 8627 8666 8665
f 8628 8666 8627
f 8628 8667 8666
f 8629 8667 8628
f 8629 8668 8667
f 8630 8668 8629
f 8630 8669 8668
f 8631 8669 8630
f 8631 8670 8669
f 8632 8670 8631
f 8632 8671 8670
f 8633 8671 8632
f 8633 8672 8671
f 8634 8672 8633
f 8634 8673 8672
f 8638 8677 8676
f 8639 8677 8638
f 8639 8678 8677
f 8640 8678 8639
f 8640 8679 8678
f 8641 8679 8640
f 8641 8680 8679
f 8642 8680 8641
f 8642 8681 8680
f 8643 8681 8642
f 8643 8682 8681
f 8644 8682 8643
f 8644 8683 8682
f 8645 8683 8644
f 8645 8684 8683
f 8646 8684 8645
f 8646 8685 8684
f 8647 8685 8646
f 8647 8686 8685
f 8648 8686 8647
f 8648 8687 8686
f 8649 8687 8648
f 8649 8688 8687
f 8650 8688 8649
f 8650 8689 8688
f 8653 8690 8652
f 8653 8691 8690
f 8654 8691 8653
f 8654 8692 8691
f 8655 8692 8654
f 8655 8693 8692
f 8656 8693 8655
f 8656 8694 8693
f 8657 8694 8656
f 8657 8695 8694
f 8658 8695 8657
f 8658 8696 8695
f 8659 8696 8658
f 8659 8697 8696
f 8660 8697 8659
f 8660 8698 8697
f 8661 8698 8660
f 8661 8699 8698
f 8662 8699 8661
f 8662 8700 8699
f 8663 8700 8662
f 8663 8701 8700
f 8664 8701 8663
f 8664 8702 8701
f 8665 8702 8664
f 8665 8703 8702
f 8666 8703 8665
f 8666 8704 8703
f 8667 8704 8666
f 8667 8705 8704
f 8668 8705 8667
f 8668 8706 8705
f 8669 8706 8668
f 8669 8707 8706
f 8670 8707 8669
f 8670 8708 8707
f 8671 8708 8670
f 8671 8709 8708
f 8672 8709 8671
f 8672 8710 8709
f 8673 8710 8672
f 8673 8711 8710
f 8674 8711 8673
f 8674 8712 8711
f 8675 8712 8674
f 8675 8713 8712
f 8676 8713 8675
f 8676 8714 8713
f 8677 8714 8676
f 8677 8715 8714
f 8678 8715 8677
f 8678 8716 8715
f 8679 8716 8678
f 8679 8717 8716
f 8680 8717 8679
f 8680 8718 8717
f 8681 8718 8680
f 8681 8719 8718
f 8682 8719 8681
f 8682 8720 8719
f 8683 8720 8682
f 8683 8721 8720
f 8684 8721 8683
f 8684 8722 8721
f 8685 8722 8684
f 8685 8723 8722
f 8686 8723 8685
f 8686 8724 8723
f 8687 8724 8686
f 8687 8725 8724
f 8688 8725 8687
f 8688 8726 8725
f 8689 8726 8688
f 8689 8727 8726
f 8692 8728 8691
f 8692 8729 8728
f 8693 8729 8692
f 8693 8730 8729
f 8694 8730 8693
f 8694 8731 8730
f 8695 8731 8694
f 8695 8732 8731
f 8696 8732 8695
f 8696 8733 8732
f 8697 8733 8696
f 8697 8734 8733
f 8698 8734 8697
f 8698 8735 8734
f 8699 8735 8698
f 8699 8736 8735
f 8700 8736 8699
f 8700 8737 8736
f 8701 8737 8700
f 8701 8738 8737
f 8702 8738 8701
f 8702 8739 8738
f 8703 8739 8702
f 8703 8740 8739
f 8704 8740 8703
f 8704 8741 8740
f 8705 8741 8704
f 8705 8742 8741
f 8706 8742 8705
f 8706 8743 8742
f 8707 8743 8706
f 8707 8744 8743
f 8708 8744 8707
f 8708 8745 8744
f 8709 8745 8708
f 8709 8746 8745
f 8710 8746 8709
f 8710 8747 8746
f 8711 8747 8710
f 8711 8748 8747
f 8712 8748 8711
f 8712 8749 8748
f 8713 8749 8712
f 8713 8750 8749
f 8714 8750 8713
f 8714 8751 8750
f 8715 8751 8714
f 8715 8752 8751
f 8716 8752 8715
f 8716 8753 8752
f 8717 8753 8716
f 8717 8754 8753
f 8718 8754 8717
f 8718 8755 8754
f 8719 8755 8718
f 8719 8756 8755
f 8720 8756 8719
f 8720 8757 8756
f 8721 8757 8720
f 8721 8758 8757
f 8722 8758 8721
f 8722 8759 8758
f 8723 8759 8722
f 8723 8760 8759
f 8724 8760 8723
f 8724 8761 8760
f 8725 8761 8724
f 8725 8762 8761
f 8726 8762 8725
f 8726 8763 8762
f 8727 8763 8726
f 8729 8764 8728
f 8729 8765 8764
f 8730 8765 8729
f 8730 8766 8765
f 8731 8766 8730
f 8731 8767 8766
f 8732 8767 8731
f 8732 8768 8767
f 8733 8768 8732
f 8733 8769 8768
f 8734 8769 8733
f 8734 8770 8769
f 8735 8770 8734
f 8735 8771 8770
f 8736 8771 8735
f 8736 8772 8771
f 8737 8772 8736
f 8737 8773 8772
f 8738 8773 8737
f 8738 8774 8773
f 8739 8774 8738
f 8739 8775 8774
f 8740 8775 8739
f 8740 8776 8775
f 8741 8776 8740
f 8741 8777 8776
f 8742 8777 8741
f 8742 8778 8777
f 8743 8778 8742
f 8743 8779 8778
f 8744 8779 8743
f 8744 8780 8779
f 8745 8780 8744
f 8745 8781 8780
f 8746 8781 8745
f 8746 8782 8781
f 8747 8782 8746
f 8747 8783 8782
f 8748 8783 8747
f 8748 8784 8783
f 8749 8784 8748
f 8749 8785 8784
f 8750 8785 8749
f 8750 8786 8785
f 8751 8786 8750
f 8751 8787 8786
f 8752 8787 8751
f 8752 8788 8787
f 8753 8788 8752
f 8753 8789 8788
f 8754 8789 8753
f 8754 8790 8789
f 8755 8790 8754
f 8755 8791 8790
f 8756 8791 8755
f 8756 8792 8791
f 8757 8792 8756
f 8757 8793 8792
f 8758 8793 8757
f 8759 8794 8758
f 8759 8795 8794
f 8760 8795 8759
f 8760 8796 8795
f 8761 8796 8760
f 8761 8797 8796
f 8762 8797 8761
f 8762 8798 8797
f 8763 8798 8762
f 8767 8799 8766
f 8767 8800 8799
f 8768 8800 8767
f 8768 8801 8800
f 8769 8801 8768
f 8769 8802 8801
f 8770 8802 8769
f 8770 8803 8802
f 8771 8803 8770
f 8771 8804 8803
f 8772 8804 8771
f 8772 8805 8804
f 8773 8805 8772
f 8773 8806 8805
f 8774 8806 8773
f 8774 8807 8806
f 8775 8807 8774
f 8775 8808 8807
f 8776 8808 8775
f 8776 8809 8808
f 8777 8809 8776
f 8777 8810 8809
f 8778 8810 8777
f 8778 8811 8810
f 8779 8811 8778
f 8779 8812 8811
f 8780 8812 8779
f 8780 8813 8812
f 8781 8813 8780
f 8781 8814 8813
f 8782 8814 8781
f 8782 8815 8814
f 8783 8815 8782
f 8783 8816 8815
f 8784 8816 8783
f 8784 8817 8816
f 8785 8817 8784
f 8785 8818 8817
f 8786 8818 8785
f 8786 8819 8818
f 8787 8819 8786
f 8787 8820 8819
f 8788 8820 8787
f 8788 8821 8820
f 8789 8821 8788
f 8789 8822 8821
f 8790 8822 8789
f 8790 8823 8822
f 8791 8823 8790
f 8791 8824 8823
f 8792 8824 8791
f 8801 8825 8800
f 8801 8826 8825
f 8802 8826 8801
f 8802 8827 8826
f 8803 8827 8802
f 8803 8828 8827
f 8804 8828 8803
f 8804 8829 8828
f 8805 8829 8804
f 8805 8830 8829
f 8806 8830 8805
f 8806 8831 8830
f 8807 8831 8806
f 8807 8832 8831
f 8808 8832 8807
f 8808 8833 8832
f 8809 8833 8808
f 8809 8834 8833
f 8810 8834 8809
f 8810 8835 8834
f 8811 8835 8810
f 8811 8836 8835
f 8812 8836 8811
f 8812 8837 8836
f 8813 8837 8812
f 8813 8838 8837
f 8814 8838 8813
f 8814 8839 8838
f 8815 8839 8814
f 8815 8840 8839
f 8816 8840 8815
f 8816 8841 8840
f 8817 8841 8816
f 8817 8842 8841
f 8818 8842 8817
f 8818 8843 8842
f 8819 8843 8818
f 8819 8844 8843
f 8820 8844 8819
f 8820 8845 8844
f 8821 8845 8820
f 8821 8846 8845
f 8822 8846 8821
f 8822 8847 8846
f 8823 8847 8822
f 8823 8848 8847
f 8824 8848 8823
f 8827 8849 8826
f 8827 8850 8849
f 8828 8850 8827
f 8828 8851 8850
f 8829 8851 8828
f 8829 8852 8851
f 8830 8852 8829
f 8830 8853 8852
f 8831 8853 8830
f 8831 8854 8853
f 8832 8854 8831
f 8832 8855 8854
f 8833 8855 8832
f 8833 8856 8855
f 8834 8856 8833
f 8834 8857 8856
f 8835 8857 8834
f 8835 8858 8857
f 8836 8858 8835
f 8836 8859 8858
f 8837 8859 8836
f 8837 8860 8859
f 8838 8860 8837
f 8838 8861 8860
f 8839 8861 8838
f 8839 8862 8861
f 8840 8862 8839
f 8840 8863 8862
f 8841 8863 8840
f 8841 8864 8863
f 8842 8864 8841
f 8842 8865 8864
f 8843 8865 8842
f 8843 8866 8865
f 8844 8866 8843
f 8844 8867 8866
f 8845 8867 8844
f 8845 8868 8867
f 8846 8868 8845
f 8846 8869 8868
f 8847 8869 8846
f 8847 8870 8869
f 8848 8870 8847
f 8852 8871 8851
f 8852 8872 8871
f 8853 8872 8852
f 8853 8873 8872
f 8854 8873 8853
f 8854 8874 8873
f 8855 8874 8854
f 8855 8875 8874
f 8856 8875 8855
f 8856 8876 8875
f 8857 8876 8856
f 8857 8877 8876
f 8858 8877 8857
f 8858 8878 8877
f 8859 8878 8858
f 8859 8879 8878
f 8860 8879 8859
f 8860 8880 8879
f 8861 8880 8860
f 8861 8881 8880
f 8862 8881 8861
f 8862 8882 8881
f 8863 8882 8862
f 8863 8883 8882
f 8864 8883 8863
f 8864 8884 8883
f 8865 8884 8864
f 8865 8885 8884
f 8866 8885 8865
f 8866 8886 8885
f 8867 8886 8866
f 8867 8887 8886
f 8868 8887 8867
f 8868 8888 8887
f 8869 8888 8868
f 8873 8889 8872
f 8873 8890 8889
f 8874 8890 8873
f 8874 8891 8890
f 8875 8891 8874
f 8875 8892 8891
f 8876 8892 8875
f 8876 8893 8892
f 8877 8893 8876
f 8877 8894 8893
f 8878 8894 8877
f 8878 8895 8894
f 8879 8895 8878
f 8879 8896 8895
f 8880 8896 8879
f 8880 8897 8896
f 8881 8897 8880
f 8881 8898 8897
f 8882 8898 8881
f 8882 8899 8898
f 8883 8899 8882
f 8883 8900 8899
f 8884 8900 8883
f 8884 8901 8900
f 8885 8901 8884
f 8885 8902 8901
f 8886 8902 8885
f 8890 8903 8889
f 8890 8904 8903
f 8891 8904 8890
f 8891 8905 8904
f 8892 8905 8891
f 8892 8906 8905
f 8893 8906 8892
f 8893 8907 8906
f 8894 8907 8893
f 8894 8908 8907
f 8895 8908 8894
f 8895 8909 8908
f 8896 8909 8895
f 8896 8910 8909
f 8897 8910 8896
f 8898 8911 8897
f 8904 8912 8903
f 8904 8913 8912
f 8905 8913 8904
f 8905 8914 8913
f 8906 8914 8905
f 8906 8915 8914
f 8907 8915 8906
f 8907 8916 8915
f 8908 8916 8907
f 8908 8917 8916
f 8909 8917 8908
f 8909 8918 8917
f 8910 8918 8909
f 8910 8919 8918
f 8913 8920 8912
f 8914 8921 8913
f 8914 8922 8921
f 8915 8922 8914
f 8915 8923 8922
f 8916 8923 8915
f 8916 8924 8923
f 8917 8924 8916
f 8917 8925 8924
f 8918 8925 8917
f 8918 8926 8925
f 8919 8926 8918
f 8919 8927 8926
f 8922 8928 8921
f 8922 8929 8928
f 8923 8929 8922
f 8923 8930 8929
f 8924 8930 8923
f 8924 8931 8930
f 8925 8931 8924
f 8925 8932 8931
f 8926 8932 8925
f 8926 8933 8932
f 8927 8933 8926
f 8929 8934 8928
f 8929 8935 8934
f 8930 8935 8929
f 8930 8936 8935
f 8931 8936 8930
f 8931 8937 8936
f 8932 8937 8931
f 8932 8938 8937
f 8933 8938 8932
f 8933 8939 8938
f 8934 8941 8940
f 8935 8941 8934
f 8935 8942 8941
f 8936 8942 8935
f 8936 8943 8942
f 8937 8943 8936
f 8937 8944 8943
f 8938 8944 8937
f 8938 8945 8944
f 8939 8945 8938
f 8939 8946 8945
f 8941 8947 8940
f 8941 8948 8947
f 8942 8948 8941
f 8942 8949 8948
f 8943 8949 8942
f 8943 8950 8949
f 8944 8950 8943
f 8944 8951 8950
f 8945 8951 8944
f 8945 8952 8951
f 8946 8952 8945
f 8946 8953 8952
f 8948 8954 8947
f 8948 8955 8954
f 8949 8955 8948
f 8949 8956 8955
f 8950 8956 8949
f 8950 8957 8956
f 8951 8957 8950
f 8951 8958 8957
f 8952 8958 8951
f 8952 8959 8958
f 8953 8959 8952
f 8953 8960 8959
f 8955 8961 8954
f 8955 8962 8961
f 8956 8962 8955
f 8956 8963 8962
f 8957 8963 8956
f 8957 8964 8963
f 8958 8964 8957
f 8958 8965 8964
f 8959 8965 8958
f 8959 8966 8965
f 8960 8966 8959
f 8960 8967 8966
f 8962 8968 8961
f 8962 8969 8968
f 8963 8969 8962
f 8963 8970 8969
f 8964 8970 8963
f 8964 8971 8970
f 8965 8971 8964
f 8965 8972 8971
f 8966 8972 8965
f 8966 8973 8972
f 8967 8973 8966
f 8967 8974 8973
f 8969 8975 8968
f 8969 8976 8975
f 8970 8976 8969
f 8970 8977 8976
f 8971 8977 8970
f 8971 8978 8977
f 8972 8978 8971
f 8972 8979 8978
f 8973 8979 8972
f 8973 8980 8979
f 8974 8980 8973
f 8974 8981 8980
f 8976 8982 8975
f 8976 8983 8982
f 8977 8983 8976
f 8977 8984 8983
f 8978 8984 8977
f 8978 8985 8984
f 8979 8985 8978
f 8979 8986 8985
f 8980 8986 8979
f 8980 8987 8986
f 8981 8987 8980
f 8983 8988 8982
f 8983 8989 8988
f 8984 8989 8983
f 8984 8990 8989
f 8985 8990 8984
f 8985 8991 8990
f 8986 8991 8985
f 8986 8992 8991
f 8987 8992 8986
f 8987 8993 8992
f 8988 8995 8994
f 8989 8995 8988
f 8989 8996 8995
f 8990 8996 8989
f 8990 8997 8996
f 8991 8997 8990
f 8991 8998 8997
f 8992 8998 8991
f 8992 8999 8998
f 8993 8999 8992
f 8993 9000 8999
f 8995 9001 8994
f 8995 9002 9001
f 8996 9002 8995
f 8996 9003 9002
f 8997 9003 8996
f 8997 9004 9003
f 8998 9004 8997
f 8998 9005 9004
f 8999 9005 8998
f 8999 9006 9005
f 9000 9006 8999
f 9000 9007 9006
f 9002 9008 9001
f 9002 9009 9008
f 9003 9009 9002
f 9003 9010 9009
f 9004 9010 9003
f 9004 9011 9010
f 9005 9011 9004
f 9005 9012 9011
f 9006 9012 9005
f 9006 9013 9012
f 9007 9013 9006
f 9010 9014 9009
f 9010 9015 9014
f 9011 9015 9010
f 9011 9016 9015
f 9012 9016 9011
f 9012 9017 9016
f 9013 9017 9012
f 9013 9018 9017
f 9015 9019 9014
f 9015 9020 9019
f 9016 9020 9015
f 9016 9021 9020
f 9017 9021 9016
f 9017 9022 9021
f 9018 9022 9017
f 9021 9023 9020
f 9021 9024 9023
f 9022 9024 9021