# https://github.com/mikedh/trimesh
v 0.89732504 -0.08432778 -0.50902742
v 0.87660331 -0.06098156 -0.50516587
v 0.86870056 -0.07210893 -0.50606102
v 0.86340964 -0.08432648 -0.50594062
v 0.87254536 -0.10264419 -0.50019974
v 0.88483399 -0.12235835 -0.49322093
v 0.86333776 -0.02643454 -0.50064236
v 0.85599875 -0.03776742 -0.50132620
v 0.84833843 -0.04895956 -0.50213653
v 0.84076858 -0.06018158 -0.50291264
v 0.83567846 -0.07243929 -0.50271994
v 0.83906335 -0.08828158 -0.49920908
v 0.84562773 -0.10550906 -0.49444735
v 0.85317314 -0.12320258 -0.48929372
v 0.86494935 -0.14276069 -0.48247233
v 0.84379047 -0.00377524 -0.49644685
v 0.83551043 -0.01468424 -0.49750814
v 0.82808989 -0.02593942 -0.49823394
v 0.82214558 -0.03780281 -0.49838141
v 0.81706727 -0.05002747 -0.49818888
v 0.81198841 -0.06225377 -0.49799636
v 0.81062227 -0.07605137 -0.49634293
v 0.81711930 -0.09320452 -0.49159151
v 0.82363772 -0.11041389 -0.48682454
v 0.83017755 -0.12767977 -0.48204190
v 0.83673882 -0.14500242 -0.47724351
v 0.82179660 0.00553198 -0.49109122
v 0.81178081 -0.00462771 -0.49284616
v 0.80361766 -0.01553876 -0.49387366
v 0.79855174 -0.02773079 -0.49368110
v 0.79348463 -0.03992419 -0.49348873
v 0.78841680 -0.05211921 -0.49329636
v 0.78334844 -0.06431585 -0.49310398
v 0.78879029 -0.08097734 -0.48875368
v 0.79524183 -0.09811253 -0.48399702
v 0.80171454 -0.11530383 -0.47922486
v 0.80673498 -0.13191715 -0.47502121
v 0.79990268 0.01479687 -0.48575994
v 0.78934914 0.00489157 -0.48774111
v 0.78012705 -0.00554669 -0.48919800
v 0.77507365 -0.01770819 -0.48900509
v 0.77001959 -0.02987130 -0.48881215
v 0.76496297 -0.04203526 -0.48861989
v 0.75990570 -0.05420078 -0.48842767
v 0.76063871 -0.06882679 -0.48593357
v 0.76702422 -0.08588842 -0.48118731
v 0.77251136 -0.10261184 -0.47679144
v 0.77674395 -0.11883853 -0.47288871
v 0.78098792 -0.13510862 -0.46897551
v 0.77810806 0.02401974 -0.48045290
v 0.76561445 0.01494763 -0.48321980
v 0.75675344 0.00439562 -0.48454556
v 0.75171119 -0.00773494 -0.48435286
v 0.74666816 -0.01986710 -0.48416013
v 0.74162441 -0.03200087 -0.48396730
v 0.73657966 -0.04413609 -0.48377463
v 0.73266304 -0.05675216 -0.48313111
v 0.73860800 -0.07358078 -0.47854510
v 0.74277574 -0.08969287 -0.47466296
v 0.74695462 -0.10584784 -0.47077051
v 0.75114453 -0.12204587 -0.46686769
v 0.75534570 -0.13828711 -0.46295443
v 0.75641203 0.03320086 -0.47516981
v 0.74199986 0.02495282 -0.47872138
v 0.73349607 0.01428854 -0.47991630
v 0.72846466 0.00218877 -0.47972375
v 0.72343266 -0.00991261 -0.47953114
v 0.71839994 -0.02201557 -0.47933856
v 0.71336663 -0.03412013 -0.47914591
v 0.70893306 -0.04648122 -0.47871226
v 0.70959139 -0.06101826 -0.47623309
v 0.71323913 -0.07686035 -0.47254872
v 0.71736473 -0.09294418 -0.46866652
v 0.72150141 -0.10907073 -0.46477398
v 0.72564900 -0.12524018 -0.46087110
v 0.73328006 0.04297081 -0.47052583
v 0.71850443 0.03490753 -0.47424567
v 0.71064872 0.02401013 -0.47519153
v 0.70647228 0.01158871 -0.47465977
v 0.70229441 -0.00083723 -0.47412783
v 0.69811487 -0.01326769 -0.47359568
v 0.69393396 -0.02570267 -0.47306335
v 0.68965918 -0.03810301 -0.47256804
v 0.68673712 -0.05108507 -0.47152615
v 0.68915302 -0.06636429 -0.46832705
v 0.69236124 -0.08201562 -0.46480298
v 0.69557714 -0.09770463 -0.46127036
v 0.69880074 -0.11343147 -0.45772928
v 0.70203221 -0.12919623 -0.45417964
v 0.71058631 0.05255937 -0.46577400
v 0.69978774 0.04288834 -0.46791297
v 0.69151837 0.03218901 -0.46903446
v 0.68734652 0.01979312 -0.46850261
v 0.68317324 0.00739274 -0.46797061
v 0.67899841 -0.00501215 -0.46743837
v 0.67482203 -0.01742155 -0.46690595
v 0.67035538 -0.02971285 -0.46649033
v 0.66553456 -0.04185715 -0.46621770
v 0.66652822 -0.05649513 -0.46358547
v 0.66877007 -0.07169583 -0.46044239
v 0.67194945 -0.08733235 -0.45691362
v 0.67513645 -0.10300647 -0.45337635
v 0.67833108 -0.11871830 -0.44983056
v 0.69360781 0.05979881 -0.45877540
v 0.68283927 0.05013836 -0.46091592
v 0.67246181 0.04033628 -0.46290118
v 0.66829467 0.02796583 -0.46236923
v 0.66412598 0.01559089 -0.46183714
v 0.65995574 0.00321146 -0.46130487
v 0.65578407 -0.00917245 -0.46077234
v 0.65112722 -0.02135559 -0.46043649
v 0.64631402 -0.03347528 -0.46016383
v 0.64463931 -0.04694211 -0.45861137
v 0.64637309 -0.06189080 -0.45566592
v 0.64844221 -0.07701296 -0.45257905
v 0.65159291 -0.09263469 -0.44904566
v 0.65475106 -0.10829392 -0.44550371
v 0.65791690 -0.12399080 -0.44195330
v 0.71301788 0.06622098 -0.43925694
v 0.67714310 0.06682632 -0.45161331
v 0.66594630 0.05736466 -0.45394182
v 0.65522331 0.04772879 -0.45608085
v 0.64931631 0.03610701 -0.45625958
v 0.64515221 0.02375741 -0.45572737
v 0.64098662 0.01140335 -0.45519498
v 0.63677901 -0.00093806 -0.45467895
v 0.63197434 -0.01303105 -0.45440632
v 0.62716883 -0.02512625 -0.45413363
v 0.62285215 -0.03743348 -0.45366034
v 0.62456012 -0.05233791 -0.45071679
v 0.62627149 -0.06727215 -0.44776741
v 0.62816918 -0.08231573 -0.44473699
v 0.63129133 -0.09792269 -0.44119892
v 0.63442099 -0.11356708 -0.43765238
v 0.70870864 0.06825745 -0.42711270
v 0.66188949 0.07335555 -0.44399992
v 0.64910853 0.06456733 -0.44699049
v 0.63841522 0.05494198 -0.44913110
v 0.63041097 0.04421684 -0.45017338
v 0.62625152 0.03189249 -0.44964111
v 0.62209052 0.01956368 -0.44910866
v 0.61769336 0.00732958 -0.44867238
v 0.61289632 -0.00473901 -0.44839972
v 0.60809839 -0.01680982 -0.44812700
v 0.60329962 -0.02888286 -0.44785428
v 0.60284835 -0.04282935 -0.44579068
v 0.60453409 -0.05771941 -0.44284320
v 0.60622323 -0.07263920 -0.43988988
v 0.60795093 -0.08760420 -0.43691605
v 0.61104470 -0.10319642 -0.43337342
v 0.61414582 -0.11882596 -0.42982230
v 0.70439857 0.07029432 -0.41496599
v 0.64936966 0.07876125 -0.43530315
v 0.63362765 0.07120924 -0.43952686
v 0.62166196 0.06213165 -0.44220394
v 0.61157835 0.05229552 -0.44411060
v 0.60742348 0.03999629 -0.44357824
v 0.60326701 0.02769265 -0.44304571
v 0.59868205 0.01556500 -0.44268921
v 0.59389263 0.00352070 -0.44241655
v 0.58910233 -0.00852582 -0.44214380
v 0.58431119 -0.02057457 -0.44187108
v 0.58123720 -0.03336481 -0.44088736
v 0.58289748 -0.04821095 -0.43794182
v 0.58456111 -0.06308666 -0.43499041
v 0.58622807 -0.07799204 -0.43203315
v 0.58789825 -0.09292720 -0.42906997
v 0.59085256 -0.10845593 -0.42556900
v 0.70008767 0.07233161 -0.40281680
v 0.64449841 0.08102540 -0.42347980
v 0.61849421 0.07770706 -0.43195987
v 0.60550469 0.06907348 -0.43507570
v 0.59434438 0.05970741 -0.43743989
v 0.58866757 0.04806902 -0.43753865
v 0.58451581 0.03579043 -0.43700603
v 0.57974482 0.02376837 -0.43672934
v 0.57496291 0.01174825 -0.43645665
v 0.57018018 -0.00027408 -0.43618387
v 0.56539661 -0.01229860 -0.43591112
v 0.56061208 -0.02432535 -0.43563825
v 0.56136096 -0.03874646 -0.43306312
v 0.56299931 -0.05357834 -0.43011373
v 0.56464088 -0.06843972 -0.42715842
v 0.56628579 -0.08333073 -0.42419726
v 0.56793398 -0.09825141 -0.42123020
v 0.57071483 -0.11370127 -0.41778558
v 0.69577593 0.07436931 -0.39066520
v 0.63962704 0.08328962 -0.41165596
v 0.60340333 0.08418663 -0.42441419
v 0.59044778 0.07555836 -0.42753357
v 0.57772917 0.06686082 -0.43055925
v 0.56998360 0.05611084 -0.43152219
v 0.56565440 0.04393370 -0.43106520
v 0.56088102 0.03193989 -0.43079260
v 0.55610675 0.01994387 -0.43051988
v 0.55133158 0.00794565 -0.43024713
v 0.54655552 -0.00405478 -0.42997432
v 0.54177856 -0.01605742 -0.42970148
v 0.53992373 -0.02932564 -0.42820695
v 0.54153711 -0.04411392 -0.42525953
v 0.54315358 -0.05893157 -0.42230624
v 0.54477334 -0.07377866 -0.41934711
v 0.54639626 -0.08865529 -0.41638204
v 0.54802245 -0.10356155 -0.41341111
v 0.69146323 0.07640743 -0.37851110
v 0.63475543 0.08555394 -0.39983162
v 0.58835477 0.09064801 -0.41688964
v 0.57543314 0.08202507 -0.42001253
v 0.56253856 0.07342018 -0.42312887
v 0.55137092 0.06412193 -0.42552868
v 0.54685628 0.05204957 -0.42515153
v 0.54209036 0.04007974 -0.42487884
v 0.53732359 0.02810770 -0.42460611
v 0.53324687 0.01583896 -0.42404389
v 0.52961814 0.00337309 -0.42329308
v 0.52598751 -0.00909906 -0.42254180
v 0.52256197 -0.02166696 -0.42170328
v 0.52388734 -0.03630551 -0.41886720
v 0.52521509 -0.05097195 -0.41602570
v 0.52654546 -0.06566640 -0.41317874
v 0.52787840 -0.08038890 -0.41032639
v 0.52921385 -0.09513956 -0.40746856
v 0.53047800 -0.10988563 -0.40463647
v 0.68817669 0.07802629 -0.36592525
v 0.63027382 0.08765817 -0.38784370
v 0.57832694 0.09503760 -0.40730211
v 0.56046051 0.08847369 -0.41251257
v 0.54759961 0.07987409 -0.41563240
v 0.53498363 0.07120115 -0.41865414
v 0.52988887 0.05939504 -0.41852242
v 0.52626675 0.04696581 -0.41777176
v 0.52264273 0.03453031 -0.41702068
v 0.51901692 0.02208856 -0.41626921
v 0.51538926 0.00964053 -0.41551736
v 0.51175982 -0.00281377 -0.41476512
v 0.50812852 -0.01527435 -0.41401255
v 0.50757635 -0.02907886 -0.41195896
v 0.50888652 -0.04371499 -0.40911540
v 0.51019919 -0.05837898 -0.40626648
v 0.51151437 -0.07307094 -0.40341207
v 0.51283211 -0.08779095 -0.40055224
v 0.51401097 -0.10247629 -0.39774686
v 0.62598425 0.08968360 -0.37577301
v 0.57348520 0.09728772 -0.39555302
v 0.54552972 0.09490427 -0.40503356
v 0.53356606 0.08595032 -0.40779302
v 0.52459896 0.07576848 -0.40929362
v 0.51605207 0.06542397 -0.41061926
v 0.51207149 0.05316360 -0.41001928
v 0.50844866 0.04074587 -0.40926722
v 0.50482398 0.02832188 -0.40851477
v 0.50119752 0.01589164 -0.40776193
v 0.49756920 0.00345514 -0.40700874
v 0.49393907 -0.00898762 -0.40625519
v 0.49131745 -0.02187528 -0.40507275
v 0.49261010 -0.03648119 -0.40222722
v 0.49390519 -0.05111486 -0.39937627
v 0.49520278 -0.06577640 -0.39651990
v 0.49650282 -0.08046588 -0.39365807
v 0.49759704 -0.09509088 -0.39087948
v 0.51793653 -0.11832771 -0.37989721
v 0.62169379 0.09170943 -0.36369982
v 0.56864327 0.09953795 -0.38380349
v 0.53214920 0.10069177 -0.39693758
v 0.52318513 0.09050521 -0.39844325
v 0.51423007 0.08032884 -0.39994740
v 0.50340009 0.07095443 -0.40224835
v 0.49842909 0.05912744 -0.40206808
v 0.49429148 0.04694526 -0.40153387
v 0.49066797 0.03453898 -0.40078047
v 0.48704270 0.02212648 -0.40002671
v 0.48341551 0.00970772 -0.39927253
v 0.47978655 -0.00271726 -0.39851800
v 0.47615576 -0.01514851 -0.39776310
v 0.47638556 -0.02927046 -0.39536101
v 0.47766319 -0.04387393 -0.39250809
v 0.47894320 -0.05850516 -0.38964972
v 0.48022571 -0.07316423 -0.38678595
v 0.48123601 -0.08772924 -0.38403419
v 0.48222810 -0.10231192 -0.38128600
v 0.61740249 0.09373566 -0.35162428
v 0.56380111 0.10178824 -0.37205347
v 0.52329671 0.10460246 -0.38695100
v 0.51282007 0.09505313 -0.38910776
v 0.50387698 0.08488225 -0.39061540
v 0.49363548 0.07527099 -0.39267817
v 0.48499209 0.06500408 -0.39406323
v 0.48084232 0.05284383 -0.39353451
v 0.47669107 0.04067929 -0.39300558
v 0.47292462 0.02834511 -0.39231154
v 0.46929863 0.01594407 -0.39155644
v 0.46567088 0.00353679 -0.39080098
v 0.46204123 -0.00887671 -0.39004508
v 0.46021268 -0.02208269 -0.38851663
v 0.46147290 -0.03665607 -0.38566175
v 0.46273553 -0.05125711 -0.38280147
v 0.46395367 -0.06586515 -0.37995592
v 0.46492755 -0.08039127 -0.37721094
v 0.46590319 -0.09494381 -0.37446097
v 0.61402297 0.09538773 -0.33915746
v 0.55895877 0.10403863 -0.36030301
v 0.52079862 0.10588009 -0.37426823
v 0.50247079 0.09959412 -0.37978649
v 0.49353972 0.08942872 -0.38129768
v 0.48388422 0.07958169 -0.38312101
v 0.47158727 0.07086661 -0.38607758
v 0.46744010 0.05872199 -0.38554806
v 0.46329153 0.04657309 -0.38501838
v 0.45914146 0.03441992 -0.38448849
v 0.45521840 0.02216421 -0.38386038
v 0.45159179 0.00977461 -0.38310394
v 0.44796336 -0.00262121 -0.38234711
v 0.44433308 -0.01502325 -0.38158992
v 0.44533420 -0.02946119 -0.37883723
v 0.44657955 -0.04403217 -0.37597504
v 0.44771388 -0.05858066 -0.37315631
v 0.44867146 -0.07307684 -0.37040958
v 0.44963077 -0.08759937 -0.36765784
v 0.45059183 -0.10214832 -0.36490110
v 0.61115104 0.09683166 -0.32646713
v 0.55411625 0.10628910 -0.34855211
v 0.51829886 0.10715861 -0.36157671
v 0.49213731 0.10412820 -0.37047943
v 0.48321819 0.09396828 -0.37199414
v 0.47414613 0.08388651 -0.37357685
v 0.46159509 0.07528799 -0.37665766
v 0.45407006 0.06458605 -0.37758076
v 0.44992414 0.05245275 -0.37705034
v 0.44577667 0.04031518 -0.37651968
v 0.44162780 0.02817336 -0.37598887
v 0.43754926 0.01599625 -0.37542689
v 0.43392199 0.00361807 -0.37466910
v 0.43029290 -0.00876632 -0.37391096
v 0.42924672 -0.02228916 -0.37203440
v 0.43047488 -0.03683018 -0.36917031
v 0.43152609 -0.05131949 -0.36637852
v 0.43246749 -0.06578588 -0.36363003
v 0.43341053 -0.08027850 -0.36087653
v 0.43435532 -0.09479743 -0.35811806
v 0.54927355 0.10853967 -0.33680072
v 0.51579732 0.10843801 -0.34887636
v 0.48790720 0.10612155 -0.35856342
v 0.47291234 0.09850091 -0.36270469
v 0.46401408 0.08835660 -0.36422136
v 0.45188868 0.07958842 -0.36713406
v 0.44073206 0.07043608 -0.36963254
v 0.43658873 0.05831833 -0.36910135
v 0.43244389 0.04619633 -0.36856997
v 0.42829767 0.03407008 -0.36803839
v 0.42414996 0.02193958 -0.36750662
v 0.42000079 0.00980482 -0.36697468
v 0.41628915 -0.00252561 -0.36625192
v 0.41321030 -0.01513988 -0.36525312
v 0.41442138 -0.02965107 -0.36238718
v 0.41539004 -0.04408153 -0.35962233
v 0.41631532 -0.05851823 -0.35687214
v 0.41724226 -0.07298107 -0.35411698
v 0.41817087 -0.08747011 -0.35135677
v 0.43717697 -0.11012120 -0.34070051
v 0.54443067 0.11079032 -0.32504892
v 0.51329404 0.10971830 -0.33616716
v 0.48540226 0.10739697 -0.34589794
v 0.46262217 0.10302665 -0.35342941
v 0.45373580 0.09288780 -0.35494956
v 0.44219548 0.08388303 -0.35762340
v 0.42970663 0.07530490 -0.36071315
v 0.42328522 0.06416988 -0.36117139
v 0.41914305 0.05206341 -0.36063924
v 0.41499943 0.03995269 -0.36010692
v 0.41085434 0.02783773 -0.35957441
v 0.40670782 0.01571853 -0.35904169
v 0.40255985 0.00359509 -0.35850880
v 0.39869314 -0.00865645 -0.35785234
v 0.39839789 -0.02248553 -0.35563466
v 0.39930549 -0.03686668 -0.35288775
v 0.40021476 -0.05127380 -0.35013586
v 0.40112564 -0.06570696 -0.34737897
v 0.40203825 -0.08016626 -0.34461713
v 0.40295243 -0.09465173 -0.34185028
v 0.54074317 0.11256468 -0.31279492
v 0.51078910 0.11099948 -0.32344913
v 0.48289555 0.10867327 -0.33322373
v 0.45517871 0.10636180 -0.34293640
v 0.44347316 0.09741211 -0.34569183
v 0.43251541 0.08817181 -0.34812564
v 0.42004487 0.07959514 -0.35122293
v 0.41001350 0.07000744 -0.35326040
v 0.40587395 0.05791646 -0.35272750
v 0.40173295 0.04582125 -0.35219440
v 0.39759055 0.03372179 -0.35166118
v 0.39344662 0.02161811 -0.35112768
v 0.38930130 0.00951019 -0.35059407
v 0.38515449 -0.00260197 -0.35006025
v 0.38244146 -0.01534987 -0.34889644
v 0.38328829 -0.02968191 -0.34616756
v 0.38413662 -0.04403963 -0.34343377
v 0.38506052 -0.05845609 -0.34066251
v 0.38595712 -0.07288572 -0.33789900
v 0.38685530 -0.08734144 -0.33513051
v 0.42773986 -0.11990023 -0.31472960
v 0.53796375 0.11396488 -0.30013999
v 0.50837141 0.11224468 -0.31068346
v 0.48038715 0.10995047 -0.32054073
v 0.45266864 0.10763414 -0.33029693
v 0.43322608 0.10192956 -0.33644816
v 0.42284846 0.09245478 -0.33864072
v 0.41039619 0.08387958 -0.34174556
v 0.39796910 0.07532173 -0.34484407
v 0.39263654 0.06375555 -0.34483463
v 0.38849819 0.05167579 -0.34430081
v 0.38435835 0.03959180 -0.34376678
v 0.38053322 0.02736641 -0.34309360
v 0.37691897 0.01504296 -0.34232655
v 0.37330288 0.00271331 -0.34155908
v 0.36936876 -0.00948337 -0.34093064
v 0.36936891 -0.02342473 -0.33856574
v 0.37020370 -0.03775825 -0.33582869
v 0.37104002 -0.05211743 -0.33308673
v 0.37187779 -0.06650233 -0.33033988
v 0.37271711 -0.08091301 -0.32758814
v 0.37373859 -0.09522668 -0.32497677
v 0.53655297 0.11480110 -0.28687689
v 0.50622398 0.11337813 -0.29778934
v 0.47796005 0.11119397 -0.30781248
v 0.45015687 0.10890737 -0.31764871
v 0.42299452 0.10644016 -0.32721850
v 0.41319460 0.09673195 -0.32916868
v 0.40076050 0.08815821 -0.33228096
v 0.38835159 0.07960182 -0.33538699
v 0.37984717 0.06940248 -0.33677703
v 0.37623888 0.05711052 -0.33600968
v 0.37262875 0.04481239 -0.33524194
v 0.36901689 0.03250811 -0.33447385
v 0.36540318 0.02019766 -0.33370534
v 0.36178768 0.00788103 -0.33293650
v 0.35772943 -0.00424779 -0.33236244
v 0.35562119 -0.01724369 -0.33092344
v 0.35630685 -0.03149313 -0.32824332
v 0.35712966 -0.04582812 -0.32549813
v 0.35795391 -0.06018876 -0.32274806
v 0.35877967 -0.07457510 -0.31999302
v 0.35960686 -0.08898722 -0.31723309
v 0.53514081 0.11563819 -0.27360046
v 0.50462407 0.11428506 -0.28464308
v 0.47569564 0.11236995 -0.29500264
v 0.44772056 0.11014920 -0.30495775
v 0.42009687 0.10787015 -0.31477302
v 0.40355378 0.10100333 -0.31970942
v 0.39113787 0.09243106 -0.32282922
v 0.37932974 0.08362794 -0.32568496
v 0.36878625 0.07430930 -0.32798526
v 0.36474332 0.06221653 -0.32740918
v 0.36113378 0.04993136 -0.32664001
v 0.35752246 0.03764004 -0.32587048
v 0.35390928 0.02534257 -0.32510054
v 0.35029432 0.01303892 -0.32433024
v 0.34611264 0.00097766 -0.32381082
v 0.34193999 -0.01109231 -0.32328653
v 0.34258991 -0.02530815 -0.32061332
v 0.34325522 -0.03955508 -0.31792909
v 0.34406605 -0.05389152 -0.31517580
v 0.34487829 -0.06825360 -0.31241760
v 0.34569201 -0.08264139 -0.30965447
v 0.36878139 -0.10716969 -0.29692620
v 0.58947653 0.10758775 -0.23809449
v 0.53372723 0.11647611 -0.26031065
v 0.50302261 0.11519285 -0.27148432
v 0.47342956 0.11354685 -0.28218308
v 0.44545105 0.11132146 -0.29218304
v 0.41765147 0.10911033 -0.30211908
v 0.39375943 0.10533924 -0.31033689
v 0.38170031 0.09662519 -0.31331384
v 0.37115210 0.08729425 -0.31562403
v 0.36061972 0.07797727 -0.31793079
v 0.35326958 0.06731286 -0.31882495
v 0.34966061 0.05504062 -0.31805438
v 0.34604982 0.04276223 -0.31728345
v 0.34243721 0.03047770 -0.31651211
v 0.33876568 0.01821205 -0.31576589
v 0.33451831 0.00619300 -0.31527573
v 0.33026960 -0.00582987 -0.31478542
v 0.32893065 -0.01914901 -0.31299248
v 0.32956904 -0.03336618 -0.31031141
v 0.33021408 -0.04761056 -0.30762318
v 0.33101290 -0.06194846 -0.30486181
v 0.33181316 -0.07631199 -0.30209547
v 0.33261487 -0.09070120 -0.29932418
v 0.58616281 0.10921402 -0.22553609
v 0.53231221 0.11731488 -0.24700749
v 0.50156558 0.11604107 -0.25824812
v 0.47173807 0.11448485 -0.26909742
v 0.44317982 0.11249462 -0.27939862
v 0.41537696 0.11027889 -0.28937933
v 0.38775140 0.10807728 -0.29929638
v 0.37351927 0.10028640 -0.30325598
v 0.36298221 0.09095711 -0.30557260
v 0.35246083 0.08164177 -0.30788574
v 0.34195524 0.07234035 -0.31019548
v 0.33820915 0.06014019 -0.30948502
v 0.33459893 0.04787472 -0.30871266
v 0.33098689 0.03560311 -0.30793992
v 0.32719150 0.02340487 -0.30724818
v 0.32294640 0.01139826 -0.30675715
v 0.31869996 -0.00061216 -0.30626598
v 0.31530598 -0.01300545 -0.30539095
v 0.31593171 -0.02719930 -0.30270666
v 0.31655848 -0.04141778 -0.30001771
v 0.31718642 -0.05566098 -0.29732412
v 0.31797022 -0.06999894 -0.29455602
v 0.31875852 -0.08436391 -0.29178160
v 0.36273459 -0.11845292 -0.26950321
v 0.58284760 0.11084108 -0.21297172
v 0.53089583 0.11815448 -0.23369087
v 0.50013876 0.11687705 -0.24498467
v 0.47012505 0.11539047 -0.25596392
v 0.44090685 0.11366867 -0.26660445
v 0.41310075 0.11144834 -0.27662989
v 0.38547197 0.10924217 -0.28659138
v 0.36590973 0.10370519 -0.29295504
v 0.35481995 0.09461652 -0.29553059
v 0.34430966 0.08530283 -0.29785016
v 0.33381507 0.07600305 -0.30016628
v 0.32677937 0.06523011 -0.30093187
v 0.32316974 0.05297752 -0.30015811
v 0.31955826 0.04071882 -0.29938394
v 0.31563964 0.02858767 -0.29874691
v 0.31139684 0.01659347 -0.29825503
v 0.30715266 0.00459547 -0.29776296
v 0.30290714 -0.00740635 -0.29727075
v 0.30232882 -0.02104801 -0.29512113
v 0.30294305 -0.03524318 -0.29242900
v 0.30355835 -0.04946299 -0.28973222
v 0.30417472 -0.06370749 -0.28703073
v 0.30493799 -0.07804299 -0.28425851
v 0.32077670 -0.09927963 -0.27464503
v 0.57953072 0.11246891 -0.20040131
v 0.52947789 0.11899493 -0.22036083
v 0.49871051 0.11771386 -0.23170789
v 0.46851039 0.11629696 -0.24281794
v 0.43901503 0.11468364 -0.25362873
v 0.41082278 0.11261868 -0.26387078
v 0.38319081 0.11040794 -0.27387673
v 0.36137456 0.10582072 -0.28128165
v 0.34743446 0.09794498 -0.28515178
v 0.33616614 0.08896045 -0.28782403
v 0.32568255 0.07966231 -0.29014656
v 0.31537122 0.07031041 -0.29239491
v 0.31176212 0.05807067 -0.29161975
v 0.30815122 0.04582483 -0.29084420
v 0.30411011 0.03376047 -0.29026204
v 0.29986954 0.02177866 -0.28976929
v 0.29562762 0.00979304 -0.28927636
v 0.29138440 -0.00219636 -0.28878331
v 0.28876030 -0.01491224 -0.28755477
v 0.28936201 -0.02908416 -0.28485948
v 0.28996477 -0.04328065 -0.28215957
v 0.29056856 -0.05750177 -0.27945492
v 0.29117340 -0.07174760 -0.27674559
v 0.29191616 -0.08608060 -0.27396923
v 0.57621229 0.11409752 -0.18782489
v 0.52805859 0.11983623 -0.20701736
v 0.49728084 0.11855152 -0.21841776
v 0.46689424 0.11720432 -0.22965945
v 0.43739042 0.11558712 -0.24052046
v 0.40854308 0.11378991 -0.25110197
v 0.38130605 0.11140665 -0.26097271
v 0.35995096 0.10661748 -0.26820076
v 0.34075820 0.10097130 -0.27446210
v 0.32900307 0.09219844 -0.27736706
v 0.31755769 0.08331812 -0.28013620
v 0.30710071 0.07403548 -0.28246161
v 0.30037609 0.06315420 -0.28309754
v 0.29676574 0.05092120 -0.28232056
v 0.29260278 0.03892330 -0.28179353
v 0.28836450 0.02695385 -0.28129992
v 0.28412482 0.01498061 -0.28080612
v 0.27988386 0.00300358 -0.28031218
v 0.27564150 -0.00897724 -0.27981809
v 0.27581525 -0.02294070 -0.27730906
v 0.27640551 -0.03711394 -0.27460599
v 0.27699679 -0.05131175 -0.27189824
v 0.27758908 -0.06553417 -0.26918578
v 0.27818245 -0.07978128 -0.26646864
v 0.31354392 -0.10998183 -0.24782747
v 0.57289225 0.11572691 -0.17524242
v 0.52663791 0.12067839 -0.19366039
v 0.49584970 0.11939002 -0.20511425
v 0.46527654 0.11811254 -0.21648842
v 0.43576425 0.11649146 -0.22739972
v 0.40645355 0.11488145 -0.23823646
v 0.37953079 0.11235937 -0.24800704
v 0.35817009 0.10756584 -0.25526822
v 0.33581731 0.10325861 -0.26299128
v 0.32233948 0.09522265 -0.26669207
v 0.31061539 0.08646552 -0.26960078
v 0.29899442 0.07768951 -0.27246705
v 0.28901157 0.06822812 -0.27459139
v 0.28535229 0.05602952 -0.27383566
v 0.28111759 0.04407619 -0.27334133
v 0.27688155 0.03211908 -0.27284682
v 0.27264416 0.02015819 -0.27235219
v 0.26840052 0.00819571 -0.27185965
v 0.26414877 -0.00376754 -0.27137005
v 0.26233304 -0.01682634 -0.26976374
v 0.26290977 -0.03097597 -0.26705804
v 0.26348749 -0.04515009 -0.26434770
v 0.26406619 -0.05934875 -0.26163265
v 0.26464593 -0.07357202 -0.25891289
v 0.27252197 -0.09115823 -0.25285098
v 0.56957060 0.11735709 -0.16265394
v 0.52521574 0.12152139 -0.18028998
v 0.49441713 0.12022936 -0.19179738
v 0.46383786 0.11894652 -0.20322280
v 0.43413654 0.11739665 -0.21426654
v 0.40481758 0.11578279 -0.22515330
v 0.37775382 0.11331294 -0.23502962
v 0.35638765 0.10851506 -0.24232401
v 0.33455986 0.10397759 -0.24984020
v 0.31567931 0.09824530 -0.25602254
v 0.30396438 0.08948762 -0.25894040
v 0.29227123 0.08074619 -0.26185289
v 0.28059968 0.07202094 -0.26475996
v 0.27388692 0.06116020 -0.26540053
v 0.26965299 0.04921984 -0.26490605
v 0.26540756 0.03728017 -0.26441607
v 0.26116079 0.02533678 -0.26392591
v 0.25691271 0.01338964 -0.26343560
v 0.25266325 0.00143878 -0.26294518
v 0.24890481 -0.01073635 -0.26222804
v 0.24946922 -0.02486301 -0.25951925
v 0.25003463 -0.03901408 -0.25680578
v 0.25060099 -0.05318963 -0.25408760
v 0.25108847 -0.06735329 -0.25140160
v 0.25153407 -0.08152159 -0.24873073
v 0.56676900 0.11877426 -0.14982191
v 0.52379215 0.12236524 -0.16690604
v 0.49298307 0.12106954 -0.17846707
v 0.46239358 0.11978307 -0.18994573
v 0.43250731 0.11830271 -0.20112088
v 0.40318003 0.11668499 -0.21205774
v 0.37603644 0.11424161 -0.22201250
v 0.35460356 0.10946514 -0.22936809
v 0.33330113 0.10469732 -0.23667528
v 0.31033686 0.10070422 -0.24475585
v 0.29731682 0.09250816 -0.24828552
v 0.28563279 0.08376616 -0.25120714
v 0.27397043 0.07504037 -0.25412330
v 0.26242426 0.06628945 -0.25699055
v 0.25818107 0.05436644 -0.25650051
v 0.25393727 0.04243939 -0.25600997
v 0.24969283 0.03050833 -0.25551900
v 0.24544705 0.01857355 -0.25502783
v 0.24119994 0.00663503 -0.25453657
v 0.23695149 -0.00530721 -0.25404510
v 0.23606232 -0.01876535 -0.25199929
v 0.23661542 -0.03289344 -0.24928273
v 0.23710029 -0.04701452 -0.24659352
v 0.23753311 -0.06113560 -0.24392423
v 0.23796666 -0.07528061 -0.24125041
v 0.26464555 -0.10152723 -0.22638682
v 0.56620705 0.11927378 -0.13595672
v 0.52236706 0.12320995 -0.15350856
v 0.49154764 0.12191058 -0.16512334
v 0.46094793 0.12062047 -0.17665532
v 0.43087649 0.11920962 -0.18796274
v 0.40154094 0.11758804 -0.19894978
v 0.37476698 0.11498156 -0.20877683
v 0.35281789 0.11041608 -0.21640049
v 0.33153895 0.10563157 -0.22372752
v 0.30906790 0.10142076 -0.23161496
v 0.29067266 0.09552715 -0.23763610
v 0.27899781 0.08678460 -0.24056682
v 0.26704460 0.07818833 -0.24363056
v 0.25403601 0.07007872 -0.24718663
v 0.24673529 0.05950136 -0.24810930
v 0.24249309 0.04758693 -0.24761827
v 0.23824956 0.03566878 -0.24712709
v 0.23400471 0.02374692 -0.24663575
v 0.22975872 0.01182126 -0.24614418
v 0.22551261 -0.00010865 -0.24565189
v 0.22268891 -0.01268291 -0.24449812
v 0.22317116 -0.02676160 -0.24180576
v 0.22359130 -0.04083575 -0.23913807
v 0.22401215 -0.05493370 -0.23646584
v 0.22443372 -0.06905551 -0.23378913
v 0.22586749 -0.08366672 -0.23063618
v 0.56564438 0.11977392 -0.12207415
v 0.52094066 0.12405552 -0.14009751
v 0.49011075 0.12275246 -0.15176618
v 0.45950076 0.12145869 -0.16335160
v 0.42924416 0.12011740 -0.17479208
v 0.39990029 0.11849194 -0.18582940
v 0.37349615 0.11572229 -0.19552724
v 0.35116372 0.11131144 -0.20335965
v 0.32974619 0.10657902 -0.21078138
v 0.30779764 0.10213806 -0.21846023
v 0.28493282 0.09815747 -0.22657514
v 0.27236620 0.08980149 -0.22993198
v 0.25972706 0.08150613 -0.23332767
v 0.24673186 0.07339545 -0.23689383
v 0.23531157 0.06462639 -0.23973425
v 0.23107167 0.05272423 -0.23924239
v 0.22683044 0.04081836 -0.23875038
v 0.22258790 0.02890879 -0.23825821
v 0.21834403 0.01699550 -0.23776588
v 0.21401383 0.00511659 -0.23731306
v 0.20904869 -0.00648059 -0.23715572
v 0.20931198 -0.02044236 -0.23455709
v 0.20988910 -0.03456937 -0.23180774
v 0.21031176 -0.04865004 -0.22912632
v 0.21073511 -0.06275456 -0.22644034
v 0.21115921 -0.07688300 -0.22374982
v 0.56508106 0.12027469 -0.10817415
v 0.52077425 0.12438253 -0.12609048
v 0.48867235 0.12359519 -0.13839552
v 0.45805216 0.12229776 -0.15003447
v 0.42764968 0.12100957 -0.16159065
v 0.39825806 0.11939670 -0.17269659
v 0.37222397 0.11646381 -0.18226366
v 0.34988296 0.11204883 -0.19013263
v 0.32795179 0.10752732 -0.19782355
v 0.30652601 0.10285612 -0.20529164
v 0.28365245 0.09887160 -0.21344443
v 0.26526931 0.09301915 -0.21952066
v 0.25241473 0.08482156 -0.22303215
v 0.23943296 0.07670981 -0.22660838
v 0.22620879 0.06873519 -0.23030318
v 0.21967220 0.05785165 -0.23088261
v 0.21543330 0.04595803 -0.23038979
v 0.21032031 0.03444807 -0.23030476
v 0.20502661 0.02301795 -0.23030412
v 0.16652510 0.02646157 -0.24585043
v 0.15594956 0.01747567 -0.24833667
v 0.14539069 0.00850393 -0.25081900
v 0.13484845 -0.00045370 -0.25329745
v 0.12831640 -0.01121863 -0.25389642
v 0.12857813 -0.02509077 -0.25130323
v 0.12863697 -0.03889222 -0.24880137
v 0.12840354 -0.05258050 -0.24643317
v 0.12816976 -0.06628934 -0.24406141
v 0.12793563 -0.08001883 -0.24168609
v 0.12770115 -0.09376901 -0.23930719
v 0.56451696 0.12077609 -0.09425665
v 0.52064645 0.12469403 -0.11204632
v 0.48776087 0.12422022 -0.12476625
v 0.45660210 0.12313769 -0.13670397
v 0.42618957 0.12184586 -0.14831337
v 0.39661431 0.12030232 -0.15955132
v 0.37095046 0.11720610 -0.16898610
v 0.34860080 0.11278699 -0.17689170
v 0.32636026 0.10838944 -0.18475872
v 0.30495837 0.10370097 -0.19224668
v 0.28237069 0.09958649 -0.20029989
v 0.25877246 0.09597772 -0.20883788
v 0.24510764 0.08813462 -0.21274398
v 0.23213927 0.08002181 -0.21633026
v 0.21892831 0.07204618 -0.22003573
v 0.14068887 0.06544606 -0.24931100
v 0.12717433 0.05781301 -0.25319648
v 0.11369310 0.05019875 -0.25707239
v 0.10633922 0.03986128 -0.25807109
v 0.10096446 0.02863798 -0.25813931
v 0.09558993 0.01741517 -0.25820756
v 0.09021565 0.00619284 -0.25827581
v 0.08484159 -0.00502900 -0.25834402
v 0.08261249 -0.01769751 -0.25692669
v 0.08216634 -0.03120255 -0.25466412
v 0.08171954 -0.04472703 -0.25239834
v 0.08127210 -0.05827103 -0.25012928
v 0.08125061 -0.07203441 -0.24765477
v 0.08121301 -0.08581185 -0.24518397
v 0.08117536 -0.09961092 -0.24270935
v 0.56395215 0.12127812 -0.08032167
v 0.52051842 0.12500598 -0.09798275
v 0.48761076 0.12453063 -0.11076587
v 0.45515057 0.12397845 -0.12336005
v 0.42472798 0.12268298 -0.13502277
v 0.39496899 0.12120880 -0.14639358
v 0.36967564 0.11794918 -0.15569451
v 0.34731737 0.11352592 -0.16363683
v 0.32506824 0.10912427 -0.17154035
v 0.30315530 0.10464665 -0.17929862
v 0.28108764 0.10030214 -0.18714154
v 0.25737935 0.09673317 -0.19576654
v 0.14980839 0.12960671 -0.24379030
v 0.12044325 0.12882033 -0.25513169
v 0.10905135 0.12026456 -0.25803664
v 0.10369568 0.10907947 -0.25810462
v 0.09834023 0.09789486 -0.25817263
v 0.09298502 0.08671074 -0.25824064
v 0.08763003 0.07552712 -0.25830862
v 0.08227529 0.06434398 -0.25837663
v 0.07692076 0.05316132 -0.25844461
v 0.07156648 0.04197914 -0.25851259
v 0.06621242 0.03079744 -0.25858057
v 0.06085860 0.01961624 -0.25864854
v 0.05550501 0.00843549 -0.25871652
v 0.05015166 -0.00274474 -0.25878450
v 0.04746182 -0.01515560 -0.25758788
v 0.04748317 -0.02883570 -0.25510103
v 0.04750455 -0.04253746 -0.25261027
v 0.04752597 -0.05626095 -0.25011554
v 0.04754742 -0.07000621 -0.24761687
v 0.04756890 -0.08377329 -0.24511421
v 0.04759043 -0.09756225 -0.24260759
v 0.04716842 -0.11116166 -0.24030875
v 0.56338668 0.12178078 -0.06636915
v 0.52039027 0.12531835 -0.08389975
v 0.48746040 0.12484146 -0.09674621
v 0.45478475 0.12436826 -0.10949355
v 0.42326495 0.12352094 -0.12171885
v 0.39332211 0.12211614 -0.13322335
v 0.36839944 0.11869305 -0.14238892
v 0.34603250 0.11426564 -0.15036801
v 0.32377484 0.10985985 -0.15830809
v 0.30162570 0.10547554 -0.16620946
v 0.27980319 0.10101853 -0.17396933
v 0.10798983 0.14788339 -0.24997655
v 0.08854043 0.14285143 -0.25669974
v 0.07972728 0.13322176 -0.25840896
v 0.07439192 0.12207752 -0.25847670
v 0.06905680 0.11093377 -0.25854447
v 0.06372191 0.09979050 -0.25861219
v 0.05838725 0.08864770 -0.25867993
v 0.05305282 0.07750539 -0.25874767
v 0.04825572 0.06612191 -0.25856048
v 0.04572594 0.05371208 -0.25729603
v 0.04319413 0.04129225 -0.25603059
v 0.04066027 0.02886242 -0.25476408
v 0.03812438 0.01642257 -0.25349662
v 0.03558644 0.00397269 -0.25222811
v 0.03304645 -0.00848723 -0.25095856
v 0.03174027 -0.02153103 -0.24909820
v 0.03174917 -0.03520431 -0.24660681
v 0.03175809 -0.04889921 -0.24411148
v 0.03156723 -0.06252181 -0.24170776
v 0.03107821 -0.07602439 -0.23944300
v 0.03058849 -0.08954635 -0.23717496
v 0.03009806 -0.10308774 -0.23490368
v 0.02960693 -0.11664859 -0.23262914
v 0.56282049 0.12228408 -0.05239907
v 0.52026188 0.12563114 -0.06979727
v 0.48730990 0.12515272 -0.08270727
v 0.45461237 0.12467799 -0.09551755
v 0.42216644 0.12420692 -0.10822929
v 0.39167365 0.12302434 -0.12004062
v 0.36712191 0.11943769 -0.12906928
v 0.34474632 0.11500612 -0.13708520
v 0.32248011 0.11059622 -0.14506194
v 0.30032250 0.10620783 -0.15299974
v 0.27842811 0.10177402 -0.16082546
v 0.11694165 0.15765528 -0.23473267
v 0.08686201 0.15718652 -0.24651147
v 0.06813549 0.15187246 -0.25292683
v 0.05078442 0.14601123 -0.25869966
v 0.04711026 0.13418566 -0.25798795
v 0.04458854 0.12184489 -0.25672755
v 0.04206480 0.10949422 -0.25546613
v 0.03953902 0.09713365 -0.25420371
v 0.03701122 0.08476315 -0.25294024
v 0.03448140 0.07238270 -0.25167578
v 0.03194953 0.05999230 -0.25041029
v 0.02941562 0.04759193 -0.24914379
v 0.02687968 0.03518159 -0.24787629
v 0.02434170 0.02276126 -0.24660775
v 0.02180168 0.01033093 -0.24533820
v 0.01925961 -0.00210942 -0.24406762
v 0.01675077 -0.01457616 -0.24277911
v 0.01583134 -0.02779533 -0.24072617
v 0.01545028 -0.04128446 -0.23841159
v 0.01506867 -0.05479338 -0.23609358
v 0.01468649 -0.06832212 -0.23377217
v 0.01430376 -0.08187071 -0.23144737
v 0.01392046 -0.09543924 -0.22911914
v 0.01353660 -0.10902771 -0.22678749
v 0.56225353 0.12278800 -0.03841139
v 0.52013338 0.12594438 -0.05567529
v 0.48715916 0.12546441 -0.06864897
v 0.45443976 0.12498815 -0.08152237
v 0.42197227 0.12451556 -0.09429667
v 0.39009792 0.12390224 -0.10681022
v 0.36584303 0.12018313 -0.11573556
v 0.34345877 0.11574739 -0.12378839
v 0.32118401 0.11133336 -0.13180184
v 0.29901797 0.10694087 -0.13977619
v 0.27696580 0.10256719 -0.14770886
v 0.10657082 0.16228271 -0.22616439
v 0.06583747 0.16644418 -0.24306336
v 0.04921728 0.16024518 -0.24850936
v 0.03813685 0.15166810 -0.25132450
v 0.03338378 0.14033298 -0.25112715
v 0.03085999 0.12801144 -0.24986573
v 0.02833417 0.11568003 -0.24860327
v 0.02580632 0.10333874 -0.24733980
v 0.02327645 0.09098755 -0.24607532
v 0.02074455 0.07862645 -0.24480982
v 0.01821062 0.06625541 -0.24354331
v 0.01589888 0.05377265 -0.24216828
v 0.01382142 0.04117125 -0.24067868
v 0.01174199 0.02855796 -0.23918767
v 0.00966060 0.01593275 -0.23769525
v 0.00757724 0.00329561 -0.23620144
v 0.00549191 -0.00935347 -0.23470619
v -0.04969944 0.00275249 -0.25879022
v -0.05472190 -0.00843617 -0.25872645
v -0.05632168 -0.02123589 -0.25701123
v -0.05679999 -0.03458047 -0.25475180
v -0.05727900 -0.04794424 -0.25248909
v -0.05775869 -0.06132725 -0.25022316
v -0.05823907 -0.07472954 -0.24795392
v -0.05872015 -0.08815116 -0.24568143
v -0.05906952 -0.10165610 -0.24334149
v 0.56168598 0.12329257 -0.02440606
v 0.52000463 0.12625805 -0.04153375
v 0.48700818 0.12577653 -0.05457126
v 0.45426691 0.12529874 -0.06750796
v 0.42177790 0.12482463 -0.08034498
v 0.38951963 0.12436195 -0.09309231
v 0.36461186 0.12090866 -0.10236439
v 0.34223241 0.11646297 -0.11044782
v 0.31996235 0.11203901 -0.11849169
v 0.29780099 0.10763665 -0.12649633
v 0.09729857 0.16643576 -0.21709426
v 0.05279382 0.17224078 -0.23586845
v 0.03709994 0.16565485 -0.24089783
v 0.02631137 0.15696490 -0.24358809
v 0.01969453 0.14646363 -0.24428500
v 0.01716868 0.13416126 -0.24302252
v 0.01505267 0.12166630 -0.24156153
v 0.01298173 0.10913879 -0.24007659
v 0.01090883 0.09659950 -0.23859027
v 0.00883399 0.08404841 -0.23710255
v 0.00675719 0.07148551 -0.23561344
v 0.00467844 0.05891077 -0.23412292
v -0.05163968 0.07105898 -0.25876561
v -0.05664454 0.05991102 -0.25870204
v -0.06164960 0.04876261 -0.25863850
v -0.06665486 0.03761375 -0.25857496
v -0.07166032 0.02646444 -0.25851139
v -0.07666599 0.01531467 -0.25844783
v -0.08167186 0.00416445 -0.25838429
v -0.08667795 -0.00698622 -0.25832072
v -0.08788253 -0.01993414 -0.25641367
v -0.08838186 -0.03323329 -0.25416133
v -0.08883066 -0.04657593 -0.25188085
v -0.08897816 -0.06008254 -0.24945033
v -0.08912589 -0.07361002 -0.24701603
v -0.08927386 -0.08715843 -0.24457799
v -0.08942205 -0.10072780 -0.24213615
v 0.56111759 0.12379777 -0.01038307
v 0.51987576 0.12657215 -0.02737261
v 0.48685700 0.12608908 -0.04047413
v 0.45409381 0.12560974 -0.05347427
v 0.42158321 0.12513411 -0.06637418
v 0.38913593 0.12474030 -0.07926395
v 0.36386141 0.12143183 -0.08874875
v 0.34103981 0.11716446 -0.09707614
v 0.31876063 0.11273640 -0.10515709
v 0.29659027 0.10832994 -0.11319859
v 0.08672001 0.17115234 -0.20866853
v 0.04426703 0.17607871 -0.22654021
v 0.02400916 0.17148827 -0.23378360
v 0.01405333 0.16245073 -0.23608828
v 0.00801288 0.15171133 -0.23651381
v 0.00594260 0.13922195 -0.23502935
v 0.00387038 0.12672083 -0.23354352
v -0.05356631 0.13888718 -0.25874114
v -0.05855370 0.12777962 -0.25867781
v -0.06354129 0.11667161 -0.25861448
v -0.06852907 0.10583621 -0.25855115
v -0.07351704 0.09445424 -0.25848782
v -0.07850522 0.08334488 -0.25842446
v -0.08349359 0.07223509 -0.25836116
v -0.08848217 0.06112484 -0.25829780
v -0.09347096 0.05001414 -0.25823447
v -0.09845994 0.03890299 -0.25817111
v -0.10344913 0.02779140 -0.25810775
v -0.10843851 0.01667937 -0.25804442
v -0.11235264 0.00506081 -0.25745776
v -0.11648065 -0.00664658 -0.25693983
v -0.11656718 -0.01990693 -0.25452048
v -0.11676347 -0.03332092 -0.25211626
v -0.11696006 -0.04675543 -0.24970834
v -0.11715695 -0.06021051 -0.24729675
v -0.11735413 -0.07368620 -0.24488145
v -0.11755163 -0.08718257 -0.24246246
v -0.08994025 -0.11425204 -0.22642177
v 0.56054854 0.12430360 0.00365761
v 0.51974666 0.12688668 -0.01319183
v 0.48670563 0.12640207 -0.02635754
v 0.45392051 0.12592119 -0.03942127
v 0.42124972 0.12550186 -0.05245057
v 0.38875172 0.12511913 -0.06541734
v 0.36351714 0.12178406 -0.07492138
v 0.34022078 0.11770796 -0.08351008
v 0.31755766 0.11343453 -0.09180807
v 0.29537824 0.10902400 -0.09988651
v 0.07509127 0.17632182 -0.20077190
v 0.03572527 0.17992295 -0.21723451
v 0.01221857 0.17675501 -0.22607638
v 0.00378422 0.16706593 -0.22765933
v -0.02130190 0.16471095 -0.23728596
v -0.04443677 0.16157542 -0.24598470
v -0.06067317 0.15545245 -0.25136057
v -0.07340594 0.14781316 -0.25504899
v -0.08530261 0.13983068 -0.25833818
v -0.09027383 0.12876056 -0.25827506
v -0.09524524 0.11768998 -0.25821194
v -0.10021684 0.10661897 -0.25814882
v -0.10518865 0.09554751 -0.25808567
v -0.11016065 0.08447561 -0.25802255
v -0.11345249 0.07263001 -0.25714156
v -0.11666168 0.06073870 -0.25621891
v -0.11987275 0.04884041 -0.25529572
v -0.12308571 0.03693513 -0.25437197
v -0.12630056 0.02502287 -0.25344768
v -0.13056464 0.01359642 -0.25303465
v -0.13553429 0.00249994 -0.25296602
v -0.13916129 -0.00923454 -0.25224012
v -0.13921715 -0.02267807 -0.24976389
v -0.13927311 -0.03614276 -0.24728376
v -0.13934229 -0.04962233 -0.24480614
v -0.13955590 -0.06305341 -0.24239551
v -0.13976984 -0.07650501 -0.23998117
v -0.13998410 -0.08997720 -0.23756316
v -0.54701751 0.04450206 -0.42585614
v -0.56046075 0.03838541 -0.43011260
v -0.69493330 -0.02072286 -0.47307578
v -0.70834094 -0.02644856 -0.47739065
v -0.71832043 -0.03393970 -0.48000199
v -0.72704136 -0.04207269 -0.48198915
v -0.73575276 -0.05019339 -0.48397475
v -0.73597646 -0.06281628 -0.48171836
v 0.55997878 0.12481008 0.01771604
v 0.51961744 0.12720166 0.00100862
v 0.48655409 0.12671547 -0.01222142
v 0.45365703 0.12627040 -0.02539211
v 0.42088503 0.12588294 -0.03852321
v 0.38836703 0.12549847 -0.05155251
v 0.36322075 0.12211641 -0.06105235
v 0.33980876 0.11807938 -0.06973123
v 0.31667078 0.11399838 -0.07829151
v 0.29416490 0.10971881 -0.08656004
v 0.06417955 0.18118159 -0.19255647
v 0.02719332 0.18376280 -0.20793949
v 0.00119609 0.18168692 -0.21802597
v -0.02404537 0.17936508 -0.22776204
v -0.04294700 0.17433800 -0.23443899
v -0.06123065 0.16909416 -0.24082644
v -0.07494438 0.16187643 -0.24500436
v -0.08767286 0.15425473 -0.24870992
v -0.10037149 0.14665094 -0.25240678
v -0.11234918 0.13875404 -0.25575849
v -0.11774354 0.12791038 -0.25590786
v -0.12094405 0.11607204 -0.25498772
v -0.12414643 0.10422678 -0.25406700
v -0.12735070 0.09237457 -0.25314578
v -0.13055684 0.08051543 -0.25222400
v -0.13376486 0.06864934 -0.25130168
v -0.13697477 0.05677629 -0.25037882
v -0.14018655 0.04489627 -0.24945542
v -0.14465360 0.03359648 -0.24914604
v -0.14961237 0.02252544 -0.24907747
v -0.15457134 0.01145391 -0.24900889
v -0.15953055 0.00038191 -0.24894032
v -0.16175258 -0.01199588 -0.24752526
v -0.16182609 -0.02541477 -0.24505025
v -0.16189969 -0.03885474 -0.24257137
v -0.16197340 -0.05231586 -0.24008857
v -0.16204724 -0.06579817 -0.23760188
v -0.53587335 0.07729372 -0.41491926
v -0.55372423 0.07329611 -0.42136499
v -0.57149822 0.06931573 -0.42778298
v -0.58831739 0.06491507 -0.43373781
v -0.60448337 0.06023895 -0.43937808
v -0.62058794 0.05558059 -0.44499692
v -0.63663149 0.05093987 -0.45059448
v -0.65261441 0.04631670 -0.45617089
v -0.66822809 0.04155381 -0.46157244
v -0.68168098 0.03573380 -0.46590611
v -0.69509423 0.02993092 -0.47022706
v -0.70846802 0.02414511 -0.47453526
v -0.71843565 0.01663455 -0.47714925
v -0.72713453 0.00848762 -0.47913331
v -0.73582172 0.00035174 -0.48111472
v -0.74449712 -0.00777310 -0.48309341
v -0.75316077 -0.01588694 -0.48506942
v -0.76181263 -0.02398979 -0.48704281
v -0.77045333 -0.03208139 -0.48901376
v -0.77908528 -0.04016053 -0.49098349
v -0.78770548 -0.04822874 -0.49295053
v -0.79631406 -0.05628605 -0.49491489
v -0.80491108 -0.06433247 -0.49687669
v -0.80412024 -0.07744343 -0.49411094
v 0.55940819 0.12531720 0.03179223
v 0.51948798 0.12751706 0.01522879
v 0.48636198 0.12704597 0.00191483
v 0.45331222 0.12665372 -0.01138305
v 0.42051983 0.12626451 -0.02457740
v 0.38798180 0.12587833 -0.03766938
v 0.36292392 0.12244919 -0.04716467
v 0.33941051 0.11844523 -0.05592735
v 0.31624410 0.11436665 -0.06453566
v 0.29321083 0.11030298 -0.07309289
v 0.05878644 0.18365999 -0.18168698
v 0.02025179 0.18691304 -0.19788723
v -0.00690430 0.18534595 -0.20858043
v -0.02840974 0.18139586 -0.21654080
v -0.04731251 0.17636834 -0.22324626
v -0.06524280 0.17096755 -0.22948827
v -0.08281262 0.16545922 -0.23556431
v -0.10042560 0.16002116 -0.24167095
v -0.11297362 0.15236638 -0.24531291
v -0.12160460 0.14298022 -0.24704558
v -0.13238560 0.13458022 -0.24983294
v -0.13718788 0.12348961 -0.24969712
v -0.14118741 0.11203177 -0.24916767
v -0.14439051 0.10020462 -0.24824677
v -0.14759545 0.08837055 -0.24732532
v -0.15080230 0.07652956 -0.24640335
v -0.15401101 0.06468164 -0.24548082
v -0.15867923 0.05350663 -0.24527493
v -0.16362713 0.04246090 -0.24520642
v -0.16857527 0.03141469 -0.24513792
v -0.17190447 0.01960270 -0.24427089
v -0.17452663 0.00744768 -0.24305348
v -0.17707650 -0.00475217 -0.24179845
v -0.17715973 -0.01814408 -0.23932199
v -0.39711228 0.07421251 -0.34562221
v -0.42894274 0.07658089 -0.35894427
v -0.46049672 0.07892868 -0.37215054
v -0.53851449 0.09126105 -0.40602681
v -0.55635071 0.08723532 -0.41248852
v -0.57411003 0.08322691 -0.41892239
v -0.59179312 0.07923573 -0.42532858
v -0.60940033 0.07526167 -0.43170729
v -0.62693220 0.07130463 -0.43805870
v -0.64438915 0.06736447 -0.44438303
v -0.66091478 0.06300882 -0.45025262
v -0.67679834 0.05837839 -0.45581099
v -0.69262224 0.05376539 -0.46134844
v -0.70838666 0.04916971 -0.46686509
v -0.72063649 0.04281843 -0.47063076
v -0.73163682 0.03585596 -0.47377628
v -0.74261361 0.02890842 -0.47691509
v -0.75356692 0.02197577 -0.48004723
v -0.76449674 0.01505796 -0.48317263
v -0.77540320 0.00815494 -0.48629129
v -0.78628635 0.00126668 -0.48940337
v -0.79622340 -0.00609435 -0.49204406
v -0.80479568 -0.01415637 -0.49400112
v -0.81335860 -0.02220639 -0.49595672
v -0.82191116 -0.03024495 -0.49791023
v -0.83045226 -0.03827270 -0.49986115
v -0.83808172 -0.04677498 -0.50135428
v -0.84561902 -0.05531417 -0.50280321
v -0.85314882 -0.06384483 -0.50425071
v -0.86067104 -0.07236697 -0.50569677
v -0.86818576 -0.08088060 -0.50714135
v -0.85643744 -0.09998029 -0.49880823
v 0.55882192 0.12583113 0.04587894
v 0.51935840 0.12783292 0.02946874
v 0.48603740 0.12743159 0.01600647
v 0.45296693 0.12703755 0.00264461
v 0.42015415 0.12664659 -0.01061311
v 0.38759613 0.12625867 -0.02376793
v 0.36262673 0.12278242 -0.03325830
v 0.33909827 0.11877490 -0.04206323
v 0.31581688 0.11473541 -0.05076179
v 0.29276967 0.11066814 -0.05935997
v 0.05414181 0.18581545 -0.17045520
v 0.01433031 0.18962103 -0.18734629
v -0.01162754 0.18753405 -0.19749975
v -0.03277457 0.18342686 -0.20531841
v -0.05172467 0.17841919 -0.21207498
v -0.06950615 0.17295189 -0.21827024
v -0.08658960 0.16722673 -0.22413340
v -0.10431650 0.16183743 -0.23032118
v -0.12077338 0.15593126 -0.23589568
v -0.13084686 0.14720041 -0.23834504
v -0.14113680 0.13858788 -0.24090458
v -0.15103620 0.12981957 -0.24327616
v -0.15583265 0.11874413 -0.24314027
v -0.16062948 0.10766772 -0.24300431
v -0.16456872 0.09619554 -0.24244544
v -0.16777436 0.08437955 -0.24152382
v -0.17264193 0.07332746 -0.24142118
v -0.17550029 0.06133741 -0.24032567
v -0.17811804 0.04922537 -0.23910947
v -0.18073779 0.03710402 -0.23789233
v -0.18335958 0.02497333 -0.23667425
v -0.18547378 0.01259134 -0.23520264
v -0.18789840 0.00034492 -0.23388268
v -0.39007559 0.08376160 -0.33172506
v -0.42197084 0.08609082 -0.34512201
v -0.45358872 0.08839978 -0.35840249
v -0.50139326 0.09867679 -0.37975910
v -0.53815961 0.10375535 -0.39565259
v -0.55603677 0.09972241 -0.40215671
v -0.57383668 0.09570690 -0.40863276
v -0.59155989 0.09170870 -0.41508088
v -0.60920686 0.08772770 -0.42150122
v -0.62677807 0.08376379 -0.42789403
v -0.64427400 0.07981686 -0.43425944
v -0.66169512 0.07588681 -0.44059768
v -0.67904198 0.07197351 -0.44690886
v -0.69631499 0.06807687 -0.45319319
v -0.71337020 0.06412331 -0.45937833
v -0.72606981 0.05799747 -0.46338493
v -0.73874366 0.05189284 -0.46738511
v -0.75048167 0.04534040 -0.47092077
v -0.76178861 0.03859534 -0.47424504
v -0.77306992 0.03186559 -0.47756177
v -0.78432572 0.02515107 -0.48087096
v -0.79555601 0.01845174 -0.48417273
v -0.80676091 0.01176756 -0.48746699
v -0.81794065 0.00509845 -0.49075386
v -0.82909513 -0.00155561 -0.49403331
v -0.83991307 -0.00836051 -0.49714765
v -0.84735447 -0.01694436 -0.49855527
v -0.85478860 -0.02551990 -0.49996158
v -0.86221558 -0.03408713 -0.50136650
v -0.86963534 -0.04264606 -0.50277001
v -0.87704796 -0.05119671 -0.50417221
v -0.88445336 -0.05973908 -0.50557309
v -0.89103764 -0.06871931 -0.50655788
v -0.89652997 -0.07829181 -0.50698757
v -0.90204388 -0.08784866 -0.50742894
v -0.89938599 -0.10193471 -0.50369781
v -0.88063765 -0.12501487 -0.49173644
v -0.86173391 -0.14828645 -0.47967589
v 0.56003165 0.12561031 0.06085547
v 0.51906466 0.12821662 0.04364884
v 0.48571241 0.12781771 0.03011694
v 0.45262116 0.12742190 0.01669096
v 0.41978800 0.12702918 0.00336968
v 0.38720989 0.12663952 -0.00984813
v 0.36232913 0.12311611 -0.01933320
v 0.33878568 0.11910501 -0.02818049
v 0.31538910 0.11510465 -0.03696987
v 0.29232794 0.11103377 -0.04560911
v 0.04949701 0.18797098 -0.15922303
v 0.00852573 0.19227830 -0.17675292
v -0.01633535 0.18971546 -0.18641153
v -0.03715746 0.18546575 -0.19410343
v -0.05613722 0.18047023 -0.20090273
v -0.07377005 0.17493652 -0.20705076
v -0.09049784 0.16905250 -0.21276334
v -0.10808963 0.16360123 -0.21891022
v -0.12427591 0.15757194 -0.22437440
v -0.13894123 0.15090413 -0.22909738
v -0.14962858 0.14247823 -0.23186508
v -0.16165937 0.13468535 -0.23530057
v -0.16921872 0.12488218 -0.23653175
v -0.17228211 0.11302979 -0.23554134
v -0.17534743 0.10116998 -0.23455034
v -0.17848346 0.08933454 -0.23359275
v -0.18092524 0.07716870 -0.23228949
v -0.18304408 0.06484129 -0.23082392
v -0.18516485 0.05250245 -0.22935700
v -0.18742152 0.04021520 -0.22795527
v -0.19050358 0.02830628 -0.22696179
v -0.38302383 0.09333123 -0.31779805
v -0.41498396 0.09562111 -0.33127019
v -0.45866305 0.10366262 -0.35061061
v -0.48946342 0.10564487 -0.36355147
v -0.51596814 0.10565201 -0.37436643
v -0.54031235 0.10469770 -0.38411817
v -0.55819160 0.10066122 -0.39064974
v -0.57599360 0.09664217 -0.39715305
v -0.59371871 0.09264044 -0.40362832
v -0.61136764 0.08865595 -0.41007572
v -0.62894082 0.08468857 -0.41649550
v -0.64643860 0.08073819 -0.42288771
v -0.66386157 0.07680470 -0.42925259
v -0.68121022 0.07288799 -0.43559030
v -0.69830418 0.06889632 -0.44180995
v -0.71509564 0.06480389 -0.44788715
v -0.72776771 0.05865864 -0.45189562
v -0.74040788 0.05253134 -0.45589453
v -0.75305074 0.04643967 -0.45990130
v -0.76565921 0.04036456 -0.46389714
v -0.77823353 0.03430595 -0.46788213
v -0.79077375 0.02826375 -0.47185633
v -0.80328000 0.02223792 -0.47581977
v -0.81575239 0.01622837 -0.47977248
v -0.82819122 0.01023505 -0.48371455
v -0.84059644 0.00425789 -0.48764598
v -0.85296828 -0.00170318 -0.49156681
v -0.86018479 -0.01038794 -0.49286953
v -0.86568868 -0.01998122 -0.49330181
v -0.87119097 -0.02957166 -0.49373397
v -0.87669158 -0.03915924 -0.49416602
v -0.88219059 -0.04874397 -0.49459791
v -0.88768792 -0.05832585 -0.49502966
v -0.89318371 -0.06790490 -0.49546131
v -0.89874005 -0.07744682 -0.49592471
v -0.90439457 -0.08693046 -0.49643919
v -0.90402198 -0.09975342 -0.49386349
v -0.90149564 -0.11379848 -0.49017811
v -0.89893943 -0.12789230 -0.48647135
v -0.89637673 -0.14202204 -0.48275509
v 0.56719404 0.12295397 0.07875853
v 0.51953363 0.12828703 0.05822021
v 0.48538694 0.12820433 0.04424627
v 0.45227498 0.12780675 0.03075602
v 0.41942137 0.12741227 0.01737102
v 0.38682321 0.12702087 0.00409007
v 0.36203116 0.12345024 -0.00538932
v 0.33847263 0.11943558 -0.01427908
v 0.31503719 0.11544189 -0.02312240
v 0.29188561 0.11139988 -0.03184025
v 0.04580081 0.18971728 -0.14752407
v 0.00555414 0.19370760 -0.16477022
v -0.02029790 0.19157229 -0.17495629
v -0.04129174 0.18739590 -0.18276462
v -0.06046333 0.18248329 -0.18968667
v -0.07803451 0.17692138 -0.19582981
v -0.09475578 0.17103344 -0.20156282
v -0.11186381 0.16536553 -0.20749609
v -0.12777972 0.15921322 -0.21284899
v -0.14244245 0.15254176 -0.21758994
v -0.15645795 0.14561732 -0.22201772
v -0.16617566 0.13677889 -0.22432145
v -0.17341685 0.12683034 -0.22539987
v -0.17648178 0.11497774 -0.22440591
v -0.17888401 0.10281188 -0.22308101
v -0.18134443 0.09066183 -0.22178292
v -0.18577114 0.07941390 -0.22146162
v -0.19002262 0.06808154 -0.22105254
v -0.19310215 0.05619672 -0.22005844
v -0.41181734 0.10700073 -0.31930709
v -0.43889439 0.10700306 -0.33040076
v -0.46577716 0.10700538 -0.34141490
v -0.49246773 0.10700768 -0.35235023
v -0.51896805 0.10700997 -0.36320767
v -0.54246670 0.10564077 -0.37257499
v -0.56034803 0.10160071 -0.37913406
v -0.57815206 0.09757813 -0.38566473
v -0.59587920 0.09357289 -0.39216721
v -0.61353010 0.08958490 -0.39864171
v -0.63110512 0.08561404 -0.40508842
v -0.64860481 0.08166020 -0.41150746
v -0.66590911 0.07766269 -0.41783813
v -0.68306613 0.07364472 -0.42410466
v -0.70015126 0.06964360 -0.43034485
v -0.71682256 0.06548508 -0.43638566
v -0.72949791 0.05933617 -0.44041160
v -0.74213892 0.05320394 -0.44442660
v -0.75474560 0.04708833 -0.44843072
v -0.76733190 0.04099637 -0.45243099
v -0.77990961 0.03493413 -0.45643339
v -0.79245323 0.02888835 -0.46042487
v -0.80496293 0.02285894 -0.46440560
v -0.81743878 0.01684583 -0.46837556
v -0.82988089 0.01084896 -0.47233480
v -0.84228939 0.00486828 -0.47628334
v -0.85466456 -0.00109630 -0.48022124
v -0.86232203 -0.00955068 -0.48175380
v -0.86782765 -0.01914768 -0.48218790
v -0.87333167 -0.02874182 -0.48262191
v -0.87883401 -0.03833311 -0.48305571
v -0.88433474 -0.04792155 -0.48348945
v -0.88983387 -0.05750713 -0.48392305
v -0.89543277 -0.06703426 -0.48440862
v -0.90109080 -0.07652464 -0.48492539
v -0.90674692 -0.08601163 -0.48544198
v -0.90714878 -0.09840949 -0.48325348
v -0.90480477 -0.11235599 -0.47964612
v -0.90225244 -0.12645039 -0.47592530
v -0.89969349 -0.14058074 -0.47219497
v -0.89712799 -0.15474717 -0.46845511
v 0.57543314 0.11985791 0.09723813
v 0.52284056 0.12719092 0.07420392
v 0.48683959 0.12785658 0.05926628
v 0.45192829 0.12819213 0.04483981
v 0.41905427 0.12779588 0.03139095
v 0.38643593 0.12740272 0.01804670
v 0.36173272 0.12378481 0.00857335
v 0.33815917 0.11976658 -0.00035897
v 0.31470883 0.11576935 -0.00924461
v 0.29144272 0.11176647 -0.01805337
v 0.04211760 0.19145805 -0.13581435
v 0.00383504 0.19459414 -0.15216151
v -0.02139138 0.19217986 -0.16207951
v -0.04303223 0.18827882 -0.17023906
v -0.06220878 0.18336208 -0.17719123
v -0.08067892 0.17819089 -0.18380426
v -0.09868958 0.17287059 -0.19019982
v -0.11563905 0.16713034 -0.19607878
v -0.13128479 0.16085507 -0.20131943
v -0.14596455 0.15418878 -0.20608813
v -0.16059940 0.14754181 -0.21084206
v -0.16936171 0.13826859 -0.21267946
v -0.17761558 0.12877879 -0.21426642
v -0.18068205 0.11692596 -0.21326891
v -0.18159732 0.10407495 -0.21119614
v -0.18420702 0.09198987 -0.20996645
v -0.18943696 0.08111116 -0.21004465
v -0.20019290 0.07281047 -0.21288760
v -0.23013547 0.07352242 -0.22534166
v -0.34495515 0.10122590 -0.27785859
v -0.38744387 0.10832318 -0.29669112
v -0.41483614 0.10837897 -0.30797094
v -0.44190887 0.10837635 -0.31910816
v -0.46878731 0.10837373 -0.33016545
v -0.49547347 0.10837115 -0.34114364
v -0.52196944 0.10836857 -0.35204360
v -0.54462272 0.10658456 -0.36102316
v -0.56250608 0.10254093 -0.36760968
v -0.58031213 0.09851479 -0.37416774
v -0.59804130 0.09450603 -0.38069749
v -0.61569411 0.09051453 -0.38719913
v -0.63321203 0.08651077 -0.39364290
v -0.65051788 0.08245543 -0.39998960
v -0.66775090 0.07841718 -0.40630960
v -0.68491137 0.07439591 -0.41260299
v -0.70199984 0.07039151 -0.41887000
v -0.71855104 0.06616687 -0.42487398
v -0.73122972 0.06001430 -0.42891732
v -0.74387389 0.05387842 -0.43294972
v -0.75648391 0.04775918 -0.43697119
v -0.76905972 0.04165650 -0.44098175
v -0.78160155 0.03557032 -0.44498149
v -0.79413432 0.02951351 -0.44898307
v -0.80664736 0.02348052 -0.45298111
v -0.81912661 0.01746385 -0.45696831
v -0.83157206 0.01146343 -0.46094471
v -0.84398395 0.00547921 -0.46491045
v -0.85636240 -0.00048888 -0.46886545
v -0.86446083 -0.00871280 -0.47062975
v -0.86996830 -0.01831351 -0.47106570
v -0.87547404 -0.02791136 -0.47150147
v -0.88097811 -0.03750636 -0.47193712
v -0.88648057 -0.04709851 -0.47237265
v -0.89212215 -0.05661096 -0.47288060
v -0.89778370 -0.06610807 -0.47339970
v -0.90344328 -0.07560181 -0.47391862
v -0.90910077 -0.08509218 -0.47443733
v -0.91027677 -0.09706501 -0.47263923
v -0.90795648 -0.11100139 -0.46902847
v -0.90556645 -0.12500800 -0.46537566
v -0.90301132 -0.13913891 -0.46163121
v -0.90044963 -0.15330595 -0.45787722
v 0.58370316 0.11675026 0.11578698
v 0.52591825 0.12618963 0.09010887
v 0.49009764 0.12676336 0.07520124
v 0.45434919 0.12742880 0.06030583
v 0.41890585 0.12808855 0.04553756
v 0.38604811 0.12778507 0.03202179
v 0.36143392 0.12411986 0.02255487
v 0.33784530 0.12009803 0.01357987
v 0.31438002 0.11609725 0.00465181
v 0.29103717 0.11211734 -0.00422966
v 0.03776690 0.19333160 -0.12413580
v 0.00211437 0.19548149 -0.13954125
v -0.02276147 0.19290800 -0.14932519
v -0.04462731 0.18909824 -0.15762906
v -0.06395582 0.18424167 -0.16468440
v -0.08248009 0.17908810 -0.17135066
v -0.10049517 0.17376366 -0.17777386
v -0.11842761 0.16845541 -0.18416601
v -0.13462943 0.16242510 -0.18970503
v -0.14949770 0.15584080 -0.19458714
v -0.16413191 0.14919113 -0.19936003
v -0.17306137 0.13999143 -0.20128819
v -0.18181491 0.13072750 -0.20313141
v -0.18417473 0.11855005 -0.20177568
v -0.18419191 0.10528339 -0.19924375
v -0.18711472 0.09333875 -0.19816518
v -0.19338238 0.08293825 -0.19876392
v -0.21286280 0.07870526 -0.20600134
v -0.31553388 0.10040203 -0.25256824
v -0.35421422 0.10555970 -0.26953459
v -0.39022467 0.10959134 -0.28518245
v -0.41766617 0.10966716 -0.29653335
v -0.44490838 0.10974242 -0.30780178
v -0.47179884 0.10974274 -0.31891060
v -0.49848065 0.10973525 -0.32993168
v -0.52497226 0.10972781 -0.34087422
v -0.54678035 0.10752906 -0.34946254
v -0.56466579 0.10348186 -0.35607666
v -0.58247387 0.09945217 -0.36266214
v -0.60020500 0.09543988 -0.36921915
v -0.61766547 0.09134849 -0.37564921
v -0.63504833 0.08727258 -0.38205016
v -0.65235776 0.08321390 -0.38842407
v -0.66959417 0.07917232 -0.39477116
v -0.68675810 0.07514775 -0.40109149
v -0.70385003 0.07114006 -0.40738535
v -0.72028112 0.06684928 -0.41335198
v -0.73296303 0.06069303 -0.41741282
v -0.74561054 0.05455350 -0.42146263
v -0.75822377 0.04843062 -0.42550144
v -0.77080286 0.04232432 -0.42952934
v -0.78334785 0.03623455 -0.43354633
v -0.79585892 0.03016121 -0.43755245
v -0.80833638 0.02410426 -0.44154778
v -0.82081592 0.01808242 -0.44555071
v -0.83326477 0.01207846 -0.44954437
v -0.84567994 0.00609071 -0.45352724
v -0.85806173 0.00011910 -0.45749944
v -0.86660129 -0.00787429 -0.45949739
v -0.87211043 -0.01747872 -0.45993513
v -0.87761790 -0.02708028 -0.46037275
v -0.88314092 -0.03666968 -0.46081910
v -0.88880807 -0.04617691 -0.46134073
v -0.89447314 -0.05568077 -0.46186215
v -0.90013623 -0.06518125 -0.46238339
v -0.90579718 -0.07467836 -0.46290439
v -0.91145635 -0.08417211 -0.46342525
v -0.91340613 -0.09571999 -0.46202067
v -0.91108924 -0.10965753 -0.45839608
v -0.90876657 -0.12362949 -0.45476255
v -0.90633029 -0.13769659 -0.45106387
v -0.90377253 -0.15186422 -0.44729576
v 0.52901286 0.12518200 0.10605529
v 0.49336344 0.12566756 0.09117378
v 0.45755899 0.12633848 0.07619235
v 0.42206049 0.12700367 0.06133893
v 0.38686410 0.12766320 0.04661191
v 0.36135954 0.12436064 0.03666672
v 0.33753097 0.12042993 0.02753748
v 0.31405079 0.11642559 0.01856690
v 0.29069316 0.11244215 0.00964316
v 0.03573405 0.19451575 -0.11189246
v 0.00039211 0.19636966 -0.12690939
v -0.02413296 0.19363689 -0.13655777
v -0.04611629 0.18987134 -0.14495330
v -0.06570444 0.18512206 -0.15216622
v -0.08428285 0.17998613 -0.15888596
v -0.10230237 0.17465752 -0.16533682
v -0.12007765 0.16927314 -0.17167565
v -0.13587503 0.16305542 -0.17703386
v -0.15175565 0.15691929 -0.18244226
v -0.16758308 0.15080373 -0.18783258
v -0.17720270 0.14191478 -0.19011477
v -0.18555802 0.13245672 -0.19164166
v -0.18693629 0.11983927 -0.18991004
v -0.18678816 0.10649260 -0.18728365
v -0.19104579 0.09516069 -0.18687207
v -0.20389068 0.08781261 -0.19078830
v -0.23556796 0.08928066 -0.20421088
v -0.28213400 0.09783554 -0.22517160
v -0.31967852 0.10231900 -0.24160755
v -0.35772628 0.10717698 -0.25832424
v -0.39300704 0.11086021 -0.27366731
v -0.42044613 0.11093143 -0.28506336
v -0.44768590 0.11100212 -0.29637665
v -0.47472852 0.11107230 -0.30760804
v -0.50148928 0.11110002 -0.31871432
v -0.52797651 0.11108771 -0.32969946
v -0.54893965 0.10847428 -0.33789319
v -0.56682706 0.10442349 -0.34453487
v -0.58450460 0.10032503 -0.35108027
v -0.60203940 0.09621095 -0.35756347
v -0.61949974 0.09211433 -0.36401913
v -0.63688618 0.08803505 -0.37044746
v -0.65419912 0.08397301 -0.37684864
v -0.67143905 0.07992810 -0.38322285
v -0.68860650 0.07590021 -0.38957021
v -0.70570177 0.07188924 -0.39589089
v -0.72201264 0.06753229 -0.40181971
v -0.73469794 0.06137238 -0.40589806
v -0.74734873 0.05522919 -0.40996531
v -0.75996518 0.04910266 -0.41402149
v -0.77254748 0.04299274 -0.41806671
v -0.78509563 0.03689936 -0.42210099
v -0.79760998 0.03082244 -0.42612436
v -0.81009054 0.02476191 -0.43013692
v -0.82253754 0.01871772 -0.43413863
v -0.83495897 0.01269404 -0.43813369
v -0.84737748 0.00670275 -0.44213378
v -0.85976255 0.00072762 -0.44612309
v -0.86874336 -0.00703515 -0.44835672
v -0.87425423 -0.01664330 -0.44879627
v -0.87981999 -0.02621810 -0.44926503
v -0.88549060 -0.03573209 -0.44978893
v -0.89115918 -0.04524270 -0.45031267
v -0.89682573 -0.05474994 -0.45083621
v -0.90249026 -0.06425381 -0.45135957
v -0.90815288 -0.07375430 -0.45188275
v -0.91381335 -0.08325141 -0.45240572
v -0.91653669 -0.09437442 -0.45139781
v -0.91422319 -0.10831311 -0.44775942
v -0.91190392 -0.12228624 -0.44411197
v -0.90957892 -0.13629395 -0.44045556
v -0.90709639 -0.15042198 -0.43671063
v 0.53211462 0.12417205 0.12203849
v 0.49641940 0.12465902 0.10707610
v 0.46077630 0.12524560 0.09211621
v 0.42522252 0.12591626 0.07717728
v 0.38997158 0.12658116 0.06236564
v 0.36348236 0.12367635 0.05189241
v 0.33935764 0.11985608 0.04258075
v 0.31536266 0.11605635 0.03331918
v 0.29149646 0.11227702 0.02410731
v 0.08085831 0.18874818 -0.07838836
v 0.03269020 0.19598094 -0.09984792
v -0.00083790 0.19704464 -0.11401891
v -0.02550586 0.19436653 -0.12377726
v -0.04760674 0.19064522 -0.13226500
v -0.06743851 0.18599613 -0.13962854
v -0.08608724 0.18088496 -0.14641014
v -0.10401271 0.17550850 -0.15283927
v -0.12172924 0.17009164 -0.15917358
v -0.13743599 0.16382699 -0.16450712
v -0.15300892 0.15754594 -0.16978176
v -0.16884266 0.15142609 -0.17519614
v -0.17845884 0.14252853 -0.17748468
v -0.18668480 0.13301590 -0.17907542
v -0.18635382 0.11959669 -0.17634802
v -0.18634084 0.10630133 -0.17377695
v -0.19321492 0.09616819 -0.17468487
v -0.21551086 0.09320325 -0.18339983
v -0.24946138 0.09574621 -0.19803223
v -0.28476158 0.09904253 -0.21337220
v -0.32230425 0.10352114 -0.22987439
v -0.36174539 0.10903390 -0.24736695
v -0.39579099 0.11212981 -0.26214564
v -0.42322764 0.11219642 -0.27358693
v -0.45046496 0.11226253 -0.28494507
v -0.47750512 0.11232817 -0.29622096
v -0.50435019 0.11239333 -0.30741557
v -0.53098214 0.11244826 -0.31851938
v -0.55103093 0.10938627 -0.32627958
v -0.56871974 0.10523345 -0.33284625
v -0.58633316 0.10109837 -0.33938497
v -0.60387164 0.09698085 -0.34589583
v -0.62133563 0.09288083 -0.35237905
v -0.63872564 0.08879817 -0.35883483
v -0.65604216 0.08473278 -0.36526331
v -0.67328560 0.08068454 -0.37166461
v -0.69045645 0.07665333 -0.37803903
v -0.70755517 0.07263908 -0.38438666
v -0.72374576 0.06821592 -0.39027709
v -0.73643434 0.06205232 -0.39437297
v -0.74908841 0.05590547 -0.39845768
v -0.76170814 0.04977531 -0.40253133
v -0.77429360 0.04366176 -0.40659392
v -0.78684509 0.03756476 -0.41064554
v -0.79936260 0.03148425 -0.41468617
v -0.81184632 0.02542015 -0.41871595
v -0.82429641 0.01937239 -0.42273483
v -0.83671290 0.01334093 -0.42674285
v -0.84909606 0.00732568 -0.43074012
v -0.86146492 0.00133669 -0.43473649
v -0.87088704 -0.00619538 -0.43720770
v -0.87649554 -0.01575571 -0.43769896
v -0.88216966 -0.02527648 -0.43822521
v -0.88784170 -0.03479386 -0.43875125
v -0.89351183 -0.04430786 -0.43927711
v -0.89917994 -0.05381849 -0.43980283
v -0.90484595 -0.06332574 -0.44032830
v -0.91051000 -0.07282959 -0.44085360
v -0.91617215 -0.08233008 -0.44137877
v -0.91966861 -0.09302826 -0.44077072
v -0.91735846 -0.10696816 -0.43711841
v -0.91504252 -0.12094247 -0.43345708
v -0.91272098 -0.13495134 -0.42978674
v -0.91039371 -0.14899492 -0.42610726
v 0.53522360 0.12315977 0.13805862
v 0.49947408 0.12365161 0.12301089
v 0.46400118 0.12415016 0.10807753
v 0.42839190 0.12482627 0.09305274
v 0.39308637 0.12549663 0.07815612
v 0.36560959 0.12299066 0.06714937
v 0.34145439 0.11916832 0.05778696
v 0.31742927 0.11536657 0.04847499
v 0.29353324 0.11158524 0.03921304
v 0.07632036 0.19085933 -0.06699831
v 0.02964477 0.19744687 -0.08779709
v -0.00319609 0.19820867 -0.10168058
v -0.02722434 0.19524676 -0.11115661
v -0.04911494 0.19142698 -0.11957233
v -0.06893687 0.18676674 -0.12695996
v -0.08786965 0.18177415 -0.13391130
v -0.10566074 0.17633192 -0.14029798
v -0.12338237 0.17091094 -0.14665975
v -0.13912238 0.16465478 -0.15203084
v -0.15426356 0.15817326 -0.15710782
v -0.17010356 0.15204909 -0.16254631
v -0.17936905 0.14298528 -0.16466539
v -0.18692015 0.13315713 -0.16591927
v -0.18577039 0.11935371 -0.16276371
v -0.18470062 0.10556118 -0.15964372
v -0.19324253 0.09618582 -0.16139978
v -0.21744412 0.09409606 -0.17111731
v -0.25179487 0.09682008 -0.18601254
v -0.28739086 0.10025028 -0.20156541
v -0.32555258 0.10501627 -0.21845028
v -0.36576518 0.11089115 -0.23640779
v -0.39857650 0.11340012 -0.25061744
v -0.42601073 0.11346211 -0.26210400
v -0.45324561 0.11352365 -0.27350709
v -0.48028323 0.11358474 -0.28482756
v -0.50688785 0.11353041 -0.29594457
v -0.53322679 0.11343933 -0.30694333
v -0.55245912 0.10997490 -0.31431603
v -0.57015312 0.10581847 -0.32091126
v -0.58777165 0.10167976 -0.32747835
v -0.60531515 0.09755866 -0.33401752
v -0.62278420 0.09345508 -0.34052888
v -0.64017916 0.08936889 -0.34701267
v -0.65750057 0.08529998 -0.35346898
v -0.67474890 0.08124825 -0.35989812
v -0.69192451 0.07721357 -0.36630011
v -0.70902801 0.07319586 -0.37267524
v -0.72522694 0.06877115 -0.37859318
v -0.73793131 0.06260967 -0.38271293
v -0.75060087 0.05646496 -0.38682139
v -0.76323617 0.05033696 -0.39091876
v -0.77583706 0.04422560 -0.39500499
v -0.78840381 0.03813082 -0.39908013
v -0.80093646 0.03205255 -0.40314421
v -0.81343526 0.02599072 -0.40719730
v -0.82590026 0.01994526 -0.41123945
v -0.83833170 0.01391611 -0.41527072
v -0.85072958 0.00790321 -0.41929108
v -0.86309409 0.00190648 -0.42330062
v -0.87316781 -0.00528245 -0.42612103
v -0.87884551 -0.01480998 -0.42664960
v -0.88452113 -0.02433412 -0.42717803
v -0.89019477 -0.03385489 -0.42770621
v -0.89586639 -0.04337225 -0.42823425
v -0.90153599 -0.05288625 -0.42876211
v -0.90720356 -0.06239686 -0.42928973
v -0.91286916 -0.07190409 -0.42981717
v -0.91853273 -0.08140796 -0.43034446
v -0.92280221 -0.09168134 -0.43013957
v -0.92049545 -0.10562240 -0.42647338
v -0.91818291 -0.11959793 -0.42279813
v -0.91586459 -0.13360804 -0.41911376
v -0.91354060 -0.14765288 -0.41542029
v 0.53833973 0.12214515 0.15411577
v 0.50253582 0.12264186 0.13898234
v 0.46703547 0.12313437 0.12397725
v 0.43156877 0.12373375 0.10896546
v 0.39620844 0.12440954 0.09398349
v 0.36774114 0.12230356 0.08243767
v 0.34355545 0.11847917 0.07302436
v 0.31950012 0.11467539 0.06366178
v 0.29524192 0.11103398 0.05418242
v 0.07268740 0.19258204 -0.05515154
v 0.02644424 0.19897977 -0.07581732
v -0.00575019 0.19945766 -0.08943119
v -0.02943565 0.19634165 -0.09877225
v -0.05112381 0.19242786 -0.10711925
v -0.07081384 0.18770383 -0.11446947
v -0.08940817 0.18255578 -0.12127701
v -0.10731032 0.17715614 -0.12774488
v -0.12503709 0.17173097 -0.13413414
v -0.14081036 0.16548334 -0.13954297
v -0.15565886 0.15886393 -0.14449108
v -0.17136583 0.15267278 -0.14988305
v -0.18014169 0.14337966 -0.15176056
v -0.18677996 0.13312718 -0.15255372
v -0.18518600 0.11911034 -0.14915711
v -0.18337670 0.10496660 -0.14564534
v -0.19360383 0.09635769 -0.14826550
v -0.21937902 0.09498962 -0.15882428
v -0.25413010 0.09789474 -0.17398413
v -0.29002178 0.10145879 -0.18975121
v -0.32959241 0.10688387 -0.20742543
v -0.36978564 0.11274870 -0.22544672
v -0.40136358 0.11467115 -0.23908274
v -0.42856005 0.11461627 -0.25049391
v -0.45554927 0.11455623 -0.26181707
v -0.48234513 0.11449662 -0.27305910
v -0.50894964 0.11443742 -0.28422081
v -0.53507417 0.11423753 -0.29515362
v -0.55382127 0.11053121 -0.30230582
v -0.57145679 0.10633980 -0.30889681
v -0.58908165 0.10219783 -0.31549293
v -0.60663152 0.09807349 -0.32206100
v -0.62410676 0.09396669 -0.32860115
v -0.64150798 0.08987729 -0.33511358
v -0.65883553 0.08580521 -0.34159842
v -0.67608982 0.08175032 -0.34805587
v -0.69327152 0.07771252 -0.35448614
v -0.71038091 0.07369170 -0.36088938
v -0.72662657 0.06928463 -0.36685470
v -0.73933536 0.06311931 -0.37099254
v -0.75200951 0.05697082 -0.37511906
v -0.76464909 0.05083906 -0.37923440
v -0.77725446 0.04472395 -0.38333851
v -0.78982550 0.03862544 -0.38743150
v -0.80236262 0.03254345 -0.39151341
v -0.81486565 0.02647792 -0.39558426
v -0.82733500 0.02042879 -0.39964411
v -0.83977067 0.01439598 -0.40369305
v -0.85217279 0.00837943 -0.40773103
v -0.86463124 0.00242690 -0.41180518
v -0.87532765 -0.00443449 -0.41496235
v -0.88119721 -0.01386352 -0.41559288
v -0.88687438 -0.02339106 -0.41612342
v -0.89254951 -0.03291521 -0.41665378
v -0.89822263 -0.04243597 -0.41718397
v -0.90389371 -0.05195335 -0.41771391
v -0.90956283 -0.06146735 -0.41824371
v -0.91522986 -0.07097797 -0.41877329
v -0.92089498 -0.08048522 -0.41930273
v -0.92593718 -0.09033388 -0.41950411
v -0.92363364 -0.10427608 -0.41582400
v -0.92132455 -0.11825278 -0.41213486
v -0.91900969 -0.13226406 -0.40843657
v -0.91668910 -0.14631008 -0.40472910
v 0.54146308 0.12112816 0.17021011
v 0.50560457 0.12162979 0.15499061
v 0.47005048 0.12212717 0.13990036
v 0.43475306 0.12263866 0.12491555
v 0.39933777 0.12331992 0.10984788
v 0.36987710 0.12161504 0.09775744
v 0.34566081 0.11778858 0.08829300
v 0.32157519 0.11398278 0.07887965
v 0.29683262 0.11053347 0.06911961
v 0.07119908 0.19338435 -0.04221576
v 0.02251206 0.20082825 -0.06420127
v -0.00830599 0.20070751 -0.07717361
v -0.03164867 0.19743739 -0.08637832
v -0.05313437 0.19342957 -0.09465583
v -0.07258882 0.18859619 -0.10191549
v -0.09085689 0.18329787 -0.10858400
v -0.10871049 0.17786978 -0.11505239
v -0.12659676 0.17250875 -0.12154765
v -0.14249989 0.16631269 -0.12704349
v -0.15735273 0.15968893 -0.13201287
v -0.17279299 0.15323441 -0.13725631
v -0.18066724 0.14366192 -0.13871346
v -0.18663956 0.13309719 -0.13916802
v -0.18450247 0.11871686 -0.13554659
v -0.17791265 0.10246700 -0.12950389
v -0.19408901 0.09658685 -0.13517667
v -0.22131559 0.09588395 -0.14652076
v -0.25646701 0.09897017 -0.16194700
v -0.29300025 0.10283013 -0.17810710
v -0.33363292 0.10875180 -0.19639871
v -0.37320432 0.11432178 -0.21417409
v -0.40342537 0.11559773 -0.22716753
v -0.43061355 0.11553391 -0.23862027
v -0.45760617 0.11547054 -0.24999066
v -0.48440531 0.11540762 -0.26127955
v -0.51088971 0.11528555 -0.27242413
v -0.53692329 0.11503643 -0.28335375
v -0.55522418 0.11110729 -0.29030362
v -0.57277822 0.10686977 -0.29687828
v -0.59039301 0.10271644 -0.30349499
v -0.60794920 0.09858885 -0.31009203
v -0.62543076 0.09447882 -0.31666103
v -0.64283812 0.09038623 -0.32320213
v -0.66017175 0.08631097 -0.32971555
v -0.67743218 0.08225292 -0.33620146
v -0.69461989 0.07821198 -0.34266001
v -0.71173519 0.07418804 -0.34909141
v -0.72802746 0.06979860 -0.35510430
v -0.74074084 0.06362949 -0.35926029
v -0.75341940 0.05747720 -0.36340487
v -0.76606345 0.05134166 -0.36753821
v -0.77867317 0.04522280 -0.37166029
v -0.79124868 0.03912054 -0.37577122
v -0.80379003 0.03303484 -0.37987095
v -0.81629753 0.02696561 -0.38395962
v -0.82877111 0.02091280 -0.38803723
v -0.84121102 0.01487633 -0.39210379
v -0.85365671 0.00887697 -0.39618003
v -0.86624283 0.00298668 -0.40033686
v -0.87743825 -0.00361311 -0.40376863
v -0.88347042 -0.01295945 -0.40448645
v -0.88922912 -0.02244735 -0.40506130
v -0.89490575 -0.03197490 -0.40559381
v -0.90058041 -0.04149904 -0.40612611
v -0.90625304 -0.05101982 -0.40665826
v -0.91192365 -0.06053721 -0.40719020
v -0.91759223 -0.07005122 -0.40772194
v -0.92325878 -0.07956185 -0.40825349
v -0.92892331 -0.08906910 -0.40878484
v -0.92677319 -0.10292922 -0.40517038
v -0.92446756 -0.11690708 -0.40146732
v -0.92215604 -0.13091953 -0.39775503
v -0.91983891 -0.14496675 -0.39403358
v -0.91764128 -0.15897785 -0.39036962
v 0.54459363 0.12010883 0.18634170
v 0.50868040 0.12061539 0.17103583
v 0.47307247 0.12111766 0.15586002
v 0.43776584 0.12161566 0.14081270
v 0.40247446 0.12222775 0.12574942
v 0.37201744 0.12092511 0.11310872
v 0.34777048 0.11709659 0.10359300
v 0.32323039 0.11346906 0.09391372
v 0.29842636 0.11003201 0.08408533
v 0.06970928 0.19418745 -0.02926708
v 0.01881196 0.20257668 -0.05246387
v -0.01086350 0.20195816 -0.06490783
v -0.03386339 0.19853398 -0.07397483
v -0.05514659 0.19443212 -0.08218201
v -0.07411370 0.18937877 -0.08922186
v -0.09238594 0.18407552 -0.09591846
v -0.11006355 0.17856263 -0.10232215
v -0.12795638 0.17319748 -0.10884596
v -0.14386334 0.16699611 -0.11436486
v -0.15888582 0.16044170 -0.11944000
v -0.17357722 0.15377884 -0.12435368
v -0.18119892 0.14394704 -0.12565227
v -0.18649429 0.13306503 -0.12575981
v -0.14251181 0.09961206 -0.10057436
v -0.17085046 0.09923207 -0.11249908
v -0.19554892 0.09726654 -0.12257143
v -0.22325380 0.09677904 -0.13420671
v -0.25850442 0.09990591 -0.14974602
v -0.29683065 0.10460061 -0.16689520
v -0.33669868 0.11016096 -0.18486699
v -0.37612590 0.11565984 -0.20264009
v -0.40547699 0.11651946 -0.21523663
v -0.43266866 0.11645228 -0.22673708
v -0.45966470 0.11638559 -0.23815478
v -0.48646718 0.11631937 -0.24949059
v -0.51273561 0.11608806 -0.26056790
v -0.53877383 0.11583601 -0.27154365
v -0.55662853 0.11168395 -0.27828929
v -0.57418847 0.10744308 -0.28489268
v -0.59170574 0.10323559 -0.29148456
v -0.60926825 0.09910476 -0.29811063
v -0.62675607 0.09499150 -0.30470851
v -0.64416963 0.09089570 -0.31127837
v -0.66150945 0.08681724 -0.31782043
v -0.67877597 0.08275604 -0.32433483
v -0.69596958 0.07871195 -0.33082172
v -0.71309090 0.07468490 -0.33728132
v -0.72942984 0.07031311 -0.34334204
v -0.74214768 0.06414018 -0.34751615
v -0.75483078 0.05798409 -0.35167888
v -0.76747930 0.05184477 -0.35583025
v -0.78009343 0.04572215 -0.35997036
v -0.79267329 0.03961616 -0.36409920
v -0.80521905 0.03352673 -0.36821684
v -0.81773078 0.02745379 -0.37232336
v -0.83020872 0.02139729 -0.37641871
v -0.84265292 0.01535715 -0.38050309
v -0.85526597 0.00944082 -0.38468319
v -0.86785573 0.00354699 -0.38885781
v -0.87955040 -0.00279110 -0.39256632
v -0.88558441 -0.01214121 -0.39328712
v -0.89158559 -0.02150300 -0.39399171
v -0.89726365 -0.03103394 -0.39452633
v -0.90293986 -0.04056150 -0.39506084
v -0.90861398 -0.05008567 -0.39559510
v -0.91428608 -0.05960644 -0.39612919
v -0.91995615 -0.06912384 -0.39666307
v -0.92562419 -0.07863786 -0.39719677
v -0.93129027 -0.08814849 -0.39773026
v -0.92991412 -0.10158182 -0.39451247
v -0.92761171 -0.11556084 -0.39079544
v -0.92530370 -0.12957446 -0.38706917
v -0.92299002 -0.14362288 -0.38333374
v -0.92083734 -0.15761164 -0.37967816
v 0.55205894 0.11730897 0.20470081
v 0.51176333 0.11959864 0.18711810
v 0.47610131 0.12010580 0.17185643
v 0.44074142 0.12060867 0.15672408
v 0.40561852 0.12113302 0.14168823
v 0.37416220 0.12023375 0.12849168
v 0.34982842 0.11642691 0.11889593
v 0.32485545 0.11296852 0.10895981
v 0.30002314 0.10952959 0.09907965
v 0.01602061 0.20393334 -0.04025850
v -0.01330032 0.20315665 -0.05257136
v -0.03625486 0.19970761 -0.06165119
v -0.05681517 0.19528447 -0.06952123
v -0.07564006 0.19016211 -0.07651576
v -0.09391649 0.18485391 -0.08324048
v -0.11143597 0.17926419 -0.08958794
v -0.12931742 0.17388690 -0.09613113
v -0.14517650 0.16765711 -0.10164661
v -0.16020481 0.16109824 -0.10674407
v -0.17425883 0.15414037 -0.11134870
v -0.18177664 0.14425309 -0.11259749
v -0.18633939 0.13302852 -0.11232653
v -0.14361428 0.10014164 -0.08768438
v -0.17173629 0.09965438 -0.09954452
v -0.19733992 0.09809928 -0.11012363
v -0.22557205 0.09785058 -0.12207758
v -0.26089591 0.10100680 -0.13771725
v -0.29976532 0.10595140 -0.15521654
v -0.33962762 0.11150572 -0.17325804
v -0.37904903 0.11699861 -0.19110002
v -0.40753025 0.11744193 -0.20329617
v -0.43472546 0.11737139 -0.21484436
v -0.46172491 0.11730136 -0.22630943
v -0.48835647 0.11714800 -0.23760167
v -0.51458305 0.11689126 -0.24870135
v -0.54039371 0.11652347 -0.25960237
v -0.55803424 0.11226119 -0.26626274
v -0.57560009 0.10801696 -0.27289495
v -0.59309173 0.10379064 -0.27949911
v -0.61058879 0.09962120 -0.28611678
v -0.62808281 0.09550470 -0.29274362
v -0.64550257 0.09140569 -0.29934227
v -0.66284853 0.08732405 -0.30591300
v -0.68012106 0.08325967 -0.31245592
v -0.69732076 0.07921245 -0.31897125
v -0.71444803 0.07518227 -0.32545912
v -0.73083371 0.07082812 -0.33156791
v -0.74355596 0.06465138 -0.33576024
v -0.75624353 0.05849149 -0.33994105
v -0.76889652 0.05234838 -0.34411055
v -0.78151506 0.04622199 -0.34826863
v -0.79409927 0.04011226 -0.35241544
v -0.80664939 0.03401910 -0.35655105
v -0.81916553 0.02794246 -0.36067542
v -0.83164769 0.02188227 -0.36478859
v -0.84424841 0.01591898 -0.36897126
v -0.85687685 0.01000521 -0.37317544
v -0.86947024 0.00410783 -0.37736803
v -0.88166422 -0.00196847 -0.38135546
v -0.88770002 -0.01132234 -0.38207924
v -0.89373285 -0.02067173 -0.38280261
v -0.89962316 -0.03009236 -0.38345140
v -0.90530086 -0.03962330 -0.38398799
v -0.91097647 -0.04915088 -0.38452443
v -0.91665006 -0.05867505 -0.38506067
v -0.92232168 -0.06819583 -0.38559669
v -0.92799121 -0.07771324 -0.38613254
v -0.93365878 -0.08722726 -0.38666821
v -0.93305606 -0.10023387 -0.38385019
v -0.93075722 -0.11421406 -0.38011920
v -0.92845273 -0.12822887 -0.37637904
v -0.92616850 -0.14226371 -0.37264353
v -0.92403460 -0.15624487 -0.36898255
v 0.56031191 0.11418644 0.22351176
v 0.51485348 0.11857954 0.20323759
v 0.47913721 0.11909164 0.18788967
v 0.44372389 0.11959938 0.17267197
v 0.40860972 0.12010282 0.15758280
v 0.37631142 0.11954097 0.14390637
v 0.35148522 0.11592732 0.13402317
v 0.32648700 0.11246558 0.12403650
v 0.30207461 0.10883330 0.11433364
v 0.06195590 0.19784270 -0.00577159
v 0.01322759 0.20529081 -0.02804579
v -0.01507223 0.20406717 -0.03988449
v -0.03838636 0.20076819 -0.04918444
v -0.05825811 0.19603826 -0.05673191
v -0.07716794 0.19094622 -0.06379715
v -0.09544855 0.18563309 -0.07055006
v -0.11297368 0.18003912 -0.07692493
v -0.13067985 0.17457704 -0.08340316
v -0.14649104 0.16831878 -0.08891500
v -0.16141258 0.16170482 -0.09397673
v -0.17495547 0.15450874 -0.09833481
v -0.18235511 0.14455955 -0.09952598
v -0.18618427 0.13299197 -0.09887292
v -0.14471798 0.10067179 -0.07477993
v -0.17275564 0.10013814 -0.08664315
v -0.19906935 0.09890358 -0.09763184
v -0.22814707 0.09904134 -0.11007184
v -0.26327384 0.10210133 -0.12567198
v -0.30270156 0.10730290 -0.14353165
v -0.34255812 0.11285119 -0.16164292
v -0.38197371 0.11833809 -0.17955385
v -0.40958518 0.11836515 -0.19134603
v -0.43678391 0.11829124 -0.20294207
v -0.46378362 0.11821638 -0.21445297
v -0.49020058 0.11795484 -0.22567816
v -0.51643205 0.11769514 -0.23682451
v -0.54179490 0.11710469 -0.24753469
v -0.55944139 0.11283902 -0.25422406
v -0.57701319 0.10859142 -0.26088512
v -0.59451067 0.10436177 -0.26751801
v -0.61193442 0.10014994 -0.27412292
v -0.62941092 0.09601844 -0.28076625
v -0.64683694 0.09191621 -0.28739381
v -0.66418898 0.08783138 -0.29399323
v -0.68146759 0.08376382 -0.30056477
v -0.69867331 0.07971345 -0.30710855
v -0.71580654 0.07568014 -0.31362474
v -0.73223895 0.07134367 -0.31978181
v -0.74496573 0.06516310 -0.32399237
v -0.75765771 0.05899940 -0.32819140
v -0.77031511 0.05285251 -0.33237895
v -0.78293812 0.04672234 -0.33655518
v -0.79552668 0.04060886 -0.34071997
v -0.80808121 0.03451198 -0.34487352
v -0.82060170 0.02843162 -0.34901580
v -0.83318979 0.02242127 -0.35320082
v -0.84585708 0.01648746 -0.35743472
v -0.85848922 0.01057013 -0.36165690
v -0.87108624 0.00466919 -0.36586738
v -0.88364851 -0.00121541 -0.37006620
v -0.88981730 -0.01050284 -0.37086281
v -0.89585197 -0.01985600 -0.37158915
v -0.90188372 -0.02920467 -0.37231520
v -0.90766346 -0.03868448 -0.37290767
v -0.91334057 -0.04821545 -0.37344626
v -0.91901571 -0.05774302 -0.37398466
v -0.92468876 -0.06726720 -0.37452284
v -0.93035984 -0.07678799 -0.37506083
v -0.93602890 -0.08630540 -0.37559864
v -0.93619943 -0.09888537 -0.37318358
v -0.93390399 -0.11286672 -0.36943865
v -0.93160290 -0.12688272 -0.36568451
v -0.92936361 -0.14089532 -0.36195737
v -0.92723316 -0.15487757 -0.35828277
v 0.57266545 0.10938030 0.24446976
v 0.51795077 0.11755809 0.21939437
v 0.48218006 0.11807512 0.20395990
v 0.44671315 0.11858775 0.18865648
v 0.41154623 0.11909606 0.17348248
v 0.37840047 0.11887394 0.15931982
v 0.35368186 0.11519976 0.14945465
v 0.32909992 0.11154588 0.13964401
v 0.30465353 0.10791216 0.12988746
v 0.06323934 0.19745618 0.00863327
v 0.01043289 0.20664909 -0.01582575
v -0.01684575 0.20497853 -0.02718605
v -0.03955572 0.20141010 -0.03621130
v -0.05874247 0.19637302 -0.04343482
v -0.07802323 0.19143493 -0.05071830
v -0.09678382 0.18632551 -0.05774479
v -0.11451290 0.18081483 -0.06424949
v -0.13204370 0.17526790 -0.07066201
v -0.14777359 0.16896622 -0.07615276
v -0.16255419 0.16228171 -0.08116061
v -0.17565301 0.15487759 -0.08530474
v -0.18293433 0.14486639 -0.08643772
v -0.18574704 0.13282683 -0.08525264
v -0.14582291 0.10120254 -0.06186100
v -0.17372286 0.10059795 -0.07369928
v -0.20065130 0.09963971 -0.08505093
v -0.23072377 0.10023290 -0.09805822
v -0.26563874 0.10318977 -0.11361041
v -0.30558720 0.10863069 -0.13181330
v -0.34549013 0.11419737 -0.15002164
v -0.38424143 0.11936695 -0.16765754
v -0.41164178 0.11928911 -0.17938627
v -0.43884400 0.11921184 -0.19103020
v -0.46562436 0.11902689 -0.20247193
v -0.49204639 0.11876238 -0.21374424
v -0.51828265 0.11849972 -0.22493736
v -0.54319763 0.11768652 -0.23545478
v -0.56085002 0.11341745 -0.24217317
v -0.57842767 0.10916647 -0.24886312
v -0.59593105 0.10493346 -0.25552475
v -0.61336052 0.10071831 -0.26215830
v -0.63074040 0.09653271 -0.26877645
v -0.64817256 0.09242725 -0.27543291
v -0.66553080 0.08833922 -0.28206116
v -0.68281555 0.08426850 -0.28866133
v -0.70002729 0.08021498 -0.29523364
v -0.71716636 0.07617854 -0.30177820
v -0.73364556 0.07185973 -0.30798385
v -0.74637687 0.06567533 -0.31221265
v -0.75907332 0.05950782 -0.31642988
v -0.77173519 0.05335714 -0.32063562
v -0.78436261 0.04722321 -0.32482991
v -0.79695570 0.04110597 -0.32901278
v -0.80951452 0.03500534 -0.33318430
v -0.82208985 0.02894784 -0.33737147
v -0.83479625 0.02299389 -0.34163532
v -0.84746724 0.01705649 -0.34588730
v -0.86010313 0.01113558 -0.35012752
v -0.87270385 0.00523109 -0.35435596
v -0.88526982 -0.00065706 -0.35857269
v -0.89193606 -0.00968272 -0.35963777
v -0.89797258 -0.01903965 -0.36036712
v -0.90400618 -0.02839208 -0.36109611
v -0.91014725 -0.03773531 -0.36134619
v -0.91570634 -0.04727938 -0.36236060
v -0.92138290 -0.05681035 -0.36290112
v -0.92705756 -0.06633794 -0.36344147
v -0.93273008 -0.07586212 -0.36398160
v -0.93840063 -0.08538292 -0.36452159
v -0.93934411 -0.09753633 -0.36251271
v -0.93705207 -0.11151885 -0.35875383
v -0.93475443 -0.12553601 -0.35498565
v -0.93255997 -0.13952641 -0.35126701
v -0.93043303 -0.15350974 -0.34757876
v 0.52293360 0.11575881 0.23655163
v 0.48711237 0.11627536 0.22103298
v 0.45159563 0.11678752 0.20564625
v 0.41637939 0.11729535 0.19038968
v 0.38202995 0.11755896 0.17555484
v 0.35672849 0.11411313 0.16535336
v 0.33171862 0.11062417 0.15528597
v 0.30723807 0.10698899 0.14547552
v 0.00797059 0.20786417 -0.00342587
v -0.01828623 0.20574576 -0.01430314
v -0.04072637 0.20205273 -0.02322396
v -0.05958088 0.19686273 -0.03030327
v -0.07851975 0.19176617 -0.03743750
v -0.09730180 0.18665726 -0.04450178
v -0.11535534 0.18128163 -0.05119937
v -0.13333696 0.17592739 -0.05787028
v -0.14890999 0.16954833 -0.06330033
v -0.16369706 0.16285925 -0.06833033
v -0.17635138 0.15524688 -0.07225844
v -0.18357614 0.14520171 -0.07336489
v -0.18483552 0.13244553 -0.07136365
v -0.14718883 0.10185286 -0.04906308
v -0.17506917 0.10123219 -0.06093765
v -0.20223477 0.10037655 -0.07245776
v -0.23322245 0.10138822 -0.08599503
v -0.26800528 0.10427900 -0.10154016
v -0.30838737 0.10991842 -0.12004292
v -0.34842372 0.11554427 -0.13839419
v -0.38629606 0.12029506 -0.15563972
v -0.41370004 0.12021381 -0.16741683
v -0.44085196 0.12010749 -0.17908046
v -0.46746668 0.11983810 -0.19048041
v -0.49389371 0.11957062 -0.20179994
v -0.52013493 0.11930501 -0.21303990
v -0.54460162 0.11826891 -0.22336258
v -0.56226003 0.11399645 -0.23011006
v -0.57984364 0.10974208 -0.23682895
v -0.59735274 0.10550572 -0.24351940
v -0.61478806 0.10128725 -0.25018162
v -0.63214988 0.09708653 -0.25681579
v -0.64950967 0.09293884 -0.26345965
v -0.66687399 0.08884760 -0.27011669
v -0.68416482 0.08477370 -0.27674562
v -0.70138264 0.08071702 -0.28334647
v -0.71852767 0.07667744 -0.28991950
v -0.73505360 0.07237632 -0.29617387
v -0.74778944 0.06618809 -0.30042100
v -0.76049042 0.06001676 -0.30465648
v -0.77315676 0.05386228 -0.30888039
v -0.78578860 0.04772457 -0.31309283
v -0.79838598 0.04160357 -0.31729376
v -0.81094843 0.03549882 -0.32148290
v -0.82369405 0.02952462 -0.32577690
v -0.83640420 0.02356705 -0.33005893
v -0.84907895 0.01762605 -0.33432904
v -0.86171848 0.01170156 -0.33858728
v -0.87432295 0.00579351 -0.34283373
v -0.88689256 -0.00009818 -0.34706840
v -0.89405662 -0.00886198 -0.34840423
v -0.90009487 -0.01822267 -0.34913653
v -0.90613019 -0.02757887 -0.34986848
v -0.91216272 -0.03693059 -0.35060009
v -0.91807365 -0.04634269 -0.35126737
v -0.92375183 -0.05587706 -0.35181010
v -0.92942786 -0.06540804 -0.35235256
v -0.93510193 -0.07493562 -0.35289487
v -0.94077402 -0.08445981 -0.35343701
v -0.94248998 -0.09618674 -0.35183746
v -0.94020146 -0.11017044 -0.34806463
v -0.93790716 -0.12418875 -0.34428242
v -0.93575764 -0.13815697 -0.34057248
v -0.93363410 -0.15214136 -0.33687055
v 0.52800763 0.11392267 0.25379741
v 0.49211344 0.11444780 0.23818286
v 0.45652476 0.11496846 0.22270121
v 0.42123771 0.11548472 0.20735075
v 0.38682324 0.11575468 0.19242664
v 0.36041611 0.11275589 0.18161671
v 0.33521655 0.10932924 0.17141424
v 0.31016022 0.10592204 0.16126972
v 0.00981062 0.20722462 0.01121389
v -0.01944892 0.20639279 -0.00126229
v -0.04189830 0.20269603 -0.01022239
v -0.06062898 0.19744428 -0.01726441
v -0.07901691 0.19209783 -0.02413938
v -0.09782045 0.18698946 -0.03124158
v -0.11588465 0.18160966 -0.03796999
v -0.13382022 0.17622608 -0.04464206
v -0.14958040 0.16992193 -0.05018992
v -0.16462092 0.16333836 -0.05537087
v -0.17700900 0.15559782 -0.05917413
v -0.18421876 0.14553745 -0.06027553
v -0.18434910 0.13225807 -0.05767362
v -0.14856504 0.10250792 -0.03625648
v -0.17638120 0.10185068 -0.04814394
v -0.20378239 0.10109681 -0.05983274
v -0.23558933 0.10248232 -0.07385349
v -0.27040604 0.10538415 -0.08947825
v -0.31118917 0.11120690 -0.10826573
v -0.35135886 0.11689188 -0.12676057
v -0.38835239 0.12122392 -0.14361218
v -0.41575995 0.12113927 -0.15543772
v -0.44269076 0.12092242 -0.16703080
v -0.46931061 0.12065004 -0.17847839
v -0.49574268 0.12037957 -0.18984520
v -0.52198881 0.12011100 -0.20113209
v -0.54600710 0.11885192 -0.21125807
v -0.56367147 0.11457603 -0.21803470
v -0.58126098 0.11031829 -0.22478262
v -0.59877604 0.10607857 -0.23150195
v -0.61621702 0.10185675 -0.23819289
v -0.63358456 0.09765273 -0.24485566
v -0.65087903 0.09346639 -0.25149038
v -0.66821867 0.08935650 -0.25815991
v -0.68551558 0.08527942 -0.26481754
v -0.70273930 0.08121957 -0.27144703
v -0.71989036 0.07717686 -0.27804855
v -0.73646313 0.07289343 -0.28435194
v -0.74920344 0.06670135 -0.28861740
v -0.76190895 0.06052620 -0.29287118
v -0.77457970 0.05436793 -0.29711330
v -0.78721595 0.04822644 -0.30134389
v -0.79981774 0.04210167 -0.30556297
v -0.81255031 0.03607978 -0.30985913
v -0.82529980 0.03010193 -0.31417134
v -0.83801365 0.02414075 -0.31847158
v -0.85069209 0.01819615 -0.32275984
v -0.86333531 0.01226808 -0.32703614
v -0.87594354 0.00635646 -0.33130062
v -0.88851678 0.00046122 -0.33555329
v -0.89617866 -0.00804060 -0.33716202
v -0.90221870 -0.01740507 -0.33789733
v -0.90825593 -0.02676505 -0.33863229
v -0.91429019 -0.03612053 -0.33936685
v -0.92032158 -0.04547152 -0.34010112
v -0.92612219 -0.05494313 -0.34071147
v -0.93179983 -0.06447750 -0.34125614
v -0.93747538 -0.07400849 -0.34180063
v -0.94314897 -0.08353607 -0.34234488
v -0.94563723 -0.09483662 -0.34115791
v -0.94335204 -0.10882146 -0.33737111
v -0.94107133 -0.12283525 -0.33358040
v -0.93895644 -0.13678697 -0.32987377
v -0.93683636 -0.15077247 -0.32615814
v 0.53309625 0.11208124 0.27109283
v 0.49712884 0.11261501 0.25538188
v 0.46146804 0.11314423 0.23980485
v 0.42630678 0.11358648 0.22446202
v 0.39186078 0.11384821 0.20946577
v 0.36411300 0.11139525 0.19792098
v 0.33887133 0.10796817 0.18765922
v 0.31377319 0.10456059 0.17745580
v 0.01475574 0.20524688 0.02749731
v -0.01801062 0.20591345 0.01314836
v -0.04284921 0.20324332 0.00290933
v -0.06167825 0.19802648 -0.00421075
v -0.07964558 0.19248742 -0.01089223
v -0.09833977 0.18732207 -0.01796414
v -0.11637951 0.18192255 -0.02470508
v -0.13428777 0.17651792 -0.03138796
v -0.15009621 0.17022642 -0.03698162
v -0.16515379 0.16364174 -0.04219063
v -0.17732884 0.15579624 -0.04589570
v -0.18453567 0.14572543 -0.04699817
v -0.18417169 0.13221158 -0.04412420
v -0.14994270 0.10316367 -0.02343656
v -0.17772591 0.10248422 -0.03535315
v -0.20509194 0.10170704 -0.04706910
v -0.23755907 0.10339203 -0.06149292
v -0.27321357 0.10667902 -0.07762149
v -0.31399256 0.11249612 -0.09648172
v -0.35429561 0.11824020 -0.11512080
v -0.39041039 0.12215353 -0.13157490
v -0.41771618 0.12201544 -0.14339319
v -0.44453117 0.12173807 -0.15497054
v -0.47115618 0.12146267 -0.16646586
v -0.49759325 0.12118922 -0.17788006
v -0.52384430 0.12091769 -0.18921393
v -0.54741406 0.11943550 -0.19914125
v -0.56508440 0.11515621 -0.20594710
v -0.58267981 0.11089509 -0.21272407
v -0.60020065 0.10665200 -0.21947233
v -0.61764747 0.10242684 -0.22619206
v -0.63502073 0.09821951 -0.23288350
v -0.65232086 0.09402987 -0.23954675
v -0.66956460 0.08986594 -0.24619068
v -0.68686765 0.08578566 -0.25287715
v -0.70409739 0.08172265 -0.25953534
v -0.72125447 0.07767680 -0.26616538
v -0.73787403 0.07341107 -0.27251810
v -0.75061888 0.06721514 -0.27680188
v -0.76332879 0.06103618 -0.28107396
v -0.77600408 0.05487409 -0.28533435
v -0.78864473 0.04872881 -0.28958315
v -0.80136484 0.04265952 -0.29388165
v -0.81415373 0.03666129 -0.29822430
v -0.82690698 0.03067980 -0.30255482
v -0.83962464 0.02471499 -0.30687329
v -0.85230690 0.01876679 -0.31117970
v -0.86495388 0.01283513 -0.31547418
v -0.87756568 0.00691994 -0.31975669
v -0.89014256 0.00102115 -0.32402733
v -0.89830238 -0.00721860 -0.32591125
v -0.90434420 -0.01658685 -0.32664949
v -0.91038322 -0.02595060 -0.32738745
v -0.91641933 -0.03530985 -0.32812503
v -0.92245245 -0.04466461 -0.32886222
v -0.92848271 -0.05401488 -0.32959911
v -0.93417335 -0.06354634 -0.33015221
v -0.93985045 -0.07308073 -0.33069882
v -0.94552553 -0.08261172 -0.33124527
v -0.94878560 -0.09348594 -0.33047408
v -0.94650394 -0.10747194 -0.32667324
v -0.94426805 -0.12146363 -0.32289118
v -0.94215655 -0.13541645 -0.31917089
v -0.94003999 -0.14940302 -0.31544155
v 0.53819948 0.11023451 0.28843808
v 0.50215864 0.11077696 0.27263027
v 0.46642539 0.11131478 0.25695735
v 0.43143019 0.11166613 0.24164355
v 0.39691296 0.11193620 0.22655433
v 0.36781919 0.11003116 0.21426633
v 0.34253520 0.10660367 0.20394497
v 0.31739524 0.10319571 0.19368242
v 0.01968078 0.20327824 0.04381082
v -0.01572092 0.20506562 0.02803018
v -0.04053164 0.20236844 0.01776760
v -0.06122017 0.19794977 0.00964791
v -0.08061656 0.19302753 0.00219266
v -0.09884635 0.18764921 -0.00466241
v -0.11683679 0.18221889 -0.01140275
v -0.13475594 0.17681012 -0.01811638
v -0.15057220 0.17051318 -0.02373483
v -0.16568735 0.16394551 -0.02899326
v -0.17764910 0.15599494 -0.03259911
v -0.18481562 0.14589667 -0.03368291
v -0.18399400 0.13216500 -0.03055412
v -0.15132178 0.10382009 -0.01060330
v -0.17907985 0.10312202 -0.02255306
v -0.20631354 0.10227662 -0.03424468
v -0.23871501 0.10392385 -0.04869022
v -0.27518588 0.10758432 -0.06531455
v -0.31679761 0.11378609 -0.08469088
v -0.35711199 0.11953188 -0.10341013
v -0.39247003 0.12308389 -0.11952785
v -0.41955295 0.12283484 -0.13127413
v -0.44637319 0.12255444 -0.14289968
v -0.47300336 0.12227602 -0.15444283
v -0.49944541 0.12199958 -0.16590445
v -0.52570134 0.12172507 -0.17728540
v -0.54882234 0.12001968 -0.18701212
v -0.56649876 0.11573698 -0.19384722
v -0.58410001 0.11147245 -0.20065330
v -0.60162675 0.10722601 -0.20743054
v -0.61907935 0.10299750 -0.21417913
v -0.63645834 0.09878684 -0.22089925
v -0.65376419 0.09459390 -0.22759108
v -0.67099732 0.09041858 -0.23425478
v -0.68822116 0.08629243 -0.24092439
v -0.70545691 0.08222625 -0.24761130
v -0.72261995 0.07817724 -0.25426999
v -0.73928636 0.07392923 -0.26067218
v -0.75203568 0.06772946 -0.26497436
v -0.76475018 0.06154666 -0.26926479
v -0.77742988 0.05538076 -0.27354348
v -0.79013735 0.04926398 -0.27784416
v -0.80296588 0.04324525 -0.28221744
v -0.81575871 0.03724335 -0.28657845
v -0.82851571 0.03125821 -0.29092732
v -0.84123713 0.02528978 -0.29526404
v -0.85392308 0.01933796 -0.29958865
v -0.86657381 0.01340271 -0.30390126
v -0.87918931 0.00748394 -0.30820185
v -0.89176989 0.00158160 -0.31249058
v -0.90042776 -0.00639597 -0.31465188
v -0.90647143 -0.01576800 -0.31539312
v -0.91251218 -0.02513552 -0.31613404
v -0.91855001 -0.03449855 -0.31687459
v -0.92458498 -0.04385708 -0.31761476
v -0.93061709 -0.05321112 -0.31835467
v -0.93654853 -0.06261455 -0.31904069
v -0.94222713 -0.07215234 -0.31958950
v -0.94790363 -0.08168673 -0.32013813
v -0.95193535 -0.09213472 -0.31978589
v -0.94965708 -0.10612188 -0.31597105
v -0.94746590 -0.12009151 -0.31219772
v -0.94535792 -0.13404538 -0.30846375
v -0.94324487 -0.14803305 -0.30472076
v 0.54836661 0.10629891 0.30846360
v 0.50720292 0.10893362 0.28992823
v 0.47144660 0.10945940 0.27418485
v 0.43656847 0.10974018 0.25887519
v 0.40197986 0.11001863 0.24369259
v 0.37153476 0.10866363 0.23065294
v 0.34619346 0.10524207 0.22026396
v 0.32023856 0.10216372 0.20953710
v 0.02719943 0.20019215 0.06152564
v -0.01349752 0.20424682 0.04290669
v -0.03820903 0.20149164 0.03265812
v -0.05945494 0.19730178 0.02421579
v -0.07887458 0.19237602 0.01672120
v -0.09832180 0.18752138 0.00920015
v -0.11732682 0.18250489 0.00187284
v -0.13522474 0.17710267 -0.00482731
v -0.15104881 0.17080034 -0.01047059
v -0.16622160 0.16424967 -0.01577875
v -0.17796981 0.15619390 -0.01928436
v -0.18509594 0.14606816 -0.02034926
v -0.18381605 0.13211836 -0.01696333
v -0.15259247 0.10442690 0.00230154
v -0.18043521 0.10376049 -0.00973955
v -0.20740002 0.10278376 -0.02133384
v -0.23987222 0.10445627 -0.03587332
v -0.27656853 0.10821455 -0.05268268
v -0.31828457 0.11445846 -0.07219083
v -0.35951719 0.12063000 -0.09147290
v -0.39437363 0.12394043 -0.10738690
v -0.42139137 0.12365495 -0.11914439
v -0.44821686 0.12337152 -0.13081822
v -0.47485214 0.12309008 -0.14240925
v -0.50129920 0.12281064 -0.15391839
v -0.52756006 0.12253316 -0.16534650
v -0.55023217 0.12060446 -0.17487064
v -0.56791455 0.11631834 -0.18173505
v -0.58552170 0.11205041 -0.18857031
v -0.60305423 0.10780060 -0.19537659
v -0.62051266 0.10356875 -0.20215407
v -0.63789743 0.09935476 -0.20890296
v -0.65520889 0.09515852 -0.21562341
v -0.67244762 0.09097991 -0.22231561
v -0.68961406 0.08681884 -0.22897975
v -0.70681787 0.08273036 -0.23567498
v -0.72398686 0.07867821 -0.24236228
v -0.74070019 0.07444791 -0.24881424
v -0.75345403 0.06824429 -0.25313491
v -0.76617301 0.06205766 -0.25744367
v -0.77886754 0.05589330 -0.26174635
v -0.79173613 0.04985395 -0.26615041
v -0.80456859 0.04383152 -0.27054211
v -0.81736517 0.03782596 -0.27492157
v -0.83012599 0.03183717 -0.27928877
v -0.84285116 0.02586510 -0.28364375
v -0.85554087 0.01990968 -0.28798664
v -0.86819530 0.01397083 -0.29231742
v -0.88081449 0.00804849 -0.29663616
v -0.89339876 0.00214258 -0.30094290
v -0.90255463 -0.00557271 -0.30338386
v -0.90860021 -0.01494852 -0.30412811
v -0.91464269 -0.02431982 -0.30487201
v -0.92068243 -0.03368663 -0.30561554
v -0.92671913 -0.04304894 -0.30635875
v -0.93275303 -0.05240674 -0.30710158
v -0.93878394 -0.06176006 -0.30784404
v -0.94460541 -0.07122332 -0.30847263
v -0.95028347 -0.08076111 -0.30902338
v -0.95508641 -0.09078294 -0.30909336
v -0.95281154 -0.10477127 -0.30526450
v -0.95066512 -0.11871882 -0.30150008
v -0.94856054 -0.13267379 -0.29775244
v -0.94645089 -0.14666252 -0.29399574
v 0.56471056 0.09981567 0.33178312
v 0.51226163 0.10708497 0.30727598
v 0.47667274 0.10751931 0.29156178
v 0.44172186 0.10780860 0.27615723
v 0.40706149 0.10809548 0.26088068
v 0.37515748 0.10733588 0.24702726
v 0.34900975 0.10423864 0.23617671
v 0.32302192 0.10115775 0.22539304
v 0.29612657 0.09855030 0.21411461
v 0.03857891 0.19544262 0.08132563
v -0.01053517 0.20310830 0.05820206
v -0.03591838 0.20062906 0.04756147
v -0.05768618 0.19665249 0.03881286
v -0.07712462 0.19172123 0.03128118
v -0.09654680 0.18684188 0.02374609
v -0.11589185 0.18198745 0.01623978
v -0.13479857 0.17699669 0.00895367
v -0.15145996 0.17105827 0.00284616
v -0.16672230 0.16453883 -0.00252888
v -0.17826404 0.15638097 -0.00593708
v -0.18537664 0.14623989 -0.00699719
v -0.18363781 0.13207164 -0.00335178
v -0.15076926 0.10361668 0.01686765
v -0.18148133 0.10425670 0.00325286
v -0.20848776 0.10329147 -0.00840838
v -0.24112205 0.10503168 -0.02309093
v -0.27795261 0.10884544 -0.04003770
v -0.31968206 0.11508887 -0.05962963
v -0.36092186 0.12125716 -0.07899127
v -0.39533442 0.12435120 -0.09473000
v -0.42274189 0.12424333 -0.10674173
v -0.44995087 0.12413624 -0.11866646
v -0.47670260 0.12390487 -0.13036513
v -0.50315464 0.12362242 -0.14192186
v -0.52942044 0.12334196 -0.15339719
v -0.55164343 0.12118984 -0.16271676
v -0.56933165 0.11690027 -0.16961055
v -0.58694476 0.11262896 -0.17647502
v -0.60448325 0.10837576 -0.18331040
v -0.62194741 0.10414055 -0.19011684
v -0.63933784 0.09992323 -0.19689456
v -0.65665507 0.09572369 -0.20364369
v -0.67389941 0.09154180 -0.21036445
v -0.69107133 0.08737746 -0.21705700
v -0.70818019 0.08323500 -0.22372629
v -0.72535521 0.07917968 -0.23044235
v -0.74211538 0.07496712 -0.23694427
v -0.75487381 0.06875964 -0.24128339
v -0.76759726 0.06256917 -0.24561062
v -0.78046393 0.05648753 -0.25002289
v -0.79333639 0.05044448 -0.25444552
v -0.80617273 0.04441836 -0.25885573
v -0.81897312 0.03840912 -0.26325360
v -0.83173770 0.03241668 -0.26763919
v -0.84446669 0.02644098 -0.27201253
v -0.85716021 0.02048193 -0.27637365
v -0.86981833 0.01453948 -0.28072265
v -0.88244122 0.00861356 -0.28505957
v -0.89502913 0.00270409 -0.28938439
v -0.90468329 -0.00474881 -0.29210722
v -0.91073048 -0.01412841 -0.29285446
v -0.91677493 -0.02350351 -0.29360136
v -0.92281634 -0.03287409 -0.29434791
v -0.92885494 -0.04224017 -0.29509407
v -0.93489063 -0.05160175 -0.29583991
v -0.94092339 -0.06095884 -0.29658535
v -0.94695324 -0.07031143 -0.29733047
v -0.95266485 -0.07983486 -0.29790109
v -0.95823866 -0.08943063 -0.29839650
v -0.95596725 -0.10342010 -0.29455361
v -0.95386553 -0.11734561 -0.29079825
v -0.95176440 -0.13130163 -0.28703696
v -0.94965822 -0.14529146 -0.28326654
v 0.57590622 0.09545816 0.35248867
v 0.51733500 0.10523101 0.32467377
v 0.48191419 0.10557353 0.30898973
v 0.44689029 0.10587136 0.29348981
v 0.41158444 0.10640799 0.27781683
v 0.37801838 0.10633070 0.26303616
v 0.35183242 0.10323295 0.25212559
v 0.32528496 0.10037431 0.24100684
v 0.29835424 0.09776656 0.22966792
v -0.00563605 0.20113146 0.07455494
v -0.03230701 0.19919211 0.06319400
v -0.05591035 0.19600034 0.05344109
v -0.07537087 0.19106503 0.04587048
v -0.09477757 0.18616512 0.03831635
v -0.11444099 0.18143815 0.03061374
v -0.13342018 0.17646664 0.02326270
v -0.15033779 0.17063008 0.01699710
v -0.16622312 0.16437849 0.01127128
v -0.17831665 0.15645897 0.00755759
v -0.18549727 0.14633903 0.00645896
v -0.18365952 0.13211614 0.01017366
v -0.14894235 0.10280480 0.03146352
v -0.17974389 0.10347214 0.01774942
v -0.20906873 0.10356495 0.00480361
v -0.24256334 0.10569598 -0.01039654
v -0.27933809 0.10947697 -0.02737960
v -0.32108098 0.11571994 -0.04705549
v -0.36214170 0.12179732 -0.06639684
v -0.39610609 0.12467250 -0.08195607
v -0.42345965 0.12453113 -0.09398507
v -0.45068297 0.12442292 -0.10596345
v -0.47770977 0.12431551 -0.11785532
v -0.50454205 0.12420886 -0.12966165
v -0.53118205 0.12410297 -0.14138336
v -0.55305600 0.12177579 -0.15055050
v -0.57075036 0.11748282 -0.15747370
v -0.58836931 0.11320809 -0.16436750
v -0.60591370 0.10895151 -0.17123201
v -0.62338370 0.10471295 -0.17806748
v -0.64077985 0.10049229 -0.18487406
v -0.65810269 0.09628943 -0.19165193
v -0.67535263 0.09210425 -0.19840129
v -0.69253016 0.08793665 -0.20512231
v -0.70963573 0.08378650 -0.21181518
v -0.72672498 0.07968168 -0.21851005
v -0.74353206 0.07548686 -0.22506225
v -0.75629497 0.06927553 -0.22941986
v -0.76914930 0.06314614 -0.23383453
v -0.78206187 0.05708234 -0.23828824
v -0.79493821 0.05103556 -0.24272947
v -0.80777842 0.04500575 -0.24715821
v -0.82058269 0.03899283 -0.25157458
v -0.83335108 0.03299674 -0.25597855
v -0.84608376 0.02701740 -0.26037025
v -0.85878104 0.02105473 -0.26474968
v -0.87144285 0.01510868 -0.26911694
v -0.88406950 0.00917917 -0.27347204
v -0.89666104 0.00326613 -0.27781501
v -0.90681350 -0.00392429 -0.28082195
v -0.91286260 -0.01330768 -0.28157219
v -0.91890877 -0.02268656 -0.28232211
v -0.92495203 -0.03206093 -0.28307164
v -0.93099236 -0.04143079 -0.28382081
v -0.93702984 -0.05079614 -0.28456962
v -0.94306439 -0.06015700 -0.28531808
v -0.94909608 -0.06951337 -0.28606617
v -0.95504791 -0.07890799 -0.28677130
v -0.96072698 -0.08844920 -0.28732622
v -0.95915979 -0.10204845 -0.28385815
v -0.95706725 -0.11597186 -0.28009224
v -0.95496964 -0.12992896 -0.27631724
v -0.95286685 -0.14391987 -0.27253309
v -0.95075905 -0.15794472 -0.26873979
v 0.52256465 0.10331299 0.34219646
v 0.48672763 0.10380679 0.32623485
v 0.45094314 0.10440183 0.31027573
v 0.41546392 0.10499181 0.29445273
v 0.38088575 0.10532323 0.27908155
v 0.35466149 0.10222495 0.26811072
v 0.32755280 0.09958921 0.25665367
v 0.30892032 0.09340686 0.24967510
v -0.00072244 0.19914874 0.09095619
v -0.02751332 0.19724110 0.07949049
v -0.05272037 0.19473024 0.06884943
v -0.07322413 0.19023643 0.06069648
v -0.09301221 0.18549030 0.05291199
v -0.11269192 0.18075681 0.04517287
v -0.13203919 0.17593563 0.03759886
v -0.14921357 0.17020111 0.03117377
v -0.16522892 0.16399568 0.02535818
v -0.17794958 0.15634748 0.02129655
v -0.18513606 0.14621958 0.02019257
v -0.18387188 0.13224761 0.02361676
v -0.14711168 0.10199127 0.04608924
v -0.17800292 0.10268601 0.03227528
v -0.20777220 0.10297062 0.01904195
v -0.24400608 0.10636096 0.00231081
v -0.28072500 0.11010915 -0.01470836
v -0.32239223 0.11630990 -0.03442035
v -0.36336294 0.12233807 -0.05378870
v -0.39693874 0.12502256 -0.06919874
v -0.42417830 0.12481928 -0.08121245
v -0.45141599 0.12470996 -0.09324457
v -0.47845685 0.12460144 -0.10518979
v -0.50530308 0.12449370 -0.11704902
v -0.53195673 0.12438672 -0.12882318
v -0.55379397 0.12203400 -0.13800529
v -0.57162732 0.11780103 -0.14502987
v -0.58938396 0.11358626 -0.15202427
v -0.60706455 0.10938956 -0.15898867
v -0.62466937 0.10521083 -0.16592327
v -0.64219910 0.10104993 -0.17282827
v -0.65955180 0.09685574 -0.17964809
v -0.67680734 0.09266727 -0.18642610
v -0.69399041 0.08849639 -0.19317563
v -0.71110147 0.08434300 -0.19989692
v -0.72814101 0.08020698 -0.20659003
v -0.74495018 0.07600713 -0.21316814
v -0.75779194 0.06982993 -0.21758497
v -0.77074486 0.06374526 -0.22207001
v -0.78366137 0.05767770 -0.22654241
v -0.79654157 0.05162722 -0.23100226
v -0.80938560 0.04559371 -0.23544957
v -0.82219374 0.03957710 -0.23988444
v -0.83496594 0.03357735 -0.24430688
v -0.84770250 0.02759436 -0.24871698
v -0.86040342 0.02162807 -0.25311473
v -0.87306893 0.01567841 -0.25750023
v -0.88569927 0.00974531 -0.26187357
v -0.89829445 0.00382870 -0.26623473
v -0.90894526 -0.00309914 -0.26952803
v -0.91499621 -0.01248632 -0.27028126
v -0.92104417 -0.02186899 -0.27103418
v -0.92708921 -0.03124714 -0.27178672
v -0.93313146 -0.04062079 -0.27253890
v -0.93917066 -0.04998993 -0.27329069
v -0.94520706 -0.05935457 -0.27404216
v -0.95124048 -0.06871469 -0.27479324
v -0.95727104 -0.07807033 -0.27554396
v -0.96311313 -0.08752510 -0.27619097
v -0.96235931 -0.10067310 -0.27316159
v -0.96027017 -0.11459756 -0.26938203
v -0.95817596 -0.12855574 -0.26559335
v -0.95607680 -0.14254774 -0.26179546
v -0.95397246 -0.15657368 -0.25798839
v 0.52694839 0.10174633 0.35931438
v 0.49075845 0.10236672 0.34310657
v 0.45489502 0.10297516 0.32704630
v 0.41935337 0.10357198 0.31113136
v 0.38411391 0.10416374 0.29535177
v 0.35699677 0.10142718 0.28386626
v 0.33975017 0.09456641 0.27761543
v 0.32334360 0.08739366 0.27180204
v 0.00908596 0.19504705 0.11000942
v -0.02278162 0.19531746 0.09579419
v -0.04899659 0.19322713 0.08457650
v -0.07003369 0.18894969 0.07610967
v -0.09030537 0.18440023 0.06803895
v -0.11078502 0.18000568 0.05984391
v -0.13056198 0.17536187 0.05201242
v -0.14808731 0.16977134 0.04537626
v -0.16433337 0.16365734 0.03941626
v -0.17758165 0.15623568 0.03505745
v -0.18477431 0.14609994 0.03394796
v -0.18408453 0.13237925 0.03707879
v -0.14527728 0.10117606 0.06074490
v -0.17625843 0.10189828 0.04683052
v -0.20647322 0.10237516 0.03330716
v -0.24341802 0.10608296 0.01612841
v -0.28211340 0.11074200 -0.00202397
v -0.32359943 0.11685107 -0.02171478
v -0.36458546 0.12287940 -0.04116683
v -0.39777237 0.12537304 -0.05642593
v -0.42489785 0.12510780 -0.06842387
v -0.45214990 0.12499736 -0.08050990
v -0.47920492 0.12488773 -0.09250855
v -0.50606507 0.12477890 -0.10442077
v -0.53273243 0.12467083 -0.11624753
v -0.55441040 0.12223306 -0.12537779
v -0.57225382 0.11799695 -0.13243410
v -0.59002054 0.11377905 -0.13946006
v -0.60771102 0.10957926 -0.14645585
v -0.62532568 0.10539745 -0.15342171
v -0.64286518 0.10123350 -0.16035780
v -0.66032982 0.09708732 -0.16726433
v -0.67772019 0.09295877 -0.17414145
v -0.69503671 0.08884776 -0.18098938
v -0.71227986 0.08475415 -0.18780832
v -0.72945017 0.08067785 -0.19459841
v -0.74635345 0.07651965 -0.20125303
v -0.75938499 0.07043336 -0.20579043
v -0.77234191 0.06434494 -0.21029425
v -0.78526241 0.05827365 -0.21478537
v -0.79814649 0.05221943 -0.21926387
v -0.81099439 0.04618222 -0.22372977
v -0.82380629 0.04016194 -0.22818319
v -0.83658230 0.03415851 -0.23262410
v -0.84932262 0.02817187 -0.23705262
v -0.86202735 0.02220195 -0.24146877
v -0.87469661 0.01624868 -0.24587259
v -0.88733065 0.01031198 -0.25026417
v -0.89992952 0.00439180 -0.25464350
v -0.91107881 -0.00227335 -0.25822544
v -0.91713148 -0.01166433 -0.25898173
v -0.92318130 -0.02105079 -0.25973761
v -0.92922819 -0.03043273 -0.26049319
v -0.93527204 -0.03981016 -0.26124835
v -0.94131315 -0.04918308 -0.26200315
v -0.94735134 -0.05855149 -0.26275760
v -0.95338655 -0.06791541 -0.26351169
v -0.95941895 -0.07727481 -0.26426542
v -0.96544838 -0.08662972 -0.26501879
v -0.96556008 -0.09929720 -0.26246086
v -0.96346778 -0.11322645 -0.25866395
v -0.96112549 -0.12732790 -0.25472051
v -0.95877737 -0.14146484 -0.25076714
v -0.95642328 -0.15563734 -0.24680381
v 0.53114051 0.10025977 0.37637022
v 0.49488500 0.10088739 0.36006749
v 0.45894122 0.10150961 0.34390497
v 0.42330509 0.10212651 0.32788077
v 0.39181361 0.10111468 0.31404203
v 0.37319326 0.09474246 0.30705267
v 0.35796833 0.08697491 0.30186632
v 0.34278592 0.07922906 0.29669446
v 0.01903181 0.19088648 0.12919781
v -0.01828174 0.19349506 0.11201375
v -0.04488256 0.19155374 0.10054874
v -0.06650418 0.18751432 0.09173848
v -0.08713934 0.18310778 0.08344413
v -0.10759540 0.17868608 0.07523280
v -0.12806721 0.17433505 0.06699984
v -0.14715625 0.16942909 0.05949839
v -0.16343628 0.16331843 0.05349897
v -0.17721313 0.15612370 0.04884021
v -0.18441197 0.14598012 0.04772520
v -0.18429749 0.13251108 0.05055979
v -0.14371897 0.10048737 0.07527926
v -0.17455214 0.10112815 0.06139266
v -0.20500462 0.10170132 0.04768984
v -0.24162383 0.10524492 0.03062227
v -0.28332862 0.11129405 0.01076833
v -0.32480794 0.11739283 -0.00899530
v -0.36580932 0.12342133 -0.02853122
v -0.39860699 0.12572393 -0.04363759
v -0.42566359 0.12541817 -0.05564391
v -0.45288473 0.12528512 -0.06775931
v -0.47995389 0.12517437 -0.07981156
v -0.50682795 0.12506445 -0.09177692
v -0.53350902 0.12495528 -0.10365635
v -0.55502760 0.12243237 -0.11273404
v -0.57288116 0.11819310 -0.11982213
v -0.59065789 0.11397210 -0.12687974
v -0.60835832 0.10976920 -0.13390702
v -0.62598288 0.10558432 -0.14090422
v -0.64353210 0.10141732 -0.14787148
v -0.66100639 0.09726810 -0.15480901
v -0.67840642 0.09313656 -0.16171703
v -0.69573241 0.08902256 -0.16859567
v -0.71298498 0.08492599 -0.17544518
v -0.73016453 0.08084679 -0.18226568
v -0.74712509 0.07671010 -0.18897662
v -0.76032430 0.07070201 -0.19362295
v -0.77333885 0.06463596 -0.19817492
v -0.78631657 0.05858713 -0.20271400
v -0.79925746 0.05255542 -0.20724022
v -0.81216180 0.04654077 -0.21175364
v -0.82502967 0.04054308 -0.21625431
v -0.83786130 0.03456232 -0.22074232
v -0.85065687 0.02859838 -0.22521764
v -0.86341631 0.02265122 -0.22968042
v -0.87614000 0.01672075 -0.23413065
v -0.88882810 0.01080691 -0.23856843
v -0.90148062 0.00490963 -0.24299379
v -0.91314083 -0.00148627 -0.24687345
v -0.91912454 -0.01091948 -0.24759322
v -0.92510551 -0.02034839 -0.24831264
v -0.93108380 -0.02977299 -0.24903175
v -0.93705928 -0.03919330 -0.24975052
v -0.94303209 -0.04860931 -0.25046897
v -0.94900215 -0.05802102 -0.25118709
v -0.95496947 -0.06742845 -0.25190488
v -0.96093416 -0.07683159 -0.25262234
v -0.96690428 -0.08622581 -0.25334412
v -0.96703833 -0.09888753 -0.25078726
v -0.96470225 -0.11296105 -0.24683672
v -0.96236020 -0.12706992 -0.24287623
v -0.96001238 -0.14121427 -0.23890582
v -0.95765853 -0.15539423 -0.23492537
v 0.53534365 0.09876928 0.39347100
v 0.49902242 0.09940417 0.37707299
v 0.46301383 0.10003360 0.36081612
v 0.44793576 0.09198396 0.35573357
v 0.42708173 0.08641448 0.34754974
v 0.40225303 0.08259583 0.33722264
v 0.37950671 0.07796773 0.32799605
v 0.37139004 0.06713691 0.32660818
v 0.02906634 0.18668820 0.14849614
v -0.01387328 0.19171281 0.12822336
v -0.04050804 0.18976685 0.11669885
v -0.06281091 0.18600731 0.10749064
v -0.08396555 0.18181215 0.09888703
v -0.10439792 0.17736320 0.09065955
v -0.12515123 0.17312080 0.08224548
v -0.14520033 0.16862832 0.07419867
v -0.16209961 0.16278198 0.06784339
v -0.17681485 0.15599836 0.06266069
v -0.18404880 0.14585999 0.06152448
v -0.18451075 0.13264310 0.06405979
v -0.14216359 0.09980006 0.08983892
v -0.17293195 0.10039768 0.07593548
v -0.20333758 0.10093576 0.06220682
v -0.23971142 0.10435195 0.04520820
v -0.28114772 0.11026198 0.02542495
v -0.32601777 0.11793519 0.00373813
v -0.36703455 0.12396385 -0.01588183
v -0.39944267 0.12607525 -0.03083372
v -0.42651266 0.12576805 -0.04289314
v -0.45362046 0.12557323 -0.05499283
v -0.48070380 0.12546138 -0.06709876
v -0.50759184 0.12535034 -0.07911737
v -0.53428662 0.12524009 -0.09104963
v -0.55564559 0.12263194 -0.10007400
v -0.57350934 0.11838952 -0.10719397
v -0.59129608 0.11416538 -0.11428329
v -0.60900646 0.10995939 -0.12134214
v -0.62664086 0.10577142 -0.12837072
v -0.64419985 0.10160137 -0.13536924
v -0.66168392 0.09744913 -0.14233787
v -0.67909342 0.09331457 -0.14927682
v -0.69642895 0.08919759 -0.15618628
v -0.71369088 0.08509807 -0.16306642
v -0.73089981 0.08102605 -0.16992848
v -0.74789464 0.07689925 -0.17668329
v -0.76118839 0.07093189 -0.18139873
v -0.77427208 0.06489398 -0.18600549
v -0.78725612 0.05884119 -0.19056451
v -0.80020332 0.05280555 -0.19511062
v -0.81311399 0.04678698 -0.19964385
v -0.82598811 0.04078542 -0.20416430
v -0.83882600 0.03480079 -0.20867200
v -0.85162759 0.02883301 -0.21316700
v -0.86439329 0.02288202 -0.21764934
v -0.87712312 0.01694774 -0.22211908
v -0.88981724 0.01103012 -0.22657630
v -0.90247571 0.00512907 -0.23102103
v -0.91434538 -0.00116112 -0.23503172
v -0.92033207 -0.01059958 -0.23575458
v -0.92631602 -0.02003373 -0.23647711
v -0.93229729 -0.02946357 -0.23719931
v -0.93827581 -0.03888911 -0.23792119
v -0.94425160 -0.04831035 -0.23864272
v -0.95022464 -0.05772729 -0.23936394
v -0.95619494 -0.06713993 -0.24008481
v -0.96216255 -0.07654829 -0.24080537
v -0.96823639 -0.08589149 -0.24158701
v -0.96827388 -0.09861446 -0.23896407
v -0.96593803 -0.11269535 -0.23499651
v -0.96359622 -0.12681162 -0.23101896
v -0.96124870 -0.14096344 -0.22703144
v -0.95889515 -0.15515091 -0.22303385
v 0.54355776 0.09561720 0.41276062
v 0.51863140 0.09147796 0.40241566
v 0.50496244 0.08270606 0.39809713
v 0.48779085 0.07544024 0.39189005
v 0.46258026 0.07161930 0.38135099
v -0.00935171 0.18988174 0.14453299
v -0.03623854 0.18802622 0.13283093
v -0.05944123 0.18464270 0.12310355
v -0.08041403 0.18035011 0.11456813
v -0.10135414 0.17610872 0.10603672
v -0.12244108 0.17199844 0.09741200
v -0.14293332 0.16768850 0.08909622
v -0.16034035 0.16205567 0.08244315
v -0.17605050 0.15570778 0.07670197
v -0.18336309 0.14559355 0.07552089
v -0.18532455 0.13304895 0.07725196
v -0.14060515 0.09911139 0.10442718
v -0.17154512 0.09977460 0.09037817
v -0.20116931 0.09993853 0.07702471
v -0.23767316 0.10340054 0.05989115
v -0.27872798 0.10911842 0.04024155
v -0.32722893 0.11847814 0.01648552
v -0.36826107 0.12450696 -0.00321865
v -0.40027937 0.12642702 -0.01801429
v -0.42736271 0.12611836 -0.03012692
v -0.45435715 0.12586170 -0.04221039
v -0.48145464 0.12574874 -0.05437014
v -0.50835669 0.12563659 -0.06644213
v -0.53506517 0.12552525 -0.07842734
v -0.55626440 0.12283177 -0.08739765
v -0.57413822 0.11858619 -0.09454957
v -0.59193510 0.11435892 -0.10167067
v -0.60965544 0.11014981 -0.10876115
v -0.62729973 0.10595876 -0.11582122
v -0.64486843 0.10178565 -0.12285105
v -0.66236222 0.09763037 -0.12985086
v -0.67978132 0.09349281 -0.13682084
v -0.69712639 0.08937284 -0.14376114
v -0.71441400 0.08527855 -0.15068100
v -0.73163736 0.08120620 -0.15757650
v -0.74866509 0.07708862 -0.16437471
v -0.76196593 0.07111729 -0.16911110
v -0.77520633 0.06515231 -0.17382161
v -0.78819674 0.05909556 -0.17840064
v -0.80115032 0.05305598 -0.18296668
v -0.81406724 0.04703350 -0.18751977
v -0.82694769 0.04102804 -0.19206002
v -0.83979177 0.03503954 -0.19658746
v -0.85259956 0.02906791 -0.20110212
v -0.86537141 0.02311308 -0.20560409
v -0.87810731 0.01717500 -0.21009338
v -0.89080751 0.01125359 -0.21457008
v -0.90347201 0.00534877 -0.21903425
v -0.91555119 -0.00083562 -0.22317700
v -0.92154092 -0.01027933 -0.22390296
v -0.92752784 -0.01971873 -0.22462858
v -0.93351215 -0.02915382 -0.22535390
v -0.93949366 -0.03858460 -0.22607887
v -0.94547236 -0.04801106 -0.22680350
v -0.95144850 -0.05743324 -0.22752781
v -0.95742178 -0.06685111 -0.22825180
v -0.96339238 -0.07626468 -0.22897545
v -0.96956992 -0.08555681 -0.22981742
v -0.96981364 -0.09817117 -0.22729953
v -0.96717519 -0.11242937 -0.22314334
v -0.96483374 -0.12655306 -0.21914873
v -0.96248633 -0.14071231 -0.21514407
v -0.96013308 -0.15490726 -0.21112926
v 0.00290189 0.18468779 0.16507547
v -0.03185379 0.18623555 0.14906397
v -0.05606310 0.18327469 0.13875563
v -0.07715460 0.17901723 0.13012575
v -0.09855928 0.17496480 0.12131161
v -0.11972962 0.17087567 0.11261093
v -0.14066140 0.16674666 0.10402627
v -0.15836005 0.16123012 0.09719110
v -0.17529213 0.15540624 0.09076983
v -0.18261813 0.14530031 0.08957273
v -0.18617904 0.13347340 0.09043858
v -0.14674987 0.10195075 0.11482769
v -0.17002018 0.09908801 0.10492269
v -0.19899635 0.09893915 0.09187469
v -0.23519255 0.10224373 0.07484560
v -0.27635038 0.10799452 0.05506542
v -0.32742405 0.11854497 0.02980580
v -0.36948895 0.12505066 0.00945834
v -0.40111706 0.12677920 -0.00517926
v -0.42821380 0.12646909 -0.01734523
v -0.45511711 0.12616122 -0.02942431
v -0.48220643 0.12603647 -0.04162568
v -0.50912237 0.12592320 -0.05375117
v -0.53584468 0.12581076 -0.06578943
v -0.55688399 0.12303185 -0.07470496
v -0.57476801 0.11878312 -0.08188890
v -0.59257489 0.11455270 -0.08904187
v -0.61030525 0.11034048 -0.09616406
v -0.62795937 0.10614634 -0.10325567
v -0.64553797 0.10197017 -0.11031691
v -0.66304135 0.09781186 -0.11734796
v -0.68047017 0.09367128 -0.12434901
v -0.69783711 0.08955455 -0.13132718
v -0.71514314 0.08546186 -0.13828288
v -0.73237574 0.08138657 -0.14520903
v -0.74943662 0.07727825 -0.15205078
v -0.76274455 0.07130292 -0.15680817
v -0.77601361 0.06534507 -0.16155162
v -0.78913856 0.05935023 -0.16622229
v -0.80209851 0.05330671 -0.17080832
v -0.81502169 0.04728031 -0.17538135
v -0.82790840 0.04127096 -0.17994146
v -0.84075868 0.03527856 -0.18448865
v -0.85357267 0.02930308 -0.18902305
v -0.86635065 0.02334443 -0.19354466
v -0.87909263 0.01740253 -0.19805355
v -0.89179885 0.01147732 -0.20254980
v -0.90446949 0.00556873 -0.20703344
v -0.91675836 -0.00050976 -0.21130925
v -0.92275101 -0.00995873 -0.21203831
v -0.92874110 -0.01940339 -0.21276706
v -0.93472832 -0.02884372 -0.21349548
v -0.94071281 -0.03827975 -0.21422355
v -0.94669461 -0.04771145 -0.21495129
v -0.95267361 -0.05713887 -0.21567871
v -0.95864999 -0.06656196 -0.21640578
v -0.96469611 -0.07594039 -0.21717374
v -0.97090483 -0.08522177 -0.21803534
v -0.97150564 -0.09764290 -0.21570909
v -0.96841371 -0.11216309 -0.21127713
v -0.96607250 -0.12629420 -0.20726541
v -0.96372539 -0.14046092 -0.20324357
v -0.96137244 -0.15466337 -0.19921158
v -0.02025416 0.18129207 0.16926731
v -0.05278246 0.18194976 0.15438922
v -0.07405768 0.17775629 0.14562882
v -0.09532512 0.17362635 0.13685860
v -0.11716126 0.16981685 0.12776342
v -0.13810588 0.16567807 0.11914136
v -0.15610689 0.16028205 0.11211708
v -0.17352921 0.15467854 0.10539861
v -0.18188699 0.14501342 0.10364035
v -0.18637072 0.13359572 0.10400552
v -0.15383951 0.10522287 0.12470319
v -0.17496067 0.10137618 0.11593981
v -0.19663188 0.09785125 0.10685963
v -0.23108366 0.10033082 0.09072746
v -0.27396747 0.10686810 0.06992254
v -0.37071818 0.12559494 0.02214917
v -0.40195575 0.12713180 0.00767140
v -0.42906597 0.12682027 -0.00454803
v -0.45598245 0.12651093 -0.01668014
v -0.48295915 0.12632453 -0.02886535
v -0.50988913 0.12621017 -0.04104448
v -0.53662515 0.12609664 -0.05313591
v -0.55750442 0.12323220 -0.06199589
v -0.57539856 0.11898029 -0.06921192
v -0.59321558 0.11474673 -0.07639683
v -0.61095583 0.11053139 -0.08355080
v -0.62861991 0.10633416 -0.09067404
v -0.64620829 0.10215493 -0.09776675
v -0.66372144 0.09799356 -0.10482913
v -0.68116838 0.09385423 -0.11186612
v -0.69855779 0.08974107 -0.11888257
v -0.71587324 0.08564541 -0.12586915
v -0.73311508 0.08156716 -0.13282603
v -0.75020903 0.07746810 -0.13971153
v -0.76352412 0.07148878 -0.14448997
v -0.77680027 0.06552696 -0.14925437
v -0.79003763 0.05958257 -0.15400489
v -0.80304772 0.05355773 -0.15863554
v -0.81597722 0.04752741 -0.16322853
v -0.82887018 0.04151415 -0.16780852
v -0.84172666 0.03551788 -0.17237556
v -0.85454690 0.02953853 -0.17692971
v -0.86733109 0.02357604 -0.18147102
v -0.88007915 0.01763032 -0.18599959
v -0.89279139 0.01170131 -0.19051540
v -0.90546811 0.00578894 -0.19501854
v -0.91778904 0.00001840 -0.19982892
v -0.92396253 -0.00963778 -0.20016064
v -0.92995554 -0.01908770 -0.20089251
v -0.93594581 -0.02853328 -0.20162404
v -0.94193333 -0.03797456 -0.20235522
v -0.94791812 -0.04741152 -0.20308608
v -0.95390016 -0.05684416 -0.20381661
v -0.95987952 -0.06627250 -0.20454679
v -0.96602952 -0.07559999 -0.20537554
v -0.97224122 -0.08488639 -0.20624077
v -0.97319919 -0.09711414 -0.20410790
v -0.96965355 -0.11189651 -0.19939792
v -0.96731263 -0.12603506 -0.19536904
v -0.96496582 -0.14020924 -0.19133000
v -0.96261311 -0.15441920 -0.18728074
v -0.04331889 0.17791022 0.17344204
v -0.07049236 0.17628896 0.16142206
v -0.09215714 0.17231749 0.15240341
v -0.11435419 0.16865189 0.14307818
v -0.13556173 0.16461474 0.13428137
v -0.15395322 0.15937884 0.12701824
v -0.17155845 0.15384336 0.12017595
v -0.18115459 0.14472604 0.11773202
v -0.18656264 0.13371821 0.11759175
v -0.17950165 0.11700085 0.12432713
v -0.17948750 0.10347404 0.12718438
v -0.19434556 0.09679949 0.12183188
v -0.22751735 0.09866986 0.10634733
v -0.37194872 0.12613983 0.03485386
v -0.40279549 0.12748486 0.02053772
v -0.42991915 0.12717184 0.00826471
v -0.45684883 0.12686107 -0.00392054
v -0.48371279 0.12661298 -0.01608910
v -0.51065677 0.12649749 -0.02832198
v -0.53740656 0.12638284 -0.04046674
v -0.55812562 0.12343281 -0.04927041
v -0.57602996 0.11917772 -0.05651863
v -0.59385705 0.11494102 -0.06373555
v -0.61160731 0.11072256 -0.07092138
v -0.62928128 0.10652223 -0.07807632
v -0.64687943 0.10233992 -0.08520057
v -0.66440696 0.09817781 -0.09229694
v -0.68188053 0.09404399 -0.09937470
v -0.69927943 0.08992781 -0.10642226
v -0.71660423 0.08582919 -0.11343977
v -0.73385531 0.08174798 -0.12042747
v -0.75098240 0.07765819 -0.12735693
v -0.76430470 0.07167488 -0.13215642
v -0.77758795 0.06570908 -0.13694187
v -0.79083234 0.05976074 -0.14171334
v -0.80399805 0.05380905 -0.14644834
v -0.81693393 0.04777480 -0.15106131
v -0.82983315 0.04175763 -0.15566124
v -0.84269589 0.03575748 -0.16024815
v -0.85552233 0.02977427 -0.16482212
v -0.86831260 0.02380793 -0.16938318
v -0.88106680 0.01785838 -0.17393140
v -0.89378518 0.01192557 -0.17846683
v -0.90646791 0.00600941 -0.18298954
v -0.91911495 0.00010985 -0.18749954
v -0.92517537 -0.00931647 -0.18826991
v -0.93117136 -0.01877166 -0.18900488
v -0.93716460 -0.02822251 -0.18973954
v -0.94315523 -0.03766904 -0.19047385
v -0.94914299 -0.04711125 -0.19120783
v -0.95512801 -0.05654914 -0.19194147
v -0.96114641 -0.06596275 -0.19269536
v -0.96736431 -0.07525922 -0.19356477
v -0.97357899 -0.08455065 -0.19443369
v -0.97489429 -0.09658487 -0.19249582
v -0.97119021 -0.11146317 -0.18767513
v -0.96855414 -0.12577564 -0.18345958
v -0.96620762 -0.13995729 -0.17940329
v -0.96385515 -0.15417477 -0.17533676
v -0.06282195 0.17301089 0.17950884
v -0.08780499 0.17048399 0.16863397
v -0.11114009 0.16730589 0.15864946
v -0.13301179 0.16354899 0.14945574
v -0.15181839 0.15848424 0.14193851
v -0.16969663 0.15305749 0.13492186
v -0.18046956 0.14446022 0.13182092
v -0.18674664 0.13383712 0.13120182
v -0.18491851 0.11950675 0.13506868
v -0.18348858 0.10533001 0.13872112
v -0.19339822 0.09636664 0.13609193
v -0.22394173 0.09700455 0.12200804
v -0.26760191 0.10386892 0.10061655
v -0.36950830 0.12495663 0.04961530
v -0.40363625 0.12783833 0.03341971
v -0.43077335 0.12752385 0.02109300
v -0.45771632 0.12721165 0.00885448
v -0.48446715 0.12690166 -0.00329679
v -0.51142538 0.12678517 -0.01558367
v -0.53818899 0.12666941 -0.02778185
v -0.55874759 0.12363367 -0.03652848
v -0.57666212 0.11937540 -0.04380893
v -0.59449929 0.11513554 -0.05105796
v -0.61225963 0.11091396 -0.05827573
v -0.62994349 0.10671053 -0.06546246
v -0.64755219 0.10252548 -0.07261872
v -0.66511047 0.09837084 -0.07975838
v -0.68259358 0.09423398 -0.08686750
v -0.70000196 0.09011480 -0.09394623
v -0.71733612 0.08601319 -0.10099476
v -0.73459649 0.08192904 -0.10801331
v -0.75175673 0.07784852 -0.11498690
v -0.76508617 0.07186120 -0.11980754
v -0.77837658 0.06589143 -0.12461406
v -0.79162806 0.05993913 -0.12940651
v -0.80484074 0.05400422 -0.13418497
v -0.81789178 0.04802249 -0.13887969
v -0.83079726 0.04200140 -0.14349957
v -0.84366632 0.03599735 -0.14810640
v -0.85649884 0.03001027 -0.15270023
v -0.86929530 0.02404008 -0.15728109
v -0.88205570 0.01808671 -0.16184904
v -0.89478016 0.01215009 -0.16640411
v -0.90746880 0.00623015 -0.17094642
v -0.92012191 0.00032681 -0.17547597
v -0.92638946 -0.00899482 -0.17636609
v -0.93238854 -0.01845527 -0.17710420
v -0.93838483 -0.02791139 -0.17784199
v -0.94437838 -0.03736318 -0.17857942
v -0.95036924 -0.04681066 -0.17931652
v -0.95635724 -0.05625379 -0.18005328
v -0.96247971 -0.06561661 -0.18086842
v -0.96870059 -0.07491811 -0.18174151
v -0.97491813 -0.08421455 -0.18261407
v -0.97659105 -0.09605511 -0.18087293
v -0.97288775 -0.11093958 -0.17603247
v -0.96979707 -0.12551592 -0.17153701
v -0.96745080 -0.13970508 -0.16746344
v -0.96509856 -0.15393008 -0.16337959
v -0.08111296 0.16761361 0.18619660
v -0.10561655 0.16493160 0.17553218
v -0.13014381 0.16234110 0.16483743
v -0.14975637 0.15762250 0.15684794
v -0.16787866 0.15229154 0.14967175
v -0.17976093 0.14418377 0.14594619
v -0.18692470 0.13395339 0.14483474
v -0.18559667 0.11984244 0.14844073
v -0.18523470 0.10614848 0.15151525
v -0.19294004 0.09615991 0.15010418
v -0.22136937 0.09580509 0.13714564
v -0.26350278 0.10194183 0.11652543
v -0.36577386 0.12316421 0.06512995
v -0.40372947 0.12783825 0.04673580
v -0.43162861 0.12787630 0.03393688
v -0.45858482 0.12756263 0.02164499
v -0.48534870 0.12725121 0.00944076
v -0.51219493 0.12707321 -0.00282953
v -0.53897232 0.12695634 -0.01508127
v -0.55937040 0.12383479 -0.02377007
v -0.57729512 0.11957334 -0.03108288
v -0.59514242 0.11533033 -0.03836405
v -0.61291277 0.11110561 -0.04561385
v -0.63060659 0.10689908 -0.05283242
v -0.64824700 0.10272181 -0.06003271
v -0.66581494 0.09856410 -0.06720395
v -0.68330759 0.09442422 -0.07434445
v -0.70072538 0.09030203 -0.08145443
v -0.71806896 0.08619744 -0.08853405
v -0.73533863 0.08211032 -0.09558353
v -0.75253206 0.07803908 -0.10260145
v -0.76586866 0.07204776 -0.10744328
v -0.77916616 0.06607400 -0.11227092
v -0.79242468 0.06011773 -0.11708444
v -0.80564445 0.05417889 -0.12188386
v -0.81882560 0.04825737 -0.12666927
v -0.83176255 0.04224546 -0.13132352
v -0.84463775 0.03623752 -0.13595030
v -0.85747659 0.03024656 -0.14056401
v -0.87027913 0.02427252 -0.14516470
v -0.88304567 0.01831531 -0.14975241
v -0.89577621 0.01237488 -0.15432723
v -0.90847099 0.00645114 -0.15888916
v -0.92113012 0.00054403 -0.16343829
v -0.92760503 -0.00867280 -0.16444919
v -0.93360710 -0.01813853 -0.16519044
v -0.93960637 -0.02759993 -0.16593134
v -0.94560289 -0.03705699 -0.16667190
v -0.95159674 -0.04650972 -0.16741216
v -0.95758778 -0.05595812 -0.16815205
v -0.96381444 -0.06527007 -0.16902886
v -0.97003829 -0.07457662 -0.16990565
v -0.97625881 -0.08387810 -0.17078191
v -0.97828937 -0.09552486 -0.16923913
v -0.97458690 -0.11041551 -0.16437894
v -0.97104126 -0.12525593 -0.15960132
v -0.96869528 -0.13945256 -0.15551046
v -0.96634340 -0.15368511 -0.15140921
v -0.09865405 0.16191679 0.19325790
v -0.12381165 0.15958345 0.18217672
v -0.14704958 0.15647106 0.17214517
v -0.16605698 0.15152402 0.16445190
v -0.17900422 0.14388558 0.16012166
v -0.18652283 0.13380535 0.15881059
v -0.18627571 0.12017857 0.16182984
v -0.18665840 0.10681862 0.16450234
v -0.19329740 0.09633011 0.16368316
v -0.21891466 0.09466022 0.15224898
v -0.25939217 0.10000935 0.13247877
v -0.36202928 0.12136694 0.08068651
v -0.40158829 0.12678149 0.06132512
v -0.43229219 0.12813763 0.04690460
v -0.45945433 0.12791404 0.03445098
v -0.48623130 0.12760118 0.02219369
v -0.51296544 0.12736161 0.00994047
v -0.53975666 0.12724362 -0.00236493
v -0.55999404 0.12403616 -0.01099518
v -0.57792896 0.11977153 -0.01834039
v -0.59578639 0.11552536 -0.02565382
v -0.61356676 0.11129751 -0.03293568
v -0.63128918 0.10709710 -0.04019676
v -0.64894259 0.10291838 -0.04743069
v -0.66652024 0.09875762 -0.05463355
v -0.68402243 0.09461469 -0.06180552
v -0.70144975 0.09048949 -0.06894682
v -0.71880269 0.08638191 -0.07605761
v -0.73608178 0.08229183 -0.08313812
v -0.75338328 0.07819672 -0.09021618
v -0.76665211 0.07223454 -0.09506361
v -0.77995676 0.06625680 -0.09991244
v -0.79322231 0.06029657 -0.10474703
v -0.80644917 0.05435377 -0.10956749
v -0.81963730 0.04842834 -0.11437383
v -0.83272892 0.04248982 -0.11913301
v -0.84561038 0.03647798 -0.12377981
v -0.85845548 0.03048313 -0.12841345
v -0.87126422 0.02450522 -0.13303401
v -0.88403684 0.01854418 -0.13764153
v -0.89677352 0.01259993 -0.14223610
v -0.90947425 0.00667239 -0.14681773
v -0.92213947 0.00076150 -0.15138647
v -0.92882180 -0.00835043 -0.15251915
v -0.93482691 -0.01782145 -0.15326354
v -0.94082928 -0.02728812 -0.15400760
v -0.94682884 -0.03675046 -0.15475132
v -0.95282567 -0.04620846 -0.15549468
v -0.95892036 -0.05560656 -0.15629584
v -0.96515054 -0.06492320 -0.15717679
v -0.97137737 -0.07423476 -0.15805721
v -0.97760075 -0.08354128 -0.15893717
v -0.97998929 -0.09499411 -0.15759444
v -0.97628766 -0.10989094 -0.15271446
v -0.97257483 -0.12483267 -0.14781974
v -0.96994120 -0.13919979 -0.14354426
v -0.96758956 -0.15343986 -0.13942562
v -0.11775909 0.15695116 0.19940773
v -0.14241734 0.15445426 0.18854937
v -0.16183877 0.14967430 0.18059924
v -0.17746980 0.14323461 0.17475566
v -0.18583268 0.13352594 0.17296989
v -0.18695560 0.12051513 0.17523597
v -0.18581928 0.10644770 0.17877211
v -0.18690966 0.09338267 0.18106484
v -0.21645437 0.09351277 0.16738653
v -0.25603423 0.09842793 0.14804740
v -0.35827461 0.11956480 0.09628513
v -0.39944240 0.12572242 0.07594640
v -0.43018878 0.12708446 0.06144917
v -0.46032497 0.12826589 0.04727250
v -0.48711497 0.12795156 0.03496202
v -0.51373690 0.12765037 0.02272639
v -0.54054201 0.12753128 0.01036718
v -0.56061840 0.12423781 0.00179627
v -0.57856363 0.11996999 -0.00558145
v -0.59643120 0.11572064 -0.01292720
v -0.61423635 0.11149693 -0.02024960
v -0.63197595 0.10729701 -0.02754684
v -0.64963913 0.10311520 -0.03481265
v -0.66722643 0.09895138 -0.04204720
v -0.68473822 0.09480541 -0.04925073
v -0.70217508 0.09067719 -0.05642341
v -0.71953744 0.08656661 -0.06356544
v -0.73682570 0.08247356 -0.07067703
v -0.75404048 0.07839791 -0.07775837
v -0.76743656 0.07242157 -0.08266852
v -0.78074831 0.06643983 -0.08753853
v -0.79402101 0.06047562 -0.09239428
v -0.80725479 0.05452887 -0.09723581
v -0.82045001 0.04859951 -0.10206319
v -0.83360666 0.04268745 -0.10687647
v -0.84658420 0.03671870 -0.11159489
v -0.85943550 0.03071997 -0.11624852
v -0.87225038 0.02473821 -0.12088901
v -0.88502914 0.01877331 -0.12551638
v -0.89777195 0.01282524 -0.13013072
v -0.91047883 0.00689390 -0.13473210
v -0.92315000 0.00097923 -0.13932052
v -0.93004000 -0.00802771 -0.14057596
v -0.93604809 -0.01750402 -0.14132351
v -0.94205344 -0.02697598 -0.14207073
v -0.94805610 -0.03644359 -0.14281759
v -0.95405591 -0.04590687 -0.14356409
v -0.96025497 -0.05525425 -0.14442745
v -0.96648812 -0.06457593 -0.14531206
v -0.97271794 -0.07389256 -0.14619620
v -0.97894430 -0.08320411 -0.14707984
v -0.98169070 -0.09446287 -0.14593889
v -0.97798991 -0.10936588 -0.14103903
v -0.97427791 -0.12431383 -0.13612442
v -0.97118849 -0.13894673 -0.13156486
v -0.96883708 -0.15319434 -0.12742880
v -0.13717125 0.15216173 0.20533800
v -0.15673028 0.14742267 0.19728455
v -0.17206459 0.14082743 0.19158944
v -0.18215400 0.13188429 0.18883148
v -0.18380609 0.11909799 0.19081268
v -0.18348715 0.10538987 0.19390611
v -0.18406340 0.09207214 0.19650050
v -0.18664950 0.07966805 0.19796634
v -0.35450977 0.11775779 0.11192599
v -0.39729184 0.12466104 0.09059976
v -0.42808077 0.12602898 0.07602551
v -0.45861360 0.12738556 0.06157245
v -0.48799974 0.12830240 0.04774579
v -0.51461190 0.12798886 0.03547003
v -0.54132831 0.12781925 0.02311509
v -0.56124359 0.12443971 0.01460426
v -0.57919908 0.12016869 0.00719403
v -0.59708762 0.11592148 -0.00019029
v -0.61491412 0.11170021 -0.00755144
v -0.63266367 0.10749719 -0.01488078
v -0.65033656 0.10331228 -0.02217850
v -0.66793352 0.09914538 -0.02944485
v -0.68545496 0.09499637 -0.03667998
v -0.70290124 0.09086513 -0.04388414
v -0.72027308 0.08675154 -0.05105749
v -0.73757064 0.08265552 -0.05820024
v -0.75479466 0.07857693 -0.06531259
v -0.76822197 0.07260882 -0.07025795
v -0.78154087 0.06662308 -0.07514924
v -0.79482067 0.06065490 -0.08002617
v -0.80806148 0.05470419 -0.08488882
v -0.82126367 0.04877090 -0.08973725
v -0.83442730 0.04285494 -0.09457150
v -0.84755248 0.03695622 -0.09939168
v -0.86041665 0.03095710 -0.10406920
v -0.87323773 0.02497146 -0.10872965
v -0.88602269 0.01900272 -0.11337692
v -0.89877152 0.01305082 -0.11801111
v -0.91148454 0.00711567 -0.12263224
v -0.92416167 0.00119722 -0.12724037
v -0.93125951 -0.00770464 -0.12861966
v -0.93727064 -0.01718623 -0.12937035
v -0.94327903 -0.02666349 -0.13012069
v -0.94928467 -0.03613639 -0.13087070
v -0.95535153 -0.04556974 -0.13165762
v -0.96159106 -0.05490156 -0.13254640
v -0.96782714 -0.06422830 -0.13343471
v -0.97405982 -0.07354997 -0.13432254
v -0.98028916 -0.08286659 -0.13520987
v -0.98339379 -0.09393112 -0.13427238
v -0.97969383 -0.10884032 -0.12935267
v -0.97598267 -0.12379451 -0.12441812
v -0.97243714 -0.13869339 -0.11957224
v -0.97008598 -0.15294856 -0.11541871
v -0.16212283 0.13636208 0.21102332
v -0.17755073 0.12982129 0.20525093
v -0.17876858 0.11681628 0.20748912
v -0.17998794 0.10379512 0.20973006
v -0.18121034 0.09075849 0.21197295
v -0.17861483 0.07453641 0.21639486
v -0.29815394 0.10443524 0.15525003
v -0.39513654 0.12359731 0.10528530
v -0.42596814 0.12497120 0.09063374
v -0.45654303 0.12633365 0.07610413
v -0.48686448 0.12768482 0.06169499
v -0.51551068 0.12833868 0.04821628
v -0.54211557 0.12810762 0.03587884
v -0.56186962 0.12464187 0.02742886
v -0.57984215 0.12037098 0.01998209
v -0.59775633 0.11612818 0.01255645
v -0.61559278 0.11190376 0.00516298
v -0.63335216 0.10769761 -0.00219853
v -0.65103495 0.10350960 -0.00952827
v -0.66864151 0.09933963 -0.01682646
v -0.68617249 0.09518756 -0.02409330
v -0.70362842 0.09105331 -0.03132898
v -0.72100955 0.08693672 -0.03853372
v -0.73831654 0.08283772 -0.04570770
v -0.75554985 0.07875618 -0.05285113
v -0.76900834 0.07279631 -0.05783189
v -0.78233439 0.06680656 -0.06274449
v -0.79562122 0.06083439 -0.06764267
v -0.80886918 0.05487973 -0.07252650
v -0.82207835 0.04894250 -0.07739601
v -0.83524895 0.04302261 -0.08225130
v -0.84838104 0.03712001 -0.08709244
v -0.86139894 0.03119451 -0.09187543
v -0.87422627 0.02520499 -0.09655589
v -0.88701737 0.01923240 -0.10122313
v -0.89977235 0.01327666 -0.10587718
v -0.91249132 0.00733771 -0.11051812
v -0.92517459 0.00141546 -0.11514602
v -0.93248028 -0.00738120 -0.11665012
v -0.93849456 -0.01686810 -0.11740398
v -0.94450593 -0.02635065 -0.11815749
v -0.95051461 -0.03582884 -0.11891066
v -0.95668602 -0.04521161 -0.11976018
v -0.96292847 -0.05454850 -0.12065268
v -0.96916753 -0.06388031 -0.12154470
v -0.97540325 -0.07320704 -0.12243624
v -0.98163551 -0.08252869 -0.12332728
v -0.98509848 -0.09339888 -0.12259493
v -0.98139936 -0.10831428 -0.11765534
v -0.97768903 -0.12327470 -0.11270081
v -0.97396749 -0.13828036 -0.10773130
v -0.97133636 -0.15270251 -0.10339533
v -0.24799256 0.09464116 0.19366527
v -0.28995201 0.10076161 0.17286971
v -0.39297652 0.12253125 0.12000313
v -0.42385086 0.12391111 0.10527395
v -0.45446795 0.12527946 0.09066749
v -0.48483092 0.12663646 0.07618228
v -0.51494294 0.12798224 0.06181678
v -0.54290378 0.12839633 0.04865845
v -0.56249928 0.12484564 0.04026855
v -0.58050168 0.12058113 0.03277778
v -0.59842587 0.11633515 0.02531957
v -0.61627233 0.11210757 0.01789368
v -0.63404161 0.10789829 0.01049994
v -0.65173405 0.10370717 0.00313810
v -0.66935045 0.09953413 -0.00419200
v -0.68689108 0.09537902 -0.01149061
v -0.70435643 0.09124172 -0.01875791
v -0.72174704 0.08712213 -0.02599411
v -0.73906338 0.08302014 -0.03319940
v -0.75630581 0.07893563 -0.04037397
v -0.76979578 0.07298404 -0.04539030
v -0.78312886 0.06699027 -0.05032428
v -0.79642290 0.06101412 -0.05524374
v -0.80967790 0.05505549 -0.06014878
v -0.82289410 0.04911431 -0.06503946
v -0.83607161 0.04319051 -0.06991583
v -0.84921068 0.03728400 -0.07477797
v -0.86231142 0.03139471 -0.07962592
v -0.87521595 0.02543880 -0.08436775
v -0.88801318 0.01946235 -0.08905496
v -0.90077430 0.01350278 -0.09372894
v -0.91349936 0.00756000 -0.09838975
v -0.92618871 0.00163396 -0.10303743
v -0.93370253 -0.00705741 -0.10466737
v -0.93971974 -0.01654962 -0.10542440
v -0.94573426 -0.02603747 -0.10618111
v -0.95177311 -0.03550605 -0.10695336
v -0.95802200 -0.04485310 -0.10785007
v -0.96426737 -0.05419505 -0.10874630
v -0.97050941 -0.06353194 -0.10964204
v -0.97674799 -0.07286373 -0.11053728
v -0.98298323 -0.08219045 -0.11143205
v -0.98680478 -0.09286615 -0.11090656
v -0.98310649 -0.10778774 -0.10594701
v -0.97939700 -0.12275440 -0.10097246
v -0.97567630 -0.13776633 -0.09598288
v -0.97258806 -0.15245618 -0.09135865
v -0.97023159 -0.16676271 -0.08715942
v -0.39081171 0.12146284 0.13475336
v -0.42172900 0.12284869 0.11994623
v -0.45238832 0.12422296 0.10526264
v -0.48279294 0.12558584 0.09070105
v -0.51294595 0.12693742 0.07625994
v -0.54286224 0.12828353 0.06193113
v -0.56314939 0.12505926 0.05311351
v -0.58116204 0.12079155 0.04558994
v -0.59909630 0.11654238 0.03809908
v -0.61695272 0.11231165 0.03064071
v -0.63473189 0.10809923 0.02321464
v -0.65243423 0.10390501 0.01582065
v -0.67006028 0.09972887 0.00845853
v -0.68761051 0.09557069 0.00112808
v -0.70508534 0.09143037 -0.00617090
v -0.72248542 0.08730777 -0.01343864
v -0.73981118 0.08320280 -0.02067531
v -0.75706291 0.07911532 -0.02788112
v -0.77058411 0.07317200 -0.03293318
v -0.78392440 0.06717421 -0.03788855
v -0.79722553 0.06119407 -0.04282936
v -0.81048763 0.05523146 -0.04775568
v -0.82371080 0.04928634 -0.05266754
v -0.83689535 0.04335861 -0.05756504
v -0.85004133 0.03744819 -0.06244823
v -0.86314899 0.03155503 -0.06731718
v -0.87620687 0.02567289 -0.07216517
v -0.88901025 0.01969258 -0.07687242
v -0.90177745 0.01372916 -0.08156636
v -0.91450864 0.00778256 -0.08624708
v -0.92720401 0.00185271 -0.09091459
v -0.93492609 -0.00673326 -0.09267142
v -0.94094640 -0.01623078 -0.09343161
v -0.94696385 -0.02572394 -0.09419149
v -0.95310748 -0.03514207 -0.09502682
v -0.95935929 -0.04449420 -0.09592726
v -0.96560764 -0.05384125 -0.09682721
v -0.97185266 -0.06318319 -0.09772667
v -0.97809428 -0.07252005 -0.09862564
v -0.98433244 -0.08185183 -0.09952411
v -0.98851264 -0.09233291 -0.09920722
v -0.98481518 -0.10726070 -0.09422768
v -0.98110658 -0.12223361 -0.08923309
v -0.97738665 -0.13725184 -0.08422339
v -0.97384119 -0.15220958 -0.07930863
v -0.97148496 -0.16652372 -0.07509179
v -0.38864213 0.12039208 0.14953609
v -0.41960245 0.12178394 0.13465071
v -0.45031744 0.12317052 0.11988201
v -0.48081437 0.12456352 0.10521467
v -0.51105815 0.12594496 0.09066904
v -0.54105192 0.12731497 0.07624366
v -0.56262666 0.12470281 0.06665236
v -0.58125043 0.12072268 0.05874935
v -0.59976757 0.11674988 0.05089502
v -0.61763400 0.11251598 0.04340409
v -0.63542306 0.10830043 0.03594562
v -0.65313518 0.10410310 0.02851939
v -0.67077100 0.09992387 0.02112520
v -0.68833083 0.09576263 0.01376283
v -0.70581526 0.09161927 0.00643208
v -0.72322476 0.08749364 -0.00086727
v -0.74055982 0.08338568 -0.00813538
v -0.75782090 0.07929526 -0.01537248
v -0.77137345 0.07336019 -0.02046047
v -0.78472090 0.06735838 -0.02543731
v -0.79802912 0.06137424 -0.03039950
v -0.81129831 0.05540765 -0.03534713
v -0.82452857 0.04945857 -0.04028025
v -0.83772004 0.04352691 -0.04519892
v -0.85087299 0.03761259 -0.05010322
v -0.86398757 0.03171554 -0.05499319
v -0.87706387 0.02583567 -0.05986892
v -0.89000845 0.01992307 -0.06467546
v -0.90278178 0.01395580 -0.06938941
v -0.91551912 0.00800538 -0.07409007
v -0.92822045 0.00207173 -0.07877747
v -0.93615103 -0.00640875 -0.08066220
v -0.94217438 -0.01591159 -0.08142561
v -0.94819486 -0.02541007 -0.08218864
v -0.95444328 -0.03477770 -0.08308756
v -0.96069807 -0.04413493 -0.08399172
v -0.96694946 -0.05348705 -0.08489540
v -0.97319740 -0.06283408 -0.08579859
v -0.97944188 -0.07217601 -0.08670129
v -0.98568302 -0.08151287 -0.08760349
v -0.99022222 -0.09179917 -0.08749689
v -0.98652548 -0.10673317 -0.08249734
v -0.98281771 -0.12171234 -0.07748267
v -0.97909868 -0.13673684 -0.07245282
v -0.97536838 -0.15180692 -0.06740772
v -0.97273970 -0.16628449 -0.06301074
v -0.38633165 0.11925456 0.16442989
v -0.41758931 0.12077295 0.14931937
v -0.44838360 0.12218332 0.13445160
v -0.47892100 0.12358192 0.11970787
v -0.50920469 0.12496889 0.10508664
v -0.53923780 0.12634440 0.09058638
v -0.56151175 0.12405846 0.08055642
v -0.58043659 0.12021324 0.07245138
v -0.59899408 0.11624885 0.06454615
v -0.61746716 0.11230248 0.05667682
v -0.63585657 0.10837398 0.04884316
v -0.65383714 0.10430143 0.04123437
v -0.67148256 0.10011911 0.03380802
v -0.68905210 0.09595481 0.02641365
v -0.70654607 0.09180839 0.01905106
v -0.72396505 0.08767976 0.01172004
v -0.74130952 0.08356880 0.00442039
v -0.75857985 0.07947539 -0.00284808
v -0.77216381 0.07354861 -0.00797214
v -0.78551847 0.06754279 -0.01297050
v -0.79883385 0.06155463 -0.01795413
v -0.81211007 0.05558407 -0.02292312
v -0.82534730 0.04963103 -0.02787754
v -0.83854586 0.04369543 -0.03281745
v -0.85170573 0.03777719 -0.03774290
v -0.86482722 0.03187625 -0.04265395
v -0.87791038 0.02599252 -0.04755068
v -0.89095539 0.02012592 -0.05243316
v -0.90378731 0.01418272 -0.05719808
v -0.91653073 0.00822846 -0.06191872
v -0.92923820 0.00229100 -0.06662606
v -0.93737727 -0.00608389 -0.06863971
v -0.94340366 -0.01559205 -0.06940629
v -0.94951940 -0.02504551 -0.07022711
v -0.95578051 -0.03441294 -0.07113552
v -0.96203828 -0.04377527 -0.07204345
v -0.96829259 -0.05313248 -0.07295086
v -0.97454351 -0.06248460 -0.07385779
v -0.98079103 -0.07183161 -0.07476423
v -0.98703516 -0.08117353 -0.07567016
v -0.99193323 -0.09126493 -0.07577557
v -0.98823750 -0.10620515 -0.07075597
v -0.98453051 -0.12119056 -0.06572118
v -0.98081225 -0.13622135 -0.06067115
v -0.97708279 -0.15129776 -0.05560580
v -0.97399580 -0.16604497 -0.05091629
v -0.38090733 0.11664431 0.18115574
v -0.41561010 0.11977796 0.16399758
v -0.44644561 0.12119401 0.14905234
v -0.47702363 0.12259822 0.13423195
v -0.50734735 0.12399077 0.11953480
v -0.53741986 0.12537177 0.10495939
v -0.56024420 0.12333975 0.09457421
v -0.57962126 0.11970288 0.08617786
v -0.59819704 0.11573613 0.07823431
v -0.61668849 0.11178742 0.07032687
v -0.63509595 0.10785662 0.06245531
v -0.65342009 0.10394361 0.05461938
v -0.67166150 0.10004827 0.04681883
v -0.68977427 0.09614722 0.03908059
v -0.70727783 0.09199776 0.03168608
v -0.72470623 0.08786612 0.02432331
v -0.74206012 0.08375214 0.01699205
v -0.75933981 0.07965576 0.00969213
v -0.77295512 0.07373729 0.00453182
v -0.78631693 0.06772742 -0.00048809
v -0.79963946 0.06173525 -0.00549322
v -0.81292278 0.05576071 -0.01048363
v -0.82616711 0.04980370 -0.01545939
v -0.83937263 0.04386415 -0.02042057
v -0.85253948 0.03794200 -0.02536722
v -0.86566782 0.03203716 -0.03029940
v -0.87875783 0.02614954 -0.03521720
v -0.89180976 0.02027910 -0.04012066
v -0.90479404 0.01440990 -0.04499232
v -0.91754359 0.00845181 -0.04973301
v -0.93025708 0.00251053 -0.05446030
v -0.93860495 -0.00575866 -0.05660393
v -0.94463426 -0.01527216 -0.05737370
v -0.95085508 -0.02467526 -0.05825855
v -0.95711923 -0.03404780 -0.05917072
v -0.96337992 -0.04341521 -0.06008238
v -0.96963727 -0.05277753 -0.06099356
v -0.97589111 -0.06213474 -0.06190423
v -0.98214161 -0.07148683 -0.06281440
v -0.98838866 -0.08083384 -0.06372408
v -0.99364597 -0.09073018 -0.06404325
v -0.98995101 -0.10567664 -0.05900355
v -0.98624492 -0.12066830 -0.05394861
v -0.98252749 -0.13570540 -0.04887836
v -0.97879881 -0.15078814 -0.04379271
v -0.97525340 -0.16580519 -0.03880841
v -0.37306970 0.11289252 0.19932745
v -0.41304174 0.11850294 0.17904730
v -0.44450352 0.12020257 0.16368437
v -0.47512221 0.12161243 0.14878698
v -0.50548601 0.12301056 0.13401365
v -0.53559804 0.12439709 0.11936281
v -0.55897421 0.12261964 0.10861910
v -0.57841969 0.11900378 0.10015362
v -0.59739870 0.11522251 0.09194686
v -0.61590832 0.11127146 0.08400120
v -0.63433391 0.10733832 0.07609160
v -0.65267599 0.10342304 0.06821786
v -0.67093515 0.09952544 0.06037969
v -0.68911207 0.09564542 0.05257688
v -0.70720708 0.09178285 0.04480917
v -0.72522086 0.08793763 0.03707634
v -0.74281162 0.08393572 0.02957963
v -0.76010060 0.07983636 0.02224819
v -0.77374738 0.07392618 0.01705145
v -0.78711647 0.06791228 0.01200993
v -0.80044609 0.06191610 0.00698326
v -0.81373650 0.05593756 0.00197138
v -0.82698792 0.04997658 -0.00302577
v -0.84020042 0.04403310 -0.00800827
v -0.85337424 0.03810702 -0.01297617
v -0.86650956 0.03219826 -0.01792955
v -0.87960643 0.02630677 -0.02286845
v -0.89266515 0.02043246 -0.02779295
v -0.90568584 0.01457527 -0.03270311
v -0.91855752 0.00867542 -0.03753288
v -0.93127710 0.00273032 -0.04228019
v -0.93983388 -0.00543308 -0.04455483
v -0.94592160 -0.01492183 -0.04536077
v -0.95219213 -0.02430461 -0.04627720
v -0.95845932 -0.03368226 -0.04719312
v -0.96472299 -0.04305479 -0.04810855
v -0.97098327 -0.05242220 -0.04902347
v -0.97724015 -0.06178450 -0.04993790
v -0.98349357 -0.07114168 -0.05085182
v -0.98974359 -0.08049379 -0.05176525
v -0.99536026 -0.09019494 -0.05229988
v -0.99166614 -0.10514761 -0.04724007
v -0.98796088 -0.12014554 -0.04216494
v -0.98424435 -0.13518895 -0.03707443
v -0.98051655 -0.15027805 -0.03196846
v -0.97677743 -0.16541302 -0.02684695
v -0.36520037 0.10912556 0.21757270
v -0.40886173 0.11646208 0.19506907
v -0.44255719 0.11920901 0.17834774
v -0.47321674 0.12062454 0.16337310
v -0.50362080 0.12202827 0.14852327
v -0.53377241 0.12342034 0.13379671
v -0.55770171 0.12189814 0.12269120
v -0.57716906 0.11828053 0.11418355
v -0.59654266 0.11468035 0.10571690
v -0.61512685 0.11075456 0.09769984
v -0.63357055 0.10681914 0.08975211
v -0.65193063 0.10290154 0.08184042
v -0.67020762 0.09900168 0.07396451
v -0.68840212 0.09511942 0.06612416
v -0.70651466 0.09125464 0.05831911
v -0.72454590 0.08740724 0.05054915
v -0.74249619 0.08357707 0.04281401
v -0.76036626 0.07976405 0.03511348
v -0.77430195 0.07399300 0.02972805
v -0.78791696 0.06809738 0.02452359
v -0.80125374 0.06209717 0.01947534
v -0.81455129 0.05611463 0.01444194
v -0.82780975 0.05014968 0.00942334
v -0.84102929 0.04420224 0.00441947
v -0.85421002 0.03827222 -0.00056973
v -0.86735225 0.03235957 -0.00554433
v -0.88045609 0.02646419 -0.01050439
v -0.89352167 0.02058602 -0.01544997
v -0.90654910 0.01472498 -0.02038115
v -0.91953868 0.00888099 -0.02529798
v -0.93229842 0.00295036 -0.03008570
v -0.94106418 -0.00510713 -0.03249237
v -0.94725716 -0.01454567 -0.03336282
v -0.95353067 -0.02393356 -0.03428302
v -0.95980078 -0.03331633 -0.03520271
v -0.96606749 -0.04269397 -0.03612189
v -0.97233075 -0.05206649 -0.03704059
v -0.97859061 -0.06143389 -0.03795877
v -0.98484695 -0.07079618 -0.03887645
v -0.99110007 -0.08015336 -0.03979364
v -0.99707621 -0.08965919 -0.04054549
v -0.99338293 -0.10461809 -0.03546552
v -0.98967850 -0.11962230 -0.03037017
v -0.98596287 -0.13467202 -0.02525936
v -0.98223591 -0.14976747 -0.02013302
v -0.97692585 -0.16581073 -0.01403970
v -0.40418130 0.11418328 0.21142291
v -0.43967074 0.11776657 0.19359122
v -0.47130722 0.11963454 0.17799039
v -0.50175154 0.12104388 0.16306378
v -0.53194290 0.12244152 0.14826119
v -0.55642676 0.12117522 0.13679057
v -0.57591605 0.11755587 0.12824062
v -0.59531134 0.11395397 0.11973190
v -0.61434400 0.11023675 0.11142287
v -0.63280582 0.10629900 0.10343688
v -0.65118384 0.10237911 0.09548713
v -0.66947871 0.09847698 0.08757336
v -0.68769091 0.09459249 0.07969535
v -0.70582104 0.09072550 0.07185284
v -0.72386968 0.08687590 0.06404562
v -0.74183720 0.08304358 0.05627342
v -0.75972438 0.07922841 0.04853602
v -0.77360392 0.07341760 0.04316603
v -0.78725928 0.06753173 0.03792031
v -0.80087322 0.06166377 0.03269055
v -0.81444573 0.05581363 0.02747668
v -0.82797718 0.04998123 0.02227862
v -0.84146750 0.04416651 0.01709631
v -0.85491711 0.03836936 0.01192966
v -0.86819607 0.03252108 0.00685627
v -0.88130671 0.02662181 0.00187500
v -0.89437914 0.02073977 -0.00309172
v -0.90741348 0.01487487 -0.00804397
v -0.92040980 0.00902706 -0.01298178
v -0.93332094 0.00317067 -0.01787681
v -0.94231415 -0.00477092 -0.02042754
v -0.94859415 -0.01416909 -0.02135202
v -0.95487070 -0.02356212 -0.02227599
v -0.96114373 -0.03295001 -0.02319945
v -0.96741349 -0.04233277 -0.02412242
v -0.97367972 -0.05171040 -0.02504488
v -0.97994250 -0.06108291 -0.02596683
v -0.98620188 -0.07045030 -0.02688828
v -0.99245787 -0.07981258 -0.02780923
v -0.99871039 -0.08916973 -0.02872967
v -0.99510133 -0.10408807 -0.02367987
v -0.99104661 -0.11929761 -0.01835146
v -0.98562217 -0.13532773 -0.01218307
v -0.98017788 -0.15141642 -0.00599214
v -0.97515017 -0.16731352 -0.00004377
v -0.39948663 0.11189757 0.22782628
v -0.43556902 0.11574395 0.20958291
v -0.46939358 0.11864241 0.19263895
v -0.49987835 0.12005741 0.17763527
v -0.53010947 0.12146063 0.16275637
v -0.55514938 0.12045092 0.15091729
v -0.57466060 0.11682982 0.14232489
v -0.59407765 0.11322619 0.13377395
v -0.61340111 0.10963992 0.12526420
v -0.63203973 0.10577794 0.11714599
v -0.65043581 0.10185578 0.10915803
v -0.66874862 0.09795138 0.10120630
v -0.68697852 0.09406464 0.09329051
v -0.70512617 0.09019542 0.08541042
v -0.72319221 0.08634364 0.07756582
v -0.74117708 0.08250915 0.06975644
v -0.75908130 0.07869184 0.06198207
v -0.77290457 0.07284120 0.05662784
v -0.78657317 0.06695100 0.05135695
v -0.80020010 0.06107874 0.04610211
v -0.81378561 0.05522433 0.04086325
v -0.82732987 0.04938770 0.03564030
v -0.84083307 0.04356876 0.03043318
v -0.85429537 0.03776743 0.02524182
v -0.86771721 0.03198363 0.02006614
v -0.88109833 0.02621729 0.01490608
v -0.89443916 0.02046831 0.00976157
v -0.90773988 0.01473664 0.00463254
v -0.92100060 0.00902218 -0.00048109
v -0.93422157 0.00332486 -0.00557937
v -0.94364959 -0.00438880 -0.00840008
v -0.94993258 -0.01379211 -0.00932834
v -0.95618272 -0.02320631 -0.01023838
v -0.96238542 -0.03263966 -0.01112127
v -0.96858495 -0.04206810 -0.01200370
v -0.97478116 -0.05149162 -0.01288566
v -0.98097420 -0.06091025 -0.01376717
v -0.98716402 -0.07032397 -0.01464822
v -0.99335057 -0.07973280 -0.01552881
v -0.99953389 -0.08913673 -0.01640895
v -0.99427557 -0.10499520 -0.01033562
v -0.98886049 -0.12098882 -0.00415663
v -0.98342556 -0.13704085 0.00204493
v -0.97797090 -0.15315162 0.00826918
v -0.39477775 0.10960493 0.24427952
v -0.43136603 0.11367280 0.22567314
v -0.46619320 0.11703315 0.20807697
v -0.49800113 0.11906882 0.19223781
v -0.52827221 0.12047765 0.17728233
v -0.55386949 0.11972522 0.16507144
v -0.57340270 0.11610235 0.15643641
v -0.59284157 0.11249701 0.14784314
v -0.61218667 0.10890904 0.13929127
v -0.63127232 0.10525595 0.13087948
v -0.64968646 0.10133149 0.12285323
v -0.66801709 0.09742482 0.11486338
v -0.68626481 0.09353584 0.10690969
v -0.70443010 0.08966441 0.09899192
v -0.72251356 0.08581043 0.09110981
v -0.74051583 0.08197378 0.08326314
v -0.75843722 0.07815433 0.07545166
v -0.77220398 0.07226377 0.07011350
v -0.78588575 0.06636924 0.06481736
v -0.79952580 0.06049268 0.05953738
v -0.81312430 0.05463399 0.05427346
v -0.82668155 0.04879311 0.04902552
v -0.84019762 0.04296995 0.04379351
v -0.85367274 0.03716443 0.03857735
v -0.86710715 0.03137647 0.03337697
v -0.88050097 0.02560599 0.02819229
v -0.89385438 0.01985292 0.02302325
v -0.90716755 0.01411716 0.01786977
v -0.92044079 0.00839865 0.01273179
v -0.93374252 0.00273423 0.00756788
v -0.94274259 -0.00522202 0.00499787
v -0.94895792 -0.01467401 0.00410970
v -0.95517004 -0.02412106 0.00322200
v -0.96137899 -0.03356319 0.00233476
v -0.96758461 -0.04300040 0.00144798
v -0.97378701 -0.05243267 0.00056167
v -0.97998625 -0.06186005 -0.00032419
v -0.98618221 -0.07128251 -0.00120958
v -0.99237490 -0.08070006 -0.00209451
v -0.99750018 -0.09071133 -0.00233017
v -0.99209452 -0.10666854 0.00385940
v -0.98666906 -0.12268399 0.01007155
v -0.98122388 -0.13875800 0.01630641
v -0.97575867 -0.15489091 0.02256412
v -0.39039320 0.10746622 0.26058218
v -0.42672232 0.11139110 0.24206388
v -0.46213743 0.11501354 0.22405724
v -0.49611992 0.11807813 0.20687154
v -0.52643102 0.11949259 0.19183917
v -0.55258715 0.11899810 0.17925313
v -0.57214242 0.11537349 0.17057534
v -0.59160304 0.11176641 0.16193955
v -0.61096984 0.10817674 0.15334542
v -0.63024330 0.10460434 0.14479266
v -0.64893579 0.10080629 0.13657278
v -0.66728437 0.09689734 0.12854469
v -0.68554986 0.09300612 0.12055297
v -0.70373285 0.08913247 0.11259738
v -0.72183377 0.08527629 0.10467765
v -0.73985332 0.08143746 0.09679358
v -0.75776535 0.07760226 0.08896089
v -0.77150214 0.07168531 0.08362311
v -0.78519720 0.06578644 0.07830165
v -0.79885030 0.05990557 0.07299642
v -0.81246185 0.05404260 0.06770734
v -0.82603204 0.04819748 0.06243436
v -0.83956099 0.04237009 0.05717738
v -0.85304898 0.03656038 0.05193634
v -0.86649609 0.03076825 0.04671118
v -0.87990254 0.02499364 0.04150180
v -0.89326859 0.01923645 0.03630815
v -0.90659428 0.01349661 0.03113015
v -0.91995263 0.00781310 0.02592367
v -0.93333882 0.00218371 0.02069147
v -0.94175303 -0.00610058 0.01846995
v -0.94793707 -0.01558171 0.01760020
v -0.95415545 -0.02503757 0.01670813
v -0.96037048 -0.03448848 0.01581652
v -0.96658236 -0.04393447 0.01492538
v -0.97279102 -0.05337553 0.01403470
v -0.97899640 -0.06281167 0.01314449
v -0.98519856 -0.07224288 0.01225474
v -0.99139744 -0.08166918 0.01136545
v -0.99532437 -0.09236686 0.01186500
v -0.98990840 -0.10834580 0.01808772
v -0.98447263 -0.12438315 0.02433317
v -0.97901696 -0.14047921 0.03060149
v -0.97408473 -0.15632346 0.03655902
v -0.38739869 0.10598786 0.27609864
v -0.42206451 0.10910247 0.25850427
v -0.45807010 0.11298817 0.24008302
v -0.49260989 0.11630266 0.22250493
v -0.52458590 0.11850543 0.20642699
v -0.55130225 0.11826956 0.19346240
v -0.57087964 0.11464319 0.18474172
v -0.59036219 0.11103440 0.17606325
v -0.60975069 0.10744303 0.16742671
v -0.62904567 0.10386897 0.15883179
v -0.64818376 0.10028014 0.15031670
v -0.66655034 0.09636893 0.14225028
v -0.68483371 0.09247545 0.13422042
v -0.70303428 0.08859958 0.12622689
v -0.72115284 0.08474120 0.11826942
v -0.73918974 0.08090021 0.11034781
v -0.75704896 0.07702715 0.10251999
v -0.77079916 0.07110583 0.09715670
v -0.78450727 0.06520262 0.09180983
v -0.79817367 0.05931742 0.08647928
v -0.81179821 0.05345018 0.08116498
v -0.82538140 0.04760079 0.07586686
v -0.83892334 0.04176918 0.07058483
v -0.85242409 0.03595526 0.06531885
v -0.86588401 0.03015896 0.06006881
v -0.87930316 0.02438020 0.05483466
v -0.89268178 0.01861889 0.04961631
v -0.90609699 0.01291617 0.04436688
v -0.91953629 0.00726557 0.03909403
v -0.93293446 0.00163225 0.03383728
v -0.94077796 -0.00697197 0.03195774
v -0.94691437 -0.01649116 0.03111655
v -0.95313889 -0.02595582 0.03022010
v -0.95936018 -0.03541555 0.02932411
v -0.96557826 -0.04487034 0.02842858
v -0.97179317 -0.05432019 0.02753353
v -0.97800463 -0.06376510 0.02663894
v -0.98421299 -0.07320509 0.02574482
v -0.99041808 -0.08264016 0.02485117
v -0.99314350 -0.09402627 0.02609347
v -0.98771709 -0.11002702 0.03234947
v -0.98227096 -0.12608631 0.03862835
v -0.97680479 -0.14220446 0.04493028
v -0.97262543 -0.15763439 0.05044982
v -0.38439673 0.10450582 0.29165369
v -0.41739258 0.10680690 0.27499455
v -0.45384449 0.11088671 0.25624213
v -0.48859966 0.11428605 0.23847373
v -0.52273685 0.11751616 0.22104588
v -0.55001491 0.11753961 0.20769934
v -0.56961441 0.11391149 0.19893558
v -0.58911890 0.11030097 0.19021434
v -0.60852909 0.10670789 0.18153523
v -0.62784570 0.10313217 0.17289798
v -0.64706933 0.09957363 0.16430232
v -0.66581494 0.09583957 0.15598020
v -0.68411618 0.09194385 0.14791209
v -0.70233458 0.08806575 0.13988048
v -0.72047061 0.08420518 0.13188516
v -0.73852491 0.08036201 0.12392589
v -0.75633132 0.07645102 0.11610323
v -0.77009487 0.07052532 0.11071435
v -0.78381628 0.06461775 0.10534199
v -0.79749566 0.05872825 0.09998605
v -0.81113344 0.05285670 0.09464643
v -0.82472962 0.04700305 0.08932310
v -0.83828449 0.04116720 0.08401595
v -0.85179812 0.03534908 0.07872493
v -0.86527079 0.02954860 0.07344994
v -0.87870264 0.02376569 0.06819092
v -0.89217526 0.01804361 0.06289821
v -0.90566796 0.01237167 0.05758435
v -0.91911924 0.00671712 0.05228674
v -0.93252945 0.00107986 0.04700536
v -0.93980098 -0.00784502 0.04547114
v -0.94590855 -0.01739202 0.04464722
v -0.95212036 -0.02687584 0.04375796
v -0.95834798 -0.03634440 0.04285758
v -0.96457219 -0.04580799 0.04195766
v -0.97079325 -0.05526665 0.04105822
v -0.97701108 -0.06472037 0.04015923
v -0.98322564 -0.07416915 0.03926073
v -0.98943686 -0.08361299 0.03836268
v -0.99095750 -0.09568957 0.04035534
v -0.98552072 -0.11171218 0.04664478
v -0.98006409 -0.12779349 0.05295724
v -0.97458744 -0.14393380 0.05929288
v -0.97116297 -0.15894803 0.06436966
v -0.41442591 0.10532515 0.29050422
v -0.44923747 0.10860210 0.27266967
v -0.48457804 0.11226370 0.25448793
v -0.51892132 0.11557508 0.23687543
v -0.54872501 0.11680823 0.22196402
v -0.56834674 0.11317837 0.21315707
v -0.58787328 0.10956612 0.20439287
v -0.60730523 0.10597135 0.19567104
v -0.62664342 0.10239394 0.18699133
v -0.64588851 0.09883375 0.17835346
v -0.66504103 0.09529068 0.16975707
v -0.68339741 0.09141130 0.16162804
v -0.70163351 0.08753098 0.15355827
v -0.71978724 0.08366821 0.14552496
v -0.73785901 0.07982287 0.13752791
v -0.75561237 0.07587386 0.12971067
v -0.76938921 0.06994379 0.12429616
v -0.78312397 0.06403185 0.11889821
v -0.79681659 0.05813802 0.11351678
v -0.81046742 0.05226218 0.10815179
v -0.82407665 0.04640425 0.10280314
v -0.83764446 0.04056416 0.09747078
v -0.85117096 0.03474183 0.09215464
v -0.86465657 0.02893716 0.08685463
v -0.87818682 0.02319560 0.08151824
v -0.89173329 0.01750218 0.07616300
v -0.90523809 0.01182625 0.07082428
v -0.91870147 0.00616773 0.06550185
v -0.93212372 0.00052653 0.06019576
v -0.93882221 -0.00871973 0.05901023
v -0.94493574 -0.01827559 0.05818228
v -0.95109987 -0.02779762 0.05732181
v -0.95733374 -0.03727502 0.05641701
v -0.96356428 -0.04674746 0.05551269
v -0.96979147 -0.05621494 0.05460883
v -0.97601557 -0.06567746 0.05370545
v -0.98223627 -0.07513504 0.05280254
v -0.98845381 -0.08458769 0.05190010
v -0.98876625 -0.09735678 0.05465073
v -0.98331916 -0.11340132 0.06097374
v -0.97785205 -0.12950470 0.06731993
v -0.97301579 -0.14529631 0.07328551
v -0.96969759 -0.16026445 0.07831866
v -0.41146365 0.10384531 0.30604535
v -0.44461647 0.10631058 0.28914699
v -0.48054501 0.11023559 0.27054769
v -0.51495636 0.11356145 0.25283268
v -0.54700017 0.11586518 0.23651765
v -0.56707656 0.11244381 0.22740626
v -0.58662510 0.10882985 0.21859890
v -0.60607898 0.10523338 0.20983425
v -0.62543881 0.10165429 0.20111196
v -0.64470530 0.09809245 0.19243169
v -0.66387916 0.09454776 0.18379319
v -0.68267739 0.09087781 0.17536834
v -0.70093131 0.08699526 0.16726027
v -0.71910256 0.08313029 0.15918888
v -0.73719186 0.07928276 0.15115389
v -0.75489229 0.07529568 0.14334241
v -0.76868248 0.06936119 0.13790213
v -0.78243047 0.06344491 0.13247854
v -0.79613638 0.05754673 0.12707153
v -0.80980033 0.05166659 0.12168105
v -0.82342255 0.04580439 0.11630704
v -0.83700341 0.03996006 0.11094941
v -0.85054290 0.03413350 0.10560807
v -0.86413133 0.02837231 0.10022762
v -0.87773192 0.02265727 0.09483074
v -0.89129055 0.01695983 0.08945044
v -0.90480757 0.01127990 0.08408671
v -0.91828305 0.00561740 0.07873945
v -0.93171722 -0.00002773 0.07340858
v -0.93784153 -0.00959610 0.07257508
v -0.94396120 -0.01916084 0.07174311
v -0.95007783 -0.02872100 0.07091152
v -0.95631754 -0.03820744 0.07000249
v -0.96255440 -0.04768872 0.06909373
v -0.96878785 -0.05716504 0.06818546
v -0.97501802 -0.06663639 0.06727766
v -0.98124504 -0.07610279 0.06637033
v -0.98746878 -0.08556424 0.06546347
v -0.98656994 -0.09902792 0.06897977
v -0.98111236 -0.11509443 0.07533649
v -0.97563481 -0.13121994 0.08171655
v -0.97155297 -0.14659791 0.08723823
v -0.96822900 -0.16158362 0.09229688
v -0.40845218 0.10234184 0.32165033
v -0.44134319 0.10466513 0.30485117
v -0.47629729 0.10810383 0.28677613
v -0.51098013 0.11154213 0.26883528
v -0.54435736 0.11447569 0.25165585
v -0.56498730 0.11130904 0.24217844
v -0.58537459 0.10809213 0.23283261
v -0.60485035 0.10449395 0.22402497
v -0.62423182 0.10091320 0.21525986
v -0.64351994 0.09734973 0.20653711
v -0.66271508 0.09380340 0.19785632
v -0.68181801 0.09027410 0.18921724
v -0.70022780 0.08645859 0.18098655
v -0.71841675 0.08259141 0.17287692
v -0.73652351 0.07874171 0.16480397
v -0.75417078 0.07471647 0.15699849
v -0.76797444 0.06877758 0.15153234
v -0.78173566 0.06285693 0.14608303
v -0.79545480 0.05695441 0.14065038
v -0.80913198 0.05106995 0.13523434
v -0.82276738 0.04520347 0.12983486
v -0.83636111 0.03935488 0.12445186
v -0.85000819 0.03357392 0.11902701
v -0.86366320 0.02783711 0.11358811
v -0.87727612 0.02211802 0.10816599
v -0.89084715 0.01641654 0.10276057
v -0.90437621 0.01073262 0.09737177
v -0.91786385 0.00506615 0.09199954
v -0.93073040 -0.00089591 0.08700220
v -0.93685901 -0.01047414 0.08616576
v -0.94298476 -0.02004778 0.08532973
v -0.94910747 -0.02961683 0.08449411
v -0.95529944 -0.03914165 0.08361407
v -0.96154243 -0.04863179 0.08270089
v -0.96778220 -0.05811696 0.08178817
v -0.97401869 -0.06759717 0.08087592
v -0.98025197 -0.07707240 0.07996416
v -0.98648190 -0.08654268 0.07905290
v -0.98436838 -0.10070299 0.08334258
v -0.97890037 -0.11679155 0.08973315
v -0.97340673 -0.13294233 0.09615061
v -0.97008687 -0.14790222 0.10122018
v -0.96675736 -0.16290554 0.10630445
v -0.43842024 0.10318749 0.32037839
v -0.47172678 0.10581631 0.30324039
v -0.50699270 0.10951705 0.28488332
v -0.54120815 0.11283975 0.26713455
v -0.56236976 0.10991603 0.25730222
v -0.58292431 0.10676563 0.24782342
v -0.60337251 0.10363151 0.23839362
v -0.62302256 0.10017068 0.22943516
v -0.64233214 0.09660555 0.22066975
v -0.66154861 0.09305761 0.21194655
v -0.68067276 0.08952671 0.20326531
v -0.69952309 0.08592097 0.19473723
v -0.71772975 0.08205158 0.18658924
v -0.73585403 0.07819970 0.17847814
v -0.75344801 0.07413621 0.17067894
v -0.76726508 0.06819292 0.16518693
v -0.78103966 0.06226789 0.15971175
v -0.79477209 0.05636102 0.15425336
v -0.80846244 0.05047226 0.14881171
v -0.82211095 0.04460148 0.14338668
v -0.83581692 0.03880061 0.13791704
v -0.84952688 0.03304190 0.13243577
v -0.86319429 0.02730101 0.12697144
v -0.87681955 0.02157785 0.12152401
v -0.89040285 0.01587234 0.11609337
v -0.90394419 0.01018440 0.11067948
v -0.91744399 0.00451395 0.10528220
v -0.92973989 -0.00176671 0.10062286
v -0.93587458 -0.01135386 0.09978236
v -0.94200641 -0.02093641 0.09894226
v -0.94813520 -0.03051436 0.09810257
v -0.95427936 -0.04007764 0.09725187
v -0.96052867 -0.04957667 0.09633420
v -0.96677470 -0.05907072 0.09541704
v -0.97301745 -0.06855980 0.09450035
v -0.97925693 -0.07804389 0.09358413
v -0.98549318 -0.08752301 0.09266841
v -0.98216170 -0.10238201 0.09773929
v -0.97668314 -0.11849268 0.10416385
v -0.97194326 -0.13423182 0.11013629
v -0.96861780 -0.14920928 0.11523146
v -0.43541098 0.10166828 0.33599219
v -0.46815109 0.10400780 0.31913984
v -0.50299382 0.10748622 0.30097693
v -0.53727704 0.11082342 0.28312546
v -0.55974597 0.10851968 0.27246231
v -0.58033186 0.10536913 0.26293281
v -0.60081124 0.10223489 0.25345266
v -0.62118489 0.09911682 0.24402145
v -0.64114213 0.09585995 0.23482972
v -0.66038001 0.09231038 0.22606398
v -0.67952543 0.08877788 0.21734041
v -0.69857889 0.08526234 0.20865871
v -0.71704143 0.08151080 0.20032586
v -0.73518336 0.07765674 0.19217649
v -0.75272393 0.07355491 0.18438388
v -0.76655447 0.06760721 0.17886582
v -0.78034252 0.06167780 0.17336476
v -0.79408818 0.05576659 0.16788058
v -0.80779171 0.04987349 0.16241319
v -0.82155710 0.04405256 0.15689836
v -0.83532226 0.03827181 0.15137437
v -0.84904468 0.03250897 0.14586754
v -0.86272460 0.02676398 0.14037775
v -0.87636226 0.02103675 0.13490494
v -0.88995785 0.01532720 0.12944901
v -0.90351146 0.00963525 0.12400988
v -0.91702342 0.00396081 0.11858752
v -0.92874759 -0.00263916 0.11426950
v -0.93488836 -0.01223525 0.11342491
v -0.94102621 -0.02182672 0.11258075
v -0.94716108 -0.03141359 0.11173698
v -0.95329309 -0.04099586 0.11089361
v -0.95951295 -0.05052338 0.10999379
v -0.96576524 -0.06002632 0.10907213
v -0.97201419 -0.06952427 0.10815099
v -0.97825998 -0.07901722 0.10723033
v -0.98450243 -0.08850521 0.10631012
v -0.97994977 -0.10406502 0.11216998
v -0.97446066 -0.12019782 0.11862869
v -0.97047675 -0.13552402 0.12415128
v -0.96714556 -0.15051906 0.12927215
v -0.46525514 0.10252655 0.33466044
v -0.49872434 0.10532410 0.31727517
v -0.53333473 0.10880136 0.29916167
v -0.55711579 0.10711997 0.28765884
v -0.57773328 0.10396928 0.27807844
v -0.59824377 0.10083491 0.26854768
v -0.61864835 0.09771675 0.25906622
v -0.63894773 0.09461466 0.24963361
v -0.65914273 0.09152853 0.24024956
v -0.67837578 0.08802762 0.23144260
v -0.69745028 0.08451051 0.22271869
v -0.71635199 0.08096905 0.21408682
v -0.73451149 0.07711281 0.20589906
v -0.75199860 0.07297258 0.19811334
v -0.76584262 0.06702046 0.19256921
v -0.77964401 0.06108666 0.18704215
v -0.79340303 0.05517109 0.18153207
v -0.80722821 0.04932997 0.17597167
v -0.82104892 0.04352701 0.17040463
v -0.83482665 0.03774209 0.16485491
v -0.84856164 0.03197512 0.15932241
v -0.86225408 0.02622603 0.15380706
v -0.87590420 0.02049473 0.14830877
v -0.88951206 0.01478113 0.14282747
v -0.90307790 0.00908516 0.13736308
v -0.91660208 0.00340673 0.13191552
v -0.92775327 -0.00351329 0.12794225
v -0.93390018 -0.01311833 0.12709354
v -0.94004411 -0.02271875 0.12624529
v -0.94618505 -0.03231455 0.12539741
v -0.95232320 -0.04190574 0.12454997
v -0.95849520 -0.05147191 0.12367968
v -0.96475381 -0.06098375 0.12275356
v -0.97100914 -0.07049059 0.12182792
v -0.97726113 -0.07999244 0.12090278
v -0.98321223 -0.08965624 0.12016564
v -0.97773266 -0.10575200 0.12663479
v -0.97233421 -0.12184980 0.13306393
v -0.96900707 -0.13681893 0.13819568
v -0.96567035 -0.15183161 0.14334236
v -0.46226034 0.10099746 0.35027584
v -0.49485031 0.10335314 0.33337057
v -0.52938128 0.10677358 0.31524342
v -0.55447936 0.10571689 0.30289191
v -0.57512838 0.10256607 0.29326040
v -0.59567028 0.09943159 0.28367886
v -0.61610585 0.09631334 0.27414694
v -0.63643599 0.09321119 0.26466420
v -0.65666139 0.09012499 0.25523028
v -0.67678291 0.08705465 0.24584480
v -0.69631958 0.08375721 0.23680574
v -0.71532357 0.08025541 0.22808149
v -0.73383844 0.07656792 0.21964595
v -0.75127196 0.07238920 0.21186741
v -0.76512945 0.06643266 0.20629711
v -0.77894425 0.06049448 0.20074400
v -0.79282969 0.05463300 0.19513761
v -0.80670631 0.04880770 0.18952717
v -0.82053983 0.04300055 0.18393421
v -0.83433020 0.03721146 0.17835864
v -0.84807783 0.03144035 0.17280044
v -0.86178279 0.02568716 0.16725944
v -0.87544525 0.01995177 0.16173559
v -0.88906550 0.01423412 0.15622886
v -0.90264362 0.00853413 0.15073909
v -0.91617996 0.00285170 0.14526626
v -0.92675710 -0.00438908 0.14164108
v -0.93291008 -0.01400309 0.14078833
v -0.93906021 -0.02361247 0.13993593
v -0.94520730 -0.03321723 0.13908397
v -0.95135140 -0.04281737 0.13823240
v -0.95749253 -0.05241288 0.13738127
v -0.96374047 -0.06194303 0.13646135
v -0.97000206 -0.07145879 0.13553123
v -0.97626036 -0.08096954 0.13460159
v -0.98100036 -0.09132510 0.13463043
v -0.97551030 -0.10744296 0.14113387
v -0.97086710 -0.12312983 0.14711201
v -0.96753436 -0.13811655 0.15226959
v -0.96419197 -0.15314692 0.15744218
v -0.49195623 0.10185619 0.34890005
v -0.52541661 0.10474003 0.33137089
v -0.55183655 0.10431043 0.31816173
v -0.57251728 0.10115949 0.30847886
v -0.59309053 0.09802491 0.29884630
v -0.61355728 0.09490658 0.28926370
v -0.63391817 0.09180436 0.27973059
v -0.65417415 0.08871812 0.27024660
v -0.67432594 0.08564776 0.26081139
v -0.69437444 0.08259314 0.25142458
v -0.71421164 0.07949913 0.24215338
v -0.73314548 0.07601255 0.23342887
v -0.75054401 0.07180478 0.22564615
v -0.76441503 0.06584381 0.22004960
v -0.77836102 0.05996186 0.21439686
v -0.79229409 0.05411405 0.20874265
v -0.80618364 0.04828452 0.20310611
v -0.82002985 0.04247316 0.19748715
v -0.83383304 0.03667991 0.19188568
v -0.84759313 0.03090467 0.18630163
v -0.86131060 0.02514735 0.18073492
v -0.87498558 0.01940789 0.17518547
v -0.88861817 0.01368618 0.16965318
v -0.90220869 0.00798216 0.16413800
v -0.91575730 0.00229573 0.15863985
v -0.92575914 -0.00526655 0.15536620
v -0.93191820 -0.01488955 0.15450928
v -0.93807441 -0.02450791 0.15365279
v -0.94422758 -0.03412164 0.15279670
v -0.95037776 -0.04373073 0.15194102
v -0.95652503 -0.05333520 0.15108576
v -0.96272510 -0.06290416 0.15019564
v -0.96899301 -0.07242885 0.14926098
v -0.97525764 -0.08194853 0.14832683
v -0.97878325 -0.09299789 0.14912944
v -0.97328258 -0.10913794 0.15566730
v -0.96939689 -0.12441256 0.16118962
v -0.96605855 -0.13941692 0.16637310
v -0.96271050 -0.15446502 0.17157172
v -0.48900086 0.10032935 0.36450163
v -0.52144152 0.10270111 0.34754372
v -0.54918736 0.10290059 0.33346838
v -0.56989986 0.09974952 0.32373396
v -0.59050465 0.09661485 0.31405020
v -0.61100256 0.09349644 0.30441666
v -0.63139439 0.09039417 0.29483294
v -0.65168101 0.08730789 0.28529871
v -0.67186314 0.08423752 0.27581355
v -0.69194168 0.08118290 0.26637709
v -0.71191740 0.07814393 0.25698897
v -0.73179108 0.07512049 0.24764879
v -0.74981469 0.07121932 0.23944964
v -0.76382184 0.06531671 0.23375009
v -0.77781159 0.05944627 0.22805178
v -0.79175764 0.05359420 0.22237128
v -0.80566001 0.04776043 0.21670857
v -0.81951898 0.04194488 0.21106350
v -0.83333480 0.03614745 0.20543605
v -0.84710765 0.03036806 0.19982612
v -0.86083770 0.02460663 0.19423360
v -0.87452507 0.01886307 0.18865845
v -0.88817012 0.01313730 0.18310055
v -0.90177292 0.00742924 0.17755984
v -0.91533381 0.00173880 0.17203626
v -0.92475909 -0.00614570 0.16911756
v -0.93092436 -0.01577770 0.16825651
v -0.93708670 -0.02540506 0.16739590
v -0.94324601 -0.03502777 0.16653566
v -0.94940233 -0.04464585 0.16567585
v -0.95555568 -0.05425928 0.16481647
v -0.96170783 -0.06386716 0.16395643
v -0.96798205 -0.07340079 0.16301723
v -0.97425294 -0.08292940 0.16207857
v -0.97656095 -0.09467464 0.16366279
v -0.97125793 -0.11071960 0.17010245
v -0.96792364 -0.12569799 0.17529681
v -0.96457970 -0.14072002 0.18050632
v -0.96122593 -0.15578589 0.18573102
v -0.51854944 0.10118854 0.36308217
v -0.54653180 0.10148732 0.34881195
v -0.56727618 0.09833616 0.33902577
v -0.58797759 0.09518488 0.32931122
v -0.60851198 0.09211773 0.31956202
v -0.62900788 0.08905188 0.30988190
v -0.64939731 0.08600195 0.30025202
v -0.66968125 0.08296782 0.29067203
v -0.68986034 0.07994935 0.28114152
v -0.70993549 0.07694643 0.27166006
v -0.72990751 0.07395893 0.26222736
v -0.74866152 0.07041689 0.25354314
v -0.76308292 0.06471452 0.24756540
v -0.77726120 0.05892978 0.24173042
v -0.79122019 0.05307345 0.23602358
v -0.80513549 0.04723544 0.23033459
v -0.81900728 0.04141568 0.22466338
v -0.83283585 0.03561406 0.21900985
v -0.84662127 0.02983052 0.21337391
v -0.86036390 0.02406496 0.20775554
v -0.87406385 0.01831731 0.20215459
v -0.88772136 0.01258747 0.19657102
v -0.90133649 0.00687537 0.19100471
v -0.91490960 0.00118092 0.18545561
v -0.92375720 -0.00702654 0.18289533
v -0.92992866 -0.01666757 0.18203011
v -0.93609709 -0.02630393 0.18116534
v -0.94226259 -0.03593564 0.18030097
v -0.94842499 -0.04556271 0.17943703
v -0.95458454 -0.05518513 0.17857347
v -0.96074104 -0.06480291 0.17771037
v -0.96696913 -0.07437461 0.17680010
v -0.97324640 -0.08391216 0.17585690
v -0.97433335 -0.09635537 0.17823064
v -0.96978718 -0.11199013 0.18421331
v -0.96644723 -0.12698612 0.18943369
v -0.96309769 -0.14202586 0.19466934
v -0.95973814 -0.15710953 0.19992022
v -0.51563329 0.09966396 0.37866986
v -0.54458463 0.10041987 0.36374617
v -0.56548494 0.09733098 0.35383016
v -0.58622229 0.09423219 0.34399942
v -0.60685140 0.09114961 0.33422005
v -0.62737298 0.08808307 0.32449159
v -0.64778793 0.08503249 0.31481373
v -0.66809708 0.08199770 0.30518603
v -0.68830121 0.07897861 0.29560810
v -0.70840120 0.07597509 0.28607959
v -0.72839779 0.07298702 0.27660006
v -0.74700463 0.06935684 0.26797983
v -0.76167172 0.06376699 0.26182860
v -0.77599132 0.05804212 0.25588623
v -0.79026449 0.05233580 0.24996310
v -0.80449146 0.04664793 0.24405915
v -0.81849468 0.04088556 0.23828676
v -0.83233601 0.03507976 0.23260710
v -0.84613407 0.02929206 0.22694510
v -0.85988933 0.02352237 0.22130077
v -0.87360173 0.01777061 0.21567394
v -0.88727170 0.01203670 0.21006460
v -0.90089923 0.00632056 0.20447262
v -0.91448468 0.00062209 0.19889794
v -0.92275333 -0.00790907 0.19669953
v -0.92893094 -0.01755913 0.19583014
v -0.93510556 -0.02720452 0.19496119
v -0.94127715 -0.03684526 0.19409266
v -0.94744575 -0.04648133 0.19322455
v -0.95361143 -0.05611276 0.19235688
v -0.95977414 -0.06573953 0.19148959
v -0.96595424 -0.07535030 0.19060968
v -0.97223783 -0.08489684 0.18966189
v -0.97210050 -0.09804009 0.19283307
v -0.96831340 -0.11326332 0.19835387
v -0.96496785 -0.12827696 0.20360039
v -0.96161246 -0.14333445 0.20886220
v -0.95824724 -0.15843597 0.21413940
v -0.51270986 0.09813556 0.39429656
v -0.54245859 0.09926475 0.37882242
v -0.56387115 0.09641263 0.36855236
v -0.58453214 0.09326274 0.35873696
v -0.60518730 0.09017944 0.34890878
v -0.62573469 0.08711224 0.33913186
v -0.64617521 0.08406100 0.32940584
v -0.66650969 0.08102558 0.31973028
v -0.68673891 0.07800587 0.31010479
v -0.70686364 0.07500175 0.30052894
v -0.72688484 0.07201310 0.29100242
v -0.74534428 0.06829454 0.28244710
v -0.76009423 0.06273369 0.27622420
v -0.77459401 0.05708837 0.27014923
v -0.78888398 0.05137780 0.26419696
v -0.80312765 0.04568572 0.25826398
v -0.81732529 0.04001205 0.25235015
v -0.83147705 0.03435669 0.24645543
v -0.84558320 0.02871956 0.24057969
v -0.85941398 0.02297884 0.23486936
v -0.87313890 0.01722297 0.22921659
v -0.88682127 0.01148499 0.22358137
v -0.90046126 0.00576479 0.21796365
v -0.91405898 0.00006230 0.21236330
v -0.92174762 -0.00879330 0.21053024
v -0.92793143 -0.01845241 0.20965669
v -0.93411219 -0.02810685 0.20878357
v -0.94028997 -0.03775662 0.20791084
v -0.94646472 -0.04740172 0.20703857
v -0.95263654 -0.05704217 0.20616671
v -0.95880532 -0.06667795 0.20529528
v -0.96497118 -0.07630908 0.20442425
v -0.97122735 -0.08588342 0.20349362
v -0.97017807 -0.09955160 0.20726685
v -0.96683651 -0.11453919 0.21252421
v -0.96348518 -0.12957053 0.21779692
v -0.96008927 -0.14466569 0.22310762
v -0.54032779 0.09810704 0.39393252
v -0.56191289 0.09532495 0.38351995
v -0.58293712 0.09233987 0.37344337
v -0.60351974 0.08920725 0.36362839
v -0.62409300 0.08613937 0.35380280
v -0.64455914 0.08308747 0.34402844
v -0.66491896 0.08005141 0.33430478
v -0.68517327 0.07703110 0.32463154
v -0.70532298 0.07402638 0.31500828
v -0.72536880 0.07103716 0.30543458
v -0.74368048 0.06722999 0.29694504
v -0.75844878 0.06166506 0.29069108
v -0.77316725 0.05611892 0.28445822
v -0.78750068 0.05041786 0.27845973
v -0.80176109 0.04472157 0.27249759
v -0.81597531 0.03904371 0.26655477
v -0.83014351 0.03338420 0.26063114
v -0.84426606 0.02774294 0.25472662
v -0.85834312 0.02211985 0.24884115
v -0.87237501 0.01651485 0.24297458
v -0.88638526 0.01093340 0.23698173
v -0.90002251 0.00520806 0.23147789
v -0.91363257 -0.00049846 0.22585180
v -0.92073995 -0.00967922 0.22438757
v -0.92692995 -0.01934741 0.22350982
v -0.93311685 -0.02901091 0.22263248
v -0.93930084 -0.03866973 0.22175559
v -0.94548178 -0.04832388 0.22087914
v -0.95165968 -0.05797336 0.22000308
v -0.95783472 -0.06761817 0.21912745
v -0.96400672 -0.07725833 0.21825229
v -0.97021490 -0.08687191 0.21735221
v -0.96870369 -0.10081253 0.22144084
v -0.96535653 -0.11581776 0.22672443
v -0.96049851 -0.13171653 0.23299551
v -0.95544499 -0.14777188 0.23940405
v -0.53819215 0.09694674 0.40907654
v -0.55980736 0.09416472 0.39861071
v -0.58130401 0.09139795 0.38820225
v -0.60194325 0.08827988 0.37831903
v -0.62244785 0.08516447 0.36850449
v -0.64293963 0.08211192 0.35868156
v -0.66332489 0.07907524 0.34890971
v -0.68360442 0.07605430 0.33918852
v -0.70377910 0.07304900 0.32951760
v -0.72384959 0.07005920 0.31989661
v -0.74201304 0.06616318 0.31147376
v -0.75679988 0.06059416 0.30518857
v -0.77153665 0.05504396 0.29892460
v -0.78611457 0.04945597 0.29275152
v -0.80039161 0.04375546 0.28676012
v -0.81462246 0.03807340 0.28078818
v -0.82880729 0.03240974 0.27483556
v -0.84294623 0.02676435 0.26890212
v -0.85703969 0.02113717 0.26298785
v -0.87108779 0.01552810 0.25709262
v -0.88509071 0.00993706 0.25121629
v -0.89904863 0.00436396 0.24535885
v -0.91296184 -0.00119129 0.23952016
v -0.91940564 -0.01074234 0.23848058
v -0.92565024 -0.02039407 0.23756759
v -0.93189168 -0.03004095 0.23665506
v -0.93813002 -0.03968300 0.23574297
v -0.94436520 -0.04932021 0.23483135
v -0.95059729 -0.05895258 0.23392020
v -0.95682627 -0.06858014 0.23300949
v -0.96304041 -0.07820938 0.23210680
v -0.96921551 -0.08785389 0.23122787
v -0.96594185 -0.10279724 0.23647805
v -0.96090764 -0.11877111 0.24288051
v -0.95585561 -0.13480133 0.24930553
v -0.95078582 -0.15088819 0.25575328
v -0.55769706 0.09300188 0.41373533
v -0.57922357 0.09023521 0.40327376
v -0.60051620 0.08742617 0.39294311
v -0.62088990 0.08423261 0.38317937
v -0.64131677 0.08113432 0.37336537
v -0.66172755 0.07809702 0.36354509
v -0.68203229 0.07507548 0.35377580
v -0.70223200 0.07206959 0.34405711
v -0.72232729 0.06907923 0.33438858
v -0.74034208 0.06509411 0.32603335
v -0.75514746 0.05952099 0.31971681
v -0.76990265 0.05396673 0.31342164
v -0.78460801 0.04843124 0.30714774
v -0.79901946 0.04278738 0.30105168
v -0.81326699 0.03710113 0.29505047
v -0.82746834 0.03143330 0.28906873
v -0.84162378 0.02578378 0.28310630
v -0.85573363 0.02015250 0.27716315
v -0.86979789 0.01453937 0.27123910
v -0.88381696 0.00894429 0.26533410
v -0.89779097 0.00336718 0.25944808
v -0.91079855 -0.00268819 0.25417605
v -0.91705441 -0.01235595 0.25325778
v -0.92330712 -0.02201886 0.25233999
v -0.92955661 -0.03167691 0.25142264
v -0.93580294 -0.04133012 0.25050575
v -0.94204628 -0.05097847 0.24958934
v -0.94828641 -0.06062198 0.24867338
v -0.95452338 -0.07026066 0.24775788
v -0.96075726 -0.07989449 0.24684283
v -0.96643013 -0.08983548 0.24629125
v -0.96131665 -0.10582943 0.25276265
v -0.95626605 -0.12183451 0.25920421
v -0.95119774 -0.13789612 0.26566851
v -0.94611144 -0.15401462 0.27215570
v -0.57713842 0.08906987 0.41837892
v -0.59857678 0.08631844 0.40792158
v -0.61948413 0.08337617 0.39778548
v -0.63977718 0.08019800 0.38802454
v -0.66012681 0.07711675 0.37821105
v -0.68045694 0.07409461 0.36839348
v -0.70068169 0.07108814 0.35862681
v -0.72080183 0.06809721 0.34891060
v -0.73866761 0.06402276 0.34062394
v -0.75349146 0.05844553 0.33427590
v -0.76826519 0.05288721 0.32794940
v -0.78298885 0.04734769 0.32164428
v -0.79764450 0.04181733 0.31537229
v -0.81190872 0.03612689 0.30934176
v -0.82612675 0.03045488 0.30333078
v -0.84029865 0.02480123 0.29733923
v -0.85442483 0.01916585 0.29136708
v -0.86850548 0.01354864 0.28541416
v -0.88254070 0.00794952 0.27948040
v -0.89653081 0.00236840 0.27356571
v -0.90843356 -0.00429446 0.26899359
v -0.91469741 -0.01397344 0.26807049
v -0.92095828 -0.02364756 0.26714787
v -0.92721587 -0.03331681 0.26622570
v -0.93347037 -0.04298119 0.26530400
v -0.93972170 -0.05264071 0.26438275
v -0.94596994 -0.06229540 0.26346198
v -0.95221496 -0.07194521 0.26254168
v -0.95833027 -0.08166073 0.26170444
v -0.96186286 -0.09281466 0.26255229
v -0.95667648 -0.10887142 0.26910001
v -0.95160955 -0.12490784 0.27558085
v -0.94652474 -0.14100099 0.28208464
v -0.94142187 -0.15715121 0.28861150
v -0.59651673 0.08515062 0.42300749
v -0.61786729 0.08241437 0.41255438
v -0.63839269 0.07933883 0.40261266
v -0.65860552 0.07617599 0.39285457
v -0.67887825 0.07311169 0.38304168
v -0.69912815 0.07010464 0.37322682
v -0.71927327 0.06711315 0.36346275
v -0.73698956 0.06294912 0.35524556
v -0.75183207 0.05736779 0.34886596
v -0.76662421 0.05180540 0.34250799
v -0.78136629 0.04626184 0.33617154
v -0.79605860 0.04073703 0.32985651
v -0.81054771 0.03515066 0.32366207
v -0.82478225 0.02947448 0.31762177
v -0.83897078 0.02381669 0.31160101
v -0.85311341 0.01817719 0.30559975
v -0.86721039 0.01255590 0.29961786
v -0.88126189 0.00695274 0.29365525
v -0.89526820 0.00136760 0.28771180
v -0.90606278 -0.00590460 0.28384683
v -0.91233492 -0.01559483 0.28291887
v -0.91860384 -0.02528018 0.28199139
v -0.92486954 -0.03496065 0.28106436
v -0.93113208 -0.04463624 0.28013784
v -0.93739158 -0.05430696 0.27921176
v -0.94364792 -0.06397282 0.27828616
v -0.94979370 -0.07369336 0.27743125
v -0.95584011 -0.08346317 0.27663997
v -0.95728093 -0.09580342 0.27886567
v -0.95202124 -0.11192328 0.28549033
v -0.94693786 -0.12799114 0.29201069
v -0.94183642 -0.14411595 0.29855421
v -0.61583209 0.08124408 0.42762095
v -0.63700539 0.07847793 0.41723013
v -0.65724218 0.07531413 0.40742478
v -0.67737520 0.07216653 0.39766958
v -0.69757140 0.06911910 0.38785726
v -0.71774137 0.06612706 0.37804514
v -0.73530787 0.06187320 0.36989838
v -0.75016910 0.05628777 0.36348709
v -0.76497978 0.05072130 0.35709751
v -0.77974027 0.04517369 0.35072967
v -0.79445088 0.03964487 0.34438333
v -0.80911171 0.03413472 0.33805844
v -0.82343519 0.02849209 0.33194181
v -0.83764029 0.02283015 0.32589173
v -0.85179937 0.01718654 0.31986126
v -0.86591268 0.01156117 0.31385025
v -0.87998044 0.00595394 0.30785865
v -0.89400297 0.00036479 0.30188635
v -0.90368634 -0.00751863 0.29873586
v -0.90996659 -0.01722012 0.29780304
v -0.91624361 -0.02691673 0.29687068
v -0.92251754 -0.03660844 0.29593882
v -0.92878824 -0.04629527 0.29500741
v -0.93505585 -0.05597723 0.29407644
v -0.94123226 -0.06570287 0.29320371
v -0.94728929 -0.07548859 0.29240787
v -0.95334375 -0.08527008 0.29161236
v -0.95268428 -0.09880182 0.29523158
v -0.94740653 -0.11495380 0.30189729
v -0.94225091 -0.13108449 0.30849403
v -0.93713289 -0.14724107 0.31507742
v -0.63508493 0.07735020 0.43221956
v -0.65587604 0.07445051 0.42202422
v -0.67603278 0.07130197 0.41222182
v -0.69608641 0.06816954 0.40246955
v -0.71620643 0.06513891 0.39265782
v -0.73362267 0.06079498 0.38458249
v -0.74850255 0.05520543 0.37813935
v -0.76333183 0.04963488 0.37171811
v -0.77811080 0.04408324 0.36531866
v -0.79283965 0.03855040 0.35894090
v -0.80751884 0.03303627 0.35258466
v -0.82208538 0.02750770 0.34629101
v -0.83630699 0.02184161 0.34021148
v -0.85048264 0.01619387 0.33415169
v -0.86461234 0.01056441 0.32811147
v -0.87869650 0.00495313 0.32209080
v -0.89273518 -0.00064005 0.31608951
v -0.90130419 -0.00913654 0.31366083
v -0.90759259 -0.01884934 0.31272313
v -0.91387779 -0.02855722 0.31178588
v -0.92015982 -0.03826021 0.31084913
v -0.92643875 -0.04795831 0.30991280
v -0.93264604 -0.05768915 0.30902201
v -0.93871379 -0.06749082 0.30822158
v -0.94477880 -0.07728824 0.30742157
v -0.95084125 -0.08708145 0.30662185
v -0.94807279 -0.10180989 0.31165031
v -0.94277817 -0.11799342 0.31835645
v -0.93754882 -0.13418792 0.32503107
v -0.93241405 -0.15037641 0.33165467
v -0.65427560 0.07346891 0.43680328
v -0.67468768 0.07043568 0.42680332
v -0.69476485 0.06730232 0.41700393
v -0.71473950 0.06418499 0.40725464
v -0.73193383 0.05971446 0.39929798
v -0.74683243 0.05412079 0.39282286
v -0.76168042 0.04854616 0.38636982
v -0.77647787 0.04299046 0.37993866
v -0.79122514 0.03745360 0.37352931
v -0.80592251 0.03193548 0.36714169
v -0.82057017 0.02643603 0.36077568
v -0.83497107 0.02085105 0.35456035
v -0.84916323 0.01519919 0.34847111
v -0.86330944 0.00956564 0.34240159
v -0.87740993 0.00395030 0.33635175
v -0.89146489 -0.00164691 0.33032140
v -0.89891624 -0.01075837 0.32862186
v -0.90521288 -0.02048249 0.32767925
v -0.91150630 -0.03020169 0.32673708
v -0.91779655 -0.03991598 0.32579541
v -0.92403477 -0.04965208 0.32488641
v -0.93011320 -0.05946976 0.32408139
v -0.93618888 -0.06928318 0.32327676
v -0.94226205 -0.07909236 0.32247245
v -0.94833249 -0.08889732 0.32166851
v -0.94344640 -0.10482769 0.32812211
v -0.93813485 -0.12104288 0.33486894
v -0.93283135 -0.13730149 0.34162214
v -0.92767978 -0.15352198 0.34828609
v -0.67333978 0.06956764 0.44141415
v -0.69344068 0.06643337 0.43156752
v -0.71343869 0.06331513 0.42177123
v -0.73034626 0.05868523 0.41397643
v -0.74490607 0.05313294 0.40761316
v -0.76002538 0.04745511 0.40105271
v -0.77484143 0.04189535 0.39458978
v -0.78960717 0.03635447 0.38814875
v -0.80432290 0.03083237 0.38172957
v -0.81898880 0.02532895 0.37533212
v -0.83360517 0.01984413 0.36895627
v -0.84784114 0.01420249 0.36281964
v -0.86200386 0.00856484 0.35672072
v -0.87612069 0.00294543 0.35064152
v -0.89023250 -0.00267212 0.34456602
v -0.89652246 -0.01238413 0.34361911
v -0.90282732 -0.02211959 0.34267154
v -0.90912902 -0.03185013 0.34172449
v -0.91539842 -0.04159158 0.34079707
v -0.92148745 -0.05142530 0.33998746
v -0.92757392 -0.06125477 0.33917817
v -0.93365777 -0.07108000 0.33836925
v -0.93973899 -0.08090097 0.33756071
v -0.94411421 -0.09166695 0.33788404
v -0.93880492 -0.10785525 0.34464726
v -0.93347639 -0.12410223 0.35143501
v -0.92812842 -0.14040822 0.35824734
v -0.92292988 -0.15667786 0.36497197
v -0.69211370 0.06556267 0.44616032
v -0.71213520 0.06244353 0.43631685
v -0.72884411 0.05769918 0.42862764
v -0.74367309 0.05204291 0.42215839
v -0.75845218 0.04640571 0.41571102
v -0.77320158 0.04079792 0.40927210
v -0.78798580 0.03525301 0.40279931
v -0.80271983 0.02972692 0.39634845
v -0.81740397 0.02421954 0.38991943
v -0.83203852 0.01873078 0.38351220
v -0.84651643 0.01320376 0.37719736
v -0.86069560 0.00756201 0.37106892
v -0.87482893 0.00193853 0.36496034
v -0.88780671 -0.00426203 0.35960570
v -0.89412296 -0.01401381 0.35865268
v -0.90043604 -0.02376065 0.35770014
v -0.90673679 -0.03350753 0.35675418
v -0.91283667 -0.04335737 0.35593995
v -0.91893387 -0.05320293 0.35512602
v -0.92502844 -0.06304424 0.35431248
v -0.93112034 -0.07288128 0.35349929
v -0.93720967 -0.08271407 0.35268641
v -0.93947482 -0.09467266 0.35442185
v -0.93414849 -0.11089264 0.36122599
v -0.92880285 -0.12717153 0.36805487
v -0.92343771 -0.14350964 0.37490854
v -0.69052970 0.06456129 0.46094951
v -0.71082908 0.06157018 0.45089167
v -0.72733873 0.05671109 0.44330931
v -0.74218577 0.05105061 0.43680856
v -0.75698251 0.04540926 0.43032971
v -0.77172953 0.03978692 0.42387274
v -0.78642678 0.03418351 0.41743752
v -0.80111337 0.02861911 0.41099837
v -0.81581587 0.02310777 0.40453777
v -0.83046860 0.01761508 0.39809895
v -0.84507179 0.01214095 0.39168191
v -0.85938478 0.00655714 0.38544628
v -0.87353444 0.00092958 0.37930816
v -0.88539314 -0.00588426 0.37468067
v -0.89171767 -0.01564746 0.37372270
v -0.89803898 -0.02540570 0.37276521
v -0.90416056 -0.03526583 0.37193909
v -0.91026855 -0.04512756 0.37112051
v -0.91637391 -0.05498499 0.37030229
v -0.92247659 -0.06483816 0.36948445
v -0.92857665 -0.07468705 0.36866695
v -0.93467408 -0.08453166 0.36784980
v -0.93482029 -0.09768809 0.37101328
v -0.92947692 -0.11393990 0.37785861
v -0.92411405 -0.13025081 0.38472879
v -0.91873157 -0.14662117 0.39162403
v -0.70952040 0.06069508 0.46549580
v -0.72583026 0.05572094 0.45802149
v -0.74069524 0.05005626 0.45148906
v -0.75550991 0.04441075 0.44497871
v -0.77027458 0.03878428 0.43849033
v -0.78498954 0.03317677 0.43202385
v -0.79965502 0.02758812 0.42557910
v -0.81427121 0.02201824 0.41915599
v -0.82889527 0.01649702 0.41271666
v -0.84351659 0.01101898 0.40626809
v -0.85807115 0.00555022 0.39985287
v -0.87223738 -0.00008141 0.39368516
v -0.88297367 -0.00751043 0.38979232
v -0.88930649 -0.01728507 0.38882932
v -0.89545900 -0.02715060 0.38798508
v -0.90157777 -0.03702852 0.38716182
v -0.90769398 -0.04690215 0.38633892
v -0.91380757 -0.05677149 0.38551641
v -0.91991842 -0.06663654 0.38469422
v -0.92602664 -0.07649730 0.38387242
v -0.93213212 -0.08635380 0.38305092
v -0.93015075 -0.10071331 0.38765860
v -0.92479008 -0.11699706 0.39454529
v -0.91940999 -0.13334014 0.40145707
v -0.91400981 -0.14974310 0.40839440
v -0.73923653 0.04907778 0.46617696
v -0.75405139 0.04341900 0.45964673
v -0.76881623 0.03777933 0.45313853
v -0.78354931 0.03216795 0.44664034
v -0.79823232 0.02657524 0.44016433
v -0.81286591 0.02100132 0.43371007
v -0.82745051 0.01544611 0.42727748
v -0.84198618 0.00990951 0.42086646
v -0.85654807 0.00443124 0.41442689
v -0.87093771 -0.00109447 0.40809140
v -0.88054830 -0.00914055 0.40494072
v -0.88673186 -0.01901157 0.40407813
v -0.89286160 -0.02890574 0.40325016
v -0.89898866 -0.03879561 0.40242258
v -0.90511304 -0.04868118 0.40159532
v -0.91123468 -0.05856244 0.40076843
v -0.91735387 -0.06843942 0.39994192
v -0.92347020 -0.07831209 0.39911580
v -0.92958397 -0.08818047 0.39828998
v -0.92546594 -0.10374839 0.40435806
v -0.92008805 -0.12006419 0.41128638
v -0.91468984 -0.13643993 0.41824049
v -0.90899915 -0.15302961 0.42540434
v -0.75269020 0.04247704 0.47427818
v -0.76747239 0.03683322 0.46773869
v -0.78220475 0.03120842 0.46122119
v -0.79688758 0.02560255 0.45472565
v -0.81152105 0.02001551 0.44825190
v -0.82610542 0.01444719 0.44179991
v -0.84064096 0.00889753 0.43536946
v -0.85512805 0.00336640 0.42896050
v -0.86957264 -0.00214309 0.42256898
v -0.87797916 -0.01084863 0.42021844
v -0.88411981 -0.02075911 0.41938579
v -0.89025778 -0.03066527 0.41855344
v -0.89639306 -0.04056713 0.41772148
v -0.90252560 -0.05046465 0.41688985
v -0.90865564 -0.06035788 0.41605863
v -0.91478288 -0.07024679 0.41522777
v -0.92090738 -0.08013139 0.41439721
v -0.92614150 -0.09050477 0.41416705
v -0.92076582 -0.10679337 0.42111191
v -0.91536969 -0.12314189 0.42808279
v -0.90984672 -0.13961038 0.43515161
v -0.90390688 -0.15636370 0.44251543
v -0.78087544 0.03025627 0.47581977
v -0.79557538 0.02464632 0.46929303
v -0.81022590 0.01905523 0.46278831
v -0.82482713 0.01348290 0.45630533
v -0.83937955 0.00792925 0.44984409
v -0.85388327 0.00239418 0.44340453
v -0.86833847 -0.00312241 0.43698645
v -0.87540877 -0.01255820 0.43553075
v -0.88150072 -0.02251128 0.43473202
v -0.88764697 -0.03242942 0.43389526
v -0.89379060 -0.04234325 0.43305889
v -0.89993149 -0.05225274 0.43222284
v -0.90606976 -0.06215792 0.43138719
v -0.91220522 -0.07205877 0.43055186
v -0.91833818 -0.08195531 0.42971694
v -0.92144310 -0.09352776 0.43093386
v -0.91604924 -0.10984895 0.43792129
v -0.91063571 -0.12622979 0.44493428
v -0.90475708 -0.14292094 0.45227551
v -0.79426050 0.02368815 0.48389000
v -0.80892801 0.01809301 0.47735408
v -0.82354629 0.01251666 0.47084010
v -0.83811551 0.00695903 0.46434799
v -0.85263598 0.00142000 0.45787761
v -0.86691254 -0.00420489 0.45156077
v -0.87294286 -0.01421250 0.45080620
v -0.87897092 -0.02421619 0.45005196
v -0.88502949 -0.03419812 0.44927573
v -0.89118135 -0.04412398 0.44843489
v -0.89733052 -0.05404551 0.44759446
v -0.90347701 -0.06396269 0.44675440
v -0.90962076 -0.07387555 0.44591469
v -0.91576195 -0.08378409 0.44507539
v -0.91672850 -0.09656110 0.44775602
v -0.91131723 -0.11291451 0.45478562
v -0.90560704 -0.12948415 0.46203122
v -0.89965022 -0.14624277 0.46945760
v -0.82226282 0.01154847 0.48540431
v -0.83684891 0.00598684 0.47888115
v -0.85138613 0.00044385 0.47237992
v -0.86443275 -0.00585131 0.46687758
v -0.87047094 -0.01587086 0.46611911
v -0.87650681 -0.02588648 0.46536094
v -0.88254035 -0.03589818 0.46460307
v -0.88857150 -0.04590594 0.46384549
v -0.89472294 -0.05584276 0.46300465
v -0.90087771 -0.06577199 0.46216017
v -0.90702987 -0.07569689 0.46131605
v -0.91317922 -0.08561744 0.46047229
v -0.91199857 -0.09960436 0.46463320
v -0.90645641 -0.11605332 0.47178259
v -0.90050262 -0.13278240 0.47922608
v -0.85013384 -0.00053427 0.48691154
v -0.86194688 -0.00750176 0.48223203
v -0.86799300 -0.01753329 0.48146963
v -0.87403673 -0.02756088 0.48070750
v -0.88007808 -0.03758453 0.47994566
v -0.88611716 -0.04760424 0.47918412
v -0.89215374 -0.05762003 0.47842291
v -0.89827198 -0.06758584 0.47760463
v -0.90443236 -0.07752279 0.47675607
v -0.91059005 -0.08745540 0.47590786
v -0.90725303 -0.10265759 0.48156562
v -0.90135467 -0.11932798 0.48899025
v -0.86550885 -0.01919981 0.49685782
v -0.87156051 -0.02923938 0.49609175
v -0.87760985 -0.03927502 0.49532598
v -0.88365674 -0.04930670 0.49456048
v -0.88970131 -0.05933446 0.49379531
v -0.89574349 -0.06935826 0.49303043
v -0.90182841 -0.07935330 0.49223489
v -0.90793616 -0.08933019 0.49142224
f 1 3 2
f 2 9 8
f 3 9 2
f 3 10 9
f 4 10 3
f 4 11 10
f 5 11 4
f 5 12 11
f 6 12 5
f 6 13 12
f 7 17 16
f 8 17 7
f 8 18 17
f 9 18 8
f 9 19 18
f 10 19 9
f 10 20 19
f 11 20 10
f 11 21 20
f 12 21 11
f 12 22 21
f 13 22 12
f 13 23 22
f 14 23 13
f 14 24 23
f 15 24 14
f 15 25 24
f 17 27 16
f 17 28 27
f 18 28 17
f 18 29 28
f 19 29 18
f 19 30 29
f 20 30 19
f 20 31 30
f 21 31 20
f 21 32 31
f 22 32 21
f 22 33 32
f 23 33 22
f 23 34 33
f 24 34 23
f 24 35 34
f 25 35 24
f 25 36 35
f 26 36 25
f 26 37 36
f 28 38 27
f 28 39 38
f 29 39 28
f 29 40 39
f 30 40 29
f 30 41 40
f 31 41 30
f 31 42 41
f 32 42 31
f 32 43 42
f 33 43 32
f 33 44 43
f 34 44 33
f 34 45 44
f 35 45 34
f 35 46 45
f 36 46 35
f 36 47 46
f 37 47 36
f 37 48 47
f 39 50 38
f 39 51 50
f 40 51 39
f 40 52 51
f 41 52 40
f 41 53 52
f 42 53 41
f 42 54 53
f 43 54 42
f 43 55 54
f 44 55 43
f 44 56 55
f 45 56 44
f 45 57 56
f 46 57 45
f 46 58 57
f 47 58 46
f 47 59 58
f 48 59 47
f 48 60 59
f 49 60 48
f 49 61 60
f 51 63 50
f 51 64 63
f 52 64 51
f 52 65 64
f 53 65 52
f 53 66 65
f 54 66 53
f 54 67 66
f 55 67 54
f 55 68 67
f 56 68 55
f 56 69 68
f 57 69 56
f 57 70 69
f 58 70 57
f 58 71 70
f 59 71 58
f 59 72 71
f 60 72 59
f 60 73 72
f 61 73 60
f 61 74 73
f 62 74 61
f 62 75 74
f 64 76 63
f 64 77 76
f 65 77 64
f 65 78 77
f 66 78 65
f 66 79 78
f 67 79 66
f 67 80 79
f 68 80 67
f 68 81 80
f 69 81 68
f 69 82 81
f 70 82 69
f 70 83 82
f 71 83 70
f 71 84 83
f 72 84 71
f 72 85 84
f 73 85 72
f 73 86 85
f 74 86 73
f 74 87 86
f 75 87 74
f 75 88 87
f 77 90 76
f 77 91 90
f 78 91 77
f 78 92 91
f 79 92 78
f 79 93 92
f 80 93 79
f 80 94 93
f 81 94 80
f 81 95 94
f 82 95 81
f 82 96 95
f 83 96 82
f 83 97 96
f 84 97 83
f 84 98 97
f 85 98 84
f 85 99 98
f 86 99 85
f 86 100 99
f 87 100 86
f 87 101 100
f 88 101 87
f 88 102 101
f 89 102 88
f 89 103 102
f 91 104 90
f 91 105 104
f 92 105 91
f 92 106 105
f 93 106 92
f 93 107 106
f 94 107 93
f 94 108 107
f 95 108 94
f 95 109 108
f 96 109 95
f 96 110 109
f 97 110 96
f 97 111 110
f 98 111 97
f 98 112 111
f 99 112 98
f 99 113 112
f 100 113 99
f 100 114 113
f 101 114 100
f 101 115 114
f 102 115 101
f 102 116 115
f 103 116 102
f 103 117 116
f 104 120 119
f 105 120 104
f 105 121 120
f 106 121 105
f 106 122 121
f 107 122 106
f 107 123 122
f 108 123 107
f 108 124 123
f 109 124 108
f 109 125 124
f 110 125 109
f 110 126 125
f 111 126 110
f 111 127 126
f 112 127 111
f 112 128 127
f 113 128 112
f 113 129 128
f 114 129 113
f 114 130 129
f 115 130 114
f 115 131 130
f 116 131 115
f 116 132 131
f 117 132 116
f 117 133 132
f 118 133 117
f 118 134 133
f 120 135 119
f 120 136 135
f 121 136 120
f 121 137 136
f 122 137 121
f 122 138 137
f 123 138 122
f 123 139 138
f 124 139 123
f 124 140 139
f 125 140 124
f 125 141 140
f 126 141 125
f 126 142 141
f 127 142 126
f 127 143 142
f 128 143 127
f 128 144 143
f 129 144 128
f 129 145 144
f 130 145 129
f 130 146 145
f 131 146 130
f 131 147 146
f 132 147 131
f 132 148 147
f 133 148 132
f 133 149 148
f 134 149 133
f 134 150 149
f 136 152 135
f 136 153 152
f 137 153 136
f 137 154 153
f 138 154 137
f 138 155 154
f 139 155 138
f 139 156 155
f 140 156 139
f 140 157 156
f 141 157 140
f 141 158 157
f 142 158 141
f 142 159 158
f 143 159 142
f 143 160 159
f 144 160 143
f 144 161 160
f 145 161 144
f 145 162 161
f 146 162 145
f 146 163 162
f 147 163 146
f 147 164 163
f 148 164 147
f 148 165 164
f 149 165 148
f 149 166 165
f 150 166 149
f 150 167 166
f 151 167 150
f 151 168 167
f 153 169 152
f 153 170 169
f 154 170 153
f 154 171 170
f 155 171 154
f 155 172 171
f 156 172 155
f 156 173 172
f 157 173 156
f 157 174 173
f 158 174 157
f 158 175 174
f 159 175 158
f 159 176 175
f 160 176 159
f 160 177 176
f 161 177 160
f 161 178 177
f 162 178 161
f 162 179 178
f 163 179 162
f 163 180 179
f 164 180 163
f 164 181 180
f 165 181 164
f 165 182 181
f 166 182 165
f 166 183 182
f 167 183 166
f 167 184 183
f 168 184 167
f 168 185 184
f 170 187 169
f 170 188 187
f 171 188 170
f 171 189 188
f 172 189 171
f 172 190 189
f 173 190 172
f 173 191 190
f 174 191 173
f 174 192 191
f 175 192 174
f 175 193 192
f 176 193 175
f 176 194 193
f 177 194 176
f 177 195 194
f 178 195 177
f 178 196 195
f 179 196 178
f 179 197 196
f 180 197 179
f 180 198 197
f 181 198 180
f 181 199 198
f 182 199 181
f 182 200 199
f 183 200 182
f 183 201 200
f 184 201 183
f 184 202 201
f 185 202 184
f 185 203 202
f 186 203 185
f 186 204 203
f 188 205 187
f 188 206 205
f 189 206 188
f 189 207 206
f 190 207 189
f 190 208 207
f 191 208 190
f 191 209 208
f 192 209 191
f 192 210 209
f 193 210 192
f 193 211 210
f 194 211 193
f 194 212 211
f 195 212 194
f 195 213 212
f 196 213 195
f 196 214 213
f 197 214 196
f 197 215 214
f 198 215 197
f 198 216 215
f 199 216 198
f 199 217 216
f 200 217 199
f 200 218 217
f 201 218 200
f 201 219 218
f 202 219 201
f 202 220 219
f 203 220 202
f 203 221 220
f 204 221 203
f 204 222 221
f 206 224 205
f 207 225 206
f 207 226 225
f 208 226 207
f 208 227 226
f 209 227 208
f 209 228 227
f 210 228 209
f 210 229 228
f 211 229 210
f 211 230 229
f 212 230 211
f 212 231 230
f 213 231 212
f 213 232 231
f 214 232 213
f 214 233 232
f 215 233 214
f 215 234 233
f 216 234 215
f 216 235 234
f 217 235 216
f 217 236 235
f 218 236 217
f 218 237 236
f 219 237 218
f 219 238 237
f 220 238 219
f 220 239 238
f 221 239 220
f 221 240 239
f 222 240 221
f 222 241 240
f 223 241 222
f 223 242 241
f 226 243 225
f 226 244 243
f 227 244 226
f 227 245 244
f 228 245 227
f 228 246 245
f 229 246 228
f 229 247 246
f 230 247 229
f 230 248 247
f 231 248 230
f 231 249 248
f 232 249 231
f 232 250 249
f 233 250 232
f 233 251 250
f 234 251 233
f 234 252 251
f 235 252 234
f 235 253 252
f 236 253 235
f 236 254 253
f 237 254 236
f 237 255 254
f 238 255 237
f 238 256 255
f 239 256 238
f 239 257 256
f 240 257 239
f 240 258 257
f 241 258 240
f 241 259 258
f 242 259 241
f 242 260 259
f 244 262 243
f 244 263 262
f 245 263 244
f 245 264 263
f 246 264 245
f 246 265 264
f 247 265 246
f 247 266 265
f 248 266 247
f 248 267 266
f 249 267 248
f 249 268 267
f 250 268 249
f 250 269 268
f 251 269 250
f 251 270 269
f 252 270 251
f 252 271 270
f 253 271 252
f 253 272 271
f 254 272 253
f 254 273 272
f 255 273 254
f 255 274 273
f 256 274 255
f 256 275 274
f 257 275 256
f 257 276 275
f 258 276 257
f 258 277 276
f 259 277 258
f 259 278 277
f 260 278 259
f 260 279 278
f 261 279 260
f 261 280 279
f 263 281 262
f 263 282 281
f 264 282 263
f 264 283 282
f 265 283 264
f 265 284 283
f 266 284 265
f 266 285 284
f 267 285 266
f 267 286 285
f 268 286 267
f 268 287 286
f 269 287 268
f 269 288 287
f 270 288 269
f 270 289 288
f 271 289 270
f 271 290 289
f 272 290 271
f 272 291 290
f 273 291 272
f 273 292 291
f 274 292 273
f 274 293 292
f 275 293 274
f 275 294 293
f 276 294 275
f 276 295 294
f 277 295 276
f 277 296 295
f 278 296 277
f 278 297 296
f 279 297 278
f 279 298 297
f 280 298 279
f 280 299 298
f 282 300 281
f 282 301 300
f 283 301 282
f 283 302 301
f 284 302 283
f 284 303 302
f 285 303 284
f 285 304 303
f 286 304 285
f 286 305 304
f 287 305 286
f 287 306 305
f 288 306 287
f 288 307 306
f 289 307 288
f 289 308 307
f 290 308 289
f 290 309 308
f 291 309 290
f 291 310 309
f 292 310 291
f 292 311 310
f 293 311 292
f 293 312 311
f 294 312 293
f 294 313 312
f 295 313 294
f 295 314 313
f 296 314 295
f 296 315 314
f 297 315 296
f 297 316 315
f 298 316 297
f 298 317 316
f 299 317 298
f 299 318 317
f 301 320 300
f 302 321 301
f 302 322 321
f 303 322 302
f 303 323 322
f 304 323 303
f 304 324 323
f 305 324 304
f 305 325 324
f 306 325 305
f 306 326 325
f 307 326 306
f 307 327 326
f 308 327 307
f 308 328 327
f 309 328 308
f 309 329 328
f 310 329 309
f 310 330 329
f 311 330 310
f 311 331 330
f 312 331 311
f 312 332 331
f 313 332 312
f 313 333 332
f 314 333 313
f 314 334 333
f 315 334 314
f 315 335 334
f 316 335 315
f 316 336 335
f 317 336 316
f 317 337 336
f 318 337 317
f 318 338 337
f 319 338 318
f 319 339 338
f 322 340 321
f 322 341 340
f 323 341 322
f 323 342 341
f 324 342 323
f 324 343 342
f 325 343 324
f 325 344 343
f 326 344 325
f 326 345 344
f 327 345 326
f 327 346 345
f 328 346 327
f 328 347 346
f 329 347 328
f 329 348 347
f 330 348 329
f 330 349 348
f 331 349 330
f 331 350 349
f 332 350 331
f 332 351 350
f 333 351 332
f 333 352 351
f 334 352 333
f 334 353 352
f 335 353 334
f 335 354 353
f 336 354 335
f 336 355 354
f 337 355 336
f 337 356 355
f 338 356 337
f 338 357 356
f 339 357 338
f 339 358 357
f 341 360 340
f 341 361 360
f 342 361 341
f 342 362 361
f 343 362 342
f 343 363 362
f 344 363 343
f 344 364 363
f 345 364 344
f 345 365 364
f 346 365 345
f 346 366 365
f 347 366 346
f 347 367 366
f 348 367 347
f 348 368 367
f 349 368 348
f 349 369 368
f 350 369 349
f 350 370 369
f 351 370 350
f 351 371 370
f 352 371 351
f 352 372 371
f 353 372 352
f 353 373 372
f 354 373 353
f 354 374 373
f 355 374 354
f 355 375 374
f 356 375 355
f 356 376 375
f 357 376 356
f 357 377 376
f 358 377 357
f 358 378 377
f 359 378 358
f 359 379 378
f 361 380 360
f 361 381 380
f 362 381 361
f 362 382 381
f 363 382 362
f 363 383 382
f 364 383 363
f 364 384 383
f 365 384 364
f 365 385 384
f 366 385 365
f 366 386 385
f 367 386 366
f 367 387 386
f 368 387 367
f 368 388 387
f 369 388 368
f 369 389 388
f 370 389 369
f 370 390 389
f 371 390 370
f 371 391 390
f 372 391 371
f 372 392 391
f 373 392 372
f 373 393 392
f 374 393 373
f 374 394 393
f 375 394 374
f 375 395 394
f 376 395 375
f 376 396 395
f 377 396 376
f 377 397 396
f 378 397 377
f 378 398 397
f 379 398 378
f 379 399 398
f 381 401 380
f 381 402 401
f 382 402 381
f 382 403 402
f 383 403 382
f 383 404 403
f 384 404 383
f 384 405 404
f 385 405 384
f 385 406 405
f 386 406 385
f 386 407 406
f 387 407 386
f 387 408 407
f 388 408 387
f 388 409 408
f 389 409 388
f 389 410 409
f 390 410 389
f 390 411 410
f 391 411 390
f 391 412 411
f 392 412 391
f 392 413 412
f 393 413 392
f 393 414 413
f 394 414 393
f 394 415 414
f 395 415 394
f 395 416 415
f 396 416 395
f 396 417 416
f 397 417 396
f 397 418 417
f 398 418 397
f 398 419 418
f 399 419 398
f 399 420 419
f 400 421 420
f 402 422 401
f 402 423 422
f 403 423 402
f 403 424 423
f 404 424 403
f 404 425 424
f 405 425 404
f 405 426 425
f 406 426 405
f 406 427 426
f 407 427 406
f 407 428 427
f 408 428 407
f 408 429 428
f 409 429 408
f 409 430 429
f 410 430 409
f 410 431 430
f 411 431 410
f 411 432 431
f 412 432 411
f 412 433 432
f 413 433 412
f 413 434 433
f 414 434 413
f 414 435 434
f 415 435 414
f 415 436 435
f 416 436 415
f 416 437 436
f 417 437 416
f 417 438 437
f 418 438 417
f 418 439 438
f 419 439 418
f 419 440 439
f 420 440 419
f 420 441 440
f 421 441 420
f 421 442 441
f 423 443 422
f 423 444 443
f 424 444 423
f 424 445 444
f 425 445 424
f 425 446 445
f 426 446 425
f 426 447 446
f 427 447 426
f 427 448 447
f 428 448 427
f 428 449 448
f 429 449 428
f 429 450 449
f 430 450 429
f 430 451 450
f 431 451 430
f 431 452 451
f 432 452 431
f 432 453 452
f 433 453 432
f 433 454 453
f 434 454 433
f 434 455 454
f 435 455 434
f 435 456 455
f 436 456 435
f 436 457 456
f 437 457 436
f 437 458 457
f 438 458 437
f 438 459 458
f 439 459 438
f 439 460 459
f 440 460 439
f 440 461 460
f 441 461 440
f 441 462 461
f 442 462 441
f 442 463 462
f 444 466 443
f 444 467 466
f 445 467 444
f 445 468 467
f 446 468 445
f 446 469 468
f 447 469 446
f 447 470 469
f 448 470 447
f 448 471 470
f 449 471 448
f 449 472 471
f 450 472 449
f 450 473 472
f 451 473 450
f 451 474 473
f 452 474 451
f 452 475 474
f 453 475 452
f 453 476 475
f 454 476 453
f 454 477 476
f 455 477 454
f 455 478 477
f 456 478 455
f 456 479 478
f 457 479 456
f 457 480 479
f 458 480 457
f 458 481 480
f 459 481 458
f 459 482 481
f 460 482 459
f 460 483 482
f 461 483 460
f 461 484 483
f 462 484 461
f 462 485 484
f 463 485 462
f 463 486 485
f 464 486 463
f 464 487 486
f 466 488 465
f 466 489 488
f 467 489 466
f 467 490 489
f 468 490 467
f 468 491 490
f 469 491 468
f 469 492 491
f 470 492 469
f 470 493 492
f 471 493 470
f 471 494 493
f 472 494 471
f 472 495 494
f 473 495 472
f 473 496 495
f 474 496 473
f 474 497 496
f 475 497 474
f 475 498 497
f 476 498 475
f 476 499 498
f 477 499 476
f 477 500 499
f 478 500 477
f 478 501 500
f 479 501 478
f 479 502 501
f 480 502 479
f 480 503 502
f 481 503 480
f 481 504 503
f 482 504 481
f 482 505 504
f 483 505 482
f 483 506 505
f 484 506 483
f 484 507 506
f 485 507 484
f 485 508 507
f 486 508 485
f 486 509 508
f 487 509 486
f 487 510 509
f 489 512 488
f 489 513 512
f 490 513 489
f 490 514 513
f 491 514 490
f 491 515 514
f 492 515 491
f 492 516 515
f 493 516 492
f 493 517 516
f 494 517 493
f 494 518 517
f 495 518 494
f 495 519 518
f 496 519 495
f 496 520 519
f 497 520 496
f 497 521 520
f 498 521 497
f 498 522 521
f 499 522 498
f 499 523 522
f 500 523 499
f 500 524 523
f 501 524 500
f 501 525 524
f 502 525 501
f 502 526 525
f 503 526 502
f 503 527 526
f 504 527 503
f 504 528 527
f 505 528 504
f 505 529 528
f 506 529 505
f 506 530 529
f 507 530 506
f 507 531 530
f 508 531 507
f 508 532 531
f 509 532 508
f 509 533 532
f 510 533 509
f 510 534 533
f 511 535 534
f 513 536 512
f 513 537 536
f 514 537 513
f 514 538 537
f 515 538 514
f 515 539 538
f 516 539 515
f 516 540 539
f 517 540 516
f 517 541 540
f 518 541 517
f 518 542 541
f 519 542 518
f 519 543 542
f 520 543 519
f 520 544 543
f 521 544 520
f 521 545 544
f 522 545 521
f 522 546 545
f 523 546 522
f 523 547 546
f 524 547 523
f 524 548 547
f 525 548 524
f 525 549 548
f 526 549 525
f 526 550 549
f 527 550 526
f 527 551 550
f 528 551 527
f 528 552 551
f 529 552 528
f 529 553 552
f 530 553 529
f 530 554 553
f 531 554 530
f 531 555 554
f 532 555 531
f 532 556 555
f 533 556 532
f 533 557 556
f 534 557 533
f 534 558 557
f 535 558 534
f 535 559 558
f 537 560 536
f 537 561 560
f 538 561 537
f 538 562 561
f 539 562 538
f 539 563 562
f 540 563 539
f 540 564 563
f 541 564 540
f 541 565 564
f 542 565 541
f 542 566 565
f 543 566 542
f 543 567 566
f 544 567 543
f 544 568 567
f 545 568 544
f 545 569 568
f 546 569 545
f 546 570 569
f 547 570 546
f 547 571 570
f 548 571 547
f 548 572 571
f 549 572 548
f 549 573 572
f 550 573 549
f 550 574 573
f 551 574 550
f 551 575 574
f 552 575 551
f 552 576 575
f 553 576 552
f 553 577 576
f 554 577 553
f 554 578 577
f 555 578 554
f 555 579 578
f 556 579 555
f 556 580 579
f 557 580 556
f 557 581 580
f 558 581 557
f 558 582 581
f 559 582 558
f 559 583 582
f 561 585 560
f 561 586 585
f 562 586 561
f 562 587 586
f 563 587 562
f 563 588 587
f 564 588 563
f 564 589 588
f 565 589 564
f 565 590 589
f 566 590 565
f 566 591 590
f 567 591 566
f 567 592 591
f 568 592 567
f 568 593 592
f 569 593 568
f 569 594 593
f 570 594 569
f 570 595 594
f 571 595 570
f 571 596 595
f 572 596 571
f 572 597 596
f 573 597 572
f 573 598 597
f 574 598 573
f 574 599 598
f 575 599 574
f 575 600 599
f 576 600 575
f 576 601 600
f 577 601 576
f 577 602 601
f 578 602 577
f 578 603 602
f 579 603 578
f 579 604 603
f 580 604 579
f 580 605 604
f 581 605 580
f 581 606 605
f 582 606 581
f 582 607 606
f 583 607 582
f 583 608 607
f 584 608 583
f 584 609 608
f 586 610 585
f 586 611 610
f 587 611 586
f 587 612 611
f 588 612 587
f 588 613 612
f 589 613 588
f 589 614 613
f 590 614 589
f 590 615 614
f 591 615 590
f 591 616 615
f 592 616 591
f 592 617 616
f 593 617 592
f 593 618 617
f 594 618 593
f 594 619 618
f 595 619 594
f 595 620 619
f 596 620 595
f 596 621 620
f 597 621 596
f 597 622 621
f 598 622 597
f 598 623 622
f 599 623 598
f 599 624 623
f 600 624 599
f 600 625 624
f 601 625 600
f 601 626 625
f 602 626 601
f 602 627 626
f 603 627 602
f 603 628 627
f 604 628 603
f 604 629 628
f 605 629 604
f 605 630 629
f 606 630 605
f 606 631 630
f 607 631 606
f 607 632 631
f 608 632 607
f 608 633 632
f 609 633 608
f 609 634 633
f 611 635 610
f 611 636 635
f 612 636 611
f 612 637 636
f 613 637 612
f 613 638 637
f 614 638 613
f 614 639 638
f 615 639 614
f 615 640 639
f 616 640 615
f 616 641 640
f 617 641 616
f 617 642 641
f 618 642 617
f 618 643 642
f 619 643 618
f 619 644 643
f 620 644 619
f 620 645 644
f 621 645 620
f 621 646 645
f 622 646 621
f 622 647 646
f 623 647 622
f 623 648 647
f 624 648 623
f 624 649 648
f 625 649 624
f 625 650 649
f 626 650 625
f 626 651 650
f 627 651 626
f 627 652 651
f 628 652 627
f 628 653 652
f 629 653 628
f 629 654 653
f 630 654 629
f 630 655 654
f 631 655 630
f 631 656 655
f 632 656 631
f 632 657 656
f 633 657 632
f 633 658 657
f 634 658 633
f 634 659 658
f 636 661 635
f 636 662 661
f 637 662 636
f 637 663 662
f 638 663 637
f 638 664 663
f 639 664 638
f 639 665 664
f 640 665 639
f 640 666 665
f 641 666 640
f 641 667 666
f 642 667 641
f 642 668 667
f 643 668 642
f 643 669 668
f 644 669 643
f 644 670 669
f 645 670 644
f 645 671 670
f 646 671 645
f 646 672 671
f 647 672 646
f 647 673 672
f 648 673 647
f 648 674 673
f 649 674 648
f 649 675 674
f 650 675 649
f 650 676 675
f 651 676 650
f 651 677 676
f 652 677 651
f 652 678 677
f 653 678 652
f 653 679 678
f 654 679 653
f 654 680 679
f 655 680 654
f 655 681 680
f 656 681 655
f 656 682 681
f 657 682 656
f 657 683 682
f 658 683 657
f 658 684 683
f 659 684 658
f 659 685 684
f 660 685 659
f 660 686 685
f 662 687 661
f 662 688 687
f 663 688 662
f 663 689 688
f 664 689 663
f 664 690 689
f 665 690 664
f 665 691 690
f 666 691 665
f 666 692 691
f 667 692 666
f 667 693 692
f 668 693 667
f 668 694 693
f 669 694 668
f 669 695 694
f 670 695 669
f 670 696 695
f 671 696 670
f 671 697 696
f 672 697 671
f 672 698 697
f 673 698 672
f 673 699 698
f 674 699 673
f 674 700 699
f 675 700 674
f 675 701 700
f 676 701 675
f 676 702 701
f 677 702 676
f 677 703 702
f 678 703 677
f 678 704 703
f 679 704 678
f 679 705 704
f 680 705 679
f 680 706 705
f 681 706 680
f 681 707 706
f 682 707 681
f 682 708 707
f 683 708 682
f 683 709 708
f 684 709 683
f 684 710 709
f 685 710 684
f 685 711 710
f 686 711 685
f 686 712 711
f 688 713 687
f 688 714 713
f 689 714 688
f 689 715 714
f 690 715 689
f 690 716 715
f 691 716 690
f 691 717 716
f 692 717 691
f 692 718 717
f 693 718 692
f 693 719 718
f 694 719 693
f 694 720 719
f 695 720 694
f 695 721 720
f 696 721 695
f 696 722 721
f 697 722 696
f 697 723 722
f 698 723 697
f 698 724 723
f 699 724 698
f 699 725 724
f 700 725 699
f 700 726 725
f 701 726 700
f 701 727 726
f 702 727 701
f 702 728 727
f 703 728 702
f 703 729 728
f 704 729 703
f 704 730 729
f 705 730 704
f 705 731 730
f 706 731 705
f 707 732 706
f 714 743 713
f 714 744 743
f 715 744 714
f 715 745 744
f 716 745 715
f 716 746 745
f 717 746 716
f 717 747 746
f 718 747 717
f 718 748 747
f 719 748 718
f 719 749 748
f 720 749 719
f 720 750 749
f 721 750 720
f 721 751 750
f 722 751 721
f 722 752 751
f 723 752 722
f 723 753 752
f 724 753 723
f 724 754 753
f 725 754 724
f 725 755 754
f 726 755 725
f 726 756 755
f 727 756 726
f 727 757 756
f 728 757 727
f 733 761 760
f 734 761 733
f 734 762 761
f 735 762 734
f 735 763 762
f 736 763 735
f 736 764 763
f 737 764 736
f 737 765 764
f 738 765 737
f 738 766 765
f 739 766 738
f 739 767 766
f 740 767 739
f 740 768 767
f 741 768 740
f 741 769 768
f 742 769 741
f 742 770 769
f 744 773 743
f 744 774 773
f 745 774 744
f 745 775 774
f 746 775 745
f 746 776 775
f 747 776 746
f 747 777 776
f 748 777 747
f 748 778 777
f 749 778 748
f 749 779 778
f 750 779 749
f 750 780 779
f 751 780 750
f 751 781 780
f 752 781 751
f 752 782 781
f 753 782 752
f 753 783 782
f 754 783 753
f 754 784 783
f 755 784 754
f 758 790 789
f 759 790 758
f 759 791 790
f 760 791 759
f 760 792 791
f 761 792 760
f 761 793 792
f 762 793 761
f 762 794 793
f 763 794 762
f 763 795 794
f 764 795 763
f 764 796 795
f 765 796 764
f 765 797 796
f 766 797 765
f 766 798 797
f 767 798 766
f 767 799 798
f 768 799 767
f 768 800 799
f 769 800 768
f 769 801 800
f 770 801 769
f 770 802 801
f 771 802 770
f 771 803 802
f 772 803 771
f 772 804 803
f 774 807 773
f 774 808 807
f 775 808 774
f 775 809 808
f 776 809 775
f 776 810 809
f 777 810 776
f 777 811 810
f 778 811 777
f 778 812 811
f 779 812 778
f 779 813 812
f 780 813 779
f 780 814 813
f 781 814 780
f 781 815 814
f 782 815 781
f 782 816 815
f 783 816 782
f 783 817 816
f 784 817 783
f 786 818 785
f 786 819 818
f 787 819 786
f 787 820 819
f 788 820 787
f 788 821 820
f 789 821 788
f 789 822 821
f 790 822 789
f 790 823 822
f 791 823 790
f 791 824 823
f 792 824 791
f 792 825 824
f 793 825 792
f 793 826 825
f 794 826 793
f 794 827 826
f 795 827 794
f 795 828 827
f 796 828 795
f 796 829 828
f 797 829 796
f 797 830 829
f 798 830 797
f 798 831 830
f 799 831 798
f 799 832 831
f 800 832 799
f 800 833 832
f 801 833 800
f 801 834 833
f 802 834 801
f 802 835 834
f 803 835 802
f 803 836 835
f 804 836 803
f 804 837 836
f 805 837 804
f 805 838 837
f 806 838 805
f 806 839 838
f 808 841 807
f 808 842 841
f 809 842 808
f 809 843 842
f 810 843 809
f 810 844 843
f 811 844 810
f 811 845 844
f 812 845 811
f 812 846 845
f 813 846 812
f 813 847 846
f 814 847 813
f 814 848 847
f 815 848 814
f 815 849 848
f 816 849 815
f 816 850 849
f 817 850 816
f 817 851 850
f 818 853 852
f 819 853 818
f 819 854 853
f 820 854 819
f 820 855 854
f 821 855 820
f 821 856 855
f 822 856 821
f 822 857 856
f 823 857 822
f 823 858 857
f 824 858 823
f 824 859 858
f 825 859 824
f 825 860 859
f 826 860 825
f 826 861 860
f 827 861 826
f 827 862 861
f 828 862 827
f 828 863 862
f 829 863 828
f 829 864 863
f 830 864 829
f 830 865 864
f 831 865 830
f 831 866 865
f 832 866 831
f 832 867 866
f 833 867 832
f 833 868 867
f 834 868 833
f 834 869 868
f 835 869 834
f 835 870 869
f 836 870 835
f 836 871 870
f 837 871 836
f 837 872 871
f 838 872 837
f 838 873 872
f 839 873 838
f 839 874 873
f 840 874 839
f 840 875 874
f 842 876 841
f 842 877 876
f 843 877 842
f 843 878 877
f 844 878 843
f 844 879 878
f 845 879 844
f 845 880 879
f 846 880 845
f 846 881 880
f 847 881 846
f 847 882 881
f 848 882 847
f 848 883 882
f 849 883 848
f 849 884 883
f 850 884 849
f 850 885 884
f 851 885 850
f 851 886 885
f 853 887 852
f 853 888 887
f 854 888 853
f 854 889 888
f 855 889 854
f 855 890 889
f 856 890 855
f 856 891 890
f 857 891 856
f 857 892 891
f 858 892 857
f 858 893 892
f 859 893 858
f 859 894 893
f 860 894 859
f 860 895 894
f 861 895 860
f 861 896 895
f 862 896 861
f 862 897 896
f 863 897 862
f 863 898 897
f 864 898 863
f 864 899 898
f 865 899 864
f 865 900 899
f 866 900 865
f 866 901 900
f 867 901 866
f 867 902 901
f 868 902 867
f 868 903 902
f 869 903 868
f 877 913 876
f 877 914 913
f 878 914 877
f 878 915 914
f 879 915 878
f 879 916 915
f 880 916 879
f 880 917 916
f 881 917 880
f 881 918 917
f 882 918 881
f 882 919 918
f 883 919 882
f 883 920 919
f 884 920 883
f 884 921 920
f 885 921 884
f 885 922 921
f 886 922 885
f 888 923 887
f 888 924 923
f 889 924 888
f 889 925 924
f 890 925 889
f 890 926 925
f 891 926 890
f 891 927 926
f 892 927 891
f 892 928 927
f 893 928 892
f 893 929 928
f 894 929 893
f 894 930 929
f 895 930 894
f 895 931 930
f 896 931 895
f 896 932 931
f 897 932 896
f 897 933 932
f 898 933 897
f 898 934 933
f 899 934 898
f 904 940 939
f 905 940 904
f 905 941 940
f 906 941 905
f 906 942 941
f 907 942 906
f 907 943 942
f 908 943 907
f 908 944 943
f 909 944 908
f 909 945 944
f 910 945 909
f 910 946 945
f 911 946 910
f 911 947 946
f 912 947 911
f 912 948 947
f 914 950 913
f 914 951 950
f 915 951 914
f 915 952 951
f 916 952 915
f 916 953 952
f 917 953 916
f 917 954 953
f 918 954 917
f 918 955 954
f 919 955 918
f 919 956 955
f 920 956 919
f 920 957 956
f 921 957 920
f 921 958 957
f 922 958 921
f 922 959 958
f 924 960 923
f 924 961 960
f 925 961 924
f 925 962 961
f 926 962 925
f 926 963 962
f 927 963 926
f 927 964 963
f 928 964 927
f 928 965 964
f 929 965 928
f 929 966 965
f 930 966 929
f 935 972 971
f 936 972 935
f 936 973 972
f 937 973 936
f 937 974 973
f 938 974 937
f 938 975 974
f 939 975 938
f 939 976 975
f 940 976 939
f 940 977 976
f 941 977 940
f 941 978 977
f 942 978 941
f 942 979 978
f 943 979 942
f 943 980 979
f 944 980 943
f 944 981 980
f 945 981 944
f 945 982 981
f 946 982 945
f 946 983 982
f 947 983 946
f 947 984 983
f 948 984 947
f 948 985 984
f 949 985 948
f 949 986 985
f 951 988 950
f 951 989 988
f 952 989 951
f 952 990 989
f 953 990 952
f 953 991 990
f 954 991 953
f 954 992 991
f 955 992 954
f 955 993 992
f 956 993 955
f 956 994 993
f 957 994 956
f 957 995 994
f 958 995 957
f 958 996 995
f 959 996 958
f 959 997 996
f 961 998 960
f 961 999 998
f 962 999 961
f 962 1000 999
f 963 1000 962
f 963 1001 1000
f 964 1001 963
f 964 1002 1001
f 965 1002 964
f 967 1005 1004
f 968 1005 967
f 968 1006 1005
f 969 1006 968
f 969 1007 1006
f 970 1007 969
f 970 1008 1007
f 971 1008 970
f 971 1009 1008
f 972 1009 971
f 972 1010 1009
f 973 1010 972
f 973 1011 1010
f 974 1011 973
f 974 1012 1011
f 975 1012 974
f 975 1013 1012
f 976 1013 975
f 976 1014 1013
f 977 1014 976
f 977 1015 1014
f 978 1015 977
f 978 1016 1015
f 979 1016 978
f 979 1017 1016
f 980 1017 979
f 980 1018 1017
f 981 1018 980
f 981 1019 1018
f 982 1019 981
f 982 1020 1019
f 983 1020 982
f 983 1021 1020
f 984 1021 983
f 984 1022 1021
f 985 1022 984
f 985 1023 1022
f 986 1023 985
f 986 1024 1023
f 987 1024 986
f 989 1034 988
f 989 1035 1034
f 990 1035 989
f 990 1036 1035
f 991 1036 990
f 991 1037 1036
f 992 1037 991
f 992 1038 1037
f 993 1038 992
f 993 1039 1038
f 994 1039 993
f 994 1040 1039
f 995 1040 994
f 995 1041 1040
f 996 1041 995
f 996 1042 1041
f 997 1042 996
f 997 1043 1042
f 999 1044 998
f 999 1045 1044
f 1000 1045 999
f 1000 1046 1045
f 1001 1046 1000
f 1001 1047 1046
f 1002 1047 1001
f 1002 1048 1047
f 1003 1048 1002
f 1003 1049 1048
f 1004 1049 1003
f 1004 1050 1049
f 1005 1050 1004
f 1005 1051 1050
f 1006 1051 1005
f 1006 1052 1051
f 1007 1052 1006
f 1007 1053 1052
f 1008 1053 1007
f 1008 1054 1053
f 1009 1054 1008
f 1009 1055 1054
f 1010 1055 1009
f 1010 1056 1055
f 1011 1056 1010
f 1011 1057 1056
f 1012 1057 1011
f 1012 1058 1057
f 1013 1058 1012
f 1013 1059 1058
f 1014 1059 1013
f 1014 1060 1059
f 1015 1060 1014
f 1015 1061 1060
f 1016 1061 1015
f 1016 1062 1061
f 1017 1062 1016
f 1017 1063 1062
f 1018 1063 1017
f 1018 1064 1063
f 1019 1064 1018
f 1019 1065 1064
f 1020 1065 1019
f 1020 1066 1065
f 1021 1066 1020
f 1021 1067 1066
f 1022 1067 1021
f 1022 1068 1067
f 1023 1068 1022
f 1023 1069 1068
f 1024 1069 1023
f 1024 1070 1069
f 1025 1070 1024
f 1027 1074 1026
f 1028 1085 1084
f 1029 1086 1085
f 1030 1086 1029
f 1030 1087 1086
f 1031 1087 1030
f 1031 1088 1087
f 1032 1088 1031
f 1032 1089 1088
f 1033 1089 1032
f 1035 1095 1034
f 1035 1096 1095
f 1036 1096 1035
f 1036 1097 1096
f 1037 1097 1036
f 1037 1098 1097
f 1038 1098 1037
f 1038 1099 1098
f 1039 1099 1038
f 1039 1100 1099
f 1040 1100 1039
f 1040 1101 1100
f 1041 1101 1040
f 1041 1102 1101
f 1042 1102 1041
f 1042 1103 1102
f 1043 1103 1042
f 1043 1104 1103
f 1045 1105 1044
f 1045 1106 1105
f 1046 1106 1045
f 1046 1107 1106
f 1047 1107 1046
f 1047 1108 1107
f 1048 1108 1047
f 1048 1109 1108
f 1049 1109 1048
f 1049 1110 1109
f 1050 1110 1049
f 1050 1111 1110
f 1051 1111 1050
f 1051 1112 1111
f 1052 1112 1051
f 1052 1113 1112
f 1053 1113 1052
f 1053 1114 1113
f 1054 1114 1053
f 1054 1115 1114
f 1055 1115 1054
f 1055 1116 1115
f 1056 1116 1055
f 1056 1117 1116
f 1057 1117 1056
f 1057 1118 1117
f 1058 1118 1057
f 1058 1119 1118
f 1059 1119 1058
f 1059 1120 1119
f 1060 1120 1059
f 1060 1121 1120
f 1061 1121 1060
f 1061 1122 1121
f 1062 1122 1061
f 1062 1123 1122
f 1063 1123 1062
f 1063 1124 1123
f 1064 1124 1063
f 1064 1125 1124
f 1065 1125 1064
f 1065 1126 1125
f 1066 1126 1065
f 1066 1127 1126
f 1067 1127 1066
f 1067 1128 1127
f 1068 1128 1067
f 1071 1133 1132
f 1072 1133 1071
f 1072 1134 1133
f 1073 1134 1072
f 1073 1135 1134
f 1074 1135 1073
f 1074 1136 1135
f 1075 1136 1074
f 1075 1137 1136
f 1076 1137 1075
f 1076 1138 1137
f 1077 1138 1076
f 1077 1139 1138
f 1078 1139 1077
f 1078 1140 1139
f 1079 1140 1078
f 1079 1141 1140
f 1080 1141 1079
f 1080 1142 1141
f 1081 1142 1080
f 1081 1143 1142
f 1082 1143 1081
f 1082 1144 1143
f 1083 1144 1082
f 1083 1145 1144
f 1084 1145 1083
f 1084 1146 1145
f 1085 1146 1084
f 1085 1147 1146
f 1086 1147 1085
f 1086 1148 1147
f 1087 1148 1086
f 1087 1149 1148
f 1088 1149 1087
f 1088 1150 1149
f 1089 1150 1088
f 1089 1151 1150
f 1090 1151 1089
f 1090 1152 1151
f 1091 1152 1090
f 1091 1153 1152
f 1092 1153 1091
f 1092 1154 1153
f 1093 1154 1092
f 1093 1155 1154
f 1094 1155 1093
f 1096 1161 1095
f 1096 1162 1161
f 1097 1162 1096
f 1097 1163 1162
f 1098 1163 1097
f 1098 1164 1163
f 1099 1164 1098
f 1099 1165 1164
f 1100 1165 1099
f 1100 1166 1165
f 1101 1166 1100
f 1101 1167 1166
f 1102 1167 1101
f 1102 1168 1167
f 1103 1168 1102
f 1103 1169 1168
f 1104 1169 1103
f 1104 1170 1169
f 1106 1171 1105
f 1106 1172 1171
f 1107 1172 1106
f 1107 1173 1172
f 1108 1173 1107
f 1108 1174 1173
f 1109 1174 1108
f 1109 1175 1174
f 1110 1175 1109
f 1110 1176 1175
f 1111 1176 1110
f 1111 1177 1176
f 1112 1177 1111
f 1112 1178 1177
f 1113 1178 1112
f 1113 1179 1178
f 1114 1179 1113
f 1114 1180 1179
f 1115 1180 1114
f 1115 1181 1180
f 1116 1181 1115
f 1116 1182 1181
f 1117 1182 1116
f 1117 1183 1182
f 1118 1183 1117
f 1118 1184 1183
f 1119 1184 1118
f 1119 1185 1184
f 1120 1185 1119
f 1120 1186 1185
f 1121 1186 1120
f 1121 1187 1186
f 1122 1187 1121
f 1122 1188 1187
f 1123 1188 1122
f 1123 1189 1188
f 1124 1189 1123
f 1124 1190 1189
f 1125 1190 1124
f 1125 1191 1190
f 1126 1191 1125
f 1126 1192 1191
f 1127 1192 1126
f 1127 1193 1192
f 1128 1193 1127
f 1129 1195 1194
f 1130 1195 1129
f 1130 1196 1195
f 1131 1196 1130
f 1132 1199 1198
f 1133 1199 1132
f 1133 1200 1199
f 1134 1200 1133
f 1134 1201 1200
f 1135 1201 1134
f 1135 1202 1201
f 1136 1202 1135
f 1136 1203 1202
f 1137 1203 1136
f 1137 1204 1203
f 1138 1204 1137
f 1138 1205 1204
f 1139 1205 1138
f 1139 1206 1205
f 1140 1206 1139
f 1140 1207 1206
f 1141 1207 1140
f 1141 1208 1207
f 1142 1208 1141
f 1142 1209 1208
f 1143 1209 1142
f 1143 1210 1209
f 1144 1210 1143
f 1144 1211 1210
f 1145 1211 1144
f 1145 1212 1211
f 1146 1212 1145
f 1146 1213 1212
f 1147 1213 1146
f 1147 1214 1213
f 1148 1214 1147
f 1148 1215 1214
f 1149 1215 1148
f 1149 1216 1215
f 1150 1216 1149
f 1150 1217 1216
f 1151 1217 1150
f 1151 1218 1217
f 1152 1218 1151
f 1152 1219 1218
f 1153 1219 1152
f 1153 1220 1219
f 1154 1220 1153
f 1154 1221 1220
f 1155 1221 1154
f 1155 1222 1221
f 1156 1222 1155
f 1156 1223 1222
f 1157 1223 1156
f 1157 1224 1223
f 1158 1224 1157
f 1158 1225 1224
f 1159 1225 1158
f 1159 1226 1225
f 1160 1226 1159
f 1160 1227 1226
f 1162 1232 1161
f 1162 1233 1232
f 1163 1233 1162
f 1163 1234 1233
f 1164 1234 1163
f 1164 1235 1234
f 1165 1235 1164
f 1165 1236 1235
f 1166 1236 1165
f 1166 1237 1236
f 1167 1237 1166
f 1167 1238 1237
f 1168 1238 1167
f 1168 1239 1238
f 1169 1239 1168
f 1169 1240 1239
f 1170 1240 1169
f 1170 1241 1240
f 1172 1242 1171
f 1172 1243 1242
f 1173 1243 1172
f 1173 1244 1243
f 1174 1244 1173
f 1174 1245 1244
f 1175 1245 1174
f 1175 1246 1245
f 1176 1246 1175
f 1176 1247 1246
f 1177 1247 1176
f 1177 1248 1247
f 1178 1248 1177
f 1178 1249 1248
f 1179 1249 1178
f 1179 1250 1249
f 1180 1250 1179
f 1180 1251 1250
f 1181 1251 1180
f 1181 1252 1251
f 1182 1252 1181
f 1182 1253 1252
f 1183 1253 1182
f 1183 1254 1253
f 1184 1254 1183
f 1184 1255 1254
f 1185 1255 1184
f 1185 1256 1255
f 1186 1256 1185
f 1186 1257 1256
f 1187 1257 1186
f 1187 1258 1257
f 1188 1258 1187
f 1188 1259 1258
f 1189 1259 1188
f 1189 1260 1259
f 1190 1260 1189
f 1190 1261 1260
f 1191 1261 1190
f 1191 1262 1261
f 1192 1262 1191
f 1194 1264 1263
f 1195 1264 1194
f 1197 1267 1266
f 1198 1267 1197
f 1198 1268 1267
f 1199 1268 1198
f 1199 1269 1268
f 1200 1269 1199
f 1200 1270 1269
f 1201 1270 1200
f 1201 1271 1270
f 1202 1271 1201
f 1202 1272 1271
f 1203 1272 1202
f 1203 1273 1272
f 1204 1273 1203
f 1204 1274 1273
f 1205 1274 1204
f 1205 1275 1274
f 1206 1275 1205
f 1206 1276 1275
f 1207 1276 1206
f 1207 1277 1276
f 1208 1277 1207
f 1208 1278 1277
f 1209 1278 1208
f 1209 1279 1278
f 1210 1279 1209
f 1210 1280 1279
f 1211 1280 1210
f 1211 1281 1280
f 1212 1281 1211
f 1212 1282 1281
f 1213 1282 1212
f 1213 1283 1282
f 1214 1283 1213
f 1214 1284 1283
f 1215 1284 1214
f 1215 1285 1284
f 1216 1285 1215
f 1216 1286 1285
f 1217 1286 1216
f 1217 1287 1286
f 1218 1287 1217
f 1218 1288 1287
f 1219 1288 1218
f 1219 1289 1288
f 1220 1289 1219
f 1220 1290 1289
f 1221 1290 1220
f 1221 1291 1290
f 1222 1291 1221
f 1222 1292 1291
f 1223 1292 1222
f 1223 1293 1292
f 1224 1293 1223
f 1224 1294 1293
f 1225 1294 1224
f 1225 1295 1294
f 1226 1295 1225
f 1226 1296 1295
f 1227 1296 1226
f 1227 1297 1296
f 1228 1297 1227
f 1228 1298 1297
f 1229 1298 1228
f 1229 1299 1298
f 1230 1299 1229
f 1230 1300 1299
f 1231 1300 1230
f 1231 1301 1300
f 1233 1303 1232
f 1233 1304 1303
f 1234 1304 1233
f 1234 1305 1304
f 1235 1305 1234
f 1235 1306 1305
f 1236 1306 1235
f 1236 1307 1306
f 1237 1307 1236
f 1237 1308 1307
f 1238 1308 1237
f 1238 1309 1308
f 1239 1309 1238
f 1239 1310 1309
f 1240 1310 1239
f 1240 1311 1310
f 1241 1311 1240
f 1241 1312 1311
f 1243 1313 1242
f 1243 1314 1313
f 1244 1314 1243
f 1244 1315 1314
f 1245 1315 1244
f 1245 1316 1315
f 1246 1316 1245
f 1246 1317 1316
f 1247 1317 1246
f 1247 1318 1317
f 1248 1318 1247
f 1248 1319 1318
f 1249 1319 1248
f 1249 1320 1319
f 1250 1320 1249
f 1250 1321 1320
f 1251 1321 1250
f 1251 1322 1321
f 1252 1322 1251
f 1252 1323 1322
f 1253 1323 1252
f 1253 1324 1323
f 1254 1324 1253
f 1254 1325 1324
f 1255 1325 1254
f 1255 1326 1325
f 1256 1326 1255
f 1256 1327 1326
f 1257 1327 1256
f 1257 1328 1327
f 1258 1328 1257
f 1258 1329 1328
f 1259 1329 1258
f 1259 1330 1329
f 1260 1330 1259
f 1260 1331 1330
f 1261 1331 1260
f 1264 1332 1263
f 1264 1333 1332
f 1265 1334 1333
f 1266 1334 1265
f 1266 1335 1334
f 1267 1335 1266
f 1267 1336 1335
f 1268 1336 1267
f 1268 1337 1336
f 1269 1337 1268
f 1269 1338 1337
f 1270 1338 1269
f 1270 1339 1338
f 1271 1339 1270
f 1271 1340 1339
f 1272 1340 1271
f 1272 1341 1340
f 1273 1341 1272
f 1273 1342 1341
f 1274 1342 1273
f 1274 1343 1342
f 1275 1343 1274
f 1275 1344 1343
f 1276 1344 1275
f 1276 1345 1344
f 1277 1345 1276
f 1277 1346 1345
f 1278 1346 1277
f 1278 1347 1346
f 1279 1347 1278
f 1279 1348 1347
f 1280 1348 1279
f 1280 1349 1348
f 1281 1349 1280
f 1281 1350 1349
f 1282 1350 1281
f 1282 1351 1350
f 1283 1351 1282
f 1283 1352 1351
f 1284 1352 1283
f 1284 1353 1352
f 1285 1353 1284
f 1285 1354 1353
f 1286 1354 1285
f 1286 1355 1354
f 1287 1355 1286
f 1287 1356 1355
f 1288 1356 1287
f 1288 1357 1356
f 1289 1357 1288
f 1289 1358 1357
f 1290 1358 1289
f 1290 1359 1358
f 1291 1359 1290
f 1291 1360 1359
f 1292 1360 1291
f 1292 1361 1360
f 1293 1361 1292
f 1293 1362 1361
f 1294 1362 1293
f 1294 1363 1362
f 1295 1363 1294
f 1295 1364 1363
f 1296 1364 1295
f 1296 1365 1364
f 1297 1365 1296
f 1297 1366 1365
f 1298 1366 1297
f 1298 1367 1366
f 1299 1367 1298
f 1299 1368 1367
f 1300 1368 1299
f 1300 1369 1368
f 1301 1369 1300
f 1301 1370 1369
f 1302 1370 1301
f 1302 1371 1370
f 1304 1373 1303
f 1304 1374 1373
f 1305 1374 1304
f 1305 1375 1374
f 1306 1375 1305
f 1306 1376 1375
f 1307 1376 1306
f 1307 1377 1376
f 1308 1377 1307
f 1308 1378 1377
f 1309 1378 1308
f 1309 1379 1378
f 1310 1379 1309
f 1310 1380 1379
f 1311 1380 1310
f 1311 1381 1380
f 1312 1381 1311
f 1312 1382 1381
f 1314 1383 1313
f 1314 1384 1383
f 1315 1384 1314
f 1315 1385 1384
f 1316 1385 1315
f 1316 1386 1385
f 1317 1386 1316
f 1317 1387 1386
f 1318 1387 1317
f 1318 1388 1387
f 1319 1388 1318
f 1319 1389 1388
f 1320 1389 1319
f 1320 1390 1389
f 1321 1390 1320
f 1321 1391 1390
f 1322 1391 1321
f 1322 1392 1391
f 1323 1392 1322
f 1323 1393 1392
f 1324 1393 1323
f 1324 1394 1393
f 1325 1394 1324
f 1325 1395 1394
f 1326 1395 1325
f 1326 1396 1395
f 1327 1396 1326
f 1327 1397 1396
f 1328 1397 1327
f 1328 1398 1397
f 1329 1398 1328
f 1329 1399 1398
f 1330 1399 1329
f 1330 1400 1399
f 1331 1400 1330
f 1332 1404 1403
f 1333 1404 1332
f 1333 1405 1404
f 1334 1405 1333
f 1334 1406 1405
f 1335 1406 1334
f 1335 1407 1406
f 1336 1407 1335
f 1336 1408 1407
f 1337 1408 1336
f 1337 1409 1408
f 1338 1409 1337
f 1338 1410 1409
f 1339 1410 1338
f 1339 1411 1410
f 1340 1411 1339
f 1340 1412 1411
f 1341 1412 1340
f 1341 1413 1412
f 1342 1413 1341
f 1342 1414 1413
f 1343 1414 1342
f 1343 1415 1414
f 1344 1415 1343
f 1344 1416 1415
f 1345 1416 1344
f 1345 1417 1416
f 1346 1417 1345
f 1346 1418 1417
f 1347 1418 1346
f 1347 1419 1418
f 1348 1419 1347
f 1348 1420 1419
f 1349 1420 1348
f 1349 1421 1420
f 1350 1421 1349
f 1350 1422 1421
f 1351 1422 1350
f 1351 1423 1422
f 1352 1423 1351
f 1352 1424 1423
f 1353 1424 1352
f 1353 1425 1424
f 1354 1425 1353
f 1354 1426 1425
f 1355 1426 1354
f 1355 1427 1426
f 1356 1427 1355
f 1356 1428 1427
f 1357 1428 1356
f 1357 1429 1428
f 1358 1429 1357
f 1358 1430 1429
f 1359 1430 1358
f 1359 1431 1430
f 1360 1431 1359
f 1360 1432 1431
f 1361 1432 1360
f 1361 1433 1432
f 1362 1433 1361
f 1362 1434 1433
f 1363 1434 1362
f 1363 1435 1434
f 1364 1435 1363
f 1364 1436 1435
f 1365 1436 1364
f 1365 1437 1436
f 1366 1437 1365
f 1366 1438 1437
f 1367 1438 1366
f 1367 1439 1438
f 1368 1439 1367
f 1368 1440 1439
f 1369 1440 1368
f 1369 1441 1440
f 1370 1441 1369
f 1370 1442 1441
f 1371 1442 1370
f 1371 1443 1442
f 1372 1443 1371
f 1372 1444 1443
f 1374 1445 1373
f 1375 1446 1374
f 1375 1447 1446
f 1376 1447 1375
f 1376 1448 1447
f 1377 1448 1376
f 1377 1449 1448
f 1378 1449 1377
f 1378 1450 1449
f 1379 1450 1378
f 1379 1451 1450
f 1380 1451 1379
f 1380 1452 1451
f 1381 1452 1380
f 1381 1453 1452
f 1382 1453 1381
f 1382 1454 1453
f 1384 1455 1383
f 1384 1456 1455
f 1385 1456 1384
f 1385 1457 1456
f 1386 1457 1385
f 1386 1458 1457
f 1387 1458 1386
f 1387 1459 1458
f 1388 1459 1387
f 1388 1460 1459
f 1389 1460 1388
f 1389 1461 1460
f 1390 1461 1389
f 1390 1462 1461
f 1391 1462 1390
f 1391 1463 1462
f 1392 1463 1391
f 1392 1464 1463
f 1393 1464 1392
f 1393 1465 1464
f 1394 1465 1393
f 1394 1466 1465
f 1395 1466 1394
f 1395 1467 1466
f 1396 1467 1395
f 1396 1468 1467
f 1397 1468 1396
f 1397 1469 1468
f 1398 1469 1397
f 1398 1470 1469
f 1399 1470 1398
f 1399 1471 1470
f 1400 1471 1399
f 1400 1472 1471
f 1401 1472 1400
f 1402 1474 1473
f 1403 1475 1474
f 1404 1475 1403
f 1404 1476 1475
f 1405 1476 1404
f 1405 1477 1476
f 1406 1477 1405
f 1406 1478 1477
f 1407 1478 1406
f 1407 1479 1478
f 1408 1479 1407
f 1408 1480 1479
f 1409 1480 1408
f 1409 1481 1480
f 1410 1481 1409
f 1410 1482 1481
f 1411 1482 1410
f 1411 1483 1482
f 1412 1483 1411
f 1412 1484 1483
f 1413 1484 1412
f 1413 1485 1484
f 1414 1485 1413
f 1414 1486 1485
f 1415 1486 1414
f 1415 1487 1486
f 1416 1487 1415
f 1416 1488 1487
f 1417 1488 1416
f 1417 1489 1488
f 1418 1489 1417
f 1418 1490 1489
f 1419 1490 1418
f 1419 1491 1490
f 1420 1491 1419
f 1420 1492 1491
f 1421 1492 1420
f 1421 1493 1492
f 1422 1493 1421
f 1422 1494 1493
f 1423 1494 1422
f 1423 1495 1494
f 1424 1495 1423
f 1424 1496 1495
f 1425 1496 1424
f 1425 1497 1496
f 1426 1497 1425
f 1426 1498 1497
f 1427 1498 1426
f 1427 1499 1498
f 1428 1499 1427
f 1428 1500 1499
f 1429 1500 1428
f 1429 1501 1500
f 1430 1501 1429
f 1430 1502 1501
f 1431 1502 1430
f 1431 1503 1502
f 1432 1503 1431
f 1432 1504 1503
f 1433 1504 1432
f 1433 1505 1504
f 1434 1505 1433
f 1434 1506 1505
f 1435 1506 1434
f 1435 1507 1506
f 1436 1507 1435
f 1436 1508 1507
f 1437 1508 1436
f 1437 1509 1508
f 1438 1509 1437
f 1438 1510 1509
f 1439 1510 1438
f 1439 1511 1510
f 1440 1511 1439
f 1440 1512 1511
f 1441 1512 1440
f 1441 1513 1512
f 1442 1513 1441
f 1442 1514 1513
f 1443 1514 1442
f 1443 1515 1514
f 1444 1515 1443
f 1444 1516 1515
f 1447 1517 1446
f 1447 1518 1517
f 1448 1518 1447
f 1448 1519 1518
f 1449 1519 1448
f 1449 1520 1519
f 1450 1520 1449
f 1450 1521 1520
f 1451 1521 1450
f 1451 1522 1521
f 1452 1522 1451
f 1452 1523 1522
f 1453 1523 1452
f 1453 1524 1523
f 1454 1524 1453
f 1454 1525 1524
f 1456 1526 1455
f 1456 1527 1526
f 1457 1527 1456
f 1457 1528 1527
f 1458 1528 1457
f 1458 1529 1528
f 1459 1529 1458
f 1459 1530 1529
f 1460 1530 1459
f 1460 1531 1530
f 1461 1531 1460
f 1461 1532 1531
f 1462 1532 1461
f 1462 1533 1532
f 1463 1533 1462
f 1463 1534 1533
f 1464 1534 1463
f 1464 1535 1534
f 1465 1535 1464
f 1465 1536 1535
f 1466 1536 1465
f 1466 1537 1536
f 1467 1537 1466
f 1467 1538 1537
f 1468 1538 1467
f 1468 1539 1538
f 1469 1539 1468
f 1469 1540 1539
f 1470 1540 1469
f 1470 1541 1540
f 1471 1541 1470
f 1471 1542 1541
f 1472 1542 1471
f 1472 1543 1542
f 1473 1545 1544
f 1474 1545 1473
f 1474 1546 1545
f 1475 1546 1474
f 1475 1547 1546
f 1476 1547 1475
f 1476 1548 1547
f 1477 1548 1476
f 1477 1549 1548
f 1478 1549 1477
f 1478 1550 1549
f 1479 1550 1478
f 1479 1551 1550
f 1480 1551 1479
f 1480 1552 1551
f 1481 1552 1480
f 1481 1553 1552
f 1482 1553 1481
f 1482 1554 1553
f 1483 1554 1482
f 1483 1555 1554
f 1484 1555 1483
f 1484 1556 1555
f 1485 1556 1484
f 1485 1557 1556
f 1486 1557 1485
f 1486 1558 1557
f 1487 1558 1486
f 1487 1559 1558
f 1488 1559 1487
f 1488 1560 1559
f 1489 1560 1488
f 1489 1561 1560
f 1490 1561 1489
f 1490 1562 1561
f 1491 1562 1490
f 1491 1563 1562
f 1492 1563 1491
f 1492 1564 1563
f 1493 1564 1492
f 1493 1565 1564
f 1494 1565 1493
f 1494 1566 1565
f 1495 1566 1494
f 1495 1567 1566
f 1496 1567 1495
f 1496 1568 1567
f 1497 1568 1496
f 1497 1569 1568
f 1498 1569 1497
f 1498 1570 1569
f 1499 1570 1498
f 1499 1571 1570
f 1500 1571 1499
f 1500 1572 1571
f 1501 1572 1500
f 1501 1573 1572
f 1502 1573 1501
f 1502 1574 1573
f 1503 1574 1502
f 1503 1575 1574
f 1504 1575 1503
f 1504 1576 1575
f 1505 1576 1504
f 1505 1577 1576
f 1506 1577 1505
f 1506 1578 1577
f 1507 1578 1506
f 1507 1579 1578
f 1508 1579 1507
f 1508 1580 1579
f 1509 1580 1508
f 1509 1581 1580
f 1510 1581 1509
f 1510 1582 1581
f 1511 1582 1510
f 1511 1583 1582
f 1512 1583 1511
f 1512 1584 1583
f 1513 1584 1512
f 1513 1585 1584
f 1514 1585 1513
f 1514 1586 1585
f 1515 1586 1514
f 1515 1587 1586
f 1516 1587 1515
f 1516 1588 1587
f 1518 1589 1517
f 1518 1590 1589
f 1519 1590 1518
f 1519 1591 1590
f 1520 1591 1519
f 1520 1592 1591
f 1521 1592 1520
f 1521 1593 1592
f 1522 1593 1521
f 1522 1594 1593
f 1523 1594 1522
f 1523 1595 1594
f 1524 1595 1523
f 1524 1596 1595
f 1525 1596 1524
f 1525 1597 1596
f 1526 1599 1598
f 1527 1599 1526
f 1527 1600 1599
f 1528 1600 1527
f 1528 1601 1600
f 1529 1601 1528
f 1529 1602 1601
f 1530 1602 1529
f 1530 1603 1602
f 1531 1603 1530
f 1531 1604 1603
f 1532 1604 1531
f 1532 1605 1604
f 1533 1605 1532
f 1533 1606 1605
f 1534 1606 1533
f 1534 1607 1606
f 1535 1607 1534
f 1535 1608 1607
f 1536 1608 1535
f 1536 1609 1608
f 1537 1609 1536
f 1537 1610 1609
f 1538 1610 1537
f 1538 1611 1610
f 1539 1611 1538
f 1539 1612 1611
f 1540 1612 1539
f 1540 1613 1612
f 1541 1613 1540
f 1541 1614 1613
f 1542 1614 1541
f 1542 1615 1614
f 1543 1615 1542
f 1543 1616 1615
f 1544 1617 1616
f 1545 1617 1544
f 1545 1618 1617
f 1546 1618 1545
f 1546 1619 1618
f 1547 1619 1546
f 1547 1620 1619
f 1548 1620 1547
f 1548 1621 1620
f 1549 1621 1548
f 1549 1622 1621
f 1550 1622 1549
f 1550 1623 1622
f 1551 1623 1550
f 1551 1624 1623
f 1552 1624 1551
f 1552 1625 1624
f 1553 1625 1552
f 1553 1626 1625
f 1554 1626 1553
f 1554 1627 1626
f 1555 1627 1554
f 1555 1628 1627
f 1556 1628 1555
f 1556 1629 1628
f 1557 1629 1556
f 1557 1630 1629
f 1558 1630 1557
f 1558 1631 1630
f 1559 1631 1558
f 1559 1632 1631
f 1560 1632 1559
f 1560 1633 1632
f 1561 1633 1560
f 1561 1634 1633
f 1562 1634 1561
f 1562 1635 1634
f 1563 1635 1562
f 1563 1636 1635
f 1564 1636 1563
f 1564 1637 1636
f 1565 1637 1564
f 1565 1638 1637
f 1566 1638 1565
f 1566 1639 1638
f 1567 1639 1566
f 1567 1640 1639
f 1568 1640 1567
f 1568 1641 1640
f 1569 1641 1568
f 1569 1642 1641
f 1570 1642 1569
f 1570 1643 1642
f 1571 1643 1570
f 1571 1644 1643
f 1572 1644 1571
f 1572 1645 1644
f 1573 1645 1572
f 1573 1646 1645
f 1574 1646 1573
f 1574 1647 1646
f 1575 1647 1574
f 1575 1648 1647
f 1576 1648 1575
f 1576 1649 1648
f 1577 1649 1576
f 1577 1650 1649
f 1578 1650 1577
f 1578 1651 1650
f 1579 1651 1578
f 1579 1652 1651
f 1580 1652 1579
f 1580 1653 1652
f 1581 1653 1580
f 1581 1654 1653
f 1582 1654 1581
f 1582 1655 1654
f 1583 1655 1582
f 1583 1656 1655
f 1584 1656 1583
f 1584 1657 1656
f 1585 1657 1584
f 1585 1658 1657
f 1586 1658 1585
f 1586 1659 1658
f 1587 1659 1586
f 1587 1660 1659
f 1588 1660 1587
f 1588 1661 1660
f 1590 1662 1589
f 1590 1663 1662
f 1591 1663 1590
f 1591 1664 1663
f 1592 1664 1591
f 1592 1665 1664
f 1593 1665 1592
f 1593 1666 1665
f 1594 1666 1593
f 1594 1667 1666
f 1595 1667 1594
f 1595 1668 1667
f 1596 1668 1595
f 1596 1669 1668
f 1597 1669 1596
f 1597 1670 1669
f 1599 1671 1598
f 1599 1672 1671
f 1600 1672 1599
f 1600 1673 1672
f 1601 1673 1600
f 1601 1674 1673
f 1602 1674 1601
f 1602 1675 1674
f 1603 1675 1602
f 1603 1676 1675
f 1604 1676 1603
f 1604 1677 1676
f 1605 1677 1604
f 1605 1678 1677
f 1606 1678 1605
f 1606 1679 1678
f 1607 1679 1606
f 1607 1680 1679
f 1608 1680 1607
f 1608 1681 1680
f 1609 1681 1608
f 1609 1682 1681
f 1610 1682 1609
f 1610 1683 1682
f 1611 1683 1610
f 1611 1684 1683
f 1612 1684 1611
f 1612 1685 1684
f 1613 1685 1612
f 1613 1686 1685
f 1614 1686 1613
f 1614 1687 1686
f 1615 1687 1614
f 1615 1688 1687
f 1616 1688 1615
f 1616 1689 1688
f 1617 1689 1616
f 1617 1690 1689
f 1618 1690 1617
f 1618 1691 1690
f 1619 1691 1618
f 1619 1692 1691
f 1620 1692 1619
f 1620 1693 1692
f 1621 1693 1620
f 1621 1694 1693
f 1622 1694 1621
f 1622 1695 1694
f 1623 1695 1622
f 1623 1696 1695
f 1624 1696 1623
f 1624 1697 1696
f 1625 1697 1624
f 1625 1698 1697
f 1626 1698 1625
f 1626 1699 1698
f 1627 1699 1626
f 1627 1700 1699
f 1628 1700 1627
f 1628 1701 1700
f 1629 1701 1628
f 1629 1702 1701
f 1630 1702 1629
f 1630 1703 1702
f 1631 1703 1630
f 1631 1704 1703
f 1632 1704 1631
f 1632 1705 1704
f 1633 1705 1632
f 1633 1706 1705
f 1634 1706 1633
f 1634 1707 1706
f 1635 1707 1634
f 1635 1708 1707
f 1636 1708 1635
f 1636 1709 1708
f 1637 1709 1636
f 1637 1710 1709
f 1638 1710 1637
f 1638 1711 1710
f 1639 1711 1638
f 1639 1712 1711
f 1640 1712 1639
f 1640 1713 1712
f 1641 1713 1640
f 1641 1714 1713
f 1642 1714 1641
f 1642 1715 1714
f 1643 1715 1642
f 1643 1716 1715
f 1644 1716 1643
f 1644 1717 1716
f 1645 1717 1644
f 1645 1718 1717
f 1646 1718 1645
f 1646 1719 1718
f 1647 1719 1646
f 1647 1720 1719
f 1648 1720 1647
f 1648 1721 1720
f 1649 1721 1648
f 1649 1722 1721
f 1650 1722 1649
f 1650 1723 1722
f 1651 1723 1650
f 1651 1724 1723
f 1652 1724 1651
f 1652 1725 1724
f 1653 1725 1652
f 1653 1726 1725
f 1654 1726 1653
f 1654 1727 1726
f 1655 1727 1654
f 1655 1728 1727
f 1656 1728 1655
f 1656 1729 1728
f 1657 1729 1656
f 1657 1730 1729
f 1658 1730 1657
f 1658 1731 1730
f 1659 1731 1658
f 1659 1732 1731
f 1660 1732 1659
f 1660 1733 1732
f 1661 1733 1660
f 1661 1734 1733
f 1663 1735 1662
f 1663 1736 1735
f 1664 1736 1663
f 1664 1737 1736
f 1665 1737 1664
f 1665 1738 1737
f 1666 1738 1665
f 1666 1739 1738
f 1667 1739 1666
f 1667 1740 1739
f 1668 1740 1667
f 1668 1741 1740
f 1669 1741 1668
f 1669 1742 1741
f 1670 1742 1669
f 1670 1743 1742
f 1672 1744 1671
f 1672 1745 1744
f 1673 1745 1672
f 1673 1746 1745
f 1674 1746 1673
f 1674 1747 1746
f 1675 1747 1674
f 1675 1748 1747
f 1676 1748 1675
f 1676 1749 1748
f 1677 1749 1676
f 1677 1750 1749
f 1678 1750 1677
f 1678 1751 1750
f 1679 1751 1678
f 1679 1752 1751
f 1680 1752 1679
f 1680 1753 1752
f 1681 1753 1680
f 1681 1754 1753
f 1682 1754 1681
f 1682 1755 1754
f 1683 1755 1682
f 1683 1756 1755
f 1684 1756 1683
f 1684 1757 1756
f 1685 1757 1684
f 1685 1758 1757
f 1686 1758 1685
f 1686 1759 1758
f 1687 1759 1686
f 1687 1760 1759
f 1688 1760 1687
f 1688 1761 1760
f 1689 1761 1688
f 1689 1762 1761
f 1690 1762 1689
f 1690 1763 1762
f 1691 1763 1690
f 1691 1764 1763
f 1692 1764 1691
f 1692 1765 1764
f 1693 1765 1692
f 1693 1766 1765
f 1694 1766 1693
f 1694 1767 1766
f 1695 1767 1694
f 1695 1768 1767
f 1696 1768 1695
f 1696 1769 1768
f 1697 1769 1696
f 1697 1770 1769
f 1698 1770 1697
f 1698 1771 1770
f 1699 1771 1698
f 1699 1772 1771
f 1700 1772 1699
f 1700 1773 1772
f 1701 1773 1700
f 1701 1774 1773
f 1702 1774 1701
f 1702 1775 1774
f 1703 1775 1702
f 1703 1776 1775
f 1704 1776 1703
f 1704 1777 1776
f 1705 1777 1704
f 1705 1778 1777
f 1706 1778 1705
f 1706 1779 1778
f 1707 1779 1706
f 1707 1780 1779
f 1708 1780 1707
f 1708 1781 1780
f 1709 1781 1708
f 1709 1782 1781
f 1710 1782 1709
f 1710 1783 1782
f 1711 1783 1710
f 1711 1784 1783
f 1712 1784 1711
f 1712 1785 1784
f 1713 1785 1712
f 1713 1786 1785
f 1714 1786 1713
f 1714 1787 1786
f 1715 1787 1714
f 1715 1788 1787
f 1716 1788 1715
f 1716 1789 1788
f 1717 1789 1716
f 1717 1790 1789
f 1718 1790 1717
f 1718 1791 1790
f 1719 1791 1718
f 1719 1792 1791
f 1720 1792 1719
f 1720 1793 1792
f 1721 1793 1720
f 1721 1794 1793
f 1722 1794 1721
f 1722 1795 1794
f 1723 1795 1722
f 1723 1796 1795
f 1724 1796 1723
f 1724 1797 1796
f 1725 1797 1724
f 1725 1798 1797
f 1726 1798 1725
f 1726 1799 1798
f 1727 1799 1726
f 1727 1800 1799
f 1728 1800 1727
f 1728 1801 1800
f 1729 1801 1728
f 1729 1802 1801
f 1730 1802 1729
f 1730 1803 1802
f 1731 1803 1730
f 1731 1804 1803
f 1732 1804 1731
f 1732 1805 1804
f 1733 1805 1732
f 1733 1806 1805
f 1734 1806 1733
f 1734 1807 1806
f 1736 1808 1735
f 1736 1809 1808
f 1737 1809 1736
f 1737 1810 1809
f 1738 1810 1737
f 1738 1811 1810
f 1739 1811 1738
f 1739 1812 1811
f 1740 1812 1739
f 1740 1813 1812
f 1741 1813 1740
f 1741 1814 1813
f 1742 1814 1741
f 1742 1815 1814
f 1743 1815 1742
f 1743 1816 1815
f 1745 1817 1744
f 1745 1818 1817
f 1746 1818 1745
f 1746 1819 1818
f 1747 1819 1746
f 1747 1820 1819
f 1748 1820 1747
f 1748 1821 1820
f 1749 1821 1748
f 1749 1822 1821
f 1750 1822 1749
f 1750 1823 1822
f 1751 1823 1750
f 1751 1824 1823
f 1752 1824 1751
f 1752 1825 1824
f 1753 1825 1752
f 1753 1826 1825
f 1754 1826 1753
f 1754 1827 1826
f 1755 1827 1754
f 1755 1828 1827
f 1756 1828 1755
f 1756 1829 1828
f 1757 1829 1756
f 1757 1830 1829
f 1758 1830 1757
f 1758 1831 1830
f 1759 1831 1758
f 1759 1832 1831
f 1760 1832 1759
f 1760 1833 1832
f 1761 1833 1760
f 1761 1834 1833
f 1762 1834 1761
f 1762 1835 1834
f 1763 1835 1762
f 1763 1836 1835
f 1764 1836 1763
f 1764 1837 1836
f 1765 1837 1764
f 1765 1838 1837
f 1766 1838 1765
f 1766 1839 1838
f 1767 1839 1766
f 1767 1840 1839
f 1768 1840 1767
f 1768 1841 1840
f 1769 1841 1768
f 1769 1842 1841
f 1770 1842 1769
f 1770 1843 1842
f 1771 1843 1770
f 1771 1844 1843
f 1772 1844 1771
f 1772 1845 1844
f 1773 1845 1772
f 1773 1846 1845
f 1774 1846 1773
f 1774 1847 1846
f 1775 1847 1774
f 1775 1848 1847
f 1776 1848 1775
f 1776 1849 1848
f 1777 1849 1776
f 1777 1850 1849
f 1778 1850 1777
f 1778 1851 1850
f 1779 1851 1778
f 1779 1852 1851
f 1780 1852 1779
f 1780 1853 1852
f 1781 1853 1780
f 1781 1854 1853
f 1782 1854 1781
f 1782 1855 1854
f 1783 1855 1782
f 1783 1856 1855
f 1784 1856 1783
f 1784 1857 1856
f 1785 1857 1784
f 1785 1858 1857
f 1786 1858 1785
f 1786 1859 1858
f 1787 1859 1786
f 1787 1860 1859
f 1788 1860 1787
f 1788 1861 1860
f 1789 1861 1788
f 1789 1862 1861
f 1790 1862 1789
f 1790 1863 1862
f 1791 1863 1790
f 1791 1864 1863
f 1792 1864 1791
f 1792 1865 1864
f 1793 1865 1792
f 1793 1866 1865
f 1794 1866 1793
f 1794 1867 1866
f 1795 1867 1794
f 1795 1868 1867
f 1796 1868 1795
f 1796 1869 1868
f 1797 1869 1796
f 1797 1870 1869
f 1798 1870 1797
f 1798 1871 1870
f 1799 1871 1798
f 1799 1872 1871
f 1800 1872 1799
f 1800 1873 1872
f 1801 1873 1800
f 1801 1874 1873
f 1802 1874 1801
f 1802 1875 1874
f 1803 1875 1802
f 1803 1876 1875
f 1804 1876 1803
f 1804 1877 1876
f 1805 1877 1804
f 1805 1878 1877
f 1806 1878 1805
f 1806 1879 1878
f 1807 1879 1806
f 1807 1880 1879
f 1809 1882 1808
f 1809 1883 1882
f 1810 1883 1809
f 1810 1884 1883
f 1811 1884 1810
f 1811 1885 1884
f 1812 1885 1811
f 1812 1886 1885
f 1813 1886 1812
f 1813 1887 1886
f 1814 1887 1813
f 1814 1888 1887
f 1815 1888 1814
f 1815 1889 1888
f 1816 1889 1815
f 1816 1890 1889
f 1818 1891 1817
f 1819 1892 1818
f 1819 1893 1892
f 1820 1893 1819
f 1820 1894 1893
f 1821 1894 1820
f 1821 1895 1894
f 1822 1895 1821
f 1822 1896 1895
f 1823 1896 1822
f 1823 1897 1896
f 1824 1897 1823
f 1824 1898 1897
f 1825 1898 1824
f 1825 1899 1898
f 1826 1899 1825
f 1826 1900 1899
f 1827 1900 1826
f 1827 1901 1900
f 1828 1901 1827
f 1828 1902 1901
f 1829 1902 1828
f 1829 1903 1902
f 1830 1903 1829
f 1830 1904 1903
f 1831 1904 1830
f 1832 1906 1905
f 1833 1906 1832
f 1833 1907 1906
f 1834 1907 1833
f 1834 1908 1907
f 1835 1908 1834
f 1835 1909 1908
f 1836 1909 1835
f 1836 1910 1909
f 1837 1910 1836
f 1837 1911 1910
f 1838 1911 1837
f 1838 1912 1911
f 1839 1912 1838
f 1839 1913 1912
f 1840 1913 1839
f 1840 1914 1913
f 1841 1914 1840
f 1841 1915 1914
f 1842 1915 1841
f 1842 1916 1915
f 1843 1916 1842
f 1843 1917 1916
f 1844 1917 1843
f 1844 1918 1917
f 1845 1918 1844
f 1845 1919 1918
f 1846 1919 1845
f 1846 1920 1919
f 1847 1920 1846
f 1847 1921 1920
f 1848 1921 1847
f 1848 1922 1921
f 1849 1922 1848
f 1849 1923 1922
f 1850 1923 1849
f 1850 1924 1923
f 1851 1924 1850
f 1851 1925 1924
f 1852 1925 1851
f 1852 1926 1925
f 1853 1926 1852
f 1853 1927 1926
f 1854 1927 1853
f 1854 1928 1927
f 1855 1928 1854
f 1855 1929 1928
f 1856 1929 1855
f 1856 1930 1929
f 1857 1930 1856
f 1857 1931 1930
f 1858 1931 1857
f 1858 1932 1931
f 1859 1932 1858
f 1859 1933 1932
f 1860 1933 1859
f 1860 1934 1933
f 1861 1934 1860
f 1861 1935 1934
f 1862 1935 1861
f 1862 1936 1935
f 1863 1936 1862
f 1863 1937 1936
f 1864 1937 1863
f 1864 1938 1937
f 1865 1938 1864
f 1865 1939 1938
f 1866 1939 1865
f 1866 1940 1939
f 1867 1940 1866
f 1867 1941 1940
f 1868 1941 1867
f 1868 1942 1941
f 1869 1942 1868
f 1869 1943 1942
f 1870 1943 1869
f 1870 1944 1943
f 1871 1944 1870
f 1871 1945 1944
f 1872 1945 1871
f 1872 1946 1945
f 1873 1946 1872
f 1873 1947 1946
f 1874 1947 1873
f 1874 1948 1947
f 1875 1948 1874
f 1875 1949 1948
f 1876 1949 1875
f 1876 1950 1949
f 1877 1950 1876
f 1877 1951 1950
f 1878 1951 1877
f 1878 1952 1951
f 1879 1952 1878
f 1879 1953 1952
f 1880 1953 1879
f 1880 1954 1953
f 1881 1954 1880
f 1881 1955 1954
f 1883 1956 1882
f 1883 1957 1956
f 1884 1957 1883
f 1884 1958 1957
f 1885 1958 1884
f 1885 1959 1958
f 1886 1959 1885
f 1886 1960 1959
f 1887 1960 1886
f 1887 1961 1960
f 1888 1961 1887
f 1888 1962 1961
f 1889 1962 1888
f 1889 1963 1962
f 1890 1963 1889
f 1890 1964 1963
f 1893 1965 1892
f 1893 1966 1965
f 1894 1966 1893
f 1894 1967 1966
f 1895 1967 1894
f 1895 1968 1967
f 1896 1968 1895
f 1896 1969 1968
f 1897 1969 1896
f 1897 1970 1969
f 1898 1970 1897
f 1898 1971 1970
f 1899 1971 1898
f 1899 1972 1971
f 1900 1972 1899
f 1900 1973 1972
f 1901 1973 1900
f 1901 1974 1973
f 1902 1974 1901
f 1902 1975 1974
f 1903 1975 1902
f 1903 1976 1975
f 1904 1976 1903
f 1904 1977 1976
f 1906 1978 1905
f 1906 1979 1978
f 1907 1979 1906
f 1907 1980 1979
f 1908 1980 1907
f 1908 1981 1980
f 1909 1981 1908
f 1909 1982 1981
f 1910 1982 1909
f 1910 1983 1982
f 1911 1983 1910
f 1911 1984 1983
f 1912 1984 1911
f 1912 1985 1984
f 1913 1985 1912
f 1913 1986 1985
f 1914 1986 1913
f 1914 1987 1986
f 1915 1987 1914
f 1915 1988 1987
f 1916 1988 1915
f 1916 1989 1988
f 1917 1989 1916
f 1917 1990 1989
f 1918 1990 1917
f 1918 1991 1990
f 1919 1991 1918
f 1919 1992 1991
f 1920 1992 1919
f 1920 1993 1992
f 1921 1993 1920
f 1921 1994 1993
f 1922 1994 1921
f 1922 1995 1994
f 1923 1995 1922
f 1923 1996 1995
f 1924 1996 1923
f 1924 1997 1996
f 1925 1997 1924
f 1925 1998 1997
f 1926 1998 1925
f 1926 1999 1998
f 1927 1999 1926
f 1927 2000 1999
f 1928 2000 1927
f 1928 2001 2000
f 1929 2001 1928
f 1929 2002 2001
f 1930 2002 1929
f 1930 2003 2002
f 1931 2003 1930
f 1931 2004 2003
f 1932 2004 1931
f 1932 2005 2004
f 1933 2005 1932
f 1933 2006 2005
f 1934 2006 1933
f 1934 2007 2006
f 1935 2007 1934
f 1935 2008 2007
f 1936 2008 1935
f 1936 2009 2008
f 1937 2009 1936
f 1937 2010 2009
f 1938 2010 1937
f 1938 2011 2010
f 1939 2011 1938
f 1939 2012 2011
f 1940 2012 1939
f 1940 2013 2012
f 1941 2013 1940
f 1941 2014 2013
f 1942 2014 1941
f 1942 2015 2014
f 1943 2015 1942
f 1943 2016 2015
f 1944 2016 1943
f 1944 2017 2016
f 1945 2017 1944
f 1945 2018 2017
f 1946 2018 1945
f 1946 2019 2018
f 1947 2019 1946
f 1947 2020 2019
f 1948 2020 1947
f 1948 2021 2020
f 1949 2021 1948
f 1949 2022 2021
f 1950 2022 1949
f 1950 2023 2022
f 1951 2023 1950
f 1951 2024 2023
f 1952 2024 1951
f 1952 2025 2024
f 1953 2025 1952
f 1953 2026 2025
f 1954 2026 1953
f 1954 2027 2026
f 1955 2027 1954
f 1955 2028 2027
f 1957 2029 1956
f 1957 2030 2029
f 1958 2030 1957
f 1958 2031 2030
f 1959 2031 1958
f 1959 2032 2031
f 1960 2032 1959
f 1960 2033 2032
f 1961 2033 1960
f 1961 2034 2033
f 1962 2034 1961
f 1962 2035 2034
f 1963 2035 1962
f 1963 2036 2035
f 1964 2036 1963
f 1964 2037 2036
f 1965 2039 2038
f 1966 2039 1965
f 1966 2040 2039
f 1967 2040 1966
f 1967 2041 2040
f 1968 2041 1967
f 1968 2042 2041
f 1969 2042 1968
f 1969 2043 2042
f 1970 2043 1969
f 1970 2044 2043
f 1971 2044 1970
f 1971 2045 2044
f 1972 2045 1971
f 1972 2046 2045
f 1973 2046 1972
f 1973 2047 2046
f 1974 2047 1973
f 1974 2048 2047
f 1975 2048 1974
f 1975 2049 2048
f 1976 2049 1975
f 1976 2050 2049
f 1977 2050 1976
f 1977 2051 2050
f 1979 2052 1978
f 1979 2053 2052
f 1980 2053 1979
f 1980 2054 2053
f 1981 2054 1980
f 1981 2055 2054
f 1982 2055 1981
f 1982 2056 2055
f 1983 2056 1982
f 1983 2057 2056
f 1984 2057 1983
f 1984 2058 2057
f 1985 2058 1984
f 1985 2059 2058
f 1986 2059 1985
f 1986 2060 2059
f 1987 2060 1986
f 1987 2061 2060
f 1988 2061 1987
f 1988 2062 2061
f 1989 2062 1988
f 1989 2063 2062
f 1990 2063 1989
f 1990 2064 2063
f 1991 2064 1990
f 1991 2065 2064
f 1992 2065 1991
f 1992 2066 2065
f 1993 2066 1992
f 1993 2067 2066
f 1994 2067 1993
f 1994 2068 2067
f 1995 2068 1994
f 1995 2069 2068
f 1996 2069 1995
f 1996 2070 2069
f 1997 2070 1996
f 1997 2071 2070
f 1998 2071 1997
f 1998 2072 2071
f 1999 2072 1998
f 1999 2073 2072
f 2000 2073 1999
f 2000 2074 2073
f 2001 2074 2000
f 2001 2075 2074
f 2002 2075 2001
f 2002 2076 2075
f 2003 2076 2002
f 2003 2077 2076
f 2004 2077 2003
f 2004 2078 2077
f 2005 2078 2004
f 2005 2079 2078
f 2006 2079 2005
f 2006 2080 2079
f 2007 2080 2006
f 2007 2081 2080
f 2008 2081 2007
f 2008 2082 2081
f 2009 2082 2008
f 2009 2083 2082
f 2010 2083 2009
f 2010 2084 2083
f 2011 2084 2010
f 2011 2085 2084
f 2012 2085 2011
f 2012 2086 2085
f 2013 2086 2012
f 2013 2087 2086
f 2014 2087 2013
f 2014 2088 2087
f 2015 2088 2014
f 2015 2089 2088
f 2016 2089 2015
f 2016 2090 2089
f 2017 2090 2016
f 2017 2091 2090
f 2018 2091 2017
f 2018 2092 2091
f 2019 2092 2018
f 2019 2093 2092
f 2020 2093 2019
f 2020 2094 2093
f 2021 2094 2020
f 2021 2095 2094
f 2022 2095 2021
f 2022 2096 2095
f 2023 2096 2022
f 2023 2097 2096
f 2024 2097 2023
f 2024 2098 2097
f 2025 2098 2024
f 2025 2099 2098
f 2026 2099 2025
f 2026 2100 2099
f 2027 2100 2026
f 2027 2101 2100
f 2028 2101 2027
f 2028 2102 2101
f 2030 2103 2029
f 2030 2104 2103
f 2031 2104 2030
f 2031 2105 2104
f 2032 2105 2031
f 2032 2106 2105
f 2033 2106 2032
f 2033 2107 2106
f 2034 2107 2033
f 2034 2108 2107
f 2035 2108 2034
f 2035 2109 2108
f 2036 2109 2035
f 2036 2110 2109
f 2037 2110 2036
f 2037 2111 2110
f 2039 2112 2038
f 2040 2113 2039
f 2040 2114 2113
f 2041 2114 2040
f 2041 2115 2114
f 2042 2115 2041
f 2042 2116 2115
f 2043 2116 2042
f 2043 2117 2116
f 2044 2117 2043
f 2044 2118 2117
f 2045 2118 2044
f 2045 2119 2118
f 2046 2119 2045
f 2046 2120 2119
f 2047 2120 2046
f 2047 2121 2120
f 2048 2121 2047
f 2048 2122 2121
f 2049 2122 2048
f 2049 2123 2122
f 2050 2123 2049
f 2050 2124 2123
f 2051 2124 2050
f 2051 2125 2124
f 2053 2126 2052
f 2053 2127 2126
f 2054 2127 2053
f 2054 2128 2127
f 2055 2128 2054
f 2055 2129 2128
f 2056 2129 2055
f 2056 2130 2129
f 2057 2130 2056
f 2057 2131 2130
f 2058 2131 2057
f 2058 2132 2131
f 2059 2132 2058
f 2059 2133 2132
f 2060 2133 2059
f 2060 2134 2133
f 2061 2134 2060
f 2061 2135 2134
f 2062 2135 2061
f 2062 2136 2135
f 2063 2136 2062
f 2063 2137 2136
f 2064 2137 2063
f 2064 2138 2137
f 2065 2138 2064
f 2065 2139 2138
f 2066 2139 2065
f 2066 2140 2139
f 2067 2140 2066
f 2067 2141 2140
f 2068 2141 2067
f 2068 2142 2141
f 2069 2142 2068
f 2069 2143 2142
f 2070 2143 2069
f 2070 2144 2143
f 2071 2144 2070
f 2071 2145 2144
f 2072 2145 2071
f 2072 2146 2145
f 2073 2146 2072
f 2073 2147 2146
f 2074 2147 2073
f 2074 2148 2147
f 2075 2148 2074
f 2075 2149 2148
f 2076 2149 2075
f 2076 2150 2149
f 2077 2150 2076
f 2077 2151 2150
f 2078 2151 2077
f 2078 2152 2151
f 2079 2152 2078
f 2079 2153 2152
f 2080 2153 2079
f 2080 2154 2153
f 2081 2154 2080
f 2081 2155 2154
f 2082 2155 2081
f 2082 2156 2155
f 2083 2156 2082
f 2083 2157 2156
f 2084 2157 2083
f 2084 2158 2157
f 2085 2158 2084
f 2085 2159 2158
f 2086 2159 2085
f 2086 2160 2159
f 2087 2160 2086
f 2087 2161 2160
f 2088 2161 2087
f 2088 2162 2161
f 2089 2162 2088
f 2089 2163 2162
f 2090 2163 2089
f 2090 2164 2163
f 2091 2164 2090
f 2091 2165 2164
f 2092 2165 2091
f 2092 2166 2165
f 2093 2166 2092
f 2093 2167 2166
f 2094 2167 2093
f 2094 2168 2167
f 2095 2168 2094
f 2095 2169 2168
f 2096 2169 2095
f 2096 2170 2169
f 2097 2170 2096
f 2097 2171 2170
f 2098 2171 2097
f 2098 2172 2171
f 2099 2172 2098
f 2099 2173 2172
f 2100 2173 2099
f 2100 2174 2173
f 2101 2174 2100
f 2101 2175 2174
f 2102 2175 2101
f 2102 2176 2175
f 2105 2177 2104
f 2105 2178 2177
f 2106 2178 2105
f 2106 2179 2178
f 2107 2179 2106
f 2107 2180 2179
f 2108 2180 2107
f 2108 2181 2180
f 2109 2181 2108
f 2109 2182 2181
f 2110 2182 2109
f 2110 2183 2182
f 2111 2183 2110
f 2111 2184 2183
f 2114 2185 2113
f 2114 2186 2185
f 2115 2186 2114
f 2115 2187 2186
f 2116 2187 2115
f 2116 2188 2187
f 2117 2188 2116
f 2117 2189 2188
f 2118 2189 2117
f 2118 2190 2189
f 2119 2190 2118
f 2119 2191 2190
f 2120 2191 2119
f 2120 2192 2191
f 2121 2192 2120
f 2121 2193 2192
f 2122 2193 2121
f 2122 2194 2193
f 2123 2194 2122
f 2123 2195 2194
f 2124 2195 2123
f 2124 2196 2195
f 2125 2196 2124
f 2125 2197 2196
f 2127 2198 2126
f 2127 2199 2198
f 2128 2199 2127
f 2128 2200 2199
f 2129 2200 2128
f 2129 2201 2200
f 2130 2201 2129
f 2130 2202 2201
f 2131 2202 2130
f 2131 2203 2202
f 2132 2203 2131
f 2132 2204 2203
f 2133 2204 2132
f 2133 2205 2204
f 2134 2205 2133
f 2134 2206 2205
f 2135 2206 2134
f 2135 2207 2206
f 2136 2207 2135
f 2136 2208 2207
f 2137 2208 2136
f 2137 2209 2208
f 2138 2209 2137
f 2138 2210 2209
f 2139 2210 2138
f 2139 2211 2210
f 2140 2211 2139
f 2140 2212 2211
f 2141 2212 2140
f 2141 2213 2212
f 2142 2213 2141
f 2142 2214 2213
f 2143 2214 2142
f 2143 2215 2214
f 2144 2215 2143
f 2144 2216 2215
f 2145 2216 2144
f 2145 2217 2216
f 2146 2217 2145
f 2146 2218 2217
f 2147 2218 2146
f 2147 2219 2218
f 2148 2219 2147
f 2148 2220 2219
f 2149 2220 2148
f 2149 2221 2220
f 2150 2221 2149
f 2150 2222 2221
f 2151 2222 2150
f 2151 2223 2222
f 2152 2223 2151
f 2152 2224 2223
f 2153 2224 2152
f 2153 2225 2224
f 2154 2225 2153
f 2154 2226 2225
f 2155 2226 2154
f 2155 2227 2226
f 2156 2227 2155
f 2156 2228 2227
f 2157 2228 2156
f 2157 2229 2228
f 2158 2229 2157
f 2158 2230 2229
f 2159 2230 2158
f 2159 2231 2230
f 2160 2231 2159
f 2160 2232 2231
f 2161 2232 2160
f 2161 2233 2232
f 2162 2233 2161
f 2162 2234 2233
f 2163 2234 2162
f 2163 2235 2234
f 2164 2235 2163
f 2164 2236 2235
f 2165 2236 2164
f 2165 2237 2236
f 2166 2237 2165
f 2166 2238 2237
f 2167 2238 2166
f 2167 2239 2238
f 2168 2239 2167
f 2168 2240 2239
f 2169 2240 2168
f 2169 2241 2240
f 2170 2241 2169
f 2170 2242 2241
f 2171 2242 2170
f 2171 2243 2242
f 2172 2243 2171
f 2172 2244 2243
f 2173 2244 2172
f 2173 2245 2244
f 2174 2245 2173
f 2174 2246 2245
f 2175 2246 2174
f 2175 2247 2246
f 2176 2247 2175
f 2176 2248 2247
f 2178 2249 2177
f 2178 2250 2249
f 2179 2250 2178
f 2179 2251 2250
f 2180 2251 2179
f 2180 2252 2251
f 2181 2252 2180
f 2181 2253 2252
f 2182 2253 2181
f 2182 2254 2253
f 2183 2254 2182
f 2183 2255 2254
f 2184 2255 2183
f 2184 2256 2255
f 2186 2257 2185
f 2186 2258 2257
f 2187 2258 2186
f 2187 2259 2258
f 2188 2259 2187
f 2188 2260 2259
f 2189 2260 2188
f 2189 2261 2260
f 2190 2261 2189
f 2190 2262 2261
f 2191 2262 2190
f 2191 2263 2262
f 2192 2263 2191
f 2192 2264 2263
f 2193 2264 2192
f 2193 2265 2264
f 2194 2265 2193
f 2194 2266 2265
f 2195 2266 2194
f 2195 2267 2266
f 2196 2267 2195
f 2196 2268 2267
f 2197 2268 2196
f 2197 2269 2268
f 2199 2270 2198
f 2199 2271 2270
f 2200 2271 2199
f 2200 2272 2271
f 2201 2272 2200
f 2201 2273 2272
f 2202 2273 2201
f 2202 2274 2273
f 2203 2274 2202
f 2203 2275 2274
f 2204 2275 2203
f 2204 2276 2275
f 2205 2276 2204
f 2205 2277 2276
f 2206 2277 2205
f 2206 2278 2277
f 2207 2278 2206
f 2207 2279 2278
f 2208 2279 2207
f 2208 2280 2279
f 2209 2280 2208
f 2209 2281 2280
f 2210 2281 2209
f 2210 2282 2281
f 2211 2282 2210
f 2211 2283 2282
f 2212 2283 2211
f 2212 2284 2283
f 2213 2284 2212
f 2213 2285 2284
f 2214 2285 2213
f 2214 2286 2285
f 2215 2286 2214
f 2215 2287 2286
f 2216 2287 2215
f 2216 2288 2287
f 2217 2288 2216
f 2217 2289 2288
f 2218 2289 2217
f 2218 2290 2289
f 2219 2290 2218
f 2219 2291 2290
f 2220 2291 2219
f 2220 2292 2291
f 2221 2292 2220
f 2221 2293 2292
f 2222 2293 2221
f 2222 2294 2293
f 2223 2294 2222
f 2223 2295 2294
f 2224 2295 2223
f 2224 2296 2295
f 2225 2296 2224
f 2225 2297 2296
f 2226 2297 2225
f 2226 2298 2297
f 2227 2298 2226
f 2227 2299 2298
f 2228 2299 2227
f 2228 2300 2299
f 2229 2300 2228
f 2229 2301 2300
f 2230 2301 2229
f 2230 2302 2301
f 2231 2302 2230
f 2231 2303 2302
f 2232 2303 2231
f 2232 2304 2303
f 2233 2304 2232
f 2233 2305 2304
f 2234 2305 2233
f 2234 2306 2305
f 2235 2306 2234
f 2235 2307 2306
f 2236 2307 2235
f 2236 2308 2307
f 2237 2308 2236
f 2237 2309 2308
f 2238 2309 2237
f 2238 2310 2309
f 2239 2310 2238
f 2239 2311 2310
f 2240 2311 2239
f 2240 2312 2311
f 2241 2312 2240
f 2241 2313 2312
f 2242 2313 2241
f 2242 2314 2313
f 2243 2314 2242
f 2243 2315 2314
f 2244 2315 2243
f 2244 2316 2315
f 2245 2316 2244
f 2245 2317 2316
f 2246 2317 2245
f 2246 2318 2317
f 2247 2318 2246
f 2247 2319 2318
f 2248 2319 2247
f 2248 2320 2319
f 2250 2321 2249
f 2250 2322 2321
f 2251 2322 2250
f 2251 2323 2322
f 2252 2323 2251
f 2252 2324 2323
f 2253 2324 2252
f 2253 2325 2324
f 2254 2325 2253
f 2254 2326 2325
f 2255 2326 2254
f 2255 2327 2326
f 2256 2327 2255
f 2256 2328 2327
f 2258 2329 2257
f 2258 2330 2329
f 2259 2330 2258
f 2259 2331 2330
f 2260 2331 2259
f 2260 2332 2331
f 2261 2332 2260
f 2261 2333 2332
f 2262 2333 2261
f 2262 2334 2333
f 2263 2334 2262
f 2263 2335 2334
f 2264 2335 2263
f 2264 2336 2335
f 2265 2336 2264
f 2265 2337 2336
f 2266 2337 2265
f 2266 2338 2337
f 2267 2338 2266
f 2267 2339 2338
f 2268 2339 2267
f 2268 2340 2339
f 2269 2340 2268
f 2269 2341 2340
f 2271 2342 2270
f 2271 2343 2342
f 2272 2343 2271
f 2272 2344 2343
f 2273 2344 2272
f 2273 2345 2344
f 2274 2345 2273
f 2274 2346 2345
f 2275 2346 2274
f 2275 2347 2346
f 2276 2347 2275
f 2276 2348 2347
f 2277 2348 2276
f 2277 2349 2348
f 2278 2349 2277
f 2278 2350 2349
f 2279 2350 2278
f 2279 2351 2350
f 2280 2351 2279
f 2280 2352 2351
f 2281 2352 2280
f 2281 2353 2352
f 2282 2353 2281
f 2282 2354 2353
f 2283 2354 2282
f 2283 2355 2354
f 2284 2355 2283
f 2284 2356 2355
f 2285 2356 2284
f 2285 2357 2356
f 2286 2357 2285
f 2286 2358 2357
f 2287 2358 2286
f 2287 2359 2358
f 2288 2359 2287
f 2288 2360 2359
f 2289 2360 2288
f 2289 2361 2360
f 2290 2361 2289
f 2290 2362 2361
f 2291 2362 2290
f 2291 2363 2362
f 2292 2363 2291
f 2292 2364 2363
f 2293 2364 2292
f 2293 2365 2364
f 2294 2365 2293
f 2294 2366 2365
f 2295 2366 2294
f 2295 2367 2366
f 2296 2367 2295
f 2296 2368 2367
f 2297 2368 2296
f 2297 2369 2368
f 2298 2369 2297
f 2298 2370 2369
f 2299 2370 2298
f 2299 2371 2370
f 2300 2371 2299
f 2300 2372 2371
f 2301 2372 2300
f 2301 2373 2372
f 2302 2373 2301
f 2302 2374 2373
f 2303 2374 2302
f 2303 2375 2374
f 2304 2375 2303
f 2304 2376 2375
f 2305 2376 2304
f 2305 2377 2376
f 2306 2377 2305
f 2306 2378 2377
f 2307 2378 2306
f 2307 2379 2378
f 2308 2379 2307
f 2308 2380 2379
f 2309 2380 2308
f 2309 2381 2380
f 2310 2381 2309
f 2310 2382 2381
f 2311 2382 2310
f 2311 2383 2382
f 2312 2383 2311
f 2312 2384 2383
f 2313 2384 2312
f 2313 2385 2384
f 2314 2385 2313
f 2314 2386 2385
f 2315 2386 2314
f 2315 2387 2386
f 2316 2387 2315
f 2316 2388 2387
f 2317 2388 2316
f 2317 2389 2388
f 2318 2389 2317
f 2318 2390 2389
f 2319 2390 2318
f 2319 2391 2390
f 2320 2391 2319
f 2320 2392 2391
f 2322 2393 2321
f 2322 2394 2393
f 2323 2394 2322
f 2323 2395 2394
f 2324 2395 2323
f 2324 2396 2395
f 2325 2396 2324
f 2325 2397 2396
f 2326 2397 2325
f 2326 2398 2397
f 2327 2398 2326
f 2327 2399 2398
f 2328 2399 2327
f 2328 2400 2399
f 2330 2401 2329
f 2330 2402 2401
f 2331 2402 2330
f 2331 2403 2402
f 2332 2403 2331
f 2332 2404 2403
f 2333 2404 2332
f 2333 2405 2404
f 2334 2405 2333
f 2334 2406 2405
f 2335 2406 2334
f 2335 2407 2406
f 2336 2407 2335
f 2336 2408 2407
f 2337 2408 2336
f 2337 2409 2408
f 2338 2409 2337
f 2338 2410 2409
f 2339 2410 2338
f 2339 2411 2410
f 2340 2411 2339
f 2340 2412 2411
f 2341 2412 2340
f 2341 2413 2412
f 2342 2414 2413
f 2343 2414 2342
f 2343 2415 2414
f 2344 2415 2343
f 2344 2416 2415
f 2345 2416 2344
f 2345 2417 2416
f 2346 2417 2345
f 2346 2418 2417
f 2347 2418 2346
f 2347 2419 2418
f 2348 2419 2347
f 2348 2420 2419
f 2349 2420 2348
f 2349 2421 2420
f 2350 2421 2349
f 2350 2422 2421
f 2351 2422 2350
f 2351 2423 2422
f 2352 2423 2351
f 2352 2424 2423
f 2353 2424 2352
f 2353 2425 2424
f 2354 2425 2353
f 2354 2426 2425
f 2355 2426 2354
f 2355 2427 2426
f 2356 2427 2355
f 2356 2428 2427
f 2357 2428 2356
f 2357 2429 2428
f 2358 2429 2357
f 2358 2430 2429
f 2359 2430 2358
f 2359 2431 2430
f 2360 2431 2359
f 2360 2432 2431
f 2361 2432 2360
f 2361 2433 2432
f 2362 2433 2361
f 2362 2434 2433
f 2363 2434 2362
f 2363 2435 2434
f 2364 2435 2363
f 2364 2436 2435
f 2365 2436 2364
f 2365 2437 2436
f 2366 2437 2365
f 2366 2438 2437
f 2367 2438 2366
f 2367 2439 2438
f 2368 2439 2367
f 2368 2440 2439
f 2369 2440 2368
f 2369 2441 2440
f 2370 2441 2369
f 2370 2442 2441
f 2371 2442 2370
f 2371 2443 2442
f 2372 2443 2371
f 2372 2444 2443
f 2373 2444 2372
f 2373 2445 2444
f 2374 2445 2373
f 2374 2446 2445
f 2375 2446 2374
f 2375 2447 2446
f 2376 2447 2375
f 2376 2448 2447
f 2377 2448 2376
f 2377 2449 2448
f 2378 2449 2377
f 2378 2450 2449
f 2379 2450 2378
f 2379 2451 2450
f 2380 2451 2379
f 2380 2452 2451
f 2381 2452 2380
f 2381 2453 2452
f 2382 2453 2381
f 2382 2454 2453
f 2383 2454 2382
f 2383 2455 2454
f 2384 2455 2383
f 2384 2456 2455
f 2385 2456 2384
f 2385 2457 2456
f 2386 2457 2385
f 2386 2458 2457
f 2387 2458 2386
f 2387 2459 2458
f 2388 2459 2387
f 2388 2460 2459
f 2389 2460 2388
f 2389 2461 2460
f 2390 2461 2389
f 2390 2462 2461
f 2391 2462 2390
f 2391 2463 2462
f 2392 2463 2391
f 2392 2464 2463
f 2394 2465 2393
f 2394 2466 2465
f 2395 2466 2394
f 2395 2467 2466
f 2396 2467 2395
f 2396 2468 2467
f 2397 2468 2396
f 2397 2469 2468
f 2398 2469 2397
f 2398 2470 2469
f 2399 2470 2398
f 2399 2471 2470
f 2400 2471 2399
f 2400 2472 2471
f 2402 2473 2401
f 2402 2474 2473
f 2403 2474 2402
f 2403 2475 2474
f 2404 2475 2403
f 2404 2476 2475
f 2405 2476 2404
f 2405 2477 2476
f 2406 2477 2405
f 2406 2478 2477
f 2407 2478 2406
f 2407 2479 2478
f 2408 2479 2407
f 2408 2480 2479
f 2409 2480 2408
f 2409 2481 2480
f 2410 2481 2409
f 2410 2482 2481
f 2411 2482 2410
f 2411 2483 2482
f 2412 2483 2411
f 2412 2484 2483
f 2413 2484 2412
f 2413 2485 2484
f 2414 2485 2413
f 2414 2486 2485
f 2415 2486 2414
f 2415 2487 2486
f 2416 2487 2415
f 2416 2488 2487
f 2417 2488 2416
f 2417 2489 2488
f 2418 2489 2417
f 2418 2490 2489
f 2419 2490 2418
f 2419 2491 2490
f 2420 2491 2419
f 2420 2492 2491
f 2421 2492 2420
f 2421 2493 2492
f 2422 2493 2421
f 2422 2494 2493
f 2423 2494 2422
f 2423 2495 2494
f 2424 2495 2423
f 2424 2496 2495
f 2425 2496 2424
f 2425 2497 2496
f 2426 2497 2425
f 2426 2498 2497
f 2427 2498 2426
f 2427 2499 2498
f 2428 2499 2427
f 2428 2500 2499
f 2429 2500 2428
f 2429 2501 2500
f 2430 2501 2429
f 2430 2502 2501
f 2431 2502 2430
f 2431 2503 2502
f 2432 2503 2431
f 2432 2504 2503
f 2433 2504 2432
f 2433 2505 2504
f 2434 2505 2433
f 2434 2506 2505
f 2435 2506 2434
f 2435 2507 2506
f 2436 2507 2435
f 2436 2508 2507
f 2437 2508 2436
f 2437 2509 2508
f 2438 2509 2437
f 2438 2510 2509
f 2439 2510 2438
f 2439 2511 2510
f 2440 2511 2439
f 2440 2512 2511
f 2441 2512 2440
f 2441 2513 2512
f 2442 2513 2441
f 2442 2514 2513
f 2443 2514 2442
f 2443 2515 2514
f 2444 2515 2443
f 2444 2516 2515
f 2445 2516 2444
f 2445 2517 2516
f 2446 2517 2445
f 2446 2518 2517
f 2447 2518 2446
f 2447 2519 2518
f 2448 2519 2447
f 2448 2520 2519
f 2449 2520 2448
f 2449 2521 2520
f 2450 2521 2449
f 2450 2522 2521
f 2451 2522 2450
f 2451 2523 2522
f 2452 2523 2451
f 2452 2524 2523
f 2453 2524 2452
f 2453 2525 2524
f 2454 2525 2453
f 2454 2526 2525
f 2455 2526 2454
f 2455 2527 2526
f 2456 2527 2455
f 2456 2528 2527
f 2457 2528 2456
f 2457 2529 2528
f 2458 2529 2457
f 2458 2530 2529
f 2459 2530 2458
f 2459 2531 2530
f 2460 2531 2459
f 2460 2532 2531
f 2461 2532 2460
f 2461 2533 2532
f 2462 2533 2461
f 2462 2534 2533
f 2463 2534 2462
f 2463 2535 2534
f 2464 2535 2463
f 2464 2536 2535
f 2466 2537 2465
f 2466 2538 2537
f 2467 2538 2466
f 2467 2539 2538
f 2468 2539 2467
f 2468 2540 2539
f 2469 2540 2468
f 2469 2541 2540
f 2470 2541 2469
f 2470 2542 2541
f 2471 2542 2470
f 2471 2543 2542
f 2472 2543 2471
f 2472 2544 2543
f 2474 2546 2473
f 2475 2547 2474
f 2475 2548 2547
f 2476 2548 2475
f 2476 2549 2548
f 2477 2549 2476
f 2477 2550 2549
f 2478 2550 2477
f 2478 2551 2550
f 2479 2551 2478
f 2479 2552 2551
f 2480 2552 2479
f 2480 2553 2552
f 2481 2553 2480
f 2481 2554 2553
f 2482 2554 2481
f 2482 2555 2554
f 2483 2555 2482
f 2483 2556 2555
f 2484 2556 2483
f 2484 2557 2556
f 2485 2557 2484
f 2485 2558 2557
f 2486 2558 2485
f 2487 2559 2486
f 2487 2560 2559
f 2488 2560 2487
f 2488 2561 2560
f 2489 2561 2488
f 2489 2562 2561
f 2490 2562 2489
f 2490 2563 2562
f 2491 2563 2490
f 2491 2564 2563
f 2492 2564 2491
f 2492 2565 2564
f 2493 2565 2492
f 2493 2566 2565
f 2494 2566 2493
f 2494 2567 2566
f 2495 2567 2494
f 2495 2568 2567
f 2496 2568 2495
f 2496 2569 2568
f 2497 2569 2496
f 2497 2570 2569
f 2498 2570 2497
f 2498 2571 2570
f 2499 2571 2498
f 2499 2572 2571
f 2500 2572 2499
f 2500 2573 2572
f 2501 2573 2500
f 2501 2574 2573
f 2502 2574 2501
f 2502 2575 2574
f 2503 2575 2502
f 2503 2576 2575
f 2504 2576 2503
f 2504 2577 2576
f 2505 2577 2504
f 2505 2578 2577
f 2506 2578 2505
f 2506 2579 2578
f 2507 2579 2506
f 2507 2580 2579
f 2508 2580 2507
f 2508 2581 2580
f 2509 2581 2508
f 2509 2582 2581
f 2510 2582 2509
f 2510 2583 2582
f 2511 2583 2510
f 2511 2584 2583
f 2512 2584 2511
f 2512 2585 2584
f 2513 2585 2512
f 2513 2586 2585
f 2514 2586 2513
f 2514 2587 2586
f 2515 2587 2514
f 2515 2588 2587
f 2516 2588 2515
f 2516 2589 2588
f 2517 2589 2516
f 2517 2590 2589
f 2518 2590 2517
f 2518 2591 2590
f 2519 2591 2518
f 2519 2592 2591
f 2520 2592 2519
f 2520 2593 2592
f 2521 2593 2520
f 2521 2594 2593
f 2522 2594 2521
f 2522 2595 2594
f 2523 2595 2522
f 2523 2596 2595
f 2524 2596 2523
f 2524 2597 2596
f 2525 2597 2524
f 2525 2598 2597
f 2526 2598 2525
f 2526 2599 2598
f 2527 2599 2526
f 2527 2600 2599
f 2528 2600 2527
f 2528 2601 2600
f 2529 2601 2528
f 2529 2602 2601
f 2530 2602 2529
f 2530 2603 2602
f 2531 2603 2530
f 2531 2604 2603
f 2532 2604 2531
f 2532 2605 2604
f 2533 2605 2532
f 2533 2606 2605
f 2534 2606 2533
f 2534 2607 2606
f 2535 2607 2534
f 2535 2608 2607
f 2536 2608 2535
f 2536 2609 2608
f 2538 2610 2537
f 2539 2611 2538
f 2539 2612 2611
f 2540 2612 2539
f 2540 2613 2612
f 2541 2613 2540
f 2541 2614 2613
f 2542 2614 2541
f 2542 2615 2614
f 2543 2615 2542
f 2543 2616 2615
f 2544 2616 2543
f 2544 2617 2616
f 2545 2617 2544
f 2545 2618 2617
f 2548 2619 2547
f 2548 2620 2619
f 2549 2620 2548
f 2549 2621 2620
f 2550 2621 2549
f 2550 2622 2621
f 2551 2622 2550
f 2551 2623 2622
f 2552 2623 2551
f 2552 2624 2623
f 2553 2624 2552
f 2553 2625 2624
f 2554 2625 2553
f 2554 2626 2625
f 2555 2626 2554
f 2555 2627 2626
f 2556 2627 2555
f 2556 2628 2627
f 2557 2628 2556
f 2557 2629 2628
f 2558 2629 2557
f 2558 2630 2629
f 2560 2631 2559
f 2560 2632 2631
f 2561 2632 2560
f 2561 2633 2632
f 2562 2633 2561
f 2562 2634 2633
f 2563 2634 2562
f 2563 2635 2634
f 2564 2635 2563
f 2564 2636 2635
f 2565 2636 2564
f 2565 2637 2636
f 2566 2637 2565
f 2566 2638 2637
f 2567 2638 2566
f 2567 2639 2638
f 2568 2639 2567
f 2568 2640 2639
f 2569 2640 2568
f 2569 2641 2640
f 2570 2641 2569
f 2570 2642 2641
f 2571 2642 2570
f 2571 2643 2642
f 2572 2643 2571
f 2572 2644 2643
f 2573 2644 2572
f 2573 2645 2644
f 2574 2645 2573
f 2574 2646 2645
f 2575 2646 2574
f 2575 2647 2646
f 2576 2647 2575
f 2576 2648 2647
f 2577 2648 2576
f 2577 2649 2648
f 2578 2649 2577
f 2578 2650 2649
f 2579 2650 2578
f 2579 2651 2650
f 2580 2651 2579
f 2580 2652 2651
f 2581 2652 2580
f 2581 2653 2652
f 2582 2653 2581
f 2582 2654 2653
f 2583 2654 2582
f 2583 2655 2654
f 2584 2655 2583
f 2584 2656 2655
f 2585 2656 2584
f 2585 2657 2656
f 2586 2657 2585
f 2586 2658 2657
f 2587 2658 2586
f 2587 2659 2658
f 2588 2659 2587
f 2588 2660 2659
f 2589 2660 2588
f 2589 2661 2660
f 2590 2661 2589
f 2590 2662 2661
f 2591 2662 2590
f 2591 2663 2662
f 2592 2663 2591
f 2592 2664 2663
f 2593 2664 2592
f 2593 2665 2664
f 2594 2665 2593
f 2594 2666 2665
f 2595 2666 2594
f 2595 2667 2666
f 2596 2667 2595
f 2596 2668 2667
f 2597 2668 2596
f 2597 2669 2668
f 2598 2669 2597
f 2598 2670 2669
f 2599 2670 2598
f 2599 2671 2670
f 2600 2671 2599
f 2600 2672 2671
f 2601 2672 2600
f 2601 2673 2672
f 2602 2673 2601
f 2602 2674 2673
f 2603 2674 2602
f 2603 2675 2674
f 2604 2675 2603
f 2604 2676 2675
f 2605 2676 2604
f 2605 2677 2676
f 2606 2677 2605
f 2606 2678 2677
f 2607 2678 2606
f 2607 2679 2678
f 2608 2679 2607
f 2608 2680 2679
f 2609 2680 2608
f 2609 2681 2680
f 2612 2683 2611
f 2612 2684 2683
f 2613 2684 2612
f 2613 2685 2684
f 2614 2685 2613
f 2614 2686 2685
f 2615 2686 2614
f 2615 2687 2686
f 2616 2687 2615
f 2616 2688 2687
f 2617 2688 2616
f 2617 2689 2688
f 2618 2689 2617
f 2618 2690 2689
f 2620 2691 2619
f 2620 2692 2691
f 2621 2692 2620
f 2621 2693 2692
f 2622 2693 2621
f 2622 2694 2693
f 2623 2694 2622
f 2623 2695 2694
f 2624 2695 2623
f 2624 2696 2695
f 2625 2696 2624
f 2625 2697 2696
f 2626 2697 2625
f 2626 2698 2697
f 2627 2698 2626
f 2627 2699 2698
f 2628 2699 2627
f 2628 2700 2699
f 2629 2700 2628
f 2629 2701 2700
f 2630 2701 2629
f 2630 2702 2701
f 2632 2703 2631
f 2632 2704 2703
f 2633 2704 2632
f 2633 2705 2704
f 2634 2705 2633
f 2634 2706 2705
f 2635 2706 2634
f 2635 2707 2706
f 2636 2707 2635
f 2636 2708 2707
f 2637 2708 2636
f 2637 2709 2708
f 2638 2709 2637
f 2638 2710 2709
f 2639 2710 2638
f 2639 2711 2710
f 2640 2711 2639
f 2640 2712 2711
f 2641 2712 2640
f 2641 2713 2712
f 2642 2713 2641
f 2642 2714 2713
f 2643 2714 2642
f 2643 2715 2714
f 2644 2715 2643
f 2644 2716 2715
f 2645 2716 2644
f 2645 2717 2716
f 2646 2717 2645
f 2646 2718 2717
f 2647 2718 2646
f 2647 2719 2718
f 2648 2719 2647
f 2648 2720 2719
f 2649 2720 2648
f 2649 2721 2720
f 2650 2721 2649
f 2650 2722 2721
f 2651 2722 2650
f 2651 2723 2722
f 2652 2723 2651
f 2652 2724 2723
f 2653 2724 2652
f 2653 2725 2724
f 2654 2725 2653
f 2654 2726 2725
f 2655 2726 2654
f 2655 2727 2726
f 2656 2727 2655
f 2656 2728 2727
f 2657 2728 2656
f 2657 2729 2728
f 2658 2729 2657
f 2658 2730 2729
f 2659 2730 2658
f 2659 2731 2730
f 2660 2731 2659
f 2660 2732 2731
f 2661 2732 2660
f 2661 2733 2732
f 2662 2733 2661
f 2662 2734 2733
f 2663 2734 2662
f 2663 2735 2734
f 2664 2735 2663
f 2664 2736 2735
f 2665 2736 2664
f 2665 2737 2736
f 2666 2737 2665
f 2666 2738 2737
f 2667 2738 2666
f 2667 2739 2738
f 2668 2739 2667
f 2668 2740 2739
f 2669 2740 2668
f 2669 2741 2740
f 2670 2741 2669
f 2670 2742 2741
f 2671 2742 2670
f 2671 2743 2742
f 2672 2743 2671
f 2672 2744 2743
f 2673 2744 2672
f 2673 2745 2744
f 2674 2745 2673
f 2674 2746 2745
f 2675 2746 2674
f 2675 2747 2746
f 2676 2747 2675
f 2676 2748 2747
f 2677 2748 2676
f 2677 2749 2748
f 2678 2749 2677
f 2678 2750 2749
f 2679 2750 2678
f 2679 2751 2750
f 2680 2751 2679
f 2680 2752 2751
f 2681 2752 2680
f 2681 2753 2752
f 2682 2753 2681
f 2682 2754 2753
f 2684 2755 2683
f 2684 2756 2755
f 2685 2756 2684
f 2685 2757 2756
f 2686 2757 2685
f 2686 2758 2757
f 2687 2758 2686
f 2687 2759 2758
f 2688 2759 2687
f 2688 2760 2759
f 2689 2760 2688
f 2689 2761 2760
f 2690 2761 2689
f 2690 2762 2761
f 2692 2763 2691
f 2692 2764 2763
f 2693 2764 2692
f 2693 2765 2764
f 2694 2765 2693
f 2694 2766 2765
f 2695 2766 2694
f 2695 2767 2766
f 2696 2767 2695
f 2696 2768 2767
f 2697 2768 2696
f 2697 2769 2768
f 2698 2769 2697
f 2698 2770 2769
f 2699 2770 2698
f 2699 2771 2770
f 2700 2771 2699
f 2700 2772 2771
f 2701 2772 2700
f 2701 2773 2772
f 2702 2773 2701
f 2702 2774 2773
f 2704 2775 2703
f 2704 2776 2775
f 2705 2776 2704
f 2705 2777 2776
f 2706 2777 2705
f 2706 2778 2777
f 2707 2778 2706
f 2707 2779 2778
f 2708 2779 2707
f 2708 2780 2779
f 2709 2780 2708
f 2709 2781 2780
f 2710 2781 2709
f 2710 2782 2781
f 2711 2782 2710
f 2711 2783 2782
f 2712 2783 2711
f 2712 2784 2783
f 2713 2784 2712
f 2713 2785 2784
f 2714 2785 2713
f 2714 2786 2785
f 2715 2786 2714
f 2715 2787 2786
f 2716 2787 2715
f 2716 2788 2787
f 2717 2788 2716
f 2717 2789 2788
f 2718 2789 2717
f 2718 2790 2789
f 2719 2790 2718
f 2719 2791 2790
f 2720 2791 2719
f 2720 2792 2791
f 2721 2792 2720
f 2721 2793 2792
f 2722 2793 2721
f 2722 2794 2793
f 2723 2794 2722
f 2723 2795 2794
f 2724 2795 2723
f 2724 2796 2795
f 2725 2796 2724
f 2725 2797 2796
f 2726 2797 2725
f 2726 2798 2797
f 2727 2798 2726
f 2727 2799 2798
f 2728 2799 2727
f 2728 2800 2799
f 2729 2800 2728
f 2729 2801 2800
f 2730 2801 2729
f 2730 2802 2801
f 2731 2802 2730
f 2731 2803 2802
f 2732 2803 2731
f 2732 2804 2803
f 2733 2804 2732
f 2733 2805 2804
f 2734 2805 2733
f 2734 2806 2805
f 2735 2806 2734
f 2735 2807 2806
f 2736 2807 2735
f 2736 2808 2807
f 2737 2808 2736
f 2737 2809 2808
f 2738 2809 2737
f 2738 2810 2809
f 2739 2810 2738
f 2739 2811 2810
f 2740 2811 2739
f 2740 2812 2811
f 2741 2812 2740
f 2741 2813 2812
f 2742 2813 2741
f 2742 2814 2813
f 2743 2814 2742
f 2743 2815 2814
f 2744 2815 2743
f 2744 2816 2815
f 2745 2816 2744
f 2745 2817 2816
f 2746 2817 2745
f 2746 2818 2817
f 2747 2818 2746
f 2747 2819 2818
f 2748 2819 2747
f 2748 2820 2819
f 2749 2820 2748
f 2749 2821 2820
f 2750 2821 2749
f 2750 2822 2821
f 2751 2822 2750
f 2751 2823 2822
f 2752 2823 2751
f 2752 2824 2823
f 2753 2824 2752
f 2753 2825 2824
f 2754 2825 2753
f 2754 2826 2825
f 2756 2827 2755
f 2756 2828 2827
f 2757 2828 2756
f 2757 2829 2828
f 2758 2829 2757
f 2758 2830 2829
f 2759 2830 2758
f 2759 2831 2830
f 2760 2831 2759
f 2760 2832 2831
f 2761 2832 2760
f 2761 2833 2832
f 2762 2833 2761
f 2762 2834 2833
f 2764 2835 2763
f 2764 2836 2835
f 2765 2836 2764
f 2765 2837 2836
f 2766 2837 2765
f 2766 2838 2837
f 2767 2838 2766
f 2767 2839 2838
f 2768 2839 2767
f 2768 2840 2839
f 2769 2840 2768
f 2769 2841 2840
f 2770 2841 2769
f 2770 2842 2841
f 2771 2842 2770
f 2771 2843 2842
f 2772 2843 2771
f 2772 2844 2843
f 2773 2844 2772
f 2773 2845 2844
f 2774 2845 2773
f 2774 2846 2845
f 2776 2847 2775
f 2776 2848 2847
f 2777 2848 2776
f 2777 2849 2848
f 2778 2849 2777
f 2778 2850 2849
f 2779 2850 2778
f 2779 2851 2850
f 2780 2851 2779
f 2780 2852 2851
f 2781 2852 2780
f 2781 2853 2852
f 2782 2853 2781
f 2782 2854 2853
f 2783 2854 2782
f 2783 2855 2854
f 2784 2855 2783
f 2784 2856 2855
f 2785 2856 2784
f 2785 2857 2856
f 2786 2857 2785
f 2786 2858 2857
f 2787 2858 2786
f 2787 2859 2858
f 2788 2859 2787
f 2788 2860 2859
f 2789 2860 2788
f 2789 2861 2860
f 2790 2861 2789
f 2790 2862 2861
f 2791 2862 2790
f 2791 2863 2862
f 2792 2863 2791
f 2792 2864 2863
f 2793 2864 2792
f 2793 2865 2864
f 2794 2865 2793
f 2794 2866 2865
f 2795 2866 2794
f 2795 2867 2866
f 2796 2867 2795
f 2796 2868 2867
f 2797 2868 2796
f 2797 2869 2868
f 2798 2869 2797
f 2798 2870 2869
f 2799 2870 2798
f 2799 2871 2870
f 2800 2871 2799
f 2800 2872 2871
f 2801 2872 2800
f 2801 2873 2872
f 2802 2873 2801
f 2802 2874 2873
f 2803 2874 2802
f 2803 2875 2874
f 2804 2875 2803
f 2804 2876 2875
f 2805 2876 2804
f 2805 2877 2876
f 2806 2877 2805
f 2806 2878 2877
f 2807 2878 2806
f 2807 2879 2878
f 2808 2879 2807
f 2808 2880 2879
f 2809 2880 2808
f 2809 2881 2880
f 2810 2881 2809
f 2810 2882 2881
f 2811 2882 2810
f 2811 2883 2882
f 2812 2883 2811
f 2812 2884 2883
f 2813 2884 2812
f 2813 2885 2884
f 2814 2885 2813
f 2814 2886 2885
f 2815 2886 2814
f 2815 2887 2886
f 2816 2887 2815
f 2816 2888 2887
f 2817 2888 2816
f 2817 2889 2888
f 2818 2889 2817
f 2818 2890 2889
f 2819 2890 2818
f 2819 2891 2890
f 2820 2891 2819
f 2820 2892 2891
f 2821 2892 2820
f 2821 2893 2892
f 2822 2893 2821
f 2822 2894 2893
f 2823 2894 2822
f 2823 2895 2894
f 2824 2895 2823
f 2824 2896 2895
f 2825 2896 2824
f 2825 2897 2896
f 2826 2897 2825
f 2826 2898 2897
f 2828 2899 2827
f 2828 2900 2899
f 2829 2900 2828
f 2829 2901 2900
f 2830 2901 2829
f 2830 2902 2901
f 2831 2902 2830
f 2831 2903 2902
f 2832 2903 2831
f 2832 2904 2903
f 2833 2904 2832
f 2833 2905 2904
f 2834 2905 2833
f 2834 2906 2905
f 2836 2907 2835
f 2836 2908 2907
f 2837 2908 2836
f 2837 2909 2908
f 2838 2909 2837
f 2838 2910 2909
f 2839 2910 2838
f 2839 2911 2910
f 2840 2911 2839
f 2840 2912 2911
f 2841 2912 2840
f 2841 2913 2912
f 2842 2913 2841
f 2842 2914 2913
f 2843 2914 2842
f 2843 2915 2914
f 2844 2915 2843
f 2844 2916 2915
f 2845 2916 2844
f 2845 2917 2916
f 2846 2917 2845
f 2846 2918 2917
f 2848 2919 2847
f 2848 2920 2919
f 2849 2920 2848
f 2849 2921 2920
f 2850 2921 2849
f 2850 2922 2921
f 2851 2922 2850
f 2851 2923 2922
f 2852 2923 2851
f 2853 2924 2852
f 2853 2925 2924
f 2854 2925 2853
f 2854 2926 2925
f 2855 2926 2854
f 2855 2927 2926
f 2856 2927 2855
f 2856 2928 2927
f 2857 2928 2856
f 2857 2929 2928
f 2858 2929 2857
f 2858 2930 2929
f 2859 2930 2858
f 2859 2931 2930
f 2860 2931 2859
f 2860 2932 2931
f 2861 2932 2860
f 2861 2933 2932
f 2862 2933 2861
f 2862 2934 2933
f 2863 2934 2862
f 2863 2935 2934
f 2864 2935 2863
f 2864 2936 2935
f 2865 2936 2864
f 2865 2937 2936
f 2866 2937 2865
f 2866 2938 2937
f 2867 2938 2866
f 2867 2939 2938
f 2868 2939 2867
f 2868 2940 2939
f 2869 2940 2868
f 2869 2941 2940
f 2870 2941 2869
f 2870 2942 2941
f 2871 2942 2870
f 2871 2943 2942
f 2872 2943 2871
f 2872 2944 2943
f 2873 2944 2872
f 2873 2945 2944
f 2874 2945 2873
f 2874 2946 2945
f 2875 2946 2874
f 2875 2947 2946
f 2876 2947 2875
f 2876 2948 2947
f 2877 2948 2876
f 2877 2949 2948
f 2878 2949 2877
f 2878 2950 2949
f 2879 2950 2878
f 2879 2951 2950
f 2880 2951 2879
f 2880 2952 2951
f 2881 2952 2880
f 2881 2953 2952
f 2882 2953 2881
f 2882 2954 2953
f 2883 2954 2882
f 2883 2955 2954
f 2884 2955 2883
f 2884 2956 2955
f 2885 2956 2884
f 2885 2957 2956
f 2886 2957 2885
f 2886 2958 2957
f 2887 2958 2886
f 2887 2959 2958
f 2888 2959 2887
f 2888 2960 2959
f 2889 2960 2888
f 2889 2961 2960
f 2890 2961 2889
f 2890 2962 2961
f 2891 2962 2890
f 2891 2963 2962
f 2892 2963 2891
f 2892 2964 2963
f 2893 2964 2892
f 2893 2965 2964
f 2894 2965 2893
f 2894 2966 2965
f 2895 2966 2894
f 2895 2967 2966
f 2896 2967 2895
f 2896 2968 2967
f 2897 2968 2896
f 2897 2969 2968
f 2898 2969 2897
f 2898 2970 2969
f 2900 2971 2899
f 2900 2972 2971
f 2901 2972 2900
f 2902 2974 2973
f 2903 2974 2902
f 2903 2975 2974
f 2904 2975 2903
f 2909 2976 2908
f 2909 2977 2976
f 2910 2977 2909
f 2910 2978 2977
f 2911 2978 2910
f 2911 2979 2978
f 2912 2979 2911
f 2912 2980 2979
f 2913 2980 2912
f 2913 2981 2980
f 2914 2981 2913
f 2914 2982 2981
f 2915 2982 2914
f 2915 2983 2982
f 2916 2983 2915
f 2916 2984 2983
f 2917 2984 2916
f 2917 2985 2984
f 2918 2985 2917
f 2918 2986 2985
f 2920 2987 2919
f 2920 2988 2987
f 2921 2988 2920
f 2921 2989 2988
f 2922 2989 2921
f 2922 2990 2989
f 2923 2990 2922
f 2923 2991 2990
f 2925 2992 2924
f 2925 2993 2992
f 2926 2993 2925
f 2926 2994 2993
f 2927 2994 2926
f 2927 2995 2994
f 2928 2995 2927
f 2928 2996 2995
f 2929 2996 2928
f 2929 2997 2996
f 2930 2997 2929
f 2930 2998 2997
f 2931 2998 2930
f 2931 2999 2998
f 2932 2999 2931
f 2932 3000 2999
f 2933 3000 2932
f 2933 3001 3000
f 2934 3001 2933
f 2934 3002 3001
f 2935 3002 2934
f 2935 3003 3002
f 2936 3003 2935
f 2936 3004 3003
f 2937 3004 2936
f 2937 3005 3004
f 2938 3005 2937
f 2938 3006 3005
f 2939 3006 2938
f 2939 3007 3006
f 2940 3007 2939
f 2940 3008 3007
f 2941 3008 2940
f 2941 3009 3008
f 2942 3009 2941
f 2942 3010 3009
f 2943 3010 2942
f 2943 3011 3010
f 2944 3011 2943
f 2944 3012 3011
f 2945 3012 2944
f 2945 3013 3012
f 2946 3013 2945
f 2946 3014 3013
f 2947 3014 2946
f 2947 3015 3014
f 2948 3015 2947
f 2948 3016 3015
f 2949 3016 2948
f 2949 3017 3016
f 2950 3017 2949
f 2950 3018 3017
f 2951 3018 2950
f 2951 3019 3018
f 2952 3019 2951
f 2952 3020 3019
f 2953 3020 2952
f 2953 3021 3020
f 2954 3021 2953
f 2954 3022 3021
f 2955 3022 2954
f 2955 3023 3022
f 2956 3023 2955
f 2956 3024 3023
f 2957 3024 2956
f 2957 3025 3024
f 2958 3025 2957
f 2958 3026 3025
f 2959 3026 2958
f 2959 3027 3026
f 2960 3027 2959
f 2960 3028 3027
f 2961 3028 2960
f 2961 3029 3028
f 2962 3029 2961
f 2962 3030 3029
f 2963 3030 2962
f 2963 3031 3030
f 2964 3031 2963
f 2964 3032 3031
f 2965 3032 2964
f 2965 3033 3032
f 2966 3033 2965
f 2966 3034 3033
f 2967 3034 2966
f 2967 3035 3034
f 2968 3035 2967
f 2968 3036 3035
f 2969 3036 2968
f 2969 3037 3036
f 2970 3037 2969
f 2970 3038 3037
f 2977 3039 2976
f 2977 3040 3039
f 2978 3040 2977
f 2978 3041 3040
f 2979 3041 2978
f 2979 3042 3041
f 2980 3042 2979
f 2980 3043 3042
f 2981 3043 2980
f 2981 3044 3043
f 2982 3044 2981
f 2982 3045 3044
f 2983 3045 2982
f 2983 3046 3045
f 2984 3046 2983
f 2984 3047 3046
f 2985 3047 2984
f 2985 3048 3047
f 2986 3048 2985
f 2986 3049 3048
f 2988 3050 2987
f 2988 3051 3050
f 2989 3051 2988
f 2989 3052 3051
f 2990 3052 2989
f 2990 3053 3052
f 2991 3053 2990
f 2991 3054 3053
f 2993 3055 2992
f 2993 3056 3055
f 2994 3056 2993
f 2994 3057 3056
f 2995 3057 2994
f 2995 3058 3057
f 2996 3058 2995
f 2996 3059 3058
f 2997 3059 2996
f 2997 3060 3059
f 2998 3060 2997
f 2998 3061 3060
f 2999 3061 2998
f 2999 3062 3061
f 3000 3062 2999
f 3000 3063 3062
f 3001 3063 3000
f 3001 3064 3063
f 3002 3064 3001
f 3002 3065 3064
f 3003 3065 3002
f 3003 3066 3065
f 3004 3066 3003
f 3004 3067 3066
f 3005 3067 3004
f 3005 3068 3067
f 3006 3068 3005
f 3006 3069 3068
f 3007 3069 3006
f 3007 3070 3069
f 3008 3070 3007
f 3008 3071 3070
f 3009 3071 3008
f 3009 3072 3071
f 3010 3072 3009
f 3010 3073 3072
f 3011 3073 3010
f 3011 3074 3073
f 3012 3074 3011
f 3012 3075 3074
f 3013 3075 3012
f 3013 3076 3075
f 3014 3076 3013
f 3014 3077 3076
f 3015 3077 3014
f 3015 3078 3077
f 3016 3078 3015
f 3016 3079 3078
f 3017 3079 3016
f 3017 3080 3079
f 3018 3080 3017
f 3018 3081 3080
f 3019 3081 3018
f 3019 3082 3081
f 3020 3082 3019
f 3020 3083 3082
f 3021 3083 3020
f 3021 3084 3083
f 3022 3084 3021
f 3022 3085 3084
f 3023 3085 3022
f 3023 3086 3085
f 3024 3086 3023
f 3024 3087 3086
f 3025 3087 3024
f 3025 3088 3087
f 3026 3088 3025
f 3026 3089 3088
f 3027 3089 3026
f 3027 3090 3089
f 3028 3090 3027
f 3028 3091 3090
f 3029 3091 3028
f 3029 3092 3091
f 3030 3092 3029
f 3030 3093 3092
f 3031 3093 3030
f 3031 3094 3093
f 3032 3094 3031
f 3032 3095 3094
f 3033 3095 3032
f 3033 3096 3095
f 3034 3096 3033
f 3034 3097 3096
f 3035 3097 3034
f 3035 3098 3097
f 3036 3098 3035
f 3036 3099 3098
f 3037 3099 3036
f 3037 3100 3099
f 3038 3100 3037
f 3038 3101 3100
f 3041 3102 3040
f 3041 3103 3102
f 3042 3103 3041
f 3042 3104 3103
f 3043 3104 3042
f 3043 3105 3104
f 3044 3105 3043
f 3044 3106 3105
f 3045 3106 3044
f 3045 3107 3106
f 3046 3107 3045
f 3046 3108 3107
f 3047 3108 3046
f 3047 3109 3108
f 3048 3109 3047
f 3048 3110 3109
f 3049 3110 3048
f 3049 3111 3110
f 3050 3112 3111
f 3051 3112 3050
f 3051 3113 3112
f 3052 3113 3051
f 3052 3114 3113
f 3053 3114 3052
f 3053 3115 3114
f 3054 3115 3053
f 3054 3116 3115
f 3057 3117 3056
f 3057 3118 3117
f 3058 3118 3057
f 3058 3119 3118
f 3059 3119 3058
f 3059 3120 3119
f 3060 3120 3059
f 3060 3121 3120
f 3061 3121 3060
f 3061 3122 3121
f 3062 3122 3061
f 3062 3123 3122
f 3063 3123 3062
f 3063 3124 3123
f 3064 3124 3063
f 3064 3125 3124
f 3065 3125 3064
f 3065 3126 3125
f 3066 3126 3065
f 3066 3127 3126
f 3067 3127 3066
f 3067 3128 3127
f 3068 3128 3067
f 3068 3129 3128
f 3069 3129 3068
f 3069 3130 3129
f 3070 3130 3069
f 3070 3131 3130
f 3071 3131 3070
f 3071 3132 3131
f 3072 3132 3071
f 3072 3133 3132
f 3073 3133 3072
f 3073 3134 3133
f 3074 3134 3073
f 3074 3135 3134
f 3075 3135 3074
f 3075 3136 3135
f 3076 3136 3075
f 3076 3137 3136
f 3077 3137 3076
f 3077 3138 3137
f 3078 3138 3077
f 3078 3139 3138
f 3079 3139 3078
f 3079 3140 3139
f 3080 3140 3079
f 3080 3141 3140
f 3081 3141 3080
f 3081 3142 3141
f 3082 3142 3081
f 3082 3143 3142
f 3083 3143 3082
f 3083 3144 3143
f 3084 3144 3083
f 3084 3145 3144
f 3085 3145 3084
f 3085 3146 3145
f 3086 3146 3085
f 3086 3147 3146
f 3087 3147 3086
f 3087 3148 3147
f 3088 3148 3087
f 3088 3149 3148
f 3089 3149 3088
f 3089 3150 3149
f 3090 3150 3089
f 3090 3151 3150
f 3091 3151 3090
f 3091 3152 3151
f 3092 3152 3091
f 3092 3153 3152
f 3093 3153 3092
f 3093 3154 3153
f 3094 3154 3093
f 3094 3155 3154
f 3095 3155 3094
f 3095 3156 3155
f 3096 3156 3095
f 3096 3157 3156
f 3097 3157 3096
f 3097 3158 3157
f 3098 3158 3097
f 3098 3159 3158
f 3099 3159 3098
f 3099 3160 3159
f 3100 3160 3099
f 3100 3161 3160
f 3101 3161 3100
f 3101 3162 3161
f 3104 3163 3103
f 3104 3164 3163
f 3105 3164 3104
f 3105 3165 3164
f 3106 3165 3105
f 3106 3166 3165
f 3107 3166 3106
f 3107 3167 3166
f 3108 3167 3107
f 3108 3168 3167
f 3109 3168 3108
f 3109 3169 3168
f 3110 3169 3109
f 3110 3170 3169
f 3111 3170 3110
f 3111 3171 3170
f 3112 3171 3111
f 3112 3172 3171
f 3113 3172 3112
f 3113 3173 3172
f 3114 3173 3113
f 3114 3174 3173
f 3115 3174 3114
f 3115 3175 3174
f 3116 3175 3115
f 3118 3176 3117
f 3118 3177 3176
f 3119 3177 3118
f 3119 3178 3177
f 3120 3178 3119
f 3120 3179 3178
f 3121 3179 3120
f 3121 3180 3179
f 3122 3180 3121
f 3122 3181 3180
f 3123 3181 3122
f 3123 3182 3181
f 3124 3182 3123
f 3124 3183 3182
f 3125 3183 3124
f 3125 3184 3183
f 3126 3184 3125
f 3126 3185 3184
f 3127 3185 3126
f 3127 3186 3185
f 3128 3186 3127
f 3128 3187 3186
f 3129 3187 3128
f 3129 3188 3187
f 3130 3188 3129
f 3130 3189 3188
f 3131 3189 3130
f 3131 3190 3189
f 3132 3190 3131
f 3132 3191 3190
f 3133 3191 3132
f 3133 3192 3191
f 3134 3192 3133
f 3134 3193 3192
f 3135 3193 3134
f 3135 3194 3193
f 3136 3194 3135
f 3136 3195 3194
f 3137 3195 3136
f 3137 3196 3195
f 3138 3196 3137
f 3138 3197 3196
f 3139 3197 3138
f 3139 3198 3197
f 3140 3198 3139
f 3140 3199 3198
f 3141 3199 3140
f 3141 3200 3199
f 3142 3200 3141
f 3142 3201 3200
f 3143 3201 3142
f 3143 3202 3201
f 3144 3202 3143
f 3144 3203 3202
f 3145 3203 3144
f 3145 3204 3203
f 3146 3204 3145
f 3146 3205 3204
f 3147 3205 3146
f 3147 3206 3205
f 3148 3206 3147
f 3148 3207 3206
f 3149 3207 3148
f 3149 3208 3207
f 3150 3208 3149
f 3150 3209 3208
f 3151 3209 3150
f 3151 3210 3209
f 3152 3210 3151
f 3152 3211 3210
f 3153 3211 3152
f 3153 3212 3211
f 3154 3212 3153
f 3154 3213 3212
f 3155 3213 3154
f 3155 3214 3213
f 3156 3214 3155
f 3156 3215 3214
f 3157 3215 3156
f 3157 3216 3215
f 3158 3216 3157
f 3158 3217 3216
f 3159 3217 3158
f 3159 3218 3217
f 3160 3218 3159
f 3160 3219 3218
f 3161 3219 3160
f 3161 3220 3219
f 3162 3220 3161
f 3162 3221 3220
f 3165 3222 3164
f 3165 3223 3222
f 3166 3223 3165
f 3166 3224 3223
f 3167 3224 3166
f 3167 3225 3224
f 3168 3225 3167
f 3168 3226 3225
f 3169 3226 3168
f 3169 3227 3226
f 3170 3227 3169
f 3170 3228 3227
f 3171 3228 3170
f 3171 3229 3228
f 3172 3229 3171
f 3172 3230 3229
f 3173 3230 3172
f 3173 3231 3230
f 3174 3231 3173
f 3174 3232 3231
f 3175 3232 3174
f 3175 3233 3232
f 3177 3235 3176
f 3177 3236 3235
f 3178 3236 3177
f 3178 3237 3236
f 3179 3237 3178
f 3179 3238 3237
f 3180 3238 3179
f 3180 3239 3238
f 3181 3239 3180
f 3181 3240 3239
f 3182 3240 3181
f 3182 3241 3240
f 3183 3241 3182
f 3183 3242 3241
f 3184 3242 3183
f 3184 3243 3242
f 3185 3243 3184
f 3185 3244 3243
f 3186 3244 3185
f 3186 3245 3244
f 3187 3245 3186
f 3187 3246 3245
f 3188 3246 3187
f 3188 3247 3246
f 3189 3247 3188
f 3189 3248 3247
f 3190 3248 3189
f 3190 3249 3248
f 3191 3249 3190
f 3191 3250 3249
f 3192 3250 3191
f 3192 3251 3250
f 3193 3251 3192
f 3193 3252 3251
f 3194 3252 3193
f 3194 3253 3252
f 3195 3253 3194
f 3195 3254 3253
f 3196 3254 3195
f 3196 3255 3254
f 3197 3255 3196
f 3197 3256 3255
f 3198 3256 3197
f 3198 3257 3256
f 3199 3257 3198
f 3199 3258 3257
f 3200 3258 3199
f 3200 3259 3258
f 3201 3259 3200
f 3201 3260 3259
f 3202 3260 3201
f 3202 3261 3260
f 3203 3261 3202
f 3203 3262 3261
f 3204 3262 3203
f 3204 3263 3262
f 3205 3263 3204
f 3205 3264 3263
f 3206 3264 3205
f 3206 3265 3264
f 3207 3265 3206
f 3207 3266 3265
f 3208 3266 3207
f 3208 3267 3266
f 3209 3267 3208
f 3209 3268 3267
f 3210 3268 3209
f 3210 3269 3268
f 3211 3269 3210
f 3211 3270 3269
f 3212 3270 3211
f 3212 3271 3270
f 3213 3271 3212
f 3213 3272 3271
f 3214 3272 3213
f 3214 3273 3272
f 3215 3273 3214
f 3215 3274 3273
f 3216 3274 3215
f 3216 3275 3274
f 3217 3275 3216
f 3217 3276 3275
f 3218 3276 3217
f 3218 3277 3276
f 3219 3277 3218
f 3219 3278 3277
f 3220 3278 3219
f 3220 3279 3278
f 3221 3279 3220
f 3221 3280 3279
f 3224 3281 3223
f 3224 3282 3281
f 3225 3282 3224
f 3225 3283 3282
f 3226 3283 3225
f 3226 3284 3283
f 3227 3284 3226
f 3227 3285 3284
f 3228 3285 3227
f 3228 3286 3285
f 3229 3286 3228
f 3229 3287 3286
f 3230 3287 3229
f 3230 3288 3287
f 3231 3288 3230
f 3231 3289 3288
f 3232 3289 3231
f 3232 3290 3289
f 3233 3290 3232
f 3233 3291 3290
f 3234 3292 3291
f 3236 3293 3235
f 3236 3294 3293
f 3237 3294 3236
f 3237 3295 3294
f 3238 3295 3237
f 3238 3296 3295
f 3239 3296 3238
f 3239 3297 3296
f 3240 3297 3239
f 3240 3298 3297
f 3241 3298 3240
f 3241 3299 3298
f 3242 3299 3241
f 3242 3300 3299
f 3243 3300 3242
f 3243 3301 3300
f 3244 3301 3243
f 3244 3302 3301
f 3245 3302 3244
f 3245 3303 3302
f 3246 3303 3245
f 3246 3304 3303
f 3247 3304 3246
f 3247 3305 3304
f 3248 3305 3247
f 3248 3306 3305
f 3249 3306 3248
f 3249 3307 3306
f 3250 3307 3249
f 3250 3308 3307
f 3251 3308 3250
f 3251 3309 3308
f 3252 3309 3251
f 3252 3310 3309
f 3253 3310 3252
f 3253 3311 3310
f 3254 3311 3253
f 3254 3312 3311
f 3255 3312 3254
f 3255 3313 3312
f 3256 3313 3255
f 3256 3314 3313
f 3257 3314 3256
f 3257 3315 3314
f 3258 3315 3257
f 3258 3316 3315
f 3259 3316 3258
f 3259 3317 3316
f 3260 3317 3259
f 3260 3318 3317
f 3261 3318 3260
f 3261 3319 3318
f 3262 3319 3261
f 3262 3320 3319
f 3263 3320 3262
f 3263 3321 3320
f 3264 3321 3263
f 3264 3322 3321
f 3265 3322 3264
f 3265 3323 3322
f 3266 3323 3265
f 3266 3324 3323
f 3267 3324 3266
f 3267 3325 3324
f 3268 3325 3267
f 3268 3326 3325
f 3269 3326 3268
f 3269 3327 3326
f 3270 3327 3269
f 3270 3328 3327
f 3271 3328 3270
f 3271 3329 3328
f 3272 3329 3271
f 3272 3330 3329
f 3273 3330 3272
f 3273 3331 3330
f 3274 3331 3273
f 3274 3332 3331
f 3275 3332 3274
f 3275 3333 3332
f 3276 3333 3275
f 3276 3334 3333
f 3277 3334 3276
f 3277 3335 3334
f 3278 3335 3277
f 3278 3336 3335
f 3279 3336 3278
f 3279 3337 3336
f 3280 3337 3279
f 3280 3338 3337
f 3283 3339 3282
f 3283 3340 3339
f 3284 3340 3283
f 3284 3341 3340
f 3285 3341 3284
f 3285 3342 3341
f 3286 3342 3285
f 3286 3343 3342
f 3287 3343 3286
f 3287 3344 3343
f 3288 3344 3287
f 3288 3345 3344
f 3289 3345 3288
f 3289 3346 3345
f 3290 3346 3289
f 3290 3347 3346
f 3291 3347 3290
f 3291 3348 3347
f 3292 3348 3291
f 3292 3349 3348
f 3294 3350 3293
f 3294 3351 3350
f 3295 3351 3294
f 3295 3352 3351
f 3296 3352 3295
f 3296 3353 3352
f 3297 3353 3296
f 3297 3354 3353
f 3298 3354 3297
f 3298 3355 3354
f 3299 3355 3298
f 3299 3356 3355
f 3300 3356 3299
f 3300 3357 3356
f 3301 3357 3300
f 3301 3358 3357
f 3302 3358 3301
f 3302 3359 3358
f 3303 3359 3302
f 3303 3360 3359
f 3304 3360 3303
f 3304 3361 3360
f 3305 3361 3304
f 3305 3362 3361
f 3306 3362 3305
f 3306 3363 3362
f 3307 3363 3306
f 3307 3364 3363
f 3308 3364 3307
f 3308 3365 3364
f 3309 3365 3308
f 3309 3366 3365
f 3310 3366 3309
f 3310 3367 3366
f 3311 3367 3310
f 3311 3368 3367
f 3312 3368 3311
f 3312 3369 3368
f 3313 3369 3312
f 3313 3370 3369
f 3314 3370 3313
f 3314 3371 3370
f 3315 3371 3314
f 3315 3372 3371
f 3316 3372 3315
f 3316 3373 3372
f 3317 3373 3316
f 3317 3374 3373
f 3318 3374 3317
f 3318 3375 3374
f 3319 3375 3318
f 3319 3376 3375
f 3320 3376 3319
f 3320 3377 3376
f 3321 3377 3320
f 3321 3378 3377
f 3322 3378 3321
f 3322 3379 3378
f 3323 3379 3322
f 3323 3380 3379
f 3324 3380 3323
f 3324 3381 3380
f 3325 3381 3324
f 3325 3382 3381
f 3326 3382 3325
f 3326 3383 3382
f 3327 3383 3326
f 3327 3384 3383
f 3328 3384 3327
f 3328 3385 3384
f 3329 3385 3328
f 3329 3386 3385
f 3330 3386 3329
f 3330 3387 3386
f 3331 3387 3330
f 3331 3388 3387
f 3332 3388 3331
f 3332 3389 3388
f 3333 3389 3332
f 3333 3390 3389
f 3334 3390 3333
f 3334 3391 3390
f 3335 3391 3334
f 3335 3392 3391
f 3336 3392 3335
f 3336 3393 3392
f 3337 3393 3336
f 3337 3394 3393
f 3338 3394 3337
f 3338 3395 3394
f 3341 3396 3340
f 3341 3397 3396
f 3342 3397 3341
f 3342 3398 3397
f 3343 3398 3342
f 3343 3399 3398
f 3344 3399 3343
f 3344 3400 3399
f 3345 3400 3344
f 3345 3401 3400
f 3346 3401 3345
f 3346 3402 3401
f 3347 3402 3346
f 3347 3403 3402
f 3348 3403 3347
f 3348 3404 3403
f 3349 3404 3348
f 3349 3405 3404
f 3351 3406 3350
f 3351 3407 3406
f 3352 3407 3351
f 3352 3408 3407
f 3353 3408 3352
f 3353 3409 3408
f 3354 3409 3353
f 3354 3410 3409
f 3355 3410 3354
f 3355 3411 3410
f 3356 3411 3355
f 3356 3412 3411
f 3357 3412 3356
f 3357 3413 3412
f 3358 3413 3357
f 3358 3414 3413
f 3359 3414 3358
f 3359 3415 3414
f 3360 3415 3359
f 3360 3416 3415
f 3361 3416 3360
f 3361 3417 3416
f 3362 3417 3361
f 3362 3418 3417
f 3363 3418 3362
f 3363 3419 3418
f 3364 3419 3363
f 3364 3420 3419
f 3365 3420 3364
f 3365 3421 3420
f 3366 3421 3365
f 3366 3422 3421
f 3367 3422 3366
f 3367 3423 3422
f 3368 3423 3367
f 3368 3424 3423
f 3369 3424 3368
f 3369 3425 3424
f 3370 3425 3369
f 3370 3426 3425
f 3371 3426 3370
f 3371 3427 3426
f 3372 3427 3371
f 3372 3428 3427
f 3373 3428 3372
f 3373 3429 3428
f 3374 3429 3373
f 3374 3430 3429
f 3375 3430 3374
f 3375 3431 3430
f 3376 3431 3375
f 3376 3432 3431
f 3377 3432 3376
f 3377 3433 3432
f 3378 3433 3377
f 3378 3434 3433
f 3379 3434 3378
f 3379 3435 3434
f 3380 3435 3379
f 3380 3436 3435
f 3381 3436 3380
f 3381 3437 3436
f 3382 3437 3381
f 3382 3438 3437
f 3383 3438 3382
f 3383 3439 3438
f 3384 3439 3383
f 3384 3440 3439
f 3385 3440 3384
f 3385 3441 3440
f 3386 3441 3385
f 3386 3442 3441
f 3387 3442 3386
f 3387 3443 3442
f 3388 3443 3387
f 3388 3444 3443
f 3389 3444 3388
f 3389 3445 3444
f 3390 3445 3389
f 3390 3446 3445
f 3391 3446 3390
f 3391 3447 3446
f 3392 3447 3391
f 3392 3448 3447
f 3393 3448 3392
f 3393 3449 3448
f 3394 3449 3393
f 3394 3450 3449
f 3395 3450 3394
f 3395 3451 3450
f 3398 3452 3397
f 3398 3453 3452
f 3399 3453 3398
f 3399 3454 3453
f 3400 3454 3399
f 3400 3455 3454
f 3401 3455 3400
f 3401 3456 3455
f 3402 3456 3401
f 3402 3457 3456
f 3403 3457 3402
f 3403 3458 3457
f 3404 3458 3403
f 3404 3459 3458
f 3407 3460 3406
f 3408 3461 3407
f 3408 3462 3461
f 3409 3462 3408
f 3409 3463 3462
f 3410 3463 3409
f 3410 3464 3463
f 3411 3464 3410
f 3411 3465 3464
f 3412 3465 3411
f 3412 3466 3465
f 3413 3466 3412
f 3413 3467 3466
f 3414 3467 3413
f 3414 3468 3467
f 3415 3468 3414
f 3415 3469 3468
f 3416 3469 3415
f 3416 3470 3469
f 3417 3470 3416
f 3417 3471 3470
f 3418 3471 3417
f 3418 3472 3471
f 3419 3472 3418
f 3419 3473 3472
f 3420 3473 3419
f 3420 3474 3473
f 3421 3474 3420
f 3421 3475 3474
f 3422 3475 3421
f 3422 3476 3475
f 3423 3476 3422
f 3423 3477 3476
f 3424 3477 3423
f 3424 3478 3477
f 3425 3478 3424
f 3425 3479 3478
f 3426 3479 3425
f 3426 3480 3479
f 3427 3480 3426
f 3427 3481 3480
f 3428 3481 3427
f 3428 3482 3481
f 3429 3482 3428
f 3429 3483 3482
f 3430 3483 3429
f 3430 3484 3483
f 3431 3484 3430
f 3431 3485 3484
f 3432 3485 3431
f 3432 3486 3485
f 3433 3486 3432
f 3433 3487 3486
f 3434 3487 3433
f 3434 3488 3487
f 3435 3488 3434
f 3435 3489 3488
f 3436 3489 3435
f 3436 3490 3489
f 3437 3490 3436
f 3437 3491 3490
f 3438 3491 3437
f 3438 3492 3491
f 3439 3492 3438
f 3439 3493 3492
f 3440 3493 3439
f 3440 3494 3493
f 3441 3494 3440
f 3441 3495 3494
f 3442 3495 3441
f 3442 3496 3495
f 3443 3496 3442
f 3443 3497 3496
f 3444 3497 3443
f 3444 3498 3497
f 3445 3498 3444
f 3445 3499 3498
f 3446 3499 3445
f 3446 3500 3499
f 3447 3500 3446
f 3447 3501 3500
f 3448 3501 3447
f 3448 3502 3501
f 3449 3502 3448
f 3449 3503 3502
f 3450 3503 3449
f 3450 3504 3503
f 3451 3504 3450
f 3451 3505 3504
f 3455 3506 3454
f 3455 3507 3506
f 3456 3507 3455
f 3456 3508 3507
f 3457 3508 3456
f 3457 3509 3508
f 3458 3509 3457
f 3458 3510 3509
f 3459 3510 3458
f 3459 3511 3510
f 3462 3513 3461
f 3462 3514 3513
f 3463 3514 3462
f 3463 3515 3514
f 3464 3515 3463
f 3464 3516 3515
f 3465 3516 3464
f 3465 3517 3516
f 3466 3517 3465
f 3466 3518 3517
f 3467 3518 3466
f 3467 3519 3518
f 3468 3519 3467
f 3468 3520 3519
f 3469 3520 3468
f 3469 3521 3520
f 3470 3521 3469
f 3470 3522 3521
f 3471 3522 3470
f 3471 3523 3522
f 3472 3523 3471
f 3472 3524 3523
f 3473 3524 3472
f 3473 3525 3524
f 3474 3525 3473
f 3474 3526 3525
f 3475 3526 3474
f 3475 3527 3526
f 3476 3527 3475
f 3476 3528 3527
f 3477 3528 3476
f 3477 3529 3528
f 3478 3529 3477
f 3478 3530 3529
f 3479 3530 3478
f 3479 3531 3530
f 3480 3531 3479
f 3480 3532 3531
f 3481 3532 3480
f 3481 3533 3532
f 3482 3533 3481
f 3482 3534 3533
f 3483 3534 3482
f 3483 3535 3534
f 3484 3535 3483
f 3484 3536 3535
f 3485 3536 3484
f 3485 3537 3536
f 3486 3537 3485
f 3486 3538 3537
f 3487 3538 3486
f 3487 3539 3538
f 3488 3539 3487
f 3488 3540 3539
f 3489 3540 3488
f 3489 3541 3540
f 3490 3541 3489
f 3490 3542 3541
f 3491 3542 3490
f 3491 3543 3542
f 3492 3543 3491
f 3492 3544 3543
f 3493 3544 3492
f 3493 3545 3544
f 3494 3545 3493
f 3494 3546 3545
f 3495 3546 3494
f 3495 3547 3546
f 3496 3547 3495
f 3496 3548 3547
f 3497 3548 3496
f 3497 3549 3548
f 3498 3549 3497
f 3498 3550 3549
f 3499 3550 3498
f 3499 3551 3550
f 3500 3551 3499
f 3500 3552 3551
f 3501 3552 3500
f 3501 3553 3552
f 3502 3553 3501
f 3502 3554 3553
f 3503 3554 3502
f 3503 3555 3554
f 3504 3555 3503
f 3504 3556 3555
f 3505 3556 3504
f 3505 3557 3556
f 3512 3559 3558
f 3514 3560 3513
f 3514 3561 3560
f 3515 3561 3514
f 3515 3562 3561
f 3516 3562 3515
f 3516 3563 3562
f 3517 3563 3516
f 3517 3564 3563
f 3518 3564 3517
f 3518 3565 3564
f 3519 3565 3518
f 3519 3566 3565
f 3520 3566 3519
f 3520 3567 3566
f 3521 3567 3520
f 3521 3568 3567
f 3522 3568 3521
f 3522 3569 3568
f 3523 3569 3522
f 3523 3570 3569
f 3524 3570 3523
f 3524 3571 3570
f 3525 3571 3524
f 3525 3572 3571
f 3526 3572 3525
f 3526 3573 3572
f 3527 3573 3526
f 3527 3574 3573
f 3528 3574 3527
f 3528 3575 3574
f 3529 3575 3528
f 3529 3576 3575
f 3530 3576 3529
f 3530 3577 3576
f 3531 3577 3530
f 3531 3578 3577
f 3532 3578 3531
f 3532 3579 3578
f 3533 3579 3532
f 3533 3580 3579
f 3534 3580 3533
f 3534 3581 3580
f 3535 3581 3534
f 3535 3582 3581
f 3536 3582 3535
f 3536 3583 3582
f 3537 3583 3536
f 3537 3584 3583
f 3538 3584 3537
f 3538 3585 3584
f 3539 3585 3538
f 3539 3586 3585
f 3540 3586 3539
f 3540 3587 3586
f 3541 3587 3540
f 3541 3588 3587
f 3542 3588 3541
f 3542 3589 3588
f 3543 3589 3542
f 3543 3590 3589
f 3544 3590 3543
f 3544 3591 3590
f 3545 3591 3544
f 3545 3592 3591
f 3546 3592 3545
f 3546 3593 3592
f 3547 3593 3546
f 3547 3594 3593
f 3548 3594 3547
f 3548 3595 3594
f 3549 3595 3548
f 3549 3596 3595
f 3550 3596 3549
f 3550 3597 3596
f 3551 3597 3550
f 3551 3598 3597
f 3552 3598 3551
f 3552 3599 3598
f 3553 3599 3552
f 3553 3600 3599
f 3554 3600 3553
f 3554 3601 3600
f 3555 3601 3554
f 3555 3602 3601
f 3556 3602 3555
f 3556 3603 3602
f 3557 3603 3556
f 3557 3604 3603
f 3561 3606 3560
f 3561 3607 3606
f 3562 3607 3561
f 3562 3608 3607
f 3563 3608 3562
f 3563 3609 3608
f 3564 3609 3563
f 3564 3610 3609
f 3565 3610 3564
f 3565 3611 3610
f 3566 3611 3565
f 3566 3612 3611
f 3567 3612 3566
f 3567 3613 3612
f 3568 3613 3567
f 3568 3614 3613
f 3569 3614 3568
f 3569 3615 3614
f 3570 3615 3569
f 3570 3616 3615
f 3571 3616 3570
f 3571 3617 3616
f 3572 3617 3571
f 3572 3618 3617
f 3573 3618 3572
f 3573 3619 3618
f 3574 3619 3573
f 3574 3620 3619
f 3575 3620 3574
f 3575 3621 3620
f 3576 3621 3575
f 3576 3622 3621
f 3577 3622 3576
f 3577 3623 3622
f 3578 3623 3577
f 3578 3624 3623
f 3579 3624 3578
f 3579 3625 3624
f 3580 3625 3579
f 3580 3626 3625
f 3581 3626 3580
f 3581 3627 3626
f 3582 3627 3581
f 3582 3628 3627
f 3583 3628 3582
f 3583 3629 3628
f 3584 3629 3583
f 3584 3630 3629
f 3585 3630 3584
f 3585 3631 3630
f 3586 3631 3585
f 3586 3632 3631
f 3587 3632 3586
f 3587 3633 3632
f 3588 3633 3587
f 3588 3634 3633
f 3589 3634 3588
f 3589 3635 3634
f 3590 3635 3589
f 3590 3636 3635
f 3591 3636 3590
f 3591 3637 3636
f 3592 3637 3591
f 3592 3638 3637
f 3593 3638 3592
f 3593 3639 3638
f 3594 3639 3593
f 3594 3640 3639
f 3595 3640 3594
f 3595 3641 3640
f 3596 3641 3595
f 3596 3642 3641
f 3597 3642 3596
f 3597 3643 3642
f 3598 3643 3597
f 3598 3644 3643
f 3599 3644 3598
f 3599 3645 3644
f 3600 3645 3599
f 3600 3646 3645
f 3601 3646 3600
f 3601 3647 3646
f 3602 3647 3601
f 3602 3648 3647
f 3603 3648 3602
f 3603 3649 3648
f 3604 3649 3603
f 3604 3650 3649
f 3605 3650 3604
f 3605 3651 3650
f 3607 3652 3606
f 3607 3653 3652
f 3608 3653 3607
f 3608 3654 3653
f 3609 3654 3608
f 3609 3655 3654
f 3610 3655 3609
f 3610 3656 3655
f 3611 3656 3610
f 3611 3657 3656
f 3612 3657 3611
f 3612 3658 3657
f 3613 3658 3612
f 3613 3659 3658
f 3614 3659 3613
f 3614 3660 3659
f 3615 3660 3614
f 3615 3661 3660
f 3616 3661 3615
f 3616 3662 3661
f 3617 3662 3616
f 3617 3663 3662
f 3618 3663 3617
f 3618 3664 3663
f 3619 3664 3618
f 3619 3665 3664
f 3620 3665 3619
f 3620 3666 3665
f 3621 3666 3620
f 3621 3667 3666
f 3622 3667 3621
f 3622 3668 3667
f 3623 3668 3622
f 3623 3669 3668
f 3624 3669 3623
f 3624 3670 3669
f 3625 3670 3624
f 3625 3671 3670
f 3626 3671 3625
f 3626 3672 3671
f 3627 3672 3626
f 3627 3673 3672
f 3628 3673 3627
f 3628 3674 3673
f 3629 3674 3628
f 3629 3675 3674
f 3630 3675 3629
f 3630 3676 3675
f 3631 3676 3630
f 3631 3677 3676
f 3632 3677 3631
f 3632 3678 3677
f 3633 3678 3632
f 3633 3679 3678
f 3634 3679 3633
f 3634 3680 3679
f 3635 3680 3634
f 3635 3681 3680
f 3636 3681 3635
f 3636 3682 3681
f 3637 3682 3636
f 3637 3683 3682
f 3638 3683 3637
f 3638 3684 3683
f 3639 3684 3638
f 3639 3685 3684
f 3640 3685 3639
f 3640 3686 3685
f 3641 3686 3640
f 3641 3687 3686
f 3642 3687 3641
f 3642 3688 3687
f 3643 3688 3642
f 3643 3689 3688
f 3644 3689 3643
f 3644 3690 3689
f 3645 3690 3644
f 3645 3691 3690
f 3646 3691 3645
f 3646 3692 3691
f 3647 3692 3646
f 3647 3693 3692
f 3648 3693 3647
f 3648 3694 3693
f 3649 3694 3648
f 3649 3695 3694
f 3650 3695 3649
f 3650 3696 3695
f 3651 3696 3650
f 3651 3697 3696
f 3653 3698 3652
f 3653 3699 3698
f 3654 3699 3653
f 3654 3700 3699
f 3655 3700 3654
f 3655 3701 3700
f 3656 3701 3655
f 3656 3702 3701
f 3657 3702 3656
f 3657 3703 3702
f 3658 3703 3657
f 3658 3704 3703
f 3659 3704 3658
f 3659 3705 3704
f 3660 3705 3659
f 3660 3706 3705
f 3661 3706 3660
f 3661 3707 3706
f 3662 3707 3661
f 3662 3708 3707
f 3663 3708 3662
f 3663 3709 3708
f 3664 3709 3663
f 3664 3710 3709
f 3665 3710 3664
f 3665 3711 3710
f 3666 3711 3665
f 3666 3712 3711
f 3667 3712 3666
f 3667 3713 3712
f 3668 3713 3667
f 3668 3714 3713
f 3669 3714 3668
f 3669 3715 3714
f 3670 3715 3669
f 3670 3716 3715
f 3671 3716 3670
f 3671 3717 3716
f 3672 3717 3671
f 3672 3718 3717
f 3673 3718 3672
f 3673 3719 3718
f 3674 3719 3673
f 3674 3720 3719
f 3675 3720 3674
f 3675 3721 3720
f 3676 3721 3675
f 3676 3722 3721
f 3677 3722 3676
f 3677 3723 3722
f 3678 3723 3677
f 3678 3724 3723
f 3679 3724 3678
f 3679 3725 3724
f 3680 3725 3679
f 3680 3726 3725
f 3681 3726 3680
f 3681 3727 3726
f 3682 3727 3681
f 3682 3728 3727
f 3683 3728 3682
f 3683 3729 3728
f 3684 3729 3683
f 3684 3730 3729
f 3685 3730 3684
f 3685 3731 3730
f 3686 3731 3685
f 3686 3732 3731
f 3687 3732 3686
f 3687 3733 3732
f 3688 3733 3687
f 3688 3734 3733
f 3689 3734 3688
f 3689 3735 3734
f 3690 3735 3689
f 3690 3736 3735
f 3691 3736 3690
f 3691 3737 3736
f 3692 3737 3691
f 3692 3738 3737
f 3693 3738 3692
f 3693 3739 3738
f 3694 3739 3693
f 3694 3740 3739
f 3695 3740 3694
f 3695 3741 3740
f 3696 3741 3695
f 3696 3742 3741
f 3697 3742 3696
f 3697 3743 3742
f 3699 3744 3698
f 3699 3745 3744
f 3700 3745 3699
f 3700 3746 3745
f 3701 3746 3700
f 3701 3747 3746
f 3702 3747 3701
f 3702 3748 3747
f 3703 3748 3702
f 3703 3749 3748
f 3704 3749 3703
f 3704 3750 3749
f 3705 3750 3704
f 3705 3751 3750
f 3706 3751 3705
f 3706 3752 3751
f 3707 3752 3706
f 3707 3753 3752
f 3708 3753 3707
f 3708 3754 3753
f 3709 3754 3708
f 3709 3755 3754
f 3710 3755 3709
f 3710 3756 3755
f 3711 3756 3710
f 3711 3757 3756
f 3712 3757 3711
f 3712 3758 3757
f 3713 3758 3712
f 3713 3759 3758
f 3714 3759 3713
f 3714 3760 3759
f 3715 3760 3714
f 3715 3761 3760
f 3716 3761 3715
f 3716 3762 3761
f 3717 3762 3716
f 3717 3763 3762
f 3718 3763 3717
f 3718 3764 3763
f 3719 3764 3718
f 3719 3765 3764
f 3720 3765 3719
f 3720 3766 3765
f 3721 3766 3720
f 3721 3767 3766
f 3722 3767 3721
f 3722 3768 3767
f 3723 3768 3722
f 3723 3769 3768
f 3724 3769 3723
f 3724 3770 3769
f 3725 3770 3724
f 3725 3771 3770
f 3726 3771 3725
f 3726 3772 3771
f 3727 3772 3726
f 3727 3773 3772
f 3728 3773 3727
f 3728 3774 3773
f 3729 3774 3728
f 3729 3775 3774
f 3730 3775 3729
f 3730 3776 3775
f 3731 3776 3730
f 3731 3777 3776
f 3732 3777 3731
f 3732 3778 3777
f 3733 3778 3732
f 3733 3779 3778
f 3734 3779 3733
f 3734 3780 3779
f 3735 3780 3734
f 3735 3781 3780
f 3736 3781 3735
f 3736 3782 3781
f 3737 3782 3736
f 3737 3783 3782
f 3738 3783 3737
f 3738 3784 3783
f 3739 3784 3738
f 3739 3785 3784
f 3740 3785 3739
f 3740 3786 3785
f 3741 3786 3740
f 3741 3787 3786
f 3742 3787 3741
f 3742 3788 3787
f 3743 3788 3742
f 3743 3789 3788
f 3745 3790 3744
f 3745 3791 3790
f 3746 3791 3745
f 3746 3792 3791
f 3747 3792 3746
f 3747 3793 3792
f 3748 3793 3747
f 3748 3794 3793
f 3749 3794 3748
f 3749 3795 3794
f 3750 3795 3749
f 3750 3796 3795
f 3751 3796 3750
f 3751 3797 3796
f 3752 3797 3751
f 3752 3798 3797
f 3753 3798 3752
f 3753 3799 3798
f 3754 3799 3753
f 3754 3800 3799
f 3755 3800 3754
f 3755 3801 3800
f 3756 3801 3755
f 3756 3802 3801
f 3757 3802 3756
f 3757 3803 3802
f 3758 3803 3757
f 3758 3804 3803
f 3759 3804 3758
f 3759 3805 3804
f 3760 3805 3759
f 3760 3806 3805
f 3761 3806 3760
f 3761 3807 3806
f 3762 3807 3761
f 3762 3808 3807
f 3763 3808 3762
f 3763 3809 3808
f 3764 3809 3763
f 3764 3810 3809
f 3765 3810 3764
f 3765 3811 3810
f 3766 3811 3765
f 3766 3812 3811
f 3767 3812 3766
f 3767 3813 3812
f 3768 3813 3767
f 3768 3814 3813
f 3769 3814 3768
f 3769 3815 3814
f 3770 3815 3769
f 3770 3816 3815
f 3771 3816 3770
f 3771 3817 3816
f 3772 3817 3771
f 3772 3818 3817
f 3773 3818 3772
f 3773 3819 3818
f 3774 3819 3773
f 3774 3820 3819
f 3775 3820 3774
f 3775 3821 3820
f 3776 3821 3775
f 3776 3822 3821
f 3777 3822 3776
f 3777 3823 3822
f 3778 3823 3777
f 3778 3824 3823
f 3779 3824 3778
f 3779 3825 3824
f 3780 3825 3779
f 3780 3826 3825
f 3781 3826 3780
f 3781 3827 3826
f 3782 3827 3781
f 3782 3828 3827
f 3783 3828 3782
f 3783 3829 3828
f 3784 3829 3783
f 3784 3830 3829
f 3785 3830 3784
f 3785 3831 3830
f 3786 3831 3785
f 3786 3832 3831
f 3787 3832 3786
f 3787 3833 3832
f 3788 3833 3787
f 3788 3834 3833
f 3789 3834 3788
f 3789 3835 3834
f 3791 3836 3790
f 3792 3837 3791
f 3792 3838 3837
f 3793 3838 3792
f 3793 3839 3838
f 3794 3839 3793
f 3794 3840 3839
f 3795 3840 3794
f 3795 3841 3840
f 3796 3841 3795
f 3796 3842 3841
f 3797 3842 3796
f 3797 3843 3842
f 3798 3843 3797
f 3798 3844 3843
f 3799 3844 3798
f 3799 3845 3844
f 3800 3845 3799
f 3800 3846 3845
f 3801 3846 3800
f 3801 3847 3846
f 3802 3847 3801
f 3802 3848 3847
f 3803 3848 3802
f 3803 3849 3848
f 3804 3849 3803
f 3804 3850 3849
f 3805 3850 3804
f 3805 3851 3850
f 3806 3851 3805
f 3806 3852 3851
f 3807 3852 3806
f 3807 3853 3852
f 3808 3853 3807
f 3808 3854 3853
f 3809 3854 3808
f 3809 3855 3854
f 3810 3855 3809
f 3810 3856 3855
f 3811 3856 3810
f 3811 3857 3856
f 3812 3857 3811
f 3812 3858 3857
f 3813 3858 3812
f 3813 3859 3858
f 3814 3859 3813
f 3814 3860 3859
f 3815 3860 3814
f 3815 3861 3860
f 3816 3861 3815
f 3816 3862 3861
f 3817 3862 3816
f 3817 3863 3862
f 3818 3863 3817
f 3818 3864 3863
f 3819 3864 3818
f 3819 3865 3864
f 3820 3865 3819
f 3820 3866 3865
f 3821 3866 3820
f 3821 3867 3866
f 3822 3867 3821
f 3822 3868 3867
f 3823 3868 3822
f 3823 3869 3868
f 3824 3869 3823
f 3824 3870 3869
f 3825 3870 3824
f 3825 3871 3870
f 3826 3871 3825
f 3826 3872 3871
f 3827 3872 3826
f 3827 3873 3872
f 3828 3873 3827
f 3828 3874 3873
f 3829 3874 3828
f 3829 3875 3874
f 3830 3875 3829
f 3830 3876 3875
f 3831 3876 3830
f 3831 3877 3876
f 3832 3877 3831
f 3832 3878 3877
f 3833 3878 3832
f 3833 3879 3878
f 3834 3879 3833
f 3834 3880 3879
f 3835 3880 3834
f 3835 3881 3880
f 3838 3882 3837
f 3838 3883 3882
f 3839 3883 3838
f 3839 3884 3883
f 3840 3884 3839
f 3840 3885 3884
f 3841 3885 3840
f 3841 3886 3885
f 3842 3886 3841
f 3842 3887 3886
f 3843 3887 3842
f 3843 3888 3887
f 3844 3888 3843
f 3844 3889 3888
f 3845 3889 3844
f 3845 3890 3889
f 3846 3890 3845
f 3846 3891 3890
f 3847 3891 3846
f 3847 3892 3891
f 3848 3892 3847
f 3848 3893 3892
f 3849 3893 3848
f 3849 3894 3893
f 3850 3894 3849
f 3850 3895 3894
f 3851 3895 3850
f 3851 3896 3895
f 3852 3896 3851
f 3852 3897 3896
f 3853 3897 3852
f 3853 3898 3897
f 3854 3898 3853
f 3854 3899 3898
f 3855 3899 3854
f 3855 3900 3899
f 3856 3900 3855
f 3856 3901 3900
f 3857 3901 3856
f 3857 3902 3901
f 3858 3902 3857
f 3858 3903 3902
f 3859 3903 3858
f 3859 3904 3903
f 3860 3904 3859
f 3860 3905 3904
f 3861 3905 3860
f 3861 3906 3905
f 3862 3906 3861
f 3862 3907 3906
f 3863 3907 3862
f 3863 3908 3907
f 3864 3908 3863
f 3864 3909 3908
f 3865 3909 3864
f 3865 3910 3909
f 3866 3910 3865
f 3866 3911 3910
f 3867 3911 3866
f 3867 3912 3911
f 3868 3912 3867
f 3868 3913 3912
f 3869 3913 3868
f 3869 3914 3913
f 3870 3914 3869
f 3870 3915 3914
f 3871 3915 3870
f 3871 3916 3915
f 3872 3916 3871
f 3872 3917 3916
f 3873 3917 3872
f 3873 3918 3917
f 3874 3918 3873
f 3874 3919 3918
f 3875 3919 3874
f 3875 3920 3919
f 3876 3920 3875
f 3876 3921 3920
f 3877 3921 3876
f 3877 3922 3921
f 3878 3922 3877
f 3878 3923 3922
f 3879 3923 3878
f 3879 3924 3923
f 3880 3924 3879
f 3880 3925 3924
f 3881 3925 3880
f 3881 3926 3925
f 3883 3927 3882
f 3883 3928 3927
f 3884 3928 3883
f 3884 3929 3928
f 3885 3929 3884
f 3885 3930 3929
f 3886 3930 3885
f 3886 3931 3930
f 3887 3931 3886
f 3887 3932 3931
f 3888 3932 3887
f 3888 3933 3932
f 3889 3933 3888
f 3889 3934 3933
f 3890 3934 3889
f 3890 3935 3934
f 3891 3935 3890
f 3891 3936 3935
f 3892 3936 3891
f 3892 3937 3936
f 3893 3937 3892
f 3893 3938 3937
f 3894 3938 3893
f 3894 3939 3938
f 3895 3939 3894
f 3895 3940 3939
f 3896 3940 3895
f 3896 3941 3940
f 3897 3941 3896
f 3897 3942 3941
f 3898 3942 3897
f 3898 3943 3942
f 3899 3943 3898
f 3899 3944 3943
f 3900 3944 3899
f 3900 3945 3944
f 3901 3945 3900
f 3901 3946 3945
f 3902 3946 3901
f 3902 3947 3946
f 3903 3947 3902
f 3903 3948 3947
f 3904 3948 3903
f 3904 3949 3948
f 3905 3949 3904
f 3905 3950 3949
f 3906 3950 3905
f 3906 3951 3950
f 3907 3951 3906
f 3907 3952 3951
f 3908 3952 3907
f 3908 3953 3952
f 3909 3953 3908
f 3909 3954 3953
f 3910 3954 3909
f 3910 3955 3954
f 3911 3955 3910
f 3911 3956 3955
f 3912 3956 3911
f 3912 3957 3956
f 3913 3957 3912
f 3913 3958 3957
f 3914 3958 3913
f 3914 3959 3958
f 3915 3959 3914
f 3915 3960 3959
f 3916 3960 3915
f 3916 3961 3960
f 3917 3961 3916
f 3917 3962 3961
f 3918 3962 3917
f 3918 3963 3962
f 3919 3963 3918
f 3919 3964 3963
f 3920 3964 3919
f 3920 3965 3964
f 3921 3965 3920
f 3921 3966 3965
f 3922 3966 3921
f 3922 3967 3966
f 3923 3967 3922
f 3923 3968 3967
f 3924 3968 3923
f 3924 3969 3968
f 3925 3969 3924
f 3925 3970 3969
f 3926 3970 3925
f 3928 3971 3927
f 3928 3972 3971
f 3929 3972 3928
f 3929 3973 3972
f 3930 3973 3929
f 3930 3974 3973
f 3931 3974 3930
f 3931 3975 3974
f 3932 3975 3931
f 3932 3976 3975
f 3933 3976 3932
f 3933 3977 3976
f 3934 3977 3933
f 3934 3978 3977
f 3935 3978 3934
f 3935 3979 3978
f 3936 3979 3935
f 3936 3980 3979
f 3937 3980 3936
f 3937 3981 3980
f 3938 3981 3937
f 3938 3982 3981
f 3939 3982 3938
f 3939 3983 3982
f 3940 3983 3939
f 3940 3984 3983
f 3941 3984 3940
f 3941 3985 3984
f 3942 3985 3941
f 3942 3986 3985
f 3943 3986 3942
f 3943 3987 3986
f 3944 3987 3943
f 3944 3988 3987
f 3945 3988 3944
f 3945 3989 3988
f 3946 3989 3945
f 3946 3990 3989
f 3947 3990 3946
f 3947 3991 3990
f 3948 3991 3947
f 3948 3992 3991
f 3949 3992 3948
f 3949 3993 3992
f 3950 3993 3949
f 3950 3994 3993
f 3951 3994 3950
f 3951 3995 3994
f 3952 3995 3951
f 3952 3996 3995
f 3953 3996 3952
f 3953 3997 3996
f 3954 3997 3953
f 3954 3998 3997
f 3955 3998 3954
f 3955 3999 3998
f 3956 3999 3955
f 3956 4000 3999
f 3957 4000 3956
f 3957 4001 4000
f 3958 4001 3957
f 3958 4002 4001
f 3959 4002 3958
f 3959 4003 4002
f 3960 4003 3959
f 3960 4004 4003
f 3961 4004 3960
f 3961 4005 4004
f 3962 4005 3961
f 3962 4006 4005
f 3963 4006 3962
f 3963 4007 4006
f 3964 4007 3963
f 3964 4008 4007
f 3965 4008 3964
f 3965 4009 4008
f 3966 4009 3965
f 3966 4010 4009
f 3967 4010 3966
f 3967 4011 4010
f 3968 4011 3967
f 3968 4012 4011
f 3969 4012 3968
f 3969 4013 4012
f 3970 4013 3969
f 3970 4014 4013
f 3972 4015 3971
f 3972 4016 4015
f 3973 4016 3972
f 3973 4017 4016
f 3974 4017 3973
f 3974 4018 4017
f 3975 4018 3974
f 3975 4019 4018
f 3976 4019 3975
f 3976 4020 4019
f 3977 4020 3976
f 3977 4021 4020
f 3978 4021 3977
f 3978 4022 4021
f 3979 4022 3978
f 3979 4023 4022
f 3980 4023 3979
f 3980 4024 4023
f 3981 4024 3980
f 3981 4025 4024
f 3982 4025 3981
f 3982 4026 4025
f 3983 4026 3982
f 3983 4027 4026
f 3984 4027 3983
f 3984 4028 4027
f 3985 4028 3984
f 3985 4029 4028
f 3986 4029 3985
f 3986 4030 4029
f 3987 4030 3986
f 3987 4031 4030
f 3988 4031 3987
f 3988 4032 4031
f 3989 4032 3988
f 3989 4033 4032
f 3990 4033 3989
f 3990 4034 4033
f 3991 4034 3990
f 3991 4035 4034
f 3992 4035 3991
f 3992 4036 4035
f 3993 4036 3992
f 3993 4037 4036
f 3994 4037 3993
f 3994 4038 4037
f 3995 4038 3994
f 3995 4039 4038
f 3996 4039 3995
f 3996 4040 4039
f 3997 4040 3996
f 3997 4041 4040
f 3998 4041 3997
f 3998 4042 4041
f 3999 4042 3998
f 3999 4043 4042
f 4000 4043 3999
f 4000 4044 4043
f 4001 4044 4000
f 4001 4045 4044
f 4002 4045 4001
f 4002 4046 4045
f 4003 4046 4002
f 4003 4047 4046
f 4004 4047 4003
f 4004 4048 4047
f 4005 4048 4004
f 4005 4049 4048
f 4006 4049 4005
f 4006 4050 4049
f 4007 4050 4006
f 4007 4051 4050
f 4008 4051 4007
f 4008 4052 4051
f 4009 4052 4008
f 4009 4053 4052
f 4010 4053 4009
f 4010 4054 4053
f 4011 4054 4010
f 4011 4055 4054
f 4012 4055 4011
f 4012 4056 4055
f 4013 4056 4012
f 4013 4057 4056
f 4014 4057 4013
f 4014 4058 4057
f 4016 4059 4015
f 4016 4060 4059
f 4017 4060 4016
f 4017 4061 4060
f 4018 4061 4017
f 4018 4062 4061
f 4019 4062 4018
f 4019 4063 4062
f 4020 4063 4019
f 4020 4064 4063
f 4021 4064 4020
f 4021 4065 4064
f 4022 4065 4021
f 4022 4066 4065
f 4023 4066 4022
f 4023 4067 4066
f 4024 4067 4023
f 4024 4068 4067
f 4025 4068 4024
f 4025 4069 4068
f 4026 4069 4025
f 4026 4070 4069
f 4027 4070 4026
f 4027 4071 4070
f 4028 4071 4027
f 4028 4072 4071
f 4029 4072 4028
f 4029 4073 4072
f 4030 4073 4029
f 4030 4074 4073
f 4031 4074 4030
f 4031 4075 4074
f 4032 4075 4031
f 4032 4076 4075
f 4033 4076 4032
f 4033 4077 4076
f 4034 4077 4033
f 4034 4078 4077
f 4035 4078 4034
f 4035 4079 4078
f 4036 4079 4035
f 4036 4080 4079
f 4037 4080 4036
f 4037 4081 4080
f 4038 4081 4037
f 4038 4082 4081
f 4039 4082 4038
f 4039 4083 4082
f 4040 4083 4039
f 4040 4084 4083
f 4041 4084 4040
f 4041 4085 4084
f 4042 4085 4041
f 4042 4086 4085
f 4043 4086 4042
f 4043 4087 4086
f 4044 4087 4043
f 4044 4088 4087
f 4045 4088 4044
f 4045 4089 4088
f 4046 4089 4045
f 4046 4090 4089
f 4047 4090 4046
f 4047 4091 4090
f 4048 4091 4047
f 4048 4092 4091
f 4049 4092 4048
f 4049 4093 4092
f 4050 4093 4049
f 4050 4094 4093
f 4051 4094 4050
f 4051 4095 4094
f 4052 4095 4051
f 4052 4096 4095
f 4053 4096 4052
f 4053 4097 4096
f 4054 4097 4053
f 4054 4098 4097
f 4055 4098 4054
f 4055 4099 4098
f 4056 4099 4055
f 4056 4100 4099
f 4057 4100 4056
f 4057 4101 4100
f 4058 4101 4057
f 4058 4102 4101
f 4060 4103 4059
f 4060 4104 4103
f 4061 4104 4060
f 4061 4105 4104
f 4062 4105 4061
f 4062 4106 4105
f 4063 4106 4062
f 4063 4107 4106
f 4064 4107 4063
f 4064 4108 4107
f 4065 4108 4064
f 4065 4109 4108
f 4066 4109 4065
f 4066 4110 4109
f 4067 4110 4066
f 4067 4111 4110
f 4068 4111 4067
f 4068 4112 4111
f 4069 4112 4068
f 4069 4113 4112
f 4070 4113 4069
f 4070 4114 4113
f 4071 4114 4070
f 4071 4115 4114
f 4072 4115 4071
f 4072 4116 4115
f 4073 4116 4072
f 4073 4117 4116
f 4074 4117 4073
f 4074 4118 4117
f 4075 4118 4074
f 4075 4119 4118
f 4076 4119 4075
f 4076 4120 4119
f 4077 4120 4076
f 4077 4121 4120
f 4078 4121 4077
f 4078 4122 4121
f 4079 4122 4078
f 4079 4123 4122
f 4080 4123 4079
f 4080 4124 4123
f 4081 4124 4080
f 4081 4125 4124
f 4082 4125 4081
f 4082 4126 4125
f 4083 4126 4082
f 4083 4127 4126
f 4084 4127 4083
f 4084 4128 4127
f 4085 4128 4084
f 4085 4129 4128
f 4086 4129 4085
f 4086 4130 4129
f 4087 4130 4086
f 4087 4131 4130
f 4088 4131 4087
f 4088 4132 4131
f 4089 4132 4088
f 4089 4133 4132
f 4090 4133 4089
f 4090 4134 4133
f 4091 4134 4090
f 4091 4135 4134
f 4092 4135 4091
f 4092 4136 4135
f 4093 4136 4092
f 4093 4137 4136
f 4094 4137 4093
f 4094 4138 4137
f 4095 4138 4094
f 4095 4139 4138
f 4096 4139 4095
f 4096 4140 4139
f 4097 4140 4096
f 4097 4141 4140
f 4098 4141 4097
f 4098 4142 4141
f 4099 4142 4098
f 4099 4143 4142
f 4100 4143 4099
f 4100 4144 4143
f 4101 4144 4100
f 4101 4145 4144
f 4102 4145 4101
f 4102 4146 4145
f 4105 4147 4104
f 4105 4148 4147
f 4106 4148 4105
f 4106 4149 4148
f 4107 4149 4106
f 4107 4150 4149
f 4108 4150 4107
f 4108 4151 4150
f 4109 4151 4108
f 4109 4152 4151
f 4110 4152 4109
f 4110 4153 4152
f 4111 4153 4110
f 4111 4154 4153
f 4112 4154 4111
f 4112 4155 4154
f 4113 4155 4112
f 4113 4156 4155
f 4114 4156 4113
f 4114 4157 4156
f 4115 4157 4114
f 4115 4158 4157
f 4116 4158 4115
f 4116 4159 4158
f 4117 4159 4116
f 4117 4160 4159
f 4118 4160 4117
f 4118 4161 4160
f 4119 4161 4118
f 4119 4162 4161
f 4120 4162 4119
f 4120 4163 4162
f 4121 4163 4120
f 4121 4164 4163
f 4122 4164 4121
f 4122 4165 4164
f 4123 4165 4122
f 4123 4166 4165
f 4124 4166 4123
f 4124 4167 4166
f 4125 4167 4124
f 4125 4168 4167
f 4126 4168 4125
f 4126 4169 4168
f 4127 4169 4126
f 4127 4170 4169
f 4128 4170 4127
f 4128 4171 4170
f 4129 4171 4128
f 4129 4172 4171
f 4130 4172 4129
f 4130 4173 4172
f 4131 4173 4130
f 4131 4174 4173
f 4132 4174 4131
f 4132 4175 4174
f 4133 4175 4132
f 4133 4176 4175
f 4134 4176 4133
f 4134 4177 4176
f 4135 4177 4134
f 4135 4178 4177
f 4136 4178 4135
f 4136 4179 4178
f 4137 4179 4136
f 4137 4180 4179
f 4138 4180 4137
f 4138 4181 4180
f 4139 4181 4138
f 4139 4182 4181
f 4140 4182 4139
f 4140 4183 4182
f 4141 4183 4140
f 4141 4184 4183
f 4142 4184 4141
f 4142 4185 4184
f 4143 4185 4142
f 4143 4186 4185
f 4144 4186 4143
f 4144 4187 4186
f 4145 4187 4144
f 4145 4188 4187
f 4146 4188 4145
f 4146 4189 4188
f 4148 4190 4147
f 4148 4191 4190
f 4149 4191 4148
f 4149 4192 4191
f 4150 4192 4149
f 4150 4193 4192
f 4151 4193 4150
f 4151 4194 4193
f 4152 4194 4151
f 4152 4195 4194
f 4153 4195 4152
f 4153 4196 4195
f 4154 4196 4153
f 4154 4197 4196
f 4155 4197 4154
f 4155 4198 4197
f 4156 4198 4155
f 4156 4199 4198
f 4157 4199 4156
f 4157 4200 4199
f 4158 4200 4157
f 4158 4201 4200
f 4159 4201 4158
f 4159 4202 4201
f 4160 4202 4159
f 4160 4203 4202
f 4161 4203 4160
f 4161 4204 4203
f 4162 4204 4161
f 4162 4205 4204
f 4163 4205 4162
f 4163 4206 4205
f 4164 4206 4163
f 4164 4207 4206
f 4165 4207 4164
f 4165 4208 4207
f 4166 4208 4165
f 4166 4209 4208
f 4167 4209 4166
f 4167 4210 4209
f 4168 4210 4167
f 4168 4211 4210
f 4169 4211 4168
f 4169 4212 4211
f 4170 4212 4169
f 4170 4213 4212
f 4171 4213 4170
f 4171 4214 4213
f 4172 4214 4171
f 4172 4215 4214
f 4173 4215 4172
f 4173 4216 4215
f 4174 4216 4173
f 4174 4217 4216
f 4175 4217 4174
f 4175 4218 4217
f 4176 4218 4175
f 4176 4219 4218
f 4177 4219 4176
f 4177 4220 4219
f 4178 4220 4177
f 4178 4221 4220
f 4179 4221 4178
f 4179 4222 4221
f 4180 4222 4179
f 4180 4223 4222
f 4181 4223 4180
f 4181 4224 4223
f 4182 4224 4181
f 4182 4225 4224
f 4183 4225 4182
f 4183 4226 4225
f 4184 4226 4183
f 4184 4227 4226
f 4185 4227 4184
f 4185 4228 4227
f 4186 4228 4185
f 4186 4229 4228
f 4187 4229 4186
f 4187 4230 4229
f 4188 4230 4187
f 4188 4231 4230
f 4189 4231 4188
f 4189 4232 4231
f 4191 4233 4190
f 4191 4234 4233
f 4192 4234 4191
f 4192 4235 4234
f 4193 4235 4192
f 4193 4236 4235
f 4194 4236 4193
f 4194 4237 4236
f 4195 4237 4194
f 4195 4238 4237
f 4196 4238 4195
f 4196 4239 4238
f 4197 4239 4196
f 4197 4240 4239
f 4198 4240 4197
f 4198 4241 4240
f 4199 4241 4198
f 4199 4242 4241
f 4200 4242 4199
f 4200 4243 4242
f 4201 4243 4200
f 4201 4244 4243
f 4202 4244 4201
f 4202 4245 4244
f 4203 4245 4202
f 4203 4246 4245
f 4204 4246 4203
f 4204 4247 4246
f 4205 4247 4204
f 4205 4248 4247
f 4206 4248 4205
f 4206 4249 4248
f 4207 4249 4206
f 4207 4250 4249
f 4208 4250 4207
f 4208 4251 4250
f 4209 4251 4208
f 4209 4252 4251
f 4210 4252 4209
f 4210 4253 4252
f 4211 4253 4210
f 4211 4254 4253
f 4212 4254 4211
f 4212 4255 4254
f 4213 4255 4212
f 4213 4256 4255
f 4214 4256 4213
f 4214 4257 4256
f 4215 4257 4214
f 4215 4258 4257
f 4216 4258 4215
f 4216 4259 4258
f 4217 4259 4216
f 4217 4260 4259
f 4218 4260 4217
f 4218 4261 4260
f 4219 4261 4218
f 4219 4262 4261
f 4220 4262 4219
f 4220 4263 4262
f 4221 4263 4220
f 4221 4264 4263
f 4222 4264 4221
f 4222 4265 4264
f 4223 4265 4222
f 4223 4266 4265
f 4224 4266 4223
f 4224 4267 4266
f 4225 4267 4224
f 4225 4268 4267
f 4226 4268 4225
f 4226 4269 4268
f 4227 4269 4226
f 4227 4270 4269
f 4228 4270 4227
f 4228 4271 4270
f 4229 4271 4228
f 4229 4272 4271
f 4230 4272 4229
f 4230 4273 4272
f 4231 4273 4230
f 4231 4274 4273
f 4232 4274 4231
f 4232 4275 4274
f 4235 4276 4234
f 4235 4277 4276
f 4236 4277 4235
f 4236 4278 4277
f 4237 4278 4236
f 4237 4279 4278
f 4238 4279 4237
f 4238 4280 4279
f 4239 4280 4238
f 4239 4281 4280
f 4240 4281 4239
f 4240 4282 4281
f 4241 4282 4240
f 4241 4283 4282
f 4242 4283 4241
f 4242 4284 4283
f 4243 4284 4242
f 4243 4285 4284
f 4244 4285 4243
f 4244 4286 4285
f 4245 4286 4244
f 4245 4287 4286
f 4246 4287 4245
f 4246 4288 4287
f 4247 4288 4246
f 4247 4289 4288
f 4248 4289 4247
f 4248 4290 4289
f 4249 4290 4248
f 4249 4291 4290
f 4250 4291 4249
f 4250 4292 4291
f 4251 4292 4250
f 4251 4293 4292
f 4252 4293 4251
f 4252 4294 4293
f 4253 4294 4252
f 4253 4295 4294
f 4254 4295 4253
f 4254 4296 4295
f 4255 4296 4254
f 4255 4297 4296
f 4256 4297 4255
f 4256 4298 4297
f 4257 4298 4256
f 4257 4299 4298
f 4258 4299 4257
f 4258 4300 4299
f 4259 4300 4258
f 4259 4301 4300
f 4260 4301 4259
f 4260 4302 4301
f 4261 4302 4260
f 4261 4303 4302
f 4262 4303 4261
f 4262 4304 4303
f 4263 4304 4262
f 4263 4305 4304
f 4264 4305 4263
f 4264 4306 4305
f 4265 4306 4264
f 4265 4307 4306
f 4266 4307 4265
f 4266 4308 4307
f 4267 4308 4266
f 4267 4309 4308
f 4268 4309 4267
f 4268 4310 4309
f 4269 4310 4268
f 4269 4311 4310
f 4270 4311 4269
f 4270 4312 4311
f 4271 4312 4270
f 4271 4313 4312
f 4272 4313 4271
f 4272 4314 4313
f 4273 4314 4272
f 4273 4315 4314
f 4274 4315 4273
f 4274 4316 4315
f 4275 4316 4274
f 4277 4317 4276
f 4277 4318 4317
f 4278 4318 4277
f 4278 4319 4318
f 4279 4319 4278
f 4279 4320 4319
f 4280 4320 4279
f 4280 4321 4320
f 4281 4321 4280
f 4281 4322 4321
f 4282 4322 4281
f 4282 4323 4322
f 4283 4323 4282
f 4283 4324 4323
f 4284 4324 4283
f 4284 4325 4324
f 4285 4325 4284
f 4285 4326 4325
f 4286 4326 4285
f 4286 4327 4326
f 4287 4327 4286
f 4287 4328 4327
f 4288 4328 4287
f 4288 4329 4328
f 4289 4329 4288
f 4289 4330 4329
f 4290 4330 4289
f 4290 4331 4330
f 4291 4331 4290
f 4291 4332 4331
f 4292 4332 4291
f 4292 4333 4332
f 4293 4333 4292
f 4293 4334 4333
f 4294 4334 4293
f 4294 4335 4334
f 4295 4335 4294
f 4295 4336 4335
f 4296 4336 4295
f 4296 4337 4336
f 4297 4337 4296
f 4297 4338 4337
f 4298 4338 4297
f 4298 4339 4338
f 4299 4339 4298
f 4299 4340 4339
f 4300 4340 4299
f 4300 4341 4340
f 4301 4341 4300
f 4301 4342 4341
f 4302 4342 4301
f 4302 4343 4342
f 4303 4343 4302
f 4303 4344 4343
f 4304 4344 4303
f 4304 4345 4344
f 4305 4345 4304
f 4305 4346 4345
f 4306 4346 4305
f 4306 4347 4346
f 4307 4347 4306
f 4307 4348 4347
f 4308 4348 4307
f 4308 4349 4348
f 4309 4349 4308
f 4309 4350 4349
f 4310 4350 4309
f 4310 4351 4350
f 4311 4351 4310
f 4311 4352 4351
f 4312 4352 4311
f 4312 4353 4352
f 4313 4353 4312
f 4313 4354 4353
f 4314 4354 4313
f 4314 4355 4354
f 4315 4355 4314
f 4315 4356 4355
f 4316 4356 4315
f 4316 4357 4356
f 4319 4358 4318
f 4319 4359 4358
f 4320 4359 4319
f 4320 4360 4359
f 4321 4360 4320
f 4321 4361 4360
f 4322 4361 4321
f 4322 4362 4361
f 4323 4362 4322
f 4323 4363 4362
f 4324 4363 4323
f 4324 4364 4363
f 4325 4364 4324
f 4325 4365 4364
f 4326 4365 4325
f 4326 4366 4365
f 4327 4366 4326
f 4327 4367 4366
f 4328 4367 4327
f 4328 4368 4367
f 4329 4368 4328
f 4329 4369 4368
f 4330 4369 4329
f 4330 4370 4369
f 4331 4370 4330
f 4331 4371 4370
f 4332 4371 4331
f 4332 4372 4371
f 4333 4372 4332
f 4333 4373 4372
f 4334 4373 4333
f 4334 4374 4373
f 4335 4374 4334
f 4335 4375 4374
f 4336 4375 4335
f 4336 4376 4375
f 4337 4376 4336
f 4337 4377 4376
f 4338 4377 4337
f 4338 4378 4377
f 4339 4378 4338
f 4339 4379 4378
f 4340 4379 4339
f 4340 4380 4379
f 4341 4380 4340
f 4341 4381 4380
f 4342 4381 4341
f 4342 4382 4381
f 4343 4382 4342
f 4343 4383 4382
f 4344 4383 4343
f 4344 4384 4383
f 4345 4384 4344
f 4345 4385 4384
f 4346 4385 4345
f 4346 4386 4385
f 4347 4386 4346
f 4347 4387 4386
f 4348 4387 4347
f 4348 4388 4387
f 4349 4388 4348
f 4349 4389 4388
f 4350 4389 4349
f 4350 4390 4389
f 4351 4390 4350
f 4351 4391 4390
f 4352 4391 4351
f 4352 4392 4391
f 4353 4392 4352
f 4353 4393 4392
f 4354 4393 4353
f 4354 4394 4393
f 4355 4394 4354
f 4355 4395 4394
f 4356 4395 4355
f 4356 4396 4395
f 4357 4396 4356
f 4357 4397 4396
f 4359 4398 4358
f 4359 4399 4398
f 4360 4399 4359
f 4360 4400 4399
f 4361 4400 4360
f 4361 4401 4400
f 4362 4401 4361
f 4362 4402 4401
f 4363 4402 4362
f 4363 4403 4402
f 4364 4403 4363
f 4364 4404 4403
f 4365 4404 4364
f 4365 4405 4404
f 4366 4405 4365
f 4366 4406 4405
f 4367 4406 4366
f 4367 4407 4406
f 4368 4407 4367
f 4368 4408 4407
f 4369 4408 4368
f 4369 4409 4408
f 4370 4409 4369
f 4370 4410 4409
f 4371 4410 4370
f 4371 4411 4410
f 4372 4411 4371
f 4372 4412 4411
f 4373 4412 4372
f 4373 4413 4412
f 4374 4413 4373
f 4374 4414 4413
f 4375 4414 4374
f 4375 4415 4414
f 4376 4415 4375
f 4376 4416 4415
f 4377 4416 4376
f 4377 4417 4416
f 4378 4417 4377
f 4378 4418 4417
f 4379 4418 4378
f 4379 4419 4418
f 4380 4419 4379
f 4380 4420 4419
f 4381 4420 4380
f 4381 4421 4420
f 4382 4421 4381
f 4382 4422 4421
f 4383 4422 4382
f 4383 4423 4422
f 4384 4423 4383
f 4384 4424 4423
f 4385 4424 4384
f 4385 4425 4424
f 4386 4425 4385
f 4386 4426 4425
f 4387 4426 4386
f 4387 4427 4426
f 4388 4427 4387
f 4388 4428 4427
f 4389 4428 4388
f 4389 4429 4428
f 4390 4429 4389
f 4390 4430 4429
f 4391 4430 4390
f 4391 4431 4430
f 4392 4431 4391
f 4392 4432 4431
f 4393 4432 4392
f 4393 4433 4432
f 4394 4433 4393
f 4394 4434 4433
f 4395 4434 4394
f 4395 4435 4434
f 4396 4435 4395
f 4396 4436 4435
f 4397 4436 4396
f 4397 4437 4436
f 4400 4438 4399
f 4400 4439 4438
f 4401 4439 4400
f 4401 4440 4439
f 4402 4440 4401
f 4402 4441 4440
f 4403 4441 4402
f 4403 4442 4441
f 4404 4442 4403
f 4404 4443 4442
f 4405 4443 4404
f 4405 4444 4443
f 4406 4444 4405
f 4406 4445 4444
f 4407 4445 4406
f 4407 4446 4445
f 4408 4446 4407
f 4408 4447 4446
f 4409 4447 4408
f 4409 4448 4447
f 4410 4448 4409
f 4410 4449 4448
f 4411 4449 4410
f 4411 4450 4449
f 4412 4450 4411
f 4412 4451 4450
f 4413 4451 4412
f 4413 4452 4451
f 4414 4452 4413
f 4414 4453 4452
f 4415 4453 4414
f 4415 4454 4453
f 4416 4454 4415
f 4416 4455 4454
f 4417 4455 4416
f 4417 4456 4455
f 4418 4456 4417
f 4418 4457 4456
f 4419 4457 4418
f 4419 4458 4457
f 4420 4458 4419
f 4420 4459 4458
f 4421 4459 4420
f 4421 4460 4459
f 4422 4460 4421
f 4422 4461 4460
f 4423 4461 4422
f 4423 4462 4461
f 4424 4462 4423
f 4424 4463 4462
f 4425 4463 4424
f 4425 4464 4463
f 4426 4464 4425
f 4426 4465 4464
f 4427 4465 4426
f 4427 4466 4465
f 4428 4466 4427
f 4428 4467 4466
f 4429 4467 4428
f 4429 4468 4467
f 4430 4468 4429
f 4430 4469 4468
f 4431 4469 4430
f 4431 4470 4469
f 4432 4470 4431
f 4432 4471 4470
f 4433 4471 4432
f 4433 4472 4471
f 4434 4472 4433
f 4434 4473 4472
f 4435 4473 4434
f 4435 4474 4473
f 4436 4474 4435
f 4436 4475 4474
f 4437 4475 4436
f 4437 4476 4475
f 4439 4477 4438
f 4439 4478 4477
f 4440 4478 4439
f 4440 4479 4478
f 4441 4479 4440
f 4441 4480 4479
f 4442 4480 4441
f 4442 4481 4480
f 4443 4481 4442
f 4443 4482 4481
f 4444 4482 4443
f 4444 4483 4482
f 4445 4483 4444
f 4445 4484 4483
f 4446 4484 4445
f 4446 4485 4484
f 4447 4485 4446
f 4447 4486 4485
f 4448 4486 4447
f 4448 4487 4486
f 4449 4487 4448
f 4449 4488 4487
f 4450 4488 4449
f 4450 4489 4488
f 4451 4489 4450
f 4451 4490 4489
f 4452 4490 4451
f 4452 4491 4490
f 4453 4491 4452
f 4453 4492 4491
f 4454 4492 4453
f 4454 4493 4492
f 4455 4493 4454
f 4455 4494 4493
f 4456 4494 4455
f 4456 4495 4494
f 4457 4495 4456
f 4457 4496 4495
f 4458 4496 4457
f 4458 4497 4496
f 4459 4497 4458
f 4459 4498 4497
f 4460 4498 4459
f 4460 4499 4498
f 4461 4499 4460
f 4461 4500 4499
f 4462 4500 4461
f 4462 4501 4500
f 4463 4501 4462
f 4463 4502 4501
f 4464 4502 4463
f 4464 4503 4502
f 4465 4503 4464
f 4465 4504 4503
f 4466 4504 4465
f 4466 4505 4504
f 4467 4505 4466
f 4467 4506 4505
f 4468 4506 4467
f 4468 4507 4506
f 4469 4507 4468
f 4469 4508 4507
f 4470 4508 4469
f 4470 4509 4508
f 4471 4509 4470
f 4471 4510 4509
f 4472 4510 4471
f 4472 4511 4510
f 4473 4511 4472
f 4473 4512 4511
f 4474 4512 4473
f 4474 4513 4512
f 4475 4513 4474
f 4475 4514 4513
f 4476 4514 4475
f 4476 4515 4514
f 4479 4516 4478
f 4479 4517 4516
f 4480 4517 4479
f 4480 4518 4517
f 4481 4518 4480
f 4481 4519 4518
f 4482 4519 4481
f 4482 4520 4519
f 4483 4520 4482
f 4483 4521 4520
f 4484 4521 4483
f 4484 4522 4521
f 4485 4522 4484
f 4485 4523 4522
f 4486 4523 4485
f 4486 4524 4523
f 4487 4524 4486
f 4487 4525 4524
f 4488 4525 4487
f 4488 4526 4525
f 4489 4526 4488
f 4489 4527 4526
f 4490 4527 4489
f 4490 4528 4527
f 4491 4528 4490
f 4491 4529 4528
f 4492 4529 4491
f 4492 4530 4529
f 4493 4530 4492
f 4493 4531 4530
f 4494 4531 4493
f 4494 4532 4531
f 4495 4532 4494
f 4495 4533 4532
f 4496 4533 4495
f 4496 4534 4533
f 4497 4534 4496
f 4497 4535 4534
f 4498 4535 4497
f 4498 4536 4535
f 4499 4536 4498
f 4499 4537 4536
f 4500 4537 4499
f 4500 4538 4537
f 4501 4538 4500
f 4501 4539 4538
f 4502 4539 4501
f 4502 4540 4539
f 4503 4540 4502
f 4503 4541 4540
f 4504 4541 4503
f 4504 4542 4541
f 4505 4542 4504
f 4505 4543 4542
f 4506 4543 4505
f 4506 4544 4543
f 4507 4544 4506
f 4507 4545 4544
f 4508 4545 4507
f 4508 4546 4545
f 4509 4546 4508
f 4509 4547 4546
f 4510 4547 4509
f 4510 4548 4547
f 4511 4548 4510
f 4511 4549 4548
f 4512 4549 4511
f 4512 4550 4549
f 4513 4550 4512
f 4513 4551 4550
f 4514 4551 4513
f 4514 4552 4551
f 4515 4552 4514
f 4515 4553 4552
f 4517 4554 4516
f 4517 4555 4554
f 4518 4555 4517
f 4518 4556 4555
f 4519 4556 4518
f 4519 4557 4556
f 4520 4557 4519
f 4520 4558 4557
f 4521 4558 4520
f 4521 4559 4558
f 4522 4559 4521
f 4522 4560 4559
f 4523 4560 4522
f 4523 4561 4560
f 4524 4561 4523
f 4524 4562 4561
f 4525 4562 4524
f 4525 4563 4562
f 4526 4563 4525
f 4526 4564 4563
f 4527 4564 4526
f 4527 4565 4564
f 4528 4565 4527
f 4528 4566 4565
f 4529 4566 4528
f 4529 4567 4566
f 4530 4567 4529
f 4530 4568 4567
f 4531 4568 4530
f 4531 4569 4568
f 4532 4569 4531
f 4532 4570 4569
f 4533 4570 4532
f 4533 4571 4570
f 4534 4571 4533
f 4534 4572 4571
f 4535 4572 4534
f 4535 4573 4572
f 4536 4573 4535
f 4536 4574 4573
f 4537 4574 4536
f 4537 4575 4574
f 4538 4575 4537
f 4538 4576 4575
f 4539 4576 4538
f 4539 4577 4576
f 4540 4577 4539
f 4540 4578 4577
f 4541 4578 4540
f 4541 4579 4578
f 4542 4579 4541
f 4542 4580 4579
f 4543 4580 4542
f 4543 4581 4580
f 4544 4581 4543
f 4544 4582 4581
f 4545 4582 4544
f 4545 4583 4582
f 4546 4583 4545
f 4546 4584 4583
f 4547 4584 4546
f 4547 4585 4584
f 4548 4585 4547
f 4548 4586 4585
f 4549 4586 4548
f 4549 4587 4586
f 4550 4587 4549
f 4550 4588 4587
f 4551 4588 4550
f 4551 4589 4588
f 4552 4589 4551
f 4552 4590 4589
f 4553 4590 4552
f 4553 4591 4590
f 4555 4592 4554
f 4555 4593 4592
f 4556 4593 4555
f 4556 4594 4593
f 4557 4594 4556
f 4557 4595 4594
f 4558 4595 4557
f 4558 4596 4595
f 4559 4596 4558
f 4559 4597 4596
f 4560 4597 4559
f 4560 4598 4597
f 4561 4598 4560
f 4561 4599 4598
f 4562 4599 4561
f 4562 4600 4599
f 4563 4600 4562
f 4563 4601 4600
f 4564 4601 4563
f 4564 4602 4601
f 4565 4602 4564
f 4565 4603 4602
f 4566 4603 4565
f 4566 4604 4603
f 4567 4604 4566
f 4567 4605 4604
f 4568 4605 4567
f 4568 4606 4605
f 4569 4606 4568
f 4569 4607 4606
f 4570 4607 4569
f 4570 4608 4607
f 4571 4608 4570
f 4571 4609 4608
f 4572 4609 4571
f 4572 4610 4609
f 4573 4610 4572
f 4573 4611 4610
f 4574 4611 4573
f 4574 4612 4611
f 4575 4612 4574
f 4575 4613 4612
f 4576 4613 4575
f 4576 4614 4613
f 4577 4614 4576
f 4577 4615 4614
f 4578 4615 4577
f 4578 4616 4615
f 4579 4616 4578
f 4579 4617 4616
f 4580 4617 4579
f 4580 4618 4617
f 4581 4618 4580
f 4581 4619 4618
f 4582 4619 4581
f 4582 4620 4619
f 4583 4620 4582
f 4583 4621 4620
f 4584 4621 4583
f 4584 4622 4621
f 4585 4622 4584
f 4585 4623 4622
f 4586 4623 4585
f 4586 4624 4623
f 4587 4624 4586
f 4587 4625 4624
f 4588 4625 4587
f 4588 4626 4625
f 4589 4626 4588
f 4589 4627 4626
f 4590 4627 4589
f 4590 4628 4627
f 4591 4628 4590
f 4594 4629 4593
f 4594 4630 4629
f 4595 4630 4594
f 4595 4631 4630
f 4596 4631 4595
f 4596 4632 4631
f 4597 4632 4596
f 4597 4633 4632
f 4598 4633 4597
f 4598 4634 4633
f 4599 4634 4598
f 4599 4635 4634
f 4600 4635 4599
f 4600 4636 4635
f 4601 4636 4600
f 4601 4637 4636
f 4602 4637 4601
f 4602 4638 4637
f 4603 4638 4602
f 4603 4639 4638
f 4604 4639 4603
f 4604 4640 4639
f 4605 4640 4604
f 4605 4641 4640
f 4606 4641 4605
f 4606 4642 4641
f 4607 4642 4606
f 4607 4643 4642
f 4608 4643 4607
f 4608 4644 4643
f 4609 4644 4608
f 4609 4645 4644
f 4610 4645 4609
f 4610 4646 4645
f 4611 4646 4610
f 4611 4647 4646
f 4612 4647 4611
f 4612 4648 4647
f 4613 4648 4612
f 4613 4649 4648
f 4614 4649 4613
f 4614 4650 4649
f 4615 4650 4614
f 4615 4651 4650
f 4616 4651 4615
f 4616 4652 4651
f 4617 4652 4616
f 4617 4653 4652
f 4618 4653 4617
f 4618 4654 4653
f 4619 4654 4618
f 4619 4655 4654
f 4620 4655 4619
f 4620 4656 4655
f 4621 4656 4620
f 4621 4657 4656
f 4622 4657 4621
f 4622 4658 4657
f 4623 4658 4622
f 4623 4659 4658
f 4624 4659 4623
f 4624 4660 4659
f 4625 4660 4624
f 4625 4661 4660
f 4626 4661 4625
f 4626 4662 4661
f 4627 4662 4626
f 4627 4663 4662
f 4628 4663 4627
f 4628 4664 4663
f 4630 4665 4629
f 4630 4666 4665
f 4631 4666 4630
f 4631 4667 4666
f 4632 4667 4631
f 4632 4668 4667
f 4633 4668 4632
f 4633 4669 4668
f 4634 4669 4633
f 4634 4670 4669
f 4635 4670 4634
f 4635 4671 4670
f 4636 4671 4635
f 4636 4672 4671
f 4637 4672 4636
f 4637 4673 4672
f 4638 4673 4637
f 4638 4674 4673
f 4639 4674 4638
f 4639 4675 4674
f 4640 4675 4639
f 4640 4676 4675
f 4641 4676 4640
f 4641 4677 4676
f 4642 4677 4641
f 4642 4678 4677
f 4643 4678 4642
f 4643 4679 4678
f 4644 4679 4643
f 4644 4680 4679
f 4645 4680 4644
f 4645 4681 4680
f 4646 4681 4645
f 4646 4682 4681
f 4647 4682 4646
f 4647 4683 4682
f 4648 4683 4647
f 4648 4684 4683
f 4649 4684 4648
f 4649 4685 4684
f 4650 4685 4649
f 4650 4686 4685
f 4651 4686 4650
f 4651 4687 4686
f 4652 4687 4651
f 4652 4688 4687
f 4653 4688 4652
f 4653 4689 4688
f 4654 4689 4653
f 4654 4690 4689
f 4655 4690 4654
f 4655 4691 4690
f 4656 4691 4655
f 4656 4692 4691
f 4657 4692 4656
f 4657 4693 4692
f 4658 4693 4657
f 4658 4694 4693
f 4659 4694 4658
f 4659 4695 4694
f 4660 4695 4659
f 4660 4696 4695
f 4661 4696 4660
f 4661 4697 4696
f 4662 4697 4661
f 4662 4698 4697
f 4663 4698 4662
f 4663 4699 4698
f 4664 4699 4663
f 4664 4700 4699
f 4667 4701 4666
f 4667 4702 4701
f 4668 4702 4667
f 4668 4703 4702
f 4669 4703 4668
f 4669 4704 4703
f 4670 4704 4669
f 4670 4705 4704
f 4671 4705 4670
f 4671 4706 4705
f 4672 4706 4671
f 4672 4707 4706
f 4673 4707 4672
f 4673 4708 4707
f 4674 4708 4673
f 4674 4709 4708
f 4675 4709 4674
f 4675 4710 4709
f 4676 4710 4675
f 4676 4711 4710
f 4677 4711 4676
f 4677 4712 4711
f 4678 4712 4677
f 4678 4713 4712
f 4679 4713 4678
f 4679 4714 4713
f 4680 4714 4679
f 4680 4715 4714
f 4681 4715 4680
f 4681 4716 4715
f 4682 4716 4681
f 4682 4717 4716
f 4683 4717 4682
f 4683 4718 4717
f 4684 4718 4683
f 4684 4719 4718
f 4685 4719 4684
f 4685 4720 4719
f 4686 4720 4685
f 4686 4721 4720
f 4687 4721 4686
f 4687 4722 4721
f 4688 4722 4687
f 4688 4723 4722
f 4689 4723 4688
f 4689 4724 4723
f 4690 4724 4689
f 4690 4725 4724
f 4691 4725 4690
f 4691 4726 4725
f 4692 4726 4691
f 4692 4727 4726
f 4693 4727 4692
f 4693 4728 4727
f 4694 4728 4693
f 4694 4729 4728
f 4695 4729 4694
f 4695 4730 4729
f 4696 4730 4695
f 4696 4731 4730
f 4697 4731 4696
f 4697 4732 4731
f 4698 4732 4697
f 4698 4733 4732
f 4699 4733 4698
f 4699 4734 4733
f 4700 4734 4699
f 4700 4735 4734
f 4703 4736 4702
f 4703 4737 4736
f 4704 4737 4703
f 4704 4738 4737
f 4705 4738 4704
f 4705 4739 4738
f 4706 4739 4705
f 4706 4740 4739
f 4707 4740 4706
f 4707 4741 4740
f 4708 4741 4707
f 4708 4742 4741
f 4709 4742 4708
f 4709 4743 4742
f 4710 4743 4709
f 4710 4744 4743
f 4711 4744 4710
f 4711 4745 4744
f 4712 4745 4711
f 4712 4746 4745
f 4713 4746 4712
f 4713 4747 4746
f 4714 4747 4713
f 4714 4748 4747
f 4715 4748 4714
f 4715 4749 4748
f 4716 4749 4715
f 4716 4750 4749
f 4717 4750 4716
f 4717 4751 4750
f 4718 4751 4717
f 4718 4752 4751
f 4719 4752 4718
f 4719 4753 4752
f 4720 4753 4719
f 4720 4754 4753
f 4721 4754 4720
f 4721 4755 4754
f 4722 4755 4721
f 4722 4756 4755
f 4723 4756 4722
f 4723 4757 4756
f 4724 4757 4723
f 4724 4758 4757
f 4725 4758 4724
f 4725 4759 4758
f 4726 4759 4725
f 4726 4760 4759
f 4727 4760 4726
f 4727 4761 4760
f 4728 4761 4727
f 4728 4762 4761
f 4729 4762 4728
f 4729 4763 4762
f 4730 4763 4729
f 4730 4764 4763
f 4731 4764 4730
f 4731 4765 4764
f 4732 4765 4731
f 4732 4766 4765
f 4733 4766 4732
f 4733 4767 4766
f 4734 4767 4733
f 4734 4768 4767
f 4735 4768 4734
f 4735 4769 4768
f 4738 4770 4737
f 4738 4771 4770
f 4739 4771 4738
f 4739 4772 4771
f 4740 4772 4739
f 4740 4773 4772
f 4741 4773 4740
f 4741 4774 4773
f 4742 4774 4741
f 4742 4775 4774
f 4743 4775 4742
f 4743 4776 4775
f 4744 4776 4743
f 4744 4777 4776
f 4745 4777 4744
f 4745 4778 4777
f 4746 4778 4745
f 4746 4779 4778
f 4747 4779 4746
f 4747 4780 4779
f 4748 4780 4747
f 4748 4781 4780
f 4749 4781 4748
f 4749 4782 4781
f 4750 4782 4749
f 4750 4783 4782
f 4751 4783 4750
f 4751 4784 4783
f 4752 4784 4751
f 4752 4785 4784
f 4753 4785 4752
f 4753 4786 4785
f 4754 4786 4753
f 4754 4787 4786
f 4755 4787 4754
f 4755 4788 4787
f 4756 4788 4755
f 4756 4789 4788
f 4757 4789 4756
f 4757 4790 4789
f 4758 4790 4757
f 4758 4791 4790
f 4759 4791 4758
f 4759 4792 4791
f 4760 4792 4759
f 4760 4793 4792
f 4761 4793 4760
f 4761 4794 4793
f 4762 4794 4761
f 4762 4795 4794
f 4763 4795 4762
f 4763 4796 4795
f 4764 4796 4763
f 4764 4797 4796
f 4765 4797 4764
f 4765 4798 4797
f 4766 4798 4765
f 4766 4799 4798
f 4767 4799 4766
f 4767 4800 4799
f 4768 4800 4767
f 4768 4801 4800
f 4769 4801 4768
f 4772 4802 4771
f 4772 4803 4802
f 4773 4803 4772
f 4773 4804 4803
f 4774 4804 4773
f 4774 4805 4804
f 4775 4805 4774
f 4775 4806 4805
f 4776 4806 4775
f 4776 4807 4806
f 4777 4807 4776
f 4777 4808 4807
f 4778 4808 4777
f 4778 4809 4808
f 4779 4809 4778
f 4779 4810 4809
f 4780 4810 4779
f 4780 4811 4810
f 4781 4811 4780
f 4781 4812 4811
f 4782 4812 4781
f 4782 4813 4812
f 4783 4813 4782
f 4783 4814 4813
f 4784 4814 4783
f 4784 4815 4814
f 4785 4815 4784
f 4785 4816 4815
f 4786 4816 4785
f 4786 4817 4816
f 4787 4817 4786
f 4787 4818 4817
f 4788 4818 4787
f 4788 4819 4818
f 4789 4819 4788
f 4789 4820 4819
f 4790 4820 4789
f 4790 4821 4820
f 4791 4821 4790
f 4791 4822 4821
f 4792 4822 4791
f 4792 4823 4822
f 4793 4823 4792
f 4793 4824 4823
f 4794 4824 4793
f 4794 4825 4824
f 4795 4825 4794
f 4795 4826 4825
f 4796 4826 4795
f 4796 4827 4826
f 4797 4827 4796
f 4797 4828 4827
f 4798 4828 4797
f 4798 4829 4828
f 4799 4829 4798
f 4799 4830 4829
f 4800 4830 4799
f 4800 4831 4830
f 4801 4831 4800
f 4801 4832 4831
f 4804 4833 4803
f 4804 4834 4833
f 4805 4834 4804
f 4805 4835 4834
f 4806 4835 4805
f 4806 4836 4835
f 4807 4836 4806
f 4807 4837 4836
f 4808 4837 4807
f 4808 4838 4837
f 4809 4838 4808
f 4809 4839 4838
f 4810 4839 4809
f 4810 4840 4839
f 4811 4840 4810
f 4811 4841 4840
f 4812 4841 4811
f 4812 4842 4841
f 4813 4842 4812
f 4813 4843 4842
f 4814 4843 4813
f 4814 4844 4843
f 4815 4844 4814
f 4815 4845 4844
f 4816 4845 4815
f 4816 4846 4845
f 4817 4846 4816
f 4817 4847 4846
f 4818 4847 4817
f 4818 4848 4847
f 4819 4848 4818
f 4819 4849 4848
f 4820 4849 4819
f 4820 4850 4849
f 4821 4850 4820
f 4821 4851 4850
f 4822 4851 4821
f 4822 4852 4851
f 4823 4852 4822
f 4823 4853 4852
f 4824 4853 4823
f 4824 4854 4853
f 4825 4854 4824
f 4825 4855 4854
f 4826 4855 4825
f 4826 4856 4855
f 4827 4856 4826
f 4827 4857 4856
f 4828 4857 4827
f 4828 4858 4857
f 4829 4858 4828
f 4829 4859 4858
f 4830 4859 4829
f 4830 4860 4859
f 4831 4860 4830
f 4831 4861 4860
f 4832 4861 4831
f 4832 4862 4861
f 4835 4863 4834
f 4835 4864 4863
f 4836 4864 4835
f 4836 4865 4864
f 4837 4865 4836
f 4837 4866 4865
f 4838 4866 4837
f 4838 4867 4866
f 4839 4867 4838
f 4839 4868 4867
f 4840 4868 4839
f 4840 4869 4868
f 4841 4869 4840
f 4841 4870 4869
f 4842 4870 4841
f 4842 4871 4870
f 4843 4871 4842
f 4843 4872 4871
f 4844 4872 4843
f 4844 4873 4872
f 4845 4873 4844
f 4845 4874 4873
f 4846 4874 4845
f 4846 4875 4874
f 4847 4875 4846
f 4847 4876 4875
f 4848 4876 4847
f 4848 4877 4876
f 4849 4877 4848
f 4849 4878 4877
f 4850 4878 4849
f 4850 4879 4878
f 4851 4879 4850
f 4851 4880 4879
f 4852 4880 4851
f 4852 4881 4880
f 4853 4881 4852
f 4853 4882 4881
f 4854 4882 4853
f 4854 4883 4882
f 4855 4883 4854
f 4855 4884 4883
f 4856 4884 4855
f 4856 4885 4884
f 4857 4885 4856
f 4857 4886 4885
f 4858 4886 4857
f 4858 4887 4886
f 4859 4887 4858
f 4859 4888 4887
f 4860 4888 4859
f 4860 4889 4888
f 4861 4889 4860
f 4861 4890 4889
f 4862 4890 4861
f 4862 4891 4890
f 4865 4892 4864
f 4865 4893 4892
f 4866 4893 4865
f 4866 4894 4893
f 4867 4894 4866
f 4867 4895 4894
f 4868 4895 4867
f 4868 4896 4895
f 4869 4896 4868
f 4869 4897 4896
f 4870 4897 4869
f 4870 4898 4897
f 4871 4898 4870
f 4871 4899 4898
f 4872 4899 4871
f 4872 4900 4899
f 4873 4900 4872
f 4873 4901 4900
f 4874 4901 4873
f 4874 4902 4901
f 4875 4902 4874
f 4875 4903 4902
f 4876 4903 4875
f 4876 4904 4903
f 4877 4904 4876
f 4877 4905 4904
f 4878 4905 4877
f 4878 4906 4905
f 4879 4906 4878
f 4879 4907 4906
f 4880 4907 4879
f 4880 4908 4907
f 4881 4908 4880
f 4881 4909 4908
f 4882 4909 4881
f 4882 4910 4909
f 4883 4910 4882
f 4883 4911 4910
f 4884 4911 4883
f 4884 4912 4911
f 4885 4912 4884
f 4885 4913 4912
f 4886 4913 4885
f 4886 4914 4913
f 4887 4914 4886
f 4887 4915 4914
f 4888 4915 4887
f 4888 4916 4915
f 4889 4916 4888
f 4889 4917 4916
f 4890 4917 4889
f 4890 4918 4917
f 4891 4918 4890
f 4891 4919 4918
f 4894 4920 4893
f 4894 4921 4920
f 4895 4921 4894
f 4895 4922 4921
f 4896 4922 4895
f 4896 4923 4922
f 4897 4923 4896
f 4897 4924 4923
f 4898 4924 4897
f 4898 4925 4924
f 4899 4925 4898
f 4899 4926 4925
f 4900 4926 4899
f 4900 4927 4926
f 4901 4927 4900
f 4901 4928 4927
f 4902 4928 4901
f 4902 4929 4928
f 4903 4929 4902
f 4903 4930 4929
f 4904 4930 4903
f 4904 4931 4930
f 4905 4931 4904
f 4905 4932 4931
f 4906 4932 4905
f 4906 4933 4932
f 4907 4933 4906
f 4907 4934 4933
f 4908 4934 4907
f 4908 4935 4934
f 4909 4935 4908
f 4909 4936 4935
f 4910 4936 4909
f 4910 4937 4936
f 4911 4937 4910
f 4911 4938 4937
f 4912 4938 4911
f 4912 4939 4938
f 4913 4939 4912
f 4913 4940 4939
f 4914 4940 4913
f 4914 4941 4940
f 4915 4941 4914
f 4915 4942 4941
f 4916 4942 4915
f 4916 4943 4942
f 4917 4943 4916
f 4917 4944 4943
f 4918 4944 4917
f 4918 4945 4944
f 4919 4945 4918
f 4921 4946 4920
f 4921 4947 4946
f 4922 4947 4921
f 4922 4948 4947
f 4923 4948 4922
f 4923 4949 4948
f 4924 4949 4923
f 4924 4950 4949
f 4925 4950 4924
f 4925 4951 4950
f 4926 4951 4925
f 4926 4952 4951
f 4927 4952 4926
f 4927 4953 4952
f 4928 4953 4927
f 4928 4954 4953
f 4929 4954 4928
f 4929 4955 4954
f 4930 4955 4929
f 4930 4956 4955
f 4931 4956 4930
f 4931 4957 4956
f 4932 4957 4931
f 4932 4958 4957
f 4933 4958 4932
f 4933 4959 4958
f 4934 4959 4933
f 4934 4960 4959
f 4935 4960 4934
f 4935 4961 4960
f 4936 4961 4935
f 4936 4962 4961
f 4937 4962 4936
f 4937 4963 4962
f 4938 4963 4937
f 4938 4964 4963
f 4939 4964 4938
f 4939 4965 4964
f 4940 4965 4939
f 4940 4966 4965
f 4941 4966 4940
f 4941 4967 4966
f 4942 4967 4941
f 4942 4968 4967
f 4943 4968 4942
f 4943 4969 4968
f 4944 4969 4943
f 4944 4970 4969
f 4945 4970 4944
f 4945 4971 4970
f 4948 4972 4947
f 4948 4973 4972
f 4949 4973 4948
f 4949 4974 4973
f 4950 4974 4949
f 4950 4975 4974
f 4951 4975 4950
f 4951 4976 4975
f 4952 4976 4951
f 4952 4977 4976
f 4953 4977 4952
f 4953 4978 4977
f 4954 4978 4953
f 4954 4979 4978
f 4955 4979 4954
f 4955 4980 4979
f 4956 4980 4955
f 4956 4981 4980
f 4957 4981 4956
f 4957 4982 4981
f 4958 4982 4957
f 4958 4983 4982
f 4959 4983 4958
f 4959 4984 4983
f 4960 4984 4959
f 4960 4985 4984
f 4961 4985 4960
f 4961 4986 4985
f 4962 4986 4961
f 4962 4987 4986
f 4963 4987 4962
f 4963 4988 4987
f 4964 4988 4963
f 4964 4989 4988
f 4965 4989 4964
f 4965 4990 4989
f 4966 4990 4965
f 4966 4991 4990
f 4967 4991 4966
f 4967 4992 4991
f 4968 4992 4967
f 4968 4993 4992
f 4969 4993 4968
f 4969 4994 4993
f 4970 4994 4969
f 4970 4995 4994
f 4971 4995 4970
f 4971 4996 4995
f 4975 4997 4974
f 4975 4998 4997
f 4976 4998 4975
f 4976 4999 4998
f 4977 4999 4976
f 4977 5000 4999
f 4978 5000 4977
f 4978 5001 5000
f 4979 5001 4978
f 4979 5002 5001
f 4980 5002 4979
f 4980 5003 5002
f 4981 5003 4980
f 4981 5004 5003
f 4982 5004 4981
f 4982 5005 5004
f 4983 5005 4982
f 4983 5006 5005
f 4984 5006 4983
f 4984 5007 5006
f 4985 5007 4984
f 4985 5008 5007
f 4986 5008 4985
f 4986 5009 5008
f 4987 5009 4986
f 4987 5010 5009
f 4988 5010 4987
f 4988 5011 5010
f 4989 5011 4988
f 4989 5012 5011
f 4990 5012 4989
f 4990 5013 5012
f 4991 5013 4990
f 4991 5014 5013
f 4992 5014 4991
f 4992 5015 5014
f 4993 5015 4992
f 4993 5016 5015
f 4994 5016 4993
f 4994 5017 5016
f 4995 5017 4994
f 4995 5018 5017
f 4996 5018 4995
f 4996 5019 5018
f 4999 5020 4998
f 4999 5021 5020
f 5000 5021 4999
f 5000 5022 5021
f 5001 5022 5000
f 5001 5023 5022
f 5002 5023 5001
f 5002 5024 5023
f 5003 5024 5002
f 5003 5025 5024
f 5004 5025 5003
f 5004 5026 5025
f 5005 5026 5004
f 5005 5027 5026
f 5006 5027 5005
f 5006 5028 5027
f 5007 5028 5006
f 5007 5029 5028
f 5008 5029 5007
f 5008 5030 5029
f 5009 5030 5008
f 5009 5031 5030
f 5010 5031 5009
f 5010 5032 5031
f 5011 5032 5010
f 5011 5033 5032
f 5012 5033 5011
f 5012 5034 5033
f 5013 5034 5012
f 5013 5035 5034
f 5014 5035 5013
f 5014 5036 5035
f 5015 5036 5014
f 5015 5037 5036
f 5016 5037 5015
f 5016 5038 5037
f 5017 5038 5016
f 5017 5039 5038
f 5018 5039 5017
f 5018 5040 5039
f 5019 5040 5018
f 5019 5041 5040
f 5023 5042 5022
f 5023 5043 5042
f 5024 5043 5023
f 5024 5044 5043
f 5025 5044 5024
f 5025 5045 5044
f 5026 5045 5025
f 5026 5046 5045
f 5027 5046 5026
f 5027 5047 5046
f 5028 5047 5027
f 5028 5048 5047
f 5029 5048 5028
f 5029 5049 5048
f 5030 5049 5029
f 5030 5050 5049
f 5031 5050 5030
f 5031 5051 5050
f 5032 5051 5031
f 5032 5052 5051
f 5033 5052 5032
f 5033 5053 5052
f 5034 5053 5033
f 5034 5054 5053
f 5035 5054 5034
f 5035 5055 5054
f 5036 5055 5035
f 5036 5056 5055
f 5037 5056 5036
f 5037 5057 5056
f 5038 5057 5037
f 5038 5058 5057
f 5039 5058 5038
f 5039 5059 5058
f 5040 5059 5039
f 5040 5060 5059
f 5041 5060 5040
f 5044 5061 5043
f 5044 5062 5061
f 5045 5062 5044
f 5045 5063 5062
f 5046 5063 5045
f 5046 5064 5063
f 5047 5064 5046
f 5047 5065 5064
f 5048 5065 5047
f 5048 5066 5065
f 5049 5066 5048
f 5049 5067 5066
f 5050 5067 5049
f 5050 5068 5067
f 5051 5068 5050
f 5051 5069 5068
f 5052 5069 5051
f 5052 5070 5069
f 5053 5070 5052
f 5053 5071 5070
f 5054 5071 5053
f 5054 5072 5071
f 5055 5072 5054
f 5055 5073 5072
f 5056 5073 5055
f 5056 5074 5073
f 5057 5074 5056
f 5057 5075 5074
f 5058 5075 5057
f 5058 5076 5075
f 5059 5076 5058
f 5059 5077 5076
f 5060 5077 5059
f 5060 5078 5077
f 5064 5079 5063
f 5064 5080 5079
f 5065 5080 5064
f 5065 5081 5080
f 5066 5081 5065
f 5066 5082 5081
f 5067 5082 5066
f 5067 5083 5082
f 5068 5083 5067
f 5068 5084 5083
f 5069 5084 5068
f 5069 5085 5084
f 5070 5085 5069
f 5070 5086 5085
f 5071 5086 5070
f 5071 5087 5086
f 5072 5087 5071
f 5072 5088 5087
f 5073 5088 5072
f 5073 5089 5088
f 5074 5089 5073
f 5074 5090 5089
f 5075 5090 5074
f 5075 5091 5090
f 5076 5091 5075
f 5076 5092 5091
f 5077 5092 5076
f 5077 5093 5092
f 5078 5093 5077
f 5082 5094 5081
f 5082 5095 5094
f 5083 5095 5082
f 5083 5096 5095
f 5084 5096 5083
f 5084 5097 5096
f 5085 5097 5084
f 5085 5098 5097
f 5086 5098 5085
f 5086 5099 5098
f 5087 5099 5086
f 5087 5100 5099
f 5088 5100 5087
f 5088 5101 5100
f 5089 5101 5088
f 5089 5102 5101
f 5090 5102 5089
f 5090 5103 5102
f 5091 5103 5090
f 5091 5104 5103
f 5092 5104 5091
f 5092 5105 5104
f 5093 5105 5092
f 5097 5106 5096
f 5097 5107 5106
f 5098 5107 5097
f 5098 5108 5107
f 5099 5108 5098
f 5099 5109 5108
f 5100 5109 5099
f 5100 5110 5109
f 5101 5110 5100
f 5101 5111 5110
f 5102 5111 5101
f 5102 5112 5111
f 5103 5112 5102
f 5103 5113 5112
f 5104 5113 5103