# https://github.com/mikedh/trimesh
v -0.89862865 -0.12749445 -0.48794711
v -0.88833821 -0.14601812 -0.48216021
v -0.87453341 -0.13082722 -0.48865113
v -0.90721250 -0.09543337 -0.48565450
v -0.89984423 -0.14312448 -0.46933416
v -0.88957763 -0.16156857 -0.46360150
v -0.87720066 -0.15958132 -0.46527186
v -0.86480820 -0.15759158 -0.46694437
v -0.85240012 -0.15559933 -0.46861893
v -0.84001714 -0.15397093 -0.47016269
v -0.82746089 -0.15092850 -0.47222090
v -0.90842777 -0.11137325 -0.46691963
v -0.90105367 -0.15867469 -0.45081624
v -0.88940698 -0.16357405 -0.44999388
v -0.87716252 -0.16275732 -0.45123321
v -0.86478084 -0.16077131 -0.45289540
v -0.85238373 -0.15878282 -0.45455974
v -0.84020585 -0.15799719 -0.45576614
v -0.82766449 -0.15588143 -0.45750326
v -0.81516886 -0.15341714 -0.45934296
v -0.80254930 -0.15002926 -0.46151790
v -0.78990906 -0.14663583 -0.46369636
v -0.90963674 -0.12723069 -0.44828168
v -0.90087026 -0.16063613 -0.43723959
v -0.88917875 -0.16502188 -0.43660492
v -0.87712437 -0.16592777 -0.43721911
v -0.86475360 -0.16394548 -0.43887112
v -0.85238588 -0.16213137 -0.44046381
v -0.84013838 -0.16153306 -0.44162074
v -0.82776165 -0.15988179 -0.44315702
v -0.81532043 -0.15779062 -0.44485265
v -0.80286336 -0.15569676 -0.44655049
v -0.79026312 -0.15251926 -0.44863951
v -0.77761817 -0.14912930 -0.45080653
v -0.76495260 -0.14573382 -0.45297712
v -0.75226623 -0.14233275 -0.45515126
v -0.73955905 -0.13892612 -0.45732895
v -0.91806352 -0.09339401 -0.44650489
v -0.91083944 -0.14300632 -0.42973986
v -0.90063465 -0.16208524 -0.42386413
v -0.88895077 -0.16646783 -0.42323306
v -0.87708628 -0.16909266 -0.42322955
v -0.86472631 -0.16711409 -0.42487130
v -0.85240930 -0.16566820 -0.42632380
v -0.84017313 -0.16507198 -0.42747346
v -0.82785857 -0.16387422 -0.42883912
v -0.81542975 -0.16178767 -0.43052393
v -0.80298495 -0.15969846 -0.43221083
v -0.79052424 -0.15760657 -0.43389994
v -0.77798736 -0.15500711 -0.43577209
v -0.76533782 -0.15162067 -0.43792772
v -0.75266761 -0.14822865 -0.44008681
v -0.73997658 -0.14483109 -0.44224945
v -0.72726482 -0.14142796 -0.44441563
v -0.71453220 -0.13801925 -0.44658542
v -0.70174104 -0.13431458 -0.44886300
v -0.91924900 -0.10931812 -0.42789724
v -0.91209555 -0.15918040 -0.41071254
v -0.90039951 -0.16353250 -0.41050580
v -0.88872308 -0.16791195 -0.40987840
v -0.87708789 -0.17228907 -0.40912360
v -0.86469913 -0.17027716 -0.41089606
v -0.85243267 -0.16919847 -0.41220999
v -0.84020787 -0.16860436 -0.41335237
v -0.82795537 -0.16785879 -0.41454953
v -0.81553888 -0.16577686 -0.41622347
v -0.80310643 -0.16369225 -0.41789955
v -0.79065812 -0.16160499 -0.41957784
v -0.77819383 -0.15951504 -0.42125824
v -0.76571351 -0.15742241 -0.42294079
v -0.75306791 -0.15410988 -0.42505983
v -0.74039310 -0.15072137 -0.42720750
v -0.72769743 -0.14732729 -0.42935866
v -0.71498102 -0.14392766 -0.43151337
v -0.70221686 -0.14031416 -0.43374607
v -0.68938762 -0.13636395 -0.43610066
v -0.67653549 -0.13240671 -0.43845949
v -0.66366041 -0.12844238 -0.44082254
v -0.92042863 -0.12516074 -0.40938553
v -0.91184980 -0.16070618 -0.39775103
v -0.90017259 -0.16505656 -0.39713681
v -0.88849562 -0.16935422 -0.39654073
v -0.87683237 -0.17372839 -0.39591721
v -0.86467195 -0.17343469 -0.39694521
v -0.85245603 -0.17272222 -0.39812222
v -0.84024251 -0.17213020 -0.39925742
v -0.82801837 -0.17153765 -0.40039361
v -0.81564772 -0.16975817 -0.40195125
v -0.80322766 -0.16767818 -0.40361658
v -0.79079175 -0.16559552 -0.40528402
v -0.77833980 -0.16351019 -0.40695360
v -0.76587200 -0.16142219 -0.40862530
v -0.75338811 -0.15933152 -0.41029918
v -0.74080849 -0.15659697 -0.41220295
v -0.72812897 -0.15321195 -0.41433918
v -0.71542883 -0.14982137 -0.41647890
v -0.70269144 -0.14629862 -0.41866717
v -0.68987876 -0.14235877 -0.42100534
v -0.67704326 -0.13841183 -0.42334771
v -0.66418481 -0.13445787 -0.42569426
v -0.65130329 -0.13049681 -0.42804497
v -0.63839877 -0.12652867 -0.43039998
v -0.92888451 -0.09136702 -0.40746340
v -0.92160207 -0.14092173 -0.39096913
v -0.91161704 -0.16224492 -0.38439116
v -0.89995354 -0.16665141 -0.38375959
v -0.88828045 -0.17090806 -0.38318029
v -0.87661278 -0.17516567 -0.38260028
v -0.86467093 -0.17682891 -0.38293347
v -0.85247934 -0.17623946 -0.38406047
v -0.84027714 -0.17564952 -0.38518849
v -0.82806420 -0.17505905 -0.38631746
v -0.81575638 -0.17373164 -0.38770717
v -0.80334866 -0.17165622 -0.38936174
v -0.79092509 -0.16957816 -0.39101842
v -0.77848560 -0.16749746 -0.39267722
v -0.76603007 -0.16541405 -0.39433813
v -0.75355870 -0.16332801 -0.39600119
v -0.74107128 -0.16123928 -0.39766636
v -0.72855949 -0.15908197 -0.39935702
v -0.71587545 -0.15570040 -0.40148184
v -0.70316476 -0.15226805 -0.40362614
v -0.69036871 -0.14833847 -0.40594798
v -0.67754978 -0.14440186 -0.40827397
v -0.66470796 -0.14045821 -0.41060409
v -0.65184319 -0.13650753 -0.41293839
v -0.63895541 -0.13254976 -0.41527686
v -0.62604445 -0.12858491 -0.41761953
v -0.61311042 -0.12461294 -0.41996640
v -0.60015315 -0.12063386 -0.42231750
v -0.93004054 -0.10727470 -0.38898268
v -0.92285430 -0.15745284 -0.37234968
v -0.91138446 -0.16378164 -0.37104872
v -0.89973336 -0.16823024 -0.37040490
v -0.88806939 -0.17249765 -0.36982411
v -0.87640917 -0.17674923 -0.36924845
v -0.86448675 -0.17851861 -0.36954218
v -0.85224295 -0.17737916 -0.37085581
v -0.83998519 -0.17622592 -0.37217519
v -0.82771492 -0.17507151 -0.37349597
v -0.81542653 -0.17386833 -0.37483478
v -0.80309892 -0.17243595 -0.37625498
v -0.79075766 -0.17100200 -0.37767676
v -0.77840275 -0.16956645 -0.37910008
v -0.76603431 -0.16812934 -0.38052502
v -0.75365210 -0.16669062 -0.38195151
v -0.74123549 -0.16524829 -0.38332042
v -0.72876298 -0.16314572 -0.38504237
v -0.71625602 -0.16105627 -0.38670102
v -0.70363230 -0.15818673 -0.38863549
v -0.69085735 -0.15430315 -0.39092845
v -0.67805499 -0.15037683 -0.39323807
v -0.66522980 -0.14644347 -0.39555189
v -0.65238166 -0.14250310 -0.39786980
v -0.63951057 -0.13855568 -0.40019184
v -0.62661648 -0.13460121 -0.40251806
v -0.61369926 -0.13063964 -0.40484846
v -0.60075885 -0.12667097 -0.40718299
v -0.58779532 -0.12269519 -0.40952176
v -0.57480848 -0.11871227 -0.41186470
v -0.56179821 -0.11472218 -0.41421187
v -0.93119055 -0.12310033 -0.37059727
v -0.92277074 -0.16056012 -0.35847142
v -0.91115224 -0.16531636 -0.35772362
v -0.89950877 -0.16976167 -0.35708359
v -0.88785869 -0.17408514 -0.35648558
v -0.87620622 -0.17833355 -0.35591328
v -0.86409152 -0.17824757 -0.35685185
v -0.85187912 -0.17732741 -0.35808995
v -0.83962381 -0.17617439 -0.35939446
v -0.82735872 -0.17502043 -0.36070809
v -0.81508100 -0.17386529 -0.36202303
v -0.80276340 -0.17247491 -0.36342108
v -0.79042757 -0.17104162 -0.36483517
v -0.77807808 -0.16960676 -0.36625078
v -0.76571494 -0.16817030 -0.36766797
v -0.75333810 -0.16673227 -0.36908671
v -0.74094760 -0.16529262 -0.37050703
v -0.72854346 -0.16385140 -0.37192890
v -0.71612555 -0.16240858 -0.37335238
v -0.70369565 -0.16097742 -0.37477276
v -0.69124353 -0.15948077 -0.37621713
v -0.67866945 -0.15716906 -0.37794822
v -0.66585946 -0.15322530 -0.38025287
v -0.65302646 -0.14927450 -0.38256165
v -0.64017051 -0.14531660 -0.38487455
v -0.62729156 -0.14135161 -0.38719162
v -0.61438942 -0.13737953 -0.38951284
v -0.60146415 -0.13340029 -0.39183825
v -0.58851564 -0.12941390 -0.39416778
v -0.57554382 -0.12542035 -0.39650157
v -0.56254870 -0.12141960 -0.39883950
v -0.54953003 -0.11741163 -0.40118167
v -0.53643894 -0.11307238 -0.40364212
v -0.93967515 -0.08934648 -0.36853170
v -0.93237633 -0.13926798 -0.35215989
v -0.92253345 -0.16211909 -0.34515145
v -0.91092032 -0.16684906 -0.34441587
v -0.89928448 -0.17129111 -0.34377959
v -0.88764811 -0.17567053 -0.34316456
v -0.87585258 -0.17849679 -0.34308776
v -0.86368418 -0.17786251 -0.34421146
v -0.85149705 -0.17715503 -0.34536138
v -0.83926278 -0.17612287 -0.34662485
v -0.82700282 -0.17496940 -0.34793133
v -0.81473023 -0.17381474 -0.34923917
v -0.80242825 -0.17251384 -0.35059875
v -0.79009777 -0.17108123 -0.35200512
v -0.77775359 -0.16964701 -0.35341299
v -0.76539588 -0.16821124 -0.35482246
v -0.75302446 -0.16677386 -0.35623348
v -0.74063945 -0.16533490 -0.35764605
v -0.72824067 -0.16389436 -0.35906017
v -0.71583074 -0.16247225 -0.36046889
v -0.70340842 -0.16105811 -0.36187586
v -0.69096124 -0.15955709 -0.36331409
v -0.67849433 -0.15801154 -0.36476892
v -0.66602510 -0.15655200 -0.36619473
v -0.65354306 -0.15509915 -0.36761925
v -0.64097285 -0.15310468 -0.36923391
v -0.62811393 -0.14915262 -0.37153348
v -0.61523193 -0.14519349 -0.37383717
v -0.60232693 -0.14122726 -0.37614501
v -0.58939874 -0.13725393 -0.37845698
v -0.57644725 -0.13327342 -0.38077310
v -0.56347257 -0.12928578 -0.38309339
v -0.55047452 -0.12529096 -0.38541785
v -0.53737855 -0.12079677 -0.38791886
v -0.52408159 -0.11514566 -0.39082685
v -0.51069075 -0.10906787 -0.39388654
v 0.86390817 -0.10619457 -0.49751914
v 0.87275958 -0.11973155 -0.49359295
v 0.88637465 -0.11930051 -0.49475580
v -0.94080168 -0.10523702 -0.35017750
v -0.93363577 -0.15616651 -0.33353826
v -0.92229646 -0.16367601 -0.33184889
v -0.91068864 -0.16837977 -0.33112550
v -0.89906055 -0.17281856 -0.33049294
v -0.88743794 -0.17725383 -0.32986113
v -0.87544459 -0.17814469 -0.33045200
v -0.86327934 -0.17749763 -0.33157411
v -0.85111797 -0.17698310 -0.33265126
v -0.83889008 -0.17596383 -0.33390355
v -0.82664728 -0.17491843 -0.33516577
v -0.81437987 -0.17376424 -0.33646649
v -0.80209339 -0.17255273 -0.33778793
v -0.78976822 -0.17112078 -0.33918658
v -0.77742952 -0.16968724 -0.34058681
v -0.76507711 -0.16825213 -0.34198853
v -0.75271112 -0.16681542 -0.34339181
v -0.74033147 -0.16537714 -0.34479669
v -0.72794151 -0.16396408 -0.34619376
v -0.71553832 -0.16255218 -0.34759149
v -0.70312148 -0.16113873 -0.34899071
v -0.69068193 -0.15965474 -0.35041541
v -0.67822063 -0.15810996 -0.35186225
v -0.66574514 -0.15656343 -0.35331067
v -0.65326339 -0.15507312 -0.35474065
v -0.64077294 -0.15361930 -0.35615897
v -0.62826860 -0.15216386 -0.35757887
v -0.61575037 -0.15070681 -0.35900033
v -0.60318714 -0.14903069 -0.36049905
v -0.59027916 -0.14507031 -0.36279348
v -0.57734799 -0.14110284 -0.36509207
v -0.56439370 -0.13712823 -0.36739478
v -0.55141610 -0.13314649 -0.36970162
v -0.53831530 -0.12849814 -0.37224236
v -0.52503926 -0.12286410 -0.37512848
v -0.51173341 -0.11721741 -0.37802109
v -0.49834424 -0.11121697 -0.38103914
v 0.77141076 -0.14095372 -0.46536514
v 0.78347152 -0.14485331 -0.46494648
v 0.79599595 -0.14734788 -0.46503606
v 0.80852121 -0.14984262 -0.46512565
v 0.82104731 -0.15233752 -0.46521524
v 0.83369982 -0.15446131 -0.46543935
v 0.84669113 -0.15559591 -0.46602216
v 0.85959136 -0.15701357 -0.46650276
v 0.87244272 -0.15858787 -0.46692693
v 0.88529813 -0.16016267 -0.46735120
v -0.94192171 -0.12103833 -0.33192033
v -0.93365562 -0.16041723 -0.31932124
v -0.92205977 -0.16523090 -0.31856376
v -0.91045737 -0.16990851 -0.31785235
v -0.89883685 -0.17434402 -0.31722355
v -0.88719040 -0.17847548 -0.31669861
v -0.87503678 -0.17779285 -0.31782615
v -0.86287630 -0.17714590 -0.31894225
v -0.85073125 -0.17673890 -0.31997669
v -0.83851629 -0.17579240 -0.32119730
v -0.82628119 -0.17477247 -0.32244399
v -0.81402975 -0.17371377 -0.32370493
v -0.80175501 -0.17255890 -0.32499990
v -0.78943896 -0.17116031 -0.32637960
v -0.77710563 -0.16972744 -0.32777211
v -0.76475865 -0.16829298 -0.32916617
v -0.75239855 -0.16686103 -0.33056033
v -0.74002796 -0.16545291 -0.33194733
v -0.72764385 -0.16404325 -0.33333579
v -0.71524614 -0.16263203 -0.33472577
v -0.70283478 -0.16121928 -0.33611733
v -0.69040287 -0.15975228 -0.33752853
v -0.67794716 -0.15820830 -0.33896741
v -0.66547728 -0.15666252 -0.34040791
v -0.65299320 -0.15511502 -0.34184998
v -0.64049888 -0.15359393 -0.34328401
v -0.62799990 -0.15213913 -0.34469610
v -0.61548704 -0.15068270 -0.34610981
v -0.60296029 -0.14922465 -0.34752506
v -0.59041965 -0.14776501 -0.34894189
v -0.57786494 -0.14630371 -0.35036027
v -0.56529635 -0.14484082 -0.35178030
v -0.55235481 -0.14097834 -0.35403281
v -0.53924936 -0.13617663 -0.35661250
v -0.52599412 -0.13055958 -0.35947683
v -0.51270914 -0.12492993 -0.36234754
v -0.49939430 -0.11928762 -0.36522475
v -0.48600712 -0.11336446 -0.36820149
v -0.47253394 -0.10708375 -0.37130454
v 0.69390023 -0.13238657 -0.44905353
v 0.70625693 -0.13533786 -0.44897702
v 0.71873087 -0.13792269 -0.44903213
v 0.73123586 -0.14041360 -0.44912106
v 0.74374157 -0.14290464 -0.44920996
v 0.75624824 -0.14539587 -0.44929892
v 0.76875567 -0.14788724 -0.44938785
v 0.78126389 -0.15037881 -0.44947675
v 0.79377306 -0.15287054 -0.44956571
v 0.80631250 -0.15527417 -0.44968644
v 0.81914008 -0.15682535 -0.45011443
v 0.83197176 -0.15837705 -0.45054260
v 0.84503597 -0.15925771 -0.45121303
v 0.85810882 -0.16013281 -0.45188597
v 0.87094849 -0.16170622 -0.45230743
v 0.88379216 -0.16328011 -0.45272899
v 0.89841896 -0.15973347 -0.45500019
v -0.94315654 -0.13800751 -0.31333122
v -0.93341160 -0.16197371 -0.30604899
v -0.92182338 -0.16678375 -0.30529597
v -0.91022635 -0.17143525 -0.30459651
v -0.89861333 -0.17586748 -0.30397141
v -0.88678259 -0.17816420 -0.30407509
v -0.87462938 -0.17744130 -0.30521032
v -0.86247343 -0.17679445 -0.30632040
v -0.85032958 -0.17635471 -0.30736044
v -0.83814287 -0.17562111 -0.30850172
v -0.82591277 -0.17460151 -0.30974162
v -0.81367058 -0.17358093 -0.31098273
v -0.80141038 -0.17250896 -0.31224236
v -0.78911006 -0.17119978 -0.31358412
v -0.77678210 -0.16976759 -0.31496894
v -0.76444179 -0.16834466 -0.31635162
v -0.75209016 -0.16693875 -0.31772938
v -0.73972511 -0.16553132 -0.31910869
v -0.72734642 -0.16412234 -0.32048950
v -0.71495414 -0.16271181 -0.32187182
v -0.70254838 -0.16129975 -0.32325566
v -0.69012415 -0.15984978 -0.32465351
v -0.67767394 -0.15830652 -0.32608441
v -0.66520959 -0.15676153 -0.32751691
v -0.65273112 -0.15521479 -0.32895103
v -0.64023846 -0.15366629 -0.33038679
v -0.62773162 -0.15211602 -0.33182418
v -0.61522394 -0.15065859 -0.33323067
v -0.60270262 -0.14920120 -0.33463815
v -0.59016734 -0.14774218 -0.33604720
v -0.57761812 -0.14628153 -0.33745778
v -0.56505495 -0.14481926 -0.33886996
v -0.55247778 -0.14335534 -0.34028372
v -0.53989142 -0.14192209 -0.34168789
v -0.52694607 -0.13823217 -0.34387168
v -0.51368195 -0.13261950 -0.34672070
v -0.50038803 -0.12699421 -0.34957603
v -0.48706427 -0.12135632 -0.35243782
v -0.47367933 -0.11551031 -0.35537356
v -0.46019641 -0.10923457 -0.35845998
v -0.44668081 -0.10294365 -0.36155382
v 0.63524288 -0.10650437 -0.43994904
v 0.64243650 -0.12610637 -0.43393576
v 0.65478122 -0.12905462 -0.43385974
v 0.66712517 -0.13200270 -0.43378380
v 0.67946845 -0.13495062 -0.43370786
v 0.69181097 -0.13789836 -0.43363187
v 0.70415282 -0.14084592 -0.43355590
v 0.71660483 -0.14344895 -0.43360305
v 0.72909451 -0.14593700 -0.43369129
v 0.74158502 -0.14842524 -0.43377960
v 0.75407642 -0.15091363 -0.43386793
v 0.76656860 -0.15340218 -0.43395624
v 0.77906162 -0.15589090 -0.43404454
v 0.79180366 -0.15763415 -0.43439996
v 0.80461401 -0.15918392 -0.43482500
v 0.81742853 -0.16073421 -0.43525022
v 0.83024710 -0.16228497 -0.43567553
v 0.84338403 -0.16291249 -0.43643242
v 0.85662884 -0.16324653 -0.43729514
v 0.86945683 -0.16481902 -0.43771389
v 0.88228893 -0.16639203 -0.43813282
v 0.89734602 -0.16157104 -0.44084942
v -0.95153260 -0.10320506 -0.31148124
v -0.94438475 -0.15488406 -0.29484355
v -0.93316793 -0.16352814 -0.29279405
v -0.92158735 -0.16833459 -0.29204550
v -0.90999562 -0.17296000 -0.29135787
v -0.89839023 -0.17738898 -0.29073650
v -0.88637513 -0.17785314 -0.29146168
v -0.87422335 -0.17709988 -0.29260108
v -0.86207098 -0.17644328 -0.29370847
v -0.84992814 -0.17597082 -0.29475403
v -0.83776963 -0.17544994 -0.29581678
v -0.82554454 -0.17443071 -0.29704991
v -0.81330734 -0.17341046 -0.29828423
v -0.80105799 -0.17238921 -0.29951984
v -0.78878140 -0.17123924 -0.30080014
v -0.77646095 -0.16982532 -0.30217132
v -0.76412827 -0.16842163 -0.30353993
v -0.75178218 -0.16701642 -0.30491009
v -0.73942250 -0.16560966 -0.30628175
v -0.72704929 -0.16420136 -0.30765492
v -0.71466255 -0.16279154 -0.30902955
v -0.70226222 -0.16138014 -0.31040573
v -0.68984562 -0.15994716 -0.31179026
v -0.67740095 -0.15840468 -0.31321320
v -0.66494220 -0.15686044 -0.31463775
v -0.65246928 -0.15531446 -0.31606394
v -0.63998222 -0.15376674 -0.31749171
v -0.62748104 -0.15221724 -0.31892112
v -0.61496556 -0.15066598 -0.32035217
v -0.60244513 -0.14917774 -0.32176262
v -0.58991534 -0.14771937 -0.32316393
v -0.57737148 -0.14625934 -0.32456672
v -0.56481373 -0.14479770 -0.32597113
v -0.55224204 -0.14333445 -0.32737702
v -0.53966242 -0.14190996 -0.32877070
v -0.52707040 -0.14049371 -0.33016250
v -0.51446456 -0.13907589 -0.33155584
v -0.50137883 -0.13467789 -0.33397391
v -0.48807603 -0.12905699 -0.33681396
v -0.47474337 -0.12342349 -0.33966035
v -0.46136093 -0.11765454 -0.34255540
v -0.44786820 -0.11138377 -0.34562513
v -0.43434289 -0.10509784 -0.34870231
v 0.57875192 -0.11689452 -0.41892648
v 0.59108531 -0.11983990 -0.41885102
v 0.60341793 -0.12278511 -0.41877556
v 0.61574996 -0.12573016 -0.41870010
v 0.62808114 -0.12867503 -0.41862464
v 0.64041167 -0.13161972 -0.41854918
v 0.65274155 -0.13456425 -0.41847378
v 0.66507059 -0.13750862 -0.41839829
v 0.67739910 -0.14045280 -0.41832289
v 0.68972671 -0.14339682 -0.41824743
v 0.70205379 -0.14634068 -0.41817203
v 0.71448386 -0.14896184 -0.41821131
v 0.72695827 -0.15144707 -0.41829899
v 0.73943365 -0.15393245 -0.41838664
v 0.75190985 -0.15641801 -0.41847432
v 0.76453912 -0.15844081 -0.41872686
v 0.77732825 -0.15998867 -0.41914880
v 0.79012150 -0.16153704 -0.41957092
v 0.80291885 -0.16308589 -0.41999316
v 0.81572032 -0.16463526 -0.42041552
v 0.82852590 -0.16618513 -0.42083803
v 0.84173518 -0.16656022 -0.42168015
v 0.85504699 -0.16666077 -0.42262095
v 0.86796796 -0.16792630 -0.42314634
v 0.88069385 -0.16948590 -0.42356351
v 0.89627463 -0.16340598 -0.42671892
v -0.95270085 -0.11980383 -0.29307449
v -0.94450432 -0.16027482 -0.28030097
v -0.93292457 -0.16508056 -0.27955642
v -0.92135161 -0.16988340 -0.27881235
v -0.90976518 -0.17448278 -0.27813643
v -0.89810401 -0.17829478 -0.27772611
v -0.88596797 -0.17754234 -0.27885830
v -0.87382090 -0.17678922 -0.27999154
v -0.86166883 -0.17609239 -0.28110650
v -0.84952694 -0.17558722 -0.28215745
v -0.83739161 -0.17523253 -0.28315818
v -0.82517660 -0.17426004 -0.28436884
v -0.81294435 -0.17324014 -0.28559640
v -0.80071145 -0.17231740 -0.28679192
v -0.78848034 -0.17150904 -0.28794950
v -0.77617824 -0.17020164 -0.28927714
v -0.76383775 -0.16868523 -0.29067659
v -0.75149614 -0.16727075 -0.29204246
v -0.73914105 -0.16585474 -0.29340985
v -0.72677225 -0.16443714 -0.29477873
v -0.71438998 -0.16301800 -0.29614910
v -0.70199406 -0.16159730 -0.29752100
v -0.68958449 -0.16017504 -0.29889441
v -0.67713350 -0.15854236 -0.30034032
v -0.66467500 -0.15695927 -0.30177042
v -0.65220767 -0.15541404 -0.30318865
v -0.63972622 -0.15386708 -0.30460846
v -0.62723058 -0.15231834 -0.30602992
v -0.61472076 -0.15076786 -0.30745298
v -0.60219669 -0.14921562 -0.30887765
v -0.58966351 -0.14769657 -0.31029204
v -0.57712513 -0.14623719 -0.31168708
v -0.56457275 -0.14477618 -0.31308368
v -0.55200648 -0.14331356 -0.31448182
v -0.53943354 -0.14189784 -0.31586495
v -0.52684706 -0.14048220 -0.31724903
v -0.51424670 -0.13906503 -0.31863466
v -0.50163239 -0.13764626 -0.32002178
v -0.48900425 -0.13622594 -0.32141048
v -0.47577307 -0.13111825 -0.32406124
v -0.46243155 -0.12548913 -0.32689229
v -0.44905186 -0.11979716 -0.32974690
v -0.43554938 -0.11353134 -0.33280003
v -0.42201430 -0.10725038 -0.33586052
v -0.40844643 -0.10095423 -0.33892840
v 0.53419513 -0.08803072 -0.41183075
v 0.53970772 -0.11405381 -0.40363494
v 0.55209148 -0.11678194 -0.40363529
v 0.56447524 -0.11951007 -0.40363565
v 0.57680613 -0.12241313 -0.40357438
v 0.58912462 -0.12535480 -0.40349945
v 0.60144252 -0.12829630 -0.40342453
v 0.61375970 -0.13123763 -0.40334961
v 0.62607604 -0.13417877 -0.40327469
v 0.63839179 -0.13711977 -0.40319976
v 0.65070677 -0.14006059 -0.40312487
v 0.66302109 -0.14300124 -0.40304995
v 0.67533469 -0.14594172 -0.40297508
v 0.68764758 -0.14888203 -0.40290019
v 0.69995970 -0.15182218 -0.40282527
v 0.71236801 -0.15446140 -0.40285680
v 0.72482735 -0.15694378 -0.40294385
v 0.73734641 -0.15924536 -0.40309498
v 0.75011432 -0.16079131 -0.40351385
v 0.76288635 -0.16233777 -0.40393290
v 0.77566248 -0.16388473 -0.40435204
v 0.78844267 -0.16543217 -0.40477136
v 0.80122709 -0.16698013 -0.40519080
v 0.81401557 -0.16852857 -0.40561032
v 0.82680815 -0.17007752 -0.40603003
v 0.84008962 -0.17020094 -0.40695626
v 0.85338795 -0.17030272 -0.40789086
v 0.86648166 -0.17102806 -0.40860459
v 0.87975037 -0.17126758 -0.40949154
v 0.89520478 -0.16523829 -0.41260862
v 0.91069609 -0.15919459 -0.41573313
v -0.95390445 -0.13675083 -0.27461949
v -0.94425374 -0.16182882 -0.26707613
v -0.93268150 -0.16663094 -0.26633605
v -0.92111611 -0.17143019 -0.26559639
v -0.90953505 -0.17600358 -0.26493216
v -0.89769250 -0.17798407 -0.26513904
v -0.88556123 -0.17723180 -0.26626503
v -0.87341875 -0.17647885 -0.26739204
v -0.86126703 -0.17574176 -0.26851451
v -0.84912616 -0.17520393 -0.26957071
v -0.83699542 -0.17484923 -0.27056599
v -0.82482708 -0.17424841 -0.27164489
v -0.81262523 -0.17344840 -0.27279168
v -0.80041200 -0.17264764 -0.27393952
v -0.78818655 -0.17183743 -0.27509138
v -0.77594495 -0.17098771 -0.27625737
v -0.76361889 -0.16953659 -0.27762714
v -0.75126374 -0.16795808 -0.27904090
v -0.73889446 -0.16637774 -0.28045630
v -0.72652030 -0.16486886 -0.28184855
v -0.71414405 -0.16345067 -0.28321114
v -0.70175433 -0.16203094 -0.28457522
v -0.68935084 -0.16060960 -0.28594080
v -0.67691755 -0.15906464 -0.28734922
v -0.66445643 -0.15741681 -0.28879341
v -0.65198094 -0.15576707 -0.29023933
v -0.63949090 -0.15411541 -0.29168692
v -0.62698632 -0.15246183 -0.29313615
v -0.61447620 -0.15086967 -0.29456565
v -0.60195774 -0.14931820 -0.29598233
v -0.58942509 -0.14776495 -0.29740065
v -0.57687891 -0.14621504 -0.29881886
v -0.56433201 -0.14475468 -0.30020767
v -0.55177212 -0.14329921 -0.30159584
v -0.53920496 -0.14188574 -0.30297068
v -0.52662385 -0.14047073 -0.30434707
v -0.51402897 -0.13905416 -0.30572498
v -0.50142026 -0.13763604 -0.30710441
v -0.48879758 -0.13621634 -0.30848533
v -0.47616103 -0.13479508 -0.30986780
v -0.46347916 -0.13317798 -0.31131792
v -0.45012876 -0.12755325 -0.31413364
v -0.43674839 -0.12191589 -0.31695569
v -0.42323986 -0.11567727 -0.31998464
v -0.40969506 -0.10940130 -0.32302848
v -0.39611745 -0.10311014 -0.32607970
v -0.38246620 -0.09656617 -0.32921937
v 0.50165474 -0.10813462 -0.38945866
v 0.51352066 -0.11259485 -0.38885227
v 0.52546692 -0.11676148 -0.38834813
v 0.53743565 -0.12083530 -0.38787612
v 0.54967338 -0.12399165 -0.38772517
v 0.56203938 -0.12671587 -0.38772553
v 0.57440537 -0.12944008 -0.38772589
v 0.58677137 -0.13216431 -0.38772625
v 0.59913731 -0.13488853 -0.38772660
v 0.61150336 -0.13761276 -0.38772696
v 0.62386930 -0.14033698 -0.38772732
v 0.63623536 -0.14306121 -0.38772768
v 0.64860135 -0.14578542 -0.38772804
v 0.66096729 -0.14850965 -0.38772842
v 0.67327523 -0.15141740 -0.38766423
v 0.68557340 -0.15435402 -0.38758987
v 0.69787079 -0.15729046 -0.38751552
v 0.71025729 -0.15994765 -0.38753939
v 0.72297180 -0.16159186 -0.38791996
v 0.73572272 -0.16313641 -0.38833594
v 0.74847770 -0.16468145 -0.38875204
v 0.76123679 -0.16622700 -0.38916826
v 0.77399999 -0.16777304 -0.38958463
v 0.78676730 -0.16931958 -0.39000115
v 0.79953861 -0.17086661 -0.39041775
v 0.81231415 -0.17241415 -0.39083454
v 0.82517165 -0.17373180 -0.39133278
v 0.83844715 -0.17383470 -0.39226058
v 0.85173213 -0.17393768 -0.39318907
v 0.86499798 -0.17412435 -0.39408860
v 0.87869430 -0.17309082 -0.39542040
v 0.89413643 -0.16706800 -0.39851847
v 0.90957576 -0.16114450 -0.40158367
v -0.96226865 -0.10155533 -0.27276784
v -0.95510149 -0.15360546 -0.25626510
v -0.94400334 -0.16338079 -0.25386858
v -0.93243873 -0.16817932 -0.25313294
v -0.92088097 -0.17297496 -0.25239772
v -0.90930521 -0.17752242 -0.25174499
v -0.89728147 -0.17767361 -0.25256202
v -0.88515472 -0.17692150 -0.25368181
v -0.87301695 -0.17616870 -0.25480261
v -0.86086804 -0.17541522 -0.25592446
v -0.84872568 -0.17482094 -0.25699377
v -0.83660221 -0.17449066 -0.25797540
v -0.82448941 -0.17434044 -0.25889739
v -0.81232029 -0.17377776 -0.25995833
v -0.80011290 -0.17297754 -0.26109967
v -0.78789288 -0.17216550 -0.26224574
v -0.77565718 -0.17131634 -0.26340514
v -0.76340777 -0.17044865 -0.26457158
v -0.75105947 -0.16887154 -0.26597708
v -0.73869717 -0.16729264 -0.26738423
v -0.72632068 -0.16571192 -0.26879296
v -0.71393001 -0.16412941 -0.27020329
v -0.70152521 -0.16254508 -0.27161524
v -0.68911743 -0.16104375 -0.27300027
v -0.67670172 -0.15958634 -0.27437150
v -0.66424698 -0.15793967 -0.27580744
v -0.65177780 -0.15629110 -0.27724504
v -0.63929403 -0.15464059 -0.27868435
v -0.62679583 -0.15298818 -0.28012529
v -0.61428308 -0.15133384 -0.28156790
v -0.60175574 -0.14967756 -0.28301221
v -0.58921385 -0.14801936 -0.28445819
v -0.57665730 -0.14635924 -0.28590587
v -0.56409514 -0.14475797 -0.28733471
v -0.55153823 -0.14328648 -0.28872073
v -0.53897649 -0.14187366 -0.29008791
v -0.52640092 -0.14045927 -0.29145661
v -0.51381147 -0.13904332 -0.29282680
v -0.50120825 -0.13762581 -0.29419851
v -0.48859113 -0.13620675 -0.29557171
v -0.47596011 -0.13478611 -0.29694647
v -0.46331510 -0.13336393 -0.29832268
v -0.45065624 -0.13194017 -0.29970047
v -0.43783507 -0.12961586 -0.30138439
v -0.42444584 -0.12398288 -0.30419108
v -0.41093969 -0.11782159 -0.30717897
v -0.39738518 -0.11155059 -0.31020620
v -0.38374022 -0.10492876 -0.31335467
v -0.36998844 -0.09787193 -0.31665307
v 0.47560740 -0.10639892 -0.37480012
v 0.48746800 -0.11085527 -0.37419772
v 0.49932179 -0.11531360 -0.37359414
v 0.51128334 -0.11938362 -0.37312531
v 0.52324045 -0.12345213 -0.37265661
v 0.53519326 -0.12751918 -0.37218815
v 0.54726225 -0.13118070 -0.37186062
v 0.55961055 -0.13390101 -0.37186098
v 0.57195878 -0.13662134 -0.37186137
v 0.58430707 -0.13934165 -0.37186170
v 0.59665531 -0.14206198 -0.37186205
v 0.60900360 -0.14478230 -0.37186244
v 0.62135190 -0.14750262 -0.37186277
v 0.63370019 -0.15022294 -0.37186313
v 0.64604843 -0.15294325 -0.37186348
v 0.65839672 -0.15566358 -0.37186381
v 0.67113739 -0.15714365 -0.37229800
v 0.68388176 -0.15862608 -0.37273169
v 0.69661701 -0.16015087 -0.37315086
v 0.70937181 -0.16162835 -0.37358686
v 0.72213358 -0.16309839 -0.37402582
v 0.73489922 -0.16457011 -0.37446454
v 0.74766922 -0.16604231 -0.37490341
v 0.76044363 -0.16751504 -0.37534237
v 0.77322239 -0.16898826 -0.37578157
v 0.78600544 -0.17046195 -0.37622085
v 0.79879296 -0.17193618 -0.37666029
v 0.81158477 -0.17341091 -0.37709993
v 0.82442129 -0.17476673 -0.37758160
v 0.83731061 -0.17598203 -0.37811306
v 0.85020518 -0.17719781 -0.37864473
v 0.86336070 -0.17766991 -0.37943840
v 0.87763065 -0.17493796 -0.38135999
v 0.89300734 -0.16907439 -0.38438529
v 0.90845364 -0.16310135 -0.38745141
v -0.96323216 -0.11627217 -0.25510964
v -0.95529783 -0.15992834 -0.24147782
v -0.94375336 -0.16493073 -0.24067824
v -0.93219626 -0.16972564 -0.23994702
v -0.92064613 -0.17451772 -0.23921622
v -0.90898156 -0.17811465 -0.23888242
v -0.89687061 -0.17736338 -0.23999502
v -0.88474852 -0.17661144 -0.24110863
v -0.87261540 -0.17585881 -0.24222326
v -0.86047125 -0.17510548 -0.24333891
v -0.84832549 -0.17443825 -0.24442667
v -0.83621740 -0.17420502 -0.24537055
v -0.82410944 -0.17405476 -0.24628744
v -0.81199235 -0.17390437 -0.24720502
v -0.79981411 -0.17330714 -0.24827233
v -0.78759962 -0.17249326 -0.24941272
v -0.77536970 -0.17164466 -0.25056547
v -0.76312834 -0.17079526 -0.25171936
v -0.75084901 -0.16973078 -0.25294587
v -0.73850179 -0.16822027 -0.25432238
v -0.72613239 -0.16664241 -0.25572237
v -0.71374893 -0.16506276 -0.25712398
v -0.70135134 -0.16348130 -0.25852719
v -0.68893677 -0.16187742 -0.25993887
v -0.67649317 -0.16016008 -0.26138958
v -0.66396159 -0.15789750 -0.26302391
v -0.65146458 -0.15619169 -0.26470223
v -0.63900614 -0.15450455 -0.26591662
v -0.62650907 -0.15282384 -0.26735926
v -0.61399734 -0.15114115 -0.26880354
v -0.60147095 -0.14945650 -0.27024955
v -0.58892983 -0.14776987 -0.27169722
v -0.57637411 -0.14608127 -0.27314660
v -0.56380355 -0.14439067 -0.27459770
v -0.55121821 -0.14269744 -0.27605072
v -0.53869963 -0.14154066 -0.27732444
v -0.52615082 -0.14026929 -0.27863762
v -0.51357549 -0.13891152 -0.27998081
v -0.50098658 -0.13755225 -0.28132543
v -0.48838389 -0.13619149 -0.28267151
v -0.47575933 -0.13477717 -0.28403664
v -0.46311989 -0.13335560 -0.28540513
v -0.45046648 -0.13193247 -0.28677517
v -0.43779919 -0.13050777 -0.28814670
v -0.42511785 -0.12908149 -0.28951976
v -0.41215232 -0.12604836 -0.29143587
v -0.39864886 -0.11996429 -0.29438296
v -0.38501024 -0.11326504 -0.29753989
v -0.37128177 -0.10623024 -0.30081233
v -0.35751733 -0.09917700 -0.30409342
v 0.44961002 -0.10466655 -0.36016974
v 0.46146530 -0.10911902 -0.35957131
v 0.47331506 -0.11356941 -0.35897315
v 0.48518330 -0.11793482 -0.35840398
v 0.49713320 -0.12199955 -0.35793844
v 0.50907880 -0.12606280 -0.35747311
v 0.52102005 -0.13012455 -0.35700792
v 0.53295696 -0.13418485 -0.35654292
v 0.54488951 -0.13824368 -0.35607809
v 0.55718863 -0.14106561 -0.35604185
v 0.56951922 -0.14378203 -0.35604221
v 0.58184981 -0.14649846 -0.35604253
v 0.59448028 -0.14823365 -0.35638359
v 0.60719299 -0.14971238 -0.35681394
v 0.61991012 -0.15119164 -0.35724443
v 0.63263142 -0.15267138 -0.35767508
v 0.64535701 -0.15415162 -0.35810584
v 0.65808690 -0.15563236 -0.35853678
v 0.67081648 -0.15712827 -0.35896277
v 0.68353099 -0.15868519 -0.35936782
v 0.69624960 -0.16024259 -0.35977298
v 0.70900327 -0.16170405 -0.36021188
v 0.72176939 -0.16314073 -0.36065978
v 0.73453009 -0.16460840 -0.36109716
v 0.74729413 -0.16607994 -0.36153352
v 0.76006252 -0.16755196 -0.36197004
v 0.77283514 -0.16902450 -0.36240670
v 0.78561217 -0.17049755 -0.36284351
v 0.79839361 -0.17197107 -0.36328048
v 0.81117934 -0.17344512 -0.36371762
v 0.82403952 -0.17471248 -0.36422727
v 0.83692288 -0.17592721 -0.36475575
v 0.84981149 -0.17714244 -0.36528444
v 0.86271578 -0.17832807 -0.36582386
v 0.87651551 -0.17693576 -0.36726600
v 0.89187962 -0.17107883 -0.37027258
v 0.90733314 -0.16505532 -0.37333977
v -0.96343964 -0.12289412 -0.24018691
v -0.95501357 -0.16119730 -0.22839320
v -0.94347870 -0.16622192 -0.22758988
v -0.93195152 -0.17124321 -0.22678709
v -0.92041165 -0.17605847 -0.22605190
v -0.90856647 -0.17780454 -0.22633164
v -0.89646012 -0.17705342 -0.22743806
v -0.88434273 -0.17630164 -0.22854549
v -0.87221426 -0.17554916 -0.22965394
v -0.86007476 -0.17479600 -0.23076341
v -0.84792674 -0.17406680 -0.23186570
v -0.83583301 -0.17391962 -0.23277582
v -0.82372969 -0.17376930 -0.23368762
v -0.81161737 -0.17361888 -0.23460013
v -0.79949594 -0.17346834 -0.23551328
v -0.78730667 -0.17282069 -0.23659214
v -0.77506405 -0.17181873 -0.23778947
v -0.76279908 -0.17072965 -0.23901656
v -0.75052166 -0.16963948 -0.24024490
v -0.73823190 -0.16854823 -0.24147449
v -0.72592968 -0.16745585 -0.24270530
v -0.71355945 -0.16592756 -0.24408208
v -0.70115149 -0.16421552 -0.24552095
v -0.68872893 -0.16250145 -0.24696155
v -0.67629170 -0.16078536 -0.24840382
v -0.66382629 -0.15896617 -0.24988149
v -0.65125203 -0.15645836 -0.25158975
v -0.63866019 -0.15394704 -0.25330040
v -0.62609881 -0.15177539 -0.25489894
v -0.61361086 -0.15023522 -0.25628793
v -0.60110867 -0.14869331 -0.25767848
v -0.58858037 -0.14706673 -0.25909832
v -0.57602882 -0.14537831 -0.26053980
v -0.56346250 -0.14368789 -0.26198301
v -0.55088127 -0.14199463 -0.26342818
v -0.53828520 -0.14029872 -0.26487523
v -0.52567434 -0.13860084 -0.26632404
v -0.51326883 -0.13832246 -0.26729882
v -0.50070417 -0.13709007 -0.26859370
v -0.48810622 -0.13572960 -0.26993236
v -0.47549465 -0.13436764 -0.27127248
v -0.46286935 -0.13300423 -0.27261406
v -0.45023033 -0.13163932 -0.27395710
v -0.43757758 -0.13027292 -0.27530161
v -0.42491108 -0.12890506 -0.27664757
v -0.41223079 -0.12753569 -0.27799496
v -0.39953673 -0.12616484 -0.27934387
v -0.38627622 -0.12157512 -0.28177476
v -0.37257102 -0.11456227 -0.28502145
v -0.35882995 -0.10753103 -0.28827667
v -0.34505281 -0.10048136 -0.29154044
v -0.33123946 -0.09341317 -0.29481277
v 0.41819730 -0.07557180 -0.35403296
v 0.42366254 -0.10293750 -0.34556735
v 0.43551251 -0.10738610 -0.34497294
v 0.44735697 -0.11183263 -0.34437877
v 0.45919588 -0.11627708 -0.34378487
v 0.47107807 -0.12054985 -0.34324962
v 0.48301643 -0.12460931 -0.34278741
v 0.49495053 -0.12866729 -0.34232536
v 0.50688028 -0.13272379 -0.34186348
v 0.51880568 -0.13677885 -0.34140179
v 0.53070927 -0.14089122 -0.34091997
v 0.54340941 -0.14231768 -0.34136406
v 0.55610436 -0.14377649 -0.34179738
v 0.56879848 -0.14525306 -0.34222487
v 0.58149683 -0.14673014 -0.34265250
v 0.59419948 -0.14820771 -0.34308028
v 0.60690635 -0.14968577 -0.34350818
v 0.61961758 -0.15116434 -0.34393623
v 0.63233304 -0.15264338 -0.34436446
v 0.64505279 -0.15412296 -0.34479278
v 0.65775710 -0.15566567 -0.34519961
v 0.67046154 -0.15722135 -0.34560221
v 0.68317002 -0.15877755 -0.34600496
v 0.69588250 -0.16033424 -0.34640783
v 0.70863491 -0.16177967 -0.34684956
v 0.72139508 -0.16321568 -0.34729487
v 0.73415959 -0.16465218 -0.34774035
v 0.74691933 -0.16611753 -0.34817615
v 0.75968164 -0.16758889 -0.34861022
v 0.77244830 -0.16906074 -0.34904438
v 0.78521937 -0.17053309 -0.34947872
v 0.79799467 -0.17200594 -0.34991321
v 0.81078607 -0.17344461 -0.35035992
v 0.82365817 -0.17465827 -0.35088515
v 0.83653545 -0.17587243 -0.35141063
v 0.84942979 -0.17705290 -0.35194820
v 0.86238694 -0.17806678 -0.35254416
v 0.87546766 -0.17874055 -0.35325900
v 0.89075345 -0.17308034 -0.35618067
v 0.90621424 -0.16700645 -0.35924876
v 0.92186153 -0.16049178 -0.36247277
v -0.96364641 -0.12949842 -0.22530396
v -0.95472962 -0.16246471 -0.21532461
v -0.94320196 -0.16748582 -0.21452610
v -0.93168193 -0.17250362 -0.21372814
v -0.92016953 -0.17751811 -0.21293069
v -0.90814656 -0.17744415 -0.21380746
v -0.89604175 -0.17666456 -0.21491715
v -0.88392586 -0.17588426 -0.21602790
v -0.87179887 -0.17510325 -0.21713965
v -0.85966063 -0.17432152 -0.21825242
v -0.84753811 -0.17378342 -0.21928564
v -0.83544201 -0.17357373 -0.22021128
v -0.82334405 -0.17342937 -0.22111604
v -0.81123710 -0.17328516 -0.22202136
v -0.79912108 -0.17314087 -0.22292736
v -0.78695291 -0.17263210 -0.22395439
v -0.77474761 -0.17190003 -0.22505593
v -0.76253062 -0.17116228 -0.22616015
v -0.75027150 -0.17017201 -0.22734861
v -0.73799479 -0.16913609 -0.22855304
v -0.72564876 -0.16764809 -0.22990790
v -0.71324229 -0.16579515 -0.23138452
v -0.70082080 -0.16393997 -0.23286293
v -0.68840533 -0.16224384 -0.23428971
v -0.67597890 -0.16057166 -0.23570956
v -0.66353786 -0.15889753 -0.23713107
v -0.65102082 -0.15677144 -0.23870349
v -0.63848400 -0.15461597 -0.24028675
v -0.62593091 -0.15245771 -0.24187207
v -0.61331809 -0.14999020 -0.24356118
v -0.60068077 -0.14747058 -0.24526879
v -0.58815330 -0.14582716 -0.24668656
v -0.57562590 -0.14428142 -0.24807288
v -0.56308430 -0.14273392 -0.24946077
v -0.55054456 -0.14129232 -0.25081444
v -0.53795272 -0.13959660 -0.25225362
v -0.52534610 -0.13789889 -0.25369447
v -0.51272464 -0.13619919 -0.25513706
v -0.50020528 -0.13524437 -0.25633258
v -0.48780209 -0.13509971 -0.25725904
v -0.47522181 -0.13390636 -0.25853568
v -0.46260124 -0.13254322 -0.25986984
v -0.44996694 -0.13117859 -0.26120543
v -0.43731889 -0.12981248 -0.26254249
v -0.42465717 -0.12844488 -0.26388100
v -0.41198161 -0.12707579 -0.26522094
v -0.39929226 -0.12570521 -0.26656237
v -0.38659272 -0.12435420 -0.26789823
v -0.37388095 -0.12301054 -0.26923257
v -0.36014631 -0.11590378 -0.27249464
v -0.34638470 -0.10883114 -0.27574766
v -0.33259487 -0.10178504 -0.27899411
v -0.31876886 -0.09472043 -0.28224909
v 0.38591760 -0.09675381 -0.33158755
v 0.39776474 -0.10121176 -0.33099300
v 0.40960941 -0.10565650 -0.33040252
v 0.42144859 -0.11009919 -0.32981235
v 0.43328220 -0.11453978 -0.32922241
v 0.44511029 -0.11897832 -0.32863277
v 0.45700607 -0.12315872 -0.32813102
v 0.46893302 -0.12721293 -0.32767209
v 0.48085555 -0.13126564 -0.32721332
v 0.49277380 -0.13531691 -0.32675472
v 0.50508046 -0.13802658 -0.32675558
v 0.51776576 -0.13945140 -0.32719687
v 0.53045559 -0.14087671 -0.32763830
v 0.54314983 -0.14230251 -0.32807988
v 0.55584133 -0.14375260 -0.32851347
v 0.56852961 -0.14522851 -0.32893854
v 0.58122218 -0.14670490 -0.32936376
v 0.59391892 -0.14818178 -0.32978907
v 0.60661995 -0.14965916 -0.33021459
v 0.61932534 -0.15113705 -0.33064020
v 0.63202393 -0.15265089 -0.33105379
v 0.64471424 -0.15420489 -0.33145383
v 0.65740860 -0.15575938 -0.33185402
v 0.67010695 -0.15731436 -0.33225435
v 0.68280935 -0.15886983 -0.33265480
v 0.69551748 -0.16042039 -0.33305722
v 0.70826697 -0.16185524 -0.33349982
v 0.72102106 -0.16329058 -0.33394262
v 0.73377949 -0.16472642 -0.33438554
v 0.74654239 -0.16616276 -0.33482864
v 0.75930125 -0.16762577 -0.33526284
v 0.77206182 -0.16909693 -0.33569455
v 0.78482676 -0.17056859 -0.33612642
v 0.79759610 -0.17204078 -0.33655843
v 0.81041098 -0.17339103 -0.33703291
v 0.82327706 -0.17460412 -0.33755517
v 0.83616143 -0.17577942 -0.33809093
v 0.84907806 -0.17687683 -0.33865398
v 0.86210549 -0.17766860 -0.33932331
v 0.87516803 -0.17837881 -0.34002140
v 0.88962907 -0.17507890 -0.34210953
v 0.90509701 -0.16895474 -0.34517831
v 0.92070913 -0.16251110 -0.34836012
v -0.97188729 -0.09265887 -0.22379944
v -0.96385276 -0.13608512 -0.21046068
v -0.95444614 -0.16373056 -0.20227204
v -0.94292551 -0.16874819 -0.20147833
v -0.93141270 -0.17376250 -0.20068517
v -0.91978621 -0.17756568 -0.20028783
v -0.90770197 -0.17683978 -0.20137307
v -0.89561296 -0.17617230 -0.20243995
v -0.88350147 -0.17539208 -0.20354454
v -0.87137872 -0.17461112 -0.20465012
v -0.85924482 -0.17382945 -0.20575672
v -0.84715009 -0.17350318 -0.20671476
v -0.83505106 -0.17322583 -0.20765738
v -0.82295769 -0.17308067 -0.20855732
v -0.81085533 -0.17293589 -0.20945777
v -0.79873705 -0.17273258 -0.21037810
v -0.78654838 -0.17201263 -0.21146880
v -0.77434868 -0.17129202 -0.21256050
v -0.76213676 -0.17056115 -0.21365635
v -0.74991298 -0.16982271 -0.21475546
v -0.73766643 -0.16899174 -0.21588580
v -0.72530091 -0.16731068 -0.21729676
v -0.71292096 -0.16562766 -0.21870936
v -0.70052284 -0.16391417 -0.22013301
v -0.68809146 -0.16205752 -0.22160484
v -0.67564559 -0.16020270 -0.22307709
v -0.66320926 -0.15852901 -0.22449069
v -0.65070283 -0.15644655 -0.22604011
v -0.63817078 -0.15429175 -0.22761452
v -0.62562251 -0.15213415 -0.22919099
v -0.61305785 -0.14997372 -0.23076949
v -0.60047686 -0.14781050 -0.23235004
v -0.58787954 -0.14564447 -0.23393264
v -0.57526582 -0.14347561 -0.23551732
v -0.56265163 -0.14141145 -0.23706852
v -0.55011338 -0.13995862 -0.23841858
v -0.53756893 -0.13855492 -0.23975334
v -0.52501076 -0.13714966 -0.24108958
v -0.51240081 -0.13549791 -0.24250840
v -0.49976870 -0.13379638 -0.24394470
v -0.48713309 -0.13216424 -0.24535909
v -0.47472090 -0.13201837 -0.24628171
v -0.46229938 -0.13187242 -0.24720508
v -0.44970375 -0.13071822 -0.24846354
v -0.43706045 -0.12935238 -0.24979317
v -0.42440340 -0.12798506 -0.25112423
v -0.41173261 -0.12661625 -0.25245675
v -0.39904866 -0.12524974 -0.25378945
v -0.38635409 -0.12390027 -0.25511745
v -0.37364578 -0.12254935 -0.25644690
v -0.36101541 -0.12172031 -0.25760370
v -0.34775355 -0.11738741 -0.25992706
v -0.33397019 -0.11026588 -0.26318020
v -0.32015032 -0.10312548 -0.26644194
v -0.30630487 -0.09602700 -0.26969209
v -0.29242977 -0.08894742 -0.27293828
v 0.36372972 -0.08158592 -0.32160175
v 0.37213627 -0.09868605 -0.31671926
v 0.38382515 -0.10367862 -0.31594548
v 0.39558974 -0.10836905 -0.31527379
v 0.40741807 -0.11280581 -0.31468782
v 0.41924089 -0.11724050 -0.31410211
v 0.43105820 -0.12167312 -0.31351671
v 0.44296724 -0.12576145 -0.31304801
v 0.45488265 -0.12981041 -0.31259233
v 0.46682653 -0.13374385 -0.31217569
v 0.47949284 -0.13516654 -0.31261399
v 0.49216348 -0.13658971 -0.31305245
v 0.50483859 -0.13801338 -0.31349108
v 0.51751810 -0.13943754 -0.31392986
v 0.53020203 -0.14086221 -0.31436875
v 0.54289049 -0.14228737 -0.31480786
v 0.55557859 -0.14372873 -0.31524172
v 0.56826103 -0.14520395 -0.31566435
v 0.58094770 -0.14667967 -0.31608716
v 0.59363860 -0.14815588 -0.31651005
v 0.60633129 -0.14964089 -0.31693026
v 0.61900759 -0.15119319 -0.31732780
v 0.63168782 -0.15274598 -0.31772542
v 0.64437211 -0.15429924 -0.31812319
v 0.65706044 -0.15585302 -0.31852108
v 0.66975272 -0.15740727 -0.31891909
v 0.68244898 -0.15896201 -0.31931722
v 0.69515592 -0.16049653 -0.31972262
v 0.70789945 -0.16193072 -0.32016271
v 0.72064734 -0.16336539 -0.32060295
v 0.73339975 -0.16480057 -0.32104334
v 0.74615657 -0.16623624 -0.32148388
v 0.75891787 -0.16767244 -0.32192457
v 0.77167571 -0.16913310 -0.32235721
v 0.78443468 -0.17060408 -0.32278660
v 0.79719788 -0.17207557 -0.32321611
v 0.81003618 -0.17333747 -0.32371804
v 0.82291067 -0.17450763 -0.32425195
v 0.83581573 -0.17560403 -0.32481158
v 0.84872663 -0.17670092 -0.32537147
v 0.86182308 -0.17727427 -0.32611212
v 0.87486863 -0.17801732 -0.32679480
v 0.88851672 -0.17704429 -0.32806954
v 0.90398139 -0.17090018 -0.33112836
v 0.91955841 -0.16452742 -0.33426827
v -0.97203904 -0.09884073 -0.20905250
v -0.96405858 -0.14265428 -0.19565687
v -0.95416284 -0.16499487 -0.18923542
v -0.94264954 -0.17000902 -0.18844652
v -0.93114376 -0.17501985 -0.18765813
v -0.91934514 -0.17703381 -0.18784489
v -0.90728587 -0.17651093 -0.18885800
v -0.89516091 -0.17545256 -0.19004631
v -0.88307726 -0.17490025 -0.19107048
v -0.87095886 -0.17411935 -0.19216992
v -0.85884845 -0.17351364 -0.19321302
v -0.84676236 -0.17322314 -0.19415401
v -0.83466661 -0.17293240 -0.19509572
v -0.82257175 -0.17273301 -0.19600828
v -0.81047392 -0.17258765 -0.19690385
v -0.79832870 -0.17211372 -0.19790740
v -0.78614420 -0.17139359 -0.19899213
v -0.77394867 -0.17067297 -0.20007779
v -0.76174217 -0.16995169 -0.20116444
v -0.74952358 -0.16922200 -0.20225462
v -0.73724610 -0.16810928 -0.20347092
v -0.72488433 -0.16642825 -0.20487417
v -0.71250808 -0.16474526 -0.20627907
v -0.70011747 -0.16306029 -0.20768559
v -0.68771225 -0.16137336 -0.20909376
v -0.67529690 -0.15971689 -0.21049295
v -0.66286772 -0.15806323 -0.21189222
v -0.65037113 -0.15602000 -0.21342032
v -0.63783926 -0.15383346 -0.21499650
v -0.62529361 -0.15166242 -0.21656875
v -0.61273158 -0.14948854 -0.21814305
v -0.60015315 -0.14731184 -0.21971940
v -0.58755833 -0.14513230 -0.22129780
v -0.57494700 -0.14294989 -0.22287828
v -0.56231928 -0.14076465 -0.22446081
v -0.54966176 -0.13848789 -0.22607459
v -0.53706473 -0.13671857 -0.22752246
v -0.52458751 -0.13582624 -0.22868259
v -0.51201868 -0.13441910 -0.23001315
v -0.49943602 -0.13301040 -0.23134515
v -0.48680672 -0.13139245 -0.23274709
v -0.47414914 -0.12968710 -0.23417886
v -0.46163112 -0.12893501 -0.23529717
v -0.44920057 -0.12878783 -0.23621669
v -0.43676057 -0.12864055 -0.23713689
v -0.42414990 -0.12752558 -0.23837732
v -0.41148382 -0.12615706 -0.23970239
v -0.39880544 -0.12479589 -0.24102595
v -0.38611567 -0.12344670 -0.24234654
v -0.37341213 -0.12209605 -0.24366854
v -0.36069486 -0.12074392 -0.24499197
v -0.34806907 -0.11998563 -0.24611984
v -0.33536798 -0.11887018 -0.24736677
v -0.32157224 -0.11175268 -0.25060236
v -0.30773997 -0.10461632 -0.25384653
v -0.29387102 -0.09746105 -0.25709927
v -0.27996525 -0.09028678 -0.26036066
v 0.34537709 -0.05195200 -0.31647030
v 0.34669709 -0.09562446 -0.30265203
v 0.35838476 -0.10061411 -0.30188319
v 0.37006524 -0.10560069 -0.30111480
v 0.38173851 -0.11058421 -0.30034685
v 0.39342090 -0.11550600 -0.29959923
v 0.40523294 -0.11993480 -0.29901773
v 0.41705313 -0.12431287 -0.29845297
v 0.42896140 -0.12835807 -0.29800043
v 0.44129479 -0.13089007 -0.29805967
v 0.45394644 -0.13231111 -0.29849517
v 0.46660247 -0.13373263 -0.29893085
v 0.47926289 -0.13515466 -0.29936662
v 0.49192774 -0.13657717 -0.29980260
v 0.50459707 -0.13800021 -0.30023870
v 0.51727068 -0.13942371 -0.30067495
v 0.52994883 -0.14084771 -0.30111137
v 0.54263139 -0.14227222 -0.30154794
v 0.55531603 -0.14370491 -0.30198207
v 0.56799269 -0.14517944 -0.30240226
v 0.58067352 -0.14665447 -0.30282265
v 0.59334147 -0.14818624 -0.30322400
v 0.60600770 -0.14973733 -0.30361912
v 0.61867785 -0.15128888 -0.30401433
v 0.63135207 -0.15284096 -0.30440968
v 0.64403033 -0.15439352 -0.30480519
v 0.65671253 -0.15594655 -0.30520079
v 0.66939878 -0.15750010 -0.30559647
v 0.68208909 -0.15905413 -0.30599236
v 0.69479477 -0.16057262 -0.30640060
v 0.70753217 -0.16200611 -0.30683815
v 0.72027403 -0.16344014 -0.30727586
v 0.73302031 -0.16487466 -0.30771372
v 0.74577111 -0.16630967 -0.30815172
v 0.75852633 -0.16774519 -0.30858988
v 0.77128595 -0.16918121 -0.30902821
v 0.78404284 -0.17063953 -0.30945924
v 0.79681271 -0.17207251 -0.30989924
v 0.80967730 -0.17323750 -0.31043124
v 0.82257098 -0.17433292 -0.31098744
v 0.83547038 -0.17542881 -0.31154391
v 0.84840649 -0.17643432 -0.31213173
v 0.86152947 -0.17691351 -0.31290033
v 0.87456959 -0.17765616 -0.31357914
v 0.88760048 -0.17844629 -0.31424224
v 0.90286738 -0.17284279 -0.31709886
v 0.91840935 -0.16654077 -0.32019725
v 0.93415272 -0.15975986 -0.32346237
v -0.97219050 -0.10500688 -0.19434306
v -0.96426380 -0.14920603 -0.18089238
v -0.95388001 -0.16625763 -0.17621477
v -0.94237375 -0.17126828 -0.17543063
v -0.93087512 -0.17627566 -0.17464703
v -0.91890430 -0.17650235 -0.17541111
v -0.90687001 -0.17618233 -0.17635281
v -0.89474142 -0.17504473 -0.17756020
v -0.88262236 -0.17411335 -0.17870156
v -0.87053633 -0.17359874 -0.17970856
v -0.85845637 -0.17323384 -0.18066771
v -0.84637487 -0.17294334 -0.18160337
v -0.83428389 -0.17265260 -0.18253979
v -0.82218611 -0.17238560 -0.18346915
v -0.81009012 -0.17221648 -0.18436737
v -0.79792082 -0.17149681 -0.18544516
v -0.78574049 -0.17077650 -0.18652391
v -0.77354914 -0.17005552 -0.18760365
v -0.76134670 -0.16933390 -0.18868437
v -0.74913371 -0.16861534 -0.18976486
v -0.73683590 -0.16730630 -0.19103836
v -0.72448272 -0.16566232 -0.19242185
v -0.71211517 -0.16401652 -0.19380692
v -0.69973332 -0.16236879 -0.19519359
v -0.68733716 -0.16071916 -0.19658184
v -0.67492658 -0.15906762 -0.19797175
v -0.66250163 -0.15741418 -0.19936325
v -0.65001136 -0.15538673 -0.20087780
v -0.63749665 -0.15329394 -0.20241478
v -0.62495261 -0.15110323 -0.20398481
v -0.61238796 -0.14888002 -0.20556660
v -0.59980768 -0.14666055 -0.20714830
v -0.58721709 -0.14448135 -0.20871794
v -0.57461005 -0.14229931 -0.21028963
v -0.56198663 -0.14011441 -0.21186337
v -0.54933482 -0.13784790 -0.21346496
v -0.53665608 -0.13551152 -0.21509056
v -0.52396619 -0.13321014 -0.21670587
v -0.51133120 -0.13137034 -0.21817106
v -0.49892437 -0.13108167 -0.21912888
v -0.48642597 -0.13027644 -0.22025678
v -0.47381884 -0.12886430 -0.22158453
v -0.46117035 -0.12728021 -0.22296967
v -0.44853270 -0.12584962 -0.22430541
v -0.43609309 -0.12570123 -0.22522108
v -0.42364407 -0.12555273 -0.22613740
v -0.41118565 -0.12540410 -0.22705445
v -0.39856243 -0.12434239 -0.22827230
v -0.38587740 -0.12299347 -0.22958547
v -0.37317863 -0.12164309 -0.23090005
v -0.36046612 -0.12029125 -0.23221608
v -0.34775046 -0.11899792 -0.23351377
v -0.33511898 -0.11825045 -0.23463264
v -0.32247582 -0.11750229 -0.23575254
v -0.30918145 -0.11323861 -0.23803179
v -0.29533681 -0.10610630 -0.24125837
v -0.28145546 -0.09895507 -0.24449351
v -0.26753986 -0.09179888 -0.24773259
v 0.32129732 -0.09256762 -0.28860658
v 0.33298370 -0.09755433 -0.28784263
v 0.34466296 -0.10253800 -0.28707916
v 0.35633501 -0.10751860 -0.28631613
v 0.36799994 -0.11249615 -0.28555357
v 0.37965769 -0.11747064 -0.28479147
v 0.39130828 -0.12244208 -0.28402987
v 0.40317157 -0.12662199 -0.28353387
v 0.41580415 -0.12804089 -0.28396642
v 0.42844114 -0.12946028 -0.28439912
v 0.44108254 -0.13088016 -0.28483194
v 0.45372835 -0.13230056 -0.28526494
v 0.46637854 -0.13372143 -0.28569809
v 0.47903317 -0.13514280 -0.28613138
v 0.49169219 -0.13656466 -0.28656483
v 0.50435567 -0.13798703 -0.28699845
v 0.51702356 -0.13940990 -0.28743219
v 0.52969581 -0.14083324 -0.28786609
v 0.54237252 -0.14225709 -0.28830013
v 0.55505365 -0.14368145 -0.28873435
v 0.56771576 -0.14518403 -0.28914246
v 0.58036798 -0.14673340 -0.28953502
v 0.59302413 -0.14828329 -0.28992772
v 0.60567391 -0.14986768 -0.29030901
v 0.61832440 -0.15146251 -0.29068708
v 0.63097876 -0.15305784 -0.29106525
v 0.64363700 -0.15465364 -0.29144353
v 0.65629905 -0.15624993 -0.29182193
v 0.66896498 -0.15784670 -0.29220045
v 0.68163472 -0.15944396 -0.29257908
v 0.69434983 -0.16091190 -0.29300186
v 0.70709306 -0.16230635 -0.29344988
v 0.71984076 -0.16370130 -0.29389805
v 0.73259318 -0.16509676 -0.29434639
v 0.74535012 -0.16649270 -0.29479489
v 0.75811166 -0.16788916 -0.29524356
v 0.77087784 -0.16928613 -0.29569238
v 0.78364670 -0.17068908 -0.29613948
v 0.79646146 -0.17196906 -0.29662877
v 0.80934370 -0.17306347 -0.29718158
v 0.82223159 -0.17415836 -0.29773459
v 0.83512521 -0.17525373 -0.29828787
v 0.84813118 -0.17603742 -0.29894775
v 0.86123610 -0.17655307 -0.29969949
v 0.87427074 -0.17729530 -0.30037448
v 0.88728154 -0.17812714 -0.30101940
v 0.90175503 -0.17478256 -0.30308980
v 0.91726196 -0.16855116 -0.30614701
v 0.93299228 -0.16177785 -0.30939150
v -0.97234142 -0.11115738 -0.17967096
v -0.96446848 -0.15574037 -0.16616707
v -0.95359755 -0.16751884 -0.16321003
v -0.94209832 -0.17252603 -0.16243066
v -0.93045872 -0.17603119 -0.16213444
v -0.91846389 -0.17597125 -0.16298644
v -0.90645450 -0.17585400 -0.16385755
v -0.89433050 -0.17471668 -0.16505809
v -0.88219416 -0.17357819 -0.16625984
v -0.87008137 -0.17277387 -0.16735466
v -0.85800576 -0.17241409 -0.16830678
v -0.84595066 -0.17232773 -0.16917132
v -0.83388674 -0.17224130 -0.17003649
v -0.82180572 -0.17208210 -0.17092578
v -0.80967844 -0.17160003 -0.17192003
v -0.79751378 -0.17088491 -0.17299034
v -0.78533834 -0.17017055 -0.17406115
v -0.77315181 -0.16945554 -0.17513293
v -0.76095438 -0.16873990 -0.17620568
v -0.74874586 -0.16802360 -0.17727940
v -0.73642701 -0.16651228 -0.17861134
v -0.72409391 -0.16499643 -0.17994571
v -0.71173269 -0.16336763 -0.18131760
v -0.69935501 -0.16171986 -0.18269664
v -0.68651861 -0.16001448 -0.18419954
v -0.67455655 -0.15841880 -0.18545943
v -0.66213584 -0.15676557 -0.18684319
v -0.64964700 -0.15471816 -0.18835588
v -0.63713646 -0.15262567 -0.18988429
v -0.62460989 -0.15053050 -0.19141467
v -0.61206305 -0.14840285 -0.19295669
v -0.59948641 -0.14617725 -0.19453165
v -0.58689320 -0.14394869 -0.19610871
v -0.57428336 -0.14171721 -0.19768782
v -0.56165689 -0.13948277 -0.19926903
v -0.54900819 -0.13720840 -0.20086436
v -0.53633380 -0.13487242 -0.20248091
v -0.52364224 -0.13253327 -0.20409961
v -0.51093370 -0.13019098 -0.20572053
v -0.49825040 -0.12811665 -0.20725521
v -0.48558775 -0.12627199 -0.20871608
v -0.47310498 -0.12564459 -0.20978087
v -0.46067786 -0.12542909 -0.21071194
v -0.44815904 -0.12471129 -0.21180768
v -0.43549153 -0.12316117 -0.21317607
v -0.42297700 -0.12261258 -0.21421818
v -0.41051891 -0.12246286 -0.21513067
v -0.39809036 -0.12254192 -0.21596901
v -0.38563934 -0.12254059 -0.21683423
v -0.37294534 -0.12119050 -0.21814142
v -0.36023763 -0.11983893 -0.21945004
v -0.34751612 -0.11848590 -0.22076005
v -0.33480436 -0.11726314 -0.22202834
v -0.32216507 -0.11651476 -0.22314209
v -0.30951411 -0.11576569 -0.22425689
v -0.29679787 -0.11472368 -0.22546852
v -0.28294083 -0.10759540 -0.22867754
v -0.26904973 -0.10046235 -0.23189043
v -0.25512570 -0.09333097 -0.23510507
v -0.24110425 -0.08586266 -0.23843268
v 0.29593691 -0.08951551 -0.27458292
v 0.30762205 -0.09449930 -0.27382386
v 0.31930000 -0.09948004 -0.27306524
v 0.33097082 -0.10445774 -0.27230710
v 0.34263197 -0.10944162 -0.27154633
v 0.35427803 -0.11445159 -0.27077630
v 0.36591685 -0.11945845 -0.27000675
v 0.37774855 -0.12373497 -0.26948076
v 0.39045072 -0.12484857 -0.27001205
v 0.40307590 -0.12625873 -0.27044454
v 0.41570187 -0.12768210 -0.27087292
v 0.42833224 -0.12910597 -0.27130145
v 0.44096702 -0.13053033 -0.27173010
v 0.45360613 -0.13195519 -0.27215895
v 0.46624967 -0.13338053 -0.27258793
v 0.47889760 -0.13480638 -0.27301702
v 0.49154988 -0.13623272 -0.27344629
v 0.50420654 -0.13765955 -0.27387571
v 0.51686764 -0.13908689 -0.27430528
v 0.52953315 -0.14051472 -0.27473497
v 0.54236048 -0.14141521 -0.27534214
v 0.55492932 -0.14319858 -0.27565309
v 0.56750172 -0.14498115 -0.27596456
v 0.58007741 -0.14676397 -0.27627614
v 0.59265620 -0.14854723 -0.27658784
v 0.60523820 -0.15033095 -0.27689961
v 0.61786729 -0.15197255 -0.27725938
v 0.63051492 -0.15356711 -0.27763534
v 0.64316636 -0.15516216 -0.27801138
v 0.65582168 -0.15675767 -0.27838755
v 0.66848081 -0.15835367 -0.27876380
v 0.68114597 -0.15994318 -0.27914256
v 0.69387788 -0.16133647 -0.27958778
v 0.70661443 -0.16273028 -0.28003317
v 0.71935552 -0.16412458 -0.28047869
v 0.73209715 -0.16553184 -0.28092018
v 0.74481618 -0.16702268 -0.28133380
v 0.75753939 -0.16851400 -0.28174749
v 0.77026689 -0.17000581 -0.28216136
v 0.78306746 -0.17129084 -0.28264546
v 0.79602641 -0.17211744 -0.28328505
v 0.80900097 -0.17291737 -0.28393412
v 0.82189256 -0.17398396 -0.28449339
v 0.83478051 -0.17507884 -0.28504351
v 0.84785610 -0.17564085 -0.28577456
v 0.86094296 -0.17619289 -0.28650954
v 0.87396324 -0.17696056 -0.28717196
v 0.88696295 -0.17780828 -0.28780770
v 0.90064430 -0.17671952 -0.28910109
v 0.91611636 -0.17055859 -0.29211745
v 0.93183351 -0.16379288 -0.29534140
v -0.97249204 -0.11729228 -0.16503607
v -0.96467263 -0.16225740 -0.15148075
v -0.95331532 -0.16877852 -0.15022115
v -0.94182336 -0.17378223 -0.14944653
v -0.93001431 -0.17550066 -0.14972368
v -0.91802377 -0.17544056 -0.15057091
v -0.90602446 -0.17538042 -0.15141876
v -0.89391983 -0.17438887 -0.15256585
v -0.88178813 -0.17325069 -0.15376079
v -0.86964417 -0.17211133 -0.15495695
v -0.85753804 -0.17143413 -0.15600561
v -0.84548080 -0.17129645 -0.15688176
v -0.83342034 -0.17120966 -0.15774219
v -0.82134843 -0.17109939 -0.15861076
v -0.80921280 -0.17051430 -0.15963259
v -0.79704136 -0.16971207 -0.16072495
v -0.78488994 -0.16917267 -0.16173355
v -0.77272803 -0.16863282 -0.16274300
v -0.76055574 -0.16809250 -0.16375332
v -0.74832922 -0.16719656 -0.16487886
v -0.73601377 -0.16568242 -0.16620435
v -0.72368461 -0.16416661 -0.16753133
v -0.71134144 -0.16264907 -0.16885975
v -0.69897699 -0.16107213 -0.17020831
v -0.68658918 -0.15942265 -0.17158122
v -0.67418694 -0.15777124 -0.17295572
v -0.66177034 -0.15611793 -0.17433183
v -0.64928293 -0.15405025 -0.17584270
v -0.63677657 -0.15195790 -0.17736265
v -0.62425417 -0.14986303 -0.17888448
v -0.61171573 -0.14776549 -0.18040824
v -0.59916127 -0.14566526 -0.18193397
v -0.58657771 -0.14347297 -0.18349054
v -0.57397246 -0.14124201 -0.18506075
v -0.56135058 -0.13900812 -0.18663304
v -0.54870218 -0.13670522 -0.18822879
v -0.53602105 -0.13429576 -0.18986018
v -0.52332455 -0.13189504 -0.19148992
v -0.51062024 -0.12955315 -0.19310175
v -0.49789885 -0.12720813 -0.19471575
v -0.48515910 -0.12485911 -0.19631933
v -0.47248530 -0.12301338 -0.19778642
v -0.45979488 -0.12116388 -0.19924295
v -0.44723359 -0.12019657 -0.20041400
v -0.43478394 -0.11997875 -0.20134239
v -0.42232466 -0.11976074 -0.20227151
v -0.40986353 -0.11958885 -0.20318630
v -0.39743757 -0.11967947 -0.20401634
v -0.38500306 -0.11977013 -0.20484698
v -0.37255996 -0.11986087 -0.20567819
v -0.36000925 -0.11938695 -0.20669383
v -0.34729257 -0.11803421 -0.20799644
v -0.33456209 -0.11667999 -0.20930046
v -0.32185450 -0.11552785 -0.21053955
v -0.30920738 -0.11477856 -0.21164818
v -0.29654866 -0.11402859 -0.21275784
v -0.28387827 -0.11327792 -0.21386854
v -0.27055472 -0.10909788 -0.21609934
v -0.25665519 -0.10198941 -0.21928798
v -0.24270637 -0.09479652 -0.22250646
v -0.22866926 -0.08731830 -0.22582048
v -0.16667084 -0.09330313 -0.22822763
v -0.15477957 -0.09708644 -0.22786316
v -0.14284606 -0.10064413 -0.22757237
v -0.13091540 -0.10420096 -0.22728163
v -0.11898761 -0.10775695 -0.22699097
v -0.10690660 -0.11056622 -0.22694494
v -0.09471052 -0.11282773 -0.22707860
v -0.08251311 -0.11508949 -0.22721228
v -0.07033422 -0.11744419 -0.22731553
v -0.05839803 -0.12092704 -0.22704837
v -0.04631078 -0.12370351 -0.22701307
v -0.03344139 -0.12291545 -0.22814921
v 0.04459242 -0.11571916 -0.23579617
v 0.05834126 -0.11151269 -0.23806468
v 0.07217698 -0.10703595 -0.24042390
v 0.27305999 -0.07704527 -0.26370364
v 0.28228971 -0.09148666 -0.25981426
v 0.29395625 -0.09650294 -0.25904775
v 0.30561548 -0.10151610 -0.25828174
v 0.31726748 -0.10652614 -0.25751621
v 0.32891223 -0.11153305 -0.25675115
v 0.34054974 -0.11653686 -0.25598657
v 0.35233170 -0.12097909 -0.25540802
v 0.36507958 -0.12186626 -0.25601062
v 0.37776479 -0.12300441 -0.25653020
v 0.39038301 -0.12440443 -0.25696307
v 0.40300438 -0.12580933 -0.25739464
v 0.41562536 -0.12723206 -0.25782058
v 0.42825073 -0.12865530 -0.25824669
v 0.44088051 -0.13007902 -0.25867292
v 0.45351458 -0.13150322 -0.25909930
v 0.46615312 -0.13292792 -0.25952584
v 0.47879601 -0.13435313 -0.25995252
v 0.49144322 -0.13577881 -0.26037934
v 0.50429577 -0.13651906 -0.26103523
v 0.51718229 -0.13716787 -0.26172215
v 0.52974021 -0.13894960 -0.26203120
v 0.54230136 -0.14073178 -0.26234031
v 0.55486560 -0.14251441 -0.26264954
v 0.56743336 -0.14429639 -0.26295918
v 0.58000439 -0.14607848 -0.26326904
v 0.59257859 -0.14786100 -0.26357895
v 0.60515589 -0.14964397 -0.26388896
v 0.61773646 -0.15142739 -0.26419905
v 0.63032013 -0.15321127 -0.26450920
v 0.64290696 -0.15499559 -0.26481944
v 0.65549695 -0.15678036 -0.26512975
v 0.66810763 -0.15851031 -0.26545867
v 0.68064660 -0.16047695 -0.26570848
v 0.69334233 -0.16196133 -0.26612025
v 0.70604110 -0.16344996 -0.26653090
v 0.71874416 -0.16493909 -0.26694173
v 0.73145139 -0.16642870 -0.26735267
v 0.74416286 -0.16791880 -0.26776373
v 0.75687855 -0.16940939 -0.26817498
v 0.76964068 -0.17077282 -0.26862925
v 0.78257900 -0.17162056 -0.26925737
v 0.79553020 -0.17244996 -0.26989216
v 0.80849808 -0.17324957 -0.27053741
v 0.82147276 -0.17404959 -0.27118298
v 0.83446896 -0.17480688 -0.27184346
v 0.84758127 -0.17524458 -0.27261212
v 0.86065006 -0.17583303 -0.27333054
v 0.87365043 -0.17664240 -0.27397496
v 0.88664460 -0.17748970 -0.27460706
v 0.89964533 -0.17833741 -0.27523950
v 0.91498679 -0.17252195 -0.27812243
v 0.93067646 -0.16580492 -0.28131202
v -0.97264224 -0.12341166 -0.15043822
v -0.96452600 -0.16503312 -0.13801850
v -0.95303351 -0.17003666 -0.13724813
v -0.94154859 -0.17503691 -0.13647826
v -0.92957026 -0.17497052 -0.13732208
v -0.91758388 -0.17491026 -0.13816452
v -0.90558892 -0.17484994 -0.13900758
v -0.89350963 -0.17406134 -0.14008351
v -0.88138247 -0.17292343 -0.14127164
v -0.86924303 -0.17178437 -0.14246096
v -0.85709125 -0.17064413 -0.14365152
v -0.84501129 -0.17026578 -0.14459957
v -0.83295423 -0.17017865 -0.14545526
v -0.82085484 -0.16979562 -0.14640611
v -0.80872291 -0.16921653 -0.14742033
v -0.79657257 -0.16856854 -0.14845729
v -0.78439277 -0.16776252 -0.14954557
v -0.77220196 -0.16695750 -0.15063429
v -0.76003206 -0.16641659 -0.15163921
v -0.74785179 -0.16587520 -0.15264499
v -0.73556405 -0.16455828 -0.15389998
v -0.72326130 -0.16322528 -0.15516099
v -0.71093631 -0.16181985 -0.15644614
v -0.69858319 -0.16030064 -0.15776870
v -0.68621558 -0.15877560 -0.15909404
v -0.67381757 -0.15712442 -0.16046081
v -0.66140544 -0.15547323 -0.16182856
v -0.64891917 -0.15338370 -0.16333808
v -0.63641703 -0.15129149 -0.16484953
v -0.62389874 -0.14919661 -0.16636293
v -0.61136442 -0.14709903 -0.16787824
v -0.59881419 -0.14499888 -0.16939548
v -0.58624780 -0.14289626 -0.17091458
v -0.57366180 -0.14076719 -0.17244329
v -0.56104451 -0.13853382 -0.17400666
v -0.54840285 -0.13624571 -0.17558877
v -0.53572637 -0.13383685 -0.17721091
v -0.52303267 -0.13142473 -0.17883527
v -0.51032156 -0.12900928 -0.18046187
v -0.49759308 -0.12659055 -0.18209068
v -0.48485577 -0.12422337 -0.18370400
v -0.47210440 -0.12187240 -0.18531327
v -0.45937365 -0.11975247 -0.18684906
v -0.44667074 -0.11790033 -0.18829945
v -0.43395239 -0.11604593 -0.18975161
v -0.42131001 -0.11473757 -0.19102827
v -0.40885794 -0.11463692 -0.19191532
v -0.39641604 -0.11465020 -0.19276614
v -0.38427749 -0.11647990 -0.19302978
v -0.37190828 -0.11699677 -0.19371858
v -0.35945708 -0.11708657 -0.19454616
v -0.34699726 -0.11717643 -0.19537434
v -0.33434349 -0.11622892 -0.19653928
v -0.32160401 -0.11487351 -0.19783732
v -0.30890086 -0.11379205 -0.19904742
v -0.29624596 -0.11304186 -0.20015094
v -0.28357941 -0.11229096 -0.20125546
v -0.27090356 -0.11155213 -0.20235686
v -0.25817969 -0.11061994 -0.20352186
v -0.24426791 -0.10351557 -0.20669295
v -0.23029146 -0.09624722 -0.20991960
v -0.21624136 -0.08877312 -0.21321547
v -0.20342745 -0.08779547 -0.21440083
v -0.18829991 -0.07515391 -0.21938191
v -0.17944439 -0.09429269 -0.21402302
v -0.16877604 -0.10411917 -0.21169224
v -0.15702432 -0.10847273 -0.21114238
v -0.14527798 -0.11282431 -0.21059272
v -0.13343070 -0.11665758 -0.21021160
v -0.12152802 -0.12020449 -0.20992361
v -0.10948654 -0.12307369 -0.20985645
v -0.09731669 -0.12533104 -0.20998889
v -0.08533585 -0.12848365 -0.20982920
v -0.07342549 -0.13195728 -0.20956455
v -0.06151776 -0.13543013 -0.20929998
v -0.04946192 -0.13821022 -0.20926160
v -0.03731888 -0.14059132 -0.20935360
v -0.02439723 -0.13945752 -0.21059503
v -0.01098675 -0.13619000 -0.21253537
v 0.00238451 -0.13318792 -0.21439023
v 0.01475732 -0.13468195 -0.21477461
v 0.02747037 -0.13470234 -0.21564184
v 0.04047184 -0.13350777 -0.21690772
v 0.05435399 -0.12856801 -0.21940187
v 0.06859591 -0.12219898 -0.22236633
v 0.08266200 -0.11671107 -0.22504401
v 0.09651528 -0.11224128 -0.22738962
v 0.11039539 -0.10776284 -0.22973979
v 0.12463378 -0.10189634 -0.23254736
v 0.13900337 -0.09561017 -0.23549478
v 0.25698075 -0.08854092 -0.24580592
v 0.26863208 -0.09360785 -0.24502672
v 0.28029251 -0.09860830 -0.24426885
v 0.29194316 -0.10361528 -0.24350828
v 0.30358657 -0.10861914 -0.24274817
v 0.31522271 -0.11361989 -0.24198857
v 0.32695618 -0.11822771 -0.24135813
v 0.33968750 -0.11911348 -0.24195680
v 0.35242504 -0.11999968 -0.24255577
v 0.36509335 -0.12116237 -0.24306376
v 0.37770209 -0.12256125 -0.24349402
v 0.39031529 -0.12396064 -0.24392442
v 0.40293291 -0.12536052 -0.24435498
v 0.41554895 -0.12678237 -0.24477859
v 0.42816931 -0.12820496 -0.24520224
v 0.44079402 -0.12962803 -0.24562605
v 0.45342308 -0.13105160 -0.24605000
v 0.46623328 -0.13186112 -0.24667788
v 0.47912222 -0.13242149 -0.24738884
v 0.49201867 -0.13298218 -0.24810021
v 0.50458217 -0.13470586 -0.24842609
v 0.51713234 -0.13648641 -0.24873331
v 0.52968574 -0.13826740 -0.24904062
v 0.54224223 -0.14004883 -0.24934800
v 0.55484247 -0.14169550 -0.24970043
v 0.56743532 -0.14337908 -0.25004080
v 0.58001834 -0.14510699 -0.25036672
v 0.59260476 -0.14683536 -0.25069273
v 0.60519457 -0.14856420 -0.25101882
v 0.61778760 -0.15029348 -0.25134498
v 0.63023263 -0.15251070 -0.25150880
v 0.64264590 -0.15483534 -0.25163698
v 0.65506035 -0.15716022 -0.25176516
v 0.66748863 -0.15944612 -0.25190645
v 0.68011993 -0.16109774 -0.25225946
v 0.69275486 -0.16274981 -0.25261259
v 0.70540047 -0.16438039 -0.25297314
v 0.71809828 -0.16586141 -0.25338390
v 0.73080039 -0.16734292 -0.25379482
v 0.74350667 -0.16882491 -0.25420585
v 0.75624573 -0.17022093 -0.25464597
v 0.76915938 -0.17110255 -0.25525844
v 0.78209102 -0.17194997 -0.25588286
v 0.79503447 -0.17278214 -0.25651285
v 0.80799574 -0.17358144 -0.25715426
v 0.82100201 -0.17426763 -0.25783405
v 0.83417916 -0.17447208 -0.25867578
v 0.84730661 -0.17484865 -0.25946045
v 0.86035591 -0.17547809 -0.26016089
v 0.87333781 -0.17632450 -0.26078904
v 0.88632643 -0.17717135 -0.26141751
v 0.89932173 -0.17801864 -0.26204631
v 0.91386664 -0.17446008 -0.26415536
v 0.92952114 -0.16781400 -0.26730332
v 0.94525284 -0.16104597 -0.27049455
v -0.98162776 -0.09460577 -0.14609955
v -0.97279215 -0.12951554 -0.13587730
v -0.96423739 -0.16629319 -0.12505656
v -0.95275199 -0.17129327 -0.12429096
v -0.94110006 -0.17450118 -0.12409249
v -0.92912656 -0.17444079 -0.12492955
v -0.91714442 -0.17438035 -0.12576723
v -0.90515375 -0.17431986 -0.12660550
v -0.89309973 -0.17373407 -0.12761101
v -0.88097715 -0.17259645 -0.12879235
v -0.86884224 -0.17145766 -0.12997487
v -0.85669506 -0.17031772 -0.13115861
v -0.84454590 -0.16927058 -0.13231370
v -0.83247983 -0.16907154 -0.13320008
v -0.82036144 -0.16849254 -0.13420789
v -0.80823255 -0.16791303 -0.13521656
v -0.79609323 -0.16733304 -0.13622610
v -0.78392786 -0.16662212 -0.13727804
v -0.77174008 -0.16581504 -0.13836132
v -0.75954098 -0.16500723 -0.13944560
v -0.74733067 -0.16419940 -0.14053066
v -0.73508012 -0.16316085 -0.14169002
v -0.72278035 -0.16182743 -0.14294419
v -0.71046728 -0.16049260 -0.14419970
v -0.69814092 -0.15915631 -0.14545655
v -0.68580145 -0.15781860 -0.14671475
v -0.67344189 -0.15642853 -0.14799057
v -0.66103780 -0.15480684 -0.14934126
v -0.64855570 -0.15271761 -0.15084226
v -0.63605762 -0.15062572 -0.15234520
v -0.62354362 -0.14853114 -0.15385005
v -0.61101353 -0.14643389 -0.15535682
v -0.59846741 -0.14433394 -0.15686552
v -0.58590525 -0.14223130 -0.15837617
v -0.57332695 -0.14012598 -0.15988876
v -0.56073242 -0.13801800 -0.16140325
v -0.54810369 -0.13578655 -0.16295841
v -0.53543192 -0.13337831 -0.16457132
v -0.52274281 -0.13096677 -0.16618642
v -0.51003641 -0.12855195 -0.16780375
v -0.49731255 -0.12613381 -0.16942327
v -0.48457131 -0.12371237 -0.17104501
v -0.47181264 -0.12128761 -0.17266899
v -0.45904025 -0.11888301 -0.17428763
v -0.44625875 -0.11652610 -0.17589214
v -0.43353733 -0.11463447 -0.17734821
v -0.42080650 -0.11277743 -0.17879421
v -0.40806222 -0.11093033 -0.18023805
v -0.39540365 -0.10967541 -0.18149240
v -0.38294968 -0.10968693 -0.18234001
v -0.37071690 -0.11102358 -0.18276155
v -0.35858613 -0.11296742 -0.18298782
v -0.34633553 -0.11424766 -0.18342806
v -0.33387876 -0.11439960 -0.18423232
v -0.32139036 -0.11442306 -0.18507858
v -0.30864188 -0.11306647 -0.18637060
v -0.29594344 -0.11205575 -0.18755195
v -0.28328073 -0.11130464 -0.18865032
v -0.27060932 -0.11056882 -0.18974455
v -0.25792778 -0.10984005 -0.19083729
v -0.24523462 -0.10911062 -0.19193104
v -0.23188797 -0.10504084 -0.19410534
v -0.21788362 -0.09769709 -0.19733992
v -0.20500638 -0.09628953 -0.19865653
v -0.19167179 -0.09263400 -0.20070155
v -0.18122837 -0.10361478 -0.19800997
v -0.17071074 -0.11408458 -0.19548196
v -0.15914336 -0.11923686 -0.19467470
v -0.14741887 -0.12357772 -0.19412985
v -0.13569973 -0.12791659 -0.19358526
v -0.12398589 -0.13225348 -0.19304091
v -0.11215578 -0.13600722 -0.19268535
v -0.10026855 -0.13947241 -0.19242318
v -0.08836520 -0.14284877 -0.19218965
v -0.07643014 -0.14606576 -0.19200775
v -0.06449689 -0.14928223 -0.19182585
v -0.05259788 -0.15264708 -0.19159560
v -0.04048420 -0.15502298 -0.19168670
v -0.02830872 -0.15712392 -0.19186731
v -0.01504183 -0.15433843 -0.19363789
v -0.00206377 -0.15292184 -0.19496420
v 0.01089644 -0.15164605 -0.19624563
v 0.02340635 -0.15240355 -0.19686572
v 0.03665860 -0.14996006 -0.19852921
v 0.05049958 -0.14505048 -0.20099775
v 0.06452434 -0.13946532 -0.20368835
v 0.07878342 -0.13300456 -0.20666651
v 0.09307787 -0.12652777 -0.20965204
v 0.10696182 -0.12190498 -0.21203455
v 0.12099784 -0.11675441 -0.21459116
v 0.13532768 -0.11050165 -0.21750963
v 0.14969222 -0.10423378 -0.22043517
v 0.16422983 -0.09738734 -0.22355196
v 0.23175289 -0.08543732 -0.23187284
v 0.24337171 -0.09062500 -0.23105815
v 0.25499901 -0.09574596 -0.23026474
v 0.26665446 -0.10072590 -0.22951697
v 0.27830094 -0.10570983 -0.22876737
v 0.28993577 -0.11070754 -0.22801268
v 0.30162194 -0.11548081 -0.22733112
v 0.31433669 -0.11636519 -0.22792585
v 0.32705766 -0.11724999 -0.22852089
v 0.33978486 -0.11813522 -0.22911620
v 0.35243642 -0.11932243 -0.22961271
v 0.36503571 -0.12072019 -0.23004037
v 0.37763944 -0.12211845 -0.23046815
v 0.39024764 -0.12351720 -0.23089610
v 0.40286025 -0.12491645 -0.23132418
v 0.41547257 -0.12633304 -0.23174688
v 0.42824119 -0.12721179 -0.23234707
v 0.44110718 -0.12777029 -0.23305321
v 0.45398065 -0.12832911 -0.23375976
v 0.46686161 -0.12888828 -0.23446672
v 0.47945508 -0.13046734 -0.23483773
v 0.49199444 -0.13224627 -0.23514308
v 0.50453693 -0.13402563 -0.23544848
v 0.51713097 -0.13564080 -0.23580836
v 0.52973765 -0.13722682 -0.23617812
v 0.54234809 -0.13881333 -0.23654799
v 0.55496240 -0.14040032 -0.23691799
v 0.56754971 -0.14209007 -0.23725426
v 0.58000320 -0.14423217 -0.23744109
v 0.59241611 -0.14651424 -0.23758176
v 0.60486275 -0.14869136 -0.23775727
v 0.61731118 -0.15086879 -0.23793282
v 0.62976140 -0.15304653 -0.23810840
v 0.64221340 -0.15522458 -0.23828396
v 0.65466720 -0.15740296 -0.23845960
v 0.66716868 -0.15943643 -0.23868340
v 0.67976576 -0.16117662 -0.23900470
v 0.69236612 -0.16291724 -0.23932610
v 0.70496988 -0.16465832 -0.23964757
v 0.71756786 -0.16642787 -0.23995982
v 0.73026282 -0.16790941 -0.24036802
v 0.74309647 -0.16897982 -0.24091323
v 0.75591087 -0.17012645 -0.24143343
v 0.76873088 -0.17127363 -0.24195388
v 0.78160357 -0.17227903 -0.24252190
v 0.79453927 -0.17311397 -0.24314708
v 0.80754292 -0.17376670 -0.24383339
v 0.82070541 -0.17397082 -0.24466971
v 0.83387685 -0.17417507 -0.24550658
v 0.84703219 -0.17445303 -0.24631949
v 0.86004901 -0.17516088 -0.24698961
v 0.87302548 -0.17600688 -0.24761415
v 0.88600868 -0.17685328 -0.24823903
v 0.89899838 -0.17770015 -0.24886417
v 0.91274822 -0.17639539 -0.25020853
v 0.92836750 -0.16982013 -0.25331518
v 0.94408613 -0.16305968 -0.25648606
v -0.98176664 -0.10076514 -0.13149896
v -0.97294158 -0.13560402 -0.12135314
v -0.96394914 -0.16755173 -0.11211047
v -0.95247090 -0.17254834 -0.11134956
v -0.94065243 -0.17397200 -0.11171382
v -0.92868316 -0.17391142 -0.11254612
v -0.91670525 -0.17385082 -0.11337904
v -0.90471882 -0.17379017 -0.11421254
v -0.89269012 -0.17340706 -0.11514838
v -0.88057214 -0.17226973 -0.11632292
v -0.86844182 -0.17113122 -0.11749865
v -0.85629922 -0.16999157 -0.11867557
v -0.84414834 -0.16888753 -0.11984208
v -0.83197755 -0.16771413 -0.12103133
v -0.81982964 -0.16685028 -0.12212353
v -0.80769140 -0.16616796 -0.12315911
v -0.79554230 -0.16548502 -0.12419561
v -0.78338236 -0.16480146 -0.12523304
v -0.77121156 -0.16411731 -0.12627138
v -0.75902200 -0.16336814 -0.12733108
v -0.74681598 -0.16257471 -0.12840553
v -0.73459858 -0.16178054 -0.12948097
v -0.72234493 -0.16078834 -0.13061996
v -0.71004200 -0.15950528 -0.13185202
v -0.69771737 -0.15815420 -0.13310653
v -0.68537951 -0.15680169 -0.13436238
v -0.67302829 -0.15544771 -0.13561961
v -0.66065484 -0.15402548 -0.13689940
v -0.64822417 -0.15228376 -0.13828160
v -0.63571405 -0.15007167 -0.13981430
v -0.62320459 -0.14797917 -0.14131005
v -0.61067921 -0.14588399 -0.14280772
v -0.59813768 -0.14378613 -0.14430732
v -0.58558017 -0.14168559 -0.14580882
v -0.57300651 -0.13958235 -0.14731225
v -0.56041676 -0.13747641 -0.14881761
v -0.54780555 -0.13533252 -0.15033615
v -0.53514439 -0.13296397 -0.15192737
v -0.52245855 -0.13054378 -0.15353617
v -0.50975537 -0.12812017 -0.15514724
v -0.49703479 -0.12569323 -0.15676051
v -0.48429677 -0.12326297 -0.15837599
v -0.47154176 -0.12083247 -0.15999269
v -0.45877030 -0.11840500 -0.16160958
v -0.44598129 -0.11597421 -0.16322869
v -0.43317476 -0.11354009 -0.16485001
v -0.42039466 -0.11136630 -0.16638924
v -0.40765327 -0.10951813 -0.16782540
v -0.39489809 -0.10767765 -0.16926013
v -0.38212743 -0.10583494 -0.17069660
v -0.36946768 -0.10471790 -0.17190172
v -0.35699275 -0.10472766 -0.17274669
v -0.34509370 -0.10804115 -0.17253354
v -0.33285651 -0.10944972 -0.17293093
v -0.32059205 -0.11073026 -0.17336965
v -0.30826804 -0.11170923 -0.17390542
v -0.29567572 -0.11125887 -0.17490029
v -0.28298223 -0.11031894 -0.17605309
v -0.27031529 -0.10958613 -0.17714016
v -0.25763759 -0.10885715 -0.17822681
v -0.24494831 -0.10812749 -0.17931443
v -0.23224740 -0.10739716 -0.18040307
v -0.21951529 -0.10656520 -0.18152517
v -0.20601819 -0.10188307 -0.18388681
v -0.19238734 -0.09664957 -0.18642759
v -0.18306652 -0.11320787 -0.18195395
v -0.17224285 -0.12204301 -0.17996462
v -0.16041385 -0.12580779 -0.17960750
v -0.14844584 -0.12887302 -0.17947558
v -0.13647918 -0.13193792 -0.17934370
v -0.12456512 -0.13524961 -0.17913212
v -0.11278811 -0.13920557 -0.17871249
v -0.10091367 -0.14267856 -0.17844847
v -0.08898704 -0.14589301 -0.17826773
v -0.07706223 -0.14910699 -0.17808703
v -0.06513923 -0.15232046 -0.17790635
v -0.05349406 -0.15680073 -0.17731604
v -0.04193426 -0.16164124 -0.17660883
v -0.03038132 -0.16647886 -0.17590205
v -0.01865910 -0.17052354 -0.17545134
v -0.00655392 -0.17284252 -0.17555895
v 0.00637619 -0.17152290 -0.17684489
v 0.01944324 -0.16966307 -0.17830679
v 0.03340920 -0.16396005 -0.18101519
v 0.04758035 -0.15749550 -0.18397243
v 0.06175555 -0.15114860 -0.18689364
v 0.07544594 -0.14699683 -0.18910486
v 0.08916173 -0.14283735 -0.19132015
v 0.10322420 -0.13732325 -0.19397683
v 0.11736232 -0.13154487 -0.19672248
v 0.13175541 -0.12496733 -0.19972734
v 0.14630108 -0.11782902 -0.20291784
v 0.16088545 -0.11067169 -0.20611684
v 0.17687231 -0.09797838 -0.21111873
v 0.20548235 -0.08665204 -0.21655701
v 0.21818189 -0.08752322 -0.21715160
v 0.22979251 -0.09270451 -0.21634272
v 0.24139608 -0.09787935 -0.21553536
v 0.25304288 -0.10285313 -0.21479297
v 0.26468247 -0.10782387 -0.21405101
v 0.27641240 -0.11274749 -0.21337403
v 0.28902704 -0.11362134 -0.21391769
v 0.30173147 -0.11450475 -0.21450882
v 0.31444216 -0.11538860 -0.21510023
v 0.32715905 -0.11627289 -0.21569192
v 0.33979392 -0.11748460 -0.21617706
v 0.35238379 -0.11888124 -0.21660209
v 0.36497810 -0.12027837 -0.21702728
v 0.37757683 -0.12167600 -0.21745262
v 0.39021704 -0.12294037 -0.21792185
v 0.40313107 -0.12324011 -0.21870726
v 0.41601297 -0.12368467 -0.21944582
v 0.42887095 -0.12424195 -0.22014797
v 0.44173643 -0.12479956 -0.22085053
v 0.45435894 -0.12623405 -0.22126611
v 0.46688741 -0.12801135 -0.22156955
v 0.47947520 -0.12959501 -0.22193676
v 0.49206677 -0.13117895 -0.22230415
v 0.50466222 -0.13276337 -0.22267164
v 0.51741683 -0.13382091 -0.22321248
v 0.53015560 -0.13495137 -0.22372973
v 0.54261178 -0.13704900 -0.22392945
v 0.55499154 -0.13940828 -0.22404331
v 0.56740445 -0.14166193 -0.22419196
v 0.57982612 -0.14389186 -0.22434856
v 0.59224945 -0.14612207 -0.22450516
v 0.60467434 -0.14835256 -0.22466178
v 0.61710966 -0.15055485 -0.22482781
v 0.62955463 -0.15273166 -0.22500236
v 0.64200145 -0.15490879 -0.22517693
v 0.65445006 -0.15708624 -0.22535153
v 0.66696084 -0.15907291 -0.22558920
v 0.67955267 -0.16081232 -0.22590865
v 0.69211626 -0.16265121 -0.22619548
v 0.70467210 -0.16452385 -0.22647138
v 0.71723080 -0.16639695 -0.22674735
v 0.72979236 -0.16827047 -0.22702338
v 0.74255019 -0.16955221 -0.22749528
v 0.75540894 -0.17054215 -0.22806402
v 0.76827377 -0.17153259 -0.22863305
v 0.78115082 -0.17250456 -0.22920859
v 0.79410630 -0.17326055 -0.22985607
v 0.80725330 -0.17346679 -0.23068616
v 0.82040930 -0.17367314 -0.23151681
v 0.83357483 -0.17387830 -0.23234849
v 0.84674960 -0.17408247 -0.23318106
v 0.85974252 -0.17484397 -0.23382941
v 0.87271351 -0.17568952 -0.23445033
v 0.88569099 -0.17653549 -0.23507154
v 0.89867520 -0.17738190 -0.23569310
v 0.91166604 -0.17822875 -0.23631498
v 0.92721564 -0.17182329 -0.23934768
v 0.94292116 -0.16507041 -0.24249816
v -0.98190516 -0.10690890 -0.11693534
v -0.97310454 -0.14182706 -0.10681868
v -0.96366131 -0.16880873 -0.09918010
v -0.95216155 -0.17350388 -0.09851728
v -0.94020510 -0.17344318 -0.09934422
v -0.92824006 -0.17338245 -0.10017178
v -0.91626638 -0.17332168 -0.10099992
v -0.90428418 -0.17326088 -0.10182867
v -0.89227891 -0.17306200 -0.10270131
v -0.88017738 -0.17203788 -0.10383362
v -0.86805838 -0.17096016 -0.10498357
v -0.85592723 -0.16988136 -0.10613466
v -0.84378392 -0.16880147 -0.10728690
v -0.83162850 -0.16772050 -0.10844029
v -0.81945688 -0.16660339 -0.10960586
v -0.80723608 -0.16516425 -0.11087357
v -0.79503047 -0.16396996 -0.11206511
v -0.78282660 -0.16289324 -0.11322048
v -0.77064824 -0.16212936 -0.11427816
v -0.75846839 -0.16144381 -0.11531191
v -0.74627757 -0.16075765 -0.11634657
v -0.73407006 -0.16002394 -0.11739696
v -0.72184372 -0.15922841 -0.11846761
v -0.70958877 -0.15829825 -0.11958148
v -0.69729805 -0.15718284 -0.12075457
v -0.68498397 -0.15598375 -0.12195493
v -0.67263675 -0.15462977 -0.12320504
v -0.66025680 -0.15313147 -0.12450165
v -0.64783621 -0.15143578 -0.12586154
v -0.63540113 -0.14973809 -0.12722303
v -0.62291384 -0.14777008 -0.12867098
v -0.61036843 -0.14549945 -0.13021569
v -0.59781694 -0.14329979 -0.13173902
v -0.58526397 -0.14119972 -0.13323192
v -0.57269490 -0.13909698 -0.13472673
v -0.56010967 -0.13699152 -0.13622345
v -0.54750627 -0.13486959 -0.13772646
v -0.53484988 -0.13250284 -0.13930817
v -0.52217633 -0.13013287 -0.14089201
v -0.50948304 -0.12774326 -0.14248320
v -0.49676728 -0.12531720 -0.14408711
v -0.48403415 -0.12288772 -0.14569324
v -0.47128347 -0.12045482 -0.14730160
v -0.45851535 -0.11801859 -0.14891218
v -0.44572961 -0.11557899 -0.15052494
v -0.43292636 -0.11313608 -0.15213995
v -0.42010552 -0.11068978 -0.15375717
v -0.40726057 -0.10820193 -0.15538876
v -0.39449233 -0.10626578 -0.15684591
v -0.38172469 -0.10442268 -0.15827450
v -0.36894158 -0.10257735 -0.15970480
v -0.35614294 -0.10072978 -0.16113687
v -0.34348294 -0.09975105 -0.16229300
v -0.33124888 -0.10122431 -0.16266817
v -0.31936237 -0.10464638 -0.16242200
v -0.30708855 -0.10592676 -0.16285902
v -0.29481015 -0.10720762 -0.16329621
v -0.28252724 -0.10848893 -0.16373356
v -0.26999915 -0.10848500 -0.16458175
v -0.25731316 -0.10769245 -0.16568254
v -0.24461535 -0.10689915 -0.16678438
v -0.23190568 -0.10610511 -0.16788721
v -0.21918419 -0.10531034 -0.16899109
v -0.20675178 -0.10605337 -0.16960366
v -0.19310148 -0.10065720 -0.17218187
v -0.18382648 -0.11738238 -0.16767824
v -0.17251995 -0.12374827 -0.16648982
v -0.16069190 -0.12747535 -0.16614616
v -0.14873195 -0.13053843 -0.16601509
v -0.13678850 -0.13367490 -0.16586038
v -0.12503226 -0.13770543 -0.16541877
v -0.11326174 -0.14164527 -0.16500594
v -0.10148527 -0.14553605 -0.16460857
v -0.08960781 -0.14893201 -0.16436981
v -0.07769322 -0.15214297 -0.16419031
v -0.06578045 -0.15535344 -0.16401084
v -0.05419611 -0.16006303 -0.16334930
v -0.04264642 -0.16489822 -0.16264686
v -0.03111502 -0.16978224 -0.16192822
v -0.01932449 -0.17346957 -0.16159421
v -0.00748697 -0.17693198 -0.16133235
v 0.00499838 -0.17752056 -0.16199590
v 0.01866028 -0.17298284 -0.16431154
v 0.03245362 -0.16798098 -0.16677846
v 0.04661554 -0.16150148 -0.16972360
v 0.06080658 -0.15503228 -0.17266755
v 0.07457846 -0.15048060 -0.17499490
v 0.08828075 -0.14632820 -0.17719507
v 0.10200845 -0.14216809 -0.17939934
v 0.11584697 -0.13764505 -0.18172243
v 0.12972860 -0.13304673 -0.18407154
v 0.14343075 -0.12928832 -0.18615083
v 0.15755607 -0.12389657 -0.18875980
v 0.17274404 -0.11431845 -0.19272484
v 0.18963091 -0.09808539 -0.19884624
v 0.20323840 -0.09519956 -0.20065147
v 0.21624306 -0.09477946 -0.20165956
v 0.22783771 -0.09995092 -0.20085701
v 0.23946127 -0.10497567 -0.20010145
v 0.25109220 -0.10994027 -0.19936480
v 0.26375175 -0.11090796 -0.19992384
v 0.27644575 -0.11176657 -0.20051864
v 0.28914058 -0.11264645 -0.20110698
v 0.30184096 -0.11352933 -0.20169477
v 0.31454757 -0.11441267 -0.20228288
v 0.32716590 -0.11564886 -0.20275673
v 0.33974633 -0.11704438 -0.20317917
v 0.35233122 -0.11844039 -0.20360175
v 0.36503130 -0.11943181 -0.20415625
v 0.37792796 -0.11973018 -0.20493661
v 0.39083302 -0.12002877 -0.20571750
v 0.40374646 -0.12032754 -0.20649889
v 0.41664317 -0.12071604 -0.20725162
v 0.42930198 -0.12197676 -0.20772070
v 0.44193348 -0.12335139 -0.20815301
v 0.45470417 -0.12425517 -0.20873913
v 0.46748108 -0.12515940 -0.20932557
v 0.48026419 -0.12606406 -0.20991227
v 0.49287134 -0.12759553 -0.21029483
v 0.50534594 -0.12959391 -0.21052516
v 0.51778471 -0.13172249 -0.21071312
v 0.53015751 -0.13408041 -0.21082629
v 0.54253149 -0.13643852 -0.21093947
v 0.55490673 -0.13879687 -0.21105266
v 0.56731856 -0.14103755 -0.21120442
v 0.57973558 -0.14326660 -0.21136011
v 0.59215426 -0.14549595 -0.21151581
v 0.60457456 -0.14772558 -0.21167153
v 0.61699641 -0.14995550 -0.21182729
v 0.62941986 -0.15218571 -0.21198305
v 0.64183998 -0.15443218 -0.21213360
v 0.65426296 -0.15667455 -0.21228561
v 0.66677672 -0.15863483 -0.21253029
v 0.67934859 -0.16042072 -0.21283239
v 0.69191211 -0.16224287 -0.21312280
v 0.70447874 -0.16406545 -0.21341330
v 0.71704829 -0.16588847 -0.21370384
v 0.72962093 -0.16771193 -0.21399449
v 0.74226999 -0.16931109 -0.21435907
v 0.75516552 -0.17017148 -0.21496697
v 0.76806760 -0.17103232 -0.21557519
v 0.78097928 -0.17188437 -0.21618670
v 0.79389918 -0.17273168 -0.21680026
v 0.80698514 -0.17310397 -0.21757077
v 0.82013571 -0.17331013 -0.21839659
v 0.83329505 -0.17351663 -0.21922290
v 0.84644711 -0.17377146 -0.22003391
v 0.85947949 -0.17440090 -0.22072189
v 0.87242627 -0.17530102 -0.22132108
v 0.88537937 -0.17620157 -0.22192053
v 0.89835238 -0.17706394 -0.22253306
v 0.91133773 -0.17791034 -0.22315131
v 0.92606539 -0.17382352 -0.22540070
v 0.94184411 -0.16683447 -0.22861147
v -0.98204333 -0.11303712 -0.10240857
v -0.97329712 -0.14835824 -0.09222056
v -0.96337378 -0.17006420 -0.08626553
v -0.95171028 -0.17297561 -0.08616151
v -0.93975818 -0.17291477 -0.08698370
v -0.92779738 -0.17285389 -0.08780651
v -0.91582793 -0.17279294 -0.08862991
v -0.90382904 -0.17252806 -0.08951750
v -0.89178586 -0.17192677 -0.09051070
v -0.87973213 -0.17132497 -0.09150477
v -0.86766803 -0.17072265 -0.09249970
v -0.85555810 -0.16979496 -0.09359698
v -0.84341979 -0.16871549 -0.09474248
v -0.83126944 -0.16763495 -0.09588911
v -0.81910688 -0.16655332 -0.09703688
v -0.80693215 -0.16547062 -0.09818581
v -0.79470617 -0.16405270 -0.09944046
v -0.78246409 -0.16261126 -0.10070334
v -0.77022576 -0.16131003 -0.10192323
v -0.75800174 -0.16023131 -0.10307426
v -0.74576551 -0.15915149 -0.10422644
v -0.73299915 -0.15801628 -0.10520028
v -0.72130758 -0.15739313 -0.10640740
v -0.70908213 -0.15667497 -0.10744852
v -0.69682616 -0.15580688 -0.10853743
v -0.68452591 -0.15468994 -0.10970523
v -0.67221320 -0.15357186 -0.11087423
v -0.65985382 -0.15220012 -0.11212375
v -0.64744222 -0.15054235 -0.11346406
v -0.63501084 -0.14884469 -0.11481786
v -0.62256497 -0.14714505 -0.11617324
v -0.61010450 -0.14544342 -0.11753021
v -0.59755886 -0.14324844 -0.11904341
v -0.58498555 -0.14097281 -0.12058309
v -0.57239556 -0.13869415 -0.12212482
v -0.55980283 -0.13650699 -0.12363880
v -0.54720604 -0.13439932 -0.12512881
v -0.53455538 -0.13204084 -0.12669896
v -0.52188653 -0.12967148 -0.12827367
v -0.50920045 -0.12729889 -0.12985051
v -0.49649712 -0.12492308 -0.13142946
v -0.48377162 -0.12251237 -0.13302061
v -0.47102585 -0.12008034 -0.13461959
v -0.45826256 -0.11764498 -0.13622077
v -0.44548178 -0.11520616 -0.13782419
v -0.43268338 -0.11276393 -0.13942982
v -0.41986743 -0.11031836 -0.14103767
v -0.40702870 -0.10783903 -0.14265732
v -0.39416373 -0.10530642 -0.14429502
v -0.38127962 -0.10276385 -0.14593704
v -0.36844710 -0.10061876 -0.14745432
v -0.35572276 -0.09918242 -0.14874808
v -0.34293526 -0.09746727 -0.15013117
v -0.33010855 -0.09561482 -0.15155876
v -0.31744933 -0.09477486 -0.15266621
v -0.30556053 -0.09823079 -0.15241122
v -0.29356989 -0.10111787 -0.15233663
v -0.28128165 -0.10239594 -0.15277293
v -0.26898742 -0.10366690 -0.15321182
v -0.25694028 -0.10627088 -0.15322742
v -0.24424551 -0.10547712 -0.15432315
v -0.23153892 -0.10468262 -0.15541990
v -0.21882051 -0.10388738 -0.15651768
v -0.20636338 -0.10448760 -0.15717216
v -0.19381422 -0.10465693 -0.15796427
v -0.18403836 -0.11880244 -0.15430593
v -0.17279670 -0.12545119 -0.15303333
v -0.16096957 -0.12914066 -0.15270296
v -0.14901766 -0.13220158 -0.15257271
v -0.13724582 -0.13613048 -0.15216558
v -0.12549868 -0.14015740 -0.15172686
v -0.11373463 -0.14408115 -0.15132076
v -0.10196727 -0.14796849 -0.15092598
v -0.09020384 -0.15185453 -0.15053134
v -0.07832313 -0.15517372 -0.15031753
v -0.06644337 -0.15848669 -0.15010557
v -0.05489691 -0.16331948 -0.14940748
v -0.04336769 -0.16819666 -0.14869469
v -0.03184963 -0.17308973 -0.14797632
v -0.02003417 -0.17661439 -0.14769544
v -0.00814089 -0.17977922 -0.14752956
v 0.00423147 -0.18082017 -0.14804387
v 0.01782312 -0.17654039 -0.15026346
v 0.03148574 -0.17205569 -0.15255034
v 0.04565185 -0.16550292 -0.15550202
v 0.05982834 -0.15904169 -0.15842648
v 0.07371258 -0.15395795 -0.16091102
v 0.08740141 -0.14981259 -0.16309613
v 0.10115205 -0.14550669 -0.16533439
v 0.11508878 -0.14052643 -0.16779089
v 0.12908313 -0.13541746 -0.17029054
v 0.14289021 -0.13118763 -0.17250937
v 0.15660606 -0.12742700 -0.17457893
v 0.17038193 -0.12351388 -0.17669904
v 0.18635094 -0.11088045 -0.18162711
v 0.20192397 -0.10003930 -0.18598172
v 0.21398732 -0.10329273 -0.18580025
v 0.22590964 -0.10709353 -0.18544231
v 0.23851167 -0.10822224 -0.18594527
v 0.25118905 -0.10907949 -0.18653615
v 0.26387271 -0.10993716 -0.18712731
v 0.27656269 -0.11079527 -0.18771876
v 0.28925407 -0.11167218 -0.18830456
v 0.30195037 -0.11255454 -0.18888903
v 0.31455228 -0.11381522 -0.18935174
v 0.32712331 -0.11520962 -0.18977156
v 0.33988127 -0.11592823 -0.19041017
v 0.35276064 -0.11622526 -0.19118553
v 0.36564836 -0.11652248 -0.19196139
v 0.37854445 -0.11681990 -0.19273777
v 0.39167982 -0.11628333 -0.19378467
v 0.40481371 -0.11579297 -0.19481736
v 0.41762003 -0.11651085 -0.19545941
v 0.43038148 -0.11741275 -0.19604231
v 0.44314912 -0.11831506 -0.19662549
v 0.45562878 -0.12024790 -0.19687492
v 0.46809283 -0.12224446 -0.19710384
v 0.48055929 -0.12424142 -0.19733281
v 0.49298093 -0.12640096 -0.19750917
v 0.50534678 -0.12875752 -0.19762167
v 0.51771384 -0.13111429 -0.19773418
v 0.53008205 -0.13347128 -0.19784670
v 0.54245144 -0.13582850 -0.19795921
v 0.55481654 -0.13820395 -0.19806591
v 0.56722021 -0.14045537 -0.19821301
v 0.57962543 -0.14270705 -0.19836015
v 0.59203213 -0.14495903 -0.19850729
v 0.60444045 -0.14721127 -0.19865447
v 0.61685020 -0.14946380 -0.19880167
v 0.62926620 -0.15170135 -0.19895382
v 0.64170724 -0.15386425 -0.19913046
v 0.65415013 -0.15602747 -0.19930713
v 0.66665578 -0.15799797 -0.19954680
v 0.67923224 -0.15975367 -0.19985677
v 0.69181198 -0.16150981 -0.20016684
v 0.70439494 -0.16326641 -0.20047696
v 0.71698117 -0.16502348 -0.20078717
v 0.72954947 -0.16684622 -0.20107615
v 0.74212080 -0.16866939 -0.20136519
v 0.75500083 -0.16956194 -0.20195891
v 0.76790255 -0.17040855 -0.20256810
v 0.78081095 -0.17125495 -0.20317781
v 0.79372603 -0.17210180 -0.20378780
v 0.80671722 -0.17274147 -0.20446616
v 0.81986201 -0.17294803 -0.20528698
v 0.83301580 -0.17315504 -0.20610827
v 0.84613782 -0.17348093 -0.20689113
v 0.85923707 -0.17389899 -0.20764436
v 0.87217861 -0.17479862 -0.20824005
v 0.88512665 -0.17569871 -0.20883605
v 0.89808100 -0.17659922 -0.20943233
v 0.91104180 -0.17750019 -0.21002892
v 0.92500859 -0.17555985 -0.21156000
v 0.94080478 -0.16849335 -0.21477801
v 0.95664310 -0.16140793 -0.21800466
v -0.98218125 -0.11914985 -0.08791851
v -0.97348917 -0.15487216 -0.07766102
v -0.96308661 -0.17131814 -0.07336666
v -0.95125949 -0.17244777 -0.07381477
v -0.93931150 -0.17238675 -0.07463224
v -0.92735487 -0.17232569 -0.07545030
v -0.91536248 -0.17199486 -0.07635260
v -0.90333301 -0.17139378 -0.07733938
v -0.89129299 -0.17079218 -0.07832702
v -0.87924260 -0.17019007 -0.07931552
v -0.86718166 -0.16958742 -0.08030488
v -0.85511035 -0.16898425 -0.08129510
v -0.84302849 -0.16838056 -0.08228617
v -0.83091068 -0.16754946 -0.08334865
v -0.81875312 -0.16646825 -0.08448967
v -0.80658340 -0.16538596 -0.08563183
v -0.79440159 -0.16430260 -0.08677514
v -0.78217465 -0.16294098 -0.08800589
v -0.76992500 -0.16149886 -0.08926257
v -0.75766182 -0.16005513 -0.09052064
v -0.74538976 -0.15864675 -0.09176860
v -0.73314559 -0.15756600 -0.09291527
v -0.72088921 -0.15648417 -0.09406309
v -0.70862055 -0.15540127 -0.09521206
v -0.69633961 -0.15431729 -0.09636218
v -0.68405718 -0.15331428 -0.09748784
v -0.67171437 -0.15194887 -0.09872748
v -0.65935099 -0.15052891 -0.09998504
v -0.64697415 -0.14910738 -0.10124398
v -0.63458377 -0.14768432 -0.10250431
v -0.62217873 -0.14625224 -0.10376833
v -0.60972202 -0.14455064 -0.10511760
v -0.59725070 -0.14284703 -0.10646845
v -0.58474374 -0.14099646 -0.10786629
v -0.57215923 -0.13871884 -0.10939887
v -0.55955797 -0.13643819 -0.11093350
v -0.54693991 -0.13415450 -0.11247016
v -0.53427351 -0.13166039 -0.11407392
v -0.52159691 -0.12921043 -0.11566494
v -0.50891548 -0.12683845 -0.11723264
v -0.49621689 -0.12446324 -0.11880247
v -0.48350099 -0.12208480 -0.12037441
v -0.47076792 -0.11970315 -0.12194850
v -0.45800996 -0.11727125 -0.12353951
v -0.44523403 -0.11483325 -0.12513356
v -0.43244058 -0.11239190 -0.12672979
v -0.41962951 -0.10994720 -0.12832822
v -0.40679702 -0.10747642 -0.12993599
v -0.39393696 -0.10494456 -0.13156414
v -0.38105890 -0.10240916 -0.13319457
v -0.36816287 -0.09987022 -0.13482727
v -0.35524580 -0.09731112 -0.13646750
v -0.34234419 -0.09493790 -0.13805030
v -0.32959223 -0.09349694 -0.13934022
v -0.31682622 -0.09205440 -0.14063157
v -0.30402422 -0.09049004 -0.14196229
v -0.29166189 -0.09139550 -0.14251421
v -0.27983671 -0.09522867 -0.14214191
v -0.26773599 -0.09756834 -0.14224117
v -0.25543231 -0.09883913 -0.14267834
v -0.24339968 -0.10155693 -0.14265831
v -0.23117237 -0.10326084 -0.14295897
v -0.21847361 -0.10255070 -0.14402360
v -0.20597595 -0.10292672 -0.14474522
v -0.19397114 -0.10583942 -0.14466420
v -0.18423195 -0.12013026 -0.14097938
v -0.17307307 -0.12715182 -0.13959511
v -0.16124687 -0.13080373 -0.13927786
v -0.14944485 -0.13455741 -0.13892812
v -0.13770242 -0.13858223 -0.13849214
v -0.12596436 -0.14260554 -0.13805632
v -0.11420681 -0.14651325 -0.13765688
v -0.10244851 -0.15039715 -0.13726470
v -0.09069417 -0.15427975 -0.13687266
v -0.07894377 -0.15816104 -0.13648076
v -0.06713282 -0.16174261 -0.13618386
v -0.05560579 -0.16661297 -0.13547690
v -0.04409083 -0.17150362 -0.13476300
v -0.03258291 -0.17639126 -0.13404952
v -0.02074262 -0.17975369 -0.13382106
v -0.00880792 -0.18268497 -0.13372974
v 0.00346593 -0.18411383 -0.13411695
v 0.01698753 -0.18009129 -0.13624161
v 0.03051981 -0.17612220 -0.13835080
v 0.04467046 -0.16958110 -0.14128171
v 0.05885207 -0.16304313 -0.14421377
v 0.07284831 -0.15742888 -0.14685315
v 0.08652368 -0.15329057 -0.14902325
v 0.10040765 -0.14837603 -0.15144280
v 0.11433189 -0.14340293 -0.15388283
v 0.12830593 -0.13833322 -0.15635549
v 0.14233561 -0.13314503 -0.15886782
v 0.15605608 -0.12932794 -0.16094348
v 0.16978566 -0.12556507 -0.16300328
v 0.18472949 -0.11701273 -0.16659750
v 0.20092295 -0.10362932 -0.17174107
v 0.21326338 -0.10573681 -0.17192683
v 0.22602056 -0.10621198 -0.17263572
v 0.23865789 -0.10718581 -0.17318527
v 0.25131401 -0.10810983 -0.17375122
v 0.26399362 -0.10896699 -0.17433903
v 0.27667949 -0.10982456 -0.17492712
v 0.28936747 -0.11069854 -0.17551038
v 0.30195302 -0.11198366 -0.17596203
v 0.31476697 -0.11242960 -0.17668359
v 0.32769361 -0.11248447 -0.17753135
v 0.34078413 -0.11196598 -0.17856403
v 0.35388604 -0.11144704 -0.17959760
v 0.36723533 -0.11006413 -0.18090984
v 0.38038677 -0.10945261 -0.18197484
v 0.39319819 -0.11011136 -0.18263164
v 0.40597254 -0.11092909 -0.18323773
v 0.41842788 -0.11290849 -0.18347004
v 0.43088138 -0.11490324 -0.18369755
v 0.44333735 -0.11689838 -0.18392511
v 0.45579565 -0.11889389 -0.18415272
v 0.46820039 -0.12108442 -0.18431759
v 0.48055932 -0.12343962 -0.18442941
v 0.49291942 -0.12579505 -0.18454126
v 0.50527698 -0.12816316 -0.18464905
v 0.51762635 -0.13056314 -0.18474667
v 0.52997679 -0.13296333 -0.18484426
v 0.54232818 -0.13536373 -0.18494187
v 0.55468541 -0.13774824 -0.18504469
v 0.56708419 -0.13999873 -0.18519096
v 0.57948452 -0.14224951 -0.18533722
v 0.59188634 -0.14450057 -0.18548352
v 0.60429537 -0.14673331 -0.18563586
v 0.61672813 -0.14889471 -0.18581142
v 0.62916267 -0.15105644 -0.18598700
v 0.64159906 -0.15321849 -0.18616261
v 0.65403730 -0.15538086 -0.18633825
v 0.66653484 -0.15736158 -0.18657295
v 0.67910659 -0.15911655 -0.18688114
v 0.69168162 -0.16087195 -0.18718940
v 0.70425987 -0.16262782 -0.18749775
v 0.71684140 -0.16438423 -0.18780616
v 0.72942609 -0.16614112 -0.18811461
v 0.74202871 -0.16785353 -0.18843777
v 0.75484157 -0.16893674 -0.18896589
v 0.76773906 -0.16978091 -0.18957222
v 0.78064257 -0.17062694 -0.19017836
v 0.79355270 -0.17147340 -0.19078481
v 0.80646932 -0.17232029 -0.19139157
v 0.81958842 -0.17258695 -0.19218795
v 0.83272189 -0.17283714 -0.19299026
v 0.84582895 -0.17319067 -0.19375946
v 0.85894442 -0.17354441 -0.19452915
v 0.87193120 -0.17429663 -0.19516931
v 0.88487399 -0.17519623 -0.19576184
v 0.89785874 -0.17599426 -0.19638799
v 0.91076660 -0.17703186 -0.19693631
v 0.92398304 -0.17720938 -0.19776620
v 0.93976700 -0.17014994 -0.20096363
v 0.95559311 -0.16307162 -0.20416959
v -0.99117851 -0.09038749 -0.08339456
v -0.98231876 -0.12524715 -0.07346503
v -0.97368068 -0.16136888 -0.06313992
v -0.96274412 -0.17198144 -0.06066493
v -0.95080894 -0.17192030 -0.06147709
v -0.93886518 -0.17185912 -0.06228982
v -0.92687953 -0.17146245 -0.06320657
v -0.91486359 -0.17086157 -0.06418695
v -0.90283722 -0.17026018 -0.06516818
v -0.89080042 -0.16965824 -0.06615027
v -0.87875324 -0.16905580 -0.06713320
v -0.86669558 -0.16845283 -0.06811700
v -0.85462743 -0.16784933 -0.06910164
v -0.84254885 -0.16724533 -0.07008713
v -0.83045971 -0.16664079 -0.07107349
v -0.81836003 -0.16603571 -0.07206070
v -0.80623502 -0.16530138 -0.07308861
v -0.79405820 -0.16421844 -0.07422515
v -0.78186923 -0.16313441 -0.07536283
v -0.76964152 -0.16182913 -0.07656985
v -0.75738418 -0.16038629 -0.07782034
v -0.74511337 -0.15894188 -0.07907220
v -0.73282909 -0.15749589 -0.08032545
v -0.72053128 -0.15604828 -0.08158007
v -0.70825827 -0.15489736 -0.08274351
v -0.69598728 -0.15385619 -0.08387371
v -0.68371391 -0.15288787 -0.08498210
v -0.67142856 -0.15191860 -0.08609155
v -0.65913129 -0.15094841 -0.08720208
v -0.64664805 -0.14870714 -0.08870852
v -0.63416535 -0.14658538 -0.09017886
v -0.62168431 -0.14458735 -0.09161176
v -0.60926914 -0.14316057 -0.09286791
v -0.59684032 -0.14173219 -0.09412543
v -0.58439016 -0.14024928 -0.09540084
v -0.57189339 -0.13854170 -0.09674715
v -0.55932724 -0.13646388 -0.09820978
v -0.54671466 -0.13418123 -0.09973731
v -0.53405792 -0.13171513 -0.10132313
v -0.52137494 -0.12918852 -0.10292895
v -0.50867420 -0.12665839 -0.10453700
v -0.49595574 -0.12412472 -0.10614732
v -0.48322561 -0.12162589 -0.10774790
v -0.47049722 -0.11924485 -0.10931282
v -0.45775151 -0.11686056 -0.11087987
v -0.44498646 -0.11446051 -0.11245295
v -0.43219787 -0.11201987 -0.11403985
v -0.41939169 -0.10957588 -0.11562894
v -0.40656546 -0.10711379 -0.11722481
v -0.39371037 -0.10458285 -0.11884339
v -0.38083729 -0.10204834 -0.12046424
v -0.36794621 -0.09951016 -0.12208740
v -0.35503706 -0.09696840 -0.12371282
v -0.34210923 -0.09441970 -0.12534161
v -0.32915968 -0.09184741 -0.12697892
v -0.31619185 -0.08927152 -0.12861855
v -0.30340752 -0.08779967 -0.12991285
v -0.29061380 -0.08635248 -0.13120033
v -0.27781433 -0.08494917 -0.13247494
v -0.26590526 -0.08837549 -0.13223302
v -0.25407553 -0.09220839 -0.13186316
v -0.24186192 -0.09400591 -0.13213298
v -0.22982356 -0.09673010 -0.13211153
v -0.21794793 -0.10029208 -0.13182646
v -0.20563576 -0.10160703 -0.13224848
v -0.19371305 -0.10491853 -0.13204211
v -0.18442531 -0.12145640 -0.12766953
v -0.17334267 -0.12881832 -0.12618510
v -0.16162941 -0.13298623 -0.12570640
v -0.14989167 -0.13700894 -0.12527314
v -0.13815831 -0.14103015 -0.12484004
v -0.12643881 -0.14509559 -0.12439267
v -0.11469110 -0.14900309 -0.12399485
v -0.10294476 -0.15289670 -0.12360111
v -0.09120240 -0.15678902 -0.12320751
v -0.07946403 -0.16068001 -0.12281403
v -0.06782935 -0.16503115 -0.12227482
v -0.05631749 -0.16991937 -0.12156537
v -0.04481267 -0.17480461 -0.12085635
v -0.03331487 -0.17968686 -0.12014776
v -0.02144982 -0.18288746 -0.11997104
v -0.00952557 -0.18581605 -0.11988032
v 0.00274137 -0.18738809 -0.12022311
v 0.01615350 -0.18363556 -0.12224595
v 0.02962831 -0.17986514 -0.12427974
v 0.04369104 -0.17365111 -0.12708999
v 0.05786170 -0.16710529 -0.13000752
v 0.07198561 -0.16089340 -0.13282117
v 0.08578154 -0.15619624 -0.13515596
v 0.09966449 -0.15124056 -0.13757454
v 0.11357625 -0.14627460 -0.13999814
v 0.12753002 -0.14124404 -0.14244401
v 0.14154699 -0.13606335 -0.14493941
v 0.15550688 -0.13122618 -0.14732735
v 0.16922621 -0.12746763 -0.14937381
v 0.18417452 -0.11886021 -0.15296516
v 0.20043367 -0.10517785 -0.15817498
v 0.21352041 -0.10429381 -0.15931201
v 0.22626257 -0.10481481 -0.16000216
v 0.23889661 -0.10578807 -0.16054867
v 0.25153649 -0.10676178 -0.16109541
v 0.26418224 -0.10773594 -0.16164240
v 0.27692842 -0.10834821 -0.16230530
v 0.29002354 -0.10766010 -0.16338377
v 0.30308604 -0.10713998 -0.16440938
v 0.31615984 -0.10661940 -0.16543588
v 0.32924506 -0.10609838 -0.16646329
v 0.34288436 -0.10356488 -0.16813481
v 0.35597590 -0.10311639 -0.16914073
v 0.36877638 -0.10377319 -0.16979377
v 0.38125420 -0.10562950 -0.17006342
v 0.39370251 -0.10760301 -0.17029575
v 0.40615329 -0.10957692 -0.17052813
v 0.41860479 -0.11155725 -0.17075861
v 0.43105492 -0.11355133 -0.17098485
v 0.44344306 -0.11577286 -0.17113833
v 0.45579314 -0.11813325 -0.17124739
v 0.46813360 -0.12053148 -0.17134438
v 0.48047504 -0.12292991 -0.17144141
v 0.49281752 -0.12532854 -0.17153841
v 0.50516099 -0.12772737 -0.17163543
v 0.51750547 -0.13012637 -0.17173246
v 0.52985096 -0.13252559 -0.17182949
v 0.54219741 -0.13492501 -0.17192653
v 0.55455446 -0.13729289 -0.17203379
v 0.56694835 -0.13954248 -0.17217918
v 0.57935035 -0.14177039 -0.17233168
v 0.59177488 -0.14393033 -0.17250617
v 0.60420114 -0.14609057 -0.17268068
v 0.61662924 -0.14825113 -0.17285523
v 0.62905920 -0.15041208 -0.17302977
v 0.64149094 -0.15257347 -0.17320430
v 0.65392441 -0.15473516 -0.17337884
v 0.66641372 -0.15672629 -0.17360859
v 0.67898083 -0.15848064 -0.17391495
v 0.69155109 -0.16023545 -0.17422140
v 0.70412463 -0.16199070 -0.17452790
v 0.71671003 -0.16371962 -0.17484313
v 0.72932237 -0.16537639 -0.17518197
v 0.74193835 -0.16703361 -0.17552087
v 0.75467455 -0.16833586 -0.17597491
v 0.76756978 -0.16917150 -0.17658029
v 0.78047162 -0.17000757 -0.17718601
v 0.79337931 -0.17084615 -0.17779134
v 0.80629110 -0.17169257 -0.17839459
v 0.81931508 -0.17222615 -0.17909969
v 0.83241886 -0.17254734 -0.17987418
v 0.84552026 -0.17290062 -0.18063883
v 0.85863012 -0.17325413 -0.18140399
v 0.87168396 -0.17379504 -0.18210886
v 0.88469672 -0.17447726 -0.18276836
v 0.89761436 -0.17545404 -0.18333265
v 0.91044480 -0.17669798 -0.18381053
v 0.92363590 -0.17693116 -0.18461740
v 0.93873054 -0.17180425 -0.18716823
v 0.95454437 -0.16473302 -0.19035354
v -0.99130511 -0.09654009 -0.06890206
v -0.98245597 -0.13132909 -0.05904797
v -0.97387183 -0.16784847 -0.04865712
v -0.96228969 -0.17145452 -0.04834100
v -0.95035869 -0.17139322 -0.04914843
v -0.93838006 -0.17093079 -0.05007938
v -0.92637765 -0.17033011 -0.05105337
v -0.91436493 -0.16972890 -0.05202822
v -0.90234178 -0.16912720 -0.05300390
v -0.89030820 -0.16852494 -0.05398043
v -0.87826425 -0.16792218 -0.05495781
v -0.86620975 -0.16731890 -0.05593604
v -0.85414487 -0.16671509 -0.05691512
v -0.84206939 -0.16611074 -0.05789504
v -0.82998353 -0.16550589 -0.05887582
v -0.81788719 -0.16490050 -0.05985745
v -0.80578029 -0.16429459 -0.06083994
v -0.79366279 -0.16368814 -0.06182327
v -0.78153116 -0.16305076 -0.06281684
v -0.76933509 -0.16196606 -0.06394889
v -0.75710678 -0.16071713 -0.06513236
v -0.74484181 -0.15927359 -0.06637664
v -0.73256332 -0.15782848 -0.06762229
v -0.72027141 -0.15638177 -0.06886932
v -0.70798790 -0.15510496 -0.07006480
v -0.69569910 -0.15388408 -0.07124386
v -0.68339741 -0.15266192 -0.07242414
v -0.67110479 -0.15160194 -0.07355517
v -0.65881222 -0.15063196 -0.07465917
v -0.64650774 -0.14966105 -0.07576425
v -0.63419133 -0.14868920 -0.07687040
v -0.62175870 -0.14697395 -0.07820729
v -0.60917413 -0.14428994 -0.07984495
v -0.59665430 -0.14217800 -0.08130667
v -0.58411610 -0.14004807 -0.08277499
v -0.57156181 -0.13791543 -0.08424520
v -0.55899131 -0.13578002 -0.08571730
v -0.54648966 -0.13420793 -0.08701582
v -0.53384250 -0.13176984 -0.08858383
v -0.52116507 -0.12924440 -0.09018003
v -0.50847000 -0.12671545 -0.09177848
v -0.49575707 -0.12418297 -0.09337914
v -0.48302644 -0.12164694 -0.09498205
v -0.47027802 -0.11910737 -0.09658720
v -0.45751175 -0.11656424 -0.09819461
v -0.44472736 -0.11401627 -0.09980465
v -0.43195170 -0.11162611 -0.10136677
v -0.41915408 -0.10920485 -0.10293968
v -0.40633407 -0.10675126 -0.10452376
v -0.39348388 -0.10422108 -0.10613282
v -0.38061577 -0.10168737 -0.10774413
v -0.36772966 -0.09915011 -0.10935770
v -0.35482553 -0.09660931 -0.11097351
v -0.34190327 -0.09406483 -0.11259163
v -0.32896292 -0.09151672 -0.11421204
v -0.31600195 -0.08895144 -0.11583896
v -0.30302098 -0.08637272 -0.11747125
v -0.29002169 -0.08379038 -0.11910582
v -0.27716845 -0.08209074 -0.12046585
v -0.26434699 -0.08063908 -0.12174938
v -0.25164616 -0.07989988 -0.12281113
v -0.23987688 -0.08410877 -0.12232648
v -0.22827624 -0.08916724 -0.12157575
v -0.21644217 -0.09298043 -0.12121413
v -0.20491487 -0.09834142 -0.12036777
v -0.19344714 -0.10395788 -0.11944080
v -0.18464267 -0.12290265 -0.11433822
v -0.17364250 -0.13063489 -0.11274544
v -0.16212413 -0.13572235 -0.11198056
v -0.15040566 -0.13978897 -0.11153524
v -0.13869168 -0.14385402 -0.11109011
v -0.12698175 -0.14791524 -0.11064584
v -0.11524109 -0.15180650 -0.11025462
v -0.10350440 -0.15569644 -0.10986354
v -0.09177167 -0.15958504 -0.10947258
v -0.08010684 -0.16377045 -0.10898808
v -0.06853584 -0.16836569 -0.10837439
v -0.05702790 -0.17321976 -0.10767886
v -0.04553320 -0.17809959 -0.10697471
v -0.03404551 -0.18297647 -0.10627101
v -0.02215576 -0.18601565 -0.10614531
v -0.01024193 -0.18894158 -0.10605522
v 0.00190038 -0.19085391 -0.10628437
v 0.01532105 -0.18717316 -0.10827642
v 0.02878254 -0.18340935 -0.11029611
v 0.04271360 -0.17771289 -0.11292677
v 0.05686880 -0.17117873 -0.11582363
v 0.07105447 -0.16464962 -0.11872099
v 0.08501269 -0.15921514 -0.12127483
v 0.09890235 -0.15418521 -0.12370275
v 0.11289360 -0.14909920 -0.12623730
v 0.12675543 -0.14414994 -0.12855609
v 0.14075972 -0.13897672 -0.13103458
v 0.15479386 -0.13379250 -0.13351837
v 0.16866760 -0.12936752 -0.13576369
v 0.18362035 -0.12070511 -0.13935193
v 0.20074487 -0.10353225 -0.14563757
v 0.21375360 -0.10294537 -0.14667398
v 0.22650446 -0.10341838 -0.14737529
v 0.23913521 -0.10439106 -0.14791872
v 0.25207412 -0.10419024 -0.14883468
v 0.26545960 -0.10230581 -0.15028536
v 0.27850246 -0.10179505 -0.15130119
v 0.29155824 -0.10127775 -0.15231983
v 0.30484691 -0.09992215 -0.15360545
v 0.31854826 -0.09706959 -0.15536752
v 0.33158100 -0.09678433 -0.15631501
v 0.34412137 -0.09836318 -0.15667057
v 0.35655898 -0.10033488 -0.15690145
v 0.36899906 -0.10230695 -0.15713237
v 0.38144159 -0.10427941 -0.15736336
v 0.39388654 -0.10625226 -0.15759438
v 0.40635756 -0.10807236 -0.15759775
v 0.41869295 -0.11052300 -0.15795337
v 0.43102580 -0.11291842 -0.15805015
v 0.44335967 -0.11531405 -0.15814696
v 0.45569453 -0.11770987 -0.15824376
v 0.46803042 -0.12010589 -0.15834060
v 0.48036730 -0.12250210 -0.15843742
v 0.49270520 -0.12489852 -0.15853426
v 0.50504410 -0.12729512 -0.15863112
v 0.51738405 -0.12969193 -0.15872797
v 0.52972502 -0.13208893 -0.15882483
v 0.54206699 -0.13448611 -0.15892169
v 0.55443120 -0.13681266 -0.15904124
v 0.56684726 -0.13897127 -0.15921460
v 0.57926530 -0.14113022 -0.15938799
v 0.59168512 -0.14328948 -0.15956143
v 0.60410672 -0.14544906 -0.15973486
v 0.61653012 -0.14760895 -0.15990832
v 0.62895542 -0.14976916 -0.16008182
v 0.64138252 -0.15192969 -0.16025533
v 0.65381145 -0.15409054 -0.16042888
v 0.66629267 -0.15609190 -0.16065376
v 0.67885500 -0.15784550 -0.16095832
v 0.69142330 -0.15959097 -0.16126572
v 0.70402408 -0.16124608 -0.16160239
v 0.71662849 -0.16290168 -0.16193916
v 0.72923636 -0.16455774 -0.16227600
v 0.74184793 -0.16621427 -0.16261296
v 0.75453329 -0.16765736 -0.16301884
v 0.76743484 -0.16845891 -0.16363153
v 0.78034312 -0.16926087 -0.16424456
v 0.79325807 -0.17006326 -0.16485789
v 0.80617976 -0.17086606 -0.16547154
v 0.81909233 -0.17171597 -0.16607046
v 0.83221865 -0.17195496 -0.16686681
v 0.84535384 -0.17219412 -0.16766372
v 0.85849780 -0.17243345 -0.16846113
v 0.87155110 -0.17296213 -0.16916573
v 0.88447827 -0.17387815 -0.16974577
v 0.89729816 -0.17512101 -0.17022064
v 0.91016883 -0.17623392 -0.17073785
v 0.92338681 -0.17637514 -0.17156963
v 0.93769556 -0.17345628 -0.17339180
v 0.95349711 -0.16639212 -0.17655656
v -0.99143136 -0.10267711 -0.05444618
v -0.98259276 -0.13739572 -0.04466721
v -0.97367054 -0.17009161 -0.03549730
v -0.96183568 -0.17092799 -0.03602607
v -0.94986403 -0.17039990 -0.03697097
v -0.93787527 -0.16979942 -0.03793861
v -0.92587608 -0.16919841 -0.03890707
v -0.91386658 -0.16859689 -0.03987638
v -0.90184659 -0.16799484 -0.04084653
v -0.88981622 -0.16739230 -0.04181751
v -0.87777543 -0.16678922 -0.04278934
v -0.86572421 -0.16618560 -0.04376202
v -0.85366249 -0.16558146 -0.04473553
v -0.84159029 -0.16497682 -0.04570990
v -0.82950765 -0.16437164 -0.04668510
v -0.81741458 -0.16376594 -0.04766116
v -0.80531085 -0.16315970 -0.04863806
v -0.79319668 -0.16255292 -0.04961580
v -0.78107190 -0.16194564 -0.05059442
v -0.76893669 -0.16133782 -0.05157387
v -0.75679082 -0.16072947 -0.05255418
v -0.74457049 -0.15960500 -0.05369340
v -0.73234069 -0.15816525 -0.05494633
v -0.72004086 -0.15694457 -0.05610048
v -0.70777106 -0.15572591 -0.05727106
v -0.69548851 -0.15450600 -0.05844286
v -0.68319315 -0.15328480 -0.05961587
v -0.67088509 -0.15206233 -0.06079011
v -0.65856415 -0.15083860 -0.06196556
v -0.64623046 -0.14961359 -0.06314225
v -0.63388389 -0.14838731 -0.06432015
v -0.62155831 -0.14740090 -0.06542509
v -0.60922271 -0.14642739 -0.06652685
v -0.59685314 -0.14530060 -0.06767657
v -0.58424449 -0.14261407 -0.06930745
v -0.57161766 -0.13992365 -0.07094070
v -0.55905157 -0.13775983 -0.07241280
v -0.54647386 -0.13562448 -0.07387719
v -0.53390515 -0.13365239 -0.07529226
v -0.52135247 -0.13188355 -0.07664562
v -0.50852722 -0.12845474 -0.07851224
v -0.49569109 -0.12508516 -0.08036192
v -0.48295140 -0.12244890 -0.08198643
v -0.47019354 -0.11980888 -0.08361325
v -0.45741746 -0.11716509 -0.08524239
v -0.44462314 -0.11451754 -0.08687386
v -0.43181053 -0.11186619 -0.08850766
v -0.41897961 -0.10921106 -0.09014380
v -0.40613034 -0.10655212 -0.09178227
v -0.39325759 -0.10385960 -0.09343231
v -0.38039440 -0.10132664 -0.09503412
v -0.36751324 -0.09879013 -0.09663816
v -0.35461408 -0.09625008 -0.09824444
v -0.34169683 -0.09370647 -0.09985297
v -0.32876152 -0.09115930 -0.10146376
v -0.31580803 -0.08860856 -0.10307680
v -0.30283639 -0.08605407 -0.10469216
v -0.28984213 -0.08347216 -0.10631718
v -0.27682960 -0.08088709 -0.10794435
v -0.26379877 -0.07829839 -0.10957381
v -0.25087494 -0.07637017 -0.11099914
v -0.23811363 -0.07537593 -0.11213508
v -0.22542825 -0.07484099 -0.11312896
v -0.21433818 -0.08258560 -0.11154726
v -0.20308670 -0.08941726 -0.11024861
v -0.19312294 -0.10270147 -0.10693979
v -0.18500955 -0.12509952 -0.10078964
v -0.17405207 -0.13299769 -0.09915339
v -0.16258007 -0.13826653 -0.09833559
v -0.15092890 -0.14261404 -0.09780452
v -0.13922456 -0.14667515 -0.09736238
v -0.12752120 -0.15071774 -0.09692574
v -0.11579017 -0.15460527 -0.09653717
v -0.10406310 -0.15849151 -0.09614871
v -0.09240475 -0.16268089 -0.09566531
v -0.08078929 -0.16704564 -0.09512673
v -0.06924263 -0.17170146 -0.09449676
v -0.05773871 -0.17652188 -0.09381487
v -0.04625243 -0.18138865 -0.09311799
v -0.03476481 -0.18621488 -0.09243330
v -0.02286046 -0.18913834 -0.09234381
v -0.01093669 -0.19197102 -0.09228268
v 0.00115430 -0.19406213 -0.09245385
v 0.01449016 -0.19070408 -0.09433295
v 0.02793838 -0.18694685 -0.09633856
v 0.04173814 -0.18176645 -0.09879196
v 0.05587791 -0.17524393 -0.10166822
v 0.07004005 -0.16876064 -0.10453425
v 0.08412182 -0.16274986 -0.10725401
v 0.09805439 -0.15749018 -0.10973980
v 0.11195972 -0.15245771 -0.11215600
v 0.12589416 -0.14741470 -0.11457726
v 0.13991384 -0.14213122 -0.11707591
v 0.15396717 -0.13682267 -0.11958423
v 0.16804650 -0.13152066 -0.12209231
v 0.18306693 -0.12254742 -0.12575781
v 0.20105593 -0.10188742 -0.13310593
v 0.21398667 -0.10159767 -0.13404278
v 0.22725053 -0.10003740 -0.13538067
v 0.24072635 -0.09770606 -0.13696259
v 0.25394613 -0.09643684 -0.13821074
v 0.26698372 -0.09592355 -0.13922134
v 0.28054929 -0.09342998 -0.14085756
v 0.29422700 -0.09057827 -0.14260806
v 0.30703059 -0.09110509 -0.14329287
v 0.31945929 -0.09306832 -0.14352441
v 0.33194396 -0.09483228 -0.14381909
v 0.34443182 -0.09659668 -0.14411385
v 0.35692278 -0.09836152 -0.14440869
v 0.36936018 -0.10033431 -0.14463794
v 0.38166088 -0.10281352 -0.14470708
v 0.39396614 -0.10527898 -0.14478062
v 0.40627280 -0.10774247 -0.14485486
v 0.41859022 -0.11017033 -0.14494044
v 0.43091807 -0.11256477 -0.14503665
v 0.44324687 -0.11495940 -0.14513288
v 0.45557669 -0.11735424 -0.14522913
v 0.46790758 -0.11974926 -0.14532538
v 0.48023945 -0.12214448 -0.14542164
v 0.49257231 -0.12453990 -0.14551790
v 0.50490624 -0.12693542 -0.14561419
v 0.51724112 -0.12933114 -0.14571051
v 0.52958328 -0.13170613 -0.14581348
v 0.54193044 -0.13406816 -0.14592065
v 0.55430740 -0.13633470 -0.14605828
v 0.56672567 -0.13846909 -0.14623804
v 0.57914591 -0.14060381 -0.14641784
v 0.59156799 -0.14273885 -0.14659767
v 0.60399204 -0.14487423 -0.14677754
v 0.61641794 -0.14700992 -0.14695743
v 0.62884581 -0.14914595 -0.14713733
v 0.64127421 -0.15128639 -0.14731596
v 0.65369856 -0.15344639 -0.14748850
v 0.66617167 -0.15545796 -0.14770854
v 0.67875767 -0.15712157 -0.14803982
v 0.69138348 -0.15867192 -0.14840753
v 0.70401329 -0.16022272 -0.14877535
v 0.71664709 -0.16177404 -0.14914331
v 0.72928476 -0.16332583 -0.14951135
v 0.74192643 -0.16487812 -0.14987953
v 0.75472891 -0.16595300 -0.15040074
v 0.76762760 -0.16675392 -0.15101002
v 0.78049910 -0.16765752 -0.15158689
v 0.79334390 -0.16866019 -0.15213242
v 0.80620748 -0.16962542 -0.15269037
v 0.81913489 -0.17041956 -0.15330356
v 0.83218122 -0.17088315 -0.15402322
v 0.84531230 -0.17112188 -0.15481554
v 0.85842192 -0.17144892 -0.15558010
v 0.87135834 -0.17230418 -0.15617564
v 0.88416773 -0.17354599 -0.15664750
v 0.89698219 -0.17478825 -0.15711954
v 0.90992510 -0.17567860 -0.15770504
v 0.92313796 -0.17581958 -0.15853193
v 0.93666202 -0.17510605 -0.15963425
v 0.95245123 -0.16804895 -0.16277853
v -0.99155724 -0.10879865 -0.04002682
v -0.98272932 -0.14344710 -0.03032261
v -0.97329599 -0.17046344 -0.02292272
v -0.96133161 -0.16986975 -0.02388133
v -0.94935638 -0.16926947 -0.02484260
v -0.93737078 -0.16866867 -0.02580472
v -0.92537481 -0.16806735 -0.02676766
v -0.91336840 -0.16746552 -0.02773144
v -0.90135169 -0.16686316 -0.02869605
v -0.88932866 -0.16629958 -0.02964957
v -0.87729841 -0.16576557 -0.03059478
v -0.86525804 -0.16523109 -0.03154080
v -0.85320747 -0.16469617 -0.03248761
v -0.84114665 -0.16416079 -0.03343523
v -0.82907557 -0.16362496 -0.03438365
v -0.81699425 -0.16308868 -0.03533288
v -0.80490267 -0.16255192 -0.03628292
v -0.79280078 -0.16201474 -0.03723376
v -0.78068858 -0.16147707 -0.03818541
v -0.76856613 -0.16093896 -0.03913788
v -0.75643337 -0.16040039 -0.04009115
v -0.74429023 -0.15986136 -0.04104523
v -0.73209184 -0.15896441 -0.04210914
v -0.71987337 -0.15799984 -0.04319442
v -0.70761144 -0.15678850 -0.04435578
v -0.69530964 -0.15536822 -0.04558174
v -0.68430924 -0.15401958 -0.04706506
v -0.67068750 -0.15268552 -0.04798803
v -0.65837294 -0.15146276 -0.04915622
v -0.64604557 -0.15023872 -0.05032562
v -0.63370544 -0.14901341 -0.05149624
v -0.62135243 -0.14778683 -0.05266807
v -0.60898656 -0.14655896 -0.05384113
v -0.59660780 -0.14532980 -0.05501540
v -0.58422542 -0.14416298 -0.05617142
v -0.57185847 -0.14318685 -0.05726985
v -0.55929023 -0.14093652 -0.05875955
v -0.54663920 -0.13824359 -0.06038600
v -0.53398979 -0.13567761 -0.06197466
v -0.52142638 -0.13378283 -0.06335852
v -0.50886756 -0.13201426 -0.06470465
v -0.49629378 -0.13024360 -0.06605238
v -0.48370504 -0.12847082 -0.06740171
v -0.47079533 -0.12478814 -0.06933877
v -0.45757374 -0.11931077 -0.07182878
v -0.44471720 -0.11622841 -0.07358423
v -0.43191329 -0.11358007 -0.07520743
v -0.41909111 -0.11092796 -0.07683297
v -0.40625066 -0.10827206 -0.07846083
v -0.39339179 -0.10561258 -0.08009093
v -0.38051453 -0.10294937 -0.08172335
v -0.36749077 -0.09954545 -0.08358516
v -0.35440680 -0.09591392 -0.08551843
v -0.34149399 -0.09336783 -0.08711843
v -0.32856312 -0.09081816 -0.08872066
v -0.31561407 -0.08826493 -0.09032515
v -0.30264691 -0.08570810 -0.09193187
v -0.28966150 -0.08314770 -0.09354086
v -0.27665597 -0.08057337 -0.09515530
v -0.26362982 -0.07798335 -0.09677574
v -0.25058547 -0.07539055 -0.09839819
v -0.23752289 -0.07279536 -0.10002255
v -0.22456698 -0.07084727 -0.10144790
v -0.21247694 -0.07344285 -0.10146836
v -0.20127149 -0.08056001 -0.10008923
v -0.19183360 -0.09655531 -0.09596002
v -0.18537587 -0.12729314 -0.08726123
v -0.17446208 -0.13536215 -0.08558057
v -0.16299948 -0.14062968 -0.08476712
v -0.15141469 -0.14525521 -0.08415215
v -0.13975656 -0.14949162 -0.08365746
v -0.12805973 -0.15351558 -0.08322835
v -0.11633833 -0.15739942 -0.08284241
v -0.10468645 -0.16159277 -0.08236008
v -0.09307577 -0.16595490 -0.08182499
v -0.08147053 -0.17031497 -0.08129013
v -0.06994814 -0.17503123 -0.08064417
v -0.05845438 -0.17984630 -0.07996701
v -0.04697037 -0.18467182 -0.07928612
v -0.03545789 -0.18933477 -0.07865532
v -0.02356125 -0.19224359 -0.07857018
v -0.01159649 -0.19484499 -0.07858071
v 0.00040954 -0.19726467 -0.07864787
v 0.01372207 -0.19395994 -0.08049911
v 0.02709578 -0.19047779 -0.08240702
v 0.04076463 -0.18581191 -0.08468549
v 0.05488677 -0.17931052 -0.08753826
v 0.06902766 -0.17286339 -0.09037615
v 0.08313248 -0.16670105 -0.09312718
v 0.09717689 -0.16091950 -0.09576127
v 0.11109988 -0.15576471 -0.09820142
v 0.12502088 -0.15072972 -0.10060592
v 0.13901670 -0.14549667 -0.10307405
v 0.15305631 -0.14019659 -0.10556496
v 0.16718464 -0.13464887 -0.10813515
v 0.18240358 -0.12483219 -0.11204343
v 0.20134223 -0.10034155 -0.12054930
v 0.21557640 -0.09487262 -0.12310303
v 0.22937724 -0.09122112 -0.12508911
v 0.24263684 -0.08977198 -0.12638628
v 0.25639921 -0.08642617 -0.12827913
v 0.27005097 -0.08358801 -0.13001414
v 0.28259230 -0.08507882 -0.13039191
v 0.29506651 -0.08684088 -0.13068484
v 0.30754387 -0.08860345 -0.13097781
v 0.32002440 -0.09036647 -0.13127084
v 0.33238351 -0.09259468 -0.13141790
v 0.34467694 -0.09507243 -0.13148662
v 0.35697114 -0.09755024 -0.13155536
v 0.36927041 -0.10001225 -0.13162914
v 0.38157049 -0.10247440 -0.13170291
v 0.39387131 -0.10493671 -0.13177671
v 0.40617293 -0.10739919 -0.13185048
v 0.41848761 -0.10981795 -0.13193810
v 0.43081042 -0.11221140 -0.13203375
v 0.44313419 -0.11460498 -0.13212943
v 0.45545903 -0.11699872 -0.13222513
v 0.46778491 -0.11939266 -0.13232084
v 0.48011178 -0.12178681 -0.13241655
v 0.49243966 -0.12418114 -0.13251227
v 0.50477803 -0.12654318 -0.13261826
v 0.51711804 -0.12890382 -0.13272478
v 0.52945912 -0.13126467 -0.13283129
v 0.54180139 -0.13362575 -0.13293783
v 0.55418056 -0.13586758 -0.13308217
v 0.56659395 -0.13800110 -0.13326088
v 0.57900929 -0.14013495 -0.13343962
v 0.59142649 -0.14226910 -0.13361837
v 0.60384560 -0.14440361 -0.13379717
v 0.61626524 -0.14654301 -0.13397452
v 0.62865752 -0.14877707 -0.13412201
v 0.64105129 -0.15101141 -0.13426952
v 0.65357184 -0.15284716 -0.13454361
v 0.66612208 -0.15459864 -0.13484463
v 0.67875886 -0.15608791 -0.13522914
v 0.69139981 -0.15757766 -0.13561375
v 0.70404494 -0.15906790 -0.13599852
v 0.71669424 -0.16055864 -0.13638338
v 0.72934771 -0.16204986 -0.13676840
v 0.74203509 -0.16345030 -0.13718255
v 0.75484169 -0.16450176 -0.13770808
v 0.76767069 -0.16550292 -0.13824996
v 0.78050578 -0.16650458 -0.13879213
v 0.79334676 -0.16750668 -0.13933453
v 0.80626506 -0.16829626 -0.13994507
v 0.81918895 -0.16908984 -0.14055477
v 0.83214384 -0.16981202 -0.14118768
v 0.84527075 -0.17005031 -0.14197545
v 0.85825467 -0.17073219 -0.14262222
v 0.87105352 -0.17197289 -0.14309107
v 0.88385749 -0.17321409 -0.14356011
v 0.89666665 -0.17445579 -0.14402935
v 0.90968156 -0.17512369 -0.14468229
v 0.92288923 -0.17526442 -0.14550428
v 0.93610620 -0.17540523 -0.14632685
v 0.95140690 -0.16970351 -0.14901942
v -0.99168283 -0.11490475 -0.02564382
v -0.98266345 -0.14727306 -0.01667933
v -0.97290921 -0.17069988 -0.01040102
v -0.96094990 -0.17010210 -0.01135513
v -0.94895291 -0.16921984 -0.01239564
v -0.93697435 -0.16864021 -0.01334564
v -0.92500871 -0.16829301 -0.01422623
v -0.91303349 -0.16794555 -0.01510751
v -0.90104878 -0.16759782 -0.01598950
v -0.88903767 -0.16708925 -0.01692064
v -0.87701386 -0.16655587 -0.01785995
v -0.86497998 -0.16602202 -0.01880004
v -0.85293585 -0.16548772 -0.01974094
v -0.84088147 -0.16495298 -0.02068263
v -0.82881695 -0.16441777 -0.02162513
v -0.81674206 -0.16388211 -0.02256842
v -0.80465698 -0.16334601 -0.02351251
v -0.79256159 -0.16280943 -0.02445741
v -0.78045601 -0.16227242 -0.02540311
v -0.76834011 -0.16173494 -0.02634961
v -0.75621384 -0.16119701 -0.02729692
v -0.74405360 -0.16046777 -0.02830289
v -0.73185855 -0.15954831 -0.02936724
v -0.71965188 -0.15862797 -0.03043262
v -0.70743346 -0.15770674 -0.03149902
v -0.69520342 -0.15678464 -0.03256643
v -0.68295938 -0.15584381 -0.03364029
v -0.67067945 -0.15472305 -0.03476956
v -0.65838718 -0.15360117 -0.03589999
v -0.64607358 -0.15241316 -0.03705129
v -0.63371444 -0.15098776 -0.03827561
v -0.62134182 -0.14956081 -0.03950127
v -0.60895556 -0.14813228 -0.04072827
v -0.59655583 -0.14670220 -0.04195661
v -0.58414245 -0.14527056 -0.04318631
v -0.57171541 -0.14383733 -0.04441735
v -0.55927479 -0.14240253 -0.04564974
v -0.54683048 -0.14103267 -0.04686322
v -0.53432316 -0.13933599 -0.04817722
v -0.52173412 -0.13720058 -0.04962599
v -0.50912887 -0.13506241 -0.05107664
v -0.49650735 -0.13292149 -0.05252916
v -0.48386949 -0.13077781 -0.05398355
v -0.47121534 -0.12863134 -0.05543982
v -0.45860076 -0.12682742 -0.05679245
v -0.44597584 -0.12505066 -0.05813772
v -0.43297884 -0.12111331 -0.06014474
v -0.41970092 -0.11562576 -0.06262744
v -0.40556571 -0.10982967 -0.06520817
v -0.39352062 -0.10733315 -0.06677689
v -0.38065219 -0.10467298 -0.06839868
v -0.36776534 -0.10200901 -0.07002280
v -0.35486001 -0.09934120 -0.07164923
v -0.34188673 -0.09639052 -0.07336356
v -0.32868138 -0.09224730 -0.07544487
v -0.31545186 -0.08809648 -0.07752999
v -0.30246186 -0.08538585 -0.07917458
v -0.28948158 -0.08282625 -0.08077396
v -0.27648315 -0.08026358 -0.08237544
v -0.26346648 -0.07769760 -0.08397907
v -0.25042707 -0.07510445 -0.08559220
v -0.23736928 -0.07250776 -0.08720756
v -0.22430055 -0.06994668 -0.08881314
v -0.21191181 -0.07098155 -0.08931343
v -0.19974954 -0.07320185 -0.08944920
v -0.19128723 -0.09417345 -0.08381134
v -0.18574166 -0.12948348 -0.07375292
v -0.17487146 -0.13772298 -0.07202855
v -0.16341822 -0.14298917 -0.07121944
v -0.15184222 -0.14761055 -0.07060859
v -0.14027244 -0.15222941 -0.06999807
v -0.12859741 -0.15630877 -0.06955361
v -0.11695196 -0.16050607 -0.06907240
v -0.10534606 -0.16486560 -0.06854077
v -0.09374559 -0.16922307 -0.06800938
v -0.08215056 -0.17357850 -0.06747825
v -0.07065238 -0.17835498 -0.06681655
v -0.05916877 -0.18316473 -0.06614411
v -0.04769197 -0.18797164 -0.06547207
v -0.03614976 -0.19244921 -0.06490144
v -0.02420987 -0.19511488 -0.06489133
v -0.01225517 -0.19771412 -0.06490179
v -0.00030037 -0.20031337 -0.06491225
v 0.01296621 -0.19716230 -0.06670477
v 0.02628794 -0.19385776 -0.06854618
v 0.03979307 -0.18984926 -0.07060724
v 0.05389192 -0.18339343 -0.07342904
v 0.06801733 -0.17695785 -0.07624660
v 0.08214509 -0.17064443 -0.07902826
v 0.09617448 -0.16487312 -0.08164356
v 0.11023612 -0.15908857 -0.08426487
v 0.12414917 -0.15403876 -0.08665971
v 0.13812120 -0.14885603 -0.08909760
v 0.15214708 -0.14356439 -0.09157114
v 0.16638079 -0.13754292 -0.09427355
v 0.18153644 -0.12793665 -0.09809369
v 0.20393135 -0.08960397 -0.11086101
v 0.21861929 -0.08238661 -0.11394583
v 0.23299551 -0.07653181 -0.11660832
v 0.24563810 -0.07757214 -0.11712351
v 0.25822335 -0.07885736 -0.11756270
v 0.27069029 -0.08061792 -0.11785392
v 0.28315833 -0.08238671 -0.11814281
v 0.29544386 -0.08486281 -0.11821111
v 0.30773005 -0.08733907 -0.11827940
v 0.32001698 -0.08981549 -0.11834770
v 0.33230525 -0.09228980 -0.11841673
v 0.34459797 -0.09475047 -0.11849005
v 0.35689142 -0.09721130 -0.11856337
v 0.36918569 -0.09967229 -0.11863670
v 0.38148075 -0.10213341 -0.11871005
v 0.39377660 -0.10459460 -0.11878342
v 0.40607318 -0.10705595 -0.11885680
v 0.41838512 -0.10946552 -0.11894644
v 0.43070295 -0.11185790 -0.11904156
v 0.44302174 -0.11425045 -0.11913668
v 0.45534161 -0.11664323 -0.11923181
v 0.46766526 -0.11902622 -0.11933006
v 0.47999698 -0.12138525 -0.11943591
v 0.49232984 -0.12374452 -0.11954178
v 0.50466383 -0.12610398 -0.11964764
v 0.51699889 -0.12846367 -0.11975352
v 0.52933514 -0.13082357 -0.11985940
v 0.54167247 -0.13318369 -0.11996530
v 0.55404168 -0.13539533 -0.12001673
v 0.56643367 -0.13762881 -0.12026390
v 0.57881391 -0.13986072 -0.12041042
v 0.59119576 -0.14209291 -0.12055696
v 0.60357916 -0.14432538 -0.12070351
v 0.61597782 -0.14651367 -0.12086409
v 0.62849265 -0.14833340 -0.12114099
v 0.64101046 -0.15015355 -0.12141795
v 0.65353125 -0.15197414 -0.12169498
v 0.66605508 -0.15379518 -0.12197208
v 0.67868906 -0.15527874 -0.12235592
v 0.69132555 -0.15676783 -0.12273828
v 0.70400929 -0.15812339 -0.12316313
v 0.71670568 -0.15945442 -0.12359603
v 0.72946203 -0.16061606 -0.12408282
v 0.74225527 -0.16168104 -0.12460052
v 0.75505435 -0.16274650 -0.12511846
v 0.76786929 -0.16378155 -0.12564640
v 0.78070581 -0.16476934 -0.12618971
v 0.79354841 -0.16575758 -0.12673326
v 0.80639690 -0.16674629 -0.12727708
v 0.81925154 -0.16773544 -0.12782115
v 0.83216995 -0.16855426 -0.12841961
v 0.84516704 -0.16916211 -0.12908547
v 0.85795540 -0.17040174 -0.12955132
v 0.87074888 -0.17164186 -0.13001737
v 0.88354748 -0.17288248 -0.13048360
v 0.89635122 -0.17412359 -0.13095002
v 0.90943831 -0.17456922 -0.13166958
v 0.92264074 -0.17470971 -0.13248669
v 0.93585253 -0.17485027 -0.13330437
v 0.95036405 -0.17135580 -0.13527919
v -0.99135727 -0.11597435 -0.01279946
v -0.98201525 -0.14471906 -0.00496957
v -0.97246099 -0.17027132 0.00190989
v -0.96063757 -0.17106409 0.00137794
v -0.94866383 -0.17035452 0.00039548
v -0.93666255 -0.16947249 -0.00063937
v -0.92464995 -0.16858961 -0.00167520
v -0.91262603 -0.16770591 -0.00271200
v -0.90059161 -0.16682917 -0.00374743
v -0.88860106 -0.16648094 -0.00462495
v -0.87660110 -0.16613247 -0.00550317
v -0.86459148 -0.16578372 -0.00638209
v -0.85257226 -0.16543466 -0.00726171
v -0.84054357 -0.16508535 -0.00814203
v -0.82850522 -0.16473575 -0.00902305
v -0.81645721 -0.16438587 -0.00990478
v -0.80439961 -0.16403571 -0.01078721
v -0.79232275 -0.16360326 -0.01169503
v -0.78022361 -0.16306688 -0.01263479
v -0.76811421 -0.16253002 -0.01357535
v -0.75599152 -0.16196813 -0.01452412
v -0.74381435 -0.16105030 -0.01558084
v -0.73162550 -0.16013159 -0.01663858
v -0.71942502 -0.15921201 -0.01769732
v -0.70721292 -0.15829155 -0.01875708
v -0.69498909 -0.15737019 -0.01981785
v -0.68275362 -0.15644799 -0.02087963
v -0.67050642 -0.15552486 -0.02194243
v -0.65824753 -0.15460087 -0.02300625
v -0.64594400 -0.15366641 -0.02422501
v -0.63366812 -0.15256098 -0.02519418
v -0.62134582 -0.15143695 -0.02632078
v -0.60901111 -0.15031181 -0.02744852
v -0.59666389 -0.14918552 -0.02857741
v -0.58429867 -0.14802097 -0.02971868
v -0.57188195 -0.14659043 -0.03094133
v -0.55945152 -0.14515831 -0.03216533
v -0.54700744 -0.14372462 -0.03339067
v -0.53458536 -0.14252385 -0.03454624
v -0.52220666 -0.14168721 -0.03559218
v -0.50981629 -0.14084978 -0.03663909
v -0.49741435 -0.14001158 -0.03768699
v -0.48490292 -0.13855609 -0.03892308
v -0.46959847 -0.13667338 -0.04017430
v -0.45949259 -0.13350643 -0.04204783
v -0.44659206 -0.12994611 -0.04392665
v -0.43366995 -0.12637985 -0.04580862
v -0.42087674 -0.12370870 -0.04741963
v -0.40816462 -0.12162308 -0.04885358
v -0.39507753 -0.11743023 -0.05093007
v -0.38183147 -0.11244651 -0.05324888
v -0.36856064 -0.10746735 -0.05556796
v -0.35526249 -0.10247794 -0.05789181
v -0.34210020 -0.09839997 -0.05993946
v -0.32916674 -0.09572757 -0.06155990
v -0.31621468 -0.09305134 -0.06318266
v -0.30300915 -0.08908223 -0.06520116
v -0.28974688 -0.08492562 -0.06727833
v -0.27646035 -0.08076184 -0.06935918
v -0.26329690 -0.07737797 -0.07120324
v -0.25026706 -0.07480919 -0.07279950
v -0.23721659 -0.07222448 -0.07440177
v -0.22415665 -0.06968277 -0.07599204
v -0.21181755 -0.07094700 -0.07641901
v -0.19985288 -0.07414854 -0.07625333
v -0.19172347 -0.09676888 -0.07014199
v -0.18610691 -0.13167056 -0.06026468
v -0.17528021 -0.14008020 -0.05849730
v -0.16382115 -0.14527015 -0.05771551
v -0.15223630 -0.14980172 -0.05713503
v -0.14065740 -0.15433092 -0.05655485
v -0.12910312 -0.15894775 -0.05594737
v -0.11748955 -0.16324909 -0.05543630
v -0.10588124 -0.16754848 -0.05492546
v -0.09427819 -0.17184593 -0.05441485
v -0.08268662 -0.17617045 -0.05389554
v -0.07121333 -0.18101560 -0.05321584
v -0.05974695 -0.18585780 -0.05253655
v -0.04828749 -0.19069709 -0.05185767
v -0.03668381 -0.19485037 -0.05138940
v -0.02475461 -0.19752032 -0.05137740
v -0.01283038 -0.20021178 -0.05135877
v -0.00090635 -0.20290321 -0.05134013
v 0.01225974 -0.20014840 -0.05299979
v 0.02554843 -0.19694063 -0.05480028
v 0.03885837 -0.19372773 -0.05660365
v 0.05289907 -0.18746813 -0.05934820
v 0.06700902 -0.18104407 -0.06214548
v 0.08115395 -0.17460409 -0.06494970
v 0.09517406 -0.16881895 -0.06755371
v 0.10922065 -0.16304463 -0.07015626
v 0.12327901 -0.15734184 -0.07273857
v 0.13722731 -0.15220930 -0.07514647
v 0.15135048 -0.14647368 -0.07774262
v 0.16557828 -0.14043207 -0.08043531
v 0.18067080 -0.13103567 -0.08416826
v 0.20753075 -0.07483266 -0.10239562
v 0.22102496 -0.07242566 -0.10397445
v 0.23387103 -0.07264013 -0.10474220
v 0.24626289 -0.07466440 -0.10494956
v 0.25854117 -0.07713895 -0.10501747
v 0.27082017 -0.07961363 -0.10508537
v 0.28309986 -0.08208846 -0.10515328
v 0.29538029 -0.08456353 -0.10522118
v 0.30766261 -0.08703431 -0.10529045
v 0.31994873 -0.08949366 -0.10536332
v 0.33223563 -0.09195309 -0.10543622
v 0.34452337 -0.09441265 -0.10550913
v 0.35681188 -0.09687237 -0.10558205
v 0.36910114 -0.09933224 -0.10565498
v 0.38139120 -0.10179227 -0.10572791
v 0.39368200 -0.10425245 -0.10580084
v 0.40597361 -0.10671278 -0.10587378
v 0.41828281 -0.10911328 -0.10596541
v 0.43059558 -0.11150466 -0.10605995
v 0.44291547 -0.11387471 -0.10616121
v 0.45524007 -0.11623237 -0.10626640
v 0.46756577 -0.11859024 -0.10637161
v 0.47989258 -0.12094831 -0.10647682
v 0.49220008 -0.12337703 -0.10656007
v 0.50450552 -0.12581590 -0.10664020
v 0.51681191 -0.12825495 -0.10672034
v 0.52911901 -0.13069415 -0.10680048
v 0.54142708 -0.13313353 -0.10688063
v 0.55378258 -0.13541742 -0.10700948
v 0.56615555 -0.13764800 -0.10715508
v 0.57853019 -0.13987888 -0.10730071
v 0.59093779 -0.14200673 -0.10747871
v 0.60344243 -0.14382485 -0.10775384
v 0.61594999 -0.14564341 -0.10802905
v 0.62846059 -0.14746243 -0.10830433
v 0.64097410 -0.14928186 -0.10857965
v 0.65353435 -0.15096237 -0.10889877
v 0.66610587 -0.15261877 -0.10922569
v 0.67873847 -0.15409426 -0.10960963
v 0.69142205 -0.15542370 -0.11003974
v 0.70412076 -0.15672089 -0.11048028
v 0.71689993 -0.15778430 -0.11099461
v 0.72969669 -0.15881170 -0.11152065
v 0.74251294 -0.15979744 -0.11206018
v 0.75533515 -0.16078365 -0.11259995
v 0.76816350 -0.16177031 -0.11313998
v 0.78100240 -0.16274332 -0.11368471
v 0.79377502 -0.16393383 -0.11416133
v 0.80655295 -0.16512486 -0.11463813
v 0.81929821 -0.16642871 -0.11507974
v 0.83203024 -0.16778649 -0.11550464
v 0.84483922 -0.16893287 -0.11599657
v 0.85765362 -0.17007969 -0.11648872
v 0.87044448 -0.17131110 -0.11695451
v 0.88323772 -0.17255113 -0.11741794
v 0.89603609 -0.17379166 -0.11788155
v 0.90919513 -0.17401518 -0.11866688
v 0.92239249 -0.17415540 -0.11947913
v 0.93559903 -0.17429572 -0.12029194
v 0.94932258 -0.17300580 -0.12155783
v 0.96511716 -0.16595104 -0.12464911
v -0.99070603 -0.11341432 -0.00104952
v -0.98136717 -0.14216553 0.00673808
v -0.97198063 -0.16949446 0.01410768
v -0.96028256 -0.17157012 0.01396109
v -0.94836938 -0.17142816 0.01315369
v -0.93638080 -0.17060687 0.01214324
v -0.92437518 -0.16972506 0.01111404
v -0.91235828 -0.16884242 0.01008387
v -0.90033007 -0.16795895 0.00905274
v -0.88829046 -0.16707464 0.00802063
v -0.87623948 -0.16618948 0.00698755
v -0.86417723 -0.16530350 0.00595350
v -0.85213083 -0.16466577 0.00499289
v -0.84010595 -0.16431627 0.00411774
v -0.82807136 -0.16396648 0.00324190
v -0.81602728 -0.16361640 0.00236537
v -0.80397356 -0.16326606 0.00148813
v -0.79191011 -0.16291542 0.00061019
v -0.77983713 -0.16256453 -0.00026845
v -0.76775450 -0.16221334 -0.00114780
v -0.75566083 -0.16185075 -0.00203117
v -0.74350697 -0.16108155 -0.00303704
v -0.73134214 -0.16031164 -0.00404383
v -0.71916604 -0.15954104 -0.00505154
v -0.70697886 -0.15876974 -0.00606017
v -0.69477504 -0.15795515 -0.00708251
v -0.68254578 -0.15703368 -0.00813765
v -0.67030483 -0.15611133 -0.00919380
v -0.65805221 -0.15518810 -0.01025097
v -0.64578778 -0.15426399 -0.01130914
v -0.63351172 -0.15333900 -0.01236834
v -0.62122375 -0.15241310 -0.01342854
v -0.60892415 -0.15148634 -0.01448976
v -0.59658909 -0.15039495 -0.01560128
v -0.58423680 -0.14926881 -0.01672405
v -0.57187194 -0.14814153 -0.01784796
v -0.55949455 -0.14701310 -0.01897301
v -0.54710460 -0.14588353 -0.02009920
v -0.53475332 -0.14508960 -0.02112499
v -0.52241641 -0.14446272 -0.02210111
v -0.51006114 -0.14378683 -0.02309272
v -0.49766970 -0.14295070 -0.02413339
v -0.48526672 -0.14211379 -0.02517504
v -0.47285205 -0.14127609 -0.02621766
v -0.46042582 -0.14043760 -0.02726127
v -0.44798785 -0.13959834 -0.02830585
v -0.43541044 -0.13798571 -0.02958503
v -0.42281115 -0.13632694 -0.03087907
v -0.41019723 -0.13466626 -0.03217461
v -0.39756000 -0.13295287 -0.03348704
v -0.38463485 -0.12965156 -0.03528123
v -0.37189740 -0.12754406 -0.03671507
v -0.35914358 -0.12543386 -0.03815075
v -0.34624591 -0.12260143 -0.03980640
v -0.33201066 -0.11239345 -0.04369983
v -0.31818327 -0.10468349 -0.04683826
v -0.30431715 -0.09695194 -0.04998548
v -0.29055572 -0.08997950 -0.05290449
v -0.27730125 -0.08591305 -0.05494309
v -0.26400629 -0.08175146 -0.05701206
v -0.25068694 -0.07758221 -0.05908482
v -0.23734310 -0.07340530 -0.06116140
v -0.22401161 -0.06941263 -0.06318343
v -0.21176045 -0.07110360 -0.06347781
v -0.20011111 -0.07588612 -0.06283156
v -0.19216202 -0.09937555 -0.05648968
v -0.18637852 -0.13338690 -0.04693885
v -0.17552106 -0.14160082 -0.04524056
v -0.16405669 -0.14672409 -0.04448299
v -0.15247923 -0.15125234 -0.04390629
v -0.14093387 -0.15590525 -0.04329116
v -0.12942113 -0.16068228 -0.04263772
v -0.11785579 -0.16517323 -0.04207111
v -0.10625564 -0.16946913 -0.04156366
v -0.09466073 -0.17376308 -0.04105644
v -0.08309158 -0.17815080 -0.04052020
v -0.07162640 -0.18299185 -0.03984502
v -0.06016812 -0.18782999 -0.03917024
v -0.04869936 -0.19258597 -0.03852011
v -0.03705496 -0.19651529 -0.03812245
v -0.02509082 -0.19899054 -0.03816958
v -0.01317434 -0.20168023 -0.03815107
v -0.00125805 -0.20436989 -0.03813255
v 0.01185948 -0.20179220 -0.03972802
v 0.02513889 -0.19858789 -0.04151669
v 0.03839552 -0.19556850 -0.04324996
v 0.05225721 -0.19003832 -0.04575464
v 0.06631371 -0.18379864 -0.04847884
v 0.08040433 -0.17754380 -0.05120967
v 0.09437703 -0.17191215 -0.05375110
v 0.10833681 -0.16645309 -0.05624134
v 0.12232748 -0.16098195 -0.05873709
v 0.13638087 -0.15536837 -0.06127843
v 0.15056226 -0.14934948 -0.06394625
v 0.16477713 -0.14331637 -0.06662037
v 0.17972139 -0.13447222 -0.07016151
v 0.20838693 -0.07101122 -0.09051919
v 0.22145511 -0.07029611 -0.09156808
v 0.23394334 -0.07191104 -0.09189989
v 0.24621619 -0.07438286 -0.09196785
v 0.25848979 -0.07685483 -0.09203582
v 0.27076405 -0.07932697 -0.09210378
v 0.28304061 -0.08179346 -0.09217355
v 0.29532051 -0.08425025 -0.09224635
v 0.30760112 -0.08670735 -0.09231912
v 0.31988251 -0.08916460 -0.09239189
v 0.33216470 -0.09162200 -0.09246466
v 0.34444764 -0.09407957 -0.09253743
v 0.35673138 -0.09653729 -0.09261022
v 0.36901593 -0.09899516 -0.09268300
v 0.38130122 -0.10145319 -0.09275580
v 0.39358729 -0.10391138 -0.09282859
v 0.40609133 -0.10641104 -0.09288827
v 0.41816843 -0.10880454 -0.09298153
v 0.43046308 -0.11124127 -0.09306114
v 0.44275859 -0.11367816 -0.09314075
v 0.45505491 -0.11611523 -0.09322037
v 0.46735212 -0.11855247 -0.09329999
v 0.47965020 -0.12098987 -0.09337962
v 0.49194908 -0.12342745 -0.09345926
v 0.50424886 -0.12586519 -0.09353890
v 0.51654947 -0.12830311 -0.09361854
v 0.52885097 -0.13074119 -0.09369820
v 0.54115331 -0.13317944 -0.09377785
v 0.55351043 -0.13543759 -0.09391357
v 0.56592661 -0.13750495 -0.09410875
v 0.57842106 -0.13932149 -0.09438214
v 0.59094554 -0.14104962 -0.09468326
v 0.60349631 -0.14270306 -0.09500785
v 0.61605066 -0.14435697 -0.09533255
v 0.62860858 -0.14601132 -0.09565733
v 0.64117008 -0.14766617 -0.09598221
v 0.65373504 -0.14932148 -0.09630717
v 0.66630358 -0.15097725 -0.09663223
v 0.67887574 -0.15263349 -0.09695739
v 0.69156998 -0.15391855 -0.09739868
v 0.70430088 -0.15510508 -0.09787108
v 0.71703696 -0.15629211 -0.09834367
v 0.72977835 -0.15747963 -0.09881645
v 0.74252486 -0.15866764 -0.09928942
v 0.75527674 -0.15985613 -0.09976260
v 0.76803380 -0.16104512 -0.10023597
v 0.78073663 -0.16241439 -0.10065325
v 0.79341900 -0.16385901 -0.10104723
v 0.80610573 -0.16530412 -0.10144135
v 0.81886339 -0.16655228 -0.10189748
v 0.83166105 -0.16769762 -0.10238619
v 0.84446418 -0.16884345 -0.10287511
v 0.85727274 -0.16998975 -0.10336424
v 0.87008679 -0.17113656 -0.10385358
v 0.88290620 -0.17228383 -0.10434312
v 0.89576930 -0.17332168 -0.10486739
v 0.90895218 -0.17346156 -0.10567421
v 0.92214435 -0.17360154 -0.10648159
v 0.93534571 -0.17374162 -0.10728955
v 0.94855630 -0.17388178 -0.10809804
v 0.96406484 -0.16760583 -0.11092621
v -0.99005497 -0.11085477 0.01069828
v -0.98071927 -0.13961245 0.01844363
v -0.97150058 -0.16871813 0.02629741
v -0.95992792 -0.17207566 0.02653153
v -0.94802058 -0.17193398 0.02572918
v -0.93609935 -0.17173994 0.02491074
v -0.92410070 -0.17085916 0.02388816
v -0.91209072 -0.16997756 0.02286461
v -0.90006948 -0.16909516 0.02184010
v -0.88803697 -0.16821191 0.02081462
v -0.87599307 -0.16732782 0.01978818
v -0.86393780 -0.16644290 0.01876077
v -0.85187119 -0.16555716 0.01773239
v -0.83979321 -0.16467057 0.01670304
v -0.82770377 -0.16378315 0.01567272
v -0.81560296 -0.16289489 0.01464142
v -0.80354768 -0.16249692 0.01375527
v -0.79148817 -0.16214611 0.01288252
v -0.77941900 -0.16179501 0.01200907
v -0.76734024 -0.16144364 0.01113493
v -0.75525177 -0.16109197 0.01026009
v -0.74312121 -0.16047841 0.00930658
v -0.73096049 -0.15970850 0.00830579
v -0.71878868 -0.15893792 0.00730408
v -0.70660561 -0.15816659 0.00630146
v -0.69441152 -0.15739459 0.00529792
v -0.68220627 -0.15662186 0.00429347
v -0.66998982 -0.15584844 0.00328809
v -0.65776211 -0.15507430 0.00228179
v -0.64552325 -0.15429945 0.00127457
v -0.63327318 -0.15352389 0.00026643
v -0.62101185 -0.15274763 -0.00074264
v -0.60873920 -0.15197064 -0.00175264
v -0.59644908 -0.15114909 -0.00277668
v -0.58413219 -0.15022133 -0.00383326
v -0.57180339 -0.14929265 -0.00489085
v -0.55944222 -0.14822495 -0.00599084
v -0.54705977 -0.14709668 -0.00710976
v -0.53473395 -0.14642240 -0.00809337
v -0.52240473 -0.14579649 -0.00906316
v -0.51006466 -0.14517005 -0.01003380
v -0.49771374 -0.14454305 -0.01100529
v -0.48535201 -0.14391550 -0.01197764
v -0.47297937 -0.14328741 -0.01295085
v -0.46059579 -0.14265876 -0.01392491
v -0.44820136 -0.14202954 -0.01489983
v -0.43579596 -0.14139977 -0.01587560
v -0.42337966 -0.14076947 -0.01685224
v -0.41093317 -0.14002457 -0.01786405
v -0.39844018 -0.13907304 -0.01893877
v -0.38581342 -0.13741413 -0.02022724
v -0.37326771 -0.13630371 -0.02135142
v -0.36072794 -0.13529862 -0.02244467
v -0.34817582 -0.13429256 -0.02353899
v -0.33561137 -0.13328549 -0.02463439
v -0.32303450 -0.13227744 -0.02573086
v -0.31044525 -0.13126840 -0.02682842
v -0.29784358 -0.13025835 -0.02792706
v -0.28515431 -0.12884234 -0.02914908
v -0.27097648 -0.11955147 -0.03275063
v -0.25645390 -0.10864896 -0.03684175
v -0.24230790 -0.09996127 -0.04026630
v -0.22547941 -0.07752685 -0.04785008
v -0.21325831 -0.07927334 -0.04812475
v -0.20247781 -0.08839534 -0.04616780
v -0.19579707 -0.11817240 -0.03795701
v -0.18658079 -0.13475449 -0.03373599
v -0.17575379 -0.14308043 -0.03201293
v -0.16429192 -0.14817615 -0.03126751
v -0.15272322 -0.15270777 -0.03069255
v -0.14124779 -0.15766114 -0.02998929
v -0.12973641 -0.16240335 -0.02934958
v -0.11818925 -0.16694039 -0.02877168
v -0.10662951 -0.17138706 -0.02822079
v -0.09504273 -0.17567754 -0.02771694
v -0.08349596 -0.18012829 -0.02716404
v -0.07203887 -0.18496528 -0.02649337
v -0.06057305 -0.18972754 -0.02584493
v -0.04909926 -0.19442038 -0.02521714
v -0.03742562 -0.19817798 -0.02487342
v -0.02546160 -0.20061579 -0.02493113
v -0.01351785 -0.20314677 -0.02496051
v -0.00160929 -0.20583467 -0.02494212
v 0.01145977 -0.20343377 -0.02647412
v 0.02470554 -0.20033896 -0.02821869
v 0.03793180 -0.19741328 -0.02991297
v 0.05168070 -0.19232868 -0.03226693
v 0.06569459 -0.18622920 -0.03493222
v 0.07977346 -0.17998219 -0.03764448
v 0.09376784 -0.17421782 -0.04021131
v 0.10771628 -0.16876549 -0.04268470
v 0.12169554 -0.16330108 -0.04516356
v 0.13579898 -0.15744184 -0.04776490
v 0.14996085 -0.15146416 -0.05040433
v 0.16409539 -0.14571787 -0.05297488
v 0.17878878 -0.13784182 -0.05619898
v 0.20820475 -0.07133517 -0.07737224
v 0.22141838 -0.07001777 -0.07859915
v 0.23389801 -0.07164548 -0.07892483
v 0.24616571 -0.07411655 -0.07899230
v 0.25843561 -0.07658201 -0.07906153
v 0.27070901 -0.07903691 -0.07913405
v 0.28298318 -0.08149198 -0.07920657
v 0.29525802 -0.08394779 -0.07927892
v 0.30753359 -0.08640387 -0.07935125
v 0.31980991 -0.08886010 -0.07942358
v 0.33196777 -0.09176181 -0.07935910
v 0.34404686 -0.09495273 -0.07920569
v 0.35612437 -0.09814323 -0.07905231
v 0.36830059 -0.10096598 -0.07901190
v 0.38061088 -0.10329911 -0.07912211
v 0.39292237 -0.10563246 -0.07923234
v 0.40523505 -0.10796607 -0.07934255
v 0.41754887 -0.11030015 -0.07945271
v 0.42986384 -0.11263444 -0.07956288
v 0.44218001 -0.11496896 -0.07967306
v 0.45449740 -0.11730370 -0.07978325
v 0.46681598 -0.11963867 -0.07989345
v 0.47913569 -0.12197387 -0.08000366
v 0.49145669 -0.12430931 -0.08011388
v 0.50377882 -0.12664495 -0.08022412
v 0.51602489 -0.12924352 -0.08025321
v 0.52815413 -0.13223778 -0.08016007
v 0.54071933 -0.13376439 -0.08052053
v 0.55318803 -0.13562654 -0.08077749
v 0.56565917 -0.13749073 -0.08103400
v 0.57813305 -0.13935536 -0.08129057
v 0.59060973 -0.14122041 -0.08154721
v 0.60308921 -0.14308585 -0.08180389
v 0.61557156 -0.14495175 -0.08206064
v 0.62799406 -0.14702010 -0.08225482
v 0.64038575 -0.14919429 -0.08241635
v 0.65309566 -0.15035971 -0.08289084
v 0.66584903 -0.15140446 -0.08340311
v 0.67860818 -0.15244965 -0.08391562
v 0.69137299 -0.15349534 -0.08442836
v 0.70412481 -0.15460017 -0.08492310
v 0.71685594 -0.15578663 -0.08539284
v 0.72959226 -0.15697359 -0.08586278
v 0.74225324 -0.15840821 -0.08625605
v 0.75491619 -0.15985067 -0.08664717
v 0.76758349 -0.16129364 -0.08703842
v 0.78025514 -0.16273709 -0.08742981
v 0.79293281 -0.16417584 -0.08782296
v 0.80571383 -0.16531968 -0.08830825
v 0.81850028 -0.16646400 -0.08879376
v 0.83129209 -0.16760880 -0.08927947
v 0.84408939 -0.16875409 -0.08976538
v 0.85689217 -0.16989979 -0.09025154
v 0.86982071 -0.17069618 -0.09084706
v 0.88275605 -0.17149296 -0.09144290
v 0.89569801 -0.17229016 -0.09203903
v 0.90870941 -0.17290835 -0.09269154
v 0.92189640 -0.17304811 -0.09349407
v 0.93509263 -0.17318793 -0.09429716
v 0.94829798 -0.17332785 -0.09510081
v 0.96301407 -0.16925836 -0.09722213
v -0.98940402 -0.10829567 0.02244398
v -0.98007137 -0.13705981 0.03014708
v -0.97102094 -0.16794229 0.03847909
v -0.95957363 -0.17258069 0.03908928
v -0.94767225 -0.17243926 0.03829196
v -0.93576193 -0.17229772 0.03749405
v -0.92382658 -0.17199193 0.03664718
v -0.91182357 -0.17111139 0.03563022
v -0.89980930 -0.17023003 0.03461233
v -0.88778377 -0.16934784 0.03359346
v -0.87574685 -0.16846481 0.03257365
v -0.86369866 -0.16758096 0.03155287
v -0.85163903 -0.16669627 0.03053113
v -0.83956808 -0.16581075 0.02950842
v -0.82748580 -0.16492440 0.02848475
v -0.81539208 -0.16403720 0.02746012
v -0.80328691 -0.16314916 0.02643451
v -0.79117036 -0.16226028 0.02540794
v -0.77904230 -0.16137058 0.02438039
v -0.76692629 -0.16067444 0.02340945
v -0.75484169 -0.16032259 0.02253981
v -0.74273568 -0.15987571 0.02164138
v -0.73057920 -0.15910581 0.02064659
v -0.71841151 -0.15833519 0.01965088
v -0.70623267 -0.15756389 0.01865426
v -0.69404280 -0.15679188 0.01765673
v -0.68184167 -0.15601917 0.01665829
v -0.66962940 -0.15524574 0.01565893
v -0.65740597 -0.15447161 0.01465866
v -0.64517134 -0.15369676 0.01365747
v -0.63292545 -0.15292118 0.01265536
v -0.62066519 -0.15212263 0.01164570
v -0.60839081 -0.15130316 0.01062912
v -0.59610498 -0.15048292 0.00961158
v -0.58380777 -0.14966194 0.00859311
v -0.57149905 -0.14884019 0.00757368
v -0.55917889 -0.14801766 0.00655330
v -0.54684728 -0.14719439 0.00553198
v -0.53456867 -0.14679383 0.00463594
v -0.52228135 -0.14640221 0.00374195
v -0.50998676 -0.14602748 0.00285235
v -0.49768317 -0.14565878 0.00196392
v -0.48482916 -0.14527436 0.00102873
v -0.47300705 -0.14467679 0.00011214
v -0.46063155 -0.14405040 -0.00085518
v -0.44824514 -0.14342347 -0.00182336
v -0.43584785 -0.14279598 -0.00279239
v -0.42343962 -0.14216793 -0.00376227
v -0.41102046 -0.14153934 -0.00473301
v -0.39859036 -0.14091018 -0.00570460
v -0.38614932 -0.14028047 -0.00667704
v -0.37373802 -0.13988456 -0.00758017
v -0.36133003 -0.13956502 -0.00846106
v -0.34891212 -0.13924521 -0.00934265
v -0.33649781 -0.13900045 -0.01020237
v -0.32407579 -0.13876674 -0.01105939
v -0.31164420 -0.13853283 -0.01191708
v -0.29920289 -0.13829875 -0.01277543
v -0.28673735 -0.13798580 -0.01365808
v -0.27414837 -0.13706671 -0.01472339
v -0.26154733 -0.13614702 -0.01578965
v -0.24893418 -0.13522649 -0.01685692
v -0.23630196 -0.13426930 -0.01793597
v -0.22352232 -0.13261485 -0.01922550
v -0.21090966 -0.13188738 -0.02023706
v -0.19893821 -0.13446528 -0.02025450
v -0.18678279 -0.13612038 -0.02054979
v -0.17598620 -0.14455815 -0.01880241
v -0.16452686 -0.14962634 -0.01806902
v -0.15302895 -0.15446521 -0.01740424
v -0.14156130 -0.15941465 -0.01670565
v -0.13005127 -0.16412209 -0.01607954
v -0.11851189 -0.16865560 -0.01550546
v -0.10697848 -0.17318676 -0.01493168
v -0.09542418 -0.17758928 -0.01439633
v -0.08389977 -0.18210295 -0.01382703
v -0.07243685 -0.18687147 -0.01318031
v -0.06096449 -0.19156316 -0.01255635
v -0.04949861 -0.19625221 -0.01193275
v -0.03779579 -0.19983843 -0.01164228
v -0.02583984 -0.20227462 -0.01169961
v -0.01388328 -0.20471098 -0.01175693
v -0.00196008 -0.20729755 -0.01176880
v 0.01105548 -0.20509551 -0.01323127
v 0.02425208 -0.20217770 -0.01491169
v 0.03746873 -0.19925545 -0.01659467
v 0.05111505 -0.19457273 -0.01881273
v 0.06509500 -0.18857700 -0.02143069
v 0.07914355 -0.18241677 -0.02410048
v 0.09315959 -0.17651999 -0.02669220
v 0.10709669 -0.17107435 -0.02914879
v 0.12111488 -0.16540869 -0.03167399
v 0.13519192 -0.15961912 -0.03423867
v 0.14944540 -0.15322895 -0.03698779
v 0.16356958 -0.14748865 -0.03954126
v 0.17815877 -0.13999557 -0.04262983
v 0.20804241 -0.07158015 -0.06426221
v 0.22138146 -0.06974070 -0.06564067
v 0.23385392 -0.07137550 -0.06596196
v 0.24607047 -0.07402565 -0.06597415
v 0.25814828 -0.07721522 -0.06582192
v 0.27022451 -0.08040437 -0.06566972
v 0.28229910 -0.08359309 -0.06551754
v 0.29437190 -0.08678193 -0.06536520
v 0.30644310 -0.08997043 -0.06521288
v 0.31851262 -0.09315848 -0.06506056
v 0.33078575 -0.09557992 -0.06514230
v 0.34308422 -0.09791089 -0.06525175
v 0.35538387 -0.10024208 -0.06536121
v 0.36768469 -0.10257349 -0.06547068
v 0.37998676 -0.10490514 -0.06558016
v 0.39228994 -0.10723700 -0.06568965
v 0.40459433 -0.10956917 -0.06579913
v 0.41672245 -0.11253520 -0.06571458
v 0.42870364 -0.11601913 -0.06547131
v 0.44068226 -0.11950231 -0.06522810
v 0.45265833 -0.12298474 -0.06498495
v 0.46444720 -0.12643452 -0.06471596
v 0.47717175 -0.12797734 -0.06510316
v 0.48971206 -0.12950124 -0.06546076
v 0.50225627 -0.13102561 -0.06581847
v 0.51480454 -0.13255048 -0.06617630
v 0.52735668 -0.13407581 -0.06653424
v 0.53989595 -0.13565832 -0.06687487
v 0.55235529 -0.13752098 -0.06712961
v 0.56473607 -0.13965406 -0.06730137
v 0.57710743 -0.14182493 -0.06746163
v 0.58948052 -0.14399609 -0.06762191
v 0.60194671 -0.14586934 -0.06787404
v 0.61467201 -0.14691171 -0.06838229
v 0.62740290 -0.14795454 -0.06889075
v 0.64013952 -0.14899783 -0.06939945
v 0.65288192 -0.15004161 -0.06990838
v 0.66563004 -0.15108584 -0.07041753
v 0.67834240 -0.15226111 -0.07088663
v 0.69105905 -0.15343985 -0.07135499
v 0.70378101 -0.15461907 -0.07182355
v 0.71649152 -0.15585047 -0.07227633
v 0.72913939 -0.15729129 -0.07266473
v 0.74179155 -0.15873259 -0.07305326
v 0.75444812 -0.16017440 -0.07344194
v 0.76710892 -0.16161668 -0.07383073
v 0.77981168 -0.16294588 -0.07425483
v 0.79258156 -0.16408870 -0.07473693
v 0.80535680 -0.16523200 -0.07521924
v 0.81814462 -0.16635455 -0.07570834
v 0.83104914 -0.16714916 -0.07629943
v 0.84396034 -0.16794415 -0.07689085
v 0.85687828 -0.16873956 -0.07748257
v 0.86980295 -0.16953540 -0.07807458
v 0.88273430 -0.17033166 -0.07866692
v 0.89567232 -0.17112830 -0.07925957
v 0.90861714 -0.17192538 -0.07985251
v 0.92164868 -0.17249508 -0.08051654
v 0.93483973 -0.17263466 -0.08131478
v 0.94804001 -0.17277436 -0.08211358
v 0.96196461 -0.17090860 -0.08353683
v -0.98875314 -0.10573703 0.03418757
v -0.97942364 -0.13450764 0.04184843
v -0.97054148 -0.16716696 0.05065273
v -0.95912719 -0.17211051 0.05134900
v -0.94732410 -0.17294402 0.05084206
v -0.93541974 -0.17280275 0.05004919
v -0.92350668 -0.17266138 0.04925572
v -0.91155672 -0.17224388 0.04838077
v -0.89954937 -0.17136356 0.04736946
v -0.88753092 -0.17048243 0.04635720
v -0.87550092 -0.16960044 0.04534399
v -0.86345977 -0.16871765 0.04432982
v -0.85140723 -0.16783401 0.04331471
v -0.83934325 -0.16694957 0.04229863
v -0.82726800 -0.16606426 0.04128159
v -0.81518137 -0.16517814 0.04026360
v -0.80308330 -0.16429117 0.03924464
v -0.79097384 -0.16340336 0.03822473
v -0.77885288 -0.16251473 0.03720384
v -0.76672047 -0.16162525 0.03618201
v -0.75455886 -0.16058938 0.03511633
v -0.74236262 -0.15937123 0.03399621
v -0.73016346 -0.15822819 0.03289742
v -0.71796536 -0.15718949 0.03182863
v -0.70579308 -0.15644343 0.03084540
v -0.69360977 -0.15569672 0.02986128
v -0.68141544 -0.15494932 0.02887626
v -0.66920990 -0.15420066 0.02789018
v -0.65698421 -0.15338391 0.02688329
v -0.64474714 -0.15256639 0.02587547
v -0.63249868 -0.15174814 0.02486671
v -0.62023884 -0.15092909 0.02385702
v -0.60796767 -0.15010929 0.02284638
v -0.59568506 -0.14928874 0.02183481
v -0.58339101 -0.14846742 0.02082230
v -0.57108557 -0.14764534 0.01980884
v -0.55876869 -0.14682250 0.01879445
v -0.54644030 -0.14599888 0.01777910
v -0.53415781 -0.14555167 0.01687460
v -0.52187377 -0.14515968 0.01598583
v -0.50957972 -0.14476734 0.01509633
v -0.49727562 -0.14437468 0.01420611
v -0.48496151 -0.14398172 0.01331517
v -0.47263733 -0.14358844 0.01242349
v -0.46030307 -0.14319481 0.01153109
v -0.44796190 -0.14281988 0.01064361
v -0.43561146 -0.14244923 0.00975677
v -0.42325100 -0.14207828 0.00886921
v -0.41088054 -0.14170702 0.00798093
v -0.39850006 -0.14133547 0.00709193
v -0.38610950 -0.14096361 0.00620220
v -0.37374142 -0.14077854 0.00536746
v -0.36137307 -0.14064546 0.00454762
v -0.34899551 -0.14051232 0.00372717
v -0.33660695 -0.14036953 0.00290327
v -0.32417721 -0.14004999 0.00202607
v -0.31173757 -0.13973022 0.00114818
v -0.29928792 -0.13941017 0.00026958
v -0.28683388 -0.13911960 -0.00060084
v -0.27438062 -0.13888569 -0.00145497
v -0.26191774 -0.13865170 -0.00230972
v -0.24944519 -0.13841756 -0.00316514
v -0.23695460 -0.13813999 -0.00403414
v -0.22445378 -0.13786024 -0.00490442
v -0.21189284 -0.13732377 -0.00585212
v -0.19918309 -0.13608770 -0.00700984
v -0.18698159 -0.13748686 -0.00738015
v -0.17621830 -0.14603391 -0.00560896
v -0.16480139 -0.15127166 -0.00482850
v -0.15333426 -0.15622026 -0.00413413
v -0.14187436 -0.16116574 -0.00344019
v -0.13036568 -0.16583849 -0.00282754
v -0.11883406 -0.17036846 -0.00225729
v -0.10730843 -0.17489611 -0.00168733
v -0.09578875 -0.17942141 -0.00111766
v -0.08429077 -0.18401779 -0.00052624
v -0.07281984 -0.18870834 0.00009389
v -0.06135540 -0.19339621 0.00071368
v -0.04989741 -0.19808146 0.00133311
v -0.03816097 -0.20149137 0.00152407
v -0.02621757 -0.20393123 0.00151406
v -0.01426909 -0.20636596 0.00145712
v -0.00231998 -0.20880082 0.00140017
v 0.01061223 -0.20692824 0.00004585
v 0.02379926 -0.20401385 -0.00162332
v 0.03700631 -0.20109506 -0.00329503
v 0.05055026 -0.19681340 -0.00537885
v 0.06451897 -0.19082487 -0.00797900
v 0.07852066 -0.18482219 -0.01058529
v 0.09255226 -0.17881864 -0.01319371
v 0.10650499 -0.17326747 -0.01566742
v 0.12053864 -0.16749844 -0.01820873
v 0.13460451 -0.16171615 -0.02075587
v 0.14883608 -0.15537688 -0.02347321
v 0.16304451 -0.14925696 -0.02612618
v 0.17752971 -0.14214613 -0.02908081
v 0.19325627 -0.13021378 -0.03349655
v 0.21953328 -0.07664597 -0.05051881
v 0.23221806 -0.07737470 -0.05111152
v 0.24437901 -0.08017882 -0.05107596
v 0.25653961 -0.08298286 -0.05104040
v 0.26796308 -0.08863000 -0.05014294
v 0.27988628 -0.09232201 -0.04983775
v 0.29218942 -0.09455383 -0.04997529
v 0.30449405 -0.09678597 -0.05011284
v 0.31680018 -0.09901839 -0.05025040
v 0.32906291 -0.10141883 -0.05033704
v 0.34113926 -0.10451425 -0.05021260
v 0.35321429 -0.10760932 -0.05008817
v 0.36528802 -0.11070407 -0.04996376
v 0.37736037 -0.11379847 -0.04983936
v 0.38943139 -0.11689252 -0.04971498
v 0.40143570 -0.12022121 -0.04951909
v 0.41381368 -0.12220755 -0.04973176
v 0.42631280 -0.12377244 -0.05007295
v 0.43878937 -0.12543099 -0.05038585
v 0.45126939 -0.12708999 -0.05069884
v 0.46375284 -0.12874946 -0.05101191
v 0.47623977 -0.13040939 -0.05132508
v 0.48873022 -0.13206980 -0.05163833
v 0.50122410 -0.13373065 -0.05195166
v 0.51372153 -0.13539197 -0.05226509
v 0.52622235 -0.13705374 -0.05257860
v 0.53869861 -0.13881050 -0.05286332
v 0.55105484 -0.14097899 -0.05302239
v 0.56362873 -0.14243071 -0.05340075
v 0.57636434 -0.14347315 -0.05387596
v 0.58900028 -0.14464296 -0.05436983
v 0.60167342 -0.14581780 -0.05483387
v 0.61435175 -0.14699312 -0.05529810
v 0.62703526 -0.14816891 -0.05576252
v 0.63972408 -0.14934519 -0.05622714
v 0.65241814 -0.15052196 -0.05669194
v 0.66511738 -0.15169922 -0.05715694
v 0.67782182 -0.15287696 -0.05762213
v 0.69053155 -0.15405519 -0.05808751
v 0.70324647 -0.15523389 -0.05855308
v 0.71596670 -0.15641309 -0.05901884
v 0.72868460 -0.15761602 -0.05947766
v 0.74133039 -0.15905668 -0.05986375
v 0.75398046 -0.16049780 -0.06024995
v 0.76670796 -0.16171755 -0.06070456
v 0.77948064 -0.16281696 -0.06119652
v 0.79236120 -0.16360977 -0.06178321
v 0.80524844 -0.16440301 -0.06237022
v 0.81814235 -0.16519663 -0.06295753
v 0.83104295 -0.16599070 -0.06354515
v 0.84395033 -0.16678515 -0.06413306
v 0.85686427 -0.16758002 -0.06472128
v 0.86978501 -0.16837531 -0.06530982
v 0.88271248 -0.16917102 -0.06589865
v 0.89564663 -0.16996713 -0.06648780
v 0.90858757 -0.17076367 -0.06707723
v 0.92153519 -0.17156060 -0.06766699
v 0.93458694 -0.17208183 -0.06834240
v 0.94778204 -0.17222126 -0.06913634
v 0.96098644 -0.17236078 -0.06993085
v -0.98810232 -0.10317886 0.04592903
v -0.97877604 -0.13195594 0.05354767
v -0.97000325 -0.16575766 0.06263371
v -0.95865208 -0.17133434 0.06351042
v -0.94697636 -0.17344829 0.06337949
v -0.93507797 -0.17330727 0.06259164
v -0.92317069 -0.17316614 0.06180321
v -0.91125464 -0.17302491 0.06101419
v -0.89928979 -0.17249574 0.06011151
v -0.88727814 -0.17161568 0.05910584
v -0.87525535 -0.17073476 0.05809923
v -0.86322111 -0.16985302 0.05709166
v -0.85117561 -0.16897045 0.05608315
v -0.83911878 -0.16808704 0.05507368
v -0.82704598 -0.16716239 0.05405146
v -0.81494343 -0.16607745 0.05298167
v -0.80282885 -0.16499144 0.05191081
v -0.79070210 -0.16390434 0.05083889
v -0.77856332 -0.16281615 0.04976589
v -0.76640588 -0.16167304 0.04867607
v -0.75421232 -0.16033477 0.04752832
v -0.74200571 -0.15899508 0.04637936
v -0.72978616 -0.15765396 0.04522916
v -0.71758485 -0.15655746 0.04414988
v -0.70537692 -0.15550289 0.04308211
v -0.69315684 -0.15444727 0.04201329
v -0.68092465 -0.15339062 0.04094342
v -0.66868037 -0.15233290 0.03987249
v -0.65642387 -0.15127414 0.03880048
v -0.64416122 -0.15025806 0.03774026
v -0.63192350 -0.14950691 0.03675714
v -0.61967468 -0.14875507 0.03577313
v -0.60741472 -0.14800255 0.03478821
v -0.59514362 -0.14724936 0.03380241
v -0.58286124 -0.14649546 0.03281571
v -0.57056773 -0.14574088 0.03182810
v -0.55826300 -0.14498560 0.03083960
v -0.54594707 -0.14422965 0.02985019
v -0.53366810 -0.14378986 0.02895325
v -0.52139616 -0.14346130 0.02808847
v -0.50911444 -0.14313248 0.02722299
v -0.49682298 -0.14280340 0.02635683
v -0.48452166 -0.14247406 0.02548998
v -0.47221056 -0.14214446 0.02462243
v -0.45988962 -0.14181459 0.02375420
v -0.44755882 -0.14148445 0.02288527
v -0.43521816 -0.14115407 0.02201564
v -0.42285827 -0.14076701 0.02112865
v -0.41048691 -0.14037171 0.02023859
v -0.39810544 -0.13997608 0.01934780
v -0.38571748 -0.13960093 0.01846244
v -0.37335661 -0.13943928 0.01763966
v -0.36099136 -0.13930576 0.01682462
v -0.34862086 -0.13919464 0.01601563
v -0.33624259 -0.13909121 0.01520835
v -0.32385516 -0.13898771 0.01440048
v -0.31145856 -0.13888411 0.01359200
v -0.29905280 -0.13878044 0.01278293
v -0.28663784 -0.13867670 0.01197325
v -0.27421370 -0.13857289 0.01116298
v -0.26178035 -0.13846909 0.01035214
v -0.24933781 -0.13836524 0.00954070
v -0.23687544 -0.13820623 0.00871229
v -0.22440171 -0.13803719 0.00788031
v -0.21186785 -0.13760921 0.00697072
v -0.19921567 -0.13663438 0.00589778
v -0.18703035 -0.13806508 0.00554003
v -0.17621364 -0.14633042 0.00721690
v -0.16481847 -0.15164547 0.00801626
v -0.15332144 -0.15641721 0.00865432
v -0.14183110 -0.16118614 0.00929200
v -0.13029101 -0.16568053 0.00984828
v -0.11873492 -0.17006823 0.01037314
v -0.10718438 -0.17445385 0.01089775
v -0.09564011 -0.17884083 0.01142315
v -0.08410603 -0.18324742 0.01195477
v -0.07260516 -0.18777961 0.01252428
v -0.06111781 -0.19234398 0.01310383
v -0.04963654 -0.19690596 0.01368308
v -0.03787215 -0.20015833 0.01387115
v -0.02593512 -0.20262672 0.01382485
v -0.01399758 -0.20509520 0.01377855
v -0.00203521 -0.20745629 0.01370006
v 0.01082141 -0.20590059 0.01244867
v 0.02391575 -0.20337272 0.01090516
v 0.03702858 -0.20084128 0.00935947
v 0.05040615 -0.19725055 0.00749513
v 0.06420805 -0.19194458 0.00511509
v 0.07803995 -0.18662709 0.00272988
v 0.09194991 -0.18109679 0.00027910
v 0.10594054 -0.17534754 -0.00223918
v 0.11996325 -0.16958512 -0.00476323
v 0.13401814 -0.16380946 -0.00729308
v 0.14821945 -0.15755515 -0.00996860
v 0.16249357 -0.15113051 -0.01269725
v 0.17690158 -0.14429349 -0.01555190
v 0.19244400 -0.13305789 -0.01973190
v 0.20537785 -0.13235715 -0.02074439
v 0.21869251 -0.13020234 -0.02219538
v 0.23142563 -0.13038778 -0.02294260
v 0.24416734 -0.13057338 -0.02369031
v 0.25691760 -0.13075908 -0.02443853
v 0.26974210 -0.13069312 -0.02526316
v 0.28261897 -0.13046396 -0.02613762
v 0.29541984 -0.13056041 -0.02691446
v 0.30818123 -0.13083914 -0.02763686
v 0.32095084 -0.13111801 -0.02835973
v 0.33372873 -0.13139708 -0.02908306
v 0.34651497 -0.13167635 -0.02980687
v 0.35930949 -0.13195577 -0.03053114
v 0.37211233 -0.13223538 -0.03125589
v 0.38492349 -0.13251518 -0.03198111
v 0.39757624 -0.13339441 -0.03252546
v 0.41022697 -0.13430338 -0.03306121
v 0.42288375 -0.13521279 -0.03359722
v 0.43554661 -0.13612264 -0.03413349
v 0.44821557 -0.13703294 -0.03467001
v 0.46089059 -0.13794366 -0.03520679
v 0.47357169 -0.13885482 -0.03574382
v 0.48625946 -0.13976461 -0.03628167
v 0.49907652 -0.14025322 -0.03694772
v 0.51190126 -0.14074212 -0.03761417
v 0.52473360 -0.14123131 -0.03828102
v 0.53757364 -0.14172080 -0.03894827
v 0.55024338 -0.14280494 -0.03943527
v 0.56291145 -0.14391358 -0.03991519
v 0.57558489 -0.14502269 -0.04039530
v 0.58826375 -0.14613229 -0.04087562
v 0.60094810 -0.14724235 -0.04135615
v 0.61363786 -0.14835291 -0.04183688
v 0.62633312 -0.14946394 -0.04231783
v 0.63903373 -0.15057543 -0.04279897
v 0.65173990 -0.15168741 -0.04328033
v 0.66445142 -0.15279987 -0.04376189
v 0.67716849 -0.15391280 -0.04424365
v 0.68989098 -0.15502621 -0.04472562
v 0.70261896 -0.15614010 -0.04520781
v 0.71535236 -0.15725446 -0.04569019
v 0.72809124 -0.15836930 -0.04617279
v 0.74087262 -0.15937126 -0.04669024
v 0.75375676 -0.16007803 -0.04729830
v 0.76662004 -0.16086948 -0.04788092
v 0.77949005 -0.16166136 -0.04846383
v 0.79236668 -0.16245362 -0.04904706
v 0.80525005 -0.16324632 -0.04963058
v 0.81814009 -0.16403943 -0.05021440
v 0.83103675 -0.16483292 -0.05079853
v 0.84394026 -0.16562685 -0.05138296
v 0.85685033 -0.16642119 -0.05196770
v 0.86976719 -0.16721593 -0.05255274
v 0.88269073 -0.16801110 -0.05313808
v 0.89562100 -0.16880667 -0.05372373
v 0.90855795 -0.16960266 -0.05430968
v 0.92150170 -0.17039907 -0.05489593
v 0.93445212 -0.17119588 -0.05548250
v 0.94752443 -0.17166860 -0.05616912
v 0.96072352 -0.17180789 -0.05695877
v -0.98745173 -0.10062116 0.05766838
v -0.97812855 -0.12940469 0.06524483
v -0.96939570 -0.16360478 0.07439353
v -0.95817721 -0.17055866 0.07566382
v -0.94662899 -0.17395206 0.07590429
v -0.93473643 -0.17381129 0.07512144
v -0.92283505 -0.17367041 0.07433802
v -0.91092491 -0.17352943 0.07355403
v -0.89900601 -0.17338836 0.07276946
v -0.88701177 -0.17261246 0.07180025
v -0.87497443 -0.17153339 0.07074241
v -0.86292523 -0.17045328 0.06968352
v -0.85086387 -0.16937208 0.06862357
v -0.83879066 -0.16828981 0.06756257
v -0.82670534 -0.16720645 0.06650051
v -0.81460804 -0.16612202 0.06543741
v -0.80249870 -0.16503651 0.06437324
v -0.79037714 -0.16394994 0.06330800
v -0.77821624 -0.16263308 0.06217503
v -0.76604021 -0.16129655 0.06103554
v -0.75385118 -0.15995859 0.05989484
v -0.74164915 -0.15861923 0.05875292
v -0.72943407 -0.15727842 0.05760977
v -0.71720660 -0.15594076 0.05646675
v -0.70500273 -0.15488626 0.05540547
v -0.69278681 -0.15383071 0.05434314
v -0.68055886 -0.15277413 0.05327975
v -0.66831863 -0.15171647 0.05221531
v -0.65606642 -0.15065779 0.05114982
v -0.64380193 -0.14959805 0.05008326
v -0.63152534 -0.14853726 0.04901565
v -0.61923647 -0.14747541 0.04794697
v -0.60693544 -0.14641252 0.04687724
v -0.59462214 -0.14534855 0.04580643
v -0.58229655 -0.14428353 0.04473457
v -0.56996948 -0.14329022 0.04368293
v -0.55766582 -0.14253393 0.04269994
v -0.54535097 -0.14177693 0.04171605
v -0.53306240 -0.14126626 0.04080363
v -0.52079147 -0.14093673 0.03994365
v -0.50851077 -0.14060695 0.03908299
v -0.49622023 -0.14027689 0.03822164
v -0.48271921 -0.13991103 0.03729116
v -0.47157642 -0.13940854 0.03643600
v -0.45921823 -0.13884422 0.03550401
v -0.44684941 -0.13827942 0.03457123
v -0.43446988 -0.13771413 0.03363765
v -0.42207968 -0.13714837 0.03270325
v -0.40967882 -0.13658209 0.03176805
v -0.39726722 -0.13601536 0.03083205
v -0.38485256 -0.13549253 0.02990831
v -0.37248084 -0.13527693 0.02907433
v -0.36009958 -0.13506114 0.02823970
v -0.34770882 -0.13484521 0.02740443
v -0.33530852 -0.13462910 0.02656852
v -0.32295769 -0.13473941 0.02582823
v -0.31060746 -0.13489945 0.02510208
v -0.29824901 -0.13505960 0.02437543
v -0.28588226 -0.13521984 0.02364830
v -0.27350727 -0.13538019 0.02292068
v -0.26112410 -0.13554126 0.02219276
v -0.24873266 -0.13570245 0.02146435
v -0.23633292 -0.13586374 0.02073545
v -0.22391568 -0.13597773 0.01999206
v -0.21157788 -0.13654071 0.01938089
v -0.19888933 -0.13536301 0.01825440
v -0.18673114 -0.13691294 0.01793422
v -0.17594758 -0.14532508 0.01964504
v -0.16454697 -0.15059409 0.02042637
v -0.15305671 -0.15538046 0.02106529
v -0.14156994 -0.16014823 0.02169917
v -0.13002887 -0.16461952 0.02224561
v -0.11847633 -0.16900617 0.02276734
v -0.10692992 -0.17339347 0.02328965
v -0.09539062 -0.17778605 0.02381389
v -0.08386049 -0.18219341 0.02434288
v -0.07233757 -0.18660603 0.02487383
v -0.06084874 -0.19114718 0.02544334
v -0.04937080 -0.19570819 0.02601915
v -0.03758137 -0.19883136 0.02616795
v -0.02564750 -0.20129907 0.02612192
v -0.01369024 -0.20366493 0.02604556
v -0.00172207 -0.20598650 0.02595597
v 0.01115566 -0.20432466 0.02468044
v 0.02421750 -0.20192546 0.02318439
v 0.03732725 -0.19939364 0.02164776
v 0.05069474 -0.19583252 0.01980327
v 0.06449343 -0.19052637 0.01743719
v 0.07832211 -0.18520868 0.01506598
v 0.09213626 -0.18006659 0.01274545
v 0.10596757 -0.17496438 0.01043515
v 0.11982602 -0.16986018 0.00812259
v 0.13371377 -0.16474523 0.00580514
v 0.14771919 -0.15925941 0.00337524
v 0.16186646 -0.15331300 0.00080590
v 0.17628281 -0.14640383 -0.00205314
v 0.19180362 -0.13521622 -0.00619393
v 0.20419551 -0.13662697 -0.00656817
v 0.21670733 -0.13758242 -0.00707896
v 0.22942315 -0.13776295 -0.00782215
v 0.24216312 -0.13788302 -0.00858398
v 0.25491536 -0.13798971 -0.00935038
v 0.26767644 -0.13809648 -0.01011731
v 0.28044641 -0.13820340 -0.01088474
v 0.29322520 -0.13831043 -0.01165270
v 0.30601290 -0.13841753 -0.01242119
v 0.31880948 -0.13852471 -0.01319022
v 0.33161494 -0.13863195 -0.01395978
v 0.34445742 -0.13863569 -0.01476099
v 0.35737193 -0.13840961 -0.01563185
v 0.37029663 -0.13818336 -0.01650340
v 0.38310558 -0.13841224 -0.01723870
v 0.39574158 -0.13929351 -0.01777827
v 0.40849420 -0.13978055 -0.01843688
v 0.42125446 -0.14026788 -0.01909588
v 0.43402225 -0.14075550 -0.01975527
v 0.44679764 -0.14124341 -0.02041505
v 0.45958063 -0.14173160 -0.02107522
v 0.47237119 -0.14222009 -0.02173579
v 0.48516941 -0.14270888 -0.02239675
v 0.49797523 -0.14319795 -0.02305811
v 0.51078868 -0.14368731 -0.02371985
v 0.52360970 -0.14417696 -0.02438199
v 0.53643841 -0.14466691 -0.02504453
v 0.54916835 -0.14551279 -0.02560000
v 0.56185013 -0.14654005 -0.02610106
v 0.57454550 -0.14754166 -0.02661023
v 0.58724672 -0.14854373 -0.02711963
v 0.59995377 -0.14954627 -0.02762927
v 0.61266661 -0.15054926 -0.02813914
v 0.62538522 -0.15155271 -0.02864925
v 0.63810974 -0.15255661 -0.02915959
v 0.65084010 -0.15356098 -0.02967016
v 0.66357619 -0.15456581 -0.03018096
v 0.67633212 -0.15552716 -0.03070533
v 0.68911833 -0.15641278 -0.03125305
v 0.70191085 -0.15729883 -0.03180104
v 0.71470958 -0.15818533 -0.03234930
v 0.72751462 -0.15907227 -0.03289783
v 0.74032593 -0.15995964 -0.03344663
v 0.75320733 -0.16065307 -0.03405478
v 0.76616985 -0.16112177 -0.03473170
v 0.77914023 -0.16159074 -0.03540903
v 0.79211843 -0.16206001 -0.03608676
v 0.80510455 -0.16252956 -0.03676491
v 0.81809855 -0.16299939 -0.03744348
v 0.83103061 -0.16367586 -0.03805960
v 0.84393013 -0.16446926 -0.03864054
v 0.85683638 -0.16526304 -0.03922180
v 0.86974931 -0.16605726 -0.03980334
v 0.88266897 -0.16685188 -0.04038520
v 0.89559537 -0.16764691 -0.04096736
v 0.90852845 -0.16844237 -0.04154982
v 0.92146826 -0.16923821 -0.04213258
v 0.93441468 -0.17003448 -0.04271564
v 0.94736809 -0.17083119 -0.04329902
v 0.96046084 -0.17125539 -0.04399668
v -0.98680127 -0.09806390 0.06940561
v -0.97748119 -0.12685390 0.07693988
v -0.96878839 -0.16145250 0.08614999
v -0.95770270 -0.16978349 0.08780919
v -0.94628203 -0.17445530 0.08841643
v -0.93439525 -0.17431480 0.08763859
v -0.92249978 -0.17417417 0.08686019
v -0.91059554 -0.17403346 0.08608121
v -0.89868248 -0.17389263 0.08530165
v -0.88665825 -0.17277409 0.08423967
v -0.87461489 -0.17158902 0.08315776
v -0.86256939 -0.17049582 0.08210159
v -0.85051328 -0.16941512 0.08104829
v -0.83844519 -0.16833335 0.07999394
v -0.82636511 -0.16725048 0.07893854
v -0.81427288 -0.16616656 0.07788210
v -0.80215055 -0.16492470 0.07677926
v -0.79000491 -0.16359133 0.07564920
v -0.77784634 -0.16225655 0.07451794
v -0.76567483 -0.16092034 0.07338546
v -0.75349033 -0.15958270 0.07225179
v -0.74129283 -0.15824366 0.07111689
v -0.72908479 -0.15692291 0.06998652
v -0.71687895 -0.15571958 0.06888936
v -0.70466346 -0.15453756 0.06779761
v -0.69245434 -0.15349892 0.06674667
v -0.68023318 -0.15245923 0.06569467
v -0.66799992 -0.15141854 0.06464164
v -0.65575463 -0.15037681 0.06358758
v -0.64349723 -0.14933406 0.06253247
v -0.63122773 -0.14829026 0.06147632
v -0.61894608 -0.14724545 0.06041913
v -0.60665232 -0.14619960 0.05936089
v -0.59434634 -0.14515270 0.05830160
v -0.58202827 -0.14410479 0.05724126
v -0.56967413 -0.14289454 0.05613295
v -0.55723584 -0.14120376 0.05488399
v -0.54478306 -0.13951103 0.05363359
v -0.53234369 -0.13800009 0.05243524
v -0.51991332 -0.13663609 0.05127886
v -0.50746959 -0.13527063 0.05012124
v -0.49501246 -0.13390368 0.04896237
v -0.48259461 -0.13286722 0.04789907
v -0.47025010 -0.13236283 0.04699026
v -0.45789519 -0.13185801 0.04608069
v -0.44552985 -0.13135277 0.04517036
v -0.43315405 -0.13084711 0.04425925
v -0.42076772 -0.13034101 0.04334737
v -0.40837097 -0.12983449 0.04243471
v -0.39596370 -0.12932754 0.04152129
v -0.38358495 -0.12904705 0.04067346
v -0.37123325 -0.12897711 0.03988663
v -0.35887247 -0.12890710 0.03909922
v -0.34650269 -0.12883706 0.03831125
v -0.33412388 -0.12876695 0.03752270
v -0.32173604 -0.12869681 0.03673357
v -0.30933914 -0.12862661 0.03594387
v -0.29693320 -0.12855636 0.03515359
v -0.28483078 -0.12849541 0.03437451
v -0.27196196 -0.12771022 0.03336428
v -0.25958550 -0.12794609 0.03266210
v -0.24675946 -0.12835346 0.03187098
v -0.23476112 -0.12817194 0.03118400
v -0.22229138 -0.12805393 0.03037631
v -0.20990969 -0.12843290 0.02971413
v -0.19775665 -0.13000828 0.02940330
v -0.18643209 -0.13576144 0.03032123
v -0.17568341 -0.14432898 0.03206803
v -0.16425933 -0.14946300 0.03280530
v -0.15279213 -0.15434434 0.03346870
v -0.14130895 -0.15911096 0.03409877
v -0.12976690 -0.16355918 0.03463546
v -0.11821833 -0.16794679 0.03515467
v -0.10667703 -0.17234041 0.03567602
v -0.09514127 -0.17673188 0.03619711
v -0.08361509 -0.18114002 0.03672349
v -0.07209573 -0.18555157 0.03725126
v -0.06058197 -0.18996099 0.03777877
v -0.04910520 -0.19451109 0.03834823
v -0.03729074 -0.19750510 0.03845820
v -0.02533856 -0.19987574 0.03838396
v -0.01337431 -0.20219651 0.03829490
v -0.00140908 -0.20451744 0.03820584
v 0.01149338 -0.20273355 0.03690181
v 0.02453752 -0.20039874 0.03543374
v 0.03762577 -0.19794673 0.03392990
v 0.05098319 -0.19441520 0.03210513
v 0.06477867 -0.18910886 0.02975301
v 0.07856505 -0.18395618 0.02744475
v 0.09237324 -0.17882413 0.02514095
v 0.10620264 -0.17371494 0.02284228
v 0.12005832 -0.16860725 0.02054241
v 0.13394244 -0.16349237 0.01823873
v 0.14794244 -0.15801400 0.01582543
v 0.16202188 -0.15232730 0.01334849
v 0.17631464 -0.14589858 0.01064919
v 0.19157314 -0.13573834 0.00683837
v 0.20399739 -0.13699438 0.00642070
v 0.21648425 -0.13802293 0.00593504
v 0.22916959 -0.13829704 0.00522445
v 0.24186316 -0.13857132 0.00451340
v 0.25456494 -0.13884579 0.00380189
v 0.26727498 -0.13912043 0.00308992
v 0.28002024 -0.13929242 0.00234683
v 0.29278085 -0.13943900 0.00159563
v 0.30555022 -0.13958570 0.00084391
v 0.31832829 -0.13973248 0.00009168
v 0.33111516 -0.13987938 -0.00066106
v 0.34391072 -0.14002638 -0.00141432
v 0.35671508 -0.14017347 -0.00216809
v 0.36952823 -0.14032064 -0.00292239
v 0.38235015 -0.14046794 -0.00367719
v 0.39509812 -0.14091244 -0.00434366
v 0.40784860 -0.14137617 -0.00500486
v 0.42060670 -0.14184016 -0.00566646
v 0.43337244 -0.14230445 -0.00632845
v 0.44614583 -0.14276898 -0.00699084
v 0.45892695 -0.14323382 -0.00765363
v 0.47171313 -0.14370783 -0.00831416
v 0.48450565 -0.14418676 -0.00897368
v 0.49730578 -0.14466600 -0.00963360
v 0.51011360 -0.14514552 -0.01029391
v 0.52292907 -0.14562532 -0.01095461
v 0.53575212 -0.14610541 -0.01161571
v 0.54853708 -0.14673901 -0.01223118
v 0.56121868 -0.14773983 -0.01273675
v 0.57390612 -0.14874110 -0.01324256
v 0.58659935 -0.14974283 -0.01374859
v 0.59929836 -0.15074500 -0.01425485
v 0.61201990 -0.15169343 -0.01477767
v 0.62476784 -0.15257658 -0.01532052
v 0.63752198 -0.15346013 -0.01586364
v 0.65028238 -0.15434413 -0.01640703
v 0.66304910 -0.15522856 -0.01695068
v 0.67582208 -0.15611342 -0.01749460
v 0.68860126 -0.15699869 -0.01803878
v 0.70138675 -0.15788443 -0.01858324
v 0.71417856 -0.15877059 -0.01912796
v 0.72697657 -0.15965718 -0.01967295
v 0.73978096 -0.16054423 -0.02021820
v 0.75259155 -0.16143170 -0.02076373
v 0.76553541 -0.16193418 -0.02142602
v 0.77849829 -0.16240315 -0.02209893
v 0.79146898 -0.16287240 -0.02277225
v 0.80444753 -0.16334192 -0.02344598
v 0.81743389 -0.16381173 -0.02412012
v 0.83042818 -0.16428183 -0.02479467
v 0.84343034 -0.16475222 -0.02546962
v 0.85644048 -0.16522290 -0.02614499
v 0.86945832 -0.16569383 -0.02682076
v 0.88248420 -0.16616508 -0.02749695
v 0.89551806 -0.16663662 -0.02817355
v 0.90849888 -0.16728275 -0.02879765
v 0.92143476 -0.16807806 -0.02937692
v 0.93437737 -0.16887380 -0.02995650
v 0.94732672 -0.16966994 -0.03053637
v 0.96028286 -0.17046651 -0.03111655
v 0.97353244 -0.17046267 -0.03194050
v -0.98615080 -0.09550710 0.08114074
v -0.97683394 -0.12430356 0.08863283
v -0.96818113 -0.15930085 0.09790310
v -0.95722848 -0.16900884 0.09994656
v -0.94583720 -0.17394367 0.10062575
v -0.93405449 -0.17481779 0.10014314
v -0.92216492 -0.17467743 0.09936973
v -0.91026652 -0.17453697 0.09859575
v -0.89833814 -0.17419083 0.09776230
v -0.88631254 -0.17300764 0.09668835
v -0.87427473 -0.17182323 0.09561330
v -0.86222458 -0.17063764 0.09453715
v -0.85016292 -0.16945811 0.09346201
v -0.83810002 -0.16837683 0.09241430
v -0.82601553 -0.16720967 0.09134120
v -0.81390017 -0.16587946 0.09022052
v -0.80177528 -0.16457628 0.08910681
v -0.78965038 -0.16338116 0.08802339
v -0.77751309 -0.16218483 0.08693887
v -0.76536334 -0.16098727 0.08585321
v -0.75320107 -0.15978847 0.08476645
v -0.74102628 -0.15858845 0.08367857
v -0.72883898 -0.15738718 0.08258957
v -0.71663910 -0.15618469 0.08149945
v -0.70442665 -0.15498094 0.08040821
v -0.69220471 -0.15379943 0.07932260
v -0.67998934 -0.15276040 0.07827731
v -0.66776186 -0.15172035 0.07723100
v -0.65552235 -0.15067926 0.07618365
v -0.64327067 -0.14963715 0.07513526
v -0.63097394 -0.14835657 0.07401729
v -0.61860782 -0.14667395 0.07278239
v -0.60622740 -0.14498939 0.07154607
v -0.59383249 -0.14330286 0.07030831
v -0.58142322 -0.14161436 0.06906909
v -0.56899941 -0.13992390 0.06782845
v -0.55656117 -0.13823147 0.06658635
v -0.54410738 -0.13654292 0.06531820
v -0.53167951 -0.13509201 0.06417059
v -0.51924974 -0.13372867 0.06302122
v -0.50680649 -0.13236386 0.06187060
v -0.49434993 -0.13099758 0.06071874
v -0.48187989 -0.12962984 0.05956564
v -0.46939644 -0.12826061 0.05841131
v -0.45689949 -0.12688990 0.05725572
v -0.44438905 -0.12551771 0.05609888
v -0.43186510 -0.12414405 0.05494080
v -0.41932765 -0.12276890 0.05378146
v -0.40677658 -0.12139226 0.05262088
v -0.39415142 -0.11965942 0.05135592
v -0.38163018 -0.11861403 0.05028997
v -0.36913854 -0.11780915 0.04929322
v -0.35663754 -0.11701620 0.04829925
v -0.34412497 -0.11622252 0.04730435
v -0.33160082 -0.11542810 0.04630853
v -0.31906506 -0.11463296 0.04531179
v -0.30651775 -0.11383707 0.04431412
v -0.29395875 -0.11304045 0.04331553
v -0.28138816 -0.11224309 0.04231602
v -0.26880592 -0.11144505 0.04131560
v -0.25621203 -0.11064630 0.04031426
v -0.24360640 -0.10984681 0.03931199
v -0.23107505 -0.10949328 0.03843924
v -0.21877836 -0.11040061 0.03793421
v -0.20681407 -0.11303532 0.03793363
v -0.19581321 -0.12226623 0.04032218
v -0.18613322 -0.13461061 0.04270109
v -0.17541938 -0.14333349 0.04448332
v -0.16397189 -0.14833258 0.04517702
v -0.15251440 -0.15324365 0.04584546
v -0.14104810 -0.15807432 0.04649082
v -0.12950535 -0.16250078 0.04701823
v -0.11796204 -0.16689542 0.04753669
v -0.10642428 -0.17128797 0.04805489
v -0.09489208 -0.17567839 0.04857286
v -0.08336985 -0.18008728 0.04909660
v -0.07185403 -0.18449774 0.04962119
v -0.06034382 -0.18890607 0.05014552
v -0.04884919 -0.19329016 0.05086609
v -0.03698017 -0.19608876 0.05071525
v -0.02501985 -0.19840869 0.05062672
v -0.01305855 -0.20072880 0.05053819
v -0.00109625 -0.20304911 0.05044965
v 0.01183095 -0.20114316 0.04911755
v 0.02487231 -0.19880781 0.04765811
v 0.03793138 -0.19646931 0.04619669
v 0.05127148 -0.19299862 0.04440073
v 0.06502963 -0.18783744 0.04210537
v 0.07880527 -0.18271525 0.03981985
v 0.09255359 -0.17760438 0.03752633
v 0.10643587 -0.17247328 0.03524460
v 0.12029051 -0.16735502 0.03295530
v 0.13417099 -0.16224024 0.03066539
v 0.14816555 -0.15676929 0.02826865
v 0.16225004 -0.15104736 0.02579605
v 0.17657895 -0.14445865 0.02306553
v 0.19203444 -0.13349824 0.01904071
v 0.20418514 -0.13583173 0.01894423
v 0.21669452 -0.13675679 0.01843104
v 0.22927767 -0.13741668 0.01783900
v 0.24197789 -0.13764851 0.01711981
v 0.25468647 -0.13788047 0.01640015
v 0.26740345 -0.13811262 0.01568001
v 0.28012881 -0.13834496 0.01495943
v 0.29286253 -0.13857754 0.01423838
v 0.30560467 -0.13881026 0.01351685
v 0.31835523 -0.13904314 0.01279485
v 0.33111185 -0.13928494 0.01207497
v 0.34385976 -0.13959000 0.01137336
v 0.35661584 -0.13989525 0.01067129
v 0.36938012 -0.14020069 0.00996877
v 0.38215256 -0.14050633 0.00926580
v 0.39487284 -0.14102924 0.00862692
v 0.40759265 -0.14158073 0.00799608
v 0.42031971 -0.14213254 0.00736488
v 0.43305415 -0.14268468 0.00673331
v 0.44579595 -0.14323713 0.00610138
v 0.45854506 -0.14378990 0.00546909
v 0.47130153 -0.14434299 0.00483643
v 0.48406535 -0.14489640 0.00420341
v 0.49683654 -0.14545012 0.00357002
v 0.50961512 -0.14600417 0.00293626
v 0.52240103 -0.14655854 0.00230214
v 0.53519362 -0.14711557 0.00166836
v 0.54798371 -0.14770615 0.00104413
v 0.56067878 -0.14863664 0.00052099
v 0.57339567 -0.14951588 -0.00001785
v 0.58611870 -0.15039556 -0.00055696
v 0.59884799 -0.15127568 -0.00109632
v 0.61158347 -0.15215620 -0.00163595
v 0.62432528 -0.15303718 -0.00217585
v 0.63707328 -0.15391858 -0.00271601
v 0.64982760 -0.15480040 -0.00325643
v 0.66258812 -0.15568267 -0.00379712
v 0.67535490 -0.15656538 -0.00433808
v 0.68812799 -0.15744852 -0.00487930
v 0.70090729 -0.15833206 -0.00542079
v 0.71369296 -0.15921608 -0.00596254
v 0.72648484 -0.16010050 -0.00650456
v 0.73928303 -0.16098538 -0.00704685
v 0.75208753 -0.16187069 -0.00758940
v 0.76496524 -0.16255333 -0.00819325
v 0.77791870 -0.16302885 -0.00885980
v 0.79087991 -0.16350466 -0.00952676
v 0.80384892 -0.16398075 -0.01019411
v 0.81682587 -0.16445713 -0.01086187
v 0.82981068 -0.16493382 -0.01153003
v 0.84280330 -0.16541077 -0.01219860
v 0.85580373 -0.16588801 -0.01286757
v 0.86881208 -0.16636555 -0.01353694
v 0.88182831 -0.16684338 -0.01420672
v 0.89485240 -0.16732150 -0.01487691
v 0.90788436 -0.16779990 -0.01554750
v 0.92092419 -0.16827860 -0.01621850
v 0.93397200 -0.16875759 -0.01688990
v 0.94702762 -0.16923685 -0.01756171
v 0.96009123 -0.16971642 -0.01823393
v 0.97315294 -0.17022373 -0.01889827
v -0.98550051 -0.09295078 0.09287374
v -0.97618681 -0.12175369 0.10032368
v -0.96757418 -0.15714981 0.10965286
v -0.95675451 -0.16823469 0.11207592
v -0.94536728 -0.17316815 0.11275096
v -0.93371403 -0.17532028 0.11263507
v -0.92183030 -0.17518018 0.11186665
v -0.90993774 -0.17503996 0.11109766
v -0.89798737 -0.17442349 0.11019249
v -0.88596725 -0.17324097 0.10912539
v -0.87393486 -0.17205724 0.10805719
v -0.86189014 -0.17087230 0.10698791
v -0.84983319 -0.16968617 0.10591754
v -0.83781946 -0.16899741 0.10498834
v -0.82577026 -0.16808946 0.10399593
v -0.81367368 -0.16686679 0.10291295
v -0.80156457 -0.16564286 0.10182885
v -0.78944302 -0.16441765 0.10074364
v -0.77730894 -0.16319120 0.09965730
v -0.76516217 -0.16196346 0.09856983
v -0.75300294 -0.16073446 0.09748124
v -0.74083102 -0.15950418 0.09639152
v -0.72864658 -0.15827261 0.09530067
v -0.71644938 -0.15703978 0.09420869
v -0.70423955 -0.15580566 0.09311558
v -0.69201368 -0.15454467 0.09201399
v -0.67974162 -0.15303050 0.09083907
v -0.66740960 -0.15116958 0.08956389
v -0.65506268 -0.14930645 0.08828716
v -0.64272881 -0.14764509 0.08706746
v -0.63039017 -0.14604983 0.08586586
v -0.61803746 -0.14445277 0.08466289
v -0.60567069 -0.14285386 0.08345855
v -0.59328991 -0.14125316 0.08225285
v -0.58089495 -0.13965061 0.08104575
v -0.56848586 -0.13804625 0.07983730
v -0.55606264 -0.13644005 0.07862747
v -0.54362518 -0.13483202 0.07741624
v -0.53120619 -0.13343659 0.07626536
v -0.51877880 -0.13207266 0.07512274
v -0.50633806 -0.13070725 0.07397889
v -0.49388397 -0.12934038 0.07283380
v -0.48140234 -0.12788385 0.07166206
v -0.46876296 -0.12552918 0.07023051
v -0.45610651 -0.12317134 0.06879702
v -0.44343308 -0.12081034 0.06736162
v -0.43074256 -0.11844615 0.06592426
v -0.41803494 -0.11607878 0.06448499
v -0.40531012 -0.11370820 0.06304377
v -0.39258918 -0.11145771 0.06163621
v -0.37986514 -0.10928380 0.06024980
v -0.36712462 -0.10710707 0.05886160
v -0.35436758 -0.10492752 0.05747159
v -0.34159389 -0.10274513 0.05607978
v -0.32880366 -0.10055992 0.05468616
v -0.31617096 -0.09933574 0.05356985
v -0.30359530 -0.09849559 0.05256400
v -0.29100791 -0.09765466 0.05155722
v -0.27840871 -0.09681297 0.05054949
v -0.26579770 -0.09597058 0.04954084
v -0.25285757 -0.09510171 0.04850844
v -0.24031447 -0.09310045 0.04717741
v -0.22743173 -0.09103895 0.04581256
v -0.21502341 -0.09150282 0.04518015
v -0.20290940 -0.09350733 0.04499488
v -0.19331838 -0.10829736 0.04852522
v -0.18584241 -0.13350002 0.05508530
v -0.17515081 -0.14225753 0.05717287
v -0.16367975 -0.14717893 0.05753457
v -0.15221564 -0.15203984 0.05818469
v -0.14075676 -0.15688941 0.05883197
v -0.12918496 -0.16115889 0.05931076
v -0.11762141 -0.16544111 0.05979361
v -0.10606305 -0.16972139 0.06027624
v -0.09450992 -0.17399976 0.06075865
v -0.08295954 -0.17826475 0.06123752
v -0.07141411 -0.18252674 0.06171585
v -0.05987382 -0.18678682 0.06219396
v -0.04831088 -0.19091827 0.06263486
v -0.03637838 -0.19335604 0.06258138
v -0.02440986 -0.19563511 0.06248150
v -0.01244023 -0.19791441 0.06238161
v -0.00046949 -0.20019391 0.06228171
v 0.01245598 -0.19829240 0.06095880
v 0.02543673 -0.19621760 0.05958424
v 0.03843418 -0.19414014 0.05820791
v 0.05163786 -0.19124733 0.05659185
v 0.06527025 -0.18660387 0.05439956
v 0.07904536 -0.18147504 0.05218805
v 0.09284661 -0.17634211 0.04991144
v 0.10666897 -0.17123233 0.04763997
v 0.12052036 -0.16611256 0.04536395
v 0.13439943 -0.16098879 0.04308511
v 0.14838855 -0.15552527 0.04070490
v 0.16250010 -0.14967902 0.03821059
v 0.17684315 -0.14301948 0.03547556
v 0.19249560 -0.13125877 0.03123949
v 0.20592710 -0.12850477 0.02964810
v 0.21857244 -0.12892127 0.02898795
v 0.23106399 -0.12996995 0.02851330
v 0.24355324 -0.13104934 0.02804734
v 0.25605795 -0.13209006 0.02756967
v 0.26866737 -0.13275103 0.02697981
v 0.28128350 -0.13341270 0.02638973
v 0.29390642 -0.13407503 0.02579942
v 0.30653620 -0.13473770 0.02520879
v 0.31917283 -0.13540074 0.02461783
v 0.33181632 -0.13606414 0.02402655
v 0.34446672 -0.13672790 0.02343495
v 0.35712397 -0.13739201 0.02284304
v 0.36978814 -0.13805649 0.02225079
v 0.38242853 -0.13883227 0.02169100
v 0.39505959 -0.13966526 0.02114772
v 0.40777037 -0.14023647 0.02052664
v 0.42049143 -0.14079720 0.01990201
v 0.43321976 -0.14135826 0.01927703
v 0.44595540 -0.14191963 0.01865168
v 0.45869836 -0.14248133 0.01802598
v 0.47144863 -0.14304334 0.01739991
v 0.48420623 -0.14360569 0.01677349
v 0.49697119 -0.14416836 0.01614671
v 0.50974339 -0.14473134 0.01551956
v 0.52252299 -0.14529467 0.01489206
v 0.53530991 -0.14585830 0.01426420
v 0.54807711 -0.14651266 0.01366282
v 0.56074941 -0.14750621 0.01316172
v 0.57342750 -0.14850020 0.01266039
v 0.58611143 -0.14949466 0.01215884
v 0.59880114 -0.15048958 0.01165705
v 0.61149669 -0.15148495 0.01115503
v 0.62421364 -0.15243046 0.01063782
v 0.63695693 -0.15331139 0.01010100
v 0.64970636 -0.15419276 0.00956392
v 0.66246212 -0.15507454 0.00902657
v 0.67522418 -0.15595676 0.00848897
v 0.68799239 -0.15683942 0.00795110
v 0.70076698 -0.15772250 0.00741296
v 0.71354777 -0.15860602 0.00687456
v 0.72633481 -0.15948997 0.00633590
v 0.73912823 -0.16037437 0.00579697
v 0.75192791 -0.16125920 0.00525777
v 0.76485968 -0.16176230 0.00460416
v 0.77780861 -0.16223742 0.00394170
v 0.79076523 -0.16271281 0.00327885
v 0.80372977 -0.16318850 0.00261559
v 0.81670207 -0.16366449 0.00195194
v 0.82968229 -0.16414075 0.00128788
v 0.84267032 -0.16461731 0.00062342
v 0.85566616 -0.16509415 -0.00004144
v 0.86866993 -0.16557129 -0.00070670
v 0.88168156 -0.16604871 -0.00137236
v 0.89467931 -0.16658892 -0.00201969
v 0.90759516 -0.16738625 -0.00259037
v 0.92051762 -0.16818398 -0.00316137
v 0.93344676 -0.16898216 -0.00373264
v 0.94638270 -0.16978073 -0.00430423
v 0.95932531 -0.17057970 -0.00487610
v 0.97242880 -0.17089096 -0.00557136
v -0.98485035 -0.09039490 0.10460464
v -0.97553974 -0.11920426 0.11201244
v -0.96696740 -0.15499938 0.12139930
v -0.95628095 -0.16746105 0.12419730
v -0.94489759 -0.17239314 0.12486820
v -0.93337393 -0.17582227 0.12511444
v -0.92149597 -0.17568241 0.12435099
v -0.90960944 -0.17554246 0.12358699
v -0.89763689 -0.17465591 0.12261105
v -0.88562226 -0.17347407 0.12155079
v -0.87359530 -0.17229103 0.12048945
v -0.86155611 -0.17110677 0.11942702
v -0.84954327 -0.17027345 0.11846335
v -0.83757222 -0.16991453 0.11763357
v -0.82555848 -0.16926195 0.11671990
v -0.81350678 -0.16836992 0.11573761
v -0.80144370 -0.16747706 0.11475440
v -0.78933179 -0.16626580 0.11368006
v -0.77720600 -0.16504113 0.11260117
v -0.76506758 -0.16381520 0.11152116
v -0.75291228 -0.16255222 0.11042984
v -0.74074244 -0.16127384 0.10933339
v -0.72855985 -0.15999413 0.10823577
v -0.71636456 -0.15871307 0.10713702
v -0.70414573 -0.15734917 0.10601390
v -0.69189757 -0.15585937 0.10485414
v -0.67963588 -0.15436794 0.10369310
v -0.66733587 -0.15269117 0.10247840
v -0.65499675 -0.15083013 0.10121031
v -0.64264286 -0.14896685 0.09994069
v -0.63027394 -0.14710131 0.09866953
v -0.61789000 -0.14523350 0.09739682
v -0.60549110 -0.14336345 0.09612258
v -0.59307712 -0.14149110 0.09484679
v -0.58064812 -0.13961650 0.09356946
v -0.56819576 -0.13768370 0.09227458
v -0.55572569 -0.13573252 0.09097354
v -0.54320157 -0.13352263 0.08959758
v -0.53061795 -0.13102646 0.08813874
v -0.51803976 -0.12867501 0.08672028
v -0.50546587 -0.12645715 0.08533908
v -0.49287561 -0.12423640 0.08395607
v -0.48026887 -0.12201273 0.08257125
v -0.46764559 -0.11978617 0.08118463
v -0.45500576 -0.11755668 0.07979618
v -0.44234934 -0.11532425 0.07840590
v -0.42967635 -0.11308891 0.07701381
v -0.41698670 -0.11085063 0.07561989
v -0.40428039 -0.10860942 0.07422414
v -0.39155653 -0.10636037 0.07282514
v -0.37881589 -0.10410827 0.07142429
v -0.36605844 -0.10185320 0.07002158
v -0.35328418 -0.09959516 0.06861703
v -0.34049308 -0.09733415 0.06721063
v -0.32768509 -0.09507014 0.06580236
v -0.31486014 -0.09280314 0.06439223
v -0.30196410 -0.09023622 0.06289473
v -0.28898257 -0.08729944 0.06128963
v -0.27598140 -0.08435779 0.05968197
v -0.26297265 -0.08147555 0.05809029
v -0.25007173 -0.07926157 0.05669021
v -0.23715390 -0.07704469 0.05528829
v -0.22427170 -0.07509774 0.05396327
v -0.21210302 -0.07690572 0.05372135
v -0.20040233 -0.08111817 0.05417366
v -0.19287306 -0.10642404 0.06072021
v -0.18536979 -0.13147661 0.06719822
v -0.17464823 -0.14013159 0.06894018
v -0.16317903 -0.14499539 0.06958693
v -0.15171678 -0.14985622 0.07023330
v -0.14022273 -0.15452600 0.07082482
v -0.12860356 -0.15855992 0.07123268
v -0.11703596 -0.16281725 0.07170553
v -0.10547876 -0.16709776 0.07218543
v -0.09392678 -0.17137633 0.07266513
v -0.08237743 -0.17564091 0.07314109
v -0.07083313 -0.17990310 0.07361671
v -0.05927147 -0.18405998 0.07406212
v -0.04768521 -0.18808103 0.07446841
v -0.03572958 -0.19041091 0.07438398
v -0.02374308 -0.19260682 0.07426057
v -0.01177382 -0.19488589 0.07416124
v 0.00021274 -0.19709373 0.07404111
v 0.01317729 -0.19501948 0.07267584
v 0.02615851 -0.19294259 0.07130881
v 0.03913779 -0.19094343 0.06996343
v 0.05235244 -0.18800290 0.06834304
v 0.06595096 -0.18350942 0.06626932
v 0.07961599 -0.17883800 0.06414226
v 0.09330830 -0.17415725 0.06201097
v 0.10703210 -0.16944987 0.05987037
v 0.12078346 -0.16473280 0.05772542
v 0.13462678 -0.15974195 0.05549905
v 0.14863315 -0.15419331 0.05310832
v 0.16274999 -0.14831139 0.05061857
v 0.17710721 -0.14158103 0.04787927
v 0.19416295 -0.12420206 0.04202725
v 0.20978326 -0.11279105 0.03791504
v 0.22270210 -0.11221424 0.03696711
v 0.23496567 -0.11424548 0.03678121
v 0.24723132 -0.11627707 0.03659527
v 0.25939131 -0.11872508 0.03653107
v 0.27149829 -0.12137930 0.03652719
v 0.28360534 -0.12403359 0.03652332
v 0.29571238 -0.12668791 0.03651947
v 0.30809718 -0.12829821 0.03620963
v 0.32059258 -0.12950884 0.03578239
v 0.33309293 -0.13071994 0.03535499
v 0.34567985 -0.13163048 0.03483908
v 0.35830122 -0.13243730 0.03429236
v 0.37092894 -0.13324450 0.03374536
v 0.38356307 -0.13405213 0.03319809
v 0.39613172 -0.13511832 0.03272639
v 0.40867817 -0.13628411 0.03228363
v 0.42122969 -0.13745038 0.03184069
v 0.43378636 -0.13861713 0.03139757
v 0.44636181 -0.13973644 0.03094016
v 0.45907605 -0.14039107 0.03034564
v 0.47179723 -0.14104605 0.02975079
v 0.48452541 -0.14170140 0.02915563
v 0.49726060 -0.14235711 0.02856013
v 0.51000273 -0.14301316 0.02796431
v 0.52275187 -0.14366961 0.02736815
v 0.53550798 -0.14432639 0.02677168
v 0.54822361 -0.14514233 0.02622174
v 0.56086695 -0.14622030 0.02574874
v 0.57351583 -0.14729872 0.02527555
v 0.58619374 -0.14830019 0.02477926
v 0.59887975 -0.14929453 0.02428052
v 0.61157167 -0.15028934 0.02378154
v 0.62426931 -0.15128461 0.02328234
v 0.63697278 -0.15228032 0.02278291
v 0.64968216 -0.15327650 0.02228324
v 0.66239727 -0.15427312 0.02178336
v 0.67511833 -0.15527022 0.02128323
v 0.68785691 -0.15623078 0.02077192
v 0.70062673 -0.15711339 0.02023713
v 0.71340269 -0.15799643 0.01970208
v 0.72618496 -0.15887991 0.01916676
v 0.73897356 -0.15976380 0.01863119
v 0.75181770 -0.16049740 0.01805060
v 0.76475430 -0.16097182 0.01739263
v 0.77769858 -0.16144654 0.01673427
v 0.79065073 -0.16192155 0.01607550
v 0.80361062 -0.16239682 0.01541634
v 0.81654561 -0.16296986 0.01478577
v 0.82941324 -0.16376452 0.01422066
v 0.84228754 -0.16455962 0.01365526
v 0.85516846 -0.16535509 0.01308957
v 0.86805606 -0.16615099 0.01252358
v 0.88095033 -0.16694731 0.01195731
v 0.89385134 -0.16774404 0.01139073
v 0.90675884 -0.16854118 0.01082387
v 0.91967326 -0.16933873 0.01025671
v 0.93259424 -0.17013669 0.00968926
v 0.94552201 -0.17093508 0.00912151
v 0.95859981 -0.17133094 0.00843317
v 0.97234148 -0.16989571 0.00719737
v -0.97489280 -0.11665529 0.12369910
v -0.96636081 -0.15284956 0.13314237
v -0.95580775 -0.16668794 0.13631067
v -0.94442815 -0.17161864 0.13697743
v -0.93303412 -0.17632373 0.13758123
v -0.92116207 -0.17618415 0.13682275
v -0.90928137 -0.17604445 0.13606372
v -0.89728677 -0.17488813 0.13501801
v -0.88527757 -0.17370696 0.13396458
v -0.87325609 -0.17252459 0.13291007
v -0.86126059 -0.17169441 0.13195406
v -0.84928972 -0.17118897 0.13108891
v -0.83732527 -0.17083062 0.13026462
v -0.82534331 -0.17040126 0.12941976
v -0.81329864 -0.16951030 0.12844403
v -0.80124265 -0.16861852 0.12746739
v -0.78916311 -0.16762282 0.12646073
v -0.77706009 -0.16652775 0.12542529
v -0.76494348 -0.16541934 0.12438537
v -0.75279427 -0.16414396 0.12329753
v -0.74063236 -0.16286726 0.12220854
v -0.72845614 -0.16157684 0.12111490
v -0.71624237 -0.16009192 0.11996547
v -0.70401514 -0.15860538 0.11881477
v -0.69177353 -0.15711109 0.11766107
v -0.67950863 -0.15554111 0.11648512
v -0.66722977 -0.15396933 0.11530784
v -0.65489048 -0.15205364 0.11403225
v -0.64253408 -0.15012074 0.11275087
v -0.63016254 -0.14818545 0.11146792
v -0.61777568 -0.14624777 0.11018339
v -0.60537368 -0.14430775 0.10889728
v -0.59295636 -0.14236531 0.10760958
v -0.58050364 -0.14028269 0.10628118
v -0.56800663 -0.13800439 0.10489623
v -0.55549312 -0.13572310 0.10350944
v -0.54295659 -0.13339654 0.10210881
v -0.53037810 -0.13090134 0.10065922
v -0.51778227 -0.12840268 0.09920762
v -0.50516891 -0.12590057 0.09775402
v -0.49253812 -0.12339500 0.09629841
v -0.47988981 -0.12088594 0.09484077
v -0.46722400 -0.11837341 0.09338112
v -0.45454058 -0.11585739 0.09191944
v -0.44187924 -0.11357943 0.09052461
v -0.42920849 -0.11134340 0.08914075
v -0.41652116 -0.10910443 0.08775508
v -0.40381697 -0.10686146 0.08636728
v -0.39109540 -0.10461164 0.08497654
v -0.37835708 -0.10235886 0.08358397
v -0.36556229 -0.09987520 0.08212444
v -0.35267395 -0.09695595 0.08053936
v -0.33976629 -0.09403234 0.07895191
v -0.32683930 -0.09110434 0.07736208
v -0.31389287 -0.08817194 0.07576985
v -0.30092701 -0.08523516 0.07417524
v -0.28794172 -0.08229395 0.07257824
v -0.27493674 -0.07934770 0.07097865
v -0.26199332 -0.07682987 0.06950071
v -0.24901173 -0.07420170 0.06799007
v -0.23601171 -0.07156979 0.06647729
v -0.22316682 -0.06983606 0.06522111
v -0.21091895 -0.07125322 0.06486826
v -0.19993958 -0.07916913 0.06638084
v -0.19260024 -0.10542380 0.07316104
v -0.18489446 -0.12943929 0.07930281
v -0.17414580 -0.13794877 0.08099271
v -0.16267845 -0.14281251 0.08163573
v -0.15119460 -0.14755850 0.08224532
v -0.13968349 -0.15213732 0.08280727
v -0.12806584 -0.15617123 0.08321278
v -0.11645264 -0.16020361 0.08361815
v -0.10489456 -0.16447458 0.08409252
v -0.09334371 -0.16875321 0.08456943
v -0.08179539 -0.17301750 0.08504256
v -0.07023495 -0.17719989 0.08549240
v -0.05864507 -0.18122277 0.08589657
v -0.04705963 -0.18524410 0.08630058
v -0.03508269 -0.18747441 0.08618795
v -0.02309339 -0.18965521 0.08606094
v -0.01110745 -0.19185759 0.08594008
v 0.00093359 -0.19382291 0.08575064
v 0.01389860 -0.19174658 0.08439287
v 0.02685981 -0.18975668 0.08305914
v 0.03983451 -0.18777658 0.08172728
v 0.05307849 -0.18470928 0.08007988
v 0.06663342 -0.18040128 0.07807218
v 0.08029179 -0.17575651 0.07596553
v 0.09398454 -0.17107219 0.07384591
v 0.10770869 -0.16636162 0.07171716
v 0.12146035 -0.16164158 0.06958414
v 0.13521245 -0.15702368 0.06747919
v 0.14909104 -0.15199168 0.06525262
v 0.16314596 -0.14635251 0.06284825
v 0.17747770 -0.13971473 0.06015228
v 0.20175113 -0.09349589 0.04596051
v 0.21483040 -0.09235141 0.04485227
v 0.22716750 -0.09418283 0.04460802
v 0.23892349 -0.09829962 0.04502795
v 0.25107133 -0.10087392 0.04499963
v 0.26322156 -0.10344020 0.04496894
v 0.27537215 -0.10600656 0.04493826
v 0.28752309 -0.10857305 0.04490760
v 0.29965764 -0.11120291 0.04489537
v 0.31178465 -0.11386159 0.04489152
v 0.32391176 -0.11652026 0.04488767
v 0.33603886 -0.11917896 0.04488383
v 0.34816602 -0.12183768 0.04487998
v 0.36047947 -0.12381383 0.04467700
v 0.37300530 -0.12502551 0.04425075
v 0.38553607 -0.12623769 0.04382434
v 0.39800426 -0.12769310 0.04346866
v 0.41041863 -0.12935618 0.04317339
v 0.42283636 -0.13101971 0.04287804
v 0.43525752 -0.13268369 0.04258262
v 0.44768208 -0.13434812 0.04228711
v 0.46011004 -0.13601303 0.04199152
v 0.47265208 -0.13729495 0.04158362
v 0.48523208 -0.13846286 0.04114204
v 0.49781722 -0.13963124 0.04070027
v 0.51050657 -0.14046305 0.04015956
v 0.52325445 -0.14111871 0.03956682
v 0.53600937 -0.14177471 0.03897376
v 0.54869169 -0.14269707 0.03845839
v 0.56133366 -0.14377438 0.03798812
v 0.57398099 -0.14485215 0.03751764
v 0.58663398 -0.14593038 0.03704696
v 0.59929240 -0.14700909 0.03657607
v 0.61195636 -0.14808828 0.03610498
v 0.62462574 -0.14916791 0.03563369
v 0.63730073 -0.15024802 0.03516218
v 0.64998120 -0.15132862 0.03469047
v 0.66266727 -0.15240967 0.03421856
v 0.67535877 -0.15349120 0.03374644
v 0.68805587 -0.15457320 0.03327411
v 0.70075852 -0.15565567 0.03280158
v 0.71346515 -0.15674347 0.03233027
v 0.72615093 -0.15791295 0.03188271
v 0.73884201 -0.15908293 0.03143495
v 0.75156939 -0.16015846 0.03095901
v 0.76439571 -0.16095090 0.03039915
v 0.77722865 -0.16174373 0.02983901
v 0.79006827 -0.16253696 0.02927857
v 0.80291450 -0.16333063 0.02871785
v 0.81576735 -0.16412470 0.02815684
v 0.82862687 -0.16491918 0.02759553
v 0.84149295 -0.16571406 0.02703394
v 0.85436583 -0.16650937 0.02647205
v 0.86724532 -0.16730507 0.02590988
v 0.88013142 -0.16810119 0.02534741
v 0.89302415 -0.16889772 0.02478465
v 0.90592366 -0.16969468 0.02422160
v 0.91882980 -0.17049202 0.02365826
v 0.93174267 -0.17128982 0.02309463
v 0.94477457 -0.17177095 0.02243664
v 0.95795375 -0.17186046 0.02166194
v 0.97223067 -0.16890934 0.01998387
v -0.97424603 -0.11410679 0.13538367
v -0.96575433 -0.15070035 0.14488210
v -0.95533472 -0.16591531 0.14841607
v -0.94395918 -0.17084466 0.14907873
v -0.93259084 -0.17577082 0.14974090
v -0.92082852 -0.17668536 0.14928196
v -0.90892851 -0.17629944 0.14845896
v -0.89693695 -0.17512013 0.14741339
v -0.88493317 -0.17393963 0.14636676
v -0.87295693 -0.17313088 0.14542350
v -0.86098480 -0.17246099 0.14451846
v -0.84903646 -0.17210348 0.14370032
v -0.83707869 -0.17174569 0.14288153
v -0.82511127 -0.17138761 0.14206207
v -0.81309080 -0.17064935 0.14113542
v -0.80103266 -0.16967957 0.14014317
v -0.78894842 -0.16858669 0.13911566
v -0.77685213 -0.16749272 0.13808714
v -0.76474375 -0.16639763 0.13705757
v -0.75263643 -0.16540818 0.13605696
v -0.74050212 -0.16429566 0.13502106
v -0.72828168 -0.16259563 0.13381925
v -0.71605498 -0.16095658 0.13263375
v -0.70382404 -0.15939136 0.13146819
v -0.69157934 -0.15782437 0.13030131
v -0.67932081 -0.15625563 0.12913314
v -0.66704839 -0.15468509 0.12796362
v -0.65472394 -0.15283154 0.12671354
v -0.64237416 -0.15090017 0.12544066
v -0.63000923 -0.14896642 0.12416619
v -0.61762446 -0.14699757 0.12288095
v -0.60518199 -0.14472918 0.12151028
v -0.59272313 -0.14245781 0.12013780
v -0.58024776 -0.14018343 0.11876351
v -0.56775594 -0.13790604 0.11738740
v -0.55524755 -0.13562566 0.11600947
v -0.54271179 -0.13327056 0.11460947
v -0.53013843 -0.13077633 0.11316912
v -0.51754779 -0.12827864 0.11172679
v -0.50493968 -0.12577751 0.11028247
v -0.49231404 -0.12327290 0.10883613
v -0.47967091 -0.12076483 0.10738780
v -0.46701482 -0.11828112 0.10594534
v -0.45434254 -0.11580222 0.10450324
v -0.44165286 -0.11331993 0.10305914
v -0.42894560 -0.11083419 0.10161305
v -0.41621915 -0.10833473 0.10016205
v -0.40346822 -0.10579149 0.09869760
v -0.39069241 -0.10320313 0.09721930
v -0.37789863 -0.10061112 0.09573892
v -0.36508679 -0.09801547 0.09425645
v -0.35225707 -0.09541698 0.09277213
v -0.33940959 -0.09281684 0.09128630
v -0.32654399 -0.09021303 0.08979836
v -0.31366020 -0.08760554 0.08830832
v -0.30075821 -0.08499438 0.08681618
v -0.28783798 -0.08237951 0.08532193
v -0.27489933 -0.07976028 0.08382536
v -0.26194084 -0.07712917 0.08232435
v -0.24896309 -0.07448982 0.08081993
v -0.23596689 -0.07184672 0.07931337
v -0.22316810 -0.07032161 0.07812455
v -0.21083716 -0.07127822 0.07764282
v -0.20032406 -0.08154605 0.07981784
v -0.19242117 -0.10489810 0.08572948
v -0.18441926 -0.12740263 0.09140333
v -0.17364351 -0.13576658 0.09304167
v -0.16216953 -0.14058836 0.09366896
v -0.15065937 -0.14519680 0.09423570
v -0.13914439 -0.14974923 0.09478682
v -0.12752825 -0.15378311 0.09519000
v -0.11591655 -0.15781546 0.09559302
v -0.10431048 -0.16185185 0.09599748
v -0.09276064 -0.16613007 0.09647150
v -0.08120134 -0.17033798 0.09692570
v -0.06960783 -0.17436270 0.09732774
v -0.05801876 -0.17838588 0.09772962
v -0.04642322 -0.18235791 0.09811711
v -0.03443587 -0.18453817 0.09799084
v -0.02244707 -0.18671869 0.09786455
v -0.01045684 -0.18889947 0.09773824
v 0.00165443 -0.19055210 0.09746016
v 0.01459762 -0.18857144 0.09613801
v 0.02755626 -0.18659188 0.09481523
v 0.04053120 -0.18460983 0.09349079
v 0.05380455 -0.18141568 0.09181678
v 0.06736019 -0.17710452 0.08982018
v 0.08096755 -0.17267521 0.08778814
v 0.09466080 -0.16798708 0.08568014
v 0.10838525 -0.16327354 0.08356328
v 0.12211120 -0.15865813 0.08147319
v 0.13581522 -0.15423518 0.07943708
v 0.14967914 -0.14925903 0.07723998
v 0.16371073 -0.14371003 0.07487608
v 0.17811322 -0.13678266 0.07211274
v 0.20599458 -0.07614710 0.05384456
v 0.21868740 -0.07663126 0.05321177
v 0.23130393 -0.07744573 0.05267395
v 0.24338186 -0.08039333 0.05275213
v 0.25529352 -0.08398347 0.05301609
v 0.26706335 -0.08810902 0.05343508
v 0.27901527 -0.09151706 0.05364681
v 0.29118454 -0.09408723 0.05361622
v 0.30335414 -0.09665748 0.05358565
v 0.31552413 -0.09922783 0.05355508
v 0.32769442 -0.10179825 0.05352450
v 0.33986506 -0.10436874 0.05349392
v 0.35194343 -0.10728096 0.05356239
v 0.36400017 -0.11026949 0.05365304
v 0.37605590 -0.11325777 0.05374368
v 0.38811055 -0.11624579 0.05383432
v 0.40014857 -0.11928988 0.05394129
v 0.41230819 -0.12189484 0.05392081
v 0.42475697 -0.12347355 0.05360216
v 0.43717191 -0.12518528 0.05332194
v 0.44959009 -0.12689745 0.05304164
v 0.46201155 -0.12861007 0.05276126
v 0.47443622 -0.13032316 0.05248082
v 0.48686412 -0.13203667 0.05220030
v 0.49929529 -0.13375063 0.05191971
v 0.51172972 -0.13546504 0.05163905
v 0.52416736 -0.13717990 0.05135830
v 0.53660828 -0.13889520 0.05107750
v 0.54897773 -0.14086080 0.05086946
v 0.56152815 -0.14223340 0.05048830
v 0.57417607 -0.14329866 0.05001718
v 0.58679980 -0.14446229 0.04957444
v 0.59942865 -0.14562640 0.04913151
v 0.61206281 -0.14679100 0.04868840
v 0.62470210 -0.14795607 0.04824511
v 0.63734663 -0.14912163 0.04780163
v 0.64999634 -0.15028764 0.04735797
v 0.66265130 -0.15145417 0.04691413
v 0.67531145 -0.15262115 0.04647011
v 0.68797690 -0.15378864 0.04602590
v 0.70064753 -0.15495658 0.04558151
v 0.71332335 -0.15612502 0.04513694
v 0.72600442 -0.15729395 0.04469218
v 0.73862302 -0.15867139 0.04430823
v 0.75123042 -0.16009732 0.04393822
v 0.76386023 -0.16146871 0.04355194
v 0.77657449 -0.16259904 0.04309463
v 0.78930718 -0.16369078 0.04262564
v 0.80214524 -0.16448423 0.04206871
v 0.81499004 -0.16527812 0.04151149
v 0.82784146 -0.16607240 0.04095398
v 0.84069943 -0.16686709 0.04039618
v 0.85356420 -0.16766222 0.03983809
v 0.86643559 -0.16845775 0.03927972
v 0.87931353 -0.16925366 0.03872105
v 0.89219820 -0.17005001 0.03816210
v 0.90508950 -0.17084676 0.03760286
v 0.91798753 -0.17164393 0.03704333
v 0.93097371 -0.17221014 0.03641529
v 0.94413638 -0.17229974 0.03564626
v 0.95730853 -0.17238942 0.03487665
v 0.97211987 -0.16792361 0.03276204
v -0.97359931 -0.11155875 0.14706612
v -0.96514797 -0.14855175 0.15661851
v -0.95486206 -0.16514321 0.16051352
v -0.94349039 -0.17007118 0.16117203
v -0.93212599 -0.17499596 0.16183010
v -0.92049527 -0.17718609 0.16172864
v -0.90857363 -0.17653054 0.16083598
v -0.89658755 -0.17535193 0.15979721
v -0.88463032 -0.17456454 0.15886657
v -0.87266719 -0.17382129 0.15794756
v -0.86071944 -0.17332001 0.15709528
v -0.84877956 -0.17298077 0.15628752
v -0.83683020 -0.17264125 0.15547912
v -0.82487142 -0.17230146 0.15467009
v -0.81287998 -0.17175886 0.15380396
v -0.80082911 -0.17079312 0.15281920
v -0.78876662 -0.16982645 0.15183349
v -0.77669257 -0.16885884 0.15084684
v -0.76460683 -0.16789031 0.14985923
v -0.75250947 -0.16692083 0.14887068
v -0.74034750 -0.16552557 0.14776248
v -0.72813433 -0.16382729 0.14656879
v -0.71590692 -0.16212702 0.14537373
v -0.70366526 -0.16042478 0.14417729
v -0.69140935 -0.15872055 0.14297944
v -0.67913920 -0.15701434 0.14178020
v -0.66686732 -0.15540011 0.14060585
v -0.65455759 -0.15360859 0.13938105
v -0.64217901 -0.15142171 0.13804461
v -0.62977439 -0.14916021 0.13668633
v -0.61735725 -0.14692271 0.13533381
v -0.60492688 -0.14470378 0.13398556
v -0.59248024 -0.14248195 0.13263553
v -0.58001739 -0.14025722 0.13128376
v -0.56753820 -0.13802959 0.12993021
v -0.55504262 -0.13579902 0.12857489
v -0.54251486 -0.13346080 0.12718837
v -0.52995276 -0.13100374 0.12576747
v -0.51737332 -0.12854330 0.12434460
v -0.50477672 -0.12607948 0.12291981
v -0.49216270 -0.12361228 0.12149303
v -0.47953144 -0.12114169 0.12006431
v -0.46688277 -0.11866769 0.11863361
v -0.45421535 -0.11618241 0.11719874
v -0.44152823 -0.11367970 0.11575792
v -0.42882350 -0.11117352 0.11431512
v -0.41610119 -0.10866386 0.11287032
v -0.40335476 -0.10611237 0.11141270
v -0.39058506 -0.10352548 0.10994405
v -0.37779739 -0.10093496 0.10847334
v -0.36499172 -0.09834079 0.10700057
v -0.35216799 -0.09574297 0.10552571
v -0.33932620 -0.09314149 0.10404878
v -0.32646629 -0.09053639 0.10256977
v -0.31358829 -0.08792792 0.10108878
v -0.30069149 -0.08531256 0.09960478
v -0.28777468 -0.08268419 0.09811605
v -0.27483952 -0.08005168 0.09662508
v -0.26188600 -0.07741543 0.09513199
v -0.24891406 -0.07477543 0.09363680
v -0.23595834 -0.07231325 0.09219091
v -0.22356452 -0.07285938 0.09159670
v -0.21317463 -0.08376208 0.09393866
v -0.20263854 -0.09377639 0.09603027
v -0.19261029 -0.10623594 0.09881721
v -0.18394423 -0.12536669 0.10349976
v -0.17314138 -0.13358505 0.10508705
v -0.16163287 -0.13822719 0.10565965
v -0.15012430 -0.14283569 0.10622309
v -0.13860543 -0.14736173 0.10676349
v -0.12699078 -0.15139557 0.10716432
v -0.11538059 -0.15542789 0.10756501
v -0.10377482 -0.15945865 0.10796553
v -0.09217073 -0.16347480 0.10836218
v -0.08057395 -0.16750304 0.10876256
v -0.06898162 -0.17152974 0.10916279
v -0.05739372 -0.17555490 0.10956285
v -0.04577757 -0.17942962 0.10992032
v -0.03379089 -0.18161030 0.10979496
v -0.02180278 -0.18379125 0.10966959
v -0.00981323 -0.18597247 0.10954420
v 0.00236361 -0.18733284 0.10918439
v 0.01529197 -0.18541674 0.10788864
v 0.02825139 -0.18343280 0.10657258
v 0.04122714 -0.18144637 0.10525486
v 0.05450685 -0.17812453 0.10357680
v 0.06808696 -0.17380776 0.10156822
v 0.08166902 -0.16948530 0.09957898
v 0.09533702 -0.16490214 0.09751369
v 0.10903691 -0.16028921 0.09543841
v 0.12271426 -0.15587239 0.09341779
v 0.13641790 -0.15144709 0.09139329
v 0.15029015 -0.14643309 0.08919863
v 0.16427541 -0.14106806 0.08690173
v 0.17874867 -0.13385090 0.08407197
v 0.20699756 -0.07174109 0.06549075
v 0.22022322 -0.07011856 0.06425700
v 0.23286064 -0.07087226 0.06370463
v 0.24490158 -0.07398635 0.06382982
v 0.25690219 -0.07725140 0.06399848
v 0.26890090 -0.08051592 0.06416710
v 0.28089771 -0.08377993 0.06433570
v 0.29289278 -0.08704303 0.06450417
v 0.30488595 -0.09030540 0.06467254
v 0.31698418 -0.09316503 0.06472510
v 0.32921594 -0.09552346 0.06463339
v 0.34144875 -0.09788210 0.06454167
v 0.35368261 -0.10024094 0.06444994
v 0.36591169 -0.10262138 0.06436437
v 0.37797433 -0.10561172 0.06445461
v 0.39003596 -0.10860182 0.06454484
v 0.40209317 -0.11160388 0.06463860
v 0.41410166 -0.11477602 0.06478152
v 0.42610854 -0.11794773 0.06492443
v 0.43811381 -0.12111902 0.06506731
v 0.45011744 -0.12428988 0.06521017
v 0.46238771 -0.12652497 0.06508261
v 0.47485372 -0.12808713 0.06476034
v 0.48732352 -0.12964976 0.06443798
v 0.49979699 -0.13121286 0.06411551
v 0.51227427 -0.13277644 0.06379295
v 0.52475530 -0.13434048 0.06347030
v 0.53720397 -0.13602677 0.06318282
v 0.54957229 -0.13799322 0.06297633
v 0.56192440 -0.14002196 0.06278776
v 0.57427871 -0.14205106 0.06259915
v 0.58663517 -0.14408053 0.06241051
v 0.59913582 -0.14564630 0.06208715
v 0.61180305 -0.14668390 0.06161019
v 0.62447590 -0.14772195 0.06113301
v 0.63715446 -0.14876047 0.06065562
v 0.64983863 -0.14979945 0.06017802
v 0.66252846 -0.15083888 0.05970021
v 0.67518401 -0.15200485 0.05925884
v 0.68784475 -0.15317178 0.05881744
v 0.70051062 -0.15433916 0.05837585
v 0.71318167 -0.15550703 0.05793409
v 0.72579467 -0.15687133 0.05754921
v 0.73839253 -0.15829612 0.05718168
v 0.75099474 -0.15972142 0.05681403
v 0.76360136 -0.16114719 0.05644626
v 0.77621216 -0.16257346 0.05607836
v 0.78890306 -0.16377275 0.05564394
v 0.80162221 -0.16490351 0.05518921
v 0.81434667 -0.16603476 0.05473428
v 0.82707649 -0.16716647 0.05427914
v 0.83990693 -0.16801871 0.05374201
v 0.85276353 -0.16881365 0.05318772
v 0.86562675 -0.16960898 0.05263313
v 0.87849665 -0.17040472 0.05207827
v 0.89137322 -0.17120087 0.05152310
v 0.90425634 -0.17199743 0.05096766
v 0.91719735 -0.17264856 0.05036922
v 0.93034345 -0.17273825 0.04960581
v 0.94349897 -0.17282799 0.04884185
v 0.95666379 -0.17291778 0.04807736
v -0.97295278 -0.10901115 0.15874650
v -0.96454191 -0.14640377 0.16835155
v -0.95438975 -0.16437161 0.17260298
v -0.94302189 -0.16929820 0.17325738
v -0.93166149 -0.17422163 0.17391133
v -0.92016232 -0.17768632 0.17416281
v -0.90821910 -0.17676146 0.17320144
v -0.89628094 -0.17599539 0.17228334
v -0.88431954 -0.17510948 0.17133142
v -0.87234575 -0.17421159 0.17037556
v -0.86038423 -0.17353073 0.16947906
v -0.84844977 -0.17319171 0.16867657
v -0.83650583 -0.17285244 0.16787346
v -0.82455248 -0.17251289 0.16706970
v -0.81259906 -0.17225453 0.16628788
v -0.80057096 -0.17143409 0.16534971
v -0.78853029 -0.17060031 0.16440716
v -0.77647847 -0.16976595 0.16346382
v -0.76441550 -0.16893086 0.16251959
v -0.75234133 -0.16809495 0.16157450
v -0.74016720 -0.16654597 0.16043071
v -0.72795677 -0.16481608 0.15923588
v -0.71573198 -0.16308413 0.15803964
v -0.70349288 -0.16135018 0.15684199
v -0.69123942 -0.15961418 0.15564296
v -0.67897069 -0.15786956 0.15444066
v -0.66668093 -0.15607387 0.15322332
v -0.65434229 -0.15402392 0.15193434
v -0.64196205 -0.15178265 0.15059118
v -0.62956554 -0.14953844 0.14924626
v -0.61715662 -0.14731865 0.14790720
v -0.60473228 -0.14510109 0.14656782
v -0.59229165 -0.14288060 0.14522669
v -0.57983476 -0.14065723 0.14388379
v -0.56736159 -0.13843095 0.14253916
v -0.55487210 -0.13620175 0.14119275
v -0.54234642 -0.13383816 0.13980787
v -0.52979028 -0.13138255 0.13839631
v -0.51721698 -0.12892358 0.13698281
v -0.50462639 -0.12646122 0.13556737
v -0.49201769 -0.12399005 0.13414848
v -0.47938901 -0.12149911 0.13272303
v -0.46674290 -0.11900473 0.13129562
v -0.45407933 -0.11650690 0.12986626
v -0.44139823 -0.11400563 0.12843490
v -0.42869961 -0.11150090 0.12700157
v -0.41598332 -0.10899268 0.12556624
v -0.40324143 -0.10643310 0.12411551
v -0.39047787 -0.10384806 0.12265661
v -0.37769642 -0.10125940 0.12119567
v -0.36489695 -0.09866709 0.11973267
v -0.35207948 -0.09607112 0.11826761
v -0.33924392 -0.09347150 0.11680047
v -0.32638860 -0.09085896 0.11532867
v -0.31351450 -0.08823952 0.11385389
v -0.30062222 -0.08561638 0.11237703
v -0.28773156 -0.08309767 0.11092848
v -0.27496627 -0.08134650 0.10969484
v -0.26218587 -0.07959328 0.10845975
v -0.24960865 -0.07899193 0.10754809
v -0.23939069 -0.09081101 0.11013379
v -0.22747354 -0.09364323 0.11018942
v -0.21620047 -0.09978901 0.11117895
v -0.20407765 -0.10153585 0.11092899
v -0.19277233 -0.10743609 0.11185025
v -0.18356827 -0.12382789 0.11573220
v -0.17266057 -0.13150957 0.11715861
v -0.16113275 -0.13604636 0.11769812
v -0.14962839 -0.14066634 0.11826150
v -0.13810940 -0.14518268 0.11879602
v -0.12650274 -0.14924598 0.11920285
v -0.11490060 -0.15330769 0.11960954
v -0.10330300 -0.15736780 0.12001607
v -0.09159753 -0.16089801 0.12027295
v -0.07994869 -0.16467795 0.12060069
v -0.06835718 -0.16870496 0.12099864
v -0.05677010 -0.17273040 0.12139641
v -0.04513299 -0.17650624 0.12172375
v -0.03314685 -0.17868665 0.12159910
v -0.02115926 -0.18086733 0.12147444
v -0.00914818 -0.18295005 0.12132190
v 0.00307979 -0.18408269 0.12089969
v 0.01598886 -0.18225090 0.11963570
v 0.02894485 -0.18028104 0.11833160
v 0.04192081 -0.17829266 0.11702131
v 0.05525357 -0.17484169 0.11529446
v 0.06881154 -0.17052028 0.11331896
v 0.08239525 -0.16619068 0.11133971
v 0.09598038 -0.16195507 0.10938577
v 0.10964025 -0.15750624 0.10736977
v 0.12331723 -0.15308703 0.10536074
v 0.13702050 -0.14865938 0.10334786
v 0.15090108 -0.14360751 0.10115572
v 0.16485730 -0.13835633 0.09890521
v 0.17938954 -0.13089730 0.09602367
v 0.20700786 -0.07130067 0.07827155
v 0.21998706 -0.07063579 0.07731876
v 0.23268221 -0.07112837 0.07666394
v 0.24488841 -0.07357867 0.07663091
v 0.25709406 -0.07602707 0.07656562
v 0.26930392 -0.07846210 0.07649646
v 0.28151456 -0.08089730 0.07642730
v 0.29372612 -0.08333230 0.07635804
v 0.30594349 -0.08574842 0.07628332
v 0.31793666 -0.08901117 0.07645078
v 0.32992798 -0.09227341 0.07661821
v 0.34191737 -0.09553513 0.07678562
v 0.35395983 -0.09859370 0.07689495
v 0.36619192 -0.10095214 0.07680377
v 0.37842512 -0.10331076 0.07671259
v 0.39065936 -0.10566961 0.07662138
v 0.40289462 -0.10802864 0.07653018
v 0.41513205 -0.11038398 0.07643784
v 0.42737073 -0.11273892 0.07634533
v 0.43961045 -0.11509407 0.07625280
v 0.45185119 -0.11744943 0.07616027
v 0.46409306 -0.11980499 0.07606773
v 0.47610840 -0.12294957 0.07620194
v 0.48811418 -0.12612154 0.07634411
v 0.50011832 -0.12929308 0.07648626
v 0.51250440 -0.13115855 0.07625268
v 0.52498257 -0.13272198 0.07593197
v 0.53746450 -0.13428590 0.07561118
v 0.54990280 -0.13600901 0.07533602
v 0.56232011 -0.13781281 0.07508390
v 0.57474041 -0.13961703 0.07483172
v 0.58716363 -0.14142168 0.07457948
v 0.59958529 -0.14324160 0.07433147
v 0.61194539 -0.14527138 0.07414384
v 0.62430763 -0.14730154 0.07395618
v 0.63675672 -0.14906040 0.07369004
v 0.64943445 -0.15009895 0.07321558
v 0.66211796 -0.15113793 0.07274091
v 0.67480713 -0.15217741 0.07226603
v 0.68750191 -0.15321732 0.07179094
v 0.70020235 -0.15425770 0.07131564
v 0.71287096 -0.15541516 0.07087387
v 0.72553521 -0.15660287 0.07044055
v 0.73816228 -0.15792117 0.07004472
v 0.75075936 -0.15934582 0.06967942
v 0.76336074 -0.16077095 0.06931400
v 0.77596641 -0.16219656 0.06894846
v 0.78857648 -0.16362268 0.06858279
v 0.80122548 -0.16494586 0.06818698
v 0.81394398 -0.16607659 0.06773501
v 0.82666790 -0.16720779 0.06728286
v 0.83939725 -0.16833951 0.06683051
v 0.85213190 -0.16947167 0.06637798
v 0.86487210 -0.17060430 0.06592524
v 0.87768078 -0.17155436 0.06541907
v 0.89054918 -0.17235032 0.06486770
v 0.90344530 -0.17308623 0.06429844
v 0.91657495 -0.17317598 0.06354065
v 0.92971396 -0.17326580 0.06278232
v 0.94286221 -0.17335567 0.06202345
v 0.95633841 -0.17255077 0.06100322
v -0.97230637 -0.10646402 0.17042479
v -0.96393597 -0.14425641 0.18008126
v -0.95391762 -0.16360052 0.18468450
v -0.94255376 -0.16852574 0.18533479
v -0.93119717 -0.17344779 0.18598463
v -0.91999060 -0.17818011 0.18640158
v -0.90789378 -0.17727581 0.18563332
v -0.89594811 -0.17638020 0.18468553
v -0.88399118 -0.17548378 0.18373685
v -0.87202305 -0.17458649 0.18278728
v -0.86004925 -0.17374124 0.18185136
v -0.84812027 -0.17340246 0.18105412
v -0.83618170 -0.17306343 0.18025626
v -0.82423842 -0.17276458 0.17946893
v -0.81229210 -0.17252067 0.17869617
v -0.80029124 -0.17188694 0.17781544
v -0.78825635 -0.17105350 0.17687906
v -0.77621043 -0.17021932 0.17594185
v -0.76415330 -0.16938472 0.17500386
v -0.75208503 -0.16854946 0.17406502
v -0.73993874 -0.16717738 0.17297736
v -0.72773451 -0.16544874 0.17179048
v -0.71551603 -0.16371809 0.17060223
v -0.70328099 -0.16196817 0.16940781
v -0.69102651 -0.16017795 0.16820142
v -0.67875749 -0.15838559 0.16699359
v -0.66647381 -0.15659112 0.16578433
v -0.65414095 -0.15454024 0.16450328
v -0.64176685 -0.15230045 0.16316904
v -0.62937659 -0.15005773 0.16183306
v -0.61697000 -0.14781204 0.16049531
v -0.60454714 -0.14556344 0.15915583
v -0.59210795 -0.14331186 0.15781458
v -0.57964748 -0.14105445 0.15642592
v -0.56718516 -0.13883193 0.15513566
v -0.55470175 -0.13660410 0.15379816
v -0.54217803 -0.13421515 0.15241501
v -0.52962750 -0.13175793 0.15101191
v -0.51705694 -0.12927869 0.14960171
v -0.50446898 -0.12679602 0.14818957
v -0.49186373 -0.12431016 0.14677554
v -0.47924113 -0.12182096 0.14535961
v -0.46660110 -0.11932833 0.14394170
v -0.45394358 -0.11683225 0.14252183
v -0.44126856 -0.11433272 0.14110000
v -0.42857608 -0.11182974 0.13967621
v -0.41586599 -0.10932329 0.13825046
v -0.40312853 -0.10675567 0.13680665
v -0.39037114 -0.10417212 0.13535737
v -0.37759578 -0.10158493 0.13390607
v -0.36480197 -0.09899125 0.13245192
v -0.35198843 -0.09638435 0.13099304
v -0.33916318 -0.09380963 0.12954211
v -0.32647035 -0.09207090 0.12832361
v -0.31376255 -0.09033012 0.12710367
v -0.30103976 -0.08858729 0.12588228
v -0.28830194 -0.08684235 0.12465944
v -0.27688345 -0.09227642 0.12544318
v -0.26527119 -0.09662699 0.12592439
v -0.25308153 -0.09789480 0.12554331
v -0.24139357 -0.10181543 0.12590453
v -0.22920288 -0.10310221 0.12552848
v -0.21667828 -0.10269262 0.12467698
v -0.20431209 -0.10314397 0.12406612
v -0.19275744 -0.10774039 0.12461678
v -0.18323550 -0.12250568 0.12801941
v -0.17226662 -0.12986623 0.12934726
v -0.16065928 -0.13399687 0.12976968
v -0.14915694 -0.13861662 0.13032971
v -0.13763535 -0.14311017 0.13085470
v -0.12603067 -0.14717321 0.13125911
v -0.11443051 -0.15123466 0.13166338
v -0.10273104 -0.15480250 0.13192916
v -0.09102894 -0.15834290 0.13218741
v -0.07937865 -0.16211037 0.13250974
v -0.06773280 -0.16588050 0.13283303
v -0.05614656 -0.16990626 0.13322854
v -0.04448849 -0.17358315 0.13352606
v -0.03250286 -0.17576328 0.13340212
v -0.02049613 -0.17785542 0.13325332
v -0.00848069 -0.17991680 0.13309571
v 0.00379595 -0.18083255 0.13261491
v 0.01670543 -0.17899880 0.13135804
v 0.02963829 -0.17712939 0.13009022
v 0.04261446 -0.17513905 0.12878735
v 0.05597652 -0.17156136 0.12703523
v 0.06953519 -0.16723685 0.12507084
v 0.08308648 -0.16304402 0.12314228
v 0.09660121 -0.15910265 0.12128343
v 0.11016844 -0.15503636 0.11938790
v 0.12386554 -0.15052786 0.11736591
v 0.13758929 -0.14601059 0.11533998
v 0.15149444 -0.14085358 0.11313146
v 0.16546789 -0.13557333 0.11066518
v 0.18004113 -0.12790065 0.10796194
v 0.19941239 -0.10088517 0.09963518
v 0.21903147 -0.07400814 0.09117669
v 0.23250751 -0.07138491 0.08967421
v 0.24470672 -0.07383105 0.08960909
v 0.25690639 -0.07627840 0.08954426
v 0.26910660 -0.07872682 0.08947969
v 0.28130755 -0.08117539 0.08941513
v 0.29351258 -0.08361140 0.08934694
v 0.30571902 -0.08604514 0.08927806
v 0.31792629 -0.08847903 0.08920918
v 0.33013430 -0.09091307 0.08914029
v 0.34234315 -0.09334730 0.08907139
v 0.35455284 -0.09578166 0.08900249
v 0.36676323 -0.09821618 0.08893359
v 0.37894341 -0.10076412 0.08889694
v 0.39092806 -0.10402129 0.08906239
v 0.40316054 -0.10637972 0.08897173
v 0.41539496 -0.10873526 0.08888019
v 0.42763081 -0.11108959 0.08878824
v 0.43986776 -0.11344413 0.08869628
v 0.45210576 -0.11579888 0.08860432
v 0.46434483 -0.11815383 0.08851234
v 0.47658494 -0.12050898 0.08842035
v 0.48882613 -0.12286433 0.08832836
v 0.50106841 -0.12521991 0.08823636
v 0.51309317 -0.12753771 0.08811601
v 0.52553171 -0.13001427 0.08807597
v 0.53775400 -0.13244793 0.08800614
v 0.55003625 -0.13468400 0.08787968
v 0.56247950 -0.13638978 0.08760123
v 0.57493013 -0.13808239 0.08731881
v 0.58738410 -0.13977544 0.08703630
v 0.59981126 -0.14156771 0.08678205
v 0.61223757 -0.14337263 0.08653123
v 0.62466681 -0.14517795 0.08628035
v 0.63709909 -0.14698371 0.08602941
v 0.64953423 -0.14878990 0.08577842
v 0.66197240 -0.15059650 0.08552735
v 0.67437917 -0.15248306 0.08562282
v 0.68707901 -0.15351517 0.08482502
v 0.69973046 -0.15468840 0.08439119
v 0.71238291 -0.15587513 0.08396093
v 0.72504050 -0.15706232 0.08353049
v 0.73770314 -0.15824999 0.08309986
v 0.75037104 -0.15943816 0.08266908
v 0.76304412 -0.16062681 0.08223812
v 0.77539319 -0.16178380 0.08178536
v 0.78832585 -0.16324547 0.08144482
v 0.80093503 -0.16467142 0.08108139
v 0.81354862 -0.16609788 0.08071781
v 0.82625967 -0.16724908 0.08027454
v 0.83898300 -0.16838026 0.07982516
v 0.85171175 -0.16951191 0.07937558
v 0.86444592 -0.17064406 0.07892582
v 0.87718546 -0.17177667 0.07847586
v 0.88991457 -0.17295530 0.07803888
v 0.90283084 -0.17361294 0.07745086
v 0.91595334 -0.17370282 0.07669814
v 0.92908502 -0.17379278 0.07594488
v 0.94222617 -0.17388280 0.07519109
v 0.95623296 -0.17156605 0.07373950
v -0.97166002 -0.10391734 0.18210097
v -0.96333015 -0.14210963 0.19180761
v -0.95344603 -0.16282994 0.19675806
v -0.94208592 -0.16775379 0.19740424
v -0.93073040 -0.17264549 0.19804208
v -0.91936260 -0.17734089 0.19862679
v -0.90754819 -0.17758787 0.19799758
v -0.89561439 -0.17675352 0.19707263
v -0.88366318 -0.17585771 0.19613025
v -0.87170058 -0.17496102 0.19518694
v -0.85972679 -0.17406350 0.19424278
v -0.84779102 -0.17361301 0.19342020
v -0.83577728 -0.17327115 0.19257858
v -0.82392621 -0.17303026 0.19186039
v -0.81198537 -0.17278655 0.19109273
v -0.80001175 -0.17233932 0.19026878
v -0.78798276 -0.17150652 0.18933865
v -0.77594262 -0.17067295 0.18840766
v -0.76389140 -0.16983861 0.18747580
v -0.75182891 -0.16900350 0.18654306
v -0.73971051 -0.16780812 0.18551086
v -0.72750902 -0.16605289 0.18432431
v -0.71528965 -0.16426812 0.18312880
v -0.70305574 -0.16248123 0.18193188
v -0.69080740 -0.16069223 0.18073353
v -0.67854446 -0.15890110 0.17953378
v -0.66626692 -0.15710783 0.17833260
v -0.65393984 -0.15505604 0.17705946
v -0.64157200 -0.15281774 0.17573415
v -0.62918782 -0.15057649 0.17440705
v -0.61678743 -0.14833230 0.17307825
v -0.60437077 -0.14608516 0.17174768
v -0.59193778 -0.14383505 0.17041539
v -0.57948852 -0.14158201 0.16908133
v -0.56702280 -0.13932599 0.16774552
v -0.55453378 -0.13702080 0.16639520
v -0.54200661 -0.13456969 0.16500369
v -0.52945846 -0.13209043 0.16360341
v -0.51689309 -0.12960777 0.16220123
v -0.50431037 -0.12712169 0.16079710
v -0.49171036 -0.12463217 0.15939106
v -0.47909367 -0.12214425 0.15798445
v -0.46645963 -0.11965305 0.15657593
v -0.45380819 -0.11715841 0.15516548
v -0.44113922 -0.11466031 0.15375309
v -0.42845279 -0.11215877 0.15233873
v -0.41574878 -0.10965376 0.15092242
v -0.40301576 -0.10707792 0.14948548
v -0.39025682 -0.10445114 0.14803344
v -0.37763566 -0.10272437 0.14682977
v -0.36498877 -0.10093289 0.14560732
v -0.35228410 -0.09889615 0.14431599
v -0.33956340 -0.09685685 0.14302304
v -0.32682672 -0.09481498 0.14172845
v -0.31425616 -0.09377815 0.14071196
v -0.30313116 -0.10073014 0.14191346
v -0.29105052 -0.10241412 0.14165223
v -0.27889034 -0.10368692 0.14127655
v -0.26687813 -0.10577315 0.14112674
v -0.25459626 -0.10644336 0.14058299
v -0.24200495 -0.10552663 0.13959737
v -0.22940156 -0.10460903 0.13861078
v -0.21686092 -0.10407563 0.13773048
v -0.20456153 -0.10482819 0.13720770
v -0.19199595 -0.10426527 0.13631804
v -0.18290290 -0.12118416 0.14030011
v -0.17187284 -0.12822361 0.14153053
v -0.16024002 -0.13221490 0.14191166
v -0.14868565 -0.13656758 0.14239390
v -0.13716145 -0.14103833 0.14290944
v -0.12555875 -0.14510110 0.14331144
v -0.11387502 -0.14875366 0.14359914
v -0.10215838 -0.15223379 0.14383888
v -0.09046046 -0.15578829 0.14409956
v -0.07881139 -0.15955578 0.14442000
v -0.06716595 -0.16332211 0.14474034
v -0.05552414 -0.16708727 0.14506055
v -0.04384404 -0.17066033 0.14532727
v -0.03184162 -0.17276189 0.14518212
v -0.01982835 -0.17482266 0.14502545
v -0.00781325 -0.17688373 0.14486875
v 0.00451212 -0.17758243 0.14433007
v 0.01742199 -0.17574671 0.14308032
v 0.03034757 -0.17390876 0.14182907
v 0.04330809 -0.17198555 0.14055301
v 0.05669948 -0.16828102 0.13877599
v 0.07021805 -0.16412702 0.13687150
v 0.08372928 -0.16010208 0.13500188
v 0.09723964 -0.15617639 0.13315882
v 0.11070788 -0.15251972 0.13139008
v 0.12438072 -0.14810584 0.12940711
v 0.13810334 -0.14358675 0.12739313
v 0.15201454 -0.13839856 0.12518942
v 0.16598535 -0.13307780 0.12294680
v 0.18044259 -0.12591037 0.12018254
v 0.19906704 -0.10222858 0.11276394
v 0.21201374 -0.10143565 0.11179046
v 0.22706376 -0.09240029 0.10849259
v 0.24374411 -0.07714070 0.10343701
v 0.25648674 -0.07743240 0.10276511
v 0.26890570 -0.07900605 0.10245453
v 0.28110117 -0.08145145 0.10238982
v 0.29329747 -0.08389688 0.10232507
v 0.30549464 -0.08634221 0.10226027
v 0.31769535 -0.08877697 0.10219242
v 0.32989770 -0.09120875 0.10212367
v 0.34210074 -0.09364107 0.10205504
v 0.35430458 -0.09607355 0.10198639
v 0.36650923 -0.09850617 0.10191774
v 0.37871468 -0.10093898 0.10184909
v 0.39092091 -0.10337193 0.10178044
v 0.40312797 -0.10580505 0.10171177
v 0.41534492 -0.10820580 0.10163389
v 0.42757347 -0.11056864 0.10154520
v 0.43980816 -0.11291370 0.10145140
v 0.45203236 -0.11529966 0.10136915
v 0.46424448 -0.11773131 0.10129979
v 0.47645739 -0.12016311 0.10123044
v 0.48867109 -0.12259509 0.10116108
v 0.50088567 -0.12502721 0.10109172
v 0.51310092 -0.12745951 0.10102235
v 0.52531713 -0.12989198 0.10095298
v 0.53753412 -0.13232458 0.10088360
v 0.54977232 -0.13468890 0.10079474
v 0.56204772 -0.13693304 0.10067160
v 0.57433981 -0.13912740 0.10053419
v 0.58674026 -0.14097075 0.10029669
v 0.59914356 -0.14281452 0.10005913
v 0.61155480 -0.14464226 0.09981684
v 0.62401050 -0.14633577 0.09953608
v 0.63646954 -0.14802973 0.09925524
v 0.64893198 -0.14972413 0.09897433
v 0.66139764 -0.15141900 0.09869334
v 0.67386675 -0.15311430 0.09841229
v 0.68641561 -0.15456983 0.09806252
v 0.69900692 -0.15590635 0.09767848
v 0.71166849 -0.15703917 0.09723590
v 0.72435695 -0.15810582 0.09677408
v 0.73705560 -0.15915912 0.09630810
v 0.74975979 -0.16021292 0.09584194
v 0.76246965 -0.16126716 0.09537555
v 0.77518517 -0.16232190 0.09490896
v 0.78787810 -0.16346191 0.09446648
v 0.80055988 -0.16465148 0.09403787
v 0.81324691 -0.16584153 0.09360909
v 0.82590061 -0.16714598 0.09321281
v 0.83856916 -0.16842100 0.09280779
v 0.85129189 -0.16955213 0.09236117
v 0.86399639 -0.17075276 0.09193419
v 0.87670076 -0.17196937 0.09151147
v 0.88941008 -0.17318642 0.09108859
v 0.90221691 -0.17413907 0.09058937
v 0.91533220 -0.17422912 0.08984170
v 0.92845690 -0.17431922 0.08909351
v 0.94159079 -0.17440937 0.08834478
v 0.95612776 -0.17058198 0.08646755
v -0.97101378 -0.10137112 0.19377503
v -0.96272457 -0.13996349 0.20353067
v -0.95297462 -0.16205986 0.20882371
v -0.94161248 -0.16692117 0.20944917
v -0.93024278 -0.17163038 0.21003385
v -0.91887814 -0.17632054 0.21061379
v -0.90719479 -0.17781872 0.21032809
v -0.89526767 -0.17699809 0.20941284
v -0.88332963 -0.17617674 0.20849679
v -0.87137848 -0.17533520 0.20757456
v -0.85941035 -0.17443830 0.20663670
v -0.84746212 -0.17382337 0.20577481
v -0.83554047 -0.17353897 0.20500217
v -0.82361430 -0.17329560 0.20424016
v -0.81167895 -0.17305152 0.20347743
v -0.79973239 -0.17278990 0.20270936
v -0.78770936 -0.17195782 0.20178549
v -0.77567506 -0.17112496 0.20086074
v -0.76362967 -0.17029133 0.19993514
v -0.75157309 -0.16945694 0.19900867
v -0.73947936 -0.16841316 0.19802447
v -0.72727257 -0.16656794 0.19682100
v -0.71505857 -0.16477939 0.19563216
v -0.70283085 -0.16299371 0.19444326
v -0.69058847 -0.16120592 0.19325295
v -0.67833161 -0.15941599 0.19206123
v -0.66606021 -0.15762395 0.19086809
v -0.65373898 -0.15557128 0.18960290
v -0.64137721 -0.15333442 0.18828644
v -0.62899923 -0.15109465 0.18696827
v -0.61660504 -0.14885193 0.18564837
v -0.60419458 -0.14660628 0.18432674
v -0.59176683 -0.14435087 0.18300150
v -0.57931519 -0.14204092 0.18166041
v -0.56684703 -0.13972791 0.18031752
v -0.55436218 -0.13741180 0.17897284
v -0.54183817 -0.13494325 0.17758542
v -0.52929616 -0.13246547 0.17619450
v -0.51673681 -0.12998426 0.17480166
v -0.50416011 -0.12749965 0.17340690
v -0.49156615 -0.12501162 0.17201024
v -0.47895479 -0.12252016 0.17061163
v -0.46632603 -0.12002525 0.16921110
v -0.45367986 -0.11752690 0.16780861
v -0.44101796 -0.11503609 0.16640724
v -0.42834926 -0.11260615 0.16502158
v -0.41572607 -0.11054752 0.16373715
v -0.40309316 -0.10852321 0.16246125
v -0.39044443 -0.10649637 0.16118374
v -0.37777984 -0.10446699 0.15990464
v -0.36509931 -0.10243506 0.15862393
v -0.35256067 -0.10129817 0.15758900
v -0.34033832 -0.10201363 0.15706408
v -0.32884836 -0.10685282 0.15767623
v -0.31672305 -0.10813740 0.15730801
v -0.30459338 -0.10942245 0.15693967
v -0.29242530 -0.11052293 0.15652010
v -0.27989551 -0.10970473 0.15557027
v -0.26734930 -0.10886015 0.15461247
v -0.25477824 -0.10794561 0.15363464
v -0.24219513 -0.10703019 0.15265588
v -0.22959998 -0.10611390 0.15167619
v -0.21704333 -0.10545691 0.15076756
v -0.20459166 -0.10539234 0.15002225
v -0.19123441 -0.10078999 0.14801991
v -0.18253958 -0.11970827 0.15253136
v -0.17147924 -0.12658173 0.15370840
v -0.15984906 -0.13057244 0.15408722
v -0.14822321 -0.13456169 0.15446587
v -0.13668770 -0.13896716 0.15496026
v -0.12501945 -0.14270456 0.15526962
v -0.11330126 -0.14618546 0.15550800
v -0.10158582 -0.14966556 0.15574633
v -0.08989210 -0.15323415 0.15600941
v -0.07824425 -0.15700169 0.15632793
v -0.06660003 -0.16076805 0.15664639
v -0.05467203 -0.16321391 0.15659785
v -0.04254806 -0.16476984 0.15630169
v -0.03036083 -0.16605611 0.15593033
v -0.01816922 -0.16734309 0.15555887
v -0.00597318 -0.16863054 0.15518725
v 0.00637202 -0.16927908 0.15463741
v 0.01886378 -0.16931435 0.15391625
v 0.03136436 -0.16934964 0.15319461
v 0.04400624 -0.16881256 0.15231280
v 0.05737411 -0.16520797 0.15057459
v 0.07086084 -0.16118783 0.14871916
v 0.08437204 -0.15716043 0.14686039
v 0.09787800 -0.15325043 0.14503306
v 0.11134612 -0.14959143 0.14327455
v 0.12489577 -0.14568439 0.14144544
v 0.13861725 -0.14116348 0.13944343
v 0.15253453 -0.13594410 0.13724460
v 0.16639529 -0.13106285 0.13513881
v 0.18082853 -0.12398260 0.13241605
v 0.19852729 -0.10398847 0.12607564
v 0.21155174 -0.10285215 0.12501247
v 0.22435433 -0.10264174 0.12420794
v 0.23763219 -0.10060951 0.12289224
v 0.25177550 -0.09527476 0.12064958
v 0.26774955 -0.08297533 0.11645180
v 0.28040439 -0.08360987 0.11588014
v 0.29289550 -0.08489533 0.11549076
v 0.30527526 -0.08662069 0.11522462
v 0.31746718 -0.08906499 0.11516023
v 0.32965988 -0.09150944 0.11509585
v 0.34185594 -0.09394423 0.11502869
v 0.35405397 -0.09637496 0.11496034
v 0.36625278 -0.09880585 0.11489201
v 0.37845230 -0.10123716 0.11482372
v 0.39065254 -0.10366894 0.11475552
v 0.40285361 -0.10610086 0.11468733
v 0.41506177 -0.10851035 0.11461274
v 0.42728204 -0.11088016 0.11452694
v 0.43950328 -0.11325014 0.11444111
v 0.45172569 -0.11561983 0.11435515
v 0.46395645 -0.11796414 0.11426195
v 0.47618827 -0.12030867 0.11416876
v 0.48842120 -0.12265340 0.11407556
v 0.50065523 -0.12499834 0.11398233
v 0.51289040 -0.12734349 0.11388911
v 0.52510267 -0.12976977 0.11381876
v 0.53731430 -0.13220131 0.11374983
v 0.54953897 -0.13459213 0.11366933
v 0.56180900 -0.13683526 0.11354700
v 0.57408053 -0.13907868 0.11342467
v 0.58635342 -0.14132234 0.11330230
v 0.59862781 -0.14356628 0.11317992
v 0.61102647 -0.14541112 0.11294438
v 0.62342846 -0.14725478 0.11270833
v 0.63583320 -0.14909887 0.11247224
v 0.64824086 -0.15094337 0.11223608
v 0.66065121 -0.15278830 0.11199988
v 0.67312789 -0.15443309 0.11170669
v 0.68569452 -0.15580672 0.11133629
v 0.69826561 -0.15718083 0.11096577
v 0.71084118 -0.15855545 0.11059510
v 0.72347677 -0.15975882 0.11017549
v 0.73614037 -0.16089217 0.10973567
v 0.74880928 -0.16202599 0.10929565
v 0.76149821 -0.16311565 0.10884275
v 0.77420449 -0.16417003 0.10837947
v 0.78691643 -0.16522488 0.10791599
v 0.79963398 -0.16628018 0.10745230
v 0.81235719 -0.16733599 0.10698841
v 0.82511574 -0.16830398 0.10649915
v 0.83794880 -0.16907100 0.10595220
v 0.85081214 -0.16976920 0.10538524
v 0.86350507 -0.17098473 0.10496551
v 0.87620306 -0.17220077 0.10454561
v 0.88890606 -0.17341730 0.10412554
v 0.90161425 -0.17463431 0.10370531
v 0.91471183 -0.17475484 0.10297135
v 0.92782927 -0.17484508 0.10222820
v 0.94095606 -0.17493539 0.10148452
v 0.95602250 -0.16959856 0.09918734
v -0.97040015 -0.09917652 0.20554152
v -0.96211916 -0.13781796 0.21525037
v -0.95249456 -0.16119686 0.22085623
v -0.94112170 -0.16590776 0.22143757
v -0.92975551 -0.17061587 0.22201854
v -0.91839397 -0.17530075 0.22259368
v -0.90684164 -0.17804934 0.22264710
v -0.89491993 -0.17722921 0.22173797
v -0.88298726 -0.17640834 0.22082800
v -0.87104362 -0.17558670 0.21991716
v -0.85908902 -0.17476432 0.21900553
v -0.84713495 -0.17404678 0.21812156
v -0.83522332 -0.17380327 0.21736504
v -0.82330257 -0.17355958 0.21660796
v -0.81137270 -0.17331569 0.21585031
v -0.79943377 -0.17307162 0.21509206
v -0.78743607 -0.17240842 0.21421990
v -0.77540773 -0.17157617 0.21330135
v -0.76336819 -0.17074318 0.21238197
v -0.75131750 -0.16990946 0.21146174
v -0.73925447 -0.16906545 0.21053807
v -0.72705394 -0.16722158 0.20934276
v -0.71483874 -0.16537549 0.20814601
v -0.70260882 -0.16352718 0.20694780
v -0.69036978 -0.16171904 0.20575967
v -0.67811906 -0.15993033 0.20457597
v -0.66585368 -0.15813950 0.20339087
v -0.65353829 -0.15608595 0.20213358
v -0.64118266 -0.15385059 0.20082600
v -0.62881082 -0.15161228 0.19951671
v -0.61641914 -0.14934522 0.19819868
v -0.60400653 -0.14704278 0.19687012
v -0.59157741 -0.14473730 0.19553977
v -0.57913172 -0.14242874 0.19420767
v -0.56666958 -0.14011712 0.19287379
v -0.55418885 -0.13778934 0.19153455
v -0.54166996 -0.13531643 0.19015485
v -0.52913392 -0.13284011 0.18877326
v -0.51658064 -0.13036039 0.18738976
v -0.50401080 -0.12788223 0.18600570
v -0.49142852 -0.12543136 0.18462813
v -0.47882903 -0.12297712 0.18324865
v -0.46621224 -0.12051953 0.18186730
v -0.45360163 -0.11820284 0.18052346
v -0.44101790 -0.11614886 0.17925045
v -0.42841828 -0.11409231 0.17797586
v -0.41580367 -0.11203878 0.17670117
v -0.40317893 -0.11001671 0.17543422
v -0.39067307 -0.10878047 0.17438139
v -0.37829882 -0.10838133 0.17355695
v -0.36633298 -0.11038461 0.17338978
v -0.35439458 -0.11255559 0.17326847
v -0.34229717 -0.11383874 0.17290376
v -0.32999298 -0.11399310 0.17222936
v -0.31763440 -0.11389165 0.17148437
v -0.30504614 -0.11258150 0.17040727
v -0.29248887 -0.11151094 0.16939515
v -0.27996445 -0.11068352 0.16844903
v -0.26743206 -0.10987502 0.16750747
v -0.25488803 -0.10906579 0.16656503
v -0.24233238 -0.10825579 0.16562171
v -0.22976507 -0.10744505 0.16467752
v -0.21698342 -0.10559016 0.16344550
v -0.20381342 -0.10182968 0.16168842
v -0.19074036 -0.09866843 0.16009499
v -0.18187374 -0.11671410 0.16433848
v -0.17104383 -0.12473172 0.16582339
v -0.15939216 -0.12860440 0.16616747
v -0.14774442 -0.13247576 0.16651143
v -0.13597982 -0.13575938 0.16669361
v -0.12408741 -0.13841696 0.16670328
v -0.11219511 -0.14107449 0.16671294
v -0.10030293 -0.14373200 0.16672261
v -0.08838463 -0.14626619 0.16669822
v -0.07643057 -0.14863503 0.16662815
v -0.06447569 -0.15100405 0.16655809
v -0.05237344 -0.15270054 0.16630210
v -0.04011743 -0.15371093 0.16585626
v -0.02783241 -0.15461497 0.16538067
v -0.01562678 -0.15590130 0.16501051
v -0.00341671 -0.15718809 0.16464022
v 0.00900258 -0.15757062 0.16401932
v 0.02150963 -0.15760179 0.16330065
v 0.03402118 -0.15765183 0.16258667
v 0.04645398 -0.15808007 0.16197705
v 0.05909128 -0.15766333 0.16113268
v 0.07195383 -0.15633175 0.16003400
v 0.08501471 -0.15421903 0.15871777
v 0.09851629 -0.15032476 0.15690611
v 0.11198431 -0.14666344 0.15515786
v 0.12547538 -0.14299585 0.15340659
v 0.13913105 -0.13874078 0.15149087
v 0.15301697 -0.13364279 0.14933944
v 0.16678146 -0.12914436 0.14735319
v 0.18125832 -0.12187845 0.14459573
v 0.19798136 -0.10577362 0.13937682
v 0.21108104 -0.10430372 0.13822785
v 0.22386821 -0.10412154 0.13743664
v 0.23642930 -0.10486271 0.13690206
v 0.24899693 -0.10560427 0.13636722
v 0.26274571 -0.10180871 0.13456723
v 0.27615327 -0.09940808 0.13315496
v 0.29102921 -0.09147639 0.13019872
v 0.30429533 -0.08978005 0.12898037
v 0.31678396 -0.09106568 0.12859358
v 0.32927731 -0.09235181 0.12820666
v 0.34161636 -0.09422871 0.12798449
v 0.35380462 -0.09667228 0.12792051
v 0.36599603 -0.09910710 0.12785405
v 0.37818965 -0.10153697 0.12778616
v 0.39038405 -0.10396698 0.12771825
v 0.40257931 -0.10639717 0.12765037
v 0.41477883 -0.10881484 0.12757891
v 0.42699313 -0.11118326 0.12749361
v 0.43920836 -0.11355210 0.12740837
v 0.45142460 -0.11592113 0.12732311
v 0.46364188 -0.11829036 0.12723784
v 0.47586009 -0.12065978 0.12715258
v 0.48808488 -0.12301045 0.12706199
v 0.50031275 -0.12535423 0.12696940
v 0.51254177 -0.12769823 0.12687680
v 0.52477181 -0.13004242 0.12678419
v 0.53700304 -0.13238683 0.12669158
v 0.54923964 -0.13471685 0.12659486
v 0.56153351 -0.13686058 0.12644568
v 0.57382911 -0.13900462 0.12629648
v 0.58610409 -0.14122269 0.12616801
v 0.59837306 -0.14346562 0.12604643
v 0.61064345 -0.14570883 0.12592486
v 0.62291533 -0.14795230 0.12580326
v 0.63529670 -0.14984857 0.12558375
v 0.64769733 -0.15169214 0.12534921
v 0.66010076 -0.15353611 0.12511462
v 0.67257106 -0.15517803 0.12482285
v 0.68508619 -0.15669091 0.12449446
v 0.69760513 -0.15820427 0.12416596
v 0.71012807 -0.15971811 0.12383736
v 0.72267723 -0.16116397 0.12348931
v 0.73527420 -0.16247600 0.12310319
v 0.74793440 -0.16360939 0.12266628
v 0.76059997 -0.16474324 0.12222919
v 0.77327091 -0.16587758 0.12179191
v 0.78596544 -0.16695733 0.12133886
v 0.79872888 -0.16784832 0.12083204
v 0.81152767 -0.16865256 0.12030029
v 0.82433313 -0.16945723 0.11976825
v 0.83722800 -0.17001788 0.11916666
v 0.85022694 -0.17029624 0.11848459
v 0.86301416 -0.17121649 0.11798410
v 0.87570578 -0.17243198 0.11756702
v 0.88840264 -0.17364796 0.11714977
v 0.90110445 -0.17486440 0.11673234
v 0.91409206 -0.17528002 0.11608712
v 0.92720234 -0.17537041 0.11534900
v 0.94041699 -0.17519224 0.11453401
v 0.95591736 -0.16861577 0.11189889
v -0.96979070 -0.09702662 0.21731658
v -0.96141201 -0.13459004 0.22667703
v -0.95200056 -0.16018513 0.23284122
v -0.94063121 -0.16489492 0.23341887
v -0.92926848 -0.16960195 0.23399617
v -0.91790998 -0.17428157 0.23456651
v -0.90648884 -0.17827974 0.23495468
v -0.89457256 -0.17746012 0.23405161
v -0.88264525 -0.17663972 0.23314771
v -0.87070704 -0.17581858 0.23224300
v -0.85875785 -0.17499669 0.23133743
v -0.84681165 -0.17430168 0.23046532
v -0.83490330 -0.17403910 0.22970869
v -0.82298923 -0.17380612 0.22895950
v -0.81106603 -0.17357294 0.22820975
v -0.79913330 -0.17333576 0.22745837
v -0.78716314 -0.17285855 0.22664194
v -0.77514058 -0.17202698 0.22572961
v -0.76310694 -0.17119464 0.22481644
v -0.75106210 -0.17036150 0.22390240
v -0.73900616 -0.16952763 0.22298755
v -0.72683549 -0.16787453 0.22185136
v -0.71462667 -0.16602980 0.22066277
v -0.70240301 -0.16418286 0.21947271
v -0.69016469 -0.16233368 0.21828125
v -0.67791170 -0.16048230 0.21708833
v -0.66564733 -0.15865454 0.21590097
v -0.65333778 -0.15660012 0.21465157
v -0.64098209 -0.15432148 0.21334077
v -0.62860829 -0.15202650 0.21202463
v -0.61621803 -0.14972851 0.21070674
v -0.60381132 -0.14742744 0.20938712
v -0.59138793 -0.14512153 0.20806527
v -0.57894975 -0.14282462 0.20674489
v -0.56649506 -0.14052466 0.20542277
v -0.55401993 -0.13819519 0.20409176
v -0.54151249 -0.13575926 0.20273095
v -0.52898800 -0.13332003 0.20136832
v -0.51644641 -0.13087748 0.20000382
v -0.50388765 -0.12843159 0.19863744
v -0.49131173 -0.12598233 0.19726922
v -0.47875822 -0.12377829 0.19596651
v -0.46621421 -0.12173173 0.19470565
v -0.45365435 -0.11968258 0.19344321
v -0.44107869 -0.11763086 0.19217916
v -0.42864999 -0.11655786 0.19118011
v -0.41626689 -0.11583024 0.19027416
v -0.40392900 -0.11543478 0.18945794
v -0.39190850 -0.11695530 0.18916214
v -0.37972459 -0.11754956 0.18861417
v -0.36741301 -0.11744963 0.18787690
v -0.35509247 -0.11734965 0.18713908
v -0.34275180 -0.11718749 0.18638381
v -0.33018026 -0.11578835 0.18529104
v -0.31759509 -0.11438771 0.18419708
v -0.30505759 -0.11332167 0.18319356
v -0.29255116 -0.11249129 0.18225360
v -0.28003332 -0.11166119 0.18131304
v -0.26750815 -0.11085362 0.18037796
v -0.25497136 -0.11004528 0.17944202
v -0.24225940 -0.10837947 0.17827125
v -0.22892584 -0.10356016 0.17623813
v -0.21568862 -0.09936538 0.17437422
v -0.20303512 -0.09826674 0.17335546
v -0.19044264 -0.09754033 0.17243779
v -0.18042782 -0.10980536 0.17507368
v -0.16941035 -0.11691979 0.17630185
v -0.15775178 -0.12079615 0.17664436
v -0.14602736 -0.12432956 0.17689319
v -0.13403423 -0.12654379 0.17678079
v -0.12200640 -0.12859762 0.17662433
v -0.11010356 -0.13125756 0.17663395
v -0.09820084 -0.13391747 0.17664358
v -0.08626103 -0.13640255 0.17660522
v -0.07429621 -0.13877317 0.17653544
v -0.06218929 -0.14049043 0.17628622
v -0.04996634 -0.14168912 0.17589441
v -0.03768163 -0.14262858 0.17543107
v -0.02537076 -0.14347561 0.17494199
v -0.01307868 -0.14443403 0.17448321
v -0.00085455 -0.14572017 0.17411424
v 0.01163920 -0.14583524 0.17342277
v 0.02411980 -0.14604543 0.17275701
v 0.03655926 -0.14647053 0.17214996
v 0.04902147 -0.14682981 0.17152432
v 0.06156084 -0.14689134 0.17081620
v 0.07438901 -0.14576049 0.16977890
v 0.08727951 -0.14442044 0.16868319
v 0.10022563 -0.14290392 0.16753800
v 0.11322538 -0.14122313 0.16634667
v 0.12624037 -0.13954036 0.16515395
v 0.13964473 -0.13631867 0.16353543
v 0.15340520 -0.13172603 0.16153704
v 0.16716747 -0.12722659 0.15956298
v 0.18169214 -0.11975831 0.15676683
v 0.19855854 -0.10307144 0.15141948
v 0.21052653 -0.10608841 0.15151890
v 0.22338271 -0.10559942 0.15064819
v 0.23593555 -0.10634050 0.15011740
v 0.24849489 -0.10708196 0.14958632
v 0.26106077 -0.10782380 0.14905496
v 0.27363315 -0.10856603 0.14852333
v 0.28708625 -0.10597593 0.14706752
v 0.30052361 -0.10351408 0.14564621
v 0.31538886 -0.09574597 0.14275181
v 0.32839611 -0.09505887 0.14182046
v 0.34074301 -0.09686772 0.14158139
v 0.35313648 -0.09851569 0.14129746
v 0.36563191 -0.09980273 0.14091305
v 0.37792879 -0.10183073 0.14073429
v 0.39011562 -0.10426556 0.14066851
v 0.40230483 -0.10669457 0.14060107
v 0.41449559 -0.10912096 0.14053285
v 0.42670396 -0.11148793 0.14044803
v 0.43891335 -0.11385509 0.14036322
v 0.45112374 -0.11622245 0.14027841
v 0.46333510 -0.11859000 0.14019358
v 0.47554743 -0.12095799 0.14010881
v 0.48776066 -0.12332644 0.14002410
v 0.49997494 -0.12569511 0.13993940
v 0.51219356 -0.12805261 0.13985153
v 0.52441746 -0.13039565 0.13975953
v 0.53664249 -0.13273890 0.13966754
v 0.54886866 -0.13508238 0.13957556
v 0.56115210 -0.13723905 0.13943130
v 0.57344151 -0.13938203 0.13928311
v 0.58573264 -0.14152534 0.13913490
v 0.59802556 -0.14366893 0.13898666
v 0.61032027 -0.14581284 0.13883841
v 0.62261677 -0.14795706 0.13869014
v 0.63491499 -0.15010159 0.13854185
v 0.64718717 -0.15233549 0.13841848
v 0.65955091 -0.15428309 0.13821478
v 0.67202979 -0.15587495 0.13791122
v 0.68453789 -0.15738712 0.13758507
v 0.69704998 -0.15889977 0.13725883
v 0.70954531 -0.16047709 0.13695051
v 0.72204119 -0.16206491 0.13664490
v 0.73454076 -0.16365317 0.13633920
v 0.74712008 -0.16500905 0.13596798
v 0.75986874 -0.16586463 0.13545586
v 0.77256656 -0.16689326 0.13499205
v 0.78527015 -0.16792235 0.13452801
v 0.79797941 -0.16895190 0.13406377
v 0.81075400 -0.16980459 0.13354941
v 0.82355136 -0.17060904 0.13302109
v 0.83650810 -0.17096366 0.13236567
v 0.84950060 -0.17123790 0.13168712
v 0.86243314 -0.17171194 0.13106440
v 0.87520909 -0.17266296 0.13057572
v 0.88789958 -0.17387839 0.13016127
v 0.90059513 -0.17509429 0.12974666
v 0.91347301 -0.17580464 0.12918903
v 0.92657620 -0.17589515 0.12845594
v 0.94031709 -0.17420919 0.12722047
v 0.95581228 -0.16763359 0.12460220
v -0.96918154 -0.09487735 0.22908826
v -0.96036142 -0.12771408 0.23713396
v -0.95150685 -0.15917401 0.24481913
v -0.94014096 -0.16388270 0.24539308
v -0.92878175 -0.16858864 0.24596670
v -0.91742641 -0.17326300 0.24653232
v -0.90604937 -0.17765857 0.24702409
v -0.89422542 -0.17769079 0.24635381
v -0.88230354 -0.17687088 0.24545597
v -0.87037075 -0.17605023 0.24455735
v -0.85842794 -0.17523827 0.24366038
v -0.84649450 -0.17461018 0.24281186
v -0.83458179 -0.17425860 0.24203652
v -0.82267302 -0.17402582 0.24129236
v -0.81075525 -0.17379284 0.24054764
v -0.79881591 -0.17345184 0.23977354
v -0.78682458 -0.17275186 0.23890297
v -0.77479655 -0.17183430 0.23797362
v -0.76274031 -0.17077735 0.23700635
v -0.75069648 -0.16991644 0.23609085
v -0.73864138 -0.16905472 0.23517448
v -0.72653955 -0.16791131 0.23418209
v -0.71433920 -0.16609381 0.23300846
v -0.70212430 -0.16427416 0.23183346
v -0.68989480 -0.16245231 0.23065703
v -0.67765749 -0.16067947 0.22949293
v -0.66541433 -0.15896896 0.22834472
v -0.65311319 -0.15693566 0.22710912
v -0.64077652 -0.15475340 0.22583267
v -0.62842000 -0.15254115 0.22454728
v -0.61603731 -0.15025486 0.22324112
v -0.60363829 -0.14796555 0.22193322
v -0.59122288 -0.14567322 0.22062358
v -0.57879096 -0.14337783 0.21931221
v -0.56634259 -0.14107941 0.21799912
v -0.55387163 -0.13873748 0.21667337
v -0.54137051 -0.13630320 0.21532187
v -0.52885228 -0.13386558 0.21396850
v -0.51631707 -0.13142465 0.21261330
v -0.50381964 -0.12933265 0.21135114
v -0.49131510 -0.12729345 0.21010232
v -0.47889581 -0.12588558 0.20902281
v -0.46656898 -0.12513453 0.20811969
v -0.45423099 -0.12438281 0.20721573
v -0.44188178 -0.12363040 0.20631096
v -0.42938790 -0.12207293 0.20518821
v -0.41696998 -0.12105096 0.20420930
v -0.40468618 -0.12089260 0.20346299
v -0.39240342 -0.12079406 0.20273232
v -0.38011166 -0.12069545 0.20200114
v -0.36777323 -0.12038029 0.20121086
v -0.35523507 -0.11898509 0.20012784
v -0.34268335 -0.11758839 0.19904365
v -0.33011797 -0.11619017 0.19795828
v -0.31760016 -0.11512862 0.19696331
v -0.30511260 -0.11429995 0.19603074
v -0.29261342 -0.11347053 0.19509730
v -0.28010258 -0.11264034 0.19416299
v -0.26757586 -0.11178701 0.19322175
v -0.25428918 -0.10697889 0.19120690
v -0.24097581 -0.10216109 0.18918802
v -0.22760640 -0.09718178 0.18712384
v -0.21439278 -0.09313565 0.18531165
v -0.20191328 -0.09295058 0.18454714
v -0.18976074 -0.09446798 0.18424481
v -0.17898047 -0.10288984 0.18581943
v -0.16777481 -0.10909823 0.18679315
v -0.15606678 -0.11276808 0.18707691
v -0.14417297 -0.11551163 0.18710877
v -0.13213758 -0.11756603 0.18695301
v -0.12002948 -0.11927972 0.18670434
v -0.10800830 -0.12142319 0.18657260
v -0.09609501 -0.12408552 0.18658218
v -0.08413363 -0.12652124 0.18652998
v -0.07202198 -0.12825938 0.18628748
v -0.05979045 -0.12945673 0.18589726
v -0.04755416 -0.13065454 0.18550690
v -0.03524067 -0.13152270 0.18502623
v -0.02291613 -0.13236792 0.18453896
v -0.01058562 -0.13321358 0.18405145
v 0.00175303 -0.13404991 0.18356106
v 0.01420307 -0.13442105 0.18294311
v 0.02664920 -0.13484299 0.18233864
v 0.03910280 -0.13526519 0.18173379
v 0.05159651 -0.13554659 0.18108997
v 0.06415041 -0.13560425 0.18038441
v 0.07682901 -0.13516827 0.17954315
v 0.08973362 -0.13382119 0.17845163
v 0.10270934 -0.13223271 0.17729315
v 0.11572356 -0.13054398 0.17610635
v 0.12874784 -0.12887491 0.17492409
v 0.14158948 -0.12801680 0.17396353
v 0.15493372 -0.12515700 0.17245281
v 0.16844656 -0.12169052 0.17077439
v 0.18343613 -0.11236650 0.16748570
v 0.19925128 -0.09990754 0.16333315
v 0.21105123 -0.10359041 0.16361502
v 0.22292273 -0.10697731 0.16381569
v 0.23547852 -0.10767513 0.16327676
v 0.24804096 -0.10837331 0.16273753
v 0.26061004 -0.10907187 0.16219804
v 0.27318579 -0.10977079 0.16165826
v 0.28576705 -0.11047450 0.16111940
v 0.29828036 -0.11146113 0.16065812
v 0.31143573 -0.11005343 0.15953642
v 0.32488617 -0.10759509 0.15812415
v 0.33967900 -0.10036238 0.15554483
v 0.35253716 -0.10010608 0.15458663
v 0.36488178 -0.10191479 0.15434912
v 0.37722930 -0.10372389 0.15411156
v 0.38957965 -0.10553343 0.15387397
v 0.40195939 -0.10724808 0.15360995
v 0.41421470 -0.10941967 0.15347210
v 0.42641503 -0.11179260 0.15338983
v 0.43861839 -0.11415861 0.15330559
v 0.45082274 -0.11652482 0.15322134
v 0.46302810 -0.11889121 0.15313709
v 0.47523451 -0.12125782 0.15305282
v 0.48744190 -0.12362462 0.15296856
v 0.49965030 -0.12599160 0.15288429
v 0.51185966 -0.12835878 0.15279999
v 0.52407002 -0.13072631 0.15271576
v 0.53628236 -0.13309063 0.15263055
v 0.54850239 -0.13543294 0.15253918
v 0.56077111 -0.13761716 0.15240385
v 0.57305425 -0.13975909 0.15225667
v 0.58533925 -0.14190134 0.15210946
v 0.59762591 -0.14404388 0.15196224
v 0.60991424 -0.14618723 0.15181513
v 0.62219948 -0.14834651 0.15167235
v 0.63448650 -0.15050611 0.15152954
v 0.64677513 -0.15266600 0.15138672
v 0.65906554 -0.15482619 0.15124388
v 0.67146248 -0.15665552 0.15100875
v 0.68390405 -0.15835376 0.15073693
v 0.69635332 -0.16003861 0.15046117
v 0.70881999 -0.16168033 0.15017319
v 0.72130793 -0.16326733 0.14986971
v 0.73379970 -0.16485479 0.14956616
v 0.74629515 -0.16644274 0.14926252
v 0.75901246 -0.16736731 0.14877336
v 0.77176493 -0.16820452 0.14825945
v 0.78452379 -0.16904213 0.14774527
v 0.79727727 -0.16991539 0.14724067
v 0.80998468 -0.17094502 0.14677946
v 0.82281286 -0.17163411 0.14622262
v 0.83578902 -0.17190832 0.14554924
v 0.84877366 -0.17218272 0.14487542
v 0.86176687 -0.17245731 0.14420114
v 0.87463248 -0.17312685 0.14363708
v 0.88739705 -0.17410859 0.14316009
v 0.90008628 -0.17532396 0.14274830
v 0.91285461 -0.17632872 0.14227711
v 0.92595053 -0.17641936 0.14154902
v 0.94021714 -0.17322679 0.13989869
v 0.95570725 -0.16665208 0.13729730
v -0.95930988 -0.12083126 0.24760140
v -0.95049018 -0.15270205 0.25534669
v -0.93965101 -0.16287106 0.25736022
v -0.92829531 -0.16757590 0.25793016
v -0.91694295 -0.17224503 0.25849104
v -0.90556943 -0.17663957 0.25897965
v -0.89387858 -0.17792125 0.25864455
v -0.88196218 -0.17710185 0.25775281
v -0.87003469 -0.17628168 0.25686023
v -0.85810125 -0.17550634 0.25597891
v -0.84617770 -0.17491841 0.25514665
v -0.83426052 -0.17447792 0.25435293
v -0.82235730 -0.17424533 0.25361380
v -0.81042045 -0.17380002 0.25281769
v -0.79844677 -0.17312281 0.25195947
v -0.78645992 -0.17242216 0.25109443
v -0.77445692 -0.17167614 0.25021675
v -0.76242423 -0.17077333 0.24929677
v -0.75035977 -0.16970442 0.24833201
v -0.73828346 -0.16863444 0.24736629
v -0.72619593 -0.16756986 0.24640131
v -0.71403790 -0.16604747 0.24531385
v -0.70184302 -0.16434383 0.24417737
v -0.68963397 -0.16263823 0.24303959
v -0.67741066 -0.16093065 0.24190046
v -0.66517323 -0.15922108 0.24076003
v -0.65286911 -0.15712568 0.23951595
v -0.64053792 -0.15494455 0.23824811
v -0.62819082 -0.15276061 0.23697864
v -0.61582762 -0.15057382 0.23570752
v -0.60344845 -0.14838420 0.23443475
v -0.59105325 -0.14619176 0.23316033
v -0.57863235 -0.14393048 0.23186666
v -0.56619024 -0.14163360 0.23056254
v -0.55372345 -0.13927923 0.22924215
v -0.54123598 -0.13689534 0.22791292
v -0.52883059 -0.13515554 0.22675508
v -0.51656449 -0.13441102 0.22586276
v -0.50417030 -0.13291599 0.22476889
v -0.49174780 -0.13132618 0.22364891
v -0.47931108 -0.12973459 0.22252764
v -0.46685210 -0.12809010 0.22139138
v -0.45435426 -0.12629308 0.22021344
v -0.44194365 -0.12511525 0.21920076
v -0.42964777 -0.12470461 0.21839315
v -0.41734192 -0.12429365 0.21758491
v -0.40505108 -0.12403059 0.21681577
v -0.39271578 -0.12356304 0.21599120
v -0.38021094 -0.12217176 0.21491788
v -0.36769250 -0.12077899 0.21384341
v -0.35516050 -0.11938470 0.21276776
v -0.34261495 -0.11798891 0.21169096
v -0.33011675 -0.11693182 0.21070451
v -0.31764796 -0.11610486 0.20977929
v -0.30516759 -0.11527713 0.20885321
v -0.29267558 -0.11444864 0.20792629
v -0.27957177 -0.11039093 0.20612872
v -0.26630437 -0.10557999 0.20412688
v -0.25301114 -0.10076372 0.20212220
v -0.23967713 -0.09586412 0.20009361
v -0.22628239 -0.09078006 0.19801381
v -0.21309590 -0.08690097 0.19625777
v -0.19993503 -0.08326393 0.19456580
v -0.18825409 -0.08722202 0.19492392
v -0.17753170 -0.09596751 0.19657575
v -0.16612159 -0.10118888 0.19727625
v -0.15421851 -0.10393471 0.19730796
v -0.14231579 -0.10668045 0.19733965
v -0.13023798 -0.10857439 0.19714095
v -0.11812031 -0.11028829 0.19689335
v -0.10599963 -0.11200262 0.19664569
v -0.09398545 -0.11423608 0.19653846
v -0.08187158 -0.11600731 0.19630593
v -0.06963143 -0.11720330 0.19591731
v -0.05667701 -0.11511722 0.19463854
v -0.04336543 -0.11146494 0.19293404
v -0.03043560 -0.10964847 0.19172643
v -0.01749021 -0.10782983 0.19051740
v -0.00446866 -0.10573733 0.18923312
v 0.00745698 -0.10859511 0.18929251
v 0.01886815 -0.11372271 0.18996871
v 0.03028771 -0.11877638 0.19062528
v 0.04169982 -0.12382676 0.19128142
v 0.05417715 -0.12423883 0.19067639
v 0.06674560 -0.12429259 0.18997343
v 0.07932284 -0.12434638 0.18926997
v 0.09219259 -0.12320086 0.18823944
v 0.10519801 -0.12154011 0.18706784
v 0.11814803 -0.12017146 0.18597499
v 0.13095982 -0.11943152 0.18505274
v 0.14386326 -0.11836251 0.18404008
v 0.15705319 -0.11617651 0.18272200
v 0.17057818 -0.11269993 0.18105082
v 0.18587348 -0.10218427 0.17745690
v 0.19994399 -0.09674378 0.17524631
v 0.21215528 -0.09879300 0.17508017
v 0.22410043 -0.10189968 0.17520286
v 0.23560390 -0.10672973 0.17579679
v 0.24767090 -0.10933895 0.17578380
v 0.26023263 -0.11003736 0.17524804
v 0.27280098 -0.11073614 0.17471203
v 0.28537416 -0.11144240 0.17417768
v 0.29794967 -0.11216531 0.17364749
v 0.31043392 -0.11325667 0.17321786
v 0.32297558 -0.11415382 0.17273471
v 0.33583626 -0.11388842 0.17193249
v 0.34923512 -0.11167383 0.17059509
v 0.36358345 -0.10603853 0.16831826
v 0.37650236 -0.10571798 0.16749844
v 0.38900080 -0.10695770 0.16710639
v 0.40134606 -0.10876667 0.16687042
v 0.41369417 -0.11057603 0.16663440
v 0.42603746 -0.11241313 0.16640581
v 0.43830881 -0.11451468 0.16624977
v 0.45051286 -0.11685937 0.16616051
v 0.46271259 -0.11922313 0.16607641
v 0.47491333 -0.12158707 0.16599230
v 0.48711509 -0.12395120 0.16590820
v 0.49931785 -0.12631555 0.16582409
v 0.51152158 -0.12868008 0.16573998
v 0.52372640 -0.13104481 0.16565585
v 0.53593218 -0.13340972 0.16557170
v 0.54813898 -0.13577485 0.16548759
v 0.56037420 -0.13804904 0.16537827
v 0.57264584 -0.14020707 0.16523685
v 0.58491957 -0.14236437 0.16509509
v 0.59719503 -0.14452198 0.16495334
v 0.60947210 -0.14667988 0.16481155
v 0.62175095 -0.14883807 0.16466975
v 0.63403153 -0.15099657 0.16452792
v 0.64631379 -0.15315539 0.16438609
v 0.65859777 -0.15531448 0.16424422
v 0.67098475 -0.15715373 0.16401371
v 0.68340307 -0.15890357 0.16375828
v 0.69585109 -0.16065216 0.16337752
v 0.70827001 -0.16233960 0.16322917
v 0.72071928 -0.16402453 0.16295516
v 0.73317182 -0.16570991 0.16268110
v 0.74562776 -0.16739576 0.16240695
v 0.75827724 -0.16850337 0.16197211
v 0.77102554 -0.16932887 0.16145861
v 0.78378028 -0.17015481 0.16094488
v 0.79654145 -0.17098114 0.16043086
v 0.80930895 -0.17180803 0.15991665
v 0.82219243 -0.17231096 0.15931197
v 0.83513874 -0.17265172 0.15866172
v 0.84809327 -0.17299269 0.15801109
v 0.86105603 -0.17333388 0.15736002
v 0.87397403 -0.17382927 0.15675141
v 0.88682491 -0.17454094 0.15620263
v 0.89957798 -0.17555340 0.15573724
v 0.91226608 -0.17676869 0.15532807
v 0.92532563 -0.17694302 0.15462829
v 0.94011736 -0.17224501 0.15256874
v 0.95560223 -0.16567118 0.14998417
v -0.95825720 -0.11394157 0.25807923
v -0.94943738 -0.14585555 0.26578680
v -0.93916142 -0.16186005 0.26932031
v -0.92780918 -0.16656379 0.26988658
v -0.91645992 -0.17122765 0.27044272
v -0.90508986 -0.17562115 0.27092820
v -0.89353222 -0.17815150 0.27092388
v -0.88162106 -0.17733258 0.27003819
v -0.86969990 -0.17652102 0.26915380
v -0.85777485 -0.17577414 0.26828584
v -0.84586120 -0.17522633 0.26746970
v -0.83394164 -0.17471538 0.26666272
v -0.82200569 -0.17414762 0.26584020
v -0.81004709 -0.17347112 0.26498845
v -0.79807800 -0.17279404 0.26413593
v -0.78609544 -0.17209271 0.26327640
v -0.77409708 -0.17134684 0.26240456
v -0.76208788 -0.17060030 0.26153192
v -0.75003076 -0.16955203 0.26057893
v -0.73792517 -0.16821013 0.25954771
v -0.72580677 -0.16686684 0.25851542
v -0.71367538 -0.16552210 0.25748199
v -0.70152092 -0.16409740 0.25642672
v -0.68933803 -0.16255507 0.25533956
v -0.67714143 -0.16101103 0.25425118
v -0.66493118 -0.15946525 0.25316161
v -0.65261751 -0.15725930 0.25189638
v -0.64028382 -0.15502162 0.25062189
v -0.62793398 -0.15278101 0.24934568
v -0.61556792 -0.15053745 0.24806781
v -0.60318571 -0.14829096 0.24678826
v -0.59078723 -0.14604151 0.24550706
v -0.57839417 -0.14393705 0.24426343
v -0.56603730 -0.14218250 0.24311183
v -0.55367941 -0.14051591 0.24198280
v -0.54132044 -0.13893497 0.24087575
v -0.52894753 -0.13735226 0.23976743
v -0.51656061 -0.13576773 0.23865788
v -0.50414467 -0.13408458 0.23752131
v -0.49169770 -0.13229524 0.23635566
v -0.47923604 -0.13050379 0.23518865
v -0.46683288 -0.12916580 0.23414156
v -0.45456797 -0.12875751 0.23334141
v -0.44229302 -0.12834887 0.23254061
v -0.43000814 -0.12793992 0.23173915
v -0.41758311 -0.12675466 0.23073009
v -0.40510815 -0.12534840 0.22966138
v -0.39262289 -0.12395953 0.22859657
v -0.38012415 -0.12256917 0.22753060
v -0.36761186 -0.12117729 0.22646348
v -0.35508600 -0.11978392 0.22539519
v -0.34260738 -0.11873129 0.22441722
v -0.33015734 -0.11790602 0.22349933
v -0.31769571 -0.11708000 0.22258061
v -0.30478117 -0.11383609 0.22101440
v -0.29155684 -0.10901657 0.21902540
v -0.27830586 -0.10418735 0.21703242
v -0.26503187 -0.09936805 0.21504068
v -0.25133374 -0.09451543 0.21276182
v -0.23835902 -0.08946580 0.21098232
v -0.22495727 -0.08437293 0.20891300
v -0.20931326 -0.06787171 0.20378260
v -0.19288661 -0.04736332 0.19783725
v -0.18478057 -0.07002434 0.20294575
v -0.17585681 -0.08791099 0.20703997
v -0.16417101 -0.09180047 0.20737790
v -0.15231416 -0.09482510 0.20748374
v -0.14023525 -0.09787865 0.20759565
v -0.12780362 -0.09698754 0.20665066
v -0.11512122 -0.09605015 0.20569076
v -0.10242661 -0.09511188 0.20472996
v -0.08932892 -0.09232119 0.20326991
v -0.07581536 -0.08766206 0.20130578
v -0.06234532 -0.08332073 0.19942586
v -0.04884990 -0.07897123 0.19754238
v -0.03579169 -0.07673714 0.19622773
v -0.02280234 -0.07489198 0.19501698
v -0.00965224 -0.07238897 0.19362795
v 0.00303110 -0.07205804 0.19282398
v 0.01438164 -0.07770551 0.19363303
v 0.02578210 -0.08308745 0.19437097
v 0.03724157 -0.08816984 0.19502853
v 0.04862303 -0.09355588 0.19576861
v 0.05964987 -0.10043389 0.19691248
v 0.07066414 -0.10730406 0.19805503
v 0.08193830 -0.11300621 0.19888248
v 0.09466371 -0.11252877 0.19803843
v 0.10754029 -0.11146149 0.19703414
v 0.12035201 -0.11071728 0.19611660
v 0.13317548 -0.10997240 0.19519822
v 0.14614098 -0.10869158 0.19413398
v 0.15928079 -0.10675426 0.19289102
v 0.17271307 -0.10369550 0.19134307
v 0.18811768 -0.09277859 0.18766242
v 0.20110154 -0.09172232 0.18665488
v 0.21360824 -0.09261054 0.18617445
v 0.22536565 -0.09647675 0.18650235
v 0.23684578 -0.10141256 0.18712105
v 0.24835990 -0.10618570 0.18769597
v 0.25986746 -0.11095609 0.18827055
v 0.27241665 -0.11170038 0.18775071
v 0.28498173 -0.11240920 0.18722086
v 0.29754984 -0.11313192 0.18669437
v 0.31012455 -0.11385503 0.18616763
v 0.32259828 -0.11498060 0.18575010
v 0.33502069 -0.11631668 0.18538962
v 0.34766617 -0.11684600 0.18480904
v 0.36053544 -0.11658169 0.18401167
v 0.37357038 -0.11575029 0.18305907
v 0.38748282 -0.11178439 0.18125060
v 0.40040481 -0.11146632 0.18043640
v 0.41310003 -0.11199650 0.17985320
v 0.42543665 -0.11382786 0.17962497
v 0.43777215 -0.11567358 0.17940050
v 0.45011035 -0.11751971 0.17917597
v 0.46236688 -0.11966103 0.17903200
v 0.47457570 -0.12197415 0.17893489
v 0.48678091 -0.12430397 0.17884229
v 0.49897760 -0.12666716 0.17875876
v 0.51117527 -0.12903051 0.17867522
v 0.52337396 -0.13139409 0.17859167
v 0.53557360 -0.13375784 0.17850810
v 0.54777431 -0.13612179 0.17842454
v 0.55999732 -0.13841496 0.17832151
v 0.57224280 -0.14063828 0.17819925
v 0.58449072 -0.14285861 0.17807606
v 0.59675974 -0.14501514 0.17793529
v 0.60903049 -0.14717197 0.17779449
v 0.62130296 -0.14932911 0.17765367
v 0.63357705 -0.15148653 0.17751282
v 0.64585292 -0.15364425 0.17737196
v 0.65813047 -0.15580228 0.17723109
v 0.67050755 -0.15765139 0.17700511
v 0.68291938 -0.15940040 0.17675143
v 0.69533432 -0.16114983 0.17649768
v 0.70775241 -0.16289970 0.17624389
v 0.72017717 -0.16463873 0.17598690
v 0.73262298 -0.16632329 0.17571473
v 0.74507213 -0.16800831 0.17544247
v 0.75776577 -0.16896002 0.17496777
v 0.77050740 -0.16978522 0.17445783
v 0.78325528 -0.17061104 0.17394768
v 0.79600960 -0.17143747 0.17343733
v 0.80877036 -0.17226431 0.17292671
v 0.82171726 -0.17255889 0.17226866
v 0.83466744 -0.17286882 0.17161439
v 0.84761560 -0.17320970 0.17096819
v 0.86057186 -0.17355078 0.17032155
v 0.87340653 -0.17426927 0.16977890
v 0.88618189 -0.17517881 0.16928871
v 0.89901042 -0.17595425 0.16876106
v 0.91175193 -0.17699736 0.16830714
v 0.92470145 -0.17746611 0.16769375
v 0.94001764 -0.17126387 0.16523060
v 0.95549744 -0.16469094 0.16266285
v -0.95720351 -0.10704498 0.26856756
v -0.94838345 -0.13900223 0.27623731
v -0.93867207 -0.16084960 0.28127334
v -0.92732334 -0.16555226 0.28183591
v -0.91597712 -0.17021087 0.28238738
v -0.90461051 -0.17460333 0.28286970
v -0.89318603 -0.17838153 0.28319180
v -0.88128030 -0.17756310 0.28231212
v -0.86936843 -0.17678812 0.28144324
v -0.85744911 -0.17604411 0.28058183
v -0.84554499 -0.17553395 0.27978101
v -0.83361709 -0.17489980 0.27894723
v -0.82163465 -0.17387637 0.27801085
v -0.80967408 -0.17314249 0.27714971
v -0.79770947 -0.17246552 0.27630287
v -0.78573138 -0.17176351 0.27544889
v -0.77373749 -0.17101780 0.27458283
v -0.76169902 -0.16999346 0.27364311
v -0.74960977 -0.16865242 0.27261955
v -0.73750770 -0.16730997 0.27159491
v -0.72539282 -0.16596608 0.27056921
v -0.71326494 -0.16462076 0.26954240
v -0.70112425 -0.16327430 0.26851454
v -0.68897063 -0.16192664 0.26748571
v -0.67677879 -0.16038802 0.26640588
v -0.66451919 -0.15844528 0.26521897
v -0.65220487 -0.15621050 0.26395437
v -0.63987458 -0.15397277 0.26268810
v -0.62758946 -0.15217155 0.26153594
v -0.61529803 -0.15042703 0.26039788
v -0.60299218 -0.14868046 0.25925851
v -0.59067184 -0.14693183 0.25811779
v -0.57833701 -0.14518115 0.25697574
v -0.56598771 -0.14342840 0.25583234
v -0.55363870 -0.14177309 0.25471386
v -0.54126573 -0.14005150 0.25357708
v -0.52886951 -0.13826983 0.25242367
v -0.51645851 -0.13648604 0.25126883
v -0.50403279 -0.13470012 0.25011265
v -0.49163821 -0.13320269 0.24903196
v -0.47940403 -0.13279672 0.24823920
v -0.46715993 -0.13239042 0.24744581
v -0.45480680 -0.13137487 0.24649057
v -0.44237766 -0.12996943 0.24543142
v -0.42993507 -0.12856250 0.24437115
v -0.41747898 -0.12715401 0.24330971
v -0.40500933 -0.12574400 0.24224710
v -0.39253008 -0.12435564 0.24118951
v -0.38003746 -0.12296618 0.24013087
v -0.36753127 -0.12157521 0.23907109
v -0.35507217 -0.12052704 0.23810156
v -0.34264079 -0.11970346 0.23719098
v -0.32990944 -0.11727018 0.23585214
v -0.31673160 -0.11246186 0.23388128
v -0.30352730 -0.10764389 0.23190640
v -0.29029644 -0.10281623 0.22992757
v -0.27703896 -0.09797885 0.22794479
v -0.26375839 -0.09315117 0.22596315
v -0.25042072 -0.08815317 0.22393478
v -0.23622543 -0.07879718 0.22074445
v -0.21889226 -0.05335822 0.21326751
v -0.20221309 -0.03176887 0.20681113
v -0.18893716 -0.02796061 0.20509028
v -0.18047036 -0.04859464 0.20988634
v -0.17012554 -0.05950366 0.21209146
v -0.15812029 -0.06201355 0.21205674
v -0.14622143 -0.06505056 0.21216269
v -0.13391855 -0.06610405 0.21173900
v -0.12119643 -0.06514861 0.21077836
v -0.10837377 -0.06376752 0.20970328
v -0.09538393 -0.06165282 0.20843132
v -0.08180888 -0.05684183 0.20643736
v -0.06810860 -0.05156056 0.20431618
v -0.05451599 -0.04690610 0.20236126
v -0.04118694 -0.04358513 0.20076191
v -0.02807015 -0.04133127 0.19944724
v -0.01487432 -0.03879299 0.19805542
v -0.00166011 -0.03625119 0.19666168
v 0.00996791 -0.04090365 0.19719571
v 0.02135810 -0.04658484 0.19800602
v 0.03274732 -0.05222498 0.19880591
v 0.04424699 -0.05733637 0.19946444
v 0.05541212 -0.06386780 0.20050469
v 0.06647426 -0.07078726 0.20164990
v 0.07752374 -0.07769880 0.20279382
v 0.08845550 -0.08504990 0.20405668
v 0.09964650 -0.09123725 0.20500755
v 0.11128493 -0.09549593 0.20544039
v 0.12294769 -0.09963027 0.20584005
v 0.13539484 -0.10049750 0.20536065
v 0.14842261 -0.09900398 0.20424528
v 0.16157517 -0.09705897 0.20300752
v 0.17485125 -0.09467719 0.20165117
v 0.19403009 -0.06861031 0.19390982
v 0.20332037 -0.08245893 0.19692554
v 0.21506231 -0.08642329 0.19727732
v 0.22663160 -0.09105073 0.19780825
v 0.23810644 -0.09602159 0.19843227
v 0.24960521 -0.10086846 0.19902328
v 0.26111549 -0.10564167 0.19959480
v 0.27261925 -0.11041215 0.20016599
v 0.28458974 -0.11337485 0.20024893
v 0.29715049 -0.11409742 0.19972616
v 0.30971780 -0.11482037 0.19920313
v 0.32229167 -0.11554369 0.19867982
v 0.33475479 -0.11670341 0.19827428
v 0.34717536 -0.11803937 0.19791615
v 0.35960037 -0.11937580 0.19755791
v 0.37235218 -0.11953769 0.19688112
v 0.38523000 -0.11927446 0.19608860
v 0.39811799 -0.11901103 0.19529544
v 0.41135806 -0.11752445 0.19416989
v 0.42422304 -0.11742248 0.19341929
v 0.43705413 -0.11747438 0.19270992
v 0.44949442 -0.11893057 0.19238143
v 0.46182740 -0.12077609 0.19215845
v 0.47416312 -0.12262201 0.19193543
v 0.48640454 -0.12480301 0.19180335
v 0.49860939 -0.12711540 0.19170691
v 0.51081532 -0.12942801 0.19161046
v 0.52302182 -0.13174301 0.19151458
v 0.53521544 -0.13410561 0.19143161
v 0.54741001 -0.13646840 0.19134863
v 0.55962092 -0.13878052 0.19125177
v 0.57186019 -0.14100276 0.19113036
v 0.58410096 -0.14322525 0.19100891
v 0.59634322 -0.14544803 0.19088747
v 0.60858929 -0.14766352 0.19076392
v 0.62085533 -0.14981957 0.19062409
v 0.63312304 -0.15197590 0.19048421
v 0.64539254 -0.15413256 0.19034433
v 0.65766370 -0.15628950 0.19020444
v 0.67003083 -0.15814848 0.18998298
v 0.68243617 -0.15989666 0.18973108
v 0.69484460 -0.16164525 0.18947908
v 0.70725608 -0.16339429 0.18922703
v 0.71967065 -0.16514376 0.18897492
v 0.73208845 -0.16689368 0.18872274
v 0.74452639 -0.16859174 0.18845619
v 0.75725478 -0.16941649 0.18795010
v 0.76998949 -0.17024176 0.18744378
v 0.78273064 -0.17106746 0.18693723
v 0.79547828 -0.17189357 0.18643042
v 0.80827188 -0.17260198 0.18589091
v 0.82123339 -0.17283355 0.18522012
v 0.83419669 -0.17308570 0.18455449
v 0.84713835 -0.17342649 0.18391272
v 0.86008823 -0.17376749 0.18327053
v 0.87286097 -0.17464681 0.18277588
v 0.88562971 -0.17555599 0.18228909
v 0.89840478 -0.17646560 0.18180208
v 0.91108805 -0.17737848 0.18162332
v 0.92448229 -0.17683887 0.18042882
v 0.93991798 -0.17028336 0.17788428
v 0.95539260 -0.16371132 0.17533332
v -0.95617199 -0.10038805 0.27913031
v -0.94732851 -0.13214210 0.28669822
v -0.93818295 -0.15983976 0.29321930
v -0.92683774 -0.16454133 0.29377821
v -0.91549462 -0.16919470 0.29432502
v -0.90413147 -0.17358612 0.29480419
v -0.89277399 -0.17797534 0.29528314
v -0.88094056 -0.17780022 0.29457647
v -0.86903721 -0.17705497 0.29372111
v -0.85712767 -0.17635106 0.29287592
v -0.84522909 -0.17584129 0.29208064
v -0.83328319 -0.17499761 0.29119796
v -0.82130599 -0.17397469 0.29026797
v -0.80931711 -0.17295079 0.28933710
v -0.79734123 -0.17213728 0.28846034
v -0.78536761 -0.17143458 0.28761190
v -0.77334756 -0.17043434 0.28668529
v -0.76127476 -0.16909467 0.28566954
v -0.74918908 -0.16775358 0.28465268
v -0.73709059 -0.16641106 0.28363475
v -0.72497922 -0.16506711 0.28261578
v -0.71285498 -0.16372174 0.28159571
v -0.70072007 -0.16239218 0.28057903
v -0.68857795 -0.16110463 0.27957264
v -0.67641884 -0.15978342 0.27855673
v -0.66422075 -0.15826760 0.27748924
v -0.65199268 -0.15662898 0.27638888
v -0.63973308 -0.15486245 0.27525431
v -0.62745911 -0.15309386 0.27411839
v -0.61517060 -0.15132318 0.27298114
v -0.60286760 -0.14955039 0.27184251
v -0.59055001 -0.14777553 0.27070257
v -0.57821786 -0.14599855 0.26956126
v -0.56587112 -0.14421947 0.26841858
v -0.55351019 -0.14244083 0.26727524
v -0.54113489 -0.14066254 0.26613119
v -0.52874500 -0.13888216 0.26498580
v -0.51635993 -0.13722597 0.26387221
v -0.50415641 -0.13682233 0.26308680
v -0.49187315 -0.13597555 0.26218444
v -0.47949037 -0.13457558 0.26113603
v -0.46709415 -0.13317409 0.26008648
v -0.45468459 -0.13177112 0.25903580
v -0.44226149 -0.13036659 0.25798395
v -0.42982495 -0.12896055 0.25693101
v -0.41737494 -0.12755299 0.25587690
v -0.40491137 -0.12614389 0.25482166
v -0.39243737 -0.12475137 0.25377005
v -0.37995085 -0.12336279 0.25271872
v -0.36751118 -0.12231906 0.25175759
v -0.35495695 -0.12069322 0.25064221
v -0.34182540 -0.11589608 0.24868931
v -0.32866752 -0.11108930 0.24673250
v -0.31548321 -0.10627288 0.24477175
v -0.30227244 -0.10144678 0.24280706
v -0.28903505 -0.09661097 0.24083842
v -0.27577105 -0.09176543 0.23886581
v -0.26246750 -0.08684216 0.23687126
v -0.24609618 -0.06584444 0.23062348
v -0.22878385 -0.04033231 0.22317678
v -0.21151257 -0.01552181 0.21591052
v -0.19135626 0.02366425 0.20483266
v -0.18512560 -0.00892315 0.21275842
v -0.17603919 -0.02655480 0.21672688
v -0.16416180 -0.02993232 0.21691982
v -0.15203032 -0.03203361 0.21677451
v -0.14007477 -0.03501204 0.21686175
v -0.12731266 -0.03403828 0.21590032
v -0.11430915 -0.03195220 0.21464297
v -0.10127801 -0.02980976 0.21336976
v -0.08796207 -0.02638454 0.21175490
v -0.07422332 -0.02105338 0.20963241
v -0.06045519 -0.01571083 0.20750539
v -0.04607285 -0.00763033 0.20464881
v -0.03242623 -0.00312125 0.20274021
v -0.01875347 0.00139647 0.20082797
v -0.00505451 0.00592285 0.19891207
v 0.00686554 0.00229829 0.19916536
v 0.01772366 -0.00607542 0.20068395
v 0.02856531 -0.01443642 0.20220025
v 0.03980778 -0.02094112 0.20322275
v 0.05113922 -0.02699850 0.20412672
v 0.06216064 -0.03435534 0.20537795
v 0.07314661 -0.04179650 0.20665261
v 0.08411855 -0.04922816 0.20792562
v 0.09515181 -0.05632947 0.20911133
v 0.10661902 -0.06153219 0.20979068
v 0.11818497 -0.06628396 0.21034999
v 0.12988706 -0.07043859 0.21075007
v 0.14169198 -0.07414658 0.21103099
v 0.15432383 -0.07444160 0.21039902
v 0.16696370 -0.07473681 0.20976666
v 0.18264586 -0.06273613 0.20584194
v 0.19897358 -0.04833932 0.20127267
v 0.20828886 -0.06220460 0.20427199
v 0.21742381 -0.07663348 0.20742451
v 0.22789827 -0.08562162 0.20912059
v 0.23937599 -0.09059559 0.20974126
v 0.25085118 -0.09554836 0.21035670
v 0.26236424 -0.10032438 0.21092513
v 0.27387071 -0.10509767 0.21149324
v 0.28536707 -0.10988174 0.21206465
v 0.29685581 -0.11466696 0.21263678
v 0.30931154 -0.11578459 0.21222356
v 0.32187805 -0.11650775 0.21170396
v 0.33445111 -0.11723128 0.21118408
v 0.34690347 -0.11842511 0.21079037
v 0.35932222 -0.11976095 0.21043462
v 0.37174544 -0.12109726 0.21007873
v 0.38417307 -0.12243405 0.20972271
v 0.39703357 -0.12222885 0.20895094
v 0.40991992 -0.12196673 0.20816326
v 0.42275220 -0.12193301 0.20743662
v 0.43529508 -0.12295514 0.20699425
v 0.44786617 -0.12389801 0.20653018
v 0.46069783 -0.12395216 0.20582588
v 0.47353202 -0.12402901 0.20512718
v 0.48586249 -0.12587433 0.20490572
v 0.49819574 -0.12772004 0.20468421
v 0.51042187 -0.12994064 0.20456390
v 0.52262259 -0.13225229 0.20446810
v 0.53482455 -0.13456416 0.20437230
v 0.54702771 -0.13687627 0.20427650
v 0.55923975 -0.13916266 0.20417367
v 0.57147807 -0.14136687 0.20404850
v 0.58371264 -0.14358827 0.20392790
v 0.59594870 -0.14580995 0.20380729
v 0.60818624 -0.14803189 0.20368665
v 0.62042534 -0.15025410 0.20356601
v 0.63266957 -0.15246478 0.20344217
v 0.64493257 -0.15462035 0.20330326
v 0.65719736 -0.15677620 0.20316432
v 0.66955471 -0.15864502 0.20294733
v 0.68195349 -0.16039233 0.20269716
v 0.69435537 -0.16214009 0.20244694
v 0.70676035 -0.16388828 0.20219664
v 0.71915901 -0.16566625 0.20195426
v 0.73155552 -0.16746023 0.20171610
v 0.74402285 -0.16904725 0.20142138
v 0.75674444 -0.16987185 0.20091885
v 0.76947248 -0.17069690 0.20041610
v 0.78220689 -0.17152236 0.19991307
v 0.79494774 -0.17234826 0.19940983
v 0.80779523 -0.17287597 0.19882487
v 0.82075006 -0.17310797 0.19815885
v 0.83371365 -0.17333965 0.19749221
v 0.84666157 -0.17364308 0.19684471
v 0.85955995 -0.17411561 0.19624288
v 0.87231600 -0.17502397 0.19575971
v 0.88507819 -0.17593278 0.19527631
v 0.89784652 -0.17684203 0.19479267
v 0.91063255 -0.17771885 0.19429980
v 0.92440593 -0.17580649 0.19304346
v 0.93981838 -0.16930349 0.19052978
v 0.95528787 -0.16273235 0.18799560
v -0.95514554 -0.09378874 0.28971931
v -0.94627249 -0.12527512 0.29716960
v -0.93752193 -0.15706538 0.30470333
v -0.92635250 -0.16353099 0.30571350
v -0.91501242 -0.16817911 0.30625561
v -0.90365273 -0.17256950 0.30673164
v -0.89229876 -0.17695768 0.30720744
v -0.88060427 -0.17806636 0.30683690
v -0.86870629 -0.17732157 0.30598748
v -0.85680652 -0.17665774 0.30515835
v -0.84491003 -0.17611679 0.30436045
v -0.83294964 -0.17509536 0.30343771
v -0.82097757 -0.17407294 0.30251411
v -0.80899388 -0.17304952 0.30158961
v -0.79699850 -0.17202510 0.30066422
v -0.78497958 -0.17089990 0.29971206
v -0.77293038 -0.16962197 0.29871970
v -0.76086861 -0.16834272 0.29772633
v -0.74879420 -0.16706212 0.29673189
v -0.73670721 -0.16578019 0.29573643
v -0.72460747 -0.16449691 0.29473993
v -0.71249515 -0.16321230 0.29374236
v -0.70037013 -0.16192633 0.29274377
v -0.68823236 -0.16063903 0.29174411
v -0.67606419 -0.15921739 0.29070890
v -0.66387028 -0.15770179 0.28964853
v -0.65166289 -0.15618449 0.28858700
v -0.63944191 -0.15466553 0.28752428
v -0.62720728 -0.15314485 0.28646037
v -0.61495906 -0.15162250 0.28539532
v -0.60269731 -0.15009846 0.28432903
v -0.59039408 -0.14838128 0.28321174
v -0.57806820 -0.14660558 0.28207842
v -0.56572783 -0.14482778 0.28094375
v -0.55337310 -0.14304994 0.27980831
v -0.54100424 -0.14127295 0.27867225
v -0.52878314 -0.14055683 0.27781209
v -0.51644641 -0.13916227 0.27677432
v -0.50409633 -0.13776624 0.27573544
v -0.49173298 -0.13636869 0.27469546
v -0.47935620 -0.13496964 0.27365431
v -0.46696603 -0.13356905 0.27261207
v -0.45456243 -0.13216695 0.27156866
v -0.44214541 -0.13076334 0.27052414
v -0.42971495 -0.12935822 0.26947853
v -0.41727099 -0.12795156 0.26843172
v -0.40481353 -0.12654337 0.26738381
v -0.39234477 -0.12514670 0.26633820
v -0.37992409 -0.12410528 0.26538485
v -0.36683863 -0.11931925 0.26344982
v -0.35372692 -0.11452363 0.26151091
v -0.34058896 -0.10971841 0.25956813
v -0.32742462 -0.10490353 0.25762147
v -0.31423318 -0.10007516 0.25566986
v -0.30102104 -0.09526914 0.25372276
v -0.28778240 -0.09045351 0.25177175
v -0.27320439 -0.07856862 0.24796277
v -0.25605819 -0.05325385 0.24062283
v -0.23878016 -0.02773538 0.23322415
v -0.18472140 0.05736335 0.20874909
v -0.17905821 0.02162274 0.21745113
v -0.16921300 0.00760014 0.22044145
v -0.15745603 0.00335909 0.22085771
v -0.14570400 -0.00088016 0.22127379
v -0.13311236 -0.00095088 0.22059153
v -0.11969828 0.00295999 0.21885902
v -0.10626070 0.00687772 0.21712348
v -0.09273303 0.01112257 0.21530040
v -0.07793389 0.02132789 0.21190289
v -0.06308398 0.03156821 0.20849371
v -0.00681224 0.05617123 0.19915791
v 0.00553755 0.05415612 0.19897962
v 0.01646284 0.04569181 0.20050760
v 0.02737145 0.03724040 0.20203327
v 0.03826343 0.02880186 0.20355660
v 0.04898548 0.01969871 0.20525704
v 0.05914334 0.00821666 0.20758903
v 0.06927747 -0.00323859 0.20991559
v 0.07974659 -0.01311737 0.21182579
v 0.09075151 -0.02059261 0.21309981
v 0.10213556 -0.02638356 0.21392782
v 0.11364129 -0.03161510 0.21460794
v 0.12513915 -0.03684305 0.21528758
v 0.13687506 -0.04104239 0.21569450
v 0.14928243 -0.04244125 0.21535756
v 0.16186033 -0.04315701 0.21483877
v 0.17432518 -0.04436146 0.21444960
v 0.19441429 -0.01468780 0.20584632
v 0.20393962 -0.02797586 0.20866913
v 0.21328007 -0.04185775 0.21165201
v 0.22225796 -0.05702664 0.21497975
v 0.23115316 -0.07235243 0.21835168
v 0.24064623 -0.08516650 0.22105668
v 0.25211966 -0.09014046 0.22167362
v 0.26361364 -0.09500421 0.22226161
v 0.27512282 -0.09978047 0.22282667
v 0.28662091 -0.10457126 0.22339603
v 0.29811239 -0.10935932 0.22396505
v 0.30959722 -0.11414459 0.22453374
v 0.32146487 -0.11747069 0.22471301
v 0.33403057 -0.11819406 0.22419684
v 0.34660283 -0.11891779 0.22368041
v 0.35904434 -0.12014572 0.22329843
v 0.37146127 -0.12148143 0.22294502
v 0.38388264 -0.12281761 0.22259147
v 0.39630845 -0.12415428 0.22223781
v 0.40882564 -0.12518038 0.22180071
v 0.42162618 -0.12521878 0.22109868
v 0.43443111 -0.12527405 0.22040066
v 0.44724503 -0.12532936 0.21970214
v 0.45960975 -0.12698476 0.21943228
v 0.47200999 -0.12852891 0.21913238
v 0.48444214 -0.12997650 0.21880636
v 0.49715424 -0.13047855 0.21822619
v 0.50987750 -0.13096829 0.21764234
v 0.52220821 -0.13281381 0.21742234
v 0.53441876 -0.13507390 0.21731362
v 0.54661554 -0.13738482 0.21721847
v 0.55881649 -0.13968590 0.21712063
v 0.57105124 -0.14187928 0.21699372
v 0.58328754 -0.14407291 0.21686679
v 0.59552544 -0.14626683 0.21673985
v 0.60776490 -0.14846104 0.21661291
v 0.62000597 -0.15065552 0.21648593
v 0.63224852 -0.15285029 0.21635894
v 0.64448917 -0.15505654 0.21623497
v 0.65673155 -0.15726240 0.21611078
v 0.66907901 -0.15914103 0.21589820
v 0.68146056 -0.16092135 0.21565892
v 0.69384152 -0.16271314 0.21542259
v 0.70622540 -0.16450536 0.21518615
v 0.71861231 -0.16629802 0.21494971
v 0.73100215 -0.16809110 0.21471319
v 0.74351990 -0.16950217 0.21437317
v 0.75623477 -0.17032644 0.21387418
v 0.76895612 -0.17115115 0.21337491
v 0.78168386 -0.17197628 0.21287541
v 0.79441798 -0.17280187 0.21237566
v 0.80731922 -0.17314887 0.21174589
v 0.82026750 -0.17338121 0.21108456
v 0.83322424 -0.17361367 0.21042280
v 0.84618527 -0.17385946 0.20976418
v 0.85902208 -0.17449275 0.20921020
v 0.87177157 -0.17540076 0.20873041
v 0.88454658 -0.17625314 0.20823514
v 0.89732927 -0.17710210 0.20773858
v 0.91011834 -0.17795150 0.20724177
v 0.92441690 -0.17452659 0.20558271
v 0.93971878 -0.16832426 0.20316713
v 0.95518321 -0.16175400 0.20064971
v -0.94522262 -0.11847685 0.30767071
v -0.93646467 -0.15023457 0.31514731
v -0.92586750 -0.16252127 0.31764171
v -0.91453052 -0.16716413 0.31817922
v -0.90317428 -0.17155348 0.31865212
v -0.89182377 -0.17594063 0.31912476
v -0.88026828 -0.17833224 0.31908590
v -0.86837572 -0.17758791 0.31824234
v -0.85648572 -0.17696412 0.31742913
v -0.84457147 -0.17621395 0.31658289
v -0.83261633 -0.17519301 0.31566659
v -0.82064950 -0.17417111 0.31474933
v -0.80867100 -0.17314819 0.31383121
v -0.79667407 -0.17206660 0.31289735
v -0.78463715 -0.17074752 0.31190175
v -0.77258307 -0.16938907 0.31089535
v -0.76051849 -0.16804917 0.30989298
v -0.74844116 -0.16670781 0.30888957
v -0.73635101 -0.16536507 0.30788511
v -0.72424924 -0.16403092 0.30688214
v -0.71214122 -0.16274656 0.30589134
v -0.70002049 -0.16146083 0.30489948
v -0.68788600 -0.16016546 0.30390441
v -0.67570978 -0.15865175 0.30285236
v -0.66352016 -0.15713638 0.30179912
v -0.65131688 -0.15561932 0.30074471
v -0.63910007 -0.15410057 0.29968911
v -0.62686968 -0.15258014 0.29863238
v -0.61462569 -0.15105803 0.29757443
v -0.60236812 -0.14953421 0.29651535
v -0.59010094 -0.14803730 0.29546246
v -0.57782042 -0.14654024 0.29440880
v -0.56552631 -0.14504151 0.29335395
v -0.55322897 -0.14361024 0.29231587
v -0.54092479 -0.14222102 0.29128790
v -0.52860731 -0.14083029 0.29025885
v -0.51627660 -0.13943808 0.28922868
v -0.50393254 -0.13804437 0.28819743
v -0.49157518 -0.13664915 0.28716505
v -0.47920448 -0.13525242 0.28613156
v -0.46682036 -0.13385417 0.28509694
v -0.45442286 -0.13245441 0.28406119
v -0.44201192 -0.13105315 0.28302434
v -0.42958757 -0.12965037 0.28198636
v -0.41714975 -0.12824605 0.28094724
v -0.40469843 -0.12684023 0.27990702
v -0.39178270 -0.12279627 0.27817985
v -0.37872192 -0.11803986 0.27626607
v -0.36563516 -0.11327397 0.27434850
v -0.35252222 -0.10849857 0.27242711
v -0.33938313 -0.10371363 0.27050188
v -0.32621771 -0.09891913 0.26857278
v -0.31302598 -0.09411503 0.26663983
v -0.29980785 -0.08930130 0.26470301
v -0.28323051 -0.06639621 0.25804579
v -0.26612645 -0.04111602 0.25076416
v -0.24887204 -0.01553033 0.24339761
v -0.17990594 0.08169612 0.21521682
v -0.16896799 0.07269071 0.21686989
v -0.15812483 0.06331289 0.21862154
v -0.14730079 0.05395162 0.22037010
v -0.13556916 0.04921681 0.22090884
v -0.00859076 0.10701407 0.19940664
v 0.00419326 0.10665022 0.19879162
v 0.01518655 0.09809367 0.20032911
v 0.02616296 0.08955025 0.20186426
v 0.03712253 0.08101995 0.20339704
v 0.04798082 0.07212663 0.20502640
v 0.05820232 0.06051230 0.20737301
v 0.06839981 0.04892526 0.20971411
v 0.07857335 0.03736541 0.21204969
v 0.08872305 0.02583265 0.21437982
v 0.09927627 0.01615992 0.21622139
v 0.11019149 0.00813017 0.21763118
v 0.12109122 0.00011182 0.21903892
v 0.13225046 -0.00674072 0.22014011
v 0.14418289 -0.01031120 0.22037593
v 0.15668456 -0.01151309 0.21998659
v 0.16919117 -0.01271545 0.21959706
v 0.19836107 0.05406618 0.20124602
v 0.20368317 0.02323459 0.20868033
v 0.20896582 -0.00736850 0.21605951
v 0.21817641 -0.02188827 0.21919024
v 0.22711328 -0.03733376 0.22256815
v 0.23601972 -0.05272665 0.22593454
v 0.24489588 -0.06806722 0.22928949
v 0.25374195 -0.08335575 0.23263307
v 0.26486373 -0.08968116 0.23360419
v 0.27637461 -0.09446430 0.23416726
v 0.28787541 -0.09925793 0.23473349
v 0.29936963 -0.10404880 0.23529941
v 0.31085721 -0.10883690 0.23586500
v 0.32233816 -0.11362225 0.23643026
v 0.33381253 -0.11840484 0.23699519
v 0.34617537 -0.11987929 0.23668182
v 0.35874683 -0.12060325 0.23616880
v 0.37117741 -0.12186521 0.23579843
v 0.38359252 -0.12320080 0.23544736
v 0.39601204 -0.12453686 0.23509617
v 0.40843508 -0.12587686 0.23474579
v 0.42085731 -0.12723565 0.23440014
v 0.43329528 -0.12855506 0.23404375
v 0.44609734 -0.12861148 0.23335066
v 0.45890847 -0.12866792 0.23265710
v 0.47156763 -0.12928320 0.23211201
v 0.48391813 -0.13098791 0.23185703
v 0.49628332 -0.13265345 0.23159142
v 0.50871593 -0.13410130 0.23126754
v 0.52115256 -0.13554963 0.23094355
v 0.53359330 -0.13699843 0.23061945
v 0.54620063 -0.13790330 0.23014979
v 0.55839539 -0.14020282 0.23005253
v 0.57062197 -0.14240085 0.22992806
v 0.58285189 -0.14459339 0.22980201
v 0.59508342 -0.14678618 0.22967599
v 0.60731936 -0.14896974 0.22954737
v 0.61957020 -0.15111041 0.22940718
v 0.63182288 -0.15325139 0.22926697
v 0.64407730 -0.15539268 0.22912674
v 0.65633345 -0.15753426 0.22898650
v 0.66867018 -0.15942681 0.22877936
v 0.68106633 -0.16114089 0.22852422
v 0.69342399 -0.16298592 0.22830403
v 0.70578438 -0.16483137 0.22808379
v 0.71814758 -0.16667722 0.22786349
v 0.73051357 -0.16852349 0.22764316
v 0.74307668 -0.16977511 0.22726285
v 0.75573587 -0.17074932 0.22680771
v 0.76844025 -0.17160496 0.22632037
v 0.78116137 -0.17242977 0.22582437
v 0.79391068 -0.17318936 0.22531046
v 0.80684376 -0.17342150 0.22465420
v 0.81978548 -0.17365381 0.22399750
v 0.83273697 -0.17388275 0.22333942
v 0.84569800 -0.17410927 0.22268018
v 0.85851192 -0.17479032 0.22214304
v 0.87127554 -0.17563808 0.22165042
v 0.88404548 -0.17648627 0.22115758
v 0.89682186 -0.17733489 0.22066450
v 0.90960455 -0.17818393 0.22017117
v 0.92442781 -0.17324743 0.21811488
v 0.93971342 -0.16707949 0.21572441
v 0.95507860 -0.16077627 0.21329562
v -0.94419426 -0.11190532 0.31824142
v -0.93540645 -0.14339699 0.32560170
v -0.92538279 -0.16151214 0.32956290
v -0.91404879 -0.16614974 0.33009574
v -0.90269601 -0.17053805 0.33056554
v -0.89134490 -0.17488511 0.33102512
v -0.87993252 -0.17859787 0.33132336
v -0.86804545 -0.17785400 0.33048567
v -0.85616517 -0.17727022 0.32968825
v -0.84423333 -0.17631100 0.32879448
v -0.83228338 -0.17529058 0.32788450
v -0.82032168 -0.17426917 0.32697362
v -0.80833888 -0.17316453 0.32604083
v -0.79633808 -0.17200708 0.32509395
v -0.78429943 -0.17063196 0.32409075
v -0.77224791 -0.16925535 0.32308647
v -0.76018625 -0.16789986 0.32208690
v -0.74811375 -0.16655900 0.32109037
v -0.73602843 -0.16521671 0.32009280
v -0.72393024 -0.16387302 0.31909418
v -0.71181911 -0.16252787 0.31809446
v -0.69969523 -0.16118132 0.31709370
v -0.68755203 -0.15978490 0.31607944
v -0.67538434 -0.15830152 0.31504220
v -0.66320318 -0.15681651 0.31400385
v -0.65100867 -0.15532984 0.31296432
v -0.63880074 -0.15384154 0.31192365
v -0.62657928 -0.15235160 0.31088182
v -0.61434430 -0.15086001 0.30983883
v -0.60209584 -0.14936677 0.30879471
v -0.58983380 -0.14787188 0.30774942
v -0.57756335 -0.14641024 0.30671200
v -0.56528455 -0.14498144 0.30568224
v -0.55299348 -0.14355868 0.30465332
v -0.54069448 -0.14217004 0.30363247
v -0.52838218 -0.14077988 0.30261052
v -0.51605672 -0.13938825 0.30158746
v -0.50371784 -0.13799511 0.30056331
v -0.49136567 -0.13660045 0.29953805
v -0.47900012 -0.13520430 0.29851165
v -0.46662125 -0.13380663 0.29748419
v -0.45422900 -0.13240746 0.29645559
v -0.44182333 -0.13100678 0.29542589
v -0.42927790 -0.12884402 0.29419872
v -0.41645625 -0.12512809 0.29256961
v -0.40356782 -0.12114114 0.29086933
v -0.39061040 -0.11687779 0.28909644
v -0.37754372 -0.11211377 0.28719285
v -0.36445099 -0.10734023 0.28528547
v -0.35133213 -0.10255718 0.28337428
v -0.33818707 -0.09776456 0.28145927
v -0.32501569 -0.09296236 0.27954045
v -0.31008708 -0.07858777 0.27514130
v -0.29327357 -0.05420322 0.26814586
v -0.27620155 -0.02890365 0.26090834
v -0.16008115 0.11761408 0.21804674
v -0.14936163 0.10725905 0.22003716
v -0.13805500 0.09997784 0.22122990
v 0.01389452 0.15114196 0.20014840
v 0.02493958 0.14250493 0.20169316
v 0.03596759 0.13388121 0.20323551
v 0.04674635 0.12526345 0.20474300
v 0.05724966 0.11345509 0.20715429
v 0.06751129 0.10173385 0.20951012
v 0.07774868 0.09004030 0.21186037
v 0.08796193 0.07837433 0.21420509
v 0.09852261 0.06834124 0.21612407
v 0.10950520 0.06022503 0.21754253
v 0.12047209 0.05212042 0.21895896
v 0.13142334 0.04402738 0.22037336
v 0.14301652 0.03870651 0.22106218
v 0.22116965 0.04213137 0.21591985
v 0.22498940 0.00574501 0.22477175
v 0.23192973 -0.01779346 0.23025279
v 0.24086091 -0.03319899 0.23359916
v 0.24976180 -0.04855227 0.23693417
v 0.25863257 -0.06385355 0.24025789
v 0.26747334 -0.07910310 0.24357039
v 0.27762705 -0.08914528 0.24551398
v 0.28913060 -0.09394172 0.24607709
v 0.30062753 -0.09873542 0.24663988
v 0.31211784 -0.10352633 0.24720235
v 0.32360157 -0.10831451 0.24776451
v 0.33507866 -0.11309992 0.24832633
v 0.34654915 -0.11788258 0.24888784
v 0.35831252 -0.12156346 0.24915889
v 0.37088314 -0.12228762 0.24864928
v 0.38330269 -0.12358360 0.24829040
v 0.39571595 -0.12491906 0.24794167
v 0.40813139 -0.12626301 0.24759495
v 0.42054740 -0.12762119 0.24725172
v 0.43296778 -0.12897985 0.24690840
v 0.44539252 -0.13033897 0.24656495
v 0.45782161 -0.13169858 0.24622136
v 0.47055930 -0.13200288 0.24559805
v 0.48337665 -0.13206051 0.24490894
v 0.49586305 -0.13328412 0.24452834
v 0.50821328 -0.13498889 0.24427505
v 0.52056676 -0.13669409 0.24402168
v 0.53297567 -0.13822372 0.24372156
v 0.54541278 -0.13967232 0.24339971
v 0.55785394 -0.14112139 0.24307775
v 0.57025671 -0.14271151 0.24279302
v 0.58253944 -0.14470918 0.24261637
v 0.59473163 -0.14701086 0.24252044
v 0.60697496 -0.14915024 0.24238124
v 0.61922002 -0.15128990 0.24224204
v 0.63146675 -0.15342987 0.24210280
v 0.64371532 -0.15557015 0.24196355
v 0.65596563 -0.15771072 0.24182428
v 0.66827571 -0.15966797 0.24163608
v 0.68067032 -0.16136706 0.24137895
v 0.69306821 -0.16306657 0.24112174
v 0.70546931 -0.16476654 0.24086444
v 0.71783304 -0.16659300 0.24064073
v 0.73027974 -0.16817281 0.24035102
v 0.74292850 -0.16914608 0.23989919
v 0.75557637 -0.17014000 0.23945251
v 0.76819068 -0.17125358 0.23903750
v 0.78081036 -0.17236760 0.23862231
v 0.79353446 -0.17318512 0.23812754
v 0.80638099 -0.17365734 0.23754007
v 0.81931829 -0.17388350 0.23688632
v 0.83226418 -0.17410982 0.23623215
v 0.84520757 -0.17436913 0.23558635
v 0.85802406 -0.17502394 0.23504600
v 0.87078130 -0.17587134 0.23455684
v 0.88354492 -0.17671917 0.23406745
v 0.89631498 -0.17756745 0.23357783
v 0.90930337 -0.17780997 0.23292537
v 0.92443871 -0.17196897 0.23064002
v 0.93972003 -0.16580123 0.22826535
v 0.95503819 -0.15961857 0.22588487
v -0.94316494 -0.10532781 0.32882184
v -0.93434709 -0.13655259 0.33606645
v -0.92489839 -0.16050358 0.34147707
v -0.91356742 -0.16513595 0.34200531
v -0.90221816 -0.16952324 0.34247196
v -0.89086556 -0.17382219 0.34291655
v -0.87951320 -0.17806935 0.34334835
v -0.86771548 -0.17811984 0.34271756
v -0.85582876 -0.17742690 0.34189793
v -0.84389549 -0.17640798 0.34099519
v -0.83194804 -0.17536528 0.34008574
v -0.81998199 -0.17426041 0.33915991
v -0.80800402 -0.17315441 0.33823314
v -0.79599583 -0.17189111 0.33726582
v -0.78396195 -0.17051648 0.33626956
v -0.77191532 -0.16914038 0.33527222
v -0.75985581 -0.16776283 0.33427384
v -0.74778658 -0.16641030 0.33328107
v -0.73570603 -0.16506849 0.33229038
v -0.72361267 -0.16372526 0.33129862
v -0.71150655 -0.16238062 0.33030584
v -0.69938749 -0.16103452 0.32931200
v -0.68724608 -0.15961546 0.32829884
v -0.67508322 -0.15813257 0.32726872
v -0.66290694 -0.15664808 0.32623756
v -0.65071726 -0.15516193 0.32520518
v -0.63851422 -0.15367417 0.32417169
v -0.62629759 -0.15218474 0.32313704
v -0.61406755 -0.15069367 0.32210127
v -0.60182601 -0.14921497 0.32106790
v -0.58957899 -0.14778985 0.32004753
v -0.57731861 -0.14636318 0.31902602
v -0.56504494 -0.14493498 0.31800342
v -0.55275822 -0.14350718 0.31698021
v -0.54046440 -0.14211911 0.31596646
v -0.52815729 -0.14072953 0.31495157
v -0.51583689 -0.13933845 0.31393558
v -0.50350320 -0.13794589 0.31291851
v -0.49115628 -0.13655181 0.31190038
v -0.47879598 -0.13515623 0.31088114
v -0.46642232 -0.13375916 0.30986077
v -0.45376363 -0.13069178 0.30841160
v -0.44098073 -0.12698260 0.30679688
v -0.42817596 -0.12326708 0.30517939
v -0.41529745 -0.11923608 0.30347988
v -0.40239045 -0.11516632 0.30176917
v -0.38943723 -0.11095502 0.30002093
v -0.37636465 -0.10618336 0.29812753
v -0.36326599 -0.10140219 0.29623038
v -0.35014117 -0.09661146 0.29432943
v -0.33670634 -0.09021400 0.29201406
v -0.32016215 -0.06664706 0.28528115
v -0.30333361 -0.04198965 0.27826294
v -0.28628480 -0.01662282 0.27105722
v 0.07691377 0.14336953 0.21166870
v 0.08719137 0.13156790 0.21402818
v 0.09775966 0.12116586 0.21602552
v 0.10881045 0.11296166 0.21745279
v 0.11984535 0.10476926 0.21887800
v 0.13086441 0.09658865 0.22030118
v 0.14237289 0.09055628 0.22116615
v 0.23646912 0.05203751 0.22556543
v 0.24023844 0.01561517 0.23437132
v 0.24565932 -0.01383821 0.24136291
v 0.25457108 -0.02925721 0.24469185
v 0.26345259 -0.04462389 0.24800950
v 0.27230513 -0.05993434 0.25131482
v 0.28113747 -0.07515545 0.25459915
v 0.29035118 -0.08875728 0.25746202
v 0.30186152 -0.09351251 0.25801092
v 0.31336537 -0.09826504 0.25855950
v 0.32486269 -0.10301490 0.25910774
v 0.33634546 -0.10779214 0.25966358
v 0.34781864 -0.11257761 0.26022199
v 0.35928527 -0.11736033 0.26078007
v 0.37074527 -0.12214030 0.26133782
v 0.38301179 -0.12397094 0.26112187
v 0.39542013 -0.12530088 0.26077431
v 0.40782809 -0.12664878 0.26043126
v 0.42023778 -0.12800635 0.26009047
v 0.43265188 -0.12936439 0.25974956
v 0.44507033 -0.13072291 0.25940853
v 0.45749316 -0.13208191 0.25906739
v 0.46992040 -0.13344139 0.25872612
v 0.48235196 -0.13480134 0.25838473
v 0.49501202 -0.13539301 0.25784081
v 0.50779843 -0.13557850 0.25718951
v 0.52014530 -0.13728288 0.25693795
v 0.53249532 -0.13898771 0.25668633
v 0.54484862 -0.14069296 0.25643465
v 0.55722153 -0.14234379 0.25616840
v 0.56962180 -0.14391588 0.25588122
v 0.58201182 -0.14553435 0.25560606
v 0.59440529 -0.14715327 0.25533083
v 0.60680228 -0.14877264 0.25505552
v 0.61911857 -0.15066510 0.25485218
v 0.63130480 -0.15298468 0.25476161
v 0.64349216 -0.15530449 0.25467101
v 0.65568066 -0.15762450 0.25458041
v 0.66791773 -0.15979494 0.25445017
v 0.68032616 -0.16143110 0.25417840
v 0.69273812 -0.16306773 0.25390652
v 0.70515352 -0.16470481 0.25363457
v 0.71759486 -0.16627304 0.25334418
v 0.73006862 -0.16775317 0.25303021
v 0.74261224 -0.16903214 0.25266269
v 0.75521547 -0.17014474 0.25225073
v 0.76783907 -0.17121223 0.25182655
v 0.78054857 -0.17203777 0.25133777
v 0.79326946 -0.17284876 0.25084478
v 0.80601513 -0.17360549 0.25033703
v 0.81885254 -0.17411038 0.24976198
v 0.83179200 -0.17433666 0.24911240
v 0.84469873 -0.17468439 0.24849467
v 0.85752767 -0.17528352 0.24794339
v 0.87028766 -0.17610440 0.24745071
v 0.88304496 -0.17695189 0.24696478
v 0.89580864 -0.17779978 0.24647860
v 0.90931451 -0.17654355 0.24543135
v 0.92444974 -0.17069124 0.24315812
v 0.93972665 -0.16452368 0.24079916
v -0.94213468 -0.09874426 0.33941188
v -0.93330759 -0.12991503 0.34659526
v -0.92441422 -0.15949562 0.35338423
v -0.91308635 -0.16412276 0.35390788
v -0.90174055 -0.16850901 0.35437140
v -0.89038646 -0.17275989 0.35480118
v -0.87903744 -0.17700607 0.35523009
v -0.86738622 -0.17838903 0.35493886
v -0.85548598 -0.17752329 0.35408145
v -0.84355265 -0.17645757 0.35317308
v -0.83160347 -0.17535424 0.35225457
v -0.81964242 -0.17424984 0.35133523
v -0.80766940 -0.17314433 0.35041490
v -0.79565376 -0.17177521 0.34942752
v -0.78362477 -0.17040110 0.34843817
v -0.77158302 -0.16902553 0.34744778
v -0.75952834 -0.16764846 0.34645629
v -0.74746072 -0.16626994 0.34546378
v -0.73538405 -0.16492039 0.34447789
v -0.72329545 -0.16357765 0.34349298
v -0.71119416 -0.16223347 0.34250709
v -0.69907993 -0.16088785 0.34152010
v -0.68694037 -0.15944614 0.34050816
v -0.67478234 -0.15796378 0.33948520
v -0.66261095 -0.15647979 0.33846113
v -0.65042609 -0.15499417 0.33743593
v -0.63822788 -0.15350692 0.33640960
v -0.62601620 -0.15201803 0.33538213
v -0.61379981 -0.15058976 0.33436933
v -0.60157126 -0.14916678 0.33335716
v -0.58932930 -0.14774224 0.33234388
v -0.57707411 -0.14631617 0.33132949
v -0.56480557 -0.14488855 0.33031401
v -0.55252373 -0.14345938 0.32929745
v -0.54023445 -0.14206821 0.32828981
v -0.52793252 -0.14067921 0.32728201
v -0.51561731 -0.13928871 0.32627311
v -0.50328887 -0.13789670 0.32526314
v -0.49090403 -0.13623057 0.32418272
v -0.47818142 -0.13253443 0.32258508
v -0.46543702 -0.12883195 0.32098466
v -0.45267093 -0.12512317 0.31938154
v -0.43988088 -0.12139503 0.31777236
v -0.42701453 -0.11733304 0.31607699
v -0.41412500 -0.11326373 0.31437853
v -0.40121222 -0.10918708 0.31267709
v -0.38826320 -0.10502797 0.31095335
v -0.37518471 -0.10024868 0.30907020
v -0.36208013 -0.09545984 0.30718324
v -0.34677574 -0.07831506 0.30214018
v -0.33025360 -0.05468689 0.29543751
v -0.31341064 -0.02975540 0.28839716
v 0.25552484 0.02550953 0.24399440
v 0.25940099 -0.00987948 0.25248280
v 0.26829326 -0.02531198 0.25579429
v 0.27716333 -0.04066139 0.25908658
v 0.28600636 -0.05594755 0.26236477
v 0.29481906 -0.07118413 0.26563245
v 0.30371651 -0.08593557 0.26877627
v 0.31457478 -0.09314685 0.26996055
v 0.32607457 -0.09789930 0.27050573
v 0.33756787 -0.10264908 0.27105060
v 0.34905466 -0.10739616 0.27159515
v 0.36053500 -0.11214057 0.27213940
v 0.37200883 -0.11688231 0.27268335
v 0.38347709 -0.12161813 0.27322617
v 0.39512464 -0.12568232 0.27359414
v 0.40752500 -0.12703417 0.27325469
v 0.41992852 -0.12839112 0.27291635
v 0.43233630 -0.12974855 0.27257785
v 0.44474849 -0.13110645 0.27223924
v 0.45716506 -0.13246486 0.27190053
v 0.46958598 -0.13382371 0.27156168
v 0.48201129 -0.13518305 0.27122277
v 0.49444088 -0.13654286 0.27088365
v 0.50687492 -0.13790315 0.27054447
v 0.51945549 -0.13878186 0.27007896
v 0.53206766 -0.13957502 0.26959071
v 0.54441434 -0.14127946 0.26934081
v 0.55676425 -0.14298435 0.26909089
v 0.56911618 -0.14469323 0.26884180
v 0.58147109 -0.14640364 0.26859295
v 0.59382910 -0.14811449 0.26834404
v 0.60619038 -0.14982578 0.26809508
v 0.61855471 -0.15153751 0.26784602
v 0.63093424 -0.15321156 0.26758689
v 0.64333403 -0.15483150 0.26731336
v 0.65568489 -0.15661892 0.26708364
v 0.66787070 -0.15893838 0.26699367
v 0.68019766 -0.16081721 0.26678774
v 0.69261515 -0.16242170 0.26650944
v 0.70507669 -0.16390024 0.26619783
v 0.71754229 -0.16537924 0.26588607
v 0.73001194 -0.16685879 0.26557428
v 0.74248552 -0.16833904 0.26526242
v 0.75496310 -0.16981979 0.26495045
v 0.76758480 -0.17087680 0.26452658
v 0.78028905 -0.17170194 0.26404119
v 0.79300463 -0.17251268 0.26355165
v 0.80574507 -0.17326902 0.26304746
v 0.81849205 -0.17402574 0.26254293
v 0.83132017 -0.17456327 0.26198015
v 0.84419042 -0.17499933 0.26139015
v 0.85702789 -0.17555435 0.26083118
v 0.86979437 -0.17633720 0.26033205
v 0.88254541 -0.17718434 0.25984955
v 0.89530271 -0.17803188 0.25936681
v 0.90932566 -0.17527784 0.25793025
v 0.92446059 -0.16941422 0.25566915
v 0.93973339 -0.16324687 0.25332597
v -0.94110346 -0.09215470 0.35001162
v -0.93227637 -0.12336512 0.35715735
v -0.92354316 -0.15459634 0.36431322
v -0.91260552 -0.16311015 0.36580345
v -0.90125865 -0.16745102 0.36625278
v -0.88990766 -0.17169818 0.36667895
v -0.87856203 -0.17594340 0.36710501
v -0.86705500 -0.17863654 0.36714336
v -0.85513574 -0.17754781 0.36623612
v -0.84320343 -0.17644605 0.36532500
v -0.83125925 -0.17534322 0.36441296
v -0.81930310 -0.17423926 0.36350000
v -0.80732328 -0.17303152 0.36256045
v -0.79531205 -0.17165941 0.36157909
v -0.78328788 -0.17028581 0.36059666
v -0.77125102 -0.16891074 0.35961315
v -0.75920111 -0.16753420 0.35862857
v -0.74713838 -0.16615619 0.35764298
v -0.73506272 -0.16477671 0.35665634
v -0.72297853 -0.16343014 0.35567725
v -0.71088201 -0.16208644 0.35469821
v -0.69877267 -0.16074130 0.35371813
v -0.68663484 -0.15927695 0.35270742
v -0.67448169 -0.15779512 0.35169163
v -0.66231519 -0.15631165 0.35067466
v -0.65013522 -0.15482655 0.34965661
v -0.63794756 -0.15338121 0.34864786
v -0.62575048 -0.15196188 0.34764493
v -0.61354023 -0.15054104 0.34664094
v -0.60131663 -0.14911862 0.34563583
v -0.58907986 -0.14769468 0.34462968
v -0.57682979 -0.14626919 0.34362239
v -0.56456643 -0.14484216 0.34261402
v -0.55228966 -0.14341356 0.34160456
v -0.54000473 -0.14201738 0.34060258
v -0.52770799 -0.14062893 0.33960184
v -0.51521587 -0.13806143 0.33830270
v -0.50253153 -0.13437195 0.33671924
v -0.48982552 -0.13067617 0.33513308
v -0.47709790 -0.12697411 0.33354422
v -0.46434861 -0.12326574 0.33195266
v -0.45156819 -0.11949357 0.33034387
v -0.43871921 -0.11543203 0.32866073
v -0.42584705 -0.11136317 0.32697454
v -0.41295171 -0.10728697 0.32528529
v -0.40003306 -0.10320342 0.32359302
v -0.38708833 -0.09909662 0.32189369
v -0.37324557 -0.08992004 0.31890810
v -0.35686147 -0.06639678 0.31228268
v -0.34036154 -0.04270722 0.30561045
v -0.32350478 -0.01750045 0.29854858
v 0.27084726 0.03542224 0.25364265
v 0.27448434 -0.00074270 0.26227739
v 0.28204238 -0.02130581 0.26689163
v 0.29089606 -0.03665746 0.27016363
v 0.29971981 -0.05195721 0.27342460
v 0.30854234 -0.06709733 0.27664664
v 0.31742156 -0.08186220 0.27977398
v 0.32728705 -0.09278122 0.28190923
v 0.33878276 -0.09753360 0.28245100
v 0.35027203 -0.10228328 0.28299248
v 0.36175480 -0.10703029 0.28353363
v 0.37323108 -0.11177461 0.28407452
v 0.38470089 -0.11651626 0.28461507
v 0.39617541 -0.12121496 0.28514490
v 0.40778244 -0.12541401 0.28554556
v 0.41969025 -0.12852380 0.28566411
v 0.43207958 -0.12992537 0.28533962
v 0.44447315 -0.13132744 0.28501505
v 0.45687085 -0.13272996 0.28469035
v 0.46927282 -0.13413295 0.28436553
v 0.48167899 -0.13553645 0.28404063
v 0.49409425 -0.13692358 0.28371122
v 0.50652194 -0.13828325 0.28337446
v 0.51895410 -0.13964342 0.28303757
v 0.53139055 -0.14100406 0.28270057
v 0.54388982 -0.14216945 0.28231251
v 0.55632383 -0.14356938 0.28198519
v 0.56866914 -0.14527780 0.28173804
v 0.58101737 -0.14698736 0.28149095
v 0.59336883 -0.14869739 0.28124383
v 0.60572344 -0.15040785 0.28099665
v 0.61808121 -0.15211874 0.28074941
v 0.63044691 -0.15381503 0.28049815
v 0.64284629 -0.15541422 0.28022137
v 0.65524924 -0.15701389 0.27994454
v 0.66765577 -0.15861401 0.27966765
v 0.68007529 -0.16018492 0.27938288
v 0.69256210 -0.16155726 0.27904600
v 0.70502788 -0.16300908 0.27872968
v 0.71748930 -0.16448775 0.27842018
v 0.72995472 -0.16596690 0.27811053
v 0.74242413 -0.16744652 0.27780080
v 0.75489759 -0.16892663 0.27749097
v 0.76737505 -0.17040721 0.27718106
v 0.78002971 -0.17136636 0.27673426
v 0.79274011 -0.17217687 0.27624822
v 0.80547523 -0.17293280 0.27574745
v 0.81821692 -0.17368914 0.27524647
v 0.83090377 -0.17462747 0.27479288
v 0.84368259 -0.17531395 0.27427283
v 0.85652852 -0.17582493 0.27370635
v 0.86929429 -0.17659104 0.27320644
v 0.88204628 -0.17741656 0.27272180
v 0.89479727 -0.17826377 0.27224249
v 0.90933681 -0.17401285 0.27042210
v 0.92447150 -0.16813792 0.26817316
v 0.93973994 -0.16197078 0.26584572
v -0.93124419 -0.11680924 0.36772910
v -0.92248499 -0.14781880 0.37478232
v -0.91212505 -0.16209815 0.37769204
v -0.90077674 -0.16639091 0.37812665
v -0.88942915 -0.17063712 0.37854996
v -0.87808979 -0.17490889 0.37897995
v -0.86652356 -0.17702007 0.37887374
v -0.85475910 -0.17732753 0.37831944
v -0.84285444 -0.17643456 0.37746647
v -0.83091527 -0.17533220 0.37656087
v -0.81896412 -0.17422871 0.37565434
v -0.80697697 -0.17291532 0.37469500
v -0.79497057 -0.17154370 0.37372050
v -0.78295130 -0.17017061 0.37274492
v -0.77091920 -0.16879606 0.37176833
v -0.75887424 -0.16742004 0.37079072
v -0.74681634 -0.16604254 0.36981204
v -0.73474550 -0.16466358 0.36883232
v -0.72266185 -0.16328314 0.36785153
v -0.71057010 -0.16193953 0.36687928
v -0.69846469 -0.16058759 0.36590424
v -0.68632966 -0.15910791 0.36489666
v -0.67418134 -0.15762660 0.36388797
v -0.66202241 -0.15616423 0.36288330
v -0.64985675 -0.15474856 0.36188960
v -0.63767797 -0.15333135 0.36089483
v -0.62548596 -0.15191260 0.35989895
v -0.61328077 -0.15049234 0.35890204
v -0.60106236 -0.14907052 0.35790402
v -0.58883065 -0.14764716 0.35690492
v -0.57658571 -0.14622225 0.35590473
v -0.56432742 -0.14479581 0.35490346
v -0.55201411 -0.14308903 0.35383129
v -0.53946048 -0.13988723 0.35238361
v -0.52681428 -0.13620439 0.35081431
v -0.51414651 -0.13251530 0.34924233
v -0.50145721 -0.12881993 0.34766766
v -0.48874637 -0.12511827 0.34609038
v -0.47601384 -0.12141030 0.34451038
v -0.46324313 -0.11759412 0.34290206
v -0.45041144 -0.11353303 0.34123111
v -0.43755665 -0.10946463 0.33955714
v -0.42467868 -0.10538889 0.33788013
v -0.41177753 -0.10130579 0.33620015
v -0.39866173 -0.09608658 0.33423311
v -0.38332552 -0.07804337 0.32903683
v -0.36696360 -0.05445911 0.32244173
v -0.35046774 -0.03060368 0.31577370
v 0.28617281 0.04522502 0.26334900
v 0.28974620 0.00897297 0.27195105
v 0.29580674 -0.01728461 0.27799594
v 0.30464107 -0.03264993 0.28125063
v 0.31344557 -0.04796329 0.28449428
v 0.32227823 -0.06300677 0.28767097
v 0.33113924 -0.07778508 0.29078186
v 0.33999830 -0.09241562 0.29385698
v 0.35148996 -0.09716791 0.29439533
v 0.36297521 -0.10191751 0.29493341
v 0.37445393 -0.10666443 0.29547122
v 0.38592619 -0.11140868 0.29600868
v 0.39744768 -0.11594936 0.29649413
v 0.40904906 -0.12018089 0.29690033
v 0.42065841 -0.12436455 0.29729453
v 0.43233430 -0.12829426 0.29762352
v 0.44427454 -0.13127933 0.29770932
v 0.45666677 -0.13268124 0.29738691
v 0.46906316 -0.13408360 0.29706439
v 0.48146379 -0.13548645 0.29674175
v 0.49386862 -0.13688979 0.29641905
v 0.50627774 -0.13829359 0.29609621
v 0.51869094 -0.13969786 0.29577327
v 0.53110844 -0.14110263 0.29545021
v 0.54353011 -0.14250785 0.29512703
v 0.55595601 -0.14391357 0.29480377
v 0.56836843 -0.14537829 0.29449549
v 0.58076644 -0.14690433 0.29420292
v 0.59315741 -0.14846629 0.29391938
v 0.60554135 -0.15006343 0.29364479
v 0.61792892 -0.15166102 0.29337013
v 0.63032007 -0.15325908 0.29309535
v 0.64271480 -0.15485761 0.29282051
v 0.65511310 -0.15645659 0.29254559
v 0.66751486 -0.15805602 0.29227060
v 0.67992032 -0.15965593 0.29199550
v 0.69238132 -0.16109340 0.29167804
v 0.70486766 -0.16246560 0.29134342
v 0.71735835 -0.16383828 0.29100865
v 0.72985339 -0.16521145 0.29067379
v 0.74235290 -0.16658510 0.29033884
v 0.75483215 -0.16803406 0.29002318
v 0.76730543 -0.16951402 0.28971535
v 0.77978283 -0.17099445 0.28940746
v 0.79247564 -0.17184132 0.28893435
v 0.80520552 -0.17259686 0.28843713
v 0.81783915 -0.17365824 0.28801927
v 0.83047718 -0.17472321 0.28760198
v 0.84317529 -0.17562827 0.28714272
v 0.85601389 -0.17614135 0.28658089
v 0.86878908 -0.17686105 0.28607252
v 0.88154769 -0.17764859 0.28558153
v 0.89432609 -0.17839858 0.28508037
v 0.90934795 -0.17274858 0.28290692
v 0.92448241 -0.16686234 0.28067017
v 0.93974656 -0.16069539 0.27835840
v -0.93021107 -0.11024738 0.37831044
v -0.92145187 -0.14129628 0.38532615
v -0.91166312 -0.16114692 0.38890627
v -0.90029556 -0.16533622 0.38999486
v -0.88895839 -0.16964844 0.39043182
v -0.87762666 -0.17395855 0.39086857
v -0.86587489 -0.17431208 0.39032975
v -0.85410720 -0.17458420 0.38977045
v -0.84233606 -0.17489097 0.38921931
v -0.83055776 -0.17519793 0.38866788
v -0.81861985 -0.17416884 0.38778603
v -0.80663103 -0.17279920 0.38681939
v -0.79462940 -0.17142810 0.38585180
v -0.78261495 -0.17005551 0.38488311
v -0.77058768 -0.16868147 0.38391343
v -0.75854754 -0.16730598 0.38294268
v -0.74649459 -0.16592899 0.38197094
v -0.73442864 -0.16455054 0.38099810
v -0.72234982 -0.16317061 0.38002428
v -0.71025848 -0.16179276 0.37905023
v -0.69815493 -0.16041818 0.37807637
v -0.68602467 -0.15893900 0.37707585
v -0.67389035 -0.15752684 0.37609130
v -0.66174293 -0.15611327 0.37510568
v -0.64958233 -0.15469816 0.37411904
v -0.63740897 -0.15328418 0.37313193
v -0.62510580 -0.15103559 0.37193689
v -0.61278653 -0.14878406 0.37074023
v -0.60045117 -0.14652957 0.36954209
v -0.58809960 -0.14427210 0.36834231
v -0.57573181 -0.14201170 0.36714098
v -0.56334782 -0.13974833 0.36593807
v -0.55094755 -0.13748199 0.36473361
v -0.53840023 -0.13434933 0.36331257
v -0.52574909 -0.13066064 0.36175203
v -0.51307648 -0.12696567 0.36018890
v -0.50038224 -0.12326440 0.35862306
v -0.48766646 -0.11955684 0.35705456
v -0.47490564 -0.11569670 0.35544693
v -0.46209124 -0.11163605 0.35378814
v -0.44925383 -0.10756811 0.35212639
v -0.43639326 -0.10349281 0.35046160
v -0.42310616 -0.09698361 0.34818774
v -0.40800971 -0.07987362 0.34326372
v -0.39283273 -0.06267239 0.33831343
v -0.37708220 -0.04250202 0.33261731
v -0.36057252 -0.01837450 0.32592747
v 0.30115309 0.05357308 0.27345538
v 0.30504486 0.01871208 0.28164804
v 0.30958346 -0.01325980 0.28911021
v 0.31839842 -0.02863882 0.29234755
v 0.32718354 -0.04396581 0.29557389
v 0.33602685 -0.05891242 0.29870549
v 0.34486952 -0.07370421 0.30179980
v 0.35368347 -0.08844793 0.30488411
v 0.36419618 -0.09680226 0.30633876
v 0.37567735 -0.10155178 0.30687344
v 0.38715205 -0.10629862 0.30740783
v 0.39872065 -0.11068096 0.30784938
v 0.41032484 -0.11491474 0.30825329
v 0.42192405 -0.11914671 0.30865702
v 0.43353578 -0.12331500 0.30904472
v 0.44521007 -0.12724508 0.30937174
v 0.45688030 -0.13117382 0.30969861
v 0.46885374 -0.13403429 0.30975202
v 0.48124883 -0.13543652 0.30943170
v 0.49364817 -0.13683921 0.30911127
v 0.50605172 -0.13824239 0.30879071
v 0.51845944 -0.13964604 0.30847007
v 0.53087133 -0.14105016 0.30814928
v 0.54328752 -0.14245477 0.30782843
v 0.55570692 -0.14386299 0.30750826
v 0.56811917 -0.14530937 0.30719766
v 0.58053547 -0.14675620 0.30688697
v 0.59293693 -0.14826556 0.30659211
v 0.60533720 -0.14979182 0.30630139
v 0.61774129 -0.15131858 0.30601060
v 0.63014913 -0.15284580 0.30571970
v 0.64256084 -0.15437350 0.30542871
v 0.65497631 -0.15590166 0.30513766
v 0.66737413 -0.15749846 0.30486405
v 0.67977494 -0.15909767 0.30459088
v 0.69220072 -0.16062990 0.30430025
v 0.70468217 -0.16200149 0.30396798
v 0.71716797 -0.16337356 0.30363557
v 0.72965819 -0.16474612 0.30330306
v 0.74215269 -0.16611914 0.30297041
v 0.75465167 -0.16749266 0.30263767
v 0.76715493 -0.16886666 0.30230477
v 0.77965581 -0.17026201 0.30197719
v 0.79217124 -0.17162675 0.30164146
v 0.80479228 -0.17269032 0.30122754
v 0.81741881 -0.17375433 0.30081341
v 0.83005077 -0.17481881 0.30039912
v 0.84268838 -0.17588380 0.29998469
v 0.85550058 -0.17645520 0.29944205
v 0.86828434 -0.17713077 0.29892603
v 0.88104391 -0.17789668 0.29843301
v 0.89434141 -0.17713486 0.29754338
v 0.90935910 -0.17148501 0.29538468
v 0.92449337 -0.16558748 0.29316014
v 0.93975317 -0.15942071 0.29086402
v -0.92917705 -0.10367954 0.38890147
v -0.92041779 -0.13476788 0.39587957
v -0.91116482 -0.16007540 0.40144813
v -0.89982569 -0.16438861 0.40188229
v -0.88849211 -0.16869974 0.40231630
v -0.87712544 -0.17264666 0.40266135
v -0.86524218 -0.17175224 0.40182051
v -0.85345531 -0.17184119 0.40122014
v -0.84168470 -0.17214711 0.40067253
v -0.82990688 -0.17245321 0.40012458
v -0.81802940 -0.17194980 0.39937764
v -0.80605984 -0.17073476 0.39845556
v -0.79407799 -0.16951847 0.39753249
v -0.78208387 -0.16830094 0.39660850
v -0.77007747 -0.16708215 0.39568356
v -0.75805873 -0.16586211 0.39475769
v -0.74602765 -0.16464083 0.39383087
v -0.73398417 -0.16341828 0.39290306
v -0.72192836 -0.16219448 0.39197430
v -0.70986009 -0.16096944 0.39104462
v -0.69768488 -0.15901670 0.38993514
v -0.68544525 -0.15668681 0.38873199
v -0.67320156 -0.15444559 0.38754982
v -0.66094190 -0.15220143 0.38636613
v -0.64866626 -0.14995433 0.38518089
v -0.63637453 -0.14770430 0.38399413
v -0.62406671 -0.14545134 0.38280579
v -0.61174279 -0.14319541 0.38161594
v -0.59940267 -0.14093652 0.38042444
v -0.58704644 -0.13867468 0.37923145
v -0.57467395 -0.13640986 0.37803683
v -0.56228518 -0.13414207 0.37684068
v -0.54988021 -0.13187131 0.37564296
v -0.53733939 -0.12880796 0.37424842
v -0.52468330 -0.12511338 0.37269667
v -0.51200581 -0.12141253 0.37114236
v -0.49930668 -0.11770537 0.36958539
v -0.48655578 -0.11380127 0.36797848
v -0.47375870 -0.10974108 0.36633188
v -0.46093854 -0.10567358 0.36468223
v -0.44748917 -0.09787839 0.36210737
v -0.43247649 -0.08079235 0.35722649
v -0.41738385 -0.06361531 0.35231963
v -0.40221062 -0.04634655 0.34738657
v -0.38695616 -0.02898533 0.34242713
v 0.32038051 0.02847472 0.29136842
v 0.32379502 -0.00762958 0.29982886
v 0.33216804 -0.02462411 0.30345437
v 0.34093490 -0.03996067 0.30666235
v 0.34978810 -0.05481431 0.30975014
v 0.35861245 -0.06961957 0.31282794
v 0.36740813 -0.08437672 0.31589571
v 0.37690136 -0.09643663 0.31828117
v 0.38838241 -0.10117194 0.31880891
v 0.39999431 -0.10540978 0.31921065
v 0.41160128 -0.10964580 0.31961223
v 0.42320329 -0.11388002 0.32001364
v 0.43480033 -0.11811242 0.32041484
v 0.44641453 -0.12226533 0.32079616
v 0.45808721 -0.12619580 0.32112116
v 0.46975583 -0.13012493 0.32144603
v 0.48142043 -0.13405268 0.32177079
v 0.49342787 -0.13678870 0.32179227
v 0.50582588 -0.13819124 0.32147402
v 0.51822811 -0.13959426 0.32115564
v 0.53063452 -0.14099775 0.32083720
v 0.54304516 -0.14240174 0.32051861
v 0.55545735 -0.14381480 0.32020211
v 0.56786406 -0.14526053 0.31989375
v 0.58027488 -0.14670673 0.31958526
v 0.59268969 -0.14815338 0.31927666
v 0.60510081 -0.14962602 0.31897452
v 0.61749953 -0.15115209 0.31868577
v 0.62990206 -0.15267864 0.31839696
v 0.64230835 -0.15420565 0.31810805
v 0.65471852 -0.15573314 0.31781903
v 0.66713250 -0.15726109 0.31752995
v 0.67955029 -0.15878950 0.31724077
v 0.69197190 -0.16031840 0.31695154
v 0.70443958 -0.16171612 0.31662846
v 0.71691167 -0.16311380 0.31630510
v 0.72938812 -0.16451198 0.31598169
v 0.74186885 -0.16591062 0.31565815
v 0.75435382 -0.16730975 0.31533450
v 0.76684308 -0.16870934 0.31501073
v 0.77933276 -0.17012127 0.31468987
v 0.79181916 -0.17155607 0.31437466
v 0.80438089 -0.17277908 0.31400481
v 0.81699890 -0.17385036 0.31359568
v 0.82962495 -0.17491437 0.31318438
v 0.84225649 -0.17597885 0.31277290
v 0.85498774 -0.17676872 0.31229046
v 0.86778009 -0.17740025 0.31176686
v 0.88053334 -0.17816584 0.31127745
v 0.89435679 -0.17587183 0.30999935
v 0.90937024 -0.17022216 0.30785543
v 0.92450428 -0.16431333 0.30564308
v -0.92814201 -0.09710569 0.39950216
v -0.91938275 -0.12823349 0.40644255
v -0.91064984 -0.15871653 0.41323107
v -0.89935601 -0.16344155 0.41376254
v -0.88802594 -0.16775163 0.41419354
v -0.87649214 -0.17008837 0.41414475
v -0.86460954 -0.16919284 0.41330940
v -0.85280353 -0.16909850 0.41266850
v -0.84103334 -0.16940355 0.41212440
v -0.82925606 -0.16970880 0.41158000
v -0.81732303 -0.16871348 0.41071823
v -0.80535293 -0.16749676 0.40980190
v -0.79337066 -0.16627881 0.40888470
v -0.78137606 -0.16505958 0.40796649
v -0.76936918 -0.16383913 0.40704739
v -0.75734997 -0.16261742 0.40612730
v -0.74531835 -0.16139446 0.40520632
v -0.73327446 -0.16017023 0.40428436
v -0.72117823 -0.15863018 0.40328458
v -0.70901829 -0.15669806 0.40218827
v -0.69680142 -0.15444137 0.40101185
v -0.68453521 -0.15192835 0.39977187
v -0.67225206 -0.14941184 0.39853022
v -0.65995193 -0.14689186 0.39728680
v -0.64763582 -0.14437522 0.39604342
v -0.63533944 -0.14212081 0.39486334
v -0.62302697 -0.13986345 0.39368173
v -0.61069834 -0.13760313 0.39249858
v -0.59835356 -0.13533986 0.39131388
v -0.58599257 -0.13307360 0.39012760
v -0.57361537 -0.13080437 0.38893977
v -0.56122196 -0.12853217 0.38775042
v -0.54881221 -0.12625699 0.38655946
v -0.53627777 -0.12326308 0.38519111
v -0.52361685 -0.11956263 0.38364825
v -0.51093441 -0.11585589 0.38210273
v -0.49819362 -0.11190786 0.38049680
v -0.48541376 -0.10784813 0.37886229
v -0.47181091 -0.09877092 0.37599197
v -0.45688164 -0.08170874 0.37115410
v -0.44187298 -0.06455583 0.36629045
v -0.42678425 -0.04731144 0.36140090
v -0.41161484 -0.02997483 0.35648522
v -0.39642525 -0.01290940 0.35163289
v 0.33505681 0.03562046 0.30177650
v 0.33910364 0.00206978 0.30953971
v 0.34595004 -0.02060581 0.31457117
v 0.35472730 -0.03584521 0.31773385
v 0.36356205 -0.05071241 0.32080504
v 0.37236804 -0.06553119 0.32386622
v 0.38114539 -0.08030176 0.32691747
v 0.39013988 -0.09413365 0.32973418
v 0.40126863 -0.10013580 0.33057791
v 0.41287839 -0.10437407 0.33097720
v 0.42448318 -0.10861053 0.33137625
v 0.43608302 -0.11284518 0.33177519
v 0.44767794 -0.11707803 0.33217391
v 0.45929462 -0.12121555 0.33254886
v 0.47096568 -0.12514642 0.33287185
v 0.48263273 -0.12907591 0.33319470
v 0.49429572 -0.13300407 0.33351743
v 0.50595468 -0.13693087 0.33384007
v 0.51799697 -0.13954252 0.33383006
v 0.53039783 -0.14094539 0.33351386
v 0.54280293 -0.14234872 0.33319756
v 0.55520803 -0.14376666 0.33288473
v 0.56760919 -0.14521173 0.33257857
v 0.58001441 -0.14665726 0.33227229
v 0.59242374 -0.14810328 0.33196595
v 0.60483712 -0.14954977 0.33165947
v 0.61725456 -0.15099674 0.33135292
v 0.62965518 -0.15251161 0.33106336
v 0.64205617 -0.15403794 0.33077651
v 0.65446097 -0.15556476 0.33048961
v 0.66686958 -0.15709203 0.33020258
v 0.67928195 -0.15861975 0.32991546
v 0.69169825 -0.16014796 0.32962829
v 0.70415342 -0.16156746 0.32931325
v 0.71662003 -0.16296451 0.32899219
v 0.72909105 -0.16436204 0.32867110
v 0.74156636 -0.16576007 0.32834986
v 0.75404584 -0.16715856 0.32802853
v 0.76652575 -0.16856958 0.32771012
v 0.77900249 -0.17000327 0.32739729
v 0.79148340 -0.17143746 0.32708439
v 0.80400401 -0.17276604 0.32674426
v 0.81658638 -0.17392552 0.32636073
v 0.82919949 -0.17500983 0.32595772
v 0.84182507 -0.17607385 0.32554922
v 0.85447544 -0.17708194 0.32512611
v 0.86727637 -0.17766944 0.32459515
v 0.88002318 -0.17843474 0.32410929
v 0.89437217 -0.17460956 0.32244831
v 0.90938133 -0.16896003 0.32031909
v 0.92451519 -0.16303991 0.31811902
v -0.92710608 -0.09052584 0.41011256
v -0.91834682 -0.12169282 0.41701508
v -0.90961224 -0.15219980 0.42376307
v -0.89888674 -0.16249511 0.42563567
v -0.88756019 -0.16680409 0.42606369
v -0.87585902 -0.16753051 0.42562634
v -0.86397707 -0.16663384 0.42479637
v -0.85215181 -0.16635612 0.42411551
v -0.84038216 -0.16666034 0.42357495
v -0.82857484 -0.16669421 0.42296860
v -0.81661654 -0.16547707 0.42205900
v -0.80464607 -0.16425869 0.42114851
v -0.79266334 -0.16303906 0.42023706
v -0.78066826 -0.16181819 0.41932470
v -0.76866090 -0.16059604 0.41841140
v -0.75664121 -0.15937266 0.41749716
v -0.74459279 -0.15801573 0.41654992
v -0.73245978 -0.15608528 0.41546282
v -0.72031194 -0.15415247 0.41437441
v -0.70814931 -0.15221731 0.41328469
v -0.69591773 -0.14986433 0.41209275
v -0.68364859 -0.14734766 0.41086018
v -0.67136246 -0.14482751 0.40962592
v -0.65905946 -0.14230390 0.40838999
v -0.64673936 -0.13977680 0.40715230
v -0.63440233 -0.13724619 0.40591291
v -0.62204820 -0.13471211 0.40467185
v -0.60967690 -0.13217449 0.40342906
v -0.59730375 -0.12973955 0.40221035
v -0.58493805 -0.12746890 0.40103084
v -0.57255620 -0.12519526 0.39984983
v -0.56015801 -0.12291862 0.39866719
v -0.54774356 -0.12063900 0.39748305
v -0.53521550 -0.11771470 0.39614081
v -0.52254975 -0.11400837 0.39460671
v -0.50981909 -0.11001645 0.39300185
v -0.49607167 -0.09966120 0.38984177
v -0.48122546 -0.08262286 0.38504663
v -0.46630034 -0.06549399 0.38022605
v -0.45135111 -0.04861699 0.37546366
v -0.43632734 -0.03167539 0.37068218
v -0.42122459 -0.01464477 0.36587551
v 0.34958270 0.04211684 0.31236783
v 0.35431439 0.01128801 0.31940013
v 0.35974437 -0.01658391 0.32569793
v 0.36853242 -0.03172594 0.32881561
v 0.37734875 -0.04660673 0.33187014
v 0.38622460 -0.06111682 0.33483404
v 0.39553329 -0.07390942 0.33736992
v 0.40481669 -0.08666728 0.33989894
v 0.41415620 -0.09909955 0.34234816
v 0.42576379 -0.10333826 0.34274492
v 0.43736643 -0.10757516 0.34314150
v 0.44896409 -0.11181024 0.34353793
v 0.46055683 -0.11604353 0.34393418
v 0.47217607 -0.12016565 0.34430280
v 0.48384553 -0.12409691 0.34462374
v 0.49551097 -0.12802680 0.34494460
v 0.50717241 -0.13195534 0.34526536
v 0.51882970 -0.13588253 0.34558594
v 0.53048307 -0.13980836 0.34590650
v 0.54256099 -0.14229578 0.34586531
v 0.55495888 -0.14371854 0.34555614
v 0.56735450 -0.14516295 0.34525219
v 0.57975423 -0.14660786 0.34494814
v 0.59215802 -0.14805323 0.34464398
v 0.60456586 -0.14949907 0.34433973
v 0.61697775 -0.15094540 0.34403536
v 0.62939370 -0.15239218 0.34373090
v 0.64180416 -0.15387037 0.34343418
v 0.65420359 -0.15539651 0.34314933
v 0.66660690 -0.15692312 0.34286439
v 0.67901391 -0.15845016 0.34257931
v 0.69142479 -0.15997769 0.34229419
v 0.70386738 -0.16141891 0.34198704
v 0.71632868 -0.16281535 0.34166834
v 0.72879422 -0.16421224 0.34134954
v 0.74126405 -0.16560964 0.34103063
v 0.75373423 -0.16701977 0.34071469
v 0.76620126 -0.16845232 0.34040424
v 0.77867252 -0.16988540 0.34009364
v 0.79114795 -0.17131893 0.33978301
v 0.80362755 -0.17275295 0.33947223
v 0.81620407 -0.17391196 0.33909148
v 0.82878578 -0.17507137 0.33871055
v 0.84139395 -0.17616874 0.33831358
v 0.85401905 -0.17723274 0.33790788
v 0.86677313 -0.17793837 0.33741087
v 0.87949914 -0.17874525 0.33693922
v 0.89439434 -0.17332830 0.33488527
v 0.90939248 -0.16769861 0.33277577
v 0.92452610 -0.16176718 0.33058795
v -0.91730982 -0.11514559 0.42759711
v -0.90857381 -0.14567715 0.43430471
v -0.89841771 -0.16154921 0.43750158
v -0.88709468 -0.16585712 0.43792656
v -0.87522590 -0.16497305 0.43710592
v -0.86334467 -0.16407527 0.43628147
v -0.85150027 -0.16361408 0.43556124
v -0.83973104 -0.16391744 0.43502417
v -0.82786882 -0.16345941 0.43430376
v -0.81591010 -0.16224062 0.43339998
v -0.80393910 -0.16102056 0.43249527
v -0.79195589 -0.15979925 0.43158963
v -0.77996039 -0.15857671 0.43068308
v -0.76795250 -0.15735292 0.42977563
v -0.75585240 -0.15547377 0.42870969
v -0.74373150 -0.15354261 0.42763048
v -0.73159587 -0.15160908 0.42655000
v -0.71944541 -0.14967321 0.42546818
v -0.70728010 -0.14773495 0.42438501
v -0.69503355 -0.14528555 0.42317781
v -0.68276149 -0.14276524 0.42195264
v -0.67047250 -0.14024146 0.42072582
v -0.65816653 -0.13771421 0.41949731
v -0.64584351 -0.13518345 0.41826704
v -0.63350350 -0.13264920 0.41703516
v -0.62114644 -0.13011144 0.41580150
v -0.60877216 -0.12757017 0.41456616
v -0.59638083 -0.12502538 0.41332915
v -0.58397228 -0.12247705 0.41209036
v -0.57154649 -0.11992519 0.41084987
v -0.55910349 -0.11736978 0.40960765
v -0.54667419 -0.11501737 0.40841377
v -0.53415263 -0.11216284 0.40709734
v -0.52027160 -0.10054926 0.40365684
v -0.50555801 -0.08385717 0.39898252
v -0.49077392 -0.06711849 0.39429361
v -0.47591266 -0.05029242 0.38958022
v -0.46097365 -0.03337828 0.38484219
v -0.44595620 -0.01637538 0.38007927
v 0.36413109 0.04862325 0.32297552
v 0.36881214 0.01774643 0.32997367
v 0.37355107 -0.01255840 0.33683467
v 0.38235033 -0.02760285 0.33990762
v 0.39162877 -0.04074324 0.34250930
v 0.40095136 -0.05359282 0.34504056
v 0.41024858 -0.06640742 0.34756485
v 0.41952050 -0.07918719 0.35008234
v 0.42876726 -0.09193227 0.35259297
v 0.43865049 -0.10230235 0.35451382
v 0.45025098 -0.10653968 0.35490793
v 0.46184650 -0.11077521 0.35530186
v 0.47343707 -0.11500893 0.35569564
v 0.48505893 -0.11911565 0.35605797
v 0.49672678 -0.12304730 0.35637695
v 0.50839061 -0.12697759 0.35669580
v 0.52005041 -0.13090651 0.35701451
v 0.53170609 -0.13483408 0.35733309
v 0.54335785 -0.13876030 0.35765159
v 0.55524248 -0.14189517 0.35777250
v 0.56724060 -0.14464852 0.35779810
v 0.57949430 -0.14655849 0.35761270
v 0.59189248 -0.14800322 0.35731080
v 0.60429484 -0.14944842 0.35700876
v 0.61670119 -0.15089408 0.35670662
v 0.62911165 -0.15234022 0.35640436
v 0.64152616 -0.15378684 0.35610202
v 0.65394473 -0.15523393 0.35579962
v 0.66634434 -0.15675433 0.35551533
v 0.67874610 -0.15828072 0.35523233
v 0.69115168 -0.15980756 0.35494930
v 0.70358163 -0.16127050 0.35464999
v 0.71603757 -0.16266631 0.35433361
v 0.72849768 -0.16406259 0.35401708
v 0.74095803 -0.16547182 0.35370362
v 0.75341547 -0.16690327 0.35339549
v 0.76587707 -0.16833520 0.35308728
v 0.77834278 -0.16976762 0.35277894
v 0.79081279 -0.17120051 0.35247052
v 0.80328691 -0.17263389 0.35216203
v 0.81582218 -0.17389840 0.35181072
v 0.82839817 -0.17505731 0.35143262
v 0.84097922 -0.17621668 0.35105428
v 0.85358244 -0.17732707 0.35066336
v 0.86626589 -0.17822002 0.35021731
v 0.87953633 -0.17743298 0.34934703
v 0.89442742 -0.17201608 0.34730729
v 0.90940362 -0.16643789 0.34522536
v 0.92453700 -0.16049519 0.34304988
v -0.91627192 -0.10859241 0.43818876
v -0.90753448 -0.13914855 0.44485596
v -0.89794898 -0.16060388 0.44936037
v -0.88646233 -0.16331409 0.44940194
v -0.87459290 -0.16241604 0.44858366
v -0.86271238 -0.16151713 0.44776461
v -0.85084867 -0.16087234 0.44700560
v -0.83907992 -0.16117485 0.44647205
v -0.82716286 -0.16022459 0.44563916
v -0.81520367 -0.15900411 0.44474116
v -0.80323225 -0.15778239 0.44384229
v -0.79124856 -0.15655942 0.44294247
v -0.77919632 -0.15486352 0.44192895
v -0.76710224 -0.15293400 0.44085893
v -0.75499356 -0.15100214 0.43978763
v -0.74286997 -0.14906789 0.43871498
v -0.73073167 -0.14713131 0.43764105
v -0.71857852 -0.14519237 0.43656579
v -0.70640725 -0.14322548 0.43548310
v -0.69414920 -0.14070503 0.43426707
v -0.68187422 -0.13818111 0.43304935
v -0.66958225 -0.13565367 0.43182993
v -0.65727335 -0.13312277 0.43060884
v -0.64494735 -0.13058837 0.42938608
v -0.63260436 -0.12805046 0.42816159
v -0.62024432 -0.12550904 0.42693540
v -0.60786712 -0.12296409 0.42570755
v -0.59547281 -0.12041562 0.42447799
v -0.58306128 -0.11786362 0.42324674
v -0.57039958 -0.11371969 0.42163190
v -0.55729198 -0.10671718 0.41932851
v -0.54396594 -0.09846620 0.41672319
v -0.52988589 -0.08547410 0.41297507
v -0.51518512 -0.06876227 0.40832889
v -0.50040764 -0.05196331 0.40365848
v -0.48555294 -0.03507655 0.39896369
v -0.47062039 -0.01810127 0.39424425
v 0.37870198 0.05513972 0.33359963
v 0.38343763 0.02460433 0.34046739
v 0.38879353 -0.00330164 0.34669101
v 0.39670405 -0.02024077 0.35002291
v 0.40639421 -0.03318321 0.35274625
v 0.41570526 -0.04605494 0.35526586
v 0.42499095 -0.05889161 0.35777861
v 0.43425134 -0.07169335 0.36028451
v 0.44348660 -0.08446032 0.36278355
v 0.45269680 -0.09719265 0.36527589
v 0.46313682 -0.10550410 0.36667559
v 0.47473016 -0.10974006 0.36706701
v 0.48631862 -0.11397422 0.36745828
v 0.49794316 -0.11806554 0.36781445
v 0.50960940 -0.12199757 0.36813137
v 0.52127159 -0.12592824 0.36844820
v 0.53292978 -0.12985757 0.36876488
v 0.54458392 -0.13378552 0.36908150
v 0.55656260 -0.13661651 0.36912596
v 0.56856394 -0.13937066 0.36915141
v 0.58056486 -0.14212476 0.36917686
v 0.59256542 -0.14487876 0.36920226
v 0.60456574 -0.14763269 0.36922771
v 0.61656570 -0.15038656 0.36925316
v 0.62882978 -0.15228830 0.36906660
v 0.64123875 -0.15373428 0.36876646
v 0.65365177 -0.15518074 0.36846623
v 0.66606885 -0.15662764 0.36816594
v 0.67847848 -0.15811139 0.36787453
v 0.69087869 -0.15963757 0.36759356
v 0.70329618 -0.16112223 0.36730200
v 0.71574664 -0.16251740 0.36698791
v 0.72819722 -0.16392572 0.36667690
v 0.74064511 -0.16535607 0.36637112
v 0.75309706 -0.16678688 0.36606526
v 0.76555318 -0.16821818 0.36575928
v 0.77801347 -0.16964994 0.36545321
v 0.79047793 -0.17108218 0.36514702
v 0.80294657 -0.17251493 0.36484078
v 0.81544060 -0.17388487 0.36451855
v 0.82801080 -0.17504324 0.36414316
v 0.84058619 -0.17620209 0.36376765
v 0.85316670 -0.17736141 0.36339197
v 0.86576492 -0.17848481 0.36300701
v 0.87957346 -0.17612144 0.36174798
v 0.89446056 -0.17070459 0.35972250
v 0.90941471 -0.16517788 0.35766801
v 0.92454785 -0.15922390 0.35550484
v -0.91523302 -0.10203324 0.44879004
v -0.90649414 -0.13261399 0.45541686
v -0.89748049 -0.15965913 0.46121195
v -0.88582879 -0.16075861 0.46087235
v -0.87396008 -0.15985943 0.46005952
v -0.86208022 -0.15895942 0.45924592
v -0.85019720 -0.15813091 0.45844862
v -0.83840430 -0.15821056 0.45786598
v -0.82645684 -0.15698968 0.45697471
v -0.81449723 -0.15576753 0.45608252
v -0.80249166 -0.15425454 0.45512071
v -0.79042441 -0.15232666 0.45405984
v -0.77834243 -0.15039642 0.45299768
v -0.76624572 -0.14846385 0.45193419
v -0.75413436 -0.14652891 0.45086944
v -0.74200821 -0.14459163 0.44980338
v -0.72986716 -0.14265198 0.44873601
v -0.71771139 -0.14070994 0.44766736
v -0.70552540 -0.13864687 0.44656914
v -0.69326442 -0.13612279 0.44536051
v -0.68098652 -0.13359523 0.44415021
v -0.66869158 -0.13106416 0.44293821
v -0.65637976 -0.12852961 0.44172457
v -0.64405090 -0.12599155 0.44050926
v -0.63161951 -0.12283359 0.43914536
v -0.61863559 -0.11586668 0.43687239
v -0.60561806 -0.10888176 0.43459359
v -0.59256691 -0.10187877 0.43230888
v -0.57943952 -0.09456532 0.42994845
v -0.56610632 -0.08606882 0.42730400
v -0.55273318 -0.07754689 0.42465162
v -0.53931999 -0.06899942 0.42199126
v -0.52483618 -0.05362967 0.41769862
v -0.51006544 -0.03677020 0.41304684
v -0.49521735 -0.01982247 0.40837067
v 0.39505345 0.06816497 0.34264764
v 0.40039873 0.03996412 0.34889701
v 0.40570813 0.01195241 0.35510445
v 0.41172558 -0.01325912 0.36059466
v 0.42110318 -0.02591122 0.36307624
v 0.43045831 -0.03860383 0.36553478
v 0.43976048 -0.05136194 0.36801115
v 0.44900930 -0.06418572 0.37050542
v 0.45823297 -0.07697462 0.37299290
v 0.46743160 -0.08972881 0.37547362
v 0.47660530 -0.10244840 0.37794763
v 0.48761520 -0.10870482 0.37883335
v 0.49920145 -0.11293940 0.37922215
v 0.51082873 -0.11701531 0.37957212
v 0.52249336 -0.12094773 0.37988704
v 0.53415394 -0.12487879 0.38020182
v 0.54587865 -0.12857997 0.38046020
v 0.55788344 -0.13133502 0.38048548
v 0.56988788 -0.13408998 0.38051078
v 0.58189207 -0.13684489 0.38053608
v 0.59389585 -0.13959971 0.38056135
v 0.60589933 -0.14235444 0.38058662
v 0.61790246 -0.14510910 0.38061193
v 0.62990528 -0.14786369 0.38063720
v 0.64190775 -0.15061820 0.38066247
v 0.65390980 -0.15337263 0.38068774
v 0.66591167 -0.15612699 0.38071302
v 0.67818624 -0.15802057 0.38052535
v 0.69060600 -0.15946774 0.38022703
v 0.70301098 -0.16097407 0.37994313
v 0.71545184 -0.16238151 0.37963453
v 0.72789007 -0.16381073 0.37933111
v 0.74033242 -0.16524042 0.37902761
v 0.75277889 -0.16667059 0.37872398
v 0.76522958 -0.16810124 0.37842026
v 0.77768439 -0.16953237 0.37811643
v 0.79014337 -0.17096397 0.37781250
v 0.80260646 -0.17239605 0.37750846
v 0.81507373 -0.17382862 0.37720433
v 0.82762384 -0.17502919 0.37684232
v 0.84019345 -0.17618752 0.37646958
v 0.85276824 -0.17734632 0.37609667
v 0.86557978 -0.17783171 0.37555593
v 0.87961066 -0.17481063 0.37414217
v 0.89449370 -0.16939382 0.37213090
v 0.90942580 -0.16391858 0.37010360
v -0.91419327 -0.09546811 0.45940104
v -0.90545285 -0.12607346 0.46598735
v -0.89667904 -0.15548432 0.47229758
v -0.88519531 -0.15820356 0.47234088
v -0.87332726 -0.15730326 0.47153342
v -0.86144811 -0.15640211 0.47072524
v -0.84955782 -0.15550013 0.46991625
v -0.83769870 -0.15497726 0.46919599
v -0.82573867 -0.15364684 0.46828511
v -0.81369805 -0.15172060 0.46723333
v -0.80164272 -0.14979200 0.46618024
v -0.78957278 -0.14786106 0.46512586
v -0.77748817 -0.14592779 0.46407026
v -0.76538891 -0.14399214 0.46301335
v -0.75327480 -0.14205414 0.46195513
v -0.74114597 -0.14011379 0.46089566
v -0.72900236 -0.13817106 0.45983487
v -0.71684390 -0.13622595 0.45877278
v -0.70464325 -0.13406654 0.45765936
v -0.69237930 -0.13153881 0.45645812
v -0.67956287 -0.12495410 0.45429724
v -0.66666818 -0.11800462 0.45204863
v -0.65374011 -0.11103720 0.44979417
v -0.64077866 -0.10405181 0.44753394
v -0.62778366 -0.09704833 0.44526783
v -0.61475509 -0.09002674 0.44299588
v -0.60157788 -0.08217764 0.44052637
v -0.58827055 -0.07365803 0.43789625
v -0.57492340 -0.06511292 0.43525830
v -0.56153625 -0.05654217 0.43261242
v -0.54810882 -0.04794569 0.42995855
v -0.53451145 -0.03845925 0.42709175
v -0.51974744 -0.02153899 0.42245868
v 0.41742608 0.05538392 0.35735959
v 0.42268863 0.02726587 0.36355069
v 0.42842051 0.00115530 0.36925697
v 0.43578351 -0.01882218 0.37347227
v 0.44512698 -0.03153516 0.37591895
v 0.45444542 -0.04421413 0.37835911
v 0.46373904 -0.05685922 0.38079277
v 0.47300646 -0.06947516 0.38322097
v 0.48219350 -0.08225126 0.38569012
v 0.49135557 -0.09499267 0.38815254
v 0.50050151 -0.10766947 0.39060089
v 0.51208562 -0.11190448 0.39098719
v 0.52371567 -0.11596496 0.39133108
v 0.53537869 -0.11989778 0.39164394
v 0.54719698 -0.12329485 0.39182597
v 0.55920500 -0.12605071 0.39185107
v 0.57121271 -0.12880649 0.39187622
v 0.58322001 -0.13156219 0.39190134
v 0.59522694 -0.13431782 0.39192650
v 0.60723364 -0.13707337 0.39195165
v 0.61923993 -0.13982885 0.39197674
v 0.63124591 -0.14258425 0.39200187
v 0.64325166 -0.14533956 0.39202702
v 0.65525693 -0.14809480 0.39205214
v 0.66726190 -0.15084997 0.39207727
v 0.67925239 -0.15364982 0.39211339
v 0.69120991 -0.15655127 0.39217451
v 0.70317256 -0.15943398 0.39223111
v 0.71543849 -0.16137420 0.39205587
v 0.72781909 -0.16296820 0.39179528
v 0.74020332 -0.16456269 0.39153466
v 0.75259113 -0.16615763 0.39127395
v 0.76498252 -0.16775301 0.39101318
v 0.77725869 -0.16940551 0.39049587
v 0.78980905 -0.17084587 0.39046693
v 0.80226666 -0.17227730 0.39016512
v 0.81472844 -0.17370920 0.38986322
v 0.82723725 -0.17501517 0.38953006
v 0.84019804 -0.17500612 0.38887200
v 0.85317624 -0.17497368 0.38820767
v 0.86616278 -0.17494492 0.38754377
v 0.87961149 -0.17360565 0.38655555
v 0.89452684 -0.16808377 0.38453248
v 0.90943867 -0.16265504 0.38253102
v -0.91315240 -0.08889697 0.47002169
v -0.90441060 -0.11952698 0.47656751
v -0.89481974 -0.14105920 0.48099586
v -0.88329715 -0.14357968 0.48099151
v -0.87177455 -0.14610016 0.48098719
v -0.86025190 -0.14862067 0.48098287
v -0.84872919 -0.15114118 0.48097855
v -0.83667284 -0.14886393 0.47985327
v -0.82452059 -0.14587255 0.47856033
v -0.81234998 -0.14287668 0.47726545
v -0.80016100 -0.13987629 0.47596860
v -0.78795373 -0.13687138 0.47466981
v -0.77572805 -0.13386194 0.47336909
v -0.76348388 -0.13084796 0.47206634
v -0.75122124 -0.12782942 0.47076166
v -0.73894012 -0.12480632 0.46945497
v -0.72664028 -0.12177864 0.46814632
v -0.71432197 -0.11874640 0.46683574
v -0.70165932 -0.11318358 0.46493071
v -0.68878698 -0.10621568 0.46269476
v -0.67588139 -0.09922979 0.46045297
v -0.66294253 -0.09222587 0.45820549
v -0.64997011 -0.08520381 0.45595208
v -0.63696414 -0.07816356 0.45369291
v -0.62374026 -0.06977660 0.45111564
v -0.61045885 -0.06123383 0.44849998
v -0.59713769 -0.05266547 0.44587645
v -0.58377653 -0.04407140 0.44324505
v -0.57037526 -0.03545151 0.44060576
v -0.55693370 -0.02680569 0.43795851
v -0.54177690 -0.00684839 0.43264550
v 0.43452010 0.07086407 0.36585528
v 0.43973535 0.04263906 0.37202981
v 0.44516072 0.01548167 0.37795037
v 0.45153823 -0.00798460 0.38298133
v 0.45982084 -0.02445436 0.38632095
v 0.46912760 -0.03715367 0.38874927
v 0.47840950 -0.04981902 0.39117110
v 0.48766661 -0.06245055 0.39358646
v 0.49689901 -0.07504838 0.39599532
v 0.50610685 -0.08761267 0.39839786
v 0.51525843 -0.10025188 0.40082029
v 0.52497113 -0.11086946 0.40275347
v 0.53660399 -0.11491451 0.40309125
v 0.54851604 -0.11800691 0.40319780
v 0.56052727 -0.12076357 0.40322277
v 0.57253808 -0.12352016 0.40324774
v 0.58454859 -0.12627667 0.40327275
v 0.59655875 -0.12903310 0.40329772
v 0.60852784 -0.13192247 0.40335509
v 0.62049180 -0.13482562 0.40341583
v 0.63245499 -0.13772857 0.40347660
v 0.64441735 -0.14063135 0.40353736
v 0.65637887 -0.14353392 0.40359810
v 0.66833961 -0.14643627 0.40365887
v 0.68029952 -0.14933844 0.40371957
v 0.69225866 -0.15224043 0.40378034
v 0.70422184 -0.15512706 0.40383735
v 0.71634835 -0.15750481 0.40377015
v 0.72851688 -0.15975562 0.40367183
v 0.74090111 -0.16134959 0.40341294
v 0.75328881 -0.16294405 0.40315396
v 0.76568013 -0.16453896 0.40289488
v 0.77807498 -0.16613434 0.40263572
v 0.79047352 -0.16773017 0.40237653
v 0.80287546 -0.16932645 0.40211722
v 0.81528103 -0.17092322 0.40185791
v 0.82781506 -0.17215157 0.40150806
v 0.84078324 -0.17211810 0.40084866
v 0.85376096 -0.17208461 0.40018877
v 0.86664140 -0.17236170 0.39960459
v 0.87960196 -0.17243131 0.39896908
v 0.89451832 -0.16689412 0.39695662
v 0.90946770 -0.16134575 0.39493999
v -0.90336746 -0.11297452 0.48715729
v -0.89276260 -0.12472930 0.48928985
v -0.88121945 -0.12725425 0.48928556
v -0.86967629 -0.12977919 0.48928124
v -0.85801631 -0.13122395 0.48902649
v -0.84621280 -0.13139144 0.48847535
v -0.83394593 -0.12746245 0.48697346
v -0.82165754 -0.12352655 0.48546895
v -0.80934751 -0.11958373 0.48396176
v -0.79701990 -0.11559652 0.48246703
v -0.78477210 -0.11260908 0.48115596
v -0.77250904 -0.10957269 0.47985637
v -0.76022738 -0.10653169 0.47855482
v -0.74792713 -0.10348611 0.47725132
v -0.73560834 -0.10043591 0.47594583
v -0.72327077 -0.09738107 0.47463837
v -0.71091443 -0.09432159 0.47332892
v -0.69804341 -0.08741132 0.47112182
v -0.68512714 -0.08038883 0.46888700
v -0.67217737 -0.07334816 0.46664643
v -0.65914226 -0.06590255 0.46430987
v -0.64592654 -0.05736214 0.46171638
v -0.63267112 -0.04879617 0.45911515
v -0.61937606 -0.04020454 0.45650616
v -0.60543495 -0.02726659 0.45288065
v -0.59002703 -0.00434887 0.44692212
v 0.45684868 0.05807234 0.38054213
v 0.46198151 0.02993025 0.38665861
v 0.46830449 0.00631158 0.39169139
v 0.47461221 -0.01710717 0.39667967
v 0.48383495 -0.03008111 0.39915726
v 0.49310514 -0.04276677 0.40156725
v 0.50235051 -0.05541852 0.40397075
v 0.51157117 -0.06803651 0.40636787
v 0.52076733 -0.08062085 0.40875858
v 0.52993894 -0.09317169 0.41114295
v 0.53917772 -0.10538032 0.41344646
v 0.54972577 -0.11308525 0.41466478
v 0.56169540 -0.11598993 0.41472521
v 0.57366419 -0.11889441 0.41478559
v 0.58563221 -0.12179869 0.41484597
v 0.59759939 -0.12470278 0.41490635
v 0.60956573 -0.12760668 0.41496670
v 0.62153137 -0.13051037 0.41502714
v 0.63349605 -0.13341387 0.41508746
v 0.64546001 -0.13631716 0.41514787
v 0.65742314 -0.13922028 0.41520822
v 0.66938543 -0.14212319 0.41526860
v 0.68134701 -0.14502591 0.41532895
v 0.69330770 -0.14792842 0.41538930
v 0.70527136 -0.15081897 0.41544679
v 0.71739954 -0.15319690 0.41538000
v 0.72952861 -0.15557499 0.41531318
v 0.74165863 -0.15795329 0.41524637
v 0.75398648 -0.15973057 0.41503361
v 0.76637775 -0.16132499 0.41477627
v 0.77877253 -0.16291988 0.41451883
v 0.79117095 -0.16451523 0.41426137
v 0.80357289 -0.16611104 0.41400379
v 0.81597847 -0.16770731 0.41374615
v 0.82840079 -0.16926494 0.41347891
v 0.84136844 -0.16923043 0.41282395
v 0.85434550 -0.16919586 0.41216847
v 0.86711997 -0.16977902 0.41166300
v 0.87968332 -0.17099479 0.41131136
v 0.89450443 -0.16572081 0.40937743
v 0.90944982 -0.16017157 0.40737495
v -0.90226185 -0.10581160 0.49761784
v -0.89069813 -0.10834100 0.49761355
v -0.87904274 -0.10999733 0.49740839
v -0.86732453 -0.11109073 0.49707356
v -0.85560185 -0.11218455 0.49673858
v -0.84355694 -0.11038420 0.49573696
v -0.83125806 -0.10642722 0.49423784
v -0.81893754 -0.10246328 0.49273604
v -0.80659533 -0.09849235 0.49123162
v -0.79423136 -0.09451443 0.48972458
v -0.78184551 -0.09052947 0.48821485
v -0.76943779 -0.08653747 0.48670244
v -0.75700819 -0.08253842 0.48518735
v -0.74461418 -0.07900296 0.48377830
v -0.73225737 -0.07592537 0.48247400
v -0.71988177 -0.07284311 0.48116773
v -0.70733249 -0.06854069 0.47957855
v -0.69440544 -0.06148138 0.47735074
v -0.68132651 -0.05349783 0.47490764
v -0.66813672 -0.04493427 0.47232860
v -0.65335536 -0.02474897 0.46705765
v 0.47911403 0.04531687 0.39518741
v 0.48513180 0.02065979 0.40043315
v 0.49140441 -0.00284112 0.40540630
v 0.49856752 -0.02299641 0.40958309
v 0.50782591 -0.03570244 0.41198117
v 0.51705950 -0.04837447 0.41437280
v 0.52626848 -0.06101265 0.41675809
v 0.53545278 -0.07361709 0.41913697
v 0.54548466 -0.08324520 0.42080471
v 0.55572134 -0.09210482 0.42228943
v 0.56594098 -0.10094968 0.42377174
v 0.57643461 -0.10881466 0.42502013
v 0.58693820 -0.11658692 0.42624718
v 0.59863597 -0.12038528 0.42652157
v 0.61060393 -0.12328971 0.42658156
v 0.62257111 -0.12619396 0.42664155
v 0.63453740 -0.12909798 0.42670152
v 0.64650297 -0.13200183 0.42676151
v 0.65846771 -0.13490547 0.42682150
v 0.67043161 -0.13780892 0.42688146
v 0.68239474 -0.14071219 0.42694145
v 0.69435710 -0.14361523 0.42700142
v 0.70632124 -0.14650972 0.42705938
v 0.71845108 -0.14888780 0.42699298
v 0.73058182 -0.15126607 0.42692661
v 0.74271351 -0.15364450 0.42686024
v 0.75484598 -0.15602314 0.42679387
v 0.76707530 -0.15811111 0.42665732
v 0.77947003 -0.15970552 0.42640162
v 0.79186839 -0.16130038 0.42614585
v 0.80427033 -0.16289569 0.42589000
v 0.81667578 -0.16449147 0.42563406
v 0.82908481 -0.16608772 0.42537805
v 0.84195352 -0.16634306 0.42479780
v 0.85493010 -0.16630746 0.42414677
v 0.86759841 -0.16719684 0.42371899
v 0.88016057 -0.16841199 0.42336974
v 0.89449066 -0.16454816 0.42179093
v -0.90014309 -0.08869608 0.50581974
v -0.88840848 -0.08978721 0.50548595
v -0.87666923 -0.09087878 0.50515211
v -0.86492544 -0.09197076 0.50481808
v -0.85317689 -0.09306318 0.50448394
v -0.84088814 -0.08927524 0.50303370
v -0.82855713 -0.08529005 0.50153732
v -0.81620437 -0.08129785 0.50003839
v -0.80382979 -0.07729858 0.49853677
v -0.79143327 -0.07329224 0.49703249
v -0.77901489 -0.06927882 0.49552560
v -0.76657450 -0.06525829 0.49401596
v -0.75411201 -0.06123063 0.49250370
v -0.74113148 -0.05688180 0.49098644
v -0.72854739 -0.04853776 0.48841238
v -0.71558315 -0.04108841 0.48611155
v -0.70126718 -0.02328443 0.48143265
v 0.49631357 0.06076365 0.40374956
v 0.50202048 0.03506031 0.40920681
v 0.50825775 0.01147681 0.41416469
v 0.51446050 -0.01197648 0.41909525
v 0.52257198 -0.02862597 0.42241299
v 0.53179377 -0.04131834 0.42479274
v 0.54154903 -0.05208163 0.42671558
v 0.55182368 -0.06099734 0.42820039
v 0.56208110 -0.06989813 0.42968279
v 0.57232141 -0.07878403 0.43116263
v 0.58254462 -0.08765509 0.43264005
v 0.59285218 -0.09617690 0.43403533
v 0.60336137 -0.10397046 0.43525809
v 0.61385608 -0.11175326 0.43647921
v 0.62433624 -0.11952528 0.43769860
v 0.63557911 -0.12478093 0.43831873
v 0.64754623 -0.12768532 0.43837836
v 0.65951252 -0.13058950 0.43843794
v 0.67147809 -0.13349350 0.43849754
v 0.68344277 -0.13639729 0.43855709
v 0.69540662 -0.13930090 0.43861672
v 0.70737135 -0.14219929 0.43867511
v 0.71950287 -0.14457753 0.43860915
v 0.73163533 -0.14695597 0.43854320
v 0.74376863 -0.14933458 0.43847722
v 0.75590289 -0.15171334 0.43841130
v 0.76803803 -0.15409231 0.43834531
v 0.78017414 -0.15647145 0.43827930
v 0.79256582 -0.15808561 0.43803000
v 0.80496764 -0.15968044 0.43777588
v 0.81737310 -0.16127574 0.43752170
v 0.82978201 -0.16287149 0.43726736
v 0.84253854 -0.16345608 0.43677026
v 0.85551459 -0.16341943 0.43612370
v 0.86807686 -0.16461520 0.43577260
v 0.88063782 -0.16582970 0.43542570
v 0.89447671 -0.16337618 0.43419713
v -0.83281296 -0.01893824 0.49921423
v -0.82192975 -0.02891867 0.50089473
v 0.51897085 0.04951343 0.41801250
v 0.52517241 0.02584689 0.42295501
v 0.53133976 0.00231127 0.42787015
v 0.53809148 -0.01898197 0.43225980
v 0.54789954 -0.02967860 0.43415150
v 0.55819505 -0.03863588 0.43563387
v 0.56847334 -0.04757812 0.43711382
v 0.57873440 -0.05650538 0.43859118
v 0.58897823 -0.06541769 0.44006616
v 0.59920496 -0.07431509 0.44153863
v 0.60941452 -0.08319760 0.44300860
v 0.61983776 -0.09131315 0.44429821
v 0.63033801 -0.09911731 0.44551501
v 0.64082372 -0.10691065 0.44673014
v 0.65129501 -0.11469322 0.44794363
v 0.66175169 -0.12246501 0.44915536
v 0.67252481 -0.12917690 0.45011675
v 0.68449110 -0.13208123 0.45017597
v 0.69645655 -0.13498537 0.45023516
v 0.70842171 -0.13788769 0.45029396
v 0.72055495 -0.14026611 0.45022845
v 0.73268908 -0.14264469 0.45016292
v 0.74482411 -0.14502345 0.45009738
v 0.75696003 -0.14740241 0.45003182
v 0.76909691 -0.14978153 0.44996631
v 0.78123462 -0.15216082 0.44990075
v 0.79337329 -0.15454030 0.44983524
v 0.80566508 -0.15646529 0.44966146
v 0.81807035 -0.15806009 0.44940898
v 0.83047932 -0.15965536 0.44915640
v 0.84312356 -0.16056940 0.44874141
v 0.85600030 -0.16082065 0.44816807
v 0.86855513 -0.16203406 0.44782376
v 0.88111496 -0.16324793 0.44747931
v 0.89446288 -0.16220491 0.44659612
v 0.53611475 0.06447429 0.42674392
v 0.54414845 0.04714069 0.43016842
v 0.55215114 0.02987391 0.43357974
v 0.56012303 0.01267356 0.43697792
v 0.56806433 -0.00446074 0.44036308
v 0.57597512 -0.02152936 0.44373524
v 0.58518010 -0.03411288 0.44605777
v 0.59544474 -0.04306674 0.44753018
v 0.60569209 -0.05200557 0.44900015
v 0.61592233 -0.06092944 0.45046768
v 0.62613541 -0.06983835 0.45193270
v 0.63636762 -0.07861475 0.45336765
v 0.64687347 -0.08644038 0.45458016
v 0.65736467 -0.09425515 0.45579097
v 0.66784132 -0.10205909 0.45700008
v 0.67830348 -0.10985220 0.45820752
v 0.68875116 -0.11763454 0.45941329
v 0.69918436 -0.12540610 0.46061739
v 0.70948595 -0.13368785 0.46163216
v 0.72160733 -0.13595350 0.46185091
v 0.73374313 -0.13833225 0.46178576
v 0.74587989 -0.14071117 0.46172071
v 0.75801748 -0.14309029 0.46165562
v 0.77015597 -0.14546956 0.46159047
v 0.78229541 -0.14784902 0.46152535
v 0.79443580 -0.15022866 0.46146023
v 0.80657709 -0.15260848 0.46139511
v 0.81876761 -0.15484452 0.46129593
v 0.83117652 -0.15643932 0.46104512
v 0.84370834 -0.15768307 0.46071106
v 0.85647970 -0.15824066 0.46021444
v 0.86903340 -0.15945344 0.45987251
v 0.88159198 -0.16066667 0.45953041
v 0.89444906 -0.16103432 0.45898786
v 0.58227301 0.04437409 0.44178599
v 0.59026891 0.02732518 0.44512528
v 0.59816968 0.01012477 0.44850221
v 0.60604024 -0.00700956 0.45186618
v 0.61388052 -0.02407820 0.45521727
v 0.62246335 -0.03854746 0.45796481
v 0.63269693 -0.04749791 0.45942727
v 0.64291346 -0.05643334 0.46088734
v 0.65311283 -0.06535380 0.46234491
v 0.66346252 -0.07372228 0.46367472
v 0.67395926 -0.08155857 0.46488115
v 0.68444145 -0.08938398 0.46608594
v 0.69490898 -0.09719852 0.46728903
v 0.70536208 -0.10500223 0.46849048
v 0.71627545 -0.11131375 0.46934378
v 0.72759074 -0.11633866 0.46989670
v 0.73889875 -0.12136035 0.47044927
v 0.75019944 -0.12637882 0.47100148
v 0.76149303 -0.13139410 0.47155333
v 0.77277946 -0.13640618 0.47210482
v 0.78405857 -0.14141506 0.47265595
v 0.79549861 -0.14591587 0.47308838
v 0.80764151 -0.14829583 0.47302371
v 0.81978536 -0.15067600 0.47295898
v 0.83193010 -0.15305634 0.47289431
v 0.84429324 -0.15479708 0.47267938
v 0.85695893 -0.15566118 0.47225836
v 0.86951143 -0.15687332 0.47191882
v 0.88206893 -0.15808594 0.47157919
v 0.89463133 -0.15929905 0.47123939
v 0.62031037 0.04125078 0.45349178
v 0.62825972 0.02428325 0.45679122
v 0.63617909 0.00737972 0.46007824
v 0.64403808 -0.00955986 0.46337596
v 0.65180773 -0.02662852 0.46670592
v 0.65974903 -0.04298234 0.46987265
v 0.66995174 -0.05192938 0.47132522
v 0.68013740 -0.06086140 0.47277534
v 0.69060779 -0.06882073 0.47400090
v 0.70109534 -0.07666770 0.47520131
v 0.71162391 -0.08432948 0.47635958
v 0.72297269 -0.08937726 0.47691181
v 0.73431426 -0.09442182 0.47746369
v 0.74564850 -0.09946314 0.47801521
v 0.75697559 -0.10450124 0.47856638
v 0.76829535 -0.10953612 0.47911724
v 0.77960783 -0.11456776 0.47966766
v 0.79091316 -0.11959620 0.48021781
v 0.80221123 -0.12462142 0.48076758
v 0.81350201 -0.12964341 0.48131692
v 0.82470208 -0.13491063 0.48192385
v 0.83582985 -0.14036496 0.48257485
v 0.84694910 -0.14581516 0.48322532
v 0.86001867 -0.14552574 0.48253798
v 0.87338614 -0.14439860 0.48165473
v 0.88676727 -0.14327030 0.48077053
v 0.65836406 0.03812613 0.46520257
v 0.66624320 0.02116089 0.46848056
v 0.67409259 0.00425964 0.47174624
v 0.68191242 -0.01257798 0.47499961
v 0.68970287 -0.02935231 0.47824076
v 0.69742632 -0.04618362 0.48149735
v 0.70731056 -0.05604140 0.48315036
v 0.71832854 -0.06226256 0.48396680
v 0.72970378 -0.06733017 0.48451799
v 0.74104154 -0.07248828 0.48509043
v 0.75225794 -0.07799424 0.48574349
v 0.76346582 -0.08349601 0.48639607
v 0.77466512 -0.08899359 0.48704818
v 0.78585589 -0.09448699 0.48769975
v 0.79703826 -0.09997621 0.48835084
v 0.80821198 -0.10546126 0.48900145
v 0.81937730 -0.11094214 0.48965153
v 0.83053416 -0.11641885 0.49030116
v 0.84168249 -0.12189141 0.49095026
v 0.85334057 -0.12583444 0.49124599
v 0.86607134 -0.12662245 0.49081165
v 0.87926161 -0.12609105 0.49007154
v 0.89267302 -0.12495103 0.48918989
v 0.70424289 0.01803720 0.48017493
v 0.71220559 0.00090345 0.48348716
v 0.72156048 -0.01005396 0.48536140
v 0.73112035 -0.02108546 0.48726824
v 0.74065894 -0.03209245 0.48917082
v 0.74991405 -0.04388917 0.49125549
v 0.75870639 -0.05701690 0.49364632
v 0.76919675 -0.06481756 0.49481905
v 0.78041697 -0.07033361 0.49546927
v 0.79162866 -0.07584545 0.49611899
v 0.80283189 -0.08135310 0.49676824
v 0.81402647 -0.08685655 0.49741694
v 0.82521260 -0.09235581 0.49806517
v 0.83639020 -0.09785089 0.49871296
v 0.84755933 -0.10334178 0.49936020
v 0.85976553 -0.10574944 0.49929982
v 0.87252688 -0.10653412 0.49886656
v 0.88529474 -0.10731922 0.49843311
v 0.89860290 -0.10655705 0.49764362
v 0.78754216 -0.00738710 0.49448681
v 0.79704481 -0.01844036 0.49638671
v 0.80596292 -0.03118092 0.49867174
v 0.81470025 -0.04436179 0.50105864
v 0.82341307 -0.05750572 0.50343877
v 0.83210158 -0.07061288 0.50581235
v 0.84227037 -0.07920624 0.50715941
v 0.85346025 -0.08471557 0.50780481
v 0.86621982 -0.08557311 0.50739032
v 0.87901187 -0.08635444 0.50695813
v 0.89181042 -0.08713617 0.50652575
f 1 5 4
f 2 5 1
f 2 6 5
f 3 6 2
f 3 7 6
f 5 12 4
f 5 13 12
f 6 13 5
f 6 14 13
f 7 14 6
f 7 15 14
f 8 15 7
f 8 16 15
f 9 16 8
f 9 17 16
f 10 17 9
f 10 18 17
f 11 18 10
f 11 19 18
f 13 23 12
f 13 24 23
f 14 24 13
f 14 25 24
f 15 25 14
f 15 26 25
f 16 26 15
f 16 27 26
f 17 27 16
f 17 28 27
f 18 28 17
f 18 29 28
f 19 29 18
f 19 30 29
f 20 30 19
f 20 31 30
f 21 31 20
f 21 32 31
f 22 32 21
f 22 33 32
f 23 39 38
f 24 39 23
f 24 40 39
f 25 40 24
f 25 41 40
f 26 41 25
f 26 42 41
f 27 42 26
f 27 43 42
f 28 43 27
f 28 44 43
f 29 44 28
f 29 45 44
f 30 45 29
f 30 46 45
f 31 46 30
f 31 47 46
f 32 47 31
f 32 48 47
f 33 48 32
f 33 49 48
f 34 49 33
f 34 50 49
f 35 50 34
f 35 51 50
f 36 51 35
f 36 52 51
f 37 52 36
f 37 53 52
f 39 57 38
f 39 58 57
f 40 58 39
f 40 59 58
f 41 59 40
f 41 60 59
f 42 60 41
f 42 61 60
f 43 61 42
f 43 62 61
f 44 62 43
f 44 63 62
f 45 63 44
f 45 64 63
f 46 64 45
f 46 65 64
f 47 65 46
f 47 66 65
f 48 66 47
f 48 67 66
f 49 67 48
f 49 68 67
f 50 68 49
f 50 69 68
f 51 69 50
f 51 70 69
f 52 70 51
f 52 71 70
f 53 71 52
f 53 72 71
f 54 72 53
f 54 73 72
f 55 73 54
f 55 74 73
f 56 74 55
f 56 75 74
f 58 79 57
f 58 80 79
f 59 80 58
f 59 81 80
f 60 81 59
f 60 82 81
f 61 82 60
f 61 83 82
f 62 83 61
f 62 84 83
f 63 84 62
f 63 85 84
f 64 85 63
f 64 86 85
f 65 86 64
f 65 87 86
f 66 87 65
f 66 88 87
f 67 88 66
f 67 89 88
f 68 89 67
f 68 90 89
f 69 90 68
f 69 91 90
f 70 91 69
f 70 92 91
f 71 92 70
f 71 93 92
f 72 93 71
f 72 94 93
f 73 94 72
f 73 95 94
f 74 95 73
f 74 96 95
f 75 96 74
f 75 97 96
f 76 97 75
f 76 98 97
f 77 98 76
f 77 99 98
f 78 99 77
f 78 100 99
f 79 104 103
f 80 104 79
f 80 105 104
f 81 105 80
f 81 106 105
f 82 106 81
f 82 107 106
f 83 107 82
f 83 108 107
f 84 108 83
f 84 109 108
f 85 109 84
f 85 110 109
f 86 110 85
f 86 111 110
f 87 111 86
f 87 112 111
f 88 112 87
f 88 113 112
f 89 113 88
f 89 114 113
f 90 114 89
f 90 115 114
f 91 115 90
f 91 116 115
f 92 116 91
f 92 117 116
f 93 117 92
f 93 118 117
f 94 118 93
f 94 119 118
f 95 119 94
f 95 120 119
f 96 120 95
f 96 121 120
f 97 121 96
f 97 122 121
f 98 122 97
f 98 123 122
f 99 123 98
f 99 124 123
f 100 124 99
f 100 125 124
f 101 125 100
f 101 126 125
f 102 126 101
f 102 127 126
f 104 131 103
f 104 132 131
f 105 132 104
f 105 133 132
f 106 133 105
f 106 134 133
f 107 134 106
f 107 135 134
f 108 135 107
f 108 136 135
f 109 136 108
f 109 137 136
f 110 137 109
f 110 138 137
f 111 138 110
f 111 139 138
f 112 139 111
f 112 140 139
f 113 140 112
f 113 141 140
f 114 141 113
f 114 142 141
f 115 142 114
f 115 143 142
f 116 143 115
f 116 144 143
f 117 144 116
f 117 145 144
f 118 145 117
f 118 146 145
f 119 146 118
f 119 147 146
f 120 147 119
f 120 148 147
f 121 148 120
f 121 149 148
f 122 149 121
f 122 150 149
f 123 150 122
f 123 151 150
f 124 151 123
f 124 152 151
f 125 152 124
f 125 153 152
f 126 153 125
f 126 154 153
f 127 154 126
f 127 155 154
f 128 155 127
f 128 156 155
f 129 156 128
f 129 157 156
f 130 157 129
f 130 158 157
f 132 162 131
f 132 163 162
f 133 163 132
f 133 164 163
f 134 164 133
f 134 165 164
f 135 165 134
f 135 166 165
f 136 166 135
f 136 167 166
f 137 167 136
f 137 168 167
f 138 168 137
f 138 169 168
f 139 169 138
f 139 170 169
f 140 170 139
f 140 171 170
f 141 171 140
f 141 172 171
f 142 172 141
f 142 173 172
f 143 173 142
f 143 174 173
f 144 174 143
f 144 175 174
f 145 175 144
f 145 176 175
f 146 176 145
f 146 177 176
f 147 177 146
f 147 178 177
f 148 178 147
f 148 179 178
f 149 179 148
f 149 180 179
f 150 180 149
f 150 181 180
f 151 181 150
f 151 182 181
f 152 182 151
f 152 183 182
f 153 183 152
f 153 184 183
f 154 184 153
f 154 185 184
f 155 185 154
f 155 186 185
f 156 186 155
f 156 187 186
f 157 187 156
f 157 188 187
f 158 188 157
f 158 189 188
f 159 189 158
f 159 190 189
f 160 190 159
f 160 191 190
f 161 191 160
f 161 192 191
f 162 196 195
f 163 196 162
f 163 197 196
f 164 197 163
f 164 198 197
f 165 198 164
f 165 199 198
f 166 199 165
f 166 200 199
f 167 200 166
f 167 201 200
f 168 201 167
f 168 202 201
f 169 202 168
f 169 203 202
f 170 203 169
f 170 204 203
f 171 204 170
f 171 205 204
f 172 205 171
f 172 206 205
f 173 206 172
f 173 207 206
f 174 207 173
f 174 208 207
f 175 208 174
f 175 209 208
f 176 209 175
f 176 210 209
f 177 210 176
f 177 211 210
f 178 211 177
f 178 212 211
f 179 212 178
f 179 213 212
f 180 213 179
f 180 214 213
f 181 214 180
f 181 215 214
f 182 215 181
f 182 216 215
f 183 216 182
f 183 217 216
f 184 217 183
f 184 218 217
f 185 218 184
f 185 219 218
f 186 219 185
f 186 220 219
f 187 220 186
f 187 221 220
f 188 221 187
f 188 222 221
f 189 222 188
f 189 223 222
f 190 223 189
f 190 224 223
f 191 224 190
f 191 225 224
f 192 225 191
f 192 226 225
f 193 226 192
f 193 227 226
f 194 227 193
f 194 228 227
f 196 234 195
f 196 235 234
f 197 235 196
f 197 236 235
f 198 236 197
f 198 237 236
f 199 237 198
f 199 238 237
f 200 238 199
f 200 239 238
f 201 239 200
f 201 240 239
f 202 240 201
f 202 241 240
f 203 241 202
f 203 242 241
f 204 242 203
f 204 243 242
f 205 243 204
f 205 244 243
f 206 244 205
f 206 245 244
f 207 245 206
f 207 246 245
f 208 246 207
f 208 247 246
f 209 247 208
f 209 248 247
f 210 248 209
f 210 249 248
f 211 249 210
f 211 250 249
f 212 250 211
f 212 251 250
f 213 251 212
f 213 252 251
f 214 252 213
f 214 253 252
f 215 253 214
f 215 254 253
f 216 254 215
f 216 255 254
f 217 255 216
f 217 256 255
f 218 256 217
f 218 257 256
f 219 257 218
f 219 258 257
f 220 258 219
f 220 259 258
f 221 259 220
f 221 260 259
f 222 260 221
f 222 261 260
f 223 261 222
f 223 262 261
f 224 262 223
f 224 263 262
f 225 263 224
f 225 264 263
f 226 264 225
f 226 265 264
f 227 265 226
f 227 266 265
f 228 266 227
f 228 267 266
f 229 267 228
f 229 268 267
f 230 268 229
f 230 269 268
f 231 277 276
f 232 278 277
f 233 278 232
f 233 279 278
f 235 281 234
f 235 282 281
f 236 282 235
f 236 283 282
f 237 283 236
f 237 284 283
f 238 284 237
f 238 285 284
f 239 285 238
f 239 286 285
f 240 286 239
f 240 287 286
f 241 287 240
f 241 288 287
f 242 288 241
f 242 289 288
f 243 289 242
f 243 290 289
f 244 290 243
f 244 291 290
f 245 291 244
f 245 292 291
f 246 292 245
f 246 293 292
f 247 293 246
f 247 294 293
f 248 294 247
f 248 295 294
f 249 295 248
f 249 296 295
f 250 296 249
f 250 297 296
f 251 297 250
f 251 298 297
f 252 298 251
f 252 299 298
f 253 299 252
f 253 300 299
f 254 300 253
f 254 301 300
f 255 301 254
f 255 302 301
f 256 302 255
f 256 303 302
f 257 303 256
f 257 304 303
f 258 304 257
f 258 305 304
f 259 305 258
f 259 306 305
f 260 306 259
f 260 307 306
f 261 307 260
f 261 308 307
f 262 308 261
f 262 309 308
f 263 309 262
f 263 310 309
f 264 310 263
f 264 311 310
f 265 311 264
f 265 312 311
f 266 312 265
f 266 313 312
f 267 313 266
f 267 314 313
f 268 314 267
f 268 315 314
f 269 315 268
f 269 316 315
f 270 316 269
f 270 317 316
f 271 326 325
f 272 326 271
f 272 327 326
f 273 327 272
f 273 328 327
f 274 328 273
f 274 329 328
f 275 329 274
f 275 330 329
f 276 330 275
f 276 331 330
f 277 331 276
f 277 332 331
f 278 332 277
f 278 333 332
f 279 333 278
f 279 334 333
f 280 334 279
f 280 335 334
f 282 337 281
f 282 338 337
f 283 338 282
f 283 339 338
f 284 339 283
f 284 340 339
f 285 340 284
f 285 341 340
f 286 341 285
f 286 342 341
f 287 342 286
f 287 343 342
f 288 343 287
f 288 344 343
f 289 344 288
f 289 345 344
f 290 345 289
f 290 346 345
f 291 346 290
f 291 347 346
f 292 347 291
f 292 348 347
f 293 348 292
f 293 349 348
f 294 349 293
f 294 350 349
f 295 350 294
f 295 351 350
f 296 351 295
f 296 352 351
f 297 352 296
f 297 353 352
f 298 353 297
f 298 354 353
f 299 354 298
f 299 355 354
f 300 355 299
f 300 356 355
f 301 356 300
f 301 357 356
f 302 357 301
f 302 358 357
f 303 358 302
f 303 359 358
f 304 359 303
f 304 360 359
f 305 360 304
f 305 361 360
f 306 361 305
f 306 362 361
f 307 362 306
f 307 363 362
f 308 363 307
f 308 364 363
f 309 364 308
f 309 365 364
f 310 365 309
f 310 366 365
f 311 366 310
f 311 367 366
f 312 367 311
f 312 368 367
f 313 368 312
f 313 369 368
f 314 369 313
f 314 370 369
f 315 370 314
f 315 371 370
f 316 371 315
f 316 372 371
f 317 372 316
f 317 373 372
f 318 373 317
f 318 374 373
f 319 374 318
f 319 375 374
f 320 383 382
f 321 383 320
f 321 384 383
f 322 384 321
f 322 385 384
f 323 385 322
f 323 386 385
f 324 386 323
f 324 387 386
f 325 387 324
f 325 388 387
f 326 388 325
f 326 389 388
f 327 389 326
f 327 390 389
f 328 390 327
f 328 391 390
f 329 391 328
f 329 392 391
f 330 392 329
f 330 393 392
f 331 393 330
f 331 394 393
f 332 394 331
f 332 395 394
f 333 395 332
f 333 396 395
f 334 396 333
f 334 397 396
f 335 397 334
f 335 398 397
f 336 398 335
f 336 399 398
f 337 401 400
f 338 401 337
f 338 402 401
f 339 402 338
f 339 403 402
f 340 403 339
f 340 404 403
f 341 404 340
f 341 405 404
f 342 405 341
f 342 406 405
f 343 406 342
f 343 407 406
f 344 407 343
f 344 408 407
f 345 408 344
f 345 409 408
f 346 409 345
f 346 410 409
f 347 410 346
f 347 411 410
f 348 411 347
f 348 412 411
f 349 412 348
f 349 413 412
f 350 413 349
f 350 414 413
f 351 414 350
f 351 415 414
f 352 415 351
f 352 416 415
f 353 416 352
f 353 417 416
f 354 417 353
f 354 418 417
f 355 418 354
f 355 419 418
f 356 419 355
f 356 420 419
f 357 420 356
f 357 421 420
f 358 421 357
f 358 422 421
f 359 422 358
f 359 423 422
f 360 423 359
f 360 424 423
f 361 424 360
f 361 425 424
f 362 425 361
f 362 426 425
f 363 426 362
f 363 427 426
f 364 427 363
f 364 428 427
f 365 428 364
f 365 429 428
f 366 429 365
f 366 430 429
f 367 430 366
f 367 431 430
f 368 431 367
f 368 432 431
f 369 432 368
f 369 433 432
f 370 433 369
f 370 434 433
f 371 434 370
f 371 435 434
f 372 435 371
f 372 436 435
f 373 436 372
f 373 437 436
f 374 437 373
f 374 438 437
f 375 438 374
f 375 439 438
f 376 439 375
f 376 440 439
f 377 440 376
f 377 441 440
f 378 447 446
f 379 447 378
f 379 448 447
f 380 448 379
f 380 449 448
f 381 449 380
f 381 450 449
f 382 450 381
f 382 451 450
f 383 451 382
f 383 452 451
f 384 452 383
f 384 453 452
f 385 453 384
f 385 454 453
f 386 454 385
f 386 455 454
f 387 455 386
f 387 456 455
f 388 456 387
f 388 457 456
f 389 457 388
f 389 458 457
f 390 458 389
f 390 459 458
f 391 459 390
f 391 460 459
f 392 460 391
f 392 461 460
f 393 461 392
f 393 462 461
f 394 462 393
f 394 463 462
f 395 463 394
f 395 464 463
f 396 464 395
f 396 465 464
f 397 465 396
f 397 466 465
f 398 466 397
f 398 467 466
f 399 467 398
f 399 468 467
f 401 469 400
f 401 470 469
f 402 470 401
f 402 471 470
f 403 471 402
f 403 472 471
f 404 472 403
f 404 473 472
f 405 473 404
f 405 474 473
f 406 474 405
f 406 475 474
f 407 475 406
f 407 476 475
f 408 476 407
f 408 477 476
f 409 477 408
f 409 478 477
f 410 478 409
f 410 479 478
f 411 479 410
f 411 480 479
f 412 480 411
f 412 481 480
f 413 481 412
f 413 482 481
f 414 482 413
f 414 483 482
f 415 483 414
f 415 484 483
f 416 484 415
f 416 485 484
f 417 485 416
f 417 486 485
f 418 486 417
f 418 487 486
f 419 487 418
f 419 488 487
f 420 488 419
f 420 489 488
f 421 489 420
f 421 490 489
f 422 490 421
f 422 491 490
f 423 491 422
f 423 492 491
f 424 492 423
f 424 493 492
f 425 493 424
f 425 494 493
f 426 494 425
f 426 495 494
f 427 495 426
f 427 496 495
f 428 496 427
f 428 497 496
f 429 497 428
f 429 498 497
f 430 498 429
f 430 499 498
f 431 499 430
f 431 500 499
f 432 500 431
f 432 501 500
f 433 501 432
f 433 502 501
f 434 502 433
f 434 503 502
f 435 503 434
f 435 504 503
f 436 504 435
f 436 505 504
f 437 505 436
f 437 506 505
f 438 506 437
f 438 507 506
f 439 507 438
f 439 508 507
f 440 508 439
f 440 509 508
f 441 509 440
f 441 510 509
f 442 510 441
f 442 511 510
f 443 518 517
f 444 518 443
f 444 519 518
f 445 519 444
f 445 520 519
f 446 520 445
f 446 521 520
f 447 521 446
f 447 522 521
f 448 522 447
f 448 523 522
f 449 523 448
f 449 524 523
f 450 524 449
f 450 525 524
f 451 525 450
f 451 526 525
f 452 526 451
f 452 527 526
f 453 527 452
f 453 528 527
f 454 528 453
f 454 529 528
f 455 529 454
f 455 530 529
f 456 530 455
f 456 531 530
f 457 531 456
f 457 532 531
f 458 532 457
f 458 533 532
f 459 533 458
f 459 534 533
f 460 534 459
f 460 535 534
f 461 535 460
f 461 536 535
f 462 536 461
f 462 537 536
f 463 537 462
f 463 538 537
f 464 538 463
f 464 539 538
f 465 539 464
f 465 540 539
f 466 540 465
f 466 541 540
f 467 541 466
f 467 542 541
f 468 542 467
f 468 543 542
f 470 545 469
f 470 546 545
f 471 546 470
f 471 547 546
f 472 547 471
f 472 548 547
f 473 548 472
f 473 549 548
f 474 549 473
f 474 550 549
f 475 550 474
f 475 551 550
f 476 551 475
f 476 552 551
f 477 552 476
f 477 553 552
f 478 553 477
f 478 554 553
f 479 554 478
f 479 555 554
f 480 555 479
f 480 556 555
f 481 556 480
f 481 557 556
f 482 557 481
f 482 558 557
f 483 558 482
f 483 559 558
f 484 559 483
f 484 560 559
f 485 560 484
f 485 561 560
f 486 561 485
f 486 562 561
f 487 562 486
f 487 563 562
f 488 563 487
f 488 564 563
f 489 564 488
f 489 565 564
f 490 565 489
f 490 566 565
f 491 566 490
f 491 567 566
f 492 567 491
f 492 568 567
f 493 568 492
f 493 569 568
f 494 569 493
f 494 570 569
f 495 570 494
f 495 571 570
f 496 571 495
f 496 572 571
f 497 572 496
f 497 573 572
f 498 573 497
f 498 574 573
f 499 574 498
f 499 575 574
f 500 575 499
f 500 576 575
f 501 576 500
f 501 577 576
f 502 577 501
f 502 578 577
f 503 578 502
f 503 579 578
f 504 579 503
f 504 580 579
f 505 580 504
f 505 581 580
f 506 581 505
f 506 582 581
f 507 582 506
f 507 583 582
f 508 583 507
f 508 584 583
f 509 584 508
f 509 585 584
f 510 585 509
f 510 586 585
f 511 586 510
f 511 587 586
f 512 587 511
f 512 588 587
f 513 588 512
f 513 589 588
f 514 594 593
f 515 594 514
f 515 595 594
f 516 595 515
f 516 596 595
f 517 596 516
f 517 597 596
f 518 597 517
f 518 598 597
f 519 598 518
f 519 599 598
f 520 599 519
f 520 600 599
f 521 600 520
f 521 601 600
f 522 601 521
f 522 602 601
f 523 602 522
f 523 603 602
f 524 603 523
f 524 604 603
f 525 604 524
f 525 605 604
f 526 605 525
f 526 606 605
f 527 606 526
f 527 607 606
f 528 607 527
f 528 608 607
f 529 608 528
f 529 609 608
f 530 609 529
f 530 610 609
f 531 610 530
f 531 611 610
f 532 611 531
f 532 612 611
f 533 612 532
f 533 613 612
f 534 613 533
f 534 614 613
f 535 614 534
f 535 615 614
f 536 615 535
f 536 616 615
f 537 616 536
f 537 617 616
f 538 617 537
f 538 618 617
f 539 618 538
f 539 619 618
f 540 619 539
f 540 620 619
f 541 620 540
f 541 621 620
f 542 621 541
f 542 622 621
f 543 622 542
f 543 623 622
f 544 623 543
f 544 624 623
f 545 626 625
f 546 626 545
f 546 627 626
f 547 627 546
f 547 628 627
f 548 628 547
f 548 629 628
f 549 629 548
f 549 630 629
f 550 630 549
f 550 631 630
f 551 631 550
f 551 632 631
f 552 632 551
f 552 633 632
f 553 633 552
f 553 634 633
f 554 634 553
f 554 635 634
f 555 635 554
f 555 636 635
f 556 636 555
f 556 637 636
f 557 637 556
f 557 638 637
f 558 638 557
f 558 639 638
f 559 639 558
f 559 640 639
f 560 640 559
f 560 641 640
f 561 641 560
f 561 642 641
f 562 642 561
f 562 643 642
f 563 643 562
f 563 644 643
f 564 644 563
f 564 645 644
f 565 645 564
f 565 646 645
f 566 646 565
f 566 647 646
f 567 647 566
f 567 648 647
f 568 648 567
f 568 649 648
f 569 649 568
f 569 650 649
f 570 650 569
f 570 651 650
f 571 651 570
f 571 652 651
f 572 652 571
f 572 653 652
f 573 653 572
f 573 654 653
f 574 654 573
f 574 655 654
f 575 655 574
f 575 656 655
f 576 656 575
f 576 657 656
f 577 657 576
f 577 658 657
f 578 658 577
f 578 659 658
f 579 659 578
f 579 660 659
f 580 660 579
f 580 661 660
f 581 661 580
f 581 662 661
f 582 662 581
f 582 663 662
f 583 663 582
f 583 664 663
f 584 664 583
f 584 665 664
f 585 665 584
f 585 666 665
f 586 666 585
f 586 667 666
f 587 667 586
f 587 668 667
f 588 668 587
f 588 669 668
f 589 669 588
f 589 670 669
f 590 670 589
f 590 671 670
f 591 671 590
f 591 672 671
f 592 676 675
f 593 676 592
f 593 677 676
f 594 677 593
f 594 678 677
f 595 678 594
f 595 679 678
f 596 679 595
f 596 680 679
f 597 680 596
f 597 681 680
f 598 681 597
f 598 682 681
f 599 682 598
f 599 683 682
f 600 683 599
f 600 684 683
f 601 684 600
f 601 685 684
f 602 685 601
f 602 686 685
f 603 686 602
f 603 687 686
f 604 687 603
f 604 688 687
f 605 688 604
f 605 689 688
f 606 689 605
f 606 690 689
f 607 690 606
f 607 691 690
f 608 691 607
f 608 692 691
f 609 692 608
f 609 693 692
f 610 693 609
f 610 694 693
f 611 694 610
f 611 695 694
f 612 695 611
f 612 696 695
f 613 696 612
f 613 697 696
f 614 697 613
f 614 698 697
f 615 698 614
f 615 699 698
f 616 699 615
f 616 700 699
f 617 700 616
f 617 701 700
f 618 701 617
f 618 702 701
f 619 702 618
f 619 703 702
f 620 703 619
f 620 704 703
f 621 704 620
f 621 705 704
f 622 705 621
f 622 706 705
f 623 706 622
f 623 707 706
f 624 707 623
f 624 708 707
f 626 709 625
f 626 710 709
f 627 710 626
f 627 711 710
f 628 711 627
f 628 712 711
f 629 712 628
f 629 713 712
f 630 713 629
f 630 714 713
f 631 714 630
f 631 715 714
f 632 715 631
f 632 716 715
f 633 716 632
f 633 717 716
f 634 717 633
f 634 718 717
f 635 718 634
f 635 719 718
f 636 719 635
f 636 720 719
f 637 720 636
f 637 721 720
f 638 721 637
f 638 722 721
f 639 722 638
f 639 723 722
f 640 723 639
f 640 724 723
f 641 724 640
f 641 725 724
f 642 725 641
f 642 726 725
f 643 726 642
f 643 727 726
f 644 727 643
f 644 728 727
f 645 728 644
f 645 729 728
f 646 729 645
f 646 730 729
f 647 730 646
f 647 731 730
f 648 731 647
f 648 732 731
f 649 732 648
f 649 733 732
f 650 733 649
f 650 734 733
f 651 734 650
f 651 735 734
f 652 735 651
f 652 736 735
f 653 736 652
f 653 737 736
f 654 737 653
f 654 738 737
f 655 738 654
f 655 739 738
f 656 739 655
f 656 740 739
f 657 740 656
f 657 741 740
f 658 741 657
f 658 742 741
f 659 742 658
f 659 743 742
f 660 743 659
f 660 744 743
f 661 744 660
f 661 745 744
f 662 745 661
f 662 746 745
f 663 746 662
f 663 747 746
f 664 747 663
f 664 748 747
f 665 748 664
f 665 749 748
f 666 749 665
f 666 750 749
f 667 750 666
f 667 751 750
f 668 751 667
f 668 752 751
f 669 752 668
f 669 753 752
f 670 753 669
f 670 754 753
f 671 754 670
f 671 755 754
f 672 755 671
f 672 756 755
f 673 756 672
f 673 757 756
f 674 761 760
f 675 761 674
f 675 762 761
f 676 762 675
f 676 763 762
f 677 763 676
f 677 764 763
f 678 764 677
f 678 765 764
f 679 765 678
f 679 766 765
f 680 766 679
f 680 767 766
f 681 767 680
f 681 768 767
f 682 768 681
f 682 769 768
f 683 769 682
f 683 770 769
f 684 770 683
f 684 771 770
f 685 771 684
f 685 772 771
f 686 772 685
f 686 773 772
f 687 773 686
f 687 774 773
f 688 774 687
f 688 775 774
f 689 775 688
f 689 776 775
f 690 776 689
f 690 777 776
f 691 777 690
f 691 778 777
f 692 778 691
f 692 779 778
f 693 779 692
f 693 780 779
f 694 780 693
f 694 781 780
f 695 781 694
f 695 782 781
f 696 782 695
f 696 783 782
f 697 783 696
f 697 784 783
f 698 784 697
f 698 785 784
f 699 785 698
f 699 786 785
f 700 786 699
f 700 787 786
f 701 787 700
f 701 788 787
f 702 788 701
f 702 789 788
f 703 789 702
f 703 790 789
f 704 790 703
f 704 791 790
f 705 791 704
f 705 792 791
f 706 792 705
f 706 793 792
f 707 793 706
f 707 794 793
f 708 794 707
f 708 795 794
f 710 796 709
f 710 797 796
f 711 797 710
f 711 798 797
f 712 798 711
f 712 799 798
f 713 799 712
f 713 800 799
f 714 800 713
f 714 801 800
f 715 801 714
f 715 802 801
f 716 802 715
f 716 803 802
f 717 803 716
f 717 804 803
f 718 804 717
f 718 805 804
f 719 805 718
f 719 806 805
f 720 806 719
f 720 807 806
f 721 807 720
f 721 808 807
f 722 808 721
f 722 809 808
f 723 809 722
f 723 810 809
f 724 810 723
f 724 811 810
f 725 811 724
f 725 812 811
f 726 812 725
f 726 813 812
f 727 813 726
f 727 814 813
f 728 814 727
f 728 815 814
f 729 815 728
f 729 816 815
f 730 816 729
f 730 817 816
f 731 817 730
f 731 818 817
f 732 818 731
f 732 819 818
f 733 819 732
f 733 820 819
f 734 820 733
f 734 821 820
f 735 821 734
f 735 822 821
f 736 822 735
f 736 823 822
f 737 823 736
f 737 824 823
f 738 824 737
f 738 825 824
f 739 825 738
f 739 826 825
f 740 826 739
f 740 827 826
f 741 827 740
f 741 828 827
f 742 828 741
f 742 829 828
f 743 829 742
f 743 830 829
f 744 830 743
f 744 831 830
f 745 831 744
f 745 832 831
f 746 832 745
f 746 833 832
f 747 833 746
f 747 834 833
f 748 834 747
f 748 835 834
f 749 835 748
f 749 836 835
f 750 836 749
f 750 837 836
f 751 837 750
f 751 838 837
f 752 838 751
f 752 839 838
f 753 839 752
f 753 840 839
f 754 840 753
f 754 841 840
f 755 841 754
f 755 842 841
f 756 842 755
f 756 843 842
f 757 843 756
f 757 844 843
f 758 844 757
f 758 845 844
f 759 851 850
f 760 851 759
f 760 852 851
f 761 852 760
f 761 853 852
f 762 853 761
f 762 854 853
f 763 854 762
f 763 855 854
f 764 855 763
f 764 856 855
f 765 856 764
f 765 857 856
f 766 857 765
f 766 858 857
f 767 858 766
f 767 859 858
f 768 859 767
f 768 860 859
f 769 860 768
f 769 861 860
f 770 861 769
f 770 862 861
f 771 862 770
f 771 863 862
f 772 863 771
f 772 864 863
f 773 864 772
f 773 865 864
f 774 865 773
f 774 866 865
f 775 866 774
f 775 867 866
f 776 867 775
f 776 868 867
f 777 868 776
f 777 869 868
f 778 869 777
f 778 870 869
f 779 870 778
f 779 871 870
f 780 871 779
f 780 872 871
f 781 872 780
f 781 873 872
f 782 873 781
f 782 874 873
f 783 874 782
f 783 875 874
f 784 875 783
f 784 876 875
f 785 876 784
f 785 877 876
f 786 877 785
f 786 878 877
f 787 878 786
f 787 879 878
f 788 879 787
f 788 880 879
f 789 880 788
f 789 881 880
f 790 881 789
f 790 882 881
f 791 882 790
f 791 883 882
f 792 883 791
f 792 884 883
f 793 884 792
f 793 885 884
f 794 885 793
f 794 886 885
f 795 886 794
f 795 887 886
f 797 889 796
f 797 890 889
f 798 890 797
f 798 891 890
f 799 891 798
f 799 892 891
f 800 892 799
f 800 893 892
f 801 893 800
f 801 894 893
f 802 894 801
f 802 895 894
f 803 895 802
f 803 896 895
f 804 896 803
f 804 897 896
f 805 897 804
f 805 898 897
f 806 898 805
f 806 899 898
f 807 899 806
f 807 900 899
f 808 900 807
f 808 901 900
f 809 901 808
f 809 902 901
f 810 902 809
f 810 903 902
f 811 903 810
f 811 904 903
f 812 904 811
f 812 905 904
f 813 905 812
f 813 906 905
f 814 906 813
f 814 907 906
f 815 907 814
f 815 908 907
f 816 908 815
f 816 909 908
f 817 909 816
f 817 910 909
f 818 910 817
f 818 911 910
f 819 911 818
f 819 912 911
f 820 912 819
f 820 913 912
f 821 913 820
f 821 914 913
f 822 914 821
f 822 915 914
f 823 915 822
f 823 916 915
f 824 916 823
f 824 917 916
f 825 917 824
f 825 918 917
f 826 918 825
f 826 919 918
f 827 919 826
f 827 920 919
f 828 920 827
f 828 921 920
f 829 921 828
f 829 922 921
f 830 922 829
f 830 923 922
f 831 923 830
f 831 924 923
f 832 924 831
f 832 925 924
f 833 925 832
f 833 926 925
f 834 926 833
f 834 927 926
f 835 927 834
f 835 928 927
f 836 928 835
f 836 929 928
f 837 929 836
f 837 930 929
f 838 930 837
f 838 931 930
f 839 931 838
f 839 932 931
f 840 932 839
f 840 933 932
f 841 933 840
f 841 934 933
f 842 934 841
f 842 935 934
f 843 935 842
f 843 936 935
f 844 936 843
f 844 937 936
f 845 937 844
f 845 938 937
f 846 938 845
f 846 939 938
f 847 939 846
f 847 940 939
f 848 944 943
f 849 944 848
f 849 945 944
f 850 945 849
f 850 946 945
f 851 946 850
f 851 947 946
f 852 947 851
f 852 948 947
f 853 948 852
f 853 949 948
f 854 949 853
f 854 950 949
f 855 950 854
f 855 951 950
f 856 951 855
f 856 952 951
f 857 952 856
f 857 953 952
f 858 953 857
f 858 954 953
f 859 954 858
f 859 955 954
f 860 955 859
f 860 956 955
f 861 956 860
f 861 957 956
f 862 957 861
f 862 958 957
f 863 958 862
f 863 959 958
f 864 959 863
f 864 960 959
f 865 960 864
f 865 961 960
f 866 961 865
f 866 962 961
f 867 962 866
f 867 963 962
f 868 963 867
f 868 964 963
f 869 964 868
f 869 965 964
f 870 965 869
f 870 966 965
f 871 966 870
f 871 967 966
f 872 967 871
f 872 968 967
f 873 968 872
f 873 969 968
f 874 969 873
f 874 970 969
f 875 970 874
f 875 971 970
f 876 971 875
f 876 972 971
f 877 972 876
f 877 973 972
f 878 973 877
f 878 974 973
f 879 974 878
f 879 975 974
f 880 975 879
f 880 976 975
f 881 976 880
f 881 977 976
f 882 977 881
f 882 978 977
f 883 978 882
f 883 979 978
f 884 979 883
f 884 980 979
f 885 980 884
f 885 981 980
f 886 981 885
f 886 982 981
f 887 982 886
f 887 983 982
f 888 983 887
f 888 984 983
f 889 986 985
f 890 986 889
f 890 987 986
f 891 987 890
f 891 988 987
f 892 988 891
f 892 989 988
f 893 989 892
f 893 990 989
f 894 990 893
f 894 991 990
f 895 991 894
f 895 992 991
f 896 992 895
f 896 993 992
f 897 993 896
f 897 994 993
f 898 994 897
f 898 995 994
f 899 995 898
f 899 996 995
f 900 996 899
f 900 997 996
f 901 997 900
f 901 998 997
f 902 998 901
f 902 999 998
f 903 999 902
f 903 1000 999
f 904 1000 903
f 904 1001 1000
f 905 1001 904
f 905 1002 1001
f 906 1002 905
f 906 1003 1002
f 907 1003 906
f 907 1004 1003
f 908 1004 907
f 908 1005 1004
f 909 1005 908
f 909 1006 1005
f 910 1006 909
f 910 1007 1006
f 911 1007 910
f 911 1008 1007
f 912 1008 911
f 912 1009 1008
f 913 1009 912
f 913 1010 1009
f 914 1010 913
f 914 1011 1010
f 915 1011 914
f 915 1012 1011
f 916 1012 915
f 916 1013 1012
f 917 1013 916
f 917 1014 1013
f 918 1014 917
f 918 1015 1014
f 919 1015 918
f 919 1016 1015
f 920 1016 919
f 920 1017 1016
f 921 1017 920
f 921 1018 1017
f 922 1018 921
f 922 1019 1018
f 923 1019 922
f 923 1020 1019
f 924 1020 923
f 924 1021 1020
f 925 1021 924
f 925 1022 1021
f 926 1022 925
f 926 1023 1022
f 927 1023 926
f 927 1024 1023
f 928 1024 927
f 928 1025 1024
f 929 1025 928
f 929 1026 1025
f 930 1026 929
f 930 1027 1026
f 931 1027 930
f 931 1028 1027
f 932 1028 931
f 932 1029 1028
f 933 1029 932
f 933 1030 1029
f 934 1030 933
f 934 1031 1030
f 935 1031 934
f 935 1032 1031
f 936 1032 935
f 936 1033 1032
f 937 1033 936
f 937 1034 1033
f 938 1034 937
f 938 1035 1034
f 939 1035 938
f 939 1036 1035
f 940 1036 939
f 940 1037 1036
f 941 1037 940
f 941 1038 1037
f 942 1043 1042
f 943 1043 942
f 943 1044 1043
f 944 1044 943
f 944 1045 1044
f 945 1045 944
f 945 1046 1045
f 946 1046 945
f 946 1047 1046
f 947 1047 946
f 947 1048 1047
f 948 1048 947
f 948 1049 1048
f 949 1049 948
f 949 1050 1049
f 950 1050 949
f 950 1051 1050
f 951 1051 950
f 951 1052 1051
f 952 1052 951
f 952 1053 1052
f 953 1053 952
f 953 1054 1053
f 954 1054 953
f 954 1055 1054
f 955 1055 954
f 955 1056 1055
f 956 1056 955
f 956 1057 1056
f 957 1057 956
f 957 1058 1057
f 958 1058 957
f 958 1059 1058
f 959 1059 958
f 959 1060 1059
f 960 1060 959
f 960 1061 1060
f 961 1061 960
f 961 1062 1061
f 962 1062 961
f 962 1063 1062
f 963 1063 962
f 963 1064 1063
f 964 1064 963
f 964 1065 1064
f 965 1065 964
f 965 1066 1065
f 966 1066 965
f 966 1067 1066
f 967 1067 966
f 967 1068 1067
f 968 1068 967
f 968 1069 1068
f 969 1069 968
f 969 1070 1069
f 970 1070 969
f 970 1071 1070
f 971 1071 970
f 971 1072 1071
f 972 1072 971
f 972 1073 1072
f 973 1073 972
f 973 1074 1073
f 974 1074 973
f 974 1075 1074
f 975 1075 974
f 975 1076 1075
f 976 1076 975
f 976 1077 1076
f 977 1077 976
f 977 1078 1077
f 978 1078 977
f 978 1079 1078
f 979 1079 978
f 979 1080 1079
f 980 1080 979
f 980 1081 1080
f 981 1081 980
f 981 1082 1081
f 982 1082 981
f 982 1083 1082
f 983 1083 982
f 983 1084 1083
f 984 1084 983
f 984 1085 1084
f 986 1086 985
f 986 1087 1086
f 987 1087 986
f 987 1088 1087
f 988 1088 987
f 988 1089 1088
f 989 1089 988
f 989 1090 1089
f 990 1090 989
f 990 1091 1090
f 991 1091 990
f 991 1092 1091
f 992 1092 991
f 992 1093 1092
f 993 1093 992
f 993 1094 1093
f 994 1094 993
f 994 1095 1094
f 995 1095 994
f 995 1096 1095
f 996 1096 995
f 996 1097 1096
f 997 1097 996
f 997 1098 1097
f 998 1098 997
f 998 1099 1098
f 999 1099 998
f 999 1100 1099
f 1000 1100 999
f 1000 1101 1100
f 1001 1101 1000
f 1001 1102 1101
f 1002 1102 1001
f 1002 1103 1102
f 1003 1103 1002
f 1003 1104 1103
f 1004 1104 1003
f 1004 1105 1104
f 1005 1105 1004
f 1005 1106 1105
f 1006 1106 1005
f 1006 1107 1106
f 1007 1107 1006
f 1007 1108 1107
f 1008 1108 1007
f 1008 1109 1108
f 1009 1109 1008
f 1009 1110 1109
f 1010 1110 1009
f 1010 1111 1110
f 1011 1111 1010
f 1011 1112 1111
f 1012 1112 1011
f 1012 1113 1112
f 1013 1113 1012
f 1013 1114 1113
f 1014 1114 1013
f 1014 1115 1114
f 1015 1115 1014
f 1015 1116 1115
f 1016 1116 1015
f 1016 1117 1116
f 1017 1117 1016
f 1017 1118 1117
f 1018 1118 1017
f 1018 1119 1118
f 1019 1119 1018
f 1019 1120 1119
f 1020 1120 1019
f 1020 1121 1120
f 1021 1121 1020
f 1021 1122 1121
f 1022 1122 1021
f 1022 1123 1122
f 1023 1123 1022
f 1023 1124 1123
f 1024 1124 1023
f 1024 1125 1124
f 1025 1125 1024
f 1025 1126 1125
f 1026 1126 1025
f 1026 1127 1126
f 1027 1127 1026
f 1027 1128 1127
f 1028 1128 1027
f 1028 1129 1128
f 1029 1129 1028
f 1029 1130 1129
f 1030 1130 1029
f 1030 1131 1130
f 1031 1131 1030
f 1031 1132 1131
f 1032 1132 1031
f 1032 1133 1132
f 1033 1133 1032
f 1033 1134 1133
f 1034 1134 1033
f 1034 1135 1134
f 1035 1135 1034
f 1035 1136 1135
f 1036 1136 1035
f 1036 1137 1136
f 1037 1137 1036
f 1037 1138 1137
f 1038 1138 1037
f 1038 1139 1138
f 1039 1139 1038
f 1039 1140 1139
f 1040 1140 1039
f 1040 1141 1140
f 1041 1145 1144
f 1042 1145 1041
f 1042 1146 1145
f 1043 1146 1042
f 1043 1147 1146
f 1044 1147 1043
f 1044 1148 1147
f 1045 1148 1044
f 1045 1149 1148
f 1046 1149 1045
f 1046 1150 1149
f 1047 1150 1046
f 1047 1151 1150
f 1048 1151 1047
f 1048 1152 1151
f 1049 1152 1048
f 1049 1153 1152
f 1050 1153 1049
f 1050 1154 1153
f 1051 1154 1050
f 1051 1155 1154
f 1052 1155 1051
f 1052 1156 1155
f 1053 1156 1052
f 1053 1157 1156
f 1054 1157 1053
f 1054 1158 1157
f 1055 1158 1054
f 1055 1159 1158
f 1056 1159 1055
f 1056 1160 1159
f 1057 1160 1056
f 1057 1161 1160
f 1058 1161 1057
f 1058 1162 1161
f 1059 1162 1058
f 1059 1163 1162
f 1060 1163 1059
f 1060 1164 1163
f 1061 1164 1060
f 1061 1165 1164
f 1062 1165 1061
f 1062 1166 1165
f 1063 1166 1062
f 1063 1167 1166
f 1064 1167 1063
f 1064 1168 1167
f 1065 1168 1064
f 1065 1169 1168
f 1066 1169 1065
f 1066 1170 1169
f 1067 1170 1066
f 1067 1171 1170
f 1068 1171 1067
f 1068 1172 1171
f 1069 1172 1068
f 1069 1173 1172
f 1070 1173 1069
f 1070 1174 1173
f 1071 1174 1070
f 1071 1175 1174
f 1072 1175 1071
f 1072 1176 1175
f 1073 1176 1072
f 1073 1177 1176
f 1074 1177 1073
f 1074 1178 1177
f 1075 1178 1074
f 1075 1179 1178
f 1076 1179 1075
f 1076 1180 1179
f 1077 1180 1076
f 1077 1181 1180
f 1078 1181 1077
f 1078 1182 1181
f 1079 1182 1078
f 1079 1183 1182
f 1080 1183 1079
f 1080 1184 1183
f 1081 1184 1080
f 1081 1185 1184
f 1082 1185 1081
f 1082 1186 1185
f 1083 1186 1082
f 1083 1187 1186
f 1084 1187 1083
f 1084 1188 1187
f 1085 1188 1084
f 1085 1189 1188
f 1087 1191 1086
f 1087 1192 1191
f 1088 1192 1087
f 1088 1193 1192
f 1089 1193 1088
f 1089 1194 1193
f 1090 1194 1089
f 1090 1195 1194
f 1091 1195 1090
f 1091 1196 1195
f 1092 1196 1091
f 1092 1197 1196
f 1093 1197 1092
f 1093 1198 1197
f 1094 1198 1093
f 1094 1199 1198
f 1095 1199 1094
f 1095 1200 1199
f 1096 1200 1095
f 1096 1201 1200
f 1097 1201 1096
f 1097 1202 1201
f 1098 1202 1097
f 1098 1203 1202
f 1099 1203 1098
f 1099 1204 1203
f 1100 1204 1099
f 1100 1205 1204
f 1101 1205 1100
f 1101 1206 1205
f 1102 1206 1101
f 1102 1207 1206
f 1103 1207 1102
f 1103 1208 1207
f 1104 1208 1103
f 1104 1209 1208
f 1105 1209 1104
f 1105 1210 1209
f 1106 1210 1105
f 1106 1211 1210
f 1107 1211 1106
f 1107 1212 1211
f 1108 1212 1107
f 1108 1213 1212
f 1109 1213 1108
f 1109 1214 1213
f 1110 1214 1109
f 1110 1215 1214
f 1111 1215 1110
f 1111 1216 1215
f 1112 1216 1111
f 1112 1217 1216
f 1113 1217 1112
f 1113 1218 1217
f 1114 1218 1113
f 1114 1219 1218
f 1115 1219 1114
f 1115 1220 1219
f 1116 1220 1115
f 1116 1221 1220
f 1117 1221 1116
f 1117 1222 1221
f 1118 1222 1117
f 1118 1223 1222
f 1119 1223 1118
f 1119 1224 1223
f 1120 1224 1119
f 1120 1225 1224
f 1121 1225 1120
f 1121 1226 1225
f 1122 1226 1121
f 1122 1227 1226
f 1123 1227 1122
f 1123 1228 1227
f 1124 1228 1123
f 1124 1229 1228
f 1125 1229 1124
f 1125 1230 1229
f 1126 1230 1125
f 1126 1231 1230
f 1127 1231 1126
f 1127 1232 1231
f 1128 1232 1127
f 1128 1233 1232
f 1129 1233 1128
f 1129 1234 1233
f 1130 1234 1129
f 1130 1235 1234
f 1131 1235 1130
f 1131 1236 1235
f 1132 1236 1131
f 1132 1237 1236
f 1133 1237 1132
f 1133 1238 1237
f 1134 1238 1133
f 1134 1239 1238
f 1135 1239 1134
f 1135 1240 1239
f 1136 1240 1135
f 1136 1241 1240
f 1137 1241 1136
f 1137 1242 1241
f 1138 1242 1137
f 1138 1243 1242
f 1139 1243 1138
f 1139 1244 1243
f 1140 1244 1139
f 1140 1245 1244
f 1141 1245 1140
f 1141 1246 1245
f 1142 1246 1141
f 1142 1247 1246
f 1143 1250 1249
f 1144 1251 1250
f 1145 1251 1144
f 1145 1252 1251
f 1146 1252 1145
f 1146 1253 1252
f 1147 1253 1146
f 1147 1254 1253
f 1148 1254 1147
f 1148 1255 1254
f 1149 1255 1148
f 1149 1256 1255
f 1150 1256 1149
f 1150 1257 1256
f 1151 1257 1150
f 1151 1258 1257
f 1152 1258 1151
f 1152 1259 1258
f 1153 1259 1152
f 1153 1260 1259
f 1154 1260 1153
f 1154 1261 1260
f 1155 1261 1154
f 1155 1262 1261
f 1156 1262 1155
f 1156 1263 1262
f 1157 1263 1156
f 1157 1264 1263
f 1158 1264 1157
f 1158 1265 1264
f 1159 1265 1158
f 1159 1266 1265
f 1160 1266 1159
f 1160 1267 1266
f 1161 1267 1160
f 1161 1268 1267
f 1162 1268 1161
f 1162 1269 1268
f 1163 1269 1162
f 1163 1270 1269
f 1164 1270 1163
f 1164 1271 1270
f 1165 1271 1164
f 1165 1272 1271
f 1166 1272 1165
f 1166 1273 1272
f 1167 1273 1166
f 1167 1274 1273
f 1168 1274 1167
f 1168 1275 1274
f 1169 1275 1168
f 1169 1276 1275
f 1170 1276 1169
f 1170 1277 1276
f 1171 1277 1170
f 1171 1278 1277
f 1172 1278 1171
f 1172 1279 1278
f 1173 1279 1172
f 1173 1280 1279
f 1174 1280 1173
f 1174 1281 1280
f 1175 1281 1174
f 1175 1282 1281
f 1176 1282 1175
f 1176 1283 1282
f 1177 1283 1176
f 1177 1284 1283
f 1178 1284 1177
f 1178 1285 1284
f 1179 1285 1178
f 1179 1286 1285
f 1180 1286 1179
f 1180 1287 1286
f 1181 1287 1180
f 1181 1288 1287
f 1182 1288 1181
f 1182 1289 1288
f 1183 1289 1182
f 1183 1290 1289
f 1184 1290 1183
f 1184 1291 1290
f 1185 1291 1184
f 1185 1292 1291
f 1186 1292 1185
f 1186 1293 1292
f 1187 1293 1186
f 1187 1294 1293
f 1188 1294 1187
f 1188 1295 1294
f 1189 1295 1188
f 1189 1296 1295
f 1190 1296 1189
f 1190 1297 1296
f 1192 1298 1191
f 1192 1299 1298
f 1193 1299 1192
f 1193 1300 1299
f 1194 1300 1193
f 1194 1301 1300
f 1195 1301 1194
f 1195 1302 1301
f 1196 1302 1195
f 1196 1303 1302
f 1197 1303 1196
f 1197 1304 1303
f 1198 1304 1197
f 1198 1305 1304
f 1199 1305 1198
f 1199 1306 1305
f 1200 1306 1199
f 1200 1307 1306
f 1201 1307 1200
f 1201 1308 1307
f 1202 1308 1201
f 1202 1309 1308
f 1203 1309 1202
f 1203 1310 1309
f 1204 1310 1203
f 1204 1311 1310
f 1205 1311 1204
f 1205 1312 1311
f 1206 1312 1205
f 1206 1313 1312
f 1207 1313 1206
f 1207 1314 1313
f 1208 1314 1207
f 1208 1315 1314
f 1209 1315 1208
f 1209 1316 1315
f 1210 1316 1209
f 1210 1317 1316
f 1211 1317 1210
f 1211 1318 1317
f 1212 1318 1211
f 1212 1319 1318
f 1213 1319 1212
f 1213 1320 1319
f 1214 1320 1213
f 1214 1321 1320
f 1215 1321 1214
f 1215 1322 1321
f 1216 1322 1215
f 1216 1323 1322
f 1217 1323 1216
f 1217 1324 1323
f 1218 1324 1217
f 1218 1325 1324
f 1219 1325 1218
f 1219 1326 1325
f 1220 1326 1219
f 1220 1327 1326
f 1221 1327 1220
f 1221 1328 1327
f 1222 1328 1221
f 1222 1329 1328
f 1223 1329 1222
f 1223 1330 1329
f 1224 1330 1223
f 1224 1331 1330
f 1225 1331 1224
f 1225 1332 1331
f 1226 1332 1225
f 1226 1333 1332
f 1227 1333 1226
f 1227 1334 1333
f 1228 1334 1227
f 1228 1335 1334
f 1229 1335 1228
f 1229 1336 1335
f 1230 1336 1229
f 1230 1337 1336
f 1231 1337 1230
f 1231 1338 1337
f 1232 1338 1231
f 1232 1339 1338
f 1233 1339 1232
f 1233 1340 1339
f 1234 1340 1233
f 1234 1341 1340
f 1235 1341 1234
f 1235 1342 1341
f 1236 1342 1235
f 1236 1343 1342
f 1237 1343 1236
f 1237 1344 1343
f 1238 1344 1237
f 1238 1345 1344
f 1239 1345 1238
f 1239 1346 1345
f 1240 1346 1239
f 1240 1347 1346
f 1241 1347 1240
f 1241 1348 1347
f 1242 1348 1241
f 1242 1349 1348
f 1243 1349 1242
f 1243 1350 1349
f 1244 1350 1243
f 1244 1351 1350
f 1245 1351 1244
f 1245 1352 1351
f 1246 1352 1245
f 1246 1353 1352
f 1247 1353 1246
f 1247 1354 1353
f 1248 1354 1247
f 1248 1355 1354
f 1249 1360 1359
f 1250 1360 1249
f 1250 1361 1360
f 1251 1361 1250
f 1251 1362 1361
f 1252 1362 1251
f 1252 1363 1362
f 1253 1363 1252
f 1253 1364 1363
f 1254 1364 1253
f 1254 1365 1364
f 1255 1365 1254
f 1255 1366 1365
f 1256 1366 1255
f 1256 1367 1366
f 1257 1367 1256
f 1257 1368 1367
f 1258 1368 1257
f 1258 1369 1368
f 1259 1369 1258
f 1259 1370 1369
f 1260 1370 1259
f 1260 1371 1370
f 1261 1371 1260
f 1261 1372 1371
f 1262 1372 1261
f 1262 1373 1372
f 1263 1373 1262
f 1263 1374 1373
f 1264 1374 1263
f 1264 1375 1374
f 1265 1375 1264
f 1265 1376 1375
f 1266 1376 1265
f 1266 1377 1376
f 1267 1377 1266
f 1267 1378 1377
f 1268 1378 1267
f 1268 1379 1378
f 1269 1379 1268
f 1269 1380 1379
f 1270 1380 1269
f 1270 1381 1380
f 1271 1381 1270
f 1271 1382 1381
f 1272 1382 1271
f 1272 1383 1382
f 1273 1383 1272
f 1273 1384 1383
f 1274 1384 1273
f 1274 1385 1384
f 1275 1385 1274
f 1275 1386 1385
f 1276 1386 1275
f 1276 1387 1386
f 1277 1387 1276
f 1277 1388 1387
f 1278 1388 1277
f 1278 1389 1388
f 1279 1389 1278
f 1279 1390 1389
f 1280 1390 1279
f 1280 1391 1390
f 1281 1391 1280
f 1281 1392 1391
f 1282 1392 1281
f 1282 1393 1392
f 1283 1393 1282
f 1283 1394 1393
f 1284 1394 1283
f 1284 1395 1394
f 1285 1395 1284
f 1285 1396 1395
f 1286 1396 1285
f 1286 1397 1396
f 1287 1397 1286
f 1287 1398 1397
f 1288 1398 1287
f 1288 1399 1398
f 1289 1399 1288
f 1289 1400 1399
f 1290 1400 1289
f 1290 1401 1400
f 1291 1401 1290
f 1291 1402 1401
f 1292 1402 1291
f 1292 1403 1402
f 1293 1403 1292
f 1293 1404 1403
f 1294 1404 1293
f 1294 1405 1404
f 1295 1405 1294
f 1295 1406 1405
f 1296 1406 1295
f 1296 1407 1406
f 1297 1407 1296
f 1297 1408 1407
f 1299 1409 1298
f 1299 1410 1409
f 1300 1410 1299
f 1300 1411 1410
f 1301 1411 1300
f 1301 1412 1411
f 1302 1412 1301
f 1302 1413 1412
f 1303 1413 1302
f 1303 1414 1413
f 1304 1414 1303
f 1304 1415 1414
f 1305 1415 1304
f 1305 1416 1415
f 1306 1416 1305
f 1306 1417 1416
f 1307 1417 1306
f 1307 1418 1417
f 1308 1418 1307
f 1308 1419 1418
f 1309 1419 1308
f 1309 1420 1419
f 1310 1420 1309
f 1310 1421 1420
f 1311 1421 1310
f 1311 1422 1421
f 1312 1422 1311
f 1312 1423 1422
f 1313 1423 1312
f 1313 1424 1423
f 1314 1424 1313
f 1314 1425 1424
f 1315 1425 1314
f 1315 1426 1425
f 1316 1426 1315
f 1316 1427 1426
f 1317 1427 1316
f 1317 1428 1427
f 1318 1428 1317
f 1318 1429 1428
f 1319 1429 1318
f 1319 1430 1429
f 1320 1430 1319
f 1320 1431 1430
f 1321 1431 1320
f 1321 1432 1431
f 1322 1432 1321
f 1322 1433 1432
f 1323 1433 1322
f 1323 1434 1433
f 1324 1434 1323
f 1324 1435 1434
f 1325 1435 1324
f 1325 1436 1435
f 1326 1436 1325
f 1326 1437 1436
f 1327 1437 1326
f 1327 1438 1437
f 1328 1438 1327
f 1328 1439 1438
f 1329 1439 1328
f 1329 1440 1439
f 1330 1440 1329
f 1330 1441 1440
f 1331 1441 1330
f 1331 1442 1441
f 1332 1442 1331
f 1332 1443 1442
f 1333 1443 1332
f 1333 1444 1443
f 1334 1444 1333
f 1334 1445 1444
f 1335 1445 1334
f 1335 1446 1445
f 1336 1446 1335
f 1336 1447 1446
f 1337 1447 1336
f 1337 1448 1447
f 1338 1448 1337
f 1338 1449 1448
f 1339 1449 1338
f 1339 1450 1449
f 1340 1450 1339
f 1340 1451 1450
f 1341 1451 1340
f 1341 1452 1451
f 1342 1452 1341
f 1342 1453 1452
f 1343 1453 1342
f 1343 1454 1453
f 1344 1454 1343
f 1344 1455 1454
f 1345 1455 1344
f 1345 1456 1455
f 1346 1456 1345
f 1346 1457 1456
f 1347 1457 1346
f 1347 1458 1457
f 1348 1458 1347
f 1348 1459 1458
f 1349 1459 1348
f 1349 1460 1459
f 1350 1460 1349
f 1350 1461 1460
f 1351 1461 1350
f 1351 1462 1461
f 1352 1462 1351
f 1352 1463 1462
f 1353 1463 1352
f 1353 1464 1463
f 1354 1464 1353
f 1354 1465 1464
f 1355 1465 1354
f 1355 1466 1465
f 1356 1466 1355
f 1356 1467 1466
f 1357 1467 1356
f 1357 1468 1467
f 1358 1487 1486
f 1359 1487 1358
f 1359 1488 1487
f 1360 1488 1359
f 1360 1489 1488
f 1361 1489 1360
f 1361 1490 1489
f 1362 1490 1361
f 1362 1491 1490
f 1363 1491 1362
f 1363 1492 1491
f 1364 1492 1363
f 1364 1493 1492
f 1365 1493 1364
f 1365 1494 1493
f 1366 1494 1365
f 1366 1495 1494
f 1367 1495 1366
f 1367 1496 1495
f 1368 1496 1367
f 1368 1497 1496
f 1369 1497 1368
f 1369 1498 1497
f 1370 1498 1369
f 1370 1499 1498
f 1371 1499 1370
f 1371 1500 1499
f 1372 1500 1371
f 1372 1501 1500
f 1373 1501 1372
f 1373 1502 1501
f 1374 1502 1373
f 1374 1503 1502
f 1375 1503 1374
f 1375 1504 1503
f 1376 1504 1375
f 1376 1505 1504
f 1377 1505 1376
f 1377 1506 1505
f 1378 1506 1377
f 1378 1507 1506
f 1379 1507 1378
f 1379 1508 1507
f 1380 1508 1379
f 1380 1509 1508
f 1381 1509 1380
f 1381 1510 1509
f 1382 1510 1381
f 1382 1511 1510
f 1383 1511 1382
f 1383 1512 1511
f 1384 1512 1383
f 1384 1513 1512
f 1385 1513 1384
f 1385 1514 1513
f 1386 1514 1385
f 1386 1515 1514
f 1387 1515 1386
f 1387 1516 1515
f 1388 1516 1387
f 1388 1517 1516
f 1389 1517 1388
f 1389 1518 1517
f 1390 1518 1389
f 1390 1519 1518
f 1391 1519 1390
f 1391 1520 1519
f 1392 1520 1391
f 1392 1521 1520
f 1393 1521 1392
f 1393 1522 1521
f 1394 1522 1393
f 1394 1523 1522
f 1395 1523 1394
f 1395 1524 1523
f 1396 1524 1395
f 1396 1525 1524
f 1397 1525 1396
f 1397 1526 1525
f 1398 1526 1397
f 1398 1527 1526
f 1399 1527 1398
f 1399 1528 1527
f 1400 1528 1399
f 1400 1529 1528
f 1401 1529 1400
f 1401 1530 1529
f 1402 1530 1401
f 1402 1531 1530
f 1403 1531 1402
f 1403 1532 1531
f 1404 1532 1403
f 1404 1533 1532
f 1405 1533 1404
f 1405 1534 1533
f 1406 1534 1405
f 1406 1535 1534
f 1407 1535 1406
f 1407 1536 1535
f 1408 1536 1407
f 1408 1537 1536
f 1410 1538 1409
f 1410 1539 1538
f 1411 1539 1410
f 1411 1540 1539
f 1412 1540 1411
f 1412 1541 1540
f 1413 1541 1412
f 1413 1542 1541
f 1414 1542 1413
f 1414 1543 1542
f 1415 1543 1414
f 1415 1544 1543
f 1416 1544 1415
f 1416 1545 1544
f 1417 1545 1416
f 1417 1546 1545
f 1418 1546 1417
f 1418 1547 1546
f 1419 1547 1418
f 1419 1548 1547
f 1420 1548 1419
f 1420 1549 1548
f 1421 1549 1420
f 1421 1550 1549
f 1422 1550 1421
f 1422 1551 1550
f 1423 1551 1422
f 1423 1552 1551
f 1424 1552 1423
f 1424 1553 1552
f 1425 1553 1424
f 1425 1554 1553
f 1426 1554 1425
f 1426 1555 1554
f 1427 1555 1426
f 1427 1556 1555
f 1428 1556 1427
f 1428 1557 1556
f 1429 1557 1428
f 1429 1558 1557
f 1430 1558 1429
f 1430 1559 1558
f 1431 1559 1430
f 1431 1560 1559
f 1432 1560 1431
f 1432 1561 1560
f 1433 1561 1432
f 1433 1562 1561
f 1434 1562 1433
f 1434 1563 1562
f 1435 1563 1434
f 1435 1564 1563
f 1436 1564 1435
f 1436 1565 1564
f 1437 1565 1436
f 1437 1566 1565
f 1438 1566 1437
f 1438 1567 1566
f 1439 1567 1438
f 1439 1568 1567
f 1440 1568 1439
f 1440 1569 1568
f 1441 1569 1440
f 1441 1570 1569
f 1442 1570 1441
f 1442 1571 1570
f 1443 1571 1442
f 1443 1572 1571
f 1444 1572 1443
f 1444 1573 1572
f 1445 1573 1444
f 1445 1574 1573
f 1446 1574 1445
f 1446 1575 1574
f 1447 1575 1446
f 1447 1576 1575
f 1448 1576 1447
f 1448 1577 1576
f 1449 1577 1448
f 1449 1578 1577
f 1450 1578 1449
f 1450 1579 1578
f 1451 1579 1450
f 1451 1580 1579
f 1452 1580 1451
f 1452 1581 1580
f 1453 1581 1452
f 1453 1582 1581
f 1454 1582 1453
f 1454 1583 1582
f 1455 1583 1454
f 1455 1584 1583
f 1456 1584 1455
f 1456 1585 1584
f 1457 1585 1456
f 1457 1586 1585
f 1458 1586 1457
f 1458 1587 1586
f 1459 1587 1458
f 1459 1588 1587
f 1460 1588 1459
f 1460 1589 1588
f 1461 1589 1460
f 1461 1590 1589
f 1462 1590 1461
f 1462 1591 1590
f 1463 1591 1462
f 1463 1592 1591
f 1464 1592 1463
f 1464 1593 1592
f 1465 1593 1464
f 1465 1594 1593
f 1466 1594 1465
f 1466 1595 1594
f 1467 1595 1466
f 1467 1596 1595
f 1468 1596 1467
f 1468 1597 1596
f 1469 1597 1468
f 1469 1598 1597
f 1470 1603 1602
f 1471 1603 1470
f 1471 1604 1603
f 1472 1604 1471
f 1472 1605 1604
f 1473 1605 1472
f 1473 1606 1605
f 1474 1606 1473
f 1474 1607 1606
f 1475 1607 1474
f 1475 1608 1607
f 1476 1608 1475
f 1476 1609 1608
f 1477 1609 1476
f 1477 1610 1609
f 1478 1610 1477
f 1478 1611 1610
f 1479 1611 1478
f 1479 1612 1611
f 1480 1612 1479
f 1480 1613 1612
f 1481 1613 1480
f 1481 1614 1613
f 1482 1620 1619
f 1483 1620 1482
f 1483 1621 1620
f 1484 1621 1483
f 1484 1622 1621
f 1485 1629 1628
f 1486 1629 1485
f 1486 1630 1629
f 1487 1630 1486
f 1487 1631 1630
f 1488 1631 1487
f 1488 1632 1631
f 1489 1632 1488
f 1489 1633 1632
f 1490 1633 1489
f 1490 1634 1633
f 1491 1634 1490
f 1491 1635 1634
f 1492 1635 1491
f 1492 1636 1635
f 1493 1636 1492
f 1493 1637 1636
f 1494 1637 1493
f 1494 1638 1637
f 1495 1638 1494
f 1495 1639 1638
f 1496 1639 1495
f 1496 1640 1639
f 1497 1640 1496
f 1497 1641 1640
f 1498 1641 1497
f 1498 1642 1641
f 1499 1642 1498
f 1499 1643 1642
f 1500 1643 1499
f 1500 1644 1643
f 1501 1644 1500
f 1501 1645 1644
f 1502 1645 1501
f 1502 1646 1645
f 1503 1646 1502
f 1503 1647 1646
f 1504 1647 1503
f 1504 1648 1647
f 1505 1648 1504
f 1505 1649 1648
f 1506 1649 1505
f 1506 1650 1649
f 1507 1650 1506
f 1507 1651 1650
f 1508 1651 1507
f 1508 1652 1651
f 1509 1652 1508
f 1509 1653 1652
f 1510 1653 1509
f 1510 1654 1653
f 1511 1654 1510
f 1511 1655 1654
f 1512 1655 1511
f 1512 1656 1655
f 1513 1656 1512
f 1513 1657 1656
f 1514 1657 1513
f 1514 1658 1657
f 1515 1658 1514
f 1515 1659 1658
f 1516 1659 1515
f 1516 1660 1659
f 1517 1660 1516
f 1517 1661 1660
f 1518 1661 1517
f 1518 1662 1661
f 1519 1662 1518
f 1519 1663 1662
f 1520 1663 1519
f 1520 1664 1663
f 1521 1664 1520
f 1521 1665 1664
f 1522 1665 1521
f 1522 1666 1665
f 1523 1666 1522
f 1523 1667 1666
f 1524 1667 1523
f 1524 1668 1667
f 1525 1668 1524
f 1525 1669 1668
f 1526 1669 1525
f 1526 1670 1669
f 1527 1670 1526
f 1527 1671 1670
f 1528 1671 1527
f 1528 1672 1671
f 1529 1672 1528
f 1529 1673 1672
f 1530 1673 1529
f 1530 1674 1673
f 1531 1674 1530
f 1531 1675 1674
f 1532 1675 1531
f 1532 1676 1675
f 1533 1676 1532
f 1533 1677 1676
f 1534 1677 1533
f 1534 1678 1677
f 1535 1678 1534
f 1535 1679 1678
f 1536 1679 1535
f 1536 1680 1679
f 1537 1680 1536
f 1537 1681 1680
f 1538 1684 1683
f 1539 1684 1538
f 1539 1685 1684
f 1540 1685 1539
f 1540 1686 1685
f 1541 1686 1540
f 1541 1687 1686
f 1542 1687 1541
f 1542 1688 1687
f 1543 1688 1542
f 1543 1689 1688
f 1544 1689 1543
f 1544 1690 1689
f 1545 1690 1544
f 1545 1691 1690
f 1546 1691 1545
f 1546 1692 1691
f 1547 1692 1546
f 1547 1693 1692
f 1548 1693 1547
f 1548 1694 1693
f 1549 1694 1548
f 1549 1695 1694
f 1550 1695 1549
f 1550 1696 1695
f 1551 1696 1550
f 1551 1697 1696
f 1552 1697 1551
f 1552 1698 1697
f 1553 1698 1552
f 1553 1699 1698
f 1554 1699 1553
f 1554 1700 1699
f 1555 1700 1554
f 1555 1701 1700
f 1556 1701 1555
f 1556 1702 1701
f 1557 1702 1556
f 1557 1703 1702
f 1558 1703 1557
f 1558 1704 1703
f 1559 1704 1558
f 1559 1705 1704
f 1560 1705 1559
f 1560 1706 1705
f 1561 1706 1560
f 1561 1707 1706
f 1562 1707 1561
f 1562 1708 1707
f 1563 1708 1562
f 1563 1709 1708
f 1564 1709 1563
f 1564 1710 1709
f 1565 1710 1564
f 1565 1711 1710
f 1566 1711 1565
f 1566 1712 1711
f 1567 1712 1566
f 1567 1713 1712
f 1568 1713 1567
f 1568 1714 1713
f 1569 1714 1568
f 1569 1715 1714
f 1570 1715 1569
f 1570 1716 1715
f 1571 1716 1570
f 1571 1717 1716
f 1572 1717 1571
f 1572 1718 1717
f 1573 1718 1572
f 1573 1719 1718
f 1574 1719 1573
f 1574 1720 1719
f 1575 1720 1574
f 1575 1721 1720
f 1576 1721 1575
f 1576 1722 1721
f 1577 1722 1576
f 1577 1723 1722
f 1578 1723 1577
f 1578 1724 1723
f 1579 1724 1578
f 1579 1725 1724
f 1580 1725 1579
f 1580 1726 1725
f 1581 1726 1580
f 1581 1727 1726
f 1582 1727 1581
f 1582 1728 1727
f 1583 1728 1582
f 1583 1729 1728
f 1584 1729 1583
f 1584 1730 1729
f 1585 1730 1584
f 1585 1731 1730
f 1586 1731 1585
f 1586 1732 1731
f 1587 1732 1586
f 1587 1733 1732
f 1588 1733 1587
f 1588 1734 1733
f 1589 1734 1588
f 1589 1735 1734
f 1590 1735 1589
f 1590 1736 1735
f 1591 1736 1590
f 1591 1737 1736
f 1592 1737 1591
f 1592 1738 1737
f 1593 1738 1592
f 1593 1739 1738
f 1594 1739 1593
f 1594 1740 1739
f 1595 1740 1594
f 1595 1741 1740
f 1596 1741 1595
f 1596 1742 1741
f 1597 1742 1596
f 1597 1743 1742
f 1598 1743 1597
f 1598 1744 1743
f 1599 1744 1598
f 1599 1745 1744
f 1600 1745 1599
f 1600 1746 1745
f 1601 1746 1600
f 1601 1747 1746
f 1602 1747 1601
f 1602 1748 1747
f 1603 1748 1602
f 1603 1749 1748
f 1604 1749 1603
f 1604 1750 1749
f 1605 1750 1604
f 1605 1751 1750
f 1606 1751 1605
f 1606 1752 1751
f 1607 1752 1606
f 1607 1753 1752
f 1608 1753 1607
f 1608 1754 1753
f 1609 1754 1608
f 1609 1755 1754
f 1610 1755 1609
f 1610 1756 1755
f 1611 1756 1610
f 1611 1757 1756
f 1612 1757 1611
f 1612 1758 1757
f 1613 1758 1612
f 1613 1759 1758
f 1614 1759 1613
f 1614 1760 1759
f 1615 1760 1614
f 1615 1761 1760
f 1616 1761 1615
f 1616 1762 1761
f 1617 1762 1616
f 1617 1763 1762
f 1618 1763 1617
f 1618 1764 1763
f 1619 1764 1618
f 1619 1765 1764
f 1620 1765 1619
f 1620 1766 1765
f 1621 1766 1620
f 1621 1767 1766
f 1622 1767 1621
f 1622 1768 1767
f 1623 1768 1622
f 1623 1769 1768
f 1624 1769 1623
f 1624 1770 1769
f 1625 1770 1624
f 1625 1771 1770
f 1626 1771 1625
f 1626 1772 1771
f 1627 1772 1626
f 1627 1773 1772
f 1628 1778 1777
f 1629 1778 1628
f 1629 1779 1778
f 1630 1779 1629
f 1630 1780 1779
f 1631 1780 1630
f 1631 1781 1780
f 1632 1781 1631
f 1632 1782 1781
f 1633 1782 1632
f 1633 1783 1782
f 1634 1783 1633
f 1634 1784 1783
f 1635 1784 1634
f 1635 1785 1784
f 1636 1785 1635
f 1636 1786 1785
f 1637 1786 1636
f 1637 1787 1786
f 1638 1787 1637
f 1638 1788 1787
f 1639 1788 1638
f 1639 1789 1788
f 1640 1789 1639
f 1640 1790 1789
f 1641 1790 1640
f 1641 1791 1790
f 1642 1791 1641
f 1642 1792 1791
f 1643 1792 1642
f 1643 1793 1792
f 1644 1793 1643
f 1644 1794 1793
f 1645 1794 1644
f 1645 1795 1794
f 1646 1795 1645
f 1646 1796 1795
f 1647 1796 1646
f 1647 1797 1796
f 1648 1797 1647
f 1648 1798 1797
f 1649 1798 1648
f 1649 1799 1798
f 1650 1799 1649
f 1650 1800 1799
f 1651 1800 1650
f 1651 1801 1800
f 1652 1801 1651
f 1652 1802 1801
f 1653 1802 1652
f 1653 1803 1802
f 1654 1803 1653
f 1654 1804 1803
f 1655 1804 1654
f 1655 1805 1804
f 1656 1805 1655
f 1656 1806 1805
f 1657 1806 1656
f 1657 1807 1806
f 1658 1807 1657
f 1658 1808 1807
f 1659 1808 1658
f 1659 1809 1808
f 1660 1809 1659
f 1660 1810 1809
f 1661 1810 1660
f 1661 1811 1810
f 1662 1811 1661
f 1662 1812 1811
f 1663 1812 1662
f 1663 1813 1812
f 1664 1813 1663
f 1664 1814 1813
f 1665 1814 1664
f 1665 1815 1814
f 1666 1815 1665
f 1666 1816 1815
f 1667 1816 1666
f 1667 1817 1816
f 1668 1817 1667
f 1668 1818 1817
f 1669 1818 1668
f 1669 1819 1818
f 1670 1819 1669
f 1670 1820 1819
f 1671 1820 1670
f 1671 1821 1820
f 1672 1821 1671
f 1672 1822 1821
f 1673 1822 1672
f 1673 1823 1822
f 1674 1823 1673
f 1674 1824 1823
f 1675 1824 1674
f 1675 1825 1824
f 1676 1825 1675
f 1676 1826 1825
f 1677 1826 1676
f 1677 1827 1826
f 1678 1827 1677
f 1678 1828 1827
f 1679 1828 1678
f 1679 1829 1828
f 1680 1829 1679
f 1680 1830 1829
f 1681 1830 1680
f 1681 1831 1830
f 1682 1831 1681
f 1682 1832 1831
f 1684 1833 1683
f 1684 1834 1833
f 1685 1834 1684
f 1685 1835 1834
f 1686 1835 1685
f 1686 1836 1835
f 1687 1836 1686
f 1687 1837 1836
f 1688 1837 1687
f 1688 1838 1837
f 1689 1838 1688
f 1689 1839 1838
f 1690 1839 1689
f 1690 1840 1839
f 1691 1840 1690
f 1691 1841 1840
f 1692 1841 1691
f 1692 1842 1841
f 1693 1842 1692
f 1693 1843 1842
f 1694 1843 1693
f 1694 1844 1843
f 1695 1844 1694
f 1695 1845 1844
f 1696 1845 1695
f 1696 1846 1845
f 1697 1846 1696
f 1697 1847 1846
f 1698 1847 1697
f 1698 1848 1847
f 1699 1848 1698
f 1699 1849 1848
f 1700 1849 1699
f 1700 1850 1849
f 1701 1850 1700
f 1701 1851 1850
f 1702 1851 1701
f 1702 1852 1851
f 1703 1852 1702
f 1703 1853 1852
f 1704 1853 1703
f 1704 1854 1853
f 1705 1854 1704
f 1705 1855 1854
f 1706 1855 1705
f 1706 1856 1855
f 1707 1856 1706
f 1707 1857 1856
f 1708 1857 1707
f 1708 1858 1857
f 1709 1858 1708
f 1709 1859 1858
f 1710 1859 1709
f 1710 1860 1859
f 1711 1860 1710
f 1711 1861 1860
f 1712 1861 1711
f 1712 1862 1861
f 1713 1862 1712
f 1713 1863 1862
f 1714 1863 1713
f 1714 1864 1863
f 1715 1864 1714
f 1715 1865 1864
f 1716 1865 1715
f 1716 1866 1865
f 1717 1866 1716
f 1717 1867 1866
f 1718 1867 1717
f 1718 1868 1867
f 1719 1868 1718
f 1719 1869 1868
f 1720 1869 1719
f 1720 1870 1869
f 1721 1870 1720
f 1721 1871 1870
f 1722 1871 1721
f 1722 1872 1871
f 1723 1872 1722
f 1723 1873 1872
f 1724 1873 1723
f 1724 1874 1873
f 1725 1874 1724
f 1725 1875 1874
f 1726 1875 1725
f 1726 1876 1875
f 1727 1876 1726
f 1727 1877 1876
f 1728 1877 1727
f 1728 1878 1877
f 1729 1878 1728
f 1729 1879 1878
f 1730 1879 1729
f 1730 1880 1879
f 1731 1880 1730
f 1731 1881 1880
f 1732 1881 1731
f 1732 1882 1881
f 1733 1882 1732
f 1733 1883 1882
f 1734 1883 1733
f 1734 1884 1883
f 1735 1884 1734
f 1735 1885 1884
f 1736 1885 1735
f 1736 1886 1885
f 1737 1886 1736
f 1737 1887 1886
f 1738 1887 1737
f 1738 1888 1887
f 1739 1888 1738
f 1739 1889 1888
f 1740 1889 1739
f 1740 1890 1889
f 1741 1890 1740
f 1741 1891 1890
f 1742 1891 1741
f 1742 1892 1891
f 1743 1892 1742
f 1743 1893 1892
f 1744 1893 1743
f 1744 1894 1893
f 1745 1894 1744
f 1745 1895 1894
f 1746 1895 1745
f 1746 1896 1895
f 1747 1896 1746
f 1747 1897 1896
f 1748 1897 1747
f 1748 1898 1897
f 1749 1898 1748
f 1749 1899 1898
f 1750 1899 1749
f 1750 1900 1899
f 1751 1900 1750
f 1751 1901 1900
f 1752 1901 1751
f 1752 1902 1901
f 1753 1902 1752
f 1753 1903 1902
f 1754 1903 1753
f 1754 1904 1903
f 1755 1904 1754
f 1755 1905 1904
f 1756 1905 1755
f 1756 1906 1905
f 1757 1906 1756
f 1757 1907 1906
f 1758 1907 1757
f 1758 1908 1907
f 1759 1908 1758
f 1759 1909 1908
f 1760 1909 1759
f 1760 1910 1909
f 1761 1910 1760
f 1761 1911 1910
f 1762 1911 1761
f 1762 1912 1911
f 1763 1912 1762
f 1763 1913 1912
f 1764 1913 1763
f 1764 1914 1913
f 1765 1914 1764
f 1765 1915 1914
f 1766 1915 1765
f 1766 1916 1915
f 1767 1916 1766
f 1767 1917 1916
f 1768 1917 1767
f 1768 1918 1917
f 1769 1918 1768
f 1769 1919 1918
f 1770 1919 1769
f 1770 1920 1919
f 1771 1920 1770
f 1771 1921 1920
f 1772 1921 1771
f 1772 1922 1921
f 1773 1922 1772
f 1773 1923 1922
f 1774 1923 1773
f 1774 1924 1923
f 1775 1924 1774
f 1775 1925 1924
f 1776 1929 1928
f 1777 1929 1776
f 1777 1930 1929
f 1778 1930 1777
f 1778 1931 1930
f 1779 1931 1778
f 1779 1932 1931
f 1780 1932 1779
f 1780 1933 1932
f 1781 1933 1780
f 1781 1934 1933
f 1782 1934 1781
f 1782 1935 1934
f 1783 1935 1782
f 1783 1936 1935
f 1784 1936 1783
f 1784 1937 1936
f 1785 1937 1784
f 1785 1938 1937
f 1786 1938 1785
f 1786 1939 1938
f 1787 1939 1786
f 1787 1940 1939
f 1788 1940 1787
f 1788 1941 1940
f 1789 1941 1788
f 1789 1942 1941
f 1790 1942 1789
f 1790 1943 1942
f 1791 1943 1790
f 1791 1944 1943
f 1792 1944 1791
f 1792 1945 1944
f 1793 1945 1792
f 1793 1946 1945
f 1794 1946 1793
f 1794 1947 1946
f 1795 1947 1794
f 1795 1948 1947
f 1796 1948 1795
f 1796 1949 1948
f 1797 1949 1796
f 1797 1950 1949
f 1798 1950 1797
f 1798 1951 1950
f 1799 1951 1798
f 1799 1952 1951
f 1800 1952 1799
f 1800 1953 1952
f 1801 1953 1800
f 1801 1954 1953
f 1802 1954 1801
f 1802 1955 1954
f 1803 1955 1802
f 1803 1956 1955
f 1804 1956 1803
f 1804 1957 1956
f 1805 1957 1804
f 1805 1958 1957
f 1806 1958 1805
f 1806 1959 1958
f 1807 1959 1806
f 1807 1960 1959
f 1808 1960 1807
f 1808 1961 1960
f 1809 1961 1808
f 1809 1962 1961
f 1810 1962 1809
f 1810 1963 1962
f 1811 1963 1810
f 1811 1964 1963
f 1812 1964 1811
f 1812 1965 1964
f 1813 1965 1812
f 1813 1966 1965
f 1814 1966 1813
f 1814 1967 1966
f 1815 1967 1814
f 1815 1968 1967
f 1816 1968 1815
f 1816 1969 1968
f 1817 1969 1816
f 1817 1970 1969
f 1818 1970 1817
f 1818 1971 1970
f 1819 1971 1818
f 1819 1972 1971
f 1820 1972 1819
f 1820 1973 1972
f 1821 1973 1820
f 1821 1974 1973
f 1822 1974 1821
f 1822 1975 1974
f 1823 1975 1822
f 1823 1976 1975
f 1824 1976 1823
f 1824 1977 1976
f 1825 1977 1824
f 1825 1978 1977
f 1826 1978 1825
f 1826 1979 1978
f 1827 1979 1826
f 1827 1980 1979
f 1828 1980 1827
f 1828 1981 1980
f 1829 1981 1828
f 1829 1982 1981
f 1830 1982 1829
f 1830 1983 1982
f 1831 1983 1830
f 1831 1984 1983
f 1832 1984 1831
f 1832 1985 1984
f 1834 1986 1833
f 1834 1987 1986
f 1835 1987 1834
f 1835 1988 1987
f 1836 1988 1835
f 1836 1989 1988
f 1837 1989 1836
f 1837 1990 1989
f 1838 1990 1837
f 1838 1991 1990
f 1839 1991 1838
f 1839 1992 1991
f 1840 1992 1839
f 1840 1993 1992
f 1841 1993 1840
f 1841 1994 1993
f 1842 1994 1841
f 1842 1995 1994
f 1843 1995 1842
f 1843 1996 1995
f 1844 1996 1843
f 1844 1997 1996
f 1845 1997 1844
f 1845 1998 1997
f 1846 1998 1845
f 1846 1999 1998
f 1847 1999 1846
f 1847 2000 1999
f 1848 2000 1847
f 1848 2001 2000
f 1849 2001 1848
f 1849 2002 2001
f 1850 2002 1849
f 1850 2003 2002
f 1851 2003 1850
f 1851 2004 2003
f 1852 2004 1851
f 1852 2005 2004
f 1853 2005 1852
f 1853 2006 2005
f 1854 2006 1853
f 1854 2007 2006
f 1855 2007 1854
f 1855 2008 2007
f 1856 2008 1855
f 1856 2009 2008
f 1857 2009 1856
f 1857 2010 2009
f 1858 2010 1857
f 1858 2011 2010
f 1859 2011 1858
f 1859 2012 2011
f 1860 2012 1859
f 1860 2013 2012
f 1861 2013 1860
f 1861 2014 2013
f 1862 2014 1861
f 1862 2015 2014
f 1863 2015 1862
f 1863 2016 2015
f 1864 2016 1863
f 1864 2017 2016
f 1865 2017 1864
f 1865 2018 2017
f 1866 2018 1865
f 1866 2019 2018
f 1867 2019 1866
f 1867 2020 2019
f 1868 2020 1867
f 1868 2021 2020
f 1869 2021 1868
f 1869 2022 2021
f 1870 2022 1869
f 1870 2023 2022
f 1871 2023 1870
f 1871 2024 2023
f 1872 2024 1871
f 1872 2025 2024
f 1873 2025 1872
f 1873 2026 2025
f 1874 2026 1873
f 1874 2027 2026
f 1875 2027 1874
f 1875 2028 2027
f 1876 2028 1875
f 1876 2029 2028
f 1877 2029 1876
f 1877 2030 2029
f 1878 2030 1877
f 1878 2031 2030
f 1879 2031 1878
f 1879 2032 2031
f 1880 2032 1879
f 1880 2033 2032
f 1881 2033 1880
f 1881 2034 2033
f 1882 2034 1881
f 1882 2035 2034
f 1883 2035 1882
f 1883 2036 2035
f 1884 2036 1883
f 1884 2037 2036
f 1885 2037 1884
f 1885 2038 2037
f 1886 2038 1885
f 1886 2039 2038
f 1887 2039 1886
f 1887 2040 2039
f 1888 2040 1887
f 1888 2041 2040
f 1889 2041 1888
f 1889 2042 2041
f 1890 2042 1889
f 1890 2043 2042
f 1891 2043 1890
f 1891 2044 2043
f 1892 2044 1891
f 1892 2045 2044
f 1893 2045 1892
f 1893 2046 2045
f 1894 2046 1893
f 1894 2047 2046
f 1895 2047 1894
f 1895 2048 2047
f 1896 2048 1895
f 1896 2049 2048
f 1897 2049 1896
f 1897 2050 2049
f 1898 2050 1897
f 1898 2051 2050
f 1899 2051 1898
f 1899 2052 2051
f 1900 2052 1899
f 1900 2053 2052
f 1901 2053 1900
f 1901 2054 2053
f 1902 2054 1901
f 1902 2055 2054
f 1903 2055 1902
f 1903 2056 2055
f 1904 2056 1903
f 1904 2057 2056
f 1905 2057 1904
f 1905 2058 2057
f 1906 2058 1905
f 1906 2059 2058
f 1907 2059 1906
f 1907 2060 2059
f 1908 2060 1907
f 1908 2061 2060
f 1909 2061 1908
f 1909 2062 2061
f 1910 2062 1909
f 1910 2063 2062
f 1911 2063 1910
f 1911 2064 2063
f 1912 2064 1911
f 1912 2065 2064
f 1913 2065 1912
f 1913 2066 2065
f 1914 2066 1913
f 1914 2067 2066
f 1915 2067 1914
f 1915 2068 2067
f 1916 2068 1915
f 1916 2069 2068
f 1917 2069 1916
f 1917 2070 2069
f 1918 2070 1917
f 1918 2071 2070
f 1919 2071 1918
f 1919 2072 2071
f 1920 2072 1919
f 1920 2073 2072
f 1921 2073 1920
f 1921 2074 2073
f 1922 2074 1921
f 1922 2075 2074
f 1923 2075 1922
f 1923 2076 2075
f 1924 2076 1923
f 1924 2077 2076
f 1925 2077 1924
f 1925 2078 2077
f 1926 2078 1925
f 1926 2079 2078
f 1927 2081 2080
f 1928 2081 1927
f 1928 2082 2081
f 1929 2082 1928
f 1929 2083 2082
f 1930 2083 1929
f 1930 2084 2083
f 1931 2084 1930
f 1931 2085 2084
f 1932 2085 1931
f 1932 2086 2085
f 1933 2086 1932
f 1933 2087 2086
f 1934 2087 1933
f 1934 2088 2087
f 1935 2088 1934
f 1935 2089 2088
f 1936 2089 1935
f 1936 2090 2089
f 1937 2090 1936
f 1937 2091 2090
f 1938 2091 1937
f 1938 2092 2091
f 1939 2092 1938
f 1939 2093 2092
f 1940 2093 1939
f 1940 2094 2093
f 1941 2094 1940
f 1941 2095 2094
f 1942 2095 1941
f 1942 2096 2095
f 1943 2096 1942
f 1943 2097 2096
f 1944 2097 1943
f 1944 2098 2097
f 1945 2098 1944
f 1945 2099 2098
f 1946 2099 1945
f 1946 2100 2099
f 1947 2100 1946
f 1947 2101 2100
f 1948 2101 1947
f 1948 2102 2101
f 1949 2102 1948
f 1949 2103 2102
f 1950 2103 1949
f 1950 2104 2103
f 1951 2104 1950
f 1951 2105 2104
f 1952 2105 1951
f 1952 2106 2105
f 1953 2106 1952
f 1953 2107 2106
f 1954 2107 1953
f 1954 2108 2107
f 1955 2108 1954
f 1955 2109 2108
f 1956 2109 1955
f 1956 2110 2109
f 1957 2110 1956
f 1957 2111 2110
f 1958 2111 1957
f 1958 2112 2111
f 1959 2112 1958
f 1959 2113 2112
f 1960 2113 1959
f 1960 2114 2113
f 1961 2114 1960
f 1961 2115 2114
f 1962 2115 1961
f 1962 2116 2115
f 1963 2116 1962
f 1963 2117 2116
f 1964 2117 1963
f 1964 2118 2117
f 1965 2118 1964
f 1965 2119 2118
f 1966 2119 1965
f 1966 2120 2119
f 1967 2120 1966
f 1967 2121 2120
f 1968 2121 1967
f 1968 2122 2121
f 1969 2122 1968
f 1969 2123 2122
f 1970 2123 1969
f 1970 2124 2123
f 1971 2124 1970
f 1971 2125 2124
f 1972 2125 1971
f 1972 2126 2125
f 1973 2126 1972
f 1973 2127 2126
f 1974 2127 1973
f 1974 2128 2127
f 1975 2128 1974
f 1975 2129 2128
f 1976 2129 1975
f 1976 2130 2129
f 1977 2130 1976
f 1977 2131 2130
f 1978 2131 1977
f 1978 2132 2131
f 1979 2132 1978
f 1979 2133 2132
f 1980 2133 1979
f 1980 2134 2133
f 1981 2134 1980
f 1981 2135 2134
f 1982 2135 1981
f 1982 2136 2135
f 1983 2136 1982
f 1983 2137 2136
f 1984 2137 1983
f 1984 2138 2137
f 1985 2138 1984
f 1985 2139 2138
f 1987 2140 1986
f 1987 2141 2140
f 1988 2141 1987
f 1988 2142 2141
f 1989 2142 1988
f 1989 2143 2142
f 1990 2143 1989
f 1990 2144 2143
f 1991 2144 1990
f 1991 2145 2144
f 1992 2145 1991
f 1992 2146 2145
f 1993 2146 1992
f 1993 2147 2146
f 1994 2147 1993
f 1994 2148 2147
f 1995 2148 1994
f 1995 2149 2148
f 1996 2149 1995
f 1996 2150 2149
f 1997 2150 1996
f 1997 2151 2150
f 1998 2151 1997
f 1998 2152 2151
f 1999 2152 1998
f 1999 2153 2152
f 2000 2153 1999
f 2000 2154 2153
f 2001 2154 2000
f 2001 2155 2154
f 2002 2155 2001
f 2002 2156 2155
f 2003 2156 2002
f 2003 2157 2156
f 2004 2157 2003
f 2004 2158 2157
f 2005 2158 2004
f 2005 2159 2158
f 2006 2159 2005
f 2006 2160 2159
f 2007 2160 2006
f 2007 2161 2160
f 2008 2161 2007
f 2008 2162 2161
f 2009 2162 2008
f 2009 2163 2162
f 2010 2163 2009
f 2010 2164 2163
f 2011 2164 2010
f 2011 2165 2164
f 2012 2165 2011
f 2012 2166 2165
f 2013 2166 2012
f 2013 2167 2166
f 2014 2167 2013
f 2014 2168 2167
f 2015 2168 2014
f 2015 2169 2168
f 2016 2169 2015
f 2016 2170 2169
f 2017 2170 2016
f 2017 2171 2170
f 2018 2171 2017
f 2018 2172 2171
f 2019 2172 2018
f 2019 2173 2172
f 2020 2173 2019
f 2020 2174 2173
f 2021 2174 2020
f 2021 2175 2174
f 2022 2175 2021
f 2022 2176 2175
f 2023 2176 2022
f 2023 2177 2176
f 2024 2177 2023
f 2024 2178 2177
f 2025 2178 2024
f 2025 2179 2178
f 2026 2179 2025
f 2026 2180 2179
f 2027 2180 2026
f 2027 2181 2180
f 2028 2181 2027
f 2028 2182 2181
f 2029 2182 2028
f 2029 2183 2182
f 2030 2183 2029
f 2030 2184 2183
f 2031 2184 2030
f 2031 2185 2184
f 2032 2185 2031
f 2032 2186 2185
f 2033 2186 2032
f 2033 2187 2186
f 2034 2187 2033
f 2034 2188 2187
f 2035 2188 2034
f 2035 2189 2188
f 2036 2189 2035
f 2036 2190 2189
f 2037 2190 2036
f 2037 2191 2190
f 2038 2191 2037
f 2038 2192 2191
f 2039 2192 2038
f 2039 2193 2192
f 2040 2193 2039
f 2040 2194 2193
f 2041 2194 2040
f 2041 2195 2194
f 2042 2195 2041
f 2042 2196 2195
f 2043 2196 2042
f 2043 2197 2196
f 2044 2197 2043
f 2044 2198 2197
f 2045 2198 2044
f 2045 2199 2198
f 2046 2199 2045
f 2046 2200 2199
f 2047 2200 2046
f 2047 2201 2200
f 2048 2201 2047
f 2048 2202 2201
f 2049 2202 2048
f 2049 2203 2202
f 2050 2203 2049
f 2050 2204 2203
f 2051 2204 2050
f 2051 2205 2204
f 2052 2205 2051
f 2052 2206 2205
f 2053 2206 2052
f 2053 2207 2206
f 2054 2207 2053
f 2054 2208 2207
f 2055 2208 2054
f 2055 2209 2208
f 2056 2209 2055
f 2056 2210 2209
f 2057 2210 2056
f 2057 2211 2210
f 2058 2211 2057
f 2058 2212 2211
f 2059 2212 2058
f 2059 2213 2212
f 2060 2213 2059
f 2060 2214 2213
f 2061 2214 2060
f 2061 2215 2214
f 2062 2215 2061
f 2062 2216 2215
f 2063 2216 2062
f 2063 2217 2216
f 2064 2217 2063
f 2064 2218 2217
f 2065 2218 2064
f 2065 2219 2218
f 2066 2219 2065
f 2066 2220 2219
f 2067 2220 2066
f 2067 2221 2220
f 2068 2221 2067
f 2068 2222 2221
f 2069 2222 2068
f 2069 2223 2222
f 2070 2223 2069
f 2070 2224 2223
f 2071 2224 2070
f 2071 2225 2224
f 2072 2225 2071
f 2072 2226 2225
f 2073 2226 2072
f 2073 2227 2226
f 2074 2227 2073
f 2074 2228 2227
f 2075 2228 2074
f 2075 2229 2228
f 2076 2229 2075
f 2076 2230 2229
f 2077 2230 2076
f 2077 2231 2230
f 2078 2231 2077
f 2078 2232 2231
f 2079 2232 2078
f 2079 2233 2232
f 2080 2233 2079
f 2080 2234 2233
f 2081 2234 2080
f 2081 2235 2234
f 2082 2235 2081
f 2082 2236 2235
f 2083 2236 2082
f 2083 2237 2236
f 2084 2237 2083
f 2084 2238 2237
f 2085 2238 2084
f 2085 2239 2238
f 2086 2239 2085
f 2086 2240 2239
f 2087 2240 2086
f 2087 2241 2240
f 2088 2241 2087
f 2088 2242 2241
f 2089 2242 2088
f 2089 2243 2242
f 2090 2243 2089
f 2090 2244 2243
f 2091 2244 2090
f 2091 2245 2244
f 2092 2245 2091
f 2092 2246 2245
f 2093 2246 2092
f 2093 2247 2246
f 2094 2247 2093
f 2094 2248 2247
f 2095 2248 2094
f 2095 2249 2248
f 2096 2249 2095
f 2096 2250 2249
f 2097 2250 2096
f 2097 2251 2250
f 2098 2251 2097
f 2098 2252 2251
f 2099 2252 2098
f 2099 2253 2252
f 2100 2253 2099
f 2100 2254 2253
f 2101 2254 2100
f 2101 2255 2254
f 2102 2255 2101
f 2102 2256 2255
f 2103 2256 2102
f 2103 2257 2256
f 2104 2257 2103
f 2104 2258 2257
f 2105 2258 2104
f 2105 2259 2258
f 2106 2259 2105
f 2106 2260 2259
f 2107 2260 2106
f 2107 2261 2260
f 2108 2261 2107
f 2108 2262 2261
f 2109 2262 2108
f 2109 2263 2262
f 2110 2263 2109
f 2110 2264 2263
f 2111 2264 2110
f 2111 2265 2264
f 2112 2265 2111
f 2112 2266 2265
f 2113 2266 2112
f 2113 2267 2266
f 2114 2267 2113
f 2114 2268 2267
f 2115 2268 2114
f 2115 2269 2268
f 2116 2269 2115
f 2116 2270 2269
f 2117 2270 2116
f 2117 2271 2270
f 2118 2271 2117
f 2118 2272 2271
f 2119 2272 2118
f 2119 2273 2272
f 2120 2273 2119
f 2120 2274 2273
f 2121 2274 2120
f 2121 2275 2274
f 2122 2275 2121
f 2122 2276 2275
f 2123 2276 2122
f 2123 2277 2276
f 2124 2277 2123
f 2124 2278 2277
f 2125 2278 2124
f 2125 2279 2278
f 2126 2279 2125
f 2126 2280 2279
f 2127 2280 2126
f 2127 2281 2280
f 2128 2281 2127
f 2128 2282 2281
f 2129 2282 2128
f 2129 2283 2282
f 2130 2283 2129
f 2130 2284 2283
f 2131 2284 2130
f 2131 2285 2284
f 2132 2285 2131
f 2132 2286 2285
f 2133 2286 2132
f 2133 2287 2286
f 2134 2287 2133
f 2134 2288 2287
f 2135 2288 2134
f 2135 2289 2288
f 2136 2289 2135
f 2136 2290 2289
f 2137 2290 2136
f 2137 2291 2290
f 2138 2291 2137
f 2138 2292 2291
f 2139 2292 2138
f 2139 2293 2292
f 2141 2295 2140
f 2141 2296 2295
f 2142 2296 2141
f 2142 2297 2296
f 2143 2297 2142
f 2143 2298 2297
f 2144 2298 2143
f 2144 2299 2298
f 2145 2299 2144
f 2145 2300 2299
f 2146 2300 2145
f 2146 2301 2300
f 2147 2301 2146
f 2147 2302 2301
f 2148 2302 2147
f 2148 2303 2302
f 2149 2303 2148
f 2149 2304 2303
f 2150 2304 2149
f 2150 2305 2304
f 2151 2305 2150
f 2151 2306 2305
f 2152 2306 2151
f 2152 2307 2306
f 2153 2307 2152
f 2153 2308 2307
f 2154 2308 2153
f 2154 2309 2308
f 2155 2309 2154
f 2155 2310 2309
f 2156 2310 2155
f 2156 2311 2310
f 2157 2311 2156
f 2157 2312 2311
f 2158 2312 2157
f 2158 2313 2312
f 2159 2313 2158
f 2159 2314 2313
f 2160 2314 2159
f 2160 2315 2314
f 2161 2315 2160
f 2161 2316 2315
f 2162 2316 2161
f 2162 2317 2316
f 2163 2317 2162
f 2163 2318 2317
f 2164 2318 2163
f 2164 2319 2318
f 2165 2319 2164
f 2165 2320 2319
f 2166 2320 2165
f 2166 2321 2320
f 2167 2321 2166
f 2167 2322 2321
f 2168 2322 2167
f 2168 2323 2322
f 2169 2323 2168
f 2169 2324 2323
f 2170 2324 2169
f 2170 2325 2324
f 2171 2325 2170
f 2171 2326 2325
f 2172 2326 2171
f 2172 2327 2326
f 2173 2327 2172
f 2173 2328 2327
f 2174 2328 2173
f 2174 2329 2328
f 2175 2329 2174
f 2175 2330 2329
f 2176 2330 2175
f 2176 2331 2330
f 2177 2331 2176
f 2177 2332 2331
f 2178 2332 2177
f 2178 2333 2332
f 2179 2333 2178
f 2179 2334 2333
f 2180 2334 2179
f 2180 2335 2334
f 2181 2335 2180
f 2181 2336 2335
f 2182 2336 2181
f 2182 2337 2336
f 2183 2337 2182
f 2183 2338 2337
f 2184 2338 2183
f 2184 2339 2338
f 2185 2339 2184
f 2185 2340 2339
f 2186 2340 2185
f 2186 2341 2340
f 2187 2341 2186
f 2187 2342 2341
f 2188 2342 2187
f 2188 2343 2342
f 2189 2343 2188
f 2189 2344 2343
f 2190 2344 2189
f 2190 2345 2344
f 2191 2345 2190
f 2191 2346 2345
f 2192 2346 2191
f 2192 2347 2346
f 2193 2347 2192
f 2193 2348 2347
f 2194 2348 2193
f 2194 2349 2348
f 2195 2349 2194
f 2195 2350 2349
f 2196 2350 2195
f 2196 2351 2350
f 2197 2351 2196
f 2197 2352 2351
f 2198 2352 2197
f 2198 2353 2352
f 2199 2353 2198
f 2199 2354 2353
f 2200 2354 2199
f 2200 2355 2354
f 2201 2355 2200
f 2201 2356 2355
f 2202 2356 2201
f 2202 2357 2356
f 2203 2357 2202
f 2203 2358 2357
f 2204 2358 2203
f 2204 2359 2358
f 2205 2359 2204
f 2205 2360 2359
f 2206 2360 2205
f 2206 2361 2360
f 2207 2361 2206
f 2207 2362 2361
f 2208 2362 2207
f 2208 2363 2362
f 2209 2363 2208
f 2209 2364 2363
f 2210 2364 2209
f 2210 2365 2364
f 2211 2365 2210
f 2211 2366 2365
f 2212 2366 2211
f 2212 2367 2366
f 2213 2367 2212
f 2213 2368 2367
f 2214 2368 2213
f 2214 2369 2368
f 2215 2369 2214
f 2215 2370 2369
f 2216 2370 2215
f 2216 2371 2370
f 2217 2371 2216
f 2217 2372 2371
f 2218 2372 2217
f 2218 2373 2372
f 2219 2373 2218
f 2219 2374 2373
f 2220 2374 2219
f 2220 2375 2374
f 2221 2375 2220
f 2221 2376 2375
f 2222 2376 2221
f 2222 2377 2376
f 2223 2377 2222
f 2223 2378 2377
f 2224 2378 2223
f 2224 2379 2378
f 2225 2379 2224
f 2225 2380 2379
f 2226 2380 2225
f 2226 2381 2380
f 2227 2381 2226
f 2227 2382 2381
f 2228 2382 2227
f 2228 2383 2382
f 2229 2383 2228
f 2229 2384 2383
f 2230 2384 2229
f 2230 2385 2384
f 2231 2385 2230
f 2231 2386 2385
f 2232 2386 2231
f 2232 2387 2386
f 2233 2387 2232
f 2233 2388 2387
f 2234 2388 2233
f 2234 2389 2388
f 2235 2389 2234
f 2235 2390 2389
f 2236 2390 2235
f 2236 2391 2390
f 2237 2391 2236
f 2237 2392 2391
f 2238 2392 2237
f 2238 2393 2392
f 2239 2393 2238
f 2239 2394 2393
f 2240 2394 2239
f 2240 2395 2394
f 2241 2395 2240
f 2241 2396 2395
f 2242 2396 2241
f 2242 2397 2396
f 2243 2397 2242
f 2243 2398 2397
f 2244 2398 2243
f 2244 2399 2398
f 2245 2399 2244
f 2245 2400 2399
f 2246 2400 2245
f 2246 2401 2400
f 2247 2401 2246
f 2247 2402 2401
f 2248 2402 2247
f 2248 2403 2402
f 2249 2403 2248
f 2249 2404 2403
f 2250 2404 2249
f 2250 2405 2404
f 2251 2405 2250
f 2251 2406 2405
f 2252 2406 2251
f 2252 2407 2406
f 2253 2407 2252
f 2253 2408 2407
f 2254 2408 2253
f 2254 2409 2408
f 2255 2409 2254
f 2255 2410 2409
f 2256 2410 2255
f 2256 2411 2410
f 2257 2411 2256
f 2257 2412 2411
f 2258 2412 2257
f 2258 2413 2412
f 2259 2413 2258
f 2259 2414 2413
f 2260 2414 2259
f 2260 2415 2414
f 2261 2415 2260
f 2261 2416 2415
f 2262 2416 2261
f 2262 2417 2416
f 2263 2417 2262
f 2263 2418 2417
f 2264 2418 2263
f 2264 2419 2418
f 2265 2419 2264
f 2265 2420 2419
f 2266 2420 2265
f 2266 2421 2420
f 2267 2421 2266
f 2267 2422 2421
f 2268 2422 2267
f 2268 2423 2422
f 2269 2423 2268
f 2269 2424 2423
f 2270 2424 2269
f 2270 2425 2424
f 2271 2425 2270
f 2271 2426 2425
f 2272 2426 2271
f 2272 2427 2426
f 2273 2427 2272
f 2273 2428 2427
f 2274 2428 2273
f 2274 2429 2428
f 2275 2429 2274
f 2275 2430 2429
f 2276 2430 2275
f 2276 2431 2430
f 2277 2431 2276
f 2277 2432 2431
f 2278 2432 2277
f 2278 2433 2432
f 2279 2433 2278
f 2279 2434 2433
f 2280 2434 2279
f 2280 2435 2434
f 2281 2435 2280
f 2281 2436 2435
f 2282 2436 2281
f 2282 2437 2436
f 2283 2437 2282
f 2283 2438 2437
f 2284 2438 2283
f 2284 2439 2438
f 2285 2439 2284
f 2285 2440 2439
f 2286 2440 2285
f 2286 2441 2440
f 2287 2441 2286
f 2287 2442 2441
f 2288 2442 2287
f 2288 2443 2442
f 2289 2443 2288
f 2289 2444 2443
f 2290 2444 2289
f 2290 2445 2444
f 2291 2445 2290
f 2291 2446 2445
f 2292 2446 2291
f 2292 2447 2446
f 2293 2447 2292
f 2293 2448 2447
f 2294 2448 2293
f 2294 2449 2448
f 2295 2451 2450
f 2296 2451 2295
f 2296 2452 2451
f 2297 2452 2296
f 2297 2453 2452
f 2298 2453 2297
f 2298 2454 2453
f 2299 2454 2298
f 2299 2455 2454
f 2300 2455 2299
f 2300 2456 2455
f 2301 2456 2300
f 2301 2457 2456
f 2302 2457 2301
f 2302 2458 2457
f 2303 2458 2302
f 2303 2459 2458
f 2304 2459 2303
f 2304 2460 2459
f 2305 2460 2304
f 2305 2461 2460
f 2306 2461 2305
f 2306 2462 2461
f 2307 2462 2306
f 2307 2463 2462
f 2308 2463 2307
f 2308 2464 2463
f 2309 2464 2308
f 2309 2465 2464
f 2310 2465 2309
f 2310 2466 2465
f 2311 2466 2310
f 2311 2467 2466
f 2312 2467 2311
f 2312 2468 2467
f 2313 2468 2312
f 2313 2469 2468
f 2314 2469 2313
f 2314 2470 2469
f 2315 2470 2314
f 2315 2471 2470
f 2316 2471 2315
f 2316 2472 2471
f 2317 2472 2316
f 2317 2473 2472
f 2318 2473 2317
f 2318 2474 2473
f 2319 2474 2318
f 2319 2475 2474
f 2320 2475 2319
f 2320 2476 2475
f 2321 2476 2320
f 2321 2477 2476
f 2322 2477 2321
f 2322 2478 2477
f 2323 2478 2322
f 2323 2479 2478
f 2324 2479 2323
f 2324 2480 2479
f 2325 2480 2324
f 2325 2481 2480
f 2326 2481 2325
f 2326 2482 2481
f 2327 2482 2326
f 2327 2483 2482
f 2328 2483 2327
f 2328 2484 2483
f 2329 2484 2328
f 2329 2485 2484
f 2330 2485 2329
f 2330 2486 2485
f 2331 2486 2330
f 2331 2487 2486
f 2332 2487 2331
f 2332 2488 2487
f 2333 2488 2332
f 2333 2489 2488
f 2334 2489 2333
f 2334 2490 2489
f 2335 2490 2334
f 2335 2491 2490
f 2336 2491 2335
f 2336 2492 2491
f 2337 2492 2336
f 2337 2493 2492
f 2338 2493 2337
f 2338 2494 2493
f 2339 2494 2338
f 2339 2495 2494
f 2340 2495 2339
f 2340 2496 2495
f 2341 2496 2340
f 2341 2497 2496
f 2342 2497 2341
f 2342 2498 2497
f 2343 2498 2342
f 2343 2499 2498
f 2344 2499 2343
f 2344 2500 2499
f 2345 2500 2344
f 2345 2501 2500
f 2346 2501 2345
f 2346 2502 2501
f 2347 2502 2346
f 2347 2503 2502
f 2348 2503 2347
f 2348 2504 2503
f 2349 2504 2348
f 2349 2505 2504
f 2350 2505 2349
f 2350 2506 2505
f 2351 2506 2350
f 2351 2507 2506
f 2352 2507 2351
f 2352 2508 2507
f 2353 2508 2352
f 2353 2509 2508
f 2354 2509 2353
f 2354 2510 2509
f 2355 2510 2354
f 2355 2511 2510
f 2356 2511 2355
f 2356 2512 2511
f 2357 2512 2356
f 2357 2513 2512
f 2358 2513 2357
f 2358 2514 2513
f 2359 2514 2358
f 2359 2515 2514
f 2360 2515 2359
f 2360 2516 2515
f 2361 2516 2360
f 2361 2517 2516
f 2362 2517 2361
f 2362 2518 2517
f 2363 2518 2362
f 2363 2519 2518
f 2364 2519 2363
f 2364 2520 2519
f 2365 2520 2364
f 2365 2521 2520
f 2366 2521 2365
f 2366 2522 2521
f 2367 2522 2366
f 2367 2523 2522
f 2368 2523 2367
f 2368 2524 2523
f 2369 2524 2368
f 2369 2525 2524
f 2370 2525 2369
f 2370 2526 2525
f 2371 2526 2370
f 2371 2527 2526
f 2372 2527 2371
f 2372 2528 2527
f 2373 2528 2372
f 2373 2529 2528
f 2374 2529 2373
f 2374 2530 2529
f 2375 2530 2374
f 2375 2531 2530
f 2376 2531 2375
f 2376 2532 2531
f 2377 2532 2376
f 2377 2533 2532
f 2378 2533 2377
f 2378 2534 2533
f 2379 2534 2378
f 2379 2535 2534
f 2380 2535 2379
f 2380 2536 2535
f 2381 2536 2380
f 2381 2537 2536
f 2382 2537 2381
f 2382 2538 2537
f 2383 2538 2382
f 2383 2539 2538
f 2384 2539 2383
f 2384 2540 2539
f 2385 2540 2384
f 2385 2541 2540
f 2386 2541 2385
f 2386 2542 2541
f 2387 2542 2386
f 2387 2543 2542
f 2388 2543 2387
f 2388 2544 2543
f 2389 2544 2388
f 2389 2545 2544
f 2390 2545 2389
f 2390 2546 2545
f 2391 2546 2390
f 2391 2547 2546
f 2392 2547 2391
f 2392 2548 2547
f 2393 2548 2392
f 2393 2549 2548
f 2394 2549 2393
f 2394 2550 2549
f 2395 2550 2394
f 2395 2551 2550
f 2396 2551 2395
f 2396 2552 2551
f 2397 2552 2396
f 2397 2553 2552
f 2398 2553 2397
f 2398 2554 2553
f 2399 2554 2398
f 2399 2555 2554
f 2400 2555 2399
f 2400 2556 2555
f 2401 2556 2400
f 2401 2557 2556
f 2402 2557 2401
f 2402 2558 2557
f 2403 2558 2402
f 2403 2559 2558
f 2404 2559 2403
f 2404 2560 2559
f 2405 2560 2404
f 2405 2561 2560
f 2406 2561 2405
f 2406 2562 2561
f 2407 2562 2406
f 2407 2563 2562
f 2408 2563 2407
f 2408 2564 2563
f 2409 2564 2408
f 2409 2565 2564
f 2410 2565 2409
f 2410 2566 2565
f 2411 2566 2410
f 2411 2567 2566
f 2412 2567 2411
f 2412 2568 2567
f 2413 2568 2412
f 2413 2569 2568
f 2414 2569 2413
f 2414 2570 2569
f 2415 2570 2414
f 2415 2571 2570
f 2416 2571 2415
f 2416 2572 2571
f 2417 2572 2416
f 2417 2573 2572
f 2418 2573 2417
f 2418 2574 2573
f 2419 2574 2418
f 2419 2575 2574
f 2420 2575 2419
f 2420 2576 2575
f 2421 2576 2420
f 2421 2577 2576
f 2422 2577 2421
f 2422 2578 2577
f 2423 2578 2422
f 2423 2579 2578
f 2424 2579 2423
f 2424 2580 2579
f 2425 2580 2424
f 2425 2581 2580
f 2426 2581 2425
f 2426 2582 2581
f 2427 2582 2426
f 2427 2583 2582
f 2428 2583 2427
f 2428 2584 2583
f 2429 2584 2428
f 2429 2585 2584
f 2430 2585 2429
f 2430 2586 2585
f 2431 2586 2430
f 2431 2587 2586
f 2432 2587 2431
f 2432 2588 2587
f 2433 2588 2432
f 2433 2589 2588
f 2434 2589 2433
f 2434 2590 2589
f 2435 2590 2434
f 2435 2591 2590
f 2436 2591 2435
f 2436 2592 2591
f 2437 2592 2436
f 2437 2593 2592
f 2438 2593 2437
f 2438 2594 2593
f 2439 2594 2438
f 2439 2595 2594
f 2440 2595 2439
f 2440 2596 2595
f 2441 2596 2440
f 2441 2597 2596
f 2442 2597 2441
f 2442 2598 2597
f 2443 2598 2442
f 2443 2599 2598
f 2444 2599 2443
f 2444 2600 2599
f 2445 2600 2444
f 2445 2601 2600
f 2446 2601 2445
f 2446 2602 2601
f 2447 2602 2446
f 2447 2603 2602
f 2448 2603 2447
f 2448 2604 2603
f 2449 2604 2448
f 2449 2605 2604
f 2451 2606 2450
f 2451 2607 2606
f 2452 2607 2451
f 2452 2608 2607
f 2453 2608 2452
f 2453 2609 2608
f 2454 2609 2453
f 2454 2610 2609
f 2455 2610 2454
f 2455 2611 2610
f 2456 2611 2455
f 2456 2612 2611
f 2457 2612 2456
f 2457 2613 2612
f 2458 2613 2457
f 2458 2614 2613
f 2459 2614 2458
f 2459 2615 2614
f 2460 2615 2459
f 2460 2616 2615
f 2461 2616 2460
f 2461 2617 2616
f 2462 2617 2461
f 2462 2618 2617
f 2463 2618 2462
f 2463 2619 2618
f 2464 2619 2463
f 2464 2620 2619
f 2465 2620 2464
f 2465 2621 2620
f 2466 2621 2465
f 2466 2622 2621
f 2467 2622 2466
f 2467 2623 2622
f 2468 2623 2467
f 2468 2624 2623
f 2469 2624 2468
f 2469 2625 2624
f 2470 2625 2469
f 2470 2626 2625
f 2471 2626 2470
f 2471 2627 2626
f 2472 2627 2471
f 2472 2628 2627
f 2473 2628 2472
f 2473 2629 2628
f 2474 2629 2473
f 2474 2630 2629
f 2475 2630 2474
f 2475 2631 2630
f 2476 2631 2475
f 2476 2632 2631
f 2477 2632 2476
f 2477 2633 2632
f 2478 2633 2477
f 2478 2634 2633
f 2479 2634 2478
f 2479 2635 2634
f 2480 2635 2479
f 2480 2636 2635
f 2481 2636 2480
f 2481 2637 2636
f 2482 2637 2481
f 2482 2638 2637
f 2483 2638 2482
f 2483 2639 2638
f 2484 2639 2483
f 2484 2640 2639
f 2485 2640 2484
f 2485 2641 2640
f 2486 2641 2485
f 2486 2642 2641
f 2487 2642 2486
f 2487 2643 2642
f 2488 2643 2487
f 2488 2644 2643
f 2489 2644 2488
f 2489 2645 2644
f 2490 2645 2489
f 2490 2646 2645
f 2491 2646 2490
f 2491 2647 2646
f 2492 2647 2491
f 2492 2648 2647
f 2493 2648 2492
f 2493 2649 2648
f 2494 2649 2493
f 2494 2650 2649
f 2495 2650 2494
f 2495 2651 2650
f 2496 2651 2495
f 2496 2652 2651
f 2497 2652 2496
f 2497 2653 2652
f 2498 2653 2497
f 2498 2654 2653
f 2499 2654 2498
f 2499 2655 2654
f 2500 2655 2499
f 2500 2656 2655
f 2501 2656 2500
f 2501 2657 2656
f 2502 2657 2501
f 2502 2658 2657
f 2503 2658 2502
f 2503 2659 2658
f 2504 2659 2503
f 2504 2660 2659
f 2505 2660 2504
f 2505 2661 2660
f 2506 2661 2505
f 2506 2662 2661
f 2507 2662 2506
f 2507 2663 2662
f 2508 2663 2507
f 2508 2664 2663
f 2509 2664 2508
f 2509 2665 2664
f 2510 2665 2509
f 2510 2666 2665
f 2511 2666 2510
f 2511 2667 2666
f 2512 2667 2511
f 2512 2668 2667
f 2513 2668 2512
f 2513 2669 2668
f 2514 2669 2513
f 2514 2670 2669
f 2515 2670 2514
f 2515 2671 2670
f 2516 2671 2515
f 2516 2672 2671
f 2517 2672 2516
f 2517 2673 2672
f 2518 2673 2517
f 2518 2674 2673
f 2519 2674 2518
f 2519 2675 2674
f 2520 2675 2519
f 2520 2676 2675
f 2521 2676 2520
f 2521 2677 2676
f 2522 2677 2521
f 2522 2678 2677
f 2523 2678 2522
f 2523 2679 2678
f 2524 2679 2523
f 2524 2680 2679
f 2525 2680 2524
f 2525 2681 2680
f 2526 2681 2525
f 2526 2682 2681
f 2527 2682 2526
f 2527 2683 2682
f 2528 2683 2527
f 2528 2684 2683
f 2529 2684 2528
f 2529 2685 2684
f 2530 2685 2529
f 2530 2686 2685
f 2531 2686 2530
f 2531 2687 2686
f 2532 2687 2531
f 2532 2688 2687
f 2533 2688 2532
f 2533 2689 2688
f 2534 2689 2533
f 2534 2690 2689
f 2535 2690 2534
f 2535 2691 2690
f 2536 2691 2535
f 2536 2692 2691
f 2537 2692 2536
f 2537 2693 2692
f 2538 2693 2537
f 2538 2694 2693
f 2539 2694 2538
f 2539 2695 2694
f 2540 2695 2539
f 2540 2696 2695
f 2541 2696 2540
f 2541 2697 2696
f 2542 2697 2541
f 2542 2698 2697
f 2543 2698 2542
f 2543 2699 2698
f 2544 2699 2543
f 2544 2700 2699
f 2545 2700 2544
f 2545 2701 2700
f 2546 2701 2545
f 2546 2702 2701
f 2547 2702 2546
f 2547 2703 2702
f 2548 2703 2547
f 2548 2704 2703
f 2549 2704 2548
f 2549 2705 2704
f 2550 2705 2549
f 2550 2706 2705
f 2551 2706 2550
f 2551 2707 2706
f 2552 2707 2551
f 2552 2708 2707
f 2553 2708 2552
f 2553 2709 2708
f 2554 2709 2553
f 2554 2710 2709
f 2555 2710 2554
f 2555 2711 2710
f 2556 2711 2555
f 2556 2712 2711
f 2557 2712 2556
f 2557 2713 2712
f 2558 2713 2557
f 2558 2714 2713
f 2559 2714 2558
f 2559 2715 2714
f 2560 2715 2559
f 2560 2716 2715
f 2561 2716 2560
f 2561 2717 2716
f 2562 2717 2561
f 2562 2718 2717
f 2563 2718 2562
f 2563 2719 2718
f 2564 2719 2563
f 2564 2720 2719
f 2565 2720 2564
f 2565 2721 2720
f 2566 2721 2565
f 2566 2722 2721
f 2567 2722 2566
f 2567 2723 2722
f 2568 2723 2567
f 2568 2724 2723
f 2569 2724 2568
f 2569 2725 2724
f 2570 2725 2569
f 2570 2726 2725
f 2571 2726 2570
f 2571 2727 2726
f 2572 2727 2571
f 2572 2728 2727
f 2573 2728 2572
f 2573 2729 2728
f 2574 2729 2573
f 2574 2730 2729
f 2575 2730 2574
f 2575 2731 2730
f 2576 2731 2575
f 2576 2732 2731
f 2577 2732 2576
f 2577 2733 2732
f 2578 2733 2577
f 2578 2734 2733
f 2579 2734 2578
f 2579 2735 2734
f 2580 2735 2579
f 2580 2736 2735
f 2581 2736 2580
f 2581 2737 2736
f 2582 2737 2581
f 2582 2738 2737
f 2583 2738 2582
f 2583 2739 2738
f 2584 2739 2583
f 2584 2740 2739
f 2585 2740 2584
f 2585 2741 2740
f 2586 2741 2585
f 2586 2742 2741
f 2587 2742 2586
f 2587 2743 2742
f 2588 2743 2587
f 2588 2744 2743
f 2589 2744 2588
f 2589 2745 2744
f 2590 2745 2589
f 2590 2746 2745
f 2591 2746 2590
f 2591 2747 2746
f 2592 2747 2591
f 2592 2748 2747
f 2593 2748 2592
f 2593 2749 2748
f 2594 2749 2593
f 2594 2750 2749
f 2595 2750 2594
f 2595 2751 2750
f 2596 2751 2595
f 2596 2752 2751
f 2597 2752 2596
f 2597 2753 2752
f 2598 2753 2597
f 2598 2754 2753
f 2599 2754 2598
f 2599 2755 2754
f 2600 2755 2599
f 2600 2756 2755
f 2601 2756 2600
f 2601 2757 2756
f 2602 2757 2601
f 2602 2758 2757
f 2603 2758 2602
f 2603 2759 2758
f 2604 2759 2603
f 2604 2760 2759
f 2605 2760 2604
f 2605 2761 2760
f 2607 2762 2606
f 2607 2763 2762
f 2608 2763 2607
f 2608 2764 2763
f 2609 2764 2608
f 2609 2765 2764
f 2610 2765 2609
f 2610 2766 2765
f 2611 2766 2610
f 2611 2767 2766
f 2612 2767 2611
f 2612 2768 2767
f 2613 2768 2612
f 2613 2769 2768
f 2614 2769 2613
f 2614 2770 2769
f 2615 2770 2614
f 2615 2771 2770
f 2616 2771 2615
f 2616 2772 2771
f 2617 2772 2616
f 2617 2773 2772
f 2618 2773 2617
f 2618 2774 2773
f 2619 2774 2618
f 2619 2775 2774
f 2620 2775 2619
f 2620 2776 2775
f 2621 2776 2620
f 2621 2777 2776
f 2622 2777 2621
f 2622 2778 2777
f 2623 2778 2622
f 2623 2779 2778
f 2624 2779 2623
f 2624 2780 2779
f 2625 2780 2624
f 2625 2781 2780
f 2626 2781 2625
f 2626 2782 2781
f 2627 2782 2626
f 2627 2783 2782
f 2628 2783 2627
f 2628 2784 2783
f 2629 2784 2628
f 2629 2785 2784
f 2630 2785 2629
f 2630 2786 2785
f 2631 2786 2630
f 2631 2787 2786
f 2632 2787 2631
f 2632 2788 2787
f 2633 2788 2632
f 2633 2789 2788
f 2634 2789 2633
f 2634 2790 2789
f 2635 2790 2634
f 2635 2791 2790
f 2636 2791 2635
f 2636 2792 2791
f 2637 2792 2636
f 2637 2793 2792
f 2638 2793 2637
f 2638 2794 2793
f 2639 2794 2638
f 2639 2795 2794
f 2640 2795 2639
f 2640 2796 2795
f 2641 2796 2640
f 2641 2797 2796
f 2642 2797 2641
f 2642 2798 2797
f 2643 2798 2642
f 2643 2799 2798
f 2644 2799 2643
f 2644 2800 2799
f 2645 2800 2644
f 2645 2801 2800
f 2646 2801 2645
f 2646 2802 2801
f 2647 2802 2646
f 2647 2803 2802
f 2648 2803 2647
f 2648 2804 2803
f 2649 2804 2648
f 2649 2805 2804
f 2650 2805 2649
f 2650 2806 2805
f 2651 2806 2650
f 2651 2807 2806
f 2652 2807 2651
f 2652 2808 2807
f 2653 2808 2652
f 2653 2809 2808
f 2654 2809 2653
f 2654 2810 2809
f 2655 2810 2654
f 2655 2811 2810
f 2656 2811 2655
f 2656 2812 2811
f 2657 2812 2656
f 2657 2813 2812
f 2658 2813 2657
f 2658 2814 2813
f 2659 2814 2658
f 2659 2815 2814
f 2660 2815 2659
f 2660 2816 2815
f 2661 2816 2660
f 2661 2817 2816
f 2662 2817 2661
f 2662 2818 2817
f 2663 2818 2662
f 2663 2819 2818
f 2664 2819 2663
f 2664 2820 2819
f 2665 2820 2664
f 2665 2821 2820
f 2666 2821 2665
f 2666 2822 2821
f 2667 2822 2666
f 2667 2823 2822
f 2668 2823 2667
f 2668 2824 2823
f 2669 2824 2668
f 2669 2825 2824
f 2670 2825 2669
f 2670 2826 2825
f 2671 2826 2670
f 2671 2827 2826
f 2672 2827 2671
f 2672 2828 2827
f 2673 2828 2672
f 2673 2829 2828
f 2674 2829 2673
f 2674 2830 2829
f 2675 2830 2674
f 2675 2831 2830
f 2676 2831 2675
f 2676 2832 2831
f 2677 2832 2676
f 2677 2833 2832
f 2678 2833 2677
f 2678 2834 2833
f 2679 2834 2678
f 2679 2835 2834
f 2680 2835 2679
f 2680 2836 2835
f 2681 2836 2680
f 2681 2837 2836
f 2682 2837 2681
f 2682 2838 2837
f 2683 2838 2682
f 2683 2839 2838
f 2684 2839 2683
f 2684 2840 2839
f 2685 2840 2684
f 2685 2841 2840
f 2686 2841 2685
f 2686 2842 2841
f 2687 2842 2686
f 2687 2843 2842
f 2688 2843 2687
f 2688 2844 2843
f 2689 2844 2688
f 2689 2845 2844
f 2690 2845 2689
f 2690 2846 2845
f 2691 2846 2690
f 2691 2847 2846
f 2692 2847 2691
f 2692 2848 2847
f 2693 2848 2692
f 2693 2849 2848
f 2694 2849 2693
f 2694 2850 2849
f 2695 2850 2694
f 2695 2851 2850
f 2696 2851 2695
f 2696 2852 2851
f 2697 2852 2696
f 2697 2853 2852
f 2698 2853 2697
f 2698 2854 2853
f 2699 2854 2698
f 2699 2855 2854
f 2700 2855 2699
f 2700 2856 2855
f 2701 2856 2700
f 2701 2857 2856
f 2702 2857 2701
f 2702 2858 2857
f 2703 2858 2702
f 2703 2859 2858
f 2704 2859 2703
f 2704 2860 2859
f 2705 2860 2704
f 2705 2861 2860
f 2706 2861 2705
f 2706 2862 2861
f 2707 2862 2706
f 2707 2863 2862
f 2708 2863 2707
f 2708 2864 2863
f 2709 2864 2708
f 2709 2865 2864
f 2710 2865 2709
f 2710 2866 2865
f 2711 2866 2710
f 2711 2867 2866
f 2712 2867 2711
f 2712 2868 2867
f 2713 2868 2712
f 2713 2869 2868
f 2714 2869 2713
f 2714 2870 2869
f 2715 2870 2714
f 2715 2871 2870
f 2716 2871 2715
f 2716 2872 2871
f 2717 2872 2716
f 2717 2873 2872
f 2718 2873 2717
f 2718 2874 2873
f 2719 2874 2718
f 2719 2875 2874
f 2720 2875 2719
f 2720 2876 2875
f 2721 2876 2720
f 2721 2877 2876
f 2722 2877 2721
f 2722 2878 2877
f 2723 2878 2722
f 2723 2879 2878
f 2724 2879 2723
f 2724 2880 2879
f 2725 2880 2724
f 2725 2881 2880
f 2726 2881 2725
f 2726 2882 2881
f 2727 2882 2726
f 2727 2883 2882
f 2728 2883 2727
f 2728 2884 2883
f 2729 2884 2728
f 2729 2885 2884
f 2730 2885 2729
f 2730 2886 2885
f 2731 2886 2730
f 2731 2887 2886
f 2732 2887 2731
f 2732 2888 2887
f 2733 2888 2732
f 2733 2889 2888
f 2734 2889 2733
f 2734 2890 2889
f 2735 2890 2734
f 2735 2891 2890
f 2736 2891 2735
f 2736 2892 2891
f 2737 2892 2736
f 2737 2893 2892
f 2738 2893 2737
f 2738 2894 2893
f 2739 2894 2738
f 2739 2895 2894
f 2740 2895 2739
f 2740 2896 2895
f 2741 2896 2740
f 2741 2897 2896
f 2742 2897 2741
f 2742 2898 2897
f 2743 2898 2742
f 2743 2899 2898
f 2744 2899 2743
f 2744 2900 2899
f 2745 2900 2744
f 2745 2901 2900
f 2746 2901 2745
f 2746 2902 2901
f 2747 2902 2746
f 2747 2903 2902
f 2748 2903 2747
f 2748 2904 2903
f 2749 2904 2748
f 2749 2905 2904
f 2750 2905 2749
f 2750 2906 2905
f 2751 2906 2750
f 2751 2907 2906
f 2752 2907 2751
f 2752 2908 2907
f 2753 2908 2752
f 2753 2909 2908
f 2754 2909 2753
f 2754 2910 2909
f 2755 2910 2754
f 2755 2911 2910
f 2756 2911 2755
f 2756 2912 2911
f 2757 2912 2756
f 2757 2913 2912
f 2758 2913 2757
f 2758 2914 2913
f 2759 2914 2758
f 2759 2915 2914
f 2760 2915 2759
f 2760 2916 2915
f 2761 2916 2760
f 2761 2917 2916
f 2763 2918 2762
f 2763 2919 2918
f 2764 2919 2763
f 2764 2920 2919
f 2765 2920 2764
f 2765 2921 2920
f 2766 2921 2765
f 2766 2922 2921
f 2767 2922 2766
f 2767 2923 2922
f 2768 2923 2767
f 2768 2924 2923
f 2769 2924 2768
f 2769 2925 2924
f 2770 2925 2769
f 2770 2926 2925
f 2771 2926 2770
f 2771 2927 2926
f 2772 2927 2771
f 2772 2928 2927
f 2773 2928 2772
f 2773 2929 2928
f 2774 2929 2773
f 2774 2930 2929
f 2775 2930 2774
f 2775 2931 2930
f 2776 2931 2775
f 2776 2932 2931
f 2777 2932 2776
f 2777 2933 2932
f 2778 2933 2777
f 2778 2934 2933
f 2779 2934 2778
f 2779 2935 2934
f 2780 2935 2779
f 2780 2936 2935
f 2781 2936 2780
f 2781 2937 2936
f 2782 2937 2781
f 2782 2938 2937
f 2783 2938 2782
f 2783 2939 2938
f 2784 2939 2783
f 2784 2940 2939
f 2785 2940 2784
f 2785 2941 2940
f 2786 2941 2785
f 2786 2942 2941
f 2787 2942 2786
f 2787 2943 2942
f 2788 2943 2787
f 2788 2944 2943
f 2789 2944 2788
f 2789 2945 2944
f 2790 2945 2789
f 2790 2946 2945
f 2791 2946 2790
f 2791 2947 2946
f 2792 2947 2791
f 2792 2948 2947
f 2793 2948 2792
f 2793 2949 2948
f 2794 2949 2793
f 2794 2950 2949
f 2795 2950 2794
f 2795 2951 2950
f 2796 2951 2795
f 2796 2952 2951
f 2797 2952 2796
f 2797 2953 2952
f 2798 2953 2797
f 2798 2954 2953
f 2799 2954 2798
f 2799 2955 2954
f 2800 2955 2799
f 2800 2956 2955
f 2801 2956 2800
f 2801 2957 2956
f 2802 2957 2801
f 2802 2958 2957
f 2803 2958 2802
f 2803 2959 2958
f 2804 2959 2803
f 2804 2960 2959
f 2805 2960 2804
f 2805 2961 2960
f 2806 2961 2805
f 2806 2962 2961
f 2807 2962 2806
f 2807 2963 2962
f 2808 2963 2807
f 2808 2964 2963
f 2809 2964 2808
f 2809 2965 2964
f 2810 2965 2809
f 2810 2966 2965
f 2811 2966 2810
f 2811 2967 2966
f 2812 2967 2811
f 2812 2968 2967
f 2813 2968 2812
f 2813 2969 2968
f 2814 2969 2813
f 2814 2970 2969
f 2815 2970 2814
f 2815 2971 2970
f 2816 2971 2815
f 2816 2972 2971
f 2817 2972 2816
f 2817 2973 2972
f 2818 2973 2817
f 2818 2974 2973
f 2819 2974 2818
f 2819 2975 2974
f 2820 2975 2819
f 2820 2976 2975
f 2821 2976 2820
f 2821 2977 2976
f 2822 2977 2821
f 2822 2978 2977
f 2823 2978 2822
f 2823 2979 2978
f 2824 2979 2823
f 2824 2980 2979
f 2825 2980 2824
f 2825 2981 2980
f 2826 2981 2825
f 2826 2982 2981
f 2827 2982 2826
f 2827 2983 2982
f 2828 2983 2827
f 2828 2984 2983
f 2829 2984 2828
f 2829 2985 2984
f 2830 2985 2829
f 2830 2986 2985
f 2831 2986 2830
f 2831 2987 2986
f 2832 2987 2831
f 2832 2988 2987
f 2833 2988 2832
f 2833 2989 2988
f 2834 2989 2833
f 2834 2990 2989
f 2835 2990 2834
f 2835 2991 2990
f 2836 2991 2835
f 2836 2992 2991
f 2837 2992 2836
f 2837 2993 2992
f 2838 2993 2837
f 2838 2994 2993
f 2839 2994 2838
f 2839 2995 2994
f 2840 2995 2839
f 2840 2996 2995
f 2841 2996 2840
f 2841 2997 2996
f 2842 2997 2841
f 2842 2998 2997
f 2843 2998 2842
f 2843 2999 2998
f 2844 2999 2843
f 2844 3000 2999
f 2845 3000 2844
f 2845 3001 3000
f 2846 3001 2845
f 2846 3002 3001
f 2847 3002 2846
f 2847 3003 3002
f 2848 3003 2847
f 2848 3004 3003
f 2849 3004 2848
f 2849 3005 3004
f 2850 3005 2849
f 2850 3006 3005
f 2851 3006 2850
f 2851 3007 3006
f 2852 3007 2851
f 2852 3008 3007
f 2853 3008 2852
f 2853 3009 3008
f 2854 3009 2853
f 2854 3010 3009
f 2855 3010 2854
f 2855 3011 3010
f 2856 3011 2855
f 2856 3012 3011
f 2857 3012 2856
f 2857 3013 3012
f 2858 3013 2857
f 2858 3014 3013
f 2859 3014 2858
f 2859 3015 3014
f 2860 3015 2859
f 2860 3016 3015
f 2861 3016 2860
f 2861 3017 3016
f 2862 3017 2861
f 2862 3018 3017
f 2863 3018 2862
f 2863 3019 3018
f 2864 3019 2863
f 2864 3020 3019
f 2865 3020 2864
f 2865 3021 3020
f 2866 3021 2865
f 2866 3022 3021
f 2867 3022 2866
f 2867 3023 3022
f 2868 3023 2867
f 2868 3024 3023
f 2869 3024 2868
f 2869 3025 3024
f 2870 3025 2869
f 2870 3026 3025
f 2871 3026 2870
f 2871 3027 3026
f 2872 3027 2871
f 2872 3028 3027
f 2873 3028 2872
f 2873 3029 3028
f 2874 3029 2873
f 2874 3030 3029
f 2875 3030 2874
f 2875 3031 3030
f 2876 3031 2875
f 2876 3032 3031
f 2877 3032 2876
f 2877 3033 3032
f 2878 3033 2877
f 2878 3034 3033
f 2879 3034 2878
f 2879 3035 3034
f 2880 3035 2879
f 2880 3036 3035
f 2881 3036 2880
f 2881 3037 3036
f 2882 3037 2881
f 2882 3038 3037
f 2883 3038 2882
f 2883 3039 3038
f 2884 3039 2883
f 2884 3040 3039
f 2885 3040 2884
f 2885 3041 3040
f 2886 3041 2885
f 2886 3042 3041
f 2887 3042 2886
f 2887 3043 3042
f 2888 3043 2887
f 2888 3044 3043
f 2889 3044 2888
f 2889 3045 3044
f 2890 3045 2889
f 2890 3046 3045
f 2891 3046 2890
f 2891 3047 3046
f 2892 3047 2891
f 2892 3048 3047
f 2893 3048 2892
f 2893 3049 3048
f 2894 3049 2893
f 2894 3050 3049
f 2895 3050 2894
f 2895 3051 3050
f 2896 3051 2895
f 2896 3052 3051
f 2897 3052 2896
f 2897 3053 3052
f 2898 3053 2897
f 2898 3054 3053
f 2899 3054 2898
f 2899 3055 3054
f 2900 3055 2899
f 2900 3056 3055
f 2901 3056 2900
f 2901 3057 3056
f 2902 3057 2901
f 2902 3058 3057
f 2903 3058 2902
f 2903 3059 3058
f 2904 3059 2903
f 2904 3060 3059
f 2905 3060 2904
f 2905 3061 3060
f 2906 3061 2905
f 2906 3062 3061
f 2907 3062 2906
f 2907 3063 3062
f 2908 3063 2907
f 2908 3064 3063
f 2909 3064 2908
f 2909 3065 3064
f 2910 3065 2909
f 2910 3066 3065
f 2911 3066 2910
f 2911 3067 3066
f 2912 3067 2911
f 2912 3068 3067
f 2913 3068 2912
f 2913 3069 3068
f 2914 3069 2913
f 2914 3070 3069
f 2915 3070 2914
f 2915 3071 3070
f 2916 3071 2915
f 2916 3072 3071
f 2917 3072 2916
f 2917 3073 3072
f 2919 3074 2918
f 2919 3075 3074
f 2920 3075 2919
f 2920 3076 3075
f 2921 3076 2920
f 2921 3077 3076
f 2922 3077 2921
f 2922 3078 3077
f 2923 3078 2922
f 2923 3079 3078
f 2924 3079 2923
f 2924 3080 3079
f 2925 3080 2924
f 2925 3081 3080
f 2926 3081 2925
f 2926 3082 3081
f 2927 3082 2926
f 2927 3083 3082
f 2928 3083 2927
f 2928 3084 3083
f 2929 3084 2928
f 2929 3085 3084
f 2930 3085 2929
f 2930 3086 3085
f 2931 3086 2930
f 2931 3087 3086
f 2932 3087 2931
f 2932 3088 3087
f 2933 3088 2932
f 2933 3089 3088
f 2934 3089 2933
f 2934 3090 3089
f 2935 3090 2934
f 2935 3091 3090
f 2936 3091 2935
f 2936 3092 3091
f 2937 3092 2936
f 2937 3093 3092
f 2938 3093 2937
f 2938 3094 3093
f 2939 3094 2938
f 2939 3095 3094
f 2940 3095 2939
f 2940 3096 3095
f 2941 3096 2940
f 2941 3097 3096
f 2942 3097 2941
f 2942 3098 3097
f 2943 3098 2942
f 2943 3099 3098
f 2944 3099 2943
f 2944 3100 3099
f 2945 3100 2944
f 2945 3101 3100
f 2946 3101 2945
f 2946 3102 3101
f 2947 3102 2946
f 2947 3103 3102
f 2948 3103 2947
f 2948 3104 3103
f 2949 3104 2948
f 2949 3105 3104
f 2950 3105 2949
f 2950 3106 3105
f 2951 3106 2950
f 2951 3107 3106
f 2952 3107 2951
f 2952 3108 3107
f 2953 3108 2952
f 2953 3109 3108
f 2954 3109 2953
f 2954 3110 3109
f 2955 3110 2954
f 2955 3111 3110
f 2956 3111 2955
f 2956 3112 3111
f 2957 3112 2956
f 2957 3113 3112
f 2958 3113 2957
f 2958 3114 3113
f 2959 3114 2958
f 2959 3115 3114
f 2960 3115 2959
f 2960 3116 3115
f 2961 3116 2960
f 2961 3117 3116
f 2962 3117 2961
f 2962 3118 3117
f 2963 3118 2962
f 2963 3119 3118
f 2964 3119 2963
f 2964 3120 3119
f 2965 3120 2964
f 2965 3121 3120
f 2966 3121 2965
f 2966 3122 3121
f 2967 3122 2966
f 2967 3123 3122
f 2968 3123 2967
f 2968 3124 3123
f 2969 3124 2968
f 2969 3125 3124
f 2970 3125 2969
f 2970 3126 3125
f 2971 3126 2970
f 2971 3127 3126
f 2972 3127 2971
f 2972 3128 3127
f 2973 3128 2972
f 2973 3129 3128
f 2974 3129 2973
f 2974 3130 3129
f 2975 3130 2974
f 2975 3131 3130
f 2976 3131 2975
f 2976 3132 3131
f 2977 3132 2976
f 2977 3133 3132
f 2978 3133 2977
f 2978 3134 3133
f 2979 3134 2978
f 2979 3135 3134
f 2980 3135 2979
f 2980 3136 3135
f 2981 3136 2980
f 2981 3137 3136
f 2982 3137 2981
f 2982 3138 3137
f 2983 3138 2982
f 2983 3139 3138
f 2984 3139 2983
f 2984 3140 3139
f 2985 3140 2984
f 2985 3141 3140
f 2986 3141 2985
f 2986 3142 3141
f 2987 3142 2986
f 2987 3143 3142
f 2988 3143 2987
f 2988 3144 3143
f 2989 3144 2988
f 2989 3145 3144
f 2990 3145 2989
f 2990 3146 3145
f 2991 3146 2990
f 2991 3147 3146
f 2992 3147 2991
f 2992 3148 3147
f 2993 3148 2992
f 2993 3149 3148
f 2994 3149 2993
f 2994 3150 3149
f 2995 3150 2994
f 2995 3151 3150
f 2996 3151 2995
f 2996 3152 3151
f 2997 3152 2996
f 2997 3153 3152
f 2998 3153 2997
f 2998 3154 3153
f 2999 3154 2998
f 2999 3155 3154
f 3000 3155 2999
f 3000 3156 3155
f 3001 3156 3000
f 3001 3157 3156
f 3002 3157 3001
f 3002 3158 3157
f 3003 3158 3002
f 3003 3159 3158
f 3004 3159 3003
f 3004 3160 3159
f 3005 3160 3004
f 3005 3161 3160
f 3006 3161 3005
f 3006 3162 3161
f 3007 3162 3006
f 3007 3163 3162
f 3008 3163 3007
f 3008 3164 3163
f 3009 3164 3008
f 3009 3165 3164
f 3010 3165 3009
f 3010 3166 3165
f 3011 3166 3010
f 3011 3167 3166
f 3012 3167 3011
f 3012 3168 3167
f 3013 3168 3012
f 3013 3169 3168
f 3014 3169 3013
f 3014 3170 3169
f 3015 3170 3014
f 3015 3171 3170
f 3016 3171 3015
f 3016 3172 3171
f 3017 3172 3016
f 3017 3173 3172
f 3018 3173 3017
f 3018 3174 3173
f 3019 3174 3018
f 3019 3175 3174
f 3020 3175 3019
f 3020 3176 3175
f 3021 3176 3020
f 3021 3177 3176
f 3022 3177 3021
f 3022 3178 3177
f 3023 3178 3022
f 3023 3179 3178
f 3024 3179 3023
f 3024 3180 3179
f 3025 3180 3024
f 3025 3181 3180
f 3026 3181 3025
f 3026 3182 3181
f 3027 3182 3026
f 3027 3183 3182
f 3028 3183 3027
f 3028 3184 3183
f 3029 3184 3028
f 3029 3185 3184
f 3030 3185 3029
f 3030 3186 3185
f 3031 3186 3030
f 3031 3187 3186
f 3032 3187 3031
f 3032 3188 3187
f 3033 3188 3032
f 3033 3189 3188
f 3034 3189 3033
f 3034 3190 3189
f 3035 3190 3034
f 3035 3191 3190
f 3036 3191 3035
f 3036 3192 3191
f 3037 3192 3036
f 3037 3193 3192
f 3038 3193 3037
f 3038 3194 3193
f 3039 3194 3038
f 3039 3195 3194
f 3040 3195 3039
f 3040 3196 3195
f 3041 3196 3040
f 3041 3197 3196
f 3042 3197 3041
f 3042 3198 3197
f 3043 3198 3042
f 3043 3199 3198
f 3044 3199 3043
f 3044 3200 3199
f 3045 3200 3044
f 3045 3201 3200
f 3046 3201 3045
f 3046 3202 3201
f 3047 3202 3046
f 3047 3203 3202
f 3048 3203 3047
f 3048 3204 3203
f 3049 3204 3048
f 3049 3205 3204
f 3050 3205 3049
f 3050 3206 3205
f 3051 3206 3050
f 3051 3207 3206
f 3052 3207 3051
f 3052 3208 3207
f 3053 3208 3052
f 3053 3209 3208
f 3054 3209 3053
f 3054 3210 3209
f 3055 3210 3054
f 3055 3211 3210
f 3056 3211 3055
f 3056 3212 3211
f 3057 3212 3056
f 3057 3213 3212
f 3058 3213 3057
f 3058 3214 3213
f 3059 3214 3058
f 3059 3215 3214
f 3060 3215 3059
f 3060 3216 3215
f 3061 3216 3060
f 3061 3217 3216
f 3062 3217 3061
f 3062 3218 3217
f 3063 3218 3062
f 3063 3219 3218
f 3064 3219 3063
f 3064 3220 3219
f 3065 3220 3064
f 3065 3221 3220
f 3066 3221 3065
f 3066 3222 3221
f 3067 3222 3066
f 3067 3223 3222
f 3068 3223 3067
f 3068 3224 3223
f 3069 3224 3068
f 3069 3225 3224
f 3070 3225 3069
f 3070 3226 3225
f 3071 3226 3070
f 3071 3227 3226
f 3072 3227 3071
f 3072 3228 3227
f 3073 3228 3072
f 3073 3229 3228
f 3075 3230 3074
f 3075 3231 3230
f 3076 3231 3075
f 3076 3232 3231
f 3077 3232 3076
f 3077 3233 3232
f 3078 3233 3077
f 3078 3234 3233
f 3079 3234 3078
f 3079 3235 3234
f 3080 3235 3079
f 3080 3236 3235
f 3081 3236 3080
f 3081 3237 3236
f 3082 3237 3081
f 3082 3238 3237
f 3083 3238 3082
f 3083 3239 3238
f 3084 3239 3083
f 3084 3240 3239
f 3085 3240 3084
f 3085 3241 3240
f 3086 3241 3085
f 3086 3242 3241
f 3087 3242 3086
f 3087 3243 3242
f 3088 3243 3087
f 3088 3244 3243
f 3089 3244 3088
f 3089 3245 3244
f 3090 3245 3089
f 3090 3246 3245
f 3091 3246 3090
f 3091 3247 3246
f 3092 3247 3091
f 3092 3248 3247
f 3093 3248 3092
f 3093 3249 3248
f 3094 3249 3093
f 3094 3250 3249
f 3095 3250 3094
f 3095 3251 3250
f 3096 3251 3095
f 3096 3252 3251
f 3097 3252 3096
f 3097 3253 3252
f 3098 3253 3097
f 3098 3254 3253
f 3099 3254 3098
f 3099 3255 3254
f 3100 3255 3099
f 3100 3256 3255
f 3101 3256 3100
f 3101 3257 3256
f 3102 3257 3101
f 3102 3258 3257
f 3103 3258 3102
f 3103 3259 3258
f 3104 3259 3103
f 3104 3260 3259
f 3105 3260 3104
f 3105 3261 3260
f 3106 3261 3105
f 3106 3262 3261
f 3107 3262 3106
f 3107 3263 3262
f 3108 3263 3107
f 3108 3264 3263
f 3109 3264 3108
f 3109 3265 3264
f 3110 3265 3109
f 3110 3266 3265
f 3111 3266 3110
f 3111 3267 3266
f 3112 3267 3111
f 3112 3268 3267
f 3113 3268 3112
f 3113 3269 3268
f 3114 3269 3113
f 3114 3270 3269
f 3115 3270 3114
f 3115 3271 3270
f 3116 3271 3115
f 3116 3272 3271
f 3117 3272 3116
f 3117 3273 3272
f 3118 3273 3117
f 3118 3274 3273
f 3119 3274 3118
f 3119 3275 3274
f 3120 3275 3119
f 3120 3276 3275
f 3121 3276 3120
f 3121 3277 3276
f 3122 3277 3121
f 3122 3278 3277
f 3123 3278 3122
f 3123 3279 3278
f 3124 3279 3123
f 3124 3280 3279
f 3125 3280 3124
f 3125 3281 3280
f 3126 3281 3125
f 3126 3282 3281
f 3127 3282 3126
f 3127 3283 3282
f 3128 3283 3127
f 3128 3284 3283
f 3129 3284 3128
f 3129 3285 3284
f 3130 3285 3129
f 3130 3286 3285
f 3131 3286 3130
f 3131 3287 3286
f 3132 3287 3131
f 3132 3288 3287
f 3133 3288 3132
f 3133 3289 3288
f 3134 3289 3133
f 3134 3290 3289
f 3135 3290 3134
f 3135 3291 3290
f 3136 3291 3135
f 3136 3292 3291
f 3137 3292 3136
f 3137 3293 3292
f 3138 3293 3137
f 3138 3294 3293
f 3139 3294 3138
f 3139 3295 3294
f 3140 3295 3139
f 3140 3296 3295
f 3141 3296 3140
f 3141 3297 3296
f 3142 3297 3141
f 3142 3298 3297
f 3143 3298 3142
f 3143 3299 3298
f 3144 3299 3143
f 3144 3300 3299
f 3145 3300 3144
f 3145 3301 3300
f 3146 3301 3145
f 3146 3302 3301
f 3147 3302 3146
f 3147 3303 3302
f 3148 3303 3147
f 3148 3304 3303
f 3149 3304 3148
f 3149 3305 3304
f 3150 3305 3149
f 3150 3306 3305
f 3151 3306 3150
f 3151 3307 3306
f 3152 3307 3151
f 3152 3308 3307
f 3153 3308 3152
f 3153 3309 3308
f 3154 3309 3153
f 3154 3310 3309
f 3155 3310 3154
f 3155 3311 3310
f 3156 3311 3155
f 3156 3312 3311
f 3157 3312 3156
f 3157 3313 3312
f 3158 3313 3157
f 3158 3314 3313
f 3159 3314 3158
f 3159 3315 3314
f 3160 3315 3159
f 3160 3316 3315
f 3161 3316 3160
f 3161 3317 3316
f 3162 3317 3161
f 3162 3318 3317
f 3163 3318 3162
f 3163 3319 3318
f 3164 3319 3163
f 3164 3320 3319
f 3165 3320 3164
f 3165 3321 3320
f 3166 3321 3165
f 3166 3322 3321
f 3167 3322 3166
f 3167 3323 3322
f 3168 3323 3167
f 3168 3324 3323
f 3169 3324 3168
f 3169 3325 3324
f 3170 3325 3169
f 3171 3326 3170
f 3171 3327 3326
f 3172 3327 3171
f 3172 3328 3327
f 3173 3328 3172
f 3173 3329 3328
f 3174 3329 3173
f 3174 3330 3329
f 3175 3330 3174
f 3175 3331 3330
f 3176 3331 3175
f 3176 3332 3331
f 3177 3332 3176
f 3177 3333 3332
f 3178 3333 3177
f 3178 3334 3333
f 3179 3334 3178
f 3179 3335 3334
f 3180 3335 3179
f 3180 3336 3335
f 3181 3336 3180
f 3181 3337 3336
f 3182 3337 3181
f 3182 3338 3337
f 3183 3338 3182
f 3183 3339 3338
f 3184 3339 3183
f 3184 3340 3339
f 3185 3340 3184
f 3185 3341 3340
f 3186 3341 3185
f 3186 3342 3341
f 3187 3342 3186
f 3187 3343 3342
f 3188 3343 3187
f 3188 3344 3343
f 3189 3344 3188
f 3189 3345 3344
f 3190 3345 3189
f 3190 3346 3345
f 3191 3346 3190
f 3191 3347 3346
f 3192 3347 3191
f 3192 3348 3347
f 3193 3348 3192
f 3193 3349 3348
f 3194 3349 3193
f 3194 3350 3349
f 3195 3350 3194
f 3195 3351 3350
f 3196 3351 3195
f 3196 3352 3351
f 3197 3352 3196
f 3197 3353 3352
f 3198 3353 3197
f 3198 3354 3353
f 3199 3354 3198
f 3199 3355 3354
f 3200 3355 3199
f 3200 3356 3355
f 3201 3356 3200
f 3201 3357 3356
f 3202 3357 3201
f 3202 3358 3357
f 3203 3358 3202
f 3203 3359 3358
f 3204 3359 3203
f 3204 3360 3359
f 3205 3360 3204
f 3205 3361 3360
f 3206 3361 3205
f 3206 3362 3361
f 3207 3362 3206
f 3207 3363 3362
f 3208 3363 3207
f 3208 3364 3363
f 3209 3364 3208
f 3209 3365 3364
f 3210 3365 3209
f 3210 3366 3365
f 3211 3366 3210
f 3211 3367 3366
f 3212 3367 3211
f 3212 3368 3367
f 3213 3368 3212
f 3213 3369 3368
f 3214 3369 3213
f 3214 3370 3369
f 3215 3370 3214
f 3215 3371 3370
f 3216 3371 3215
f 3216 3372 3371
f 3217 3372 3216
f 3217 3373 3372
f 3218 3373 3217
f 3218 3374 3373
f 3219 3374 3218
f 3219 3375 3374
f 3220 3375 3219
f 3220 3376 3375
f 3221 3376 3220
f 3221 3377 3376
f 3222 3377 3221
f 3222 3378 3377
f 3223 3378 3222
f 3223 3379 3378
f 3224 3379 3223
f 3224 3380 3379
f 3225 3380 3224
f 3225 3381 3380
f 3226 3381 3225
f 3226 3382 3381
f 3227 3382 3226
f 3227 3383 3382
f 3228 3383 3227
f 3228 3384 3383
f 3229 3384 3228
f 3229 3385 3384
f 3231 3387 3230
f 3231 3388 3387
f 3232 3388 3231
f 3232 3389 3388
f 3233 3389 3232
f 3233 3390 3389
f 3234 3390 3233
f 3234 3391 3390
f 3235 3391 3234
f 3235 3392 3391
f 3236 3392 3235
f 3236 3393 3392
f 3237 3393 3236
f 3237 3394 3393
f 3238 3394 3237
f 3238 3395 3394
f 3239 3395 3238
f 3239 3396 3395
f 3240 3396 3239
f 3240 3397 3396
f 3241 3397 3240
f 3241 3398 3397
f 3242 3398 3241
f 3242 3399 3398
f 3243 3399 3242
f 3243 3400 3399
f 3244 3400 3243
f 3244 3401 3400
f 3245 3401 3244
f 3245 3402 3401
f 3246 3402 3245
f 3246 3403 3402
f 3247 3403 3246
f 3247 3404 3403
f 3248 3404 3247
f 3248 3405 3404
f 3249 3405 3248
f 3249 3406 3405
f 3250 3406 3249
f 3250 3407 3406
f 3251 3407 3250
f 3251 3408 3407
f 3252 3408 3251
f 3252 3409 3408
f 3253 3409 3252
f 3253 3410 3409
f 3254 3410 3253
f 3254 3411 3410
f 3255 3411 3254
f 3255 3412 3411
f 3256 3412 3255
f 3256 3413 3412
f 3257 3413 3256
f 3257 3414 3413
f 3258 3414 3257
f 3258 3415 3414
f 3259 3415 3258
f 3259 3416 3415
f 3260 3416 3259
f 3260 3417 3416
f 3261 3417 3260
f 3261 3418 3417
f 3262 3418 3261
f 3262 3419 3418
f 3263 3419 3262
f 3263 3420 3419
f 3264 3420 3263
f 3264 3421 3420
f 3265 3421 3264
f 3265 3422 3421
f 3266 3422 3265
f 3266 3423 3422
f 3267 3423 3266
f 3267 3424 3423
f 3268 3424 3267
f 3268 3425 3424
f 3269 3425 3268
f 3269 3426 3425
f 3270 3426 3269
f 3270 3427 3426
f 3271 3427 3270
f 3271 3428 3427
f 3272 3428 3271
f 3272 3429 3428
f 3273 3429 3272
f 3273 3430 3429
f 3274 3430 3273
f 3274 3431 3430
f 3275 3431 3274
f 3275 3432 3431
f 3276 3432 3275
f 3276 3433 3432
f 3277 3433 3276
f 3277 3434 3433
f 3278 3434 3277
f 3278 3435 3434
f 3279 3435 3278
f 3279 3436 3435
f 3280 3436 3279
f 3280 3437 3436
f 3281 3437 3280
f 3281 3438 3437
f 3282 3438 3281
f 3282 3439 3438
f 3283 3439 3282
f 3283 3440 3439
f 3284 3440 3283
f 3284 3441 3440
f 3285 3441 3284
f 3285 3442 3441
f 3286 3442 3285
f 3286 3443 3442
f 3287 3443 3286
f 3287 3444 3443
f 3288 3444 3287
f 3288 3445 3444
f 3289 3445 3288
f 3289 3446 3445
f 3290 3446 3289
f 3290 3447 3446
f 3291 3447 3290
f 3291 3448 3447
f 3292 3448 3291
f 3292 3449 3448
f 3293 3449 3292
f 3293 3450 3449
f 3294 3450 3293
f 3294 3451 3450
f 3295 3451 3294
f 3295 3452 3451
f 3296 3452 3295
f 3296 3453 3452
f 3297 3453 3296
f 3297 3454 3453
f 3298 3454 3297
f 3298 3455 3454
f 3299 3455 3298
f 3299 3456 3455
f 3300 3456 3299
f 3300 3457 3456
f 3301 3457 3300
f 3301 3458 3457
f 3302 3458 3301
f 3302 3459 3458
f 3303 3459 3302
f 3303 3460 3459
f 3304 3460 3303
f 3304 3461 3460
f 3305 3461 3304
f 3305 3462 3461
f 3306 3462 3305
f 3306 3463 3462
f 3307 3463 3306
f 3307 3464 3463
f 3308 3464 3307
f 3308 3465 3464
f 3309 3465 3308
f 3309 3466 3465
f 3310 3466 3309
f 3310 3467 3466
f 3311 3467 3310
f 3311 3468 3467
f 3312 3468 3311
f 3312 3469 3468
f 3313 3469 3312
f 3313 3470 3469
f 3314 3470 3313
f 3314 3471 3470
f 3315 3471 3314
f 3315 3472 3471
f 3316 3472 3315
f 3316 3473 3472
f 3317 3473 3316
f 3317 3474 3473
f 3318 3474 3317
f 3318 3475 3474
f 3319 3475 3318
f 3319 3476 3475
f 3320 3476 3319
f 3320 3477 3476
f 3321 3477 3320
f 3321 3478 3477
f 3322 3478 3321
f 3322 3479 3478
f 3323 3479 3322
f 3323 3480 3479
f 3324 3480 3323
f 3324 3481 3480
f 3325 3481 3324
f 3325 3482 3481
f 3327 3483 3326
f 3327 3484 3483
f 3328 3484 3327
f 3328 3485 3484
f 3329 3485 3328
f 3329 3486 3485
f 3330 3486 3329
f 3330 3487 3486
f 3331 3487 3330
f 3331 3488 3487
f 3332 3488 3331
f 3332 3489 3488
f 3333 3489 3332
f 3333 3490 3489
f 3334 3490 3333
f 3334 3491 3490
f 3335 3491 3334
f 3335 3492 3491
f 3336 3492 3335
f 3336 3493 3492
f 3337 3493 3336
f 3337 3494 3493
f 3338 3494 3337
f 3338 3495 3494
f 3339 3495 3338
f 3339 3496 3495
f 3340 3496 3339
f 3340 3497 3496
f 3341 3497 3340
f 3341 3498 3497
f 3342 3498 3341
f 3342 3499 3498
f 3343 3499 3342
f 3343 3500 3499
f 3344 3500 3343
f 3344 3501 3500
f 3345 3501 3344
f 3345 3502 3501
f 3346 3502 3345
f 3346 3503 3502
f 3347 3503 3346
f 3347 3504 3503
f 3348 3504 3347
f 3348 3505 3504
f 3349 3505 3348
f 3349 3506 3505
f 3350 3506 3349
f 3350 3507 3506
f 3351 3507 3350
f 3351 3508 3507
f 3352 3508 3351
f 3352 3509 3508
f 3353 3509 3352
f 3353 3510 3509
f 3354 3510 3353
f 3354 3511 3510
f 3355 3511 3354
f 3355 3512 3511
f 3356 3512 3355
f 3356 3513 3512
f 3357 3513 3356
f 3357 3514 3513
f 3358 3514 3357
f 3358 3515 3514
f 3359 3515 3358
f 3359 3516 3515
f 3360 3516 3359
f 3360 3517 3516
f 3361 3517 3360
f 3361 3518 3517
f 3362 3518 3361
f 3362 3519 3518
f 3363 3519 3362
f 3363 3520 3519
f 3364 3520 3363
f 3364 3521 3520
f 3365 3521 3364
f 3365 3522 3521
f 3366 3522 3365
f 3366 3523 3522
f 3367 3523 3366
f 3367 3524 3523
f 3368 3524 3367
f 3368 3525 3524
f 3369 3525 3368
f 3369 3526 3525
f 3370 3526 3369
f 3370 3527 3526
f 3371 3527 3370
f 3371 3528 3527
f 3372 3528 3371
f 3372 3529 3528
f 3373 3529 3372
f 3373 3530 3529
f 3374 3530 3373
f 3374 3531 3530
f 3375 3531 3374
f 3375 3532 3531
f 3376 3532 3375
f 3376 3533 3532
f 3377 3533 3376
f 3377 3534 3533
f 3378 3534 3377
f 3378 3535 3534
f 3379 3535 3378
f 3379 3536 3535
f 3380 3536 3379
f 3380 3537 3536
f 3381 3537 3380
f 3381 3538 3537
f 3382 3538 3381
f 3382 3539 3538
f 3383 3539 3382
f 3383 3540 3539
f 3384 3540 3383
f 3384 3541 3540
f 3385 3541 3384
f 3385 3542 3541
f 3386 3542 3385
f 3386 3543 3542
f 3388 3544 3387
f 3388 3545 3544
f 3389 3545 3388
f 3389 3546 3545
f 3390 3546 3389
f 3390 3547 3546
f 3391 3547 3390
f 3391 3548 3547
f 3392 3548 3391
f 3392 3549 3548
f 3393 3549 3392
f 3393 3550 3549
f 3394 3550 3393
f 3394 3551 3550
f 3395 3551 3394
f 3395 3552 3551
f 3396 3552 3395
f 3396 3553 3552
f 3397 3553 3396
f 3397 3554 3553
f 3398 3554 3397
f 3398 3555 3554
f 3399 3555 3398
f 3399 3556 3555
f 3400 3556 3399
f 3400 3557 3556
f 3401 3557 3400
f 3401 3558 3557
f 3402 3558 3401
f 3402 3559 3558
f 3403 3559 3402
f 3403 3560 3559
f 3404 3560 3403
f 3404 3561 3560
f 3405 3561 3404
f 3405 3562 3561
f 3406 3562 3405
f 3406 3563 3562
f 3407 3563 3406
f 3407 3564 3563
f 3408 3564 3407
f 3408 3565 3564
f 3409 3565 3408
f 3409 3566 3565
f 3410 3566 3409
f 3410 3567 3566
f 3411 3567 3410
f 3411 3568 3567
f 3412 3568 3411
f 3412 3569 3568
f 3413 3569 3412
f 3413 3570 3569
f 3414 3570 3413
f 3414 3571 3570
f 3415 3571 3414
f 3415 3572 3571
f 3416 3572 3415
f 3416 3573 3572
f 3417 3573 3416
f 3417 3574 3573
f 3418 3574 3417
f 3418 3575 3574
f 3419 3575 3418
f 3419 3576 3575
f 3420 3576 3419
f 3420 3577 3576
f 3421 3577 3420
f 3421 3578 3577
f 3422 3578 3421
f 3422 3579 3578
f 3423 3579 3422
f 3423 3580 3579
f 3424 3580 3423
f 3424 3581 3580
f 3425 3581 3424
f 3425 3582 3581
f 3426 3582 3425
f 3426 3583 3582
f 3427 3583 3426
f 3427 3584 3583
f 3428 3584 3427
f 3428 3585 3584
f 3429 3585 3428
f 3429 3586 3585
f 3430 3586 3429
f 3430 3587 3586
f 3431 3587 3430
f 3431 3588 3587
f 3432 3588 3431
f 3432 3589 3588
f 3433 3589 3432
f 3433 3590 3589
f 3434 3590 3433
f 3434 3591 3590
f 3435 3591 3434
f 3435 3592 3591
f 3436 3592 3435
f 3436 3593 3592
f 3437 3593 3436
f 3437 3594 3593
f 3438 3594 3437
f 3438 3595 3594
f 3439 3595 3438
f 3439 3596 3595
f 3440 3596 3439
f 3440 3597 3596
f 3441 3597 3440
f 3441 3598 3597
f 3442 3598 3441
f 3442 3599 3598
f 3443 3599 3442
f 3443 3600 3599
f 3444 3600 3443
f 3444 3601 3600
f 3445 3601 3444
f 3446 3603 3602
f 3447 3603 3446
f 3447 3604 3603
f 3448 3604 3447
f 3448 3605 3604
f 3449 3605 3448
f 3449 3606 3605
f 3450 3606 3449
f 3450 3607 3606
f 3451 3607 3450
f 3451 3608 3607
f 3452 3608 3451
f 3452 3609 3608
f 3453 3609 3452
f 3453 3610 3609
f 3454 3610 3453
f 3454 3611 3610
f 3455 3611 3454
f 3455 3612 3611
f 3456 3612 3455
f 3456 3613 3612
f 3457 3613 3456
f 3457 3614 3613
f 3458 3614 3457
f 3458 3615 3614
f 3459 3615 3458
f 3459 3616 3615
f 3460 3616 3459
f 3460 3617 3616
f 3461 3617 3460
f 3461 3618 3617
f 3462 3618 3461
f 3462 3619 3618
f 3463 3619 3462
f 3463 3620 3619
f 3464 3620 3463
f 3464 3621 3620
f 3465 3621 3464
f 3465 3622 3621
f 3466 3622 3465
f 3466 3623 3622
f 3467 3623 3466
f 3467 3624 3623
f 3468 3624 3467
f 3468 3625 3624
f 3469 3625 3468
f 3469 3626 3625
f 3470 3626 3469
f 3470 3627 3626
f 3471 3627 3470
f 3471 3628 3627
f 3472 3628 3471
f 3472 3629 3628
f 3473 3629 3472
f 3473 3630 3629
f 3474 3630 3473
f 3474 3631 3630
f 3475 3631 3474
f 3475 3632 3631
f 3476 3632 3475
f 3476 3633 3632
f 3477 3633 3476
f 3477 3634 3633
f 3478 3634 3477
f 3478 3635 3634
f 3479 3635 3478
f 3479 3636 3635
f 3480 3636 3479
f 3480 3637 3636
f 3481 3637 3480
f 3481 3638 3637
f 3482 3638 3481
f 3482 3639 3638
f 3484 3640 3483
f 3484 3641 3640
f 3485 3641 3484
f 3485 3642 3641
f 3486 3642 3485
f 3486 3643 3642
f 3487 3643 3486
f 3487 3644 3643
f 3488 3644 3487
f 3488 3645 3644
f 3489 3645 3488
f 3489 3646 3645
f 3490 3646 3489
f 3490 3647 3646
f 3491 3647 3490
f 3491 3648 3647
f 3492 3648 3491
f 3492 3649 3648
f 3493 3649 3492
f 3493 3650 3649
f 3494 3650 3493
f 3494 3651 3650
f 3495 3651 3494
f 3495 3652 3651
f 3496 3652 3495
f 3496 3653 3652
f 3497 3653 3496
f 3497 3654 3653
f 3498 3654 3497
f 3498 3655 3654
f 3499 3655 3498
f 3499 3656 3655
f 3500 3656 3499
f 3500 3657 3656
f 3501 3657 3500
f 3501 3658 3657
f 3502 3658 3501
f 3502 3659 3658
f 3503 3659 3502
f 3503 3660 3659
f 3504 3660 3503
f 3504 3661 3660
f 3505 3661 3504
f 3505 3662 3661
f 3506 3662 3505
f 3506 3663 3662
f 3507 3663 3506
f 3507 3664 3663
f 3508 3664 3507
f 3508 3665 3664
f 3509 3665 3508
f 3509 3666 3665
f 3510 3666 3509
f 3510 3667 3666
f 3511 3667 3510
f 3511 3668 3667
f 3512 3668 3511
f 3512 3669 3668
f 3513 3669 3512
f 3513 3670 3669
f 3514 3670 3513
f 3514 3671 3670
f 3515 3671 3514
f 3515 3672 3671
f 3516 3672 3515
f 3516 3673 3672
f 3517 3673 3516
f 3517 3674 3673
f 3518 3674 3517
f 3518 3675 3674
f 3519 3675 3518
f 3519 3676 3675
f 3520 3676 3519
f 3520 3677 3676
f 3521 3677 3520
f 3521 3678 3677
f 3522 3678 3521
f 3522 3679 3678
f 3523 3679 3522
f 3523 3680 3679
f 3524 3680 3523
f 3524 3681 3680
f 3525 3681 3524
f 3525 3682 3681
f 3526 3682 3525
f 3526 3683 3682
f 3527 3683 3526
f 3527 3684 3683
f 3528 3684 3527
f 3528 3685 3684
f 3529 3685 3528
f 3529 3686 3685
f 3530 3686 3529
f 3530 3687 3686
f 3531 3687 3530
f 3531 3688 3687
f 3532 3688 3531
f 3532 3689 3688
f 3533 3689 3532
f 3533 3690 3689
f 3534 3690 3533
f 3534 3691 3690
f 3535 3691 3534
f 3535 3692 3691
f 3536 3692 3535
f 3536 3693 3692
f 3537 3693 3536
f 3537 3694 3693
f 3538 3694 3537
f 3538 3695 3694
f 3539 3695 3538
f 3539 3696 3695
f 3540 3696 3539
f 3540 3697 3696
f 3541 3697 3540
f 3541 3698 3697
f 3542 3698 3541
f 3542 3699 3698
f 3543 3699 3542
f 3543 3700 3699
f 3545 3701 3544
f 3545 3702 3701
f 3546 3702 3545
f 3546 3703 3702
f 3547 3703 3546
f 3547 3704 3703
f 3548 3704 3547
f 3548 3705 3704
f 3549 3705 3548
f 3549 3706 3705
f 3550 3706 3549
f 3550 3707 3706
f 3551 3707 3550
f 3551 3708 3707
f 3552 3708 3551
f 3552 3709 3708
f 3553 3709 3552
f 3553 3710 3709
f 3554 3710 3553
f 3554 3711 3710
f 3555 3711 3554
f 3555 3712 3711
f 3556 3712 3555
f 3556 3713 3712
f 3557 3713 3556
f 3557 3714 3713
f 3558 3714 3557
f 3558 3715 3714
f 3559 3715 3558
f 3559 3716 3715
f 3560 3716 3559
f 3560 3717 3716
f 3561 3717 3560
f 3561 3718 3717
f 3562 3718 3561
f 3562 3719 3718
f 3563 3719 3562
f 3563 3720 3719
f 3564 3720 3563
f 3564 3721 3720
f 3565 3721 3564
f 3565 3722 3721
f 3566 3722 3565
f 3566 3723 3722
f 3567 3723 3566
f 3567 3724 3723
f 3568 3724 3567
f 3568 3725 3724
f 3569 3725 3568
f 3569 3726 3725
f 3570 3726 3569
f 3570 3727 3726
f 3571 3727 3570
f 3571 3728 3727
f 3572 3728 3571
f 3572 3729 3728
f 3573 3729 3572
f 3573 3730 3729
f 3574 3730 3573
f 3574 3731 3730
f 3575 3731 3574
f 3575 3732 3731
f 3576 3732 3575
f 3576 3733 3732
f 3577 3733 3576
f 3577 3734 3733
f 3578 3734 3577
f 3578 3735 3734
f 3579 3735 3578
f 3579 3736 3735
f 3580 3736 3579
f 3580 3737 3736
f 3581 3737 3580
f 3581 3738 3737
f 3582 3738 3581
f 3582 3739 3738
f 3583 3739 3582
f 3583 3740 3739
f 3584 3740 3583
f 3584 3741 3740
f 3585 3741 3584
f 3585 3742 3741
f 3586 3742 3585
f 3586 3743 3742
f 3587 3743 3586
f 3587 3744 3743
f 3588 3744 3587
f 3588 3745 3744
f 3589 3745 3588
f 3589 3746 3745
f 3590 3746 3589
f 3590 3747 3746
f 3591 3747 3590
f 3591 3748 3747
f 3592 3748 3591
f 3592 3749 3748
f 3593 3749 3592
f 3593 3750 3749
f 3594 3750 3593
f 3594 3751 3750
f 3595 3751 3594
f 3595 3752 3751
f 3596 3752 3595
f 3596 3753 3752
f 3597 3753 3596
f 3597 3754 3753
f 3598 3754 3597
f 3598 3755 3754
f 3599 3755 3598
f 3599 3756 3755
f 3600 3756 3599
f 3600 3757 3756
f 3601 3757 3600
f 3601 3758 3757
f 3602 3758 3601
f 3602 3759 3758
f 3603 3759 3602
f 3603 3760 3759
f 3604 3760 3603
f 3604 3761 3760
f 3605 3761 3604
f 3605 3762 3761
f 3609 3766 3765
f 3610 3766 3609
f 3610 3767 3766
f 3611 3767 3610
f 3611 3768 3767
f 3612 3768 3611
f 3612 3769 3768
f 3613 3769 3612
f 3613 3770 3769
f 3614 3770 3613
f 3614 3771 3770
f 3615 3771 3614
f 3615 3772 3771
f 3616 3772 3615
f 3616 3773 3772
f 3617 3773 3616
f 3617 3774 3773
f 3618 3774 3617
f 3618 3775 3774
f 3619 3775 3618
f 3619 3776 3775
f 3620 3776 3619
f 3620 3777 3776
f 3621 3777 3620
f 3621 3778 3777
f 3622 3778 3621
f 3622 3779 3778
f 3623 3779 3622
f 3623 3780 3779
f 3624 3780 3623
f 3624 3781 3780
f 3625 3781 3624
f 3625 3782 3781
f 3626 3782 3625
f 3626 3783 3782
f 3627 3783 3626
f 3627 3784 3783
f 3628 3784 3627
f 3628 3785 3784
f 3629 3785 3628
f 3629 3786 3785
f 3630 3786 3629
f 3630 3787 3786
f 3631 3787 3630
f 3631 3788 3787
f 3632 3788 3631
f 3632 3789 3788
f 3633 3789 3632
f 3633 3790 3789
f 3634 3790 3633
f 3634 3791 3790
f 3635 3791 3634
f 3635 3792 3791
f 3636 3792 3635
f 3636 3793 3792
f 3637 3793 3636
f 3637 3794 3793
f 3638 3794 3637
f 3638 3795 3794
f 3639 3795 3638
f 3639 3796 3795
f 3641 3797 3640
f 3641 3798 3797
f 3642 3798 3641
f 3642 3799 3798
f 3643 3799 3642
f 3643 3800 3799
f 3644 3800 3643
f 3644 3801 3800
f 3645 3801 3644
f 3645 3802 3801
f 3646 3802 3645
f 3646 3803 3802
f 3647 3803 3646
f 3647 3804 3803
f 3648 3804 3647
f 3648 3805 3804
f 3649 3805 3648
f 3649 3806 3805
f 3650 3806 3649
f 3650 3807 3806
f 3651 3807 3650
f 3651 3808 3807
f 3652 3808 3651
f 3652 3809 3808
f 3653 3809 3652
f 3653 3810 3809
f 3654 3810 3653
f 3654 3811 3810
f 3655 3811 3654
f 3655 3812 3811
f 3656 3812 3655
f 3656 3813 3812
f 3657 3813 3656
f 3657 3814 3813
f 3658 3814 3657
f 3658 3815 3814
f 3659 3815 3658
f 3659 3816 3815
f 3660 3816 3659
f 3660 3817 3816
f 3661 3817 3660
f 3661 3818 3817
f 3662 3818 3661
f 3662 3819 3818
f 3663 3819 3662
f 3663 3820 3819
f 3664 3820 3663
f 3664 3821 3820
f 3665 3821 3664
f 3665 3822 3821
f 3666 3822 3665
f 3666 3823 3822
f 3667 3823 3666
f 3667 3824 3823
f 3668 3824 3667
f 3668 3825 3824
f 3669 3825 3668
f 3669 3826 3825
f 3670 3826 3669
f 3670 3827 3826
f 3671 3827 3670
f 3671 3828 3827
f 3672 3828 3671
f 3672 3829 3828
f 3673 3829 3672
f 3673 3830 3829
f 3674 3830 3673
f 3674 3831 3830
f 3675 3831 3674
f 3675 3832 3831
f 3676 3832 3675
f 3676 3833 3832
f 3677 3833 3676
f 3677 3834 3833
f 3678 3834 3677
f 3678 3835 3834
f 3679 3835 3678
f 3679 3836 3835
f 3680 3836 3679
f 3680 3837 3836
f 3681 3837 3680
f 3681 3838 3837
f 3682 3838 3681
f 3682 3839 3838
f 3683 3839 3682
f 3683 3840 3839
f 3684 3840 3683
f 3684 3841 3840
f 3685 3841 3684
f 3685 3842 3841
f 3686 3842 3685
f 3686 3843 3842
f 3687 3843 3686
f 3687 3844 3843
f 3688 3844 3687
f 3688 3845 3844
f 3689 3845 3688
f 3689 3846 3845
f 3690 3846 3689
f 3690 3847 3846
f 3691 3847 3690
f 3691 3848 3847
f 3692 3848 3691
f 3692 3849 3848
f 3693 3849 3692
f 3693 3850 3849
f 3694 3850 3693
f 3694 3851 3850
f 3695 3851 3694
f 3695 3852 3851
f 3696 3852 3695
f 3696 3853 3852
f 3697 3853 3696
f 3697 3854 3853
f 3698 3854 3697
f 3698 3855 3854
f 3699 3855 3698
f 3699 3856 3855
f 3700 3856 3699
f 3700 3857 3856
f 3702 3858 3701
f 3702 3859 3858
f 3703 3859 3702
f 3703 3860 3859
f 3704 3860 3703
f 3704 3861 3860
f 3705 3861 3704
f 3705 3862 3861
f 3706 3862 3705
f 3706 3863 3862
f 3707 3863 3706
f 3707 3864 3863
f 3708 3864 3707
f 3708 3865 3864
f 3709 3865 3708
f 3709 3866 3865
f 3710 3866 3709
f 3710 3867 3866
f 3711 3867 3710
f 3711 3868 3867
f 3712 3868 3711
f 3712 3869 3868
f 3713 3869 3712
f 3713 3870 3869
f 3714 3870 3713
f 3714 3871 3870
f 3715 3871 3714
f 3715 3872 3871
f 3716 3872 3715
f 3716 3873 3872
f 3717 3873 3716
f 3717 3874 3873
f 3718 3874 3717
f 3718 3875 3874
f 3719 3875 3718
f 3719 3876 3875
f 3720 3876 3719
f 3720 3877 3876
f 3721 3877 3720
f 3721 3878 3877
f 3722 3878 3721
f 3722 3879 3878
f 3723 3879 3722
f 3723 3880 3879
f 3724 3880 3723
f 3724 3881 3880
f 3725 3881 3724
f 3725 3882 3881
f 3726 3882 3725
f 3726 3883 3882
f 3727 3883 3726
f 3727 3884 3883
f 3728 3884 3727
f 3728 3885 3884
f 3729 3885 3728
f 3729 3886 3885
f 3730 3886 3729
f 3730 3887 3886
f 3731 3887 3730
f 3731 3888 3887
f 3732 3888 3731
f 3732 3889 3888
f 3733 3889 3732
f 3733 3890 3889
f 3734 3890 3733
f 3734 3891 3890
f 3735 3891 3734
f 3735 3892 3891
f 3736 3892 3735
f 3736 3893 3892
f 3737 3893 3736
f 3737 3894 3893
f 3738 3894 3737
f 3738 3895 3894
f 3739 3895 3738
f 3739 3896 3895
f 3740 3896 3739
f 3740 3897 3896
f 3741 3897 3740
f 3741 3898 3897
f 3742 3898 3741
f 3742 3899 3898
f 3743 3899 3742
f 3743 3900 3899
f 3744 3900 3743
f 3744 3901 3900
f 3745 3901 3744
f 3745 3902 3901
f 3746 3902 3745
f 3746 3903 3902
f 3747 3903 3746
f 3747 3904 3903
f 3748 3904 3747
f 3748 3905 3904
f 3749 3905 3748
f 3749 3906 3905
f 3750 3906 3749
f 3750 3907 3906
f 3751 3907 3750
f 3751 3908 3907
f 3752 3908 3751
f 3752 3909 3908
f 3753 3909 3752
f 3753 3910 3909
f 3754 3910 3753
f 3754 3911 3910
f 3755 3911 3754
f 3755 3912 3911
f 3756 3912 3755
f 3756 3913 3912
f 3757 3913 3756
f 3757 3914 3913
f 3758 3914 3757
f 3758 3915 3914
f 3759 3915 3758
f 3759 3916 3915
f 3760 3916 3759
f 3760 3917 3916
f 3761 3917 3760
f 3761 3918 3917
f 3762 3918 3761
f 3762 3919 3918
f 3763 3919 3762
f 3763 3920 3919
f 3764 3920 3763
f 3764 3921 3920
f 3765 3921 3764
f 3765 3922 3921
f 3766 3922 3765
f 3766 3923 3922
f 3767 3923 3766
f 3767 3924 3923
f 3768 3924 3767
f 3768 3925 3924
f 3769 3925 3768
f 3769 3926 3925
f 3770 3926 3769
f 3770 3927 3926
f 3771 3927 3770
f 3771 3928 3927
f 3772 3928 3771
f 3772 3929 3928
f 3773 3929 3772
f 3773 3930 3929
f 3774 3930 3773
f 3774 3931 3930
f 3775 3931 3774
f 3775 3932 3931
f 3776 3932 3775
f 3776 3933 3932
f 3777 3933 3776
f 3777 3934 3933
f 3778 3934 3777
f 3778 3935 3934
f 3779 3935 3778
f 3779 3936 3935
f 3780 3936 3779
f 3780 3937 3936
f 3781 3937 3780
f 3781 3938 3937
f 3782 3938 3781
f 3782 3939 3938
f 3783 3939 3782
f 3783 3940 3939
f 3784 3940 3783
f 3784 3941 3940
f 3785 3941 3784
f 3785 3942 3941
f 3786 3942 3785
f 3786 3943 3942
f 3787 3943 3786
f 3787 3944 3943
f 3788 3944 3787
f 3788 3945 3944
f 3789 3945 3788
f 3789 3946 3945
f 3790 3946 3789
f 3790 3947 3946
f 3791 3947 3790
f 3791 3948 3947
f 3792 3948 3791
f 3792 3949 3948
f 3793 3949 3792
f 3793 3950 3949
f 3794 3950 3793
f 3794 3951 3950
f 3795 3951 3794
f 3795 3952 3951
f 3796 3952 3795
f 3796 3953 3952
f 3799 3955 3798
f 3799 3956 3955
f 3800 3956 3799
f 3800 3957 3956
f 3801 3957 3800
f 3801 3958 3957
f 3802 3958 3801
f 3802 3959 3958
f 3803 3959 3802
f 3803 3960 3959
f 3804 3960 3803
f 3804 3961 3960
f 3805 3961 3804
f 3805 3962 3961
f 3806 3962 3805
f 3806 3963 3962
f 3807 3963 3806
f 3807 3964 3963
f 3808 3964 3807
f 3808 3965 3964
f 3809 3965 3808
f 3809 3966 3965
f 3810 3966 3809
f 3810 3967 3966
f 3811 3967 3810
f 3811 3968 3967
f 3812 3968 3811
f 3812 3969 3968
f 3813 3969 3812
f 3813 3970 3969
f 3814 3970 3813
f 3814 3971 3970
f 3815 3971 3814
f 3815 3972 3971
f 3816 3972 3815
f 3816 3973 3972
f 3817 3973 3816
f 3817 3974 3973
f 3818 3974 3817
f 3818 3975 3974
f 3819 3975 3818
f 3819 3976 3975
f 3820 3976 3819
f 3820 3977 3976
f 3821 3977 3820
f 3821 3978 3977
f 3822 3978 3821
f 3822 3979 3978
f 3823 3979 3822
f 3823 3980 3979
f 3824 3980 3823
f 3824 3981 3980
f 3825 3981 3824
f 3825 3982 3981
f 3826 3982 3825
f 3826 3983 3982
f 3827 3983 3826
f 3827 3984 3983
f 3828 3984 3827
f 3828 3985 3984
f 3829 3985 3828
f 3829 3986 3985
f 3830 3986 3829
f 3830 3987 3986
f 3831 3987 3830
f 3831 3988 3987
f 3832 3988 3831
f 3832 3989 3988
f 3833 3989 3832
f 3833 3990 3989
f 3834 3990 3833
f 3834 3991 3990
f 3835 3991 3834
f 3835 3992 3991
f 3836 3992 3835
f 3836 3993 3992
f 3837 3993 3836
f 3837 3994 3993
f 3838 3994 3837
f 3838 3995 3994
f 3839 3995 3838
f 3839 3996 3995
f 3840 3996 3839
f 3840 3997 3996
f 3841 3997 3840
f 3841 3998 3997
f 3842 3998 3841
f 3842 3999 3998
f 3843 3999 3842
f 3843 4000 3999
f 3844 4000 3843
f 3844 4001 4000
f 3845 4001 3844
f 3845 4002 4001
f 3846 4002 3845
f 3846 4003 4002
f 3847 4003 3846
f 3847 4004 4003
f 3848 4004 3847
f 3848 4005 4004
f 3849 4005 3848
f 3849 4006 4005
f 3850 4006 3849
f 3850 4007 4006
f 3851 4007 3850
f 3851 4008 4007
f 3852 4008 3851
f 3852 4009 4008
f 3853 4009 3852
f 3853 4010 4009
f 3854 4010 3853
f 3854 4011 4010
f 3855 4011 3854
f 3855 4012 4011
f 3856 4012 3855
f 3856 4013 4012
f 3857 4013 3856
f 3857 4014 4013
f 3859 4015 3858
f 3859 4016 4015
f 3860 4016 3859
f 3860 4017 4016
f 3861 4017 3860
f 3861 4018 4017
f 3862 4018 3861
f 3862 4019 4018
f 3863 4019 3862
f 3863 4020 4019
f 3864 4020 3863
f 3864 4021 4020
f 3865 4021 3864
f 3865 4022 4021
f 3866 4022 3865
f 3866 4023 4022
f 3867 4023 3866
f 3867 4024 4023
f 3868 4024 3867
f 3868 4025 4024
f 3869 4025 3868
f 3869 4026 4025
f 3870 4026 3869
f 3870 4027 4026
f 3871 4027 3870
f 3871 4028 4027
f 3872 4028 3871
f 3872 4029 4028
f 3873 4029 3872
f 3873 4030 4029
f 3874 4030 3873
f 3874 4031 4030
f 3875 4031 3874
f 3875 4032 4031
f 3876 4032 3875
f 3876 4033 4032
f 3877 4033 3876
f 3877 4034 4033
f 3878 4034 3877
f 3878 4035 4034
f 3879 4035 3878
f 3879 4036 4035
f 3880 4036 3879
f 3880 4037 4036
f 3881 4037 3880
f 3881 4038 4037
f 3882 4038 3881
f 3882 4039 4038
f 3883 4039 3882
f 3883 4040 4039
f 3884 4040 3883
f 3884 4041 4040
f 3885 4041 3884
f 3885 4042 4041
f 3886 4042 3885
f 3886 4043 4042
f 3887 4043 3886
f 3887 4044 4043
f 3888 4044 3887
f 3888 4045 4044
f 3889 4045 3888
f 3889 4046 4045
f 3890 4046 3889
f 3890 4047 4046
f 3891 4047 3890
f 3891 4048 4047
f 3892 4048 3891
f 3892 4049 4048
f 3893 4049 3892
f 3893 4050 4049
f 3894 4050 3893
f 3894 4051 4050
f 3895 4051 3894
f 3895 4052 4051
f 3896 4052 3895
f 3896 4053 4052
f 3897 4053 3896
f 3897 4054 4053
f 3898 4054 3897
f 3898 4055 4054
f 3899 4055 3898
f 3899 4056 4055
f 3900 4056 3899
f 3900 4057 4056
f 3901 4057 3900
f 3901 4058 4057
f 3902 4058 3901
f 3902 4059 4058
f 3903 4059 3902
f 3903 4060 4059
f 3904 4060 3903
f 3904 4061 4060
f 3905 4061 3904
f 3905 4062 4061
f 3906 4062 3905
f 3906 4063 4062
f 3907 4063 3906
f 3907 4064 4063
f 3908 4064 3907
f 3908 4065 4064
f 3909 4065 3908
f 3909 4066 4065
f 3910 4066 3909
f 3910 4067 4066
f 3911 4067 3910
f 3911 4068 4067
f 3912 4068 3911
f 3912 4069 4068
f 3913 4069 3912
f 3913 4070 4069
f 3914 4070 3913
f 3914 4071 4070
f 3915 4071 3914
f 3915 4072 4071
f 3916 4072 3915
f 3916 4073 4072
f 3917 4073 3916
f 3917 4074 4073
f 3918 4074 3917
f 3918 4075 4074
f 3919 4075 3918
f 3919 4076 4075
f 3920 4076 3919
f 3920 4077 4076
f 3921 4077 3920
f 3921 4078 4077
f 3922 4078 3921
f 3922 4079 4078
f 3923 4079 3922
f 3923 4080 4079
f 3924 4080 3923
f 3924 4081 4080
f 3925 4081 3924
f 3925 4082 4081
f 3926 4082 3925
f 3926 4083 4082
f 3927 4083 3926
f 3927 4084 4083
f 3928 4084 3927
f 3928 4085 4084
f 3929 4085 3928
f 3929 4086 4085
f 3930 4086 3929
f 3930 4087 4086
f 3931 4087 3930
f 3931 4088 4087
f 3932 4088 3931
f 3932 4089 4088
f 3933 4089 3932
f 3933 4090 4089
f 3934 4090 3933
f 3934 4091 4090
f 3935 4091 3934
f 3935 4092 4091
f 3936 4092 3935
f 3936 4093 4092
f 3937 4093 3936
f 3937 4094 4093
f 3938 4094 3937
f 3938 4095 4094
f 3939 4095 3938
f 3939 4096 4095
f 3940 4096 3939
f 3940 4097 4096
f 3941 4097 3940
f 3941 4098 4097
f 3942 4098 3941
f 3942 4099 4098
f 3943 4099 3942
f 3943 4100 4099
f 3944 4100 3943
f 3944 4101 4100
f 3945 4101 3944
f 3945 4102 4101
f 3946 4102 3945
f 3946 4103 4102
f 3947 4103 3946
f 3947 4104 4103
f 3948 4104 3947
f 3948 4105 4104
f 3949 4105 3948
f 3949 4106 4105
f 3950 4106 3949
f 3950 4107 4106
f 3951 4107 3950
f 3951 4108 4107
f 3952 4108 3951
f 3952 4109 4108
f 3953 4109 3952
f 3953 4110 4109
f 3954 4110 3953
f 3954 4111 4110
f 3959 4116 4115
f 3960 4116 3959
f 3960 4117 4116
f 3961 4117 3960
f 3961 4118 4117
f 3962 4118 3961
f 3962 4119 4118
f 3963 4119 3962
f 3963 4120 4119
f 3964 4120 3963
f 3964 4121 4120
f 3965 4121 3964
f 3965 4122 4121
f 3966 4122 3965
f 3966 4123 4122
f 3967 4123 3966
f 3967 4124 4123
f 3968 4124 3967
f 3968 4125 4124
f 3969 4125 3968
f 3969 4126 4125
f 3970 4126 3969
f 3970 4127 4126
f 3971 4127 3970
f 3971 4128 4127
f 3972 4128 3971
f 3972 4129 4128
f 3973 4129 3972
f 3973 4130 4129
f 3974 4130 3973
f 3974 4131 4130
f 3975 4131 3974
f 3975 4132 4131
f 3976 4132 3975
f 3976 4133 4132
f 3977 4133 3976
f 3977 4134 4133
f 3978 4134 3977
f 3978 4135 4134
f 3979 4135 3978
f 3979 4136 4135
f 3980 4136 3979
f 3980 4137 4136
f 3981 4137 3980
f 3981 4138 4137
f 3982 4138 3981
f 3982 4139 4138
f 3983 4139 3982
f 3983 4140 4139
f 3984 4140 3983
f 3984 4141 4140
f 3985 4141 3984
f 3985 4142 4141
f 3986 4142 3985
f 3986 4143 4142
f 3987 4143 3986
f 3987 4144 4143
f 3988 4144 3987
f 3988 4145 4144
f 3989 4145 3988
f 3989 4146 4145
f 3990 4146 3989
f 3990 4147 4146
f 3991 4147 3990
f 3991 4148 4147
f 3992 4148 3991
f 3992 4149 4148
f 3993 4149 3992
f 3993 4150 4149
f 3994 4150 3993
f 3994 4151 4150
f 3995 4151 3994
f 3995 4152 4151
f 3996 4152 3995
f 3996 4153 4152
f 3997 4153 3996
f 3997 4154 4153
f 3998 4154 3997
f 3998 4155 4154
f 3999 4155 3998
f 3999 4156 4155
f 4000 4156 3999
f 4000 4157 4156
f 4001 4157 4000
f 4001 4158 4157
f 4002 4158 4001
f 4002 4159 4158
f 4003 4159 4002
f 4003 4160 4159
f 4004 4160 4003
f 4004 4161 4160
f 4005 4161 4004
f 4005 4162 4161
f 4006 4162 4005
f 4006 4163 4162
f 4007 4163 4006
f 4007 4164 4163
f 4008 4164 4007
f 4008 4165 4164
f 4009 4165 4008
f 4009 4166 4165
f 4010 4166 4009
f 4010 4167 4166
f 4011 4167 4010
f 4011 4168 4167
f 4012 4168 4011
f 4012 4169 4168
f 4013 4169 4012
f 4013 4170 4169
f 4014 4170 4013
f 4014 4171 4170
f 4016 4172 4015
f 4016 4173 4172
f 4017 4173 4016
f 4017 4174 4173
f 4018 4174 4017
f 4018 4175 4174
f 4019 4175 4018
f 4019 4176 4175
f 4020 4176 4019
f 4020 4177 4176
f 4021 4177 4020
f 4021 4178 4177
f 4022 4178 4021
f 4022 4179 4178
f 4023 4179 4022
f 4023 4180 4179
f 4024 4180 4023
f 4024 4181 4180
f 4025 4181 4024
f 4025 4182 4181
f 4026 4182 4025
f 4026 4183 4182
f 4027 4183 4026
f 4027 4184 4183
f 4028 4184 4027
f 4028 4185 4184
f 4029 4185 4028
f 4029 4186 4185
f 4030 4186 4029
f 4030 4187 4186
f 4031 4187 4030
f 4031 4188 4187
f 4032 4188 4031
f 4032 4189 4188
f 4033 4189 4032
f 4033 4190 4189
f 4034 4190 4033
f 4034 4191 4190
f 4035 4191 4034
f 4035 4192 4191
f 4036 4192 4035
f 4036 4193 4192
f 4037 4193 4036
f 4037 4194 4193
f 4038 4194 4037
f 4038 4195 4194
f 4039 4195 4038
f 4039 4196 4195
f 4040 4196 4039
f 4040 4197 4196
f 4041 4197 4040
f 4041 4198 4197
f 4042 4198 4041
f 4042 4199 4198
f 4043 4199 4042
f 4043 4200 4199
f 4044 4200 4043
f 4044 4201 4200
f 4045 4201 4044
f 4045 4202 4201
f 4046 4202 4045
f 4046 4203 4202
f 4047 4203 4046
f 4047 4204 4203
f 4048 4204 4047
f 4048 4205 4204
f 4049 4205 4048
f 4049 4206 4205
f 4050 4206 4049
f 4050 4207 4206
f 4051 4207 4050
f 4051 4208 4207
f 4052 4208 4051
f 4052 4209 4208
f 4053 4209 4052
f 4053 4210 4209
f 4054 4210 4053
f 4054 4211 4210
f 4055 4211 4054
f 4055 4212 4211
f 4056 4212 4055
f 4056 4213 4212
f 4057 4213 4056
f 4057 4214 4213
f 4058 4214 4057
f 4058 4215 4214
f 4059 4215 4058
f 4059 4216 4215
f 4060 4216 4059
f 4060 4217 4216
f 4061 4217 4060
f 4061 4218 4217
f 4062 4218 4061
f 4062 4219 4218
f 4063 4219 4062
f 4063 4220 4219
f 4064 4220 4063
f 4064 4221 4220
f 4065 4221 4064
f 4065 4222 4221
f 4066 4222 4065
f 4066 4223 4222
f 4067 4223 4066
f 4067 4224 4223
f 4068 4224 4067
f 4068 4225 4224
f 4069 4225 4068
f 4069 4226 4225
f 4070 4226 4069
f 4070 4227 4226
f 4071 4227 4070
f 4071 4228 4227
f 4072 4228 4071
f 4072 4229 4228
f 4073 4229 4072
f 4073 4230 4229
f 4074 4230 4073
f 4074 4231 4230
f 4075 4231 4074
f 4075 4232 4231
f 4076 4232 4075
f 4076 4233 4232
f 4077 4233 4076
f 4077 4234 4233
f 4078 4234 4077
f 4078 4235 4234
f 4079 4235 4078
f 4079 4236 4235
f 4080 4236 4079
f 4080 4237 4236
f 4081 4237 4080
f 4081 4238 4237
f 4082 4238 4081
f 4082 4239 4238
f 4083 4239 4082
f 4083 4240 4239
f 4084 4240 4083
f 4084 4241 4240
f 4085 4241 4084
f 4085 4242 4241
f 4086 4242 4085
f 4086 4243 4242
f 4087 4243 4086
f 4087 4244 4243
f 4088 4244 4087
f 4088 4245 4244
f 4089 4245 4088
f 4089 4246 4245
f 4090 4246 4089
f 4090 4247 4246
f 4091 4247 4090
f 4091 4248 4247
f 4092 4248 4091
f 4092 4249 4248
f 4093 4249 4092
f 4093 4250 4249
f 4094 4250 4093
f 4094 4251 4250
f 4095 4251 4094
f 4095 4252 4251
f 4096 4252 4095
f 4096 4253 4252
f 4097 4253 4096
f 4097 4254 4253
f 4098 4254 4097
f 4098 4255 4254
f 4099 4255 4098
f 4099 4256 4255
f 4100 4256 4099
f 4100 4257 4256
f 4101 4257 4100
f 4101 4258 4257
f 4102 4258 4101
f 4102 4259 4258
f 4103 4259 4102
f 4103 4260 4259
f 4104 4260 4103
f 4104 4261 4260
f 4105 4261 4104
f 4105 4262 4261
f 4106 4262 4105
f 4106 4263 4262
f 4107 4263 4106
f 4107 4264 4263
f 4108 4264 4107
f 4108 4265 4264
f 4109 4265 4108
f 4109 4266 4265
f 4110 4266 4109
f 4110 4267 4266
f 4111 4267 4110
f 4111 4268 4267
f 4112 4268 4111
f 4112 4269 4268
f 4113 4269 4112
f 4113 4270 4269
f 4114 4270 4113
f 4114 4271 4270
f 4115 4271 4114
f 4115 4272 4271
f 4116 4272 4115
f 4116 4273 4272
f 4117 4273 4116
f 4117 4274 4273
f 4118 4274 4117
f 4118 4275 4274
f 4119 4275 4118
f 4119 4276 4275
f 4120 4276 4119
f 4120 4277 4276
f 4121 4277 4120
f 4121 4278 4277
f 4122 4278 4121
f 4122 4279 4278
f 4123 4279 4122
f 4123 4280 4279
f 4124 4280 4123
f 4124 4281 4280
f 4125 4281 4124
f 4125 4282 4281
f 4126 4282 4125
f 4126 4283 4282
f 4127 4283 4126
f 4127 4284 4283
f 4128 4284 4127
f 4128 4285 4284
f 4129 4285 4128
f 4129 4286 4285
f 4130 4286 4129
f 4130 4287 4286
f 4131 4287 4130
f 4131 4288 4287
f 4132 4288 4131
f 4132 4289 4288
f 4133 4289 4132
f 4133 4290 4289
f 4134 4290 4133
f 4134 4291 4290
f 4135 4291 4134
f 4135 4292 4291
f 4136 4292 4135
f 4136 4293 4292
f 4137 4293 4136
f 4137 4294 4293
f 4138 4294 4137
f 4138 4295 4294
f 4139 4295 4138
f 4139 4296 4295
f 4140 4296 4139
f 4140 4297 4296
f 4141 4297 4140
f 4141 4298 4297
f 4142 4298 4141
f 4142 4299 4298
f 4143 4299 4142
f 4143 4300 4299
f 4144 4300 4143
f 4144 4301 4300
f 4145 4301 4144
f 4145 4302 4301
f 4146 4302 4145
f 4146 4303 4302
f 4147 4303 4146
f 4147 4304 4303
f 4148 4304 4147
f 4148 4305 4304
f 4149 4305 4148
f 4149 4306 4305
f 4150 4306 4149
f 4150 4307 4306
f 4151 4307 4150
f 4151 4308 4307
f 4152 4308 4151
f 4152 4309 4308
f 4153 4309 4152
f 4153 4310 4309
f 4154 4310 4153
f 4154 4311 4310
f 4155 4311 4154
f 4155 4312 4311
f 4156 4312 4155
f 4156 4313 4312
f 4157 4313 4156
f 4157 4314 4313
f 4158 4314 4157
f 4158 4315 4314
f 4159 4315 4158
f 4159 4316 4315
f 4160 4316 4159
f 4160 4317 4316
f 4161 4317 4160
f 4161 4318 4317
f 4162 4318 4161
f 4162 4319 4318
f 4163 4319 4162
f 4163 4320 4319
f 4164 4320 4163
f 4164 4321 4320
f 4165 4321 4164
f 4165 4322 4321
f 4166 4322 4165
f 4166 4323 4322
f 4167 4323 4166
f 4167 4324 4323
f 4168 4324 4167
f 4168 4325 4324
f 4169 4325 4168
f 4169 4326 4325
f 4170 4326 4169
f 4170 4327 4326
f 4171 4327 4170
f 4171 4328 4327
f 4173 4329 4172
f 4173 4330 4329
f 4174 4330 4173
f 4174 4331 4330
f 4175 4331 4174
f 4175 4332 4331
f 4176 4332 4175
f 4176 4333 4332
f 4177 4333 4176
f 4177 4334 4333
f 4178 4334 4177
f 4178 4335 4334
f 4179 4335 4178
f 4179 4336 4335
f 4180 4336 4179
f 4180 4337 4336
f 4181 4337 4180
f 4181 4338 4337
f 4182 4338 4181
f 4182 4339 4338
f 4183 4339 4182
f 4183 4340 4339
f 4184 4340 4183
f 4184 4341 4340
f 4185 4341 4184
f 4185 4342 4341
f 4186 4342 4185
f 4186 4343 4342
f 4187 4343 4186
f 4187 4344 4343
f 4188 4344 4187
f 4188 4345 4344
f 4189 4345 4188
f 4189 4346 4345
f 4190 4346 4189
f 4190 4347 4346
f 4191 4347 4190
f 4191 4348 4347
f 4192 4348 4191
f 4192 4349 4348
f 4193 4349 4192
f 4193 4350 4349
f 4194 4350 4193
f 4194 4351 4350
f 4195 4351 4194
f 4195 4352 4351
f 4196 4352 4195
f 4196 4353 4352
f 4197 4353 4196
f 4197 4354 4353
f 4198 4354 4197
f 4198 4355 4354
f 4199 4355 4198
f 4199 4356 4355
f 4200 4356 4199
f 4200 4357 4356
f 4201 4357 4200
f 4201 4358 4357
f 4202 4358 4201
f 4202 4359 4358
f 4203 4359 4202
f 4203 4360 4359
f 4204 4360 4203
f 4204 4361 4360
f 4205 4361 4204
f 4205 4362 4361
f 4206 4362 4205
f 4206 4363 4362
f 4207 4363 4206
f 4207 4364 4363
f 4208 4364 4207
f 4208 4365 4364
f 4209 4365 4208
f 4209 4366 4365
f 4210 4366 4209
f 4210 4367 4366
f 4211 4367 4210
f 4211 4368 4367
f 4212 4368 4211
f 4212 4369 4368
f 4213 4369 4212
f 4213 4370 4369
f 4214 4370 4213
f 4214 4371 4370
f 4215 4371 4214
f 4215 4372 4371
f 4216 4372 4215
f 4216 4373 4372
f 4217 4373 4216
f 4217 4374 4373
f 4218 4374 4217
f 4218 4375 4374
f 4219 4375 4218
f 4219 4376 4375
f 4220 4376 4219
f 4220 4377 4376
f 4221 4377 4220
f 4221 4378 4377
f 4222 4378 4221
f 4222 4379 4378
f 4223 4379 4222
f 4223 4380 4379
f 4224 4380 4223
f 4224 4381 4380
f 4225 4381 4224
f 4225 4382 4381
f 4226 4382 4225
f 4226 4383 4382
f 4227 4383 4226
f 4227 4384 4383
f 4228 4384 4227
f 4228 4385 4384
f 4229 4385 4228
f 4229 4386 4385
f 4230 4386 4229
f 4230 4387 4386
f 4231 4387 4230
f 4231 4388 4387
f 4232 4388 4231
f 4232 4389 4388
f 4233 4389 4232
f 4233 4390 4389
f 4234 4390 4233
f 4234 4391 4390
f 4235 4391 4234
f 4235 4392 4391
f 4236 4392 4235
f 4236 4393 4392
f 4237 4393 4236
f 4237 4394 4393
f 4238 4394 4237
f 4238 4395 4394
f 4239 4395 4238
f 4239 4396 4395
f 4240 4396 4239
f 4240 4397 4396
f 4241 4397 4240
f 4241 4398 4397
f 4242 4398 4241
f 4242 4399 4398
f 4243 4399 4242
f 4243 4400 4399
f 4244 4400 4243
f 4244 4401 4400
f 4245 4401 4244
f 4245 4402 4401
f 4246 4402 4245
f 4246 4403 4402
f 4247 4403 4246
f 4247 4404 4403
f 4248 4404 4247
f 4248 4405 4404
f 4249 4405 4248
f 4249 4406 4405
f 4250 4406 4249
f 4250 4407 4406
f 4251 4407 4250
f 4251 4408 4407
f 4252 4408 4251
f 4252 4409 4408
f 4253 4409 4252
f 4253 4410 4409
f 4254 4410 4253
f 4254 4411 4410
f 4255 4411 4254
f 4255 4412 4411
f 4256 4412 4255
f 4256 4413 4412
f 4257 4413 4256
f 4257 4414 4413
f 4258 4414 4257
f 4258 4415 4414
f 4259 4415 4258
f 4259 4416 4415
f 4260 4416 4259
f 4260 4417 4416
f 4261 4417 4260
f 4261 4418 4417
f 4262 4418 4261
f 4262 4419 4418
f 4263 4419 4262
f 4263 4420 4419
f 4264 4420 4263
f 4264 4421 4420
f 4265 4421 4264
f 4265 4422 4421
f 4266 4422 4265
f 4266 4423 4422
f 4267 4423 4266
f 4267 4424 4423
f 4268 4424 4267
f 4268 4425 4424
f 4269 4425 4268
f 4269 4426 4425
f 4270 4426 4269
f 4270 4427 4426
f 4271 4427 4270
f 4271 4428 4427
f 4272 4428 4271
f 4272 4429 4428
f 4273 4429 4272
f 4273 4430 4429
f 4274 4430 4273
f 4274 4431 4430
f 4275 4431 4274
f 4275 4432 4431
f 4276 4432 4275
f 4276 4433 4432
f 4277 4433 4276
f 4277 4434 4433
f 4278 4434 4277
f 4278 4435 4434
f 4279 4435 4278
f 4279 4436 4435
f 4280 4436 4279
f 4280 4437 4436
f 4281 4437 4280
f 4281 4438 4437
f 4282 4438 4281
f 4282 4439 4438
f 4283 4439 4282
f 4283 4440 4439
f 4284 4440 4283
f 4284 4441 4440
f 4285 4441 4284
f 4285 4442 4441
f 4286 4442 4285
f 4286 4443 4442
f 4287 4443 4286
f 4287 4444 4443
f 4288 4444 4287
f 4288 4445 4444
f 4289 4445 4288
f 4289 4446 4445
f 4290 4446 4289
f 4290 4447 4446
f 4291 4447 4290
f 4291 4448 4447
f 4292 4448 4291
f 4292 4449 4448
f 4293 4449 4292
f 4293 4450 4449
f 4294 4450 4293
f 4294 4451 4450
f 4295 4451 4294
f 4295 4452 4451
f 4296 4452 4295
f 4296 4453 4452
f 4297 4453 4296
f 4297 4454 4453
f 4298 4454 4297
f 4298 4455 4454
f 4299 4455 4298
f 4299 4456 4455
f 4300 4456 4299
f 4300 4457 4456
f 4301 4457 4300
f 4301 4458 4457
f 4302 4458 4301
f 4302 4459 4458
f 4303 4459 4302
f 4303 4460 4459
f 4304 4460 4303
f 4304 4461 4460
f 4305 4461 4304
f 4305 4462 4461
f 4306 4462 4305
f 4306 4463 4462
f 4307 4463 4306
f 4307 4464 4463
f 4308 4464 4307
f 4308 4465 4464
f 4309 4465 4308
f 4309 4466 4465
f 4310 4466 4309
f 4310 4467 4466
f 4311 4467 4310
f 4311 4468 4467
f 4312 4468 4311
f 4312 4469 4468
f 4313 4469 4312
f 4313 4470 4469
f 4314 4470 4313
f 4314 4471 4470
f 4315 4471 4314
f 4315 4472 4471
f 4316 4472 4315
f 4316 4473 4472
f 4317 4473 4316
f 4317 4474 4473
f 4318 4474 4317
f 4318 4475 4474
f 4319 4475 4318
f 4319 4476 4475
f 4320 4476 4319
f 4320 4477 4476
f 4321 4477 4320
f 4321 4478 4477
f 4322 4478 4321
f 4322 4479 4478
f 4323 4479 4322
f 4323 4480 4479
f 4324 4480 4323
f 4324 4481 4480
f 4325 4481 4324
f 4325 4482 4481
f 4326 4482 4325
f 4326 4483 4482
f 4327 4483 4326
f 4327 4484 4483
f 4328 4484 4327
f 4328 4485 4484
f 4330 4487 4329
f 4330 4488 4487
f 4331 4488 4330
f 4331 4489 4488
f 4332 4489 4331
f 4332 4490 4489
f 4333 4490 4332
f 4333 4491 4490
f 4334 4491 4333
f 4334 4492 4491
f 4335 4492 4334
f 4335 4493 4492
f 4336 4493 4335
f 4336 4494 4493
f 4337 4494 4336
f 4337 4495 4494
f 4338 4495 4337
f 4338 4496 4495
f 4339 4496 4338
f 4339 4497 4496
f 4340 4497 4339
f 4340 4498 4497
f 4341 4498 4340
f 4341 4499 4498
f 4342 4499 4341
f 4342 4500 4499
f 4343 4500 4342
f 4343 4501 4500
f 4344 4501 4343
f 4344 4502 4501
f 4345 4502 4344
f 4345 4503 4502
f 4346 4503 4345
f 4346 4504 4503
f 4347 4504 4346
f 4347 4505 4504
f 4348 4505 4347
f 4348 4506 4505
f 4349 4506 4348
f 4349 4507 4506
f 4350 4507 4349
f 4350 4508 4507
f 4351 4508 4350
f 4351 4509 4508
f 4352 4509 4351
f 4352 4510 4509
f 4353 4510 4352
f 4353 4511 4510
f 4354 4511 4353
f 4354 4512 4511
f 4355 4512 4354
f 4355 4513 4512
f 4356 4513 4355
f 4356 4514 4513
f 4357 4514 4356
f 4357 4515 4514
f 4358 4515 4357
f 4358 4516 4515
f 4359 4516 4358
f 4359 4517 4516
f 4360 4517 4359
f 4360 4518 4517
f 4361 4518 4360
f 4361 4519 4518
f 4362 4519 4361
f 4362 4520 4519
f 4363 4520 4362
f 4363 4521 4520
f 4364 4521 4363
f 4364 4522 4521
f 4365 4522 4364
f 4365 4523 4522
f 4366 4523 4365
f 4366 4524 4523
f 4367 4524 4366
f 4367 4525 4524
f 4368 4525 4367
f 4368 4526 4525
f 4369 4526 4368
f 4369 4527 4526
f 4370 4527 4369
f 4370 4528 4527
f 4371 4528 4370
f 4371 4529 4528
f 4372 4529 4371
f 4372 4530 4529
f 4373 4530 4372
f 4373 4531 4530
f 4374 4531 4373
f 4374 4532 4531
f 4375 4532 4374
f 4375 4533 4532
f 4376 4533 4375
f 4376 4534 4533
f 4377 4534 4376
f 4377 4535 4534
f 4378 4535 4377
f 4378 4536 4535
f 4379 4536 4378
f 4379 4537 4536
f 4380 4537 4379
f 4380 4538 4537
f 4381 4538 4380
f 4381 4539 4538
f 4382 4539 4381
f 4382 4540 4539
f 4383 4540 4382
f 4383 4541 4540
f 4384 4541 4383
f 4384 4542 4541
f 4385 4542 4384
f 4385 4543 4542
f 4386 4543 4385
f 4386 4544 4543
f 4387 4544 4386
f 4387 4545 4544
f 4388 4545 4387
f 4388 4546 4545
f 4389 4546 4388
f 4389 4547 4546
f 4390 4547 4389
f 4390 4548 4547
f 4391 4548 4390
f 4391 4549 4548
f 4392 4549 4391
f 4392 4550 4549
f 4393 4550 4392
f 4393 4551 4550
f 4394 4551 4393
f 4394 4552 4551
f 4395 4552 4394
f 4395 4553 4552
f 4396 4553 4395
f 4396 4554 4553
f 4397 4554 4396
f 4397 4555 4554
f 4398 4555 4397
f 4398 4556 4555
f 4399 4556 4398
f 4399 4557 4556
f 4400 4557 4399
f 4400 4558 4557
f 4401 4558 4400
f 4401 4559 4558
f 4402 4559 4401
f 4402 4560 4559
f 4403 4560 4402
f 4403 4561 4560
f 4404 4561 4403
f 4404 4562 4561
f 4405 4562 4404
f 4405 4563 4562
f 4406 4563 4405
f 4406 4564 4563
f 4407 4564 4406
f 4407 4565 4564
f 4408 4565 4407
f 4408 4566 4565
f 4409 4566 4408
f 4409 4567 4566
f 4410 4567 4409
f 4410 4568 4567
f 4411 4568 4410
f 4411 4569 4568
f 4412 4569 4411
f 4412 4570 4569
f 4413 4570 4412
f 4413 4571 4570
f 4414 4571 4413
f 4414 4572 4571
f 4415 4572 4414
f 4415 4573 4572
f 4416 4573 4415
f 4416 4574 4573
f 4417 4574 4416
f 4417 4575 4574
f 4418 4575 4417
f 4418 4576 4575
f 4419 4576 4418
f 4419 4577 4576
f 4420 4577 4419
f 4420 4578 4577
f 4421 4578 4420
f 4421 4579 4578
f 4422 4579 4421
f 4422 4580 4579
f 4423 4580 4422
f 4423 4581 4580
f 4424 4581 4423
f 4424 4582 4581
f 4425 4582 4424
f 4425 4583 4582
f 4426 4583 4425
f 4426 4584 4583
f 4427 4584 4426
f 4427 4585 4584
f 4428 4585 4427
f 4428 4586 4585
f 4429 4586 4428
f 4429 4587 4586
f 4430 4587 4429
f 4430 4588 4587
f 4431 4588 4430
f 4431 4589 4588
f 4432 4589 4431
f 4432 4590 4589
f 4433 4590 4432
f 4433 4591 4590
f 4434 4591 4433
f 4434 4592 4591
f 4435 4592 4434
f 4435 4593 4592
f 4436 4593 4435
f 4436 4594 4593
f 4437 4594 4436
f 4437 4595 4594
f 4438 4595 4437
f 4438 4596 4595
f 4439 4596 4438
f 4439 4597 4596
f 4440 4597 4439
f 4440 4598 4597
f 4441 4598 4440
f 4441 4599 4598
f 4442 4599 4441
f 4442 4600 4599
f 4443 4600 4442
f 4443 4601 4600
f 4444 4601 4443
f 4444 4602 4601
f 4445 4602 4444
f 4445 4603 4602
f 4446 4603 4445
f 4446 4604 4603
f 4447 4604 4446
f 4447 4605 4604
f 4448 4605 4447
f 4448 4606 4605
f 4449 4606 4448
f 4449 4607 4606
f 4450 4607 4449
f 4450 4608 4607
f 4451 4608 4450
f 4451 4609 4608
f 4452 4609 4451
f 4452 4610 4609
f 4453 4610 4452
f 4453 4611 4610
f 4454 4611 4453
f 4454 4612 4611
f 4455 4612 4454
f 4455 4613 4612
f 4456 4613 4455
f 4456 4614 4613
f 4457 4614 4456
f 4457 4615 4614
f 4458 4615 4457
f 4458 4616 4615
f 4459 4616 4458
f 4459 4617 4616
f 4460 4617 4459
f 4460 4618 4617
f 4461 4618 4460
f 4461 4619 4618
f 4462 4619 4461
f 4462 4620 4619
f 4463 4620 4462
f 4463 4621 4620
f 4464 4621 4463
f 4464 4622 4621
f 4465 4622 4464
f 4465 4623 4622
f 4466 4623 4465
f 4466 4624 4623
f 4467 4624 4466
f 4467 4625 4624
f 4468 4625 4467
f 4468 4626 4625
f 4469 4626 4468
f 4469 4627 4626
f 4470 4627 4469
f 4470 4628 4627
f 4471 4628 4470
f 4471 4629 4628
f 4472 4629 4471
f 4472 4630 4629
f 4473 4630 4472
f 4473 4631 4630
f 4474 4631 4473
f 4474 4632 4631
f 4475 4632 4474
f 4475 4633 4632
f 4476 4633 4475
f 4476 4634 4633
f 4477 4634 4476
f 4477 4635 4634
f 4478 4635 4477
f 4478 4636 4635
f 4479 4636 4478
f 4479 4637 4636
f 4480 4637 4479
f 4480 4638 4637
f 4481 4638 4480
f 4481 4639 4638
f 4482 4639 4481
f 4482 4640 4639
f 4483 4640 4482
f 4483 4641 4640
f 4484 4641 4483
f 4484 4642 4641
f 4485 4642 4484
f 4485 4643 4642
f 4486 4643 4485
f 4486 4644 4643
f 4488 4645 4487
f 4488 4646 4645
f 4489 4646 4488
f 4489 4647 4646
f 4490 4647 4489
f 4490 4648 4647
f 4491 4648 4490
f 4491 4649 4648
f 4492 4649 4491
f 4492 4650 4649
f 4493 4650 4492
f 4493 4651 4650
f 4494 4651 4493
f 4494 4652 4651
f 4495 4652 4494
f 4495 4653 4652
f 4496 4653 4495
f 4496 4654 4653
f 4497 4654 4496
f 4497 4655 4654
f 4498 4655 4497
f 4498 4656 4655
f 4499 4656 4498
f 4499 4657 4656
f 4500 4657 4499
f 4500 4658 4657
f 4501 4658 4500
f 4501 4659 4658
f 4502 4659 4501
f 4502 4660 4659
f 4503 4660 4502
f 4503 4661 4660
f 4504 4661 4503
f 4504 4662 4661
f 4505 4662 4504
f 4505 4663 4662
f 4506 4663 4505
f 4506 4664 4663
f 4507 4664 4506
f 4507 4665 4664
f 4508 4665 4507
f 4508 4666 4665
f 4509 4666 4508
f 4509 4667 4666
f 4510 4667 4509
f 4510 4668 4667
f 4511 4668 4510
f 4511 4669 4668
f 4512 4669 4511
f 4512 4670 4669
f 4513 4670 4512
f 4513 4671 4670
f 4514 4671 4513
f 4514 4672 4671
f 4515 4672 4514
f 4515 4673 4672
f 4516 4673 4515
f 4516 4674 4673
f 4517 4674 4516
f 4517 4675 4674
f 4518 4675 4517
f 4518 4676 4675
f 4519 4676 4518
f 4519 4677 4676
f 4520 4677 4519
f 4520 4678 4677
f 4521 4678 4520
f 4521 4679 4678
f 4522 4679 4521
f 4522 4680 4679
f 4523 4680 4522
f 4523 4681 4680
f 4524 4681 4523
f 4524 4682 4681
f 4525 4682 4524
f 4525 4683 4682
f 4526 4683 4525
f 4526 4684 4683
f 4527 4684 4526
f 4527 4685 4684
f 4528 4685 4527
f 4528 4686 4685
f 4529 4686 4528
f 4529 4687 4686
f 4530 4687 4529
f 4530 4688 4687
f 4531 4688 4530
f 4531 4689 4688
f 4532 4689 4531
f 4532 4690 4689
f 4533 4690 4532
f 4533 4691 4690
f 4534 4691 4533
f 4534 4692 4691
f 4535 4692 4534
f 4535 4693 4692
f 4536 4693 4535
f 4536 4694 4693
f 4537 4694 4536
f 4537 4695 4694
f 4538 4695 4537
f 4538 4696 4695
f 4539 4696 4538
f 4539 4697 4696
f 4540 4697 4539
f 4540 4698 4697
f 4541 4698 4540
f 4541 4699 4698
f 4542 4699 4541
f 4542 4700 4699
f 4543 4700 4542
f 4543 4701 4700
f 4544 4701 4543
f 4544 4702 4701
f 4545 4702 4544
f 4545 4703 4702
f 4546 4703 4545
f 4546 4704 4703
f 4547 4704 4546
f 4547 4705 4704
f 4548 4705 4547
f 4548 4706 4705
f 4549 4706 4548
f 4549 4707 4706
f 4550 4707 4549
f 4550 4708 4707
f 4551 4708 4550
f 4551 4709 4708
f 4552 4709 4551
f 4552 4710 4709
f 4553 4710 4552
f 4553 4711 4710
f 4554 4711 4553
f 4554 4712 4711
f 4555 4712 4554
f 4555 4713 4712
f 4556 4713 4555
f 4556 4714 4713
f 4557 4714 4556
f 4557 4715 4714
f 4558 4715 4557
f 4558 4716 4715
f 4559 4716 4558
f 4559 4717 4716
f 4560 4717 4559
f 4560 4718 4717
f 4561 4718 4560
f 4561 4719 4718
f 4562 4719 4561
f 4562 4720 4719
f 4563 4720 4562
f 4563 4721 4720
f 4564 4721 4563
f 4564 4722 4721
f 4565 4722 4564
f 4565 4723 4722
f 4566 4723 4565
f 4566 4724 4723
f 4567 4724 4566
f 4567 4725 4724
f 4568 4725 4567
f 4568 4726 4725
f 4569 4726 4568
f 4569 4727 4726
f 4570 4727 4569
f 4570 4728 4727
f 4571 4728 4570
f 4571 4729 4728
f 4572 4729 4571
f 4572 4730 4729
f 4573 4730 4572
f 4573 4731 4730
f 4574 4731 4573
f 4574 4732 4731
f 4575 4732 4574
f 4575 4733 4732
f 4576 4733 4575
f 4576 4734 4733
f 4577 4734 4576
f 4577 4735 4734
f 4578 4735 4577
f 4578 4736 4735
f 4579 4736 4578
f 4579 4737 4736
f 4580 4737 4579
f 4580 4738 4737
f 4581 4738 4580
f 4581 4739 4738
f 4582 4739 4581
f 4582 4740 4739
f 4583 4740 4582
f 4583 4741 4740
f 4584 4741 4583
f 4584 4742 4741
f 4585 4742 4584
f 4585 4743 4742
f 4586 4743 4585
f 4586 4744 4743
f 4587 4744 4586
f 4587 4745 4744
f 4588 4745 4587
f 4588 4746 4745
f 4589 4746 4588
f 4589 4747 4746
f 4590 4747 4589
f 4590 4748 4747
f 4591 4748 4590
f 4591 4749 4748
f 4592 4749 4591
f 4592 4750 4749
f 4593 4750 4592
f 4593 4751 4750
f 4594 4751 4593
f 4594 4752 4751
f 4595 4752 4594
f 4595 4753 4752
f 4596 4753 4595
f 4596 4754 4753
f 4597 4754 4596
f 4597 4755 4754
f 4598 4755 4597
f 4598 4756 4755
f 4599 4756 4598
f 4599 4757 4756
f 4600 4757 4599
f 4600 4758 4757
f 4601 4758 4600
f 4601 4759 4758
f 4602 4759 4601
f 4602 4760 4759
f 4603 4760 4602
f 4603 4761 4760
f 4604 4761 4603
f 4604 4762 4761
f 4605 4762 4604
f 4605 4763 4762
f 4606 4763 4605
f 4606 4764 4763
f 4607 4764 4606
f 4607 4765 4764
f 4608 4765 4607
f 4608 4766 4765
f 4609 4766 4608
f 4609 4767 4766
f 4610 4767 4609
f 4610 4768 4767
f 4611 4768 4610
f 4611 4769 4768
f 4612 4769 4611
f 4612 4770 4769
f 4613 4770 4612
f 4613 4771 4770
f 4614 4771 4613
f 4614 4772 4771
f 4615 4772 4614
f 4615 4773 4772
f 4616 4773 4615
f 4616 4774 4773
f 4617 4774 4616
f 4617 4775 4774
f 4618 4775 4617
f 4618 4776 4775
f 4619 4776 4618
f 4619 4777 4776
f 4620 4777 4619
f 4620 4778 4777
f 4621 4778 4620
f 4621 4779 4778
f 4622 4779 4621
f 4622 4780 4779
f 4623 4780 4622
f 4623 4781 4780
f 4624 4781 4623
f 4624 4782 4781
f 4625 4782 4624
f 4625 4783 4782
f 4626 4783 4625
f 4626 4784 4783
f 4627 4784 4626
f 4627 4785 4784
f 4628 4785 4627
f 4628 4786 4785
f 4629 4786 4628
f 4629 4787 4786
f 4630 4787 4629
f 4630 4788 4787
f 4631 4788 4630
f 4631 4789 4788
f 4632 4789 4631
f 4632 4790 4789
f 4633 4790 4632
f 4633 4791 4790
f 4634 4791 4633
f 4634 4792 4791
f 4635 4792 4634
f 4635 4793 4792
f 4636 4793 4635
f 4636 4794 4793
f 4637 4794 4636
f 4637 4795 4794
f 4638 4795 4637
f 4638 4796 4795
f 4639 4796 4638
f 4639 4797 4796
f 4640 4797 4639
f 4640 4798 4797
f 4641 4798 4640
f 4641 4799 4798
f 4642 4799 4641
f 4642 4800 4799
f 4643 4800 4642
f 4643 4801 4800
f 4644 4801 4643
f 4644 4802 4801
f 4646 4803 4645
f 4646 4804 4803
f 4647 4804 4646
f 4647 4805 4804
f 4648 4805 4647
f 4648 4806 4805
f 4649 4806 4648
f 4649 4807 4806
f 4650 4807 4649
f 4650 4808 4807
f 4651 4808 4650
f 4651 4809 4808
f 4652 4809 4651
f 4652 4810 4809
f 4653 4810 4652
f 4653 4811 4810
f 4654 4811 4653
f 4654 4812 4811
f 4655 4812 4654
f 4655 4813 4812
f 4656 4813 4655
f 4656 4814 4813
f 4657 4814 4656
f 4657 4815 4814
f 4658 4815 4657
f 4658 4816 4815
f 4659 4816 4658
f 4659 4817 4816
f 4660 4817 4659
f 4660 4818 4817
f 4661 4818 4660
f 4661 4819 4818
f 4662 4819 4661
f 4662 4820 4819
f 4663 4820 4662
f 4663 4821 4820
f 4664 4821 4663
f 4664 4822 4821
f 4665 4822 4664
f 4665 4823 4822
f 4666 4823 4665
f 4666 4824 4823
f 4667 4824 4666
f 4667 4825 4824
f 4668 4825 4667
f 4668 4826 4825
f 4669 4826 4668
f 4669 4827 4826
f 4670 4827 4669
f 4670 4828 4827
f 4671 4828 4670
f 4671 4829 4828
f 4672 4829 4671
f 4672 4830 4829
f 4673 4830 4672
f 4673 4831 4830
f 4674 4831 4673
f 4674 4832 4831
f 4675 4832 4674
f 4675 4833 4832
f 4676 4833 4675
f 4676 4834 4833
f 4677 4834 4676
f 4677 4835 4834
f 4678 4835 4677
f 4678 4836 4835
f 4679 4836 4678
f 4679 4837 4836
f 4680 4837 4679
f 4680 4838 4837
f 4681 4838 4680
f 4681 4839 4838
f 4682 4839 4681
f 4682 4840 4839
f 4683 4840 4682
f 4683 4841 4840
f 4684 4841 4683
f 4684 4842 4841
f 4685 4842 4684
f 4685 4843 4842
f 4686 4843 4685
f 4686 4844 4843
f 4687 4844 4686
f 4687 4845 4844
f 4688 4845 4687
f 4688 4846 4845
f 4689 4846 4688
f 4689 4847 4846
f 4690 4847 4689
f 4690 4848 4847
f 4691 4848 4690
f 4691 4849 4848
f 4692 4849 4691
f 4692 4850 4849
f 4693 4850 4692
f 4693 4851 4850
f 4694 4851 4693
f 4694 4852 4851
f 4695 4852 4694
f 4695 4853 4852
f 4696 4853 4695
f 4696 4854 4853
f 4697 4854 4696
f 4697 4855 4854
f 4698 4855 4697
f 4698 4856 4855
f 4699 4856 4698
f 4699 4857 4856
f 4700 4857 4699
f 4700 4858 4857
f 4701 4858 4700
f 4701 4859 4858
f 4702 4859 4701
f 4702 4860 4859
f 4703 4860 4702
f 4703 4861 4860
f 4704 4861 4703
f 4704 4862 4861
f 4705 4862 4704
f 4705 4863 4862
f 4706 4863 4705
f 4706 4864 4863
f 4707 4864 4706
f 4707 4865 4864
f 4708 4865 4707
f 4708 4866 4865
f 4709 4866 4708
f 4709 4867 4866
f 4710 4867 4709
f 4710 4868 4867
f 4711 4868 4710
f 4711 4869 4868
f 4712 4869 4711
f 4712 4870 4869
f 4713 4870 4712
f 4713 4871 4870
f 4714 4871 4713
f 4714 4872 4871
f 4715 4872 4714
f 4715 4873 4872
f 4716 4873 4715
f 4716 4874 4873
f 4717 4874 4716
f 4717 4875 4874
f 4718 4875 4717
f 4718 4876 4875
f 4719 4876 4718
f 4719 4877 4876
f 4720 4877 4719
f 4720 4878 4877
f 4721 4878 4720
f 4721 4879 4878
f 4722 4879 4721
f 4722 4880 4879
f 4723 4880 4722
f 4723 4881 4880
f 4724 4881 4723
f 4724 4882 4881
f 4725 4882 4724
f 4725 4883 4882
f 4726 4883 4725
f 4726 4884 4883
f 4727 4884 4726
f 4727 4885 4884
f 4728 4885 4727
f 4728 4886 4885
f 4729 4886 4728
f 4729 4887 4886
f 4730 4887 4729
f 4730 4888 4887
f 4731 4888 4730
f 4731 4889 4888
f 4732 4889 4731
f 4732 4890 4889
f 4733 4890 4732
f 4733 4891 4890
f 4734 4891 4733
f 4734 4892 4891
f 4735 4892 4734
f 4735 4893 4892
f 4736 4893 4735
f 4736 4894 4893
f 4737 4894 4736
f 4737 4895 4894
f 4738 4895 4737
f 4738 4896 4895
f 4739 4896 4738
f 4739 4897 4896
f 4740 4897 4739
f 4740 4898 4897
f 4741 4898 4740
f 4741 4899 4898
f 4742 4899 4741
f 4742 4900 4899
f 4743 4900 4742
f 4743 4901 4900
f 4744 4901 4743
f 4744 4902 4901
f 4745 4902 4744
f 4745 4903 4902
f 4746 4903 4745
f 4746 4904 4903
f 4747 4904 4746
f 4747 4905 4904
f 4748 4905 4747
f 4748 4906 4905
f 4749 4906 4748
f 4749 4907 4906
f 4750 4907 4749
f 4750 4908 4907
f 4751 4908 4750
f 4751 4909 4908
f 4752 4909 4751
f 4752 4910 4909
f 4753 4910 4752
f 4753 4911 4910
f 4754 4911 4753
f 4754 4912 4911
f 4755 4912 4754
f 4755 4913 4912
f 4756 4913 4755
f 4756 4914 4913
f 4757 4914 4756
f 4757 4915 4914
f 4758 4915 4757
f 4758 4916 4915
f 4759 4916 4758
f 4759 4917 4916
f 4760 4917 4759
f 4760 4918 4917
f 4761 4918 4760
f 4761 4919 4918
f 4762 4919 4761
f 4762 4920 4919
f 4763 4920 4762
f 4763 4921 4920
f 4764 4921 4763
f 4764 4922 4921
f 4765 4922 4764
f 4765 4923 4922
f 4766 4923 4765
f 4766 4924 4923
f 4767 4924 4766
f 4767 4925 4924
f 4768 4925 4767
f 4768 4926 4925
f 4769 4926 4768
f 4769 4927 4926
f 4770 4927 4769
f 4770 4928 4927
f 4771 4928 4770
f 4771 4929 4928
f 4772 4929 4771
f 4772 4930 4929
f 4773 4930 4772
f 4773 4931 4930
f 4774 4931 4773
f 4774 4932 4931
f 4775 4932 4774
f 4775 4933 4932
f 4776 4933 4775
f 4776 4934 4933
f 4777 4934 4776
f 4777 4935 4934
f 4778 4935 4777
f 4778 4936 4935
f 4779 4936 4778
f 4779 4937 4936
f 4780 4937 4779
f 4780 4938 4937
f 4781 4938 4780
f 4781 4939 4938
f 4782 4939 4781
f 4782 4940 4939
f 4783 4940 4782
f 4783 4941 4940
f 4784 4941 4783
f 4784 4942 4941
f 4785 4942 4784
f 4785 4943 4942
f 4786 4943 4785
f 4786 4944 4943
f 4787 4944 4786
f 4787 4945 4944
f 4788 4945 4787
f 4788 4946 4945
f 4789 4946 4788
f 4789 4947 4946
f 4790 4947 4789
f 4790 4948 4947
f 4791 4948 4790
f 4791 4949 4948
f 4792 4949 4791
f 4792 4950 4949
f 4793 4950 4792
f 4793 4951 4950
f 4794 4951 4793
f 4794 4952 4951
f 4795 4952 4794
f 4795 4953 4952
f 4796 4953 4795
f 4796 4954 4953
f 4797 4954 4796
f 4797 4955 4954
f 4798 4955 4797
f 4798 4956 4955
f 4799 4956 4798
f 4799 4957 4956
f 4800 4957 4799
f 4800 4958 4957
f 4801 4958 4800
f 4801 4959 4958
f 4802 4959 4801
f 4802 4960 4959
f 4805 4961 4804
f 4805 4962 4961
f 4806 4962 4805
f 4806 4963 4962
f 4807 4963 4806
f 4807 4964 4963
f 4808 4964 4807
f 4808 4965 4964
f 4809 4965 4808
f 4809 4966 4965
f 4810 4966 4809
f 4810 4967 4966
f 4811 4967 4810
f 4811 4968 4967
f 4812 4968 4811
f 4812 4969 4968
f 4813 4969 4812
f 4813 4970 4969
f 4814 4970 4813
f 4814 4971 4970
f 4815 4971 4814
f 4815 4972 4971
f 4816 4972 4815
f 4816 4973 4972
f 4817 4973 4816
f 4817 4974 4973
f 4818 4974 4817
f 4818 4975 4974
f 4819 4975 4818
f 4819 4976 4975
f 4820 4976 4819
f 4820 4977 4976
f 4821 4977 4820
f 4821 4978 4977
f 4822 4978 4821
f 4822 4979 4978
f 4823 4979 4822
f 4823 4980 4979
f 4824 4980 4823
f 4824 4981 4980
f 4825 4981 4824
f 4825 4982 4981
f 4826 4982 4825
f 4826 4983 4982
f 4827 4983 4826
f 4827 4984 4983
f 4828 4984 4827
f 4828 4985 4984
f 4829 4985 4828
f 4829 4986 4985
f 4830 4986 4829
f 4830 4987 4986
f 4831 4987 4830
f 4831 4988 4987
f 4832 4988 4831
f 4832 4989 4988
f 4833 4989 4832
f 4833 4990 4989
f 4834 4990 4833
f 4834 4991 4990
f 4835 4991 4834
f 4835 4992 4991
f 4836 4992 4835
f 4836 4993 4992
f 4837 4993 4836
f 4837 4994 4993
f 4838 4994 4837
f 4838 4995 4994
f 4839 4995 4838
f 4839 4996 4995
f 4840 4996 4839
f 4840 4997 4996
f 4841 4997 4840
f 4841 4998 4997
f 4842 4998 4841
f 4842 4999 4998
f 4843 4999 4842
f 4843 5000 4999
f 4844 5000 4843
f 4844 5001 5000
f 4845 5001 4844
f 4845 5002 5001
f 4846 5002 4845
f 4846 5003 5002
f 4847 5003 4846
f 4847 5004 5003
f 4848 5004 4847
f 4848 5005 5004
f 4849 5005 4848
f 4849 5006 5005
f 4850 5006 4849
f 4850 5007 5006
f 4851 5007 4850
f 4851 5008 5007
f 4852 5008 4851
f 4852 5009 5008
f 4853 5009 4852
f 4853 5010 5009
f 4854 5010 4853
f 4854 5011 5010
f 4855 5011 4854
f 4855 5012 5011
f 4856 5012 4855
f 4856 5013 5012
f 4857 5013 4856
f 4857 5014 5013
f 4858 5014 4857
f 4858 5015 5014
f 4859 5015 4858
f 4859 5016 5015
f 4860 5016 4859
f 4860 5017 5016
f 4861 5017 4860
f 4861 5018 5017
f 4862 5018 4861
f 4862 5019 5018
f 4863 5019 4862
f 4863 5020 5019
f 4864 5020 4863
f 4864 5021 5020
f 4865 5021 4864
f 4865 5022 5021
f 4866 5022 4865
f 4866 5023 5022
f 4867 5023 4866
f 4867 5024 5023
f 4868 5024 4867
f 4868 5025 5024
f 4869 5025 4868
f 4869 5026 5025
f 4870 5026 4869
f 4870 5027 5026
f 4871 5027 4870
f 4871 5028 5027
f 4872 5028 4871
f 4872 5029 5028
f 4873 5029 4872
f 4873 5030 5029
f 4874 5030 4873
f 4874 5031 5030
f 4875 5031 4874
f 4875 5032 5031
f 4876 5032 4875
f 4876 5033 5032
f 4877 5033 4876
f 4877 5034 5033
f 4878 5034 4877
f 4878 5035 5034
f 4879 5035 4878
f 4879 5036 5035
f 4880 5036 4879
f 4880 5037 5036
f 4881 5037 4880
f 4881 5038 5037
f 4882 5038 4881
f 4882 5039 5038
f 4883 5039 4882
f 4883 5040 5039
f 4884 5040 4883
f 4884 5041 5040
f 4885 5041 4884
f 4885 5042 5041
f 4886 5042 4885
f 4886 5043 5042
f 4887 5043 4886
f 4887 5044 5043
f 4888 5044 4887
f 4888 5045 5044
f 4889 5045 4888
f 4889 5046 5045
f 4890 5046 4889
f 4890 5047 5046
f 4891 5047 4890
f 4891 5048 5047
f 4892 5048 4891
f 4892 5049 5048
f 4893 5049 4892
f 4893 5050 5049
f 4894 5050 4893
f 4894 5051 5050
f 4895 5051 4894
f 4895 5052 5051
f 4896 5052 4895
f 4896 5053 5052
f 4897 5053 4896
f 4897 5054 5053
f 4898 5054 4897
f 4898 5055 5054
f 4899 5055 4898
f 4900 5056 4899
f 4900 5057 5056
f 4901 5057 4900
f 4901 5058 5057
f 4902 5058 4901
f 4902 5059 5058
f 4903 5059 4902
f 4903 5060 5059
f 4904 5060 4903
f 4904 5061 5060
f 4905 5061 4904
f 4905 5062 5061
f 4906 5062 4905
f 4906 5063 5062
f 4907 5063 4906
f 4907 5064 5063
f 4908 5064 4907
f 4908 5065 5064
f 4909 5065 4908
f 4909 5066 5065
f 4910 5066 4909
f 4910 5067 5066
f 4911 5067 4910
f 4911 5068 5067
f 4912 5068 4911
f 4912 5069 5068
f 4913 5069 4912
f 4913 5070 5069
f 4914 5070 4913
f 4914 5071 5070
f 4915 5071 4914
f 4915 5072 5071
f 4916 5072 4915
f 4916 5073 5072
f 4917 5073 4916
f 4917 5074 5073
f 4918 5074 4917
f 4918 5075 5074
f 4919 5075 4918
f 4919 5076 5075
f 4920 5076 4919
f 4920 5077 5076
f 4921 5077 4920
f 4921 5078 5077
f 4922 5078 4921
f 4922 5079 5078
f 4923 5079 4922
f 4923 5080 5079
f 4924 5080 4923
f 4924 5081 5080
f 4925 5081 4924
f 4925 5082 5081
f 4926 5082 4925
f 4926 5083 5082
f 4927 5083 4926
f 4927 5084 5083
f 4928 5084 4927
f 4928 5085 5084
f 4929 5085 4928
f 4929 5086 5085
f 4930 5086 4929
f 4930 5087 5086
f 4931 5087 4930
f 4931 5088 5087
f 4932 5088 4931
f 4932 5089 5088
f 4933 5089 4932
f 4933 5090 5089
f 4934 5090 4933
f 4934 5091 5090
f 4935 5091 4934
f 4935 5092 5091
f 4936 5092 4935
f 4936 5093 5092
f 4937 5093 4936
f 4937 5094 5093
f 4938 5094 4937
f 4938 5095 5094
f 4939 5095 4938
f 4939 5096 5095
f 4940 5096 4939
f 4940 5097 5096
f 4941 5097 4940
f 4941 5098 5097
f 4942 5098 4941
f 4942 5099 5098
f 4943 5099 4942
f 4943 5100 5099
f 4944 5100 4943
f 4944 5101 5100
f 4945 5101 4944
f 4945 5102 5101
f 4946 5102 4945
f 4946 5103 5102
f 4947 5103 4946
f 4947 5104 5103
f 4948 5104 4947
f 4948 5105 5104
f 4949 5105 4948
f 4949 5106 5105
f 4950 5106 4949
f 4950 5107 5106
f 4951 5107 4950
f 4951 5108 5107
f 4952 5108 4951
f 4952 5109 5108
f 4953 5109 4952
f 4953 5110 5109
f 4954 5110 4953
f 4954 5111 5110
f 4955 5111 4954
f 4955 5112 5111
f 4956 5112 4955
f 4956 5113 5112
f 4957 5113 4956
f 4957 5114 5113
f 4958 5114 4957
f 4958 5115 5114
f 4959 5115 4958
f 4959 5116 5115
f 4960 5116 4959
f 4960 5117 5116
f 4962 5118 4961
f 4962 5119 5118
f 4963 5119 4962
f 4963 5120 5119
f 4964 5120 4963
f 4964 5121 5120
f 4965 5121 4964
f 4965 5122 5121
f 4966 5122 4965
f 4966 5123 5122
f 4967 5123 4966
f 4967 5124 5123
f 4968 5124 4967
f 4968 5125 5124
f 4969 5125 4968
f 4969 5126 5125
f 4970 5126 4969
f 4970 5127 5126
f 4971 5127 4970
f 4971 5128 5127
f 4972 5128 4971
f 4972 5129 5128
f 4973 5129 4972
f 4973 5130 5129
f 4974 5130 4973
f 4974 5131 5130
f 4975 5131 4974
f 4975 5132 5131
f 4976 5132 4975
f 4976 5133 5132
f 4977 5133 4976
f 4977 5134 5133
f 4978 5134 4977
f 4978 5135 5134
f 4979 5135 4978
f 4979 5136 5135
f 4980 5136 4979
f 4980 5137 5136
f 4981 5137 4980
f 4981 5138 5137
f 4982 5138 4981
f 4982 5139 5138
f 4983 5139 4982
f 4983 5140 5139
f 4984 5140 4983
f 4984 5141 5140
f 4985 5141 4984
f 4985 5142 5141
f 4986 5142 4985
f 4986 5143 5142
f 4987 5143 4986
f 4987 5144 5143
f 4988 5144 4987
f 4988 5145 5144
f 4989 5145 4988
f 4989 5146 5145
f 4990 5146 4989
f 4990 5147 5146
f 4991 5147 4990
f 4991 5148 5147
f 4992 5148 4991
f 4992 5149 5148
f 4993 5149 4992
f 4993 5150 5149
f 4994 5150 4993
f 4994 5151 5150
f 4995 5151 4994
f 4995 5152 5151
f 4996 5152 4995
f 4996 5153 5152
f 4997 5153 4996
f 4997 5154 5153
f 4998 5154 4997
f 4998 5155 5154
f 4999 5155 4998
f 4999 5156 5155
f 5000 5156 4999
f 5000 5157 5156
f 5001 5157 5000
f 5001 5158 5157
f 5002 5158 5001
f 5002 5159 5158
f 5003 5159 5002
f 5003 5160 5159
f 5004 5160 5003
f 5004 5161 5160
f 5005 5161 5004
f 5005 5162 5161
f 5006 5162 5005
f 5006 5163 5162
f 5007 5163 5006
f 5007 5164 5163
f 5008 5164 5007
f 5008 5165 5164
f 5009 5165 5008
f 5009 5166 5165
f 5010 5166 5009
f 5010 5167 5166
f 5011 5167 5010
f 5011 5168 5167
f 5012 5168 5011
f 5012 5169 5168
f 5013 5169 5012
f 5013 5170 5169
f 5014 5170 5013
f 5014 5171 5170
f 5015 5171 5014
f 5015 5172 5171
f 5016 5172 5015
f 5016 5173 5172
f 5017 5173 5016
f 5017 5174 5173
f 5018 5174 5017
f 5018 5175 5174
f 5019 5175 5018
f 5019 5176 5175
f 5020 5176 5019
f 5020 5177 5176
f 5021 5177 5020
f 5021 5178 5177
f 5022 5178 5021
f 5022 5179 5178
f 5023 5179 5022
f 5023 5180 5179
f 5024 5180 5023
f 5024 5181 5180
f 5025 5181 5024
f 5025 5182 5181
f 5026 5182 5025
f 5026 5183 5182
f 5027 5183 5026
f 5027 5184 5183
f 5028 5184 5027
f 5028 5185 5184
f 5029 5185 5028
f 5029 5186 5185
f 5030 5186 5029
f 5030 5187 5186
f 5031 5187 5030
f 5031 5188 5187
f 5032 5188 5031
f 5032 5189 5188
f 5033 5189 5032
f 5033 5190 5189
f 5034 5190 5033
f 5034 5191 5190
f 5035 5191 5034
f 5035 5192 5191
f 5036 5192 5035
f 5036 5193 5192
f 5037 5193 5036
f 5037 5194 5193
f 5038 5194 5037
f 5038 5195 5194
f 5039 5195 5038
f 5039 5196 5195
f 5040 5196 5039
f 5040 5197 5196
f 5041 5197 5040
f 5041 5198 5197
f 5042 5198 5041
f 5042 5199 5198
f 5043 5199 5042
f 5043 5200 5199
f 5044 5200 5043
f 5044 5201 5200
f 5045 5201 5044
f 5045 5202 5201
f 5046 5202 5045
f 5046 5203 5202
f 5047 5203 5046
f 5047 5204 5203
f 5048 5204 5047
f 5048 5205 5204
f 5049 5205 5048
f 5049 5206 5205
f 5050 5206 5049
f 5050 5207 5206
f 5051 5207 5050
f 5051 5208 5207
f 5052 5208 5051
f 5052 5209 5208
f 5053 5209 5052
f 5053 5210 5209
f 5054 5210 5053
f 5054 5211 5210
f 5055 5211 5054
f 5055 5212 5211
f 5056 5212 5055
f 5057 5213 5056
f 5057 5214 5213
f 5058 5214 5057
f 5058 5215 5214
f 5059 5215 5058
f 5059 5216 5215
f 5060 5216 5059
f 5060 5217 5216
f 5061 5217 5060
f 5061 5218 5217
f 5062 5218 5061
f 5062 5219 5218
f 5063 5219 5062
f 5063 5220 5219
f 5064 5220 5063
f 5064 5221 5220
f 5065 5221 5064
f 5065 5222 5221
f 5066 5222 5065
f 5066 5223 5222
f 5067 5223 5066
f 5067 5224 5223
f 5068 5224 5067
f 5068 5225 5224
f 5069 5225 5068
f 5069 5226 5225
f 5070 5226 5069
f 5070 5227 5226
f 5071 5227 5070
f 5071 5228 5227
f 5072 5228 5071
f 5072 5229 5228
f 5073 5229 5072
f 5073 5230 5229
f 5074 5230 5073
f 5074 5231 5230
f 5075 5231 5074
f 5075 5232 5231
f 5076 5232 5075
f 5076 5233 5232
f 5077 5233 5076
f 5077 5234 5233
f 5078 5234 5077
f 5078 5235 5234
f 5079 5235 5078
f 5079 5236 5235
f 5080 5236 5079
f 5080 5237 5236
f 5081 5237 5080
f 5081 5238 5237
f 5082 5238 5081
f 5082 5239 5238
f 5083 5239 5082
f 5083 5240 5239
f 5084 5240 5083
f 5084 5241 5240
f 5085 5241 5084
f 5085 5242 5241
f 5086 5242 5085
f 5086 5243 5242
f 5087 5243 5086
f 5087 5244 5243
f 5088 5244 5087
f 5088 5245 5244
f 5089 5245 5088
f 5089 5246 5245
f 5090 5246 5089
f 5090 5247 5246
f 5091 5247 5090
f 5091 5248 5247
f 5092 5248 5091
f 5092 5249 5248
f 5093 5249 5092
f 5093 5250 5249
f 5094 5250 5093
f 5094 5251 5250
f 5095 5251 5094
f 5095 5252 5251
f 5096 5252 5095
f 5096 5253 5252
f 5097 5253 5096
f 5097 5254 5253
f 5098 5254 5097
f 5098 5255 5254
f 5099 5255 5098
f 5099 5256 5255
f 5100 5256 5099
f 5100 5257 5256
f 5101 5257 5100
f 5101 5258 5257
f 5102 5258 5101
f 5102 5259 5258
f 5103 5259 5102
f 5103 5260 5259
f 5104 5260 5103
f 5104 5261 5260
f 5105 5261 5104
f 5105 5262 5261
f 5106 5262 5105
f 5106 5263 5262
f 5107 5263 5106
f 5107 5264 5263
f 5108 5264 5107
f 5108 5265 5264
f 5109 5265 5108
f 5109 5266 5265
f 5110 5266 5109
f 5110 5267 5266
f 5111 5267 5110
f 5111 5268 5267
f 5112 5268 5111
f 5112 5269 5268
f 5113 5269 5112
f 5113 5270 5269
f 5114 5270 5113
f 5114 5271 5270
f 5115 5271 5114
f 5115 5272 5271
f 5116 5272 5115
f 5116 5273 5272
f 5117 5273 5116
f 5117 5274 5273
f 5119 5275 5118
f 5119 5276 5275
f 5120 5276 5119
f 5120 5277 5276
f 5121 5277 5120
f 5121 5278 5277
f 5122 5278 5121
f 5122 5279 5278
f 5123 5279 5122
f 5123 5280 5279
f 5124 5280 5123
f 5124 5281 5280
f 5125 5281 5124
f 5125 5282 5281
f 5126 5282 5125
f 5126 5283 5282
f 5127 5283 5126
f 5127 5284 5283
f 5128 5284 5127
f 5128 5285 5284
f 5129 5285 5128
f 5129 5286 5285
f 5130 5286 5129
f 5130 5287 5286
f 5131 5287 5130
f 5131 5288 5287
f 5132 5288 5131
f 5132 5289 5288
f 5133 5289 5132
f 5133 5290 5289
f 5134 5290 5133
f 5134 5291 5290
f 5135 5291 5134
f 5135 5292 5291
f 5136 5292 5135
f 5136 5293 5292
f 5137 5293 5136
f 5137 5294 5293
f 5138 5294 5137
f 5138 5295 5294
f 5139 5295 5138
f 5139 5296 5295
f 5140 5296 5139
f 5140 5297 5296
f 5141 5297 5140
f 5141 5298 5297
f 5142 5298 5141
f 5142 5299 5298
f 5143 5299 5142
f 5143 5300 5299
f 5144 5300 5143
f 5144 5301 5300
f 5145 5301 5144
f 5145 5302 5301
f 5146 5302 5145
f 5146 5303 5302
f 5147 5303 5146
f 5147 5304 5303
f 5148 5304 5147
f 5148 5305 5304
f 5149 5305 5148
f 5149 5306 5305
f 5150 5306 5149
f 5150 5307 5306
f 5151 5307 5150
f 5151 5308 5307
f 5152 5308 5151
f 5152 5309 5308
f 5153 5309 5152
f 5153 5310 5309
f 5154 5310 5153
f 5154 5311 5310
f 5155 5311 5154
f 5155 5312 5311
f 5156 5312 5155
f 5156 5313 5312
f 5157 5313 5156
f 5157 5314 5313
f 5158 5314 5157
f 5158 5315 5314
f 5159 5315 5158
f 5159 5316 5315
f 5160 5316 5159
f 5160 5317 5316
f 5161 5317 5160
f 5161 5318 5317
f 5162 5318 5161
f 5162 5319 5318
f 5163 5319 5162
f 5163 5320 5319
f 5164 5320 5163
f 5164 5321 5320
f 5165 5321 5164
f 5165 5322 5321
f 5166 5322 5165
f 5166 5323 5322
f 5167 5323 5166
f 5167 5324 5323
f 5168 5324 5167
f 5168 5325 5324
f 5169 5325 5168
f 5169 5326 5325
f 5170 5326 5169
f 5170 5327 5326
f 5171 5327 5170
f 5171 5328 5327
f 5172 5328 5171
f 5172 5329 5328
f 5173 5329 5172
f 5173 5330 5329
f 5174 5330 5173
f 5174 5331 5330
f 5175 5331 5174
f 5175 5332 5331
f 5176 5332 5175
f 5176 5333 5332
f 5177 5333 5176
f 5177 5334 5333
f 5178 5334 5177
f 5178 5335 5334
f 5179 5335 5178
f 5179 5336 5335
f 5180 5336 5179
f 5180 5337 5336
f 5181 5337 5180
f 5181 5338 5337
f 5182 5338 5181
f 5182 5339 5338
f 5183 5339 5182
f 5183 5340 5339
f 5184 5340 5183
f 5184 5341 5340
f 5185 5341 5184
f 5185 5342 5341
f 5186 5342 5185
f 5186 5343 5342
f 5187 5343 5186
f 5187 5344 5343
f 5188 5344 5187
f 5188 5345 5344
f 5189 5345 5188
f 5189 5346 5345
f 5190 5346 5189
f 5190 5347 5346
f 5191 5347 5190
f 5191 5348 5347
f 5192 5348 5191
f 5192 5349 5348
f 5193 5349 5192
f 5193 5350 5349
f 5194 5350 5193
f 5194 5351 5350
f 5195 5351 5194
f 5195 5352 5351
f 5196 5352 5195
f 5196 5353 5352
f 5197 5353 5196
f 5197 5354 5353
f 5198 5354 5197
f 5198 5355 5354
f 5199 5355 5198
f 5199 5356 5355
f 5200 5356 5199
f 5200 5357 5356
f 5201 5357 5200
f 5201 5358 5357
f 5202 5358 5201
f 5202 5359 5358
f 5203 5359 5202
f 5203 5360 5359
f 5204 5360 5203
f 5204 5361 5360
f 5205 5361 5204
f 5205 5362 5361
f 5206 5362 5205
f 5206 5363 5362
f 5207 5363 5206
f 5207 5364 5363
f 5208 5364 5207
f 5208 5365 5364
f 5209 5365 5208
f 5209 5366 5365
f 5210 5366 5209
f 5210 5367 5366
f 5211 5367 5210
f 5211 5368 5367
f 5212 5368 5211
f 5212 5369 5368
f 5214 5370 5213
f 5214 5371 5370
f 5215 5371 5214
f 5215 5372 5371
f 5216 5372 5215
f 5216 5373 5372
f 5217 5373 5216
f 5217 5374 5373
f 5218 5374 5217
f 5218 5375 5374
f 5219 5375 5218
f 5219 5376 5375
f 5220 5376 5219
f 5220 5377 5376
f 5221 5377 5220
f 5221 5378 5377
f 5222 5378 5221
f 5222 5379 5378
f 5223 5379 5222
f 5223 5380 5379
f 5224 5380 5223
f 5224 5381 5380
f 5225 5381 5224
f 5225 5382 5381
f 5226 5382 5225
f 5226 5383 5382
f 5227 5383 5226
f 5227 5384 5383
f 5228 5384 5227
f 5228 5385 5384
f 5229 5385 5228
f 5229 5386 5385
f 5230 5386 5229
f 5230 5387 5386
f 5231 5387 5230
f 5231 5388 5387
f 5232 5388 5231
f 5232 5389 5388
f 5233 5389 5232
f 5233 5390 5389
f 5234 5390 5233
f 5234 5391 5390
f 5235 5391 5234
f 5235 5392 5391
f 5236 5392 5235
f 5236 5393 5392
f 5237 5393 5236
f 5237 5394 5393
f 5238 5394 5237
f 5238 5395 5394
f 5239 5395 5238
f 5239 5396 5395
f 5240 5396 5239
f 5240 5397 5396
f 5241 5397 5240
f 5241 5398 5397
f 5242 5398 5241
f 5242 5399 5398
f 5243 5399 5242
f 5243 5400 5399
f 5244 5400 5243
f 5244 5401 5400
f 5245 5401 5244
f 5245 5402 5401
f 5246 5402 5245
f 5246 5403 5402
f 5247 5403 5246
f 5247 5404 5403
f 5248 5404 5247
f 5248 5405 5404
f 5249 5405 5248
f 5249 5406 5405
f 5250 5406 5249
f 5250 5407 5406
f 5251 5407 5250
f 5251 5408 5407
f 5252 5408 5251
f 5252 5409 5408
f 5253 5409 5252
f 5253 5410 5409
f 5254 5410 5253
f 5254 5411 5410
f 5255 5411 5254
f 5255 5412 5411
f 5256 5412 5255
f 5256 5413 5412
f 5257 5413 5256
f 5257 5414 5413
f 5258 5414 5257
f 5258 5415 5414
f 5259 5415 5258
f 5259 5416 5415
f 5260 5416 5259
f 5260 5417 5416
f 5261 5417 5260
f 5261 5418 5417
f 5262 5418 5261
f 5262 5419 5418
f 5263 5419 5262
f 5263 5420 5419
f 5264 5420 5263
f 5264 5421 5420
f 5265 5421 5264
f 5265 5422 5421
f 5266 5422 5265
f 5266 5423 5422
f 5267 5423 5266
f 5267 5424 5423
f 5268 5424 5267
f 5268 5425 5424
f 5269 5425 5268
f 5269 5426 5425
f 5270 5426 5269
f 5270 5427 5426
f 5271 5427 5270
f 5271 5428 5427
f 5272 5428 5271
f 5272 5429 5428
f 5273 5429 5272
f 5273 5430 5429
f 5274 5430 5273
f 5276 5431 5275
f 5276 5432 5431
f 5277 5432 5276
f 5277 5433 5432
f 5278 5433 5277
f 5278 5434 5433
f 5279 5434 5278
f 5279 5435 5434
f 5280 5435 5279
f 5280 5436 5435
f 5281 5436 5280
f 5281 5437 5436
f 5282 5437 5281
f 5282 5438 5437
f 5283 5438 5282
f 5283 5439 5438
f 5284 5439 5283
f 5284 5440 5439
f 5285 5440 5284
f 5285 5441 5440
f 5286 5441 5285
f 5286 5442 5441
f 5287 5442 5286
f 5287 5443 5442
f 5288 5443 5287
f 5288 5444 5443
f 5289 5444 5288
f 5289 5445 5444
f 5290 5445 5289
f 5290 5446 5445
f 5291 5446 5290
f 5291 5447 5446
f 5292 5447 5291
f 5292 5448 5447
f 5293 5448 5292
f 5293 5449 5448
f 5294 5449 5293
f 5294 5450 5449
f 5295 5450 5294
f 5295 5451 5450
f 5296 5451 5295
f 5296 5452 5451
f 5297 5452 5296
f 5297 5453 5452
f 5298 5453 5297
f 5298 5454 5453
f 5299 5454 5298
f 5299 5455 5454
f 5300 5455 5299
f 5300 5456 5455
f 5301 5456 5300
f 5301 5457 5456
f 5302 5457 5301
f 5302 5458 5457
f 5303 5458 5302
f 5303 5459 5458
f 5304 5459 5303
f 5304 5460 5459
f 5305 5460 5304
f 5305 5461 5460
f 5306 5461 5305
f 5306 5462 5461
f 5307 5462 5306
f 5307 5463 5462
f 5308 5463 5307
f 5308 5464 5463
f 5309 5464 5308
f 5309 5465 5464
f 5310 5465 5309
f 5310 5466 5465
f 5311 5466 5310
f 5311 5467 5466
f 5312 5467 5311
f 5312 5468 5467
f 5313 5468 5312
f 5313 5469 5468
f 5314 5469 5313
f 5314 5470 5469
f 5315 5470 5314
f 5315 5471 5470
f 5316 5471 5315
f 5316 5472 5471
f 5317 5472 5316
f 5317 5473 5472
f 5318 5473 5317
f 5318 5474 5473
f 5319 5474 5318
f 5319 5475 5474
f 5320 5475 5319
f 5320 5476 5475
f 5321 5476 5320
f 5321 5477 5476
f 5322 5477 5321
f 5322 5478 5477
f 5323 5478 5322
f 5323 5479 5478
f 5324 5479 5323
f 5324 5480 5479
f 5325 5480 5324
f 5325 5481 5480
f 5326 5481 5325
f 5326 5482 5481
f 5327 5482 5326
f 5327 5483 5482
f 5328 5483 5327
f 5328 5484 5483
f 5329 5484 5328
f 5329 5485 5484
f 5330 5485 5329
f 5330 5486 5485
f 5331 5486 5330
f 5331 5487 5486
f 5332 5487 5331
f 5332 5488 5487
f 5333 5488 5332
f 5333 5489 5488
f 5334 5489 5333
f 5334 5490 5489
f 5335 5490 5334
f 5335 5491 5490
f 5336 5491 5335
f 5336 5492 5491
f 5337 5492 5336
f 5337 5493 5492
f 5338 5493 5337
f 5338 5494 5493
f 5339 5494 5338
f 5339 5495 5494
f 5340 5495 5339
f 5340 5496 5495
f 5341 5496 5340
f 5341 5497 5496
f 5342 5497 5341
f 5342 5498 5497
f 5343 5498 5342
f 5343 5499 5498
f 5344 5499 5343
f 5344 5500 5499
f 5345 5500 5344
f 5345 5501 5500
f 5346 5501 5345
f 5346 5502 5501
f 5347 5502 5346
f 5347 5503 5502
f 5348 5503 5347
f 5348 5504 5503
f 5349 5504 5348
f 5349 5505 5504
f 5350 5505 5349
f 5350 5506 5505
f 5351 5506 5350
f 5351 5507 5506
f 5352 5507 5351
f 5352 5508 5507
f 5353 5508 5352
f 5353 5509 5508
f 5354 5509 5353
f 5354 5510 5509
f 5355 5510 5354
f 5355 5511 5510
f 5356 5511 5355
f 5356 5512 5511
f 5357 5512 5356
f 5357 5513 5512
f 5358 5513 5357
f 5358 5514 5513
f 5359 5514 5358
f 5359 5515 5514
f 5360 5515 5359
f 5360 5516 5515
f 5361 5516 5360
f 5361 5517 5516
f 5362 5517 5361
f 5362 5518 5517
f 5363 5518 5362
f 5363 5519 5518
f 5364 5519 5363
f 5364 5520 5519
f 5365 5520 5364
f 5365 5521 5520
f 5366 5521 5365
f 5366 5522 5521
f 5367 5522 5366
f 5367 5523 5522
f 5368 5523 5367
f 5368 5524 5523
f 5369 5524 5368
f 5369 5525 5524
f 5371 5526 5370
f 5371 5527 5526
f 5372 5527 5371
f 5372 5528 5527
f 5373 5528 5372
f 5373 5529 5528
f 5374 5529 5373
f 5374 5530 5529
f 5375 5530 5374
f 5375 5531 5530
f 5376 5531 5375
f 5376 5532 5531
f 5377 5532 5376
f 5377 5533 5532
f 5378 5533 5377
f 5378 5534 5533
f 5379 5534 5378
f 5379 5535 5534
f 5380 5535 5379
f 5380 5536 5535
f 5381 5536 5380
f 5381 5537 5536
f 5382 5537 5381
f 5382 5538 5537
f 5383 5538 5382
f 5383 5539 5538
f 5384 5539 5383
f 5384 5540 5539
f 5385 5540 5384
f 5385 5541 5540
f 5386 5541 5385
f 5386 5542 5541
f 5387 5542 5386
f 5387 5543 5542
f 5388 5543 5387
f 5388 5544 5543
f 5389 5544 5388
f 5389 5545 5544
f 5390 5545 5389
f 5390 5546 5545
f 5391 5546 5390
f 5391 5547 5546
f 5392 5547 5391
f 5392 5548 5547
f 5393 5548 5392
f 5393 5549 5548
f 5394 5549 5393
f 5394 5550 5549
f 5395 5550 5394
f 5395 5551 5550
f 5396 5551 5395
f 5396 5552 5551
f 5397 5552 5396
f 5397 5553 5552
f 5398 5553 5397
f 5398 5554 5553
f 5399 5554 5398
f 5399 5555 5554
f 5400 5555 5399
f 5400 5556 5555
f 5401 5556 5400
f 5401 5557 5556
f 5402 5557 5401
f 5402 5558 5557
f 5403 5558 5402
f 5403 5559 5558
f 5404 5559 5403
f 5404 5560 5559
f 5405 5560 5404
f 5405 5561 5560
f 5406 5561 5405
f 5406 5562 5561
f 5407 5562 5406
f 5407 5563 5562
f 5408 5563 5407
f 5408 5564 5563
f 5409 5564 5408
f 5409 5565 5564
f 5410 5565 5409
f 5410 5566 5565
f 5411 5566 5410
f 5411 5567 5566
f 5412 5567 5411
f 5412 5568 5567
f 5413 5568 5412
f 5413 5569 5568
f 5414 5569 5413
f 5414 5570 5569
f 5415 5570 5414
f 5415 5571 5570
f 5416 5571 5415
f 5416 5572 5571
f 5417 5572 5416
f 5417 5573 5572
f 5418 5573 5417
f 5418 5574 5573
f 5419 5574 5418
f 5419 5575 5574
f 5420 5575 5419
f 5420 5576 5575
f 5421 5576 5420
f 5421 5577 5576
f 5422 5577 5421
f 5422 5578 5577
f 5423 5578 5422
f 5423 5579 5578
f 5424 5579 5423
f 5424 5580 5579
f 5425 5580 5424
f 5425 5581 5580
f 5426 5581 5425
f 5426 5582 5581
f 5427 5582 5426
f 5427 5583 5582
f 5428 5583 5427
f 5428 5584 5583
f 5429 5584 5428
f 5429 5585 5584
f 5430 5585 5429
f 5430 5586 5585
f 5432 5587 5431
f 5432 5588 5587
f 5433 5588 5432
f 5433 5589 5588
f 5434 5589 5433
f 5434 5590 5589
f 5435 5590 5434
f 5435 5591 5590
f 5436 5591 5435
f 5436 5592 5591
f 5437 5592 5436
f 5437 5593 5592
f 5438 5593 5437
f 5438 5594 5593
f 5439 5594 5438
f 5439 5595 5594
f 5440 5595 5439
f 5440 5596 5595
f 5441 5596 5440
f 5441 5597 5596
f 5442 5597 5441
f 5442 5598 5597
f 5443 5598 5442
f 5443 5599 5598
f 5444 5599 5443
f 5444 5600 5599
f 5445 5600 5444
f 5445 5601 5600
f 5446 5601 5445
f 5446 5602 5601
f 5447 5602 5446
f 5447 5603 5602
f 5448 5603 5447
f 5448 5604 5603
f 5449 5604 5448
f 5449 5605 5604
f 5450 5605 5449
f 5450 5606 5605
f 5451 5606 5450
f 5451 5607 5606
f 5452 5607 5451
f 5452 5608 5607
f 5453 5608 5452
f 5453 5609 5608
f 5454 5609 5453
f 5454 5610 5609
f 5455 5610 5454
f 5455 5611 5610
f 5456 5611 5455
f 5456 5612 5611
f 5457 5612 5456
f 5457 5613 5612
f 5458 5613 5457
f 5458 5614 5613
f 5459 5614 5458
f 5459 5615 5614
f 5460 5615 5459
f 5460 5616 5615
f 5461 5616 5460
f 5461 5617 5616
f 5462 5617 5461
f 5462 5618 5617
f 5463 5618 5462
f 5463 5619 5618
f 5464 5619 5463
f 5464 5620 5619
f 5465 5620 5464
f 5465 5621 5620
f 5466 5621 5465
f 5466 5622 5621
f 5467 5622 5466
f 5467 5623 5622
f 5468 5623 5467
f 5468 5624 5623
f 5469 5624 5468
f 5469 5625 5624
f 5470 5625 5469
f 5470 5626 5625
f 5471 5626 5470
f 5471 5627 5626
f 5472 5627 5471
f 5472 5628 5627
f 5473 5628 5472
f 5473 5629 5628
f 5474 5629 5473
f 5474 5630 5629
f 5475 5630 5474
f 5475 5631 5630
f 5476 5631 5475
f 5476 5632 5631
f 5477 5632 5476
f 5477 5633 5632
f 5478 5633 5477
f 5478 5634 5633
f 5479 5634 5478
f 5479 5635 5634
f 5480 5635 5479
f 5480 5636 5635
f 5481 5636 5480
f 5481 5637 5636
f 5482 5637 5481
f 5482 5638 5637
f 5483 5638 5482
f 5483 5639 5638
f 5484 5639 5483
f 5484 5640 5639
f 5485 5640 5484
f 5485 5641 5640
f 5486 5641 5485
f 5486 5642 5641
f 5487 5642 5486
f 5487 5643 5642
f 5488 5643 5487
f 5488 5644 5643
f 5489 5644 5488
f 5489 5645 5644
f 5490 5645 5489
f 5490 5646 5645
f 5491 5646 5490
f 5491 5647 5646
f 5492 5647 5491
f 5492 5648 5647
f 5493 5648 5492
f 5493 5649 5648
f 5494 5649 5493
f 5494 5650 5649
f 5495 5650 5494
f 5495 5651 5650
f 5496 5651 5495
f 5496 5652 5651
f 5497 5652 5496
f 5497 5653 5652
f 5498 5653 5497
f 5498 5654 5653
f 5499 5654 5498
f 5499 5655 5654
f 5500 5655 5499
f 5500 5656 5655
f 5501 5656 5500
f 5501 5657 5656
f 5502 5657 5501
f 5502 5658 5657
f 5503 5658 5502
f 5503 5659 5658
f 5504 5659 5503
f 5504 5660 5659
f 5505 5660 5504
f 5505 5661 5660
f 5506 5661 5505
f 5506 5662 5661
f 5507 5662 5506
f 5507 5663 5662
f 5508 5663 5507
f 5508 5664 5663
f 5509 5664 5508
f 5509 5665 5664
f 5510 5665 5509
f 5510 5666 5665
f 5511 5666 5510
f 5511 5667 5666
f 5512 5667 5511
f 5512 5668 5667
f 5513 5668 5512
f 5513 5669 5668
f 5514 5669 5513
f 5514 5670 5669
f 5515 5670 5514
f 5515 5671 5670
f 5516 5671 5515
f 5516 5672 5671
f 5517 5672 5516
f 5517 5673 5672
f 5518 5673 5517
f 5518 5674 5673
f 5519 5674 5518
f 5519 5675 5674
f 5520 5675 5519
f 5520 5676 5675
f 5521 5676 5520
f 5521 5677 5676
f 5522 5677 5521
f 5522 5678 5677
f 5523 5678 5522
f 5523 5679 5678
f 5524 5679 5523
f 5524 5680 5679
f 5525 5680 5524
f 5525 5681 5680
f 5526 5682 5681
f 5527 5682 5526
f 5527 5683 5682
f 5528 5683 5527
f 5528 5684 5683
f 5529 5684 5528
f 5529 5685 5684
f 5530 5685 5529
f 5530 5686 5685
f 5531 5686 5530
f 5531 5687 5686
f 5532 5687 5531
f 5532 5688 5687
f 5533 5688 5532
f 5533 5689 5688
f 5534 5689 5533
f 5534 5690 5689
f 5535 5690 5534
f 5535 5691 5690
f 5536 5691 5535
f 5536 5692 5691
f 5537 5692 5536
f 5537 5693 5692
f 5538 5693 5537
f 5538 5694 5693
f 5539 5694 5538
f 5539 5695 5694
f 5540 5695 5539
f 5540 5696 5695
f 5541 5696 5540
f 5541 5697 5696
f 5542 5697 5541
f 5542 5698 5697
f 5543 5698 5542
f 5543 5699 5698
f 5544 5699 5543
f 5544 5700 5699
f 5545 5700 5544
f 5545 5701 5700
f 5546 5701 5545
f 5546 5702 5701
f 5547 5702 5546
f 5547 5703 5702
f 5548 5703 5547
f 5548 5704 5703
f 5549 5704 5548
f 5549 5705 5704
f 5550 5705 5549
f 5550 5706 5705
f 5551 5706 5550
f 5551 5707 5706
f 5552 5707 5551
f 5552 5708 5707
f 5553 5708 5552
f 5553 5709 5708
f 5554 5709 5553
f 5554 5710 5709
f 5555 5710 5554
f 5555 5711 5710
f 5556 5711 5555
f 5556 5712 5711
f 5557 5712 5556
f 5557 5713 5712
f 5558 5713 5557
f 5558 5714 5713
f 5559 5714 5558
f 5559 5715 5714
f 5560 5715 5559
f 5560 5716 5715
f 5561 5716 5560
f 5561 5717 5716
f 5562 5717 5561
f 5562 5718 5717
f 5563 5718 5562
f 5563 5719 5718
f 5564 5719 5563
f 5564 5720 5719
f 5565 5720 5564
f 5565 5721 5720
f 5566 5721 5565
f 5566 5722 5721
f 5567 5722 5566
f 5567 5723 5722
f 5568 5723 5567
f 5568 5724 5723
f 5569 5724 5568
f 5569 5725 5724
f 5570 5725 5569
f 5570 5726 5725
f 5571 5726 5570
f 5571 5727 5726
f 5572 5727 5571
f 5572 5728 5727
f 5573 5728 5572
f 5573 5729 5728
f 5574 5729 5573
f 5574 5730 5729
f 5575 5730 5574
f 5575 5731 5730
f 5576 5731 5575
f 5576 5732 5731
f 5577 5732 5576
f 5577 5733 5732
f 5578 5733 5577
f 5578 5734 5733
f 5579 5734 5578
f 5579 5735 5734
f 5580 5735 5579
f 5580 5736 5735
f 5581 5736 5580
f 5581 5737 5736
f 5582 5737 5581
f 5582 5738 5737
f 5583 5738 5582
f 5583 5739 5738
f 5584 5739 5583
f 5584 5740 5739
f 5585 5740 5584
f 5585 5741 5740
f 5586 5741 5585
f 5586 5742 5741
f 5588 5743 5587
f 5588 5744 5743
f 5589 5744 5588
f 5589 5745 5744
f 5590 5745 5589
f 5590 5746 5745
f 5591 5746 5590
f 5591 5747 5746
f 5592 5747 5591
f 5592 5748 5747
f 5593 5748 5592
f 5593 5749 5748
f 5594 5749 5593
f 5594 5750 5749
f 5595 5750 5594
f 5595 5751 5750
f 5596 5751 5595
f 5596 5752 5751
f 5597 5752 5596
f 5597 5753 5752
f 5598 5753 5597
f 5598 5754 5753
f 5599 5754 5598
f 5599 5755 5754
f 5600 5755 5599
f 5600 5756 5755
f 5601 5756 5600
f 5601 5757 5756
f 5602 5757 5601
f 5602 5758 5757
f 5603 5758 5602
f 5603 5759 5758
f 5604 5759 5603
f 5604 5760 5759
f 5605 5760 5604
f 5605 5761 5760
f 5606 5761 5605
f 5606 5762 5761
f 5607 5762 5606
f 5607 5763 5762
f 5608 5763 5607
f 5608 5764 5763
f 5609 5764 5608
f 5609 5765 5764
f 5610 5765 5609
f 5610 5766 5765
f 5611 5766 5610
f 5611 5767 5766
f 5612 5767 5611
f 5612 5768 5767
f 5613 5768 5612
f 5613 5769 5768
f 5614 5769 5613
f 5614 5770 5769
f 5615 5770 5614
f 5615 5771 5770
f 5616 5771 5615
f 5616 5772 5771
f 5617 5772 5616
f 5617 5773 5772
f 5618 5773 5617
f 5618 5774 5773
f 5619 5774 5618
f 5619 5775 5774
f 5620 5775 5619
f 5620 5776 5775
f 5621 5776 5620
f 5621 5777 5776
f 5622 5777 5621
f 5622 5778 5777
f 5623 5778 5622
f 5623 5779 5778
f 5624 5779 5623
f 5624 5780 5779
f 5625 5780 5624
f 5625 5781 5780
f 5626 5781 5625
f 5626 5782 5781
f 5627 5782 5626
f 5627 5783 5782
f 5628 5783 5627
f 5628 5784 5783
f 5629 5784 5628
f 5629 5785 5784
f 5630 5785 5629
f 5630 5786 5785
f 5631 5786 5630
f 5631 5787 5786
f 5632 5787 5631
f 5632 5788 5787
f 5633 5788 5632
f 5633 5789 5788
f 5634 5789 5633
f 5634 5790 5789
f 5635 5790 5634
f 5635 5791 5790
f 5636 5791 5635
f 5636 5792 5791
f 5637 5792 5636
f 5637 5793 5792
f 5638 5793 5637
f 5638 5794 5793
f 5639 5794 5638
f 5639 5795 5794
f 5640 5795 5639
f 5640 5796 5795
f 5641 5796 5640
f 5641 5797 5796
f 5642 5797 5641
f 5642 5798 5797
f 5643 5798 5642
f 5643 5799 5798
f 5644 5799 5643
f 5644 5800 5799
f 5645 5800 5644
f 5645 5801 5800
f 5646 5801 5645
f 5646 5802 5801
f 5647 5802 5646
f 5647 5803 5802
f 5648 5803 5647
f 5648 5804 5803
f 5649 5804 5648
f 5649 5805 5804
f 5650 5805 5649
f 5650 5806 5805
f 5651 5806 5650
f 5651 5807 5806
f 5652 5807 5651
f 5652 5808 5807
f 5653 5808 5652
f 5653 5809 5808
f 5654 5809 5653
f 5654 5810 5809
f 5655 5810 5654
f 5655 5811 5810
f 5656 5811 5655
f 5656 5812 5811
f 5657 5812 5656
f 5657 5813 5812
f 5658 5813 5657
f 5658 5814 5813
f 5659 5814 5658
f 5659 5815 5814
f 5660 5815 5659
f 5660 5816 5815
f 5661 5816 5660
f 5661 5817 5816
f 5662 5817 5661
f 5662 5818 5817
f 5663 5818 5662
f 5663 5819 5818
f 5664 5819 5663
f 5664 5820 5819
f 5665 5820 5664
f 5665 5821 5820
f 5666 5821 5665
f 5666 5822 5821
f 5667 5822 5666
f 5667 5823 5822
f 5668 5823 5667
f 5668 5824 5823
f 5669 5824 5668
f 5669 5825 5824
f 5670 5825 5669
f 5670 5826 5825
f 5671 5826 5670
f 5671 5827 5826
f 5672 5827 5671
f 5672 5828 5827
f 5673 5828 5672
f 5673 5829 5828
f 5674 5829 5673
f 5674 5830 5829
f 5675 5830 5674
f 5675 5831 5830
f 5676 5831 5675
f 5676 5832 5831
f 5677 5832 5676
f 5677 5833 5832
f 5678 5833 5677
f 5678 5834 5833
f 5679 5834 5678
f 5679 5835 5834
f 5680 5835 5679
f 5680 5836 5835
f 5681 5836 5680
f 5681 5837 5836
f 5682 5837 5681
f 5682 5838 5837
f 5683 5838 5682
f 5683 5839 5838
f 5684 5839 5683
f 5684 5840 5839
f 5685 5840 5684
f 5685 5841 5840
f 5686 5841 5685
f 5686 5842 5841
f 5687 5842 5686
f 5687 5843 5842
f 5688 5843 5687
f 5688 5844 5843
f 5689 5844 5688
f 5689 5845 5844
f 5690 5845 5689
f 5690 5846 5845
f 5691 5846 5690
f 5691 5847 5846
f 5692 5847 5691
f 5692 5848 5847
f 5693 5848 5692
f 5693 5849 5848
f 5694 5849 5693
f 5694 5850 5849
f 5695 5850 5694
f 5695 5851 5850
f 5696 5851 5695
f 5696 5852 5851
f 5697 5852 5696
f 5697 5853 5852
f 5698 5853 5697
f 5698 5854 5853
f 5699 5854 5698
f 5699 5855 5854
f 5700 5855 5699
f 5700 5856 5855
f 5701 5856 5700
f 5701 5857 5856
f 5702 5857 5701
f 5702 5858 5857
f 5703 5858 5702
f 5703 5859 5858
f 5704 5859 5703
f 5704 5860 5859
f 5705 5860 5704
f 5705 5861 5860
f 5706 5861 5705
f 5706 5862 5861
f 5707 5862 5706
f 5707 5863 5862
f 5708 5863 5707
f 5708 5864 5863
f 5709 5864 5708
f 5709 5865 5864
f 5710 5865 5709
f 5710 5866 5865
f 5711 5866 5710
f 5711 5867 5866
f 5712 5867 5711
f 5712 5868 5867
f 5713 5868 5712
f 5713 5869 5868
f 5714 5869 5713
f 5714 5870 5869
f 5715 5870 5714
f 5715 5871 5870
f 5716 5871 5715
f 5716 5872 5871
f 5717 5872 5716
f 5717 5873 5872
f 5718 5873 5717
f 5718 5874 5873
f 5719 5874 5718
f 5719 5875 5874
f 5720 5875 5719
f 5720 5876 5875
f 5721 5876 5720
f 5721 5877 5876
f 5722 5877 5721
f 5722 5878 5877
f 5723 5878 5722
f 5723 5879 5878
f 5724 5879 5723
f 5724 5880 5879
f 5725 5880 5724
f 5725 5881 5880
f 5726 5881 5725
f 5726 5882 5881
f 5727 5882 5726
f 5727 5883 5882
f 5728 5883 5727
f 5728 5884 5883
f 5729 5884 5728
f 5729 5885 5884
f 5730 5885 5729
f 5730 5886 5885
f 5731 5886 5730
f 5731 5887 5886
f 5732 5887 5731
f 5732 5888 5887
f 5733 5888 5732
f 5733 5889 5888
f 5734 5889 5733
f 5734 5890 5889
f 5735 5890 5734
f 5735 5891 5890
f 5736 5891 5735
f 5736 5892 5891
f 5737 5892 5736
f 5737 5893 5892
f 5738 5893 5737
f 5738 5894 5893
f 5739 5894 5738
f 5739 5895 5894
f 5740 5895 5739
f 5740 5896 5895
f 5741 5896 5740
f 5741 5897 5896
f 5742 5897 5741
f 5742 5898 5897
f 5744 5899 5743
f 5744 5900 5899
f 5745 5900 5744
f 5745 5901 5900
f 5746 5901 5745
f 5746 5902 5901
f 5747 5902 5746
f 5747 5903 5902
f 5748 5903 5747
f 5748 5904 5903
f 5749 5904 5748
f 5749 5905 5904
f 5750 5905 5749
f 5750 5906 5905
f 5751 5906 5750
f 5751 5907 5906
f 5752 5907 5751
f 5752 5908 5907
f 5753 5908 5752
f 5753 5909 5908
f 5754 5909 5753
f 5754 5910 5909
f 5755 5910 5754
f 5755 5911 5910
f 5756 5911 5755
f 5756 5912 5911
f 5757 5912 5756
f 5757 5913 5912
f 5758 5913 5757
f 5758 5914 5913
f 5759 5914 5758
f 5759 5915 5914
f 5760 5915 5759
f 5760 5916 5915
f 5761 5916 5760
f 5761 5917 5916
f 5762 5917 5761
f 5762 5918 5917
f 5763 5918 5762
f 5763 5919 5918
f 5764 5919 5763
f 5764 5920 5919
f 5765 5920 5764
f 5765 5921 5920
f 5766 5921 5765
f 5766 5922 5921
f 5767 5922 5766
f 5767 5923 5922
f 5768 5923 5767
f 5768 5924 5923
f 5769 5924 5768
f 5769 5925 5924
f 5770 5925 5769
f 5770 5926 5925
f 5771 5926 5770
f 5771 5927 5926
f 5772 5927 5771
f 5772 5928 5927
f 5773 5928 5772
f 5773 5929 5928
f 5774 5929 5773
f 5774 5930 5929
f 5775 5930 5774
f 5775 5931 5930
f 5776 5931 5775
f 5776 5932 5931
f 5777 5932 5776
f 5777 5933 5932
f 5778 5933 5777
f 5778 5934 5933
f 5779 5934 5778
f 5779 5935 5934
f 5780 5935 5779
f 5780 5936 5935
f 5781 5936 5780
f 5781 5937 5936
f 5782 5937 5781
f 5782 5938 5937
f 5783 5938 5782
f 5783 5939 5938
f 5784 5939 5783
f 5784 5940 5939
f 5785 5940 5784
f 5785 5941 5940
f 5786 5941 5785
f 5786 5942 5941
f 5787 5942 5786
f 5787 5943 5942
f 5788 5943 5787
f 5788 5944 5943
f 5789 5944 5788
f 5789 5945 5944
f 5790 5945 5789
f 5790 5946 5945
f 5791 5946 5790
f 5791 5947 5946
f 5792 5947 5791
f 5792 5948 5947
f 5793 5948 5792
f 5793 5949 5948
f 5794 5949 5793
f 5794 5950 5949
f 5795 5950 5794
f 5795 5951 5950
f 5796 5951 5795
f 5796 5952 5951
f 5797 5952 5796
f 5797 5953 5952
f 5798 5953 5797
f 5798 5954 5953
f 5799 5954 5798
f 5799 5955 5954
f 5800 5955 5799
f 5800 5956 5955
f 5801 5956 5800
f 5801 5957 5956
f 5802 5957 5801
f 5802 5958 5957
f 5803 5958 5802
f 5803 5959 5958
f 5804 5959 5803
f 5804 5960 5959
f 5805 5960 5804
f 5805 5961 5960
f 5806 5961 5805
f 5806 5962 5961
f 5807 5962 5806
f 5807 5963 5962
f 5808 5963 5807
f 5808 5964 5963
f 5809 5964 5808
f 5809 5965 5964
f 5810 5965 5809
f 5810 5966 5965
f 5811 5966 5810
f 5811 5967 5966
f 5812 5967 5811
f 5812 5968 5967
f 5813 5968 5812
f 5813 5969 5968
f 5814 5969 5813
f 5814 5970 5969
f 5815 5970 5814
f 5815 5971 5970
f 5816 5971 5815
f 5816 5972 5971
f 5817 5972 5816
f 5817 5973 5972
f 5818 5973 5817
f 5818 5974 5973
f 5819 5974 5818
f 5819 5975 5974
f 5820 5975 5819
f 5820 5976 5975
f 5821 5976 5820
f 5821 5977 5976
f 5822 5977 5821
f 5822 5978 5977
f 5823 5978 5822
f 5823 5979 5978
f 5824 5979 5823
f 5824 5980 5979
f 5825 5980 5824
f 5825 5981 5980
f 5826 5981 5825
f 5826 5982 5981
f 5827 5982 5826
f 5827 5983 5982
f 5828 5983 5827
f 5828 5984 5983
f 5829 5984 5828
f 5829 5985 5984
f 5830 5985 5829
f 5830 5986 5985
f 5831 5986 5830
f 5831 5987 5986
f 5832 5987 5831
f 5832 5988 5987
f 5833 5988 5832
f 5833 5989 5988
f 5834 5989 5833
f 5834 5990 5989
f 5835 5990 5834
f 5835 5991 5990
f 5836 5991 5835
f 5836 5992 5991
f 5837 5992 5836
f 5837 5993 5992
f 5838 5993 5837
f 5838 5994 5993
f 5839 5994 5838
f 5839 5995 5994
f 5840 5995 5839
f 5840 5996 5995
f 5841 5996 5840
f 5841 5997 5996
f 5842 5997 5841
f 5842 5998 5997
f 5843 5998 5842
f 5843 5999 5998
f 5844 5999 5843
f 5844 6000 5999
f 5845 6000 5844
f 5845 6001 6000
f 5846 6001 5845
f 5846 6002 6001
f 5847 6002 5846
f 5847 6003 6002
f 5848 6003 5847
f 5848 6004 6003
f 5849 6004 5848
f 5849 6005 6004
f 5850 6005 5849
f 5850 6006 6005
f 5851 6006 5850
f 5851 6007 6006
f 5852 6007 5851
f 5852 6008 6007
f 5853 6008 5852
f 5853 6009 6008
f 5854 6009 5853
f 5854 6010 6009
f 5855 6010 5854
f 5855 6011 6010
f 5856 6011 5855
f 5856 6012 6011
f 5857 6012 5856
f 5857 6013 6012
f 5858 6013 5857
f 5858 6014 6013
f 5859 6014 5858
f 5859 6015 6014
f 5860 6015 5859
f 5860 6016 6015
f 5861 6016 5860
f 5861 6017 6016
f 5862 6017 5861
f 5862 6018 6017
f 5863 6018 5862
f 5863 6019 6018
f 5864 6019 5863
f 5864 6020 6019
f 5865 6020 5864
f 5865 6021 6020
f 5866 6021 5865
f 5866 6022 6021
f 5867 6022 5866
f 5867 6023 6022
f 5868 6023 5867
f 5868 6024 6023
f 5869 6024 5868
f 5869 6025 6024
f 5870 6025 5869
f 5870 6026 6025
f 5871 6026 5870
f 5871 6027 6026
f 5872 6027 5871
f 5872 6028 6027
f 5873 6028 5872
f 5873 6029 6028
f 5874 6029 5873
f 5874 6030 6029
f 5875 6030 5874
f 5875 6031 6030
f 5876 6031 5875
f 5876 6032 6031
f 5877 6032 5876
f 5877 6033 6032
f 5878 6033 5877
f 5878 6034 6033
f 5879 6034 5878
f 5879 6035 6034
f 5880 6035 5879
f 5880 6036 6035
f 5881 6036 5880
f 5881 6037 6036
f 5882 6037 5881
f 5882 6038 6037
f 5883 6038 5882
f 5883 6039 6038
f 5884 6039 5883
f 5884 6040 6039
f 5885 6040 5884
f 5885 6041 6040
f 5886 6041 5885
f 5886 6042 6041
f 5887 6042 5886
f 5887 6043 6042
f 5888 6043 5887
f 5888 6044 6043
f 5889 6044 5888
f 5889 6045 6044
f 5890 6045 5889
f 5890 6046 6045
f 5891 6046 5890
f 5891 6047 6046
f 5892 6047 5891
f 5892 6048 6047
f 5893 6048 5892
f 5893 6049 6048
f 5894 6049 5893
f 5894 6050 6049
f 5895 6050 5894
f 5895 6051 6050
f 5896 6051 5895
f 5896 6052 6051
f 5897 6052 5896
f 5897 6053 6052
f 5898 6053 5897
f 5898 6054 6053
f 5900 6055 5899
f 5900 6056 6055
f 5901 6056 5900
f 5901 6057 6056
f 5902 6057 5901
f 5902 6058 6057
f 5903 6058 5902
f 5903 6059 6058
f 5904 6059 5903
f 5904 6060 6059
f 5905 6060 5904
f 5905 6061 6060
f 5906 6061 5905
f 5906 6062 6061
f 5907 6062 5906
f 5907 6063 6062
f 5908 6063 5907
f 5908 6064 6063
f 5909 6064 5908
f 5909 6065 6064
f 5910 6065 5909
f 5910 6066 6065
f 5911 6066 5910
f 5911 6067 6066
f 5912 6067 5911
f 5912 6068 6067
f 5913 6068 5912
f 5913 6069 6068
f 5914 6069 5913
f 5914 6070 6069
f 5915 6070 5914
f 5915 6071 6070
f 5916 6071 5915
f 5916 6072 6071
f 5917 6072 5916
f 5917 6073 6072
f 5918 6073 5917
f 5918 6074 6073
f 5919 6074 5918
f 5919 6075 6074
f 5920 6075 5919
f 5920 6076 6075
f 5921 6076 5920
f 5921 6077 6076
f 5922 6077 5921
f 5922 6078 6077
f 5923 6078 5922
f 5923 6079 6078
f 5924 6079 5923
f 5924 6080 6079
f 5925 6080 5924
f 5925 6081 6080
f 5926 6081 5925
f 5926 6082 6081
f 5927 6082 5926
f 5927 6083 6082
f 5928 6083 5927
f 5928 6084 6083
f 5929 6084 5928
f 5929 6085 6084
f 5930 6085 5929
f 5930 6086 6085
f 5931 6086 5930
f 5931 6087 6086
f 5932 6087 5931
f 5932 6088 6087
f 5933 6088 5932
f 5933 6089 6088
f 5934 6089 5933
f 5934 6090 6089
f 5935 6090 5934
f 5935 6091 6090
f 5936 6091 5935
f 5936 6092 6091
f 5937 6092 5936
f 5937 6093 6092
f 5938 6093 5937
f 5938 6094 6093
f 5939 6094 5938
f 5939 6095 6094
f 5940 6095 5939
f 5940 6096 6095
f 5941 6096 5940
f 5941 6097 6096
f 5942 6097 5941
f 5942 6098 6097
f 5943 6098 5942
f 5943 6099 6098
f 5944 6099 5943
f 5944 6100 6099
f 5945 6100 5944
f 5945 6101 6100
f 5946 6101 5945
f 5946 6102 6101
f 5947 6102 5946
f 5947 6103 6102
f 5948 6103 5947
f 5948 6104 6103
f 5949 6104 5948
f 5949 6105 6104
f 5950 6105 5949
f 5950 6106 6105
f 5951 6106 5950
f 5951 6107 6106
f 5952 6107 5951
f 5952 6108 6107
f 5953 6108 5952
f 5953 6109 6108
f 5954 6109 5953
f 5954 6110 6109
f 5955 6110 5954
f 5955 6111 6110
f 5956 6111 5955
f 5956 6112 6111
f 5957 6112 5956
f 5957 6113 6112
f 5958 6113 5957
f 5958 6114 6113
f 5959 6114 5958
f 5959 6115 6114
f 5960 6115 5959
f 5960 6116 6115
f 5961 6116 5960
f 5961 6117 6116
f 5962 6117 5961
f 5962 6118 6117
f 5963 6118 5962
f 5963 6119 6118
f 5964 6119 5963
f 5964 6120 6119
f 5965 6120 5964
f 5965 6121 6120
f 5966 6121 5965
f 5966 6122 6121
f 5967 6122 5966
f 5967 6123 6122
f 5968 6123 5967
f 5968 6124 6123
f 5969 6124 5968
f 5969 6125 6124
f 5970 6125 5969
f 5970 6126 6125
f 5971 6126 5970
f 5971 6127 6126
f 5972 6127 5971
f 5972 6128 6127
f 5973 6128 5972
f 5973 6129 6128
f 5974 6129 5973
f 5974 6130 6129
f 5975 6130 5974
f 5975 6131 6130
f 5976 6131 5975
f 5976 6132 6131
f 5977 6132 5976
f 5977 6133 6132
f 5978 6133 5977
f 5978 6134 6133
f 5979 6134 5978
f 5979 6135 6134
f 5980 6135 5979
f 5980 6136 6135
f 5981 6136 5980
f 5981 6137 6136
f 5982 6137 5981
f 5982 6138 6137
f 5983 6138 5982
f 5983 6139 6138
f 5984 6139 5983
f 5984 6140 6139
f 5985 6140 5984
f 5985 6141 6140
f 5986 6141 5985
f 5986 6142 6141
f 5987 6142 5986
f 5987 6143 6142
f 5988 6143 5987
f 5988 6144 6143
f 5989 6144 5988
f 5989 6145 6144
f 5990 6145 5989
f 5990 6146 6145
f 5991 6146 5990
f 5991 6147 6146
f 5992 6147 5991
f 5992 6148 6147
f 5993 6148 5992
f 5993 6149 6148
f 5994 6149 5993
f 5994 6150 6149
f 5995 6150 5994
f 5995 6151 6150
f 5996 6151 5995
f 5996 6152 6151
f 5997 6152 5996
f 5997 6153 6152
f 5998 6153 5997
f 5998 6154 6153
f 5999 6154 5998
f 5999 6155 6154
f 6000 6155 5999
f 6000 6156 6155
f 6001 6156 6000
f 6001 6157 6156
f 6002 6157 6001
f 6002 6158 6157
f 6003 6158 6002
f 6003 6159 6158
f 6004 6159 6003
f 6004 6160 6159
f 6005 6160 6004
f 6005 6161 6160
f 6006 6161 6005
f 6006 6162 6161
f 6007 6162 6006
f 6007 6163 6162
f 6008 6163 6007
f 6008 6164 6163
f 6009 6164 6008
f 6009 6165 6164
f 6010 6165 6009
f 6010 6166 6165
f 6011 6166 6010
f 6011 6167 6166
f 6012 6167 6011
f 6012 6168 6167
f 6013 6168 6012
f 6013 6169 6168
f 6014 6169 6013
f 6014 6170 6169
f 6015 6170 6014
f 6015 6171 6170
f 6016 6171 6015
f 6016 6172 6171
f 6017 6172 6016
f 6017 6173 6172
f 6018 6173 6017
f 6018 6174 6173
f 6019 6174 6018
f 6019 6175 6174
f 6020 6175 6019
f 6020 6176 6175
f 6021 6176 6020
f 6021 6177 6176
f 6022 6177 6021
f 6022 6178 6177
f 6023 6178 6022
f 6023 6179 6178
f 6024 6179 6023
f 6024 6180 6179
f 6025 6180 6024
f 6025 6181 6180
f 6026 6181 6025
f 6026 6182 6181
f 6027 6182 6026
f 6027 6183 6182
f 6028 6183 6027
f 6028 6184 6183
f 6029 6184 6028
f 6029 6185 6184
f 6030 6185 6029
f 6030 6186 6185
f 6031 6186 6030
f 6031 6187 6186
f 6032 6187 6031
f 6032 6188 6187
f 6033 6188 6032
f 6033 6189 6188
f 6034 6189 6033
f 6034 6190 6189
f 6035 6190 6034
f 6035 6191 6190
f 6036 6191 6035
f 6036 6192 6191
f 6037 6192 6036
f 6037 6193 6192
f 6038 6193 6037
f 6038 6194 6193
f 6039 6194 6038
f 6039 6195 6194
f 6040 6195 6039
f 6040 6196 6195
f 6041 6196 6040
f 6041 6197 6196
f 6042 6197 6041
f 6042 6198 6197
f 6043 6198 6042
f 6043 6199 6198
f 6044 6199 6043
f 6044 6200 6199
f 6045 6200 6044
f 6045 6201 6200
f 6046 6201 6045
f 6046 6202 6201
f 6047 6202 6046
f 6047 6203 6202
f 6048 6203 6047
f 6048 6204 6203
f 6049 6204 6048
f 6049 6205 6204
f 6050 6205 6049
f 6050 6206 6205
f 6051 6206 6050
f 6051 6207 6206
f 6052 6207 6051
f 6052 6208 6207
f 6053 6208 6052
f 6053 6209 6208
f 6054 6209 6053
f 6054 6210 6209
f 6056 6211 6055
f 6056 6212 6211
f 6057 6212 6056
f 6057 6213 6212
f 6058 6213 6057
f 6058 6214 6213
f 6059 6214 6058
f 6059 6215 6214
f 6060 6215 6059
f 6060 6216 6215
f 6061 6216 6060
f 6061 6217 6216
f 6062 6217 6061
f 6062 6218 6217
f 6063 6218 6062
f 6063 6219 6218
f 6064 6219 6063
f 6064 6220 6219
f 6065 6220 6064
f 6065 6221 6220
f 6066 6221 6065
f 6066 6222 6221
f 6067 6222 6066
f 6067 6223 6222
f 6068 6223 6067
f 6068 6224 6223
f 6069 6224 6068
f 6069 6225 6224
f 6070 6225 6069
f 6070 6226 6225
f 6071 6226 6070
f 6071 6227 6226
f 6072 6227 6071
f 6072 6228 6227
f 6073 6228 6072
f 6073 6229 6228
f 6074 6229 6073
f 6074 6230 6229
f 6075 6230 6074
f 6075 6231 6230
f 6076 6231 6075
f 6076 6232 6231
f 6077 6232 6076
f 6077 6233 6232
f 6078 6233 6077
f 6078 6234 6233
f 6079 6234 6078
f 6079 6235 6234
f 6080 6235 6079
f 6080 6236 6235
f 6081 6236 6080
f 6081 6237 6236
f 6082 6237 6081
f 6082 6238 6237
f 6083 6238 6082
f 6083 6239 6238
f 6084 6239 6083
f 6084 6240 6239
f 6085 6240 6084
f 6085 6241 6240
f 6086 6241 6085
f 6086 6242 6241
f 6087 6242 6086
f 6087 6243 6242
f 6088 6243 6087
f 6088 6244 6243
f 6089 6244 6088
f 6089 6245 6244
f 6090 6245 6089
f 6090 6246 6245
f 6091 6246 6090
f 6091 6247 6246
f 6092 6247 6091
f 6092 6248 6247
f 6093 6248 6092
f 6093 6249 6248
f 6094 6249 6093
f 6094 6250 6249
f 6095 6250 6094
f 6095 6251 6250
f 6096 6251 6095
f 6096 6252 6251
f 6097 6252 6096
f 6097 6253 6252
f 6098 6253 6097
f 6098 6254 6253
f 6099 6254 6098
f 6099 6255 6254
f 6100 6255 6099
f 6100 6256 6255
f 6101 6256 6100
f 6101 6257 6256
f 6102 6257 6101
f 6102 6258 6257
f 6103 6258 6102
f 6103 6259 6258
f 6104 6259 6103
f 6104 6260 6259
f 6105 6260 6104
f 6105 6261 6260
f 6106 6261 6105
f 6106 6262 6261
f 6107 6262 6106
f 6107 6263 6262
f 6108 6263 6107
f 6108 6264 6263
f 6109 6264 6108
f 6109 6265 6264
f 6110 6265 6109
f 6110 6266 6265
f 6111 6266 6110
f 6111 6267 6266
f 6112 6267 6111
f 6112 6268 6267
f 6113 6268 6112
f 6113 6269 6268
f 6114 6269 6113
f 6114 6270 6269
f 6115 6270 6114
f 6115 6271 6270
f 6116 6271 6115
f 6116 6272 6271
f 6117 6272 6116
f 6117 6273 6272
f 6118 6273 6117
f 6118 6274 6273
f 6119 6274 6118
f 6119 6275 6274
f 6120 6275 6119
f 6120 6276 6275
f 6121 6276 6120
f 6121 6277 6276
f 6122 6277 6121
f 6122 6278 6277
f 6123 6278 6122
f 6123 6279 6278
f 6124 6279 6123
f 6124 6280 6279
f 6125 6280 6124
f 6125 6281 6280
f 6126 6281 6125
f 6126 6282 6281
f 6127 6282 6126
f 6127 6283 6282
f 6128 6283 6127
f 6128 6284 6283
f 6129 6284 6128
f 6129 6285 6284
f 6130 6285 6129
f 6130 6286 6285
f 6131 6286 6130
f 6131 6287 6286
f 6132 6287 6131
f 6132 6288 6287
f 6133 6288 6132
f 6133 6289 6288
f 6134 6289 6133
f 6134 6290 6289
f 6135 6290 6134
f 6135 6291 6290
f 6136 6291 6135
f 6136 6292 6291
f 6137 6292 6136
f 6137 6293 6292
f 6138 6293 6137
f 6138 6294 6293
f 6139 6294 6138
f 6139 6295 6294
f 6140 6295 6139
f 6140 6296 6295
f 6141 6296 6140
f 6141 6297 6296
f 6142 6297 6141
f 6142 6298 6297
f 6143 6298 6142
f 6143 6299 6298
f 6144 6299 6143
f 6144 6300 6299
f 6145 6300 6144
f 6145 6301 6300
f 6146 6301 6145
f 6146 6302 6301
f 6147 6302 6146
f 6147 6303 6302
f 6148 6303 6147
f 6148 6304 6303
f 6149 6304 6148
f 6149 6305 6304
f 6150 6305 6149
f 6150 6306 6305
f 6151 6306 6150
f 6151 6307 6306
f 6152 6307 6151
f 6152 6308 6307
f 6153 6308 6152
f 6153 6309 6308
f 6154 6309 6153
f 6154 6310 6309
f 6155 6310 6154
f 6155 6311 6310
f 6156 6311 6155
f 6156 6312 6311
f 6157 6312 6156
f 6157 6313 6312
f 6158 6313 6157
f 6158 6314 6313
f 6159 6314 6158
f 6159 6315 6314
f 6160 6315 6159
f 6160 6316 6315
f 6161 6316 6160
f 6161 6317 6316
f 6162 6317 6161
f 6162 6318 6317
f 6163 6318 6162
f 6163 6319 6318
f 6164 6319 6163
f 6164 6320 6319
f 6165 6320 6164
f 6165 6321 6320
f 6166 6321 6165
f 6166 6322 6321
f 6167 6322 6166
f 6167 6323 6322
f 6168 6323 6167
f 6168 6324 6323
f 6169 6324 6168
f 6169 6325 6324
f 6170 6325 6169
f 6170 6326 6325
f 6171 6326 6170
f 6171 6327 6326
f 6172 6327 6171
f 6172 6328 6327
f 6173 6328 6172
f 6173 6329 6328
f 6174 6329 6173
f 6174 6330 6329
f 6175 6330 6174
f 6175 6331 6330
f 6176 6331 6175
f 6176 6332 6331
f 6177 6332 6176
f 6177 6333 6332
f 6178 6333 6177
f 6178 6334 6333
f 6179 6334 6178
f 6179 6335 6334
f 6180 6335 6179
f 6180 6336 6335
f 6181 6336 6180
f 6181 6337 6336
f 6182 6337 6181
f 6182 6338 6337
f 6183 6338 6182
f 6183 6339 6338
f 6184 6339 6183
f 6184 6340 6339
f 6185 6340 6184
f 6185 6341 6340
f 6186 6341 6185
f 6186 6342 6341
f 6187 6342 6186
f 6187 6343 6342
f 6188 6343 6187
f 6188 6344 6343
f 6189 6344 6188
f 6189 6345 6344
f 6190 6345 6189
f 6190 6346 6345
f 6191 6346 6190
f 6191 6347 6346
f 6192 6347 6191
f 6192 6348 6347
f 6193 6348 6192
f 6193 6349 6348
f 6194 6349 6193
f 6194 6350 6349
f 6195 6350 6194
f 6195 6351 6350
f 6196 6351 6195
f 6196 6352 6351
f 6197 6352 6196
f 6197 6353 6352
f 6198 6353 6197
f 6198 6354 6353
f 6199 6354 6198
f 6199 6355 6354
f 6200 6355 6199
f 6200 6356 6355
f 6201 6356 6200
f 6201 6357 6356
f 6202 6357 6201
f 6202 6358 6357
f 6203 6358 6202
f 6203 6359 6358
f 6204 6359 6203
f 6204 6360 6359
f 6205 6360 6204
f 6205 6361 6360
f 6206 6361 6205
f 6206 6362 6361
f 6207 6362 6206
f 6207 6363 6362
f 6208 6363 6207
f 6208 6364 6363
f 6209 6364 6208
f 6209 6365 6364
f 6210 6365 6209
f 6210 6366 6365
f 6212 6367 6211
f 6212 6368 6367
f 6213 6368 6212
f 6213 6369 6368
f 6214 6369 6213
f 6214 6370 6369
f 6215 6370 6214
f 6215 6371 6370
f 6216 6371 6215
f 6216 6372 6371
f 6217 6372 6216
f 6217 6373 6372
f 6218 6373 6217
f 6218 6374 6373
f 6219 6374 6218
f 6219 6375 6374
f 6220 6375 6219
f 6220 6376 6375
f 6221 6376 6220
f 6221 6377 6376
f 6222 6377 6221
f 6222 6378 6377
f 6223 6378 6222
f 6223 6379 6378
f 6224 6379 6223
f 6224 6380 6379
f 6225 6380 6224
f 6225 6381 6380
f 6226 6381 6225
f 6226 6382 6381
f 6227 6382 6226
f 6227 6383 6382
f 6228 6383 6227
f 6228 6384 6383
f 6229 6384 6228
f 6229 6385 6384
f 6230 6385 6229
f 6230 6386 6385
f 6231 6386 6230
f 6231 6387 6386
f 6232 6387 6231
f 6232 6388 6387
f 6233 6388 6232
f 6233 6389 6388
f 6234 6389 6233
f 6234 6390 6389
f 6235 6390 6234
f 6235 6391 6390
f 6236 6391 6235
f 6236 6392 6391
f 6237 6392 6236
f 6237 6393 6392
f 6238 6393 6237
f 6238 6394 6393
f 6239 6394 6238
f 6239 6395 6394
f 6240 6395 6239
f 6240 6396 6395
f 6241 6396 6240
f 6241 6397 6396
f 6242 6397 6241
f 6242 6398 6397
f 6243 6398 6242
f 6243 6399 6398
f 6244 6399 6243
f 6244 6400 6399
f 6245 6400 6244
f 6245 6401 6400
f 6246 6401 6245
f 6246 6402 6401
f 6247 6402 6246
f 6247 6403 6402
f 6248 6403 6247
f 6248 6404 6403
f 6249 6404 6248
f 6249 6405 6404
f 6250 6405 6249
f 6250 6406 6405
f 6251 6406 6250
f 6251 6407 6406
f 6252 6407 6251
f 6252 6408 6407
f 6253 6408 6252
f 6253 6409 6408
f 6254 6409 6253
f 6254 6410 6409
f 6255 6410 6254
f 6255 6411 6410
f 6256 6411 6255
f 6256 6412 6411
f 6257 6412 6256
f 6257 6413 6412
f 6258 6413 6257
f 6258 6414 6413
f 6259 6414 6258
f 6259 6415 6414
f 6260 6415 6259
f 6260 6416 6415
f 6261 6416 6260
f 6261 6417 6416
f 6262 6417 6261
f 6262 6418 6417
f 6263 6418 6262
f 6263 6419 6418
f 6264 6419 6263
f 6264 6420 6419
f 6265 6420 6264
f 6265 6421 6420
f 6266 6421 6265
f 6266 6422 6421
f 6267 6422 6266
f 6267 6423 6422
f 6268 6423 6267
f 6268 6424 6423
f 6269 6424 6268
f 6269 6425 6424
f 6270 6425 6269
f 6270 6426 6425
f 6271 6426 6270
f 6271 6427 6426
f 6272 6427 6271
f 6272 6428 6427
f 6273 6428 6272
f 6273 6429 6428
f 6274 6429 6273
f 6274 6430 6429
f 6275 6430 6274
f 6275 6431 6430
f 6276 6431 6275
f 6276 6432 6431
f 6277 6432 6276
f 6277 6433 6432
f 6278 6433 6277
f 6278 6434 6433
f 6279 6434 6278
f 6279 6435 6434
f 6280 6435 6279
f 6280 6436 6435
f 6281 6436 6280
f 6281 6437 6436
f 6282 6437 6281
f 6282 6438 6437
f 6283 6438 6282
f 6283 6439 6438
f 6284 6439 6283
f 6284 6440 6439
f 6285 6440 6284
f 6285 6441 6440
f 6286 6441 6285
f 6286 6442 6441
f 6287 6442 6286
f 6287 6443 6442
f 6288 6443 6287
f 6288 6444 6443
f 6289 6444 6288
f 6289 6445 6444
f 6290 6445 6289
f 6290 6446 6445
f 6291 6446 6290
f 6291 6447 6446
f 6292 6447 6291
f 6292 6448 6447
f 6293 6448 6292
f 6293 6449 6448
f 6294 6449 6293
f 6294 6450 6449
f 6295 6450 6294
f 6295 6451 6450
f 6296 6451 6295
f 6296 6452 6451
f 6297 6452 6296
f 6297 6453 6452
f 6298 6453 6297
f 6298 6454 6453
f 6299 6454 6298
f 6299 6455 6454
f 6300 6455 6299
f 6300 6456 6455
f 6301 6456 6300
f 6301 6457 6456
f 6302 6457 6301
f 6302 6458 6457
f 6303 6458 6302
f 6303 6459 6458
f 6304 6459 6303
f 6304 6460 6459
f 6305 6460 6304
f 6305 6461 6460
f 6306 6461 6305
f 6306 6462 6461
f 6307 6462 6306
f 6307 6463 6462
f 6308 6463 6307
f 6308 6464 6463
f 6309 6464 6308
f 6309 6465 6464
f 6310 6465 6309
f 6310 6466 6465
f 6311 6466 6310
f 6311 6467 6466
f 6312 6467 6311
f 6312 6468 6467
f 6313 6468 6312
f 6313 6469 6468
f 6314 6469 6313
f 6314 6470 6469
f 6315 6470 6314
f 6315 6471 6470
f 6316 6471 6315
f 6316 6472 6471
f 6317 6472 6316
f 6317 6473 6472
f 6318 6473 6317
f 6318 6474 6473
f 6319 6474 6318
f 6319 6475 6474
f 6320 6475 6319
f 6320 6476 6475
f 6321 6476 6320
f 6321 6477 6476
f 6322 6477 6321
f 6322 6478 6477
f 6323 6478 6322
f 6323 6479 6478
f 6324 6479 6323
f 6324 6480 6479
f 6325 6480 6324
f 6325 6481 6480
f 6326 6481 6325
f 6326 6482 6481
f 6327 6482 6326
f 6327 6483 6482
f 6328 6483 6327
f 6328 6484 6483
f 6329 6484 6328
f 6329 6485 6484
f 6330 6485 6329
f 6330 6486 6485
f 6331 6486 6330
f 6331 6487 6486
f 6332 6487 6331
f 6332 6488 6487
f 6333 6488 6332
f 6333 6489 6488
f 6334 6489 6333
f 6334 6490 6489
f 6335 6490 6334
f 6335 6491 6490
f 6336 6491 6335
f 6336 6492 6491
f 6337 6492 6336
f 6337 6493 6492
f 6338 6493 6337
f 6338 6494 6493
f 6339 6494 6338
f 6339 6495 6494
f 6340 6495 6339
f 6340 6496 6495
f 6341 6496 6340
f 6341 6497 6496
f 6342 6497 6341
f 6342 6498 6497
f 6343 6498 6342
f 6343 6499 6498
f 6344 6499 6343
f 6344 6500 6499
f 6345 6500 6344
f 6345 6501 6500
f 6346 6501 6345
f 6346 6502 6501
f 6347 6502 6346
f 6347 6503 6502
f 6348 6503 6347
f 6348 6504 6503
f 6349 6504 6348
f 6349 6505 6504
f 6350 6505 6349
f 6350 6506 6505
f 6351 6506 6350
f 6351 6507 6506
f 6352 6507 6351
f 6352 6508 6507
f 6353 6508 6352
f 6353 6509 6508
f 6354 6509 6353
f 6354 6510 6509
f 6355 6510 6354
f 6355 6511 6510
f 6356 6511 6355
f 6356 6512 6511
f 6357 6512 6356
f 6357 6513 6512
f 6358 6513 6357
f 6358 6514 6513
f 6359 6514 6358
f 6359 6515 6514
f 6360 6515 6359
f 6360 6516 6515
f 6361 6516 6360
f 6361 6517 6516
f 6362 6517 6361
f 6362 6518 6517
f 6363 6518 6362
f 6363 6519 6518
f 6364 6519 6363
f 6364 6520 6519
f 6365 6520 6364
f 6365 6521 6520
f 6366 6521 6365
f 6366 6522 6521
f 6369 6523 6368
f 6369 6524 6523
f 6370 6524 6369
f 6370 6525 6524
f 6371 6525 6370
f 6371 6526 6525
f 6372 6526 6371
f 6372 6527 6526
f 6373 6527 6372
f 6373 6528 6527
f 6374 6528 6373
f 6374 6529 6528
f 6375 6529 6374
f 6375 6530 6529
f 6376 6530 6375
f 6376 6531 6530
f 6377 6531 6376
f 6377 6532 6531
f 6378 6532 6377
f 6378 6533 6532
f 6379 6533 6378
f 6379 6534 6533
f 6380 6534 6379
f 6380 6535 6534
f 6381 6535 6380
f 6381 6536 6535
f 6382 6536 6381
f 6382 6537 6536
f 6383 6537 6382
f 6383 6538 6537
f 6384 6538 6383
f 6384 6539 6538
f 6385 6539 6384
f 6385 6540 6539
f 6386 6540 6385
f 6386 6541 6540
f 6387 6541 6386
f 6387 6542 6541
f 6388 6542 6387
f 6388 6543 6542
f 6389 6543 6388
f 6389 6544 6543
f 6390 6544 6389
f 6390 6545 6544
f 6391 6545 6390
f 6391 6546 6545
f 6392 6546 6391
f 6392 6547 6546
f 6393 6547 6392
f 6393 6548 6547
f 6394 6548 6393
f 6394 6549 6548
f 6395 6549 6394
f 6395 6550 6549
f 6396 6550 6395
f 6396 6551 6550
f 6397 6551 6396
f 6397 6552 6551
f 6398 6552 6397
f 6398 6553 6552
f 6399 6553 6398
f 6399 6554 6553
f 6400 6554 6399
f 6400 6555 6554
f 6401 6555 6400
f 6401 6556 6555
f 6402 6556 6401
f 6402 6557 6556
f 6403 6557 6402
f 6403 6558 6557
f 6404 6558 6403
f 6404 6559 6558
f 6405 6559 6404
f 6405 6560 6559
f 6406 6560 6405
f 6406 6561 6560
f 6407 6561 6406
f 6407 6562 6561
f 6408 6562 6407
f 6408 6563 6562
f 6409 6563 6408
f 6409 6564 6563
f 6410 6564 6409
f 6410 6565 6564
f 6411 6565 6410
f 6411 6566 6565
f 6412 6566 6411
f 6412 6567 6566
f 6413 6567 6412
f 6413 6568 6567
f 6414 6568 6413
f 6414 6569 6568
f 6415 6569 6414
f 6415 6570 6569
f 6416 6570 6415
f 6416 6571 6570
f 6417 6571 6416
f 6417 6572 6571
f 6418 6572 6417
f 6418 6573 6572
f 6419 6573 6418
f 6419 6574 6573
f 6420 6574 6419
f 6420 6575 6574
f 6421 6575 6420
f 6421 6576 6575
f 6422 6576 6421
f 6422 6577 6576
f 6423 6577 6422
f 6423 6578 6577
f 6424 6578 6423
f 6424 6579 6578
f 6425 6579 6424
f 6425 6580 6579
f 6426 6580 6425
f 6426 6581 6580
f 6427 6581 6426
f 6427 6582 6581
f 6428 6582 6427
f 6428 6583 6582
f 6429 6583 6428
f 6429 6584 6583
f 6430 6584 6429
f 6430 6585 6584
f 6431 6585 6430
f 6431 6586 6585
f 6432 6586 6431
f 6432 6587 6586
f 6433 6587 6432
f 6433 6588 6587
f 6434 6588 6433
f 6434 6589 6588
f 6435 6589 6434
f 6435 6590 6589
f 6436 6590 6435
f 6436 6591 6590
f 6437 6591 6436
f 6437 6592 6591
f 6438 6592 6437
f 6438 6593 6592
f 6439 6593 6438
f 6439 6594 6593
f 6440 6594 6439
f 6440 6595 6594
f 6441 6595 6440
f 6441 6596 6595
f 6442 6596 6441
f 6442 6597 6596
f 6443 6597 6442
f 6443 6598 6597
f 6444 6598 6443
f 6444 6599 6598
f 6445 6599 6444
f 6445 6600 6599
f 6446 6600 6445
f 6446 6601 6600
f 6447 6601 6446
f 6447 6602 6601
f 6448 6602 6447
f 6448 6603 6602
f 6449 6603 6448
f 6449 6604 6603
f 6450 6604 6449
f 6450 6605 6604
f 6451 6605 6450
f 6451 6606 6605
f 6452 6606 6451
f 6452 6607 6606
f 6453 6607 6452
f 6453 6608 6607
f 6454 6608 6453
f 6454 6609 6608
f 6455 6609 6454
f 6455 6610 6609
f 6456 6610 6455
f 6456 6611 6610
f 6457 6611 6456
f 6457 6612 6611
f 6458 6612 6457
f 6458 6613 6612
f 6459 6613 6458
f 6459 6614 6613
f 6460 6614 6459
f 6460 6615 6614
f 6461 6615 6460
f 6461 6616 6615
f 6462 6616 6461
f 6462 6617 6616
f 6463 6617 6462
f 6463 6618 6617
f 6464 6618 6463
f 6464 6619 6618
f 6465 6619 6464
f 6465 6620 6619
f 6466 6620 6465
f 6466 6621 6620
f 6467 6621 6466
f 6467 6622 6621
f 6468 6622 6467
f 6468 6623 6622
f 6469 6623 6468
f 6469 6624 6623
f 6470 6624 6469
f 6470 6625 6624
f 6471 6625 6470
f 6471 6626 6625
f 6472 6626 6471
f 6472 6627 6626
f 6473 6627 6472
f 6473 6628 6627
f 6474 6628 6473
f 6474 6629 6628
f 6475 6629 6474
f 6475 6630 6629
f 6476 6630 6475
f 6476 6631 6630
f 6477 6631 6476
f 6477 6632 6631
f 6478 6632 6477
f 6478 6633 6632
f 6479 6633 6478
f 6479 6634 6633
f 6480 6634 6479
f 6480 6635 6634
f 6481 6635 6480
f 6481 6636 6635
f 6482 6636 6481
f 6482 6637 6636
f 6483 6637 6482
f 6483 6638 6637
f 6484 6638 6483
f 6484 6639 6638
f 6485 6639 6484
f 6485 6640 6639
f 6486 6640 6485
f 6486 6641 6640
f 6487 6641 6486
f 6487 6642 6641
f 6488 6642 6487
f 6488 6643 6642
f 6489 6643 6488
f 6489 6644 6643
f 6490 6644 6489
f 6490 6645 6644
f 6491 6645 6490
f 6491 6646 6645
f 6492 6646 6491
f 6492 6647 6646
f 6493 6647 6492
f 6493 6648 6647
f 6494 6648 6493
f 6494 6649 6648
f 6495 6649 6494
f 6495 6650 6649
f 6496 6650 6495
f 6496 6651 6650
f 6497 6651 6496
f 6497 6652 6651
f 6498 6652 6497
f 6498 6653 6652
f 6499 6653 6498
f 6499 6654 6653
f 6500 6654 6499
f 6500 6655 6654
f 6501 6655 6500
f 6501 6656 6655
f 6502 6656 6501
f 6502 6657 6656
f 6503 6657 6502
f 6503 6658 6657
f 6504 6658 6503
f 6504 6659 6658
f 6505 6659 6504
f 6505 6660 6659
f 6506 6660 6505
f 6506 6661 6660
f 6507 6661 6506
f 6507 6662 6661
f 6508 6662 6507
f 6508 6663 6662
f 6509 6663 6508
f 6509 6664 6663
f 6510 6664 6509
f 6510 6665 6664
f 6511 6665 6510
f 6511 6666 6665
f 6512 6666 6511
f 6512 6667 6666
f 6513 6667 6512
f 6513 6668 6667
f 6514 6668 6513
f 6514 6669 6668
f 6515 6669 6514
f 6515 6670 6669
f 6516 6670 6515
f 6516 6671 6670
f 6517 6671 6516
f 6517 6672 6671
f 6518 6672 6517
f 6518 6673 6672
f 6519 6673 6518
f 6519 6674 6673
f 6520 6674 6519
f 6520 6675 6674
f 6521 6675 6520
f 6521 6676 6675
f 6522 6676 6521
f 6522 6677 6676
f 6524 6678 6523
f 6524 6679 6678
f 6525 6679 6524
f 6525 6680 6679
f 6526 6680 6525
f 6526 6681 6680
f 6527 6681 6526
f 6527 6682 6681
f 6528 6682 6527
f 6528 6683 6682
f 6529 6683 6528
f 6529 6684 6683
f 6530 6684 6529
f 6530 6685 6684
f 6531 6685 6530
f 6531 6686 6685
f 6532 6686 6531
f 6532 6687 6686
f 6533 6687 6532
f 6533 6688 6687
f 6534 6688 6533
f 6534 6689 6688
f 6535 6689 6534
f 6535 6690 6689
f 6536 6690 6535
f 6536 6691 6690
f 6537 6691 6536
f 6537 6692 6691
f 6538 6692 6537
f 6538 6693 6692
f 6539 6693 6538
f 6539 6694 6693
f 6540 6694 6539
f 6540 6695 6694
f 6541 6695 6540
f 6541 6696 6695
f 6542 6696 6541
f 6542 6697 6696
f 6543 6697 6542
f 6543 6698 6697
f 6544 6698 6543
f 6544 6699 6698
f 6545 6699 6544
f 6545 6700 6699
f 6546 6700 6545
f 6546 6701 6700
f 6547 6701 6546
f 6547 6702 6701
f 6548 6702 6547
f 6548 6703 6702
f 6549 6703 6548
f 6549 6704 6703
f 6550 6704 6549
f 6550 6705 6704
f 6551 6705 6550
f 6551 6706 6705
f 6552 6706 6551
f 6552 6707 6706
f 6553 6707 6552
f 6553 6708 6707
f 6554 6708 6553
f 6554 6709 6708
f 6555 6709 6554
f 6555 6710 6709
f 6556 6710 6555
f 6556 6711 6710
f 6557 6711 6556
f 6557 6712 6711
f 6558 6712 6557
f 6558 6713 6712
f 6559 6713 6558
f 6559 6714 6713
f 6560 6714 6559
f 6560 6715 6714
f 6561 6715 6560
f 6561 6716 6715
f 6562 6716 6561
f 6562 6717 6716
f 6563 6717 6562
f 6563 6718 6717
f 6564 6718 6563
f 6564 6719 6718
f 6565 6719 6564
f 6565 6720 6719
f 6566 6720 6565
f 6566 6721 6720
f 6567 6721 6566
f 6567 6722 6721
f 6568 6722 6567
f 6568 6723 6722
f 6569 6723 6568
f 6569 6724 6723
f 6570 6724 6569
f 6570 6725 6724
f 6571 6725 6570
f 6571 6726 6725
f 6572 6726 6571
f 6572 6727 6726
f 6573 6727 6572
f 6573 6728 6727
f 6574 6728 6573
f 6574 6729 6728
f 6575 6729 6574
f 6575 6730 6729
f 6576 6730 6575
f 6576 6731 6730
f 6577 6731 6576
f 6577 6732 6731
f 6578 6732 6577
f 6578 6733 6732
f 6579 6733 6578
f 6579 6734 6733
f 6580 6734 6579
f 6580 6735 6734
f 6581 6735 6580
f 6581 6736 6735
f 6582 6736 6581
f 6582 6737 6736
f 6583 6737 6582
f 6583 6738 6737
f 6584 6738 6583
f 6584 6739 6738
f 6585 6739 6584
f 6585 6740 6739
f 6586 6740 6585
f 6586 6741 6740
f 6587 6741 6586
f 6587 6742 6741
f 6588 6742 6587
f 6588 6743 6742
f 6589 6743 6588
f 6589 6744 6743
f 6590 6744 6589
f 6590 6745 6744
f 6591 6745 6590
f 6591 6746 6745
f 6592 6746 6591
f 6592 6747 6746
f 6593 6747 6592
f 6593 6748 6747
f 6594 6748 6593
f 6594 6749 6748
f 6595 6749 6594
f 6595 6750 6749
f 6596 6750 6595
f 6596 6751 6750
f 6597 6751 6596
f 6597 6752 6751
f 6598 6752 6597
f 6598 6753 6752
f 6599 6753 6598
f 6599 6754 6753
f 6600 6754 6599
f 6600 6755 6754
f 6601 6755 6600
f 6601 6756 6755
f 6602 6756 6601
f 6602 6757 6756
f 6603 6757 6602
f 6603 6758 6757
f 6604 6758 6603
f 6604 6759 6758
f 6605 6759 6604
f 6605 6760 6759
f 6606 6760 6605
f 6606 6761 6760
f 6607 6761 6606
f 6607 6762 6761
f 6608 6762 6607
f 6608 6763 6762
f 6609 6763 6608
f 6609 6764 6763
f 6610 6764 6609
f 6610 6765 6764
f 6611 6765 6610
f 6611 6766 6765
f 6612 6766 6611
f 6612 6767 6766
f 6613 6767 6612
f 6613 6768 6767
f 6614 6768 6613
f 6614 6769 6768
f 6615 6769 6614
f 6615 6770 6769
f 6616 6770 6615
f 6616 6771 6770
f 6617 6771 6616
f 6617 6772 6771
f 6618 6772 6617
f 6618 6773 6772
f 6619 6773 6618
f 6619 6774 6773
f 6620 6774 6619
f 6620 6775 6774
f 6621 6775 6620
f 6621 6776 6775
f 6622 6776 6621
f 6622 6777 6776
f 6623 6777 6622
f 6623 6778 6777
f 6624 6778 6623
f 6624 6779 6778
f 6625 6779 6624
f 6625 6780 6779
f 6626 6780 6625
f 6626 6781 6780
f 6627 6781 6626
f 6627 6782 6781
f 6628 6782 6627
f 6628 6783 6782
f 6629 6783 6628
f 6629 6784 6783
f 6630 6784 6629
f 6630 6785 6784
f 6631 6785 6630
f 6631 6786 6785
f 6632 6786 6631
f 6632 6787 6786
f 6633 6787 6632
f 6633 6788 6787
f 6634 6788 6633
f 6634 6789 6788
f 6635 6789 6634
f 6635 6790 6789
f 6636 6790 6635
f 6636 6791 6790
f 6637 6791 6636
f 6637 6792 6791
f 6638 6792 6637
f 6638 6793 6792
f 6639 6793 6638
f 6639 6794 6793
f 6640 6794 6639
f 6640 6795 6794
f 6641 6795 6640
f 6641 6796 6795
f 6642 6796 6641
f 6642 6797 6796
f 6643 6797 6642
f 6643 6798 6797
f 6644 6798 6643
f 6644 6799 6798
f 6645 6799 6644
f 6645 6800 6799
f 6646 6800 6645
f 6646 6801 6800
f 6647 6801 6646
f 6647 6802 6801
f 6648 6802 6647
f 6648 6803 6802
f 6649 6803 6648
f 6649 6804 6803
f 6650 6804 6649
f 6650 6805 6804
f 6651 6805 6650
f 6651 6806 6805
f 6652 6806 6651
f 6652 6807 6806
f 6653 6807 6652
f 6653 6808 6807
f 6654 6808 6653
f 6654 6809 6808
f 6655 6809 6654
f 6655 6810 6809
f 6656 6810 6655
f 6656 6811 6810
f 6657 6811 6656
f 6657 6812 6811
f 6658 6812 6657
f 6658 6813 6812
f 6659 6813 6658
f 6659 6814 6813
f 6660 6814 6659
f 6660 6815 6814
f 6661 6815 6660
f 6661 6816 6815
f 6662 6816 6661
f 6662 6817 6816
f 6663 6817 6662
f 6663 6818 6817
f 6664 6818 6663
f 6664 6819 6818
f 6665 6819 6664
f 6665 6820 6819
f 6666 6820 6665
f 6666 6821 6820
f 6667 6821 6666
f 6667 6822 6821
f 6668 6822 6667
f 6668 6823 6822
f 6669 6823 6668
f 6669 6824 6823
f 6670 6824 6669
f 6670 6825 6824
f 6671 6825 6670
f 6671 6826 6825
f 6672 6826 6671
f 6672 6827 6826
f 6673 6827 6672
f 6673 6828 6827
f 6674 6828 6673
f 6674 6829 6828
f 6675 6829 6674
f 6675 6830 6829
f 6676 6830 6675
f 6676 6831 6830
f 6677 6831 6676
f 6677 6832 6831
f 6679 6833 6678
f 6679 6834 6833
f 6680 6834 6679
f 6680 6835 6834
f 6681 6835 6680
f 6681 6836 6835
f 6682 6836 6681
f 6682 6837 6836
f 6683 6837 6682
f 6683 6838 6837
f 6684 6838 6683
f 6684 6839 6838
f 6685 6839 6684
f 6685 6840 6839
f 6686 6840 6685
f 6686 6841 6840
f 6687 6841 6686
f 6687 6842 6841
f 6688 6842 6687
f 6688 6843 6842
f 6689 6843 6688
f 6689 6844 6843
f 6690 6844 6689
f 6690 6845 6844
f 6691 6845 6690
f 6691 6846 6845
f 6692 6846 6691
f 6692 6847 6846
f 6693 6847 6692
f 6693 6848 6847
f 6694 6848 6693
f 6694 6849 6848
f 6695 6849 6694
f 6695 6850 6849
f 6696 6850 6695
f 6696 6851 6850
f 6697 6851 6696
f 6697 6852 6851
f 6698 6852 6697
f 6698 6853 6852
f 6699 6853 6698
f 6699 6854 6853
f 6700 6854 6699
f 6700 6855 6854
f 6701 6855 6700
f 6701 6856 6855
f 6702 6856 6701
f 6702 6857 6856
f 6703 6857 6702
f 6703 6858 6857
f 6704 6858 6703
f 6704 6859 6858
f 6705 6859 6704
f 6705 6860 6859
f 6706 6860 6705
f 6706 6861 6860
f 6707 6861 6706
f 6707 6862 6861
f 6708 6862 6707
f 6708 6863 6862
f 6709 6863 6708
f 6709 6864 6863
f 6710 6864 6709
f 6710 6865 6864
f 6711 6865 6710
f 6711 6866 6865
f 6712 6866 6711
f 6712 6867 6866
f 6713 6867 6712
f 6713 6868 6867
f 6714 6868 6713
f 6714 6869 6868
f 6715 6869 6714
f 6715 6870 6869
f 6716 6870 6715
f 6716 6871 6870
f 6717 6871 6716
f 6717 6872 6871
f 6718 6872 6717
f 6718 6873 6872
f 6719 6873 6718
f 6719 6874 6873
f 6720 6874 6719
f 6720 6875 6874
f 6721 6875 6720
f 6721 6876 6875
f 6722 6876 6721
f 6722 6877 6876
f 6723 6877 6722
f 6723 6878 6877
f 6724 6878 6723
f 6724 6879 6878
f 6725 6879 6724
f 6725 6880 6879
f 6726 6880 6725
f 6726 6881 6880
f 6727 6881 6726
f 6727 6882 6881
f 6728 6882 6727
f 6728 6883 6882
f 6729 6883 6728
f 6729 6884 6883
f 6730 6884 6729
f 6730 6885 6884
f 6731 6885 6730
f 6731 6886 6885
f 6732 6886 6731
f 6732 6887 6886
f 6733 6887 6732
f 6733 6888 6887
f 6734 6888 6733
f 6734 6889 6888
f 6735 6889 6734
f 6735 6890 6889
f 6736 6890 6735
f 6736 6891 6890
f 6737 6891 6736
f 6737 6892 6891
f 6738 6892 6737
f 6738 6893 6892
f 6739 6893 6738
f 6739 6894 6893
f 6740 6894 6739
f 6740 6895 6894
f 6741 6895 6740
f 6741 6896 6895
f 6742 6896 6741
f 6742 6897 6896
f 6743 6897 6742
f 6743 6898 6897
f 6744 6898 6743
f 6744 6899 6898
f 6745 6899 6744
f 6745 6900 6899
f 6746 6900 6745
f 6746 6901 6900
f 6747 6901 6746
f 6747 6902 6901
f 6748 6902 6747
f 6748 6903 6902
f 6749 6903 6748
f 6749 6904 6903
f 6750 6904 6749
f 6750 6905 6904
f 6751 6905 6750
f 6751 6906 6905
f 6752 6906 6751
f 6752 6907 6906
f 6753 6907 6752
f 6753 6908 6907
f 6754 6908 6753
f 6754 6909 6908
f 6755 6909 6754
f 6755 6910 6909
f 6756 6910 6755
f 6756 6911 6910
f 6757 6911 6756
f 6757 6912 6911
f 6758 6912 6757
f 6758 6913 6912
f 6759 6913 6758
f 6759 6914 6913
f 6760 6914 6759
f 6760 6915 6914
f 6761 6915 6760
f 6761 6916 6915
f 6762 6916 6761
f 6762 6917 6916
f 6763 6917 6762
f 6763 6918 6917
f 6764 6918 6763
f 6764 6919 6918
f 6765 6919 6764
f 6765 6920 6919
f 6766 6920 6765
f 6766 6921 6920
f 6767 6921 6766
f 6767 6922 6921
f 6768 6922 6767
f 6768 6923 6922
f 6769 6923 6768
f 6769 6924 6923
f 6770 6924 6769
f 6770 6925 6924
f 6771 6925 6770
f 6771 6926 6925
f 6772 6926 6771
f 6772 6927 6926
f 6773 6927 6772
f 6773 6928 6927
f 6774 6928 6773
f 6774 6929 6928
f 6775 6929 6774
f 6775 6930 6929
f 6776 6930 6775
f 6776 6931 6930
f 6777 6931 6776
f 6777 6932 6931
f 6778 6932 6777
f 6778 6933 6932
f 6779 6933 6778
f 6779 6934 6933
f 6780 6934 6779
f 6780 6935 6934
f 6781 6935 6780
f 6781 6936 6935
f 6782 6936 6781
f 6782 6937 6936
f 6783 6937 6782
f 6783 6938 6937
f 6784 6938 6783
f 6784 6939 6938
f 6785 6939 6784
f 6785 6940 6939
f 6786 6940 6785
f 6786 6941 6940
f 6787 6941 6786
f 6787 6942 6941
f 6788 6942 6787
f 6788 6943 6942
f 6789 6943 6788
f 6789 6944 6943
f 6790 6944 6789
f 6790 6945 6944
f 6791 6945 6790
f 6791 6946 6945
f 6792 6946 6791
f 6792 6947 6946
f 6793 6947 6792
f 6793 6948 6947
f 6794 6948 6793
f 6794 6949 6948
f 6795 6949 6794
f 6795 6950 6949
f 6796 6950 6795
f 6796 6951 6950
f 6797 6951 6796
f 6797 6952 6951
f 6798 6952 6797
f 6798 6953 6952
f 6799 6953 6798
f 6799 6954 6953
f 6800 6954 6799
f 6800 6955 6954
f 6801 6955 6800
f 6801 6956 6955
f 6802 6956 6801
f 6802 6957 6956
f 6803 6957 6802
f 6803 6958 6957
f 6804 6958 6803
f 6804 6959 6958
f 6805 6959 6804
f 6805 6960 6959
f 6806 6960 6805
f 6806 6961 6960
f 6807 6961 6806
f 6807 6962 6961
f 6808 6962 6807
f 6808 6963 6962
f 6809 6963 6808
f 6809 6964 6963
f 6810 6964 6809
f 6810 6965 6964
f 6811 6965 6810
f 6811 6966 6965
f 6812 6966 6811
f 6812 6967 6966
f 6813 6967 6812
f 6813 6968 6967
f 6814 6968 6813
f 6814 6969 6968
f 6815 6969 6814
f 6815 6970 6969
f 6816 6970 6815
f 6816 6971 6970
f 6817 6971 6816
f 6817 6972 6971
f 6818 6972 6817
f 6818 6973 6972
f 6819 6973 6818
f 6819 6974 6973
f 6820 6974 6819
f 6820 6975 6974
f 6821 6975 6820
f 6821 6976 6975
f 6822 6976 6821
f 6822 6977 6976
f 6823 6977 6822
f 6823 6978 6977
f 6824 6978 6823
f 6824 6979 6978
f 6825 6979 6824
f 6825 6980 6979
f 6826 6980 6825
f 6826 6981 6980
f 6827 6981 6826
f 6827 6982 6981
f 6828 6982 6827
f 6828 6983 6982
f 6829 6983 6828
f 6829 6984 6983
f 6830 6984 6829
f 6830 6985 6984
f 6831 6985 6830
f 6831 6986 6985
f 6832 6986 6831
f 6832 6987 6986
f 6834 6988 6833
f 6834 6989 6988
f 6835 6989 6834
f 6835 6990 6989
f 6836 6990 6835
f 6836 6991 6990
f 6837 6991 6836
f 6837 6992 6991
f 6838 6992 6837
f 6838 6993 6992
f 6839 6993 6838
f 6839 6994 6993
f 6840 6994 6839
f 6840 6995 6994
f 6841 6995 6840
f 6841 6996 6995
f 6842 6996 6841
f 6842 6997 6996
f 6843 6997 6842
f 6843 6998 6997
f 6844 6998 6843
f 6844 6999 6998
f 6845 6999 6844
f 6845 7000 6999
f 6846 7000 6845
f 6846 7001 7000
f 6847 7001 6846
f 6847 7002 7001
f 6848 7002 6847
f 6848 7003 7002
f 6849 7003 6848
f 6849 7004 7003
f 6850 7004 6849
f 6850 7005 7004
f 6851 7005 6850
f 6851 7006 7005
f 6852 7006 6851
f 6852 7007 7006
f 6853 7007 6852
f 6853 7008 7007
f 6854 7008 6853
f 6854 7009 7008
f 6855 7009 6854
f 6855 7010 7009
f 6856 7010 6855
f 6856 7011 7010
f 6857 7011 6856
f 6857 7012 7011
f 6858 7012 6857
f 6858 7013 7012
f 6859 7013 6858
f 6859 7014 7013
f 6860 7014 6859
f 6860 7015 7014
f 6861 7015 6860
f 6861 7016 7015
f 6862 7016 6861
f 6862 7017 7016
f 6863 7017 6862
f 6863 7018 7017
f 6864 7018 6863
f 6864 7019 7018
f 6865 7019 6864
f 6865 7020 7019
f 6866 7020 6865
f 6866 7021 7020
f 6867 7021 6866
f 6867 7022 7021
f 6868 7022 6867
f 6868 7023 7022
f 6869 7023 6868
f 6869 7024 7023
f 6870 7024 6869
f 6870 7025 7024
f 6871 7025 6870
f 6871 7026 7025
f 6872 7026 6871
f 6872 7027 7026
f 6873 7027 6872
f 6873 7028 7027
f 6874 7028 6873
f 6874 7029 7028
f 6875 7029 6874
f 6875 7030 7029
f 6876 7030 6875
f 6876 7031 7030
f 6877 7031 6876
f 6877 7032 7031
f 6878 7032 6877
f 6878 7033 7032
f 6879 7033 6878
f 6879 7034 7033
f 6880 7034 6879
f 6880 7035 7034
f 6881 7035 6880
f 6881 7036 7035
f 6882 7036 6881
f 6882 7037 7036
f 6883 7037 6882
f 6883 7038 7037
f 6884 7038 6883
f 6884 7039 7038
f 6885 7039 6884
f 6885 7040 7039
f 6886 7040 6885
f 6886 7041 7040
f 6887 7041 6886
f 6887 7042 7041
f 6888 7042 6887
f 6888 7043 7042
f 6889 7043 6888
f 6889 7044 7043
f 6890 7044 6889
f 6890 7045 7044
f 6891 7045 6890
f 6891 7046 7045
f 6892 7046 6891
f 6892 7047 7046
f 6893 7047 6892
f 6893 7048 7047
f 6894 7048 6893
f 6895 7050 7049
f 6896 7050 6895
f 6896 7051 7050
f 6897 7051 6896
f 6897 7052 7051
f 6898 7052 6897
f 6898 7053 7052
f 6899 7053 6898
f 6899 7054 7053
f 6900 7054 6899
f 6900 7055 7054
f 6901 7055 6900
f 6901 7056 7055
f 6902 7056 6901
f 6902 7057 7056
f 6903 7057 6902
f 6903 7058 7057
f 6904 7058 6903
f 6904 7059 7058
f 6905 7059 6904
f 6905 7060 7059
f 6906 7060 6905
f 6906 7061 7060
f 6907 7061 6906
f 6907 7062 7061
f 6908 7062 6907
f 6908 7063 7062
f 6909 7063 6908
f 6909 7064 7063
f 6910 7064 6909
f 6910 7065 7064
f 6911 7065 6910
f 6911 7066 7065
f 6912 7066 6911
f 6912 7067 7066
f 6913 7067 6912
f 6913 7068 7067
f 6914 7068 6913
f 6914 7069 7068
f 6915 7069 6914
f 6915 7070 7069
f 6916 7070 6915
f 6916 7071 7070
f 6917 7071 6916
f 6917 7072 7071
f 6918 7072 6917
f 6918 7073 7072
f 6919 7073 6918
f 6919 7074 7073
f 6920 7074 6919
f 6920 7075 7074
f 6921 7075 6920
f 6921 7076 7075
f 6922 7076 6921
f 6922 7077 7076
f 6923 7077 6922
f 6923 7078 7077
f 6924 7078 6923
f 6924 7079 7078
f 6925 7079 6924
f 6925 7080 7079
f 6926 7080 6925
f 6926 7081 7080
f 6927 7081 6926
f 6927 7082 7081
f 6928 7082 6927
f 6928 7083 7082
f 6929 7083 6928
f 6929 7084 7083
f 6930 7084 6929
f 6930 7085 7084
f 6931 7085 6930
f 6931 7086 7085
f 6932 7086 6931
f 6932 7087 7086
f 6933 7087 6932
f 6933 7088 7087
f 6934 7088 6933
f 6934 7089 7088
f 6935 7089 6934
f 6935 7090 7089
f 6936 7090 6935
f 6936 7091 7090
f 6937 7091 6936
f 6937 7092 7091
f 6938 7092 6937
f 6938 7093 7092
f 6939 7093 6938
f 6939 7094 7093
f 6940 7094 6939
f 6940 7095 7094
f 6941 7095 6940
f 6941 7096 7095
f 6942 7096 6941
f 6942 7097 7096
f 6943 7097 6942
f 6943 7098 7097
f 6944 7098 6943
f 6944 7099 7098
f 6945 7099 6944
f 6945 7100 7099
f 6946 7100 6945
f 6946 7101 7100
f 6947 7101 6946
f 6947 7102 7101
f 6948 7102 6947
f 6948 7103 7102
f 6949 7103 6948
f 6949 7104 7103
f 6950 7104 6949
f 6950 7105 7104
f 6951 7105 6950
f 6951 7106 7105
f 6952 7106 6951
f 6952 7107 7106
f 6953 7107 6952
f 6953 7108 7107
f 6954 7108 6953
f 6954 7109 7108
f 6955 7109 6954
f 6955 7110 7109
f 6956 7110 6955
f 6956 7111 7110
f 6957 7111 6956
f 6957 7112 7111
f 6958 7112 6957
f 6958 7113 7112
f 6959 7113 6958
f 6959 7114 7113
f 6960 7114 6959
f 6960 7115 7114
f 6961 7115 6960
f 6961 7116 7115
f 6962 7116 6961
f 6962 7117 7116
f 6963 7117 6962
f 6963 7118 7117
f 6964 7118 6963
f 6964 7119 7118
f 6965 7119 6964
f 6965 7120 7119
f 6966 7120 6965
f 6966 7121 7120
f 6967 7121 6966
f 6967 7122 7121
f 6968 7122 6967
f 6968 7123 7122
f 6969 7123 6968
f 6969 7124 7123
f 6970 7124 6969
f 6970 7125 7124
f 6971 7125 6970
f 6971 7126 7125
f 6972 7126 6971
f 6972 7127 7126
f 6973 7127 6972
f 6973 7128 7127
f 6974 7128 6973
f 6974 7129 7128
f 6975 7129 6974
f 6975 7130 7129
f 6976 7130 6975
f 6976 7131 7130
f 6977 7131 6976
f 6977 7132 7131
f 6978 7132 6977
f 6978 7133 7132
f 6979 7133 6978
f 6979 7134 7133
f 6980 7134 6979
f 6980 7135 7134
f 6981 7135 6980
f 6981 7136 7135
f 6982 7136 6981
f 6982 7137 7136
f 6983 7137 6982
f 6983 7138 7137
f 6984 7138 6983
f 6984 7139 7138
f 6985 7139 6984
f 6985 7140 7139
f 6986 7140 6985
f 6986 7141 7140
f 6987 7141 6986
f 6987 7142 7141
f 6989 7143 6988
f 6989 7144 7143
f 6990 7144 6989
f 6990 7145 7144
f 6991 7145 6990
f 6991 7146 7145
f 6992 7146 6991
f 6992 7147 7146
f 6993 7147 6992
f 6993 7148 7147
f 6994 7148 6993
f 6994 7149 7148
f 6995 7149 6994
f 6995 7150 7149
f 6996 7150 6995
f 6996 7151 7150
f 6997 7151 6996
f 6997 7152 7151
f 6998 7152 6997
f 6998 7153 7152
f 6999 7153 6998
f 6999 7154 7153
f 7000 7154 6999
f 7000 7155 7154
f 7001 7155 7000
f 7001 7156 7155
f 7002 7156 7001
f 7002 7157 7156
f 7003 7157 7002
f 7003 7158 7157
f 7004 7158 7003
f 7004 7159 7158
f 7005 7159 7004
f 7005 7160 7159
f 7006 7160 7005
f 7006 7161 7160
f 7007 7161 7006
f 7007 7162 7161
f 7008 7162 7007
f 7008 7163 7162
f 7009 7163 7008
f 7009 7164 7163
f 7010 7164 7009
f 7010 7165 7164
f 7011 7165 7010
f 7011 7166 7165
f 7012 7166 7011
f 7012 7167 7166
f 7013 7167 7012
f 7013 7168 7167
f 7014 7168 7013
f 7014 7169 7168
f 7015 7169 7014
f 7015 7170 7169
f 7016 7170 7015
f 7016 7171 7170
f 7017 7171 7016
f 7017 7172 7171
f 7018 7172 7017
f 7018 7173 7172
f 7019 7173 7018
f 7019 7174 7173
f 7020 7174 7019
f 7020 7175 7174
f 7021 7175 7020
f 7021 7176 7175
f 7022 7176 7021
f 7022 7177 7176
f 7023 7177 7022
f 7023 7178 7177
f 7024 7178 7023
f 7024 7179 7178
f 7025 7179 7024
f 7025 7180 7179
f 7026 7180 7025
f 7026 7181 7180
f 7027 7181 7026
f 7027 7182 7181
f 7028 7182 7027
f 7028 7183 7182
f 7029 7183 7028
f 7029 7184 7183
f 7030 7184 7029
f 7030 7185 7184
f 7031 7185 7030
f 7031 7186 7185
f 7032 7186 7031
f 7032 7187 7186
f 7033 7187 7032
f 7033 7188 7187
f 7034 7188 7033
f 7034 7189 7188
f 7035 7189 7034
f 7035 7190 7189
f 7036 7190 7035
f 7036 7191 7190
f 7037 7191 7036
f 7037 7192 7191
f 7038 7192 7037
f 7038 7193 7192
f 7039 7193 7038
f 7039 7194 7193
f 7040 7194 7039
f 7040 7195 7194
f 7041 7195 7040
f 7041 7196 7195
f 7042 7196 7041
f 7042 7197 7196
f 7043 7197 7042
f 7043 7198 7197
f 7044 7198 7043
f 7044 7199 7198
f 7045 7199 7044
f 7045 7200 7199
f 7046 7200 7045
f 7046 7201 7200
f 7047 7201 7046
f 7050 7202 7049
f 7050 7203 7202
f 7051 7203 7050
f 7051 7204 7203
f 7052 7204 7051
f 7052 7205 7204
f 7053 7205 7052
f 7053 7206 7205
f 7054 7206 7053
f 7054 7207 7206
f 7055 7207 7054
f 7055 7208 7207
f 7056 7208 7055
f 7056 7209 7208
f 7057 7209 7056
f 7057 7210 7209
f 7058 7210 7057
f 7058 7211 7210
f 7059 7211 7058
f 7060 7212 7059
f 7064 7214 7213
f 7065 7214 7064
f 7065 7215 7214
f 7066 7215 7065
f 7066 7216 7215
f 7067 7216 7066
f 7067 7217 7216
f 7068 7217 7067
f 7068 7218 7217
f 7069 7218 7068
f 7069 7219 7218
f 7070 7219 7069
f 7070 7220 7219
f 7071 7220 7070
f 7071 7221 7220
f 7072 7221 7071
f 7072 7222 7221
f 7073 7222 7072
f 7073 7223 7222
f 7074 7223 7073
f 7074 7224 7223
f 7075 7224 7074
f 7075 7225 7224
f 7076 7225 7075
f 7076 7226 7225
f 7077 7226 7076
f 7077 7227 7226
f 7078 7227 7077
f 7078 7228 7227
f 7079 7228 7078
f 7079 7229 7228
f 7080 7229 7079
f 7081 7230 7080
f 7081 7231 7230
f 7082 7231 7081
f 7082 7232 7231
f 7083 7232 7082
f 7083 7233 7232
f 7084 7233 7083
f 7084 7234 7233
f 7085 7234 7084
f 7085 7235 7234
f 7086 7235 7085
f 7086 7236 7235
f 7087 7236 7086
f 7087 7237 7236
f 7088 7237 7087
f 7088 7238 7237
f 7089 7238 7088
f 7089 7239 7238
f 7090 7239 7089
f 7090 7240 7239
f 7091 7240 7090
f 7091 7241 7240
f 7092 7241 7091
f 7092 7242 7241
f 7093 7242 7092
f 7093 7243 7242
f 7094 7243 7093
f 7094 7244 7243
f 7095 7244 7094
f 7095 7245 7244
f 7096 7245 7095
f 7096 7246 7245
f 7097 7246 7096
f 7097 7247 7246
f 7098 7247 7097
f 7098 7248 7247
f 7099 7248 7098
f 7099 7249 7248
f 7100 7249 7099
f 7100 7250 7249
f 7101 7250 7100
f 7101 7251 7250
f 7102 7251 7101
f 7102 7252 7251
f 7103 7252 7102
f 7103 7253 7252
f 7104 7253 7103
f 7104 7254 7253
f 7105 7254 7104
f 7105 7255 7254
f 7106 7255 7105
f 7106 7256 7255
f 7107 7256 7106
f 7107 7257 7256
f 7108 7257 7107
f 7108 7258 7257
f 7109 7258 7108
f 7109 7259 7258
f 7110 7259 7109
f 7110 7260 7259
f 7111 7260 7110
f 7111 7261 7260
f 7112 7261 7111
f 7112 7262 7261
f 7113 7262 7112
f 7113 7263 7262
f 7114 7263 7113
f 7114 7264 7263
f 7115 7264 7114
f 7115 7265 7264
f 7116 7265 7115
f 7116 7266 7265
f 7117 7266 7116
f 7117 7267 7266
f 7118 7267 7117
f 7118 7268 7267
f 7119 7268 7118
f 7119 7269 7268
f 7120 7269 7119
f 7120 7270 7269
f 7121 7270 7120
f 7121 7271 7270
f 7122 7271 7121
f 7122 7272 7271
f 7123 7272 7122
f 7123 7273 7272
f 7124 7273 7123
f 7124 7274 7273
f 7125 7274 7124
f 7125 7275 7274
f 7126 7275 7125
f 7126 7276 7275
f 7127 7276 7126
f 7127 7277 7276
f 7128 7277 7127
f 7128 7278 7277
f 7129 7278 7128
f 7129 7279 7278
f 7130 7279 7129
f 7130 7280 7279
f 7131 7280 7130
f 7131 7281 7280
f 7132 7281 7131
f 7132 7282 7281
f 7133 7282 7132
f 7133 7283 7282
f 7134 7283 7133
f 7134 7284 7283
f 7135 7284 7134
f 7135 7285 7284
f 7136 7285 7135
f 7136 7286 7285
f 7137 7286 7136
f 7137 7287 7286
f 7138 7287 7137
f 7138 7288 7287
f 7139 7288 7138
f 7139 7289 7288
f 7140 7289 7139
f 7140 7290 7289
f 7141 7290 7140
f 7141 7291 7290
f 7142 7291 7141
f 7142 7292 7291
f 7145 7293 7144
f 7145 7294 7293
f 7146 7294 7145
f 7146 7295 7294
f 7147 7295 7146
f 7147 7296 7295
f 7148 7296 7147
f 7148 7297 7296
f 7149 7297 7148
f 7149 7298 7297
f 7150 7298 7149
f 7150 7299 7298
f 7151 7299 7150
f 7151 7300 7299
f 7152 7300 7151
f 7152 7301 7300
f 7153 7301 7152
f 7153 7302 7301
f 7154 7302 7153
f 7154 7303 7302
f 7155 7303 7154
f 7155 7304 7303
f 7156 7304 7155
f 7156 7305 7304
f 7157 7305 7156
f 7157 7306 7305
f 7158 7306 7157
f 7158 7307 7306
f 7159 7307 7158
f 7159 7308 7307
f 7160 7308 7159
f 7160 7309 7308
f 7161 7309 7160
f 7161 7310 7309
f 7162 7310 7161
f 7162 7311 7310
f 7163 7311 7162
f 7163 7312 7311
f 7164 7312 7163
f 7164 7313 7312
f 7165 7313 7164
f 7165 7314 7313
f 7166 7314 7165
f 7166 7315 7314
f 7167 7315 7166
f 7167 7316 7315
f 7168 7316 7167
f 7168 7317 7316
f 7169 7317 7168
f 7169 7318 7317
f 7170 7318 7169
f 7170 7319 7318
f 7171 7319 7170
f 7171 7320 7319
f 7172 7320 7171
f 7172 7321 7320
f 7173 7321 7172
f 7173 7322 7321
f 7174 7322 7173
f 7174 7323 7322
f 7175 7323 7174
f 7175 7324 7323
f 7176 7324 7175
f 7176 7325 7324
f 7177 7325 7176
f 7177 7326 7325
f 7178 7326 7177
f 7178 7327 7326
f 7179 7327 7178
f 7179 7328 7327
f 7180 7328 7179
f 7180 7329 7328
f 7181 7329 7180
f 7181 7330 7329
f 7182 7330 7181
f 7182 7331 7330
f 7183 7331 7182
f 7183 7332 7331
f 7184 7332 7183
f 7184 7333 7332
f 7185 7333 7184
f 7185 7334 7333
f 7186 7334 7185
f 7186 7335 7334
f 7187 7335 7186
f 7187 7336 7335
f 7188 7336 7187
f 7188 7337 7336
f 7189 7337 7188
f 7189 7338 7337
f 7190 7338 7189
f 7190 7339 7338
f 7191 7339 7190
f 7191 7340 7339
f 7192 7340 7191
f 7192 7341 7340
f 7193 7341 7192
f 7193 7342 7341
f 7194 7342 7193
f 7194 7343 7342
f 7195 7343 7194
f 7195 7344 7343
f 7196 7344 7195
f 7196 7345 7344
f 7197 7345 7196
f 7197 7346 7345
f 7198 7346 7197
f 7198 7347 7346
f 7199 7347 7198
f 7199 7348 7347
f 7200 7348 7199
f 7200 7349 7348
f 7201 7349 7200
f 7203 7350 7202
f 7203 7351 7350
f 7204 7351 7203
f 7205 7353 7352
f 7206 7353 7205
f 7206 7354 7353
f 7207 7354 7206
f 7213 7356 7355
f 7214 7356 7213
f 7214 7357 7356
f 7215 7357 7214
f 7215 7358 7357
f 7216 7358 7215
f 7216 7359 7358
f 7217 7359 7216
f 7217 7360 7359
f 7218 7360 7217
f 7218 7361 7360
f 7219 7361 7218
f 7219 7362 7361
f 7220 7362 7219
f 7220 7363 7362
f 7221 7363 7220
f 7221 7364 7363
f 7222 7364 7221
f 7222 7365 7364
f 7223 7365 7222
f 7223 7366 7365
f 7224 7366 7223
f 7224 7367 7366
f 7225 7367 7224
f 7225 7368 7367
f 7226 7368 7225
f 7226 7369 7368
f 7227 7369 7226
f 7227 7370 7369
f 7228 7370 7227
f 7228 7371 7370
f 7229 7371 7228
f 7230 7373 7372
f 7231 7373 7230
f 7231 7374 7373
f 7232 7374 7231
f 7232 7375 7374
f 7233 7375 7232
f 7233 7376 7375
f 7234 7376 7233
f 7234 7377 7376
f 7235 7377 7234
f 7235 7378 7377
f 7236 7378 7235
f 7236 7379 7378
f 7237 7379 7236
f 7237 7380 7379
f 7238 7380 7237
f 7238 7381 7380
f 7239 7381 7238
f 7239 7382 7381
f 7240 7382 7239
f 7240 7383 7382
f 7241 7383 7240
f 7241 7384 7383
f 7242 7384 7241
f 7242 7385 7384
f 7243 7385 7242
f 7243 7386 7385
f 7244 7386 7243
f 7244 7387 7386
f 7245 7387 7244
f 7245 7388 7387
f 7246 7388 7245
f 7246 7389 7388
f 7247 7389 7246
f 7247 7390 7389
f 7248 7390 7247
f 7248 7391 7390
f 7249 7391 7248
f 7249 7392 7391
f 7250 7392 7249
f 7250 7393 7392
f 7251 7393 7250
f 7251 7394 7393
f 7252 7394 7251
f 7252 7395 7394
f 7253 7395 7252
f 7253 7396 7395
f 7254 7396 7253
f 7254 7397 7396
f 7255 7397 7254
f 7255 7398 7397
f 7256 7398 7255
f 7256 7399 7398
f 7257 7399 7256
f 7257 7400 7399
f 7258 7400 7257
f 7258 7401 7400
f 7259 7401 7258
f 7259 7402 7401
f 7260 7402 7259
f 7260 7403 7402
f 7261 7403 7260
f 7261 7404 7403
f 7262 7404 7261
f 7262 7405 7404
f 7263 7405 7262
f 7263 7406 7405
f 7264 7406 7263
f 7264 7407 7406
f 7265 7407 7264
f 7265 7408 7407
f 7266 7408 7265
f 7266 7409 7408
f 7267 7409 7266
f 7267 7410 7409
f 7268 7410 7267
f 7268 7411 7410
f 7269 7411 7268
f 7269 7412 7411
f 7270 7412 7269
f 7270 7413 7412
f 7271 7413 7270
f 7271 7414 7413
f 7272 7414 7271
f 7272 7415 7414
f 7273 7415 7272
f 7273 7416 7415
f 7274 7416 7273
f 7274 7417 7416
f 7275 7417 7274
f 7275 7418 7417
f 7276 7418 7275
f 7276 7419 7418
f 7277 7419 7276
f 7277 7420 7419
f 7278 7420 7277
f 7278 7421 7420
f 7279 7421 7278
f 7279 7422 7421
f 7280 7422 7279
f 7280 7423 7422
f 7281 7423 7280
f 7281 7424 7423
f 7282 7424 7281
f 7282 7425 7424
f 7283 7425 7282
f 7283 7426 7425
f 7284 7426 7283
f 7284 7427 7426
f 7285 7427 7284
f 7285 7428 7427
f 7286 7428 7285
f 7286 7429 7428
f 7287 7429 7286
f 7287 7430 7429
f 7288 7430 7287
f 7288 7431 7430
f 7289 7431 7288
f 7289 7432 7431
f 7290 7432 7289
f 7290 7433 7432
f 7291 7433 7290
f 7291 7434 7433
f 7292 7434 7291
f 7292 7435 7434
f 7294 7436 7293
f 7294 7437 7436
f 7295 7437 7294
f 7295 7438 7437
f 7296 7438 7295
f 7296 7439 7438
f 7297 7439 7296
f 7297 7440 7439
f 7298 7440 7297
f 7298 7441 7440
f 7299 7441 7298
f 7299 7442 7441
f 7300 7442 7299
f 7300 7443 7442
f 7301 7443 7300
f 7301 7444 7443
f 7302 7444 7301
f 7302 7445 7444
f 7303 7445 7302
f 7303 7446 7445
f 7304 7446 7303
f 7304 7447 7446
f 7305 7447 7304
f 7305 7448 7447
f 7306 7448 7305
f 7306 7449 7448
f 7307 7449 7306
f 7307 7450 7449
f 7308 7450 7307
f 7308 7451 7450
f 7309 7451 7308
f 7309 7452 7451
f 7310 7452 7309
f 7310 7453 7452
f 7311 7453 7310
f 7311 7454 7453
f 7312 7454 7311
f 7312 7455 7454
f 7313 7455 7312
f 7313 7456 7455
f 7314 7456 7313
f 7314 7457 7456
f 7315 7457 7314
f 7315 7458 7457
f 7316 7458 7315
f 7316 7459 7458
f 7317 7459 7316
f 7317 7460 7459
f 7318 7460 7317
f 7318 7461 7460
f 7319 7461 7318
f 7319 7462 7461
f 7320 7462 7319
f 7320 7463 7462
f 7321 7463 7320
f 7321 7464 7463
f 7322 7464 7321
f 7322 7465 7464
f 7323 7465 7322
f 7323 7466 7465
f 7324 7466 7323
f 7324 7467 7466
f 7325 7467 7324
f 7325 7468 7467
f 7326 7468 7325
f 7326 7469 7468
f 7327 7469 7326
f 7327 7470 7469
f 7328 7470 7327
f 7328 7471 7470
f 7329 7471 7328
f 7329 7472 7471
f 7330 7472 7329
f 7330 7473 7472
f 7331 7473 7330
f 7331 7474 7473
f 7332 7474 7331
f 7332 7475 7474
f 7333 7475 7332
f 7333 7476 7475
f 7334 7476 7333
f 7334 7477 7476
f 7335 7477 7334
f 7335 7478 7477
f 7336 7478 7335
f 7336 7479 7478
f 7337 7479 7336
f 7337 7480 7479
f 7338 7480 7337
f 7338 7481 7480
f 7339 7481 7338
f 7339 7482 7481
f 7340 7482 7339
f 7340 7483 7482
f 7341 7483 7340
f 7341 7484 7483
f 7342 7484 7341
f 7342 7485 7484
f 7343 7485 7342
f 7343 7486 7485
f 7344 7486 7343
f 7344 7487 7486
f 7345 7487 7344
f 7345 7488 7487
f 7346 7488 7345
f 7346 7489 7488
f 7347 7489 7346
f 7347 7490 7489
f 7348 7490 7347
f 7352 7491 7351
f 7352 7492 7491
f 7353 7492 7352
f 7353 7493 7492
f 7354 7493 7353
f 7357 7494 7356
f 7357 7495 7494
f 7358 7495 7357
f 7358 7496 7495
f 7359 7496 7358
f 7359 7497 7496
f 7360 7497 7359
f 7360 7498 7497
f 7361 7498 7360
f 7361 7499 7498
f 7362 7499 7361
f 7362 7500 7499
f 7363 7500 7362
f 7363 7501 7500
f 7364 7501 7363
f 7364 7502 7501
f 7365 7502 7364
f 7365 7503 7502
f 7366 7503 7365
f 7366 7504 7503
f 7367 7504 7366
f 7367 7505 7504
f 7368 7505 7367
f 7368 7506 7505
f 7369 7506 7368
f 7375 7507 7374
f 7375 7508 7507
f 7376 7508 7375
f 7376 7509 7508
f 7377 7509 7376
f 7377 7510 7509
f 7378 7510 7377
f 7378 7511 7510
f 7379 7511 7378
f 7379 7512 7511
f 7380 7512 7379
f 7380 7513 7512
f 7381 7513 7380
f 7381 7514 7513
f 7382 7514 7381
f 7382 7515 7514
f 7383 7515 7382
f 7383 7516 7515
f 7384 7516 7383
f 7384 7517 7516
f 7385 7517 7384
f 7385 7518 7517
f 7386 7518 7385
f 7386 7519 7518
f 7387 7519 7386
f 7387 7520 7519
f 7388 7520 7387
f 7388 7521 7520
f 7389 7521 7388
f 7389 7522 7521
f 7390 7522 7389
f 7390 7523 7522
f 7391 7523 7390
f 7391 7524 7523
f 7392 7524 7391
f 7392 7525 7524
f 7393 7525 7392
f 7393 7526 7525
f 7394 7526 7393
f 7394 7527 7526
f 7395 7527 7394
f 7395 7528 7527
f 7396 7528 7395
f 7396 7529 7528
f 7397 7529 7396
f 7397 7530 7529
f 7398 7530 7397
f 7398 7531 7530
f 7399 7531 7398
f 7399 7532 7531
f 7400 7532 7399
f 7400 7533 7532
f 7401 7533 7400
f 7401 7534 7533
f 7402 7534 7401
f 7402 7535 7534
f 7403 7535 7402
f 7403 7536 7535
f 7404 7536 7403
f 7404 7537 7536
f 7405 7537 7404
f 7405 7538 7537
f 7406 7538 7405
f 7406 7539 7538
f 7407 7539 7406
f 7407 7540 7539
f 7408 7540 7407
f 7408 7541 7540
f 7409 7541 7408
f 7409 7542 7541
f 7410 7542 7409
f 7410 7543 7542
f 7411 7543 7410
f 7411 7544 7543
f 7412 7544 7411
f 7412 7545 7544
f 7413 7545 7412
f 7413 7546 7545
f 7414 7546 7413
f 7414 7547 7546
f 7415 7547 7414
f 7415 7548 7547
f 7416 7548 7415
f 7416 7549 7548
f 7417 7549 7416
f 7417 7550 7549
f 7418 7550 7417
f 7418 7551 7550
f 7419 7551 7418
f 7419 7552 7551
f 7420 7552 7419
f 7420 7553 7552
f 7421 7553 7420
f 7421 7554 7553
f 7422 7554 7421
f 7422 7555 7554
f 7423 7555 7422
f 7423 7556 7555
f 7424 7556 7423
f 7424 7557 7556
f 7425 7557 7424
f 7425 7558 7557
f 7426 7558 7425
f 7426 7559 7558
f 7427 7559 7426
f 7427 7560 7559
f 7428 7560 7427
f 7428 7561 7560
f 7429 7561 7428
f 7429 7562 7561
f 7430 7562 7429
f 7430 7563 7562
f 7431 7563 7430
f 7431 7564 7563
f 7432 7564 7431
f 7432 7565 7564
f 7433 7565 7432
f 7433 7566 7565
f 7434 7566 7433
f 7434 7567 7566
f 7435 7567 7434
f 7435 7568 7567
f 7437 7569 7436
f 7437 7570 7569
f 7438 7570 7437
f 7438 7571 7570
f 7439 7571 7438
f 7439 7572 7571
f 7440 7572 7439
f 7440 7573 7572
f 7441 7573 7440
f 7441 7574 7573
f 7442 7574 7441
f 7442 7575 7574
f 7443 7575 7442
f 7443 7576 7575
f 7444 7576 7443
f 7444 7577 7576
f 7445 7577 7444
f 7445 7578 7577
f 7446 7578 7445
f 7446 7579 7578
f 7447 7579 7446
f 7447 7580 7579
f 7448 7580 7447
f 7448 7581 7580
f 7449 7581 7448
f 7449 7582 7581
f 7450 7582 7449
f 7450 7583 7582
f 7451 7583 7450
f 7451 7584 7583
f 7452 7584 7451
f 7452 7585 7584
f 7453 7585 7452
f 7453 7586 7585
f 7454 7586 7453
f 7454 7587 7586
f 7455 7587 7454
f 7455 7588 7587
f 7456 7588 7455
f 7456 7589 7588
f 7457 7589 7456
f 7457 7590 7589
f 7458 7590 7457
f 7458 7591 7590
f 7459 7591 7458
f 7459 7592 7591
f 7460 7592 7459
f 7460 7593 7592
f 7461 7593 7460
f 7461 7594 7593
f 7462 7594 7461
f 7462 7595 7594
f 7463 7595 7462
f 7463 7596 7595
f 7464 7596 7463
f 7464 7597 7596
f 7465 7597 7464
f 7465 7598 7597
f 7466 7598 7465
f 7466 7599 7598
f 7467 7599 7466
f 7467 7600 7599
f 7468 7600 7467
f 7468 7601 7600
f 7469 7601 7468
f 7469 7602 7601
f 7470 7602 7469
f 7470 7603 7602
f 7471 7603 7470
f 7471 7604 7603
f 7472 7604 7471
f 7472 7605 7604
f 7473 7605 7472
f 7473 7606 7605
f 7474 7606 7473
f 7474 7607 7606
f 7475 7607 7474
f 7475 7608 7607
f 7476 7608 7475
f 7476 7609 7608
f 7477 7609 7476
f 7477 7610 7609
f 7478 7610 7477
f 7478 7611 7610
f 7479 7611 7478
f 7479 7612 7611
f 7480 7612 7479
f 7480 7613 7612
f 7481 7613 7480
f 7481 7614 7613
f 7482 7614 7481
f 7482 7615 7614
f 7483 7615 7482
f 7483 7616 7615
f 7484 7616 7483
f 7484 7617 7616
f 7485 7617 7484
f 7485 7618 7617
f 7486 7618 7485
f 7486 7619 7618
f 7487 7619 7486
f 7487 7620 7619
f 7488 7620 7487
f 7488 7621 7620
f 7489 7621 7488
f 7489 7622 7621
f 7490 7622 7489
f 7500 7623 7499
f 7500 7624 7623
f 7501 7624 7500
f 7501 7625 7624
f 7502 7625 7501
f 7502 7626 7625
f 7503 7626 7502
f 7503 7627 7626
f 7504 7627 7503
f 7504 7628 7627
f 7505 7628 7504
f 7505 7629 7628
f 7506 7629 7505
f 7509 7630 7508
f 7509 7631 7630
f 7510 7631 7509
f 7510 7632 7631
f 7511 7632 7510
f 7511 7633 7632
f 7512 7633 7511
f 7512 7634 7633
f 7513 7634 7512
f 7513 7635 7634
f 7514 7635 7513
f 7514 7636 7635
f 7515 7636 7514
f 7515 7637 7636
f 7516 7637 7515
f 7516 7638 7637
f 7517 7638 7516
f 7517 7639 7638
f 7518 7639 7517
f 7518 7640 7639
f 7519 7640 7518
f 7519 7641 7640
f 7520 7641 7519
f 7520 7642 7641
f 7521 7642 7520
f 7521 7643 7642
f 7522 7643 7521
f 7522 7644 7643
f 7523 7644 7522
f 7523 7645 7644
f 7524 7645 7523
f 7524 7646 7645
f 7525 7646 7524
f 7525 7647 7646
f 7526 7647 7525
f 7526 7648 7647
f 7527 7648 7526
f 7527 7649 7648
f 7528 7649 7527
f 7528 7650 7649
f 7529 7650 7528
f 7529 7651 7650
f 7530 7651 7529
f 7530 7652 7651
f 7531 7652 7530
f 7531 7653 7652
f 7532 7653 7531
f 7532 7654 7653
f 7533 7654 7532
f 7533 7655 7654
f 7534 7655 7533
f 7534 7656 7655
f 7535 7656 7534
f 7535 7657 7656
f 7536 7657 7535
f 7536 7658 7657
f 7537 7658 7536
f 7537 7659 7658
f 7538 7659 7537
f 7538 7660 7659
f 7539 7660 7538
f 7539 7661 7660
f 7540 7661 7539
f 7540 7662 7661
f 7541 7662 7540
f 7541 7663 7662
f 7542 7663 7541
f 7542 7664 7663
f 7543 7664 7542
f 7543 7665 7664
f 7544 7665 7543
f 7544 7666 7665
f 7545 7666 7544
f 7545 7667 7666
f 7546 7667 7545
f 7546 7668 7667
f 7547 7668 7546
f 7547 7669 7668
f 7548 7669 7547
f 7548 7670 7669
f 7549 7670 7548
f 7549 7671 7670
f 7550 7671 7549
f 7550 7672 7671
f 7551 7672 7550
f 7551 7673 7672
f 7552 7673 7551
f 7552 7674 7673
f 7553 7674 7552
f 7553 7675 7674
f 7554 7675 7553
f 7554 7676 7675
f 7555 7676 7554
f 7555 7677 7676
f 7556 7677 7555
f 7556 7678 7677
f 7557 7678 7556
f 7557 7679 7678
f 7558 7679 7557
f 7558 7680 7679
f 7559 7680 7558
f 7559 7681 7680
f 7560 7681 7559
f 7560 7682 7681
f 7561 7682 7560
f 7561 7683 7682
f 7562 7683 7561
f 7562 7684 7683
f 7563 7684 7562
f 7563 7685 7684
f 7564 7685 7563
f 7564 7686 7685
f 7565 7686 7564
f 7565 7687 7686
f 7566 7687 7565
f 7566 7688 7687
f 7567 7688 7566
f 7567 7689 7688
f 7568 7689 7567
f 7570 7690 7569
f 7570 7691 7690
f 7571 7691 7570
f 7571 7692 7691
f 7572 7692 7571
f 7572 7693 7692
f 7573 7693 7572
f 7573 7694 7693
f 7574 7694 7573
f 7574 7695 7694
f 7575 7695 7574
f 7575 7696 7695
f 7576 7696 7575
f 7576 7697 7696
f 7577 7697 7576
f 7577 7698 7697
f 7578 7698 7577
f 7578 7699 7698
f 7579 7699 7578
f 7579 7700 7699
f 7580 7700 7579
f 7580 7701 7700
f 7581 7701 7580
f 7581 7702 7701
f 7582 7702 7581
f 7582 7703 7702
f 7583 7703 7582
f 7583 7704 7703
f 7584 7704 7583
f 7584 7705 7704
f 7585 7705 7584
f 7585 7706 7705
f 7586 7706 7585
f 7586 7707 7706
f 7587 7707 7586
f 7587 7708 7707
f 7588 7708 7587
f 7588 7709 7708
f 7589 7709 7588
f 7589 7710 7709
f 7590 7710 7589
f 7590 7711 7710
f 7591 7711 7590
f 7591 7712 7711
f 7592 7712 7591
f 7592 7713 7712
f 7593 7713 7592
f 7593 7714 7713
f 7594 7714 7593
f 7594 7715 7714
f 7595 7715 7594
f 7595 7716 7715
f 7596 7716 7595
f 7596 7717 7716
f 7597 7717 7596
f 7597 7718 7717
f 7598 7718 7597
f 7598 7719 7718
f 7599 7719 7598
f 7599 7720 7719
f 7600 7720 7599
f 7600 7721 7720
f 7601 7721 7600
f 7601 7722 7721
f 7602 7722 7601
f 7602 7723 7722
f 7603 7723 7602
f 7603 7724 7723
f 7604 7724 7603
f 7604 7725 7724
f 7605 7725 7604
f 7605 7726 7725
f 7606 7726 7605
f 7606 7727 7726
f 7607 7727 7606
f 7607 7728 7727
f 7608 7728 7607
f 7608 7729 7728
f 7609 7729 7608
f 7609 7730 7729
f 7610 7730 7609
f 7610 7731 7730
f 7611 7731 7610
f 7611 7732 7731
f 7612 7732 7611
f 7612 7733 7732
f 7613 7733 7612
f 7613 7734 7733
f 7614 7734 7613
f 7614 7735 7734
f 7615 7735 7614
f 7615 7736 7735
f 7616 7736 7615
f 7616 7737 7736
f 7617 7737 7616
f 7617 7738 7737
f 7618 7738 7617
f 7618 7739 7738
f 7619 7739 7618
f 7619 7740 7739
f 7620 7740 7619
f 7620 7741 7740
f 7621 7741 7620
f 7633 7742 7632
f 7633 7743 7742
f 7634 7743 7633
f 7634 7744 7743
f 7635 7744 7634
f 7635 7745 7744
f 7636 7745 7635
f 7636 7746 7745
f 7637 7746 7636
f 7637 7747 7746
f 7638 7747 7637
f 7638 7748 7747
f 7639 7748 7638
f 7639 7749 7748
f 7640 7749 7639
f 7640 7750 7749
f 7641 7750 7640
f 7641 7751 7750
f 7642 7751 7641
f 7642 7752 7751
f 7643 7752 7642
f 7643 7753 7752
f 7644 7753 7643
f 7644 7754 7753
f 7645 7754 7644
f 7645 7755 7754
f 7646 7755 7645
f 7646 7756 7755
f 7647 7756 7646
f 7647 7757 7756
f 7648 7757 7647
f 7648 7758 7757
f 7649 7758 7648
f 7649 7759 7758
f 7650 7759 7649
f 7650 7760 7759
f 7651 7760 7650
f 7651 7761 7760
f 7652 7761 7651
f 7652 7762 7761
f 7653 7762 7652
f 7653 7763 7762
f 7654 7763 7653
f 7654 7764 7763
f 7655 7764 7654
f 7655 7765 7764
f 7656 7765 7655
f 7656 7766 7765
f 7657 7766 7656
f 7657 7767 7766
f 7658 7767 7657
f 7658 7768 7767
f 7659 7768 7658
f 7659 7769 7768
f 7660 7769 7659
f 7660 7770 7769
f 7661 7770 7660
f 7661 7771 7770
f 7662 7771 7661
f 7662 7772 7771
f 7663 7772 7662
f 7663 7773 7772
f 7664 7773 7663
f 7664 7774 7773
f 7665 7774 7664
f 7665 7775 7774
f 7666 7775 7665
f 7666 7776 7775
f 7667 7776 7666
f 7667 7777 7776
f 7668 7777 7667
f 7668 7778 7777
f 7669 7778 7668
f 7669 7779 7778
f 7670 7779 7669
f 7670 7780 7779
f 7671 7780 7670
f 7671 7781 7780
f 7672 7781 7671
f 7672 7782 7781
f 7673 7782 7672
f 7673 7783 7782
f 7674 7783 7673
f 7674 7784 7783
f 7675 7784 7674
f 7675 7785 7784
f 7676 7785 7675
f 7676 7786 7785
f 7677 7786 7676
f 7677 7787 7786
f 7678 7787 7677
f 7678 7788 7787
f 7679 7788 7678
f 7679 7789 7788
f 7680 7789 7679
f 7680 7790 7789
f 7681 7790 7680
f 7681 7791 7790
f 7682 7791 7681
f 7682 7792 7791
f 7683 7792 7682
f 7683 7793 7792
f 7684 7793 7683
f 7684 7794 7793
f 7685 7794 7684
f 7685 7795 7794
f 7686 7795 7685
f 7686 7796 7795
f 7687 7796 7686
f 7687 7797 7796
f 7688 7797 7687
f 7688 7798 7797
f 7689 7798 7688
f 7689 7799 7798
f 7691 7800 7690
f 7691 7801 7800
f 7692 7801 7691
f 7692 7802 7801
f 7693 7802 7692
f 7693 7803 7802
f 7694 7803 7693
f 7694 7804 7803
f 7695 7804 7694
f 7695 7805 7804
f 7696 7805 7695
f 7696 7806 7805
f 7697 7806 7696
f 7697 7807 7806
f 7698 7807 7697
f 7698 7808 7807
f 7699 7808 7698
f 7699 7809 7808
f 7700 7809 7699
f 7700 7810 7809
f 7701 7810 7700
f 7701 7811 7810
f 7702 7811 7701
f 7702 7812 7811
f 7703 7812 7702
f 7703 7813 7812
f 7704 7813 7703
f 7704 7814 7813
f 7705 7814 7704
f 7705 7815 7814
f 7706 7815 7705
f 7706 7816 7815
f 7707 7816 7706
f 7707 7817 7816
f 7708 7817 7707
f 7708 7818 7817
f 7709 7818 7708
f 7709 7819 7818
f 7710 7819 7709
f 7710 7820 7819
f 7711 7820 7710
f 7711 7821 7820
f 7712 7821 7711
f 7712 7822 7821
f 7713 7822 7712
f 7713 7823 7822
f 7714 7823 7713
f 7714 7824 7823
f 7715 7824 7714
f 7715 7825 7824
f 7716 7825 7715
f 7716 7826 7825
f 7717 7826 7716
f 7717 7827 7826
f 7718 7827 7717
f 7718 7828 7827
f 7719 7828 7718
f 7719 7829 7828
f 7720 7829 7719
f 7720 7830 7829
f 7721 7830 7720
f 7721 7831 7830
f 7722 7831 7721
f 7722 7832 7831
f 7723 7832 7722
f 7723 7833 7832
f 7724 7833 7723
f 7724 7834 7833
f 7725 7834 7724
f 7725 7835 7834
f 7726 7835 7725
f 7726 7836 7835
f 7727 7836 7726
f 7727 7837 7836
f 7728 7837 7727
f 7728 7838 7837
f 7729 7838 7728
f 7729 7839 7838
f 7730 7839 7729
f 7730 7840 7839
f 7731 7840 7730
f 7731 7841 7840
f 7732 7841 7731
f 7732 7842 7841
f 7733 7842 7732
f 7733 7843 7842
f 7734 7843 7733
f 7734 7844 7843
f 7735 7844 7734
f 7735 7845 7844
f 7736 7845 7735
f 7736 7846 7845
f 7737 7846 7736
f 7737 7847 7846
f 7738 7847 7737
f 7738 7848 7847
f 7739 7848 7738
f 7739 7849 7848
f 7740 7849 7739
f 7740 7850 7849
f 7741 7850 7740
f 7744 7851 7743
f 7744 7852 7851
f 7745 7852 7744
f 7745 7853 7852
f 7746 7853 7745
f 7746 7854 7853
f 7747 7854 7746
f 7747 7855 7854
f 7748 7855 7747
f 7748 7856 7855
f 7749 7856 7748
f 7749 7857 7856
f 7750 7857 7749
f 7750 7858 7857
f 7751 7858 7750
f 7751 7859 7858
f 7752 7859 7751
f 7752 7860 7859
f 7753 7860 7752
f 7753 7861 7860
f 7754 7861 7753
f 7754 7862 7861
f 7755 7862 7754
f 7755 7863 7862
f 7756 7863 7755
f 7756 7864 7863
f 7757 7864 7756
f 7757 7865 7864
f 7758 7865 7757
f 7758 7866 7865
f 7759 7866 7758
f 7759 7867 7866
f 7760 7867 7759
f 7760 7868 7867
f 7761 7868 7760
f 7761 7869 7868
f 7762 7869 7761
f 7762 7870 7869
f 7763 7870 7762
f 7763 7871 7870
f 7764 7871 7763
f 7764 7872 7871
f 7765 7872 7764
f 7765 7873 7872
f 7766 7873 7765
f 7766 7874 7873
f 7767 7874 7766
f 7767 7875 7874
f 7768 7875 7767
f 7768 7876 7875
f 7769 7876 7768
f 7769 7877 7876
f 7770 7877 7769
f 7770 7878 7877
f 7771 7878 7770
f 7771 7879 7878
f 7772 7879 7771
f 7772 7880 7879
f 7773 7880 7772
f 7773 7881 7880
f 7774 7881 7773
f 7774 7882 7881
f 7775 7882 7774
f 7775 7883 7882
f 7776 7883 7775
f 7776 7884 7883
f 7777 7884 7776
f 7777 7885 7884
f 7778 7885 7777
f 7778 7886 7885
f 7779 7886 7778
f 7779 7887 7886
f 7780 7887 7779
f 7780 7888 7887
f 7781 7888 7780
f 7781 7889 7888
f 7782 7889 7781
f 7782 7890 7889
f 7783 7890 7782
f 7783 7891 7890
f 7784 7891 7783
f 7784 7892 7891
f 7785 7892 7784
f 7785 7893 7892
f 7786 7893 7785
f 7786 7894 7893
f 7787 7894 7786
f 7787 7895 7894
f 7788 7895 7787
f 7788 7896 7895
f 7789 7896 7788
f 7789 7897 7896
f 7790 7897 7789
f 7790 7898 7897
f 7791 7898 7790
f 7791 7899 7898
f 7792 7899 7791
f 7792 7900 7899
f 7793 7900 7792
f 7793 7901 7900
f 7794 7901 7793
f 7794 7902 7901
f 7795 7902 7794
f 7795 7903 7902
f 7796 7903 7795
f 7796 7904 7903
f 7797 7904 7796
f 7797 7905 7904
f 7798 7905 7797
f 7798 7906 7905
f 7799 7906 7798
f 7799 7907 7906
f 7802 7908 7801
f 7802 7909 7908
f 7803 7909 7802
f 7803 7910 7909
f 7804 7910 7803
f 7804 7911 7910
f 7805 7911 7804
f 7805 7912 7911
f 7806 7912 7805
f 7806 7913 7912
f 7807 7913 7806
f 7807 7914 7913
f 7808 7914 7807
f 7808 7915 7914
f 7809 7915 7808
f 7809 7916 7915
f 7810 7916 7809
f 7810 7917 7916
f 7811 7917 7810
f 7811 7918 7917
f 7812 7918 7811
f 7812 7919 7918
f 7813 7919 7812
f 7813 7920 7919
f 7814 7920 7813
f 7814 7921 7920
f 7815 7921 7814
f 7815 7922 7921
f 7816 7922 7815
f 7816 7923 7922
f 7817 7923 7816
f 7817 7924 7923
f 7818 7924 7817
f 7818 7925 7924
f 7819 7925 7818
f 7819 7926 7925
f 7820 7926 7819
f 7820 7927 7926
f 7821 7927 7820
f 7821 7928 7927
f 7822 7928 7821
f 7822 7929 7928
f 7823 7929 7822
f 7823 7930 7929
f 7824 7930 7823
f 7824 7931 7930
f 7825 7931 7824
f 7825 7932 7931
f 7826 7932 7825
f 7826 7933 7932
f 7827 7933 7826
f 7827 7934 7933
f 7828 7934 7827
f 7828 7935 7934
f 7829 7935 7828
f 7829 7936 7935
f 7830 7936 7829
f 7830 7937 7936
f 7831 7937 7830
f 7831 7938 7937
f 7832 7938 7831
f 7832 7939 7938
f 7833 7939 7832
f 7833 7940 7939
f 7834 7940 7833
f 7834 7941 7940
f 7835 7941 7834
f 7835 7942 7941
f 7836 7942 7835
f 7836 7943 7942
f 7837 7943 7836
f 7837 7944 7943
f 7838 7944 7837
f 7838 7945 7944
f 7839 7945 7838
f 7839 7946 7945
f 7840 7946 7839
f 7840 7947 7946
f 7841 7947 7840
f 7841 7948 7947
f 7842 7948 7841
f 7842 7949 7948
f 7843 7949 7842
f 7843 7950 7949
f 7844 7950 7843
f 7844 7951 7950
f 7845 7951 7844
f 7845 7952 7951
f 7846 7952 7845
f 7846 7953 7952
f 7847 7953 7846
f 7847 7954 7953
f 7848 7954 7847
f 7848 7955 7954
f 7849 7955 7848
f 7853 7956 7852
f 7853 7957 7956
f 7854 7957 7853
f 7854 7958 7957
f 7855 7958 7854
f 7855 7959 7958
f 7856 7959 7855
f 7856 7960 7959
f 7857 7960 7856
f 7857 7961 7960
f 7858 7961 7857
f 7858 7962 7961
f 7859 7962 7858
f 7859 7963 7962
f 7860 7963 7859
f 7860 7964 7963
f 7861 7964 7860
f 7861 7965 7964
f 7862 7965 7861
f 7862 7966 7965
f 7863 7966 7862
f 7863 7967 7966
f 7864 7967 7863
f 7864 7968 7967
f 7865 7968 7864
f 7865 7969 7968
f 7866 7969 7865
f 7866 7970 7969
f 7867 7970 7866
f 7867 7971 7970
f 7868 7971 7867
f 7868 7972 7971
f 7869 7972 7868
f 7869 7973 7972
f 7870 7973 7869
f 7870 7974 7973
f 7871 7974 7870
f 7871 7975 7974
f 7872 7975 7871
f 7872 7976 7975
f 7873 7976 7872
f 7873 7977 7976
f 7874 7977 7873
f 7874 7978 7977
f 7875 7978 7874
f 7875 7979 7978
f 7876 7979 7875
f 7876 7980 7979
f 7877 7980 7876
f 7877 7981 7980
f 7878 7981 7877
f 7878 7982 7981
f 7879 7982 7878
f 7879 7983 7982
f 7880 7983 7879
f 7880 7984 7983
f 7881 7984 7880
f 7881 7985 7984
f 7882 7985 7881
f 7882 7986 7985
f 7883 7986 7882
f 7883 7987 7986
f 7884 7987 7883
f 7884 7988 7987
f 7885 7988 7884
f 7885 7989 7988
f 7886 7989 7885
f 7886 7990 7989
f 7887 7990 7886
f 7887 7991 7990
f 7888 7991 7887
f 7888 7992 7991
f 7889 7992 7888
f 7889 7993 7992
f 7890 7993 7889
f 7890 7994 7993
f 7891 7994 7890
f 7891 7995 7994
f 7892 7995 7891
f 7892 7996 7995
f 7893 7996 7892
f 7893 7997 7996
f 7894 7997 7893
f 7894 7998 7997
f 7895 7998 7894
f 7895 7999 7998
f 7896 7999 7895
f 7896 8000 7999
f 7897 8000 7896
f 7897 8001 8000
f 7898 8001 7897
f 7898 8002 8001
f 7899 8002 7898
f 7899 8003 8002
f 7900 8003 7899
f 7900 8004 8003
f 7901 8004 7900
f 7901 8005 8004
f 7902 8005 7901
f 7902 8006 8005
f 7903 8006 7902
f 7903 8007 8006
f 7904 8007 7903
f 7904 8008 8007
f 7905 8008 7904
f 7905 8009 8008
f 7906 8009 7905
f 7906 8010 8009
f 7907 8010 7906
f 7907 8011 8010
f 7909 8012 7908
f 7909 8013 8012
f 7910 8013 7909
f 7910 8014 8013
f 7911 8014 7910
f 7911 8015 8014
f 7912 8015 7911
f 7912 8016 8015
f 7913 8016 7912
f 7913 8017 8016
f 7914 8017 7913
f 7914 8018 8017
f 7915 8018 7914
f 7915 8019 8018
f 7916 8019 7915
f 7916 8020 8019
f 7917 8020 7916
f 7917 8021 8020
f 7918 8021 7917
f 7918 8022 8021
f 7919 8022 7918
f 7919 8023 8022
f 7920 8023 7919
f 7920 8024 8023
f 7921 8024 7920
f 7921 8025 8024
f 7922 8025 7921
f 7922 8026 8025
f 7923 8026 7922
f 7923 8027 8026
f 7924 8027 7923
f 7924 8028 8027
f 7925 8028 7924
f 7925 8029 8028
f 7926 8029 7925
f 7926 8030 8029
f 7927 8030 7926
f 7927 8031 8030
f 7928 8031 7927
f 7928 8032 8031
f 7929 8032 7928
f 7929 8033 8032
f 7930 8033 7929
f 7930 8034 8033
f 7931 8034 7930
f 7931 8035 8034
f 7932 8035 7931
f 7932 8036 8035
f 7933 8036 7932
f 7933 8037 8036
f 7934 8037 7933
f 7934 8038 8037
f 7935 8038 7934
f 7935 8039 8038
f 7936 8039 7935
f 7936 8040 8039
f 7937 8040 7936
f 7937 8041 8040
f 7938 8041 7937
f 7938 8042 8041
f 7939 8042 7938
f 7939 8043 8042
f 7940 8043 7939
f 7940 8044 8043
f 7941 8044 7940
f 7941 8045 8044
f 7942 8045 7941
f 7942 8046 8045
f 7943 8046 7942
f 7943 8047 8046
f 7944 8047 7943
f 7944 8048 8047
f 7945 8048 7944
f 7945 8049 8048
f 7946 8049 7945
f 7946 8050 8049
f 7947 8050 7946
f 7947 8051 8050
f 7948 8051 7947
f 7948 8052 8051
f 7949 8052 7948
f 7949 8053 8052
f 7950 8053 7949
f 7950 8054 8053
f 7951 8054 7950
f 7951 8055 8054
f 7952 8055 7951
f 7952 8056 8055
f 7953 8056 7952
f 7953 8057 8056
f 7954 8057 7953
f 7954 8058 8057
f 7955 8058 7954
f 7958 8059 7957
f 7959 8060 7958
f 7959 8061 8060
f 7960 8061 7959
f 7960 8062 8061
f 7961 8062 7960
f 7961 8063 8062
f 7962 8063 7961
f 7962 8064 8063
f 7963 8064 7962
f 7963 8065 8064
f 7964 8065 7963
f 7964 8066 8065
f 7965 8066 7964
f 7965 8067 8066
f 7966 8067 7965
f 7966 8068 8067
f 7967 8068 7966
f 7967 8069 8068
f 7968 8069 7967
f 7968 8070 8069
f 7969 8070 7968
f 7969 8071 8070
f 7970 8071 7969
f 7970 8072 8071
f 7971 8072 7970
f 7971 8073 8072
f 7972 8073 7971
f 7972 8074 8073
f 7973 8074 7972
f 7973 8075 8074
f 7974 8075 7973
f 7974 8076 8075
f 7975 8076 7974
f 7975 8077 8076
f 7976 8077 7975
f 7976 8078 8077
f 7977 8078 7976
f 7977 8079 8078
f 7978 8079 7977
f 7978 8080 8079
f 7979 8080 7978
f 7979 8081 8080
f 7980 8081 7979
f 7980 8082 8081
f 7981 8082 7980
f 7981 8083 8082
f 7982 8083 7981
f 7982 8084 8083
f 7983 8084 7982
f 7983 8085 8084
f 7984 8085 7983
f 7984 8086 8085
f 7985 8086 7984
f 7985 8087 8086
f 7986 8087 7985
f 7986 8088 8087
f 7987 8088 7986
f 7987 8089 8088
f 7988 8089 7987
f 7988 8090 8089
f 7989 8090 7988
f 7989 8091 8090
f 7990 8091 7989
f 7990 8092 8091
f 7991 8092 7990
f 7991 8093 8092
f 7992 8093 7991
f 7992 8094 8093
f 7993 8094 7992
f 7993 8095 8094
f 7994 8095 7993
f 7994 8096 8095
f 7995 8096 7994
f 7995 8097 8096
f 7996 8097 7995
f 7996 8098 8097
f 7997 8098 7996
f 7997 8099 8098
f 7998 8099 7997
f 7998 8100 8099
f 7999 8100 7998
f 7999 8101 8100
f 8000 8101 7999
f 8000 8102 8101
f 8001 8102 8000
f 8001 8103 8102
f 8002 8103 8001
f 8002 8104 8103
f 8003 8104 8002
f 8003 8105 8104
f 8004 8105 8003
f 8004 8106 8105
f 8005 8106 8004
f 8005 8107 8106
f 8006 8107 8005
f 8006 8108 8107
f 8007 8108 8006
f 8007 8109 8108
f 8008 8109 8007
f 8008 8110 8109
f 8009 8110 8008
f 8009 8111 8110
f 8010 8111 8009
f 8010 8112 8111
f 8011 8112 8010
f 8011 8113 8112
f 8013 8114 8012
f 8013 8115 8114
f 8014 8115 8013
f 8014 8116 8115
f 8015 8116 8014
f 8015 8117 8116
f 8016 8117 8015
f 8016 8118 8117
f 8017 8118 8016
f 8017 8119 8118
f 8018 8119 8017
f 8018 8120 8119
f 8019 8120 8018
f 8019 8121 8120
f 8020 8121 8019
f 8020 8122 8121
f 8021 8122 8020
f 8021 8123 8122
f 8022 8123 8021
f 8022 8124 8123
f 8023 8124 8022
f 8023 8125 8124
f 8024 8125 8023
f 8024 8126 8125
f 8025 8126 8024
f 8025 8127 8126
f 8026 8127 8025
f 8026 8128 8127
f 8027 8128 8026
f 8027 8129 8128
f 8028 8129 8027
f 8028 8130 8129
f 8029 8130 8028
f 8029 8131 8130
f 8030 8131 8029
f 8030 8132 8131
f 8031 8132 8030
f 8031 8133 8132
f 8032 8133 8031
f 8032 8134 8133
f 8033 8134 8032
f 8033 8135 8134
f 8034 8135 8033
f 8034 8136 8135
f 8035 8136 8034
f 8035 8137 8136
f 8036 8137 8035
f 8036 8138 8137
f 8037 8138 8036
f 8037 8139 8138
f 8038 8139 8037
f 8038 8140 8139
f 8039 8140 8038
f 8039 8141 8140
f 8040 8141 8039
f 8040 8142 8141
f 8041 8142 8040
f 8041 8143 8142
f 8042 8143 8041
f 8042 8144 8143
f 8043 8144 8042
f 8043 8145 8144
f 8044 8145 8043
f 8044 8146 8145
f 8045 8146 8044
f 8045 8147 8146
f 8046 8147 8045
f 8046 8148 8147
f 8047 8148 8046
f 8047 8149 8148
f 8048 8149 8047
f 8048 8150 8149
f 8049 8150 8048
f 8049 8151 8150
f 8050 8151 8049
f 8050 8152 8151
f 8051 8152 8050
f 8051 8153 8152
f 8052 8153 8051
f 8052 8154 8153
f 8053 8154 8052
f 8053 8155 8154
f 8054 8155 8053
f 8054 8156 8155
f 8055 8156 8054
f 8055 8157 8156
f 8056 8157 8055
f 8056 8158 8157
f 8057 8158 8056
f 8062 8159 8061
f 8062 8160 8159
f 8063 8160 8062
f 8063 8161 8160
f 8064 8161 8063
f 8064 8162 8161
f 8065 8162 8064
f 8065 8163 8162
f 8066 8163 8065
f 8066 8164 8163
f 8067 8164 8066
f 8067 8165 8164
f 8068 8165 8067
f 8068 8166 8165
f 8069 8166 8068
f 8069 8167 8166
f 8070 8167 8069
f 8070 8168 8167
f 8071 8168 8070
f 8071 8169 8168
f 8072 8169 8071
f 8072 8170 8169
f 8073 8170 8072
f 8073 8171 8170
f 8074 8171 8073
f 8074 8172 8171
f 8075 8172 8074
f 8075 8173 8172
f 8076 8173 8075
f 8076 8174 8173
f 8077 8174 8076
f 8077 8175 8174
f 8078 8175 8077
f 8078 8176 8175
f 8079 8176 8078
f 8079 8177 8176
f 8080 8177 8079
f 8080 8178 8177
f 8081 8178 8080
f 8081 8179 8178
f 8082 8179 8081
f 8082 8180 8179
f 8083 8180 8082
f 8083 8181 8180
f 8084 8181 8083
f 8084 8182 8181
f 8085 8182 8084
f 8085 8183 8182
f 8086 8183 8085
f 8086 8184 8183
f 8087 8184 8086
f 8087 8185 8184
f 8088 8185 8087
f 8088 8186 8185
f 8089 8186 8088
f 8089 8187 8186
f 8090 8187 8089
f 8090 8188 8187
f 8091 8188 8090
f 8091 8189 8188
f 8092 8189 8091
f 8092 8190 8189
f 8093 8190 8092
f 8093 8191 8190
f 8094 8191 8093
f 8094 8192 8191
f 8095 8192 8094
f 8095 8193 8192
f 8096 8193 8095
f 8096 8194 8193
f 8097 8194 8096
f 8097 8195 8194
f 8098 8195 8097
f 8098 8196 8195
f 8099 8196 8098
f 8099 8197 8196
f 8100 8197 8099
f 8100 8198 8197
f 8101 8198 8100
f 8101 8199 8198
f 8102 8199 8101
f 8102 8200 8199
f 8103 8200 8102
f 8103 8201 8200
f 8104 8201 8103
f 8104 8202 8201
f 8105 8202 8104
f 8105 8203 8202
f 8106 8203 8105
f 8106 8204 8203
f 8107 8204 8106
f 8107 8205 8204
f 8108 8205 8107
f 8108 8206 8205
f 8109 8206 8108
f 8109 8207 8206
f 8110 8207 8109
f 8110 8208 8207
f 8111 8208 8110
f 8111 8209 8208
f 8112 8209 8111
f 8112 8210 8209
f 8113 8210 8112
f 8115 8211 8114
f 8115 8212 8211
f 8116 8212 8115
f 8116 8213 8212
f 8117 8213 8116
f 8117 8214 8213
f 8118 8214 8117
f 8118 8215 8214
f 8119 8215 8118
f 8119 8216 8215
f 8120 8216 8119
f 8120 8217 8216
f 8121 8217 8120
f 8121 8218 8217
f 8122 8218 8121
f 8122 8219 8218
f 8123 8219 8122
f 8123 8220 8219
f 8124 8220 8123
f 8124 8221 8220
f 8125 8221 8124
f 8125 8222 8221
f 8126 8222 8125
f 8126 8223 8222
f 8127 8223 8126
f 8127 8224 8223
f 8128 8224 8127
f 8128 8225 8224
f 8129 8225 8128
f 8129 8226 8225
f 8130 8226 8129
f 8130 8227 8226
f 8131 8227 8130
f 8131 8228 8227
f 8132 8228 8131
f 8132 8229 8228
f 8133 8229 8132
f 8133 8230 8229
f 8134 8230 8133
f 8134 8231 8230
f 8135 8231 8134
f 8135 8232 8231
f 8136 8232 8135
f 8136 8233 8232
f 8137 8233 8136
f 8137 8234 8233
f 8138 8234 8137
f 8138 8235 8234
f 8139 8235 8138
f 8139 8236 8235
f 8140 8236 8139
f 8140 8237 8236
f 8141 8237 8140
f 8141 8238 8237
f 8142 8238 8141
f 8142 8239 8238
f 8143 8239 8142
f 8143 8240 8239
f 8144 8240 8143
f 8144 8241 8240
f 8145 8241 8144
f 8145 8242 8241
f 8146 8242 8145
f 8146 8243 8242
f 8147 8243 8146
f 8147 8244 8243
f 8148 8244 8147
f 8148 8245 8244
f 8149 8245 8148
f 8149 8246 8245
f 8150 8246 8149
f 8150 8247 8246
f 8151 8247 8150
f 8151 8248 8247
f 8152 8248 8151
f 8152 8249 8248
f 8153 8249 8152
f 8153 8250 8249
f 8154 8250 8153
f 8154 8251 8250
f 8155 8251 8154
f 8155 8252 8251
f 8156 8252 8155
f 8156 8253 8252
f 8157 8253 8156
f 8157 8254 8253
f 8158 8254 8157
f 8161 8255 8160
f 8161 8256 8255
f 8162 8256 8161
f 8162 8257 8256
f 8163 8257 8162
f 8163 8258 8257
f 8164 8258 8163
f 8164 8259 8258
f 8165 8259 8164
f 8165 8260 8259
f 8166 8260 8165
f 8166 8261 8260
f 8167 8261 8166
f 8167 8262 8261
f 8168 8262 8167
f 8168 8263 8262
f 8169 8263 8168
f 8169 8264 8263
f 8170 8264 8169
f 8170 8265 8264
f 8171 8265 8170
f 8171 8266 8265
f 8172 8266 8171
f 8172 8267 8266
f 8173 8267 8172
f 8173 8268 8267
f 8174 8268 8173
f 8174 8269 8268
f 8175 8269 8174
f 8175 8270 8269
f 8176 8270 8175
f 8176 8271 8270
f 8177 8271 8176
f 8177 8272 8271
f 8178 8272 8177
f 8178 8273 8272
f 8179 8273 8178
f 8179 8274 8273
f 8180 8274 8179
f 8180 8275 8274
f 8181 8275 8180
f 8181 8276 8275
f 8182 8276 8181
f 8182 8277 8276
f 8183 8277 8182
f 8183 8278 8277
f 8184 8278 8183
f 8184 8279 8278
f 8185 8279 8184
f 8185 8280 8279
f 8186 8280 8185
f 8186 8281 8280
f 8187 8281 8186
f 8187 8282 8281
f 8188 8282 8187
f 8188 8283 8282
f 8189 8283 8188
f 8189 8284 8283
f 8190 8284 8189
f 8190 8285 8284
f 8191 8285 8190
f 8191 8286 8285
f 8192 8286 8191
f 8192 8287 8286
f 8193 8287 8192
f 8193 8288 8287
f 8194 8288 8193
f 8194 8289 8288
f 8195 8289 8194
f 8195 8290 8289
f 8196 8290 8195
f 8196 8291 8290
f 8197 8291 8196
f 8197 8292 8291
f 8198 8292 8197
f 8198 8293 8292
f 8199 8293 8198
f 8199 8294 8293
f 8200 8294 8199
f 8200 8295 8294
f 8201 8295 8200
f 8201 8296 8295
f 8202 8296 8201
f 8202 8297 8296
f 8203 8297 8202
f 8203 8298 8297
f 8204 8298 8203
f 8204 8299 8298
f 8205 8299 8204
f 8205 8300 8299
f 8206 8300 8205
f 8206 8301 8300
f 8207 8301 8206
f 8207 8302 8301
f 8208 8302 8207
f 8208 8303 8302
f 8209 8303 8208
f 8209 8304 8303
f 8210 8304 8209
f 8210 8305 8304
f 8212 8306 8211
f 8212 8307 8306
f 8213 8307 8212
f 8213 8308 8307
f 8214 8308 8213
f 8214 8309 8308
f 8215 8309 8214
f 8215 8310 8309
f 8216 8310 8215
f 8216 8311 8310
f 8217 8311 8216
f 8217 8312 8311
f 8218 8312 8217
f 8218 8313 8312
f 8219 8313 8218
f 8219 8314 8313
f 8220 8314 8219
f 8220 8315 8314
f 8221 8315 8220
f 8221 8316 8315
f 8222 8316 8221
f 8222 8317 8316
f 8223 8317 8222
f 8223 8318 8317
f 8224 8318 8223
f 8224 8319 8318
f 8225 8319 8224
f 8225 8320 8319
f 8226 8320 8225
f 8226 8321 8320
f 8227 8321 8226
f 8227 8322 8321
f 8228 8322 8227
f 8228 8323 8322
f 8229 8323 8228
f 8229 8324 8323
f 8230 8324 8229
f 8230 8325 8324
f 8231 8325 8230
f 8231 8326 8325
f 8232 8326 8231
f 8232 8327 8326
f 8233 8327 8232
f 8233 8328 8327
f 8234 8328 8233
f 8234 8329 8328
f 8235 8329 8234
f 8235 8330 8329
f 8236 8330 8235
f 8236 8331 8330
f 8237 8331 8236
f 8237 8332 8331
f 8238 8332 8237
f 8238 8333 8332
f 8239 8333 8238
f 8239 8334 8333
f 8240 8334 8239
f 8240 8335 8334
f 8241 8335 8240
f 8241 8336 8335
f 8242 8336 8241
f 8242 8337 8336
f 8243 8337 8242
f 8243 8338 8337
f 8244 8338 8243
f 8244 8339 8338
f 8245 8339 8244
f 8245 8340 8339
f 8246 8340 8245
f 8246 8341 8340
f 8247 8341 8246
f 8247 8342 8341
f 8248 8342 8247
f 8248 8343 8342
f 8249 8343 8248
f 8249 8344 8343
f 8250 8344 8249
f 8250 8345 8344
f 8251 8345 8250
f 8251 8346 8345
f 8252 8346 8251
f 8252 8347 8346
f 8253 8347 8252
f 8257 8348 8256
f 8257 8349 8348
f 8258 8349 8257
f 8258 8350 8349
f 8259 8350 8258
f 8259 8351 8350
f 8260 8351 8259
f 8260 8352 8351
f 8261 8352 8260
f 8261 8353 8352
f 8262 8353 8261
f 8262 8354 8353
f 8263 8354 8262
f 8263 8355 8354
f 8264 8355 8263
f 8264 8356 8355
f 8265 8356 8264
f 8265 8357 8356
f 8266 8357 8265
f 8266 8358 8357
f 8267 8358 8266
f 8267 8359 8358
f 8268 8359 8267
f 8268 8360 8359
f 8269 8360 8268
f 8269 8361 8360
f 8270 8361 8269
f 8270 8362 8361
f 8271 8362 8270
f 8271 8363 8362
f 8272 8363 8271
f 8272 8364 8363
f 8273 8364 8272
f 8273 8365 8364
f 8274 8365 8273
f 8274 8366 8365
f 8275 8366 8274
f 8275 8367 8366
f 8276 8367 8275
f 8276 8368 8367
f 8277 8368 8276
f 8277 8369 8368
f 8278 8369 8277
f 8278 8370 8369
f 8279 8370 8278
f 8279 8371 8370
f 8280 8371 8279
f 8280 8372 8371
f 8281 8372 8280
f 8281 8373 8372
f 8282 8373 8281
f 8282 8374 8373
f 8283 8374 8282
f 8283 8375 8374
f 8284 8375 8283
f 8284 8376 8375
f 8285 8376 8284
f 8285 8377 8376
f 8286 8377 8285
f 8286 8378 8377
f 8287 8378 8286
f 8287 8379 8378
f 8288 8379 8287
f 8288 8380 8379
f 8289 8380 8288
f 8289 8381 8380
f 8290 8381 8289
f 8290 8382 8381
f 8291 8382 8290
f 8291 8383 8382
f 8292 8383 8291
f 8292 8384 8383
f 8293 8384 8292
f 8293 8385 8384
f 8294 8385 8293
f 8294 8386 8385
f 8295 8386 8294
f 8295 8387 8386
f 8296 8387 8295
f 8296 8388 8387
f 8297 8388 8296
f 8297 8389 8388
f 8298 8389 8297
f 8298 8390 8389
f 8299 8390 8298
f 8299 8391 8390
f 8300 8391 8299
f 8300 8392 8391
f 8301 8392 8300
f 8301 8393 8392
f 8302 8393 8301
f 8302 8394 8393
f 8303 8394 8302
f 8303 8395 8394
f 8304 8395 8303
f 8304 8396 8395
f 8305 8396 8304
f 8305 8397 8396
f 8308 8398 8307
f 8308 8399 8398
f 8309 8399 8308
f 8309 8400 8399
f 8310 8400 8309
f 8310 8401 8400
f 8311 8401 8310
f 8311 8402 8401
f 8312 8402 8311
f 8312 8403 8402
f 8313 8403 8312
f 8313 8404 8403
f 8314 8404 8313
f 8314 8405 8404
f 8315 8405 8314
f 8315 8406 8405
f 8316 8406 8315
f 8316 8407 8406
f 8317 8407 8316
f 8317 8408 8407
f 8318 8408 8317
f 8318 8409 8408
f 8319 8409 8318
f 8319 8410 8409
f 8320 8410 8319
f 8320 8411 8410
f 8321 8411 8320
f 8321 8412 8411
f 8322 8412 8321
f 8322 8413 8412
f 8323 8413 8322
f 8323 8414 8413
f 8324 8414 8323
f 8324 8415 8414
f 8325 8415 8324
f 8325 8416 8415
f 8326 8416 8325
f 8326 8417 8416
f 8327 8417 8326
f 8327 8418 8417
f 8328 8418 8327
f 8328 8419 8418
f 8329 8419 8328
f 8329 8420 8419
f 8330 8420 8329
f 8330 8421 8420
f 8331 8421 8330
f 8331 8422 8421
f 8332 8422 8331
f 8332 8423 8422
f 8333 8423 8332
f 8333 8424 8423
f 8334 8424 8333
f 8334 8425 8424
f 8335 8425 8334
f 8335 8426 8425
f 8336 8426 8335
f 8336 8427 8426
f 8337 8427 8336
f 8337 8428 8427
f 8338 8428 8337
f 8338 8429 8428
f 8339 8429 8338
f 8339 8430 8429
f 8340 8430 8339
f 8340 8431 8430
f 8341 8431 8340
f 8341 8432 8431
f 8342 8432 8341
f 8342 8433 8432
f 8343 8433 8342
f 8343 8434 8433
f 8344 8434 8343
f 8344 8435 8434
f 8345 8435 8344
f 8345 8436 8435
f 8346 8436 8345
f 8350 8437 8349
f 8350 8438 8437
f 8351 8438 8350
f 8351 8439 8438
f 8352 8439 8351
f 8352 8440 8439
f 8353 8440 8352
f 8353 8441 8440
f 8354 8441 8353
f 8354 8442 8441
f 8355 8442 8354
f 8355 8443 8442
f 8356 8443 8355
f 8356 8444 8443
f 8357 8444 8356
f 8357 8445 8444
f 8358 8445 8357
f 8358 8446 8445
f 8359 8446 8358
f 8359 8447 8446
f 8360 8447 8359
f 8360 8448 8447
f 8361 8448 8360
f 8361 8449 8448
f 8362 8449 8361
f 8362 8450 8449
f 8363 8450 8362
f 8363 8451 8450
f 8364 8451 8363
f 8364 8452 8451
f 8365 8452 8364
f 8365 8453 8452
f 8366 8453 8365
f 8366 8454 8453
f 8367 8454 8366
f 8367 8455 8454
f 8368 8455 8367
f 8368 8456 8455
f 8369 8456 8368
f 8369 8457 8456
f 8370 8457 8369
f 8370 8458 8457
f 8371 8458 8370
f 8371 8459 8458
f 8372 8459 8371
f 8372 8460 8459
f 8373 8460 8372
f 8373 8461 8460
f 8374 8461 8373
f 8374 8462 8461
f 8375 8462 8374
f 8375 8463 8462
f 8376 8463 8375
f 8376 8464 8463
f 8377 8464 8376
f 8377 8465 8464
f 8378 8465 8377
f 8378 8466 8465
f 8379 8466 8378
f 8379 8467 8466
f 8380 8467 8379
f 8380 8468 8467
f 8381 8468 8380
f 8381 8469 8468
f 8382 8469 8381
f 8382 8470 8469
f 8383 8470 8382
f 8383 8471 8470
f 8384 8471 8383
f 8384 8472 8471
f 8385 8472 8384
f 8385 8473 8472
f 8386 8473 8385
f 8386 8474 8473
f 8387 8474 8386
f 8387 8475 8474
f 8388 8475 8387
f 8388 8476 8475
f 8389 8476 8388
f 8389 8477 8476
f 8390 8477 8389
f 8390 8478 8477
f 8391 8478 8390
f 8391 8479 8478
f 8392 8479 8391
f 8392 8480 8479
f 8393 8480 8392
f 8393 8481 8480
f 8394 8481 8393
f 8394 8482 8481
f 8395 8482 8394
f 8395 8483 8482
f 8396 8483 8395
f 8396 8484 8483
f 8397 8484 8396
f 8397 8485 8484
f 8399 8486 8398
f 8399 8487 8486
f 8400 8487 8399
f 8400 8488 8487
f 8401 8488 8400
f 8401 8489 8488
f 8402 8489 8401
f 8402 8490 8489
f 8403 8490 8402
f 8403 8491 8490
f 8404 8491 8403
f 8404 8492 8491
f 8405 8492 8404
f 8405 8493 8492
f 8406 8493 8405
f 8406 8494 8493
f 8407 8494 8406
f 8407 8495 8494
f 8408 8495 8407
f 8408 8496 8495
f 8409 8496 8408
f 8409 8497 8496
f 8410 8497 8409
f 8410 8498 8497
f 8411 8498 8410
f 8411 8499 8498
f 8412 8499 8411
f 8412 8500 8499
f 8413 8500 8412
f 8413 8501 8500
f 8414 8501 8413
f 8414 8502 8501
f 8415 8502 8414
f 8415 8503 8502
f 8416 8503 8415
f 8416 8504 8503
f 8417 8504 8416
f 8417 8505 8504
f 8418 8505 8417
f 8418 8506 8505
f 8419 8506 8418
f 8419 8507 8506
f 8420 8507 8419
f 8420 8508 8507
f 8421 8508 8420
f 8421 8509 8508
f 8422 8509 8421
f 8422 8510 8509
f 8423 8510 8422
f 8423 8511 8510
f 8424 8511 8423
f 8424 8512 8511
f 8425 8512 8424
f 8425 8513 8512
f 8426 8513 8425
f 8426 8514 8513
f 8427 8514 8426
f 8427 8515 8514
f 8428 8515 8427
f 8428 8516 8515
f 8429 8516 8428
f 8429 8517 8516
f 8430 8517 8429
f 8430 8518 8517
f 8431 8518 8430
f 8431 8519 8518
f 8432 8519 8431
f 8432 8520 8519
f 8433 8520 8432
f 8433 8521 8520
f 8434 8521 8433
f 8434 8522 8521
f 8435 8522 8434
f 8439 8523 8438
f 8439 8524 8523
f 8440 8524 8439
f 8440 8525 8524
f 8441 8525 8440
f 8441 8526 8525
f 8442 8526 8441
f 8442 8527 8526
f 8443 8527 8442
f 8443 8528 8527
f 8444 8528 8443
f 8444 8529 8528
f 8445 8529 8444
f 8445 8530 8529
f 8446 8530 8445
f 8446 8531 8530
f 8447 8531 8446
f 8447 8532 8531
f 8448 8532 8447
f 8448 8533 8532
f 8449 8533 8448
f 8449 8534 8533
f 8450 8534 8449
f 8450 8535 8534
f 8451 8535 8450
f 8451 8536 8535
f 8452 8536 8451
f 8452 8537 8536
f 8453 8537 8452
f 8453 8538 8537
f 8454 8538 8453
f 8454 8539 8538
f 8455 8539 8454
f 8455 8540 8539
f 8456 8540 8455
f 8456 8541 8540
f 8457 8541 8456
f 8457 8542 8541
f 8458 8542 8457
f 8458 8543 8542
f 8459 8543 8458
f 8459 8544 8543
f 8460 8544 8459
f 8460 8545 8544
f 8461 8545 8460
f 8461 8546 8545
f 8462 8546 8461
f 8462 8547 8546
f 8463 8547 8462
f 8463 8548 8547
f 8464 8548 8463
f 8464 8549 8548
f 8465 8549 8464
f 8465 8550 8549
f 8466 8550 8465
f 8466 8551 8550
f 8467 8551 8466
f 8467 8552 8551
f 8468 8552 8467
f 8468 8553 8552
f 8469 8553 8468
f 8469 8554 8553
f 8470 8554 8469
f 8470 8555 8554
f 8471 8555 8470
f 8471 8556 8555
f 8472 8556 8471
f 8472 8557 8556
f 8473 8557 8472
f 8473 8558 8557
f 8474 8558 8473
f 8474 8559 8558
f 8475 8559 8474
f 8475 8560 8559
f 8476 8560 8475
f 8476 8561 8560
f 8477 8561 8476
f 8477 8562 8561
f 8478 8562 8477
f 8478 8563 8562
f 8479 8563 8478
f 8479 8564 8563
f 8480 8564 8479
f 8480 8565 8564
f 8481 8565 8480
f 8481 8566 8565
f 8482 8566 8481
f 8482 8567 8566
f 8483 8567 8482
f 8483 8568 8567
f 8484 8568 8483
f 8484 8569 8568
f 8485 8569 8484
f 8485 8570 8569
f 8487 8571 8486
f 8487 8572 8571
f 8488 8572 8487
f 8488 8573 8572
f 8489 8573 8488
f 8489 8574 8573
f 8490 8574 8489
f 8490 8575 8574
f 8491 8575 8490
f 8491 8576 8575
f 8492 8576 8491
f 8492 8577 8576
f 8493 8577 8492
f 8493 8578 8577
f 8494 8578 8493
f 8494 8579 8578
f 8495 8579 8494
f 8495 8580 8579
f 8496 8580 8495
f 8496 8581 8580
f 8497 8581 8496
f 8497 8582 8581
f 8498 8582 8497
f 8498 8583 8582
f 8499 8583 8498
f 8499 8584 8583
f 8500 8584 8499
f 8500 8585 8584
f 8501 8585 8500
f 8501 8586 8585
f 8502 8586 8501
f 8502 8587 8586
f 8503 8587 8502
f 8503 8588 8587
f 8504 8588 8503
f 8504 8589 8588
f 8505 8589 8504
f 8505 8590 8589
f 8506 8590 8505
f 8506 8591 8590
f 8507 8591 8506
f 8507 8592 8591
f 8508 8592 8507
f 8508 8593 8592
f 8509 8593 8508
f 8509 8594 8593
f 8510 8594 8509
f 8510 8595 8594
f 8511 8595 8510
f 8511 8596 8595
f 8512 8596 8511
f 8512 8597 8596
f 8513 8597 8512
f 8513 8598 8597
f 8514 8598 8513
f 8514 8599 8598
f 8515 8599 8514
f 8515 8600 8599
f 8516 8600 8515
f 8516 8601 8600
f 8517 8601 8516
f 8517 8602 8601
f 8518 8602 8517
f 8518 8603 8602
f 8519 8603 8518
f 8519 8604 8603
f 8520 8604 8519
f 8520 8605 8604
f 8521 8605 8520
f 8525 8606 8524
f 8525 8607 8606
f 8526 8607 8525
f 8526 8608 8607
f 8527 8608 8526
f 8527 8609 8608
f 8528 8609 8527
f 8528 8610 8609
f 8529 8610 8528
f 8529 8611 8610
f 8530 8611 8529
f 8530 8612 8611
f 8531 8612 8530
f 8531 8613 8612
f 8532 8613 8531
f 8532 8614 8613
f 8533 8614 8532
f 8533 8615 8614
f 8534 8615 8533
f 8534 8616 8615
f 8535 8616 8534
f 8535 8617 8616
f 8536 8617 8535
f 8536 8618 8617
f 8537 8618 8536
f 8537 8619 8618
f 8538 8619 8537
f 8538 8620 8619
f 8539 8620 8538
f 8539 8621 8620
f 8540 8621 8539
f 8540 8622 8621
f 8541 8622 8540
f 8541 8623 8622
f 8542 8623 8541
f 8542 8624 8623
f 8543 8624 8542
f 8543 8625 8624
f 8544 8625 8543
f 8544 8626 8625
f 8545 8626 8544
f 8545 8627 8626
f 8546 8627 8545
f 8546 8628 8627
f 8547 8628 8546
f 8547 8629 8628
f 8548 8629 8547
f 8548 8630 8629
f 8549 8630 8548
f 8549 8631 8630
f 8550 8631 8549
f 8550 8632 8631
f 8551 8632 8550
f 8551 8633 8632
f 8552 8633 8551
f 8552 8634 8633
f 8553 8634 8552
f 8553 8635 8634
f 8554 8635 8553
f 8554 8636 8635
f 8555 8636 8554
f 8555 8637 8636
f 8556 8637 8555
f 8556 8638 8637
f 8557 8638 8556
f 8557 8639 8638
f 8558 8639 8557
f 8558 8640 8639
f 8559 8640 8558
f 8559 8641 8640
f 8560 8641 8559
f 8560 8642 8641
f 8561 8642 8560
f 8561 8643 8642
f 8562 8643 8561
f 8562 8644 8643
f 8563 8644 8562
f 8563 8645 8644
f 8564 8645 8563
f 8564 8646 8645
f 8565 8646 8564
f 8565 8647 8646
f 8566 8647 8565
f 8566 8648 8647
f 8567 8648 8566
f 8567 8649 8648
f 8568 8649 8567
f 8568 8650 8649
f 8569 8650 8568
f 8569 8651 8650
f 8570 8651 8569
f 8572 8652 8571
f 8572 8653 8652
f 8573 8653 8572
f 8573 8654 8653
f 8574 8654 8573
f 8574 8655 8654
f 8575 8655 8574
f 8575 8656 8655
f 8576 8656 8575
f 8576 8657 8656
f 8577 8657 8576
f 8577 8658 8657
f 8578 8658 8577
f 8578 8659 8658
f 8579 8659 8578
f 8579 8660 8659
f 8580 8660 8579
f 8580 8661 8660
f 8581 8661 8580
f 8581 8662 8661
f 8582 8662 8581
f 8582 8663 8662
f 8583 8663 8582
f 8583 8664 8663
f 8584 8664 8583
f 8584 8665 8664
f 8585 8665 8584
f 8585 8666 8665
f 8586 8666 8585
f 8586 8667 8666
f 8587 8667 8586
f 8587 8668 8667
f 8588 8668 8587
f 8588 8669 8668
f 8589 8669 8588
f 8589 8670 8669
f 8590 8670 8589
f 8590 8671 8670
f 8591 8671 8590
f 8591 8672 8671
f 8592 8672 8591
f 8592 8673 8672
f 8593 8673 8592
f 8593 8674 8673
f 8594 8674 8593
f 8594 8675 8674
f 8595 8675 8594
f 8595 8676 8675
f 8596 8676 8595
f 8596 8677 8676
f 8597 8677 8596
f 8597 8678 8677
f 8598 8678 8597
f 8598 8679 8678
f 8599 8679 8598
f 8599 8680 8679
f 8600 8680 8599
f 8600 8681 8680
f 8601 8681 8600
f 8601 8682 8681
f 8602 8682 8601
f 8602 8683 8682
f 8603 8683 8602
f 8603 8684 8683
f 8604 8684 8603
f 8609 8685 8608
f 8609 8686 8685
f 8610 8686 8609
f 8610 8687 8686
f 8611 8687 8610
f 8611 8688 8687
f 8612 8688 8611
f 8612 8689 8688
f 8613 8689 8612
f 8613 8690 8689
f 8614 8690 8613
f 8614 8691 8690
f 8615 8691 8614
f 8615 8692 8691
f 8616 8692 8615
f 8616 8693 8692
f 8617 8693 8616
f 8617 8694 8693
f 8618 8694 8617
f 8618 8695 8694
f 8619 8695 8618
f 8619 8696 8695
f 8620 8696 8619
f 8620 8697 8696
f 8621 8697 8620
f 8621 8698 8697
f 8622 8698 8621
f 8622 8699 8698
f 8623 8699 8622
f 8623 8700 8699
f 8624 8700 8623
f 8624 8701 8700
f 8625 8701 8624
f 8625 8702 8701
f 8626 8702 8625
f 8626 8703 8702
f 8627 8703 8626
f 8627 8704 8703
f 8628 8704 8627
f 8628 8705 8704
f 8629 8705 8628
f 8629 8706 8705
f 8630 8706 8629
f 8630 8707 8706
f 8631 8707 8630
f 8631 8708 8707
f 8632 8708 8631
f 8632 8709 8708
f 8633 8709 8632
f 8633 8710 8709
f 8634 8710 8633
f 8634 8711 8710
f 8635 8711 8634
f 8635 8712 8711
f 8636 8712 8635
f 8636 8713 8712
f 8637 8713 8636
f 8637 8714 8713
f 8638 8714 8637
f 8638 8715 8714
f 8639 8715 8638
f 8639 8716 8715
f 8640 8716 8639
f 8640 8717 8716
f 8641 8717 8640
f 8641 8718 8717
f 8642 8718 8641
f 8642 8719 8718
f 8643 8719 8642
f 8643 8720 8719
f 8644 8720 8643
f 8644 8721 8720
f 8645 8721 8644
f 8645 8722 8721
f 8646 8722 8645
f 8646 8723 8722
f 8647 8723 8646
f 8647 8724 8723
f 8648 8724 8647
f 8648 8725 8724
f 8649 8725 8648
f 8649 8726 8725
f 8650 8726 8649
f 8650 8727 8726
f 8651 8727 8650
f 8651 8728 8727
f 8653 8729 8652
f 8653 8730 8729
f 8654 8730 8653
f 8654 8731 8730
f 8655 8731 8654
f 8655 8732 8731
f 8656 8732 8655
f 8656 8733 8732
f 8657 8733 8656
f 8657 8734 8733
f 8658 8734 8657
f 8658 8735 8734
f 8659 8735 8658
f 8659 8736 8735
f 8660 8736 8659
f 8660 8737 8736
f 8661 8737 8660
f 8661 8738 8737
f 8662 8738 8661
f 8662 8739 8738
f 8663 8739 8662
f 8663 8740 8739
f 8664 8740 8663
f 8664 8741 8740
f 8665 8741 8664
f 8665 8742 8741
f 8666 8742 8665
f 8666 8743 8742
f 8667 8743 8666
f 8667 8744 8743
f 8668 8744 8667
f 8668 8745 8744
f 8669 8745 8668
f 8669 8746 8745
f 8670 8746 8669
f 8670 8747 8746
f 8671 8747 8670
f 8671 8748 8747
f 8672 8748 8671
f 8672 8749 8748
f 8673 8749 8672
f 8673 8750 8749
f 8674 8750 8673
f 8674 8751 8750
f 8675 8751 8674
f 8675 8752 8751
f 8676 8752 8675
f 8676 8753 8752
f 8677 8753 8676
f 8677 8754 8753
f 8678 8754 8677
f 8678 8755 8754
f 8679 8755 8678
f 8679 8756 8755
f 8680 8756 8679
f 8680 8757 8756
f 8681 8757 8680
f 8681 8758 8757
f 8682 8758 8681
f 8682 8759 8758
f 8683 8759 8682
f 8687 8760 8686
f 8687 8761 8760
f 8688 8761 8687
f 8688 8762 8761
f 8689 8762 8688
f 8689 8763 8762
f 8690 8763 8689
f 8690 8764 8763
f 8691 8764 8690
f 8691 8765 8764
f 8692 8765 8691
f 8692 8766 8765
f 8693 8766 8692
f 8693 8767 8766
f 8694 8767 8693
f 8694 8768 8767
f 8695 8768 8694
f 8695 8769 8768
f 8696 8769 8695
f 8696 8770 8769
f 8697 8770 8696
f 8697 8771 8770
f 8698 8771 8697
f 8698 8772 8771
f 8699 8772 8698
f 8699 8773 8772
f 8700 8773 8699
f 8700 8774 8773
f 8701 8774 8700
f 8701 8775 8774
f 8702 8775 8701
f 8702 8776 8775
f 8703 8776 8702
f 8703 8777 8776
f 8704 8777 8703
f 8704 8778 8777
f 8705 8778 8704
f 8705 8779 8778
f 8706 8779 8705
f 8706 8780 8779
f 8707 8780 8706
f 8707 8781 8780
f 8708 8781 8707
f 8708 8782 8781
f 8709 8782 8708
f 8709 8783 8782
f 8710 8783 8709
f 8710 8784 8783
f 8711 8784 8710
f 8711 8785 8784
f 8712 8785 8711
f 8712 8786 8785
f 8713 8786 8712
f 8713 8787 8786
f 8714 8787 8713
f 8714 8788 8787
f 8715 8788 8714
f 8715 8789 8788
f 8716 8789 8715
f 8716 8790 8789
f 8717 8790 8716
f 8717 8791 8790
f 8718 8791 8717
f 8718 8792 8791
f 8719 8792 8718
f 8719 8793 8792
f 8720 8793 8719
f 8720 8794 8793
f 8721 8794 8720
f 8721 8795 8794
f 8722 8795 8721
f 8722 8796 8795
f 8723 8796 8722
f 8723 8797 8796
f 8724 8797 8723
f 8724 8798 8797
f 8725 8798 8724
f 8725 8799 8798
f 8726 8799 8725
f 8726 8800 8799
f 8727 8800 8726
f 8727 8801 8800
f 8728 8801 8727
f 8728 8802 8801
f 8731 8803 8730
f 8731 8804 8803
f 8732 8804 8731
f 8732 8805 8804
f 8733 8805 8732
f 8733 8806 8805
f 8734 8806 8733
f 8734 8807 8806
f 8735 8807 8734
f 8735 8808 8807
f 8736 8808 8735
f 8736 8809 8808
f 8737 8809 8736
f 8737 8810 8809
f 8738 8810 8737
f 8738 8811 8810
f 8739 8811 8738
f 8739 8812 8811
f 8740 8812 8739
f 8740 8813 8812
f 8741 8813 8740
f 8741 8814 8813
f 8742 8814 8741
f 8742 8815 8814
f 8743 8815 8742
f 8743 8816 8815
f 8744 8816 8743
f 8744 8817 8816
f 8745 8817 8744
f 8745 8818 8817
f 8746 8818 8745
f 8746 8819 8818
f 8747 8819 8746
f 8747 8820 8819
f 8748 8820 8747
f 8748 8821 8820
f 8749 8821 8748
f 8749 8822 8821
f 8750 8822 8749
f 8750 8823 8822
f 8751 8823 8750
f 8751 8824 8823
f 8752 8824 8751
f 8752 8825 8824
f 8753 8825 8752
f 8753 8826 8825
f 8754 8826 8753
f 8754 8827 8826
f 8755 8827 8754
f 8756 8828 8755
f 8763 8829 8762
f 8763 8830 8829
f 8764 8830 8763
f 8764 8831 8830
f 8765 8831 8764
f 8765 8832 8831
f 8766 8832 8765
f 8766 8833 8832
f 8767 8833 8766
f 8767 8834 8833
f 8768 8834 8767
f 8768 8835 8834
f 8769 8835 8768
f 8769 8836 8835
f 8770 8836 8769
f 8770 8837 8836
f 8771 8837 8770
f 8771 8838 8837
f 8772 8838 8771
f 8772 8839 8838
f 8773 8839 8772
f 8773 8840 8839
f 8774 8840 8773
f 8774 8841 8840
f 8775 8841 8774
f 8775 8842 8841
f 8776 8842 8775
f 8776 8843 8842
f 8777 8843 8776
f 8777 8844 8843
f 8778 8844 8777
f 8778 8845 8844
f 8779 8845 8778
f 8779 8846 8845
f 8780 8846 8779
f 8780 8847 8846
f 8781 8847 8780
f 8781 8848 8847
f 8782 8848 8781
f 8782 8849 8848
f 8783 8849 8782
f 8783 8850 8849
f 8784 8850 8783
f 8784 8851 8850
f 8785 8851 8784
f 8785 8852 8851
f 8786 8852 8785
f 8786 8853 8852
f 8787 8853 8786
f 8787 8854 8853
f 8788 8854 8787
f 8788 8855 8854
f 8789 8855 8788
f 8789 8856 8855
f 8790 8856 8789
f 8790 8857 8856
f 8791 8857 8790
f 8791 8858 8857
f 8792 8858 8791
f 8792 8859 8858
f 8793 8859 8792
f 8793 8860 8859
f 8794 8860 8793
f 8794 8861 8860
f 8795 8861 8794
f 8795 8862 8861
f 8796 8862 8795
f 8796 8863 8862
f 8797 8863 8796
f 8797 8864 8863
f 8798 8864 8797
f 8798 8865 8864
f 8799 8865 8798
f 8799 8866 8865
f 8800 8866 8799
f 8800 8867 8866
f 8801 8867 8800
f 8801 8868 8867
f 8802 8868 8801
f 8802 8869 8868
f 8804 8870 8803
f 8804 8871 8870
f 8805 8871 8804
f 8805 8872 8871
f 8806 8872 8805
f 8806 8873 8872
f 8807 8873 8806
f 8807 8874 8873
f 8808 8874 8807
f 8808 8875 8874
f 8809 8875 8808
f 8809 8876 8875
f 8810 8876 8809
f 8810 8877 8876
f 8811 8877 8810
f 8811 8878 8877
f 8812 8878 8811
f 8812 8879 8878
f 8813 8879 8812
f 8813 8880 8879
f 8814 8880 8813
f 8814 8881 8880
f 8815 8881 8814
f 8815 8882 8881
f 8816 8882 8815
f 8816 8883 8882
f 8817 8883 8816
f 8817 8884 8883
f 8818 8884 8817
f 8818 8885 8884
f 8819 8885 8818
f 8819 8886 8885
f 8820 8886 8819
f 8820 8887 8886
f 8821 8887 8820
f 8821 8888 8887
f 8822 8888 8821
f 8822 8889 8888
f 8823 8889 8822
f 8823 8890 8889
f 8824 8890 8823
f 8832 8891 8831
f 8832 8892 8891
f 8833 8892 8832
f 8833 8893 8892
f 8834 8893 8833
f 8834 8894 8893
f 8835 8894 8834
f 8835 8895 8894
f 8836 8895 8835
f 8836 8896 8895
f 8837 8896 8836
f 8837 8897 8896
f 8838 8897 8837
f 8838 8898 8897
f 8839 8898 8838
f 8839 8899 8898
f 8840 8899 8839
f 8840 8900 8899
f 8841 8900 8840
f 8841 8901 8900
f 8842 8901 8841
f 8842 8902 8901
f 8843 8902 8842
f 8843 8903 8902
f 8844 8903 8843
f 8844 8904 8903
f 8845 8904 8844
f 8845 8905 8904
f 8846 8905 8845
f 8846 8906 8905
f 8847 8906 8846
f 8847 8907 8906
f 8848 8907 8847
f 8848 8908 8907
f 8849 8908 8848
f 8849 8909 8908
f 8850 8909 8849
f 8850 8910 8909
f 8851 8910 8850
f 8851 8911 8910
f 8852 8911 8851
f 8852 8912 8911
f 8853 8912 8852
f 8853 8913 8912
f 8854 8913 8853
f 8854 8914 8913
f 8855 8914 8854
f 8855 8915 8914
f 8856 8915 8855
f 8856 8916 8915
f 8857 8916 8856
f 8857 8917 8916
f 8858 8917 8857
f 8858 8918 8917
f 8859 8918 8858
f 8859 8919 8918
f 8860 8919 8859
f 8860 8920 8919
f 8861 8920 8860
f 8861 8921 8920
f 8862 8921 8861
f 8862 8922 8921
f 8863 8922 8862
f 8863 8923 8922
f 8864 8923 8863
f 8864 8924 8923
f 8865 8924 8864
f 8865 8925 8924
f 8866 8925 8865
f 8866 8926 8925
f 8867 8926 8866
f 8867 8927 8926
f 8868 8927 8867
f 8868 8928 8927
f 8869 8928 8868
f 8871 8929 8870
f 8871 8930 8929
f 8872 8930 8871
f 8872 8931 8930
f 8873 8931 8872
f 8873 8932 8931
f 8874 8932 8873
f 8874 8933 8932
f 8875 8933 8874
f 8875 8934 8933
f 8876 8934 8875
f 8876 8935 8934
f 8877 8935 8876
f 8877 8936 8935
f 8878 8936 8877
f 8878 8937 8936
f 8879 8937 8878
f 8879 8938 8937
f 8880 8938 8879
f 8880 8939 8938
f 8881 8939 8880
f 8881 8940 8939
f 8882 8940 8881
f 8882 8941 8940
f 8883 8941 8882
f 8883 8942 8941
f 8884 8942 8883
f 8884 8943 8942
f 8885 8943 8884
f 8885 8944 8943
f 8886 8944 8885
f 8886 8945 8944
f 8887 8945 8886
f 8893 8946 8892
f 8893 8947 8946
f 8894 8947 8893
f 8894 8948 8947
f 8895 8948 8894
f 8895 8949 8948
f 8896 8949 8895
f 8896 8950 8949
f 8897 8950 8896
f 8897 8951 8950
f 8898 8951 8897
f 8898 8952 8951
f 8899 8952 8898
f 8899 8953 8952
f 8900 8953 8899
f 8900 8954 8953
f 8901 8954 8900
f 8901 8955 8954
f 8902 8955 8901
f 8902 8956 8955
f 8903 8956 8902
f 8903 8957 8956
f 8904 8957 8903
f 8904 8958 8957
f 8905 8958 8904
f 8905 8959 8958
f 8906 8959 8905
f 8906 8960 8959
f 8907 8960 8906
f 8907 8961 8960
f 8908 8961 8907
f 8908 8962 8961
f 8909 8962 8908
f 8909 8963 8962
f 8910 8963 8909
f 8910 8964 8963
f 8911 8964 8910
f 8911 8965 8964
f 8912 8965 8911
f 8912 8966 8965
f 8913 8966 8912
f 8913 8967 8966
f 8914 8967 8913
f 8914 8968 8967
f 8915 8968 8914
f 8915 8969 8968
f 8916 8969 8915
f 8916 8970 8969
f 8917 8970 8916
f 8917 8971 8970
f 8918 8971 8917
f 8918 8972 8971
f 8919 8972 8918
f 8919 8973 8972
f 8920 8973 8919
f 8920 8974 8973
f 8921 8974 8920
f 8921 8975 8974
f 8922 8975 8921
f 8922 8976 8975
f 8923 8976 8922
f 8923 8977 8976
f 8924 8977 8923
f 8924 8978 8977
f 8925 8978 8924
f 8925 8979 8978
f 8926 8979 8925
f 8926 8980 8979
f 8927 8980 8926
f 8927 8981 8980
f 8928 8981 8927
f 8928 8982 8981
f 8935 8984 8983
f 8936 8984 8935
f 8949 8985 8948
f 8949 8986 8985
f 8950 8986 8949
f 8950 8987 8986
f 8951 8987 8950
f 8951 8988 8987
f 8952 8988 8951
f 8952 8989 8988
f 8953 8989 8952
f 8953 8990 8989
f 8954 8990 8953
f 8954 8991 8990
f 8955 8991 8954
f 8955 8992 8991
f 8956 8992 8955
f 8956 8993 8992
f 8957 8993 8956
f 8957 8994 8993
f 8958 8994 8957
f 8958 8995 8994
f 8959 8995 8958
f 8959 8996 8995
f 8960 8996 8959
f 8960 8997 8996
f 8961 8997 8960
f 8961 8998 8997
f 8962 8998 8961
f 8962 8999 8998
f 8963 8999 8962
f 8963 9000 8999
f 8964 9000 8963
f 8964 9001 9000
f 8965 9001 8964
f 8965 9002 9001
f 8966 9002 8965
f 8966 9003 9002
f 8967 9003 8966
f 8967 9004 9003
f 8968 9004 8967
f 8968 9005 9004
f 8969 9005 8968
f 8969 9006 9005
f 8970 9006 8969
f 8970 9007 9006
f 8971 9007 8970
f 8971 9008 9007
f 8972 9008 8971
f 8972 9009 9008
f 8973 9009 8972
f 8973 9010 9009
f 8974 9010 8973
f 8974 9011 9010
f 8975 9011 8974
f 8975 9012 9011
f 8976 9012 8975
f 8976 9013 9012
f 8977 9013 8976
f 8977 9014 9013
f 8978 9014 8977
f 8978 9015 9014
f 8979 9015 8978
f 8979 9016 9015
f 8980 9016 8979
f 8980 9017 9016
f 8981 9017 8980
f 8981 9018 9017
f 8982 9018 8981
f 8982 9019 9018
f 8987 9020 8986
f 8987 9021 9020
f 8988 9021 8987
f 8988 9022 9021
f 8989 9022 8988
f 8989 9023 9022
f 8990 9023 8989
f 8990 9024 9023
f 8991 9024 8990
f 8991 9025 9024
f 8992 9025 8991
f 8992 9026 9025
f 8993 9026 8992
f 8993 9027 9026
f 8994 9027 8993
f 8994 9028 9027
f 8995 9028 8994
f 8995 9029 9028
f 8996 9029 8995
f 8996 9030 9029
f 8997 9030 8996
f 8997 9031 9030
f 8998 9031 8997
f 8998 9032 9031
f 8999 9032 8998
f 8999 9033 9032
f 9000 9033 8999
f 9000 9034 9033
f 9001 9034 9000
f 9001 9035 9034
f 9002 9035 9001
f 9002 9036 9035
f 9003 9036 9002
f 9003 9037 9036
f 9004 9037 9003
f 9004 9038 9037
f 9005 9038 9004
f 9005 9039 9038
f 9006 9039 9005
f 9006 9040 9039
f 9007 9040 9006
f 9007 9041 9040
f 9008 9041 9007
f 9008 9042 9041
f 9009 9042 9008
f 9009 9043 9042
f 9010 9043 9009
f 9010 9044 9043
f 9011 9044 9010
f 9011 9045 9044
f 9012 9045 9011
f 9012 9046 9045
f 9013 9046 9012
f 9013 9047 9046
f 9014 9047 9013
f 9014 9048 9047
f 9015 9048 9014
f 9015 9049 9048
f 9016 9049 9015
f 9016 9050 9049
f 9017 9050 9016
f 9017 9051 9050
f 9018 9051 9017
f 9018 9052 9051
f 9019 9052 9018
f 9019 9053 9052
f 9025 9054 9024
f 9025 9055 9054
f 9026 9055 9025
f 9026 9056 9055
f 9027 9056 9026
f 9027 9057 9056
f 9028 9057 9027
f 9028 9058 9057
f 9029 9058 9028
f 9029 9059 9058
f 9030 9059 9029
f 9030 9060 9059
f 9031 9060 9030
f 9031 9061 9060
f 9032 9061 9031
f 9032 9062 9061
f 9033 9062 9032
f 9033 9063 9062
f 9034 9063 9033
f 9034 9064 9063
f 9035 9064 9034
f 9035 9065 9064
f 9036 9065 9035
f 9036 9066 9065
f 9037 9066 9036
f 9037 9067 9066
f 9038 9067 9037
f 9038 9068 9067
f 9039 9068 9038
f 9039 9069 9068
f 9040 9069 9039
f 9040 9070 9069
f 9041 9070 9040
f 9041 9071 9070
f 9042 9071 9041
f 9042 9072 9071
f 9043 9072 9042
f 9043 9073 9072
f 9044 9073 9043
f 9044 9074 9073
f 9045 9074 9044
f 9045 9075 9074
f 9046 9075 9045
f 9046 9076 9075
f 9047 9076 9046
f 9047 9077 9076
f 9048 9077 9047
f 9048 9078 9077
f 9049 9078 9048
f 9049 9079 9078
f 9050 9079 9049
f 9050 9080 9079
f 9051 9080 9050
f 9051 9081 9080
f 9052 9081 9051
f 9052 9082 9081
f 9053 9082 9052
f 9053 9083 9082
f 9058 9084 9057
f 9058 9085 9084
f 9059 9085 9058
f 9059 9086 9085
f 9060 9086 9059
f 9060 9087 9086
f 9061 9087 9060
f 9061 9088 9087
f 9062 9088 9061
f 9062 9089 9088
f 9063 9089 9062
f 9063 9090 9089
f 9064 9090 9063
f 9064 9091 9090
f 9065 9091 9064
f 9065 9092 9091
f 9066 9092 9065
f 9066 9093 9092
f 9067 9093 9066
f 9067 9094 9093
f 9068 9094 9067
f 9068 9095 9094
f 9069 9095 9068
f 9069 9096 9095
f 9070 9096 9069
f 9070 9097 9096
f 9071 9097 9070
f 9071 9098 9097
f 9072 9098 9071
f 9072 9099 9098
f 9073 9099 9072
f 9073 9100 9099
f 9074 9100 9073
f 9074 9101 9100
f 9075 9101 9074
f 9075 9102 9101
f 9076 9102 9075
f 9076 9103 9102
f 9077 9103 9076
f 9077 9104 9103
f 9078 9104 9077
f 9078 9105 9104
f 9079 9105 9078
f 9079 9106 9105
f 9080 9106 9079
f 9080 9107 9106
f 9081 9107 9080
f 9081 9108 9107
f 9082 9108 9081
f 9082 9109 9108
f 9083 9109 9082
f 9088 9110 9087
f 9088 9111 9110
f 9089 9111 9088
f 9089 9112 9111
f 9090 9112 9089
f 9090 9113 9112
f 9091 9113 9090
f 9091 9114 9113
f 9092 9114 9091
f 9092 9115 9114
f 9093 9115 9092
f 9093 9116 9115
f 9094 9116 9093
f 9094 9117 9116
f 9095 9117 9094
f 9095 9118 9117
f 9096 9118 9095
f 9096 9119 9118
f 9097 9119 9096
f 9097 9120 9119
f 9098 9120 9097
f 9098 9121 9120
f 9099 9121 9098
f 9099 9122 9121
f 9100 9122 9099
f 9100 9123 9122
f 9101 9123 9100
f 9101 9124 9123
f 9102 9124 9101
f 9102 9125 9124
f 9103 9125 9102
f 9103 9126 9125
f 9104 9126 9103
f 9104 9127 9126
f 9105 9127 9104
f 9105 9128 9127
f 9106 9128 9105
f 9106 9129 9128
f 9107 9129 9106
f 9107 9130 9129
f 9108 9130 9107
f 9108 9131 9130
f 9109 9131 9108
f 9109 9132 9131
f 9115 9133 9114
f 9115 9134 9133
f 9116 9134 9115
f 9116 9135 9134
f 9117 9135 9116
f 9117 9136 9135
f 9118 9136 9117
f 9118 9137 9136
f 9119 9137 9118
f 9119 9138 9137
f 9120 9138 9119
f 9120 9139 9138
f 9121 9139 9120
f 9121 9140 9139
f 9122 9140 9121
f 9122 9141 9140
f 9123 9141 9122
f 9123 9142 9141
f 9124 9142 9123
f 9124 9143 9142
f 9125 9143 9124
f 9125 9144 9143
f 9126 9144 9125
f 9126 9145 9144
f 9127 9145 9126
f 9127 9146 9145
f 9128 9146 9127
f 9128 9147 9146
f 9129 9147 9128
f 9129 9148 9147
f 9130 9148 9129
f 9130 9149 9148
f 9131 9149 9130
f 9131 9150 9149
f 9132 9150 9131
f 9132 9151 9150
f 9141 9152 9140
f 9141 9153 9152
f 9142 9153 9141
f 9142 9154 9153
f 9143 9154 9142
f 9143 9155 9154
f 9144 9155 9143
f 9144 9156 9155
f 9145 9156 9144
f 9145 9157 9156
f 9146 9157 9145
f 9146 9158 9157
f 9147 9158 9146
f 9147 9159 9158
f 9148 9159 9147
f 9148 9160 9159
f 9149 9160 9148
f 9149 9161 9160
f 9150 9161 9149
f 9150 9162 9161
f 9151 9162 9150